17.0276 SecondCar -7.399161 0.025 2.97 0 90 0 0 0.7071068 0 0.7071068 0 0
17.0292 Head 0 1.6 4.815848 11.85001 351.5249 -5.45228E-08 0.1029444 -0.0734974 0.007627635 0.9919388
17.0292 FirstCar 34.43382 0.025 2.97 0 90 0 0 0.7071068 0 0.7071068 13.8889 0
17.0292 SecondCar -7.399161 0.025 2.97 0 90 0 0 0.7071068 0 0.7071068 0 0
17.0306 Head 0 1.6 4.817825 11.85001 351.5249 -5.45228E-08 0.1029444 -0.0734974 0.007627635 0.9919388
17.0306 FirstCar 34.4543 0.025 2.97 0 90 0 0 0.7071068 0 0.7071068 13.8889 0
17.0306 SecondCar -7.399161 0.025 2.97 0 90 0 0 0.7071068 0 0.7071068 0 0
17.0325 Head 0 1.6 4.819757 11.85001 351.5249 -5.45228E-08 0.1029444 -0.0734974 0.007627635 0.9919388
17.0325 FirstCar 34.48048 0.025 2.97 0 90 0 0 0.7071068 0 0.7071068 13.8889 0
17.0325 SecondCar -7.399161 0.025 2.97 0 90 0 0 0.7071068 0 0.7071068 0 0
17.0340 Head 0 1.6 4.822227 11.85001 351.5249 -5.45228E-08 0.1029444 -0.0734974 0.007627635 0.9919388
17.0340 FirstCar 34.50083 0.025 2.97 0 90 0 0 0.7071068 0 0.7071068 13.8889 0
17.0340 SecondCar -7.399161 0.025 2.97 0 90 0 0 0.7071068 0 0.7071068 0 0
17.0354 Head 0 1.6 4.824145 11.85001 351.5249 -5.45228E-08 0.1029444 -0.0734974 0.007627635 0.9919388
17.0354 FirstCar 34.52047 0.025 2.97 0 90 0 0 0.7071068 0 0.7071068 13.8889 0
17.0354 SecondCar -7.399161 0.025 2.97 0 90 0 0 0.7071068 0 0.7071068 0 0
17.0368 Head 0 1.6 4.825998 11.85001 351.5249 -5.45228E-08 0.1029444 -0.0734974 0.007627635 0.9919388
17.0368 FirstCar 34.53944 0.025 2.97 0 90 0 0 0.7071068 0 0.7071068 13.8889 0
17.0368 SecondCar -7.399161 0.025 2.97 0 90 0 0 0.7071068 0 0.7071068 0 0
17.0382 Head 0 1.6 4.827787 11.85001 351.5249 -5.45228E-08 0.1029444 -0.0734974 0.007627635 0.9919388
17.0382 FirstCar 34.5589 0.025 2.97 0 90 0 0 0.7071068 0 0.7071068 13.8889 0
17.0382 SecondCar -7.399161 0.025 2.97 0 90 0 0 0.7071068 0 0.7071068 0 0
17.0398 Head 0 1.6 4.829622 11.85001 351.5249 -5.45228E-08 0.1029444 -0.0734974 0.007627635 0.9919388
17.0398 FirstCar 34.58196 0.025 2.97 0 90 0 0 0.7071068 0 0.7071068 13.8889 0
17.0398 SecondCar -7.399161 0.025 2.97 0 90 0 0 0.7071068 0 0.7071068 0 0
17.0418 Head 0 1.6 4.831798 11.85001 351.5249 -5.45228E-08 0.1029444 -0.0734974 0.007627635 0.9919388
17.0418 FirstCar 34.61008 0.025 2.97 0 90 0 0 0.7071068 0 0.7071068 13.8889 0
17.0418 SecondCar -7.399161 0.025 2.97 0 90 0 0 0.7071068 0 0.7071068 0 0
17.0436 Head 0 1.6 4.83445 11.85001 351.5249 -5.45228E-08 0.1029444 -0.0734974 0.007627635 0.9919388
17.0436 FirstCar 34.63384 0.025 2.97 0 90 0 0 0.7071068 0 0.7071068 13.8889 0
17.0436 SecondCar -7.399161 0.025 2.97 0 90 0 0 0.7071068 0 0.7071068 0 0
17.0452 Head 0 1.6 4.836691 11.85001 351.5249 -5.45228E-08 0.1029444 -0.0734974 0.007627635 0.9919388
17.0452 FirstCar 34.65598 0.025 2.97 0 90 0 0 0.7071068 0 0.7071068 13.8889 0
17.0452 SecondCar -7.399161 0.025 2.97 0 90 0 0 0.7071068 0 0.7071068 0 0
17.0469 Head 0 1.6 4.838778 11.85001 351.5249 -5.45228E-08 0.1029444 -0.0734974 0.007627635 0.9919388
17.0469 FirstCar 34.67971 0.025 2.97 0 90 0 0 0.7071068 0 0.7071068 13.8889 0
17.0469 SecondCar -7.399161 0.025 2.97 0 90 0 0 0.7071068 0 0.7071068 0 0
17.0485 Head 0 1.6 4.841017 11.85001 351.5249 -5.45228E-08 0.1029444 -0.0734974 0.007627635 0.9919388
17.0485 FirstCar 34.70305 0.025 2.97 0 90 0 0 0.7071068 0 0.7071068 13.8889 0
17.0485 SecondCar -7.399161 0.025 2.97 0 90 0 0 0.7071068 0 0.7071068 0 0
17.0503 Head 0 1.6 4.843219 11.85001 351.5249 -5.45228E-08 0.1029444 -0.0734974 0.007627635 0.9919388
17.0503 FirstCar 34.72725 0.025 2.97 0 90 0 0 0.7071068 0 0.7071068 13.8889 0
17.0503 SecondCar -7.399161 0.025 2.97 0 90 0 0 0.7071068 0 0.7071068 0 0
17.0528 Head 0 1.6 4.8455 11.85001 351.5249 -5.45228E-08 0.1029444 -0.0734974 0.007627635 0.9919388
17.0528 FirstCar 34.76239 0.025 2.97 0 90 0 0 0.7071068 0 0.7071068 13.8889 0
17.0528 SecondCar -7.399161 0.025 2.97 0 90 0 0 0.7071068 0 0.7071068 0 0
17.0552 Head 0 1.6 4.848815 11.85001 351.5249 -5.45228E-08 0.1029444 -0.0734974 0.007627635 0.9919388
17.0552 FirstCar 34.79585 0.025 2.97 0 90 0 0 0.7071068 0 0.7071068 13.8889 0
17.0552 SecondCar -7.399161 0.025 2.97 0 90 0 0 0.7071068 0 0.7071068 0 0
17.0569 Head 0 1.6 4.851972 11.85001 351.5249 -5.45228E-08 0.1029444 -0.0734974 0.007627635 0.9919388
17.0569 FirstCar 34.81913 0.025 2.97 0 90 0 0 0.7071068 0 0.7071068 13.8889 0
17.0569 SecondCar -7.399161 0.025 2.97 0 90 0 0 0.7071068 0 0.7071068 0 0
17.0587 Head 0 1.6 4.854167 11.85001 351.5249 -5.45228E-08 0.1029444 -0.0734974 0.007627635 0.9919388
17.0587 FirstCar 34.84377 0.025 2.97 0 90 0 0 0.7071068 0 0.7071068 13.8889 0
17.0587 SecondCar -7.399161 0.025 2.97 0 90 0 0 0.7071068 0 0.7071068 0 0
17.0604 Head 0 1.6 4.856491 11.85001 351.5249 -5.45228E-08 0.1029444 -0.0734974 0.007627635 0.9919388
17.0604 FirstCar 34.86788 0.025 2.97 0 90 0 0 0.7071068 0 0.7071068 13.8889 0
17.0604 SecondCar -7.399161 0.025 2.97 0 90 0 0 0.7071068 0 0.7071068 0 0
17.0620 Head 0 1.6 4.858765 11.85001 351.5249 -5.45228E-08 0.1029444 -0.0734974 0.007627635 0.9919388
17.0620 FirstCar 34.89023 0.025 2.97 0 90 0 0 0.7071068 0 0.7071068 13.8889 0
17.0620 SecondCar -7.399161 0.025 2.97 0 90 0 0 0.7071068 0 0.7071068 0 0
17.0639 Head 0 1.6 4.860873 11.85001 351.5249 -5.45228E-08 0.1029444 -0.0734974 0.007627635 0.9919388
17.0639 FirstCar 34.91653 0.025 2.97 0 90 0 0 0.7071068 0 0.7071068 13.8889 0
17.0639 SecondCar -7.399161 0.025 2.97 0 90 0 0 0.7071068 0 0.7071068 0 0
17.0655 Head 0 1.6 4.863354 11.85001 351.5249 -5.45228E-08 0.1029444 -0.0734974 0.007627635 0.9919388
17.0655 FirstCar 34.93876 0.025 2.97 0 90 0 0 0.7071068 0 0.7071068 13.8889 0
17.0655 SecondCar -7.399161 0.025 2.97 0 90 0 0 0.7071068 0 0.7071068 0 0
17.0670 Head 0 1.6 4.86545 11.85001 351.5249 -5.45228E-08 0.1029444 -0.0734974 0.007627635 0.9919388
17.0670 FirstCar 34.95958 0.025 2.97 0 90 0 0 0.7071068 0 0.7071068 13.8889 0
17.0670 SecondCar -7.399161 0.025 2.97 0 90 0 0 0.7071068 0 0.7071068 0 0
17.0685 Head 0 1.6 4.867414 11.85001 351.5249 -5.45228E-08 0.1029444 -0.0734974 0.007627635 0.9919388
17.0685 FirstCar 34.98057 0.025 2.97 0 90 0 0 0.7071068 0 0.7071068 13.8889 0
17.0685 SecondCar -7.399161 0.025 2.97 0 90 0 0 0.7071068 0 0.7071068 0 0
17.0702 Head 0 1.6 4.869394 11.85001 351.5249 -5.45228E-08 0.1029444 -0.0734974 0.007627635 0.9919388
17.0702 FirstCar 35.0032 0.025 2.97 0 90 0 0 0.7071068 0 0.7071068 13.8889 0
17.0702 SecondCar -7.399161 0.025 2.97 0 90 0 0 0.7071068 0 0.7071068 0 0
17.0720 Head 0 1.6 4.871529 11.85001 351.5249 -5.45228E-08 0.1029444 -0.0734974 0.007627635 0.9919388
17.0720 FirstCar 35.02911 0.025 2.97 0 90 0 0 0.7071068 0 0.7071068 13.8889 0
17.0720 SecondCar -7.399161 0.025 2.97 0 90 0 0 0.7071068 0 0.7071068 0 0
17.0736 Head 0 1.6 4.873972 11.85001 351.5249 -5.45228E-08 0.1029444 -0.0734974 0.007627635 0.9919388
17.0736 FirstCar 35.05115 0.025 2.97 0 90 0 0 0.7071068 0 0.7071068 13.8889 0
17.0736 SecondCar -7.399161 0.025 2.97 0 90 0 0 0.7071068 0 0.7071068 0 0
17.0752 Head 0 1.6 4.876051 11.85001 351.5249 -5.45228E-08 0.1029444 -0.0734974 0.007627635 0.9919388
17.0752 FirstCar 35.07356 0.025 2.97 0 90 0 0 0.7071068 0 0.7071068 13.8889 0
17.0752 SecondCar -7.399161 0.025 2.97 0 90 0 0 0.7071068 0 0.7071068 0 0
17.0769 Head 0 1.6 4.878165 11.85001 351.5249 -5.45228E-08 0.1029444 -0.0734974 0.007627635 0.9919388
17.0769 FirstCar 35.09649 0.025 2.97 0 90 0 0 0.7071068 0 0.7071068 13.8889 0
17.0769 SecondCar -7.399161 0.025 2.97 0 90 0 0 0.7071068 0 0.7071068 0 0
17.0784 Head 0 1.6 4.880328 11.85001 351.5249 -5.45228E-08 0.1029444 -0.0734974 0.007627635 0.9919388
17.0784 FirstCar 35.11837 0.025 2.97 0 90 0 0 0.7071068 0 0.7071068 13.8889 0
17.0784 SecondCar -7.399161 0.025 2.97 0 90 0 0 0.7071068 0 0.7071068 0 0
17.0799 Head 0 1.6 4.882392 11.85001 351.5249 -5.45228E-08 0.1029444 -0.0734974 0.007627635 0.9919388
17.0799 FirstCar 35.13902 0.025 2.97 0 90 0 0 0.7071068 0 0.7071068 13.8889 0
17.0799 SecondCar -7.399161 0.025 2.97 0 90 0 0 0.7071068 0 0.7071068 0 0
17.0814 Head 0 1.6 4.884339 11.85001 351.5249 -5.45228E-08 0.1029444 -0.0734974 0.007627635 0.9919388
17.0814 FirstCar 35.15878 0.025 2.97 0 90 0 0 0.7071068 0 0.7071068 13.8889 0
17.0814 SecondCar -7.399161 0.025 2.97 0 90 0 0 0.7071068 0 0.7071068 0 0
17.0827 Head 0 1.6 4.886203 11.85001 351.5249 -5.45228E-08 0.1029444 -0.0734974 0.007627635 0.9919388
17.0827 FirstCar 35.17817 0.025 2.97 0 90 0 0 0.7071068 0 0.7071068 13.8889 0
17.0827 SecondCar -7.399161 0.025 2.97 0 90 0 0 0.7071068 0 0.7071068 0 0
17.0842 Head 0 1.6 4.888032 11.85001 351.5249 -5.45228E-08 0.1029444 -0.0734974 0.007627635 0.9919388
17.0842 FirstCar 35.19804 0.025 2.97 0 90 0 0 0.7071068 0 0.7071068 13.8889 0
17.0842 SecondCar -7.399161 0.025 2.97 0 90 0 0 0.7071068 0 0.7071068 0 0
17.0857 Head 0 1.6 4.889906 11.85001 351.5249 -5.45228E-08 0.1029444 -0.0734974 0.007627635 0.9919388
17.0857 FirstCar 35.21929 0.025 2.97 0 90 0 0 0.7071068 0 0.7071068 13.8889 0
17.0857 SecondCar -7.399161 0.025 2.97 0 90 0 0 0.7071068 0 0.7071068 0 0
17.0872 Head 0 1.6 4.89191 11.85001 351.5249 -5.45228E-08 0.1029444 -0.0734974 0.007627635 0.9919388
17.0872 FirstCar 35.23959 0.025 2.97 0 90 0 0 0.7071068 0 0.7071068 13.8889 0
17.0872 SecondCar -7.399161 0.025 2.97 0 90 0 0 0.7071068 0 0.7071068 0 0
17.0886 Head 0 1.6 4.893825 11.85001 351.5249 -5.45228E-08 0.1029444 -0.0734974 0.007627635 0.9919388
17.0886 FirstCar 35.26012 0.025 2.97 0 90 0 0 0.7071068 0 0.7071068 13.8889 0
17.0886 SecondCar -7.399161 0.025 2.97 0 90 0 0 0.7071068 0 0.7071068 0 0
17.0900 Head 0 1.6 4.895761 11.85001 351.5249 -5.45228E-08 0.1029444 -0.0734974 0.007627635 0.9919388
17.0900 FirstCar 35.27944 0.025 2.97 0 90 0 0 0.7071068 0 0.7071068 13.8889 0
17.0900 SecondCar -7.399161 0.025 2.97 0 90 0 0 0.7071068 0 0.7071068 0 0
17.0914 Head 0 1.6 4.897584 11.85001 351.5249 -5.45228E-08 0.1029444 -0.0734974 0.007627635 0.9919388
17.0914 FirstCar 35.29892 0.025 2.97 0 90 0 0 0.7071068 0 0.7071068 13.8889 0
17.0914 SecondCar -7.399161 0.025 2.97 0 90 0 0 0.7071068 0 0.7071068 0 0
17.0932 Head 0 1.6 4.899422 11.85001 351.5249 -5.45228E-08 0.1029444 -0.0734974 0.007627635 0.9919388
17.0932 FirstCar 35.32333 0.025 2.97 0 90 0 0 0.7071068 0 0.7071068 13.8889 0
17.0932 SecondCar -7.399161 0.025 2.97 0 90 0 0 0.7071068 0 0.7071068 0 0
17.0946 Head 0 1.6 4.901724 11.85001 351.5249 -5.45228E-08 0.1029444 -0.0734974 0.007627635 0.9919388
17.0946 FirstCar 35.34263 0.025 2.97 0 90 0 0 0.7071068 0 0.7071068 13.8889 0
17.0946 SecondCar -7.399161 0.025 2.97 0 90 0 0 0.7071068 0 0.7071068 0 0
17.0960 Head 0 1.6 4.903544 11.85001 351.5249 -5.45228E-08 0.1029444 -0.0734974 0.007627635 0.9919388
17.0960 FirstCar 35.36158 0.025 2.97 0 90 0 0 0.7071068 0 0.7071068 13.8889 0
17.0960 SecondCar -7.399161 0.025 2.97 0 90 0 0 0.7071068 0 0.7071068 0 0
17.0973 Head 0 1.6 4.905332 11.85001 351.5249 -5.45228E-08 0.1029444 -0.0734974 0.007627635 0.9919388
17.0973 FirstCar 35.38085 0.025 2.97 0 90 0 0 0.7071068 0 0.7071068 13.8889 0
17.0973 SecondCar -7.399161 0.025 2.97 0 90 0 0 0.7071068 0 0.7071068 0 0
17.0989 Head 0 1.6 4.907149 11.85001 351.5249 -5.45228E-08 0.1029444 -0.0734974 0.007627635 0.9919388
17.0989 FirstCar 35.40211 0.025 2.97 0 90 0 0 0.7071068 0 0.7071068 13.8889 0
17.0989 SecondCar -7.399161 0.025 2.97 0 90 0 0 0.7071068 0 0.7071068 0 0
17.1004 Head 0 1.6 4.909154 11.85001 351.5249 -5.45228E-08 0.1029444 -0.0734974 0.007627635 0.9919388
17.1004 FirstCar 35.42276 0.025 2.97 0 90 0 0 0.7071068 0 0.7071068 13.8889 0
17.1004 SecondCar -7.399161 0.025 2.97 0 90 0 0 0.7071068 0 0.7071068 0 0
17.1031 Head 0 1.6 4.911102 11.85001 351.5249 -5.45228E-08 0.1029444 -0.0734974 0.007627635 0.9919388
17.1031 FirstCar 35.46146 0.025 2.97 0 90 0 0 0.7071068 0 0.7071068 13.8889 0
17.1031 SecondCar -7.399161 0.025 2.97 0 90 0 0 0.7071068 0 0.7071068 0 0
17.1049 Head 0 1.6 4.914752 11.85001 351.5249 -5.45228E-08 0.1029444 -0.0734974 0.007627635 0.9919388
17.1049 FirstCar 35.48618 0.025 2.97 0 90 0 0 0.7071068 0 0.7071068 13.8889 0
17.1049 SecondCar -7.399161 0.025 2.97 0 90 0 0 0.7071068 0 0.7071068 0 0
17.1065 Head 0 1.6 4.917084 11.85001 351.5249 -5.45228E-08 0.1029444 -0.0734974 0.007627635 0.9919388
17.1065 FirstCar 35.5075 0.025 2.97 0 90 0 0 0.7071068 0 0.7071068 13.8889 0
17.1065 SecondCar -7.399161 0.025 2.97 0 90 0 0 0.7071068 0 0.7071068 0 0
17.1081 Head 0 1.6 4.919095 11.85001 351.5249 -5.45228E-08 0.1029444 -0.0734974 0.007627635 0.9919388
17.1081 FirstCar 35.53053 0.025 2.97 0 90 0 0 0.7071068 0 0.7071068 13.8889 0
17.1081 SecondCar -7.399161 0.025 2.97 0 90 0 0 0.7071068 0 0.7071068 0 0
17.1098 Head 0 1.6 4.921267 11.85001 351.5249 -5.45228E-08 0.1029444 -0.0734974 0.007627635 0.9919388
17.1098 FirstCar 35.55437 0.025 2.97 0 90 0 0 0.7071068 0 0.7071068 13.8889 0
17.1098 SecondCar -7.399161 0.025 2.97 0 90 0 0 0.7071068 0 0.7071068 0 0
17.1113 Head 0 1.6 4.923516 11.85001 351.5249 -5.45228E-08 0.1029444 -0.0734974 0.007627635 0.9919388
17.1113 FirstCar 35.5754 0.025 2.97 0 90 0 0 0.7071068 0 0.7071068 13.8889 0
17.1113 SecondCar -7.399161 0.025 2.97 0 90 0 0 0.7071068 0 0.7071068 0 0
17.1131 Head 0 1.6 4.925499 11.85001 351.5249 -5.45228E-08 0.1029444 -0.0734974 0.007627635 0.9919388
17.1131 FirstCar 35.59945 0.025 2.97 0 90 0 0 0.7071068 0 0.7071068 13.8889 0
17.1131 SecondCar -7.399161 0.025 2.97 0 90 0 0 0.7071068 0 0.7071068 0 0
17.1147 Head 0 1.6 4.927768 11.85001 351.5249 -5.45228E-08 0.1029444 -0.0734974 0.007627635 0.9919388
17.1147 FirstCar 35.62162 0.025 2.97 0 90 0 0 0.7071068 0 0.7071068 13.8889 0
17.1147 SecondCar -7.399161 0.025 2.97 0 90 0 0 0.7071068 0 0.7071068 0 0
17.1164 Head 0 1.6 4.929859 11.85001 351.5249 -5.45228E-08 0.1029444 -0.0734974 0.007627635 0.9919388
17.1164 FirstCar 35.64628 0.025 2.97 0 90 0 0 0.7071068 0 0.7071068 13.8889 0
17.1164 SecondCar -7.399161 0.025 2.97 0 90 0 0 0.7071068 0 0.7071068 0 0
17.1183 Head 0 1.6 4.932185 11.85001 351.5249 -5.45228E-08 0.1029444 -0.0734974 0.007627635 0.9919388
17.1183 FirstCar 35.67209 0.025 2.97 0 90 0 0 0.7071068 0 0.7071068 13.8889 0
17.1183 SecondCar -7.399161 0.025 2.97 0 90 0 0 0.7071068 0 0.7071068 0 0
17.1200 Head 0 1.6 4.934619 11.85001 351.5249 -5.45228E-08 0.1029444 -0.0734974 0.007627635 0.9919388
17.1200 FirstCar 35.69502 0.025 2.97 0 90 0 0 0.7071068 0 0.7071068 13.8889 0
17.1200 SecondCar -7.399161 0.025 2.97 0 90 0 0 0.7071068 0 0.7071068 0 0
17.1215 Head 0 1.6 4.936783 11.85001 351.5249 -5.45228E-08 0.1029444 -0.0734974 0.007627635 0.9919388
17.1215 FirstCar 35.71663 0.025 2.97 0 90 0 0 0.7071068 0 0.7071068 13.8889 0
17.1215 SecondCar -7.399161 0.025 2.97 0 90 0 0 0.7071068 0 0.7071068 0 0
17.1233 Head 0 1.6 4.938821 11.85001 351.5249 -5.45228E-08 0.1029444 -0.0734974 0.007627635 0.9919388
17.1233 FirstCar 35.74144 0.025 2.97 0 90 0 0 0.7071068 0 0.7071068 13.8889 0
17.1233 SecondCar -7.399161 0.025 2.97 0 90 0 0 0.7071068 0 0.7071068 0 0
17.1248 Head 0 1.6 4.941161 11.85001 351.5249 -5.45228E-08 0.1029444 -0.0734974 0.007627635 0.9919388
17.1248 FirstCar 35.76277 0.025 2.97 0 90 0 0 0.7071068 0 0.7071068 13.8889 0
17.1248 SecondCar -7.399161 0.025 2.97 0 90 0 0 0.7071068 0 0.7071068 0 0
17.1263 Head 0 1.6 4.943172 11.85001 351.5249 -5.45228E-08 0.1029444 -0.0734974 0.007627635 0.9919388
17.1263 FirstCar 35.78302 0.025 2.97 0 90 0 0 0.7071068 0 0.7071068 13.8889 0
17.1263 SecondCar -7.399161 0.025 2.97 0 90 0 0 0.7071068 0 0.7071068 0 0
17.1278 Head 0 1.6 4.945083 11.85001 351.5249 -5.45228E-08 0.1029444 -0.0734974 0.007627635 0.9919388
17.1278 FirstCar 35.80443 0.025 2.97 0 90 0 0 0.7071068 0 0.7071068 13.8889 0
17.1278 SecondCar -7.399161 0.025 2.97 0 90 0 0 0.7071068 0 0.7071068 0 0
17.1294 Head 0 1.6 4.947102 11.85001 351.5249 -5.45228E-08 0.1029444 -0.0734974 0.007627635 0.9919388
17.1294 FirstCar 35.826 0.025 2.97 0 90 0 0 0.7071068 0 0.7071068 13.8889 0
17.1294 SecondCar -7.399161 0.025 2.97 0 90 0 0 0.7071068 0 0.7071068 0 0
17.1309 Head 0 1.6 4.949137 11.85001 351.5249 -5.45228E-08 0.1029444 -0.0734974 0.007627635 0.9919388
17.1309 FirstCar 35.84642 0.025 2.97 0 90 0 0 0.7071068 0 0.7071068 13.8889 0
17.1309 SecondCar -7.399161 0.025 2.97 0 90 0 0 0.7071068 0 0.7071068 0 0
17.1337 Head 0 1.6 4.951062 11.85001 351.5249 -5.45228E-08 0.1029444 -0.0734974 0.007627635 0.9919388
17.1337 FirstCar 35.88536 0.025 2.97 0 90 0 0 0.7071068 0 0.7071068 13.8889 0
17.1337 SecondCar -7.399161 0.025 2.97 0 90 0 0 0.7071068 0 0.7071068 0 0
17.1356 Head 0 1.6 4.954735 11.85001 351.5249 -5.45228E-08 0.1029444 -0.0734974 0.007627635 0.9919388
17.1356 FirstCar 35.91182 0.025 2.97 0 90 0 0 0.7071068 0 0.7071068 13.8889 0
17.1356 SecondCar -7.399161 0.025 2.97 0 90 0 0 0.7071068 0 0.7071068 0 0
17.1372 Head 0 1.6 4.957231 11.85001 351.5249 -5.45228E-08 0.1029444 -0.0734974 0.007627635 0.9919388
17.1372 FirstCar 35.93393 0.025 2.97 0 90 0 0 0.7071068 0 0.7071068 13.8889 0
17.1372 SecondCar -7.399161 0.025 2.97 0 90 0 0 0.7071068 0 0.7071068 0 0
17.1389 Head 0 1.6 4.959317 11.85001 351.5249 -5.45228E-08 0.1029444 -0.0734974 0.007627635 0.9919388
17.1389 FirstCar 35.9574 0.025 2.97 0 90 0 0 0.7071068 0 0.7071068 13.8889 0
17.1389 SecondCar -7.399161 0.025 2.97 0 90 0 0 0.7071068 0 0.7071068 0 0
17.1404 Head 0 1.6 4.96153 11.85001 351.5249 -5.45228E-08 0.1029444 -0.0734974 0.007627635 0.9919388
17.1404 FirstCar 35.9794 0.025 2.97 0 90 0 0 0.7071068 0 0.7071068 13.8889 0
17.1404 SecondCar -7.399161 0.025 2.97 0 90 0 0 0.7071068 0 0.7071068 0 0
17.1420 Head 0 1.6 4.963606 11.85001 351.5249 -5.45228E-08 0.1029444 -0.0734974 0.007627635 0.9919388
17.1420 FirstCar 36.00097 0.025 2.97 0 90 0 0 0.7071068 0 0.7071068 13.8889 0
17.1420 SecondCar -7.399161 0.025 2.97 0 90 0 0 0.7071068 0 0.7071068 0 0
17.1434 Head 0 1.6 4.96564 11.85001 351.5249 -5.45228E-08 0.1029444 -0.0734974 0.007627635 0.9919388
17.1434 FirstCar 36.02102 0.025 2.97 0 90 0 0 0.7071068 0 0.7071068 13.8889 0
17.1434 SecondCar -7.399161 0.025 2.97 0 90 0 0 0.7071068 0 0.7071068 0 0
17.1449 Head 0 1.6 4.967531 11.85001 351.5249 -5.45228E-08 0.1029444 -0.0734974 0.007627635 0.9919388
17.1449 FirstCar 36.04079 0.025 2.97 0 90 0 0 0.7071068 0 0.7071068 13.8889 0
17.1449 SecondCar -7.399161 0.025 2.97 0 90 0 0 0.7071068 0 0.7071068 0 0
17.1463 Head 0 1.6 4.969396 11.85001 351.5249 -5.45228E-08 0.1029444 -0.0734974 0.007627635 0.9919388
17.1463 FirstCar 36.06068 0.025 2.97 0 90 0 0 0.7071068 0 0.7071068 13.8889 0
17.1463 SecondCar -7.399161 0.025 2.97 0 90 0 0 0.7071068 0 0.7071068 0 0
17.1478 Head 0 1.6 4.971272 11.85001 351.5249 -5.45228E-08 0.1029444 -0.0734974 0.007627635 0.9919388
17.1478 FirstCar 36.08112 0.025 2.97 0 90 0 0 0.7071068 0 0.7071068 13.8889 0
17.1478 SecondCar -7.399161 0.025 2.97 0 90 0 0 0.7071068 0 0.7071068 0 0
17.1492 Head 0 1.6 4.9732 11.85001 351.5249 -5.45228E-08 0.1029444 -0.0734974 0.007627635 0.9919388
17.1492 FirstCar 36.1017 0.025 2.97 0 90 0 0 0.7071068 0 0.7071068 13.8889 0
17.1492 SecondCar -7.399161 0.025 2.97 0 90 0 0 0.7071068 0 0.7071068 0 0
17.1507 Head 0 1.6 4.975141 11.85001 351.5249 -5.45228E-08 0.1029444 -0.0734974 0.007627635 0.9919388
17.1507 FirstCar 36.12151 0.025 2.97 0 90 0 0 0.7071068 0 0.7071068 13.8889 0
17.1507 SecondCar -7.399161 0.025 2.97 0 90 0 0 0.7071068 0 0.7071068 0 0
17.1524 Head 0 1.6 4.977009 11.85001 351.5249 -5.45228E-08 0.1029444 -0.0734974 0.007627635 0.9919388
17.1524 FirstCar 36.1451 0.025 2.97 0 90 0 0 0.7071068 0 0.7071068 13.8889 0
17.1524 SecondCar -7.399161 0.025 2.97 0 90 0 0 0.7071068 0 0.7071068 0 0
17.1538 Head 0 1.6 4.979234 11.85001 351.5249 -5.45228E-08 0.1029444 -0.0734974 0.007627635 0.9919388
17.1538 FirstCar 36.16511 0.025 2.97 0 90 0 0 0.7071068 0 0.7071068 13.8889 0
17.1538 SecondCar -7.399161 0.025 2.97 0 90 0 0 0.7071068 0 0.7071068 0 0
17.1552 Head 0 1.6 4.981121 11.85001 351.5249 -5.45228E-08 0.1029444 -0.0734974 0.007627635 0.9919388
17.1552 FirstCar 36.18378 0.025 2.97 0 90 0 0 0.7071068 0 0.7071068 13.8889 0
17.1552 SecondCar -7.399161 0.025 2.97 0 90 0 0 0.7071068 0 0.7071068 0 0
17.1566 Head 0 1.6 4.982882 11.85001 351.5249 -5.45228E-08 0.1029444 -0.0734974 0.007627635 0.9919388
17.1566 FirstCar 36.20333 0.025 2.97 0 90 0 0 0.7071068 0 0.7071068 13.8889 0
17.1566 SecondCar -7.399161 0.025 2.97 0 90 0 0 0.7071068 0 0.7071068 0 0
17.1580 Head 0 1.6 4.984727 11.85001 351.5249 -5.45228E-08 0.1029444 -0.0734974 0.007627635 0.9919388
17.1580 FirstCar 36.22309 0.025 2.97 0 90 0 0 0.7071068 0 0.7071068 13.8889 0
17.1580 SecondCar -7.399161 0.025 2.97 0 90 0 0 0.7071068 0 0.7071068 0 0
17.1594 Head 0 1.6 4.98659 11.85001 351.5249 -5.45228E-08 0.1029444 -0.0734974 0.007627635 0.9919388
17.1594 FirstCar 36.24228 0.025 2.97 0 90 0 0 0.7071068 0 0.7071068 13.8889 0
17.1594 SecondCar -7.399161 0.025 2.97 0 90 0 0 0.7071068 0 0.7071068 0 0
17.1608 Head 0 1.6 4.9884 11.85001 351.5249 -5.45228E-08 0.1029444 -0.0734974 0.007627635 0.9919388
17.1608 FirstCar 36.26255 0.025 2.97 0 90 0 0 0.7071068 0 0.7071068 13.8889 0
17.1608 SecondCar -7.399161 0.025 2.97 0 90 0 0 0.7071068 0 0.7071068 0 0
17.1629 Head 0 1.6 4.990313 11.85001 351.5249 -5.45228E-08 0.1029444 -0.0734974 0.007627635 0.9919388
17.1629 FirstCar 36.29131 0.025 2.97 0 90 0 0 0.7071068 0 0.7071068 13.8889 0
17.1629 SecondCar -7.399161 0.025 2.97 0 90 0 0 0.7071068 0 0.7071068 0 0
17.1644 Head 0 1.6 4.993025 11.85001 351.5249 -5.45228E-08 0.1029444 -0.0734974 0.007627635 0.9919388
17.1644 FirstCar 36.31232 0.025 2.97 0 90 0 0 0.7071068 0 0.7071068 13.8889 0
17.1644 SecondCar -7.399161 0.025 2.97 0 90 0 0 0.7071068 0 0.7071068 0 0
17.1658 Head 0 1.6 4.995007 11.85001 351.5249 -5.45228E-08 0.1029444 -0.0734974 0.007627635 0.9919388
17.1658 FirstCar 36.33189 0.025 2.97 0 90 0 0 0.7071068 0 0.7071068 13.8889 0
17.1658 SecondCar -7.399161 0.025 2.97 0 90 0 0 0.7071068 0 0.7071068 0 0
17.1672 Head 0 1.6 4.996852 11.85001 351.5249 -5.45228E-08 0.1029444 -0.0734974 0.007627635 0.9919388
17.1672 FirstCar 36.35095 0.025 2.97 0 90 0 0 0.7071068 0 0.7071068 13.8889 0
17.1672 SecondCar -7.399161 0.025 2.97 0 90 0 0 0.7071068 0 0.7071068 0 0
17.1687 Head 0 1.6 4.998651 11.85001 351.5249 -5.45228E-08 0.1029444 -0.0734974 0.007627635 0.9919388
17.1687 FirstCar 36.37136 0.025 2.97 0 90 0 0 0.7071068 0 0.7071068 13.8889 0
17.1687 SecondCar -7.399161 0.025 2.97 0 90 0 0 0.7071068 0 0.7071068 0 0
17.1701 Head 0 1.6 5.000576 11.85001 351.5249 -5.45228E-08 0.1029444 -0.0734974 0.007627635 0.9919388
17.1701 FirstCar 36.39102 0.025 2.97 0 90 0 0 0.7071068 0 0.7071068 13.8889 0
17.1701 SecondCar -7.399161 0.025 2.97 0 90 0 0 0.7071068 0 0.7071068 0 0
17.1715 Head 0 1.6 5.00243 11.85001 351.5249 -5.45228E-08 0.1029444 -0.0734974 0.007627635 0.9919388
17.1715 FirstCar 36.41069 0.025 2.97 0 90 0 0 0.7071068 0 0.7071068 13.8889 0
17.1715 SecondCar -7.399161 0.025 2.97 0 90 0 0 0.7071068 0 0.7071068 0 0
17.1731 Head 0 1.6 5.004285 11.85001 351.5249 -5.45228E-08 0.1029444 -0.0734974 0.007627635 0.9919388
17.1731 FirstCar 36.43347 0.025 2.97 0 90 0 0 0.7071068 0 0.7071068 13.8889 0
17.1731 SecondCar -7.399161 0.025 2.97 0 90 0 0 0.7071068 0 0.7071068 0 0
17.1745 Head 0 1.6 5.006434 11.85001 351.5249 -5.45228E-08 0.1029444 -0.0734974 0.007627635 0.9919388
17.1745 FirstCar 36.45221 0.025 2.97 0 90 0 0 0.7071068 0 0.7071068 13.8889 0
17.1745 SecondCar -7.399161 0.025 2.97 0 90 0 0 0.7071068 0 0.7071068 0 0
17.1759 Head 0 1.6 5.008201 11.85001 351.5249 -5.45228E-08 0.1029444 -0.0734974 0.007627635 0.9919388
17.1759 FirstCar 36.47241 0.025 2.97 0 90 0 0 0.7071068 0 0.7071068 13.8889 0
17.1759 SecondCar -7.399161 0.025 2.97 0 90 0 0 0.7071068 0 0.7071068 0 0
17.1773 Head 0 1.6 5.010107 11.85001 351.5249 -5.45228E-08 0.1029444 -0.0734974 0.007627635 0.9919388
17.1773 FirstCar 36.4914 0.025 2.97 0 90 0 0 0.7071068 0 0.7071068 13.8889 0
17.1773 SecondCar -7.399161 0.025 2.97 0 90 0 0 0.7071068 0 0.7071068 0 0
17.1789 Head 0 1.6 5.011898 11.85001 351.5249 -5.45228E-08 0.1029444 -0.0734974 0.007627635 0.9919388
17.1789 FirstCar 36.51313 0.025 2.97 0 90 0 0 0.7071068 0 0.7071068 13.8889 0
17.1789 SecondCar -7.399161 0.025 2.97 0 90 0 0 0.7071068 0 0.7071068 0 0
17.1805 Head 0 1.6 5.013947 11.85001 351.5249 -5.45228E-08 0.1029444 -0.0734974 0.007627635 0.9919388
17.1805 FirstCar 36.53622 0.025 2.97 0 90 0 0 0.7071068 0 0.7071068 13.8889 0
17.1805 SecondCar -7.399161 0.025 2.97 0 90 0 0 0.7071068 0 0.7071068 0 0
17.1821 Head 0 1.6 5.016126 11.85001 351.5249 -5.45228E-08 0.1029444 -0.0734974 0.007627635 0.9919388
17.1821 FirstCar 36.55759 0.025 2.97 0 90 0 0 0.7071068 0 0.7071068 13.8889 0
17.1821 SecondCar -7.399161 0.025 2.97 0 90 0 0 0.7071068 0 0.7071068 0 0
17.1835 Head 0 1.6 5.018142 11.85001 351.5249 -5.45228E-08 0.1029444 -0.0734974 0.007627635 0.9919388
17.1835 FirstCar 36.57806 0.025 2.97 0 90 0 0 0.7071068 0 0.7071068 13.8889 0
17.1835 SecondCar -7.399161 0.025 2.97 0 90 0 0 0.7071068 0 0.7071068 0 0
17.1850 Head 0 1.6 5.020072 11.85001 351.5249 -5.45228E-08 0.1029444 -0.0734974 0.007627635 0.9919388
17.1850 FirstCar 36.59836 0.025 2.97 0 90 0 0 0.7071068 0 0.7071068 13.8889 0
17.1850 SecondCar -7.399161 0.025 2.97 0 90 0 0 0.7071068 0 0.7071068 0 0
17.1866 Head 0 1.6 5.021987 11.85001 351.5249 -5.45228E-08 0.1029444 -0.0734974 0.007627635 0.9919388
17.1866 FirstCar 36.62123 0.025 2.97 0 90 0 0 0.7071068 0 0.7071068 13.8889 0
17.1866 SecondCar -7.399161 0.025 2.97 0 90 0 0 0.7071068 0 0.7071068 0 0
17.1883 Head 0 1.6 5.024144 11.85001 351.5249 -5.45228E-08 0.1029444 -0.0734974 0.007627635 0.9919388
17.1883 FirstCar 36.64482 0.025 2.97 0 90 0 0 0.7071068 0 0.7071068 13.8889 0
17.1883 SecondCar -7.399161 0.025 2.97 0 90 0 0 0.7071068 0 0.7071068 0 0
17.1901 Head 0 1.6 5.026369 11.85001 351.5249 -5.45228E-08 0.1029444 -0.0734974 0.007627635 0.9919388
17.1901 FirstCar 36.66897 0.025 2.97 0 90 0 0 0.7071068 0 0.7071068 13.8889 0
17.1901 SecondCar -7.399161 0.025 2.97 0 90 0 0 0.7071068 0 0.7071068 0 0
17.1921 Head 0 1.6 5.028646 11.85001 351.5249 -5.45228E-08 0.1029444 -0.0734974 0.007627635 0.9919388
17.1921 FirstCar 36.69635 0.025 2.97 0 90 0 0 0.7071068 0 0.7071068 13.8889 0
17.1921 SecondCar -7.399161 0.025 2.97 0 90 0 0 0.7071068 0 0.7071068 0 0
17.1937 Head 0 1.6 5.031229 11.85001 351.5249 -5.45228E-08 0.1029444 -0.0734974 0.007627635 0.9919388
17.1937 FirstCar 36.71869 0.025 2.97 0 90 0 0 0.7071068 0 0.7071068 13.8889 0
17.1937 SecondCar -7.399161 0.025 2.97 0 90 0 0 0.7071068 0 0.7071068 0 0
17.1960 Head 0 1.6 5.033335 11.85001 351.5249 -5.45228E-08 0.1029444 -0.0734974 0.007627635 0.9919388
17.1960 FirstCar 36.75066 0.025 2.97 0 90 0 0 0.7071068 0 0.7071068 13.8889 0
17.1960 SecondCar -7.399161 0.025 2.97 0 90 0 0 0.7071068 0 0.7071068 0 0
17.1977 Head 0 1.6 5.036352 11.85001 351.5249 -5.45228E-08 0.1029444 -0.0734974 0.007627635 0.9919388
17.1977 FirstCar 36.77486 0.025 2.97 0 90 0 0 0.7071068 0 0.7071068 13.8889 0
17.1977 SecondCar -7.399161 0.025 2.97 0 90 0 0 0.7071068 0 0.7071068 0 0
17.1995 Head 0 1.6 5.038633 11.85001 351.5249 -5.45228E-08 0.1029444 -0.0734974 0.007627635 0.9919388
17.1995 FirstCar 36.79907 0.025 2.97 0 90 0 0 0.7071068 0 0.7071068 13.8889 0
17.1995 SecondCar -7.399161 0.025 2.97 0 90 0 0 0.7071068 0 0.7071068 0 0
17.2015 Head 0 1.6 5.040917 11.85001 351.5249 -5.45228E-08 0.1029444 -0.0734974 0.007627635 0.9919388
17.2015 FirstCar 36.82758 0.025 2.97 0 90 0 0 0.7071068 0 0.7071068 13.8889 0
17.2015 SecondCar -7.399161 0.025 2.97 0 90 0 0 0.7071068 0 0.7071068 0 0
17.2031 Head 0 1.6 5.043606 11.85001 351.5249 -5.45228E-08 0.1029444 -0.0734974 0.007627635 0.9919388
17.2031 FirstCar 36.85027 0.025 2.97 0 90 0 0 0.7071068 0 0.7071068 13.8889 0
17.2031 SecondCar -7.399161 0.025 2.97 0 90 0 0 0.7071068 0 0.7071068 0 0
17.2049 Head 0 1.6 5.045747 11.85001 351.5249 -5.45228E-08 0.1029444 -0.0734974 0.007627635 0.9919388
17.2049 FirstCar 36.87531 0.025 2.97 0 90 0 0 0.7071068 0 0.7071068 13.8889 0
17.2049 SecondCar -7.399161 0.025 2.97 0 90 0 0 0.7071068 0 0.7071068 0 0
17.2066 Head 0 1.6 5.048109 11.85001 351.5249 -5.45228E-08 0.1029444 -0.0734974 0.007627635 0.9919388
17.2066 FirstCar 36.89777 0.025 2.97 0 90 0 0 0.7071068 0 0.7071068 13.8889 0
17.2066 SecondCar -7.399161 0.025 2.97 0 90 0 0 0.7071068 0 0.7071068 0 0
17.2081 Head 0 1.6 5.050228 11.85001 351.5249 -5.45228E-08 0.1029444 -0.0734974 0.007627635 0.9919388
17.2081 FirstCar 36.91914 0.025 2.97 0 90 0 0 0.7071068 0 0.7071068 13.8889 0
17.2081 SecondCar -7.399161 0.025 2.97 0 90 0 0 0.7071068 0 0.7071068 0 0
17.2096 Head 0 1.6 5.052243 11.85001 351.5249 -5.45228E-08 0.1029444 -0.0734974 0.007627635 0.9919388
17.2096 FirstCar 36.94032 0.025 2.97 0 90 0 0 0.7071068 0 0.7071068 13.8889 0
17.2096 SecondCar -7.399161 0.025 2.97 0 90 0 0 0.7071068 0 0.7071068 0 0
17.2112 Head 0 1.6 5.054241 11.85001 351.5249 -5.45228E-08 0.1029444 -0.0734974 0.007627635 0.9919388
17.2112 FirstCar 36.9621 0.025 2.97 0 90 0 0 0.7071068 0 0.7071068 13.8889 0
17.2112 SecondCar -7.399161 0.025 2.97 0 90 0 0 0.7071068 0 0.7071068 0 0
17.2131 Head 0 1.6 5.056295 11.85001 351.5249 -5.45228E-08 0.1029444 -0.0734974 0.007627635 0.9919388
17.2131 FirstCar 36.98873 0.025 2.97 0 90 0 0 0.7071068 0 0.7071068 13.8889 0
17.2131 SecondCar -7.399161 0.025 2.97 0 90 0 0 0.7071068 0 0.7071068 0 0
17.2148 Head 0 1.6 5.058806 11.85001 351.5249 -5.45228E-08 0.1029444 -0.0734974 0.007627635 0.9919388
17.2148 FirstCar 37.01179 0.025 2.97 0 90 0 0 0.7071068 0 0.7071068 13.8889 0
17.2148 SecondCar -7.399161 0.025 2.97 0 90 0 0 0.7071068 0 0.7071068 0 0
17.2166 Head 0 1.6 5.060981 11.85001 351.5249 -5.45228E-08 0.1029444 -0.0734974 0.007627635 0.9919388
17.2166 FirstCar 37.03714 0.025 2.97 0 90 0 0 0.7071068 0 0.7071068 13.8889 0
17.2166 SecondCar -7.399161 0.025 2.97 0 90 0 0 0.7071068 0 0.7071068 0 0
17.2186 Head 0 1.6 5.063372 11.85001 351.5249 -5.45228E-08 0.1029444 -0.0734974 0.007627635 0.9919388
17.2186 FirstCar 37.06483 0.025 2.97 0 90 0 0 0.7071068 0 0.7071068 13.8889 0
17.2186 SecondCar -7.399161 0.025 2.97 0 90 0 0 0.7071068 0 0.7071068 0 0
17.2205 Head 0 1.6 5.065985 11.85001 351.5249 -5.45228E-08 0.1029444 -0.0734974 0.007627635 0.9919388
17.2205 FirstCar 37.09094 0.025 2.97 0 90 0 0 0.7071068 0 0.7071068 13.8889 0
17.2205 SecondCar -7.399161 0.025 2.97 0 90 0 0 0.7071068 0 0.7071068 0 0
17.2223 Head 0 1.6 5.068447 11.85001 351.5249 -5.45228E-08 0.1029444 -0.0734974 0.007627635 0.9919388
17.2223 FirstCar 37.11686 0.025 2.97 0 90 0 0 0.7071068 0 0.7071068 13.8889 0
17.2223 SecondCar -7.399161 0.025 2.97 0 90 0 0 0.7071068 0 0.7071068 0 0
17.2240 Head 0 1.6 5.070891 11.85001 351.5249 -5.45228E-08 0.1029444 -0.0734974 0.007627635 0.9919388
17.2240 FirstCar 37.14041 0.025 2.97 0 90 0 0 0.7071068 0 0.7071068 13.8889 0
17.2240 SecondCar -7.399161 0.025 2.97 0 90 0 0 0.7071068 0 0.7071068 0 0
17.2262 Head 0 1.6 5.073113 11.85001 351.5249 -5.45228E-08 0.1029444 -0.0734974 0.007627635 0.9919388
17.2262 FirstCar 37.17014 0.025 2.97 0 90 0 0 0.7071068 0 0.7071068 13.8889 0
17.2262 SecondCar -7.399161 0.025 2.97 0 90 0 0 0.7071068 0 0.7071068 0 0
17.2280 Head 0 1.6 5.075916 11.85001 351.5249 -5.45228E-08 0.1029444 -0.0734974 0.007627635 0.9919388
17.2280 FirstCar 37.19582 0.025 2.97 0 90 0 0 0.7071068 0 0.7071068 13.8889 0
17.2280 SecondCar -7.399161 0.025 2.97 0 90 0 0 0.7071068 0 0.7071068 0 0
17.2298 Head 0 1.6 5.078339 11.85001 351.5249 -5.45228E-08 0.1029444 -0.0734974 0.007627635 0.9919388
17.2298 FirstCar 37.22065 0.025 2.97 0 90 0 0 0.7071068 0 0.7071068 13.8889 0
17.2298 SecondCar -7.399161 0.025 2.97 0 90 0 0 0.7071068 0 0.7071068 0 0
17.2315 Head 0 1.6 5.080681 11.85001 351.5249 -5.45228E-08 0.1029444 -0.0734974 0.007627635 0.9919388
17.2315 FirstCar 37.24378 0.025 2.97 0 90 0 0 0.7071068 0 0.7071068 13.8889 0
17.2315 SecondCar -7.399161 0.025 2.97 0 90 0 0 0.7071068 0 0.7071068 0 0
17.2334 Head 0 1.6 5.082862 11.85001 351.5249 -5.45228E-08 0.1029444 -0.0734974 0.007627635 0.9919388
17.2334 FirstCar 37.27021 0.025 2.97 0 90 0 0 0.7071068 0 0.7071068 13.8889 0
17.2334 SecondCar -7.399161 0.025 2.97 0 90 0 0 0.7071068 0 0.7071068 0 0
17.2351 Head 0 1.6 5.085356 11.85001 351.5249 -5.45228E-08 0.1029444 -0.0734974 0.007627635 0.9919388
17.2351 FirstCar 37.29427 0.025 2.97 0 90 0 0 0.7071068 0 0.7071068 13.8889 0
17.2351 SecondCar -7.399161 0.025 2.97 0 90 0 0 0.7071068 0 0.7071068 0 0
17.2367 Head 0 1.6 5.087624 11.85001 351.5249 -5.45228E-08 0.1029444 -0.0734974 0.007627635 0.9919388
17.2367 FirstCar 37.31663 0.025 2.97 0 90 0 0 0.7071068 0 0.7071068 13.8889 0
17.2367 SecondCar -7.399161 0.025 2.97 0 90 0 0 0.7071068 0 0.7071068 0 0
17.2383 Head 0 1.6 5.089734 11.85001 351.5249 -5.45228E-08 0.1029444 -0.0734974 0.007627635 0.9919388
17.2383 FirstCar 37.33902 0.025 2.97 0 90 0 0 0.7071068 0 0.7071068 13.8889 0
17.2383 SecondCar -7.399161 0.025 2.97 0 90 0 0 0.7071068 0 0.7071068 0 0
17.2399 Head 0 1.6 5.091846 11.85001 351.5249 -5.45228E-08 0.1029444 -0.0734974 0.007627635 0.9919388
17.2399 FirstCar 37.36106 0.025 2.97 0 90 0 0 0.7071068 0 0.7071068 13.8889 0
17.2399 SecondCar -7.399161 0.025 2.97 0 90 0 0 0.7071068 0 0.7071068 0 0
17.2415 Head 0 1.6 5.093925 11.85001 351.5249 -5.45228E-08 0.1029444 -0.0734974 0.007627635 0.9919388
17.2415 FirstCar 37.38369 0.025 2.97 0 90 0 0 0.7071068 0 0.7071068 13.8889 0
17.2415 SecondCar -7.399161 0.025 2.97 0 90 0 0 0.7071068 0 0.7071068 0 0
17.2432 Head 0 1.6 5.096059 11.85001 351.5249 -5.45228E-08 0.1029444 -0.0734974 0.007627635 0.9919388
17.2432 FirstCar 37.40605 0.025 2.97 0 90 0 0 0.7071068 0 0.7071068 13.8889 0
17.2432 SecondCar -7.399161 0.025 2.97 0 90 0 0 0.7071068 0 0.7071068 0 0
17.2447 Head 0 1.6 5.098168 11.85001 351.5249 -5.45228E-08 0.1029444 -0.0734974 0.007627635 0.9919388
17.2447 FirstCar 37.42803 0.025 2.97 0 90 0 0 0.7071068 0 0.7071068 13.8889 0
17.2447 SecondCar -7.399161 0.025 2.97 0 90 0 0 0.7071068 0 0.7071068 0 0
17.2462 Head 0 1.6 5.100241 11.85001 351.5249 -5.45228E-08 0.1029444 -0.0734974 0.007627635 0.9919388
17.2462 FirstCar 37.44818 0.025 2.97 0 90 0 0 0.7071068 0 0.7071068 13.8889 0
17.2462 SecondCar -7.399161 0.025 2.97 0 90 0 0 0.7071068 0 0.7071068 0 0
17.2478 Head 0 1.6 5.102141 11.85001 351.5249 -5.45228E-08 0.1029444 -0.0734974 0.007627635 0.9919388
17.2478 FirstCar 37.47126 0.025 2.97 0 90 0 0 0.7071068 0 0.7071068 13.8889 0
17.2478 SecondCar -7.399161 0.025 2.97 0 90 0 0 0.7071068 0 0.7071068 0 0
17.2503 Head 0 1.6 5.104319 11.85001 351.5249 -5.45228E-08 0.1029444 -0.0734974 0.007627635 0.9919388
17.2503 FirstCar 37.50536 0.025 2.97 0 90 0 0 0.7071068 0 0.7071068 13.8889 0
17.2503 SecondCar -7.399161 0.025 2.97 0 90 0 0 0.7071068 0 0.7071068 0 0
17.2523 Head 0 1.6 5.107535 11.85001 351.5249 -5.45228E-08 0.1029444 -0.0734974 0.007627635 0.9919388
17.2523 FirstCar 37.53373 0.025 2.97 0 90 0 0 0.7071068 0 0.7071068 13.8889 0
17.2523 SecondCar -7.399161 0.025 2.97 0 90 0 0 0.7071068 0 0.7071068 0 0
17.2542 Head 0 1.6 5.11021 11.85001 351.5249 -5.45228E-08 0.1029444 -0.0734974 0.007627635 0.9919388
17.2542 FirstCar 37.55932 0.025 2.97 0 90 0 0 0.7071068 0 0.7071068 13.8889 0
17.2542 SecondCar -7.399161 0.025 2.97 0 90 0 0 0.7071068 0 0.7071068 0 0
17.2561 Head 0 1.6 5.112624 11.85001 351.5249 -5.45228E-08 0.1029444 -0.0734974 0.007627635 0.9919388
17.2561 FirstCar 37.58618 0.025 2.97 0 90 0 0 0.7071068 0 0.7071068 13.8889 0
17.2561 SecondCar -7.399161 0.025 2.97 0 90 0 0 0.7071068 0 0.7071068 0 0
17.2583 Head 0 1.6 5.115158 11.85001 351.5249 -5.45228E-08 0.1029444 -0.0734974 0.007627635 0.9919388
17.2583 FirstCar 37.61578 0.025 2.97 0 90 0 0 0.7071068 0 0.7071068 13.8889 0
17.2583 SecondCar -7.399161 0.025 2.97 0 90 0 0 0.7071068 0 0.7071068 0 0
17.2603 Head 0 1.6 5.117949 11.85001 351.5249 -5.45228E-08 0.1029444 -0.0734974 0.007627635 0.9919388
17.2603 FirstCar 37.64417 0.025 2.97 0 90 0 0 0.7071068 0 0.7071068 13.8889 0
17.2603 SecondCar -7.399161 0.025 2.97 0 90 0 0 0.7071068 0 0.7071068 0 0
17.2618 Head 0 1.6 5.120628 11.85001 351.5249 -5.45228E-08 0.1029444 -0.0734974 0.007627635 0.9919388
17.2618 FirstCar 37.66568 0.025 2.97 0 90 0 0 0.7071068 0 0.7071068 13.8889 0
17.2618 SecondCar -7.399161 0.025 2.97 0 90 0 0 0.7071068 0 0.7071068 0 0
17.2634 Head 0 1.6 5.122656 11.85001 351.5249 -5.45228E-08 0.1029444 -0.0734974 0.007627635 0.9919388
17.2634 FirstCar 37.68686 0.025 2.97 0 90 0 0 0.7071068 0 0.7071068 13.8889 0
17.2634 SecondCar -7.399161 0.025 2.97 0 90 0 0 0.7071068 0 0.7071068 0 0
17.2648 Head 0 1.6 5.124654 11.85001 351.5249 -5.45228E-08 0.1029444 -0.0734974 0.007627635 0.9919388
17.2648 FirstCar 37.707 0.025 2.97 0 90 0 0 0.7071068 0 0.7071068 13.8889 0
17.2648 SecondCar -7.399161 0.025 2.97 0 90 0 0 0.7071068 0 0.7071068 0 0
17.2662 Head 0 1.6 5.126554 11.85001 351.5249 -5.45228E-08 0.1029444 -0.0734974 0.007627635 0.9919388
17.2662 FirstCar 37.72648 0.025 2.97 0 90 0 0 0.7071068 0 0.7071068 13.8889 0
17.2662 SecondCar -7.399161 0.025 2.97 0 90 0 0 0.7071068 0 0.7071068 0 0
17.2677 Head 0 1.6 5.128391 11.85001 351.5249 -5.45228E-08 0.1029444 -0.0734974 0.007627635 0.9919388
17.2677 FirstCar 37.74733 0.025 2.97 0 90 0 0 0.7071068 0 0.7071068 13.8889 0
17.2677 SecondCar -7.399161 0.025 2.97 0 90 0 0 0.7071068 0 0.7071068 0 0
17.2695 Head 0 1.6 5.130358 11.85001 351.5249 -5.45228E-08 0.1029444 -0.0734974 0.007627635 0.9919388
17.2695 FirstCar 37.77224 0.025 2.97 0 90 0 0 0.7071068 0 0.7071068 13.8889 0
17.2695 SecondCar -7.399161 0.025 2.97 0 90 0 0 0.7071068 0 0.7071068 0 0
17.2710 Head 0 1.6 5.132707 11.85001 351.5249 -5.45228E-08 0.1029444 -0.0734974 0.007627635 0.9919388
17.2710 FirstCar 37.79293 0.025 2.97 0 90 0 0 0.7071068 0 0.7071068 13.8889 0
17.2710 SecondCar -7.399161 0.025 2.97 0 90 0 0 0.7071068 0 0.7071068 0 0
17.2727 Head 0 1.6 5.134659 11.85001 351.5249 -5.45228E-08 0.1029444 -0.0734974 0.007627635 0.9919388
17.2727 FirstCar 37.81693 0.025 2.97 0 90 0 0 0.7071068 0 0.7071068 13.8889 0
17.2727 SecondCar -7.399161 0.025 2.97 0 90 0 0 0.7071068 0 0.7071068 0 0
17.2742 Head 0 1.6 5.136922 11.85001 351.5249 -5.45228E-08 0.1029444 -0.0734974 0.007627635 0.9919388
17.2742 FirstCar 37.83788 0.025 2.97 0 90 0 0 0.7071068 0 0.7071068 13.8889 0
17.2742 SecondCar -7.399161 0.025 2.97 0 90 0 0 0.7071068 0 0.7071068 0 0
17.2757 Head 0 1.6 5.138898 11.85001 351.5249 -5.45228E-08 0.1029444 -0.0734974 0.007627635 0.9919388
17.2757 FirstCar 37.85754 0.025 2.97 0 90 0 0 0.7071068 0 0.7071068 13.8889 0
17.2757 SecondCar -7.399161 0.025 2.97 0 90 0 0 0.7071068 0 0.7071068 0 0
17.2771 Head 0 1.6 5.140753 11.85001 351.5249 -5.45228E-08 0.1029444 -0.0734974 0.007627635 0.9919388
17.2771 FirstCar 37.87729 0.025 2.97 0 90 0 0 0.7071068 0 0.7071068 13.8889 0
17.2771 SecondCar -7.399161 0.025 2.97 0 90 0 0 0.7071068 0 0.7071068 0 0
17.2785 Head 0 1.6 5.142616 11.85001 351.5249 -5.45228E-08 0.1029444 -0.0734974 0.007627635 0.9919388
17.2785 FirstCar 37.89702 0.025 2.97 0 90 0 0 0.7071068 0 0.7071068 13.8889 0
17.2785 SecondCar -7.399161 0.025 2.97 0 90 0 0 0.7071068 0 0.7071068 0 0
17.2800 Head 0 1.6 5.144477 11.85001 351.5249 -5.45228E-08 0.1029444 -0.0734974 0.007627635 0.9919388
17.2800 FirstCar 37.91827 0.025 2.97 0 90 0 0 0.7071068 0 0.7071068 13.8889 0
17.2800 SecondCar -7.399161 0.025 2.97 0 90 0 0 0.7071068 0 0.7071068 0 0
17.2816 Head 0 1.6 5.146481 11.85001 351.5249 -5.45228E-08 0.1029444 -0.0734974 0.007627635 0.9919388
17.2816 FirstCar 37.93952 0.025 2.97 0 90 0 0 0.7071068 0 0.7071068 13.8889 0
17.2816 SecondCar -7.399161 0.025 2.97 0 90 0 0 0.7071068 0 0.7071068 0 0
17.2832 Head 0 1.6 5.148485 11.85001 351.5249 -5.45228E-08 0.1029444 -0.0734974 0.007627635 0.9919388
17.2832 FirstCar 37.96171 0.025 2.97 0 90 0 0 0.7071068 0 0.7071068 13.8889 0
17.2832 SecondCar -7.399161 0.025 2.97 0 90 0 0 0.7071068 0 0.7071068 0 0
17.2848 Head 0 1.6 5.150578 11.85001 351.5249 -5.45228E-08 0.1029444 -0.0734974 0.007627635 0.9919388
17.2848 FirstCar 37.9843 0.025 2.97 0 90 0 0 0.7071068 0 0.7071068 13.8889 0
17.2848 SecondCar -7.399161 0.025 2.97 0 90 0 0 0.7071068 0 0.7071068 0 0
17.2865 Head 0 1.6 5.152708 11.85001 351.5249 -5.45228E-08 0.1029444 -0.0734974 0.007627635 0.9919388
17.2865 FirstCar 38.00842 0.025 2.97 0 90 0 0 0.7071068 0 0.7071068 13.8889 0
17.2865 SecondCar -7.399161 0.025 2.97 0 90 0 0 0.7071068 0 0.7071068 0 0
17.2888 Head 0 1.6 5.154983 11.85001 351.5249 -5.45228E-08 0.1029444 -0.0734974 0.007627635 0.9919388
17.2888 FirstCar 38.0399 0.025 2.97 0 90 0 0 0.7071068 0 0.7071068 13.8889 0
17.2888 SecondCar -7.399161 0.025 2.97 0 90 0 0 0.7071068 0 0.7071068 0 0
17.2905 Head 0 1.6 5.157952 11.85001 351.5249 -5.45228E-08 0.1029444 -0.0734974 0.007627635 0.9919388
17.2905 FirstCar 38.06395 0.025 2.97 0 90 0 0 0.7071068 0 0.7071068 13.8889 0
17.2905 SecondCar -7.399161 0.025 2.97 0 90 0 0 0.7071068 0 0.7071068 0 0
17.2923 Head 0 1.6 5.16022 11.85001 351.5249 -5.45228E-08 0.1029444 -0.0734974 0.007627635 0.9919388
17.2923 FirstCar 38.08904 0.025 2.97 0 90 0 0 0.7071068 0 0.7071068 13.8889 0
17.2923 SecondCar -7.399161 0.025 2.97 0 90 0 0 0.7071068 0 0.7071068 0 0
17.2939 Head 0 1.6 5.162587 11.85001 351.5249 -5.45228E-08 0.1029444 -0.0734974 0.007627635 0.9919388
17.2939 FirstCar 38.11115 0.025 2.97 0 90 0 0 0.7071068 0 0.7071068 13.8889 0
17.2939 SecondCar -7.399161 0.025 2.97 0 90 0 0 0.7071068 0 0.7071068 0 0
17.2954 Head 0 1.6 5.164672 11.85001 351.5249 -5.45228E-08 0.1029444 -0.0734974 0.007627635 0.9919388
17.2954 FirstCar 38.13136 0.025 2.97 0 90 0 0 0.7071068 0 0.7071068 13.8889 0
17.2954 SecondCar -7.399161 0.025 2.97 0 90 0 0 0.7071068 0 0.7071068 0 0
17.2968 Head 0 1.6 5.166578 11.85001 351.5249 -5.45228E-08 0.1029444 -0.0734974 0.007627635 0.9919388
17.2968 FirstCar 38.15123 0.025 2.97 0 90 0 0 0.7071068 0 0.7071068 13.8889 0
17.2968 SecondCar -7.399161 0.025 2.97 0 90 0 0 0.7071068 0 0.7071068 0 0
17.2983 Head 0 1.6 5.168452 11.85001 351.5249 -5.45228E-08 0.1029444 -0.0734974 0.007627635 0.9919388
17.2983 FirstCar 38.1718 0.025 2.97 0 90 0 0 0.7071068 0 0.7071068 13.8889 0
17.2983 SecondCar -7.399161 0.025 2.97 0 90 0 0 0.7071068 0 0.7071068 0 0
17.2998 Head 0 1.6 5.170393 11.85001 351.5249 -5.45228E-08 0.1029444 -0.0734974 0.007627635 0.9919388
17.2998 FirstCar 38.19236 0.025 2.97 0 90 0 0 0.7071068 0 0.7071068 13.8889 0
17.2998 SecondCar -7.399161 0.025 2.97 0 90 0 0 0.7071068 0 0.7071068 0 0
17.3012 Head 0 1.6 5.172332 11.85001 351.5249 -5.45228E-08 0.1029444 -0.0734974 0.007627635 0.9919388
17.3012 FirstCar 38.21241 0.025 2.97 0 90 0 0 0.7071068 0 0.7071068 13.8889 0
17.3012 SecondCar -7.399161 0.025 2.97 0 90 0 0 0.7071068 0 0.7071068 0 0
17.3026 Head 0 1.6 5.174223 11.85001 351.5249 -5.45228E-08 0.1029444 -0.0734974 0.007627635 0.9919388
17.3026 FirstCar 38.23207 0.025 2.97 0 90 0 0 0.7071068 0 0.7071068 13.8889 0
17.3026 SecondCar -7.399161 0.025 2.97 0 90 0 0 0.7071068 0 0.7071068 0 0
17.3040 Head 0 1.6 5.176077 11.85001 351.5249 -5.45228E-08 0.1029444 -0.0734974 0.007627635 0.9919388
17.3040 FirstCar 38.25153 0.025 2.97 0 90 0 0 0.7071068 0 0.7071068 13.8889 0
17.3040 SecondCar -7.399161 0.025 2.97 0 90 0 0 0.7071068 0 0.7071068 0 0
17.3054 Head 0 1.6 5.177913 11.85001 351.5249 -5.45228E-08 0.1029444 -0.0734974 0.007627635 0.9919388
17.3054 FirstCar 38.27101 0.025 2.97 0 90 0 0 0.7071068 0 0.7071068 13.8889 0
17.3054 SecondCar -7.399161 0.025 2.97 0 90 0 0 0.7071068 0 0.7071068 0 0
17.3069 Head 0 1.6 5.17975 11.85001 351.5249 -5.45228E-08 0.1029444 -0.0734974 0.007627635 0.9919388
17.3069 FirstCar 38.29117 0.025 2.97 0 90 0 0 0.7071068 0 0.7071068 13.8889 0
17.3069 SecondCar -7.399161 0.025 2.97 0 90 0 0 0.7071068 0 0.7071068 0 0
17.3083 Head 0 1.6 5.181652 11.85001 351.5249 -5.45228E-08 0.1029444 -0.0734974 0.007627635 0.9919388
17.3083 FirstCar 38.31149 0.025 2.97 0 90 0 0 0.7071068 0 0.7071068 13.8889 0
17.3083 SecondCar -7.399161 0.025 2.97 0 90 0 0 0.7071068 0 0.7071068 0 0
17.3098 Head 0 1.6 5.183568 11.85001 351.5249 -5.45228E-08 0.1029444 -0.0734974 0.007627635 0.9919388
17.3098 FirstCar 38.33124 0.025 2.97 0 90 0 0 0.7071068 0 0.7071068 13.8889 0
17.3098 SecondCar -7.399161 0.025 2.97 0 90 0 0 0.7071068 0 0.7071068 0 0
17.3112 Head 0 1.6 5.185431 11.85001 351.5249 -5.45228E-08 0.1029444 -0.0734974 0.007627635 0.9919388
17.3112 FirstCar 38.35085 0.025 2.97 0 90 0 0 0.7071068 0 0.7071068 13.8889 0
17.3112 SecondCar -7.399161 0.025 2.97 0 90 0 0 0.7071068 0 0.7071068 0 0
17.3131 Head 0 1.6 5.18728 11.85001 351.5249 -5.45228E-08 0.1029444 -0.0734974 0.007627635 0.9919388
17.3131 FirstCar 38.37723 0.025 2.97 0 90 0 0 0.7071068 0 0.7071068 13.8889 0
17.3131 SecondCar -7.399161 0.025 2.97 0 90 0 0 0.7071068 0 0.7071068 0 0
17.3147 Head 0 1.6 5.189769 11.85001 351.5249 -5.45228E-08 0.1029444 -0.0734974 0.007627635 0.9919388
17.3147 FirstCar 38.39941 0.025 2.97 0 90 0 0 0.7071068 0 0.7071068 13.8889 0
17.3147 SecondCar -7.399161 0.025 2.97 0 90 0 0 0.7071068 0 0.7071068 0 0
17.3164 Head 0 1.6 5.191861 11.85001 351.5249 -5.45228E-08 0.1029444 -0.0734974 0.007627635 0.9919388
17.3164 FirstCar 38.42292 0.025 2.97 0 90 0 0 0.7071068 0 0.7071068 13.8889 0
17.3164 SecondCar -7.399161 0.025 2.97 0 90 0 0 0.7071068 0 0.7071068 0 0
17.3182 Head 0 1.6 5.194077 11.85001 351.5249 -5.45228E-08 0.1029444 -0.0734974 0.007627635 0.9919388
17.3182 FirstCar 38.44789 0.025 2.97 0 90 0 0 0.7071068 0 0.7071068 13.8889 0
17.3182 SecondCar -7.399161 0.025 2.97 0 90 0 0 0.7071068 0 0.7071068 0 0
17.3203 Head 0 1.6 5.196433 11.85001 351.5249 -5.45228E-08 0.1029444 -0.0734974 0.007627635 0.9919388
17.3203 FirstCar 38.47687 0.025 2.97 0 90 0 0 0.7071068 0 0.7071068 13.8889 0
17.3203 SecondCar -7.399161 0.025 2.97 0 90 0 0 0.7071068 0 0.7071068 0 0
17.3220 Head 0 1.6 5.199167 11.85001 351.5249 -5.45228E-08 0.1029444 -0.0734974 0.007627635 0.9919388
17.3220 FirstCar 38.50156 0.025 2.97 0 90 0 0 0.7071068 0 0.7071068 13.8889 0
17.3220 SecondCar -7.399161 0.025 2.97 0 90 0 0 0.7071068 0 0.7071068 0 0
17.3238 Head 0 1.6 5.201496 11.85001 351.5249 -5.45228E-08 0.1029444 -0.0734974 0.007627635 0.9919388
17.3238 FirstCar 38.52555 0.025 2.97 0 90 0 0 0.7071068 0 0.7071068 13.8889 0
17.3238 SecondCar -7.399161 0.025 2.97 0 90 0 0 0.7071068 0 0.7071068 0 0
17.3253 Head 0 1.6 5.203759 11.85001 351.5249 -5.45228E-08 0.1029444 -0.0734974 0.007627635 0.9919388
17.3253 FirstCar 38.54646 0.025 2.97 0 90 0 0 0.7071068 0 0.7071068 13.8889 0
17.3253 SecondCar -7.399161 0.025 2.97 0 90 0 0 0.7071068 0 0.7071068 0 0
17.3270 Head 0 1.6 5.20573 11.85001 351.5249 -5.45228E-08 0.1029444 -0.0734974 0.007627635 0.9919388
17.3270 FirstCar 38.57009 0.025 2.97 0 90 0 0 0.7071068 0 0.7071068 13.8889 0
17.3270 SecondCar -7.399161 0.025 2.97 0 90 0 0 0.7071068 0 0.7071068 0 0
17.3289 Head 0 1.6 5.207959 11.85001 351.5249 -5.45228E-08 0.1029444 -0.0734974 0.007627635 0.9919388
17.3289 FirstCar 38.59695 0.025 2.97 0 90 0 0 0.7071068 0 0.7071068 13.8889 0
17.3289 SecondCar -7.399161 0.025 2.97 0 90 0 0 0.7071068 0 0.7071068 0 0
17.3305 Head 0 1.6 5.210493 11.85001 351.5249 -5.45228E-08 0.1029444 -0.0734974 0.007627635 0.9919388
17.3305 FirstCar 38.61927 0.025 2.97 0 90 0 0 0.7071068 0 0.7071068 13.8889 0
17.3305 SecondCar -7.399161 0.025 2.97 0 90 0 0 0.7071068 0 0.7071068 0 0
17.3323 Head 0 1.6 5.212598 11.85001 351.5249 -5.45228E-08 0.1029444 -0.0734974 0.007627635 0.9919388
17.3323 FirstCar 38.64447 0.025 2.97 0 90 0 0 0.7071068 0 0.7071068 13.8889 0
17.3323 SecondCar -7.399161 0.025 2.97 0 90 0 0 0.7071068 0 0.7071068 0 0
17.3341 Head 0 1.6 5.214975 11.85001 351.5249 -5.45228E-08 0.1029444 -0.0734974 0.007627635 0.9919388
17.3341 FirstCar 38.66914 0.025 2.97 0 90 0 0 0.7071068 0 0.7071068 13.8889 0
17.3341 SecondCar -7.399161 0.025 2.97 0 90 0 0 0.7071068 0 0.7071068 0 0
17.3357 Head 0 1.6 5.217302 11.85001 351.5249 -5.45228E-08 0.1029444 -0.0734974 0.007627635 0.9919388
17.3357 FirstCar 38.69093 0.025 2.97 0 90 0 0 0.7071068 0 0.7071068 13.8889 0
17.3357 SecondCar -7.399161 0.025 2.97 0 90 0 0 0.7071068 0 0.7071068 0 0
17.3372 Head 0 1.6 5.219357 11.85001 351.5249 -5.45228E-08 0.1029444 -0.0734974 0.007627635 0.9919388
17.3372 FirstCar 38.71164 0.025 2.97 0 90 0 0 0.7071068 0 0.7071068 13.8889 0
17.3372 SecondCar -7.399161 0.025 2.97 0 90 0 0 0.7071068 0 0.7071068 0 0
17.3388 Head 0 1.6 5.22131 11.85001 351.5249 -5.45228E-08 0.1029444 -0.0734974 0.007627635 0.9919388
17.3388 FirstCar 38.73425 0.025 2.97 0 90 0 0 0.7071068 0 0.7071068 13.8889 0
17.3388 SecondCar -7.399161 0.025 2.97 0 90 0 0 0.7071068 0 0.7071068 0 0
17.3403 Head 0 1.6 5.223444 11.85001 351.5249 -5.45228E-08 0.1029444 -0.0734974 0.007627635 0.9919388
17.3403 FirstCar 38.75499 0.025 2.97 0 90 0 0 0.7071068 0 0.7071068 13.8889 0
17.3403 SecondCar -7.399161 0.025 2.97 0 90 0 0 0.7071068 0 0.7071068 0 0
17.3417 Head 0 1.6 5.225399 11.85001 351.5249 -5.45228E-08 0.1029444 -0.0734974 0.007627635 0.9919388
17.3417 FirstCar 38.77445 0.025 2.97 0 90 0 0 0.7071068 0 0.7071068 13.8889 0
17.3417 SecondCar -7.399161 0.025 2.97 0 90 0 0 0.7071068 0 0.7071068 0 0
17.3431 Head 0 1.6 5.227235 11.85001 351.5249 -5.45228E-08 0.1029444 -0.0734974 0.007627635 0.9919388
17.3431 FirstCar 38.79433 0.025 2.97 0 90 0 0 0.7071068 0 0.7071068 13.8889 0
17.3431 SecondCar -7.399161 0.025 2.97 0 90 0 0 0.7071068 0 0.7071068 0 0
17.3446 Head 0 1.6 5.22911 11.85001 351.5249 -5.45228E-08 0.1029444 -0.0734974 0.007627635 0.9919388
17.3446 FirstCar 38.81471 0.025 2.97 0 90 0 0 0.7071068 0 0.7071068 13.8889 0
17.3446 SecondCar -7.399161 0.025 2.97 0 90 0 0 0.7071068 0 0.7071068 0 0
17.3461 Head 0 1.6 5.231033 11.85001 351.5249 -5.45228E-08 0.1029444 -0.0734974 0.007627635 0.9919388
17.3461 FirstCar 38.83524 0.025 2.97 0 90 0 0 0.7071068 0 0.7071068 13.8889 0
17.3461 SecondCar -7.399161 0.025 2.97 0 90 0 0 0.7071068 0 0.7071068 0 0
17.3477 Head 0 1.6 5.232969 11.85001 351.5249 -5.45228E-08 0.1029444 -0.0734974 0.007627635 0.9919388
17.3477 FirstCar 38.8573 0.025 2.97 0 90 0 0 0.7071068 0 0.7071068 13.8889 0
17.3477 SecondCar -7.399161 0.025 2.97 0 90 0 0 0.7071068 0 0.7071068 0 0
17.3494 Head 0 1.6 5.23505 11.85001 351.5249 -5.45228E-08 0.1029444 -0.0734974 0.007627635 0.9919388
17.3494 FirstCar 38.88216 0.025 2.97 0 90 0 0 0.7071068 0 0.7071068 13.8889 0
17.3494 SecondCar -7.399161 0.025 2.97 0 90 0 0 0.7071068 0 0.7071068 0 0
17.3510 Head 0 1.6 5.237394 11.85001 351.5249 -5.45228E-08 0.1029444 -0.0734974 0.007627635 0.9919388
17.3510 FirstCar 38.90369 0.025 2.97 0 90 0 0 0.7071068 0 0.7071068 13.8889 0
17.3510 SecondCar -7.399161 0.025 2.97 0 90 0 0 0.7071068 0 0.7071068 0 0
17.3527 Head 0 1.6 5.239425 11.85001 351.5249 -5.45228E-08 0.1029444 -0.0734974 0.007627635 0.9919388
17.3527 FirstCar 38.92804 0.025 2.97 0 90 0 0 0.7071068 0 0.7071068 13.8889 0
17.3527 SecondCar -7.399161 0.025 2.97 0 90 0 0 0.7071068 0 0.7071068 0 0
17.3542 Head 0 1.6 5.241722 11.85001 351.5249 -5.45228E-08 0.1029444 -0.0734974 0.007627635 0.9919388
17.3542 FirstCar 38.9478 0.025 2.97 0 90 0 0 0.7071068 0 0.7071068 13.8889 0
17.3542 SecondCar -7.399161 0.025 2.97 0 90 0 0 0.7071068 0 0.7071068 0 0
17.3556 Head 0 1.6 5.243586 11.85001 351.5249 -5.45228E-08 0.1029444 -0.0734974 0.007627635 0.9919388
17.3556 FirstCar 38.96804 0.025 2.97 0 90 0 0 0.7071068 0 0.7071068 13.8889 0
17.3556 SecondCar -7.399161 0.025 2.97 0 90 0 0 0.7071068 0 0.7071068 0 0
17.3570 Head 0 1.6 5.245496 11.85001 351.5249 -5.45228E-08 0.1029444 -0.0734974 0.007627635 0.9919388
17.3570 FirstCar 38.98756 0.025 2.97 0 90 0 0 0.7071068 0 0.7071068 13.8889 0
17.3570 SecondCar -7.399161 0.025 2.97 0 90 0 0 0.7071068 0 0.7071068 0 0
17.3585 Head 0 1.6 5.247336 11.85001 351.5249 -5.45228E-08 0.1029444 -0.0734974 0.007627635 0.9919388
17.3585 FirstCar 39.0084 0.025 2.97 0 90 0 0 0.7071068 0 0.7071068 13.8889 0
17.3585 SecondCar -7.399161 0.025 2.97 0 90 0 0 0.7071068 0 0.7071068 0 0
17.3601 Head 0 1.6 5.249302 11.85001 351.5249 -5.45228E-08 0.1029444 -0.0734974 0.007627635 0.9919388
17.3601 FirstCar 39.03004 0.025 2.97 0 90 0 0 0.7071068 0 0.7071068 13.8889 0
17.3601 SecondCar -7.399161 0.025 2.97 0 90 0 0 0.7071068 0 0.7071068 0 0
17.3615 Head 0 1.6 5.251343 11.85001 351.5249 -5.45228E-08 0.1029444 -0.0734974 0.007627635 0.9919388
17.3615 FirstCar 39.0497 0.025 2.97 0 90 0 0 0.7071068 0 0.7071068 13.8889 0
17.3615 SecondCar -7.399161 0.025 2.97 0 90 0 0 0.7071068 0 0.7071068 0 0
17.3629 Head 0 1.6 5.253197 11.85001 351.5249 -5.45228E-08 0.1029444 -0.0734974 0.007627635 0.9919388
17.3629 FirstCar 39.06948 0.025 2.97 0 90 0 0 0.7071068 0 0.7071068 13.8889 0
17.3629 SecondCar -7.399161 0.025 2.97 0 90 0 0 0.7071068 0 0.7071068 0 0
17.3643 Head 0 1.6 5.255063 11.85001 351.5249 -5.45228E-08 0.1029444 -0.0734974 0.007627635 0.9919388
17.3643 FirstCar 39.08901 0.025 2.97 0 90 0 0 0.7071068 0 0.7071068 13.8889 0
17.3643 SecondCar -7.399161 0.025 2.97 0 90 0 0 0.7071068 0 0.7071068 0 0
17.3658 Head 0 1.6 5.256905 11.85001 351.5249 -5.45228E-08 0.1029444 -0.0734974 0.007627635 0.9919388
17.3658 FirstCar 39.10894 0.025 2.97 0 90 0 0 0.7071068 0 0.7071068 13.8889 0
17.3658 SecondCar -7.399161 0.025 2.97 0 90 0 0 0.7071068 0 0.7071068 0 0
17.3678 Head 0 1.6 5.258785 11.85001 351.5249 -5.45228E-08 0.1029444 -0.0734974 0.007627635 0.9919388
17.3678 FirstCar 39.13712 0.025 2.97 0 90 0 0 0.7071068 0 0.7071068 13.8889 0
17.3678 SecondCar -7.399161 0.025 2.97 0 90 0 0 0.7071068 0 0.7071068 0 0
17.3695 Head 0 1.6 5.261443 11.85001 351.5249 -5.45228E-08 0.1029444 -0.0734974 0.007627635 0.9919388
17.3695 FirstCar 39.16105 0.025 2.97 0 90 0 0 0.7071068 0 0.7071068 13.8889 0
17.3695 SecondCar -7.399161 0.025 2.97 0 90 0 0 0.7071068 0 0.7071068 0 0
17.3710 Head 0 1.6 5.2637 11.85001 351.5249 -5.45228E-08 0.1029444 -0.0734974 0.007627635 0.9919388
17.3710 FirstCar 39.18132 0.025 2.97 0 90 0 0 0.7071068 0 0.7071068 13.8889 0
17.3710 SecondCar -7.399161 0.025 2.97 0 90 0 0 0.7071068 0 0.7071068 0 0
17.3726 Head 0 1.6 5.265612 11.85001 351.5249 -5.45228E-08 0.1029444 -0.0734974 0.007627635 0.9919388
17.3726 FirstCar 39.20405 0.025 2.97 0 90 0 0 0.7071068 0 0.7071068 13.8889 0
17.3726 SecondCar -7.399161 0.025 2.97 0 90 0 0 0.7071068 0 0.7071068 0 0
17.3741 Head 0 1.6 5.267756 11.85001 351.5249 -5.45228E-08 0.1029444 -0.0734974 0.007627635 0.9919388
17.3741 FirstCar 39.2244 0.025 2.97 0 90 0 0 0.7071068 0 0.7071068 13.8889 0
17.3741 SecondCar -7.399161 0.025 2.97 0 90 0 0 0.7071068 0 0.7071068 0 0
17.3755 Head 0 1.6 5.269674 11.85001 351.5249 -5.45228E-08 0.1029444 -0.0734974 0.007627635 0.9919388
17.3755 FirstCar 39.24417 0.025 2.97 0 90 0 0 0.7071068 0 0.7071068 13.8889 0
17.3755 SecondCar -7.399161 0.025 2.97 0 90 0 0 0.7071068 0 0.7071068 0 0
17.3770 Head 0 1.6 5.27154 11.85001 351.5249 -5.45228E-08 0.1029444 -0.0734974 0.007627635 0.9919388
17.3770 FirstCar 39.26514 0.025 2.97 0 90 0 0 0.7071068 0 0.7071068 13.8889 0
17.3770 SecondCar -7.399161 0.025 2.97 0 90 0 0 0.7071068 0 0.7071068 0 0
17.3785 Head 0 1.6 5.273518 11.85001 351.5249 -5.45228E-08 0.1029444 -0.0734974 0.007627635 0.9919388
17.3785 FirstCar 39.2863 0.025 2.97 0 90 0 0 0.7071068 0 0.7071068 13.8889 0
17.3785 SecondCar -7.399161 0.025 2.97 0 90 0 0 0.7071068 0 0.7071068 0 0
17.3802 Head 0 1.6 5.275513 11.85001 351.5249 -5.45228E-08 0.1029444 -0.0734974 0.007627635 0.9919388
17.3802 FirstCar 39.3088 0.025 2.97 0 90 0 0 0.7071068 0 0.7071068 13.8889 0
17.3802 SecondCar -7.399161 0.025 2.97 0 90 0 0 0.7071068 0 0.7071068 0 0
17.3818 Head 0 1.6 5.277636 11.85001 351.5249 -5.45228E-08 0.1029444 -0.0734974 0.007627635 0.9919388
17.3818 FirstCar 39.33115 0.025 2.97 0 90 0 0 0.7071068 0 0.7071068 13.8889 0
17.3818 SecondCar -7.399161 0.025 2.97 0 90 0 0 0.7071068 0 0.7071068 0 0
17.3834 Head 0 1.6 5.279743 11.85001 351.5249 -5.45228E-08 0.1029444 -0.0734974 0.007627635 0.9919388
17.3834 FirstCar 39.35395 0.025 2.97 0 90 0 0 0.7071068 0 0.7071068 13.8889 0
17.3834 SecondCar -7.399161 0.025 2.97 0 90 0 0 0.7071068 0 0.7071068 0 0
17.3850 Head 0 1.6 5.281894 11.85001 351.5249 -5.45228E-08 0.1029444 -0.0734974 0.007627635 0.9919388
17.3850 FirstCar 39.37598 0.025 2.97 0 90 0 0 0.7071068 0 0.7071068 13.8889 0
17.3850 SecondCar -7.399161 0.025 2.97 0 90 0 0 0.7071068 0 0.7071068 0 0
17.3866 Head 0 1.6 5.283971 11.85001 351.5249 -5.45228E-08 0.1029444 -0.0734974 0.007627635 0.9919388
17.3866 FirstCar 39.39884 0.025 2.97 0 90 0 0 0.7071068 0 0.7071068 13.8889 0
17.3866 SecondCar -7.399161 0.025 2.97 0 90 0 0 0.7071068 0 0.7071068 0 0
17.3883 Head 0 1.6 5.286128 11.85001 351.5249 -5.45228E-08 0.1029444 -0.0734974 0.007627635 0.9919388
17.3883 FirstCar 39.42194 0.025 2.97 0 90 0 0 0.7071068 0 0.7071068 13.8889 0
17.3883 SecondCar -7.399161 0.025 2.97 0 90 0 0 0.7071068 0 0.7071068 0 0
17.3899 Head 0 1.6 5.288307 11.85001 351.5249 -5.45228E-08 0.1029444 -0.0734974 0.007627635 0.9919388
17.3899 FirstCar 39.44429 0.025 2.97 0 90 0 0 0.7071068 0 0.7071068 13.8889 0
17.3899 SecondCar -7.399161 0.025 2.97 0 90 0 0 0.7071068 0 0.7071068 0 0
17.3914 Head 0 1.6 5.290415 11.85001 351.5249 -5.45228E-08 0.1029444 -0.0734974 0.007627635 0.9919388
17.3914 FirstCar 39.4649 0.025 2.97 0 90 0 0 0.7071068 0 0.7071068 13.8889 0
17.3914 SecondCar -7.399161 0.025 2.97 0 90 0 0 0.7071068 0 0.7071068 0 0
17.3932 Head 0 1.6 5.292359 11.85001 351.5249 -5.45228E-08 0.1029444 -0.0734974 0.007627635 0.9919388
17.3932 FirstCar 39.48992 0.025 2.97 0 90 0 0 0.7071068 0 0.7071068 13.8889 0
17.3932 SecondCar -7.399161 0.025 2.97 0 90 0 0 0.7071068 0 0.7071068 0 0
17.3950 Head 0 1.6 5.294719 11.85001 351.5249 -5.45228E-08 0.1029444 -0.0734974 0.007627635 0.9919388
17.3950 FirstCar 39.51452 0.025 2.97 0 90 0 0 0.7071068 0 0.7071068 13.8889 0
17.3950 SecondCar -7.399161 0.025 2.97 0 90 0 0 0.7071068 0 0.7071068 0 0
17.3969 Head 0 1.6 5.297039 11.85001 351.5249 -5.45228E-08 0.1029444 -0.0734974 0.007627635 0.9919388
17.3969 FirstCar 39.54149 0.025 2.97 0 90 0 0 0.7071068 0 0.7071068 13.8889 0
17.3969 SecondCar -7.399161 0.025 2.97 0 90 0 0 0.7071068 0 0.7071068 0 0
17.3991 Head 0 1.6 5.299583 11.85001 351.5249 -5.45228E-08 0.1029444 -0.0734974 0.007627635 0.9919388
17.3991 FirstCar 39.57227 0.025 2.97 0 90 0 0 0.7071068 0 0.7071068 13.8889 0
17.3991 SecondCar -7.399161 0.025 2.97 0 90 0 0 0.7071068 0 0.7071068 0 0
17.4011 Head 0 1.6 5.302486 11.85001 351.5249 -5.45228E-08 0.1029444 -0.0734974 0.007627635 0.9919388
17.4011 FirstCar 39.60003 0.025 2.97 0 90 0 0 0.7071068 0 0.7071068 13.8889 0
17.4011 SecondCar -7.399161 0.025 2.97 0 90 0 0 0.7071068 0 0.7071068 0 0
17.4029 Head 0 1.6 5.305104 11.85001 351.5249 -5.45228E-08 0.1029444 -0.0734974 0.007627635 0.9919388
17.4029 FirstCar 39.62445 0.025 2.97 0 90 0 0 0.7071068 0 0.7071068 13.8889 0
17.4029 SecondCar -7.399161 0.025 2.97 0 90 0 0 0.7071068 0 0.7071068 0 0
17.4046 Head 0 1.6 5.307408 11.85001 351.5249 -5.45228E-08 0.1029444 -0.0734974 0.007627635 0.9919388
17.4046 FirstCar 39.64777 0.025 2.97 0 90 0 0 0.7071068 0 0.7071068 13.8889 0
17.4046 SecondCar -7.399161 0.025 2.97 0 90 0 0 0.7071068 0 0.7071068 0 0
17.4062 Head 0 1.6 5.309608 11.85001 351.5249 -5.45228E-08 0.1029444 -0.0734974 0.007627635 0.9919388
17.4062 FirstCar 39.67095 0.025 2.97 0 90 0 0 0.7071068 0 0.7071068 13.8889 0
17.4062 SecondCar -7.399161 0.025 2.97 0 90 0 0 0.7071068 0 0.7071068 0 0
17.4078 Head 0 1.6 5.311794 11.85001 351.5249 -5.45228E-08 0.1029444 -0.0734974 0.007627635 0.9919388
17.4078 FirstCar 39.69317 0.025 2.97 0 90 0 0 0.7071068 0 0.7071068 13.8889 0
17.4078 SecondCar -7.399161 0.025 2.97 0 90 0 0 0.7071068 0 0.7071068 0 0
17.4094 Head 0 1.6 5.31389 11.85001 351.5249 -5.45228E-08 0.1029444 -0.0734974 0.007627635 0.9919388
17.4094 FirstCar 39.71514 0.025 2.97 0 90 0 0 0.7071068 0 0.7071068 13.8889 0
17.4094 SecondCar -7.399161 0.025 2.97 0 90 0 0 0.7071068 0 0.7071068 0 0
17.4110 Head 0 1.6 5.315962 11.85001 351.5249 -5.45228E-08 0.1029444 -0.0734974 0.007627635 0.9919388
17.4110 FirstCar 39.73696 0.025 2.97 0 90 0 0 0.7071068 0 0.7071068 13.8889 0
17.4110 SecondCar -7.399161 0.025 2.97 0 90 0 0 0.7071068 0 0.7071068 0 0
17.4129 Head 0 1.6 5.31802 11.85001 351.5249 -5.45228E-08 0.1029444 -0.0734974 0.007627635 0.9919388
17.4129 FirstCar 39.7628 0.025 2.97 0 90 0 0 0.7071068 0 0.7071068 13.8889 0
17.4129 SecondCar -7.399161 0.025 2.97 0 90 0 0 0.7071068 0 0.7071068 0 0
17.4145 Head 0 1.6 5.320457 11.85001 351.5249 -5.45228E-08 0.1029444 -0.0734974 0.007627635 0.9919388
17.4145 FirstCar 39.7853 0.025 2.97 0 90 0 0 0.7071068 0 0.7071068 13.8889 0
17.4145 SecondCar -7.399161 0.025 2.97 0 90 0 0 0.7071068 0 0.7071068 0 0
17.4160 Head 0 1.6 5.322579 11.85001 351.5249 -5.45228E-08 0.1029444 -0.0734974 0.007627635 0.9919388
17.4160 FirstCar 39.80678 0.025 2.97 0 90 0 0 0.7071068 0 0.7071068 13.8889 0
17.4160 SecondCar -7.399161 0.025 2.97 0 90 0 0 0.7071068 0 0.7071068 0 0
17.4175 Head 0 1.6 5.324605 11.85001 351.5249 -5.45228E-08 0.1029444 -0.0734974 0.007627635 0.9919388
17.4175 FirstCar 39.82726 0.025 2.97 0 90 0 0 0.7071068 0 0.7071068 13.8889 0
17.4175 SecondCar -7.399161 0.025 2.97 0 90 0 0 0.7071068 0 0.7071068 0 0
17.4189 Head 0 1.6 5.326537 11.85001 351.5249 -5.45228E-08 0.1029444 -0.0734974 0.007627635 0.9919388
17.4189 FirstCar 39.8469 0.025 2.97 0 90 0 0 0.7071068 0 0.7071068 13.8889 0
17.4189 SecondCar -7.399161 0.025 2.97 0 90 0 0 0.7071068 0 0.7071068 0 0
17.4204 Head 0 1.6 5.32839 11.85001 351.5249 -5.45228E-08 0.1029444 -0.0734974 0.007627635 0.9919388
17.4204 FirstCar 39.86698 0.025 2.97 0 90 0 0 0.7071068 0 0.7071068 13.8889 0
17.4204 SecondCar -7.399161 0.025 2.97 0 90 0 0 0.7071068 0 0.7071068 0 0
17.4218 Head 0 1.6 5.330283 11.85001 351.5249 -5.45228E-08 0.1029444 -0.0734974 0.007627635 0.9919388
17.4218 FirstCar 39.88665 0.025 2.97 0 90 0 0 0.7071068 0 0.7071068 13.8889 0
17.4218 SecondCar -7.399161 0.025 2.97 0 90 0 0 0.7071068 0 0.7071068 0 0
17.4232 Head 0 1.6 5.332139 11.85001 351.5249 -5.45228E-08 0.1029444 -0.0734974 0.007627635 0.9919388
17.4232 FirstCar 39.9062 0.025 2.97 0 90 0 0 0.7071068 0 0.7071068 13.8889 0
17.4232 SecondCar -7.399161 0.025 2.97 0 90 0 0 0.7071068 0 0.7071068 0 0
17.4245 Head 0 1.6 5.333983 11.85001 351.5249 -5.45228E-08 0.1029444 -0.0734974 0.007627635 0.9919388
17.4245 FirstCar 39.925 0.025 2.97 0 90 0 0 0.7071068 0 0.7071068 13.8889 0
17.4245 SecondCar -7.399161 0.025 2.97 0 90 0 0 0.7071068 0 0.7071068 0 0
17.4260 Head 0 1.6 5.335756 11.85001 351.5249 -5.45228E-08 0.1029444 -0.0734974 0.007627635 0.9919388
17.4260 FirstCar 39.94496 0.025 2.97 0 90 0 0 0.7071068 0 0.7071068 13.8889 0
17.4260 SecondCar -7.399161 0.025 2.97 0 90 0 0 0.7071068 0 0.7071068 0 0
17.4274 Head 0 1.6 5.337638 11.85001 351.5249 -5.45228E-08 0.1029444 -0.0734974 0.007627635 0.9919388
17.4274 FirstCar 39.96449 0.025 2.97 0 90 0 0 0.7071068 0 0.7071068 13.8889 0
17.4274 SecondCar -7.399161 0.025 2.97 0 90 0 0 0.7071068 0 0.7071068 0 0
17.4294 Head 0 1.6 5.33948 11.85001 351.5249 -5.45228E-08 0.1029444 -0.0734974 0.007627635 0.9919388
17.4294 FirstCar 39.99291 0.025 2.97 0 90 0 0 0.7071068 0 0.7071068 13.8889 0
17.4294 SecondCar -7.399161 0.025 2.97 0 90 0 0 0.7071068 0 0.7071068 0 0
17.4311 Head 0 1.6 5.342161 11.85001 351.5249 -5.45228E-08 0.1029444 -0.0734974 0.007627635 0.9919388
17.4311 FirstCar 40.01604 0.025 2.97 0 90 0 0 0.7071068 0 0.7071068 13.8889 0
17.4311 SecondCar -7.399161 0.025 2.97 0 90 0 0 0.7071068 0 0.7071068 0 0
17.4327 Head 0 1.6 5.344343 11.85001 351.5249 -5.45228E-08 0.1029444 -0.0734974 0.007627635 0.9919388
17.4327 FirstCar 40.03883 0.025 2.97 0 90 0 0 0.7071068 0 0.7071068 13.8889 0
17.4327 SecondCar -7.399161 0.025 2.97 0 90 0 0 0.7071068 0 0.7071068 0 0
17.4342 Head 0 1.6 5.346492 11.85001 351.5249 -5.45228E-08 0.1029444 -0.0734974 0.007627635 0.9919388
17.4342 FirstCar 40.05935 0.025 2.97 0 90 0 0 0.7071068 0 0.7071068 13.8889 0
17.4342 SecondCar -7.399161 0.025 2.97 0 90 0 0 0.7071068 0 0.7071068 0 0
17.4356 Head 0 1.6 5.348427 11.85001 351.5249 -5.45228E-08 0.1029444 -0.0734974 0.007627635 0.9919388
17.4356 FirstCar 40.07852 0.025 2.97 0 90 0 0 0.7071068 0 0.7071068 13.8889 0
17.4356 SecondCar -7.399161 0.025 2.97 0 90 0 0 0.7071068 0 0.7071068 0 0
17.4370 Head 0 1.6 5.350236 11.85001 351.5249 -5.45228E-08 0.1029444 -0.0734974 0.007627635 0.9919388
17.4370 FirstCar 40.09799 0.025 2.97 0 90 0 0 0.7071068 0 0.7071068 13.8889 0
17.4370 SecondCar -7.399161 0.025 2.97 0 90 0 0 0.7071068 0 0.7071068 0 0
17.4384 Head 0 1.6 5.352072 11.85001 351.5249 -5.45228E-08 0.1029444 -0.0734974 0.007627635 0.9919388
17.4384 FirstCar 40.11767 0.025 2.97 0 90 0 0 0.7071068 0 0.7071068 13.8889 0
17.4384 SecondCar -7.399161 0.025 2.97 0 90 0 0 0.7071068 0 0.7071068 0 0
17.4398 Head 0 1.6 5.353928 11.85001 351.5249 -5.45228E-08 0.1029444 -0.0734974 0.007627635 0.9919388
17.4398 FirstCar 40.13764 0.025 2.97 0 90 0 0 0.7071068 0 0.7071068 13.8889 0
17.4398 SecondCar -7.399161 0.025 2.97 0 90 0 0 0.7071068 0 0.7071068 0 0
17.4413 Head 0 1.6 5.355812 11.85001 351.5249 -5.45228E-08 0.1029444 -0.0734974 0.007627635 0.9919388
17.4413 FirstCar 40.15794 0.025 2.97 0 90 0 0 0.7071068 0 0.7071068 13.8889 0
17.4413 SecondCar -7.399161 0.025 2.97 0 90 0 0 0.7071068 0 0.7071068 0 0
17.4428 Head 0 1.6 5.357727 11.85001 351.5249 -5.45228E-08 0.1029444 -0.0734974 0.007627635 0.9919388
17.4428 FirstCar 40.17811 0.025 2.97 0 90 0 0 0.7071068 0 0.7071068 13.8889 0
17.4428 SecondCar -7.399161 0.025 2.97 0 90 0 0 0.7071068 0 0.7071068 0 0
17.4446 Head 0 1.6 5.359629 11.85001 351.5249 -5.45228E-08 0.1029444 -0.0734974 0.007627635 0.9919388
17.4446 FirstCar 40.20324 0.025 2.97 0 90 0 0 0.7071068 0 0.7071068 13.8889 0
17.4446 SecondCar -7.399161 0.025 2.97 0 90 0 0 0.7071068 0 0.7071068 0 0
17.4463 Head 0 1.6 5.362 11.85001 351.5249 -5.45228E-08 0.1029444 -0.0734974 0.007627635 0.9919388
17.4463 FirstCar 40.22742 0.025 2.97 0 90 0 0 0.7071068 0 0.7071068 13.8889 0
17.4463 SecondCar -7.399161 0.025 2.97 0 90 0 0 0.7071068 0 0.7071068 0 0
17.4479 Head 0 1.6 5.364281 11.85001 351.5249 -5.45228E-08 0.1029444 -0.0734974 0.007627635 0.9919388
17.4479 FirstCar 40.24914 0.025 2.97 0 90 0 0 0.7071068 0 0.7071068 13.8889 0
17.4479 SecondCar -7.399161 0.025 2.97 0 90 0 0 0.7071068 0 0.7071068 0 0
17.4495 Head 0 1.6 5.366329 11.85001 351.5249 -5.45228E-08 0.1029444 -0.0734974 0.007627635 0.9919388
17.4495 FirstCar 40.27131 0.025 2.97 0 90 0 0 0.7071068 0 0.7071068 13.8889 0
17.4495 SecondCar -7.399161 0.025 2.97 0 90 0 0 0.7071068 0 0.7071068 0 0
17.4510 Head 0 1.6 5.36842 11.85001 351.5249 -5.45228E-08 0.1029444 -0.0734974 0.007627635 0.9919388
17.4510 FirstCar 40.29328 0.025 2.97 0 90 0 0 0.7071068 0 0.7071068 13.8889 0
17.4510 SecondCar -7.399161 0.025 2.97 0 90 0 0 0.7071068 0 0.7071068 0 0
17.4531 Head 0 1.6 5.370492 11.85001 351.5249 -5.45228E-08 0.1029444 -0.0734974 0.007627635 0.9919388
17.4531 FirstCar 40.32161 0.025 2.97 0 90 0 0 0.7071068 0 0.7071068 13.8889 0
17.4531 SecondCar -7.399161 0.025 2.97 0 90 0 0 0.7071068 0 0.7071068 0 0
17.4546 Head 0 1.6 5.373164 11.85001 351.5249 -5.45228E-08 0.1029444 -0.0734974 0.007627635 0.9919388
17.4546 FirstCar 40.34324 0.025 2.97 0 90 0 0 0.7071068 0 0.7071068 13.8889 0
17.4546 SecondCar -7.399161 0.025 2.97 0 90 0 0 0.7071068 0 0.7071068 0 0
17.4562 Head 0 1.6 5.375204 11.85001 351.5249 -5.45228E-08 0.1029444 -0.0734974 0.007627635 0.9919388
17.4562 FirstCar 40.36529 0.025 2.97 0 90 0 0 0.7071068 0 0.7071068 13.8889 0
17.4562 SecondCar -7.399161 0.025 2.97 0 90 0 0 0.7071068 0 0.7071068 0 0
17.4578 Head 0 1.6 5.377283 11.85001 351.5249 -5.45228E-08 0.1029444 -0.0734974 0.007627635 0.9919388
17.4578 FirstCar 40.38642 0.025 2.97 0 90 0 0 0.7071068 0 0.7071068 13.8889 0
17.4578 SecondCar -7.399161 0.025 2.97 0 90 0 0 0.7071068 0 0.7071068 0 0
17.4597 Head 0 1.6 5.379276 11.85001 351.5249 -5.45228E-08 0.1029444 -0.0734974 0.007627635 0.9919388
17.4597 FirstCar 40.41381 0.025 2.97 0 90 0 0 0.7071068 0 0.7071068 13.8889 0
17.4597 SecondCar -7.399161 0.025 2.97 0 90 0 0 0.7071068 0 0.7071068 0 0
17.4615 Head 0 1.6 5.38186 11.85001 351.5249 -5.45228E-08 0.1029444 -0.0734974 0.007627635 0.9919388
17.4615 FirstCar 40.43869 0.025 2.97 0 90 0 0 0.7071068 0 0.7071068 13.8889 0
17.4615 SecondCar -7.399161 0.025 2.97 0 90 0 0 0.7071068 0 0.7071068 0 0
17.4631 Head 0 1.6 5.384206 11.85001 351.5249 -5.45228E-08 0.1029444 -0.0734974 0.007627635 0.9919388
17.4631 FirstCar 40.46095 0.025 2.97 0 90 0 0 0.7071068 0 0.7071068 13.8889 0
17.4631 SecondCar -7.399161 0.025 2.97 0 90 0 0 0.7071068 0 0.7071068 0 0
17.4647 Head 0 1.6 5.386305 11.85001 351.5249 -5.45228E-08 0.1029444 -0.0734974 0.007627635 0.9919388
17.4647 FirstCar 40.48241 0.025 2.97 0 90 0 0 0.7071068 0 0.7071068 13.8889 0
17.4647 SecondCar -7.399161 0.025 2.97 0 90 0 0 0.7071068 0 0.7071068 0 0
17.4662 Head 0 1.6 5.38833 11.85001 351.5249 -5.45228E-08 0.1029444 -0.0734974 0.007627635 0.9919388
17.4662 FirstCar 40.50326 0.025 2.97 0 90 0 0 0.7071068 0 0.7071068 13.8889 0
17.4662 SecondCar -7.399161 0.025 2.97 0 90 0 0 0.7071068 0 0.7071068 0 0
17.4677 Head 0 1.6 5.390296 11.85001 351.5249 -5.45228E-08 0.1029444 -0.0734974 0.007627635 0.9919388
17.4677 FirstCar 40.52441 0.025 2.97 0 90 0 0 0.7071068 0 0.7071068 13.8889 0
17.4677 SecondCar -7.399161 0.025 2.97 0 90 0 0 0.7071068 0 0.7071068 0 0
17.4692 Head 0 1.6 5.392292 11.85001 351.5249 -5.45228E-08 0.1029444 -0.0734974 0.007627635 0.9919388
17.4692 FirstCar 40.54558 0.025 2.97 0 90 0 0 0.7071068 0 0.7071068 13.8889 0
17.4692 SecondCar -7.399161 0.025 2.97 0 90 0 0 0.7071068 0 0.7071068 0 0
17.4708 Head 0 1.6 5.394288 11.85001 351.5249 -5.45228E-08 0.1029444 -0.0734974 0.007627635 0.9919388
17.4708 FirstCar 40.567 0.025 2.97 0 90 0 0 0.7071068 0 0.7071068 13.8889 0
17.4708 SecondCar -7.399161 0.025 2.97 0 90 0 0 0.7071068 0 0.7071068 0 0
17.4727 Head 0 1.6 5.396308 11.85001 351.5249 -5.45228E-08 0.1029444 -0.0734974 0.007627635 0.9919388
17.4727 FirstCar 40.59457 0.025 2.97 0 90 0 0 0.7071068 0 0.7071068 13.8889 0
17.4727 SecondCar -7.399161 0.025 2.97 0 90 0 0 0.7071068 0 0.7071068 0 0
17.4749 Head 0 1.6 5.398909 11.85001 351.5249 -5.45228E-08 0.1029444 -0.0734974 0.007627635 0.9919388
17.4749 FirstCar 40.62402 0.025 2.97 0 90 0 0 0.7071068 0 0.7071068 13.8889 0
17.4749 SecondCar -7.399161 0.025 2.97 0 90 0 0 0.7071068 0 0.7071068 0 0
17.4767 Head 0 1.6 5.401686 11.85001 351.5249 -5.45228E-08 0.1029444 -0.0734974 0.007627635 0.9919388
17.4767 FirstCar 40.6497 0.025 2.97 0 90 0 0 0.7071068 0 0.7071068 13.8889 0
17.4767 SecondCar -7.399161 0.025 2.97 0 90 0 0 0.7071068 0 0.7071068 0 0
17.4785 Head 0 1.6 5.404109 11.85001 351.5249 -5.45228E-08 0.1029444 -0.0734974 0.007627635 0.9919388
17.4785 FirstCar 40.67454 0.025 2.97 0 90 0 0 0.7071068 0 0.7071068 13.8889 0
17.4785 SecondCar -7.399161 0.025 2.97 0 90 0 0 0.7071068 0 0.7071068 0 0
17.4801 Head 0 1.6 5.406452 11.85001 351.5249 -5.45228E-08 0.1029444 -0.0734974 0.007627635 0.9919388
17.4801 FirstCar 40.69637 0.025 2.97 0 90 0 0 0.7071068 0 0.7071068 13.8889 0
17.4801 SecondCar -7.399161 0.025 2.97 0 90 0 0 0.7071068 0 0.7071068 0 0
17.4815 Head 0 1.6 5.40851 11.85001 351.5249 -5.45228E-08 0.1029444 -0.0734974 0.007627635 0.9919388
17.4815 FirstCar 40.7159 0.025 2.97 0 90 0 0 0.7071068 0 0.7071068 13.8889 0
17.4815 SecondCar -7.399161 0.025 2.97 0 90 0 0 0.7071068 0 0.7071068 0 0
17.4829 Head 0 1.6 5.410352 11.85001 351.5249 -5.45228E-08 0.1029444 -0.0734974 0.007627635 0.9919388
17.4829 FirstCar 40.73546 0.025 2.97 0 90 0 0 0.7071068 0 0.7071068 13.8889 0
17.4829 SecondCar -7.399161 0.025 2.97 0 90 0 0 0.7071068 0 0.7071068 0 0
17.4843 Head 0 1.6 5.412198 11.85001 351.5249 -5.45228E-08 0.1029444 -0.0734974 0.007627635 0.9919388
17.4843 FirstCar 40.75543 0.025 2.97 0 90 0 0 0.7071068 0 0.7071068 13.8889 0
17.4843 SecondCar -7.399161 0.025 2.97 0 90 0 0 0.7071068 0 0.7071068 0 0
17.4858 Head 0 1.6 5.414082 11.85001 351.5249 -5.45228E-08 0.1029444 -0.0734974 0.007627635 0.9919388
17.4858 FirstCar 40.77552 0.025 2.97 0 90 0 0 0.7071068 0 0.7071068 13.8889 0
17.4858 SecondCar -7.399161 0.025 2.97 0 90 0 0 0.7071068 0 0.7071068 0 0
17.4872 Head 0 1.6 5.415976 11.85001 351.5249 -5.45228E-08 0.1029444 -0.0734974 0.007627635 0.9919388
17.4872 FirstCar 40.79521 0.025 2.97 0 90 0 0 0.7071068 0 0.7071068 13.8889 0
17.4872 SecondCar -7.399161 0.025 2.97 0 90 0 0 0.7071068 0 0.7071068 0 0
17.4887 Head 0 1.6 5.417833 11.85001 351.5249 -5.45228E-08 0.1029444 -0.0734974 0.007627635 0.9919388
17.4887 FirstCar 40.8168 0.025 2.97 0 90 0 0 0.7071068 0 0.7071068 13.8889 0
17.4887 SecondCar -7.399161 0.025 2.97 0 90 0 0 0.7071068 0 0.7071068 0 0
17.4902 Head 0 1.6 5.419869 11.85001 351.5249 -5.45228E-08 0.1029444 -0.0734974 0.007627635 0.9919388
17.4902 FirstCar 40.83685 0.025 2.97 0 90 0 0 0.7071068 0 0.7071068 13.8889 0
17.4902 SecondCar -7.399161 0.025 2.97 0 90 0 0 0.7071068 0 0.7071068 0 0
17.4925 Head 0 1.6 5.421761 11.85001 351.5249 -5.45228E-08 0.1029444 -0.0734974 0.007627635 0.9919388
17.4925 FirstCar 40.86861 0.025 2.97 0 90 0 0 0.7071068 0 0.7071068 13.8889 0
17.4925 SecondCar -7.399161 0.025 2.97 0 90 0 0 0.7071068 0 0.7071068 0 0
17.4940 Head 0 1.6 5.424757 11.85001 351.5249 -5.45228E-08 0.1029444 -0.0734974 0.007627635 0.9919388
17.4940 FirstCar 40.89006 0.025 2.97 0 90 0 0 0.7071068 0 0.7071068 13.8889 0
17.4940 SecondCar -7.399161 0.025 2.97 0 90 0 0 0.7071068 0 0.7071068 0 0
17.4955 Head 0 1.6 5.42678 11.85001 351.5249 -5.45228E-08 0.1029444 -0.0734974 0.007627635 0.9919388
17.4955 FirstCar 40.91044 0.025 2.97 0 90 0 0 0.7071068 0 0.7071068 13.8889 0
17.4955 SecondCar -7.399161 0.025 2.97 0 90 0 0 0.7071068 0 0.7071068 0 0
17.4969 Head 0 1.6 5.428702 11.85001 351.5249 -5.45228E-08 0.1029444 -0.0734974 0.007627635 0.9919388
17.4969 FirstCar 40.93033 0.025 2.97 0 90 0 0 0.7071068 0 0.7071068 13.8889 0
17.4969 SecondCar -7.399161 0.025 2.97 0 90 0 0 0.7071068 0 0.7071068 0 0
17.4984 Head 0 1.6 5.430578 11.85001 351.5249 -5.45228E-08 0.1029444 -0.0734974 0.007627635 0.9919388
17.4984 FirstCar 40.95054 0.025 2.97 0 90 0 0 0.7071068 0 0.7071068 13.8889 0
17.4984 SecondCar -7.399161 0.025 2.97 0 90 0 0 0.7071068 0 0.7071068 0 0
17.4999 Head 0 1.6 5.432484 11.85001 351.5249 -5.45228E-08 0.1029444 -0.0734974 0.007627635 0.9919388
17.4999 FirstCar 40.97158 0.025 2.97 0 90 0 0 0.7071068 0 0.7071068 13.8889 0
17.4999 SecondCar -7.399161 0.025 2.97 0 90 0 0 0.7071068 0 0.7071068 0 0
17.5013 Head 0 1.6 5.434469 11.85001 351.5249 -5.45228E-08 0.1029444 -0.0734974 0.007627635 0.9919388
17.5013 FirstCar 40.99104 0.025 2.97 0 90 0 0 0.7071068 0 0.7071068 13.8889 0
17.5013 SecondCar -7.399161 0.025 2.97 0 90 0 0 0.7071068 0 0.7071068 0 0
17.5027 Head 0 1.6 5.436304 11.85001 351.5249 -5.45228E-08 0.1029444 -0.0734974 0.007627635 0.9919388
17.5027 FirstCar 41.01013 0.025 2.97 0 90 0 0 0.7071068 0 0.7071068 13.8889 0
17.5027 SecondCar -7.399161 0.025 2.97 0 90 0 0 0.7071068 0 0.7071068 0 0
17.5041 Head 0 1.6 5.438104 11.85001 351.5249 -5.45228E-08 0.1029444 -0.0734974 0.007627635 0.9919388
17.5041 FirstCar 41.02954 0.025 2.97 0 90 0 0 0.7071068 0 0.7071068 13.8889 0
17.5041 SecondCar -7.399161 0.025 2.97 0 90 0 0 0.7071068 0 0.7071068 0 0
17.5055 Head 0 1.6 5.439935 11.85001 351.5249 -5.45228E-08 0.1029444 -0.0734974 0.007627635 0.9919388
17.5055 FirstCar 41.04963 0.025 2.97 0 90 0 0 0.7071068 0 0.7071068 13.8889 0
17.5055 SecondCar -7.399161 0.025 2.97 0 90 0 0 0.7071068 0 0.7071068 0 0
17.5070 Head 0 1.6 5.44183 11.85001 351.5249 -5.45228E-08 0.1029444 -0.0734974 0.007627635 0.9919388
17.5070 FirstCar 41.07109 0.025 2.97 0 90 0 0 0.7071068 0 0.7071068 13.8889 0
17.5070 SecondCar -7.399161 0.025 2.97 0 90 0 0 0.7071068 0 0.7071068 0 0
17.5087 Head 0 1.6 5.443854 11.85001 351.5249 -5.45228E-08 0.1029444 -0.0734974 0.007627635 0.9919388
17.5087 FirstCar 41.09414 0.025 2.97 0 90 0 0 0.7071068 0 0.7071068 13.8889 0
17.5087 SecondCar -7.399161 0.025 2.97 0 90 0 0 0.7071068 0 0.7071068 0 0
17.5103 Head 0 1.6 5.446028 11.85001 351.5249 -5.45228E-08 0.1029444 -0.0734974 0.007627635 0.9919388
17.5103 FirstCar 41.11694 0.025 2.97 0 90 0 0 0.7071068 0 0.7071068 13.8889 0
17.5103 SecondCar -7.399161 0.025 2.97 0 90 0 0 0.7071068 0 0.7071068 0 0
17.5121 Head 0 1.6 5.448179 11.85001 351.5249 -5.45228E-08 0.1029444 -0.0734974 0.007627635 0.9919388
17.5121 FirstCar 41.14062 0.025 2.97 0 90 0 0 0.7071068 0 0.7071068 13.8889 0
17.5121 SecondCar -7.399161 0.025 2.97 0 90 0 0 0.7071068 0 0.7071068 0 0
17.5135 Head 0 1.6 5.450412 11.85001 351.5249 -5.45228E-08 0.1029444 -0.0734974 0.007627635 0.9919388
17.5135 FirstCar 41.16127 0.025 2.97 0 90 0 0 0.7071068 0 0.7071068 13.8889 0
17.5135 SecondCar -7.399161 0.025 2.97 0 90 0 0 0.7071068 0 0.7071068 0 0
17.5150 Head 0 1.6 5.45236 11.85001 351.5249 -5.45228E-08 0.1029444 -0.0734974 0.007627635 0.9919388
17.5150 FirstCar 41.18102 0.025 2.97 0 90 0 0 0.7071068 0 0.7071068 13.8889 0
17.5150 SecondCar -7.399161 0.025 2.97 0 90 0 0 0.7071068 0 0.7071068 0 0
17.5164 Head 0 1.6 5.454222 11.85001 351.5249 -5.45228E-08 0.1029444 -0.0734974 0.007627635 0.9919388
17.5164 FirstCar 41.20085 0.025 2.97 0 90 0 0 0.7071068 0 0.7071068 13.8889 0
17.5164 SecondCar -7.399161 0.025 2.97 0 90 0 0 0.7071068 0 0.7071068 0 0
17.5180 Head 0 1.6 5.456093 11.85001 351.5249 -5.45228E-08 0.1029444 -0.0734974 0.007627635 0.9919388
17.5180 FirstCar 41.2229 0.025 2.97 0 90 0 0 0.7071068 0 0.7071068 13.8889 0
17.5180 SecondCar -7.399161 0.025 2.97 0 90 0 0 0.7071068 0 0.7071068 0 0
17.5197 Head 0 1.6 5.458173 11.85001 351.5249 -5.45228E-08 0.1029444 -0.0734974 0.007627635 0.9919388
17.5197 FirstCar 41.24711 0.025 2.97 0 90 0 0 0.7071068 0 0.7071068 13.8889 0
17.5197 SecondCar -7.399161 0.025 2.97 0 90 0 0 0.7071068 0 0.7071068 0 0
17.5212 Head 0 1.6 5.460456 11.85001 351.5249 -5.45228E-08 0.1029444 -0.0734974 0.007627635 0.9919388
17.5212 FirstCar 41.26757 0.025 2.97 0 90 0 0 0.7071068 0 0.7071068 13.8889 0
17.5212 SecondCar -7.399161 0.025 2.97 0 90 0 0 0.7071068 0 0.7071068 0 0
17.5235 Head 0 1.6 5.462386 11.85001 351.5249 -5.45228E-08 0.1029444 -0.0734974 0.007627635 0.9919388
17.5235 FirstCar 41.29925 0.025 2.97 0 90 0 0 0.7071068 0 0.7071068 13.8889 0
17.5235 SecondCar -7.399161 0.025 2.97 0 90 0 0 0.7071068 0 0.7071068 0 0
17.5252 Head 0 1.6 5.465374 11.85001 351.5249 -5.45228E-08 0.1029444 -0.0734974 0.007627635 0.9919388
17.5252 FirstCar 41.32304 0.025 2.97 0 90 0 0 0.7071068 0 0.7071068 13.8889 0
17.5252 SecondCar -7.399161 0.025 2.97 0 90 0 0 0.7071068 0 0.7071068 0 0
17.5267 Head 0 1.6 5.467617 11.85001 351.5249 -5.45228E-08 0.1029444 -0.0734974 0.007627635 0.9919388
17.5267 FirstCar 41.34359 0.025 2.97 0 90 0 0 0.7071068 0 0.7071068 13.8889 0
17.5267 SecondCar -7.399161 0.025 2.97 0 90 0 0 0.7071068 0 0.7071068 0 0
17.5284 Head 0 1.6 5.469556 11.85001 351.5249 -5.45228E-08 0.1029444 -0.0734974 0.007627635 0.9919388
17.5284 FirstCar 41.36789 0.025 2.97 0 90 0 0 0.7071068 0 0.7071068 13.8889 0
17.5284 SecondCar -7.399161 0.025 2.97 0 90 0 0 0.7071068 0 0.7071068 0 0
17.5302 Head 0 1.6 5.471848 11.85001 351.5249 -5.45228E-08 0.1029444 -0.0734974 0.007627635 0.9919388
17.5302 FirstCar 41.39213 0.025 2.97 0 90 0 0 0.7071068 0 0.7071068 13.8889 0
17.5302 SecondCar -7.399161 0.025 2.97 0 90 0 0 0.7071068 0 0.7071068 0 0
17.5320 Head 0 1.6 5.474134 11.85001 351.5249 -5.45228E-08 0.1029444 -0.0734974 0.007627635 0.9919388
17.5320 FirstCar 41.41763 0.025 2.97 0 90 0 0 0.7071068 0 0.7071068 13.8889 0
17.5320 SecondCar -7.399161 0.025 2.97 0 90 0 0 0.7071068 0 0.7071068 0 0
17.5336 Head 0 1.6 5.47654 11.85001 351.5249 -5.45228E-08 0.1029444 -0.0734974 0.007627635 0.9919388
17.5336 FirstCar 41.43993 0.025 2.97 0 90 0 0 0.7071068 0 0.7071068 13.8889 0
17.5336 SecondCar -7.399161 0.025 2.97 0 90 0 0 0.7071068 0 0.7071068 0 0
17.5352 Head 0 1.6 5.478643 11.85001 351.5249 -5.45228E-08 0.1029444 -0.0734974 0.007627635 0.9919388
17.5352 FirstCar 41.4617 0.025 2.97 0 90 0 0 0.7071068 0 0.7071068 13.8889 0
17.5352 SecondCar -7.399161 0.025 2.97 0 90 0 0 0.7071068 0 0.7071068 0 0
17.5366 Head 0 1.6 5.480695 11.85001 351.5249 -5.45228E-08 0.1029444 -0.0734974 0.007627635 0.9919388
17.5366 FirstCar 41.4813 0.025 2.97 0 90 0 0 0.7071068 0 0.7071068 13.8889 0
17.5366 SecondCar -7.399161 0.025 2.97 0 90 0 0 0.7071068 0 0.7071068 0 0
17.5381 Head 0 1.6 5.482545 11.85001 351.5249 -5.45228E-08 0.1029444 -0.0734974 0.007627635 0.9919388
17.5381 FirstCar 41.50174 0.025 2.97 0 90 0 0 0.7071068 0 0.7071068 13.8889 0
17.5381 SecondCar -7.399161 0.025 2.97 0 90 0 0 0.7071068 0 0.7071068 0 0
17.5398 Head 0 1.6 5.484472 11.85001 351.5249 -5.45228E-08 0.1029444 -0.0734974 0.007627635 0.9919388
17.5398 FirstCar 41.5257 0.025 2.97 0 90 0 0 0.7071068 0 0.7071068 13.8889 0
17.5398 SecondCar -7.399161 0.025 2.97 0 90 0 0 0.7071068 0 0.7071068 0 0
17.5412 Head 0 1.6 5.486733 11.85001 351.5249 -5.45228E-08 0.1029444 -0.0734974 0.007627635 0.9919388
17.5412 FirstCar 41.54599 0.025 2.97 0 90 0 0 0.7071068 0 0.7071068 13.8889 0
17.5412 SecondCar -7.399161 0.025 2.97 0 90 0 0 0.7071068 0 0.7071068 0 0
17.5426 Head 0 1.6 5.488646 11.85001 351.5249 -5.45228E-08 0.1029444 -0.0734974 0.007627635 0.9919388
17.5426 FirstCar 41.56553 0.025 2.97 0 90 0 0 0.7071068 0 0.7071068 13.8889 0
17.5426 SecondCar -7.399161 0.025 2.97 0 90 0 0 0.7071068 0 0.7071068 0 0
17.5440 Head 0 1.6 5.490489 11.85001 351.5249 -5.45228E-08 0.1029444 -0.0734974 0.007627635 0.9919388
17.5440 FirstCar 41.58501 0.025 2.97 0 90 0 0 0.7071068 0 0.7071068 13.8889 0
17.5440 SecondCar -7.399161 0.025 2.97 0 90 0 0 0.7071068 0 0.7071068 0 0
17.5454 Head 0 1.6 5.492327 11.85001 351.5249 -5.45228E-08 0.1029444 -0.0734974 0.007627635 0.9919388
17.5454 FirstCar 41.60379 0.025 2.97 0 90 0 0 0.7071068 0 0.7071068 13.8889 0
17.5454 SecondCar -7.399161 0.025 2.97 0 90 0 0 0.7071068 0 0.7071068 0 0
17.5468 Head 0 1.6 5.494098 11.85001 351.5249 -5.45228E-08 0.1029444 -0.0734974 0.007627635 0.9919388
17.5468 FirstCar 41.6229 0.025 2.97 0 90 0 0 0.7071068 0 0.7071068 13.8889 0
17.5468 SecondCar -7.399161 0.025 2.97 0 90 0 0 0.7071068 0 0.7071068 0 0
17.5483 Head 0 1.6 5.495901 11.85001 351.5249 -5.45228E-08 0.1029444 -0.0734974 0.007627635 0.9919388
17.5483 FirstCar 41.64353 0.025 2.97 0 90 0 0 0.7071068 0 0.7071068 13.8889 0
17.5483 SecondCar -7.399161 0.025 2.97 0 90 0 0 0.7071068 0 0.7071068 0 0
17.5497 Head 0 1.6 5.497847 11.85001 351.5249 -5.45228E-08 0.1029444 -0.0734974 0.007627635 0.9919388
17.5497 FirstCar 41.66414 0.025 2.97 0 90 0 0 0.7071068 0 0.7071068 13.8889 0
17.5497 SecondCar -7.399161 0.025 2.97 0 90 0 0 0.7071068 0 0.7071068 0 0
17.5512 Head 0 1.6 5.49979 11.85001 351.5249 -5.45228E-08 0.1029444 -0.0734974 0.007627635 0.9919388
17.5512 FirstCar 41.68412 0.025 2.97 0 90 0 0 0.7071068 0 0.7071068 13.8889 0
17.5512 SecondCar -7.399161 0.025 2.97 0 90 0 0 0.7071068 0 0.7071068 0 0
17.5531 Head 0 1.6 5.501675 11.85001 351.5249 -5.45228E-08 0.1029444 -0.0734974 0.007627635 0.9919388
17.5531 FirstCar 41.71058 0.025 2.97 0 90 0 0 0.7071068 0 0.7071068 13.8889 0
17.5531 SecondCar -7.399161 0.025 2.97 0 90 0 0 0.7071068 0 0.7071068 0 0
17.5553 Head 0 1.6 5.50417 11.85001 351.5249 -5.45228E-08 0.1029444 -0.0734974 0.007627635 0.9919388
17.5553 FirstCar 41.74098 0.025 2.97 0 90 0 0 0.7071068 0 0.7071068 13.8889 0
17.5553 SecondCar -7.399161 0.025 2.97 0 90 0 0 0.7071068 0 0.7071068 0 0
17.5571 Head 0 1.6 5.507038 11.85001 351.5249 -5.45228E-08 0.1029444 -0.0734974 0.007627635 0.9919388
17.5571 FirstCar 41.76579 0.025 2.97 0 90 0 0 0.7071068 0 0.7071068 13.8889 0
17.5571 SecondCar -7.399161 0.025 2.97 0 90 0 0 0.7071068 0 0.7071068 0 0
17.5588 Head 0 1.6 5.509378 11.85001 351.5249 -5.45228E-08 0.1029444 -0.0734974 0.007627635 0.9919388
17.5588 FirstCar 41.78926 0.025 2.97 0 90 0 0 0.7071068 0 0.7071068 13.8889 0
17.5588 SecondCar -7.399161 0.025 2.97 0 90 0 0 0.7071068 0 0.7071068 0 0
17.5602 Head 0 1.6 5.511592 11.85001 351.5249 -5.45228E-08 0.1029444 -0.0734974 0.007627635 0.9919388
17.5602 FirstCar 41.80952 0.025 2.97 0 90 0 0 0.7071068 0 0.7071068 13.8889 0
17.5602 SecondCar -7.399161 0.025 2.97 0 90 0 0 0.7071068 0 0.7071068 0 0
17.5616 Head 0 1.6 5.513502 11.85001 351.5249 -5.45228E-08 0.1029444 -0.0734974 0.007627635 0.9919388
17.5616 FirstCar 41.82889 0.025 2.97 0 90 0 0 0.7071068 0 0.7071068 13.8889 0
17.5616 SecondCar -7.399161 0.025 2.97 0 90 0 0 0.7071068 0 0.7071068 0 0
17.5630 Head 0 1.6 5.515329 11.85001 351.5249 -5.45228E-08 0.1029444 -0.0734974 0.007627635 0.9919388
17.5630 FirstCar 41.84821 0.025 2.97 0 90 0 0 0.7071068 0 0.7071068 13.8889 0
17.5630 SecondCar -7.399161 0.025 2.97 0 90 0 0 0.7071068 0 0.7071068 0 0
17.5644 Head 0 1.6 5.517152 11.85001 351.5249 -5.45228E-08 0.1029444 -0.0734974 0.007627635 0.9919388
17.5644 FirstCar 41.86739 0.025 2.97 0 90 0 0 0.7071068 0 0.7071068 13.8889 0
17.5644 SecondCar -7.399161 0.025 2.97 0 90 0 0 0.7071068 0 0.7071068 0 0
17.5658 Head 0 1.6 5.51896 11.85001 351.5249 -5.45228E-08 0.1029444 -0.0734974 0.007627635 0.9919388
17.5658 FirstCar 41.88654 0.025 2.97 0 90 0 0 0.7071068 0 0.7071068 13.8889 0
17.5658 SecondCar -7.399161 0.025 2.97 0 90 0 0 0.7071068 0 0.7071068 0 0
17.5672 Head 0 1.6 5.520766 11.85001 351.5249 -5.45228E-08 0.1029444 -0.0734974 0.007627635 0.9919388
17.5672 FirstCar 41.90629 0.025 2.97 0 90 0 0 0.7071068 0 0.7071068 13.8889 0
17.5672 SecondCar -7.399161 0.025 2.97 0 90 0 0 0.7071068 0 0.7071068 0 0
17.5688 Head 0 1.6 5.52263 11.85001 351.5249 -5.45228E-08 0.1029444 -0.0734974 0.007627635 0.9919388
17.5688 FirstCar 41.92807 0.025 2.97 0 90 0 0 0.7071068 0 0.7071068 13.8889 0
17.5688 SecondCar -7.399161 0.025 2.97 0 90 0 0 0.7071068 0 0.7071068 0 0
17.5702 Head 0 1.6 5.524684 11.85001 351.5249 -5.45228E-08 0.1029444 -0.0734974 0.007627635 0.9919388
17.5702 FirstCar 41.94803 0.025 2.97 0 90 0 0 0.7071068 0 0.7071068 13.8889 0
17.5702 SecondCar -7.399161 0.025 2.97 0 90 0 0 0.7071068 0 0.7071068 0 0
17.5720 Head 0 1.6 5.526567 11.85001 351.5249 -5.45228E-08 0.1029444 -0.0734974 0.007627635 0.9919388
17.5720 FirstCar 41.97359 0.025 2.97 0 90 0 0 0.7071068 0 0.7071068 13.8889 0
17.5720 SecondCar -7.399161 0.025 2.97 0 90 0 0 0.7071068 0 0.7071068 0 0
17.5735 Head 0 1.6 5.528978 11.85001 351.5249 -5.45228E-08 0.1029444 -0.0734974 0.007627635 0.9919388
17.5735 FirstCar 41.99431 0.025 2.97 0 90 0 0 0.7071068 0 0.7071068 13.8889 0
17.5735 SecondCar -7.399161 0.025 2.97 0 90 0 0 0.7071068 0 0.7071068 0 0
17.5749 Head 0 1.6 5.530932 11.85001 351.5249 -5.45228E-08 0.1029444 -0.0734974 0.007627635 0.9919388
17.5749 FirstCar 42.01403 0.025 2.97 0 90 0 0 0.7071068 0 0.7071068 13.8889 0
17.5749 SecondCar -7.399161 0.025 2.97 0 90 0 0 0.7071068 0 0.7071068 0 0
17.5763 Head 0 1.6 5.532792 11.85001 351.5249 -5.45228E-08 0.1029444 -0.0734974 0.007627635 0.9919388
17.5763 FirstCar 42.03279 0.025 2.97 0 90 0 0 0.7071068 0 0.7071068 13.8889 0
17.5763 SecondCar -7.399161 0.025 2.97 0 90 0 0 0.7071068 0 0.7071068 0 0
17.5778 Head 0 1.6 5.534561 11.85001 351.5249 -5.45228E-08 0.1029444 -0.0734974 0.007627635 0.9919388
17.5778 FirstCar 42.05382 0.025 2.97 0 90 0 0 0.7071068 0 0.7071068 13.8889 0
17.5778 SecondCar -7.399161 0.025 2.97 0 90 0 0 0.7071068 0 0.7071068 0 0
17.5793 Head 0 1.6 5.536545 11.85001 351.5249 -5.45228E-08 0.1029444 -0.0734974 0.007627635 0.9919388
17.5793 FirstCar 42.07406 0.025 2.97 0 90 0 0 0.7071068 0 0.7071068 13.8889 0
17.5793 SecondCar -7.399161 0.025 2.97 0 90 0 0 0.7071068 0 0.7071068 0 0
17.5807 Head 0 1.6 5.538454 11.85001 351.5249 -5.45228E-08 0.1029444 -0.0734974 0.007627635 0.9919388
17.5807 FirstCar 42.09345 0.025 2.97 0 90 0 0 0.7071068 0 0.7071068 13.8889 0
17.5807 SecondCar -7.399161 0.025 2.97 0 90 0 0 0.7071068 0 0.7071068 0 0
17.5821 Head 0 1.6 5.540283 11.85001 351.5249 -5.45228E-08 0.1029444 -0.0734974 0.007627635 0.9919388
17.5821 FirstCar 42.1134 0.025 2.97 0 90 0 0 0.7071068 0 0.7071068 13.8889 0
17.5821 SecondCar -7.399161 0.025 2.97 0 90 0 0 0.7071068 0 0.7071068 0 0
17.5842 Head 0 1.6 5.542164 11.85001 351.5249 -5.45228E-08 0.1029444 -0.0734974 0.007627635 0.9919388
17.5842 FirstCar 42.14245 0.025 2.97 0 90 0 0 0.7071068 0 0.7071068 13.8889 0
17.5842 SecondCar -7.399161 0.025 2.97 0 90 0 0 0.7071068 0 0.7071068 0 0
17.5860 Head 0 1.6 5.544904 11.85001 351.5249 -5.45228E-08 0.1029444 -0.0734974 0.007627635 0.9919388
17.5860 FirstCar 42.16737 0.025 2.97 0 90 0 0 0.7071068 0 0.7071068 13.8889 0
17.5860 SecondCar -7.399161 0.025 2.97 0 90 0 0 0.7071068 0 0.7071068 0 0
17.5875 Head 0 1.6 5.547255 11.85001 351.5249 -5.45228E-08 0.1029444 -0.0734974 0.007627635 0.9919388
17.5875 FirstCar 42.18879 0.025 2.97 0 90 0 0 0.7071068 0 0.7071068 13.8889 0
17.5875 SecondCar -7.399161 0.025 2.97 0 90 0 0 0.7071068 0 0.7071068 0 0
17.5898 Head 0 1.6 5.549275 11.85001 351.5249 -5.45228E-08 0.1029444 -0.0734974 0.007627635 0.9919388
17.5898 FirstCar 42.21989 0.025 2.97 0 90 0 0 0.7071068 0 0.7071068 13.8889 0
17.5898 SecondCar -7.399161 0.025 2.97 0 90 0 0 0.7071068 0 0.7071068 0 0
17.5928 Head 0 1.6 5.552208 11.85001 351.5249 -5.45228E-08 0.1029444 -0.0734974 0.007627635 0.9919388
17.5928 FirstCar 42.26173 0.025 2.97 0 90 0 0 0.7071068 0 0.7071068 13.8889 0
17.5928 SecondCar -7.399161 0.025 2.97 0 90 0 0 0.7071068 0 0.7071068 0 0
17.5946 Head 0 1.6 5.556155 11.85001 351.5249 -5.45228E-08 0.1029444 -0.0734974 0.007627635 0.9919388
17.5946 FirstCar 42.28764 0.025 2.97 0 90 0 0 0.7071068 0 0.7071068 13.8889 0
17.5946 SecondCar -7.399161 0.025 2.97 0 90 0 0 0.7071068 0 0.7071068 0 0
17.5964 Head 0 1.6 5.558598 11.85001 351.5249 -5.45228E-08 0.1029444 -0.0734974 0.007627635 0.9919388
17.5964 FirstCar 42.31252 0.025 2.97 0 90 0 0 0.7071068 0 0.7071068 13.8889 0
17.5964 SecondCar -7.399161 0.025 2.97 0 90 0 0 0.7071068 0 0.7071068 0 0
17.5982 Head 0 1.6 5.560945 11.85001 351.5249 -5.45228E-08 0.1029444 -0.0734974 0.007627635 0.9919388
17.5982 FirstCar 42.33647 0.025 2.97 0 90 0 0 0.7071068 0 0.7071068 13.8889 0
17.5982 SecondCar -7.399161 0.025 2.97 0 90 0 0 0.7071068 0 0.7071068 0 0
17.5997 Head 0 1.6 5.563204 11.85001 351.5249 -5.45228E-08 0.1029444 -0.0734974 0.007627635 0.9919388
17.5997 FirstCar 42.35828 0.025 2.97 0 90 0 0 0.7071068 0 0.7071068 13.8889 0
17.5997 SecondCar -7.399161 0.025 2.97 0 90 0 0 0.7071068 0 0.7071068 0 0
17.6014 Head 0 1.6 5.565262 11.85001 351.5249 -5.45228E-08 0.1029444 -0.0734974 0.007627635 0.9919388
17.6014 FirstCar 42.38126 0.025 2.97 0 90 0 0 0.7071068 0 0.7071068 13.8889 0
17.6014 SecondCar -7.399161 0.025 2.97 0 90 0 0 0.7071068 0 0.7071068 0 0
17.6029 Head 0 1.6 5.567429 11.85001 351.5249 -5.45228E-08 0.1029444 -0.0734974 0.007627635 0.9919388
17.6029 FirstCar 42.40279 0.025 2.97 0 90 0 0 0.7071068 0 0.7071068 13.8889 0
17.6029 SecondCar -7.399161 0.025 2.97 0 90 0 0 0.7071068 0 0.7071068 0 0
17.6043 Head 0 1.6 5.56946 11.85001 351.5249 -5.45228E-08 0.1029444 -0.0734974 0.007627635 0.9919388
17.6043 FirstCar 42.42237 0.025 2.97 0 90 0 0 0.7071068 0 0.7071068 13.8889 0
17.6043 SecondCar -7.399161 0.025 2.97 0 90 0 0 0.7071068 0 0.7071068 0 0
17.6058 Head 0 1.6 5.571307 11.85001 351.5249 -5.45228E-08 0.1029444 -0.0734974 0.007627635 0.9919388
17.6058 FirstCar 42.44215 0.025 2.97 0 90 0 0 0.7071068 0 0.7071068 13.8889 0
17.6058 SecondCar -7.399161 0.025 2.97 0 90 0 0 0.7071068 0 0.7071068 0 0
17.6072 Head 0 1.6 5.573172 11.85001 351.5249 -5.45228E-08 0.1029444 -0.0734974 0.007627635 0.9919388
17.6072 FirstCar 42.46241 0.025 2.97 0 90 0 0 0.7071068 0 0.7071068 13.8889 0
17.6072 SecondCar -7.399161 0.025 2.97 0 90 0 0 0.7071068 0 0.7071068 0 0
17.6087 Head 0 1.6 5.575083 11.85001 351.5249 -5.45228E-08 0.1029444 -0.0734974 0.007627635 0.9919388
17.6087 FirstCar 42.48285 0.025 2.97 0 90 0 0 0.7071068 0 0.7071068 13.8889 0
17.6087 SecondCar -7.399161 0.025 2.97 0 90 0 0 0.7071068 0 0.7071068 0 0
17.6102 Head 0 1.6 5.577011 11.85001 351.5249 -5.45228E-08 0.1029444 -0.0734974 0.007627635 0.9919388
17.6102 FirstCar 42.50314 0.025 2.97 0 90 0 0 0.7071068 0 0.7071068 13.8889 0
17.6102 SecondCar -7.399161 0.025 2.97 0 90 0 0 0.7071068 0 0.7071068 0 0
17.6118 Head 0 1.6 5.578925 11.85001 351.5249 -5.45228E-08 0.1029444 -0.0734974 0.007627635 0.9919388
17.6118 FirstCar 42.52631 0.025 2.97 0 90 0 0 0.7071068 0 0.7071068 13.8889 0
17.6118 SecondCar -7.399161 0.025 2.97 0 90 0 0 0.7071068 0 0.7071068 0 0
17.6133 Head 0 1.6 5.58111 11.85001 351.5249 -5.45228E-08 0.1029444 -0.0734974 0.007627635 0.9919388
17.6133 FirstCar 42.54654 0.025 2.97 0 90 0 0 0.7071068 0 0.7071068 13.8889 0
17.6133 SecondCar -7.399161 0.025 2.97 0 90 0 0 0.7071068 0 0.7071068 0 0
17.6147 Head 0 1.6 5.583018 11.85001 351.5249 -5.45228E-08 0.1029444 -0.0734974 0.007627635 0.9919388
17.6147 FirstCar 42.56666 0.025 2.97 0 90 0 0 0.7071068 0 0.7071068 13.8889 0
17.6147 SecondCar -7.399161 0.025 2.97 0 90 0 0 0.7071068 0 0.7071068 0 0
17.6166 Head 0 1.6 5.584916 11.85001 351.5249 -5.45228E-08 0.1029444 -0.0734974 0.007627635 0.9919388
17.6166 FirstCar 42.59301 0.025 2.97 0 90 0 0 0.7071068 0 0.7071068 13.8889 0
17.6166 SecondCar -7.399161 0.025 2.97 0 90 0 0 0.7071068 0 0.7071068 0 0
17.6186 Head 0 1.6 5.5874 11.85001 351.5249 -5.45228E-08 0.1029444 -0.0734974 0.007627635 0.9919388
17.6186 FirstCar 42.61996 0.025 2.97 0 90 0 0 0.7071068 0 0.7071068 13.8889 0
17.6186 SecondCar -7.399161 0.025 2.97 0 90 0 0 0.7071068 0 0.7071068 0 0
17.6202 Head 0 1.6 5.589943 11.85001 351.5249 -5.45228E-08 0.1029444 -0.0734974 0.007627635 0.9919388
17.6202 FirstCar 42.64288 0.025 2.97 0 90 0 0 0.7071068 0 0.7071068 13.8889 0
17.6202 SecondCar -7.399161 0.025 2.97 0 90 0 0 0.7071068 0 0.7071068 0 0
17.6218 Head 0 1.6 5.592104 11.85001 351.5249 -5.45228E-08 0.1029444 -0.0734974 0.007627635 0.9919388
17.6218 FirstCar 42.66503 0.025 2.97 0 90 0 0 0.7071068 0 0.7071068 13.8889 0
17.6218 SecondCar -7.399161 0.025 2.97 0 90 0 0 0.7071068 0 0.7071068 0 0
17.6233 Head 0 1.6 5.594194 11.85001 351.5249 -5.45228E-08 0.1029444 -0.0734974 0.007627635 0.9919388
17.6233 FirstCar 42.68509 0.025 2.97 0 90 0 0 0.7071068 0 0.7071068 13.8889 0
17.6233 SecondCar -7.399161 0.025 2.97 0 90 0 0 0.7071068 0 0.7071068 0 0
17.6247 Head 0 1.6 5.596087 11.85001 351.5249 -5.45228E-08 0.1029444 -0.0734974 0.007627635 0.9919388
17.6247 FirstCar 42.7047 0.025 2.97 0 90 0 0 0.7071068 0 0.7071068 13.8889 0
17.6247 SecondCar -7.399161 0.025 2.97 0 90 0 0 0.7071068 0 0.7071068 0 0
17.6260 Head 0 1.6 5.597936 11.85001 351.5249 -5.45228E-08 0.1029444 -0.0734974 0.007627635 0.9919388
17.6260 FirstCar 42.72386 0.025 2.97 0 90 0 0 0.7071068 0 0.7071068 13.8889 0
17.6260 SecondCar -7.399161 0.025 2.97 0 90 0 0 0.7071068 0 0.7071068 0 0
17.6275 Head 0 1.6 5.599743 11.85001 351.5249 -5.45228E-08 0.1029444 -0.0734974 0.007627635 0.9919388
17.6275 FirstCar 42.74345 0.025 2.97 0 90 0 0 0.7071068 0 0.7071068 13.8889 0
17.6275 SecondCar -7.399161 0.025 2.97 0 90 0 0 0.7071068 0 0.7071068 0 0
17.6290 Head 0 1.6 5.601591 11.85001 351.5249 -5.45228E-08 0.1029444 -0.0734974 0.007627635 0.9919388
17.6290 FirstCar 42.76535 0.025 2.97 0 90 0 0 0.7071068 0 0.7071068 13.8889 0
17.6290 SecondCar -7.399161 0.025 2.97 0 90 0 0 0.7071068 0 0.7071068 0 0
17.6304 Head 0 1.6 5.603657 11.85001 351.5249 -5.45228E-08 0.1029444 -0.0734974 0.007627635 0.9919388
17.6304 FirstCar 42.78444 0.025 2.97 0 90 0 0 0.7071068 0 0.7071068 13.8889 0
17.6304 SecondCar -7.399161 0.025 2.97 0 90 0 0 0.7071068 0 0.7071068 0 0
17.6321 Head 0 1.6 5.605457 11.85001 351.5249 -5.45228E-08 0.1029444 -0.0734974 0.007627635 0.9919388
17.6321 FirstCar 42.80832 0.025 2.97 0 90 0 0 0.7071068 0 0.7071068 13.8889 0
17.6321 SecondCar -7.399161 0.025 2.97 0 90 0 0 0.7071068 0 0.7071068 0 0
17.6336 Head 0 1.6 5.60771 11.85001 351.5249 -5.45228E-08 0.1029444 -0.0734974 0.007627635 0.9919388
17.6336 FirstCar 42.8285 0.025 2.97 0 90 0 0 0.7071068 0 0.7071068 13.8889 0
17.6336 SecondCar -7.399161 0.025 2.97 0 90 0 0 0.7071068 0 0.7071068 0 0
17.6350 Head 0 1.6 5.609613 11.85001 351.5249 -5.45228E-08 0.1029444 -0.0734974 0.007627635 0.9919388
17.6350 FirstCar 42.84826 0.025 2.97 0 90 0 0 0.7071068 0 0.7071068 13.8889 0
17.6350 SecondCar -7.399161 0.025 2.97 0 90 0 0 0.7071068 0 0.7071068 0 0
17.6364 Head 0 1.6 5.611477 11.85001 351.5249 -5.45228E-08 0.1029444 -0.0734974 0.007627635 0.9919388
17.6364 FirstCar 42.86788 0.025 2.97 0 90 0 0 0.7071068 0 0.7071068 13.8889 0
17.6364 SecondCar -7.399161 0.025 2.97 0 90 0 0 0.7071068 0 0.7071068 0 0
17.6378 Head 0 1.6 5.613328 11.85001 351.5249 -5.45228E-08 0.1029444 -0.0734974 0.007627635 0.9919388
17.6378 FirstCar 42.88666 0.025 2.97 0 90 0 0 0.7071068 0 0.7071068 13.8889 0
17.6378 SecondCar -7.399161 0.025 2.97 0 90 0 0 0.7071068 0 0.7071068 0 0
17.6392 Head 0 1.6 5.615099 11.85001 351.5249 -5.45228E-08 0.1029444 -0.0734974 0.007627635 0.9919388
17.6392 FirstCar 42.90645 0.025 2.97 0 90 0 0 0.7071068 0 0.7071068 13.8889 0
17.6392 SecondCar -7.399161 0.025 2.97 0 90 0 0 0.7071068 0 0.7071068 0 0
17.6406 Head 0 1.6 5.616966 11.85001 351.5249 -5.45228E-08 0.1029444 -0.0734974 0.007627635 0.9919388
17.6406 FirstCar 42.92591 0.025 2.97 0 90 0 0 0.7071068 0 0.7071068 13.8889 0
17.6406 SecondCar -7.399161 0.025 2.97 0 90 0 0 0.7071068 0 0.7071068 0 0
17.6419 Head 0 1.6 5.618801 11.85001 351.5249 -5.45228E-08 0.1029444 -0.0734974 0.007627635 0.9919388
17.6419 FirstCar 42.94469 0.025 2.97 0 90 0 0 0.7071068 0 0.7071068 13.8889 0
17.6419 SecondCar -7.399161 0.025 2.97 0 90 0 0 0.7071068 0 0.7071068 0 0
17.6433 Head 0 1.6 5.620573 11.85001 351.5249 -5.45228E-08 0.1029444 -0.0734974 0.007627635 0.9919388
17.6433 FirstCar 42.964 0.025 2.97 0 90 0 0 0.7071068 0 0.7071068 13.8889 0
17.6433 SecondCar -7.399161 0.025 2.97 0 90 0 0 0.7071068 0 0.7071068 0 0
17.6447 Head 0 1.6 5.622394 11.85001 351.5249 -5.45228E-08 0.1029444 -0.0734974 0.007627635 0.9919388
17.6447 FirstCar 42.98315 0.025 2.97 0 90 0 0 0.7071068 0 0.7071068 13.8889 0
17.6447 SecondCar -7.399161 0.025 2.97 0 90 0 0 0.7071068 0 0.7071068 0 0
17.6462 Head 0 1.6 5.6242 11.85001 351.5249 -5.45228E-08 0.1029444 -0.0734974 0.007627635 0.9919388
17.6462 FirstCar 43.00373 0.025 2.97 0 90 0 0 0.7071068 0 0.7071068 13.8889 0
17.6462 SecondCar -7.399161 0.025 2.97 0 90 0 0 0.7071068 0 0.7071068 0 0
17.6475 Head 0 1.6 5.626141 11.85001 351.5249 -5.45228E-08 0.1029444 -0.0734974 0.007627635 0.9919388
17.6475 FirstCar 43.02188 0.025 2.97 0 90 0 0 0.7071068 0 0.7071068 13.8889 0
17.6475 SecondCar -7.399161 0.025 2.97 0 90 0 0 0.7071068 0 0.7071068 0 0
17.6490 Head 0 1.6 5.627853 11.85001 351.5249 -5.45228E-08 0.1029444 -0.0734974 0.007627635 0.9919388
17.6490 FirstCar 43.04296 0.025 2.97 0 90 0 0 0.7071068 0 0.7071068 13.8889 0
17.6490 SecondCar -7.399161 0.025 2.97 0 90 0 0 0.7071068 0 0.7071068 0 0
17.6506 Head 0 1.6 5.629841 11.85001 351.5249 -5.45228E-08 0.1029444 -0.0734974 0.007627635 0.9919388
17.6506 FirstCar 43.06477 0.025 2.97 0 90 0 0 0.7071068 0 0.7071068 13.8889 0
17.6506 SecondCar -7.399161 0.025 2.97 0 90 0 0 0.7071068 0 0.7071068 0 0
17.6525 Head 0 1.6 5.631898 11.85001 351.5249 -5.45228E-08 0.1029444 -0.0734974 0.007627635 0.9919388
17.6525 FirstCar 43.09105 0.025 2.97 0 90 0 0 0.7071068 0 0.7071068 13.8889 0
17.6525 SecondCar -7.399161 0.025 2.97 0 90 0 0 0.7071068 0 0.7071068 0 0
17.6541 Head 0 1.6 5.634377 11.85001 351.5249 -5.45228E-08 0.1029444 -0.0734974 0.007627635 0.9919388
17.6541 FirstCar 43.11415 0.025 2.97 0 90 0 0 0.7071068 0 0.7071068 13.8889 0
17.6541 SecondCar -7.399161 0.025 2.97 0 90 0 0 0.7071068 0 0.7071068 0 0
17.6557 Head 0 1.6 5.636556 11.85001 351.5249 -5.45228E-08 0.1029444 -0.0734974 0.007627635 0.9919388
17.6557 FirstCar 43.1355 0.025 2.97 0 90 0 0 0.7071068 0 0.7071068 13.8889 0
17.6557 SecondCar -7.399161 0.025 2.97 0 90 0 0 0.7071068 0 0.7071068 0 0
17.6573 Head 0 1.6 5.638569 11.85001 351.5249 -5.45228E-08 0.1029444 -0.0734974 0.007627635 0.9919388
17.6573 FirstCar 43.15805 0.025 2.97 0 90 0 0 0.7071068 0 0.7071068 13.8889 0
17.6573 SecondCar -7.399161 0.025 2.97 0 90 0 0 0.7071068 0 0.7071068 0 0
17.6589 Head 0 1.6 5.640697 11.85001 351.5249 -5.45228E-08 0.1029444 -0.0734974 0.007627635 0.9919388
17.6589 FirstCar 43.18077 0.025 2.97 0 90 0 0 0.7071068 0 0.7071068 13.8889 0
17.6589 SecondCar -7.399161 0.025 2.97 0 90 0 0 0.7071068 0 0.7071068 0 0
17.6605 Head 0 1.6 5.642839 11.85001 351.5249 -5.45228E-08 0.1029444 -0.0734974 0.007627635 0.9919388
17.6605 FirstCar 43.20227 0.025 2.97 0 90 0 0 0.7071068 0 0.7071068 13.8889 0
17.6605 SecondCar -7.399161 0.025 2.97 0 90 0 0 0.7071068 0 0.7071068 0 0
17.6620 Head 0 1.6 5.644868 11.85001 351.5249 -5.45228E-08 0.1029444 -0.0734974 0.007627635 0.9919388
17.6620 FirstCar 43.22371 0.025 2.97 0 90 0 0 0.7071068 0 0.7071068 13.8889 0
17.6620 SecondCar -7.399161 0.025 2.97 0 90 0 0 0.7071068 0 0.7071068 0 0
17.6641 Head 0 1.6 5.646889 11.85001 351.5249 -5.45228E-08 0.1029444 -0.0734974 0.007627635 0.9919388
17.6641 FirstCar 43.25212 0.025 2.97 0 90 0 0 0.7071068 0 0.7071068 13.8889 0
17.6641 SecondCar -7.399161 0.025 2.97 0 90 0 0 0.7071068 0 0.7071068 0 0
17.6657 Head 0 1.6 5.649569 11.85001 351.5249 -5.45228E-08 0.1029444 -0.0734974 0.007627635 0.9919388
17.6657 FirstCar 43.27488 0.025 2.97 0 90 0 0 0.7071068 0 0.7071068 13.8889 0
17.6657 SecondCar -7.399161 0.025 2.97 0 90 0 0 0.7071068 0 0.7071068 0 0
17.6673 Head 0 1.6 5.651716 11.85001 351.5249 -5.45228E-08 0.1029444 -0.0734974 0.007627635 0.9919388
17.6673 FirstCar 43.29699 0.025 2.97 0 90 0 0 0.7071068 0 0.7071068 13.8889 0
17.6673 SecondCar -7.399161 0.025 2.97 0 90 0 0 0.7071068 0 0.7071068 0 0
17.6690 Head 0 1.6 5.653802 11.85001 351.5249 -5.45228E-08 0.1029444 -0.0734974 0.007627635 0.9919388
17.6690 FirstCar 43.32022 0.025 2.97 0 90 0 0 0.7071068 0 0.7071068 13.8889 0
17.6690 SecondCar -7.399161 0.025 2.97 0 90 0 0 0.7071068 0 0.7071068 0 0
17.6708 Head 0 1.6 5.655993 11.85001 351.5249 -5.45228E-08 0.1029444 -0.0734974 0.007627635 0.9919388
17.6708 FirstCar 43.34488 0.025 2.97 0 90 0 0 0.7071068 0 0.7071068 13.8889 0
17.6708 SecondCar -7.399161 0.025 2.97 0 90 0 0 0.7071068 0 0.7071068 0 0
17.6724 Head 0 1.6 5.658319 11.85001 351.5249 -5.45228E-08 0.1029444 -0.0734974 0.007627635 0.9919388
17.6724 FirstCar 43.36806 0.025 2.97 0 90 0 0 0.7071068 0 0.7071068 13.8889 0
17.6724 SecondCar -7.399161 0.025 2.97 0 90 0 0 0.7071068 0 0.7071068 0 0
17.6739 Head 0 1.6 5.660505 11.85001 351.5249 -5.45228E-08 0.1029444 -0.0734974 0.007627635 0.9919388
17.6739 FirstCar 43.38905 0.025 2.97 0 90 0 0 0.7071068 0 0.7071068 13.8889 0
17.6739 SecondCar -7.399161 0.025 2.97 0 90 0 0 0.7071068 0 0.7071068 0 0
17.6754 Head 0 1.6 5.662485 11.85001 351.5249 -5.45228E-08 0.1029444 -0.0734974 0.007627635 0.9919388
17.6754 FirstCar 43.40896 0.025 2.97 0 90 0 0 0.7071068 0 0.7071068 13.8889 0
17.6754 SecondCar -7.399161 0.025 2.97 0 90 0 0 0.7071068 0 0.7071068 0 0
17.6768 Head 0 1.6 5.664363 11.85001 351.5249 -5.45228E-08 0.1029444 -0.0734974 0.007627635 0.9919388
17.6768 FirstCar 43.42881 0.025 2.97 0 90 0 0 0.7071068 0 0.7071068 13.8889 0
17.6768 SecondCar -7.399161 0.025 2.97 0 90 0 0 0.7071068 0 0.7071068 0 0
17.6783 Head 0 1.6 5.666235 11.85001 351.5249 -5.45228E-08 0.1029444 -0.0734974 0.007627635 0.9919388
17.6783 FirstCar 43.44958 0.025 2.97 0 90 0 0 0.7071068 0 0.7071068 13.8889 0
17.6783 SecondCar -7.399161 0.025 2.97 0 90 0 0 0.7071068 0 0.7071068 0 0
17.6798 Head 0 1.6 5.668194 11.85001 351.5249 -5.45228E-08 0.1029444 -0.0734974 0.007627635 0.9919388
17.6798 FirstCar 43.47059 0.025 2.97 0 90 0 0 0.7071068 0 0.7071068 13.8889 0
17.6798 SecondCar -7.399161 0.025 2.97 0 90 0 0 0.7071068 0 0.7071068 0 0
17.6816 Head 0 1.6 5.670177 11.85001 351.5249 -5.45228E-08 0.1029444 -0.0734974 0.007627635 0.9919388
17.6816 FirstCar 43.49572 0.025 2.97 0 90 0 0 0.7071068 0 0.7071068 13.8889 0
17.6816 SecondCar -7.399161 0.025 2.97 0 90 0 0 0.7071068 0 0.7071068 0 0
17.6834 Head 0 1.6 5.672547 11.85001 351.5249 -5.45228E-08 0.1029444 -0.0734974 0.007627635 0.9919388
17.6834 FirstCar 43.52024 0.025 2.97 0 90 0 0 0.7071068 0 0.7071068 13.8889 0
17.6834 SecondCar -7.399161 0.025 2.97 0 90 0 0 0.7071068 0 0.7071068 0 0
17.6849 Head 0 1.6 5.67486 11.85001 351.5249 -5.45228E-08 0.1029444 -0.0734974 0.007627635 0.9919388
17.6849 FirstCar 43.5419 0.025 2.97 0 90 0 0 0.7071068 0 0.7071068 13.8889 0
17.6849 SecondCar -7.399161 0.025 2.97 0 90 0 0 0.7071068 0 0.7071068 0 0
17.6867 Head 0 1.6 5.676903 11.85001 351.5249 -5.45228E-08 0.1029444 -0.0734974 0.007627635 0.9919388
17.6867 FirstCar 43.56589 0.025 2.97 0 90 0 0 0.7071068 0 0.7071068 13.8889 0
17.6867 SecondCar -7.399161 0.025 2.97 0 90 0 0 0.7071068 0 0.7071068 0 0
17.6882 Head 0 1.6 5.679165 11.85001 351.5249 -5.45228E-08 0.1029444 -0.0734974 0.007627635 0.9919388
17.6882 FirstCar 43.58752 0.025 2.97 0 90 0 0 0.7071068 0 0.7071068 13.8889 0
17.6882 SecondCar -7.399161 0.025 2.97 0 90 0 0 0.7071068 0 0.7071068 0 0
17.6897 Head 0 1.6 5.681206 11.85001 351.5249 -5.45228E-08 0.1029444 -0.0734974 0.007627635 0.9919388
17.6897 FirstCar 43.60782 0.025 2.97 0 90 0 0 0.7071068 0 0.7071068 13.8889 0
17.6897 SecondCar -7.399161 0.025 2.97 0 90 0 0 0.7071068 0 0.7071068 0 0
17.6912 Head 0 1.6 5.68312 11.85001 351.5249 -5.45228E-08 0.1029444 -0.0734974 0.007627635 0.9919388
17.6912 FirstCar 43.62832 0.025 2.97 0 90 0 0 0.7071068 0 0.7071068 13.8889 0
17.6912 SecondCar -7.399161 0.025 2.97 0 90 0 0 0.7071068 0 0.7071068 0 0
17.6929 Head 0 1.6 5.685054 11.85001 351.5249 -5.45228E-08 0.1029444 -0.0734974 0.007627635 0.9919388
17.6929 FirstCar 43.652 0.025 2.97 0 90 0 0 0.7071068 0 0.7071068 13.8889 0
17.6929 SecondCar -7.399161 0.025 2.97 0 90 0 0 0.7071068 0 0.7071068 0 0
17.6950 Head 0 1.6 5.687287 11.85001 351.5249 -5.45228E-08 0.1029444 -0.0734974 0.007627635 0.9919388
17.6950 FirstCar 43.68083 0.025 2.97 0 90 0 0 0.7071068 0 0.7071068 13.8889 0
17.6950 SecondCar -7.399161 0.025 2.97 0 90 0 0 0.7071068 0 0.7071068 0 0
17.6965 Head 0 1.6 5.690006 11.85001 351.5249 -5.45228E-08 0.1029444 -0.0734974 0.007627635 0.9919388
17.6965 FirstCar 43.70216 0.025 2.97 0 90 0 0 0.7071068 0 0.7071068 13.8889 0
17.6965 SecondCar -7.399161 0.025 2.97 0 90 0 0 0.7071068 0 0.7071068 0 0
17.6980 Head 0 1.6 5.692018 11.85001 351.5249 -5.45228E-08 0.1029444 -0.0734974 0.007627635 0.9919388
17.6980 FirstCar 43.72336 0.025 2.97 0 90 0 0 0.7071068 0 0.7071068 13.8889 0
17.6980 SecondCar -7.399161 0.025 2.97 0 90 0 0 0.7071068 0 0.7071068 0 0
17.6995 Head 0 1.6 5.694018 11.85001 351.5249 -5.45228E-08 0.1029444 -0.0734974 0.007627635 0.9919388
17.6995 FirstCar 43.74412 0.025 2.97 0 90 0 0 0.7071068 0 0.7071068 13.8889 0
17.6995 SecondCar -7.399161 0.025 2.97 0 90 0 0 0.7071068 0 0.7071068 0 0
17.7009 Head 0 1.6 5.695976 11.85001 351.5249 -5.45228E-08 0.1029444 -0.0734974 0.007627635 0.9919388
17.7009 FirstCar 43.76407 0.025 2.97 0 90 0 0 0.7071068 0 0.7071068 13.8889 0
17.7009 SecondCar -7.399161 0.025 2.97 0 90 0 0 0.7071068 0 0.7071068 0 0
17.7023 Head 0 1.6 5.697857 11.85001 351.5249 -5.45228E-08 0.1029444 -0.0734974 0.007627635 0.9919388
17.7023 FirstCar 43.78329 0.025 2.97 0 90 0 0 0.7071068 0 0.7071068 13.8889 0
17.7023 SecondCar -7.399161 0.025 2.97 0 90 0 0 0.7071068 0 0.7071068 0 0
17.7037 Head 0 1.6 5.69967 11.85001 351.5249 -5.45228E-08 0.1029444 -0.0734974 0.007627635 0.9919388
17.7037 FirstCar 43.80284 0.025 2.97 0 90 0 0 0.7071068 0 0.7071068 13.8889 0
17.7037 SecondCar -7.399161 0.025 2.97 0 90 0 0 0.7071068 0 0.7071068 0 0
17.7051 Head 0 1.6 5.701514 11.85001 351.5249 -5.45228E-08 0.1029444 -0.0734974 0.007627635 0.9919388
17.7051 FirstCar 43.82156 0.025 2.97 0 90 0 0 0.7071068 0 0.7071068 13.8889 0
17.7051 SecondCar -7.399161 0.025 2.97 0 90 0 0 0.7071068 0 0.7071068 0 0
17.7065 Head 0 1.6 5.703279 11.85001 351.5249 -5.45228E-08 0.1029444 -0.0734974 0.007627635 0.9919388
17.7065 FirstCar 43.84113 0.025 2.97 0 90 0 0 0.7071068 0 0.7071068 13.8889 0
17.7065 SecondCar -7.399161 0.025 2.97 0 90 0 0 0.7071068 0 0.7071068 0 0
17.7079 Head 0 1.6 5.705126 11.85001 351.5249 -5.45228E-08 0.1029444 -0.0734974 0.007627635 0.9919388
17.7079 FirstCar 43.86 0.025 2.97 0 90 0 0 0.7071068 0 0.7071068 13.8889 0
17.7079 SecondCar -7.399161 0.025 2.97 0 90 0 0 0.7071068 0 0.7071068 0 0
17.7093 Head 0 1.6 5.706905 11.85001 351.5249 -5.45228E-08 0.1029444 -0.0734974 0.007627635 0.9919388
17.7093 FirstCar 43.87984 0.025 2.97 0 90 0 0 0.7071068 0 0.7071068 13.8889 0
17.7093 SecondCar -7.399161 0.025 2.97 0 90 0 0 0.7071068 0 0.7071068 0 0
17.7107 Head 0 1.6 5.708777 11.85001 351.5249 -5.45228E-08 0.1029444 -0.0734974 0.007627635 0.9919388
17.7107 FirstCar 43.89941 0.025 2.97 0 90 0 0 0.7071068 0 0.7071068 13.8889 0
17.7107 SecondCar -7.399161 0.025 2.97 0 90 0 0 0.7071068 0 0.7071068 0 0
17.7125 Head 0 1.6 5.710624 11.85001 351.5249 -5.45228E-08 0.1029444 -0.0734974 0.007627635 0.9919388
17.7125 FirstCar 43.9241 0.025 2.97 0 90 0 0 0.7071068 0 0.7071068 13.8889 0
17.7125 SecondCar -7.399161 0.025 2.97 0 90 0 0 0.7071068 0 0.7071068 0 0
17.7140 Head 0 1.6 5.712952 11.85001 351.5249 -5.45228E-08 0.1029444 -0.0734974 0.007627635 0.9919388
17.7140 FirstCar 43.94505 0.025 2.97 0 90 0 0 0.7071068 0 0.7071068 13.8889 0
17.7140 SecondCar -7.399161 0.025 2.97 0 90 0 0 0.7071068 0 0.7071068 0 0
17.7155 Head 0 1.6 5.714929 11.85001 351.5249 -5.45228E-08 0.1029444 -0.0734974 0.007627635 0.9919388
17.7155 FirstCar 43.96641 0.025 2.97 0 90 0 0 0.7071068 0 0.7071068 13.8889 0
17.7155 SecondCar -7.399161 0.025 2.97 0 90 0 0 0.7071068 0 0.7071068 0 0
17.7172 Head 0 1.6 5.716943 11.85001 351.5249 -5.45228E-08 0.1029444 -0.0734974 0.007627635 0.9919388
17.7172 FirstCar 43.98941 0.025 2.97 0 90 0 0 0.7071068 0 0.7071068 13.8889 0
17.7172 SecondCar -7.399161 0.025 2.97 0 90 0 0 0.7071068 0 0.7071068 0 0
17.7188 Head 0 1.6 5.719113 11.85001 351.5249 -5.45228E-08 0.1029444 -0.0734974 0.007627635 0.9919388
17.7188 FirstCar 44.01265 0.025 2.97 0 90 0 0 0.7071068 0 0.7071068 13.8889 0
17.7188 SecondCar -7.399161 0.025 2.97 0 90 0 0 0.7071068 0 0.7071068 0 0
17.7204 Head 0 1.6 5.721304 11.85001 351.5249 -5.45228E-08 0.1029444 -0.0734974 0.007627635 0.9919388
17.7204 FirstCar 44.03431 0.025 2.97 0 90 0 0 0.7071068 0 0.7071068 13.8889 0
17.7204 SecondCar -7.399161 0.025 2.97 0 90 0 0 0.7071068 0 0.7071068 0 0
17.7220 Head 0 1.6 5.723348 11.85001 351.5249 -5.45228E-08 0.1029444 -0.0734974 0.007627635 0.9919388
17.7220 FirstCar 44.05646 0.025 2.97 0 90 0 0 0.7071068 0 0.7071068 13.8889 0
17.7220 SecondCar -7.399161 0.025 2.97 0 90 0 0 0.7071068 0 0.7071068 0 0
17.7236 Head 0 1.6 5.725437 11.85001 351.5249 -5.45228E-08 0.1029444 -0.0734974 0.007627635 0.9919388
17.7236 FirstCar 44.07853 0.025 2.97 0 90 0 0 0.7071068 0 0.7071068 13.8889 0
17.7236 SecondCar -7.399161 0.025 2.97 0 90 0 0 0.7071068 0 0.7071068 0 0
17.7251 Head 0 1.6 5.727519 11.85001 351.5249 -5.45228E-08 0.1029444 -0.0734974 0.007627635 0.9919388
17.7251 FirstCar 44.09967 0.025 2.97 0 90 0 0 0.7071068 0 0.7071068 13.8889 0
17.7251 SecondCar -7.399161 0.025 2.97 0 90 0 0 0.7071068 0 0.7071068 0 0
17.7267 Head 0 1.6 5.729513 11.85001 351.5249 -5.45228E-08 0.1029444 -0.0734974 0.007627635 0.9919388
17.7267 FirstCar 44.12185 0.025 2.97 0 90 0 0 0.7071068 0 0.7071068 13.8889 0
17.7267 SecondCar -7.399161 0.025 2.97 0 90 0 0 0.7071068 0 0.7071068 0 0
17.7290 Head 0 1.6 5.731605 11.85001 351.5249 -5.45228E-08 0.1029444 -0.0734974 0.007627635 0.9919388
17.7290 FirstCar 44.15356 0.025 2.97 0 90 0 0 0.7071068 0 0.7071068 13.8889 0
17.7290 SecondCar -7.399161 0.025 2.97 0 90 0 0 0.7071068 0 0.7071068 0 0
17.7308 Head 0 1.6 5.734596 11.85001 351.5249 -5.45228E-08 0.1029444 -0.0734974 0.007627635 0.9919388
17.7308 FirstCar 44.17907 0.025 2.97 0 90 0 0 0.7071068 0 0.7071068 13.8889 0
17.7308 SecondCar -7.399161 0.025 2.97 0 90 0 0 0.7071068 0 0.7071068 0 0
17.7326 Head 0 1.6 5.737001 11.85001 351.5249 -5.45228E-08 0.1029444 -0.0734974 0.007627635 0.9919388
17.7326 FirstCar 44.20422 0.025 2.97 0 90 0 0 0.7071068 0 0.7071068 13.8889 0
17.7326 SecondCar -7.399161 0.025 2.97 0 90 0 0 0.7071068 0 0.7071068 0 0
17.7343 Head 0 1.6 5.739374 11.85001 351.5249 -5.45228E-08 0.1029444 -0.0734974 0.007627635 0.9919388
17.7343 FirstCar 44.22744 0.025 2.97 0 90 0 0 0.7071068 0 0.7071068 13.8889 0
17.7343 SecondCar -7.399161 0.025 2.97 0 90 0 0 0.7071068 0 0.7071068 0 0
17.7358 Head 0 1.6 5.741565 11.85001 351.5249 -5.45228E-08 0.1029444 -0.0734974 0.007627635 0.9919388
17.7358 FirstCar 44.24872 0.025 2.97 0 90 0 0 0.7071068 0 0.7071068 13.8889 0
17.7358 SecondCar -7.399161 0.025 2.97 0 90 0 0 0.7071068 0 0.7071068 0 0
17.7373 Head 0 1.6 5.743571 11.85001 351.5249 -5.45228E-08 0.1029444 -0.0734974 0.007627635 0.9919388
17.7373 FirstCar 44.26855 0.025 2.97 0 90 0 0 0.7071068 0 0.7071068 13.8889 0
17.7373 SecondCar -7.399161 0.025 2.97 0 90 0 0 0.7071068 0 0.7071068 0 0
17.7388 Head 0 1.6 5.745441 11.85001 351.5249 -5.45228E-08 0.1029444 -0.0734974 0.007627635 0.9919388
17.7388 FirstCar 44.2895 0.025 2.97 0 90 0 0 0.7071068 0 0.7071068 13.8889 0
17.7388 SecondCar -7.399161 0.025 2.97 0 90 0 0 0.7071068 0 0.7071068 0 0
17.7402 Head 0 1.6 5.747418 11.85001 351.5249 -5.45228E-08 0.1029444 -0.0734974 0.007627635 0.9919388
17.7402 FirstCar 44.30973 0.025 2.97 0 90 0 0 0.7071068 0 0.7071068 13.8889 0
17.7402 SecondCar -7.399161 0.025 2.97 0 90 0 0 0.7071068 0 0.7071068 0 0
17.7416 Head 0 1.6 5.749325 11.85001 351.5249 -5.45228E-08 0.1029444 -0.0734974 0.007627635 0.9919388
17.7416 FirstCar 44.32895 0.025 2.97 0 90 0 0 0.7071068 0 0.7071068 13.8889 0
17.7416 SecondCar -7.399161 0.025 2.97 0 90 0 0 0.7071068 0 0.7071068 0 0
17.7430 Head 0 1.6 5.751138 11.85001 351.5249 -5.45228E-08 0.1029444 -0.0734974 0.007627635 0.9919388
17.7430 FirstCar 44.34855 0.025 2.97 0 90 0 0 0.7071068 0 0.7071068 13.8889 0
17.7430 SecondCar -7.399161 0.025 2.97 0 90 0 0 0.7071068 0 0.7071068 0 0
17.7445 Head 0 1.6 5.752986 11.85001 351.5249 -5.45228E-08 0.1029444 -0.0734974 0.007627635 0.9919388
17.7445 FirstCar 44.36859 0.025 2.97 0 90 0 0 0.7071068 0 0.7071068 13.8889 0
17.7445 SecondCar -7.399161 0.025 2.97 0 90 0 0 0.7071068 0 0.7071068 0 0
17.7459 Head 0 1.6 5.754877 11.85001 351.5249 -5.45228E-08 0.1029444 -0.0734974 0.007627635 0.9919388
17.7459 FirstCar 44.38889 0.025 2.97 0 90 0 0 0.7071068 0 0.7071068 13.8889 0
17.7459 SecondCar -7.399161 0.025 2.97 0 90 0 0 0.7071068 0 0.7071068 0 0
17.7474 Head 0 1.6 5.756792 11.85001 351.5249 -5.45228E-08 0.1029444 -0.0734974 0.007627635 0.9919388
17.7474 FirstCar 44.40993 0.025 2.97 0 90 0 0 0.7071068 0 0.7071068 13.8889 0
17.7474 SecondCar -7.399161 0.025 2.97 0 90 0 0 0.7071068 0 0.7071068 0 0
17.7493 Head 0 1.6 5.758777 11.85001 351.5249 -5.45228E-08 0.1029444 -0.0734974 0.007627635 0.9919388
17.7493 FirstCar 44.43584 0.025 2.97 0 90 0 0 0.7071068 0 0.7071068 13.8889 0
17.7493 SecondCar -7.399161 0.025 2.97 0 90 0 0 0.7071068 0 0.7071068 0 0
17.7509 Head 0 1.6 5.76122 11.85001 351.5249 -5.45228E-08 0.1029444 -0.0734974 0.007627635 0.9919388
17.7509 FirstCar 44.45792 0.025 2.97 0 90 0 0 0.7071068 0 0.7071068 13.8889 0
17.7509 SecondCar -7.399161 0.025 2.97 0 90 0 0 0.7071068 0 0.7071068 0 0
17.7526 Head 0 1.6 5.763302 11.85001 351.5249 -5.45228E-08 0.1029444 -0.0734974 0.007627635 0.9919388
17.7526 FirstCar 44.48182 0.025 2.97 0 90 0 0 0.7071068 0 0.7071068 13.8889 0
17.7526 SecondCar -7.399161 0.025 2.97 0 90 0 0 0.7071068 0 0.7071068 0 0
17.7540 Head 0 1.6 5.765557 11.85001 351.5249 -5.45228E-08 0.1029444 -0.0734974 0.007627635 0.9919388
17.7540 FirstCar 44.50164 0.025 2.97 0 90 0 0 0.7071068 0 0.7071068 13.8889 0
17.7540 SecondCar -7.399161 0.025 2.97 0 90 0 0 0.7071068 0 0.7071068 0 0
17.7555 Head 0 1.6 5.767427 11.85001 351.5249 -5.45228E-08 0.1029444 -0.0734974 0.007627635 0.9919388
17.7555 FirstCar 44.52244 0.025 2.97 0 90 0 0 0.7071068 0 0.7071068 13.8889 0
17.7555 SecondCar -7.399161 0.025 2.97 0 90 0 0 0.7071068 0 0.7071068 0 0
17.7569 Head 0 1.6 5.769389 11.85001 351.5249 -5.45228E-08 0.1029444 -0.0734974 0.007627635 0.9919388
17.7569 FirstCar 44.54132 0.025 2.97 0 90 0 0 0.7071068 0 0.7071068 13.8889 0
17.7569 SecondCar -7.399161 0.025 2.97 0 90 0 0 0.7071068 0 0.7071068 0 0
17.7588 Head 0 1.6 5.77117 11.85001 351.5249 -5.45228E-08 0.1029444 -0.0734974 0.007627635 0.9919388
17.7588 FirstCar 44.56832 0.025 2.97 0 90 0 0 0.7071068 0 0.7071068 13.8889 0
17.7588 SecondCar -7.399161 0.025 2.97 0 90 0 0 0.7071068 0 0.7071068 0 0
17.7604 Head 0 1.6 5.773716 11.85001 351.5249 -5.45228E-08 0.1029444 -0.0734974 0.007627635 0.9919388
17.7604 FirstCar 44.58974 0.025 2.97 0 90 0 0 0.7071068 0 0.7071068 13.8889 0
17.7604 SecondCar -7.399161 0.025 2.97 0 90 0 0 0.7071068 0 0.7071068 0 0
17.7618 Head 0 1.6 5.775736 11.85001 351.5249 -5.45228E-08 0.1029444 -0.0734974 0.007627635 0.9919388
17.7618 FirstCar 44.61 0.025 2.97 0 90 0 0 0.7071068 0 0.7071068 13.8889 0
17.7618 SecondCar -7.399161 0.025 2.97 0 90 0 0 0.7071068 0 0.7071068 0 0
17.7632 Head 0 1.6 5.777647 11.85001 351.5249 -5.45228E-08 0.1029444 -0.0734974 0.007627635 0.9919388
17.7632 FirstCar 44.6291 0.025 2.97 0 90 0 0 0.7071068 0 0.7071068 13.8889 0
17.7632 SecondCar -7.399161 0.025 2.97 0 90 0 0 0.7071068 0 0.7071068 0 0
17.7646 Head 0 1.6 5.779449 11.85001 351.5249 -5.45228E-08 0.1029444 -0.0734974 0.007627635 0.9919388
17.7646 FirstCar 44.64841 0.025 2.97 0 90 0 0 0.7071068 0 0.7071068 13.8889 0
17.7646 SecondCar -7.399161 0.025 2.97 0 90 0 0 0.7071068 0 0.7071068 0 0
17.7660 Head 0 1.6 5.781271 11.85001 351.5249 -5.45228E-08 0.1029444 -0.0734974 0.007627635 0.9919388
17.7660 FirstCar 44.6681 0.025 2.97 0 90 0 0 0.7071068 0 0.7071068 13.8889 0
17.7660 SecondCar -7.399161 0.025 2.97 0 90 0 0 0.7071068 0 0.7071068 0 0
17.7674 Head 0 1.6 5.783128 11.85001 351.5249 -5.45228E-08 0.1029444 -0.0734974 0.007627635 0.9919388
17.7674 FirstCar 44.68736 0.025 2.97 0 90 0 0 0.7071068 0 0.7071068 13.8889 0
17.7674 SecondCar -7.399161 0.025 2.97 0 90 0 0 0.7071068 0 0.7071068 0 0
17.7688 Head 0 1.6 5.784944 11.85001 351.5249 -5.45228E-08 0.1029444 -0.0734974 0.007627635 0.9919388
17.7688 FirstCar 44.70688 0.025 2.97 0 90 0 0 0.7071068 0 0.7071068 13.8889 0
17.7688 SecondCar -7.399161 0.025 2.97 0 90 0 0 0.7071068 0 0.7071068 0 0
17.7702 Head 0 1.6 5.786785 11.85001 351.5249 -5.45228E-08 0.1029444 -0.0734974 0.007627635 0.9919388
17.7702 FirstCar 44.72651 0.025 2.97 0 90 0 0 0.7071068 0 0.7071068 13.8889 0
17.7702 SecondCar -7.399161 0.025 2.97 0 90 0 0 0.7071068 0 0.7071068 0 0
17.7719 Head 0 1.6 5.788636 11.85001 351.5249 -5.45228E-08 0.1029444 -0.0734974 0.007627635 0.9919388
17.7719 FirstCar 44.74988 0.025 2.97 0 90 0 0 0.7071068 0 0.7071068 13.8889 0
17.7719 SecondCar -7.399161 0.025 2.97 0 90 0 0 0.7071068 0 0.7071068 0 0
17.7734 Head 0 1.6 5.790841 11.85001 351.5249 -5.45228E-08 0.1029444 -0.0734974 0.007627635 0.9919388
17.7734 FirstCar 44.7711 0.025 2.97 0 90 0 0 0.7071068 0 0.7071068 13.8889 0
17.7734 SecondCar -7.399161 0.025 2.97 0 90 0 0 0.7071068 0 0.7071068 0 0
17.7749 Head 0 1.6 5.792843 11.85001 351.5249 -5.45228E-08 0.1029444 -0.0734974 0.007627635 0.9919388
17.7749 FirstCar 44.7914 0.025 2.97 0 90 0 0 0.7071068 0 0.7071068 13.8889 0
17.7749 SecondCar -7.399161 0.025 2.97 0 90 0 0 0.7071068 0 0.7071068 0 0
17.7763 Head 0 1.6 5.794758 11.85001 351.5249 -5.45228E-08 0.1029444 -0.0734974 0.007627635 0.9919388
17.7763 FirstCar 44.81078 0.025 2.97 0 90 0 0 0.7071068 0 0.7071068 13.8889 0
17.7763 SecondCar -7.399161 0.025 2.97 0 90 0 0 0.7071068 0 0.7071068 0 0
17.7779 Head 0 1.6 5.796585 11.85001 351.5249 -5.45228E-08 0.1029444 -0.0734974 0.007627635 0.9919388
17.7779 FirstCar 44.83318 0.025 2.97 0 90 0 0 0.7071068 0 0.7071068 13.8889 0
17.7779 SecondCar -7.399161 0.025 2.97 0 90 0 0 0.7071068 0 0.7071068 0 0
17.7795 Head 0 1.6 5.798697 11.85001 351.5249 -5.45228E-08 0.1029444 -0.0734974 0.007627635 0.9919388
17.7795 FirstCar 44.8557 0.025 2.97 0 90 0 0 0.7071068 0 0.7071068 13.8889 0
17.7795 SecondCar -7.399161 0.025 2.97 0 90 0 0 0.7071068 0 0.7071068 0 0
17.7810 Head 0 1.6 5.800822 11.85001 351.5249 -5.45228E-08 0.1029444 -0.0734974 0.007627635 0.9919388
17.7810 FirstCar 44.87667 0.025 2.97 0 90 0 0 0.7071068 0 0.7071068 13.8889 0
17.7810 SecondCar -7.399161 0.025 2.97 0 90 0 0 0.7071068 0 0.7071068 0 0
17.7825 Head 0 1.6 5.8028 11.85001 351.5249 -5.45228E-08 0.1029444 -0.0734974 0.007627635 0.9919388
17.7825 FirstCar 44.89632 0.025 2.97 0 90 0 0 0.7071068 0 0.7071068 13.8889 0
17.7825 SecondCar -7.399161 0.025 2.97 0 90 0 0 0.7071068 0 0.7071068 0 0
17.7839 Head 0 1.6 5.804654 11.85001 351.5249 -5.45228E-08 0.1029444 -0.0734974 0.007627635 0.9919388
17.7839 FirstCar 44.91642 0.025 2.97 0 90 0 0 0.7071068 0 0.7071068 13.8889 0
17.7839 SecondCar -7.399161 0.025 2.97 0 90 0 0 0.7071068 0 0.7071068 0 0
17.7854 Head 0 1.6 5.806549 11.85001 351.5249 -5.45228E-08 0.1029444 -0.0734974 0.007627635 0.9919388
17.7854 FirstCar 44.93708 0.025 2.97 0 90 0 0 0.7071068 0 0.7071068 13.8889 0
17.7854 SecondCar -7.399161 0.025 2.97 0 90 0 0 0.7071068 0 0.7071068 0 0
17.7869 Head 0 1.6 5.808498 11.85001 351.5249 -5.45228E-08 0.1029444 -0.0734974 0.007627635 0.9919388
17.7869 FirstCar 44.95756 0.025 2.97 0 90 0 0 0.7071068 0 0.7071068 13.8889 0
17.7869 SecondCar -7.399161 0.025 2.97 0 90 0 0 0.7071068 0 0.7071068 0 0
17.7884 Head 0 1.6 5.81043 11.85001 351.5249 -5.45228E-08 0.1029444 -0.0734974 0.007627635 0.9919388
17.7884 FirstCar 44.97897 0.025 2.97 0 90 0 0 0.7071068 0 0.7071068 13.8889 0
17.7884 SecondCar -7.399161 0.025 2.97 0 90 0 0 0.7071068 0 0.7071068 0 0
17.7901 Head 0 1.6 5.812449 11.85001 351.5249 -5.45228E-08 0.1029444 -0.0734974 0.007627635 0.9919388
17.7901 FirstCar 45.00235 0.025 2.97 0 90 0 0 0.7071068 0 0.7071068 13.8889 0
17.7901 SecondCar -7.399161 0.025 2.97 0 90 0 0 0.7071068 0 0.7071068 0 0
17.7927 Head 0 1.6 5.814654 11.85001 351.5249 -5.45228E-08 0.1029444 -0.0734974 0.007627635 0.9919388
17.7927 FirstCar 45.03874 0.025 2.97 0 90 0 0 0.7071068 0 0.7071068 13.8889 0
17.7927 SecondCar -7.399161 0.025 2.97 0 90 0 0 0.7071068 0 0.7071068 0 0
17.7945 Head 0 1.6 5.818087 11.85001 351.5249 -5.45228E-08 0.1029444 -0.0734974 0.007627635 0.9919388
17.7945 FirstCar 45.06329 0.025 2.97 0 90 0 0 0.7071068 0 0.7071068 13.8889 0
17.7945 SecondCar -7.399161 0.025 2.97 0 90 0 0 0.7071068 0 0.7071068 0 0
17.7961 Head 0 1.6 5.820402 11.85001 351.5249 -5.45228E-08 0.1029444 -0.0734974 0.007627635 0.9919388
17.7961 FirstCar 45.08564 0.025 2.97 0 90 0 0 0.7071068 0 0.7071068 13.8889 0
17.7961 SecondCar -7.399161 0.025 2.97 0 90 0 0 0.7071068 0 0.7071068 0 0
17.7978 Head 0 1.6 5.82251 11.85001 351.5249 -5.45228E-08 0.1029444 -0.0734974 0.007627635 0.9919388
17.7978 FirstCar 45.10923 0.025 2.97 0 90 0 0 0.7071068 0 0.7071068 13.8889 0
17.7978 SecondCar -7.399161 0.025 2.97 0 90 0 0 0.7071068 0 0.7071068 0 0
17.7993 Head 0 1.6 5.824736 11.85001 351.5249 -5.45228E-08 0.1029444 -0.0734974 0.007627635 0.9919388
17.7993 FirstCar 45.13054 0.025 2.97 0 90 0 0 0.7071068 0 0.7071068 13.8889 0
17.7993 SecondCar -7.399161 0.025 2.97 0 90 0 0 0.7071068 0 0.7071068 0 0
17.8009 Head 0 1.6 5.826745 11.85001 351.5249 -5.45228E-08 0.1029444 -0.0734974 0.007627635 0.9919388
17.8009 FirstCar 45.15223 0.025 2.97 0 90 0 0 0.7071068 0 0.7071068 13.8889 0
17.8009 SecondCar -7.399161 0.025 2.97 0 90 0 0 0.7071068 0 0.7071068 0 0
17.8024 Head 0 1.6 5.828791 11.85001 351.5249 -5.45228E-08 0.1029444 -0.0734974 0.007627635 0.9919388
17.8024 FirstCar 45.17317 0.025 2.97 0 90 0 0 0.7071068 0 0.7071068 13.8889 0
17.8024 SecondCar -7.399161 0.025 2.97 0 90 0 0 0.7071068 0 0.7071068 0 0
17.8038 Head 0 1.6 5.830766 11.85001 351.5249 -5.45228E-08 0.1029444 -0.0734974 0.007627635 0.9919388
17.8038 FirstCar 45.1933 0.025 2.97 0 90 0 0 0.7071068 0 0.7071068 13.8889 0
17.8038 SecondCar -7.399161 0.025 2.97 0 90 0 0 0.7071068 0 0.7071068 0 0
17.8053 Head 0 1.6 5.832665 11.85001 351.5249 -5.45228E-08 0.1029444 -0.0734974 0.007627635 0.9919388
17.8053 FirstCar 45.21358 0.025 2.97 0 90 0 0 0.7071068 0 0.7071068 13.8889 0
17.8053 SecondCar -7.399161 0.025 2.97 0 90 0 0 0.7071068 0 0.7071068 0 0
17.8069 Head 0 1.6 5.834578 11.85001 351.5249 -5.45228E-08 0.1029444 -0.0734974 0.007627635 0.9919388
17.8069 FirstCar 45.23534 0.025 2.97 0 90 0 0 0.7071068 0 0.7071068 13.8889 0
17.8069 SecondCar -7.399161 0.025 2.97 0 90 0 0 0.7071068 0 0.7071068 0 0
17.8084 Head 0 1.6 5.83663 11.85001 351.5249 -5.45228E-08 0.1029444 -0.0734974 0.007627635 0.9919388
17.8084 FirstCar 45.25688 0.025 2.97 0 90 0 0 0.7071068 0 0.7071068 13.8889 0
17.8084 SecondCar -7.399161 0.025 2.97 0 90 0 0 0.7071068 0 0.7071068 0 0
17.8100 Head 0 1.6 5.838662 11.85001 351.5249 -5.45228E-08 0.1029444 -0.0734974 0.007627635 0.9919388
17.8100 FirstCar 45.27819 0.025 2.97 0 90 0 0 0.7071068 0 0.7071068 13.8889 0
17.8100 SecondCar -7.399161 0.025 2.97 0 90 0 0 0.7071068 0 0.7071068 0 0
17.8115 Head 0 1.6 5.840672 11.85001 351.5249 -5.45228E-08 0.1029444 -0.0734974 0.007627635 0.9919388
17.8115 FirstCar 45.29935 0.025 2.97 0 90 0 0 0.7071068 0 0.7071068 13.8889 0
17.8115 SecondCar -7.399161 0.025 2.97 0 90 0 0 0.7071068 0 0.7071068 0 0
17.8134 Head 0 1.6 5.842668 11.85001 351.5249 -5.45228E-08 0.1029444 -0.0734974 0.007627635 0.9919388
17.8134 FirstCar 45.32556 0.025 2.97 0 90 0 0 0.7071068 0 0.7071068 13.8889 0
17.8134 SecondCar -7.399161 0.025 2.97 0 90 0 0 0.7071068 0 0.7071068 0 0
17.8149 Head 0 1.6 5.84514 11.85001 351.5249 -5.45228E-08 0.1029444 -0.0734974 0.007627635 0.9919388
17.8149 FirstCar 45.34693 0.025 2.97 0 90 0 0 0.7071068 0 0.7071068 13.8889 0
17.8149 SecondCar -7.399161 0.025 2.97 0 90 0 0 0.7071068 0 0.7071068 0 0
17.8163 Head 0 1.6 5.847156 11.85001 351.5249 -5.45228E-08 0.1029444 -0.0734974 0.007627635 0.9919388
17.8163 FirstCar 45.36631 0.025 2.97 0 90 0 0 0.7071068 0 0.7071068 13.8889 0
17.8163 SecondCar -7.399161 0.025 2.97 0 90 0 0 0.7071068 0 0.7071068 0 0
17.8177 Head 0 1.6 5.848984 11.85001 351.5249 -5.45228E-08 0.1029444 -0.0734974 0.007627635 0.9919388
17.8177 FirstCar 45.38596 0.025 2.97 0 90 0 0 0.7071068 0 0.7071068 13.8889 0
17.8177 SecondCar -7.399161 0.025 2.97 0 90 0 0 0.7071068 0 0.7071068 0 0
17.8192 Head 0 1.6 5.850837 11.85001 351.5249 -5.45228E-08 0.1029444 -0.0734974 0.007627635 0.9919388
17.8192 FirstCar 45.40593 0.025 2.97 0 90 0 0 0.7071068 0 0.7071068 13.8889 0
17.8192 SecondCar -7.399161 0.025 2.97 0 90 0 0 0.7071068 0 0.7071068 0 0
17.8206 Head 0 1.6 5.852721 11.85001 351.5249 -5.45228E-08 0.1029444 -0.0734974 0.007627635 0.9919388
17.8206 FirstCar 45.4255 0.025 2.97 0 90 0 0 0.7071068 0 0.7071068 13.8889 0
17.8206 SecondCar -7.399161 0.025 2.97 0 90 0 0 0.7071068 0 0.7071068 0 0
17.8224 Head 0 1.6 5.854567 11.85001 351.5249 -5.45228E-08 0.1029444 -0.0734974 0.007627635 0.9919388
17.8224 FirstCar 45.45114 0.025 2.97 0 90 0 0 0.7071068 0 0.7071068 13.8889 0
17.8224 SecondCar -7.399161 0.025 2.97 0 90 0 0 0.7071068 0 0.7071068 0 0
17.8240 Head 0 1.6 5.856985 11.85001 351.5249 -5.45228E-08 0.1029444 -0.0734974 0.007627635 0.9919388
17.8240 FirstCar 45.4726 0.025 2.97 0 90 0 0 0.7071068 0 0.7071068 13.8889 0
17.8240 SecondCar -7.399161 0.025 2.97 0 90 0 0 0.7071068 0 0.7071068 0 0
17.8254 Head 0 1.6 5.859009 11.85001 351.5249 -5.45228E-08 0.1029444 -0.0734974 0.007627635 0.9919388
17.8254 FirstCar 45.4922 0.025 2.97 0 90 0 0 0.7071068 0 0.7071068 13.8889 0
17.8254 SecondCar -7.399161 0.025 2.97 0 90 0 0 0.7071068 0 0.7071068 0 0
17.8267 Head 0 1.6 5.860858 11.85001 351.5249 -5.45228E-08 0.1029444 -0.0734974 0.007627635 0.9919388
17.8267 FirstCar 45.51087 0.025 2.97 0 90 0 0 0.7071068 0 0.7071068 13.8889 0
17.8267 SecondCar -7.399161 0.025 2.97 0 90 0 0 0.7071068 0 0.7071068 0 0
17.8283 Head 0 1.6 5.862618 11.85001 351.5249 -5.45228E-08 0.1029444 -0.0734974 0.007627635 0.9919388
17.8283 FirstCar 45.53242 0.025 2.97 0 90 0 0 0.7071068 0 0.7071068 13.8889 0
17.8283 SecondCar -7.399161 0.025 2.97 0 90 0 0 0.7071068 0 0.7071068 0 0
17.8297 Head 0 1.6 5.864651 11.85001 351.5249 -5.45228E-08 0.1029444 -0.0734974 0.007627635 0.9919388
17.8297 FirstCar 45.55307 0.025 2.97 0 90 0 0 0.7071068 0 0.7071068 13.8889 0
17.8297 SecondCar -7.399161 0.025 2.97 0 90 0 0 0.7071068 0 0.7071068 0 0
17.8312 Head 0 1.6 5.866599 11.85001 351.5249 -5.45228E-08 0.1029444 -0.0734974 0.007627635 0.9919388
17.8312 FirstCar 45.57277 0.025 2.97 0 90 0 0 0.7071068 0 0.7071068 13.8889 0
17.8312 SecondCar -7.399161 0.025 2.97 0 90 0 0 0.7071068 0 0.7071068 0 0
17.8331 Head 0 1.6 5.868457 11.85001 351.5249 -5.45228E-08 0.1029444 -0.0734974 0.007627635 0.9919388
17.8331 FirstCar 45.59915 0.025 2.97 0 90 0 0 0.7071068 0 0.7071068 13.8889 0
17.8331 SecondCar -7.399161 0.025 2.97 0 90 0 0 0.7071068 0 0.7071068 0 0
17.8345 Head 0 1.6 5.870945 11.85001 351.5249 -5.45228E-08 0.1029444 -0.0734974 0.007627635 0.9919388
17.8345 FirstCar 45.61853 0.025 2.97 0 90 0 0 0.7071068 0 0.7071068 13.8889 0
17.8345 SecondCar -7.399161 0.025 2.97 0 90 0 0 0.7071068 0 0.7071068 0 0
17.8358 Head 0 1.6 5.872773 11.85001 351.5249 -5.45228E-08 0.1029444 -0.0734974 0.007627635 0.9919388
17.8358 FirstCar 45.63784 0.025 2.97 0 90 0 0 0.7071068 0 0.7071068 13.8889 0
17.8358 SecondCar -7.399161 0.025 2.97 0 90 0 0 0.7071068 0 0.7071068 0 0
17.8373 Head 0 1.6 5.874595 11.85001 351.5249 -5.45228E-08 0.1029444 -0.0734974 0.007627635 0.9919388
17.8373 FirstCar 45.65754 0.025 2.97 0 90 0 0 0.7071068 0 0.7071068 13.8889 0
17.8373 SecondCar -7.399161 0.025 2.97 0 90 0 0 0.7071068 0 0.7071068 0 0
17.8388 Head 0 1.6 5.876452 11.85001 351.5249 -5.45228E-08 0.1029444 -0.0734974 0.007627635 0.9919388
17.8388 FirstCar 45.6784 0.025 2.97 0 90 0 0 0.7071068 0 0.7071068 13.8889 0
17.8388 SecondCar -7.399161 0.025 2.97 0 90 0 0 0.7071068 0 0.7071068 0 0
17.8402 Head 0 1.6 5.87842 11.85001 351.5249 -5.45228E-08 0.1029444 -0.0734974 0.007627635 0.9919388
17.8402 FirstCar 45.69857 0.025 2.97 0 90 0 0 0.7071068 0 0.7071068 13.8889 0
17.8402 SecondCar -7.399161 0.025 2.97 0 90 0 0 0.7071068 0 0.7071068 0 0
17.8416 Head 0 1.6 5.880323 11.85001 351.5249 -5.45228E-08 0.1029444 -0.0734974 0.007627635 0.9919388
17.8416 FirstCar 45.7183 0.025 2.97 0 90 0 0 0.7071068 0 0.7071068 13.8889 0
17.8416 SecondCar -7.399161 0.025 2.97 0 90 0 0 0.7071068 0 0.7071068 0 0
17.8433 Head 0 1.6 5.882183 11.85001 351.5249 -5.45228E-08 0.1029444 -0.0734974 0.007627635 0.9919388
17.8433 FirstCar 45.741 0.025 2.97 0 90 0 0 0.7071068 0 0.7071068 13.8889 0
17.8433 SecondCar -7.399161 0.025 2.97 0 90 0 0 0.7071068 0 0.7071068 0 0
17.8448 Head 0 1.6 5.884325 11.85001 351.5249 -5.45228E-08 0.1029444 -0.0734974 0.007627635 0.9919388
17.8448 FirstCar 45.76279 0.025 2.97 0 90 0 0 0.7071068 0 0.7071068 13.8889 0
17.8448 SecondCar -7.399161 0.025 2.97 0 90 0 0 0.7071068 0 0.7071068 0 0
17.8463 Head 0 1.6 5.88638 11.85001 351.5249 -5.45228E-08 0.1029444 -0.0734974 0.007627635 0.9919388
17.8463 FirstCar 45.783 0.025 2.97 0 90 0 0 0.7071068 0 0.7071068 13.8889 0
17.8463 SecondCar -7.399161 0.025 2.97 0 90 0 0 0.7071068 0 0.7071068 0 0
17.8478 Head 0 1.6 5.888287 11.85001 351.5249 -5.45228E-08 0.1029444 -0.0734974 0.007627635 0.9919388
17.8478 FirstCar 45.80334 0.025 2.97 0 90 0 0 0.7071068 0 0.7071068 13.8889 0
17.8478 SecondCar -7.399161 0.025 2.97 0 90 0 0 0.7071068 0 0.7071068 0 0
17.8493 Head 0 1.6 5.890205 11.85001 351.5249 -5.45228E-08 0.1029444 -0.0734974 0.007627635 0.9919388
17.8493 FirstCar 45.82531 0.025 2.97 0 90 0 0 0.7071068 0 0.7071068 13.8889 0
17.8493 SecondCar -7.399161 0.025 2.97 0 90 0 0 0.7071068 0 0.7071068 0 0
17.8508 Head 0 1.6 5.892276 11.85001 351.5249 -5.45228E-08 0.1029444 -0.0734974 0.007627635 0.9919388
17.8508 FirstCar 45.846 0.025 2.97 0 90 0 0 0.7071068 0 0.7071068 13.8889 0
17.8508 SecondCar -7.399161 0.025 2.97 0 90 0 0 0.7071068 0 0.7071068 0 0
17.8531 Head 0 1.6 5.894228 11.85001 351.5249 -5.45228E-08 0.1029444 -0.0734974 0.007627635 0.9919388
17.8531 FirstCar 45.87794 0.025 2.97 0 90 0 0 0.7071068 0 0.7071068 13.8889 0
17.8531 SecondCar -7.399161 0.025 2.97 0 90 0 0 0.7071068 0 0.7071068 0 0
17.8547 Head 0 1.6 5.897241 11.85001 351.5249 -5.45228E-08 0.1029444 -0.0734974 0.007627635 0.9919388
17.8547 FirstCar 45.89966 0.025 2.97 0 90 0 0 0.7071068 0 0.7071068 13.8889 0
17.8547 SecondCar -7.399161 0.025 2.97 0 90 0 0 0.7071068 0 0.7071068 0 0
17.8563 Head 0 1.6 5.899289 11.85001 351.5249 -5.45228E-08 0.1029444 -0.0734974 0.007627635 0.9919388
17.8563 FirstCar 45.92165 0.025 2.97 0 90 0 0 0.7071068 0 0.7071068 13.8889 0
17.8563 SecondCar -7.399161 0.025 2.97 0 90 0 0 0.7071068 0 0.7071068 0 0
17.8579 Head 0 1.6 5.901363 11.85001 351.5249 -5.45228E-08 0.1029444 -0.0734974 0.007627635 0.9919388
17.8579 FirstCar 45.94435 0.025 2.97 0 90 0 0 0.7071068 0 0.7071068 13.8889 0
17.8579 SecondCar -7.399161 0.025 2.97 0 90 0 0 0.7071068 0 0.7071068 0 0
17.8597 Head 0 1.6 5.903504 11.85001 351.5249 -5.45228E-08 0.1029444 -0.0734974 0.007627635 0.9919388
17.8597 FirstCar 45.96889 0.025 2.97 0 90 0 0 0.7071068 0 0.7071068 13.8889 0
17.8597 SecondCar -7.399161 0.025 2.97 0 90 0 0 0.7071068 0 0.7071068 0 0
17.8615 Head 0 1.6 5.905819 11.85001 351.5249 -5.45228E-08 0.1029444 -0.0734974 0.007627635 0.9919388
17.8615 FirstCar 45.99355 0.025 2.97 0 90 0 0 0.7071068 0 0.7071068 13.8889 0
17.8615 SecondCar -7.399161 0.025 2.97 0 90 0 0 0.7071068 0 0.7071068 0 0
17.8629 Head 0 1.6 5.908145 11.85001 351.5249 -5.45228E-08 0.1029444 -0.0734974 0.007627635 0.9919388
17.8629 FirstCar 46.01406 0.025 2.97 0 90 0 0 0.7071068 0 0.7071068 13.8889 0
17.8629 SecondCar -7.399161 0.025 2.97 0 90 0 0 0.7071068 0 0.7071068 0 0
17.8645 Head 0 1.6 5.91008 11.85001 351.5249 -5.45228E-08 0.1029444 -0.0734974 0.007627635 0.9919388
17.8645 FirstCar 46.03551 0.025 2.97 0 90 0 0 0.7071068 0 0.7071068 13.8889 0
17.8645 SecondCar -7.399161 0.025 2.97 0 90 0 0 0.7071068 0 0.7071068 0 0
17.8659 Head 0 1.6 5.912103 11.85001 351.5249 -5.45228E-08 0.1029444 -0.0734974 0.007627635 0.9919388
17.8659 FirstCar 46.0556 0.025 2.97 0 90 0 0 0.7071068 0 0.7071068 13.8889 0
17.8659 SecondCar -7.399161 0.025 2.97 0 90 0 0 0.7071068 0 0.7071068 0 0
17.8675 Head 0 1.6 5.913998 11.85001 351.5249 -5.45228E-08 0.1029444 -0.0734974 0.007627635 0.9919388
17.8675 FirstCar 46.07761 0.025 2.97 0 90 0 0 0.7071068 0 0.7071068 13.8889 0
17.8675 SecondCar -7.399161 0.025 2.97 0 90 0 0 0.7071068 0 0.7071068 0 0
17.8692 Head 0 1.6 5.916073 11.85001 351.5249 -5.45228E-08 0.1029444 -0.0734974 0.007627635 0.9919388
17.8692 FirstCar 46.10063 0.025 2.97 0 90 0 0 0.7071068 0 0.7071068 13.8889 0
17.8692 SecondCar -7.399161 0.025 2.97 0 90 0 0 0.7071068 0 0.7071068 0 0
17.8707 Head 0 1.6 5.918245 11.85001 351.5249 -5.45228E-08 0.1029444 -0.0734974 0.007627635 0.9919388
17.8707 FirstCar 46.12163 0.025 2.97 0 90 0 0 0.7071068 0 0.7071068 13.8889 0
17.8707 SecondCar -7.399161 0.025 2.97 0 90 0 0 0.7071068 0 0.7071068 0 0
17.8726 Head 0 1.6 5.920226 11.85001 351.5249 -5.45228E-08 0.1029444 -0.0734974 0.007627635 0.9919388
17.8726 FirstCar 46.14861 0.025 2.97 0 90 0 0 0.7071068 0 0.7071068 13.8889 0
17.8726 SecondCar -7.399161 0.025 2.97 0 90 0 0 0.7071068 0 0.7071068 0 0
17.8744 Head 0 1.6 5.92277 11.85001 351.5249 -5.45228E-08 0.1029444 -0.0734974 0.007627635 0.9919388
17.8744 FirstCar 46.17256 0.025 2.97 0 90 0 0 0.7071068 0 0.7071068 13.8889 0
17.8744 SecondCar -7.399161 0.025 2.97 0 90 0 0 0.7071068 0 0.7071068 0 0
17.8759 Head 0 1.6 5.925029 11.85001 351.5249 -5.45228E-08 0.1029444 -0.0734974 0.007627635 0.9919388
17.8759 FirstCar 46.19403 0.025 2.97 0 90 0 0 0.7071068 0 0.7071068 13.8889 0
17.8759 SecondCar -7.399161 0.025 2.97 0 90 0 0 0.7071068 0 0.7071068 0 0
17.8774 Head 0 1.6 5.927053 11.85001 351.5249 -5.45228E-08 0.1029444 -0.0734974 0.007627635 0.9919388
17.8774 FirstCar 46.21544 0.025 2.97 0 90 0 0 0.7071068 0 0.7071068 13.8889 0
17.8774 SecondCar -7.399161 0.025 2.97 0 90 0 0 0.7071068 0 0.7071068 0 0
17.8789 Head 0 1.6 5.929073 11.85001 351.5249 -5.45228E-08 0.1029444 -0.0734974 0.007627635 0.9919388
17.8789 FirstCar 46.23521 0.025 2.97 0 90 0 0 0.7071068 0 0.7071068 13.8889 0
17.8789 SecondCar -7.399161 0.025 2.97 0 90 0 0 0.7071068 0 0.7071068 0 0
17.8803 Head 0 1.6 5.930938 11.85001 351.5249 -5.45228E-08 0.1029444 -0.0734974 0.007627635 0.9919388
17.8803 FirstCar 46.25455 0.025 2.97 0 90 0 0 0.7071068 0 0.7071068 13.8889 0
17.8803 SecondCar -7.399161 0.025 2.97 0 90 0 0 0.7071068 0 0.7071068 0 0
17.8816 Head 0 1.6 5.932762 11.85001 351.5249 -5.45228E-08 0.1029444 -0.0734974 0.007627635 0.9919388
17.8816 FirstCar 46.2734 0.025 2.97 0 90 0 0 0.7071068 0 0.7071068 13.8889 0
17.8816 SecondCar -7.399161 0.025 2.97 0 90 0 0 0.7071068 0 0.7071068 0 0
17.8837 Head 0 1.6 5.93454 11.85001 351.5249 -5.45228E-08 0.1029444 -0.0734974 0.007627635 0.9919388
17.8837 FirstCar 46.30215 0.025 2.97 0 90 0 0 0.7071068 0 0.7071068 13.8889 0
17.8837 SecondCar -7.399161 0.025 2.97 0 90 0 0 0.7071068 0 0.7071068 0 0
17.8852 Head 0 1.6 5.937252 11.85001 351.5249 -5.45228E-08 0.1029444 -0.0734974 0.007627635 0.9919388
17.8852 FirstCar 46.32362 0.025 2.97 0 90 0 0 0.7071068 0 0.7071068 13.8889 0
17.8852 SecondCar -7.399161 0.025 2.97 0 90 0 0 0.7071068 0 0.7071068 0 0
17.8866 Head 0 1.6 5.939276 11.85001 351.5249 -5.45228E-08 0.1029444 -0.0734974 0.007627635 0.9919388
17.8866 FirstCar 46.34303 0.025 2.97 0 90 0 0 0.7071068 0 0.7071068 13.8889 0
17.8866 SecondCar -7.399161 0.025 2.97 0 90 0 0 0.7071068 0 0.7071068 0 0
17.8880 Head 0 1.6 5.941107 11.85001 351.5249 -5.45228E-08 0.1029444 -0.0734974 0.007627635 0.9919388
17.8880 FirstCar 46.36205 0.025 2.97 0 90 0 0 0.7071068 0 0.7071068 13.8889 0
17.8880 SecondCar -7.399161 0.025 2.97 0 90 0 0 0.7071068 0 0.7071068 0 0
17.8894 Head 0 1.6 5.942901 11.85001 351.5249 -5.45228E-08 0.1029444 -0.0734974 0.007627635 0.9919388
17.8894 FirstCar 46.38169 0.025 2.97 0 90 0 0 0.7071068 0 0.7071068 13.8889 0
17.8894 SecondCar -7.399161 0.025 2.97 0 90 0 0 0.7071068 0 0.7071068 0 0
17.8908 Head 0 1.6 5.944753 11.85001 351.5249 -5.45228E-08 0.1029444 -0.0734974 0.007627635 0.9919388
17.8908 FirstCar 46.40058 0.025 2.97 0 90 0 0 0.7071068 0 0.7071068 13.8889 0
17.8908 SecondCar -7.399161 0.025 2.97 0 90 0 0 0.7071068 0 0.7071068 0 0
17.8924 Head 0 1.6 5.946535 11.85001 351.5249 -5.45228E-08 0.1029444 -0.0734974 0.007627635 0.9919388
17.8924 FirstCar 46.42282 0.025 2.97 0 90 0 0 0.7071068 0 0.7071068 13.8889 0
17.8924 SecondCar -7.399161 0.025 2.97 0 90 0 0 0.7071068 0 0.7071068 0 0
17.8938 Head 0 1.6 5.948634 11.85001 351.5249 -5.45228E-08 0.1029444 -0.0734974 0.007627635 0.9919388
17.8938 FirstCar 46.44278 0.025 2.97 0 90 0 0 0.7071068 0 0.7071068 13.8889 0
17.8938 SecondCar -7.399161 0.025 2.97 0 90 0 0 0.7071068 0 0.7071068 0 0
17.8952 Head 0 1.6 5.950516 11.85001 351.5249 -5.45228E-08 0.1029444 -0.0734974 0.007627635 0.9919388
17.8952 FirstCar 46.46197 0.025 2.97 0 90 0 0 0.7071068 0 0.7071068 13.8889 0
17.8952 SecondCar -7.399161 0.025 2.97 0 90 0 0 0.7071068 0 0.7071068 0 0
17.8966 Head 0 1.6 5.952326 11.85001 351.5249 -5.45228E-08 0.1029444 -0.0734974 0.007627635 0.9919388
17.8966 FirstCar 46.48201 0.025 2.97 0 90 0 0 0.7071068 0 0.7071068 13.8889 0
17.8966 SecondCar -7.399161 0.025 2.97 0 90 0 0 0.7071068 0 0.7071068 0 0
17.8981 Head 0 1.6 5.954216 11.85001 351.5249 -5.45228E-08 0.1029444 -0.0734974 0.007627635 0.9919388
17.8981 FirstCar 46.50271 0.025 2.97 0 90 0 0 0.7071068 0 0.7071068 13.8889 0
17.8981 SecondCar -7.399161 0.025 2.97 0 90 0 0 0.7071068 0 0.7071068 0 0
17.8997 Head 0 1.6 5.956168 11.85001 351.5249 -5.45228E-08 0.1029444 -0.0734974 0.007627635 0.9919388
17.8997 FirstCar 46.52404 0.025 2.97 0 90 0 0 0.7071068 0 0.7071068 13.8889 0
17.8997 SecondCar -7.399161 0.025 2.97 0 90 0 0 0.7071068 0 0.7071068 0 0
17.9011 Head 0 1.6 5.95818 11.85001 351.5249 -5.45228E-08 0.1029444 -0.0734974 0.007627635 0.9919388
17.9011 FirstCar 46.54475 0.025 2.97 0 90 0 0 0.7071068 0 0.7071068 13.8889 0
17.9011 SecondCar -7.399161 0.025 2.97 0 90 0 0 0.7071068 0 0.7071068 0 0
17.9026 Head 0 1.6 5.960133 11.85001 351.5249 -5.45228E-08 0.1029444 -0.0734974 0.007627635 0.9919388
17.9026 FirstCar 46.56467 0.025 2.97 0 90 0 0 0.7071068 0 0.7071068 13.8889 0
17.9026 SecondCar -7.399161 0.025 2.97 0 90 0 0 0.7071068 0 0.7071068 0 0
17.9040 Head 0 1.6 5.962012 11.85001 351.5249 -5.45228E-08 0.1029444 -0.0734974 0.007627635 0.9919388
17.9040 FirstCar 46.58465 0.025 2.97 0 90 0 0 0.7071068 0 0.7071068 13.8889 0
17.9040 SecondCar -7.399161 0.025 2.97 0 90 0 0 0.7071068 0 0.7071068 0 0
17.9058 Head 0 1.6 5.963896 11.85001 351.5249 -5.45228E-08 0.1029444 -0.0734974 0.007627635 0.9919388
17.9058 FirstCar 46.6095 0.025 2.97 0 90 0 0 0.7071068 0 0.7071068 13.8889 0
17.9058 SecondCar -7.399161 0.025 2.97 0 90 0 0 0.7071068 0 0.7071068 0 0
17.9076 Head 0 1.6 5.966241 11.85001 351.5249 -5.45228E-08 0.1029444 -0.0734974 0.007627635 0.9919388
17.9076 FirstCar 46.63483 0.025 2.97 0 90 0 0 0.7071068 0 0.7071068 13.8889 0
17.9076 SecondCar -7.399161 0.025 2.97 0 90 0 0 0.7071068 0 0.7071068 0 0
17.9094 Head 0 1.6 5.96863 11.85001 351.5249 -5.45228E-08 0.1029444 -0.0734974 0.007627635 0.9919388
17.9094 FirstCar 46.65947 0.025 2.97 0 90 0 0 0.7071068 0 0.7071068 13.8889 0
17.9094 SecondCar -7.399161 0.025 2.97 0 90 0 0 0.7071068 0 0.7071068 0 0
17.9110 Head 0 1.6 5.970953 11.85001 351.5249 -5.45228E-08 0.1029444 -0.0734974 0.007627635 0.9919388
17.9110 FirstCar 46.68159 0.025 2.97 0 90 0 0 0.7071068 0 0.7071068 13.8889 0
17.9110 SecondCar -7.399161 0.025 2.97 0 90 0 0 0.7071068 0 0.7071068 0 0
17.9132 Head 0 1.6 5.97304 11.85001 351.5249 -5.45228E-08 0.1029444 -0.0734974 0.007627635 0.9919388
17.9132 FirstCar 46.7124 0.025 2.97 0 90 0 0 0.7071068 0 0.7071068 13.8889 0
17.9132 SecondCar -7.399161 0.025 2.97 0 90 0 0 0.7071068 0 0.7071068 0 0
17.9147 Head 0 1.6 5.975945 11.85001 351.5249 -5.45228E-08 0.1029444 -0.0734974 0.007627635 0.9919388
17.9147 FirstCar 46.73346 0.025 2.97 0 90 0 0 0.7071068 0 0.7071068 13.8889 0
17.9147 SecondCar -7.399161 0.025 2.97 0 90 0 0 0.7071068 0 0.7071068 0 0
17.9161 Head 0 1.6 5.977932 11.85001 351.5249 -5.45228E-08 0.1029444 -0.0734974 0.007627635 0.9919388
17.9161 FirstCar 46.75274 0.025 2.97 0 90 0 0 0.7071068 0 0.7071068 13.8889 0
17.9161 SecondCar -7.399161 0.025 2.97 0 90 0 0 0.7071068 0 0.7071068 0 0
17.9175 Head 0 1.6 5.97975 11.85001 351.5249 -5.45228E-08 0.1029444 -0.0734974 0.007627635 0.9919388
17.9175 FirstCar 46.77231 0.025 2.97 0 90 0 0 0.7071068 0 0.7071068 13.8889 0
17.9175 SecondCar -7.399161 0.025 2.97 0 90 0 0 0.7071068 0 0.7071068 0 0
17.9193 Head 0 1.6 5.981596 11.85001 351.5249 -5.45228E-08 0.1029444 -0.0734974 0.007627635 0.9919388
17.9193 FirstCar 46.7966 0.025 2.97 0 90 0 0 0.7071068 0 0.7071068 13.8889 0
17.9193 SecondCar -7.399161 0.025 2.97 0 90 0 0 0.7071068 0 0.7071068 0 0
17.9209 Head 0 1.6 5.983888 11.85001 351.5249 -5.45228E-08 0.1029444 -0.0734974 0.007627635 0.9919388
17.9209 FirstCar 46.81954 0.025 2.97 0 90 0 0 0.7071068 0 0.7071068 13.8889 0
17.9209 SecondCar -7.399161 0.025 2.97 0 90 0 0 0.7071068 0 0.7071068 0 0
17.9224 Head 0 1.6 5.986051 11.85001 351.5249 -5.45228E-08 0.1029444 -0.0734974 0.007627635 0.9919388
17.9224 FirstCar 46.84021 0.025 2.97 0 90 0 0 0.7071068 0 0.7071068 13.8889 0
17.9224 SecondCar -7.399161 0.025 2.97 0 90 0 0 0.7071068 0 0.7071068 0 0
17.9239 Head 0 1.6 5.988001 11.85001 351.5249 -5.45228E-08 0.1029444 -0.0734974 0.007627635 0.9919388
17.9239 FirstCar 46.86028 0.025 2.97 0 90 0 0 0.7071068 0 0.7071068 13.8889 0
17.9239 SecondCar -7.399161 0.025 2.97 0 90 0 0 0.7071068 0 0.7071068 0 0
17.9254 Head 0 1.6 5.989894 11.85001 351.5249 -5.45228E-08 0.1029444 -0.0734974 0.007627635 0.9919388
17.9254 FirstCar 46.88132 0.025 2.97 0 90 0 0 0.7071068 0 0.7071068 13.8889 0
17.9254 SecondCar -7.399161 0.025 2.97 0 90 0 0 0.7071068 0 0.7071068 0 0
17.9269 Head 0 1.6 5.991879 11.85001 351.5249 -5.45228E-08 0.1029444 -0.0734974 0.007627635 0.9919388
17.9269 FirstCar 46.90286 0.025 2.97 0 90 0 0 0.7071068 0 0.7071068 13.8889 0
17.9269 SecondCar -7.399161 0.025 2.97 0 90 0 0 0.7071068 0 0.7071068 0 0
17.9284 Head 0 1.6 5.99391 11.85001 351.5249 -5.45228E-08 0.1029444 -0.0734974 0.007627635 0.9919388
17.9284 FirstCar 46.92388 0.025 2.97 0 90 0 0 0.7071068 0 0.7071068 13.8889 0
17.9284 SecondCar -7.399161 0.025 2.97 0 90 0 0 0.7071068 0 0.7071068 0 0
17.9300 Head 0 1.6 5.995893 11.85001 351.5249 -5.45228E-08 0.1029444 -0.0734974 0.007627635 0.9919388
17.9300 FirstCar 46.94491 0.025 2.97 0 90 0 0 0.7071068 0 0.7071068 13.8889 0
17.9300 SecondCar -7.399161 0.025 2.97 0 90 0 0 0.7071068 0 0.7071068 0 0
17.9316 Head 0 1.6 5.997877 11.85001 351.5249 -5.45228E-08 0.1029444 -0.0734974 0.007627635 0.9919388
17.9316 FirstCar 46.9672 0.025 2.97 0 90 0 0 0.7071068 0 0.7071068 13.8889 0
17.9316 SecondCar -7.399161 0.025 2.97 0 90 0 0 0.7071068 0 0.7071068 0 0
17.9334 Head 0 1.6 5.999979 11.85001 351.5249 -5.45228E-08 0.1029444 -0.0734974 0.007627635 0.9919388
17.9334 FirstCar 46.99304 0.025 2.97 0 90 0 0 0.7071068 0 0.7071068 13.8889 0
17.9334 SecondCar -7.399161 0.025 2.97 0 90 0 0 0.7071068 0 0.7071068 0 0
17.9350 Head 0 1.6 6.002416 11.85001 351.5249 -5.45228E-08 0.1029444 -0.0734974 0.007627635 0.9919388
17.9350 FirstCar 47.01518 0.025 2.97 0 90 0 0 0.7071068 0 0.7071068 13.8889 0
17.9350 SecondCar -7.399161 0.025 2.97 0 90 0 0 0.7071068 0 0.7071068 0 0
17.9366 Head 0 1.6 6.004504 11.85001 351.5249 -5.45228E-08 0.1029444 -0.0734974 0.007627635 0.9919388
17.9366 FirstCar 47.03688 0.025 2.97 0 90 0 0 0.7071068 0 0.7071068 13.8889 0
17.9366 SecondCar -7.399161 0.025 2.97 0 90 0 0 0.7071068 0 0.7071068 0 0
17.9381 Head 0 1.6 6.006551 11.85001 351.5249 -5.45228E-08 0.1029444 -0.0734974 0.007627635 0.9919388
17.9381 FirstCar 47.05757 0.025 2.97 0 90 0 0 0.7071068 0 0.7071068 13.8889 0
17.9381 SecondCar -7.399161 0.025 2.97 0 90 0 0 0.7071068 0 0.7071068 0 0
17.9395 Head 0 1.6 6.008502 11.85001 351.5249 -5.45228E-08 0.1029444 -0.0734974 0.007627635 0.9919388
17.9395 FirstCar 47.07786 0.025 2.97 0 90 0 0 0.7071068 0 0.7071068 13.8889 0
17.9395 SecondCar -7.399161 0.025 2.97 0 90 0 0 0.7071068 0 0.7071068 0 0
17.9409 Head 0 1.6 6.010416 11.85001 351.5249 -5.45228E-08 0.1029444 -0.0734974 0.007627635 0.9919388
17.9409 FirstCar 47.09752 0.025 2.97 0 90 0 0 0.7071068 0 0.7071068 13.8889 0
17.9409 SecondCar -7.399161 0.025 2.97 0 90 0 0 0.7071068 0 0.7071068 0 0
17.9423 Head 0 1.6 6.01227 11.85001 351.5249 -5.45228E-08 0.1029444 -0.0734974 0.007627635 0.9919388
17.9423 FirstCar 47.11707 0.025 2.97 0 90 0 0 0.7071068 0 0.7071068 13.8889 0
17.9423 SecondCar -7.399161 0.025 2.97 0 90 0 0 0.7071068 0 0.7071068 0 0
17.9437 Head 0 1.6 6.014114 11.85001 351.5249 -5.45228E-08 0.1029444 -0.0734974 0.007627635 0.9919388
17.9437 FirstCar 47.13523 0.025 2.97 0 90 0 0 0.7071068 0 0.7071068 13.8889 0
17.9437 SecondCar -7.399161 0.025 2.97 0 90 0 0 0.7071068 0 0.7071068 0 0
17.9450 Head 0 1.6 6.015827 11.85001 351.5249 -5.45228E-08 0.1029444 -0.0734974 0.007627635 0.9919388
17.9450 FirstCar 47.15454 0.025 2.97 0 90 0 0 0.7071068 0 0.7071068 13.8889 0
17.9450 SecondCar -7.399161 0.025 2.97 0 90 0 0 0.7071068 0 0.7071068 0 0
17.9465 Head 0 1.6 6.017649 11.85001 351.5249 -5.45228E-08 0.1029444 -0.0734974 0.007627635 0.9919388
17.9465 FirstCar 47.17422 0.025 2.97 0 90 0 0 0.7071068 0 0.7071068 13.8889 0
17.9465 SecondCar -7.399161 0.025 2.97 0 90 0 0 0.7071068 0 0.7071068 0 0
17.9479 Head 0 1.6 6.019505 11.85001 351.5249 -5.45228E-08 0.1029444 -0.0734974 0.007627635 0.9919388
17.9479 FirstCar 47.19444 0.025 2.97 0 90 0 0 0.7071068 0 0.7071068 13.8889 0
17.9479 SecondCar -7.399161 0.025 2.97 0 90 0 0 0.7071068 0 0.7071068 0 0
17.9493 Head 0 1.6 6.021411 11.85001 351.5249 -5.45228E-08 0.1029444 -0.0734974 0.007627635 0.9919388
17.9493 FirstCar 47.21414 0.025 2.97 0 90 0 0 0.7071068 0 0.7071068 13.8889 0
17.9493 SecondCar -7.399161 0.025 2.97 0 90 0 0 0.7071068 0 0.7071068 0 0
17.9507 Head 0 1.6 6.02327 11.85001 351.5249 -5.45228E-08 0.1029444 -0.0734974 0.007627635 0.9919388
17.9507 FirstCar 47.23362 0.025 2.97 0 90 0 0 0.7071068 0 0.7071068 13.8889 0
17.9507 SecondCar -7.399161 0.025 2.97 0 90 0 0 0.7071068 0 0.7071068 0 0
17.9525 Head 0 1.6 6.025107 11.85001 351.5249 -5.45228E-08 0.1029444 -0.0734974 0.007627635 0.9919388
17.9525 FirstCar 47.25845 0.025 2.97 0 90 0 0 0.7071068 0 0.7071068 13.8889 0
17.9525 SecondCar -7.399161 0.025 2.97 0 90 0 0 0.7071068 0 0.7071068 0 0
17.9542 Head 0 1.6 6.027449 11.85001 351.5249 -5.45228E-08 0.1029444 -0.0734974 0.007627635 0.9919388
17.9542 FirstCar 47.28114 0.025 2.97 0 90 0 0 0.7071068 0 0.7071068 13.8889 0
17.9542 SecondCar -7.399161 0.025 2.97 0 90 0 0 0.7071068 0 0.7071068 0 0
17.9557 Head 0 1.6 6.029589 11.85001 351.5249 -5.45228E-08 0.1029444 -0.0734974 0.007627635 0.9919388
17.9557 FirstCar 47.3023 0.025 2.97 0 90 0 0 0.7071068 0 0.7071068 13.8889 0
17.9557 SecondCar -7.399161 0.025 2.97 0 90 0 0 0.7071068 0 0.7071068 0 0
17.9573 Head 0 1.6 6.031585 11.85001 351.5249 -5.45228E-08 0.1029444 -0.0734974 0.007627635 0.9919388
17.9573 FirstCar 47.32406 0.025 2.97 0 90 0 0 0.7071068 0 0.7071068 13.8889 0
17.9573 SecondCar -7.399161 0.025 2.97 0 90 0 0 0.7071068 0 0.7071068 0 0
17.9593 Head 0 1.6 6.033638 11.85001 351.5249 -5.45228E-08 0.1029444 -0.0734974 0.007627635 0.9919388
17.9593 FirstCar 47.35199 0.025 2.97 0 90 0 0 0.7071068 0 0.7071068 13.8889 0
17.9593 SecondCar -7.399161 0.025 2.97 0 90 0 0 0.7071068 0 0.7071068 0 0
17.9611 Head 0 1.6 6.036271 11.85001 351.5249 -5.45228E-08 0.1029444 -0.0734974 0.007627635 0.9919388
17.9611 FirstCar 47.37694 0.025 2.97 0 90 0 0 0.7071068 0 0.7071068 13.8889 0
17.9611 SecondCar -7.399161 0.025 2.97 0 90 0 0 0.7071068 0 0.7071068 0 0
17.9625 Head 0 1.6 6.038625 11.85001 351.5249 -5.45228E-08 0.1029444 -0.0734974 0.007627635 0.9919388
17.9625 FirstCar 47.39699 0.025 2.97 0 90 0 0 0.7071068 0 0.7071068 13.8889 0
17.9625 SecondCar -7.399161 0.025 2.97 0 90 0 0 0.7071068 0 0.7071068 0 0
17.9640 Head 0 1.6 6.040516 11.85001 351.5249 -5.45228E-08 0.1029444 -0.0734974 0.007627635 0.9919388
17.9640 FirstCar 47.4173 0.025 2.97 0 90 0 0 0.7071068 0 0.7071068 13.8889 0
17.9640 SecondCar -7.399161 0.025 2.97 0 90 0 0 0.7071068 0 0.7071068 0 0
17.9653 Head 0 1.6 6.042432 11.85001 351.5249 -5.45228E-08 0.1029444 -0.0734974 0.007627635 0.9919388
17.9653 FirstCar 47.43592 0.025 2.97 0 90 0 0 0.7071068 0 0.7071068 13.8889 0
17.9653 SecondCar -7.399161 0.025 2.97 0 90 0 0 0.7071068 0 0.7071068 0 0
17.9667 Head 0 1.6 6.044188 11.85001 351.5249 -5.45228E-08 0.1029444 -0.0734974 0.007627635 0.9919388
17.9667 FirstCar 47.45557 0.025 2.97 0 90 0 0 0.7071068 0 0.7071068 13.8889 0
17.9667 SecondCar -7.399161 0.025 2.97 0 90 0 0 0.7071068 0 0.7071068 0 0
17.9683 Head 0 1.6 6.046042 11.85001 351.5249 -5.45228E-08 0.1029444 -0.0734974 0.007627635 0.9919388
17.9683 FirstCar 47.47769 0.025 2.97 0 90 0 0 0.7071068 0 0.7071068 13.8889 0
17.9683 SecondCar -7.399161 0.025 2.97 0 90 0 0 0.7071068 0 0.7071068 0 0
17.9698 Head 0 1.6 6.048128 11.85001 351.5249 -5.45228E-08 0.1029444 -0.0734974 0.007627635 0.9919388
17.9698 FirstCar 47.49877 0.025 2.97 0 90 0 0 0.7071068 0 0.7071068 13.8889 0
17.9698 SecondCar -7.399161 0.025 2.97 0 90 0 0 0.7071068 0 0.7071068 0 0
17.9712 Head 0 1.6 6.050117 11.85001 351.5249 -5.45228E-08 0.1029444 -0.0734974 0.007627635 0.9919388
17.9712 FirstCar 47.51774 0.025 2.97 0 90 0 0 0.7071068 0 0.7071068 13.8889 0
17.9712 SecondCar -7.399161 0.025 2.97 0 90 0 0 0.7071068 0 0.7071068 0 0
17.9728 Head 0 1.6 6.051906 11.85001 351.5249 -5.45228E-08 0.1029444 -0.0734974 0.007627635 0.9919388
17.9728 FirstCar 47.54009 0.025 2.97 0 90 0 0 0.7071068 0 0.7071068 13.8889 0
17.9728 SecondCar -7.399161 0.025 2.97 0 90 0 0 0.7071068 0 0.7071068 0 0
17.9742 Head 0 1.6 6.054014 11.85001 351.5249 -5.45228E-08 0.1029444 -0.0734974 0.007627635 0.9919388
17.9742 FirstCar 47.5589 0.025 2.97 0 90 0 0 0.7071068 0 0.7071068 13.8889 0
17.9742 SecondCar -7.399161 0.025 2.97 0 90 0 0 0.7071068 0 0.7071068 0 0
17.9756 Head 0 1.6 6.055788 11.85001 351.5249 -5.45228E-08 0.1029444 -0.0734974 0.007627635 0.9919388
17.9756 FirstCar 47.57817 0.025 2.97 0 90 0 0 0.7071068 0 0.7071068 13.8889 0
17.9756 SecondCar -7.399161 0.025 2.97 0 90 0 0 0.7071068 0 0.7071068 0 0
17.9769 Head 0 1.6 6.057605 11.85001 351.5249 -5.45228E-08 0.1029444 -0.0734974 0.007627635 0.9919388
17.9769 FirstCar 47.59723 0.025 2.97 0 90 0 0 0.7071068 0 0.7071068 13.8889 0
17.9769 SecondCar -7.399161 0.025 2.97 0 90 0 0 0.7071068 0 0.7071068 0 0
17.9785 Head 0 1.6 6.059403 11.85001 351.5249 -5.45228E-08 0.1029444 -0.0734974 0.007627635 0.9919388
17.9785 FirstCar 47.6192 0.025 2.97 0 90 0 0 0.7071068 0 0.7071068 13.8889 0
17.9785 SecondCar -7.399161 0.025 2.97 0 90 0 0 0.7071068 0 0.7071068 0 0
17.9799 Head 0 1.6 6.061475 11.85001 351.5249 -5.45228E-08 0.1029444 -0.0734974 0.007627635 0.9919388
17.9799 FirstCar 47.63897 0.025 2.97 0 90 0 0 0.7071068 0 0.7071068 13.8889 0
17.9799 SecondCar -7.399161 0.025 2.97 0 90 0 0 0.7071068 0 0.7071068 0 0
17.9813 Head 0 1.6 6.063339 11.85001 351.5249 -5.45228E-08 0.1029444 -0.0734974 0.007627635 0.9919388
17.9813 FirstCar 47.65869 0.025 2.97 0 90 0 0 0.7071068 0 0.7071068 13.8889 0
17.9813 SecondCar -7.399161 0.025 2.97 0 90 0 0 0.7071068 0 0.7071068 0 0
17.9827 Head 0 1.6 6.0652 11.85001 351.5249 -5.45228E-08 0.1029444 -0.0734974 0.007627635 0.9919388
17.9827 FirstCar 47.67814 0.025 2.97 0 90 0 0 0.7071068 0 0.7071068 13.8889 0
17.9827 SecondCar -7.399161 0.025 2.97 0 90 0 0 0.7071068 0 0.7071068 0 0
17.9842 Head 0 1.6 6.067034 11.85001 351.5249 -5.45228E-08 0.1029444 -0.0734974 0.007627635 0.9919388
17.9842 FirstCar 47.69797 0.025 2.97 0 90 0 0 0.7071068 0 0.7071068 13.8889 0
17.9842 SecondCar -7.399161 0.025 2.97 0 90 0 0 0.7071068 0 0.7071068 0 0
17.9857 Head 0 1.6 6.068904 11.85001 351.5249 -5.45228E-08 0.1029444 -0.0734974 0.007627635 0.9919388
17.9857 FirstCar 47.71845 0.025 2.97 0 90 0 0 0.7071068 0 0.7071068 13.8889 0
17.9857 SecondCar -7.399161 0.025 2.97 0 90 0 0 0.7071068 0 0.7071068 0 0
17.9874 Head 0 1.6 6.070836 11.85001 351.5249 -5.45228E-08 0.1029444 -0.0734974 0.007627635 0.9919388
17.9874 FirstCar 47.74227 0.025 2.97 0 90 0 0 0.7071068 0 0.7071068 13.8889 0
17.9874 SecondCar -7.399161 0.025 2.97 0 90 0 0 0.7071068 0 0.7071068 0 0
17.9899 Head 0 1.6 6.073082 11.85001 351.5249 -5.45228E-08 0.1029444 -0.0734974 0.007627635 0.9919388
17.9899 FirstCar 47.77733 0.025 2.97 0 90 0 0 0.7071068 0 0.7071068 13.8889 0
17.9899 SecondCar -7.399161 0.025 2.97 0 90 0 0 0.7071068 0 0.7071068 0 0
17.9917 Head 0 1.6 6.076389 11.85001 351.5249 -5.45228E-08 0.1029444 -0.0734974 0.007627635 0.9919388
17.9917 FirstCar 47.80194 0.025 2.97 0 90 0 0 0.7071068 0 0.7071068 13.8889 0
17.9917 SecondCar -7.399161 0.025 2.97 0 90 0 0 0.7071068 0 0.7071068 0 0
17.9936 Head 0 1.6 6.078711 11.85001 351.5249 -5.45228E-08 0.1029444 -0.0734974 0.007627635 0.9919388
17.9936 FirstCar 47.82833 0.025 2.97 0 90 0 0 0.7071068 0 0.7071068 13.8889 0
17.9936 SecondCar -7.399161 0.025 2.97 0 90 0 0 0.7071068 0 0.7071068 0 0
17.9952 Head 0 1.6 6.0812 11.85001 351.5249 -5.45228E-08 0.1029444 -0.0734974 0.007627635 0.9919388
17.9952 FirstCar 47.85075 0.025 2.97 0 90 0 0 0.7071068 0 0.7071068 13.8889 0
17.9952 SecondCar -7.399161 0.025 2.97 0 90 0 0 0.7071068 0 0.7071068 0 0
17.9966 Head 0 1.6 6.083315 11.85001 351.5249 -5.45228E-08 0.1029444 -0.0734974 0.007627635 0.9919388
17.9966 FirstCar 47.87078 0.025 2.97 0 90 0 0 0.7071068 0 0.7071068 13.8889 0
17.9966 SecondCar -7.399161 0.025 2.97 0 90 0 0 0.7071068 0 0.7071068 0 0
17.9985 Head 0 1.6 6.085204 11.85001 351.5249 -5.45228E-08 0.1029444 -0.0734974 0.007627635 0.9919388
17.9985 FirstCar 47.89656 0.025 2.97 0 90 0 0 0.7071068 0 0.7071068 13.8889 0
17.9985 SecondCar -7.399161 0.025 2.97 0 90 0 0 0.7071068 0 0.7071068 0 0
18.0001 Head 0 1.6 6.087635 11.85001 351.5249 -5.45228E-08 0.1029444 -0.0734974 0.007627635 0.9919388
18.0001 FirstCar 47.91948 0.025 2.97 0 90 0 0 0.7071068 0 0.7071068 13.8889 0
18.0001 SecondCar -7.399161 0.025 2.97 0 90 0 0 0.7071068 0 0.7071068 0 0
18.0017 Head 0 1.6 6.089797 11.85001 351.5249 -5.45228E-08 0.1029444 -0.0734974 0.007627635 0.9919388
18.0017 FirstCar 47.94199 0.025 2.97 0 90 0 0 0.7071068 0 0.7071068 13.8889 0
18.0017 SecondCar -7.399161 0.025 2.97 0 90 0 0 0.7071068 0 0.7071068 0 0
18.0033 Head 0 1.6 6.091919 11.85001 351.5249 -5.45228E-08 0.1029444 -0.0734974 0.007627635 0.9919388
18.0033 FirstCar 47.96296 0.025 2.97 0 90 0 0 0.7071068 0 0.7071068 13.8889 0
18.0033 SecondCar -7.399161 0.025 2.97 0 90 0 0 0.7071068 0 0.7071068 0 0
18.0047 Head 0 1.6 6.093898 11.85001 351.5249 -5.45228E-08 0.1029444 -0.0734974 0.007627635 0.9919388
18.0047 FirstCar 47.98322 0.025 2.97 0 90 0 0 0.7071068 0 0.7071068 13.8889 0
18.0047 SecondCar -7.399161 0.025 2.97 0 90 0 0 0.7071068 0 0.7071068 0 0
18.0061 Head 0 1.6 6.095809 11.85001 351.5249 -5.45228E-08 0.1029444 -0.0734974 0.007627635 0.9919388
18.0061 FirstCar 48.00239 0.025 2.97 0 90 0 0 0.7071068 0 0.7071068 13.8889 0
18.0061 SecondCar -7.399161 0.025 2.97 0 90 0 0 0.7071068 0 0.7071068 0 0
18.0076 Head 0 1.6 6.097617 11.85001 351.5249 -5.45228E-08 0.1029444 -0.0734974 0.007627635 0.9919388
18.0076 FirstCar 48.02337 0.025 2.97 0 90 0 0 0.7071068 0 0.7071068 13.8889 0
18.0076 SecondCar -7.399161 0.025 2.97 0 90 0 0 0.7071068 0 0.7071068 0 0
18.0093 Head 0 1.6 6.099596 11.85001 351.5249 -5.45228E-08 0.1029444 -0.0734974 0.007627635 0.9919388
18.0093 FirstCar 48.04692 0.025 2.97 0 90 0 0 0.7071068 0 0.7071068 13.8889 0
18.0093 SecondCar -7.399161 0.025 2.97 0 90 0 0 0.7071068 0 0.7071068 0 0
18.0108 Head 0 1.6 6.101817 11.85001 351.5249 -5.45228E-08 0.1029444 -0.0734974 0.007627635 0.9919388
18.0108 FirstCar 48.06718 0.025 2.97 0 90 0 0 0.7071068 0 0.7071068 13.8889 0
18.0108 SecondCar -7.399161 0.025 2.97 0 90 0 0 0.7071068 0 0.7071068 0 0
18.0125 Head 0 1.6 6.103729 11.85001 351.5249 -5.45228E-08 0.1029444 -0.0734974 0.007627635 0.9919388
18.0125 FirstCar 48.09102 0.025 2.97 0 90 0 0 0.7071068 0 0.7071068 13.8889 0
18.0125 SecondCar -7.399161 0.025 2.97 0 90 0 0 0.7071068 0 0.7071068 0 0
18.0139 Head 0 1.6 6.105977 11.85001 351.5249 -5.45228E-08 0.1029444 -0.0734974 0.007627635 0.9919388
18.0139 FirstCar 48.11037 0.025 2.97 0 90 0 0 0.7071068 0 0.7071068 13.8889 0
18.0139 SecondCar -7.399161 0.025 2.97 0 90 0 0 0.7071068 0 0.7071068 0 0
18.0153 Head 0 1.6 6.107802 11.85001 351.5249 -5.45228E-08 0.1029444 -0.0734974 0.007627635 0.9919388
18.0153 FirstCar 48.12974 0.025 2.97 0 90 0 0 0.7071068 0 0.7071068 13.8889 0
18.0153 SecondCar -7.399161 0.025 2.97 0 90 0 0 0.7071068 0 0.7071068 0 0
18.0168 Head 0 1.6 6.109629 11.85001 351.5249 -5.45228E-08 0.1029444 -0.0734974 0.007627635 0.9919388
18.0168 FirstCar 48.15087 0.025 2.97 0 90 0 0 0.7071068 0 0.7071068 13.8889 0
18.0168 SecondCar -7.399161 0.025 2.97 0 90 0 0 0.7071068 0 0.7071068 0 0
18.0184 Head 0 1.6 6.111622 11.85001 351.5249 -5.45228E-08 0.1029444 -0.0734974 0.007627635 0.9919388
18.0184 FirstCar 48.17268 0.025 2.97 0 90 0 0 0.7071068 0 0.7071068 13.8889 0
18.0184 SecondCar -7.399161 0.025 2.97 0 90 0 0 0.7071068 0 0.7071068 0 0
18.0206 Head 0 1.6 6.113679 11.85001 351.5249 -5.45228E-08 0.1029444 -0.0734974 0.007627635 0.9919388
18.0206 FirstCar 48.20438 0.025 2.97 0 90 0 0 0.7071068 0 0.7071068 13.8889 0
18.0206 SecondCar -7.399161 0.025 2.97 0 90 0 0 0.7071068 0 0.7071068 0 0
18.0224 Head 0 1.6 6.116669 11.85001 351.5249 -5.45228E-08 0.1029444 -0.0734974 0.007627635 0.9919388
18.0224 FirstCar 48.2295 0.025 2.97 0 90 0 0 0.7071068 0 0.7071068 13.8889 0
18.0224 SecondCar -7.399161 0.025 2.97 0 90 0 0 0.7071068 0 0.7071068 0 0
18.0239 Head 0 1.6 6.119038 11.85001 351.5249 -5.45228E-08 0.1029444 -0.0734974 0.007627635 0.9919388
18.0239 FirstCar 48.25037 0.025 2.97 0 90 0 0 0.7071068 0 0.7071068 13.8889 0
18.0239 SecondCar -7.399161 0.025 2.97 0 90 0 0 0.7071068 0 0.7071068 0 0
18.0254 Head 0 1.6 6.121006 11.85001 351.5249 -5.45228E-08 0.1029444 -0.0734974 0.007627635 0.9919388
18.0254 FirstCar 48.27009 0.025 2.97 0 90 0 0 0.7071068 0 0.7071068 13.8889 0
18.0254 SecondCar -7.399161 0.025 2.97 0 90 0 0 0.7071068 0 0.7071068 0 0
18.0267 Head 0 1.6 6.122866 11.85001 351.5249 -5.45228E-08 0.1029444 -0.0734974 0.007627635 0.9919388
18.0267 FirstCar 48.28919 0.025 2.97 0 90 0 0 0.7071068 0 0.7071068 13.8889 0
18.0267 SecondCar -7.399161 0.025 2.97 0 90 0 0 0.7071068 0 0.7071068 0 0
18.0282 Head 0 1.6 6.124668 11.85001 351.5249 -5.45228E-08 0.1029444 -0.0734974 0.007627635 0.9919388
18.0282 FirstCar 48.30973 0.025 2.97 0 90 0 0 0.7071068 0 0.7071068 13.8889 0
18.0282 SecondCar -7.399161 0.025 2.97 0 90 0 0 0.7071068 0 0.7071068 0 0
18.0297 Head 0 1.6 6.126606 11.85001 351.5249 -5.45228E-08 0.1029444 -0.0734974 0.007627635 0.9919388
18.0297 FirstCar 48.33012 0.025 2.97 0 90 0 0 0.7071068 0 0.7071068 13.8889 0
18.0297 SecondCar -7.399161 0.025 2.97 0 90 0 0 0.7071068 0 0.7071068 0 0
18.0311 Head 0 1.6 6.128529 11.85001 351.5249 -5.45228E-08 0.1029444 -0.0734974 0.007627635 0.9919388
18.0311 FirstCar 48.34977 0.025 2.97 0 90 0 0 0.7071068 0 0.7071068 13.8889 0
18.0311 SecondCar -7.399161 0.025 2.97 0 90 0 0 0.7071068 0 0.7071068 0 0
18.0328 Head 0 1.6 6.130382 11.85001 351.5249 -5.45228E-08 0.1029444 -0.0734974 0.007627635 0.9919388
18.0328 FirstCar 48.37328 0.025 2.97 0 90 0 0 0.7071068 0 0.7071068 13.8889 0
18.0328 SecondCar -7.399161 0.025 2.97 0 90 0 0 0.7071068 0 0.7071068 0 0
18.0343 Head 0 1.6 6.132599 11.85001 351.5249 -5.45228E-08 0.1029444 -0.0734974 0.007627635 0.9919388
18.0343 FirstCar 48.39427 0.025 2.97 0 90 0 0 0.7071068 0 0.7071068 13.8889 0
18.0343 SecondCar -7.399161 0.025 2.97 0 90 0 0 0.7071068 0 0.7071068 0 0
18.0357 Head 0 1.6 6.13458 11.85001 351.5249 -5.45228E-08 0.1029444 -0.0734974 0.007627635 0.9919388
18.0357 FirstCar 48.41413 0.025 2.97 0 90 0 0 0.7071068 0 0.7071068 13.8889 0
18.0357 SecondCar -7.399161 0.025 2.97 0 90 0 0 0.7071068 0 0.7071068 0 0
18.0371 Head 0 1.6 6.136453 11.85001 351.5249 -5.45228E-08 0.1029444 -0.0734974 0.007627635 0.9919388
18.0371 FirstCar 48.43301 0.025 2.97 0 90 0 0 0.7071068 0 0.7071068 13.8889 0
18.0371 SecondCar -7.399161 0.025 2.97 0 90 0 0 0.7071068 0 0.7071068 0 0
18.0385 Head 0 1.6 6.138234 11.85001 351.5249 -5.45228E-08 0.1029444 -0.0734974 0.007627635 0.9919388
18.0385 FirstCar 48.452 0.025 2.97 0 90 0 0 0.7071068 0 0.7071068 13.8889 0
18.0385 SecondCar -7.399161 0.025 2.97 0 90 0 0 0.7071068 0 0.7071068 0 0
18.0399 Head 0 1.6 6.140025 11.85001 351.5249 -5.45228E-08 0.1029444 -0.0734974 0.007627635 0.9919388
18.0399 FirstCar 48.47221 0.025 2.97 0 90 0 0 0.7071068 0 0.7071068 13.8889 0
18.0399 SecondCar -7.399161 0.025 2.97 0 90 0 0 0.7071068 0 0.7071068 0 0
18.0413 Head 0 1.6 6.141931 11.85001 351.5249 -5.45228E-08 0.1029444 -0.0734974 0.007627635 0.9919388
18.0413 FirstCar 48.49139 0.025 2.97 0 90 0 0 0.7071068 0 0.7071068 13.8889 0
18.0413 SecondCar -7.399161 0.025 2.97 0 90 0 0 0.7071068 0 0.7071068 0 0
18.0426 Head 0 1.6 6.143741 11.85001 351.5249 -5.45228E-08 0.1029444 -0.0734974 0.007627635 0.9919388
18.0426 FirstCar 48.5101 0.025 2.97 0 90 0 0 0.7071068 0 0.7071068 13.8889 0
18.0426 SecondCar -7.399161 0.025 2.97 0 90 0 0 0.7071068 0 0.7071068 0 0
18.0440 Head 0 1.6 6.145505 11.85001 351.5249 -5.45228E-08 0.1029444 -0.0734974 0.007627635 0.9919388
18.0440 FirstCar 48.52906 0.025 2.97 0 90 0 0 0.7071068 0 0.7071068 13.8889 0
18.0440 SecondCar -7.399161 0.025 2.97 0 90 0 0 0.7071068 0 0.7071068 0 0
18.0454 Head 0 1.6 6.147294 11.85001 351.5249 -5.45228E-08 0.1029444 -0.0734974 0.007627635 0.9919388
18.0454 FirstCar 48.54803 0.025 2.97 0 90 0 0 0.7071068 0 0.7071068 13.8889 0
18.0454 SecondCar -7.399161 0.025 2.97 0 90 0 0 0.7071068 0 0.7071068 0 0
18.0469 Head 0 1.6 6.149083 11.85001 351.5249 -5.45228E-08 0.1029444 -0.0734974 0.007627635 0.9919388
18.0469 FirstCar 48.56851 0.025 2.97 0 90 0 0 0.7071068 0 0.7071068 13.8889 0
18.0469 SecondCar -7.399161 0.025 2.97 0 90 0 0 0.7071068 0 0.7071068 0 0
18.0483 Head 0 1.6 6.151014 11.85001 351.5249 -5.45228E-08 0.1029444 -0.0734974 0.007627635 0.9919388
18.0483 FirstCar 48.58855 0.025 2.97 0 90 0 0 0.7071068 0 0.7071068 13.8889 0
18.0483 SecondCar -7.399161 0.025 2.97 0 90 0 0 0.7071068 0 0.7071068 0 0
18.0498 Head 0 1.6 6.152904 11.85001 351.5249 -5.45228E-08 0.1029444 -0.0734974 0.007627635 0.9919388
18.0498 FirstCar 48.60963 0.025 2.97 0 90 0 0 0.7071068 0 0.7071068 13.8889 0
18.0498 SecondCar -7.399161 0.025 2.97 0 90 0 0 0.7071068 0 0.7071068 0 0
18.0520 Head 0 1.6 6.154892 11.85001 351.5249 -5.45228E-08 0.1029444 -0.0734974 0.007627635 0.9919388
18.0520 FirstCar 48.63969 0.025 2.97 0 90 0 0 0.7071068 0 0.7071068 13.8889 0
18.0520 SecondCar -7.399161 0.025 2.97 0 90 0 0 0.7071068 0 0.7071068 0 0
18.0541 Head 0 1.6 6.157728 11.85001 351.5249 -5.45228E-08 0.1029444 -0.0734974 0.007627635 0.9919388
18.0541 FirstCar 48.66872 0.025 2.97 0 90 0 0 0.7071068 0 0.7071068 13.8889 0
18.0541 SecondCar -7.399161 0.025 2.97 0 90 0 0 0.7071068 0 0.7071068 0 0
18.0557 Head 0 1.6 6.160466 11.85001 351.5249 -5.45228E-08 0.1029444 -0.0734974 0.007627635 0.9919388
18.0557 FirstCar 48.69118 0.025 2.97 0 90 0 0 0.7071068 0 0.7071068 13.8889 0
18.0557 SecondCar -7.399161 0.025 2.97 0 90 0 0 0.7071068 0 0.7071068 0 0
18.0572 Head 0 1.6 6.162585 11.85001 351.5249 -5.45228E-08 0.1029444 -0.0734974 0.007627635 0.9919388
18.0572 FirstCar 48.71206 0.025 2.97 0 90 0 0 0.7071068 0 0.7071068 13.8889 0
18.0572 SecondCar -7.399161 0.025 2.97 0 90 0 0 0.7071068 0 0.7071068 0 0
18.0587 Head 0 1.6 6.164553 11.85001 351.5249 -5.45228E-08 0.1029444 -0.0734974 0.007627635 0.9919388
18.0587 FirstCar 48.73261 0.025 2.97 0 90 0 0 0.7071068 0 0.7071068 13.8889 0
18.0587 SecondCar -7.399161 0.025 2.97 0 90 0 0 0.7071068 0 0.7071068 0 0
18.0601 Head 0 1.6 6.166492 11.85001 351.5249 -5.45228E-08 0.1029444 -0.0734974 0.007627635 0.9919388
18.0601 FirstCar 48.75295 0.025 2.97 0 90 0 0 0.7071068 0 0.7071068 13.8889 0
18.0601 SecondCar -7.399161 0.025 2.97 0 90 0 0 0.7071068 0 0.7071068 0 0
18.0616 Head 0 1.6 6.16841 11.85001 351.5249 -5.45228E-08 0.1029444 -0.0734974 0.007627635 0.9919388
18.0616 FirstCar 48.77331 0.025 2.97 0 90 0 0 0.7071068 0 0.7071068 13.8889 0
18.0616 SecondCar -7.399161 0.025 2.97 0 90 0 0 0.7071068 0 0.7071068 0 0
18.0631 Head 0 1.6 6.170331 11.85001 351.5249 -5.45228E-08 0.1029444 -0.0734974 0.007627635 0.9919388
18.0631 FirstCar 48.79411 0.025 2.97 0 90 0 0 0.7071068 0 0.7071068 13.8889 0
18.0631 SecondCar -7.399161 0.025 2.97 0 90 0 0 0.7071068 0 0.7071068 0 0
18.0646 Head 0 1.6 6.172292 11.85001 351.5249 -5.45228E-08 0.1029444 -0.0734974 0.007627635 0.9919388
18.0646 FirstCar 48.81425 0.025 2.97 0 90 0 0 0.7071068 0 0.7071068 13.8889 0
18.0646 SecondCar -7.399161 0.025 2.97 0 90 0 0 0.7071068 0 0.7071068 0 0
18.0663 Head 0 1.6 6.174192 11.85001 351.5249 -5.45228E-08 0.1029444 -0.0734974 0.007627635 0.9919388
18.0663 FirstCar 48.83832 0.025 2.97 0 90 0 0 0.7071068 0 0.7071068 13.8889 0
18.0663 SecondCar -7.399161 0.025 2.97 0 90 0 0 0.7071068 0 0.7071068 0 0
18.0680 Head 0 1.6 6.176463 11.85001 351.5249 -5.45228E-08 0.1029444 -0.0734974 0.007627635 0.9919388
18.0680 FirstCar 48.86199 0.025 2.97 0 90 0 0 0.7071068 0 0.7071068 13.8889 0
18.0680 SecondCar -7.399161 0.025 2.97 0 90 0 0 0.7071068 0 0.7071068 0 0
18.0697 Head 0 1.6 6.178695 11.85001 351.5249 -5.45228E-08 0.1029444 -0.0734974 0.007627635 0.9919388
18.0697 FirstCar 48.88531 0.025 2.97 0 90 0 0 0.7071068 0 0.7071068 13.8889 0
18.0697 SecondCar -7.399161 0.025 2.97 0 90 0 0 0.7071068 0 0.7071068 0 0
18.0712 Head 0 1.6 6.180895 11.85001 351.5249 -5.45228E-08 0.1029444 -0.0734974 0.007627635 0.9919388
18.0712 FirstCar 48.90693 0.025 2.97 0 90 0 0 0.7071068 0 0.7071068 13.8889 0
18.0712 SecondCar -7.399161 0.025 2.97 0 90 0 0 0.7071068 0 0.7071068 0 0
18.0731 Head 0 1.6 6.182934 11.85001 351.5249 -5.45228E-08 0.1029444 -0.0734974 0.007627635 0.9919388
18.0731 FirstCar 48.93231 0.025 2.97 0 90 0 0 0.7071068 0 0.7071068 13.8889 0
18.0731 SecondCar -7.399161 0.025 2.97 0 90 0 0 0.7071068 0 0.7071068 0 0
18.0746 Head 0 1.6 6.185328 11.85001 351.5249 -5.45228E-08 0.1029444 -0.0734974 0.007627635 0.9919388
18.0746 FirstCar 48.95363 0.025 2.97 0 90 0 0 0.7071068 0 0.7071068 13.8889 0
18.0746 SecondCar -7.399161 0.025 2.97 0 90 0 0 0.7071068 0 0.7071068 0 0
18.0761 Head 0 1.6 6.187338 11.85001 351.5249 -5.45228E-08 0.1029444 -0.0734974 0.007627635 0.9919388
18.0761 FirstCar 48.97403 0.025 2.97 0 90 0 0 0.7071068 0 0.7071068 13.8889 0
18.0761 SecondCar -7.399161 0.025 2.97 0 90 0 0 0.7071068 0 0.7071068 0 0
18.0776 Head 0 1.6 6.189262 11.85001 351.5249 -5.45228E-08 0.1029444 -0.0734974 0.007627635 0.9919388
18.0776 FirstCar 48.9961 0.025 2.97 0 90 0 0 0.7071068 0 0.7071068 13.8889 0
18.0776 SecondCar -7.399161 0.025 2.97 0 90 0 0 0.7071068 0 0.7071068 0 0
18.0791 Head 0 1.6 6.191344 11.85001 351.5249 -5.45228E-08 0.1029444 -0.0734974 0.007627635 0.9919388
18.0791 FirstCar 49.01675 0.025 2.97 0 90 0 0 0.7071068 0 0.7071068 13.8889 0
18.0791 SecondCar -7.399161 0.025 2.97 0 90 0 0 0.7071068 0 0.7071068 0 0
18.0806 Head 0 1.6 6.193292 11.85001 351.5249 -5.45228E-08 0.1029444 -0.0734974 0.007627635 0.9919388
18.0806 FirstCar 49.03645 0.025 2.97 0 90 0 0 0.7071068 0 0.7071068 13.8889 0
18.0806 SecondCar -7.399161 0.025 2.97 0 90 0 0 0.7071068 0 0.7071068 0 0
18.0823 Head 0 1.6 6.19515 11.85001 351.5249 -5.45228E-08 0.1029444 -0.0734974 0.007627635 0.9919388
18.0823 FirstCar 49.06017 0.025 2.97 0 90 0 0 0.7071068 0 0.7071068 13.8889 0
18.0823 SecondCar -7.399161 0.025 2.97 0 90 0 0 0.7071068 0 0.7071068 0 0
18.0845 Head 0 1.6 6.197387 11.85001 351.5249 -5.45228E-08 0.1029444 -0.0734974 0.007627635 0.9919388
18.0845 FirstCar 49.09195 0.025 2.97 0 90 0 0 0.7071068 0 0.7071068 13.8889 0
18.0845 SecondCar -7.399161 0.025 2.97 0 90 0 0 0.7071068 0 0.7071068 0 0
18.0863 Head 0 1.6 6.200385 11.85001 351.5249 -5.45228E-08 0.1029444 -0.0734974 0.007627635 0.9919388
18.0863 FirstCar 49.1169 0.025 2.97 0 90 0 0 0.7071068 0 0.7071068 13.8889 0
18.0863 SecondCar -7.399161 0.025 2.97 0 90 0 0 0.7071068 0 0.7071068 0 0
18.0880 Head 0 1.6 6.202738 11.85001 351.5249 -5.45228E-08 0.1029444 -0.0734974 0.007627635 0.9919388
18.0880 FirstCar 49.1394 0.025 2.97 0 90 0 0 0.7071068 0 0.7071068 13.8889 0
18.0880 SecondCar -7.399161 0.025 2.97 0 90 0 0 0.7071068 0 0.7071068 0 0
18.0894 Head 0 1.6 6.20486 11.85001 351.5249 -5.45228E-08 0.1029444 -0.0734974 0.007627635 0.9919388
18.0894 FirstCar 49.15951 0.025 2.97 0 90 0 0 0.7071068 0 0.7071068 13.8889 0
18.0894 SecondCar -7.399161 0.025 2.97 0 90 0 0 0.7071068 0 0.7071068 0 0
18.0908 Head 0 1.6 6.206757 11.85001 351.5249 -5.45228E-08 0.1029444 -0.0734974 0.007627635 0.9919388
18.0908 FirstCar 49.17916 0.025 2.97 0 90 0 0 0.7071068 0 0.7071068 13.8889 0
18.0908 SecondCar -7.399161 0.025 2.97 0 90 0 0 0.7071068 0 0.7071068 0 0
18.0925 Head 0 1.6 6.208611 11.85001 351.5249 -5.45228E-08 0.1029444 -0.0734974 0.007627635 0.9919388
18.0925 FirstCar 49.20177 0.025 2.97 0 90 0 0 0.7071068 0 0.7071068 13.8889 0
18.0925 SecondCar -7.399161 0.025 2.97 0 90 0 0 0.7071068 0 0.7071068 0 0
18.0939 Head 0 1.6 6.210742 11.85001 351.5249 -5.45228E-08 0.1029444 -0.0734974 0.007627635 0.9919388
18.0939 FirstCar 49.22229 0.025 2.97 0 90 0 0 0.7071068 0 0.7071068 13.8889 0
18.0939 SecondCar -7.399161 0.025 2.97 0 90 0 0 0.7071068 0 0.7071068 0 0
18.0954 Head 0 1.6 6.212678 11.85001 351.5249 -5.45228E-08 0.1029444 -0.0734974 0.007627635 0.9919388
18.0954 FirstCar 49.24225 0.025 2.97 0 90 0 0 0.7071068 0 0.7071068 13.8889 0
18.0954 SecondCar -7.399161 0.025 2.97 0 90 0 0 0.7071068 0 0.7071068 0 0
18.0969 Head 0 1.6 6.214561 11.85001 351.5249 -5.45228E-08 0.1029444 -0.0734974 0.007627635 0.9919388
18.0969 FirstCar 49.2629 0.025 2.97 0 90 0 0 0.7071068 0 0.7071068 13.8889 0
18.0969 SecondCar -7.399161 0.025 2.97 0 90 0 0 0.7071068 0 0.7071068 0 0
18.0984 Head 0 1.6 6.216508 11.85001 351.5249 -5.45228E-08 0.1029444 -0.0734974 0.007627635 0.9919388
18.0984 FirstCar 49.28446 0.025 2.97 0 90 0 0 0.7071068 0 0.7071068 13.8889 0
18.0984 SecondCar -7.399161 0.025 2.97 0 90 0 0 0.7071068 0 0.7071068 0 0
18.0999 Head 0 1.6 6.218542 11.85001 351.5249 -5.45228E-08 0.1029444 -0.0734974 0.007627635 0.9919388
18.0999 FirstCar 49.30479 0.025 2.97 0 90 0 0 0.7071068 0 0.7071068 13.8889 0
18.0999 SecondCar -7.399161 0.025 2.97 0 90 0 0 0.7071068 0 0.7071068 0 0
18.1013 Head 0 1.6 6.220459 11.85001 351.5249 -5.45228E-08 0.1029444 -0.0734974 0.007627635 0.9919388
18.1013 FirstCar 49.32528 0.025 2.97 0 90 0 0 0.7071068 0 0.7071068 13.8889 0
18.1013 SecondCar -7.399161 0.025 2.97 0 90 0 0 0.7071068 0 0.7071068 0 0
18.1028 Head 0 1.6 6.222392 11.85001 351.5249 -5.45228E-08 0.1029444 -0.0734974 0.007627635 0.9919388
18.1028 FirstCar 49.34484 0.025 2.97 0 90 0 0 0.7071068 0 0.7071068 13.8889 0
18.1028 SecondCar -7.399161 0.025 2.97 0 90 0 0 0.7071068 0 0.7071068 0 0
18.1041 Head 0 1.6 6.224236 11.85001 351.5249 -5.45228E-08 0.1029444 -0.0734974 0.007627635 0.9919388
18.1041 FirstCar 49.36389 0.025 2.97 0 90 0 0 0.7071068 0 0.7071068 13.8889 0
18.1041 SecondCar -7.399161 0.025 2.97 0 90 0 0 0.7071068 0 0.7071068 0 0
18.1055 Head 0 1.6 6.226033 11.85001 351.5249 -5.45228E-08 0.1029444 -0.0734974 0.007627635 0.9919388
18.1055 FirstCar 49.38327 0.025 2.97 0 90 0 0 0.7071068 0 0.7071068 13.8889 0
18.1055 SecondCar -7.399161 0.025 2.97 0 90 0 0 0.7071068 0 0.7071068 0 0
18.1069 Head 0 1.6 6.227861 11.85001 351.5249 -5.45228E-08 0.1029444 -0.0734974 0.007627635 0.9919388
18.1069 FirstCar 49.40212 0.025 2.97 0 90 0 0 0.7071068 0 0.7071068 13.8889 0
18.1069 SecondCar -7.399161 0.025 2.97 0 90 0 0 0.7071068 0 0.7071068 0 0
18.1083 Head 0 1.6 6.229639 11.85001 351.5249 -5.45228E-08 0.1029444 -0.0734974 0.007627635 0.9919388
18.1083 FirstCar 49.42174 0.025 2.97 0 90 0 0 0.7071068 0 0.7071068 13.8889 0
18.1083 SecondCar -7.399161 0.025 2.97 0 90 0 0 0.7071068 0 0.7071068 0 0
18.1097 Head 0 1.6 6.23149 11.85001 351.5249 -5.45228E-08 0.1029444 -0.0734974 0.007627635 0.9919388
18.1097 FirstCar 49.44187 0.025 2.97 0 90 0 0 0.7071068 0 0.7071068 13.8889 0
18.1097 SecondCar -7.399161 0.025 2.97 0 90 0 0 0.7071068 0 0.7071068 0 0
18.1111 Head 0 1.6 6.233388 11.85001 351.5249 -5.45228E-08 0.1029444 -0.0734974 0.007627635 0.9919388
18.1111 FirstCar 49.46117 0.025 2.97 0 90 0 0 0.7071068 0 0.7071068 13.8889 0
18.1111 SecondCar -7.399161 0.025 2.97 0 90 0 0 0.7071068 0 0.7071068 0 0
18.1130 Head 0 1.6 6.235209 11.85001 351.5249 -5.45228E-08 0.1029444 -0.0734974 0.007627635 0.9919388
18.1130 FirstCar 49.48726 0.025 2.97 0 90 0 0 0.7071068 0 0.7071068 13.8889 0
18.1130 SecondCar -7.399161 0.025 2.97 0 90 0 0 0.7071068 0 0.7071068 0 0
18.1154 Head 0 1.6 6.237669 11.85001 351.5249 -5.45228E-08 0.1029444 -0.0734974 0.007627635 0.9919388
18.1154 FirstCar 49.52089 0.025 2.97 0 90 0 0 0.7071068 0 0.7071068 13.8889 0
18.1154 SecondCar -7.399161 0.025 2.97 0 90 0 0 0.7071068 0 0.7071068 0 0
18.1173 Head 0 1.6 6.240841 11.85001 351.5249 -5.45228E-08 0.1029444 -0.0734974 0.007627635 0.9919388
18.1173 FirstCar 49.54666 0.025 2.97 0 90 0 0 0.7071068 0 0.7071068 13.8889 0
18.1173 SecondCar -7.399161 0.025 2.97 0 90 0 0 0.7071068 0 0.7071068 0 0
18.1190 Head 0 1.6 6.243271 11.85001 351.5249 -5.45228E-08 0.1029444 -0.0734974 0.007627635 0.9919388
18.1190 FirstCar 49.56988 0.025 2.97 0 90 0 0 0.7071068 0 0.7071068 13.8889 0
18.1190 SecondCar -7.399161 0.025 2.97 0 90 0 0 0.7071068 0 0.7071068 0 0
18.1205 Head 0 1.6 6.245461 11.85001 351.5249 -5.45228E-08 0.1029444 -0.0734974 0.007627635 0.9919388
18.1205 FirstCar 49.59093 0.025 2.97 0 90 0 0 0.7071068 0 0.7071068 13.8889 0
18.1205 SecondCar -7.399161 0.025 2.97 0 90 0 0 0.7071068 0 0.7071068 0 0
18.1219 Head 0 1.6 6.247447 11.85001 351.5249 -5.45228E-08 0.1029444 -0.0734974 0.007627635 0.9919388
18.1219 FirstCar 49.61073 0.025 2.97 0 90 0 0 0.7071068 0 0.7071068 13.8889 0
18.1219 SecondCar -7.399161 0.025 2.97 0 90 0 0 0.7071068 0 0.7071068 0 0
18.1233 Head 0 1.6 6.249314 11.85001 351.5249 -5.45228E-08 0.1029444 -0.0734974 0.007627635 0.9919388
18.1233 FirstCar 49.63054 0.025 2.97 0 90 0 0 0.7071068 0 0.7071068 13.8889 0
18.1233 SecondCar -7.399161 0.025 2.97 0 90 0 0 0.7071068 0 0.7071068 0 0
18.1248 Head 0 1.6 6.251184 11.85001 351.5249 -5.45228E-08 0.1029444 -0.0734974 0.007627635 0.9919388
18.1248 FirstCar 49.65088 0.025 2.97 0 90 0 0 0.7071068 0 0.7071068 13.8889 0
18.1248 SecondCar -7.399161 0.025 2.97 0 90 0 0 0.7071068 0 0.7071068 0 0
18.1262 Head 0 1.6 6.253101 11.85001 351.5249 -5.45228E-08 0.1029444 -0.0734974 0.007627635 0.9919388
18.1262 FirstCar 49.67078 0.025 2.97 0 90 0 0 0.7071068 0 0.7071068 13.8889 0
18.1262 SecondCar -7.399161 0.025 2.97 0 90 0 0 0.7071068 0 0.7071068 0 0
18.1276 Head 0 1.6 6.254979 11.85001 351.5249 -5.45228E-08 0.1029444 -0.0734974 0.007627635 0.9919388
18.1276 FirstCar 49.69019 0.025 2.97 0 90 0 0 0.7071068 0 0.7071068 13.8889 0
18.1276 SecondCar -7.399161 0.025 2.97 0 90 0 0 0.7071068 0 0.7071068 0 0
18.1293 Head 0 1.6 6.25681 11.85001 351.5249 -5.45228E-08 0.1029444 -0.0734974 0.007627635 0.9919388
18.1293 FirstCar 49.7136 0.025 2.97 0 90 0 0 0.7071068 0 0.7071068 13.8889 0
18.1293 SecondCar -7.399161 0.025 2.97 0 90 0 0 0.7071068 0 0.7071068 0 0
18.1309 Head 0 1.6 6.259017 11.85001 351.5249 -5.45228E-08 0.1029444 -0.0734974 0.007627635 0.9919388
18.1309 FirstCar 49.73576 0.025 2.97 0 90 0 0 0.7071068 0 0.7071068 13.8889 0
18.1309 SecondCar -7.399161 0.025 2.97 0 90 0 0 0.7071068 0 0.7071068 0 0
18.1327 Head 0 1.6 6.261107 11.85001 351.5249 -5.45228E-08 0.1029444 -0.0734974 0.007627635 0.9919388
18.1327 FirstCar 49.761 0.025 2.97 0 90 0 0 0.7071068 0 0.7071068 13.8889 0
18.1327 SecondCar -7.399161 0.025 2.97 0 90 0 0 0.7071068 0 0.7071068 0 0
18.1344 Head 0 1.6 6.263488 11.85001 351.5249 -5.45228E-08 0.1029444 -0.0734974 0.007627635 0.9919388
18.1344 FirstCar 49.78419 0.025 2.97 0 90 0 0 0.7071068 0 0.7071068 13.8889 0
18.1344 SecondCar -7.399161 0.025 2.97 0 90 0 0 0.7071068 0 0.7071068 0 0
18.1361 Head 0 1.6 6.265676 11.85001 351.5249 -5.45228E-08 0.1029444 -0.0734974 0.007627635 0.9919388
18.1361 FirstCar 49.80778 0.025 2.97 0 90 0 0 0.7071068 0 0.7071068 13.8889 0
18.1361 SecondCar -7.399161 0.025 2.97 0 90 0 0 0.7071068 0 0.7071068 0 0
18.1376 Head 0 1.6 6.2679 11.85001 351.5249 -5.45228E-08 0.1029444 -0.0734974 0.007627635 0.9919388
18.1376 FirstCar 49.82896 0.025 2.97 0 90 0 0 0.7071068 0 0.7071068 13.8889 0
18.1376 SecondCar -7.399161 0.025 2.97 0 90 0 0 0.7071068 0 0.7071068 0 0
18.1392 Head 0 1.6 6.269898 11.85001 351.5249 -5.45228E-08 0.1029444 -0.0734974 0.007627635 0.9919388
18.1392 FirstCar 49.85087 0.025 2.97 0 90 0 0 0.7071068 0 0.7071068 13.8889 0
18.1392 SecondCar -7.399161 0.025 2.97 0 90 0 0 0.7071068 0 0.7071068 0 0
18.1407 Head 0 1.6 6.271965 11.85001 351.5249 -5.45228E-08 0.1029444 -0.0734974 0.007627635 0.9919388
18.1407 FirstCar 49.87174 0.025 2.97 0 90 0 0 0.7071068 0 0.7071068 13.8889 0
18.1407 SecondCar -7.399161 0.025 2.97 0 90 0 0 0.7071068 0 0.7071068 0 0
18.1424 Head 0 1.6 6.273932 11.85001 351.5249 -5.45228E-08 0.1029444 -0.0734974 0.007627635 0.9919388
18.1424 FirstCar 49.89486 0.025 2.97 0 90 0 0 0.7071068 0 0.7071068 13.8889 0
18.1424 SecondCar -7.399161 0.025 2.97 0 90 0 0 0.7071068 0 0.7071068 0 0
18.1444 Head 0 1.6 6.276114 11.85001 351.5249 -5.45228E-08 0.1029444 -0.0734974 0.007627635 0.9919388
18.1444 FirstCar 49.92318 0.025 2.97 0 90 0 0 0.7071068 0 0.7071068 13.8889 0
18.1444 SecondCar -7.399161 0.025 2.97 0 90 0 0 0.7071068 0 0.7071068 0 0
18.1461 Head 0 1.6 6.278785 11.85001 351.5249 -5.45228E-08 0.1029444 -0.0734974 0.007627635 0.9919388
18.1461 Other FirstCar destroyed 
18.1461 FirstCar 49.94637 0.025 2.97 0 90 0 0 0.7071068 0 0.7071068 13.8889 0
18.1461 SecondCar -7.399161 0.025 2.97 0 90 0 0 0.7071068 0 0.7071068 0 0
18.1480 Head 0 1.6 6.280972 11.85001 351.5249 -5.45228E-08 0.1029444 -0.0734974 0.007627635 0.9919388
18.1480 SecondCar -7.399161 0.025 2.97 0 90 0 0 0.7071068 0 0.7071068 0 0
18.1498 Head 0 1.6 6.283464 11.85001 351.5249 -5.45228E-08 0.1029444 -0.0734974 0.007627635 0.9919388
18.1498 SecondCar -7.399161 0.025 2.97 0 90 0 0 0.7071068 0 0.7071068 0 0
18.1514 Head 0 1.6 6.2859 11.85001 351.5249 -5.45228E-08 0.1029444 -0.0734974 0.007627635 0.9919388
18.1514 SecondCar -7.399161 0.025 2.97 0 90 0 0 0.7071068 0 0.7071068 0 0
18.1531 Head 0 1.6 6.287919 11.85001 351.5249 -5.45228E-08 0.1029444 -0.0734974 0.007627635 0.9919388
18.1531 SecondCar -7.399161 0.025 2.97 0 90 0 0 0.7071068 0 0.7071068 0 0
18.1546 Head 0 1.6 6.290221 11.85001 351.5249 -5.45228E-08 0.1029444 -0.0734974 0.007627635 0.9919388
18.1546 SecondCar -7.399161 0.025 2.97 0 90 0 0 0.7071068 0 0.7071068 0 0
18.1560 Head 0 1.6 6.29212 11.85001 351.5249 -5.45228E-08 0.1029444 -0.0734974 0.007627635 0.9919388
18.1560 SecondCar -7.399161 0.025 2.97 0 90 0 0 0.7071068 0 0.7071068 0 0
18.1574 Head 0 1.6 6.293998 11.85001 351.5249 -5.45228E-08 0.1029444 -0.0734974 0.007627635 0.9919388
18.1574 SecondCar -7.399161 0.025 2.97 0 90 0 0 0.7071068 0 0.7071068 0 0
18.1589 Head 0 1.6 6.295866 11.85001 351.5249 -5.45228E-08 0.1029444 -0.0734974 0.007627635 0.9919388
18.1589 SecondCar -7.399161 0.025 2.97 0 90 0 0 0.7071068 0 0.7071068 0 0
18.1606 Head 0 1.6 6.297821 11.85001 351.5249 -5.45228E-08 0.1029444 -0.0734974 0.007627635 0.9919388
18.1606 SecondCar -7.399161 0.025 2.97 0 90 0 0 0.7071068 0 0.7071068 0 0
18.1634 Head 0 1.6 6.299939 11.85001 351.5249 -5.45228E-08 0.1029444 -0.0734974 0.007627635 0.9919388
18.1634 SecondCar -7.399161 0.025 2.97 0 90 0 0 0.7071068 0 0.7071068 0 0
18.1656 Head 0 1.6 6.303723 11.85001 351.5249 -5.45228E-08 0.1029444 -0.0734974 0.007627635 0.9919388
18.1656 SecondCar -7.399161 0.025 2.97 0 90 0 0 0.7071068 0 0.7071068 0 0
18.1670 Head 0 1.6 6.306518 11.85001 351.5249 -5.45228E-08 0.1029444 -0.0734974 0.007627635 0.9919388
18.1670 SecondCar -7.399161 0.025 2.97 0 90 0 0 0.7071068 0 0.7071068 0 0
18.1684 Head 0 1.6 6.308374 11.85001 351.5249 -5.45228E-08 0.1029444 -0.0734974 0.007627635 0.9919388
18.1684 SecondCar -7.399161 0.025 2.97 0 90 0 0 0.7071068 0 0.7071068 0 0
18.1698 Head 0 1.6 6.31022 11.85001 351.5249 -5.45228E-08 0.1029444 -0.0734974 0.007627635 0.9919388
18.1698 SecondCar -7.399161 0.025 2.97 0 90 0 0 0.7071068 0 0.7071068 0 0
18.1711 Head 0 1.6 6.311994 11.85001 351.5249 -5.45228E-08 0.1029444 -0.0734974 0.007627635 0.9919388
18.1711 SecondCar -7.399161 0.025 2.97 0 90 0 0 0.7071068 0 0.7071068 0 0
18.1726 Head 0 1.6 6.313706 11.85001 351.5249 -5.45228E-08 0.1029444 -0.0734974 0.007627635 0.9919388
18.1726 SecondCar -7.399161 0.025 2.97 0 90 0 0 0.7071068 0 0.7071068 0 0
18.1739 Head 0 1.6 6.31571 11.85001 351.5249 -5.45228E-08 0.1029444 -0.0734974 0.007627635 0.9919388
18.1739 SecondCar -7.399161 0.025 2.97 0 90 0 0 0.7071068 0 0.7071068 0 0
18.1754 Head 0 1.6 6.317474 11.85001 351.5249 -5.45228E-08 0.1029444 -0.0734974 0.007627635 0.9919388
18.1754 SecondCar -7.399161 0.025 2.97 0 90 0 0 0.7071068 0 0.7071068 0 0
18.1769 Head 0 1.6 6.319407 11.85001 351.5249 -5.45228E-08 0.1029444 -0.0734974 0.007627635 0.9919388
18.1769 SecondCar -7.399161 0.025 2.97 0 90 0 0 0.7071068 0 0.7071068 0 0
18.1784 Head 0 1.6 6.321326 11.85001 351.5249 -5.45228E-08 0.1029444 -0.0734974 0.007627635 0.9919388
18.1784 SecondCar -7.399161 0.025 2.97 0 90 0 0 0.7071068 0 0.7071068 0 0
18.1800 Head 0 1.6 6.323352 11.85001 351.5249 -5.45228E-08 0.1029444 -0.0734974 0.007627635 0.9919388
18.1800 SecondCar -7.399161 0.025 2.97 0 90 0 0 0.7071068 0 0.7071068 0 0
18.1815 Head 0 1.6 6.325367 11.85001 351.5249 -5.45228E-08 0.1029444 -0.0734974 0.007627635 0.9919388
18.1815 SecondCar -7.399161 0.025 2.97 0 90 0 0 0.7071068 0 0.7071068 0 0
18.1829 Head 0 1.6 6.327353 11.85001 351.5249 -5.45228E-08 0.1029444 -0.0734974 0.007627635 0.9919388
18.1829 SecondCar -7.399161 0.025 2.97 0 90 0 0 0.7071068 0 0.7071068 0 0
18.1843 Head 0 1.6 6.329171 11.85001 351.5249 -5.45228E-08 0.1029444 -0.0734974 0.007627635 0.9919388
18.1843 SecondCar -7.399161 0.025 2.97 0 90 0 0 0.7071068 0 0.7071068 0 0
18.1856 Head 0 1.6 6.331067 11.85001 351.5249 -5.45228E-08 0.1029444 -0.0734974 0.007627635 0.9919388
18.1856 SecondCar -7.399161 0.025 2.97 0 90 0 0 0.7071068 0 0.7071068 0 0
18.1869 Head 0 1.6 6.332807 11.85001 351.5249 -5.45228E-08 0.1029444 -0.0734974 0.007627635 0.9919388
18.1869 SecondCar -7.399161 0.025 2.97 0 90 0 0 0.7071068 0 0.7071068 0 0
18.1884 Head 0 1.6 6.33451 11.85001 351.5249 -5.45228E-08 0.1029444 -0.0734974 0.007627635 0.9919388
18.1884 SecondCar -7.399161 0.025 2.97 0 90 0 0 0.7071068 0 0.7071068 0 0
18.1898 Head 0 1.6 6.336358 11.85001 351.5249 -5.45228E-08 0.1029444 -0.0734974 0.007627635 0.9919388
18.1898 SecondCar -7.399161 0.025 2.97 0 90 0 0 0.7071068 0 0.7071068 0 0
18.1917 Head 0 1.6 6.3382 11.85001 351.5249 -5.45228E-08 0.1029444 -0.0734974 0.007627635 0.9919388
18.1917 SecondCar -7.399161 0.025 2.97 0 90 0 0 0.7071068 0 0.7071068 0 0
18.1935 Head 0 1.6 6.340728 11.85001 351.5249 -5.45228E-08 0.1029444 -0.0734974 0.007627635 0.9919388
18.1935 SecondCar -7.399161 0.025 2.97 0 90 0 0 0.7071068 0 0.7071068 0 0
18.1951 Head 0 1.6 6.343048 11.85001 351.5249 -5.45228E-08 0.1029444 -0.0734974 0.007627635 0.9919388
18.1951 SecondCar -7.399161 0.025 2.97 0 90 0 0 0.7071068 0 0.7071068 0 0
18.1966 Head 0 1.6 6.345148 11.85001 351.5249 -5.45228E-08 0.1029444 -0.0734974 0.007627635 0.9919388
18.1966 SecondCar -7.399161 0.025 2.97 0 90 0 0 0.7071068 0 0.7071068 0 0
18.1980 Head 0 1.6 6.347109 11.85001 351.5249 -5.45228E-08 0.1029444 -0.0734974 0.007627635 0.9919388
18.1980 SecondCar -7.399161 0.025 2.97 0 90 0 0 0.7071068 0 0.7071068 0 0
18.1994 Head 0 1.6 6.348955 11.85001 351.5249 -5.45228E-08 0.1029444 -0.0734974 0.007627635 0.9919388
18.1994 SecondCar -7.399161 0.025 2.97 0 90 0 0 0.7071068 0 0.7071068 0 0
18.2011 Head 0 1.6 6.350847 11.85001 351.5249 -5.45228E-08 0.1029444 -0.0734974 0.007627635 0.9919388
18.2011 SecondCar -7.399161 0.025 2.97 0 90 0 0 0.7071068 0 0.7071068 0 0
18.2026 Head 0 1.6 6.353037 11.85001 351.5249 -5.45228E-08 0.1029444 -0.0734974 0.007627635 0.9919388
18.2026 SecondCar -7.399161 0.025 2.97 0 90 0 0 0.7071068 0 0.7071068 0 0
18.2041 Head 0 1.6 6.355072 11.85001 351.5249 -5.45228E-08 0.1029444 -0.0734974 0.007627635 0.9919388
18.2041 SecondCar -7.399161 0.025 2.97 0 90 0 0 0.7071068 0 0.7071068 0 0
18.2056 Head 0 1.6 6.357044 11.85001 351.5249 -5.45228E-08 0.1029444 -0.0734974 0.007627635 0.9919388
18.2056 SecondCar -7.399161 0.025 2.97 0 90 0 0 0.7071068 0 0.7071068 0 0
18.2071 Head 0 1.6 6.358935 11.85001 351.5249 -5.45228E-08 0.1029444 -0.0734974 0.007627635 0.9919388
18.2071 SecondCar -7.399161 0.025 2.97 0 90 0 0 0.7071068 0 0.7071068 0 0
18.2086 Head 0 1.6 6.360886 11.85001 351.5249 -5.45228E-08 0.1029444 -0.0734974 0.007627635 0.9919388
18.2086 SecondCar -7.399161 0.025 2.97 0 90 0 0 0.7071068 0 0.7071068 0 0
18.2102 Head 0 1.6 6.362895 11.85001 351.5249 -5.45228E-08 0.1029444 -0.0734974 0.007627635 0.9919388
18.2102 SecondCar -7.399161 0.025 2.97 0 90 0 0 0.7071068 0 0.7071068 0 0
18.2121 Head 0 1.6 6.365034 11.85001 351.5249 -5.45228E-08 0.1029444 -0.0734974 0.007627635 0.9919388
18.2121 SecondCar -7.399161 0.025 2.97 0 90 0 0 0.7071068 0 0.7071068 0 0
18.2138 Head 0 1.6 6.367443 11.85001 351.5249 -5.45228E-08 0.1029444 -0.0734974 0.007627635 0.9919388
18.2138 SecondCar -7.399161 0.025 2.97 0 90 0 0 0.7071068 0 0.7071068 0 0
18.2152 Head 0 1.6 6.369644 11.85001 351.5249 -5.45228E-08 0.1029444 -0.0734974 0.007627635 0.9919388
18.2152 SecondCar -7.399161 0.025 2.97 0 90 0 0 0.7071068 0 0.7071068 0 0
18.2165 Head 0 1.6 6.371466 11.85001 351.5249 -5.45228E-08 0.1029444 -0.0734974 0.007627635 0.9919388
18.2165 SecondCar -7.399161 0.025 2.97 0 90 0 0 0.7071068 0 0.7071068 0 0
18.2179 Head 0 1.6 6.373268 11.85001 351.5249 -5.45228E-08 0.1029444 -0.0734974 0.007627635 0.9919388
18.2179 SecondCar -7.399161 0.025 2.97 0 90 0 0 0.7071068 0 0.7071068 0 0
18.2192 Head 0 1.6 6.375036 11.85001 351.5249 -5.45228E-08 0.1029444 -0.0734974 0.007627635 0.9919388
18.2192 SecondCar -7.399161 0.025 2.97 0 90 0 0 0.7071068 0 0.7071068 0 0
18.2205 Head 0 1.6 6.376791 11.85001 351.5249 -5.45228E-08 0.1029444 -0.0734974 0.007627635 0.9919388
18.2205 SecondCar -7.399161 0.025 2.97 0 90 0 0 0.7071068 0 0.7071068 0 0
18.2225 Head 0 1.6 6.378499 11.85001 351.5249 -5.45228E-08 0.1029444 -0.0734974 0.007627635 0.9919388
18.2225 SecondCar -7.399161 0.025 2.97 0 90 0 0 0.7071068 0 0.7071068 0 0
18.2239 Head 0 1.6 6.381104 11.85001 351.5249 -5.45228E-08 0.1029444 -0.0734974 0.007627635 0.9919388
18.2239 SecondCar -7.399161 0.025 2.97 0 90 0 0 0.7071068 0 0.7071068 0 0
18.2253 Head 0 1.6 6.382983 11.85001 351.5249 -5.45228E-08 0.1029444 -0.0734974 0.007627635 0.9919388
18.2253 SecondCar -7.399161 0.025 2.97 0 90 0 0 0.7071068 0 0.7071068 0 0
18.2266 Head 0 1.6 6.384719 11.85001 351.5249 -5.45228E-08 0.1029444 -0.0734974 0.007627635 0.9919388
18.2266 SecondCar -7.399161 0.025 2.97 0 90 0 0 0.7071068 0 0.7071068 0 0
18.2281 Head 0 1.6 6.386443 11.85001 351.5249 -5.45228E-08 0.1029444 -0.0734974 0.007627635 0.9919388
18.2281 SecondCar -7.399161 0.025 2.97 0 90 0 0 0.7071068 0 0.7071068 0 0
18.2295 Head 0 1.6 6.388358 11.85001 351.5249 -5.45228E-08 0.1029444 -0.0734974 0.007627635 0.9919388
18.2295 SecondCar -7.399161 0.025 2.97 0 90 0 0 0.7071068 0 0.7071068 0 0
18.2308 Head 0 1.6 6.390192 11.85001 351.5249 -5.45228E-08 0.1029444 -0.0734974 0.007627635 0.9919388
18.2308 SecondCar -7.399161 0.025 2.97 0 90 0 0 0.7071068 0 0.7071068 0 0
18.2323 Head 0 1.6 6.39194 11.85001 351.5249 -5.45228E-08 0.1029444 -0.0734974 0.007627635 0.9919388
18.2323 SecondCar -7.399161 0.025 2.97 0 90 0 0 0.7071068 0 0.7071068 0 0
18.2339 Head 0 1.6 6.393973 11.85001 351.5249 -5.45228E-08 0.1029444 -0.0734974 0.007627635 0.9919388
18.2339 SecondCar -7.399161 0.025 2.97 0 90 0 0 0.7071068 0 0.7071068 0 0
18.2353 Head 0 1.6 6.396042 11.85001 351.5249 -5.45228E-08 0.1029444 -0.0734974 0.007627635 0.9919388
18.2353 SecondCar -7.399161 0.025 2.97 0 90 0 0 0.7071068 0 0.7071068 0 0
18.2366 Head 0 1.6 6.39782 11.85001 351.5249 -5.45228E-08 0.1029444 -0.0734974 0.007627635 0.9919388
18.2366 SecondCar -7.399161 0.025 2.97 0 90 0 0 0.7071068 0 0.7071068 0 0
18.2380 Head 0 1.6 6.399522 11.85001 351.5249 -5.45228E-08 0.1029444 -0.0734974 0.007627635 0.9919388
18.2380 SecondCar -7.399161 0.025 2.97 0 90 0 0 0.7071068 0 0.7071068 0 0
18.2394 Head 0 1.6 6.401325 11.85001 351.5249 -5.45228E-08 0.1029444 -0.0734974 0.007627635 0.9919388
18.2394 SecondCar -7.399161 0.025 2.97 0 90 0 0 0.7071068 0 0.7071068 0 0
18.2409 Head 0 1.6 6.403265 11.85001 351.5249 -5.45228E-08 0.1029444 -0.0734974 0.007627635 0.9919388
18.2409 SecondCar -7.399161 0.025 2.97 0 90 0 0 0.7071068 0 0.7071068 0 0
18.2422 Head 0 1.6 6.405131 11.85001 351.5249 -5.45228E-08 0.1029444 -0.0734974 0.007627635 0.9919388
18.2422 SecondCar -7.399161 0.025 2.97 0 90 0 0 0.7071068 0 0.7071068 0 0
18.2437 Head 0 1.6 6.406931 11.85001 351.5249 -5.45228E-08 0.1029444 -0.0734974 0.007627635 0.9919388
18.2437 SecondCar -7.399161 0.025 2.97 0 90 0 0 0.7071068 0 0.7071068 0 0
18.2452 Head 0 1.6 6.408874 11.85001 351.5249 -5.45228E-08 0.1029444 -0.0734974 0.007627635 0.9919388
18.2452 SecondCar -7.399161 0.025 2.97 0 90 0 0 0.7071068 0 0.7071068 0 0
18.2466 Head 0 1.6 6.410791 11.85001 351.5249 -5.45228E-08 0.1029444 -0.0734974 0.007627635 0.9919388
18.2466 SecondCar -7.399161 0.025 2.97 0 90 0 0 0.7071068 0 0.7071068 0 0
18.2480 Head 0 1.6 6.412632 11.85001 351.5249 -5.45228E-08 0.1029444 -0.0734974 0.007627635 0.9919388
18.2480 SecondCar -7.399161 0.025 2.97 0 90 0 0 0.7071068 0 0.7071068 0 0
18.2494 Head 0 1.6 6.414532 11.85001 351.5249 -5.45228E-08 0.1029444 -0.0734974 0.007627635 0.9919388
18.2494 SecondCar -7.399161 0.025 2.97 0 90 0 0 0.7071068 0 0.7071068 0 0
18.2507 Head 0 1.6 6.416307 11.85001 351.5249 -5.45228E-08 0.1029444 -0.0734974 0.007627635 0.9919388
18.2507 SecondCar -7.399161 0.025 2.97 0 90 0 0 0.7071068 0 0.7071068 0 0
18.2528 Head 0 1.6 6.418003 11.85001 351.5249 -5.45228E-08 0.1029444 -0.0734974 0.007627635 0.9919388
18.2528 SecondCar -7.399161 0.025 2.97 0 90 0 0 0.7071068 0 0.7071068 0 0
18.2542 Head 0 1.6 6.420742 11.85001 351.5249 -5.45228E-08 0.1029444 -0.0734974 0.007627635 0.9919388
18.2542 SecondCar -7.399161 0.025 2.97 0 90 0 0 0.7071068 0 0.7071068 0 0
18.2555 Head 0 1.6 6.422657 11.85001 351.5249 -5.45228E-08 0.1029444 -0.0734974 0.007627635 0.9919388
18.2555 SecondCar -7.399161 0.025 2.97 0 90 0 0 0.7071068 0 0.7071068 0 0
18.2569 Head 0 1.6 6.424377 11.85001 351.5249 -5.45228E-08 0.1029444 -0.0734974 0.007627635 0.9919388
18.2569 SecondCar -7.399161 0.025 2.97 0 90 0 0 0.7071068 0 0.7071068 0 0
18.2584 Head 0 1.6 6.426099 11.85001 351.5249 -5.45228E-08 0.1029444 -0.0734974 0.007627635 0.9919388
18.2584 SecondCar -7.399161 0.025 2.97 0 90 0 0 0.7071068 0 0.7071068 0 0
18.2598 Head 0 1.6 6.428071 11.85001 351.5249 -5.45228E-08 0.1029444 -0.0734974 0.007627635 0.9919388
18.2598 SecondCar -7.399161 0.025 2.97 0 90 0 0 0.7071068 0 0.7071068 0 0
18.2615 Head 0 1.6 6.430002 11.85001 351.5249 -5.45228E-08 0.1029444 -0.0734974 0.007627635 0.9919388
18.2615 SecondCar -7.399161 0.025 2.97 0 90 0 0 0.7071068 0 0.7071068 0 0
18.2629 Head 0 1.6 6.432225 11.85001 351.5249 -5.45228E-08 0.1029444 -0.0734974 0.007627635 0.9919388
18.2629 SecondCar -7.399161 0.025 2.97 0 90 0 0 0.7071068 0 0.7071068 0 0
18.2650 Head 0 1.6 6.434042 11.85001 351.5249 -5.45228E-08 0.1029444 -0.0734974 0.007627635 0.9919388
18.2650 SecondCar -7.399161 0.025 2.97 0 90 0 0 0.7071068 0 0.7071068 0 0
18.2665 Head 0 1.6 6.436741 11.85001 351.5249 -5.45228E-08 0.1029444 -0.0734974 0.007627635 0.9919388
18.2665 SecondCar -7.399161 0.025 2.97 0 90 0 0 0.7071068 0 0.7071068 0 0
18.2680 Head 0 1.6 6.438694 11.85001 351.5249 -5.45228E-08 0.1029444 -0.0734974 0.007627635 0.9919388
18.2680 SecondCar -7.399161 0.025 2.97 0 90 0 0 0.7071068 0 0.7071068 0 0
18.2696 Head 0 1.6 6.440644 11.85001 351.5249 -5.45228E-08 0.1029444 -0.0734974 0.007627635 0.9919388
18.2696 SecondCar -7.399161 0.025 2.97 0 90 0 0 0.7071068 0 0.7071068 0 0
18.2712 Head 0 1.6 6.442838 11.85001 351.5249 -5.45228E-08 0.1029444 -0.0734974 0.007627635 0.9919388
18.2712 SecondCar -7.399161 0.025 2.97 0 90 0 0 0.7071068 0 0.7071068 0 0
18.2729 Head 0 1.6 6.444869 11.85001 351.5249 -5.45228E-08 0.1029444 -0.0734974 0.007627635 0.9919388
18.2729 SecondCar -7.399161 0.025 2.97 0 90 0 0 0.7071068 0 0.7071068 0 0
18.2746 Head 0 1.6 6.447134 11.85001 351.5249 -5.45228E-08 0.1029444 -0.0734974 0.007627635 0.9919388
18.2746 SecondCar -7.399161 0.025 2.97 0 90 0 0 0.7071068 0 0.7071068 0 0
18.2762 Head 0 1.6 6.449296 11.85001 351.5249 -5.45228E-08 0.1029444 -0.0734974 0.007627635 0.9919388
18.2762 SecondCar -7.399161 0.025 2.97 0 90 0 0 0.7071068 0 0.7071068 0 0
18.2778 Head 0 1.6 6.451466 11.85001 351.5249 -5.45228E-08 0.1029444 -0.0734974 0.007627635 0.9919388
18.2778 SecondCar -7.399161 0.025 2.97 0 90 0 0 0.7071068 0 0.7071068 0 0
18.2794 Head 0 1.6 6.453588 11.85001 351.5249 -5.45228E-08 0.1029444 -0.0734974 0.007627635 0.9919388
18.2794 SecondCar -7.399161 0.025 2.97 0 90 0 0 0.7071068 0 0.7071068 0 0
18.2809 Head 0 1.6 6.455595 11.85001 351.5249 -5.45228E-08 0.1029444 -0.0734974 0.007627635 0.9919388
18.2809 SecondCar -7.399161 0.025 2.97 0 90 0 0 0.7071068 0 0.7071068 0 0
18.2822 Head 0 1.6 6.457541 11.85001 351.5249 -5.45228E-08 0.1029444 -0.0734974 0.007627635 0.9919388
18.2822 SecondCar -7.399161 0.025 2.97 0 90 0 0 0.7071068 0 0.7071068 0 0
18.2836 Head 0 1.6 6.459334 11.85001 351.5249 -5.45228E-08 0.1029444 -0.0734974 0.007627635 0.9919388
18.2836 SecondCar -7.399161 0.025 2.97 0 90 0 0 0.7071068 0 0.7071068 0 0
18.2854 Head 0 1.6 6.461096 11.85001 351.5249 -5.45228E-08 0.1029444 -0.0734974 0.007627635 0.9919388
18.2854 SecondCar -7.399161 0.025 2.97 0 90 0 0 0.7071068 0 0.7071068 0 0
18.2869 Head 0 1.6 6.463509 11.85001 351.5249 -5.45228E-08 0.1029444 -0.0734974 0.007627635 0.9919388
18.2869 SecondCar -7.399161 0.025 2.97 0 90 0 0 0.7071068 0 0.7071068 0 0
18.2882 Head 0 1.6 6.465419 11.85001 351.5249 -5.45228E-08 0.1029444 -0.0734974 0.007627635 0.9919388
18.2882 SecondCar -7.399161 0.025 2.97 0 90 0 0 0.7071068 0 0.7071068 0 0
18.2897 Head 0 1.6 6.467206 11.85001 351.5249 -5.45228E-08 0.1029444 -0.0734974 0.007627635 0.9919388
18.2897 SecondCar -7.399161 0.025 2.97 0 90 0 0 0.7071068 0 0.7071068 0 0
18.2911 Head 0 1.6 6.469083 11.85001 351.5249 -5.45228E-08 0.1029444 -0.0734974 0.007627635 0.9919388
18.2911 SecondCar -7.399161 0.025 2.97 0 90 0 0 0.7071068 0 0.7071068 0 0
18.2927 Head 0 1.6 6.471005 11.85001 351.5249 -5.45228E-08 0.1029444 -0.0734974 0.007627635 0.9919388
18.2927 SecondCar -7.399161 0.025 2.97 0 90 0 0 0.7071068 0 0.7071068 0 0
18.2941 Head 0 1.6 6.473088 11.85001 351.5249 -5.45228E-08 0.1029444 -0.0734974 0.007627635 0.9919388
18.2941 SecondCar -7.399161 0.025 2.97 0 90 0 0 0.7071068 0 0.7071068 0 0
18.2954 Head 0 1.6 6.474919 11.85001 351.5249 -5.45228E-08 0.1029444 -0.0734974 0.007627635 0.9919388
18.2954 SecondCar -7.399161 0.025 2.97 0 90 0 0 0.7071068 0 0.7071068 0 0
18.2967 Head 0 1.6 6.476621 11.85001 351.5249 -5.45228E-08 0.1029444 -0.0734974 0.007627635 0.9919388
18.2967 SecondCar -7.399161 0.025 2.97 0 90 0 0 0.7071068 0 0.7071068 0 0
18.2980 Head 0 1.6 6.478269 11.85001 351.5249 -5.45228E-08 0.1029444 -0.0734974 0.007627635 0.9919388
18.2980 SecondCar -7.399161 0.025 2.97 0 90 0 0 0.7071068 0 0.7071068 0 0
18.2993 Head 0 1.6 6.479976 11.85001 351.5249 -5.45228E-08 0.1029444 -0.0734974 0.007627635 0.9919388
18.2993 SecondCar -7.399161 0.025 2.97 0 90 0 0 0.7071068 0 0.7071068 0 0
18.3007 Head 0 1.6 6.481732 11.85001 351.5249 -5.45228E-08 0.1029444 -0.0734974 0.007627635 0.9919388
18.3007 SecondCar -7.399161 0.025 2.97 0 90 0 0 0.7071068 0 0.7071068 0 0
18.3020 Head 0 1.6 6.483531 11.85001 351.5249 -5.45228E-08 0.1029444 -0.0734974 0.007627635 0.9919388
18.3020 SecondCar -7.399161 0.025 2.97 0 90 0 0 0.7071068 0 0.7071068 0 0
18.3033 Head 0 1.6 6.485257 11.85001 351.5249 -5.45228E-08 0.1029444 -0.0734974 0.007627635 0.9919388
18.3033 SecondCar -7.399161 0.025 2.97 0 90 0 0 0.7071068 0 0.7071068 0 0
18.3046 Head 0 1.6 6.486987 11.85001 351.5249 -5.45228E-08 0.1029444 -0.0734974 0.007627635 0.9919388
18.3046 SecondCar -7.399161 0.025 2.97 0 90 0 0 0.7071068 0 0.7071068 0 0
18.3059 Head 0 1.6 6.488638 11.85001 351.5249 -5.45228E-08 0.1029444 -0.0734974 0.007627635 0.9919388
18.3059 SecondCar -7.399161 0.025 2.97 0 90 0 0 0.7071068 0 0.7071068 0 0
18.3072 Head 0 1.6 6.490376 11.85001 351.5249 -5.45228E-08 0.1029444 -0.0734974 0.007627635 0.9919388
18.3072 SecondCar -7.399161 0.025 2.97 0 90 0 0 0.7071068 0 0.7071068 0 0
18.3086 Head 0 1.6 6.492094 11.85001 351.5249 -5.45228E-08 0.1029444 -0.0734974 0.007627635 0.9919388
18.3086 SecondCar -7.399161 0.025 2.97 0 90 0 0 0.7071068 0 0.7071068 0 0
18.3099 Head 0 1.6 6.493827 11.85001 351.5249 -5.45228E-08 0.1029444 -0.0734974 0.007627635 0.9919388
18.3099 SecondCar -7.399161 0.025 2.97 0 90 0 0 0.7071068 0 0.7071068 0 0
18.3113 Head 0 1.6 6.495611 11.85001 351.5249 -5.45228E-08 0.1029444 -0.0734974 0.007627635 0.9919388
18.3113 SecondCar -7.399161 0.025 2.97 0 90 0 0 0.7071068 0 0.7071068 0 0
18.3130 Head 0 1.6 6.497448 11.85001 351.5249 -5.45228E-08 0.1029444 -0.0734974 0.007627635 0.9919388
18.3130 SecondCar -7.399161 0.025 2.97 0 90 0 0 0.7071068 0 0.7071068 0 0
18.3144 Head 0 1.6 6.499689 11.85001 351.5249 -5.45228E-08 0.1029444 -0.0734974 0.007627635 0.9919388
18.3144 SecondCar -7.399161 0.025 2.97 0 90 0 0 0.7071068 0 0.7071068 0 0
18.3162 Head 0 1.6 6.501475 11.85001 351.5249 -5.45228E-08 0.1029444 -0.0734974 0.007627635 0.9919388
18.3162 SecondCar -7.399161 0.025 2.97 0 90 0 0 0.7071068 0 0.7071068 0 0
18.3177 Head 0 1.6 6.503801 11.85001 351.5249 -5.45228E-08 0.1029444 -0.0734974 0.007627635 0.9919388
18.3177 SecondCar -7.399161 0.025 2.97 0 90 0 0 0.7071068 0 0.7071068 0 0
18.3190 Head 0 1.6 6.50573 11.85001 351.5249 -5.45228E-08 0.1029444 -0.0734974 0.007627635 0.9919388
18.3190 SecondCar -7.399161 0.025 2.97 0 90 0 0 0.7071068 0 0.7071068 0 0
18.3204 Head 0 1.6 6.507514 11.85001 351.5249 -5.45228E-08 0.1029444 -0.0734974 0.007627635 0.9919388
18.3204 SecondCar -7.399161 0.025 2.97 0 90 0 0 0.7071068 0 0.7071068 0 0
18.3218 Head 0 1.6 6.509278 11.85001 351.5249 -5.45228E-08 0.1029444 -0.0734974 0.007627635 0.9919388
18.3218 SecondCar -7.399161 0.025 2.97 0 90 0 0 0.7071068 0 0.7071068 0 0
18.3233 Head 0 1.6 6.51113 11.85001 351.5249 -5.45228E-08 0.1029444 -0.0734974 0.007627635 0.9919388
18.3233 SecondCar -7.399161 0.025 2.97 0 90 0 0 0.7071068 0 0.7071068 0 0
18.3249 Head 0 1.6 6.51311 11.85001 351.5249 -5.45228E-08 0.1029444 -0.0734974 0.007627635 0.9919388
18.3249 SecondCar -7.399161 0.025 2.97 0 90 0 0 0.7071068 0 0.7071068 0 0
18.3263 Head 0 1.6 6.515203 11.85001 351.5249 -5.45228E-08 0.1029444 -0.0734974 0.007627635 0.9919388
18.3263 SecondCar -7.399161 0.025 2.97 0 90 0 0 0.7071068 0 0.7071068 0 0
18.3277 Head 0 1.6 6.517075 11.85001 351.5249 -5.45228E-08 0.1029444 -0.0734974 0.007627635 0.9919388
18.3277 SecondCar -7.399161 0.025 2.97 0 90 0 0 0.7071068 0 0.7071068 0 0
18.3293 Head 0 1.6 6.518854 11.85001 351.5249 -5.45228E-08 0.1029444 -0.0734974 0.007627635 0.9919388
18.3293 SecondCar -7.399161 0.025 2.97 0 90 0 0 0.7071068 0 0.7071068 0 0
18.3309 Head 0 1.6 6.520939 11.85001 351.5249 -5.45228E-08 0.1029444 -0.0734974 0.007627635 0.9919388
18.3309 SecondCar -7.399161 0.025 2.97 0 90 0 0 0.7071068 0 0.7071068 0 0
18.3326 Head 0 1.6 6.523026 11.85001 351.5249 -5.45228E-08 0.1029444 -0.0734974 0.007627635 0.9919388
18.3326 SecondCar -7.399161 0.025 2.97 0 90 0 0 0.7071068 0 0.7071068 0 0
18.3341 Head 0 1.6 6.525366 11.85001 351.5249 -5.45228E-08 0.1029444 -0.0734974 0.007627635 0.9919388
18.3341 SecondCar -7.399161 0.025 2.97 0 90 0 0 0.7071068 0 0.7071068 0 0
18.3356 Head 0 1.6 6.527311 11.85001 351.5249 -5.45228E-08 0.1029444 -0.0734974 0.007627635 0.9919388
18.3356 SecondCar -7.399161 0.025 2.97 0 90 0 0 0.7071068 0 0.7071068 0 0
18.3371 Head 0 1.6 6.529224 11.85001 351.5249 -5.45228E-08 0.1029444 -0.0734974 0.007627635 0.9919388
18.3371 SecondCar -7.399161 0.025 2.97 0 90 0 0 0.7071068 0 0.7071068 0 0
18.3385 Head 0 1.6 6.531172 11.85001 351.5249 -5.45228E-08 0.1029444 -0.0734974 0.007627635 0.9919388
18.3385 SecondCar -7.399161 0.025 2.97 0 90 0 0 0.7071068 0 0.7071068 0 0
18.3400 Head 0 1.6 6.533095 11.85001 351.5249 -5.45228E-08 0.1029444 -0.0734974 0.007627635 0.9919388
18.3400 SecondCar -7.399161 0.025 2.97 0 90 0 0 0.7071068 0 0.7071068 0 0
18.3414 Head 0 1.6 6.535036 11.85001 351.5249 -5.45228E-08 0.1029444 -0.0734974 0.007627635 0.9919388
18.3414 SecondCar -7.399161 0.025 2.97 0 90 0 0 0.7071068 0 0.7071068 0 0
18.3428 Head 0 1.6 6.536848 11.85001 351.5249 -5.45228E-08 0.1029444 -0.0734974 0.007627635 0.9919388
18.3428 SecondCar -7.399161 0.025 2.97 0 90 0 0 0.7071068 0 0.7071068 0 0
18.3441 Head 0 1.6 6.53864 11.85001 351.5249 -5.45228E-08 0.1029444 -0.0734974 0.007627635 0.9919388
18.3441 SecondCar -7.399161 0.025 2.97 0 90 0 0 0.7071068 0 0.7071068 0 0
18.3454 Head 0 1.6 6.540352 11.85001 351.5249 -5.45228E-08 0.1029444 -0.0734974 0.007627635 0.9919388
18.3454 SecondCar -7.399161 0.025 2.97 0 90 0 0 0.7071068 0 0.7071068 0 0
18.3475 Head 0 1.6 6.542131 11.85001 351.5249 -5.45228E-08 0.1029444 -0.0734974 0.007627635 0.9919388
18.3475 SecondCar -7.399161 0.025 2.97 0 90 0 0 0.7071068 0 0.7071068 0 0
18.3491 Head 0 1.6 6.544893 11.85001 351.5249 -5.45228E-08 0.1029444 -0.0734974 0.007627635 0.9919388
18.3491 SecondCar -7.399161 0.025 2.97 0 90 0 0 0.7071068 0 0.7071068 0 0
18.3506 Head 0 1.6 6.546885 11.85001 351.5249 -5.45228E-08 0.1029444 -0.0734974 0.007627635 0.9919388
18.3506 SecondCar -7.399161 0.025 2.97 0 90 0 0 0.7071068 0 0.7071068 0 0
18.3522 Head 0 1.6 6.548833 11.85001 351.5249 -5.45228E-08 0.1029444 -0.0734974 0.007627635 0.9919388
18.3522 SecondCar -7.399161 0.025 2.97 0 90 0 0 0.7071068 0 0.7071068 0 0
18.3539 Head 0 1.6 6.550941 11.85001 351.5249 -5.45228E-08 0.1029444 -0.0734974 0.007627635 0.9919388
18.3539 SecondCar -7.399161 0.025 2.97 0 90 0 0 0.7071068 0 0.7071068 0 0
18.3555 Head 0 1.6 6.553253 11.85001 351.5249 -5.45228E-08 0.1029444 -0.0734974 0.007627635 0.9919388
18.3555 SecondCar -7.399161 0.025 2.97 0 90 0 0 0.7071068 0 0.7071068 0 0
18.3569 Head 0 1.6 6.555314 11.85001 351.5249 -5.45228E-08 0.1029444 -0.0734974 0.007627635 0.9919388
18.3569 SecondCar -7.399161 0.025 2.97 0 90 0 0 0.7071068 0 0.7071068 0 0
18.3585 Head 0 1.6 6.557206 11.85001 351.5249 -5.45228E-08 0.1029444 -0.0734974 0.007627635 0.9919388
18.3585 SecondCar -7.399161 0.025 2.97 0 90 0 0 0.7071068 0 0.7071068 0 0
18.3600 Head 0 1.6 6.559278 11.85001 351.5249 -5.45228E-08 0.1029444 -0.0734974 0.007627635 0.9919388
18.3600 SecondCar -7.399161 0.025 2.97 0 90 0 0 0.7071068 0 0.7071068 0 0
18.3613 Head 0 1.6 6.561191 11.85001 351.5249 -5.45228E-08 0.1029444 -0.0734974 0.007627635 0.9919388
18.3613 SecondCar -7.399161 0.025 2.97 0 90 0 0 0.7071068 0 0.7071068 0 0
18.3626 Head 0 1.6 6.562923 11.85001 351.5249 -5.45228E-08 0.1029444 -0.0734974 0.007627635 0.9919388
18.3626 SecondCar -7.399161 0.025 2.97 0 90 0 0 0.7071068 0 0.7071068 0 0
18.3639 Head 0 1.6 6.564644 11.85001 351.5249 -5.45228E-08 0.1029444 -0.0734974 0.007627635 0.9919388
18.3639 SecondCar -7.399161 0.025 2.97 0 90 0 0 0.7071068 0 0.7071068 0 0
18.3652 Head 0 1.6 6.566321 11.85001 351.5249 -5.45228E-08 0.1029444 -0.0734974 0.007627635 0.9919388
18.3652 SecondCar -7.399161 0.025 2.97 0 90 0 0 0.7071068 0 0.7071068 0 0
18.3665 Head 0 1.6 6.567976 11.85001 351.5249 -5.45228E-08 0.1029444 -0.0734974 0.007627635 0.9919388
18.3665 SecondCar -7.399161 0.025 2.97 0 90 0 0 0.7071068 0 0.7071068 0 0
18.3680 Head 0 1.6 6.569731 11.85001 351.5249 -5.45228E-08 0.1029444 -0.0734974 0.007627635 0.9919388
18.3680 SecondCar -7.399161 0.025 2.97 0 90 0 0 0.7071068 0 0.7071068 0 0
18.3694 Head 0 1.6 6.571692 11.85001 351.5249 -5.45228E-08 0.1029444 -0.0734974 0.007627635 0.9919388
18.3694 SecondCar -7.399161 0.025 2.97 0 90 0 0 0.7071068 0 0.7071068 0 0
18.3708 Head 0 1.6 6.573538 11.85001 351.5249 -5.45228E-08 0.1029444 -0.0734974 0.007627635 0.9919388
18.3708 SecondCar -7.399161 0.025 2.97 0 90 0 0 0.7071068 0 0.7071068 0 0
18.3723 Head 0 1.6 6.575319 11.85001 351.5249 -5.45228E-08 0.1029444 -0.0734974 0.007627635 0.9919388
18.3723 SecondCar -7.399161 0.025 2.97 0 90 0 0 0.7071068 0 0.7071068 0 0
18.3737 Head 0 1.6 6.577373 11.85001 351.5249 -5.45228E-08 0.1029444 -0.0734974 0.007627635 0.9919388
18.3737 SecondCar -7.399161 0.025 2.97 0 90 0 0 0.7071068 0 0.7071068 0 0
18.3750 Head 0 1.6 6.579215 11.85001 351.5249 -5.45228E-08 0.1029444 -0.0734974 0.007627635 0.9919388
18.3750 SecondCar -7.399161 0.025 2.97 0 90 0 0 0.7071068 0 0.7071068 0 0
18.3763 Head 0 1.6 6.58092 11.85001 351.5249 -5.45228E-08 0.1029444 -0.0734974 0.007627635 0.9919388
18.3763 SecondCar -7.399161 0.025 2.97 0 90 0 0 0.7071068 0 0.7071068 0 0
18.3784 Head 0 1.6 6.582604 11.85001 351.5249 -5.45228E-08 0.1029444 -0.0734974 0.007627635 0.9919388
18.3784 SecondCar -7.399161 0.025 2.97 0 90 0 0 0.7071068 0 0.7071068 0 0
18.3798 Head 0 1.6 6.585263 11.85001 351.5249 -5.45228E-08 0.1029444 -0.0734974 0.007627635 0.9919388
18.3798 SecondCar -7.399161 0.025 2.97 0 90 0 0 0.7071068 0 0.7071068 0 0
18.3812 Head 0 1.6 6.587175 11.85001 351.5249 -5.45228E-08 0.1029444 -0.0734974 0.007627635 0.9919388
18.3812 SecondCar -7.399161 0.025 2.97 0 90 0 0 0.7071068 0 0.7071068 0 0
18.3825 Head 0 1.6 6.588945 11.85001 351.5249 -5.45228E-08 0.1029444 -0.0734974 0.007627635 0.9919388
18.3825 SecondCar -7.399161 0.025 2.97 0 90 0 0 0.7071068 0 0.7071068 0 0
18.3839 Head 0 1.6 6.590687 11.85001 351.5249 -5.45228E-08 0.1029444 -0.0734974 0.007627635 0.9919388
18.3839 SecondCar -7.399161 0.025 2.97 0 90 0 0 0.7071068 0 0.7071068 0 0
18.3854 Head 0 1.6 6.592561 11.85001 351.5249 -5.45228E-08 0.1029444 -0.0734974 0.007627635 0.9919388
18.3854 SecondCar -7.399161 0.025 2.97 0 90 0 0 0.7071068 0 0.7071068 0 0
18.3867 Head 0 1.6 6.594427 11.85001 351.5249 -5.45228E-08 0.1029444 -0.0734974 0.007627635 0.9919388
18.3867 SecondCar -7.399161 0.025 2.97 0 90 0 0 0.7071068 0 0.7071068 0 0
18.3884 Head 0 1.6 6.596181 11.85001 351.5249 -5.45228E-08 0.1029444 -0.0734974 0.007627635 0.9919388
18.3884 SecondCar -7.399161 0.025 2.97 0 90 0 0 0.7071068 0 0.7071068 0 0
18.3901 Head 0 1.6 6.598353 11.85001 351.5249 -5.45228E-08 0.1029444 -0.0734974 0.007627635 0.9919388
18.3901 SecondCar -7.399161 0.025 2.97 0 90 0 0 0.7071068 0 0.7071068 0 0
18.3916 Head 0 1.6 6.600603 11.85001 351.5249 -5.45228E-08 0.1029444 -0.0734974 0.007627635 0.9919388
18.3916 SecondCar -7.399161 0.025 2.97 0 90 0 0 0.7071068 0 0.7071068 0 0
18.3933 Head 0 1.6 6.60262 11.85001 351.5249 -5.45228E-08 0.1029444 -0.0734974 0.007627635 0.9919388
18.3933 SecondCar -7.399161 0.025 2.97 0 90 0 0 0.7071068 0 0.7071068 0 0
18.3948 Head 0 1.6 6.60481 11.85001 351.5249 -5.45228E-08 0.1029444 -0.0734974 0.007627635 0.9919388
18.3948 SecondCar -7.399161 0.025 2.97 0 90 0 0 0.7071068 0 0.7071068 0 0
18.3963 Head 0 1.6 6.606836 11.85001 351.5249 -5.45228E-08 0.1029444 -0.0734974 0.007627635 0.9919388
18.3963 SecondCar -7.399161 0.025 2.97 0 90 0 0 0.7071068 0 0.7071068 0 0
18.3977 Head 0 1.6 6.6088 11.85001 351.5249 -5.45228E-08 0.1029444 -0.0734974 0.007627635 0.9919388
18.3977 SecondCar -7.399161 0.025 2.97 0 90 0 0 0.7071068 0 0.7071068 0 0
18.3998 Head 0 1.6 6.610537 11.85001 351.5249 -5.45228E-08 0.1029444 -0.0734974 0.007627635 0.9919388
18.3998 SecondCar -7.399161 0.025 2.97 0 90 0 0 0.7071068 0 0.7071068 0 0
18.4017 Head 0 1.6 6.613294 11.85001 351.5249 -5.45228E-08 0.1029444 -0.0734974 0.007627635 0.9919388
18.4017 SecondCar -7.399161 0.025 2.97 0 90 0 0 0.7071068 0 0.7071068 0 0
18.4033 Head 0 1.6 6.615841 11.85001 351.5249 -5.45228E-08 0.1029444 -0.0734974 0.007627635 0.9919388
18.4033 SecondCar -7.399161 0.025 2.97 0 90 0 0 0.7071068 0 0.7071068 0 0
18.4050 Head 0 1.6 6.617889 11.85001 351.5249 -5.45228E-08 0.1029444 -0.0734974 0.007627635 0.9919388
18.4050 SecondCar -7.399161 0.025 2.97 0 90 0 0 0.7071068 0 0.7071068 0 0
18.4065 Head 0 1.6 6.620127 11.85001 351.5249 -5.45228E-08 0.1029444 -0.0734974 0.007627635 0.9919388
18.4065 SecondCar -7.399161 0.025 2.97 0 90 0 0 0.7071068 0 0.7071068 0 0
18.4080 Head 0 1.6 6.622165 11.85001 351.5249 -5.45228E-08 0.1029444 -0.0734974 0.007627635 0.9919388
18.4080 SecondCar -7.399161 0.025 2.97 0 90 0 0 0.7071068 0 0.7071068 0 0
18.4102 Head 0 1.6 6.624157 11.85001 351.5249 -5.45228E-08 0.1029444 -0.0734974 0.007627635 0.9919388
18.4102 SecondCar -7.399161 0.025 2.97 0 90 0 0 0.7071068 0 0.7071068 0 0
18.4120 Head 0 1.6 6.627011 11.85001 351.5249 -5.45228E-08 0.1029444 -0.0734974 0.007627635 0.9919388
18.4120 SecondCar -7.399161 0.025 2.97 0 90 0 0 0.7071068 0 0.7071068 0 0
18.4134 Head 0 1.6 6.629351 11.85001 351.5249 -5.45228E-08 0.1029444 -0.0734974 0.007627635 0.9919388
18.4134 SecondCar -7.399161 0.025 2.97 0 90 0 0 0.7071068 0 0.7071068 0 0
18.4147 Head 0 1.6 6.631143 11.85001 351.5249 -5.45228E-08 0.1029444 -0.0734974 0.007627635 0.9919388
18.4147 SecondCar -7.399161 0.025 2.97 0 90 0 0 0.7071068 0 0.7071068 0 0
18.4161 Head 0 1.6 6.632916 11.85001 351.5249 -5.45228E-08 0.1029444 -0.0734974 0.007627635 0.9919388
18.4161 SecondCar -7.399161 0.025 2.97 0 90 0 0 0.7071068 0 0.7071068 0 0
18.4176 Head 0 1.6 6.634766 11.85001 351.5249 -5.45228E-08 0.1029444 -0.0734974 0.007627635 0.9919388
18.4176 SecondCar -7.399161 0.025 2.97 0 90 0 0 0.7071068 0 0.7071068 0 0
18.4191 Head 0 1.6 6.636652 11.85001 351.5249 -5.45228E-08 0.1029444 -0.0734974 0.007627635 0.9919388
18.4191 SecondCar -7.399161 0.025 2.97 0 90 0 0 0.7071068 0 0.7071068 0 0
18.4207 Head 0 1.6 6.638667 11.85001 351.5249 -5.45228E-08 0.1029444 -0.0734974 0.007627635 0.9919388
18.4207 SecondCar -7.399161 0.025 2.97 0 90 0 0 0.7071068 0 0.7071068 0 0
18.4222 Head 0 1.6 6.640759 11.85001 351.5249 -5.45228E-08 0.1029444 -0.0734974 0.007627635 0.9919388
18.4222 SecondCar -7.399161 0.025 2.97 0 90 0 0 0.7071068 0 0.7071068 0 0
18.4235 Head 0 1.6 6.642678 11.85001 351.5249 -5.45228E-08 0.1029444 -0.0734974 0.007627635 0.9919388
18.4235 SecondCar -7.399161 0.025 2.97 0 90 0 0 0.7071068 0 0.7071068 0 0
18.4249 Head 0 1.6 6.644423 11.85001 351.5249 -5.45228E-08 0.1029444 -0.0734974 0.007627635 0.9919388
18.4249 SecondCar -7.399161 0.025 2.97 0 90 0 0 0.7071068 0 0.7071068 0 0
18.4263 Head 0 1.6 6.646214 11.85001 351.5249 -5.45228E-08 0.1029444 -0.0734974 0.007627635 0.9919388
18.4263 SecondCar -7.399161 0.025 2.97 0 90 0 0 0.7071068 0 0.7071068 0 0
18.4279 Head 0 1.6 6.648129 11.85001 351.5249 -5.45228E-08 0.1029444 -0.0734974 0.007627635 0.9919388
18.4279 SecondCar -7.399161 0.025 2.97 0 90 0 0 0.7071068 0 0.7071068 0 0
18.4294 Head 0 1.6 6.650156 11.85001 351.5249 -5.45228E-08 0.1029444 -0.0734974 0.007627635 0.9919388
18.4294 SecondCar -7.399161 0.025 2.97 0 90 0 0 0.7071068 0 0.7071068 0 0
18.4309 Head 0 1.6 6.652165 11.85001 351.5249 -5.45228E-08 0.1029444 -0.0734974 0.007627635 0.9919388
18.4309 SecondCar -7.399161 0.025 2.97 0 90 0 0 0.7071068 0 0.7071068 0 0
18.4327 Head 0 1.6 6.654161 11.85001 351.5249 -5.45228E-08 0.1029444 -0.0734974 0.007627635 0.9919388
18.4327 SecondCar -7.399161 0.025 2.97 0 90 0 0 0.7071068 0 0.7071068 0 0
18.4342 Head 0 1.6 6.656438 11.85001 351.5249 -5.45228E-08 0.1029444 -0.0734974 0.007627635 0.9919388
18.4342 SecondCar -7.399161 0.025 2.97 0 90 0 0 0.7071068 0 0.7071068 0 0
18.4356 Head 0 1.6 6.658371 11.85001 351.5249 -5.45228E-08 0.1029444 -0.0734974 0.007627635 0.9919388
18.4356 SecondCar -7.399161 0.025 2.97 0 90 0 0 0.7071068 0 0.7071068 0 0
18.4370 Head 0 1.6 6.660197 11.85001 351.5249 -5.45228E-08 0.1029444 -0.0734974 0.007627635 0.9919388
18.4370 SecondCar -7.399161 0.025 2.97 0 90 0 0 0.7071068 0 0.7071068 0 0
18.4383 Head 0 1.6 6.662054 11.85001 351.5249 -5.45228E-08 0.1029444 -0.0734974 0.007627635 0.9919388
18.4383 SecondCar -7.399161 0.025 2.97 0 90 0 0 0.7071068 0 0.7071068 0 0
18.4396 Head 0 1.6 6.663851 11.85001 351.5249 -5.45228E-08 0.1029444 -0.0734974 0.007627635 0.9919388
18.4396 SecondCar -7.399161 0.025 2.97 0 90 0 0 0.7071068 0 0.7071068 0 0
18.4414 Head 0 1.6 6.665556 11.85001 351.5249 -5.45228E-08 0.1029444 -0.0734974 0.007627635 0.9919388
18.4414 SecondCar -7.399161 0.025 2.97 0 90 0 0 0.7071068 0 0.7071068 0 0
18.4428 Head 0 1.6 6.667868 11.85001 351.5249 -5.45228E-08 0.1029444 -0.0734974 0.007627635 0.9919388
18.4428 SecondCar -7.399161 0.025 2.97 0 90 0 0 0.7071068 0 0.7071068 0 0
18.4441 Head 0 1.6 6.669707 11.85001 351.5249 -5.45228E-08 0.1029444 -0.0734974 0.007627635 0.9919388
18.4441 SecondCar -7.399161 0.025 2.97 0 90 0 0 0.7071068 0 0.7071068 0 0
18.4454 Head 0 1.6 6.671439 11.85001 351.5249 -5.45228E-08 0.1029444 -0.0734974 0.007627635 0.9919388
18.4454 SecondCar -7.399161 0.025 2.97 0 90 0 0 0.7071068 0 0.7071068 0 0
18.4467 Head 0 1.6 6.673122 11.85001 351.5249 -5.45228E-08 0.1029444 -0.0734974 0.007627635 0.9919388
18.4467 SecondCar -7.399161 0.025 2.97 0 90 0 0 0.7071068 0 0.7071068 0 0
18.4480 Head 0 1.6 6.674805 11.85001 351.5249 -5.45228E-08 0.1029444 -0.0734974 0.007627635 0.9919388
18.4480 SecondCar -7.399161 0.025 2.97 0 90 0 0 0.7071068 0 0.7071068 0 0
18.4494 Head 0 1.6 6.676554 11.85001 351.5249 -5.45228E-08 0.1029444 -0.0734974 0.007627635 0.9919388
18.4494 SecondCar -7.399161 0.025 2.97 0 90 0 0 0.7071068 0 0.7071068 0 0
18.4508 Head 0 1.6 6.678291 11.85001 351.5249 -5.45228E-08 0.1029444 -0.0734974 0.007627635 0.9919388
18.4508 SecondCar -7.399161 0.025 2.97 0 90 0 0 0.7071068 0 0.7071068 0 0
18.4526 Head 0 1.6 6.680178 11.85001 351.5249 -5.45228E-08 0.1029444 -0.0734974 0.007627635 0.9919388
18.4526 SecondCar -7.399161 0.025 2.97 0 90 0 0 0.7071068 0 0.7071068 0 0
18.4540 Head 0 1.6 6.682508 11.85001 351.5249 -5.45228E-08 0.1029444 -0.0734974 0.007627635 0.9919388
18.4540 SecondCar -7.399161 0.025 2.97 0 90 0 0 0.7071068 0 0.7071068 0 0
18.4555 Head 0 1.6 6.684422 11.85001 351.5249 -5.45228E-08 0.1029444 -0.0734974 0.007627635 0.9919388
18.4555 SecondCar -7.399161 0.025 2.97 0 90 0 0 0.7071068 0 0.7071068 0 0
18.4570 Head 0 1.6 6.686359 11.85001 351.5249 -5.45228E-08 0.1029444 -0.0734974 0.007627635 0.9919388
18.4570 SecondCar -7.399161 0.025 2.97 0 90 0 0 0.7071068 0 0.7071068 0 0
18.4584 Head 0 1.6 6.688324 11.85001 351.5249 -5.45228E-08 0.1029444 -0.0734974 0.007627635 0.9919388
18.4584 SecondCar -7.399161 0.025 2.97 0 90 0 0 0.7071068 0 0.7071068 0 0
18.4598 Head 0 1.6 6.690098 11.85001 351.5249 -5.45228E-08 0.1029444 -0.0734974 0.007627635 0.9919388
18.4598 SecondCar -7.399161 0.025 2.97 0 90 0 0 0.7071068 0 0.7071068 0 0
18.4611 Head 0 1.6 6.691927 11.85001 351.5249 -5.45228E-08 0.1029444 -0.0734974 0.007627635 0.9919388
18.4611 SecondCar -7.399161 0.025 2.97 0 90 0 0 0.7071068 0 0.7071068 0 0
18.4626 Head 0 1.6 6.693692 11.85001 351.5249 -5.45228E-08 0.1029444 -0.0734974 0.007627635 0.9919388
18.4626 SecondCar -7.399161 0.025 2.97 0 90 0 0 0.7071068 0 0.7071068 0 0
18.4640 Head 0 1.6 6.695589 11.85001 351.5249 -5.45228E-08 0.1029444 -0.0734974 0.007627635 0.9919388
18.4640 SecondCar -7.399161 0.025 2.97 0 90 0 0 0.7071068 0 0.7071068 0 0
18.4654 Head 0 1.6 6.697441 11.85001 351.5249 -5.45228E-08 0.1029444 -0.0734974 0.007627635 0.9919388
18.4654 SecondCar -7.399161 0.025 2.97 0 90 0 0 0.7071068 0 0.7071068 0 0
18.4668 Head 0 1.6 6.699232 11.85001 351.5249 -5.45228E-08 0.1029444 -0.0734974 0.007627635 0.9919388
18.4668 SecondCar -7.399161 0.025 2.97 0 90 0 0 0.7071068 0 0.7071068 0 0
18.4683 Head 0 1.6 6.701149 11.85001 351.5249 -5.45228E-08 0.1029444 -0.0734974 0.007627635 0.9919388
18.4683 SecondCar -7.399161 0.025 2.97 0 90 0 0 0.7071068 0 0.7071068 0 0
18.4702 Head 0 1.6 6.703132 11.85001 351.5249 -5.45228E-08 0.1029444 -0.0734974 0.007627635 0.9919388
18.4702 SecondCar -7.399161 0.025 2.97 0 90 0 0 0.7071068 0 0.7071068 0 0
18.4719 Head 0 1.6 6.70554 11.85001 351.5249 -5.45228E-08 0.1029444 -0.0734974 0.007627635 0.9919388
18.4719 SecondCar -7.399161 0.025 2.97 0 90 0 0 0.7071068 0 0.7071068 0 0
18.4735 Head 0 1.6 6.707845 11.85001 351.5249 -5.45228E-08 0.1029444 -0.0734974 0.007627635 0.9919388
18.4735 SecondCar -7.399161 0.025 2.97 0 90 0 0 0.7071068 0 0.7071068 0 0
18.4749 Head 0 1.6 6.709846 11.85001 351.5249 -5.45228E-08 0.1029444 -0.0734974 0.007627635 0.9919388
18.4749 SecondCar -7.399161 0.025 2.97 0 90 0 0 0.7071068 0 0.7071068 0 0
18.4763 Head 0 1.6 6.711707 11.85001 351.5249 -5.45228E-08 0.1029444 -0.0734974 0.007627635 0.9919388
18.4763 SecondCar -7.399161 0.025 2.97 0 90 0 0 0.7071068 0 0.7071068 0 0
18.4777 Head 0 1.6 6.713565 11.85001 351.5249 -5.45228E-08 0.1029444 -0.0734974 0.007627635 0.9919388
18.4777 SecondCar -7.399161 0.025 2.97 0 90 0 0 0.7071068 0 0.7071068 0 0
18.4792 Head 0 1.6 6.715456 11.85001 351.5249 -5.45228E-08 0.1029444 -0.0734974 0.007627635 0.9919388
18.4792 SecondCar -7.399161 0.025 2.97 0 90 0 0 0.7071068 0 0.7071068 0 0
18.4809 Head 0 1.6 6.717331 11.85001 351.5249 -5.45228E-08 0.1029444 -0.0734974 0.007627635 0.9919388
18.4809 SecondCar -7.399161 0.025 2.97 0 90 0 0 0.7071068 0 0.7071068 0 0
18.4827 Head 0 1.6 6.719593 11.85001 351.5249 -5.45228E-08 0.1029444 -0.0734974 0.007627635 0.9919388
18.4827 SecondCar -7.399161 0.025 2.97 0 90 0 0 0.7071068 0 0.7071068 0 0
18.4843 Head 0 1.6 6.722013 11.85001 351.5249 -5.45228E-08 0.1029444 -0.0734974 0.007627635 0.9919388
18.4843 SecondCar -7.399161 0.025 2.97 0 90 0 0 0.7071068 0 0.7071068 0 0
18.4859 Head 0 1.6 6.724029 11.85001 351.5249 -5.45228E-08 0.1029444 -0.0734974 0.007627635 0.9919388
18.4859 SecondCar -7.399161 0.025 2.97 0 90 0 0 0.7071068 0 0.7071068 0 0
18.4874 Head 0 1.6 6.726169 11.85001 351.5249 -5.45228E-08 0.1029444 -0.0734974 0.007627635 0.9919388
18.4874 SecondCar -7.399161 0.025 2.97 0 90 0 0 0.7071068 0 0.7071068 0 0
18.4893 Head 0 1.6 6.728131 11.85001 351.5249 -5.45228E-08 0.1029444 -0.0734974 0.007627635 0.9919388
18.4893 SecondCar -7.399161 0.025 2.97 0 90 0 0 0.7071068 0 0.7071068 0 0
18.4909 Head 0 1.6 6.730597 11.85001 351.5249 -5.45228E-08 0.1029444 -0.0734974 0.007627635 0.9919388
18.4909 SecondCar -7.399161 0.025 2.97 0 90 0 0 0.7071068 0 0.7071068 0 0
18.4925 Head 0 1.6 6.732686 11.85001 351.5249 -5.45228E-08 0.1029444 -0.0734974 0.007627635 0.9919388
18.4925 SecondCar -7.399161 0.025 2.97 0 90 0 0 0.7071068 0 0.7071068 0 0
18.4939 Head 0 1.6 6.734793 11.85001 351.5249 -5.45228E-08 0.1029444 -0.0734974 0.007627635 0.9919388
18.4939 SecondCar -7.399161 0.025 2.97 0 90 0 0 0.7071068 0 0.7071068 0 0
18.4952 Head 0 1.6 6.736621 11.85001 351.5249 -5.45228E-08 0.1029444 -0.0734974 0.007627635 0.9919388
18.4952 SecondCar -7.399161 0.025 2.97 0 90 0 0 0.7071068 0 0.7071068 0 0
18.4965 Head 0 1.6 6.738313 11.85001 351.5249 -5.45228E-08 0.1029444 -0.0734974 0.007627635 0.9919388
18.4965 SecondCar -7.399161 0.025 2.97 0 90 0 0 0.7071068 0 0.7071068 0 0
18.4978 Head 0 1.6 6.739995 11.85001 351.5249 -5.45228E-08 0.1029444 -0.0734974 0.007627635 0.9919388
18.4978 SecondCar -7.399161 0.025 2.97 0 90 0 0 0.7071068 0 0.7071068 0 0
18.4992 Head 0 1.6 6.741705 11.85001 351.5249 -5.45228E-08 0.1029444 -0.0734974 0.007627635 0.9919388
18.4992 SecondCar -7.399161 0.025 2.97 0 90 0 0 0.7071068 0 0.7071068 0 0
18.5005 Head 0 1.6 6.743537 11.85001 351.5249 -5.45228E-08 0.1029444 -0.0734974 0.007627635 0.9919388
18.5005 SecondCar -7.399161 0.025 2.97 0 90 0 0 0.7071068 0 0.7071068 0 0
18.5018 Head 0 1.6 6.745265 11.85001 351.5249 -5.45228E-08 0.1029444 -0.0734974 0.007627635 0.9919388
18.5018 SecondCar -7.399161 0.025 2.97 0 90 0 0 0.7071068 0 0.7071068 0 0
18.5031 Head 0 1.6 6.746954 11.85001 351.5249 -5.45228E-08 0.1029444 -0.0734974 0.007627635 0.9919388
18.5031 SecondCar -7.399161 0.025 2.97 0 90 0 0 0.7071068 0 0.7071068 0 0
18.5043 Head 0 1.6 6.748645 11.85001 351.5249 -5.45228E-08 0.1029444 -0.0734974 0.007627635 0.9919388
18.5043 SecondCar -7.399161 0.025 2.97 0 90 0 0 0.7071068 0 0.7071068 0 0
18.5056 Head 0 1.6 6.75027 11.85001 351.5249 -5.45228E-08 0.1029444 -0.0734974 0.007627635 0.9919388
18.5056 SecondCar -7.399161 0.025 2.97 0 90 0 0 0.7071068 0 0.7071068 0 0
18.5068 Head 0 1.6 6.751924 11.85001 351.5249 -5.45228E-08 0.1029444 -0.0734974 0.007627635 0.9919388
18.5068 SecondCar -7.399161 0.025 2.97 0 90 0 0 0.7071068 0 0.7071068 0 0
18.5082 Head 0 1.6 6.75357 11.85001 351.5249 -5.45228E-08 0.1029444 -0.0734974 0.007627635 0.9919388
18.5082 SecondCar -7.399161 0.025 2.97 0 90 0 0 0.7071068 0 0.7071068 0 0
18.5096 Head 0 1.6 6.755401 11.85001 351.5249 -5.45228E-08 0.1029444 -0.0734974 0.007627635 0.9919388
18.5096 SecondCar -7.399161 0.025 2.97 0 90 0 0 0.7071068 0 0.7071068 0 0
18.5109 Head 0 1.6 6.757236 11.85001 351.5249 -5.45228E-08 0.1029444 -0.0734974 0.007627635 0.9919388
18.5109 SecondCar -7.399161 0.025 2.97 0 90 0 0 0.7071068 0 0.7071068 0 0
18.5126 Head 0 1.6 6.758953 11.85001 351.5249 -5.45228E-08 0.1029444 -0.0734974 0.007627635 0.9919388
18.5126 SecondCar -7.399161 0.025 2.97 0 90 0 0 0.7071068 0 0.7071068 0 0
18.5140 Head 0 1.6 6.761076 11.85001 351.5249 -5.45228E-08 0.1029444 -0.0734974 0.007627635 0.9919388
18.5140 SecondCar -7.399161 0.025 2.97 0 90 0 0 0.7071068 0 0.7071068 0 0
18.5155 Head 0 1.6 6.762917 11.85001 351.5249 -5.45228E-08 0.1029444 -0.0734974 0.007627635 0.9919388
18.5155 SecondCar -7.399161 0.025 2.97 0 90 0 0 0.7071068 0 0.7071068 0 0
18.5170 Head 0 1.6 6.764883 11.85001 351.5249 -5.45228E-08 0.1029444 -0.0734974 0.007627635 0.9919388
18.5170 SecondCar -7.399161 0.025 2.97 0 90 0 0 0.7071068 0 0.7071068 0 0
18.5185 Head 0 1.6 6.766898 11.85001 351.5249 -5.45228E-08 0.1029444 -0.0734974 0.007627635 0.9919388
18.5185 SecondCar -7.399161 0.025 2.97 0 90 0 0 0.7071068 0 0.7071068 0 0
18.5206 Head 0 1.6 6.768813 11.85001 351.5249 -5.45228E-08 0.1029444 -0.0734974 0.007627635 0.9919388
18.5206 SecondCar -7.399161 0.025 2.97 0 90 0 0 0.7071068 0 0.7071068 0 0
18.5221 Head 0 1.6 6.771556 11.85001 351.5249 -5.45228E-08 0.1029444 -0.0734974 0.007627635 0.9919388
18.5221 SecondCar -7.399161 0.025 2.97 0 90 0 0 0.7071068 0 0.7071068 0 0
18.5234 Head 0 1.6 6.773521 11.85001 351.5249 -5.45228E-08 0.1029444 -0.0734974 0.007627635 0.9919388
18.5234 SecondCar -7.399161 0.025 2.97 0 90 0 0 0.7071068 0 0.7071068 0 0
18.5247 Head 0 1.6 6.77528 11.85001 351.5249 -5.45228E-08 0.1029444 -0.0734974 0.007627635 0.9919388
18.5247 SecondCar -7.399161 0.025 2.97 0 90 0 0 0.7071068 0 0.7071068 0 0
18.5259 Head 0 1.6 6.776927 11.85001 351.5249 -5.45228E-08 0.1029444 -0.0734974 0.007627635 0.9919388
18.5259 SecondCar -7.399161 0.025 2.97 0 90 0 0 0.7071068 0 0.7071068 0 0
18.5272 Head 0 1.6 6.778606 11.85001 351.5249 -5.45228E-08 0.1029444 -0.0734974 0.007627635 0.9919388
18.5272 SecondCar -7.399161 0.025 2.97 0 90 0 0 0.7071068 0 0.7071068 0 0
18.5287 Head 0 1.6 6.780298 11.85001 351.5249 -5.45228E-08 0.1029444 -0.0734974 0.007627635 0.9919388
18.5287 SecondCar -7.399161 0.025 2.97 0 90 0 0 0.7071068 0 0.7071068 0 0
18.5301 Head 0 1.6 6.782197 11.85001 351.5249 -5.45228E-08 0.1029444 -0.0734974 0.007627635 0.9919388
18.5301 SecondCar -7.399161 0.025 2.97 0 90 0 0 0.7071068 0 0.7071068 0 0
18.5318 Head 0 1.6 6.78408 11.85001 351.5249 -5.45228E-08 0.1029444 -0.0734974 0.007627635 0.9919388
18.5318 SecondCar -7.399161 0.025 2.97 0 90 0 0 0.7071068 0 0.7071068 0 0
18.5335 Head 0 1.6 6.786269 11.85001 351.5249 -5.45228E-08 0.1029444 -0.0734974 0.007627635 0.9919388
18.5335 SecondCar -7.399161 0.025 2.97 0 90 0 0 0.7071068 0 0.7071068 0 0
18.5351 Head 0 1.6 6.788563 11.85001 351.5249 -5.45228E-08 0.1029444 -0.0734974 0.007627635 0.9919388
18.5351 SecondCar -7.399161 0.025 2.97 0 90 0 0 0.7071068 0 0.7071068 0 0
18.5366 Head 0 1.6 6.790615 11.85001 351.5249 -5.45228E-08 0.1029444 -0.0734974 0.007627635 0.9919388
18.5366 SecondCar -7.399161 0.025 2.97 0 90 0 0 0.7071068 0 0.7071068 0 0
18.5381 Head 0 1.6 6.792603 11.85001 351.5249 -5.45228E-08 0.1029444 -0.0734974 0.007627635 0.9919388
18.5381 SecondCar -7.399161 0.025 2.97 0 90 0 0 0.7071068 0 0.7071068 0 0
18.5397 Head 0 1.6 6.794577 11.85001 351.5249 -5.45228E-08 0.1029444 -0.0734974 0.007627635 0.9919388
18.5397 SecondCar -7.399161 0.025 2.97 0 90 0 0 0.7071068 0 0.7071068 0 0
18.5413 Head 0 1.6 6.796665 11.85001 351.5249 -5.45228E-08 0.1029444 -0.0734974 0.007627635 0.9919388
18.5413 SecondCar -7.399161 0.025 2.97 0 90 0 0 0.7071068 0 0.7071068 0 0
18.5429 Head 0 1.6 6.798741 11.85001 351.5249 -5.45228E-08 0.1029444 -0.0734974 0.007627635 0.9919388
18.5429 SecondCar -7.399161 0.025 2.97 0 90 0 0 0.7071068 0 0.7071068 0 0
18.5443 Head 0 1.6 6.800768 11.85001 351.5249 -5.45228E-08 0.1029444 -0.0734974 0.007627635 0.9919388
18.5443 SecondCar -7.399161 0.025 2.97 0 90 0 0 0.7071068 0 0.7071068 0 0
18.5462 Head 0 1.6 6.802672 11.85001 351.5249 -5.45228E-08 0.1029444 -0.0734974 0.007627635 0.9919388
18.5462 SecondCar -7.399161 0.025 2.97 0 90 0 0 0.7071068 0 0.7071068 0 0
18.5479 Head 0 1.6 6.805122 11.85001 351.5249 -5.45228E-08 0.1029444 -0.0734974 0.007627635 0.9919388
18.5479 SecondCar -7.399161 0.025 2.97 0 90 0 0 0.7071068 0 0.7071068 0 0
18.5511 Head 0 1.6 6.80742 11.85001 351.5249 -5.45228E-08 0.1029444 -0.0734974 0.007627635 0.9919388
18.5511 SecondCar -7.399161 0.025 2.97 0 90 0 0 0.7071068 0 0.7071068 0 0
18.5530 Head 0 1.6 6.811544 11.85001 351.5249 -5.45228E-08 0.1029444 -0.0734974 0.007627635 0.9919388
18.5530 SecondCar -7.399161 0.025 2.97 0 90 0 0 0.7071068 0 0.7071068 0 0
18.5545 Head 0 1.6 6.814005 11.85001 351.5249 -5.45228E-08 0.1029444 -0.0734974 0.007627635 0.9919388
18.5545 SecondCar -7.399161 0.025 2.97 0 90 0 0 0.7071068 0 0.7071068 0 0
18.5559 Head 0 1.6 6.815956 11.85001 351.5249 -5.45228E-08 0.1029444 -0.0734974 0.007627635 0.9919388
18.5559 SecondCar -7.399161 0.025 2.97 0 90 0 0 0.7071068 0 0.7071068 0 0
18.5572 Head 0 1.6 6.817791 11.85001 351.5249 -5.45228E-08 0.1029444 -0.0734974 0.007627635 0.9919388
18.5572 SecondCar -7.399161 0.025 2.97 0 90 0 0 0.7071068 0 0.7071068 0 0
18.5585 Head 0 1.6 6.819522 11.85001 351.5249 -5.45228E-08 0.1029444 -0.0734974 0.007627635 0.9919388
18.5585 SecondCar -7.399161 0.025 2.97 0 90 0 0 0.7071068 0 0.7071068 0 0
18.5598 Head 0 1.6 6.821239 11.85001 351.5249 -5.45228E-08 0.1029444 -0.0734974 0.007627635 0.9919388
18.5598 SecondCar -7.399161 0.025 2.97 0 90 0 0 0.7071068 0 0.7071068 0 0
18.5611 Head 0 1.6 6.822942 11.85001 351.5249 -5.45228E-08 0.1029444 -0.0734974 0.007627635 0.9919388
18.5611 SecondCar -7.399161 0.025 2.97 0 90 0 0 0.7071068 0 0.7071068 0 0
18.5624 Head 0 1.6 6.824642 11.85001 351.5249 -5.45228E-08 0.1029444 -0.0734974 0.007627635 0.9919388
18.5624 SecondCar -7.399161 0.025 2.97 0 90 0 0 0.7071068 0 0.7071068 0 0
18.5637 Head 0 1.6 6.826386 11.85001 351.5249 -5.45228E-08 0.1029444 -0.0734974 0.007627635 0.9919388
18.5637 SecondCar -7.399161 0.025 2.97 0 90 0 0 0.7071068 0 0.7071068 0 0
18.5650 Head 0 1.6 6.828082 11.85001 351.5249 -5.45228E-08 0.1029444 -0.0734974 0.007627635 0.9919388
18.5650 SecondCar -7.399161 0.025 2.97 0 90 0 0 0.7071068 0 0.7071068 0 0
18.5663 Head 0 1.6 6.829838 11.85001 351.5249 -5.45228E-08 0.1029444 -0.0734974 0.007627635 0.9919388
18.5663 SecondCar -7.399161 0.025 2.97 0 90 0 0 0.7071068 0 0.7071068 0 0
18.5677 Head 0 1.6 6.831525 11.85001 351.5249 -5.45228E-08 0.1029444 -0.0734974 0.007627635 0.9919388
18.5677 SecondCar -7.399161 0.025 2.97 0 90 0 0 0.7071068 0 0.7071068 0 0
18.5691 Head 0 1.6 6.833332 11.85001 351.5249 -5.45228E-08 0.1029444 -0.0734974 0.007627635 0.9919388
18.5691 SecondCar -7.399161 0.025 2.97 0 90 0 0 0.7071068 0 0.7071068 0 0
18.5705 Head 0 1.6 6.835121 11.85001 351.5249 -5.45228E-08 0.1029444 -0.0734974 0.007627635 0.9919388
18.5705 SecondCar -7.399161 0.025 2.97 0 90 0 0 0.7071068 0 0.7071068 0 0
18.5720 Head 0 1.6 6.836936 11.85001 351.5249 -5.45228E-08 0.1029444 -0.0734974 0.007627635 0.9919388
18.5720 SecondCar -7.399161 0.025 2.97 0 90 0 0 0.7071068 0 0.7071068 0 0
18.5733 Head 0 1.6 6.838933 11.85001 351.5249 -5.45228E-08 0.1029444 -0.0734974 0.007627635 0.9919388
18.5733 SecondCar -7.399161 0.025 2.97 0 90 0 0 0.7071068 0 0.7071068 0 0
18.5746 Head 0 1.6 6.840655 11.85001 351.5249 -5.45228E-08 0.1029444 -0.0734974 0.007627635 0.9919388
18.5746 SecondCar -7.399161 0.025 2.97 0 90 0 0 0.7071068 0 0.7071068 0 0
18.5759 Head 0 1.6 6.842348 11.85001 351.5249 -5.45228E-08 0.1029444 -0.0734974 0.007627635 0.9919388
18.5759 SecondCar -7.399161 0.025 2.97 0 90 0 0 0.7071068 0 0.7071068 0 0
18.5779 Head 0 1.6 6.844115 11.85001 351.5249 -5.45228E-08 0.1029444 -0.0734974 0.007627635 0.9919388
18.5779 SecondCar -7.399161 0.025 2.97 0 90 0 0 0.7071068 0 0.7071068 0 0
18.5796 Head 0 1.6 6.846611 11.85001 351.5249 -5.45228E-08 0.1029444 -0.0734974 0.007627635 0.9919388
18.5796 SecondCar -7.399161 0.025 2.97 0 90 0 0 0.7071068 0 0.7071068 0 0
18.5817 Head 0 1.6 6.848863 11.85001 351.5249 -5.45228E-08 0.1029444 -0.0734974 0.007627635 0.9919388
18.5817 SecondCar -7.399161 0.025 2.97 0 90 0 0 0.7071068 0 0.7071068 0 0
18.5832 Head 0 1.6 6.851595 11.85001 351.5249 -5.45228E-08 0.1029444 -0.0734974 0.007627635 0.9919388
18.5832 SecondCar -7.399161 0.025 2.97 0 90 0 0 0.7071068 0 0.7071068 0 0
18.5846 Head 0 1.6 6.853652 11.85001 351.5249 -5.45228E-08 0.1029444 -0.0734974 0.007627635 0.9919388
18.5846 SecondCar -7.399161 0.025 2.97 0 90 0 0 0.7071068 0 0.7071068 0 0
18.5860 Head 0 1.6 6.85546 11.85001 351.5249 -5.45228E-08 0.1029444 -0.0734974 0.007627635 0.9919388
18.5860 SecondCar -7.399161 0.025 2.97 0 90 0 0 0.7071068 0 0.7071068 0 0
18.5874 Head 0 1.6 6.857247 11.85001 351.5249 -5.45228E-08 0.1029444 -0.0734974 0.007627635 0.9919388
18.5874 SecondCar -7.399161 0.025 2.97 0 90 0 0 0.7071068 0 0.7071068 0 0
18.5887 Head 0 1.6 6.859086 11.85001 351.5249 -5.45228E-08 0.1029444 -0.0734974 0.007627635 0.9919388
18.5887 SecondCar -7.399161 0.025 2.97 0 90 0 0 0.7071068 0 0.7071068 0 0
18.5901 Head 0 1.6 6.860811 11.85001 351.5249 -5.45228E-08 0.1029444 -0.0734974 0.007627635 0.9919388
18.5901 SecondCar -7.399161 0.025 2.97 0 90 0 0 0.7071068 0 0.7071068 0 0
18.5914 Head 0 1.6 6.862602 11.85001 351.5249 -5.45228E-08 0.1029444 -0.0734974 0.007627635 0.9919388
18.5914 SecondCar -7.399161 0.025 2.97 0 90 0 0 0.7071068 0 0.7071068 0 0
18.5930 Head 0 1.6 6.864316 11.85001 351.5249 -5.45228E-08 0.1029444 -0.0734974 0.007627635 0.9919388
18.5930 SecondCar -7.399161 0.025 2.97 0 90 0 0 0.7071068 0 0.7071068 0 0
18.5944 Head 0 1.6 6.86643 11.85001 351.5249 -5.45228E-08 0.1029444 -0.0734974 0.007627635 0.9919388
18.5944 SecondCar -7.399161 0.025 2.97 0 90 0 0 0.7071068 0 0.7071068 0 0
18.5959 Head 0 1.6 6.868286 11.85001 351.5249 -5.45228E-08 0.1029444 -0.0734974 0.007627635 0.9919388
18.5959 SecondCar -7.399161 0.025 2.97 0 90 0 0 0.7071068 0 0.7071068 0 0
18.5972 Head 0 1.6 6.870199 11.85001 351.5249 -5.45228E-08 0.1029444 -0.0734974 0.007627635 0.9919388
18.5972 SecondCar -7.399161 0.025 2.97 0 90 0 0 0.7071068 0 0.7071068 0 0
18.5987 Head 0 1.6 6.871985 11.85001 351.5249 -5.45228E-08 0.1029444 -0.0734974 0.007627635 0.9919388
18.5987 SecondCar -7.399161 0.025 2.97 0 90 0 0 0.7071068 0 0.7071068 0 0
18.6001 Head 0 1.6 6.873864 11.85001 351.5249 -5.45228E-08 0.1029444 -0.0734974 0.007627635 0.9919388
18.6001 SecondCar -7.399161 0.025 2.97 0 90 0 0 0.7071068 0 0.7071068 0 0
18.6015 Head 0 1.6 6.875779 11.85001 351.5249 -5.45228E-08 0.1029444 -0.0734974 0.007627635 0.9919388
18.6015 SecondCar -7.399161 0.025 2.97 0 90 0 0 0.7071068 0 0.7071068 0 0
18.6029 Head 0 1.6 6.877551 11.85001 351.5249 -5.45228E-08 0.1029444 -0.0734974 0.007627635 0.9919388
18.6029 SecondCar -7.399161 0.025 2.97 0 90 0 0 0.7071068 0 0.7071068 0 0
18.6044 Head 0 1.6 6.879368 11.85001 351.5249 -5.45228E-08 0.1029444 -0.0734974 0.007627635 0.9919388
18.6044 SecondCar -7.399161 0.025 2.97 0 90 0 0 0.7071068 0 0.7071068 0 0
18.6059 Head 0 1.6 6.881371 11.85001 351.5249 -5.45228E-08 0.1029444 -0.0734974 0.007627635 0.9919388
18.6059 SecondCar -7.399161 0.025 2.97 0 90 0 0 0.7071068 0 0.7071068 0 0
18.6072 Head 0 1.6 6.883316 11.85001 351.5249 -5.45228E-08 0.1029444 -0.0734974 0.007627635 0.9919388
18.6072 SecondCar -7.399161 0.025 2.97 0 90 0 0 0.7071068 0 0.7071068 0 0
18.6087 Head 0 1.6 6.885112 11.85001 351.5249 -5.45228E-08 0.1029444 -0.0734974 0.007627635 0.9919388
18.6087 SecondCar -7.399161 0.025 2.97 0 90 0 0 0.7071068 0 0.7071068 0 0
18.6105 Head 0 1.6 6.887025 11.85001 351.5249 -5.45228E-08 0.1029444 -0.0734974 0.007627635 0.9919388
18.6105 SecondCar -7.399161 0.025 2.97 0 90 0 0 0.7071068 0 0.7071068 0 0
18.6131 Head 0 1.6 6.889339 11.85001 351.5249 -5.45228E-08 0.1029444 -0.0734974 0.007627635 0.9919388
18.6131 SecondCar -7.399161 0.025 2.97 0 90 0 0 0.7071068 0 0.7071068 0 0
18.6150 Head 0 1.6 6.892791 11.85001 351.5249 -5.45228E-08 0.1029444 -0.0734974 0.007627635 0.9919388
18.6150 SecondCar -7.399161 0.025 2.97 0 90 0 0 0.7071068 0 0.7071068 0 0
18.6166 Head 0 1.6 6.895236 11.85001 351.5249 -5.45228E-08 0.1029444 -0.0734974 0.007627635 0.9919388
18.6166 SecondCar -7.399161 0.025 2.97 0 90 0 0 0.7071068 0 0.7071068 0 0
18.6181 Head 0 1.6 6.897368 11.85001 351.5249 -5.45228E-08 0.1029444 -0.0734974 0.007627635 0.9919388
18.6181 SecondCar -7.399161 0.025 2.97 0 90 0 0 0.7071068 0 0.7071068 0 0
18.6197 Head 0 1.6 6.899379 11.85001 351.5249 -5.45228E-08 0.1029444 -0.0734974 0.007627635 0.9919388
18.6197 SecondCar -7.399161 0.025 2.97 0 90 0 0 0.7071068 0 0.7071068 0 0
18.6212 Head 0 1.6 6.901427 11.85001 351.5249 -5.45228E-08 0.1029444 -0.0734974 0.007627635 0.9919388
18.6212 SecondCar -7.399161 0.025 2.97 0 90 0 0 0.7071068 0 0.7071068 0 0
18.6226 Head 0 1.6 6.903408 11.85001 351.5249 -5.45228E-08 0.1029444 -0.0734974 0.007627635 0.9919388
18.6226 SecondCar -7.399161 0.025 2.97 0 90 0 0 0.7071068 0 0.7071068 0 0
18.6241 Head 0 1.6 6.905208 11.85001 351.5249 -5.45228E-08 0.1029444 -0.0734974 0.007627635 0.9919388
18.6241 SecondCar -7.399161 0.025 2.97 0 90 0 0 0.7071068 0 0.7071068 0 0
18.6254 Head 0 1.6 6.90715 11.85001 351.5249 -5.45228E-08 0.1029444 -0.0734974 0.007627635 0.9919388
18.6254 SecondCar -7.399161 0.025 2.97 0 90 0 0 0.7071068 0 0.7071068 0 0
18.6267 Head 0 1.6 6.908882 11.85001 351.5249 -5.45228E-08 0.1029444 -0.0734974 0.007627635 0.9919388
18.6267 SecondCar -7.399161 0.025 2.97 0 90 0 0 0.7071068 0 0.7071068 0 0
18.6281 Head 0 1.6 6.910663 11.85001 351.5249 -5.45228E-08 0.1029444 -0.0734974 0.007627635 0.9919388
18.6281 SecondCar -7.399161 0.025 2.97 0 90 0 0 0.7071068 0 0.7071068 0 0
18.6295 Head 0 1.6 6.912449 11.85001 351.5249 -5.45228E-08 0.1029444 -0.0734974 0.007627635 0.9919388
18.6295 SecondCar -7.399161 0.025 2.97 0 90 0 0 0.7071068 0 0.7071068 0 0
18.6309 Head 0 1.6 6.914317 11.85001 351.5249 -5.45228E-08 0.1029444 -0.0734974 0.007627635 0.9919388
18.6309 SecondCar -7.399161 0.025 2.97 0 90 0 0 0.7071068 0 0.7071068 0 0
18.6324 Head 0 1.6 6.916067 11.85001 351.5249 -5.45228E-08 0.1029444 -0.0734974 0.007627635 0.9919388
18.6324 SecondCar -7.399161 0.025 2.97 0 90 0 0 0.7071068 0 0.7071068 0 0
18.6338 Head 0 1.6 6.918088 11.85001 351.5249 -5.45228E-08 0.1029444 -0.0734974 0.007627635 0.9919388
18.6338 SecondCar -7.399161 0.025 2.97 0 90 0 0 0.7071068 0 0.7071068 0 0
18.6352 Head 0 1.6 6.919898 11.85001 351.5249 -5.45228E-08 0.1029444 -0.0734974 0.007627635 0.9919388
18.6352 SecondCar -7.399161 0.025 2.97 0 90 0 0 0.7071068 0 0.7071068 0 0
18.6364 Head 0 1.6 6.921682 11.85001 351.5249 -5.45228E-08 0.1029444 -0.0734974 0.007627635 0.9919388
18.6364 SecondCar -7.399161 0.025 2.97 0 90 0 0 0.7071068 0 0.7071068 0 0
18.6378 Head 0 1.6 6.923359 11.85001 351.5249 -5.45228E-08 0.1029444 -0.0734974 0.007627635 0.9919388
18.6378 SecondCar -7.399161 0.025 2.97 0 90 0 0 0.7071068 0 0.7071068 0 0
18.6392 Head 0 1.6 6.9251 11.85001 351.5249 -5.45228E-08 0.1029444 -0.0734974 0.007627635 0.9919388
18.6392 SecondCar -7.399161 0.025 2.97 0 90 0 0 0.7071068 0 0.7071068 0 0
18.6406 Head 0 1.6 6.927034 11.85001 351.5249 -5.45228E-08 0.1029444 -0.0734974 0.007627635 0.9919388
18.6406 SecondCar -7.399161 0.025 2.97 0 90 0 0 0.7071068 0 0.7071068 0 0
18.6425 Head 0 1.6 6.928809 11.85001 351.5249 -5.45228E-08 0.1029444 -0.0734974 0.007627635 0.9919388
18.6425 SecondCar -7.399161 0.025 2.97 0 90 0 0 0.7071068 0 0.7071068 0 0
18.6441 Head 0 1.6 6.931277 11.85001 351.5249 -5.45228E-08 0.1029444 -0.0734974 0.007627635 0.9919388
18.6441 SecondCar -7.399161 0.025 2.97 0 90 0 0 0.7071068 0 0.7071068 0 0
18.6457 Head 0 1.6 6.933464 11.85001 351.5249 -5.45228E-08 0.1029444 -0.0734974 0.007627635 0.9919388
18.6457 SecondCar -7.399161 0.025 2.97 0 90 0 0 0.7071068 0 0.7071068 0 0
18.6470 Head 0 1.6 6.935434 11.85001 351.5249 -5.45228E-08 0.1029444 -0.0734974 0.007627635 0.9919388
18.6470 SecondCar -7.399161 0.025 2.97 0 90 0 0 0.7071068 0 0.7071068 0 0
18.6484 Head 0 1.6 6.937257 11.85001 351.5249 -5.45228E-08 0.1029444 -0.0734974 0.007627635 0.9919388
18.6484 SecondCar -7.399161 0.025 2.97 0 90 0 0 0.7071068 0 0.7071068 0 0
18.6498 Head 0 1.6 6.93906 11.85001 351.5249 -5.45228E-08 0.1029444 -0.0734974 0.007627635 0.9919388
18.6498 SecondCar -7.399161 0.025 2.97 0 90 0 0 0.7071068 0 0.7071068 0 0
18.6511 Head 0 1.6 6.940822 11.85001 351.5249 -5.45228E-08 0.1029444 -0.0734974 0.007627635 0.9919388
18.6511 SecondCar -7.399161 0.025 2.97 0 90 0 0 0.7071068 0 0.7071068 0 0
18.6527 Head 0 1.6 6.942547 11.85001 351.5249 -5.45228E-08 0.1029444 -0.0734974 0.007627635 0.9919388
18.6527 SecondCar -7.399161 0.025 2.97 0 90 0 0 0.7071068 0 0.7071068 0 0
18.6540 Head 0 1.6 6.94464 11.85001 351.5249 -5.45228E-08 0.1029444 -0.0734974 0.007627635 0.9919388
18.6540 SecondCar -7.399161 0.025 2.97 0 90 0 0 0.7071068 0 0.7071068 0 0
18.6553 Head 0 1.6 6.946391 11.85001 351.5249 -5.45228E-08 0.1029444 -0.0734974 0.007627635 0.9919388
18.6553 SecondCar -7.399161 0.025 2.97 0 90 0 0 0.7071068 0 0.7071068 0 0
18.6566 Head 0 1.6 6.948092 11.85001 351.5249 -5.45228E-08 0.1029444 -0.0734974 0.007627635 0.9919388
18.6566 SecondCar -7.399161 0.025 2.97 0 90 0 0 0.7071068 0 0.7071068 0 0
18.6579 Head 0 1.6 6.949783 11.85001 351.5249 -5.45228E-08 0.1029444 -0.0734974 0.007627635 0.9919388
18.6579 SecondCar -7.399161 0.025 2.97 0 90 0 0 0.7071068 0 0.7071068 0 0
18.6593 Head 0 1.6 6.95149 11.85001 351.5249 -5.45228E-08 0.1029444 -0.0734974 0.007627635 0.9919388
18.6593 SecondCar -7.399161 0.025 2.97 0 90 0 0 0.7071068 0 0.7071068 0 0
18.6605 Head 0 1.6 6.953273 11.85001 351.5249 -5.45228E-08 0.1029444 -0.0734974 0.007627635 0.9919388
18.6605 SecondCar -7.399161 0.025 2.97 0 90 0 0 0.7071068 0 0.7071068 0 0
18.6618 Head 0 1.6 6.954943 11.85001 351.5249 -5.45228E-08 0.1029444 -0.0734974 0.007627635 0.9919388
18.6618 SecondCar -7.399161 0.025 2.97 0 90 0 0 0.7071068 0 0.7071068 0 0
18.6631 Head 0 1.6 6.956628 11.85001 351.5249 -5.45228E-08 0.1029444 -0.0734974 0.007627635 0.9919388
18.6631 SecondCar -7.399161 0.025 2.97 0 90 0 0 0.7071068 0 0.7071068 0 0
18.6645 Head 0 1.6 6.958306 11.85001 351.5249 -5.45228E-08 0.1029444 -0.0734974 0.007627635 0.9919388
18.6645 SecondCar -7.399161 0.025 2.97 0 90 0 0 0.7071068 0 0.7071068 0 0
18.6659 Head 0 1.6 6.960123 11.85001 351.5249 -5.45228E-08 0.1029444 -0.0734974 0.007627635 0.9919388
18.6659 SecondCar -7.399161 0.025 2.97 0 90 0 0 0.7071068 0 0.7071068 0 0
18.6673 Head 0 1.6 6.961932 11.85001 351.5249 -5.45228E-08 0.1029444 -0.0734974 0.007627635 0.9919388
18.6673 SecondCar -7.399161 0.025 2.97 0 90 0 0 0.7071068 0 0.7071068 0 0
18.6687 Head 0 1.6 6.963802 11.85001 351.5249 -5.45228E-08 0.1029444 -0.0734974 0.007627635 0.9919388
18.6687 SecondCar -7.399161 0.025 2.97 0 90 0 0 0.7071068 0 0.7071068 0 0
18.6714 Head 0 1.6 6.965679 11.85001 351.5249 -5.45228E-08 0.1029444 -0.0734974 0.007627635 0.9919388
18.6714 SecondCar -7.399161 0.025 2.97 0 90 0 0 0.7071068 0 0.7071068 0 0
18.6738 Head 0 1.6 6.969154 11.85001 351.5249 -5.45228E-08 0.1029444 -0.0734974 0.007627635 0.9919388
18.6738 SecondCar -7.399161 0.025 2.97 0 90 0 0 0.7071068 0 0.7071068 0 0
18.6758 Head 0 1.6 6.972362 11.85001 351.5249 -5.45228E-08 0.1029444 -0.0734974 0.007627635 0.9919388
18.6758 SecondCar -7.399161 0.025 2.97 0 90 0 0 0.7071068 0 0.7071068 0 0
18.6778 Head 0 1.6 6.974914 11.85001 351.5249 -5.45228E-08 0.1029444 -0.0734974 0.007627635 0.9919388
18.6778 SecondCar -7.399161 0.025 2.97 0 90 0 0 0.7071068 0 0.7071068 0 0
18.6796 Head 0 1.6 6.977597 11.85001 351.5249 -5.45228E-08 0.1029444 -0.0734974 0.007627635 0.9919388
18.6796 SecondCar -7.399161 0.025 2.97 0 90 0 0 0.7071068 0 0.7071068 0 0
18.6811 Head 0 1.6 6.979843 11.85001 351.5249 -5.45228E-08 0.1029444 -0.0734974 0.007627635 0.9919388
18.6811 SecondCar -7.399161 0.025 2.97 0 90 0 0 0.7071068 0 0.7071068 0 0
18.6825 Head 0 1.6 6.981851 11.85001 351.5249 -5.45228E-08 0.1029444 -0.0734974 0.007627635 0.9919388
18.6825 SecondCar -7.399161 0.025 2.97 0 90 0 0 0.7071068 0 0.7071068 0 0
18.6839 Head 0 1.6 6.983737 11.85001 351.5249 -5.45228E-08 0.1029444 -0.0734974 0.007627635 0.9919388
18.6839 SecondCar -7.399161 0.025 2.97 0 90 0 0 0.7071068 0 0.7071068 0 0
18.6853 Head 0 1.6 6.985526 11.85001 351.5249 -5.45228E-08 0.1029444 -0.0734974 0.007627635 0.9919388
18.6853 SecondCar -7.399161 0.025 2.97 0 90 0 0 0.7071068 0 0.7071068 0 0
18.6867 Head 0 1.6 6.987326 11.85001 351.5249 -5.45228E-08 0.1029444 -0.0734974 0.007627635 0.9919388
18.6867 SecondCar -7.399161 0.025 2.97 0 90 0 0 0.7071068 0 0.7071068 0 0
18.6881 Head 0 1.6 6.98917 11.85001 351.5249 -5.45228E-08 0.1029444 -0.0734974 0.007627635 0.9919388
18.6881 SecondCar -7.399161 0.025 2.97 0 90 0 0 0.7071068 0 0.7071068 0 0
18.6895 Head 0 1.6 6.991052 11.85001 351.5249 -5.45228E-08 0.1029444 -0.0734974 0.007627635 0.9919388
18.6895 SecondCar -7.399161 0.025 2.97 0 90 0 0 0.7071068 0 0.7071068 0 0
18.6908 Head 0 1.6 6.992898 11.85001 351.5249 -5.45228E-08 0.1029444 -0.0734974 0.007627635 0.9919388
18.6908 SecondCar -7.399161 0.025 2.97 0 90 0 0 0.7071068 0 0.7071068 0 0
18.6923 Head 0 1.6 6.994603 11.85001 351.5249 -5.45228E-08 0.1029444 -0.0734974 0.007627635 0.9919388
18.6923 SecondCar -7.399161 0.025 2.97 0 90 0 0 0.7071068 0 0.7071068 0 0
18.6936 Head 0 1.6 6.996526 11.85001 351.5249 -5.45228E-08 0.1029444 -0.0734974 0.007627635 0.9919388
18.6936 SecondCar -7.399161 0.025 2.97 0 90 0 0 0.7071068 0 0.7071068 0 0
18.6950 Head 0 1.6 6.998303 11.85001 351.5249 -5.45228E-08 0.1029444 -0.0734974 0.007627635 0.9919388
18.6950 SecondCar -7.399161 0.025 2.97 0 90 0 0 0.7071068 0 0.7071068 0 0
18.6963 Head 0 1.6 7.000077 11.85001 351.5249 -5.45228E-08 0.1029444 -0.0734974 0.007627635 0.9919388
18.6963 SecondCar -7.399161 0.025 2.97 0 90 0 0 0.7071068 0 0.7071068 0 0
18.6976 Head 0 1.6 7.001802 11.85001 351.5249 -5.45228E-08 0.1029444 -0.0734974 0.007627635 0.9919388
18.6976 SecondCar -7.399161 0.025 2.97 0 90 0 0 0.7071068 0 0.7071068 0 0
18.6991 Head 0 1.6 7.003547 11.85001 351.5249 -5.45228E-08 0.1029444 -0.0734974 0.007627635 0.9919388
18.6991 SecondCar -7.399161 0.025 2.97 0 90 0 0 0.7071068 0 0.7071068 0 0
18.7005 Head 0 1.6 7.00542 11.85001 351.5249 -5.45228E-08 0.1029444 -0.0734974 0.007627635 0.9919388
18.7005 SecondCar -7.399161 0.025 2.97 0 90 0 0 0.7071068 0 0.7071068 0 0
18.7019 Head 0 1.6 7.007329 11.85001 351.5249 -5.45228E-08 0.1029444 -0.0734974 0.007627635 0.9919388
18.7019 SecondCar -7.399161 0.025 2.97 0 90 0 0 0.7071068 0 0.7071068 0 0
18.7032 Head 0 1.6 7.009072 11.85001 351.5249 -5.45228E-08 0.1029444 -0.0734974 0.007627635 0.9919388
18.7032 SecondCar -7.399161 0.025 2.97 0 90 0 0 0.7071068 0 0.7071068 0 0
18.7046 Head 0 1.6 7.010885 11.85001 351.5249 -5.45228E-08 0.1029444 -0.0734974 0.007627635 0.9919388
18.7046 SecondCar -7.399161 0.025 2.97 0 90 0 0 0.7071068 0 0.7071068 0 0
18.7060 Head 0 1.6 7.01268 11.85001 351.5249 -5.45228E-08 0.1029444 -0.0734974 0.007627635 0.9919388
18.7060 SecondCar -7.399161 0.025 2.97 0 90 0 0 0.7071068 0 0.7071068 0 0
18.7073 Head 0 1.6 7.014444 11.85001 351.5249 -5.45228E-08 0.1029444 -0.0734974 0.007627635 0.9919388
18.7073 SecondCar -7.399161 0.025 2.97 0 90 0 0 0.7071068 0 0.7071068 0 0
18.7087 Head 0 1.6 7.016222 11.85001 351.5249 -5.45228E-08 0.1029444 -0.0734974 0.007627635 0.9919388
18.7087 SecondCar -7.399161 0.025 2.97 0 90 0 0 0.7071068 0 0.7071068 0 0
18.7100 Head 0 1.6 7.017964 11.85001 351.5249 -5.45228E-08 0.1029444 -0.0734974 0.007627635 0.9919388
18.7100 SecondCar -7.399161 0.025 2.97 0 90 0 0 0.7071068 0 0.7071068 0 0
18.7113 Head 0 1.6 7.019781 11.85001 351.5249 -5.45228E-08 0.1029444 -0.0734974 0.007627635 0.9919388
18.7113 SecondCar -7.399161 0.025 2.97 0 90 0 0 0.7071068 0 0.7071068 0 0
18.7130 Head 0 1.6 7.021471 11.85001 351.5249 -5.45228E-08 0.1029444 -0.0734974 0.007627635 0.9919388
18.7130 SecondCar -7.399161 0.025 2.97 0 90 0 0 0.7071068 0 0.7071068 0 0
18.7144 Head 0 1.6 7.023659 11.85001 351.5249 -5.45228E-08 0.1029444 -0.0734974 0.007627635 0.9919388
18.7144 SecondCar -7.399161 0.025 2.97 0 90 0 0 0.7071068 0 0.7071068 0 0
18.7157 Head 0 1.6 7.025436 11.85001 351.5249 -5.45228E-08 0.1029444 -0.0734974 0.007627635 0.9919388
18.7157 SecondCar -7.399161 0.025 2.97 0 90 0 0 0.7071068 0 0.7071068 0 0
18.7170 Head 0 1.6 7.027223 11.85001 351.5249 -5.45228E-08 0.1029444 -0.0734974 0.007627635 0.9919388
18.7170 SecondCar -7.399161 0.025 2.97 0 90 0 0 0.7071068 0 0.7071068 0 0
18.7184 Head 0 1.6 7.028923 11.85001 351.5249 -5.45228E-08 0.1029444 -0.0734974 0.007627635 0.9919388
18.7184 SecondCar -7.399161 0.025 2.97 0 90 0 0 0.7071068 0 0.7071068 0 0
18.7203 Head 0 1.6 7.030684 11.85001 351.5249 -5.45228E-08 0.1029444 -0.0734974 0.007627635 0.9919388
18.7203 SecondCar -7.399161 0.025 2.97 0 90 0 0 0.7071068 0 0.7071068 0 0
18.7219 Head 0 1.6 7.033277 11.85001 351.5249 -5.45228E-08 0.1029444 -0.0734974 0.007627635 0.9919388
18.7219 SecondCar -7.399161 0.025 2.97 0 90 0 0 0.7071068 0 0.7071068 0 0
18.7234 Head 0 1.6 7.03535 11.85001 351.5249 -5.45228E-08 0.1029444 -0.0734974 0.007627635 0.9919388
18.7234 SecondCar -7.399161 0.025 2.97 0 90 0 0 0.7071068 0 0.7071068 0 0
18.7249 Head 0 1.6 7.03725 11.85001 351.5249 -5.45228E-08 0.1029444 -0.0734974 0.007627635 0.9919388
18.7249 SecondCar -7.399161 0.025 2.97 0 90 0 0 0.7071068 0 0.7071068 0 0
18.7264 Head 0 1.6 7.039251 11.85001 351.5249 -5.45228E-08 0.1029444 -0.0734974 0.007627635 0.9919388
18.7264 SecondCar -7.399161 0.025 2.97 0 90 0 0 0.7071068 0 0.7071068 0 0
18.7279 Head 0 1.6 7.041215 11.85001 351.5249 -5.45228E-08 0.1029444 -0.0734974 0.007627635 0.9919388
18.7279 SecondCar -7.399161 0.025 2.97 0 90 0 0 0.7071068 0 0.7071068 0 0
18.7293 Head 0 1.6 7.043151 11.85001 351.5249 -5.45228E-08 0.1029444 -0.0734974 0.007627635 0.9919388
18.7293 SecondCar -7.399161 0.025 2.97 0 90 0 0 0.7071068 0 0.7071068 0 0
18.7307 Head 0 1.6 7.045014 11.85001 351.5249 -5.45228E-08 0.1029444 -0.0734974 0.007627635 0.9919388
18.7307 SecondCar -7.399161 0.025 2.97 0 90 0 0 0.7071068 0 0.7071068 0 0
18.7323 Head 0 1.6 7.046872 11.85001 351.5249 -5.45228E-08 0.1029444 -0.0734974 0.007627635 0.9919388
18.7323 SecondCar -7.399161 0.025 2.97 0 90 0 0 0.7071068 0 0.7071068 0 0
18.7337 Head 0 1.6 7.048905 11.85001 351.5249 -5.45228E-08 0.1029444 -0.0734974 0.007627635 0.9919388
18.7337 SecondCar -7.399161 0.025 2.97 0 90 0 0 0.7071068 0 0.7071068 0 0
18.7352 Head 0 1.6 7.050818 11.85001 351.5249 -5.45228E-08 0.1029444 -0.0734974 0.007627635 0.9919388
18.7352 SecondCar -7.399161 0.025 2.97 0 90 0 0 0.7071068 0 0.7071068 0 0
18.7366 Head 0 1.6 7.052777 11.85001 351.5249 -5.45228E-08 0.1029444 -0.0734974 0.007627635 0.9919388
18.7366 SecondCar -7.399161 0.025 2.97 0 90 0 0 0.7071068 0 0.7071068 0 0
18.7380 Head 0 1.6 7.054613 11.85001 351.5249 -5.45228E-08 0.1029444 -0.0734974 0.007627635 0.9919388
18.7380 SecondCar -7.399161 0.025 2.97 0 90 0 0 0.7071068 0 0.7071068 0 0
18.7395 Head 0 1.6 7.056371 11.85001 351.5249 -5.45228E-08 0.1029444 -0.0734974 0.007627635 0.9919388
18.7395 SecondCar -7.399161 0.025 2.97 0 90 0 0 0.7071068 0 0.7071068 0 0
18.7410 Head 0 1.6 7.058341 11.85001 351.5249 -5.45228E-08 0.1029444 -0.0734974 0.007627635 0.9919388
18.7410 SecondCar -7.399161 0.025 2.97 0 90 0 0 0.7071068 0 0.7071068 0 0
18.7424 Head 0 1.6 7.060277 11.85001 351.5249 -5.45228E-08 0.1029444 -0.0734974 0.007627635 0.9919388
18.7424 SecondCar -7.399161 0.025 2.97 0 90 0 0 0.7071068 0 0.7071068 0 0
18.7438 Head 0 1.6 7.06215 11.85001 351.5249 -5.45228E-08 0.1029444 -0.0734974 0.007627635 0.9919388
18.7438 SecondCar -7.399161 0.025 2.97 0 90 0 0 0.7071068 0 0.7071068 0 0
18.7455 Head 0 1.6 7.063962 11.85001 351.5249 -5.45228E-08 0.1029444 -0.0734974 0.007627635 0.9919388
18.7455 SecondCar -7.399161 0.025 2.97 0 90 0 0 0.7071068 0 0.7071068 0 0
18.7472 Head 0 1.6 7.06629 11.85001 351.5249 -5.45228E-08 0.1029444 -0.0734974 0.007627635 0.9919388
18.7472 SecondCar -7.399161 0.025 2.97 0 90 0 0 0.7071068 0 0.7071068 0 0
18.7487 Head 0 1.6 7.068491 11.85001 351.5249 -5.45228E-08 0.1029444 -0.0734974 0.007627635 0.9919388
18.7487 SecondCar -7.399161 0.025 2.97 0 90 0 0 0.7071068 0 0.7071068 0 0
18.7503 Head 0 1.6 7.070459 11.85001 351.5249 -5.45228E-08 0.1029444 -0.0734974 0.007627635 0.9919388
18.7503 SecondCar -7.399161 0.025 2.97 0 90 0 0 0.7071068 0 0.7071068 0 0
18.7527 Head 0 1.6 7.072453 11.85001 351.5249 -5.45228E-08 0.1029444 -0.0734974 0.007627635 0.9919388
18.7527 SecondCar -7.399161 0.025 2.97 0 90 0 0 0.7071068 0 0.7071068 0 0
18.7544 Head 0 1.6 7.075622 11.85001 351.5249 -5.45228E-08 0.1029444 -0.0734974 0.007627635 0.9919388
18.7544 SecondCar -7.399161 0.025 2.97 0 90 0 0 0.7071068 0 0.7071068 0 0
18.7561 Head 0 1.6 7.077911 11.85001 351.5249 -5.45228E-08 0.1029444 -0.0734974 0.007627635 0.9919388
18.7561 SecondCar -7.399161 0.025 2.97 0 90 0 0 0.7071068 0 0.7071068 0 0
18.7577 Head 0 1.6 7.080079 11.85001 351.5249 -5.45228E-08 0.1029444 -0.0734974 0.007627635 0.9919388
18.7577 SecondCar -7.399161 0.025 2.97 0 90 0 0 0.7071068 0 0.7071068 0 0
18.7592 Head 0 1.6 7.082159 11.85001 351.5249 -5.45228E-08 0.1029444 -0.0734974 0.007627635 0.9919388
18.7592 SecondCar -7.399161 0.025 2.97 0 90 0 0 0.7071068 0 0.7071068 0 0
18.7605 Head 0 1.6 7.084115 11.85001 351.5249 -5.45228E-08 0.1029444 -0.0734974 0.007627635 0.9919388
18.7605 SecondCar -7.399161 0.025 2.97 0 90 0 0 0.7071068 0 0.7071068 0 0
18.7619 Head 0 1.6 7.085881 11.85001 351.5249 -5.45228E-08 0.1029444 -0.0734974 0.007627635 0.9919388
18.7619 SecondCar -7.399161 0.025 2.97 0 90 0 0 0.7071068 0 0.7071068 0 0
18.7633 Head 0 1.6 7.087682 11.85001 351.5249 -5.45228E-08 0.1029444 -0.0734974 0.007627635 0.9919388
18.7633 SecondCar -7.399161 0.025 2.97 0 90 0 0 0.7071068 0 0.7071068 0 0
18.7646 Head 0 1.6 7.089515 11.85001 351.5249 -5.45228E-08 0.1029444 -0.0734974 0.007627635 0.9919388
18.7646 SecondCar -7.399161 0.025 2.97 0 90 0 0 0.7071068 0 0.7071068 0 0
18.7660 Head 0 1.6 7.09127 11.85001 351.5249 -5.45228E-08 0.1029444 -0.0734974 0.007627635 0.9919388
18.7660 SecondCar -7.399161 0.025 2.97 0 90 0 0 0.7071068 0 0.7071068 0 0
18.7674 Head 0 1.6 7.093021 11.85001 351.5249 -5.45228E-08 0.1029444 -0.0734974 0.007627635 0.9919388
18.7674 SecondCar -7.399161 0.025 2.97 0 90 0 0 0.7071068 0 0.7071068 0 0
18.7688 Head 0 1.6 7.09489 11.85001 351.5249 -5.45228E-08 0.1029444 -0.0734974 0.007627635 0.9919388
18.7688 SecondCar -7.399161 0.025 2.97 0 90 0 0 0.7071068 0 0.7071068 0 0
18.7701 Head 0 1.6 7.096686 11.85001 351.5249 -5.45228E-08 0.1029444 -0.0734974 0.007627635 0.9919388
18.7701 SecondCar -7.399161 0.025 2.97 0 90 0 0 0.7071068 0 0.7071068 0 0
18.7717 Head 0 1.6 7.098515 11.85001 351.5249 -5.45228E-08 0.1029444 -0.0734974 0.007627635 0.9919388
18.7717 SecondCar -7.399161 0.025 2.97 0 90 0 0 0.7071068 0 0.7071068 0 0
18.7731 Head 0 1.6 7.100555 11.85001 351.5249 -5.45228E-08 0.1029444 -0.0734974 0.007627635 0.9919388
18.7731 SecondCar -7.399161 0.025 2.97 0 90 0 0 0.7071068 0 0.7071068 0 0
18.7743 Head 0 1.6 7.102329 11.85001 351.5249 -5.45228E-08 0.1029444 -0.0734974 0.007627635 0.9919388
18.7743 SecondCar -7.399161 0.025 2.97 0 90 0 0 0.7071068 0 0.7071068 0 0
18.7756 Head 0 1.6 7.103954 11.85001 351.5249 -5.45228E-08 0.1029444 -0.0734974 0.007627635 0.9919388
18.7756 SecondCar -7.399161 0.025 2.97 0 90 0 0 0.7071068 0 0.7071068 0 0
18.7769 Head 0 1.6 7.105627 11.85001 351.5249 -5.45228E-08 0.1029444 -0.0734974 0.007627635 0.9919388
18.7769 SecondCar -7.399161 0.025 2.97 0 90 0 0 0.7071068 0 0.7071068 0 0
18.7783 Head 0 1.6 7.107404 11.85001 351.5249 -5.45228E-08 0.1029444 -0.0734974 0.007627635 0.9919388
18.7783 SecondCar -7.399161 0.025 2.97 0 90 0 0 0.7071068 0 0.7071068 0 0
18.7796 Head 0 1.6 7.109154 11.85001 351.5249 -5.45228E-08 0.1029444 -0.0734974 0.007627635 0.9919388
18.7796 SecondCar -7.399161 0.025 2.97 0 90 0 0 0.7071068 0 0.7071068 0 0
18.7809 Head 0 1.6 7.110861 11.85001 351.5249 -5.45228E-08 0.1029444 -0.0734974 0.007627635 0.9919388
18.7809 SecondCar -7.399161 0.025 2.97 0 90 0 0 0.7071068 0 0.7071068 0 0
18.7826 Head 0 1.6 7.112621 11.85001 351.5249 -5.45228E-08 0.1029444 -0.0734974 0.007627635 0.9919388
18.7826 SecondCar -7.399161 0.025 2.97 0 90 0 0 0.7071068 0 0.7071068 0 0
18.7842 Head 0 1.6 7.114888 11.85001 351.5249 -5.45228E-08 0.1029444 -0.0734974 0.007627635 0.9919388
18.7842 SecondCar -7.399161 0.025 2.97 0 90 0 0 0.7071068 0 0.7071068 0 0
18.7859 Head 0 1.6 7.116912 11.85001 351.5249 -5.45228E-08 0.1029444 -0.0734974 0.007627635 0.9919388
18.7859 SecondCar -7.399161 0.025 2.97 0 90 0 0 0.7071068 0 0.7071068 0 0
18.7876 Head 0 1.6 7.119184 11.85001 351.5249 -5.45228E-08 0.1029444 -0.0734974 0.007627635 0.9919388
18.7876 SecondCar -7.399161 0.025 2.97 0 90 0 0 0.7071068 0 0.7071068 0 0
18.7893 Head 0 1.6 7.121376 11.85001 351.5249 -5.45228E-08 0.1029444 -0.0734974 0.007627635 0.9919388
18.7893 SecondCar -7.399161 0.025 2.97 0 90 0 0 0.7071068 0 0.7071068 0 0
18.7908 Head 0 1.6 7.123581 11.85001 351.5249 -5.45228E-08 0.1029444 -0.0734974 0.007627635 0.9919388
18.7908 SecondCar -7.399161 0.025 2.97 0 90 0 0 0.7071068 0 0.7071068 0 0
18.7925 Head 0 1.6 7.125622 11.85001 351.5249 -5.45228E-08 0.1029444 -0.0734974 0.007627635 0.9919388
18.7925 SecondCar -7.399161 0.025 2.97 0 90 0 0 0.7071068 0 0.7071068 0 0
18.7938 Head 0 1.6 7.127765 11.85001 351.5249 -5.45228E-08 0.1029444 -0.0734974 0.007627635 0.9919388
18.7938 SecondCar -7.399161 0.025 2.97 0 90 0 0 0.7071068 0 0.7071068 0 0
18.7952 Head 0 1.6 7.129561 11.85001 351.5249 -5.45228E-08 0.1029444 -0.0734974 0.007627635 0.9919388
18.7952 SecondCar -7.399161 0.025 2.97 0 90 0 0 0.7071068 0 0.7071068 0 0
18.7965 Head 0 1.6 7.131273 11.85001 351.5249 -5.45228E-08 0.1029444 -0.0734974 0.007627635 0.9919388
18.7965 SecondCar -7.399161 0.025 2.97 0 90 0 0 0.7071068 0 0.7071068 0 0
18.7979 Head 0 1.6 7.13301 11.85001 351.5249 -5.45228E-08 0.1029444 -0.0734974 0.007627635 0.9919388
18.7979 SecondCar -7.399161 0.025 2.97 0 90 0 0 0.7071068 0 0.7071068 0 0
18.7993 Head 0 1.6 7.134878 11.85001 351.5249 -5.45228E-08 0.1029444 -0.0734974 0.007627635 0.9919388
18.7993 SecondCar -7.399161 0.025 2.97 0 90 0 0 0.7071068 0 0.7071068 0 0
18.8006 Head 0 1.6 7.136689 11.85001 351.5249 -5.45228E-08 0.1029444 -0.0734974 0.007627635 0.9919388
18.8006 SecondCar -7.399161 0.025 2.97 0 90 0 0 0.7071068 0 0.7071068 0 0
18.8020 Head 0 1.6 7.138456 11.85001 351.5249 -5.45228E-08 0.1029444 -0.0734974 0.007627635 0.9919388
18.8020 SecondCar -7.399161 0.025 2.97 0 90 0 0 0.7071068 0 0.7071068 0 0
18.8034 Head 0 1.6 7.1403 11.85001 351.5249 -5.45228E-08 0.1029444 -0.0734974 0.007627635 0.9919388
18.8034 SecondCar -7.399161 0.025 2.97 0 90 0 0 0.7071068 0 0.7071068 0 0
18.8047 Head 0 1.6 7.142077 11.85001 351.5249 -5.45228E-08 0.1029444 -0.0734974 0.007627635 0.9919388
18.8047 SecondCar -7.399161 0.025 2.97 0 90 0 0 0.7071068 0 0.7071068 0 0
18.8061 Head 0 1.6 7.14381 11.85001 351.5249 -5.45228E-08 0.1029444 -0.0734974 0.007627635 0.9919388
18.8061 SecondCar -7.399161 0.025 2.97 0 90 0 0 0.7071068 0 0.7071068 0 0
18.8076 Head 0 1.6 7.145669 11.85001 351.5249 -5.45228E-08 0.1029444 -0.0734974 0.007627635 0.9919388
18.8076 SecondCar -7.399161 0.025 2.97 0 90 0 0 0.7071068 0 0.7071068 0 0
18.8090 Head 0 1.6 7.147572 11.85001 351.5249 -5.45228E-08 0.1029444 -0.0734974 0.007627635 0.9919388
18.8090 SecondCar -7.399161 0.025 2.97 0 90 0 0 0.7071068 0 0.7071068 0 0
18.8105 Head 0 1.6 7.14945 11.85001 351.5249 -5.45228E-08 0.1029444 -0.0734974 0.007627635 0.9919388
18.8105 SecondCar -7.399161 0.025 2.97 0 90 0 0 0.7071068 0 0.7071068 0 0
18.8121 Head 0 1.6 7.15133 11.85001 351.5249 -5.45228E-08 0.1029444 -0.0734974 0.007627635 0.9919388
18.8121 SecondCar -7.399161 0.025 2.97 0 90 0 0 0.7071068 0 0.7071068 0 0
18.8141 Head 0 1.6 7.153474 11.85001 351.5249 -5.45228E-08 0.1029444 -0.0734974 0.007627635 0.9919388
18.8141 SecondCar -7.399161 0.025 2.97 0 90 0 0 0.7071068 0 0.7071068 0 0
18.8156 Head 0 1.6 7.156108 11.85001 351.5249 -5.45228E-08 0.1029444 -0.0734974 0.007627635 0.9919388
18.8156 SecondCar -7.399161 0.025 2.97 0 90 0 0 0.7071068 0 0.7071068 0 0
18.8172 Head 0 1.6 7.158113 11.85001 351.5249 -5.45228E-08 0.1029444 -0.0734974 0.007627635 0.9919388
18.8172 SecondCar -7.399161 0.025 2.97 0 90 0 0 0.7071068 0 0.7071068 0 0
18.8189 Head 0 1.6 7.160197 11.85001 351.5249 -5.45228E-08 0.1029444 -0.0734974 0.007627635 0.9919388
18.8189 SecondCar -7.399161 0.025 2.97 0 90 0 0 0.7071068 0 0.7071068 0 0
18.8205 Head 0 1.6 7.162355 11.85001 351.5249 -5.45228E-08 0.1029444 -0.0734974 0.007627635 0.9919388
18.8205 SecondCar -7.399161 0.025 2.97 0 90 0 0 0.7071068 0 0.7071068 0 0
18.8224 Head 0 1.6 7.164478 11.85001 351.5249 -5.45228E-08 0.1029444 -0.0734974 0.007627635 0.9919388
18.8224 SecondCar -7.399161 0.025 2.97 0 90 0 0 0.7071068 0 0.7071068 0 0
18.8239 Head 0 1.6 7.166922 11.85001 351.5249 -5.45228E-08 0.1029444 -0.0734974 0.007627635 0.9919388
18.8239 SecondCar -7.399161 0.025 2.97 0 90 0 0 0.7071068 0 0.7071068 0 0
18.8252 Head 0 1.6 7.16896 11.85001 351.5249 -5.45228E-08 0.1029444 -0.0734974 0.007627635 0.9919388
18.8252 SecondCar -7.399161 0.025 2.97 0 90 0 0 0.7071068 0 0.7071068 0 0
18.8266 Head 0 1.6 7.170657 11.85001 351.5249 -5.45228E-08 0.1029444 -0.0734974 0.007627635 0.9919388
18.8266 SecondCar -7.399161 0.025 2.97 0 90 0 0 0.7071068 0 0.7071068 0 0
18.8279 Head 0 1.6 7.17248 11.85001 351.5249 -5.45228E-08 0.1029444 -0.0734974 0.007627635 0.9919388
18.8279 SecondCar -7.399161 0.025 2.97 0 90 0 0 0.7071068 0 0.7071068 0 0
18.8293 Head 0 1.6 7.174134 11.85001 351.5249 -5.45228E-08 0.1029444 -0.0734974 0.007627635 0.9919388
18.8293 SecondCar -7.399161 0.025 2.97 0 90 0 0 0.7071068 0 0.7071068 0 0
18.8306 Head 0 1.6 7.175952 11.85001 351.5249 -5.45228E-08 0.1029444 -0.0734974 0.007627635 0.9919388
18.8306 SecondCar -7.399161 0.025 2.97 0 90 0 0 0.7071068 0 0.7071068 0 0
18.8321 Head 0 1.6 7.177677 11.85001 351.5249 -5.45228E-08 0.1029444 -0.0734974 0.007627635 0.9919388
18.8321 SecondCar -7.399161 0.025 2.97 0 90 0 0 0.7071068 0 0.7071068 0 0
18.8335 Head 0 1.6 7.179687 11.85001 351.5249 -5.45228E-08 0.1029444 -0.0734974 0.007627635 0.9919388
18.8335 SecondCar -7.399161 0.025 2.97 0 90 0 0 0.7071068 0 0.7071068 0 0
18.8349 Head 0 1.6 7.18154 11.85001 351.5249 -5.45228E-08 0.1029444 -0.0734974 0.007627635 0.9919388
18.8349 SecondCar -7.399161 0.025 2.97 0 90 0 0 0.7071068 0 0.7071068 0 0
18.8363 Head 0 1.6 7.183353 11.85001 351.5249 -5.45228E-08 0.1029444 -0.0734974 0.007627635 0.9919388
18.8363 SecondCar -7.399161 0.025 2.97 0 90 0 0 0.7071068 0 0.7071068 0 0
18.8375 Head 0 1.6 7.185121 11.85001 351.5249 -5.45228E-08 0.1029444 -0.0734974 0.007627635 0.9919388
18.8375 SecondCar -7.399161 0.025 2.97 0 90 0 0 0.7071068 0 0.7071068 0 0
18.8389 Head 0 1.6 7.186788 11.85001 351.5249 -5.45228E-08 0.1029444 -0.0734974 0.007627635 0.9919388
18.8389 SecondCar -7.399161 0.025 2.97 0 90 0 0 0.7071068 0 0.7071068 0 0
18.8403 Head 0 1.6 7.188582 11.85001 351.5249 -5.45228E-08 0.1029444 -0.0734974 0.007627635 0.9919388
18.8403 SecondCar -7.399161 0.025 2.97 0 90 0 0 0.7071068 0 0.7071068 0 0
18.8416 Head 0 1.6 7.190419 11.85001 351.5249 -5.45228E-08 0.1029444 -0.0734974 0.007627635 0.9919388
18.8416 SecondCar -7.399161 0.025 2.97 0 90 0 0 0.7071068 0 0.7071068 0 0
18.8429 Head 0 1.6 7.192123 11.85001 351.5249 -5.45228E-08 0.1029444 -0.0734974 0.007627635 0.9919388
18.8429 SecondCar -7.399161 0.025 2.97 0 90 0 0 0.7071068 0 0.7071068 0 0
18.8450 Head 0 1.6 7.193853 11.85001 351.5249 -5.45228E-08 0.1029444 -0.0734974 0.007627635 0.9919388
18.8450 SecondCar -7.399161 0.025 2.97 0 90 0 0 0.7071068 0 0.7071068 0 0
18.8465 Head 0 1.6 7.196538 11.85001 351.5249 -5.45228E-08 0.1029444 -0.0734974 0.007627635 0.9919388
18.8465 SecondCar -7.399161 0.025 2.97 0 90 0 0 0.7071068 0 0.7071068 0 0
18.8480 Head 0 1.6 7.198558 11.85001 351.5249 -5.45228E-08 0.1029444 -0.0734974 0.007627635 0.9919388
18.8480 SecondCar -7.399161 0.025 2.97 0 90 0 0 0.7071068 0 0.7071068 0 0
18.8494 Other Head Road_Exit
18.8494 Head 0 1.6 7.200448 11.85001 351.5249 -5.45228E-08 0.1029444 -0.0734974 0.007627635 0.9919388
18.8494 SecondCar -7.399161 0.025 2.97 0 90 0 0 0.7071068 0 0.7071068 0 0
18.8509 Head 0 1.6 7.202393 11.85001 351.5249 -5.45228E-08 0.1029444 -0.0734974 0.007627635 0.9919388
18.8509 SecondCar -7.399161 0.025 2.97 0 90 0 0 0.7071068 0 0.7071068 0 0
18.8534 Head 0 1.6 7.204354 11.85001 351.5249 -5.45228E-08 0.1029444 -0.0734974 0.007627635 0.9919388
18.8534 SecondCar -7.399161 0.025 2.97 0 90 0 0 0.7071068 0 0.7071068 0 0
18.8548 Head 0 1.6 7.207568 11.85001 351.5249 -5.45228E-08 0.1029444 -0.0734974 0.007627635 0.9919388
18.8548 SecondCar -7.399161 0.025 2.97 0 90 0 0 0.7071068 0 0.7071068 0 0
18.8562 Head 0 1.6 7.209447 11.85001 351.5249 -5.45228E-08 0.1029444 -0.0734974 0.007627635 0.9919388
18.8562 SecondCar -7.399161 0.025 2.97 0 90 0 0 0.7071068 0 0.7071068 0 0
18.8575 Head 0 1.6 7.211211 11.85001 351.5249 -5.45228E-08 0.1029444 -0.0734974 0.007627635 0.9919388
18.8575 SecondCar -7.399161 0.025 2.97 0 90 0 0 0.7071068 0 0.7071068 0 0
18.8589 Head 0 1.6 7.212995 11.85001 351.5249 -5.45228E-08 0.1029444 -0.0734974 0.007627635 0.9919388
18.8589 SecondCar -7.399161 0.025 2.97 0 90 0 0 0.7071068 0 0.7071068 0 0
18.8601 Head 0 1.6 7.214747 11.85001 351.5249 -5.45228E-08 0.1029444 -0.0734974 0.007627635 0.9919388
18.8601 SecondCar -7.399161 0.025 2.97 0 90 0 0 0.7071068 0 0.7071068 0 0
18.8614 Head 0 1.6 7.216408 11.85001 351.5249 -5.45228E-08 0.1029444 -0.0734974 0.007627635 0.9919388
18.8614 SecondCar -7.399161 0.025 2.97 0 90 0 0 0.7071068 0 0.7071068 0 0
18.8627 Head 0 1.6 7.218064 11.85001 351.5249 -5.45228E-08 0.1029444 -0.0734974 0.007627635 0.9919388
18.8627 SecondCar -7.399161 0.025 2.97 0 90 0 0 0.7071068 0 0.7071068 0 0
18.8639 Head 0 1.6 7.219719 11.85001 351.5249 -5.45228E-08 0.1029444 -0.0734974 0.007627635 0.9919388
18.8639 SecondCar -7.399161 0.025 2.97 0 90 0 0 0.7071068 0 0.7071068 0 0
18.8652 Head 0 1.6 7.221384 11.85001 351.5249 -5.45228E-08 0.1029444 -0.0734974 0.007627635 0.9919388
18.8652 SecondCar -7.399161 0.025 2.97 0 90 0 0 0.7071068 0 0.7071068 0 0
18.8665 Head 0 1.6 7.223032 11.85001 351.5249 -5.45228E-08 0.1029444 -0.0734974 0.007627635 0.9919388
18.8665 SecondCar -7.399161 0.025 2.97 0 90 0 0 0.7071068 0 0.7071068 0 0
18.8679 Head 0 1.6 7.224712 11.85001 351.5249 -5.45228E-08 0.1029444 -0.0734974 0.007627635 0.9919388
18.8679 SecondCar -7.399161 0.025 2.97 0 90 0 0 0.7071068 0 0.7071068 0 0
18.8694 Head 0 1.6 7.226608 11.85001 351.5249 -5.45228E-08 0.1029444 -0.0734974 0.007627635 0.9919388
18.8694 SecondCar -7.399161 0.025 2.97 0 90 0 0 0.7071068 0 0.7071068 0 0
18.8708 Head 0 1.6 7.228512 11.85001 351.5249 -5.45228E-08 0.1029444 -0.0734974 0.007627635 0.9919388
18.8708 SecondCar -7.399161 0.025 2.97 0 90 0 0 0.7071068 0 0.7071068 0 0
18.8726 Head 0 1.6 7.230356 11.85001 351.5249 -5.45228E-08 0.1029444 -0.0734974 0.007627635 0.9919388
18.8726 SecondCar -7.399161 0.025 2.97 0 90 0 0 0.7071068 0 0.7071068 0 0
18.8741 Head 0 1.6 7.232761 11.85001 351.5249 -5.45228E-08 0.1029444 -0.0734974 0.007627635 0.9919388
18.8741 SecondCar -7.399161 0.025 2.97 0 90 0 0 0.7071068 0 0.7071068 0 0
18.8758 Head 0 1.6 7.234714 11.85001 351.5249 -5.45228E-08 0.1029444 -0.0734974 0.007627635 0.9919388
18.8758 SecondCar -7.399161 0.025 2.97 0 90 0 0 0.7071068 0 0.7071068 0 0
18.8780 Head 0 1.6 7.236938 11.85001 351.5249 -5.45228E-08 0.1029444 -0.0734974 0.007627635 0.9919388
18.8780 SecondCar -7.399161 0.025 2.97 0 90 0 0 0.7071068 0 0.7071068 0 0
18.8797 Head 0 1.6 7.239829 11.85001 351.5249 -5.45228E-08 0.1029444 -0.0734974 0.007627635 0.9919388
18.8797 SecondCar -7.399161 0.025 2.97 0 90 0 0 0.7071068 0 0.7071068 0 0
18.8812 Head 0 1.6 7.242078 11.85001 351.5249 -5.45228E-08 0.1029444 -0.0734974 0.007627635 0.9919388
18.8812 SecondCar -7.399161 0.025 2.97 0 90 0 0 0.7071068 0 0.7071068 0 0
18.8828 Head 0 1.6 7.243994 11.85001 351.5249 -5.45228E-08 0.1029444 -0.0734974 0.007627635 0.9919388
18.8828 SecondCar -7.399161 0.025 2.97 0 90 0 0 0.7071068 0 0.7071068 0 0
18.8849 Head 0 1.6 7.246068 11.85001 351.5249 -5.45228E-08 0.1029444 -0.0734974 0.007627635 0.9919388
18.8849 SecondCar -7.399161 0.025 2.97 0 90 0 0 0.7071068 0 0.7071068 0 0
18.8866 Head 0 1.6 7.24889 11.85001 351.5249 -5.45228E-08 0.1029444 -0.0734974 0.007627635 0.9919388
18.8866 SecondCar -7.399161 0.025 2.97 0 90 0 0 0.7071068 0 0.7071068 0 0
18.8885 Head 0 1.6 7.251133 11.85001 351.5249 -5.45228E-08 0.1029444 -0.0734974 0.007627635 0.9919388
18.8885 SecondCar -7.399161 0.025 2.97 0 90 0 0 0.7071068 0 0.7071068 0 0
18.8904 Head 0 1.6 7.253574 11.85001 351.5249 -5.45228E-08 0.1029444 -0.0734974 0.007627635 0.9919388
18.8904 SecondCar -7.399161 0.025 2.97 0 90 0 0 0.7071068 0 0.7071068 0 0
18.8920 Head 0 1.6 7.256001 11.85001 351.5249 -5.45228E-08 0.1029444 -0.0734974 0.007627635 0.9919388
18.8920 SecondCar -7.399161 0.025 2.97 0 90 0 0 0.7071068 0 0.7071068 0 0
18.8934 Head 0 1.6 7.25815 11.85001 351.5249 -5.45228E-08 0.1029444 -0.0734974 0.007627635 0.9919388
18.8934 SecondCar -7.399161 0.025 2.97 0 90 0 0 0.7071068 0 0.7071068 0 0
18.8947 Head 0 1.6 7.259972 11.85001 351.5249 -5.45228E-08 0.1029444 -0.0734974 0.007627635 0.9919388
18.8947 SecondCar -7.399161 0.025 2.97 0 90 0 0 0.7071068 0 0.7071068 0 0
18.8961 Head 0 1.6 7.261663 11.85001 351.5249 -5.45228E-08 0.1029444 -0.0734974 0.007627635 0.9919388
18.8961 SecondCar -7.399161 0.025 2.97 0 90 0 0 0.7071068 0 0.7071068 0 0
18.8973 Head 0 1.6 7.263462 11.85001 351.5249 -5.45228E-08 0.1029444 -0.0734974 0.007627635 0.9919388
18.8973 SecondCar -7.399161 0.025 2.97 0 90 0 0 0.7071068 0 0.7071068 0 0
18.8987 Head 0 1.6 7.265121 11.85001 351.5249 -5.45228E-08 0.1029444 -0.0734974 0.007627635 0.9919388
18.8987 SecondCar -7.399161 0.025 2.97 0 90 0 0 0.7071068 0 0.7071068 0 0
18.9001 Head 0 1.6 7.266935 11.85001 351.5249 -5.45228E-08 0.1029444 -0.0734974 0.007627635 0.9919388
18.9001 SecondCar -7.399161 0.025 2.97 0 90 0 0 0.7071068 0 0.7071068 0 0
18.9015 Head 0 1.6 7.26873 11.85001 351.5249 -5.45228E-08 0.1029444 -0.0734974 0.007627635 0.9919388
18.9015 SecondCar -7.399161 0.025 2.97 0 90 0 0 0.7071068 0 0.7071068 0 0
18.9028 Head 0 1.6 7.270565 11.85001 351.5249 -5.45228E-08 0.1029444 -0.0734974 0.007627635 0.9919388
18.9028 SecondCar -7.399161 0.025 2.97 0 90 0 0 0.7071068 0 0.7071068 0 0
18.9041 Head 0 1.6 7.272247 11.85001 351.5249 -5.45228E-08 0.1029444 -0.0734974 0.007627635 0.9919388
18.9041 SecondCar -7.399161 0.025 2.97 0 90 0 0 0.7071068 0 0.7071068 0 0
18.9054 Head 0 1.6 7.273988 11.85001 351.5249 -5.45228E-08 0.1029444 -0.0734974 0.007627635 0.9919388
18.9054 SecondCar -7.399161 0.025 2.97 0 90 0 0 0.7071068 0 0.7071068 0 0
18.9067 Head 0 1.6 7.275661 11.85001 351.5249 -5.45228E-08 0.1029444 -0.0734974 0.007627635 0.9919388
18.9067 SecondCar -7.399161 0.025 2.97 0 90 0 0 0.7071068 0 0.7071068 0 0
18.9085 Head 0 1.6 7.277388 11.85001 351.5249 -5.45228E-08 0.1029444 -0.0734974 0.007627635 0.9919388
18.9085 SecondCar -7.399161 0.025 2.97 0 90 0 0 0.7071068 0 0.7071068 0 0
18.9102 Head 0 1.6 7.279824 11.85001 351.5249 -5.45228E-08 0.1029444 -0.0734974 0.007627635 0.9919388
18.9102 SecondCar -7.399161 0.025 2.97 0 90 0 0 0.7071068 0 0.7071068 0 0
18.9118 Head 0 1.6 7.281962 11.85001 351.5249 -5.45228E-08 0.1029444 -0.0734974 0.007627635 0.9919388
18.9118 SecondCar -7.399161 0.025 2.97 0 90 0 0 0.7071068 0 0.7071068 0 0
18.9132 Head 0 1.6 7.284067 11.85001 351.5249 -5.45228E-08 0.1029444 -0.0734974 0.007627635 0.9919388
18.9132 SecondCar -7.399161 0.025 2.97 0 90 0 0 0.7071068 0 0.7071068 0 0
18.9147 Head 0 1.6 7.285927 11.85001 351.5249 -5.45228E-08 0.1029444 -0.0734974 0.007627635 0.9919388
18.9147 SecondCar -7.399161 0.025 2.97 0 90 0 0 0.7071068 0 0.7071068 0 0
18.9162 Head 0 1.6 7.287894 11.85001 351.5249 -5.45228E-08 0.1029444 -0.0734974 0.007627635 0.9919388
18.9162 SecondCar -7.399161 0.025 2.97 0 90 0 0 0.7071068 0 0.7071068 0 0
18.9177 Head 0 1.6 7.289836 11.85001 351.5249 -5.45228E-08 0.1029444 -0.0734974 0.007627635 0.9919388
18.9177 SecondCar -7.399161 0.025 2.97 0 90 0 0 0.7071068 0 0.7071068 0 0
18.9192 Head 0 1.6 7.291866 11.85001 351.5249 -5.45228E-08 0.1029444 -0.0734974 0.007627635 0.9919388
18.9192 SecondCar -7.399161 0.025 2.97 0 90 0 0 0.7071068 0 0.7071068 0 0
18.9205 Head 0 1.6 7.293804 11.85001 351.5249 -5.45228E-08 0.1029444 -0.0734974 0.007627635 0.9919388
18.9205 SecondCar -7.399161 0.025 2.97 0 90 0 0 0.7071068 0 0.7071068 0 0
18.9220 Head 0 1.6 7.295534 11.85001 351.5249 -5.45228E-08 0.1029444 -0.0734974 0.007627635 0.9919388
18.9220 SecondCar -7.399161 0.025 2.97 0 90 0 0 0.7071068 0 0.7071068 0 0
18.9234 Head 0 1.6 7.29751 11.85001 351.5249 -5.45228E-08 0.1029444 -0.0734974 0.007627635 0.9919388
18.9234 SecondCar -7.399161 0.025 2.97 0 90 0 0 0.7071068 0 0.7071068 0 0
18.9247 Head 0 1.6 7.299318 11.85001 351.5249 -5.45228E-08 0.1029444 -0.0734974 0.007627635 0.9919388
18.9247 SecondCar -7.399161 0.025 2.97 0 90 0 0 0.7071068 0 0.7071068 0 0
18.9260 Head 0 1.6 7.301018 11.85001 351.5249 -5.45228E-08 0.1029444 -0.0734974 0.007627635 0.9919388
18.9260 SecondCar -7.399161 0.025 2.97 0 90 0 0 0.7071068 0 0.7071068 0 0
18.9273 Head 0 1.6 7.302719 11.85001 351.5249 -5.45228E-08 0.1029444 -0.0734974 0.007627635 0.9919388
18.9273 SecondCar -7.399161 0.025 2.97 0 90 0 0 0.7071068 0 0.7071068 0 0
18.9287 Head 0 1.6 7.304366 11.85001 351.5249 -5.45228E-08 0.1029444 -0.0734974 0.007627635 0.9919388
18.9287 SecondCar -7.399161 0.025 2.97 0 90 0 0 0.7071068 0 0.7071068 0 0
18.9301 Head 0 1.6 7.306224 11.85001 351.5249 -5.45228E-08 0.1029444 -0.0734974 0.007627635 0.9919388
18.9301 SecondCar -7.399161 0.025 2.97 0 90 0 0 0.7071068 0 0.7071068 0 0
18.9314 Head 0 1.6 7.307994 11.85001 351.5249 -5.45228E-08 0.1029444 -0.0734974 0.007627635 0.9919388
18.9314 SecondCar -7.399161 0.025 2.97 0 90 0 0 0.7071068 0 0.7071068 0 0
18.9331 Head 0 1.6 7.309811 11.85001 351.5249 -5.45228E-08 0.1029444 -0.0734974 0.007627635 0.9919388
18.9331 SecondCar -7.399161 0.025 2.97 0 90 0 0 0.7071068 0 0.7071068 0 0
18.9345 Head 0 1.6 7.312042 11.85001 351.5249 -5.45228E-08 0.1029444 -0.0734974 0.007627635 0.9919388
18.9345 SecondCar -7.399161 0.025 2.97 0 90 0 0 0.7071068 0 0.7071068 0 0
18.9359 Head 0 1.6 7.313826 11.85001 351.5249 -5.45228E-08 0.1029444 -0.0734974 0.007627635 0.9919388
18.9359 SecondCar -7.399161 0.025 2.97 0 90 0 0 0.7071068 0 0.7071068 0 0
18.9372 Head 0 1.6 7.315596 11.85001 351.5249 -5.45228E-08 0.1029444 -0.0734974 0.007627635 0.9919388
18.9372 SecondCar -7.399161 0.025 2.97 0 90 0 0 0.7071068 0 0.7071068 0 0
18.9386 Head 0 1.6 7.317406 11.85001 351.5249 -5.45228E-08 0.1029444 -0.0734974 0.007627635 0.9919388
18.9386 SecondCar -7.399161 0.025 2.97 0 90 0 0 0.7071068 0 0.7071068 0 0
18.9404 Head 0 1.6 7.319187 11.85001 351.5249 -5.45228E-08 0.1029444 -0.0734974 0.007627635 0.9919388
18.9404 SecondCar -7.399161 0.025 2.97 0 90 0 0 0.7071068 0 0.7071068 0 0
18.9422 Head 0 1.6 7.321599 11.85001 351.5249 -5.45228E-08 0.1029444 -0.0734974 0.007627635 0.9919388
18.9422 SecondCar -7.399161 0.025 2.97 0 90 0 0 0.7071068 0 0.7071068 0 0
18.9435 Head 0 1.6 7.323847 11.85001 351.5249 -5.45228E-08 0.1029444 -0.0734974 0.007627635 0.9919388
18.9435 SecondCar -7.399161 0.025 2.97 0 90 0 0 0.7071068 0 0.7071068 0 0
18.9449 Head 0 1.6 7.325662 11.85001 351.5249 -5.45228E-08 0.1029444 -0.0734974 0.007627635 0.9919388
18.9449 SecondCar -7.399161 0.025 2.97 0 90 0 0 0.7071068 0 0.7071068 0 0
18.9465 Head 0 1.6 7.327458 11.85001 351.5249 -5.45228E-08 0.1029444 -0.0734974 0.007627635 0.9919388
18.9465 SecondCar -7.399161 0.025 2.97 0 90 0 0 0.7071068 0 0.7071068 0 0
18.9485 Head 0 1.6 7.329599 11.85001 351.5249 -5.45228E-08 0.1029444 -0.0734974 0.007627635 0.9919388
18.9485 SecondCar -7.399161 0.025 2.97 0 90 0 0 0.7071068 0 0.7071068 0 0
18.9504 Head 0 1.6 7.332214 11.85001 351.5249 -5.45228E-08 0.1029444 -0.0734974 0.007627635 0.9919388
18.9504 SecondCar -7.399161 0.025 2.97 0 90 0 0 0.7071068 0 0.7071068 0 0
18.9523 Head 0 1.6 7.334619 11.85001 351.5249 -5.45228E-08 0.1029444 -0.0734974 0.007627635 0.9919388
18.9523 SecondCar -7.399161 0.025 2.97 0 90 0 0 0.7071068 0 0.7071068 0 0
18.9538 Head 0 1.6 7.33712 11.85001 351.5249 -5.45228E-08 0.1029444 -0.0734974 0.007627635 0.9919388
18.9538 SecondCar -7.399161 0.025 2.97 0 90 0 0 0.7071068 0 0.7071068 0 0
18.9552 Head 0 1.6 7.339074 11.85001 351.5249 -5.45228E-08 0.1029444 -0.0734974 0.007627635 0.9919388
18.9552 SecondCar -7.399161 0.025 2.97 0 90 0 0 0.7071068 0 0.7071068 0 0
18.9566 Head 0 1.6 7.340927 11.85001 351.5249 -5.45228E-08 0.1029444 -0.0734974 0.007627635 0.9919388
18.9566 SecondCar -7.399161 0.025 2.97 0 90 0 0 0.7071068 0 0.7071068 0 0
18.9581 Head 0 1.6 7.342842 11.85001 351.5249 -5.45228E-08 0.1029444 -0.0734974 0.007627635 0.9919388
18.9581 SecondCar -7.399161 0.025 2.97 0 90 0 0 0.7071068 0 0.7071068 0 0
18.9595 Head 0 1.6 7.344692 11.85001 351.5249 -5.45228E-08 0.1029444 -0.0734974 0.007627635 0.9919388
18.9595 SecondCar -7.399161 0.025 2.97 0 90 0 0 0.7071068 0 0.7071068 0 0
18.9608 Head 0 1.6 7.346549 11.85001 351.5249 -5.45228E-08 0.1029444 -0.0734974 0.007627635 0.9919388
18.9608 SecondCar -7.399161 0.025 2.97 0 90 0 0 0.7071068 0 0.7071068 0 0
18.9622 Head 0 1.6 7.348298 11.85001 351.5249 -5.45228E-08 0.1029444 -0.0734974 0.007627635 0.9919388
18.9622 SecondCar -7.399161 0.025 2.97 0 90 0 0 0.7071068 0 0.7071068 0 0
18.9635 Head 0 1.6 7.350076 11.85001 351.5249 -5.45228E-08 0.1029444 -0.0734974 0.007627635 0.9919388
18.9635 SecondCar -7.399161 0.025 2.97 0 90 0 0 0.7071068 0 0.7071068 0 0
18.9648 Head 0 1.6 7.351819 11.85001 351.5249 -5.45228E-08 0.1029444 -0.0734974 0.007627635 0.9919388
18.9648 SecondCar -7.399161 0.025 2.97 0 90 0 0 0.7071068 0 0.7071068 0 0
18.9661 Head 0 1.6 7.353531 11.85001 351.5249 -5.45228E-08 0.1029444 -0.0734974 0.007627635 0.9919388
18.9661 SecondCar -7.399161 0.025 2.97 0 90 0 0 0.7071068 0 0.7071068 0 0
18.9675 Head 0 1.6 7.355221 11.85001 351.5249 -5.45228E-08 0.1029444 -0.0734974 0.007627635 0.9919388
18.9675 SecondCar -7.399161 0.025 2.97 0 90 0 0 0.7071068 0 0.7071068 0 0
18.9689 Head 0 1.6 7.357097 11.85001 351.5249 -5.45228E-08 0.1029444 -0.0734974 0.007627635 0.9919388
18.9689 SecondCar -7.399161 0.025 2.97 0 90 0 0 0.7071068 0 0.7071068 0 0
18.9703 Head 0 1.6 7.358907 11.85001 351.5249 -5.45228E-08 0.1029444 -0.0734974 0.007627635 0.9919388
18.9703 SecondCar -7.399161 0.025 2.97 0 90 0 0 0.7071068 0 0.7071068 0 0
18.9722 Head 0 1.6 7.360666 11.85001 351.5249 -5.45228E-08 0.1029444 -0.0734974 0.007627635 0.9919388
18.9722 SecondCar -7.399161 0.025 2.97 0 90 0 0 0.7071068 0 0.7071068 0 0
18.9736 Head 0 1.6 7.363153 11.85001 351.5249 -5.45228E-08 0.1029444 -0.0734974 0.007627635 0.9919388
18.9736 SecondCar -7.399161 0.025 2.97 0 90 0 0 0.7071068 0 0.7071068 0 0
18.9749 Head 0 1.6 7.365057 11.85001 351.5249 -5.45228E-08 0.1029444 -0.0734974 0.007627635 0.9919388
18.9749 SecondCar -7.399161 0.025 2.97 0 90 0 0 0.7071068 0 0.7071068 0 0
18.9763 Head 0 1.6 7.366796 11.85001 351.5249 -5.45228E-08 0.1029444 -0.0734974 0.007627635 0.9919388
18.9763 SecondCar -7.399161 0.025 2.97 0 90 0 0 0.7071068 0 0.7071068 0 0
18.9778 Head 0 1.6 7.368617 11.85001 351.5249 -5.45228E-08 0.1029444 -0.0734974 0.007627635 0.9919388
18.9778 SecondCar -7.399161 0.025 2.97 0 90 0 0 0.7071068 0 0.7071068 0 0
18.9794 Head 0 1.6 7.370504 11.85001 351.5249 -5.45228E-08 0.1029444 -0.0734974 0.007627635 0.9919388
18.9794 SecondCar -7.399161 0.025 2.97 0 90 0 0 0.7071068 0 0.7071068 0 0
18.9809 Head 0 1.6 7.372605 11.85001 351.5249 -5.45228E-08 0.1029444 -0.0734974 0.007627635 0.9919388
18.9809 SecondCar -7.399161 0.025 2.97 0 90 0 0 0.7071068 0 0.7071068 0 0
18.9823 Head 0 1.6 7.37457 11.85001 351.5249 -5.45228E-08 0.1029444 -0.0734974 0.007627635 0.9919388
18.9823 SecondCar -7.399161 0.025 2.97 0 90 0 0 0.7071068 0 0.7071068 0 0
18.9838 Head 0 1.6 7.376501 11.85001 351.5249 -5.45228E-08 0.1029444 -0.0734974 0.007627635 0.9919388
18.9838 SecondCar -7.399161 0.025 2.97 0 90 0 0 0.7071068 0 0.7071068 0 0
18.9852 Head 0 1.6 7.378418 11.85001 351.5249 -5.45228E-08 0.1029444 -0.0734974 0.007627635 0.9919388
18.9852 SecondCar -7.399161 0.025 2.97 0 90 0 0 0.7071068 0 0.7071068 0 0
18.9865 Head 0 1.6 7.380208 11.85001 351.5249 -5.45228E-08 0.1029444 -0.0734974 0.007627635 0.9919388
18.9865 SecondCar -7.399161 0.025 2.97 0 90 0 0 0.7071068 0 0.7071068 0 0
18.9880 Head 0 1.6 7.38197 11.85001 351.5249 -5.45228E-08 0.1029444 -0.0734974 0.007627635 0.9919388
18.9880 SecondCar -7.399161 0.025 2.97 0 90 0 0 0.7071068 0 0.7071068 0 0
18.9893 Head 0 1.6 7.383858 11.85001 351.5249 -5.45228E-08 0.1029444 -0.0734974 0.007627635 0.9919388
18.9893 SecondCar -7.399161 0.025 2.97 0 90 0 0 0.7071068 0 0.7071068 0 0
18.9907 Head 0 1.6 7.385654 11.85001 351.5249 -5.45228E-08 0.1029444 -0.0734974 0.007627635 0.9919388
18.9907 SecondCar -7.399161 0.025 2.97 0 90 0 0 0.7071068 0 0.7071068 0 0
18.9923 Head 0 1.6 7.387506 11.85001 351.5249 -5.45228E-08 0.1029444 -0.0734974 0.007627635 0.9919388
18.9923 SecondCar -7.399161 0.025 2.97 0 90 0 0 0.7071068 0 0.7071068 0 0
18.9937 Head 0 1.6 7.389496 11.85001 351.5249 -5.45228E-08 0.1029444 -0.0734974 0.007627635 0.9919388
18.9937 SecondCar -7.399161 0.025 2.97 0 90 0 0 0.7071068 0 0.7071068 0 0
18.9950 Head 0 1.6 7.391341 11.85001 351.5249 -5.45228E-08 0.1029444 -0.0734974 0.007627635 0.9919388
18.9950 SecondCar -7.399161 0.025 2.97 0 90 0 0 0.7071068 0 0.7071068 0 0
18.9964 Head 0 1.6 7.393124 11.85001 351.5249 -5.45228E-08 0.1029444 -0.0734974 0.007627635 0.9919388
18.9964 SecondCar -7.399161 0.025 2.97 0 90 0 0 0.7071068 0 0.7071068 0 0
18.9976 Head 0 1.6 7.394856 11.85001 351.5249 -5.45228E-08 0.1029444 -0.0734974 0.007627635 0.9919388
18.9976 SecondCar -7.399161 0.025 2.97 0 90 0 0 0.7071068 0 0.7071068 0 0
18.9990 Head 0 1.6 7.396511 11.85001 351.5249 -5.45228E-08 0.1029444 -0.0734974 0.007627635 0.9919388
18.9990 SecondCar -7.399161 0.025 2.97 0 90 0 0 0.7071068 0 0.7071068 0 0
19.0003 Head 0 1.6 7.398287 11.85001 351.5249 -5.45228E-08 0.1029444 -0.0734974 0.007627635 0.9919388
19.0003 SecondCar -7.399161 0.025 2.97 0 90 0 0 0.7071068 0 0.7071068 0 0
19.0016 Head 0 1.6 7.399981 11.85001 351.5249 -5.45228E-08 0.1029444 -0.0734974 0.007627635 0.9919388
19.0016 SecondCar -7.399161 0.025 2.97 0 90 0 0 0.7071068 0 0.7071068 0 0
19.0034 Head 0 1.6 7.401737 11.85001 351.5249 -5.45228E-08 0.1029444 -0.0734974 0.007627635 0.9919388
19.0034 SecondCar -7.399161 0.025 2.97 0 90 0 0 0.7071068 0 0.7071068 0 0
19.0050 Head 0 1.6 7.404136 11.85001 351.5249 -5.45228E-08 0.1029444 -0.0734974 0.007627635 0.9919388
19.0050 SecondCar -7.399161 0.025 2.97 0 90 0 0 0.7071068 0 0.7071068 0 0
19.0065 Head 0 1.6 7.406206 11.85001 351.5249 -5.45228E-08 0.1029444 -0.0734974 0.007627635 0.9919388
19.0065 SecondCar -7.399161 0.025 2.97 0 90 0 0 0.7071068 0 0.7071068 0 0
19.0081 Head 0 1.6 7.408121 11.85001 351.5249 -5.45228E-08 0.1029444 -0.0734974 0.007627635 0.9919388
19.0081 SecondCar -7.399161 0.025 2.97 0 90 0 0 0.7071068 0 0.7071068 0 0
19.0103 Head 0 1.6 7.410281 11.85001 351.5249 -5.45228E-08 0.1029444 -0.0734974 0.007627635 0.9919388
19.0103 SecondCar -7.399161 0.025 2.97 0 90 0 0 0.7071068 0 0.7071068 0 0
19.0125 Head 0 1.6 7.413189 11.85001 351.5249 -5.45228E-08 0.1029444 -0.0734974 0.007627635 0.9919388
19.0125 SecondCar -7.399161 0.025 2.97 0 90 0 0 0.7071068 0 0.7071068 0 0
19.0141 Head 0 1.6 7.416021 11.85001 351.5249 -5.45228E-08 0.1029444 -0.0734974 0.007627635 0.9919388
19.0141 SecondCar -7.399161 0.025 2.97 0 90 0 0 0.7071068 0 0.7071068 0 0
19.0158 Head 0 1.6 7.418169 11.85001 351.5249 -5.45228E-08 0.1029444 -0.0734974 0.007627635 0.9919388
19.0158 SecondCar -7.399161 0.025 2.97 0 90 0 0 0.7071068 0 0.7071068 0 0
19.0177 Head 0 1.6 7.42031 11.85001 351.5249 -5.45228E-08 0.1029444 -0.0734974 0.007627635 0.9919388
19.0177 SecondCar -7.399161 0.025 2.97 0 90 0 0 0.7071068 0 0.7071068 0 0
19.0193 Head 0 1.6 7.422781 11.85001 351.5249 -5.45228E-08 0.1029444 -0.0734974 0.007627635 0.9919388
19.0193 SecondCar -7.399161 0.025 2.97 0 90 0 0 0.7071068 0 0.7071068 0 0
19.0208 Head 0 1.6 7.42489 11.85001 351.5249 -5.45228E-08 0.1029444 -0.0734974 0.007627635 0.9919388
19.0208 SecondCar -7.399161 0.025 2.97 0 90 0 0 0.7071068 0 0.7071068 0 0
19.0222 Head 0 1.6 7.426871 11.85001 351.5249 -5.45228E-08 0.1029444 -0.0734974 0.007627635 0.9919388
19.0222 SecondCar -7.399161 0.025 2.97 0 90 0 0 0.7071068 0 0.7071068 0 0
19.0236 Head 0 1.6 7.428708 11.85001 351.5249 -5.45228E-08 0.1029444 -0.0734974 0.007627635 0.9919388
19.0236 SecondCar -7.399161 0.025 2.97 0 90 0 0 0.7071068 0 0.7071068 0 0
19.0250 Head 0 1.6 7.430569 11.85001 351.5249 -5.45228E-08 0.1029444 -0.0734974 0.007627635 0.9919388
19.0250 SecondCar -7.399161 0.025 2.97 0 90 0 0 0.7071068 0 0.7071068 0 0
19.0264 Head 0 1.6 7.432374 11.85001 351.5249 -5.45228E-08 0.1029444 -0.0734974 0.007627635 0.9919388
19.0264 SecondCar -7.399161 0.025 2.97 0 90 0 0 0.7071068 0 0.7071068 0 0
19.0277 Head 0 1.6 7.434161 11.85001 351.5249 -5.45228E-08 0.1029444 -0.0734974 0.007627635 0.9919388
19.0277 SecondCar -7.399161 0.025 2.97 0 90 0 0 0.7071068 0 0.7071068 0 0
19.0291 Head 0 1.6 7.435957 11.85001 351.5249 -5.45228E-08 0.1029444 -0.0734974 0.007627635 0.9919388
19.0291 SecondCar -7.399161 0.025 2.97 0 90 0 0 0.7071068 0 0.7071068 0 0
19.0305 Head 0 1.6 7.437734 11.85001 351.5249 -5.45228E-08 0.1029444 -0.0734974 0.007627635 0.9919388
19.0305 SecondCar -7.399161 0.025 2.97 0 90 0 0 0.7071068 0 0.7071068 0 0
19.0321 Head 0 1.6 7.439529 11.85001 351.5249 -5.45228E-08 0.1029444 -0.0734974 0.007627635 0.9919388
19.0321 SecondCar -7.399161 0.025 2.97 0 90 0 0 0.7071068 0 0.7071068 0 0
19.0335 Head 0 1.6 7.4417 11.85001 351.5249 -5.45228E-08 0.1029444 -0.0734974 0.007627635 0.9919388
19.0335 SecondCar -7.399161 0.025 2.97 0 90 0 0 0.7071068 0 0.7071068 0 0
19.0352 Head 0 1.6 7.443459 11.85001 351.5249 -5.45228E-08 0.1029444 -0.0734974 0.007627635 0.9919388
19.0352 SecondCar -7.399161 0.025 2.97 0 90 0 0 0.7071068 0 0.7071068 0 0
19.0366 Head 0 1.6 7.445742 11.85001 351.5249 -5.45228E-08 0.1029444 -0.0734974 0.007627635 0.9919388
19.0366 SecondCar -7.399161 0.025 2.97 0 90 0 0 0.7071068 0 0.7071068 0 0
19.0380 Head 0 1.6 7.447634 11.85001 351.5249 -5.45228E-08 0.1029444 -0.0734974 0.007627635 0.9919388
19.0380 SecondCar -7.399161 0.025 2.97 0 90 0 0 0.7071068 0 0.7071068 0 0
19.0394 Head 0 1.6 7.449399 11.85001 351.5249 -5.45228E-08 0.1029444 -0.0734974 0.007627635 0.9919388
19.0394 SecondCar -7.399161 0.025 2.97 0 90 0 0 0.7071068 0 0.7071068 0 0
19.0409 Head 0 1.6 7.451219 11.85001 351.5249 -5.45228E-08 0.1029444 -0.0734974 0.007627635 0.9919388
19.0409 SecondCar -7.399161 0.025 2.97 0 90 0 0 0.7071068 0 0.7071068 0 0
19.0424 Head 0 1.6 7.453201 11.85001 351.5249 -5.45228E-08 0.1029444 -0.0734974 0.007627635 0.9919388
19.0424 SecondCar -7.399161 0.025 2.97 0 90 0 0 0.7071068 0 0.7071068 0 0
19.0438 Head 0 1.6 7.455113 11.85001 351.5249 -5.45228E-08 0.1029444 -0.0734974 0.007627635 0.9919388
19.0438 SecondCar -7.399161 0.025 2.97 0 90 0 0 0.7071068 0 0.7071068 0 0
19.0452 Head 0 1.6 7.456948 11.85001 351.5249 -5.45228E-08 0.1029444 -0.0734974 0.007627635 0.9919388
19.0452 SecondCar -7.399161 0.025 2.97 0 90 0 0 0.7071068 0 0.7071068 0 0
19.0465 Head 0 1.6 7.458825 11.85001 351.5249 -5.45228E-08 0.1029444 -0.0734974 0.007627635 0.9919388
19.0465 SecondCar -7.399161 0.025 2.97 0 90 0 0 0.7071068 0 0.7071068 0 0
19.0479 Head 0 1.6 7.460598 11.85001 351.5249 -5.45228E-08 0.1029444 -0.0734974 0.007627635 0.9919388
19.0479 SecondCar -7.399161 0.025 2.97 0 90 0 0 0.7071068 0 0.7071068 0 0
19.0494 Head 0 1.6 7.462394 11.85001 351.5249 -5.45228E-08 0.1029444 -0.0734974 0.007627635 0.9919388
19.0494 SecondCar -7.399161 0.025 2.97 0 90 0 0 0.7071068 0 0.7071068 0 0
19.0509 Head 0 1.6 7.464293 11.85001 351.5249 -5.45228E-08 0.1029444 -0.0734974 0.007627635 0.9919388
19.0509 SecondCar -7.399161 0.025 2.97 0 90 0 0 0.7071068 0 0.7071068 0 0
19.0525 Head 0 1.6 7.466275 11.85001 351.5249 -5.45228E-08 0.1029444 -0.0734974 0.007627635 0.9919388
19.0525 SecondCar -7.399161 0.025 2.97 0 90 0 0 0.7071068 0 0.7071068 0 0
19.0539 Head 0 1.6 7.468358 11.85001 351.5249 -5.45228E-08 0.1029444 -0.0734974 0.007627635 0.9919388
19.0539 SecondCar -7.399161 0.025 2.97 0 90 0 0 0.7071068 0 0.7071068 0 0
19.0552 Head 0 1.6 7.470184 11.85001 351.5249 -5.45228E-08 0.1029444 -0.0734974 0.007627635 0.9919388
19.0552 SecondCar -7.399161 0.025 2.97 0 90 0 0 0.7071068 0 0.7071068 0 0
19.0565 Head 0 1.6 7.471935 11.85001 351.5249 -5.45228E-08 0.1029444 -0.0734974 0.007627635 0.9919388
19.0565 SecondCar -7.399161 0.025 2.97 0 90 0 0 0.7071068 0 0.7071068 0 0
19.0579 Head 0 1.6 7.47369 11.85001 351.5249 -5.45228E-08 0.1029444 -0.0734974 0.007627635 0.9919388
19.0579 SecondCar -7.399161 0.025 2.97 0 90 0 0 0.7071068 0 0.7071068 0 0
19.0592 Head 0 1.6 7.475462 11.85001 351.5249 -5.45228E-08 0.1029444 -0.0734974 0.007627635 0.9919388
19.0592 SecondCar -7.399161 0.025 2.97 0 90 0 0 0.7071068 0 0.7071068 0 0
19.0606 Head 0 1.6 7.477213 11.85001 351.5249 -5.45228E-08 0.1029444 -0.0734974 0.007627635 0.9919388
19.0606 SecondCar -7.399161 0.025 2.97 0 90 0 0 0.7071068 0 0.7071068 0 0
19.0619 Head 0 1.6 7.478977 11.85001 351.5249 -5.45228E-08 0.1029444 -0.0734974 0.007627635 0.9919388
19.0619 SecondCar -7.399161 0.025 2.97 0 90 0 0 0.7071068 0 0.7071068 0 0
19.0631 Head 0 1.6 7.480662 11.85001 351.5249 -5.45228E-08 0.1029444 -0.0734974 0.007627635 0.9919388
19.0631 SecondCar -7.399161 0.025 2.97 0 90 0 0 0.7071068 0 0.7071068 0 0
19.0644 Head 0 1.6 7.482302 11.85001 351.5249 -5.45228E-08 0.1029444 -0.0734974 0.007627635 0.9919388
19.0644 SecondCar -7.399161 0.025 2.97 0 90 0 0 0.7071068 0 0.7071068 0 0
19.0657 Head 0 1.6 7.483955 11.85001 351.5249 -5.45228E-08 0.1029444 -0.0734974 0.007627635 0.9919388
19.0657 SecondCar -7.399161 0.025 2.97 0 90 0 0 0.7071068 0 0.7071068 0 0
19.0670 Head 0 1.6 7.485679 11.85001 351.5249 -5.45228E-08 0.1029444 -0.0734974 0.007627635 0.9919388
19.0670 SecondCar -7.399161 0.025 2.97 0 90 0 0 0.7071068 0 0.7071068 0 0
19.0684 Head 0 1.6 7.487403 11.85001 351.5249 -5.45228E-08 0.1029444 -0.0734974 0.007627635 0.9919388
19.0684 SecondCar -7.399161 0.025 2.97 0 90 0 0 0.7071068 0 0.7071068 0 0
19.0698 Head 0 1.6 7.489264 11.85001 351.5249 -5.45228E-08 0.1029444 -0.0734974 0.007627635 0.9919388
19.0698 SecondCar -7.399161 0.025 2.97 0 90 0 0 0.7071068 0 0.7071068 0 0
19.0712 Head 0 1.6 7.491076 11.85001 351.5249 -5.45228E-08 0.1029444 -0.0734974 0.007627635 0.9919388
19.0712 SecondCar -7.399161 0.025 2.97 0 90 0 0 0.7071068 0 0.7071068 0 0
19.0728 Head 0 1.6 7.492895 11.85001 351.5249 -5.45228E-08 0.1029444 -0.0734974 0.007627635 0.9919388
19.0728 SecondCar -7.399161 0.025 2.97 0 90 0 0 0.7071068 0 0.7071068 0 0
19.0743 Head 0 1.6 7.494984 11.85001 351.5249 -5.45228E-08 0.1029444 -0.0734974 0.007627635 0.9919388
19.0743 SecondCar -7.399161 0.025 2.97 0 90 0 0 0.7071068 0 0.7071068 0 0
19.0756 Head 0 1.6 7.496908 11.85001 351.5249 -5.45228E-08 0.1029444 -0.0734974 0.007627635 0.9919388
19.0756 SecondCar -7.399161 0.025 2.97 0 90 0 0 0.7071068 0 0.7071068 0 0
19.0771 Head 0 1.6 7.498677 11.85001 351.5249 -5.45228E-08 0.1029444 -0.0734974 0.007627635 0.9919388
19.0771 SecondCar -7.399161 0.025 2.97 0 90 0 0 0.7071068 0 0.7071068 0 0
19.0785 Head 0 1.6 7.500576 11.85001 351.5249 -5.45228E-08 0.1029444 -0.0734974 0.007627635 0.9919388
19.0785 SecondCar -7.399161 0.025 2.97 0 90 0 0 0.7071068 0 0.7071068 0 0
19.0800 Head 0 1.6 7.502486 11.85001 351.5249 -5.45228E-08 0.1029444 -0.0734974 0.007627635 0.9919388
19.0800 SecondCar -7.399161 0.025 2.97 0 90 0 0 0.7071068 0 0.7071068 0 0
19.0814 Head 0 1.6 7.504439 11.85001 351.5249 -5.45228E-08 0.1029444 -0.0734974 0.007627635 0.9919388
19.0814 SecondCar -7.399161 0.025 2.97 0 90 0 0 0.7071068 0 0.7071068 0 0
19.0835 Head 0 1.6 7.506277 11.85001 351.5249 -5.45228E-08 0.1029444 -0.0734974 0.007627635 0.9919388
19.0835 SecondCar -7.399161 0.025 2.97 0 90 0 0 0.7071068 0 0.7071068 0 0
19.0852 Head 0 1.6 7.508979 11.85001 351.5249 -5.45228E-08 0.1029444 -0.0734974 0.007627635 0.9919388
19.0852 SecondCar -7.399161 0.025 2.97 0 90 0 0 0.7071068 0 0.7071068 0 0
19.0867 Head 0 1.6 7.511199 11.85001 351.5249 -5.45228E-08 0.1029444 -0.0734974 0.007627635 0.9919388
19.0867 SecondCar -7.399161 0.025 2.97 0 90 0 0 0.7071068 0 0.7071068 0 0
19.0882 Head 0 1.6 7.513241 11.85001 351.5249 -5.45228E-08 0.1029444 -0.0734974 0.007627635 0.9919388
19.0882 SecondCar -7.399161 0.025 2.97 0 90 0 0 0.7071068 0 0.7071068 0 0
19.0900 Head 0 1.6 7.515189 11.85001 351.5249 -5.45228E-08 0.1029444 -0.0734974 0.007627635 0.9919388
19.0900 SecondCar -7.399161 0.025 2.97 0 90 0 0 0.7071068 0 0.7071068 0 0
19.0917 Head 0 1.6 7.517525 11.85001 351.5249 -5.45228E-08 0.1029444 -0.0734974 0.007627635 0.9919388
19.0917 SecondCar -7.399161 0.025 2.97 0 90 0 0 0.7071068 0 0.7071068 0 0
19.0937 Head 0 1.6 7.519766 11.85001 351.5249 -5.45228E-08 0.1029444 -0.0734974 0.007627635 0.9919388
19.0937 SecondCar -7.399161 0.025 2.97 0 90 0 0 0.7071068 0 0.7071068 0 0
19.0953 Head 0 1.6 7.52238 11.85001 351.5249 -5.45228E-08 0.1029444 -0.0734974 0.007627635 0.9919388
19.0953 SecondCar -7.399161 0.025 2.97 0 90 0 0 0.7071068 0 0.7071068 0 0
19.0968 Head 0 1.6 7.524514 11.85001 351.5249 -5.45228E-08 0.1029444 -0.0734974 0.007627635 0.9919388
19.0968 SecondCar -7.399161 0.025 2.97 0 90 0 0 0.7071068 0 0.7071068 0 0
19.0981 Head 0 1.6 7.526408 11.85001 351.5249 -5.45228E-08 0.1029444 -0.0734974 0.007627635 0.9919388
19.0981 SecondCar -7.399161 0.025 2.97 0 90 0 0 0.7071068 0 0.7071068 0 0
19.0994 Head 0 1.6 7.528181 11.85001 351.5249 -5.45228E-08 0.1029444 -0.0734974 0.007627635 0.9919388
19.0994 SecondCar -7.399161 0.025 2.97 0 90 0 0 0.7071068 0 0.7071068 0 0
19.1008 Head 0 1.6 7.52991 11.85001 351.5249 -5.45228E-08 0.1029444 -0.0734974 0.007627635 0.9919388
19.1008 SecondCar -7.399161 0.025 2.97 0 90 0 0 0.7071068 0 0.7071068 0 0
19.1022 Head 0 1.6 7.531743 11.85001 351.5249 -5.45228E-08 0.1029444 -0.0734974 0.007627635 0.9919388
19.1022 SecondCar -7.399161 0.025 2.97 0 90 0 0 0.7071068 0 0.7071068 0 0
19.1035 Head 0 1.6 7.533558 11.85001 351.5249 -5.45228E-08 0.1029444 -0.0734974 0.007627635 0.9919388
19.1035 SecondCar -7.399161 0.025 2.97 0 90 0 0 0.7071068 0 0.7071068 0 0
19.1048 Head 0 1.6 7.535246 11.85001 351.5249 -5.45228E-08 0.1029444 -0.0734974 0.007627635 0.9919388
19.1048 SecondCar -7.399161 0.025 2.97 0 90 0 0 0.7071068 0 0.7071068 0 0
19.1061 Head 0 1.6 7.53696 11.85001 351.5249 -5.45228E-08 0.1029444 -0.0734974 0.007627635 0.9919388
19.1061 SecondCar -7.399161 0.025 2.97 0 90 0 0 0.7071068 0 0.7071068 0 0
19.1074 Head 0 1.6 7.538661 11.85001 351.5249 -5.45228E-08 0.1029444 -0.0734974 0.007627635 0.9919388
19.1074 SecondCar -7.399161 0.025 2.97 0 90 0 0 0.7071068 0 0.7071068 0 0
19.1087 Head 0 1.6 7.540295 11.85001 351.5249 -5.45228E-08 0.1029444 -0.0734974 0.007627635 0.9919388
19.1087 SecondCar -7.399161 0.025 2.97 0 90 0 0 0.7071068 0 0.7071068 0 0
19.1100 Head 0 1.6 7.542011 11.85001 351.5249 -5.45228E-08 0.1029444 -0.0734974 0.007627635 0.9919388
19.1100 SecondCar -7.399161 0.025 2.97 0 90 0 0 0.7071068 0 0.7071068 0 0
19.1113 Head 0 1.6 7.54371 11.85001 351.5249 -5.45228E-08 0.1029444 -0.0734974 0.007627635 0.9919388
19.1113 SecondCar -7.399161 0.025 2.97 0 90 0 0 0.7071068 0 0.7071068 0 0
19.1128 Head 0 1.6 7.545391 11.85001 351.5249 -5.45228E-08 0.1029444 -0.0734974 0.007627635 0.9919388
19.1128 SecondCar -7.399161 0.025 2.97 0 90 0 0 0.7071068 0 0.7071068 0 0
19.1148 Head 0 1.6 7.547399 11.85001 351.5249 -5.45228E-08 0.1029444 -0.0734974 0.007627635 0.9919388
19.1148 SecondCar -7.399161 0.025 2.97 0 90 0 0 0.7071068 0 0.7071068 0 0
19.1163 Head 0 1.6 7.550007 11.85001 351.5249 -5.45228E-08 0.1029444 -0.0734974 0.007627635 0.9919388
19.1163 SecondCar -7.399161 0.025 2.97 0 90 0 0 0.7071068 0 0.7071068 0 0
19.1176 Head 0 1.6 7.551939 11.85001 351.5249 -5.45228E-08 0.1029444 -0.0734974 0.007627635 0.9919388
19.1176 SecondCar -7.399161 0.025 2.97 0 90 0 0 0.7071068 0 0.7071068 0 0
19.1190 Head 0 1.6 7.553737 11.85001 351.5249 -5.45228E-08 0.1029444 -0.0734974 0.007627635 0.9919388
19.1190 SecondCar -7.399161 0.025 2.97 0 90 0 0 0.7071068 0 0.7071068 0 0
19.1203 Head 0 1.6 7.555508 11.85001 351.5249 -5.45228E-08 0.1029444 -0.0734974 0.007627635 0.9919388
19.1203 SecondCar -7.399161 0.025 2.97 0 90 0 0 0.7071068 0 0.7071068 0 0
19.1217 Head 0 1.6 7.557254 11.85001 351.5249 -5.45228E-08 0.1029444 -0.0734974 0.007627635 0.9919388
19.1217 SecondCar -7.399161 0.025 2.97 0 90 0 0 0.7071068 0 0.7071068 0 0
19.1231 Head 0 1.6 7.559021 11.85001 351.5249 -5.45228E-08 0.1029444 -0.0734974 0.007627635 0.9919388
19.1231 SecondCar -7.399161 0.025 2.97 0 90 0 0 0.7071068 0 0.7071068 0 0
19.1245 Head 0 1.6 7.560843 11.85001 351.5249 -5.45228E-08 0.1029444 -0.0734974 0.007627635 0.9919388
19.1245 SecondCar -7.399161 0.025 2.97 0 90 0 0 0.7071068 0 0.7071068 0 0
19.1258 Head 0 1.6 7.562694 11.85001 351.5249 -5.45228E-08 0.1029444 -0.0734974 0.007627635 0.9919388
19.1258 SecondCar -7.399161 0.025 2.97 0 90 0 0 0.7071068 0 0.7071068 0 0
19.1271 Head 0 1.6 7.564432 11.85001 351.5249 -5.45228E-08 0.1029444 -0.0734974 0.007627635 0.9919388
19.1271 SecondCar -7.399161 0.025 2.97 0 90 0 0 0.7071068 0 0.7071068 0 0
19.1285 Head 0 1.6 7.566198 11.85001 351.5249 -5.45228E-08 0.1029444 -0.0734974 0.007627635 0.9919388
19.1285 SecondCar -7.399161 0.025 2.97 0 90 0 0 0.7071068 0 0.7071068 0 0
19.1298 Head 0 1.6 7.567981 11.85001 351.5249 -5.45228E-08 0.1029444 -0.0734974 0.007627635 0.9919388
19.1298 SecondCar -7.399161 0.025 2.97 0 90 0 0 0.7071068 0 0.7071068 0 0
19.1312 Head 0 1.6 7.569736 11.85001 351.5249 -5.45228E-08 0.1029444 -0.0734974 0.007627635 0.9919388
19.1312 SecondCar -7.399161 0.025 2.97 0 90 0 0 0.7071068 0 0.7071068 0 0
19.1327 Head 0 1.6 7.571476 11.85001 351.5249 -5.45228E-08 0.1029444 -0.0734974 0.007627635 0.9919388
19.1327 SecondCar -7.399161 0.025 2.97 0 90 0 0 0.7071068 0 0.7071068 0 0
19.1340 Head 0 1.6 7.57344 11.85001 351.5249 -5.45228E-08 0.1029444 -0.0734974 0.007627635 0.9919388
19.1340 SecondCar -7.399161 0.025 2.97 0 90 0 0 0.7071068 0 0.7071068 0 0
19.1354 Head 0 1.6 7.57521 11.85001 351.5249 -5.45228E-08 0.1029444 -0.0734974 0.007627635 0.9919388
19.1354 SecondCar -7.399161 0.025 2.97 0 90 0 0 0.7071068 0 0.7071068 0 0
19.1367 Head 0 1.6 7.576985 11.85001 351.5249 -5.45228E-08 0.1029444 -0.0734974 0.007627635 0.9919388
19.1367 SecondCar -7.399161 0.025 2.97 0 90 0 0 0.7071068 0 0.7071068 0 0
19.1381 Head 0 1.6 7.578646 11.85001 351.5249 -5.45228E-08 0.1029444 -0.0734974 0.007627635 0.9919388
19.1381 SecondCar -7.399161 0.025 2.97 0 90 0 0 0.7071068 0 0.7071068 0 0
19.1395 Head 0 1.6 7.580494 11.85001 351.5249 -5.45228E-08 0.1029444 -0.0734974 0.007627635 0.9919388
19.1395 SecondCar -7.399161 0.025 2.97 0 90 0 0 0.7071068 0 0.7071068 0 0
19.1410 Head 0 1.6 7.582318 11.85001 351.5249 -5.45228E-08 0.1029444 -0.0734974 0.007627635 0.9919388
19.1410 SecondCar -7.399161 0.025 2.97 0 90 0 0 0.7071068 0 0.7071068 0 0
19.1425 Head 0 1.6 7.584397 11.85001 351.5249 -5.45228E-08 0.1029444 -0.0734974 0.007627635 0.9919388
19.1425 SecondCar -7.399161 0.025 2.97 0 90 0 0 0.7071068 0 0.7071068 0 0
19.1439 Head 0 1.6 7.586345 11.85001 351.5249 -5.45228E-08 0.1029444 -0.0734974 0.007627635 0.9919388
19.1439 SecondCar -7.399161 0.025 2.97 0 90 0 0 0.7071068 0 0.7071068 0 0
19.1460 Head 0 1.6 7.58819 11.85001 351.5249 -5.45228E-08 0.1029444 -0.0734974 0.007627635 0.9919388
19.1460 SecondCar -7.399161 0.025 2.97 0 90 0 0 0.7071068 0 0.7071068 0 0
19.1475 Head 0 1.6 7.590941 11.85001 351.5249 -5.45228E-08 0.1029444 -0.0734974 0.007627635 0.9919388
19.1475 SecondCar -7.399161 0.025 2.97 0 90 0 0 0.7071068 0 0.7071068 0 0
19.1492 Head 0 1.6 7.592913 11.85001 351.5249 -5.45228E-08 0.1029444 -0.0734974 0.007627635 0.9919388
19.1492 SecondCar -7.399161 0.025 2.97 0 90 0 0 0.7071068 0 0.7071068 0 0
19.1508 Head 0 1.6 7.595042 11.85001 351.5249 -5.45228E-08 0.1029444 -0.0734974 0.007627635 0.9919388
19.1508 SecondCar -7.399161 0.025 2.97 0 90 0 0 0.7071068 0 0.7071068 0 0
19.1526 Head 0 1.6 7.597163 11.85001 351.5249 -5.45228E-08 0.1029444 -0.0734974 0.007627635 0.9919388
19.1526 SecondCar -7.399161 0.025 2.97 0 90 0 0 0.7071068 0 0.7071068 0 0
19.1546 Head 0 1.6 7.599584 11.85001 351.5249 -5.45228E-08 0.1029444 -0.0734974 0.007627635 0.9919388
19.1546 SecondCar -7.399161 0.025 2.97 0 90 0 0 0.7071068 0 0.7071068 0 0
19.1566 Head 0 1.6 7.60216 11.85001 351.5249 -5.45228E-08 0.1029444 -0.0734974 0.007627635 0.9919388
19.1566 SecondCar -7.399161 0.025 2.97 0 90 0 0 0.7071068 0 0.7071068 0 0
19.1583 Head 0 1.6 7.6048 11.85001 351.5249 -5.45228E-08 0.1029444 -0.0734974 0.007627635 0.9919388
19.1583 SecondCar -7.399161 0.025 2.97 0 90 0 0 0.7071068 0 0.7071068 0 0
19.1597 Head 0 1.6 7.606988 11.85001 351.5249 -5.45228E-08 0.1029444 -0.0734974 0.007627635 0.9919388
19.1597 SecondCar -7.399161 0.025 2.97 0 90 0 0 0.7071068 0 0.7071068 0 0
19.1611 Head 0 1.6 7.608888 11.85001 351.5249 -5.45228E-08 0.1029444 -0.0734974 0.007627635 0.9919388
19.1611 SecondCar -7.399161 0.025 2.97 0 90 0 0 0.7071068 0 0.7071068 0 0
19.1625 Head 0 1.6 7.610689 11.85001 351.5249 -5.45228E-08 0.1029444 -0.0734974 0.007627635 0.9919388
19.1625 SecondCar -7.399161 0.025 2.97 0 90 0 0 0.7071068 0 0.7071068 0 0
19.1638 Head 0 1.6 7.612456 11.85001 351.5249 -5.45228E-08 0.1029444 -0.0734974 0.007627635 0.9919388
19.1638 SecondCar -7.399161 0.025 2.97 0 90 0 0 0.7071068 0 0.7071068 0 0
19.1652 Head 0 1.6 7.614169 11.85001 351.5249 -5.45228E-08 0.1029444 -0.0734974 0.007627635 0.9919388
19.1652 SecondCar -7.399161 0.025 2.97 0 90 0 0 0.7071068 0 0.7071068 0 0
19.1666 Head 0 1.6 7.615978 11.85001 351.5249 -5.45228E-08 0.1029444 -0.0734974 0.007627635 0.9919388
19.1666 SecondCar -7.399161 0.025 2.97 0 90 0 0 0.7071068 0 0.7071068 0 0
19.1680 Head 0 1.6 7.617846 11.85001 351.5249 -5.45228E-08 0.1029444 -0.0734974 0.007627635 0.9919388
19.1680 SecondCar -7.399161 0.025 2.97 0 90 0 0 0.7071068 0 0.7071068 0 0
19.1693 Head 0 1.6 7.619658 11.85001 351.5249 -5.45228E-08 0.1029444 -0.0734974 0.007627635 0.9919388
19.1693 SecondCar -7.399161 0.025 2.97 0 90 0 0 0.7071068 0 0.7071068 0 0
19.1707 Head 0 1.6 7.62145 11.85001 351.5249 -5.45228E-08 0.1029444 -0.0734974 0.007627635 0.9919388
19.1707 SecondCar -7.399161 0.025 2.97 0 90 0 0 0.7071068 0 0.7071068 0 0
19.1722 Head 0 1.6 7.623222 11.85001 351.5249 -5.45228E-08 0.1029444 -0.0734974 0.007627635 0.9919388
19.1722 SecondCar -7.399161 0.025 2.97 0 90 0 0 0.7071068 0 0.7071068 0 0
19.1736 Head 0 1.6 7.625193 11.85001 351.5249 -5.45228E-08 0.1029444 -0.0734974 0.007627635 0.9919388
19.1736 SecondCar -7.399161 0.025 2.97 0 90 0 0 0.7071068 0 0.7071068 0 0
19.1750 Head 0 1.6 7.627099 11.85001 351.5249 -5.45228E-08 0.1029444 -0.0734974 0.007627635 0.9919388
19.1750 SecondCar -7.399161 0.025 2.97 0 90 0 0 0.7071068 0 0.7071068 0 0
19.1769 Head 0 1.6 7.628894 11.85001 351.5249 -5.45228E-08 0.1029444 -0.0734974 0.007627635 0.9919388
19.1769 SecondCar -7.399161 0.025 2.97 0 90 0 0 0.7071068 0 0.7071068 0 0
19.1784 Head 0 1.6 7.631365 11.85001 351.5249 -5.45228E-08 0.1029444 -0.0734974 0.007627635 0.9919388
19.1784 SecondCar -7.399161 0.025 2.97 0 90 0 0 0.7071068 0 0.7071068 0 0
19.1798 Head 0 1.6 7.63327 11.85001 351.5249 -5.45228E-08 0.1029444 -0.0734974 0.007627635 0.9919388
19.1798 SecondCar -7.399161 0.025 2.97 0 90 0 0 0.7071068 0 0.7071068 0 0
19.1811 Head 0 1.6 7.635128 11.85001 351.5249 -5.45228E-08 0.1029444 -0.0734974 0.007627635 0.9919388
19.1811 SecondCar -7.399161 0.025 2.97 0 90 0 0 0.7071068 0 0.7071068 0 0
19.1824 Head 0 1.6 7.636908 11.85001 351.5249 -5.45228E-08 0.1029444 -0.0734974 0.007627635 0.9919388
19.1824 SecondCar -7.399161 0.025 2.97 0 90 0 0 0.7071068 0 0.7071068 0 0
19.1838 Head 0 1.6 7.638609 11.85001 351.5249 -5.45228E-08 0.1029444 -0.0734974 0.007627635 0.9919388
19.1838 SecondCar -7.399161 0.025 2.97 0 90 0 0 0.7071068 0 0.7071068 0 0
19.1852 Head 0 1.6 7.640437 11.85001 351.5249 -5.45228E-08 0.1029444 -0.0734974 0.007627635 0.9919388
19.1852 SecondCar -7.399161 0.025 2.97 0 90 0 0 0.7071068 0 0.7071068 0 0
19.1867 Head 0 1.6 7.642244 11.85001 351.5249 -5.45228E-08 0.1029444 -0.0734974 0.007627635 0.9919388
19.1867 SecondCar -7.399161 0.025 2.97 0 90 0 0 0.7071068 0 0.7071068 0 0
19.1883 Head 0 1.6 7.644228 11.85001 351.5249 -5.45228E-08 0.1029444 -0.0734974 0.007627635 0.9919388
19.1883 SecondCar -7.399161 0.025 2.97 0 90 0 0 0.7071068 0 0.7071068 0 0
19.1899 Head 0 1.6 7.646316 11.85001 351.5249 -5.45228E-08 0.1029444 -0.0734974 0.007627635 0.9919388
19.1899 SecondCar -7.399161 0.025 2.97 0 90 0 0 0.7071068 0 0.7071068 0 0
19.1914 Head 0 1.6 7.648398 11.85001 351.5249 -5.45228E-08 0.1029444 -0.0734974 0.007627635 0.9919388
19.1914 SecondCar -7.399161 0.025 2.97 0 90 0 0 0.7071068 0 0.7071068 0 0
19.1929 Head 0 1.6 7.65032 11.85001 351.5249 -5.45228E-08 0.1029444 -0.0734974 0.007627635 0.9919388
19.1929 SecondCar -7.399161 0.025 2.97 0 90 0 0 0.7071068 0 0.7071068 0 0
19.1943 Head 0 1.6 7.652349 11.85001 351.5249 -5.45228E-08 0.1029444 -0.0734974 0.007627635 0.9919388
19.1943 SecondCar -7.399161 0.025 2.97 0 90 0 0 0.7071068 0 0.7071068 0 0
19.1957 Head 0 1.6 7.654206 11.85001 351.5249 -5.45228E-08 0.1029444 -0.0734974 0.007627635 0.9919388
19.1957 SecondCar -7.399161 0.025 2.97 0 90 0 0 0.7071068 0 0.7071068 0 0
19.1970 Head 0 1.6 7.656004 11.85001 351.5249 -5.45228E-08 0.1029444 -0.0734974 0.007627635 0.9919388
19.1970 SecondCar -7.399161 0.025 2.97 0 90 0 0 0.7071068 0 0.7071068 0 0
19.1984 Head 0 1.6 7.657728 11.85001 351.5249 -5.45228E-08 0.1029444 -0.0734974 0.007627635 0.9919388
19.1984 SecondCar -7.399161 0.025 2.97 0 90 0 0 0.7071068 0 0.7071068 0 0
19.1998 Head 0 1.6 7.659544 11.85001 351.5249 -5.45228E-08 0.1029444 -0.0734974 0.007627635 0.9919388
19.1998 SecondCar -7.399161 0.025 2.97 0 90 0 0 0.7071068 0 0.7071068 0 0
19.2012 Head 0 1.6 7.661321 11.85001 351.5249 -5.45228E-08 0.1029444 -0.0734974 0.007627635 0.9919388
19.2012 SecondCar -7.399161 0.025 2.97 0 90 0 0 0.7071068 0 0.7071068 0 0
19.2026 Head 0 1.6 7.663197 11.85001 351.5249 -5.45228E-08 0.1029444 -0.0734974 0.007627635 0.9919388
19.2026 SecondCar -7.399161 0.025 2.97 0 90 0 0 0.7071068 0 0.7071068 0 0
19.2039 Head 0 1.6 7.665011 11.85001 351.5249 -5.45228E-08 0.1029444 -0.0734974 0.007627635 0.9919388
19.2039 SecondCar -7.399161 0.025 2.97 0 90 0 0 0.7071068 0 0.7071068 0 0
19.2052 Head 0 1.6 7.666677 11.85001 351.5249 -5.45228E-08 0.1029444 -0.0734974 0.007627635 0.9919388
19.2052 SecondCar -7.399161 0.025 2.97 0 90 0 0 0.7071068 0 0.7071068 0 0
19.2065 Head 0 1.6 7.668396 11.85001 351.5249 -5.45228E-08 0.1029444 -0.0734974 0.007627635 0.9919388
19.2065 SecondCar -7.399161 0.025 2.97 0 90 0 0 0.7071068 0 0.7071068 0 0
19.2089 Head 0 1.6 7.670187 11.85001 351.5249 -5.45228E-08 0.1029444 -0.0734974 0.007627635 0.9919388
19.2089 SecondCar -7.399161 0.025 2.97 0 90 0 0 0.7071068 0 0.7071068 0 0
19.2106 Head 0 1.6 7.673255 11.85001 351.5249 -5.45228E-08 0.1029444 -0.0734974 0.007627635 0.9919388
19.2106 SecondCar -7.399161 0.025 2.97 0 90 0 0 0.7071068 0 0.7071068 0 0
19.2124 Head 0 1.6 7.675571 11.85001 351.5249 -5.45228E-08 0.1029444 -0.0734974 0.007627635 0.9919388
19.2124 SecondCar -7.399161 0.025 2.97 0 90 0 0 0.7071068 0 0.7071068 0 0
19.2139 Head 0 1.6 7.677885 11.85001 351.5249 -5.45228E-08 0.1029444 -0.0734974 0.007627635 0.9919388
19.2139 SecondCar -7.399161 0.025 2.97 0 90 0 0 0.7071068 0 0.7071068 0 0
19.2154 Head 0 1.6 7.679873 11.85001 351.5249 -5.45228E-08 0.1029444 -0.0734974 0.007627635 0.9919388
19.2154 SecondCar -7.399161 0.025 2.97 0 90 0 0 0.7071068 0 0.7071068 0 0
19.2174 Head 0 1.6 7.681847 11.85001 351.5249 -5.45228E-08 0.1029444 -0.0734974 0.007627635 0.9919388
19.2174 SecondCar -7.399161 0.025 2.97 0 90 0 0 0.7071068 0 0.7071068 0 0
19.2198 Head 0 1.6 7.684413 11.85001 351.5249 -5.45228E-08 0.1029444 -0.0734974 0.007627635 0.9919388
19.2198 SecondCar -7.399161 0.025 2.97 0 90 0 0 0.7071068 0 0.7071068 0 0
19.2217 Head 0 1.6 7.687539 11.85001 351.5249 -5.45228E-08 0.1029444 -0.0734974 0.007627635 0.9919388
19.2217 SecondCar -7.399161 0.025 2.97 0 90 0 0 0.7071068 0 0.7071068 0 0
19.2233 Head 0 1.6 7.689999 11.85001 351.5249 -5.45228E-08 0.1029444 -0.0734974 0.007627635 0.9919388
19.2233 SecondCar -7.399161 0.025 2.97 0 90 0 0 0.7071068 0 0.7071068 0 0
19.2249 Head 0 1.6 7.692202 11.85001 351.5249 -5.45228E-08 0.1029444 -0.0734974 0.007627635 0.9919388
19.2249 SecondCar -7.399161 0.025 2.97 0 90 0 0 0.7071068 0 0.7071068 0 0
19.2262 Head 0 1.6 7.694219 11.85001 351.5249 -5.45228E-08 0.1029444 -0.0734974 0.007627635 0.9919388
19.2262 SecondCar -7.399161 0.025 2.97 0 90 0 0 0.7071068 0 0.7071068 0 0
19.2276 Head 0 1.6 7.695994 11.85001 351.5249 -5.45228E-08 0.1029444 -0.0734974 0.007627635 0.9919388
19.2276 SecondCar -7.399161 0.025 2.97 0 90 0 0 0.7071068 0 0.7071068 0 0
19.2291 Head 0 1.6 7.697851 11.85001 351.5249 -5.45228E-08 0.1029444 -0.0734974 0.007627635 0.9919388
19.2291 SecondCar -7.399161 0.025 2.97 0 90 0 0 0.7071068 0 0.7071068 0 0
19.2305 Head 0 1.6 7.699754 11.85001 351.5249 -5.45228E-08 0.1029444 -0.0734974 0.007627635 0.9919388
19.2305 SecondCar -7.399161 0.025 2.97 0 90 0 0 0.7071068 0 0.7071068 0 0
19.2322 Other SecondCar destroyed
