4.8459 SecondCar -44.89462 0.025 2.97 0 90 0 0 0.7071068 0 0.7071068 13.8889 0
4.8462 Head 0 1.6 0.78 346.575 290.7 4.388793E-07 -0.09615629 -0.5646647 -0.06645774 0.8170013
4.8462 FirstCar -12.69156 0.025 2.97 0 90 0 0 0.7071068 0 0.7071068 13.8889 0
4.8462 SecondCar -44.88977 0.025 2.97 0 90 0 0 0.7071068 0 0.7071068 13.8889 0
4.8466 Head 0 1.6 0.78 346.575 290.7 4.388793E-07 -0.09615629 -0.5646647 -0.06645774 0.8170013
4.8466 FirstCar -12.68672 0.025 2.97 0 90 0 0 0.7071068 0 0.7071068 13.8889 0
4.8466 SecondCar -44.88494 0.025 2.97 0 90 0 0 0.7071068 0 0.7071068 13.8889 0
4.8469 Head 0 1.6 0.78 346.575 290.7 4.388793E-07 -0.09615629 -0.5646647 -0.06645774 0.8170013
4.8469 FirstCar -12.68191 0.025 2.97 0 90 0 0 0.7071068 0 0.7071068 13.8889 0
4.8469 SecondCar -44.88012 0.025 2.97 0 90 0 0 0.7071068 0 0.7071068 13.8889 0
4.8473 Head 0 1.6 0.78 346.575 290.7 4.388793E-07 -0.09615629 -0.5646647 -0.06645774 0.8170013
4.8473 FirstCar -12.67695 0.025 2.97 0 90 0 0 0.7071068 0 0.7071068 13.8889 0
4.8473 SecondCar -44.87516 0.025 2.97 0 90 0 0 0.7071068 0 0.7071068 13.8889 0
4.8476 Head 0 1.6 0.78 346.575 290.7 4.388793E-07 -0.09615629 -0.5646647 -0.06645774 0.8170013
4.8476 FirstCar -12.67227 0.025 2.97 0 90 0 0 0.7071068 0 0.7071068 13.8889 0
4.8476 SecondCar -44.87048 0.025 2.97 0 90 0 0 0.7071068 0 0.7071068 13.8889 0
4.8479 Head 0 1.6 0.78 346.575 290.7 4.388793E-07 -0.09615629 -0.5646647 -0.06645774 0.8170013
4.8479 FirstCar -12.66764 0.025 2.97 0 90 0 0 0.7071068 0 0.7071068 13.8889 0
4.8479 SecondCar -44.86585 0.025 2.97 0 90 0 0 0.7071068 0 0.7071068 13.8889 0
4.8483 Head 0 1.6 0.78 346.575 290.7 4.388793E-07 -0.09615629 -0.5646647 -0.06645774 0.8170013
4.8483 FirstCar -12.66276 0.025 2.97 0 90 0 0 0.7071068 0 0.7071068 13.8889 0
4.8483 SecondCar -44.86097 0.025 2.97 0 90 0 0 0.7071068 0 0.7071068 13.8889 0
4.8489 Head 0 1.6 0.78 346.575 290.7 4.388793E-07 -0.09615629 -0.5646647 -0.06645774 0.8170013
4.8489 FirstCar -12.65452 0.025 2.97 0 90 0 0 0.7071068 0 0.7071068 13.8889 0
4.8489 SecondCar -44.85273 0.025 2.97 0 90 0 0 0.7071068 0 0.7071068 13.8889 0
4.8493 Head 0 1.6 0.78 346.575 290.7 4.388793E-07 -0.09615629 -0.5646647 -0.06645774 0.8170013
4.8493 FirstCar -12.64895 0.025 2.97 0 90 0 0 0.7071068 0 0.7071068 13.8889 0
4.8493 SecondCar -44.84716 0.025 2.97 0 90 0 0 0.7071068 0 0.7071068 13.8889 0
4.8496 Head 0 1.6 0.78 346.575 290.7 4.388793E-07 -0.09615629 -0.5646647 -0.06645774 0.8170013
4.8496 FirstCar -12.64392 0.025 2.97 0 90 0 0 0.7071068 0 0.7071068 13.8889 0
4.8496 SecondCar -44.84213 0.025 2.97 0 90 0 0 0.7071068 0 0.7071068 13.8889 0
4.8500 Head 0 1.6 0.78 346.575 290.7 4.388793E-07 -0.09615629 -0.5646647 -0.06645774 0.8170013
4.8500 FirstCar -12.63865 0.025 2.97 0 90 0 0 0.7071068 0 0.7071068 13.8889 0
4.8500 SecondCar -44.83686 0.025 2.97 0 90 0 0 0.7071068 0 0.7071068 13.8889 0
4.8504 Head 0 1.6 0.78 346.575 290.7 4.388793E-07 -0.09615629 -0.5646647 -0.06645774 0.8170013
4.8504 FirstCar -12.63305 0.025 2.97 0 90 0 0 0.7071068 0 0.7071068 13.8889 0
4.8504 SecondCar -44.83126 0.025 2.97 0 90 0 0 0.7071068 0 0.7071068 13.8889 0
4.8508 Head 0 1.6 0.78 346.575 290.7 4.388793E-07 -0.09615629 -0.5646647 -0.06645774 0.8170013
4.8508 FirstCar -12.62761 0.025 2.97 0 90 0 0 0.7071068 0 0.7071068 13.8889 0
4.8508 SecondCar -44.82582 0.025 2.97 0 90 0 0 0.7071068 0 0.7071068 13.8889 0
4.8512 Head 0 1.6 0.78 346.575 290.7 4.388793E-07 -0.09615629 -0.5646647 -0.06645774 0.8170013
4.8512 FirstCar -12.62247 0.025 2.97 0 90 0 0 0.7071068 0 0.7071068 13.8889 0
4.8512 SecondCar -44.82068 0.025 2.97 0 90 0 0 0.7071068 0 0.7071068 13.8889 0
4.8519 Head 0 1.6 0.78 346.575 290.7 4.388793E-07 -0.09615629 -0.5646647 -0.06645774 0.8170013
4.8519 FirstCar -12.61268 0.025 2.97 0 90 0 0 0.7071068 0 0.7071068 13.8889 0
4.8519 SecondCar -44.81089 0.025 2.97 0 90 0 0 0.7071068 0 0.7071068 13.8889 0
4.8523 Head 0 1.6 0.78 346.575 290.7 4.388793E-07 -0.09615629 -0.5646647 -0.06645774 0.8170013
4.8523 FirstCar -12.60727 0.025 2.97 0 90 0 0 0.7071068 0 0.7071068 13.8889 0
4.8523 SecondCar -44.80548 0.025 2.97 0 90 0 0 0.7071068 0 0.7071068 13.8889 0
4.8526 Head 0 1.6 0.78 346.575 290.7 4.388793E-07 -0.09615629 -0.5646647 -0.06645774 0.8170013
4.8526 FirstCar -12.60235 0.025 2.97 0 90 0 0 0.7071068 0 0.7071068 13.8889 0
4.8526 SecondCar -44.80056 0.025 2.97 0 90 0 0 0.7071068 0 0.7071068 13.8889 0
4.8530 Head 0 1.6 0.78 346.575 290.7 4.388793E-07 -0.09615629 -0.5646647 -0.06645774 0.8170013
4.8530 FirstCar -12.59734 0.025 2.97 0 90 0 0 0.7071068 0 0.7071068 13.8889 0
4.8530 SecondCar -44.79555 0.025 2.97 0 90 0 0 0.7071068 0 0.7071068 13.8889 0
4.8534 Head 0 1.6 0.78 346.575 290.7 4.388793E-07 -0.09615629 -0.5646647 -0.06645774 0.8170013
4.8534 FirstCar -12.59223 0.025 2.97 0 90 0 0 0.7071068 0 0.7071068 13.8889 0
4.8534 SecondCar -44.79044 0.025 2.97 0 90 0 0 0.7071068 0 0.7071068 13.8889 0
4.8537 Head 0 1.6 0.78 346.575 290.7 4.388793E-07 -0.09615629 -0.5646647 -0.06645774 0.8170013
4.8537 FirstCar -12.58731 0.025 2.97 0 90 0 0 0.7071068 0 0.7071068 13.8889 0
4.8537 SecondCar -44.78552 0.025 2.97 0 90 0 0 0.7071068 0 0.7071068 13.8889 0
4.8541 Head 0 1.6 0.78 346.575 290.7 4.388793E-07 -0.09615629 -0.5646647 -0.06645774 0.8170013
4.8541 FirstCar -12.58263 0.025 2.97 0 90 0 0 0.7071068 0 0.7071068 13.8889 0
4.8541 SecondCar -44.78084 0.025 2.97 0 90 0 0 0.7071068 0 0.7071068 13.8889 0
4.8544 Head 0 1.6 0.78 346.575 290.7 4.388793E-07 -0.09615629 -0.5646647 -0.06645774 0.8170013
4.8544 FirstCar -12.57783 0.025 2.97 0 90 0 0 0.7071068 0 0.7071068 13.8889 0
4.8544 SecondCar -44.77604 0.025 2.97 0 90 0 0 0.7071068 0 0.7071068 13.8889 0
4.8548 Head 0 1.6 0.78 346.575 290.7 4.388793E-07 -0.09615629 -0.5646647 -0.06645774 0.8170013
4.8548 FirstCar -12.57283 0.025 2.97 0 90 0 0 0.7071068 0 0.7071068 13.8889 0
4.8548 SecondCar -44.77104 0.025 2.97 0 90 0 0 0.7071068 0 0.7071068 13.8889 0
4.8551 Head 0 1.6 0.78 346.575 290.7 4.388793E-07 -0.09615629 -0.5646647 -0.06645774 0.8170013
4.8551 FirstCar -12.56794 0.025 2.97 0 90 0 0 0.7071068 0 0.7071068 13.8889 0
4.8551 SecondCar -44.76615 0.025 2.97 0 90 0 0 0.7071068 0 0.7071068 13.8889 0
4.8555 Head 0 1.6 0.78 346.575 290.7 4.388793E-07 -0.09615629 -0.5646647 -0.06645774 0.8170013
4.8555 FirstCar -12.56298 0.025 2.97 0 90 0 0 0.7071068 0 0.7071068 13.8889 0
4.8555 SecondCar -44.7612 0.025 2.97 0 90 0 0 0.7071068 0 0.7071068 13.8889 0
4.8558 Head 0 1.6 0.78 346.575 290.7 4.388793E-07 -0.09615629 -0.5646647 -0.06645774 0.8170013
4.8558 FirstCar -12.55797 0.025 2.97 0 90 0 0 0.7071068 0 0.7071068 13.8889 0
4.8558 SecondCar -44.75618 0.025 2.97 0 90 0 0 0.7071068 0 0.7071068 13.8889 0
4.8562 Head 0 1.6 0.78 346.575 290.7 4.388793E-07 -0.09615629 -0.5646647 -0.06645774 0.8170013
4.8562 FirstCar -12.55305 0.025 2.97 0 90 0 0 0.7071068 0 0.7071068 13.8889 0
4.8562 SecondCar -44.75126 0.025 2.97 0 90 0 0 0.7071068 0 0.7071068 13.8889 0
4.8565 Head 0 1.6 0.78 346.575 290.7 4.388793E-07 -0.09615629 -0.5646647 -0.06645774 0.8170013
4.8565 FirstCar -12.54801 0.025 2.97 0 90 0 0 0.7071068 0 0.7071068 13.8889 0
4.8565 SecondCar -44.74622 0.025 2.97 0 90 0 0 0.7071068 0 0.7071068 13.8889 0
4.8569 Head 0 1.6 0.78 346.575 290.7 4.388793E-07 -0.09615629 -0.5646647 -0.06645774 0.8170013
4.8569 FirstCar -12.54326 0.025 2.97 0 90 0 0 0.7071068 0 0.7071068 13.8889 0
4.8569 SecondCar -44.74147 0.025 2.97 0 90 0 0 0.7071068 0 0.7071068 13.8889 0
4.8572 Head 0 1.6 0.78 346.575 290.7 4.388793E-07 -0.09615629 -0.5646647 -0.06645774 0.8170013
4.8572 FirstCar -12.53857 0.025 2.97 0 90 0 0 0.7071068 0 0.7071068 13.8889 0
4.8572 SecondCar -44.73679 0.025 2.97 0 90 0 0 0.7071068 0 0.7071068 13.8889 0
4.8576 Head 0 1.6 0.78 346.575 290.7 4.388793E-07 -0.09615629 -0.5646647 -0.06645774 0.8170013
4.8576 FirstCar -12.53378 0.025 2.97 0 90 0 0 0.7071068 0 0.7071068 13.8889 0
4.8576 SecondCar -44.73199 0.025 2.97 0 90 0 0 0.7071068 0 0.7071068 13.8889 0
4.8579 Head 0 1.6 0.78 346.575 290.7 4.388793E-07 -0.09615629 -0.5646647 -0.06645774 0.8170013
4.8579 FirstCar -12.52914 0.025 2.97 0 90 0 0 0.7071068 0 0.7071068 13.8889 0
4.8579 SecondCar -44.72736 0.025 2.97 0 90 0 0 0.7071068 0 0.7071068 13.8889 0
4.8583 Head 0 1.6 0.78 346.575 290.7 4.388793E-07 -0.09615629 -0.5646647 -0.06645774 0.8170013
4.8583 FirstCar -12.52427 0.025 2.97 0 90 0 0 0.7071068 0 0.7071068 13.8889 0
4.8583 SecondCar -44.72248 0.025 2.97 0 90 0 0 0.7071068 0 0.7071068 13.8889 0
4.8586 Head 0 1.6 0.78 346.575 290.7 4.388793E-07 -0.09615629 -0.5646647 -0.06645774 0.8170013
4.8586 FirstCar -12.5194 0.025 2.97 0 90 0 0 0.7071068 0 0.7071068 13.8889 0
4.8586 SecondCar -44.71762 0.025 2.97 0 90 0 0 0.7071068 0 0.7071068 13.8889 0
4.8590 Head 0 1.6 0.78 346.575 290.7 4.388793E-07 -0.09615629 -0.5646647 -0.06645774 0.8170013
4.8590 FirstCar -12.51424 0.025 2.97 0 90 0 0 0.7071068 0 0.7071068 13.8889 0
4.8590 SecondCar -44.71246 0.025 2.97 0 90 0 0 0.7071068 0 0.7071068 13.8889 0
4.8593 Head 0 1.6 0.78 346.575 290.7 4.388793E-07 -0.09615629 -0.5646647 -0.06645774 0.8170013
4.8593 FirstCar -12.50915 0.025 2.97 0 90 0 0 0.7071068 0 0.7071068 13.8889 0
4.8593 SecondCar -44.70737 0.025 2.97 0 90 0 0 0.7071068 0 0.7071068 13.8889 0
4.8601 Head 0 1.6 0.78 346.575 290.7 4.388793E-07 -0.09615629 -0.5646647 -0.06645774 0.8170013
4.8601 FirstCar -12.49897 0.025 2.97 0 90 0 0 0.7071068 0 0.7071068 13.8889 0
4.8601 SecondCar -44.69718 0.025 2.97 0 90 0 0 0.7071068 0 0.7071068 13.8889 0
4.8605 Head 0 1.6 0.78 346.575 290.7 4.388793E-07 -0.09615629 -0.5646647 -0.06645774 0.8170013
4.8605 FirstCar -12.49349 0.025 2.97 0 90 0 0 0.7071068 0 0.7071068 13.8889 0
4.8605 SecondCar -44.69171 0.025 2.97 0 90 0 0 0.7071068 0 0.7071068 13.8889 0
4.8608 Head 0 1.6 0.78 346.575 290.7 4.388793E-07 -0.09615629 -0.5646647 -0.06645774 0.8170013
4.8608 FirstCar -12.48847 0.025 2.97 0 90 0 0 0.7071068 0 0.7071068 13.8889 0
4.8608 SecondCar -44.68669 0.025 2.97 0 90 0 0 0.7071068 0 0.7071068 13.8889 0
4.8612 Head 0 1.6 0.78 346.575 290.7 4.388793E-07 -0.09615629 -0.5646647 -0.06645774 0.8170013
4.8612 FirstCar -12.48354 0.025 2.97 0 90 0 0 0.7071068 0 0.7071068 13.8889 0
4.8612 SecondCar -44.68176 0.025 2.97 0 90 0 0 0.7071068 0 0.7071068 13.8889 0
4.8616 Head 0 1.6 0.78 346.575 290.7 4.388793E-07 -0.09615629 -0.5646647 -0.06645774 0.8170013
4.8616 FirstCar -12.47846 0.025 2.97 0 90 0 0 0.7071068 0 0.7071068 13.8889 0
4.8616 SecondCar -44.67667 0.025 2.97 0 90 0 0 0.7071068 0 0.7071068 13.8889 0
4.8619 Head 0 1.6 0.78 346.575 290.7 4.388793E-07 -0.09615629 -0.5646647 -0.06645774 0.8170013
4.8619 FirstCar -12.47351 0.025 2.97 0 90 0 0 0.7071068 0 0.7071068 13.8889 0
4.8619 SecondCar -44.67173 0.025 2.97 0 90 0 0 0.7071068 0 0.7071068 13.8889 0
4.8623 Head 0 1.6 0.78 346.575 290.7 4.388793E-07 -0.09615629 -0.5646647 -0.06645774 0.8170013
4.8623 FirstCar -12.46851 0.025 2.97 0 90 0 0 0.7071068 0 0.7071068 13.8889 0
4.8623 SecondCar -44.66673 0.025 2.97 0 90 0 0 0.7071068 0 0.7071068 13.8889 0
4.8626 Head 0 1.6 0.78 346.575 290.7 4.388793E-07 -0.09615629 -0.5646647 -0.06645774 0.8170013
4.8626 FirstCar -12.46374 0.025 2.97 0 90 0 0 0.7071068 0 0.7071068 13.8889 0
4.8626 SecondCar -44.66196 0.025 2.97 0 90 0 0 0.7071068 0 0.7071068 13.8889 0
4.8630 Head 0 1.6 0.78 346.575 290.7 4.388793E-07 -0.09615629 -0.5646647 -0.06645774 0.8170013
4.8630 FirstCar -12.45894 0.025 2.97 0 90 0 0 0.7071068 0 0.7071068 13.8889 0
4.8630 SecondCar -44.65717 0.025 2.97 0 90 0 0 0.7071068 0 0.7071068 13.8889 0
4.8633 Head 0 1.6 0.78 346.575 290.7 4.388793E-07 -0.09615629 -0.5646647 -0.06645774 0.8170013
4.8633 FirstCar -12.45421 0.025 2.97 0 90 0 0 0.7071068 0 0.7071068 13.8889 0
4.8633 SecondCar -44.65244 0.025 2.97 0 90 0 0 0.7071068 0 0.7071068 13.8889 0
4.8637 Head 0 1.6 0.78 346.575 290.7 4.388793E-07 -0.09615629 -0.5646647 -0.06645774 0.8170013
4.8637 FirstCar -12.44919 0.025 2.97 0 90 0 0 0.7071068 0 0.7071068 13.8889 0
4.8637 SecondCar -44.64741 0.025 2.97 0 90 0 0 0.7071068 0 0.7071068 13.8889 0
4.8640 Head 0 1.6 0.78 346.575 290.7 4.388793E-07 -0.09615629 -0.5646647 -0.06645774 0.8170013
4.8640 FirstCar -12.44402 0.025 2.97 0 90 0 0 0.7071068 0 0.7071068 13.8889 0
4.8640 SecondCar -44.64225 0.025 2.97 0 90 0 0 0.7071068 0 0.7071068 13.8889 0
4.8644 Head 0 1.6 0.78 346.575 290.7 4.388793E-07 -0.09615629 -0.5646647 -0.06645774 0.8170013
4.8644 FirstCar -12.43861 0.025 2.97 0 90 0 0 0.7071068 0 0.7071068 13.8889 0
4.8644 SecondCar -44.63684 0.025 2.97 0 90 0 0 0.7071068 0 0.7071068 13.8889 0
4.8648 Head 0 1.6 0.78 346.575 290.7 4.388793E-07 -0.09615629 -0.5646647 -0.06645774 0.8170013
4.8648 FirstCar -12.43387 0.025 2.97 0 90 0 0 0.7071068 0 0.7071068 13.8889 0
4.8648 SecondCar -44.6321 0.025 2.97 0 90 0 0 0.7071068 0 0.7071068 13.8889 0
4.8651 Head 0 1.6 0.78 346.575 290.7 4.388793E-07 -0.09615629 -0.5646647 -0.06645774 0.8170013
4.8651 FirstCar -12.42925 0.025 2.97 0 90 0 0 0.7071068 0 0.7071068 13.8889 0
4.8651 SecondCar -44.62747 0.025 2.97 0 90 0 0 0.7071068 0 0.7071068 13.8889 0
4.8655 Head 0 1.6 0.78 346.575 290.7 4.388793E-07 -0.09615629 -0.5646647 -0.06645774 0.8170013
4.8655 FirstCar -12.42376 0.025 2.97 0 90 0 0 0.7071068 0 0.7071068 13.8889 0
4.8655 SecondCar -44.62198 0.025 2.97 0 90 0 0 0.7071068 0 0.7071068 13.8889 0
4.8659 Head 0 1.6 0.78 346.575 290.7 4.388793E-07 -0.09615629 -0.5646647 -0.06645774 0.8170013
4.8659 FirstCar -12.41832 0.025 2.97 0 90 0 0 0.7071068 0 0.7071068 13.8889 0
4.8659 SecondCar -44.61655 0.025 2.97 0 90 0 0 0.7071068 0 0.7071068 13.8889 0
4.8662 Head 0 1.6 0.78 346.575 290.7 4.388793E-07 -0.09615629 -0.5646647 -0.06645774 0.8170013
4.8662 FirstCar -12.41339 0.025 2.97 0 90 0 0 0.7071068 0 0.7071068 13.8889 0
4.8662 SecondCar -44.61161 0.025 2.97 0 90 0 0 0.7071068 0 0.7071068 13.8889 0
4.8666 Head 0 1.6 0.78 346.575 290.7 4.388793E-07 -0.09615629 -0.5646647 -0.06645774 0.8170013
4.8666 FirstCar -12.40862 0.025 2.97 0 90 0 0 0.7071068 0 0.7071068 13.8889 0
4.8666 SecondCar -44.60685 0.025 2.97 0 90 0 0 0.7071068 0 0.7071068 13.8889 0
4.8669 Head 0 1.6 0.78 346.575 290.7 4.388793E-07 -0.09615629 -0.5646647 -0.06645774 0.8170013
4.8669 FirstCar -12.40371 0.025 2.97 0 90 0 0 0.7071068 0 0.7071068 13.8889 0
4.8669 SecondCar -44.60194 0.025 2.97 0 90 0 0 0.7071068 0 0.7071068 13.8889 0
4.8673 Head 0 1.6 0.78 346.575 290.7 4.388793E-07 -0.09615629 -0.5646647 -0.06645774 0.8170013
4.8673 FirstCar -12.39898 0.025 2.97 0 90 0 0 0.7071068 0 0.7071068 13.8889 0
4.8673 SecondCar -44.59721 0.025 2.97 0 90 0 0 0.7071068 0 0.7071068 13.8889 0
4.8677 Head 0 1.6 0.78 346.575 290.7 4.388793E-07 -0.09615629 -0.5646647 -0.06645774 0.8170013
4.8677 FirstCar -12.39333 0.025 2.97 0 90 0 0 0.7071068 0 0.7071068 13.8889 0
4.8677 SecondCar -44.59156 0.025 2.97 0 90 0 0 0.7071068 0 0.7071068 13.8889 0
4.8680 Head 0 1.6 0.78 346.575 290.7 4.388793E-07 -0.09615629 -0.5646647 -0.06645774 0.8170013
4.8680 FirstCar -12.38835 0.025 2.97 0 90 0 0 0.7071068 0 0.7071068 13.8889 0
4.8680 SecondCar -44.58658 0.025 2.97 0 90 0 0 0.7071068 0 0.7071068 13.8889 0
4.8684 Head 0 1.6 0.78 346.575 290.7 4.388793E-07 -0.09615629 -0.5646647 -0.06645774 0.8170013
4.8684 FirstCar -12.38276 0.025 2.97 0 90 0 0 0.7071068 0 0.7071068 13.8889 0
4.8684 SecondCar -44.58099 0.025 2.97 0 90 0 0 0.7071068 0 0.7071068 13.8889 0
4.8692 Head 0 1.6 0.78 346.575 290.7 4.388793E-07 -0.09615629 -0.5646647 -0.06645774 0.8170013
4.8692 FirstCar -12.37208 0.025 2.97 0 90 0 0 0.7071068 0 0.7071068 13.8889 0
4.8692 SecondCar -44.5703 0.025 2.97 0 90 0 0 0.7071068 0 0.7071068 13.8889 0
4.8696 Head 0 1.6 0.78 346.575 290.7 4.388793E-07 -0.09615629 -0.5646647 -0.06645774 0.8170013
4.8696 FirstCar -12.36619 0.025 2.97 0 90 0 0 0.7071068 0 0.7071068 13.8889 0
4.8696 SecondCar -44.56442 0.025 2.97 0 90 0 0 0.7071068 0 0.7071068 13.8889 0
4.8700 Head 0 1.6 0.78 346.575 290.7 4.388793E-07 -0.09615629 -0.5646647 -0.06645774 0.8170013
4.8700 FirstCar -12.3612 0.025 2.97 0 90 0 0 0.7071068 0 0.7071068 13.8889 0
4.8700 SecondCar -44.55943 0.025 2.97 0 90 0 0 0.7071068 0 0.7071068 13.8889 0
4.8704 Head 0 1.6 0.78 346.575 290.7 4.388793E-07 -0.09615629 -0.5646647 -0.06645774 0.8170013
4.8704 FirstCar -12.356 0.025 2.97 0 90 0 0 0.7071068 0 0.7071068 13.8889 0
4.8704 SecondCar -44.55423 0.025 2.97 0 90 0 0 0.7071068 0 0.7071068 13.8889 0
4.8708 Head 0 1.6 0.78 346.575 290.7 4.388793E-07 -0.09615629 -0.5646647 -0.06645774 0.8170013
4.8708 FirstCar -12.35005 0.025 2.97 0 90 0 0 0.7071068 0 0.7071068 13.8889 0
4.8708 SecondCar -44.54828 0.025 2.97 0 90 0 0 0.7071068 0 0.7071068 13.8889 0
4.8712 Head 0 1.6 0.78 346.575 290.7 4.388793E-07 -0.09615629 -0.5646647 -0.06645774 0.8170013
4.8712 FirstCar -12.34515 0.025 2.97 0 90 0 0 0.7071068 0 0.7071068 13.8889 0
4.8712 SecondCar -44.54338 0.025 2.97 0 90 0 0 0.7071068 0 0.7071068 13.8889 0
4.8716 Head 0 1.6 0.78 346.575 290.7 4.388793E-07 -0.09615629 -0.5646647 -0.06645774 0.8170013
4.8716 FirstCar -12.33962 0.025 2.97 0 90 0 0 0.7071068 0 0.7071068 13.8889 0
4.8716 SecondCar -44.53785 0.025 2.97 0 90 0 0 0.7071068 0 0.7071068 13.8889 0
4.8719 Head 0 1.6 0.78 346.575 290.7 4.388793E-07 -0.09615629 -0.5646647 -0.06645774 0.8170013
4.8719 FirstCar -12.33462 0.025 2.97 0 90 0 0 0.7071068 0 0.7071068 13.8889 0
4.8719 SecondCar -44.53285 0.025 2.97 0 90 0 0 0.7071068 0 0.7071068 13.8889 0
4.8723 Head 0 1.6 0.78 346.575 290.7 4.388793E-07 -0.09615629 -0.5646647 -0.06645774 0.8170013
4.8723 FirstCar -12.32986 0.025 2.97 0 90 0 0 0.7071068 0 0.7071068 13.8889 0
4.8723 SecondCar -44.5281 0.025 2.97 0 90 0 0 0.7071068 0 0.7071068 13.8889 0
4.8726 Head 0 1.6 0.78 346.575 290.7 4.388793E-07 -0.09615629 -0.5646647 -0.06645774 0.8170013
4.8726 FirstCar -12.32496 0.025 2.97 0 90 0 0 0.7071068 0 0.7071068 13.8889 0
4.8726 SecondCar -44.52319 0.025 2.97 0 90 0 0 0.7071068 0 0.7071068 13.8889 0
4.8730 Head 0 1.6 0.78 346.575 290.7 4.388793E-07 -0.09615629 -0.5646647 -0.06645774 0.8170013
4.8730 FirstCar -12.32013 0.025 2.97 0 90 0 0 0.7071068 0 0.7071068 13.8889 0
4.8730 SecondCar -44.51836 0.025 2.97 0 90 0 0 0.7071068 0 0.7071068 13.8889 0
4.8734 Head 0 1.6 0.78 346.575 290.7 4.388793E-07 -0.09615629 -0.5646647 -0.06645774 0.8170013
4.8734 FirstCar -12.31426 0.025 2.97 0 90 0 0 0.7071068 0 0.7071068 13.8889 0
4.8734 SecondCar -44.51249 0.025 2.97 0 90 0 0 0.7071068 0 0.7071068 13.8889 0
4.8737 Head 0 1.6 0.78 346.575 290.7 4.388793E-07 -0.09615629 -0.5646647 -0.06645774 0.8170013
4.8737 FirstCar -12.30921 0.025 2.97 0 90 0 0 0.7071068 0 0.7071068 13.8889 0
4.8737 SecondCar -44.50744 0.025 2.97 0 90 0 0 0.7071068 0 0.7071068 13.8889 0
4.8741 Head 0 1.6 0.78 346.575 290.7 4.388793E-07 -0.09615629 -0.5646647 -0.06645774 0.8170013
4.8741 FirstCar -12.30446 0.025 2.97 0 90 0 0 0.7071068 0 0.7071068 13.8889 0
4.8741 SecondCar -44.5027 0.025 2.97 0 90 0 0 0.7071068 0 0.7071068 13.8889 0
4.8744 Head 0 1.6 0.78 346.575 290.7 4.388793E-07 -0.09615629 -0.5646647 -0.06645774 0.8170013
4.8744 FirstCar -12.29961 0.025 2.97 0 90 0 0 0.7071068 0 0.7071068 13.8889 0
4.8744 SecondCar -44.49784 0.025 2.97 0 90 0 0 0.7071068 0 0.7071068 13.8889 0
4.8748 Head 0 1.6 0.78 346.575 290.7 4.388793E-07 -0.09615629 -0.5646647 -0.06645774 0.8170013
4.8748 FirstCar -12.29457 0.025 2.97 0 90 0 0 0.7071068 0 0.7071068 13.8889 0
4.8748 SecondCar -44.49281 0.025 2.97 0 90 0 0 0.7071068 0 0.7071068 13.8889 0
4.8751 Head 0 1.6 0.78 346.575 290.7 4.388793E-07 -0.09615629 -0.5646647 -0.06645774 0.8170013
4.8751 FirstCar -12.28968 0.025 2.97 0 90 0 0 0.7071068 0 0.7071068 13.8889 0
4.8751 SecondCar -44.48792 0.025 2.97 0 90 0 0 0.7071068 0 0.7071068 13.8889 0
4.8755 Head 0 1.6 0.78 346.575 290.7 4.388793E-07 -0.09615629 -0.5646647 -0.06645774 0.8170013
4.8755 FirstCar -12.28479 0.025 2.97 0 90 0 0 0.7071068 0 0.7071068 13.8889 0
4.8755 SecondCar -44.48302 0.025 2.97 0 90 0 0 0.7071068 0 0.7071068 13.8889 0
4.8759 Head 0 1.6 0.78 346.575 290.7 4.388793E-07 -0.09615629 -0.5646647 -0.06645774 0.8170013
4.8759 FirstCar -12.27987 0.025 2.97 0 90 0 0 0.7071068 0 0.7071068 13.8889 0
4.8759 SecondCar -44.4781 0.025 2.97 0 90 0 0 0.7071068 0 0.7071068 13.8889 0
4.8763 Head 0 1.6 0.78 346.575 290.7 4.388793E-07 -0.09615629 -0.5646647 -0.06645774 0.8170013
4.8763 FirstCar -12.27418 0.025 2.97 0 90 0 0 0.7071068 0 0.7071068 13.8889 0
4.8763 SecondCar -44.47241 0.025 2.97 0 90 0 0 0.7071068 0 0.7071068 13.8889 0
4.8766 Head 0 1.6 0.78 346.575 290.7 4.388793E-07 -0.09615629 -0.5646647 -0.06645774 0.8170013
4.8766 FirstCar -12.26912 0.025 2.97 0 90 0 0 0.7071068 0 0.7071068 13.8889 0
4.8766 SecondCar -44.46735 0.025 2.97 0 90 0 0 0.7071068 0 0.7071068 13.8889 0
4.8770 Head 0 1.6 0.78 346.575 290.7 4.388793E-07 -0.09615629 -0.5646647 -0.06645774 0.8170013
4.8770 FirstCar -12.26394 0.025 2.97 0 90 0 0 0.7071068 0 0.7071068 13.8889 0
4.8770 SecondCar -44.46218 0.025 2.97 0 90 0 0 0.7071068 0 0.7071068 13.8889 0
4.8773 Head 0 1.6 0.78 346.575 290.7 4.388793E-07 -0.09615629 -0.5646647 -0.06645774 0.8170013
4.8773 FirstCar -12.25918 0.025 2.97 0 90 0 0 0.7071068 0 0.7071068 13.8889 0
4.8773 SecondCar -44.45742 0.025 2.97 0 90 0 0 0.7071068 0 0.7071068 13.8889 0
4.8777 Head 0 1.6 0.78 346.575 290.7 4.388793E-07 -0.09615629 -0.5646647 -0.06645774 0.8170013
4.8777 FirstCar -12.25455 0.025 2.97 0 90 0 0 0.7071068 0 0.7071068 13.8889 0
4.8777 SecondCar -44.45279 0.025 2.97 0 90 0 0 0.7071068 0 0.7071068 13.8889 0
4.8780 Head 0 1.6 0.78 346.575 290.7 4.388793E-07 -0.09615629 -0.5646647 -0.06645774 0.8170013
4.8780 FirstCar -12.24973 0.025 2.97 0 90 0 0 0.7071068 0 0.7071068 13.8889 0
4.8780 SecondCar -44.44796 0.025 2.97 0 90 0 0 0.7071068 0 0.7071068 13.8889 0
4.8784 Head 0 1.6 0.78 346.575 290.7 4.388793E-07 -0.09615629 -0.5646647 -0.06645774 0.8170013
4.8784 FirstCar -12.24459 0.025 2.97 0 90 0 0 0.7071068 0 0.7071068 13.8889 0
4.8784 SecondCar -44.44283 0.025 2.97 0 90 0 0 0.7071068 0 0.7071068 13.8889 0
4.8788 Head 0 1.6 0.78 346.575 290.7 4.388793E-07 -0.09615629 -0.5646647 -0.06645774 0.8170013
4.8788 FirstCar -12.23961 0.025 2.97 0 90 0 0 0.7071068 0 0.7071068 13.8889 0
4.8788 SecondCar -44.43785 0.025 2.97 0 90 0 0 0.7071068 0 0.7071068 13.8889 0
4.8791 Head 0 1.6 0.78 346.575 290.7 4.388793E-07 -0.09615629 -0.5646647 -0.06645774 0.8170013
4.8791 FirstCar -12.23484 0.025 2.97 0 90 0 0 0.7071068 0 0.7071068 13.8889 0
4.8791 SecondCar -44.43307 0.025 2.97 0 90 0 0 0.7071068 0 0.7071068 13.8889 0
4.8794 Head 0 1.6 0.78 346.575 290.7 4.388793E-07 -0.09615629 -0.5646647 -0.06645774 0.8170013
4.8794 FirstCar -12.23012 0.025 2.97 0 90 0 0 0.7071068 0 0.7071068 13.8889 0
4.8794 SecondCar -44.42835 0.025 2.97 0 90 0 0 0.7071068 0 0.7071068 13.8889 0
4.8798 Head 0 1.6 0.78 346.575 290.7 4.388793E-07 -0.09615629 -0.5646647 -0.06645774 0.8170013
4.8798 FirstCar -12.22541 0.025 2.97 0 90 0 0 0.7071068 0 0.7071068 13.8889 0
4.8798 SecondCar -44.42364 0.025 2.97 0 90 0 0 0.7071068 0 0.7071068 13.8889 0
4.8801 Head 0 1.6 0.78 346.575 290.7 4.388793E-07 -0.09615629 -0.5646647 -0.06645774 0.8170013
4.8801 FirstCar -12.22037 0.025 2.97 0 90 0 0 0.7071068 0 0.7071068 13.8889 0
4.8801 SecondCar -44.4186 0.025 2.97 0 90 0 0 0.7071068 0 0.7071068 13.8889 0
4.8806 Head 0 1.6 0.78 346.575 290.7 4.388793E-07 -0.09615629 -0.5646647 -0.06645774 0.8170013
4.8806 FirstCar -12.21457 0.025 2.97 0 90 0 0 0.7071068 0 0.7071068 13.8889 0
4.8806 SecondCar -44.4128 0.025 2.97 0 90 0 0 0.7071068 0 0.7071068 13.8889 0
4.8809 Head 0 1.6 0.78 346.575 290.7 4.388793E-07 -0.09615629 -0.5646647 -0.06645774 0.8170013
4.8809 FirstCar -12.20973 0.025 2.97 0 90 0 0 0.7071068 0 0.7071068 13.8889 0
4.8809 SecondCar -44.40796 0.025 2.97 0 90 0 0 0.7071068 0 0.7071068 13.8889 0
4.8812 Head 0 1.6 0.78 346.575 290.7 4.388793E-07 -0.09615629 -0.5646647 -0.06645774 0.8170013
4.8812 FirstCar -12.20492 0.025 2.97 0 90 0 0 0.7071068 0 0.7071068 13.8889 0
4.8812 SecondCar -44.40315 0.025 2.97 0 90 0 0 0.7071068 0 0.7071068 13.8889 0
4.8816 Head 0 1.6 0.78 346.575 290.7 4.388793E-07 -0.09615629 -0.5646647 -0.06645774 0.8170013
4.8816 FirstCar -12.20018 0.025 2.97 0 90 0 0 0.7071068 0 0.7071068 13.8889 0
4.8816 SecondCar -44.39841 0.025 2.97 0 90 0 0 0.7071068 0 0.7071068 13.8889 0
4.8819 Head 0 1.6 0.78 346.575 290.7 4.388793E-07 -0.09615629 -0.5646647 -0.06645774 0.8170013
4.8819 FirstCar -12.1955 0.025 2.97 0 90 0 0 0.7071068 0 0.7071068 13.8889 0
4.8819 SecondCar -44.39373 0.025 2.97 0 90 0 0 0.7071068 0 0.7071068 13.8889 0
4.8823 Head 0 1.6 0.78 346.575 290.7 4.388793E-07 -0.09615629 -0.5646647 -0.06645774 0.8170013
4.8823 FirstCar -12.19078 0.025 2.97 0 90 0 0 0.7071068 0 0.7071068 13.8889 0
4.8823 SecondCar -44.38901 0.025 2.97 0 90 0 0 0.7071068 0 0.7071068 13.8889 0
4.8826 Head 0 1.6 0.78 346.575 290.7 4.388793E-07 -0.09615629 -0.5646647 -0.06645774 0.8170013
4.8826 FirstCar -12.18588 0.025 2.97 0 90 0 0 0.7071068 0 0.7071068 13.8889 0
4.8826 SecondCar -44.38411 0.025 2.97 0 90 0 0 0.7071068 0 0.7071068 13.8889 0
4.8830 Head 0 1.6 0.78 346.575 290.7 4.388793E-07 -0.09615629 -0.5646647 -0.06645774 0.8170013
4.8830 FirstCar -12.18121 0.025 2.97 0 90 0 0 0.7071068 0 0.7071068 13.8889 0
4.8830 SecondCar -44.37944 0.025 2.97 0 90 0 0 0.7071068 0 0.7071068 13.8889 0
4.8833 Head 0 1.6 0.78 346.575 290.7 4.388793E-07 -0.09615629 -0.5646647 -0.06645774 0.8170013
4.8833 FirstCar -12.17647 0.025 2.97 0 90 0 0 0.7071068 0 0.7071068 13.8889 0
4.8833 SecondCar -44.37469 0.025 2.97 0 90 0 0 0.7071068 0 0.7071068 13.8889 0
4.8837 Head 0 1.6 0.78 346.575 290.7 4.388793E-07 -0.09615629 -0.5646647 -0.06645774 0.8170013
4.8837 FirstCar -12.1703 0.025 2.97 0 90 0 0 0.7071068 0 0.7071068 13.8889 0
4.8837 SecondCar -44.36852 0.025 2.97 0 90 0 0 0.7071068 0 0.7071068 13.8889 0
4.8841 Head 0 1.6 0.78 346.575 290.7 4.388793E-07 -0.09615629 -0.5646647 -0.06645774 0.8170013
4.8841 FirstCar -12.16544 0.025 2.97 0 90 0 0 0.7071068 0 0.7071068 13.8889 0
4.8841 SecondCar -44.36366 0.025 2.97 0 90 0 0 0.7071068 0 0.7071068 13.8889 0
4.8844 Head 0 1.6 0.78 346.575 290.7 4.388793E-07 -0.09615629 -0.5646647 -0.06645774 0.8170013
4.8844 FirstCar -12.16059 0.025 2.97 0 90 0 0 0.7071068 0 0.7071068 13.8889 0
4.8844 SecondCar -44.35881 0.025 2.97 0 90 0 0 0.7071068 0 0.7071068 13.8889 0
4.8848 Head 0 1.6 0.78 346.575 290.7 4.388793E-07 -0.09615629 -0.5646647 -0.06645774 0.8170013
4.8848 FirstCar -12.15565 0.025 2.97 0 90 0 0 0.7071068 0 0.7071068 13.8889 0
4.8848 SecondCar -44.35388 0.025 2.97 0 90 0 0 0.7071068 0 0.7071068 13.8889 0
4.8852 Head 0 1.6 0.78 346.575 290.7 4.388793E-07 -0.09615629 -0.5646647 -0.06645774 0.8170013
4.8852 FirstCar -12.15008 0.025 2.97 0 90 0 0 0.7071068 0 0.7071068 13.8889 0
4.8852 SecondCar -44.3483 0.025 2.97 0 90 0 0 0.7071068 0 0.7071068 13.8889 0
4.8856 Head 0 1.6 0.78 346.575 290.7 4.388793E-07 -0.09615629 -0.5646647 -0.06645774 0.8170013
4.8856 FirstCar -12.14488 0.025 2.97 0 90 0 0 0.7071068 0 0.7071068 13.8889 0
4.8856 SecondCar -44.3431 0.025 2.97 0 90 0 0 0.7071068 0 0.7071068 13.8889 0
4.8859 Head 0 1.6 0.78 346.575 290.7 4.388793E-07 -0.09615629 -0.5646647 -0.06645774 0.8170013
4.8859 FirstCar -12.13972 0.025 2.97 0 90 0 0 0.7071068 0 0.7071068 13.8889 0
4.8859 SecondCar -44.33794 0.025 2.97 0 90 0 0 0.7071068 0 0.7071068 13.8889 0
4.8863 Head 0 1.6 0.78 346.575 290.7 4.388793E-07 -0.09615629 -0.5646647 -0.06645774 0.8170013
4.8863 FirstCar -12.13482 0.025 2.97 0 90 0 0 0.7071068 0 0.7071068 13.8889 0
4.8863 SecondCar -44.33305 0.025 2.97 0 90 0 0 0.7071068 0 0.7071068 13.8889 0
4.8867 Head 0 1.6 0.78 346.575 290.7 4.388793E-07 -0.09615629 -0.5646647 -0.06645774 0.8170013
4.8867 FirstCar -12.12988 0.025 2.97 0 90 0 0 0.7071068 0 0.7071068 13.8889 0
4.8867 SecondCar -44.32811 0.025 2.97 0 90 0 0 0.7071068 0 0.7071068 13.8889 0
4.8870 Head 0 1.6 0.78 346.575 290.7 4.388793E-07 -0.09615629 -0.5646647 -0.06645774 0.8170013
4.8870 FirstCar -12.12517 0.025 2.97 0 90 0 0 0.7071068 0 0.7071068 13.8889 0
4.8870 SecondCar -44.32339 0.025 2.97 0 90 0 0 0.7071068 0 0.7071068 13.8889 0
4.8873 Head 0 1.6 0.78 346.575 290.7 4.388793E-07 -0.09615629 -0.5646647 -0.06645774 0.8170013
4.8873 FirstCar -12.12032 0.025 2.97 0 90 0 0 0.7071068 0 0.7071068 13.8889 0
4.8873 SecondCar -44.31853 0.025 2.97 0 90 0 0 0.7071068 0 0.7071068 13.8889 0
4.8877 Head 0 1.6 0.78 346.575 290.7 4.388793E-07 -0.09615629 -0.5646647 -0.06645774 0.8170013
4.8877 FirstCar -12.11554 0.025 2.97 0 90 0 0 0.7071068 0 0.7071068 13.8889 0
4.8877 SecondCar -44.31376 0.025 2.97 0 90 0 0 0.7071068 0 0.7071068 13.8889 0
4.8880 Head 0 1.6 0.78 346.575 290.7 4.388793E-07 -0.09615629 -0.5646647 -0.06645774 0.8170013
4.8880 FirstCar -12.11079 0.025 2.97 0 90 0 0 0.7071068 0 0.7071068 13.8889 0
4.8880 SecondCar -44.30901 0.025 2.97 0 90 0 0 0.7071068 0 0.7071068 13.8889 0
4.8885 Head 0 1.6 0.78 346.575 290.7 4.388793E-07 -0.09615629 -0.5646647 -0.06645774 0.8170013
4.8885 FirstCar -12.10487 0.025 2.97 0 90 0 0 0.7071068 0 0.7071068 13.8889 0
4.8885 SecondCar -44.30309 0.025 2.97 0 90 0 0 0.7071068 0 0.7071068 13.8889 0
4.8891 Head 0 1.6 0.78 346.575 290.7 4.388793E-07 -0.09615629 -0.5646647 -0.06645774 0.8170013
4.8891 FirstCar -12.09561 0.025 2.97 0 90 0 0 0.7071068 0 0.7071068 13.8889 0
4.8891 SecondCar -44.29383 0.025 2.97 0 90 0 0 0.7071068 0 0.7071068 13.8889 0
4.8896 Head 0 1.6 0.78 346.575 290.7 4.388793E-07 -0.09615629 -0.5646647 -0.06645774 0.8170013
4.8896 FirstCar -12.08931 0.025 2.97 0 90 0 0 0.7071068 0 0.7071068 13.8889 0
4.8896 SecondCar -44.28753 0.025 2.97 0 90 0 0 0.7071068 0 0.7071068 13.8889 0
4.8900 Head 0 1.6 0.78 346.575 290.7 4.388793E-07 -0.09615629 -0.5646647 -0.06645774 0.8170013
4.8900 FirstCar -12.084 0.025 2.97 0 90 0 0 0.7071068 0 0.7071068 13.8889 0
4.8900 SecondCar -44.28222 0.025 2.97 0 90 0 0 0.7071068 0 0.7071068 13.8889 0
4.8903 Head 0 1.6 0.78 346.575 290.7 4.388793E-07 -0.09615629 -0.5646647 -0.06645774 0.8170013
4.8903 FirstCar -12.07888 0.025 2.97 0 90 0 0 0.7071068 0 0.7071068 13.8889 0
4.8903 SecondCar -44.2771 0.025 2.97 0 90 0 0 0.7071068 0 0.7071068 13.8889 0
4.8909 Head 0 1.6 0.78 346.575 290.7 4.388793E-07 -0.09615629 -0.5646647 -0.06645774 0.8170013
4.8909 FirstCar -12.07155 0.025 2.97 0 90 0 0 0.7071068 0 0.7071068 13.8889 0
4.8909 SecondCar -44.26977 0.025 2.97 0 90 0 0 0.7071068 0 0.7071068 13.8889 0
4.8912 Head 0 1.6 0.78 346.575 290.7 4.388793E-07 -0.09615629 -0.5646647 -0.06645774 0.8170013
4.8912 FirstCar -12.06623 0.025 2.97 0 90 0 0 0.7071068 0 0.7071068 13.8889 0
4.8912 SecondCar -44.26445 0.025 2.97 0 90 0 0 0.7071068 0 0.7071068 13.8889 0
4.8916 Head 0 1.6 0.78 346.575 290.7 4.388793E-07 -0.09615629 -0.5646647 -0.06645774 0.8170013
4.8916 FirstCar -12.06131 0.025 2.97 0 90 0 0 0.7071068 0 0.7071068 13.8889 0
4.8916 SecondCar -44.25953 0.025 2.97 0 90 0 0 0.7071068 0 0.7071068 13.8889 0
4.8919 Head 0 1.6 0.78 346.575 290.7 4.388793E-07 -0.09615629 -0.5646647 -0.06645774 0.8170013
4.8919 FirstCar -12.05652 0.025 2.97 0 90 0 0 0.7071068 0 0.7071068 13.8889 0
4.8919 SecondCar -44.25475 0.025 2.97 0 90 0 0 0.7071068 0 0.7071068 13.8889 0
4.8923 Head 0 1.6 0.78 346.575 290.7 4.388793E-07 -0.09615629 -0.5646647 -0.06645774 0.8170013
4.8923 FirstCar -12.05166 0.025 2.97 0 90 0 0 0.7071068 0 0.7071068 13.8889 0
4.8923 SecondCar -44.24989 0.025 2.97 0 90 0 0 0.7071068 0 0.7071068 13.8889 0
4.8926 Head 0 1.6 0.78 346.575 290.7 4.388793E-07 -0.09615629 -0.5646647 -0.06645774 0.8170013
4.8926 FirstCar -12.04682 0.025 2.97 0 90 0 0 0.7071068 0 0.7071068 13.8889 0
4.8926 SecondCar -44.24504 0.025 2.97 0 90 0 0 0.7071068 0 0.7071068 13.8889 0
4.8930 Head 0 1.6 0.78 346.575 290.7 4.388793E-07 -0.09615629 -0.5646647 -0.06645774 0.8170013
4.8930 FirstCar -12.04189 0.025 2.97 0 90 0 0 0.7071068 0 0.7071068 13.8889 0
4.8930 SecondCar -44.2401 0.025 2.97 0 90 0 0 0.7071068 0 0.7071068 13.8889 0
4.8933 Head 0 1.6 0.78 346.575 290.7 4.388793E-07 -0.09615629 -0.5646647 -0.06645774 0.8170013
4.8933 FirstCar -12.03719 0.025 2.97 0 90 0 0 0.7071068 0 0.7071068 13.8889 0
4.8933 SecondCar -44.23541 0.025 2.97 0 90 0 0 0.7071068 0 0.7071068 13.8889 0
4.8937 Head 0 1.6 0.78 346.575 290.7 4.388793E-07 -0.09615629 -0.5646647 -0.06645774 0.8170013
4.8937 FirstCar -12.03247 0.025 2.97 0 90 0 0 0.7071068 0 0.7071068 13.8889 0
4.8937 SecondCar -44.23069 0.025 2.97 0 90 0 0 0.7071068 0 0.7071068 13.8889 0
4.8940 Head 0 1.6 0.78 346.575 290.7 4.388793E-07 -0.09615629 -0.5646647 -0.06645774 0.8170013
4.8940 FirstCar -12.02785 0.025 2.97 0 90 0 0 0.7071068 0 0.7071068 13.8889 0
4.8940 SecondCar -44.22607 0.025 2.97 0 90 0 0 0.7071068 0 0.7071068 13.8889 0
4.8943 Head 0 1.6 0.78 346.575 290.7 4.388793E-07 -0.09615629 -0.5646647 -0.06645774 0.8170013
4.8943 FirstCar -12.02299 0.025 2.97 0 90 0 0 0.7071068 0 0.7071068 13.8889 0
4.8943 SecondCar -44.22121 0.025 2.97 0 90 0 0 0.7071068 0 0.7071068 13.8889 0
4.8947 Head 0 1.6 0.78 346.575 290.7 4.388793E-07 -0.09615629 -0.5646647 -0.06645774 0.8170013
4.8947 FirstCar -12.01824 0.025 2.97 0 90 0 0 0.7071068 0 0.7071068 13.8889 0
4.8947 SecondCar -44.21646 0.025 2.97 0 90 0 0 0.7071068 0 0.7071068 13.8889 0
4.8950 Head 0 1.6 0.78 346.575 290.7 4.388793E-07 -0.09615629 -0.5646647 -0.06645774 0.8170013
4.8950 FirstCar -12.01349 0.025 2.97 0 90 0 0 0.7071068 0 0.7071068 13.8889 0
4.8950 SecondCar -44.21171 0.025 2.97 0 90 0 0 0.7071068 0 0.7071068 13.8889 0
4.8955 Head 0 1.6 0.78 346.575 290.7 4.388793E-07 -0.09615629 -0.5646647 -0.06645774 0.8170013
4.8955 FirstCar -12.00763 0.025 2.97 0 90 0 0 0.7071068 0 0.7071068 13.8889 0
4.8955 SecondCar -44.20585 0.025 2.97 0 90 0 0 0.7071068 0 0.7071068 13.8889 0
4.8958 Head 0 1.6 0.78 346.575 290.7 4.388793E-07 -0.09615629 -0.5646647 -0.06645774 0.8170013
4.8958 FirstCar -12.00257 0.025 2.97 0 90 0 0 0.7071068 0 0.7071068 13.8889 0
4.8958 SecondCar -44.20079 0.025 2.97 0 90 0 0 0.7071068 0 0.7071068 13.8889 0
4.8962 Head 0 1.6 0.78 346.575 290.7 4.388793E-07 -0.09615629 -0.5646647 -0.06645774 0.8170013
4.8962 FirstCar -11.99777 0.025 2.97 0 90 0 0 0.7071068 0 0.7071068 13.8889 0
4.8962 SecondCar -44.19599 0.025 2.97 0 90 0 0 0.7071068 0 0.7071068 13.8889 0
4.8965 Head 0 1.6 0.78 346.575 290.7 4.388793E-07 -0.09615629 -0.5646647 -0.06645774 0.8170013
4.8965 FirstCar -11.99301 0.025 2.97 0 90 0 0 0.7071068 0 0.7071068 13.8889 0
4.8965 SecondCar -44.19123 0.025 2.97 0 90 0 0 0.7071068 0 0.7071068 13.8889 0
4.8969 Head 0 1.6 0.78 346.575 290.7 4.388793E-07 -0.09615629 -0.5646647 -0.06645774 0.8170013
4.8969 FirstCar -11.9882 0.025 2.97 0 90 0 0 0.7071068 0 0.7071068 13.8889 0
4.8969 SecondCar -44.18642 0.025 2.97 0 90 0 0 0.7071068 0 0.7071068 13.8889 0
4.8972 Head 0 1.6 0.78 346.575 290.7 4.388793E-07 -0.09615629 -0.5646647 -0.06645774 0.8170013
4.8972 FirstCar -11.98301 0.025 2.97 0 90 0 0 0.7071068 0 0.7071068 13.8889 0
4.8972 SecondCar -44.18123 0.025 2.97 0 90 0 0 0.7071068 0 0.7071068 13.8889 0
4.8976 Head 0 1.6 0.78 346.575 290.7 4.388793E-07 -0.09615629 -0.5646647 -0.06645774 0.8170013
4.8976 FirstCar -11.97809 0.025 2.97 0 90 0 0 0.7071068 0 0.7071068 13.8889 0
4.8976 SecondCar -44.17631 0.025 2.97 0 90 0 0 0.7071068 0 0.7071068 13.8889 0
4.8979 Head 0 1.6 0.78 346.575 290.7 4.388793E-07 -0.09615629 -0.5646647 -0.06645774 0.8170013
4.8979 FirstCar -11.97343 0.025 2.97 0 90 0 0 0.7071068 0 0.7071068 13.8889 0
4.8979 SecondCar -44.17165 0.025 2.97 0 90 0 0 0.7071068 0 0.7071068 13.8889 0
4.8983 Head 0 1.6 0.78 346.575 290.7 4.388793E-07 -0.09615629 -0.5646647 -0.06645774 0.8170013
4.8983 FirstCar -11.96856 0.025 2.97 0 90 0 0 0.7071068 0 0.7071068 13.8889 0
4.8983 SecondCar -44.16677 0.025 2.97 0 90 0 0 0.7071068 0 0.7071068 13.8889 0
4.8986 Head 0 1.6 0.78 346.575 290.7 4.388793E-07 -0.09615629 -0.5646647 -0.06645774 0.8170013
4.8986 FirstCar -11.9638 0.025 2.97 0 90 0 0 0.7071068 0 0.7071068 13.8889 0
4.8986 SecondCar -44.16202 0.025 2.97 0 90 0 0 0.7071068 0 0.7071068 13.8889 0
4.8990 Head 0 1.6 0.78 346.575 290.7 4.388793E-07 -0.09615629 -0.5646647 -0.06645774 0.8170013
4.8990 FirstCar -11.95895 0.025 2.97 0 90 0 0 0.7071068 0 0.7071068 13.8889 0
4.8990 SecondCar -44.15716 0.025 2.97 0 90 0 0 0.7071068 0 0.7071068 13.8889 0
4.8993 Head 0 1.6 0.78 346.575 290.7 4.388793E-07 -0.09615629 -0.5646647 -0.06645774 0.8170013
4.8993 FirstCar -11.95363 0.025 2.97 0 90 0 0 0.7071068 0 0.7071068 13.8889 0
4.8993 SecondCar -44.15185 0.025 2.97 0 90 0 0 0.7071068 0 0.7071068 13.8889 0
4.8997 Head 0 1.6 0.78 346.575 290.7 4.388793E-07 -0.09615629 -0.5646647 -0.06645774 0.8170013
4.8997 FirstCar -11.94875 0.025 2.97 0 90 0 0 0.7071068 0 0.7071068 13.8889 0
4.8997 SecondCar -44.14697 0.025 2.97 0 90 0 0 0.7071068 0 0.7071068 13.8889 0
4.9001 Head 0 1.6 0.78 346.575 290.7 4.388793E-07 -0.09615629 -0.5646647 -0.06645774 0.8170013
4.9001 FirstCar -11.94378 0.025 2.97 0 90 0 0 0.7071068 0 0.7071068 13.8889 0
4.9001 SecondCar -44.14199 0.025 2.97 0 90 0 0 0.7071068 0 0.7071068 13.8889 0
4.9004 Head 0 1.6 0.78 346.575 290.7 4.388793E-07 -0.09615629 -0.5646647 -0.06645774 0.8170013
4.9004 FirstCar -11.93878 0.025 2.97 0 90 0 0 0.7071068 0 0.7071068 13.8889 0
4.9004 SecondCar -44.137 0.025 2.97 0 90 0 0 0.7071068 0 0.7071068 13.8889 0
4.9010 Head 0 1.6 0.78 346.575 290.7 4.388793E-07 -0.09615629 -0.5646647 -0.06645774 0.8170013
4.9010 FirstCar -11.93051 0.025 2.97 0 90 0 0 0.7071068 0 0.7071068 13.8889 0
4.9010 SecondCar -44.12873 0.025 2.97 0 90 0 0 0.7071068 0 0.7071068 13.8889 0
4.9015 Head 0 1.6 0.78 346.575 290.7 4.388793E-07 -0.09615629 -0.5646647 -0.06645774 0.8170013
4.9015 FirstCar -11.92393 0.025 2.97 0 90 0 0 0.7071068 0 0.7071068 13.8889 0
4.9015 SecondCar -44.12215 0.025 2.97 0 90 0 0 0.7071068 0 0.7071068 13.8889 0
4.9019 Head 0 1.6 0.78 346.575 290.7 4.388793E-07 -0.09615629 -0.5646647 -0.06645774 0.8170013
4.9019 FirstCar -11.91802 0.025 2.97 0 90 0 0 0.7071068 0 0.7071068 13.8889 0
4.9019 SecondCar -44.11624 0.025 2.97 0 90 0 0 0.7071068 0 0.7071068 13.8889 0
4.9023 Head 0 1.6 0.78 346.575 290.7 4.388793E-07 -0.09615629 -0.5646647 -0.06645774 0.8170013
4.9023 FirstCar -11.9125 0.025 2.97 0 90 0 0 0.7071068 0 0.7071068 13.8889 0
4.9023 SecondCar -44.11072 0.025 2.97 0 90 0 0 0.7071068 0 0.7071068 13.8889 0
4.9027 Head 0 1.6 0.78 346.575 290.7 4.388793E-07 -0.09615629 -0.5646647 -0.06645774 0.8170013
4.9027 FirstCar -11.90733 0.025 2.97 0 90 0 0 0.7071068 0 0.7071068 13.8889 0
4.9027 SecondCar -44.10555 0.025 2.97 0 90 0 0 0.7071068 0 0.7071068 13.8889 0
4.9030 Head 0 1.6 0.78 346.575 290.7 4.388793E-07 -0.09615629 -0.5646647 -0.06645774 0.8170013
4.9030 FirstCar -11.90238 0.025 2.97 0 90 0 0 0.7071068 0 0.7071068 13.8889 0
4.9030 SecondCar -44.1006 0.025 2.97 0 90 0 0 0.7071068 0 0.7071068 13.8889 0
4.9034 Head 0 1.6 0.78 346.575 290.7 4.388793E-07 -0.09615629 -0.5646647 -0.06645774 0.8170013
4.9034 FirstCar -11.89663 0.025 2.97 0 90 0 0 0.7071068 0 0.7071068 13.8889 0
4.9034 SecondCar -44.09484 0.025 2.97 0 90 0 0 0.7071068 0 0.7071068 13.8889 0
4.9038 Head 0 1.6 0.78 346.575 290.7 4.388793E-07 -0.09615629 -0.5646647 -0.06645774 0.8170013
4.9038 FirstCar -11.8911 0.025 2.97 0 90 0 0 0.7071068 0 0.7071068 13.8889 0
4.9038 SecondCar -44.08932 0.025 2.97 0 90 0 0 0.7071068 0 0.7071068 13.8889 0
4.9042 Head 0 1.6 0.78 346.575 290.7 4.388793E-07 -0.09615629 -0.5646647 -0.06645774 0.8170013
4.9042 FirstCar -11.88603 0.025 2.97 0 90 0 0 0.7071068 0 0.7071068 13.8889 0
4.9042 SecondCar -44.08424 0.025 2.97 0 90 0 0 0.7071068 0 0.7071068 13.8889 0
4.9046 Head 0 1.6 0.78 346.575 290.7 4.388793E-07 -0.09615629 -0.5646647 -0.06645774 0.8170013
4.9046 FirstCar -11.88116 0.025 2.97 0 90 0 0 0.7071068 0 0.7071068 13.8889 0
4.9046 SecondCar -44.07938 0.025 2.97 0 90 0 0 0.7071068 0 0.7071068 13.8889 0
4.9049 Head 0 1.6 0.78 346.575 290.7 4.388793E-07 -0.09615629 -0.5646647 -0.06645774 0.8170013
4.9049 FirstCar -11.87603 0.025 2.97 0 90 0 0 0.7071068 0 0.7071068 13.8889 0
4.9049 SecondCar -44.07425 0.025 2.97 0 90 0 0 0.7071068 0 0.7071068 13.8889 0
4.9053 Head 0 1.6 0.78 346.575 290.7 4.388793E-07 -0.09615629 -0.5646647 -0.06645774 0.8170013
4.9053 FirstCar -11.87127 0.025 2.97 0 90 0 0 0.7071068 0 0.7071068 13.8889 0
4.9053 SecondCar -44.06948 0.025 2.97 0 90 0 0 0.7071068 0 0.7071068 13.8889 0
4.9056 Head 0 1.6 0.78 346.575 290.7 4.388793E-07 -0.09615629 -0.5646647 -0.06645774 0.8170013
4.9056 FirstCar -11.86653 0.025 2.97 0 90 0 0 0.7071068 0 0.7071068 13.8889 0
4.9056 SecondCar -44.06474 0.025 2.97 0 90 0 0 0.7071068 0 0.7071068 13.8889 0
4.9059 Head 0 1.6 0.78 346.575 290.7 4.388793E-07 -0.09615629 -0.5646647 -0.06645774 0.8170013
4.9059 FirstCar -11.86188 0.025 2.97 0 90 0 0 0.7071068 0 0.7071068 13.8889 0
4.9059 SecondCar -44.0601 0.025 2.97 0 90 0 0 0.7071068 0 0.7071068 13.8889 0
4.9063 Head 0 1.6 0.78 346.575 290.7 4.388793E-07 -0.09615629 -0.5646647 -0.06645774 0.8170013
4.9063 FirstCar -11.85678 0.025 2.97 0 90 0 0 0.7071068 0 0.7071068 13.8889 0
4.9063 SecondCar -44.055 0.025 2.97 0 90 0 0 0.7071068 0 0.7071068 13.8889 0
4.9067 Head 0 1.6 0.78 346.575 290.7 4.388793E-07 -0.09615629 -0.5646647 -0.06645774 0.8170013
4.9067 FirstCar -11.85188 0.025 2.97 0 90 0 0 0.7071068 0 0.7071068 13.8889 0
4.9067 SecondCar -44.05009 0.025 2.97 0 90 0 0 0.7071068 0 0.7071068 13.8889 0
4.9071 Head 0 1.6 0.78 346.575 290.7 4.388793E-07 -0.09615629 -0.5646647 -0.06645774 0.8170013
4.9071 FirstCar -11.84651 0.025 2.97 0 90 0 0 0.7071068 0 0.7071068 13.8889 0
4.9071 SecondCar -44.04472 0.025 2.97 0 90 0 0 0.7071068 0 0.7071068 13.8889 0
4.9074 Head 0 1.6 0.78 346.575 290.7 4.388793E-07 -0.09615629 -0.5646647 -0.06645774 0.8170013
4.9074 FirstCar -11.84169 0.025 2.97 0 90 0 0 0.7071068 0 0.7071068 13.8889 0
4.9074 SecondCar -44.03991 0.025 2.97 0 90 0 0 0.7071068 0 0.7071068 13.8889 0
4.9078 Head 0 1.6 0.78 346.575 290.7 4.388793E-07 -0.09615629 -0.5646647 -0.06645774 0.8170013
4.9078 FirstCar -11.83677 0.025 2.97 0 90 0 0 0.7071068 0 0.7071068 13.8889 0
4.9078 SecondCar -44.03498 0.025 2.97 0 90 0 0 0.7071068 0 0.7071068 13.8889 0
4.9081 Head 0 1.6 0.78 346.575 290.7 4.388793E-07 -0.09615629 -0.5646647 -0.06645774 0.8170013
4.9081 FirstCar -11.83162 0.025 2.97 0 90 0 0 0.7071068 0 0.7071068 13.8889 0
4.9081 SecondCar -44.02983 0.025 2.97 0 90 0 0 0.7071068 0 0.7071068 13.8889 0
4.9085 Head 0 1.6 0.78 346.575 290.7 4.388793E-07 -0.09615629 -0.5646647 -0.06645774 0.8170013
4.9085 FirstCar -11.82667 0.025 2.97 0 90 0 0 0.7071068 0 0.7071068 13.8889 0
4.9085 SecondCar -44.02488 0.025 2.97 0 90 0 0 0.7071068 0 0.7071068 13.8889 0
4.9091 Head 0 1.6 0.78 346.575 290.7 4.388793E-07 -0.09615629 -0.5646647 -0.06645774 0.8170013
4.9091 FirstCar -11.81843 0.025 2.97 0 90 0 0 0.7071068 0 0.7071068 13.8889 0
4.9091 SecondCar -44.01665 0.025 2.97 0 90 0 0 0.7071068 0 0.7071068 13.8889 0
4.9094 Head 0 1.6 0.78 346.575 290.7 4.388793E-07 -0.09615629 -0.5646647 -0.06645774 0.8170013
4.9094 FirstCar -11.81329 0.025 2.97 0 90 0 0 0.7071068 0 0.7071068 13.8889 0
4.9094 SecondCar -44.0115 0.025 2.97 0 90 0 0 0.7071068 0 0.7071068 13.8889 0
4.9098 Head 0 1.6 0.78 346.575 290.7 4.388793E-07 -0.09615629 -0.5646647 -0.06645774 0.8170013
4.9098 FirstCar -11.8084 0.025 2.97 0 90 0 0 0.7071068 0 0.7071068 13.8889 0
4.9098 SecondCar -44.00662 0.025 2.97 0 90 0 0 0.7071068 0 0.7071068 13.8889 0
4.9102 Head 0 1.6 0.78 346.575 290.7 4.388793E-07 -0.09615629 -0.5646647 -0.06645774 0.8170013
4.9102 FirstCar -11.80335 0.025 2.97 0 90 0 0 0.7071068 0 0.7071068 13.8889 0
4.9102 SecondCar -44.00156 0.025 2.97 0 90 0 0 0.7071068 0 0.7071068 13.8889 0
4.9106 Head 0 1.6 0.78 346.575 290.7 4.388793E-07 -0.09615629 -0.5646647 -0.06645774 0.8170013
4.9106 FirstCar -11.79747 0.025 2.97 0 90 0 0 0.7071068 0 0.7071068 13.8889 0
4.9106 SecondCar -43.99569 0.025 2.97 0 90 0 0 0.7071068 0 0.7071068 13.8889 0
4.9110 Head 0 1.6 0.78 346.575 290.7 4.388793E-07 -0.09615629 -0.5646647 -0.06645774 0.8170013
4.9110 FirstCar -11.7919 0.025 2.97 0 90 0 0 0.7071068 0 0.7071068 13.8889 0
4.9110 SecondCar -43.99011 0.025 2.97 0 90 0 0 0.7071068 0 0.7071068 13.8889 0
4.9113 Head 0 1.6 0.78 346.575 290.7 4.388793E-07 -0.09615629 -0.5646647 -0.06645774 0.8170013
4.9113 FirstCar -11.78692 0.025 2.97 0 90 0 0 0.7071068 0 0.7071068 13.8889 0
4.9113 SecondCar -43.98513 0.025 2.97 0 90 0 0 0.7071068 0 0.7071068 13.8889 0
4.9117 Head 0 1.6 0.78 346.575 290.7 4.388793E-07 -0.09615629 -0.5646647 -0.06645774 0.8170013
4.9117 FirstCar -11.78218 0.025 2.97 0 90 0 0 0.7071068 0 0.7071068 13.8889 0
4.9117 SecondCar -43.9804 0.025 2.97 0 90 0 0 0.7071068 0 0.7071068 13.8889 0
4.9121 Head 0 1.6 0.78 346.575 290.7 4.388793E-07 -0.09615629 -0.5646647 -0.06645774 0.8170013
4.9121 FirstCar -11.77695 0.025 2.97 0 90 0 0 0.7071068 0 0.7071068 13.8889 0
4.9121 SecondCar -43.97517 0.025 2.97 0 90 0 0 0.7071068 0 0.7071068 13.8889 0
4.9124 Head 0 1.6 0.78 346.575 290.7 4.388793E-07 -0.09615629 -0.5646647 -0.06645774 0.8170013
4.9124 FirstCar -11.77175 0.025 2.97 0 90 0 0 0.7071068 0 0.7071068 13.8889 0
4.9124 SecondCar -43.96997 0.025 2.97 0 90 0 0 0.7071068 0 0.7071068 13.8889 0
4.9128 Head 0 1.6 0.78 346.575 290.7 4.388793E-07 -0.09615629 -0.5646647 -0.06645774 0.8170013
4.9128 FirstCar -11.76682 0.025 2.97 0 90 0 0 0.7071068 0 0.7071068 13.8889 0
4.9128 SecondCar -43.96504 0.025 2.97 0 90 0 0 0.7071068 0 0.7071068 13.8889 0
4.9131 Head 0 1.6 0.78 346.575 290.7 4.388793E-07 -0.09615629 -0.5646647 -0.06645774 0.8170013
4.9131 FirstCar -11.76207 0.025 2.97 0 90 0 0 0.7071068 0 0.7071068 13.8889 0
4.9131 SecondCar -43.96029 0.025 2.97 0 90 0 0 0.7071068 0 0.7071068 13.8889 0
4.9135 Head 0 1.6 0.78 346.575 290.7 4.388793E-07 -0.09615629 -0.5646647 -0.06645774 0.8170013
4.9135 FirstCar -11.75727 0.025 2.97 0 90 0 0 0.7071068 0 0.7071068 13.8889 0
4.9135 SecondCar -43.95549 0.025 2.97 0 90 0 0 0.7071068 0 0.7071068 13.8889 0
4.9138 Head 0 1.6 0.78 346.575 290.7 4.388793E-07 -0.09615629 -0.5646647 -0.06645774 0.8170013
4.9138 FirstCar -11.75259 0.025 2.97 0 90 0 0 0.7071068 0 0.7071068 13.8889 0
4.9138 SecondCar -43.95081 0.025 2.97 0 90 0 0 0.7071068 0 0.7071068 13.8889 0
4.9142 Head 0 1.6 0.78 346.575 290.7 4.388793E-07 -0.09615629 -0.5646647 -0.06645774 0.8170013
4.9142 FirstCar -11.74795 0.025 2.97 0 90 0 0 0.7071068 0 0.7071068 13.8889 0
4.9142 SecondCar -43.94617 0.025 2.97 0 90 0 0 0.7071068 0 0.7071068 13.8889 0
4.9145 Head 0 1.6 0.78 346.575 290.7 4.388793E-07 -0.09615629 -0.5646647 -0.06645774 0.8170013
4.9145 FirstCar -11.74333 0.025 2.97 0 90 0 0 0.7071068 0 0.7071068 13.8889 0
4.9145 SecondCar -43.94155 0.025 2.97 0 90 0 0 0.7071068 0 0.7071068 13.8889 0
4.9148 Head 0 1.6 0.78 346.575 290.7 4.388793E-07 -0.09615629 -0.5646647 -0.06645774 0.8170013
4.9148 FirstCar -11.73871 0.025 2.97 0 90 0 0 0.7071068 0 0.7071068 13.8889 0
4.9148 SecondCar -43.93694 0.025 2.97 0 90 0 0 0.7071068 0 0.7071068 13.8889 0
4.9152 Head 0 1.6 0.78 346.575 290.7 4.388793E-07 -0.09615629 -0.5646647 -0.06645774 0.8170013
4.9152 FirstCar -11.73407 0.025 2.97 0 90 0 0 0.7071068 0 0.7071068 13.8889 0
4.9152 SecondCar -43.93229 0.025 2.97 0 90 0 0 0.7071068 0 0.7071068 13.8889 0
4.9159 Head 0 1.6 0.78 346.575 290.7 4.388793E-07 -0.09615629 -0.5646647 -0.06645774 0.8170013
4.9159 FirstCar -11.72425 0.025 2.97 0 90 0 0 0.7071068 0 0.7071068 13.8889 0
4.9159 SecondCar -43.92247 0.025 2.97 0 90 0 0 0.7071068 0 0.7071068 13.8889 0
4.9163 Head 0 1.6 0.78 346.575 290.7 4.388793E-07 -0.09615629 -0.5646647 -0.06645774 0.8170013
4.9163 FirstCar -11.71837 0.025 2.97 0 90 0 0 0.7071068 0 0.7071068 13.8889 0
4.9163 SecondCar -43.91659 0.025 2.97 0 90 0 0 0.7071068 0 0.7071068 13.8889 0
4.9166 Head 0 1.6 0.78 346.575 290.7 4.388793E-07 -0.09615629 -0.5646647 -0.06645774 0.8170013
4.9166 FirstCar -11.71334 0.025 2.97 0 90 0 0 0.7071068 0 0.7071068 13.8889 0
4.9166 SecondCar -43.91156 0.025 2.97 0 90 0 0 0.7071068 0 0.7071068 13.8889 0
4.9170 Head 0 1.6 0.78 346.575 290.7 4.388793E-07 -0.09615629 -0.5646647 -0.06645774 0.8170013
4.9170 FirstCar -11.70848 0.025 2.97 0 90 0 0 0.7071068 0 0.7071068 13.8889 0
4.9170 SecondCar -43.9067 0.025 2.97 0 90 0 0 0.7071068 0 0.7071068 13.8889 0
4.9173 Head 0 1.6 0.78 346.575 290.7 4.388793E-07 -0.09615629 -0.5646647 -0.06645774 0.8170013
4.9173 FirstCar -11.70372 0.025 2.97 0 90 0 0 0.7071068 0 0.7071068 13.8889 0
4.9173 SecondCar -43.90194 0.025 2.97 0 90 0 0 0.7071068 0 0.7071068 13.8889 0
4.9177 Head 0 1.6 0.78 346.575 290.7 4.388793E-07 -0.09615629 -0.5646647 -0.06645774 0.8170013
4.9177 FirstCar -11.69893 0.025 2.97 0 90 0 0 0.7071068 0 0.7071068 13.8889 0
4.9177 SecondCar -43.89715 0.025 2.97 0 90 0 0 0.7071068 0 0.7071068 13.8889 0
4.9180 Head 0 1.6 0.78 346.575 290.7 4.388793E-07 -0.09615629 -0.5646647 -0.06645774 0.8170013
4.9180 FirstCar -11.69421 0.025 2.97 0 90 0 0 0.7071068 0 0.7071068 13.8889 0
4.9180 SecondCar -43.89243 0.025 2.97 0 90 0 0 0.7071068 0 0.7071068 13.8889 0
4.9185 Head 0 1.6 0.78 346.575 290.7 4.388793E-07 -0.09615629 -0.5646647 -0.06645774 0.8170013
4.9185 FirstCar -11.68688 0.025 2.97 0 90 0 0 0.7071068 0 0.7071068 13.8889 0
4.9185 SecondCar -43.8851 0.025 2.97 0 90 0 0 0.7071068 0 0.7071068 13.8889 0
4.9189 Head 0 1.6 0.78 346.575 290.7 4.388793E-07 -0.09615629 -0.5646647 -0.06645774 0.8170013
4.9189 FirstCar -11.68143 0.025 2.97 0 90 0 0 0.7071068 0 0.7071068 13.8889 0
4.9189 SecondCar -43.87965 0.025 2.97 0 90 0 0 0.7071068 0 0.7071068 13.8889 0
4.9193 Head 0 1.6 0.78 346.575 290.7 4.388793E-07 -0.09615629 -0.5646647 -0.06645774 0.8170013
4.9193 FirstCar -11.67656 0.025 2.97 0 90 0 0 0.7071068 0 0.7071068 13.8889 0
4.9193 SecondCar -43.87478 0.025 2.97 0 90 0 0 0.7071068 0 0.7071068 13.8889 0
4.9196 Head 0 1.6 0.78 346.575 290.7 4.388793E-07 -0.09615629 -0.5646647 -0.06645774 0.8170013
4.9196 FirstCar -11.67165 0.025 2.97 0 90 0 0 0.7071068 0 0.7071068 13.8889 0
4.9196 SecondCar -43.86986 0.025 2.97 0 90 0 0 0.7071068 0 0.7071068 13.8889 0
4.9200 Head 0 1.6 0.78 346.575 290.7 4.388793E-07 -0.09615629 -0.5646647 -0.06645774 0.8170013
4.9200 FirstCar -11.66695 0.025 2.97 0 90 0 0 0.7071068 0 0.7071068 13.8889 0
4.9200 SecondCar -43.86516 0.025 2.97 0 90 0 0 0.7071068 0 0.7071068 13.8889 0
4.9203 Head 0 1.6 0.78 346.575 290.7 4.388793E-07 -0.09615629 -0.5646647 -0.06645774 0.8170013
4.9203 FirstCar -11.66225 0.025 2.97 0 90 0 0 0.7071068 0 0.7071068 13.8889 0
4.9203 SecondCar -43.86047 0.025 2.97 0 90 0 0 0.7071068 0 0.7071068 13.8889 0
4.9207 Head 0 1.6 0.78 346.575 290.7 4.388793E-07 -0.09615629 -0.5646647 -0.06645774 0.8170013
4.9207 FirstCar -11.65749 0.025 2.97 0 90 0 0 0.7071068 0 0.7071068 13.8889 0
4.9207 SecondCar -43.85571 0.025 2.97 0 90 0 0 0.7071068 0 0.7071068 13.8889 0
4.9210 Head 0 1.6 0.78 346.575 290.7 4.388793E-07 -0.09615629 -0.5646647 -0.06645774 0.8170013
4.9210 FirstCar -11.65251 0.025 2.97 0 90 0 0 0.7071068 0 0.7071068 13.8889 0
4.9210 SecondCar -43.85073 0.025 2.97 0 90 0 0 0.7071068 0 0.7071068 13.8889 0
4.9214 Head 0 1.6 0.78 346.575 290.7 4.388793E-07 -0.09615629 -0.5646647 -0.06645774 0.8170013
4.9214 FirstCar -11.64695 0.025 2.97 0 90 0 0 0.7071068 0 0.7071068 13.8889 0
4.9214 SecondCar -43.84517 0.025 2.97 0 90 0 0 0.7071068 0 0.7071068 13.8889 0
4.9219 Head 0 1.6 0.78 346.575 290.7 4.388793E-07 -0.09615629 -0.5646647 -0.06645774 0.8170013
4.9219 FirstCar -11.64051 0.025 2.97 0 90 0 0 0.7071068 0 0.7071068 13.8889 0
4.9219 SecondCar -43.83873 0.025 2.97 0 90 0 0 0.7071068 0 0.7071068 13.8889 0
4.9224 Head 0 1.6 0.78 346.575 290.7 4.388793E-07 -0.09615629 -0.5646647 -0.06645774 0.8170013
4.9224 FirstCar -11.63379 0.025 2.97 0 90 0 0 0.7071068 0 0.7071068 13.8889 0
4.9224 SecondCar -43.832 0.025 2.97 0 90 0 0 0.7071068 0 0.7071068 13.8889 0
4.9228 Head 0 1.6 0.78 346.575 290.7 4.388793E-07 -0.09615629 -0.5646647 -0.06645774 0.8170013
4.9228 FirstCar -11.62815 0.025 2.97 0 90 0 0 0.7071068 0 0.7071068 13.8889 0
4.9228 SecondCar -43.82636 0.025 2.97 0 90 0 0 0.7071068 0 0.7071068 13.8889 0
4.9231 Head 0 1.6 0.78 346.575 290.7 4.388793E-07 -0.09615629 -0.5646647 -0.06645774 0.8170013
4.9231 FirstCar -11.62329 0.025 2.97 0 90 0 0 0.7071068 0 0.7071068 13.8889 0
4.9231 SecondCar -43.82151 0.025 2.97 0 90 0 0 0.7071068 0 0.7071068 13.8889 0
4.9238 Head 0 1.6 0.78 346.575 290.7 4.388793E-07 -0.09615629 -0.5646647 -0.06645774 0.8170013
4.9238 FirstCar -11.6133 0.025 2.97 0 90 0 0 0.7071068 0 0.7071068 13.8889 0
4.9238 SecondCar -43.81152 0.025 2.97 0 90 0 0 0.7071068 0 0.7071068 13.8889 0
4.9242 Head 0 1.6 0.78 346.575 290.7 4.388793E-07 -0.09615629 -0.5646647 -0.06645774 0.8170013
4.9242 FirstCar -11.60783 0.025 2.97 0 90 0 0 0.7071068 0 0.7071068 13.8889 0
4.9242 SecondCar -43.80605 0.025 2.97 0 90 0 0 0.7071068 0 0.7071068 13.8889 0
4.9246 Head 0 1.6 0.78 346.575 290.7 4.388793E-07 -0.09615629 -0.5646647 -0.06645774 0.8170013
4.9246 FirstCar -11.60291 0.025 2.97 0 90 0 0 0.7071068 0 0.7071068 13.8889 0
4.9246 SecondCar -43.80112 0.025 2.97 0 90 0 0 0.7071068 0 0.7071068 13.8889 0
4.9249 Head 0 1.6 0.78 346.575 290.7 4.388793E-07 -0.09615629 -0.5646647 -0.06645774 0.8170013
4.9249 FirstCar -11.59803 0.025 2.97 0 90 0 0 0.7071068 0 0.7071068 13.8889 0
4.9249 SecondCar -43.79624 0.025 2.97 0 90 0 0 0.7071068 0 0.7071068 13.8889 0
4.9253 Head 0 1.6 0.78 346.575 290.7 4.388793E-07 -0.09615629 -0.5646647 -0.06645774 0.8170013
4.9253 FirstCar -11.59332 0.025 2.97 0 90 0 0 0.7071068 0 0.7071068 13.8889 0
4.9253 SecondCar -43.79153 0.025 2.97 0 90 0 0 0.7071068 0 0.7071068 13.8889 0
4.9256 Head 0 1.6 0.78 346.575 290.7 4.388793E-07 -0.09615629 -0.5646647 -0.06645774 0.8170013
4.9256 FirstCar -11.58851 0.025 2.97 0 90 0 0 0.7071068 0 0.7071068 13.8889 0
4.9256 SecondCar -43.78672 0.025 2.97 0 90 0 0 0.7071068 0 0.7071068 13.8889 0
4.9260 Head 0 1.6 0.78 346.575 290.7 4.388793E-07 -0.09615629 -0.5646647 -0.06645774 0.8170013
4.9260 FirstCar -11.58328 0.025 2.97 0 90 0 0 0.7071068 0 0.7071068 13.8889 0
4.9260 SecondCar -43.78149 0.025 2.97 0 90 0 0 0.7071068 0 0.7071068 13.8889 0
4.9263 Head 0 1.6 0.78 346.575 290.7 4.388793E-07 -0.09615629 -0.5646647 -0.06645774 0.8170013
4.9263 FirstCar -11.57853 0.025 2.97 0 90 0 0 0.7071068 0 0.7071068 13.8889 0
4.9263 SecondCar -43.77674 0.025 2.97 0 90 0 0 0.7071068 0 0.7071068 13.8889 0
4.9267 Head 0 1.6 0.78 346.575 290.7 4.388793E-07 -0.09615629 -0.5646647 -0.06645774 0.8170013
4.9267 FirstCar -11.57382 0.025 2.97 0 90 0 0 0.7071068 0 0.7071068 13.8889 0
4.9267 SecondCar -43.77203 0.025 2.97 0 90 0 0 0.7071068 0 0.7071068 13.8889 0
4.9270 Head 0 1.6 0.78 346.575 290.7 4.388793E-07 -0.09615629 -0.5646647 -0.06645774 0.8170013
4.9270 FirstCar -11.56919 0.025 2.97 0 90 0 0 0.7071068 0 0.7071068 13.8889 0
4.9270 SecondCar -43.7674 0.025 2.97 0 90 0 0 0.7071068 0 0.7071068 13.8889 0
4.9274 Head 0 1.6 0.78 346.575 290.7 4.388793E-07 -0.09615629 -0.5646647 -0.06645774 0.8170013
4.9274 FirstCar -11.56456 0.025 2.97 0 90 0 0 0.7071068 0 0.7071068 13.8889 0
4.9274 SecondCar -43.76278 0.025 2.97 0 90 0 0 0.7071068 0 0.7071068 13.8889 0
4.9277 Head 0 1.6 0.78 346.575 290.7 4.388793E-07 -0.09615629 -0.5646647 -0.06645774 0.8170013
4.9277 FirstCar -11.55977 0.025 2.97 0 90 0 0 0.7071068 0 0.7071068 13.8889 0
4.9277 SecondCar -43.75798 0.025 2.97 0 90 0 0 0.7071068 0 0.7071068 13.8889 0
4.9280 Head 0 1.6 0.78 346.575 290.7 4.388793E-07 -0.09615629 -0.5646647 -0.06645774 0.8170013
4.9280 FirstCar -11.55491 0.025 2.97 0 90 0 0 0.7071068 0 0.7071068 13.8889 0
4.9280 SecondCar -43.75312 0.025 2.97 0 90 0 0 0.7071068 0 0.7071068 13.8889 0
4.9284 Head 0 1.6 0.78 346.575 290.7 4.388793E-07 -0.09615629 -0.5646647 -0.06645774 0.8170013
4.9284 FirstCar -11.54995 0.025 2.97 0 90 0 0 0.7071068 0 0.7071068 13.8889 0
4.9284 SecondCar -43.74816 0.025 2.97 0 90 0 0 0.7071068 0 0.7071068 13.8889 0
4.9290 Head 0 1.6 0.78 346.575 290.7 4.388793E-07 -0.09615629 -0.5646647 -0.06645774 0.8170013
4.9290 FirstCar -11.54175 0.025 2.97 0 90 0 0 0.7071068 0 0.7071068 13.8889 0
4.9290 SecondCar -43.73996 0.025 2.97 0 90 0 0 0.7071068 0 0.7071068 13.8889 0
4.9295 Head 0 1.6 0.78 346.575 290.7 4.388793E-07 -0.09615629 -0.5646647 -0.06645774 0.8170013
4.9295 FirstCar -11.53515 0.025 2.97 0 90 0 0 0.7071068 0 0.7071068 13.8889 0
4.9295 SecondCar -43.73336 0.025 2.97 0 90 0 0 0.7071068 0 0.7071068 13.8889 0
4.9299 Head 0 1.6 0.78 346.575 290.7 4.388793E-07 -0.09615629 -0.5646647 -0.06645774 0.8170013
4.9299 FirstCar -11.52952 0.025 2.97 0 90 0 0 0.7071068 0 0.7071068 13.8889 0
4.9299 SecondCar -43.72774 0.025 2.97 0 90 0 0 0.7071068 0 0.7071068 13.8889 0
4.9302 Head 0 1.6 0.78 346.575 290.7 4.388793E-07 -0.09615629 -0.5646647 -0.06645774 0.8170013
4.9302 FirstCar -11.52446 0.025 2.97 0 90 0 0 0.7071068 0 0.7071068 13.8889 0
4.9302 SecondCar -43.72267 0.025 2.97 0 90 0 0 0.7071068 0 0.7071068 13.8889 0
4.9306 Head 0 1.6 0.78 346.575 290.7 4.388793E-07 -0.09615629 -0.5646647 -0.06645774 0.8170013
4.9306 FirstCar -11.51946 0.025 2.97 0 90 0 0 0.7071068 0 0.7071068 13.8889 0
4.9306 SecondCar -43.71767 0.025 2.97 0 90 0 0 0.7071068 0 0.7071068 13.8889 0
4.9310 Head 0 1.6 0.78 346.575 290.7 4.388793E-07 -0.09615629 -0.5646647 -0.06645774 0.8170013
4.9310 FirstCar -11.51439 0.025 2.97 0 90 0 0 0.7071068 0 0.7071068 13.8889 0
4.9310 SecondCar -43.7126 0.025 2.97 0 90 0 0 0.7071068 0 0.7071068 13.8889 0
4.9314 Head 0 1.6 0.78 346.575 290.7 4.388793E-07 -0.09615629 -0.5646647 -0.06645774 0.8170013
4.9314 FirstCar -11.50902 0.025 2.97 0 90 0 0 0.7071068 0 0.7071068 13.8889 0
4.9314 SecondCar -43.70723 0.025 2.97 0 90 0 0 0.7071068 0 0.7071068 13.8889 0
4.9321 Head 0 1.6 0.78 346.575 290.7 4.388793E-07 -0.09615629 -0.5646647 -0.06645774 0.8170013
4.9321 FirstCar -11.49888 0.025 2.97 0 90 0 0 0.7071068 0 0.7071068 13.8889 0
4.9321 SecondCar -43.69709 0.025 2.97 0 90 0 0 0.7071068 0 0.7071068 13.8889 0
4.9325 Head 0 1.6 0.78 346.575 290.7 4.388793E-07 -0.09615629 -0.5646647 -0.06645774 0.8170013
4.9325 FirstCar -11.49334 0.025 2.97 0 90 0 0 0.7071068 0 0.7071068 13.8889 0
4.9325 SecondCar -43.69156 0.025 2.97 0 90 0 0 0.7071068 0 0.7071068 13.8889 0
4.9328 Head 0 1.6 0.78 346.575 290.7 4.388793E-07 -0.09615629 -0.5646647 -0.06645774 0.8170013
4.9328 FirstCar -11.4883 0.025 2.97 0 90 0 0 0.7071068 0 0.7071068 13.8889 0
4.9328 SecondCar -43.68651 0.025 2.97 0 90 0 0 0.7071068 0 0.7071068 13.8889 0
4.9332 Head 0 1.6 0.78 346.575 290.7 4.388793E-07 -0.09615629 -0.5646647 -0.06645774 0.8170013
4.9332 FirstCar -11.48294 0.025 2.97 0 90 0 0 0.7071068 0 0.7071068 13.8889 0
4.9332 SecondCar -43.68115 0.025 2.97 0 90 0 0 0.7071068 0 0.7071068 13.8889 0
4.9336 Head 0 1.6 0.78 346.575 290.7 4.388793E-07 -0.09615629 -0.5646647 -0.06645774 0.8170013
4.9336 FirstCar -11.47809 0.025 2.97 0 90 0 0 0.7071068 0 0.7071068 13.8889 0
4.9336 SecondCar -43.6763 0.025 2.97 0 90 0 0 0.7071068 0 0.7071068 13.8889 0
4.9339 Head 0 1.6 0.78 346.575 290.7 4.388793E-07 -0.09615629 -0.5646647 -0.06645774 0.8170013
4.9339 FirstCar -11.47302 0.025 2.97 0 90 0 0 0.7071068 0 0.7071068 13.8889 0
4.9339 SecondCar -43.67123 0.025 2.97 0 90 0 0 0.7071068 0 0.7071068 13.8889 0
4.9343 Head 0 1.6 0.78 346.575 290.7 4.388793E-07 -0.09615629 -0.5646647 -0.06645774 0.8170013
4.9343 FirstCar -11.4681 0.025 2.97 0 90 0 0 0.7071068 0 0.7071068 13.8889 0
4.9343 SecondCar -43.66631 0.025 2.97 0 90 0 0 0.7071068 0 0.7071068 13.8889 0
4.9347 Head 0 1.6 0.78 346.575 290.7 4.388793E-07 -0.09615629 -0.5646647 -0.06645774 0.8170013
4.9347 FirstCar -11.46278 0.025 2.97 0 90 0 0 0.7071068 0 0.7071068 13.8889 0
4.9347 SecondCar -43.66099 0.025 2.97 0 90 0 0 0.7071068 0 0.7071068 13.8889 0
4.9350 Head 0 1.6 0.78 346.575 290.7 4.388793E-07 -0.09615629 -0.5646647 -0.06645774 0.8170013
4.9350 FirstCar -11.45805 0.025 2.97 0 90 0 0 0.7071068 0 0.7071068 13.8889 0
4.9350 SecondCar -43.65627 0.025 2.97 0 90 0 0 0.7071068 0 0.7071068 13.8889 0
4.9354 Head 0 1.6 0.78 346.575 290.7 4.388793E-07 -0.09615629 -0.5646647 -0.06645774 0.8170013
4.9354 FirstCar -11.45344 0.025 2.97 0 90 0 0 0.7071068 0 0.7071068 13.8889 0
4.9354 SecondCar -43.65165 0.025 2.97 0 90 0 0 0.7071068 0 0.7071068 13.8889 0
4.9357 Head 0 1.6 0.78 346.575 290.7 4.388793E-07 -0.09615629 -0.5646647 -0.06645774 0.8170013
4.9357 FirstCar -11.44876 0.025 2.97 0 90 0 0 0.7071068 0 0.7071068 13.8889 0
4.9357 SecondCar -43.64698 0.025 2.97 0 90 0 0 0.7071068 0 0.7071068 13.8889 0
4.9360 Head 0 1.6 0.78 346.575 290.7 4.388793E-07 -0.09615629 -0.5646647 -0.06645774 0.8170013
4.9360 FirstCar -11.4439 0.025 2.97 0 90 0 0 0.7071068 0 0.7071068 13.8889 0
4.9360 SecondCar -43.64212 0.025 2.97 0 90 0 0 0.7071068 0 0.7071068 13.8889 0
4.9364 Head 0 1.6 0.78 346.575 290.7 4.388793E-07 -0.09615629 -0.5646647 -0.06645774 0.8170013
4.9364 FirstCar -11.43907 0.025 2.97 0 90 0 0 0.7071068 0 0.7071068 13.8889 0
4.9364 SecondCar -43.63728 0.025 2.97 0 90 0 0 0.7071068 0 0.7071068 13.8889 0
4.9367 Head 0 1.6 0.78 346.575 290.7 4.388793E-07 -0.09615629 -0.5646647 -0.06645774 0.8170013
4.9367 FirstCar -11.43445 0.025 2.97 0 90 0 0 0.7071068 0 0.7071068 13.8889 0
4.9367 SecondCar -43.63266 0.025 2.97 0 90 0 0 0.7071068 0 0.7071068 13.8889 0
4.9371 Head 0 1.6 0.78 346.575 290.7 4.388793E-07 -0.09615629 -0.5646647 -0.06645774 0.8170013
4.9371 FirstCar -11.42988 0.025 2.97 0 90 0 0 0.7071068 0 0.7071068 13.8889 0
4.9371 SecondCar -43.62809 0.025 2.97 0 90 0 0 0.7071068 0 0.7071068 13.8889 0
4.9374 Head 0 1.6 0.78 346.575 290.7 4.388793E-07 -0.09615629 -0.5646647 -0.06645774 0.8170013
4.9374 FirstCar -11.42506 0.025 2.97 0 90 0 0 0.7071068 0 0.7071068 13.8889 0
4.9374 SecondCar -43.62328 0.025 2.97 0 90 0 0 0.7071068 0 0.7071068 13.8889 0
4.9377 Head 0 1.6 0.78 346.575 290.7 4.388793E-07 -0.09615629 -0.5646647 -0.06645774 0.8170013
4.9377 FirstCar -11.42028 0.025 2.97 0 90 0 0 0.7071068 0 0.7071068 13.8889 0
4.9377 SecondCar -43.6185 0.025 2.97 0 90 0 0 0.7071068 0 0.7071068 13.8889 0
4.9381 Head 0 1.6 0.78 346.575 290.7 4.388793E-07 -0.09615629 -0.5646647 -0.06645774 0.8170013
4.9381 FirstCar -11.41561 0.025 2.97 0 90 0 0 0.7071068 0 0.7071068 13.8889 0
4.9381 SecondCar -43.61382 0.025 2.97 0 90 0 0 0.7071068 0 0.7071068 13.8889 0
4.9384 Head 0 1.6 0.78 346.575 290.7 4.388793E-07 -0.09615629 -0.5646647 -0.06645774 0.8170013
4.9384 FirstCar -11.41063 0.025 2.97 0 90 0 0 0.7071068 0 0.7071068 13.8889 0
4.9384 SecondCar -43.60884 0.025 2.97 0 90 0 0 0.7071068 0 0.7071068 13.8889 0
4.9388 Head 0 1.6 0.78 346.575 290.7 4.388793E-07 -0.09615629 -0.5646647 -0.06645774 0.8170013
4.9388 FirstCar -11.40569 0.025 2.97 0 90 0 0 0.7071068 0 0.7071068 13.8889 0
4.9388 SecondCar -43.6039 0.025 2.97 0 90 0 0 0.7071068 0 0.7071068 13.8889 0
4.9391 Head 0 1.6 0.78 346.575 290.7 4.388793E-07 -0.09615629 -0.5646647 -0.06645774 0.8170013
4.9391 FirstCar -11.40077 0.025 2.97 0 90 0 0 0.7071068 0 0.7071068 13.8889 0
4.9391 SecondCar -43.59899 0.025 2.97 0 90 0 0 0.7071068 0 0.7071068 13.8889 0
4.9399 Head 0 1.6 0.78 346.575 290.7 4.388793E-07 -0.09615629 -0.5646647 -0.06645774 0.8170013
4.9399 FirstCar -11.39053 0.025 2.97 0 90 0 0 0.7071068 0 0.7071068 13.8889 0
4.9399 SecondCar -43.58875 0.025 2.97 0 90 0 0 0.7071068 0 0.7071068 13.8889 0
4.9403 Head 0 1.6 0.78 346.575 290.7 4.388793E-07 -0.09615629 -0.5646647 -0.06645774 0.8170013
4.9403 FirstCar -11.38483 0.025 2.97 0 90 0 0 0.7071068 0 0.7071068 13.8889 0
4.9403 SecondCar -43.58305 0.025 2.97 0 90 0 0 0.7071068 0 0.7071068 13.8889 0
4.9407 Head 0 1.6 0.78 346.575 290.7 4.388793E-07 -0.09615629 -0.5646647 -0.06645774 0.8170013
4.9407 FirstCar -11.37895 0.025 2.97 0 90 0 0 0.7071068 0 0.7071068 13.8889 0
4.9407 SecondCar -43.57717 0.025 2.97 0 90 0 0 0.7071068 0 0.7071068 13.8889 0
4.9411 Head 0 1.6 0.78 346.575 290.7 4.388793E-07 -0.09615629 -0.5646647 -0.06645774 0.8170013
4.9411 FirstCar -11.37358 0.025 2.97 0 90 0 0 0.7071068 0 0.7071068 13.8889 0
4.9411 SecondCar -43.5718 0.025 2.97 0 90 0 0 0.7071068 0 0.7071068 13.8889 0
4.9415 Head 0 1.6 0.78 346.575 290.7 4.388793E-07 -0.09615629 -0.5646647 -0.06645774 0.8170013
4.9415 FirstCar -11.36832 0.025 2.97 0 90 0 0 0.7071068 0 0.7071068 13.8889 0
4.9415 SecondCar -43.56654 0.025 2.97 0 90 0 0 0.7071068 0 0.7071068 13.8889 0
4.9419 Head 0 1.6 0.78 346.575 290.7 4.388793E-07 -0.09615629 -0.5646647 -0.06645774 0.8170013
4.9419 FirstCar -11.36304 0.025 2.97 0 90 0 0 0.7071068 0 0.7071068 13.8889 0
4.9419 SecondCar -43.56126 0.025 2.97 0 90 0 0 0.7071068 0 0.7071068 13.8889 0
4.9422 Head 0 1.6 0.78 346.575 290.7 4.388793E-07 -0.09615629 -0.5646647 -0.06645774 0.8170013
4.9422 FirstCar -11.35809 0.025 2.97 0 90 0 0 0.7071068 0 0.7071068 13.8889 0
4.9422 SecondCar -43.5563 0.025 2.97 0 90 0 0 0.7071068 0 0.7071068 13.8889 0
4.9426 Head 0 1.6 0.78 346.575 290.7 4.388793E-07 -0.09615629 -0.5646647 -0.06645774 0.8170013
4.9426 FirstCar -11.35309 0.025 2.97 0 90 0 0 0.7071068 0 0.7071068 13.8889 0
4.9426 SecondCar -43.55131 0.025 2.97 0 90 0 0 0.7071068 0 0.7071068 13.8889 0
4.9429 Head 0 1.6 0.78 346.575 290.7 4.388793E-07 -0.09615629 -0.5646647 -0.06645774 0.8170013
4.9429 FirstCar -11.34836 0.025 2.97 0 90 0 0 0.7071068 0 0.7071068 13.8889 0
4.9429 SecondCar -43.54658 0.025 2.97 0 90 0 0 0.7071068 0 0.7071068 13.8889 0
4.9433 Head 0 1.6 0.78 346.575 290.7 4.388793E-07 -0.09615629 -0.5646647 -0.06645774 0.8170013
4.9433 FirstCar -11.34361 0.025 2.97 0 90 0 0 0.7071068 0 0.7071068 13.8889 0
4.9433 SecondCar -43.54182 0.025 2.97 0 90 0 0 0.7071068 0 0.7071068 13.8889 0
4.9436 Head 0 1.6 0.78 346.575 290.7 4.388793E-07 -0.09615629 -0.5646647 -0.06645774 0.8170013
4.9436 FirstCar -11.33902 0.025 2.97 0 90 0 0 0.7071068 0 0.7071068 13.8889 0
4.9436 SecondCar -43.53724 0.025 2.97 0 90 0 0 0.7071068 0 0.7071068 13.8889 0
4.9439 Head 0 1.6 0.78 346.575 290.7 4.388793E-07 -0.09615629 -0.5646647 -0.06645774 0.8170013
4.9439 FirstCar -11.33429 0.025 2.97 0 90 0 0 0.7071068 0 0.7071068 13.8889 0
4.9439 SecondCar -43.53251 0.025 2.97 0 90 0 0 0.7071068 0 0.7071068 13.8889 0
4.9443 Head 0 1.6 0.78 346.575 290.7 4.388793E-07 -0.09615629 -0.5646647 -0.06645774 0.8170013
4.9443 FirstCar -11.32888 0.025 2.97 0 90 0 0 0.7071068 0 0.7071068 13.8889 0
4.9443 SecondCar -43.5271 0.025 2.97 0 90 0 0 0.7071068 0 0.7071068 13.8889 0
4.9447 Head 0 1.6 0.78 346.575 290.7 4.388793E-07 -0.09615629 -0.5646647 -0.06645774 0.8170013
4.9447 FirstCar -11.32377 0.025 2.97 0 90 0 0 0.7071068 0 0.7071068 13.8889 0
4.9447 SecondCar -43.52198 0.025 2.97 0 90 0 0 0.7071068 0 0.7071068 13.8889 0
4.9450 Head 0 1.6 0.78 346.575 290.7 4.388793E-07 -0.09615629 -0.5646647 -0.06645774 0.8170013
4.9450 FirstCar -11.31915 0.025 2.97 0 90 0 0 0.7071068 0 0.7071068 13.8889 0
4.9450 SecondCar -43.51736 0.025 2.97 0 90 0 0 0.7071068 0 0.7071068 13.8889 0
4.9454 Head 0 1.6 0.78 346.575 290.7 4.388793E-07 -0.09615629 -0.5646647 -0.06645774 0.8170013
4.9454 FirstCar -11.31453 0.025 2.97 0 90 0 0 0.7071068 0 0.7071068 13.8889 0
4.9454 SecondCar -43.51275 0.025 2.97 0 90 0 0 0.7071068 0 0.7071068 13.8889 0
4.9457 Head 0 1.6 0.78 346.575 290.7 4.388793E-07 -0.09615629 -0.5646647 -0.06645774 0.8170013
4.9457 FirstCar -11.30995 0.025 2.97 0 90 0 0 0.7071068 0 0.7071068 13.8889 0
4.9457 SecondCar -43.50817 0.025 2.97 0 90 0 0 0.7071068 0 0.7071068 13.8889 0
4.9460 Head 0 1.6 0.78 346.575 290.7 4.388793E-07 -0.09615629 -0.5646647 -0.06645774 0.8170013
4.9460 FirstCar -11.30533 0.025 2.97 0 90 0 0 0.7071068 0 0.7071068 13.8889 0
4.9460 SecondCar -43.50356 0.025 2.97 0 90 0 0 0.7071068 0 0.7071068 13.8889 0
4.9464 Head 0 1.6 0.78 346.575 290.7 4.388793E-07 -0.09615629 -0.5646647 -0.06645774 0.8170013
4.9464 FirstCar -11.30057 0.025 2.97 0 90 0 0 0.7071068 0 0.7071068 13.8889 0
4.9464 SecondCar -43.49879 0.025 2.97 0 90 0 0 0.7071068 0 0.7071068 13.8889 0
4.9467 Head 0 1.6 0.78 346.575 290.7 4.388793E-07 -0.09615629 -0.5646647 -0.06645774 0.8170013
4.9467 FirstCar -11.29589 0.025 2.97 0 90 0 0 0.7071068 0 0.7071068 13.8889 0
4.9467 SecondCar -43.49411 0.025 2.97 0 90 0 0 0.7071068 0 0.7071068 13.8889 0
4.9470 Head 0 1.6 0.78 346.575 290.7 4.388793E-07 -0.09615629 -0.5646647 -0.06645774 0.8170013
4.9470 FirstCar -11.29117 0.025 2.97 0 90 0 0 0.7071068 0 0.7071068 13.8889 0
4.9470 SecondCar -43.48939 0.025 2.97 0 90 0 0 0.7071068 0 0.7071068 13.8889 0
4.9474 Head 0 1.6 0.78 346.575 290.7 4.388793E-07 -0.09615629 -0.5646647 -0.06645774 0.8170013
4.9474 FirstCar -11.28637 0.025 2.97 0 90 0 0 0.7071068 0 0.7071068 13.8889 0
4.9474 SecondCar -43.48459 0.025 2.97 0 90 0 0 0.7071068 0 0.7071068 13.8889 0
4.9481 Head 0 1.6 0.78 346.575 290.7 4.388793E-07 -0.09615629 -0.5646647 -0.06645774 0.8170013
4.9481 FirstCar -11.27701 0.025 2.97 0 90 0 0 0.7071068 0 0.7071068 13.8889 0
4.9481 SecondCar -43.47523 0.025 2.97 0 90 0 0 0.7071068 0 0.7071068 13.8889 0
4.9490 Head 0 1.6 0.78 346.575 290.7 4.388793E-07 -0.09615629 -0.5646647 -0.06645774 0.8170013
4.9490 FirstCar -11.26374 0.025 2.97 0 90 0 0 0.7071068 0 0.7071068 13.8889 0
4.9490 SecondCar -43.46196 0.025 2.97 0 90 0 0 0.7071068 0 0.7071068 13.8889 0
4.9498 Head 0 1.6 0.78 346.575 290.7 4.388793E-07 -0.09615629 -0.5646647 -0.06645774 0.8170013
4.9498 FirstCar -11.25274 0.025 2.97 0 90 0 0 0.7071068 0 0.7071068 13.8889 0
4.9498 SecondCar -43.45096 0.025 2.97 0 90 0 0 0.7071068 0 0.7071068 13.8889 0
4.9502 Head 0 1.6 0.78 346.575 290.7 4.388793E-07 -0.09615629 -0.5646647 -0.06645774 0.8170013
4.9502 FirstCar -11.24709 0.025 2.97 0 90 0 0 0.7071068 0 0.7071068 13.8889 0
4.9502 SecondCar -43.44531 0.025 2.97 0 90 0 0 0.7071068 0 0.7071068 13.8889 0
4.9506 Head 0 1.6 0.78 346.575 290.7 4.388793E-07 -0.09615629 -0.5646647 -0.06645774 0.8170013
4.9506 FirstCar -11.24195 0.025 2.97 0 90 0 0 0.7071068 0 0.7071068 13.8889 0
4.9506 SecondCar -43.44017 0.025 2.97 0 90 0 0 0.7071068 0 0.7071068 13.8889 0
4.9509 Head 0 1.6 0.78 346.575 290.7 4.388793E-07 -0.09615629 -0.5646647 -0.06645774 0.8170013
4.9509 FirstCar -11.23715 0.025 2.97 0 90 0 0 0.7071068 0 0.7071068 13.8889 0
4.9509 SecondCar -43.43538 0.025 2.97 0 90 0 0 0.7071068 0 0.7071068 13.8889 0
4.9513 Head 0 1.6 0.78 346.575 290.7 4.388793E-07 -0.09615629 -0.5646647 -0.06645774 0.8170013
4.9513 FirstCar -11.23195 0.025 2.97 0 90 0 0 0.7071068 0 0.7071068 13.8889 0
4.9513 SecondCar -43.43018 0.025 2.97 0 90 0 0 0.7071068 0 0.7071068 13.8889 0
4.9517 Head 0 1.6 0.78 346.575 290.7 4.388793E-07 -0.09615629 -0.5646647 -0.06645774 0.8170013
4.9517 FirstCar -11.22682 0.025 2.97 0 90 0 0 0.7071068 0 0.7071068 13.8889 0
4.9517 SecondCar -43.42505 0.025 2.97 0 90 0 0 0.7071068 0 0.7071068 13.8889 0
4.9520 Head 0 1.6 0.78 346.575 290.7 4.388793E-07 -0.09615629 -0.5646647 -0.06645774 0.8170013
4.9520 FirstCar -11.22208 0.025 2.97 0 90 0 0 0.7071068 0 0.7071068 13.8889 0
4.9520 SecondCar -43.4203 0.025 2.97 0 90 0 0 0.7071068 0 0.7071068 13.8889 0
4.9524 Head 0 1.6 0.78 346.575 290.7 4.388793E-07 -0.09615629 -0.5646647 -0.06645774 0.8170013
4.9524 FirstCar -11.21733 0.025 2.97 0 90 0 0 0.7071068 0 0.7071068 13.8889 0
4.9524 SecondCar -43.41555 0.025 2.97 0 90 0 0 0.7071068 0 0.7071068 13.8889 0
4.9527 Head 0 1.6 0.78 346.575 290.7 4.388793E-07 -0.09615629 -0.5646647 -0.06645774 0.8170013
4.9527 FirstCar -11.21257 0.025 2.97 0 90 0 0 0.7071068 0 0.7071068 13.8889 0
4.9527 SecondCar -43.41079 0.025 2.97 0 90 0 0 0.7071068 0 0.7071068 13.8889 0
4.9530 Head 0 1.6 0.78 346.575 290.7 4.388793E-07 -0.09615629 -0.5646647 -0.06645774 0.8170013
4.9530 FirstCar -11.20791 0.025 2.97 0 90 0 0 0.7071068 0 0.7071068 13.8889 0
4.9530 SecondCar -43.40613 0.025 2.97 0 90 0 0 0.7071068 0 0.7071068 13.8889 0
4.9534 Head 0 1.6 0.78 346.575 290.7 4.388793E-07 -0.09615629 -0.5646647 -0.06645774 0.8170013
4.9534 FirstCar -11.2021 0.025 2.97 0 90 0 0 0.7071068 0 0.7071068 13.8889 0
4.9534 SecondCar -43.40032 0.025 2.97 0 90 0 0 0.7071068 0 0.7071068 13.8889 0
4.9538 Head 0 1.6 0.78 346.575 290.7 4.388793E-07 -0.09615629 -0.5646647 -0.06645774 0.8170013
4.9538 FirstCar -11.19684 0.025 2.97 0 90 0 0 0.7071068 0 0.7071068 13.8889 0
4.9538 SecondCar -43.39505 0.025 2.97 0 90 0 0 0.7071068 0 0.7071068 13.8889 0
4.9542 Head 0 1.6 0.78 346.575 290.7 4.388793E-07 -0.09615629 -0.5646647 -0.06645774 0.8170013
4.9542 FirstCar -11.19173 0.025 2.97 0 90 0 0 0.7071068 0 0.7071068 13.8889 0
4.9542 SecondCar -43.38995 0.025 2.97 0 90 0 0 0.7071068 0 0.7071068 13.8889 0
4.9546 Head 0 1.6 0.78 346.575 290.7 4.388793E-07 -0.09615629 -0.5646647 -0.06645774 0.8170013
4.9546 FirstCar -11.18662 0.025 2.97 0 90 0 0 0.7071068 0 0.7071068 13.8889 0
4.9546 SecondCar -43.38484 0.025 2.97 0 90 0 0 0.7071068 0 0.7071068 13.8889 0
4.9550 Head 0 1.6 0.78 346.575 290.7 4.388793E-07 -0.09615629 -0.5646647 -0.06645774 0.8170013
4.9550 FirstCar -11.18113 0.025 2.97 0 90 0 0 0.7071068 0 0.7071068 13.8889 0
4.9550 SecondCar -43.37935 0.025 2.97 0 90 0 0 0.7071068 0 0.7071068 13.8889 0
4.9553 Head 0 1.6 0.78 346.575 290.7 4.388793E-07 -0.09615629 -0.5646647 -0.06645774 0.8170013
4.9553 FirstCar -11.17593 0.025 2.97 0 90 0 0 0.7071068 0 0.7071068 13.8889 0
4.9553 SecondCar -43.37415 0.025 2.97 0 90 0 0 0.7071068 0 0.7071068 13.8889 0
4.9561 Head 0 1.6 0.78 346.575 290.7 4.388793E-07 -0.09615629 -0.5646647 -0.06645774 0.8170013
4.9561 FirstCar -11.16564 0.025 2.97 0 90 0 0 0.7071068 0 0.7071068 13.8889 0
4.9561 SecondCar -43.36386 0.025 2.97 0 90 0 0 0.7071068 0 0.7071068 13.8889 0
4.9565 Head 0 1.6 0.78 346.575 290.7 4.388793E-07 -0.09615629 -0.5646647 -0.06645774 0.8170013
4.9565 FirstCar -11.15932 0.025 2.97 0 90 0 0 0.7071068 0 0.7071068 13.8889 0
4.9565 SecondCar -43.35754 0.025 2.97 0 90 0 0 0.7071068 0 0.7071068 13.8889 0
4.9569 Head 0 1.6 0.78 346.575 290.7 4.388793E-07 -0.09615629 -0.5646647 -0.06645774 0.8170013
4.9569 FirstCar -11.15386 0.025 2.97 0 90 0 0 0.7071068 0 0.7071068 13.8889 0
4.9569 SecondCar -43.35209 0.025 2.97 0 90 0 0 0.7071068 0 0.7071068 13.8889 0
4.9573 Head 0 1.6 0.78 346.575 290.7 4.388793E-07 -0.09615629 -0.5646647 -0.06645774 0.8170013
4.9573 FirstCar -11.14871 0.025 2.97 0 90 0 0 0.7071068 0 0.7071068 13.8889 0
4.9573 SecondCar -43.34693 0.025 2.97 0 90 0 0 0.7071068 0 0.7071068 13.8889 0
4.9576 Head 0 1.6 0.78 346.575 290.7 4.388793E-07 -0.09615629 -0.5646647 -0.06645774 0.8170013
4.9576 FirstCar -11.14376 0.025 2.97 0 90 0 0 0.7071068 0 0.7071068 13.8889 0
4.9576 SecondCar -43.34198 0.025 2.97 0 90 0 0 0.7071068 0 0.7071068 13.8889 0
4.9580 Head 0 1.6 0.78 346.575 290.7 4.388793E-07 -0.09615629 -0.5646647 -0.06645774 0.8170013
4.9580 FirstCar -11.13875 0.025 2.97 0 90 0 0 0.7071068 0 0.7071068 13.8889 0
4.9580 SecondCar -43.33698 0.025 2.97 0 90 0 0 0.7071068 0 0.7071068 13.8889 0
4.9584 Head 0 1.6 0.78 346.575 290.7 4.388793E-07 -0.09615629 -0.5646647 -0.06645774 0.8170013
4.9584 FirstCar -11.13323 0.025 2.97 0 90 0 0 0.7071068 0 0.7071068 13.8889 0
4.9584 SecondCar -43.33145 0.025 2.97 0 90 0 0 0.7071068 0 0.7071068 13.8889 0
4.9588 Head 0 1.6 0.78 346.575 290.7 4.388793E-07 -0.09615629 -0.5646647 -0.06645774 0.8170013
4.9588 FirstCar -11.12833 0.025 2.97 0 90 0 0 0.7071068 0 0.7071068 13.8889 0
4.9588 SecondCar -43.32655 0.025 2.97 0 90 0 0 0.7071068 0 0.7071068 13.8889 0
4.9591 Head 0 1.6 0.78 346.575 290.7 4.388793E-07 -0.09615629 -0.5646647 -0.06645774 0.8170013
4.9591 FirstCar -11.12365 0.025 2.97 0 90 0 0 0.7071068 0 0.7071068 13.8889 0
4.9591 SecondCar -43.32187 0.025 2.97 0 90 0 0 0.7071068 0 0.7071068 13.8889 0
4.9595 Head 0 1.6 0.78 346.575 290.7 4.388793E-07 -0.09615629 -0.5646647 -0.06645774 0.8170013
4.9595 FirstCar -11.11757 0.025 2.97 0 90 0 0 0.7071068 0 0.7071068 13.8889 0
4.9595 SecondCar -43.31579 0.025 2.97 0 90 0 0 0.7071068 0 0.7071068 13.8889 0
4.9600 Head 0 1.6 0.78 346.575 290.7 4.388793E-07 -0.09615629 -0.5646647 -0.06645774 0.8170013
4.9600 FirstCar -11.11174 0.025 2.97 0 90 0 0 0.7071068 0 0.7071068 13.8889 0
4.9600 SecondCar -43.30995 0.025 2.97 0 90 0 0 0.7071068 0 0.7071068 13.8889 0
4.9603 Head 0 1.6 0.78 346.575 290.7 4.388793E-07 -0.09615629 -0.5646647 -0.06645774 0.8170013
4.9603 FirstCar -11.10671 0.025 2.97 0 90 0 0 0.7071068 0 0.7071068 13.8889 0
4.9603 SecondCar -43.30492 0.025 2.97 0 90 0 0 0.7071068 0 0.7071068 13.8889 0
4.9607 Head 0 1.6 0.78 346.575 290.7 4.388793E-07 -0.09615629 -0.5646647 -0.06645774 0.8170013
4.9607 FirstCar -11.1019 0.025 2.97 0 90 0 0 0.7071068 0 0.7071068 13.8889 0
4.9607 SecondCar -43.30012 0.025 2.97 0 90 0 0 0.7071068 0 0.7071068 13.8889 0
4.9610 Head 0 1.6 0.78 346.575 290.7 4.388793E-07 -0.09615629 -0.5646647 -0.06645774 0.8170013
4.9610 FirstCar -11.0971 0.025 2.97 0 90 0 0 0.7071068 0 0.7071068 13.8889 0
4.9610 SecondCar -43.29531 0.025 2.97 0 90 0 0 0.7071068 0 0.7071068 13.8889 0
4.9614 Head 0 1.6 0.78 346.575 290.7 4.388793E-07 -0.09615629 -0.5646647 -0.06645774 0.8170013
4.9614 FirstCar -11.09217 0.025 2.97 0 90 0 0 0.7071068 0 0.7071068 13.8889 0
4.9614 SecondCar -43.29038 0.025 2.97 0 90 0 0 0.7071068 0 0.7071068 13.8889 0
4.9618 Head 0 1.6 0.78 346.575 290.7 4.388793E-07 -0.09615629 -0.5646647 -0.06645774 0.8170013
4.9618 FirstCar -11.08663 0.025 2.97 0 90 0 0 0.7071068 0 0.7071068 13.8889 0
4.9618 SecondCar -43.28484 0.025 2.97 0 90 0 0 0.7071068 0 0.7071068 13.8889 0
4.9621 Head 0 1.6 0.78 346.575 290.7 4.388793E-07 -0.09615629 -0.5646647 -0.06645774 0.8170013
4.9621 FirstCar -11.08171 0.025 2.97 0 90 0 0 0.7071068 0 0.7071068 13.8889 0
4.9621 SecondCar -43.27992 0.025 2.97 0 90 0 0 0.7071068 0 0.7071068 13.8889 0
4.9625 Head 0 1.6 0.78 346.575 290.7 4.388793E-07 -0.09615629 -0.5646647 -0.06645774 0.8170013
4.9625 FirstCar -11.07688 0.025 2.97 0 90 0 0 0.7071068 0 0.7071068 13.8889 0
4.9625 SecondCar -43.27509 0.025 2.97 0 90 0 0 0.7071068 0 0.7071068 13.8889 0
4.9628 Head 0 1.6 0.78 346.575 290.7 4.388793E-07 -0.09615629 -0.5646647 -0.06645774 0.8170013
4.9628 FirstCar -11.07166 0.025 2.97 0 90 0 0 0.7071068 0 0.7071068 13.8889 0
4.9628 SecondCar -43.26987 0.025 2.97 0 90 0 0 0.7071068 0 0.7071068 13.8889 0
4.9633 Head 0 1.6 0.78 346.575 290.7 4.388793E-07 -0.09615629 -0.5646647 -0.06645774 0.8170013
4.9633 FirstCar -11.0658 0.025 2.97 0 90 0 0 0.7071068 0 0.7071068 13.8889 0
4.9633 SecondCar -43.26402 0.025 2.97 0 90 0 0 0.7071068 0 0.7071068 13.8889 0
4.9640 Head 0 1.6 0.78 346.575 290.7 4.388793E-07 -0.09615629 -0.5646647 -0.06645774 0.8170013
4.9640 FirstCar -11.05562 0.025 2.97 0 90 0 0 0.7071068 0 0.7071068 13.8889 0
4.9640 SecondCar -43.25383 0.025 2.97 0 90 0 0 0.7071068 0 0.7071068 13.8889 0
4.9644 Head 0 1.6 0.78 346.575 290.7 4.388793E-07 -0.09615629 -0.5646647 -0.06645774 0.8170013
4.9644 FirstCar -11.05021 0.025 2.97 0 90 0 0 0.7071068 0 0.7071068 13.8889 0
4.9644 SecondCar -43.24842 0.025 2.97 0 90 0 0 0.7071068 0 0.7071068 13.8889 0
4.9648 Head 0 1.6 0.78 346.575 290.7 4.388793E-07 -0.09615629 -0.5646647 -0.06645774 0.8170013
4.9648 FirstCar -11.04501 0.025 2.97 0 90 0 0 0.7071068 0 0.7071068 13.8889 0
4.9648 SecondCar -43.24322 0.025 2.97 0 90 0 0 0.7071068 0 0.7071068 13.8889 0
4.9651 Head 0 1.6 0.78 346.575 290.7 4.388793E-07 -0.09615629 -0.5646647 -0.06645774 0.8170013
4.9651 FirstCar -11.04001 0.025 2.97 0 90 0 0 0.7071068 0 0.7071068 13.8889 0
4.9651 SecondCar -43.23822 0.025 2.97 0 90 0 0 0.7071068 0 0.7071068 13.8889 0
4.9663 Head 0 1.6 0.78 346.575 290.7 4.388793E-07 -0.09615629 -0.5646647 -0.06645774 0.8170013
4.9663 FirstCar -11.02386 0.025 2.97 0 90 0 0 0.7071068 0 0.7071068 13.8889 0
4.9663 SecondCar -43.22206 0.025 2.97 0 90 0 0 0.7071068 0 0.7071068 13.8889 0
4.9666 Head 0 1.6 0.78 346.575 290.7 4.388793E-07 -0.09615629 -0.5646647 -0.06645774 0.8170013
4.9666 FirstCar -11.01898 0.025 2.97 0 90 0 0 0.7071068 0 0.7071068 13.8889 0
4.9666 SecondCar -43.21719 0.025 2.97 0 90 0 0 0.7071068 0 0.7071068 13.8889 0
4.9670 Head 0 1.6 0.78 346.575 290.7 4.388793E-07 -0.09615629 -0.5646647 -0.06645774 0.8170013
4.9670 FirstCar -11.01397 0.025 2.97 0 90 0 0 0.7071068 0 0.7071068 13.8889 0
4.9670 SecondCar -43.21218 0.025 2.97 0 90 0 0 0.7071068 0 0.7071068 13.8889 0
4.9673 Head 0 1.6 0.78 346.575 290.7 4.388793E-07 -0.09615629 -0.5646647 -0.06645774 0.8170013
4.9673 FirstCar -11.00927 0.025 2.97 0 90 0 0 0.7071068 0 0.7071068 13.8889 0
4.9673 SecondCar -43.20748 0.025 2.97 0 90 0 0 0.7071068 0 0.7071068 13.8889 0
4.9677 Head 0 1.6 0.78 346.575 290.7 4.388793E-07 -0.09615629 -0.5646647 -0.06645774 0.8170013
4.9677 FirstCar -11.00453 0.025 2.97 0 90 0 0 0.7071068 0 0.7071068 13.8889 0
4.9677 SecondCar -43.20274 0.025 2.97 0 90 0 0 0.7071068 0 0.7071068 13.8889 0
4.9680 Head 0 1.6 0.78 346.575 290.7 4.388793E-07 -0.09615629 -0.5646647 -0.06645774 0.8170013
4.9680 FirstCar -10.9997 0.025 2.97 0 90 0 0 0.7071068 0 0.7071068 13.8889 0
4.9680 SecondCar -43.19791 0.025 2.97 0 90 0 0 0.7071068 0 0.7071068 13.8889 0
4.9684 Head 0 1.6 0.78 346.575 290.7 4.388793E-07 -0.09615629 -0.5646647 -0.06645774 0.8170013
4.9684 FirstCar -10.99429 0.025 2.97 0 90 0 0 0.7071068 0 0.7071068 13.8889 0
4.9684 SecondCar -43.1925 0.025 2.97 0 90 0 0 0.7071068 0 0.7071068 13.8889 0
4.9690 Head 0 1.6 0.78 346.575 290.7 4.388793E-07 -0.09615629 -0.5646647 -0.06645774 0.8170013
4.9690 FirstCar -10.98576 0.025 2.97 0 90 0 0 0.7071068 0 0.7071068 13.8889 0
4.9690 SecondCar -43.18397 0.025 2.97 0 90 0 0 0.7071068 0 0.7071068 13.8889 0
4.9694 Head 0 1.6 0.78 346.575 290.7 4.388793E-07 -0.09615629 -0.5646647 -0.06645774 0.8170013
4.9694 FirstCar -10.98042 0.025 2.97 0 90 0 0 0.7071068 0 0.7071068 13.8889 0
4.9694 SecondCar -43.17863 0.025 2.97 0 90 0 0 0.7071068 0 0.7071068 13.8889 0
4.9698 Head 0 1.6 0.78 346.575 290.7 4.388793E-07 -0.09615629 -0.5646647 -0.06645774 0.8170013
4.9698 FirstCar -10.97508 0.025 2.97 0 90 0 0 0.7071068 0 0.7071068 13.8889 0
4.9698 SecondCar -43.17329 0.025 2.97 0 90 0 0 0.7071068 0 0.7071068 13.8889 0
4.9703 Head 0 1.6 0.78 346.575 290.7 4.388793E-07 -0.09615629 -0.5646647 -0.06645774 0.8170013
4.9703 FirstCar -10.96871 0.025 2.97 0 90 0 0 0.7071068 0 0.7071068 13.8889 0
4.9703 SecondCar -43.16692 0.025 2.97 0 90 0 0 0.7071068 0 0.7071068 13.8889 0
4.9707 Head 0 1.6 0.78 346.575 290.7 4.388793E-07 -0.09615629 -0.5646647 -0.06645774 0.8170013
4.9707 FirstCar -10.96251 0.025 2.97 0 90 0 0 0.7071068 0 0.7071068 13.8889 0
4.9707 SecondCar -43.16072 0.025 2.97 0 90 0 0 0.7071068 0 0.7071068 13.8889 0
4.9711 Head 0 1.6 0.78 346.575 290.7 4.388793E-07 -0.09615629 -0.5646647 -0.06645774 0.8170013
4.9711 FirstCar -10.95722 0.025 2.97 0 90 0 0 0.7071068 0 0.7071068 13.8889 0
4.9711 SecondCar -43.15544 0.025 2.97 0 90 0 0 0.7071068 0 0.7071068 13.8889 0
4.9715 Head 0 1.6 0.78 346.575 290.7 4.388793E-07 -0.09615629 -0.5646647 -0.06645774 0.8170013
4.9715 FirstCar -10.95138 0.025 2.97 0 90 0 0 0.7071068 0 0.7071068 13.8889 0
4.9715 SecondCar -43.1496 0.025 2.97 0 90 0 0 0.7071068 0 0.7071068 13.8889 0
4.9722 Head 0 1.6 0.78 346.575 290.7 4.388793E-07 -0.09615629 -0.5646647 -0.06645774 0.8170013
4.9722 FirstCar -10.94136 0.025 2.97 0 90 0 0 0.7071068 0 0.7071068 13.8889 0
4.9722 SecondCar -43.13957 0.025 2.97 0 90 0 0 0.7071068 0 0.7071068 13.8889 0
4.9726 Head 0 1.6 0.78 346.575 290.7 4.388793E-07 -0.09615629 -0.5646647 -0.06645774 0.8170013
4.9726 FirstCar -10.93566 0.025 2.97 0 90 0 0 0.7071068 0 0.7071068 13.8889 0
4.9726 SecondCar -43.13388 0.025 2.97 0 90 0 0 0.7071068 0 0.7071068 13.8889 0
4.9730 Head 0 1.6 0.78 346.575 290.7 4.388793E-07 -0.09615629 -0.5646647 -0.06645774 0.8170013
4.9730 FirstCar -10.93055 0.025 2.97 0 90 0 0 0.7071068 0 0.7071068 13.8889 0
4.9730 SecondCar -43.12877 0.025 2.97 0 90 0 0 0.7071068 0 0.7071068 13.8889 0
4.9734 Head 0 1.6 0.78 346.575 290.7 4.388793E-07 -0.09615629 -0.5646647 -0.06645774 0.8170013
4.9734 FirstCar -10.92554 0.025 2.97 0 90 0 0 0.7071068 0 0.7071068 13.8889 0
4.9734 SecondCar -43.12376 0.025 2.97 0 90 0 0 0.7071068 0 0.7071068 13.8889 0
4.9737 Head 0 1.6 0.78 346.575 290.7 4.388793E-07 -0.09615629 -0.5646647 -0.06645774 0.8170013
4.9737 FirstCar -10.92075 0.025 2.97 0 90 0 0 0.7071068 0 0.7071068 13.8889 0
4.9737 SecondCar -43.11897 0.025 2.97 0 90 0 0 0.7071068 0 0.7071068 13.8889 0
4.9741 Head 0 1.6 0.78 346.575 290.7 4.388793E-07 -0.09615629 -0.5646647 -0.06645774 0.8170013
4.9741 FirstCar -10.91526 0.025 2.97 0 90 0 0 0.7071068 0 0.7071068 13.8889 0
4.9741 SecondCar -43.11347 0.025 2.97 0 90 0 0 0.7071068 0 0.7071068 13.8889 0
4.9745 Head 0 1.6 0.78 346.575 290.7 4.388793E-07 -0.09615629 -0.5646647 -0.06645774 0.8170013
4.9745 FirstCar -10.91037 0.025 2.97 0 90 0 0 0.7071068 0 0.7071068 13.8889 0
4.9745 SecondCar -43.10859 0.025 2.97 0 90 0 0 0.7071068 0 0.7071068 13.8889 0
4.9748 Head 0 1.6 0.78 346.575 290.7 4.388793E-07 -0.09615629 -0.5646647 -0.06645774 0.8170013
4.9748 FirstCar -10.90571 0.025 2.97 0 90 0 0 0.7071068 0 0.7071068 13.8889 0
4.9748 SecondCar -43.10392 0.025 2.97 0 90 0 0 0.7071068 0 0.7071068 13.8889 0
4.9751 Head 0 1.6 0.78 346.575 290.7 4.388793E-07 -0.09615629 -0.5646647 -0.06645774 0.8170013
4.9751 FirstCar -10.90094 0.025 2.97 0 90 0 0 0.7071068 0 0.7071068 13.8889 0
4.9751 SecondCar -43.09915 0.025 2.97 0 90 0 0 0.7071068 0 0.7071068 13.8889 0
4.9755 Head 0 1.6 0.78 346.575 290.7 4.388793E-07 -0.09615629 -0.5646647 -0.06645774 0.8170013
4.9755 FirstCar -10.89601 0.025 2.97 0 90 0 0 0.7071068 0 0.7071068 13.8889 0
4.9755 SecondCar -43.09423 0.025 2.97 0 90 0 0 0.7071068 0 0.7071068 13.8889 0
4.9758 Head 0 1.6 0.78 346.575 290.7 4.388793E-07 -0.09615629 -0.5646647 -0.06645774 0.8170013
4.9758 FirstCar -10.8913 0.025 2.97 0 90 0 0 0.7071068 0 0.7071068 13.8889 0
4.9758 SecondCar -43.08952 0.025 2.97 0 90 0 0 0.7071068 0 0.7071068 13.8889 0
4.9762 Head 0 1.6 0.78 346.575 290.7 4.388793E-07 -0.09615629 -0.5646647 -0.06645774 0.8170013
4.9762 FirstCar -10.88657 0.025 2.97 0 90 0 0 0.7071068 0 0.7071068 13.8889 0
4.9762 SecondCar -43.08479 0.025 2.97 0 90 0 0 0.7071068 0 0.7071068 13.8889 0
4.9765 Head 0 1.6 0.78 346.575 290.7 4.388793E-07 -0.09615629 -0.5646647 -0.06645774 0.8170013
4.9765 FirstCar -10.88187 0.025 2.97 0 90 0 0 0.7071068 0 0.7071068 13.8889 0
4.9765 SecondCar -43.08009 0.025 2.97 0 90 0 0 0.7071068 0 0.7071068 13.8889 0
4.9769 Head 0 1.6 0.78 346.575 290.7 4.388793E-07 -0.09615629 -0.5646647 -0.06645774 0.8170013
4.9769 FirstCar -10.87691 0.025 2.97 0 90 0 0 0.7071068 0 0.7071068 13.8889 0
4.9769 SecondCar -43.07513 0.025 2.97 0 90 0 0 0.7071068 0 0.7071068 13.8889 0
4.9772 Head 0 1.6 0.78 346.575 290.7 4.388793E-07 -0.09615629 -0.5646647 -0.06645774 0.8170013
4.9772 FirstCar -10.87216 0.025 2.97 0 90 0 0 0.7071068 0 0.7071068 13.8889 0
4.9772 SecondCar -43.07037 0.025 2.97 0 90 0 0 0.7071068 0 0.7071068 13.8889 0
4.9775 Head 0 1.6 0.78 346.575 290.7 4.388793E-07 -0.09615629 -0.5646647 -0.06645774 0.8170013
4.9775 FirstCar -10.86754 0.025 2.97 0 90 0 0 0.7071068 0 0.7071068 13.8889 0
4.9775 SecondCar -43.06576 0.025 2.97 0 90 0 0 0.7071068 0 0.7071068 13.8889 0
4.9779 Head 0 1.6 0.78 346.575 290.7 4.388793E-07 -0.09615629 -0.5646647 -0.06645774 0.8170013
4.9779 FirstCar -10.86279 0.025 2.97 0 90 0 0 0.7071068 0 0.7071068 13.8889 0
4.9779 SecondCar -43.061 0.025 2.97 0 90 0 0 0.7071068 0 0.7071068 13.8889 0
4.9783 Head 0 1.6 0.78 346.575 290.7 4.388793E-07 -0.09615629 -0.5646647 -0.06645774 0.8170013
4.9783 FirstCar -10.85729 0.025 2.97 0 90 0 0 0.7071068 0 0.7071068 13.8889 0
4.9783 SecondCar -43.05551 0.025 2.97 0 90 0 0 0.7071068 0 0.7071068 13.8889 0
4.9786 Head 0 1.6 0.78 346.575 290.7 4.388793E-07 -0.09615629 -0.5646647 -0.06645774 0.8170013
4.9786 FirstCar -10.85268 0.025 2.97 0 90 0 0 0.7071068 0 0.7071068 13.8889 0
4.9786 SecondCar -43.0509 0.025 2.97 0 90 0 0 0.7071068 0 0.7071068 13.8889 0
4.9790 Head 0 1.6 0.78 346.575 290.7 4.388793E-07 -0.09615629 -0.5646647 -0.06645774 0.8170013
4.9790 FirstCar -10.84778 0.025 2.97 0 90 0 0 0.7071068 0 0.7071068 13.8889 0
4.9790 SecondCar -43.046 0.025 2.97 0 90 0 0 0.7071068 0 0.7071068 13.8889 0
4.9793 Head 0 1.6 0.78 346.575 290.7 4.388793E-07 -0.09615629 -0.5646647 -0.06645774 0.8170013
4.9793 FirstCar -10.84289 0.025 2.97 0 90 0 0 0.7071068 0 0.7071068 13.8889 0
4.9793 SecondCar -43.0411 0.025 2.97 0 90 0 0 0.7071068 0 0.7071068 13.8889 0
4.9800 Head 0 1.6 0.78 346.575 290.7 4.388793E-07 -0.09615629 -0.5646647 -0.06645774 0.8170013
4.9800 FirstCar -10.8334 0.025 2.97 0 90 0 0 0.7071068 0 0.7071068 13.8889 0
4.9800 SecondCar -43.03162 0.025 2.97 0 90 0 0 0.7071068 0 0.7071068 13.8889 0
4.9804 Head 0 1.6 0.78 346.575 290.7 4.388793E-07 -0.09615629 -0.5646647 -0.06645774 0.8170013
4.9804 FirstCar -10.82787 0.025 2.97 0 90 0 0 0.7071068 0 0.7071068 13.8889 0
4.9804 SecondCar -43.02608 0.025 2.97 0 90 0 0 0.7071068 0 0.7071068 13.8889 0
4.9808 Head 0 1.6 0.78 346.575 290.7 4.388793E-07 -0.09615629 -0.5646647 -0.06645774 0.8170013
4.9808 FirstCar -10.82287 0.025 2.97 0 90 0 0 0.7071068 0 0.7071068 13.8889 0
4.9808 SecondCar -43.02109 0.025 2.97 0 90 0 0 0.7071068 0 0.7071068 13.8889 0
4.9811 Head 0 1.6 0.78 346.575 290.7 4.388793E-07 -0.09615629 -0.5646647 -0.06645774 0.8170013
4.9811 FirstCar -10.81811 0.025 2.97 0 90 0 0 0.7071068 0 0.7071068 13.8889 0
4.9811 SecondCar -43.01633 0.025 2.97 0 90 0 0 0.7071068 0 0.7071068 13.8889 0
4.9814 Head 0 1.6 0.78 346.575 290.7 4.388793E-07 -0.09615629 -0.5646647 -0.06645774 0.8170013
4.9814 FirstCar -10.81343 0.025 2.97 0 90 0 0 0.7071068 0 0.7071068 13.8889 0
4.9814 SecondCar -43.01164 0.025 2.97 0 90 0 0 0.7071068 0 0.7071068 13.8889 0
4.9818 Head 0 1.6 0.78 346.575 290.7 4.388793E-07 -0.09615629 -0.5646647 -0.06645774 0.8170013
4.9818 FirstCar -10.80862 0.025 2.97 0 90 0 0 0.7071068 0 0.7071068 13.8889 0
4.9818 SecondCar -43.00684 0.025 2.97 0 90 0 0 0.7071068 0 0.7071068 13.8889 0
4.9821 Head 0 1.6 0.78 346.575 290.7 4.388793E-07 -0.09615629 -0.5646647 -0.06645774 0.8170013
4.9821 FirstCar -10.80384 0.025 2.97 0 90 0 0 0.7071068 0 0.7071068 13.8889 0
4.9821 SecondCar -43.00205 0.025 2.97 0 90 0 0 0.7071068 0 0.7071068 13.8889 0
4.9825 Head 0 1.6 0.78 346.575 290.7 4.388793E-07 -0.09615629 -0.5646647 -0.06645774 0.8170013
4.9825 FirstCar -10.7985 0.025 2.97 0 90 0 0 0.7071068 0 0.7071068 13.8889 0
4.9825 SecondCar -42.99672 0.025 2.97 0 90 0 0 0.7071068 0 0.7071068 13.8889 0
4.9829 Head 0 1.6 0.78 346.575 290.7 4.388793E-07 -0.09615629 -0.5646647 -0.06645774 0.8170013
4.9829 FirstCar -10.79368 0.025 2.97 0 90 0 0 0.7071068 0 0.7071068 13.8889 0
4.9829 SecondCar -42.99189 0.025 2.97 0 90 0 0 0.7071068 0 0.7071068 13.8889 0
4.9832 Head 0 1.6 0.78 346.575 290.7 4.388793E-07 -0.09615629 -0.5646647 -0.06645774 0.8170013
4.9832 FirstCar -10.78903 0.025 2.97 0 90 0 0 0.7071068 0 0.7071068 13.8889 0
4.9832 SecondCar -42.98725 0.025 2.97 0 90 0 0 0.7071068 0 0.7071068 13.8889 0
4.9835 Head 0 1.6 0.78 346.575 290.7 4.388793E-07 -0.09615629 -0.5646647 -0.06645774 0.8170013
4.9835 FirstCar -10.78442 0.025 2.97 0 90 0 0 0.7071068 0 0.7071068 13.8889 0
4.9835 SecondCar -42.98264 0.025 2.97 0 90 0 0 0.7071068 0 0.7071068 13.8889 0
4.9839 Head 0 1.6 0.78 346.575 290.7 4.388793E-07 -0.09615629 -0.5646647 -0.06645774 0.8170013
4.9839 FirstCar -10.77968 0.025 2.97 0 90 0 0 0.7071068 0 0.7071068 13.8889 0
4.9839 SecondCar -42.97789 0.025 2.97 0 90 0 0 0.7071068 0 0.7071068 13.8889 0
4.9842 Head 0 1.6 0.78 346.575 290.7 4.388793E-07 -0.09615629 -0.5646647 -0.06645774 0.8170013
4.9842 FirstCar -10.77506 0.025 2.97 0 90 0 0 0.7071068 0 0.7071068 13.8889 0
4.9842 SecondCar -42.97327 0.025 2.97 0 90 0 0 0.7071068 0 0.7071068 13.8889 0
4.9845 Head 0 1.6 0.78 346.575 290.7 4.388793E-07 -0.09615629 -0.5646647 -0.06645774 0.8170013
4.9845 FirstCar -10.77048 0.025 2.97 0 90 0 0 0.7071068 0 0.7071068 13.8889 0
4.9845 SecondCar -42.96869 0.025 2.97 0 90 0 0 0.7071068 0 0.7071068 13.8889 0
4.9849 Head 0 1.6 0.78 346.575 290.7 4.388793E-07 -0.09615629 -0.5646647 -0.06645774 0.8170013
4.9849 FirstCar -10.76582 0.025 2.97 0 90 0 0 0.7071068 0 0.7071068 13.8889 0
4.9849 SecondCar -42.96404 0.025 2.97 0 90 0 0 0.7071068 0 0.7071068 13.8889 0
4.9852 Head 0 1.6 0.78 346.575 290.7 4.388793E-07 -0.09615629 -0.5646647 -0.06645774 0.8170013
4.9852 FirstCar -10.76114 0.025 2.97 0 90 0 0 0.7071068 0 0.7071068 13.8889 0
4.9852 SecondCar -42.95935 0.025 2.97 0 90 0 0 0.7071068 0 0.7071068 13.8889 0
4.9855 Head 0 1.6 0.78 346.575 290.7 4.388793E-07 -0.09615629 -0.5646647 -0.06645774 0.8170013
4.9855 FirstCar -10.75648 0.025 2.97 0 90 0 0 0.7071068 0 0.7071068 13.8889 0
4.9855 SecondCar -42.95469 0.025 2.97 0 90 0 0 0.7071068 0 0.7071068 13.8889 0
4.9859 Head 0 1.6 0.78 346.575 290.7 4.388793E-07 -0.09615629 -0.5646647 -0.06645774 0.8170013
4.9859 FirstCar -10.75177 0.025 2.97 0 90 0 0 0.7071068 0 0.7071068 13.8889 0
4.9859 SecondCar -42.94999 0.025 2.97 0 90 0 0 0.7071068 0 0.7071068 13.8889 0
4.9862 Head 0 1.6 0.78 346.575 290.7 4.388793E-07 -0.09615629 -0.5646647 -0.06645774 0.8170013
4.9862 FirstCar -10.74719 0.025 2.97 0 90 0 0 0.7071068 0 0.7071068 13.8889 0
4.9862 SecondCar -42.9454 0.025 2.97 0 90 0 0 0.7071068 0 0.7071068 13.8889 0
4.9865 Head 0 1.6 0.78 346.575 290.7 4.388793E-07 -0.09615629 -0.5646647 -0.06645774 0.8170013
4.9865 FirstCar -10.74264 0.025 2.97 0 90 0 0 0.7071068 0 0.7071068 13.8889 0
4.9865 SecondCar -42.94085 0.025 2.97 0 90 0 0 0.7071068 0 0.7071068 13.8889 0
4.9869 Head 0 1.6 0.78 346.575 290.7 4.388793E-07 -0.09615629 -0.5646647 -0.06645774 0.8170013
4.9869 FirstCar -10.73814 0.025 2.97 0 90 0 0 0.7071068 0 0.7071068 13.8889 0
4.9869 SecondCar -42.93636 0.025 2.97 0 90 0 0 0.7071068 0 0.7071068 13.8889 0
4.9872 Head 0 1.6 0.78 346.575 290.7 4.388793E-07 -0.09615629 -0.5646647 -0.06645774 0.8170013
4.9872 FirstCar -10.73363 0.025 2.97 0 90 0 0 0.7071068 0 0.7071068 13.8889 0
4.9872 SecondCar -42.93184 0.025 2.97 0 90 0 0 0.7071068 0 0.7071068 13.8889 0
4.9878 Head 0 1.6 0.78 346.575 290.7 4.388793E-07 -0.09615629 -0.5646647 -0.06645774 0.8170013
4.9878 FirstCar -10.72496 0.025 2.97 0 90 0 0 0.7071068 0 0.7071068 13.8889 0
4.9878 SecondCar -42.92318 0.025 2.97 0 90 0 0 0.7071068 0 0.7071068 13.8889 0
4.9883 Head 0 1.6 0.78 346.575 290.7 4.388793E-07 -0.09615629 -0.5646647 -0.06645774 0.8170013
4.9883 FirstCar -10.71844 0.025 2.97 0 90 0 0 0.7071068 0 0.7071068 13.8889 0
4.9883 SecondCar -42.91665 0.025 2.97 0 90 0 0 0.7071068 0 0.7071068 13.8889 0
4.9889 Head 0 1.6 0.78 346.575 290.7 4.388793E-07 -0.09615629 -0.5646647 -0.06645774 0.8170013
4.9889 FirstCar -10.70962 0.025 2.97 0 90 0 0 0.7071068 0 0.7071068 13.8889 0
4.9889 SecondCar -42.90783 0.025 2.97 0 90 0 0 0.7071068 0 0.7071068 13.8889 0
4.9893 Head 0 1.6 0.78 346.575 290.7 4.388793E-07 -0.09615629 -0.5646647 -0.06645774 0.8170013
4.9893 FirstCar -10.70409 0.025 2.97 0 90 0 0 0.7071068 0 0.7071068 13.8889 0
4.9893 SecondCar -42.9023 0.025 2.97 0 90 0 0 0.7071068 0 0.7071068 13.8889 0
4.9897 Head 0 1.6 0.78 346.575 290.7 4.388793E-07 -0.09615629 -0.5646647 -0.06645774 0.8170013
4.9897 FirstCar -10.69868 0.025 2.97 0 90 0 0 0.7071068 0 0.7071068 13.8889 0
4.9897 SecondCar -42.89689 0.025 2.97 0 90 0 0 0.7071068 0 0.7071068 13.8889 0
4.9900 Head 0 1.6 0.78 346.575 290.7 4.388793E-07 -0.09615629 -0.5646647 -0.06645774 0.8170013
4.9900 FirstCar -10.69393 0.025 2.97 0 90 0 0 0.7071068 0 0.7071068 13.8889 0
4.9900 SecondCar -42.89214 0.025 2.97 0 90 0 0 0.7071068 0 0.7071068 13.8889 0
4.9904 Head 0 1.6 0.78 346.575 290.7 4.388793E-07 -0.09615629 -0.5646647 -0.06645774 0.8170013
4.9904 FirstCar -10.68857 0.025 2.97 0 90 0 0 0.7071068 0 0.7071068 13.8889 0
4.9904 SecondCar -42.88679 0.025 2.97 0 90 0 0 0.7071068 0 0.7071068 13.8889 0
4.9908 Head 0 1.6 0.78 346.575 290.7 4.388793E-07 -0.09615629 -0.5646647 -0.06645774 0.8170013
4.9908 FirstCar -10.6832 0.025 2.97 0 90 0 0 0.7071068 0 0.7071068 13.8889 0
4.9908 SecondCar -42.88142 0.025 2.97 0 90 0 0 0.7071068 0 0.7071068 13.8889 0
4.9912 Head 0 1.6 0.78 346.575 290.7 4.388793E-07 -0.09615629 -0.5646647 -0.06645774 0.8170013
4.9912 FirstCar -10.67824 0.025 2.97 0 90 0 0 0.7071068 0 0.7071068 13.8889 0
4.9912 SecondCar -42.87645 0.025 2.97 0 90 0 0 0.7071068 0 0.7071068 13.8889 0
4.9915 Head 0 1.6 0.78 346.575 290.7 4.388793E-07 -0.09615629 -0.5646647 -0.06645774 0.8170013
4.9915 FirstCar -10.67315 0.025 2.97 0 90 0 0 0.7071068 0 0.7071068 13.8889 0
4.9915 SecondCar -42.87136 0.025 2.97 0 90 0 0 0.7071068 0 0.7071068 13.8889 0
4.9919 Head 0 1.6 0.78 346.575 290.7 4.388793E-07 -0.09615629 -0.5646647 -0.06645774 0.8170013
4.9919 FirstCar -10.66835 0.025 2.97 0 90 0 0 0.7071068 0 0.7071068 13.8889 0
4.9919 SecondCar -42.86656 0.025 2.97 0 90 0 0 0.7071068 0 0.7071068 13.8889 0
4.9923 Head 0 1.6 0.78 346.575 290.7 4.388793E-07 -0.09615629 -0.5646647 -0.06645774 0.8170013
4.9923 FirstCar -10.66311 0.025 2.97 0 90 0 0 0.7071068 0 0.7071068 13.8889 0
4.9923 SecondCar -42.86132 0.025 2.97 0 90 0 0 0.7071068 0 0.7071068 13.8889 0
4.9927 Head 0 1.6 0.78 346.575 290.7 4.388793E-07 -0.09615629 -0.5646647 -0.06645774 0.8170013
4.9927 FirstCar -10.65705 0.025 2.97 0 90 0 0 0.7071068 0 0.7071068 13.8889 0
4.9927 SecondCar -42.85527 0.025 2.97 0 90 0 0 0.7071068 0 0.7071068 13.8889 0
4.9931 Head 0 1.6 0.78 346.575 290.7 4.388793E-07 -0.09615629 -0.5646647 -0.06645774 0.8170013
4.9931 FirstCar -10.65209 0.025 2.97 0 90 0 0 0.7071068 0 0.7071068 13.8889 0
4.9931 SecondCar -42.85031 0.025 2.97 0 90 0 0 0.7071068 0 0.7071068 13.8889 0
4.9934 Head 0 1.6 0.78 346.575 290.7 4.388793E-07 -0.09615629 -0.5646647 -0.06645774 0.8170013
4.9934 FirstCar -10.64708 0.025 2.97 0 90 0 0 0.7071068 0 0.7071068 13.8889 0
4.9934 SecondCar -42.8453 0.025 2.97 0 90 0 0 0.7071068 0 0.7071068 13.8889 0
4.9938 Head 0 1.6 0.78 346.575 290.7 4.388793E-07 -0.09615629 -0.5646647 -0.06645774 0.8170013
4.9938 FirstCar -10.64151 0.025 2.97 0 90 0 0 0.7071068 0 0.7071068 13.8889 0
4.9938 SecondCar -42.83973 0.025 2.97 0 90 0 0 0.7071068 0 0.7071068 13.8889 0
4.9942 Head 0 1.6 0.78 346.575 290.7 4.388793E-07 -0.09615629 -0.5646647 -0.06645774 0.8170013
4.9942 FirstCar -10.63661 0.025 2.97 0 90 0 0 0.7071068 0 0.7071068 13.8889 0
4.9942 SecondCar -42.83482 0.025 2.97 0 90 0 0 0.7071068 0 0.7071068 13.8889 0
4.9945 Head 0 1.6 0.78 346.575 290.7 4.388793E-07 -0.09615629 -0.5646647 -0.06645774 0.8170013
4.9945 FirstCar -10.63181 0.025 2.97 0 90 0 0 0.7071068 0 0.7071068 13.8889 0
4.9945 SecondCar -42.83002 0.025 2.97 0 90 0 0 0.7071068 0 0.7071068 13.8889 0
4.9949 Head 0 1.6 0.78 346.575 290.7 4.388793E-07 -0.09615629 -0.5646647 -0.06645774 0.8170013
4.9949 FirstCar -10.62707 0.025 2.97 0 90 0 0 0.7071068 0 0.7071068 13.8889 0
4.9949 SecondCar -42.82529 0.025 2.97 0 90 0 0 0.7071068 0 0.7071068 13.8889 0
4.9952 Head 0 1.6 0.78 346.575 290.7 4.388793E-07 -0.09615629 -0.5646647 -0.06645774 0.8170013
4.9952 FirstCar -10.62212 0.025 2.97 0 90 0 0 0.7071068 0 0.7071068 13.8889 0
4.9952 SecondCar -42.82034 0.025 2.97 0 90 0 0 0.7071068 0 0.7071068 13.8889 0
4.9959 Head 0 1.6 0.78 346.575 290.7 4.388793E-07 -0.09615629 -0.5646647 -0.06645774 0.8170013
4.9959 FirstCar -10.61222 0.025 2.97 0 90 0 0 0.7071068 0 0.7071068 13.8889 0
4.9959 SecondCar -42.81044 0.025 2.97 0 90 0 0 0.7071068 0 0.7071068 13.8889 0
4.9963 Head 0 1.6 0.78 346.575 290.7 4.388793E-07 -0.09615629 -0.5646647 -0.06645774 0.8170013
4.9963 FirstCar -10.60634 0.025 2.97 0 90 0 0 0.7071068 0 0.7071068 13.8889 0
4.9963 SecondCar -42.80455 0.025 2.97 0 90 0 0 0.7071068 0 0.7071068 13.8889 0
4.9967 Head 0 1.6 0.78 346.575 290.7 4.388793E-07 -0.09615629 -0.5646647 -0.06645774 0.8170013
4.9967 FirstCar -10.60086 0.025 2.97 0 90 0 0 0.7071068 0 0.7071068 13.8889 0
4.9967 SecondCar -42.79908 0.025 2.97 0 90 0 0 0.7071068 0 0.7071068 13.8889 0
4.9971 Head 0 1.6 0.78 346.575 290.7 4.388793E-07 -0.09615629 -0.5646647 -0.06645774 0.8170013
4.9971 FirstCar -10.5952 0.025 2.97 0 90 0 0 0.7071068 0 0.7071068 13.8889 0
4.9971 SecondCar -42.79342 0.025 2.97 0 90 0 0 0.7071068 0 0.7071068 13.8889 0
4.9975 Head 0 1.6 0.78 346.575 290.7 4.388793E-07 -0.09615629 -0.5646647 -0.06645774 0.8170013
4.9975 FirstCar -10.5901 0.025 2.97 0 90 0 0 0.7071068 0 0.7071068 13.8889 0
4.9975 SecondCar -42.78831 0.025 2.97 0 90 0 0 0.7071068 0 0.7071068 13.8889 0
4.9979 Head 0 1.6 0.78 346.575 290.7 4.388793E-07 -0.09615629 -0.5646647 -0.06645774 0.8170013
4.9979 FirstCar -10.58507 0.025 2.97 0 90 0 0 0.7071068 0 0.7071068 13.8889 0
4.9979 SecondCar -42.78328 0.025 2.97 0 90 0 0 0.7071068 0 0.7071068 13.8889 0
4.9983 Head 0 1.6 0.78 346.575 290.7 4.388793E-07 -0.09615629 -0.5646647 -0.06645774 0.8170013
4.9983 FirstCar -10.57989 0.025 2.97 0 90 0 0 0.7071068 0 0.7071068 13.8889 0
4.9983 SecondCar -42.7781 0.025 2.97 0 90 0 0 0.7071068 0 0.7071068 13.8889 0
4.9986 Head 0 1.6 0.78 346.575 290.7 4.388793E-07 -0.09615629 -0.5646647 -0.06645774 0.8170013
4.9986 FirstCar -10.57495 0.025 2.97 0 90 0 0 0.7071068 0 0.7071068 13.8889 0
4.9986 SecondCar -42.77316 0.025 2.97 0 90 0 0 0.7071068 0 0.7071068 13.8889 0
4.9989 Head 0 1.6 0.78 346.575 290.7 4.388793E-07 -0.09615629 -0.5646647 -0.06645774 0.8170013
4.9989 FirstCar -10.57019 0.025 2.97 0 90 0 0 0.7071068 0 0.7071068 13.8889 0
4.9989 SecondCar -42.76841 0.025 2.97 0 90 0 0 0.7071068 0 0.7071068 13.8889 0
4.9993 Head 0 1.6 0.78 346.575 290.7 4.388793E-07 -0.09615629 -0.5646647 -0.06645774 0.8170013
4.9993 FirstCar -10.56549 0.025 2.97 0 90 0 0 0.7071068 0 0.7071068 13.8889 0
4.9993 SecondCar -42.76371 0.025 2.97 0 90 0 0 0.7071068 0 0.7071068 13.8889 0
4.9996 Head 0 1.6 0.78 346.575 290.7 4.388793E-07 -0.09615629 -0.5646647 -0.06645774 0.8170013
4.9996 FirstCar -10.56072 0.025 2.97 0 90 0 0 0.7071068 0 0.7071068 13.8889 0
4.9996 SecondCar -42.75894 0.025 2.97 0 90 0 0 0.7071068 0 0.7071068 13.8889 0
5.0000 Head 0 1.6 0.78 346.575 290.7 4.388793E-07 -0.09615629 -0.5646647 -0.06645774 0.8170013
5.0000 FirstCar -10.55597 0.025 2.97 0 90 0 0 0.7071068 0 0.7071068 13.8889 0
5.0000 SecondCar -42.75419 0.025 2.97 0 90 0 0 0.7071068 0 0.7071068 13.8889 0
5.0003 Head 0 1.6 0.78 346.575 290.7 4.388793E-07 -0.09615629 -0.5646647 -0.06645774 0.8170013
5.0003 FirstCar -10.55123 0.025 2.97 0 90 0 0 0.7071068 0 0.7071068 13.8889 0
5.0003 SecondCar -42.74945 0.025 2.97 0 90 0 0 0.7071068 0 0.7071068 13.8889 0
5.0007 Head 0 1.6 0.78 346.575 290.7 4.388793E-07 -0.09615629 -0.5646647 -0.06645774 0.8170013
5.0007 FirstCar -10.54641 0.025 2.97 0 90 0 0 0.7071068 0 0.7071068 13.8889 0
5.0007 SecondCar -42.74463 0.025 2.97 0 90 0 0 0.7071068 0 0.7071068 13.8889 0
5.0010 Head 0 1.6 0.78 346.575 290.7 4.388793E-07 -0.09615629 -0.5646647 -0.06645774 0.8170013
5.0010 FirstCar -10.54175 0.025 2.97 0 90 0 0 0.7071068 0 0.7071068 13.8889 0
5.0010 SecondCar -42.73997 0.025 2.97 0 90 0 0 0.7071068 0 0.7071068 13.8889 0
5.0013 Head 0 1.6 0.78 346.575 290.7 4.388793E-07 -0.09615629 -0.5646647 -0.06645774 0.8170013
5.0013 FirstCar -10.53707 0.025 2.97 0 90 0 0 0.7071068 0 0.7071068 13.8889 0
5.0013 SecondCar -42.73529 0.025 2.97 0 90 0 0 0.7071068 0 0.7071068 13.8889 0
5.0017 Head 0 1.6 0.78 346.575 290.7 4.388793E-07 -0.09615629 -0.5646647 -0.06645774 0.8170013
5.0017 FirstCar -10.53223 0.025 2.97 0 90 0 0 0.7071068 0 0.7071068 13.8889 0
5.0017 SecondCar -42.73045 0.025 2.97 0 90 0 0 0.7071068 0 0.7071068 13.8889 0
5.0020 Head 0 1.6 0.78 346.575 290.7 4.388793E-07 -0.09615629 -0.5646647 -0.06645774 0.8170013
5.0020 FirstCar -10.52729 0.025 2.97 0 90 0 0 0.7071068 0 0.7071068 13.8889 0
5.0020 SecondCar -42.72551 0.025 2.97 0 90 0 0 0.7071068 0 0.7071068 13.8889 0
5.0024 Head 0 1.6 0.78 346.575 290.7 4.388793E-07 -0.09615629 -0.5646647 -0.06645774 0.8170013
5.0024 FirstCar -10.52256 0.025 2.97 0 90 0 0 0.7071068 0 0.7071068 13.8889 0
5.0024 SecondCar -42.72078 0.025 2.97 0 90 0 0 0.7071068 0 0.7071068 13.8889 0
5.0027 Head 0 1.6 0.78 346.575 290.7 4.388793E-07 -0.09615629 -0.5646647 -0.06645774 0.8170013
5.0027 FirstCar -10.51757 0.025 2.97 0 90 0 0 0.7071068 0 0.7071068 13.8889 0
5.0027 SecondCar -42.71579 0.025 2.97 0 90 0 0 0.7071068 0 0.7071068 13.8889 0
5.0031 Head 0 1.6 0.78 346.575 290.7 4.388793E-07 -0.09615629 -0.5646647 -0.06645774 0.8170013
5.0031 FirstCar -10.51284 0.025 2.97 0 90 0 0 0.7071068 0 0.7071068 13.8889 0
5.0031 SecondCar -42.71107 0.025 2.97 0 90 0 0 0.7071068 0 0.7071068 13.8889 0
5.0035 Head 0 1.6 0.78 346.575 290.7 4.388793E-07 -0.09615629 -0.5646647 -0.06645774 0.8170013
5.0035 FirstCar -10.50677 0.025 2.97 0 90 0 0 0.7071068 0 0.7071068 13.8889 0
5.0035 SecondCar -42.70499 0.025 2.97 0 90 0 0 0.7071068 0 0.7071068 13.8889 0
5.0039 Head 0 1.6 0.78 346.575 290.7 4.388793E-07 -0.09615629 -0.5646647 -0.06645774 0.8170013
5.0039 FirstCar -10.50148 0.025 2.97 0 90 0 0 0.7071068 0 0.7071068 13.8889 0
5.0039 SecondCar -42.69971 0.025 2.97 0 90 0 0 0.7071068 0 0.7071068 13.8889 0
5.0043 Head 0 1.6 0.78 346.575 290.7 4.388793E-07 -0.09615629 -0.5646647 -0.06645774 0.8170013
5.0043 FirstCar -10.49654 0.025 2.97 0 90 0 0 0.7071068 0 0.7071068 13.8889 0
5.0043 SecondCar -42.69477 0.025 2.97 0 90 0 0 0.7071068 0 0.7071068 13.8889 0
5.0046 Head 0 1.6 0.78 346.575 290.7 4.388793E-07 -0.09615629 -0.5646647 -0.06645774 0.8170013
5.0046 FirstCar -10.49163 0.025 2.97 0 90 0 0 0.7071068 0 0.7071068 13.8889 0
5.0046 SecondCar -42.68986 0.025 2.97 0 90 0 0 0.7071068 0 0.7071068 13.8889 0
5.0050 Head 0 1.6 0.78 346.575 290.7 4.388793E-07 -0.09615629 -0.5646647 -0.06645774 0.8170013
5.0050 FirstCar -10.48677 0.025 2.97 0 90 0 0 0.7071068 0 0.7071068 13.8889 0
5.0050 SecondCar -42.685 0.025 2.97 0 90 0 0 0.7071068 0 0.7071068 13.8889 0
5.0053 Head 0 1.6 0.78 346.575 290.7 4.388793E-07 -0.09615629 -0.5646647 -0.06645774 0.8170013
5.0053 FirstCar -10.48185 0.025 2.97 0 90 0 0 0.7071068 0 0.7071068 13.8889 0
5.0053 SecondCar -42.68007 0.025 2.97 0 90 0 0 0.7071068 0 0.7071068 13.8889 0
5.0056 Head 0 1.6 0.78 346.575 290.7 4.388793E-07 -0.09615629 -0.5646647 -0.06645774 0.8170013
5.0056 FirstCar -10.47712 0.025 2.97 0 90 0 0 0.7071068 0 0.7071068 13.8889 0
5.0056 SecondCar -42.67535 0.025 2.97 0 90 0 0 0.7071068 0 0.7071068 13.8889 0
5.0060 Head 0 1.6 0.78 346.575 290.7 4.388793E-07 -0.09615629 -0.5646647 -0.06645774 0.8170013
5.0060 FirstCar -10.47218 0.025 2.97 0 90 0 0 0.7071068 0 0.7071068 13.8889 0
5.0060 SecondCar -42.6704 0.025 2.97 0 90 0 0 0.7071068 0 0.7071068 13.8889 0
5.0064 Head 0 1.6 0.78 346.575 290.7 4.388793E-07 -0.09615629 -0.5646647 -0.06645774 0.8170013
5.0064 FirstCar -10.46714 0.025 2.97 0 90 0 0 0.7071068 0 0.7071068 13.8889 0
5.0064 SecondCar -42.66536 0.025 2.97 0 90 0 0 0.7071068 0 0.7071068 13.8889 0
5.0067 Head 0 1.6 0.78 346.575 290.7 4.388793E-07 -0.09615629 -0.5646647 -0.06645774 0.8170013
5.0067 FirstCar -10.46242 0.025 2.97 0 90 0 0 0.7071068 0 0.7071068 13.8889 0
5.0067 SecondCar -42.66064 0.025 2.97 0 90 0 0 0.7071068 0 0.7071068 13.8889 0
5.0071 Head 0 1.6 0.78 346.575 290.7 4.388793E-07 -0.09615629 -0.5646647 -0.06645774 0.8170013
5.0071 FirstCar -10.45767 0.025 2.97 0 90 0 0 0.7071068 0 0.7071068 13.8889 0
5.0071 SecondCar -42.6559 0.025 2.97 0 90 0 0 0.7071068 0 0.7071068 13.8889 0
5.0074 Head 0 1.6 0.78 346.575 290.7 4.388793E-07 -0.09615629 -0.5646647 -0.06645774 0.8170013
5.0074 FirstCar -10.45294 0.025 2.97 0 90 0 0 0.7071068 0 0.7071068 13.8889 0
5.0074 SecondCar -42.65116 0.025 2.97 0 90 0 0 0.7071068 0 0.7071068 13.8889 0
5.0077 Head 0 1.6 0.78 346.575 290.7 4.388793E-07 -0.09615629 -0.5646647 -0.06645774 0.8170013
5.0077 FirstCar -10.44838 0.025 2.97 0 90 0 0 0.7071068 0 0.7071068 13.8889 0
5.0077 SecondCar -42.6466 0.025 2.97 0 90 0 0 0.7071068 0 0.7071068 13.8889 0
5.0081 Head 0 1.6 0.78 346.575 290.7 4.388793E-07 -0.09615629 -0.5646647 -0.06645774 0.8170013
5.0081 FirstCar -10.44372 0.025 2.97 0 90 0 0 0.7071068 0 0.7071068 13.8889 0
5.0081 SecondCar -42.64194 0.025 2.97 0 90 0 0 0.7071068 0 0.7071068 13.8889 0
5.0084 Head 0 1.6 0.78 346.575 290.7 4.388793E-07 -0.09615629 -0.5646647 -0.06645774 0.8170013
5.0084 FirstCar -10.4384 0.025 2.97 0 90 0 0 0.7071068 0 0.7071068 13.8889 0
5.0084 SecondCar -42.63662 0.025 2.97 0 90 0 0 0.7071068 0 0.7071068 13.8889 0
5.0090 Head 0 1.6 0.78 346.575 290.7 4.388793E-07 -0.09615629 -0.5646647 -0.06645774 0.8170013
5.0090 FirstCar -10.42993 0.025 2.97 0 90 0 0 0.7071068 0 0.7071068 13.8889 0
5.0090 SecondCar -42.62815 0.025 2.97 0 90 0 0 0.7071068 0 0.7071068 13.8889 0
5.0095 Head 0 1.6 0.78 346.575 290.7 4.388793E-07 -0.09615629 -0.5646647 -0.06645774 0.8170013
5.0095 FirstCar -10.42418 0.025 2.97 0 90 0 0 0.7071068 0 0.7071068 13.8889 0
5.0095 SecondCar -42.6224 0.025 2.97 0 90 0 0 0.7071068 0 0.7071068 13.8889 0
5.0099 Head 0 1.6 0.78 346.575 290.7 4.388793E-07 -0.09615629 -0.5646647 -0.06645774 0.8170013
5.0099 FirstCar -10.41875 0.025 2.97 0 90 0 0 0.7071068 0 0.7071068 13.8889 0
5.0099 SecondCar -42.61697 0.025 2.97 0 90 0 0 0.7071068 0 0.7071068 13.8889 0
5.0102 Head 0 1.6 0.78 346.575 290.7 4.388793E-07 -0.09615629 -0.5646647 -0.06645774 0.8170013
5.0102 FirstCar -10.41349 0.025 2.97 0 90 0 0 0.7071068 0 0.7071068 13.8889 0
5.0102 SecondCar -42.61171 0.025 2.97 0 90 0 0 0.7071068 0 0.7071068 13.8889 0
5.0107 Head 0 1.6 0.78 346.575 290.7 4.388793E-07 -0.09615629 -0.5646647 -0.06645774 0.8170013
5.0107 FirstCar -10.40764 0.025 2.97 0 90 0 0 0.7071068 0 0.7071068 13.8889 0
5.0107 SecondCar -42.60585 0.025 2.97 0 90 0 0 0.7071068 0 0.7071068 13.8889 0
5.0111 Head 0 1.6 0.78 346.575 290.7 4.388793E-07 -0.09615629 -0.5646647 -0.06645774 0.8170013
5.0111 FirstCar -10.40194 0.025 2.97 0 90 0 0 0.7071068 0 0.7071068 13.8889 0
5.0111 SecondCar -42.60016 0.025 2.97 0 90 0 0 0.7071068 0 0.7071068 13.8889 0
5.0119 Head 0 1.6 0.78 346.575 290.7 4.388793E-07 -0.09615629 -0.5646647 -0.06645774 0.8170013
5.0119 FirstCar -10.39068 0.025 2.97 0 90 0 0 0.7071068 0 0.7071068 13.8889 0
5.0119 SecondCar -42.5889 0.025 2.97 0 90 0 0 0.7071068 0 0.7071068 13.8889 0
5.0123 Head 0 1.6 0.78 346.575 290.7 4.388793E-07 -0.09615629 -0.5646647 -0.06645774 0.8170013
5.0123 FirstCar -10.38417 0.025 2.97 0 90 0 0 0.7071068 0 0.7071068 13.8889 0
5.0123 SecondCar -42.58239 0.025 2.97 0 90 0 0 0.7071068 0 0.7071068 13.8889 0
5.0128 Head 0 1.6 0.78 346.575 290.7 4.388793E-07 -0.09615629 -0.5646647 -0.06645774 0.8170013
5.0128 FirstCar -10.37799 0.025 2.97 0 90 0 0 0.7071068 0 0.7071068 13.8889 0
5.0128 SecondCar -42.57621 0.025 2.97 0 90 0 0 0.7071068 0 0.7071068 13.8889 0
5.0132 Head 0 1.6 0.78 346.575 290.7 4.388793E-07 -0.09615629 -0.5646647 -0.06645774 0.8170013
5.0132 FirstCar -10.3725 0.025 2.97 0 90 0 0 0.7071068 0 0.7071068 13.8889 0
5.0132 SecondCar -42.57072 0.025 2.97 0 90 0 0 0.7071068 0 0.7071068 13.8889 0
5.0136 Head 0 1.6 0.78 346.575 290.7 4.388793E-07 -0.09615629 -0.5646647 -0.06645774 0.8170013
5.0136 FirstCar -10.36645 0.025 2.97 0 90 0 0 0.7071068 0 0.7071068 13.8889 0
5.0136 SecondCar -42.56467 0.025 2.97 0 90 0 0 0.7071068 0 0.7071068 13.8889 0
5.0141 Head 0 1.6 0.78 346.575 290.7 4.388793E-07 -0.09615629 -0.5646647 -0.06645774 0.8170013
5.0141 FirstCar -10.3594 0.025 2.97 0 90 0 0 0.7071068 0 0.7071068 13.8889 0
5.0141 SecondCar -42.55761 0.025 2.97 0 90 0 0 0.7071068 0 0.7071068 13.8889 0
5.0146 Head 0 1.6 0.78 346.575 290.7 4.388793E-07 -0.09615629 -0.5646647 -0.06645774 0.8170013
5.0146 FirstCar -10.35307 0.025 2.97 0 90 0 0 0.7071068 0 0.7071068 13.8889 0
5.0146 SecondCar -42.55128 0.025 2.97 0 90 0 0 0.7071068 0 0.7071068 13.8889 0
5.0150 Head 0 1.6 0.78 346.575 290.7 4.388793E-07 -0.09615629 -0.5646647 -0.06645774 0.8170013
5.0150 FirstCar -10.34755 0.025 2.97 0 90 0 0 0.7071068 0 0.7071068 13.8889 0
5.0150 SecondCar -42.54576 0.025 2.97 0 90 0 0 0.7071068 0 0.7071068 13.8889 0
5.0154 Head 0 1.6 0.78 346.575 290.7 4.388793E-07 -0.09615629 -0.5646647 -0.06645774 0.8170013
5.0154 FirstCar -10.34237 0.025 2.97 0 90 0 0 0.7071068 0 0.7071068 13.8889 0
5.0154 SecondCar -42.54058 0.025 2.97 0 90 0 0 0.7071068 0 0.7071068 13.8889 0
5.0157 Head 0 1.6 0.78 346.575 290.7 4.388793E-07 -0.09615629 -0.5646647 -0.06645774 0.8170013
5.0157 FirstCar -10.33723 0.025 2.97 0 90 0 0 0.7071068 0 0.7071068 13.8889 0
5.0157 SecondCar -42.53544 0.025 2.97 0 90 0 0 0.7071068 0 0.7071068 13.8889 0
5.0161 Head 0 1.6 0.78 346.575 290.7 4.388793E-07 -0.09615629 -0.5646647 -0.06645774 0.8170013
5.0161 FirstCar -10.33222 0.025 2.97 0 90 0 0 0.7071068 0 0.7071068 13.8889 0
5.0161 SecondCar -42.53043 0.025 2.97 0 90 0 0 0.7071068 0 0.7071068 13.8889 0
5.0164 Head 0 1.6 0.78 346.575 290.7 4.388793E-07 -0.09615629 -0.5646647 -0.06645774 0.8170013
5.0164 FirstCar -10.32716 0.025 2.97 0 90 0 0 0.7071068 0 0.7071068 13.8889 0
5.0164 SecondCar -42.52536 0.025 2.97 0 90 0 0 0.7071068 0 0.7071068 13.8889 0
5.0168 Head 0 1.6 0.78 346.575 290.7 4.388793E-07 -0.09615629 -0.5646647 -0.06645774 0.8170013
5.0168 FirstCar -10.32218 0.025 2.97 0 90 0 0 0.7071068 0 0.7071068 13.8889 0
5.0168 SecondCar -42.52039 0.025 2.97 0 90 0 0 0.7071068 0 0.7071068 13.8889 0
5.0172 Head 0 1.6 0.78 346.575 290.7 4.388793E-07 -0.09615629 -0.5646647 -0.06645774 0.8170013
5.0172 FirstCar -10.31723 0.025 2.97 0 90 0 0 0.7071068 0 0.7071068 13.8889 0
5.0172 SecondCar -42.51544 0.025 2.97 0 90 0 0 0.7071068 0 0.7071068 13.8889 0
5.0180 Head 0 1.6 0.78 346.575 290.7 4.388793E-07 -0.09615629 -0.5646647 -0.06645774 0.8170013
5.0180 FirstCar -10.30577 0.025 2.97 0 90 0 0 0.7071068 0 0.7071068 13.8889 0
5.0180 SecondCar -42.50399 0.025 2.97 0 90 0 0 0.7071068 0 0.7071068 13.8889 0
5.0187 Head 0 1.6 0.78 346.575 290.7 4.388793E-07 -0.09615629 -0.5646647 -0.06645774 0.8170013
5.0187 FirstCar -10.29553 0.025 2.97 0 90 0 0 0.7071068 0 0.7071068 13.8889 0
5.0187 SecondCar -42.49374 0.025 2.97 0 90 0 0 0.7071068 0 0.7071068 13.8889 0
5.0191 Head 0 1.6 0.78 346.575 290.7 4.388793E-07 -0.09615629 -0.5646647 -0.06645774 0.8170013
5.0191 FirstCar -10.29007 0.025 2.97 0 90 0 0 0.7071068 0 0.7071068 13.8889 0
5.0191 SecondCar -42.48828 0.025 2.97 0 90 0 0 0.7071068 0 0.7071068 13.8889 0
5.0195 Head 0 1.6 0.78 346.575 290.7 4.388793E-07 -0.09615629 -0.5646647 -0.06645774 0.8170013
5.0195 FirstCar -10.28475 0.025 2.97 0 90 0 0 0.7071068 0 0.7071068 13.8889 0
5.0195 SecondCar -42.48296 0.025 2.97 0 90 0 0 0.7071068 0 0.7071068 13.8889 0
5.0199 Head 0 1.6 0.78 346.575 290.7 4.388793E-07 -0.09615629 -0.5646647 -0.06645774 0.8170013
5.0199 FirstCar -10.27891 0.025 2.97 0 90 0 0 0.7071068 0 0.7071068 13.8889 0
5.0199 SecondCar -42.47712 0.025 2.97 0 90 0 0 0.7071068 0 0.7071068 13.8889 0
5.0203 Head 0 1.6 0.78 346.575 290.7 4.388793E-07 -0.09615629 -0.5646647 -0.06645774 0.8170013
5.0203 FirstCar -10.27325 0.025 2.97 0 90 0 0 0.7071068 0 0.7071068 13.8889 0
5.0203 SecondCar -42.47146 0.025 2.97 0 90 0 0 0.7071068 0 0.7071068 13.8889 0
5.0207 Head 0 1.6 0.78 346.575 290.7 4.388793E-07 -0.09615629 -0.5646647 -0.06645774 0.8170013
5.0207 FirstCar -10.26821 0.025 2.97 0 90 0 0 0.7071068 0 0.7071068 13.8889 0
5.0207 SecondCar -42.46642 0.025 2.97 0 90 0 0 0.7071068 0 0.7071068 13.8889 0
5.0210 Head 0 1.6 0.78 346.575 290.7 4.388793E-07 -0.09615629 -0.5646647 -0.06645774 0.8170013
5.0210 FirstCar -10.26337 0.025 2.97 0 90 0 0 0.7071068 0 0.7071068 13.8889 0
5.0210 SecondCar -42.46158 0.025 2.97 0 90 0 0 0.7071068 0 0.7071068 13.8889 0
5.0214 Head 0 1.6 0.78 346.575 290.7 4.388793E-07 -0.09615629 -0.5646647 -0.06645774 0.8170013
5.0214 FirstCar -10.25862 0.025 2.97 0 90 0 0 0.7071068 0 0.7071068 13.8889 0
5.0214 SecondCar -42.45683 0.025 2.97 0 90 0 0 0.7071068 0 0.7071068 13.8889 0
5.0218 Head 0 1.6 0.78 346.575 290.7 4.388793E-07 -0.09615629 -0.5646647 -0.06645774 0.8170013
5.0218 FirstCar -10.25347 0.025 2.97 0 90 0 0 0.7071068 0 0.7071068 13.8889 0
5.0218 SecondCar -42.45168 0.025 2.97 0 90 0 0 0.7071068 0 0.7071068 13.8889 0
5.0221 Head 0 1.6 0.78 346.575 290.7 4.388793E-07 -0.09615629 -0.5646647 -0.06645774 0.8170013
5.0221 FirstCar -10.24866 0.025 2.97 0 90 0 0 0.7071068 0 0.7071068 13.8889 0
5.0221 SecondCar -42.44687 0.025 2.97 0 90 0 0 0.7071068 0 0.7071068 13.8889 0
5.0224 Head 0 1.6 0.78 346.575 290.7 4.388793E-07 -0.09615629 -0.5646647 -0.06645774 0.8170013
5.0224 FirstCar -10.24393 0.025 2.97 0 90 0 0 0.7071068 0 0.7071068 13.8889 0
5.0224 SecondCar -42.44215 0.025 2.97 0 90 0 0 0.7071068 0 0.7071068 13.8889 0
5.0228 Head 0 1.6 0.78 346.575 290.7 4.388793E-07 -0.09615629 -0.5646647 -0.06645774 0.8170013
5.0228 FirstCar -10.23882 0.025 2.97 0 90 0 0 0.7071068 0 0.7071068 13.8889 0
5.0228 SecondCar -42.43703 0.025 2.97 0 90 0 0 0.7071068 0 0.7071068 13.8889 0
5.0232 Head 0 1.6 0.78 346.575 290.7 4.388793E-07 -0.09615629 -0.5646647 -0.06645774 0.8170013
5.0232 FirstCar -10.234 0.025 2.97 0 90 0 0 0.7071068 0 0.7071068 13.8889 0
5.0232 SecondCar -42.43221 0.025 2.97 0 90 0 0 0.7071068 0 0.7071068 13.8889 0
5.0235 Head 0 1.6 0.78 346.575 290.7 4.388793E-07 -0.09615629 -0.5646647 -0.06645774 0.8170013
5.0235 FirstCar -10.22878 0.025 2.97 0 90 0 0 0.7071068 0 0.7071068 13.8889 0
5.0235 SecondCar -42.42699 0.025 2.97 0 90 0 0 0.7071068 0 0.7071068 13.8889 0
5.0239 Head 0 1.6 0.78 346.575 290.7 4.388793E-07 -0.09615629 -0.5646647 -0.06645774 0.8170013
5.0239 FirstCar -10.22313 0.025 2.97 0 90 0 0 0.7071068 0 0.7071068 13.8889 0
5.0239 SecondCar -42.42134 0.025 2.97 0 90 0 0 0.7071068 0 0.7071068 13.8889 0
5.0243 Head 0 1.6 0.78 346.575 290.7 4.388793E-07 -0.09615629 -0.5646647 -0.06645774 0.8170013
5.0243 FirstCar -10.21805 0.025 2.97 0 90 0 0 0.7071068 0 0.7071068 13.8889 0
5.0243 SecondCar -42.41627 0.025 2.97 0 90 0 0 0.7071068 0 0.7071068 13.8889 0
5.0247 Head 0 1.6 0.78 346.575 290.7 4.388793E-07 -0.09615629 -0.5646647 -0.06645774 0.8170013
5.0247 FirstCar -10.21313 0.025 2.97 0 90 0 0 0.7071068 0 0.7071068 13.8889 0
5.0247 SecondCar -42.41135 0.025 2.97 0 90 0 0 0.7071068 0 0.7071068 13.8889 0
5.0251 Head 0 1.6 0.78 346.575 290.7 4.388793E-07 -0.09615629 -0.5646647 -0.06645774 0.8170013
5.0251 FirstCar -10.20754 0.025 2.97 0 90 0 0 0.7071068 0 0.7071068 13.8889 0
5.0251 SecondCar -42.40575 0.025 2.97 0 90 0 0 0.7071068 0 0.7071068 13.8889 0
5.0254 Head 0 1.6 0.78 346.575 290.7 4.388793E-07 -0.09615629 -0.5646647 -0.06645774 0.8170013
5.0254 FirstCar -10.20253 0.025 2.97 0 90 0 0 0.7071068 0 0.7071068 13.8889 0
5.0254 SecondCar -42.40075 0.025 2.97 0 90 0 0 0.7071068 0 0.7071068 13.8889 0
5.0258 Head 0 1.6 0.78 346.575 290.7 4.388793E-07 -0.09615629 -0.5646647 -0.06645774 0.8170013
5.0258 FirstCar -10.19715 0.025 2.97 0 90 0 0 0.7071068 0 0.7071068 13.8889 0
5.0258 SecondCar -42.39537 0.025 2.97 0 90 0 0 0.7071068 0 0.7071068 13.8889 0
5.0262 Head 0 1.6 0.78 346.575 290.7 4.388793E-07 -0.09615629 -0.5646647 -0.06645774 0.8170013
5.0262 FirstCar -10.1915 0.025 2.97 0 90 0 0 0.7071068 0 0.7071068 13.8889 0
5.0262 SecondCar -42.38971 0.025 2.97 0 90 0 0 0.7071068 0 0.7071068 13.8889 0
5.0266 Head 0 1.6 0.78 346.575 290.7 4.388793E-07 -0.09615629 -0.5646647 -0.06645774 0.8170013
5.0266 FirstCar -10.18639 0.025 2.97 0 90 0 0 0.7071068 0 0.7071068 13.8889 0
5.0266 SecondCar -42.38461 0.025 2.97 0 90 0 0 0.7071068 0 0.7071068 13.8889 0
5.0269 Head 0 1.6 0.78 346.575 290.7 4.388793E-07 -0.09615629 -0.5646647 -0.06645774 0.8170013
5.0269 FirstCar -10.18129 0.025 2.97 0 90 0 0 0.7071068 0 0.7071068 13.8889 0
5.0269 SecondCar -42.3795 0.025 2.97 0 90 0 0 0.7071068 0 0.7071068 13.8889 0
5.0273 Head 0 1.6 0.78 346.575 290.7 4.388793E-07 -0.09615629 -0.5646647 -0.06645774 0.8170013
5.0273 FirstCar -10.1763 0.025 2.97 0 90 0 0 0.7071068 0 0.7071068 13.8889 0
5.0273 SecondCar -42.37452 0.025 2.97 0 90 0 0 0.7071068 0 0.7071068 13.8889 0
5.0277 Head 0 1.6 0.78 346.575 290.7 4.388793E-07 -0.09615629 -0.5646647 -0.06645774 0.8170013
5.0277 FirstCar -10.17142 0.025 2.97 0 90 0 0 0.7071068 0 0.7071068 13.8889 0
5.0277 SecondCar -42.36964 0.025 2.97 0 90 0 0 0.7071068 0 0.7071068 13.8889 0
5.0280 Head 0 1.6 0.78 346.575 290.7 4.388793E-07 -0.09615629 -0.5646647 -0.06645774 0.8170013
5.0280 FirstCar -10.16645 0.025 2.97 0 90 0 0 0.7071068 0 0.7071068 13.8889 0
5.0280 SecondCar -42.36467 0.025 2.97 0 90 0 0 0.7071068 0 0.7071068 13.8889 0
5.0285 Head 0 1.6 0.78 346.575 290.7 4.388793E-07 -0.09615629 -0.5646647 -0.06645774 0.8170013
5.0285 FirstCar -10.15957 0.025 2.97 0 90 0 0 0.7071068 0 0.7071068 13.8889 0
5.0285 SecondCar -42.35779 0.025 2.97 0 90 0 0 0.7071068 0 0.7071068 13.8889 0
5.0292 Head 0 1.6 0.78 346.575 290.7 4.388793E-07 -0.09615629 -0.5646647 -0.06645774 0.8170013
5.0292 FirstCar -10.1502 0.025 2.97 0 90 0 0 0.7071068 0 0.7071068 13.8889 0
5.0292 SecondCar -42.34842 0.025 2.97 0 90 0 0 0.7071068 0 0.7071068 13.8889 0
5.0296 Head 0 1.6 0.78 346.575 290.7 4.388793E-07 -0.09615629 -0.5646647 -0.06645774 0.8170013
5.0296 FirstCar -10.14462 0.025 2.97 0 90 0 0 0.7071068 0 0.7071068 13.8889 0
5.0296 SecondCar -42.34284 0.025 2.97 0 90 0 0 0.7071068 0 0.7071068 13.8889 0
5.0300 Head 0 1.6 0.78 346.575 290.7 4.388793E-07 -0.09615629 -0.5646647 -0.06645774 0.8170013
5.0300 FirstCar -10.13909 0.025 2.97 0 90 0 0 0.7071068 0 0.7071068 13.8889 0
5.0300 SecondCar -42.33731 0.025 2.97 0 90 0 0 0.7071068 0 0.7071068 13.8889 0
5.0304 Head 0 1.6 0.78 346.575 290.7 4.388793E-07 -0.09615629 -0.5646647 -0.06645774 0.8170013
5.0304 FirstCar -10.13387 0.025 2.97 0 90 0 0 0.7071068 0 0.7071068 13.8889 0
5.0304 SecondCar -42.33209 0.025 2.97 0 90 0 0 0.7071068 0 0.7071068 13.8889 0
5.0308 Head 0 1.6 0.78 346.575 290.7 4.388793E-07 -0.09615629 -0.5646647 -0.06645774 0.8170013
5.0308 FirstCar -10.1277 0.025 2.97 0 90 0 0 0.7071068 0 0.7071068 13.8889 0
5.0308 SecondCar -42.32591 0.025 2.97 0 90 0 0 0.7071068 0 0.7071068 13.8889 0
5.0312 Head 0 1.6 0.78 346.575 290.7 4.388793E-07 -0.09615629 -0.5646647 -0.06645774 0.8170013
5.0312 FirstCar -10.12236 0.025 2.97 0 90 0 0 0.7071068 0 0.7071068 13.8889 0
5.0312 SecondCar -42.32058 0.025 2.97 0 90 0 0 0.7071068 0 0.7071068 13.8889 0
5.0316 Head 0 1.6 0.78 346.575 290.7 4.388793E-07 -0.09615629 -0.5646647 -0.06645774 0.8170013
5.0316 FirstCar -10.11736 0.025 2.97 0 90 0 0 0.7071068 0 0.7071068 13.8889 0
5.0316 SecondCar -42.31557 0.025 2.97 0 90 0 0 0.7071068 0 0.7071068 13.8889 0
5.0319 Head 0 1.6 0.78 346.575 290.7 4.388793E-07 -0.09615629 -0.5646647 -0.06645774 0.8170013
5.0319 FirstCar -10.1126 0.025 2.97 0 90 0 0 0.7071068 0 0.7071068 13.8889 0
5.0319 SecondCar -42.31081 0.025 2.97 0 90 0 0 0.7071068 0 0.7071068 13.8889 0
5.0322 Head 0 1.6 0.78 346.575 290.7 4.388793E-07 -0.09615629 -0.5646647 -0.06645774 0.8170013
5.0322 FirstCar -10.10767 0.025 2.97 0 90 0 0 0.7071068 0 0.7071068 13.8889 0
5.0322 SecondCar -42.30589 0.025 2.97 0 90 0 0 0.7071068 0 0.7071068 13.8889 0
5.0326 Head 0 1.6 0.78 346.575 290.7 4.388793E-07 -0.09615629 -0.5646647 -0.06645774 0.8170013
5.0326 FirstCar -10.10285 0.025 2.97 0 90 0 0 0.7071068 0 0.7071068 13.8889 0
5.0326 SecondCar -42.30106 0.025 2.97 0 90 0 0 0.7071068 0 0.7071068 13.8889 0
5.0330 Head 0 1.6 0.78 346.575 290.7 4.388793E-07 -0.09615629 -0.5646647 -0.06645774 0.8170013
5.0330 FirstCar -10.09779 0.025 2.97 0 90 0 0 0.7071068 0 0.7071068 13.8889 0
5.0330 SecondCar -42.29601 0.025 2.97 0 90 0 0 0.7071068 0 0.7071068 13.8889 0
5.0333 Head 0 1.6 0.78 346.575 290.7 4.388793E-07 -0.09615629 -0.5646647 -0.06645774 0.8170013
5.0333 FirstCar -10.09255 0.025 2.97 0 90 0 0 0.7071068 0 0.7071068 13.8889 0
5.0333 SecondCar -42.29077 0.025 2.97 0 90 0 0 0.7071068 0 0.7071068 13.8889 0
5.0337 Head 0 1.6 0.78 346.575 290.7 4.388793E-07 -0.09615629 -0.5646647 -0.06645774 0.8170013
5.0337 FirstCar -10.08685 0.025 2.97 0 90 0 0 0.7071068 0 0.7071068 13.8889 0
5.0337 SecondCar -42.28508 0.025 2.97 0 90 0 0 0.7071068 0 0.7071068 13.8889 0
5.0341 Head 0 1.6 0.78 346.575 290.7 4.388793E-07 -0.09615629 -0.5646647 -0.06645774 0.8170013
5.0341 FirstCar -10.08196 0.025 2.97 0 90 0 0 0.7071068 0 0.7071068 13.8889 0
5.0341 SecondCar -42.28018 0.025 2.97 0 90 0 0 0.7071068 0 0.7071068 13.8889 0
5.0345 Head 0 1.6 0.78 346.575 290.7 4.388793E-07 -0.09615629 -0.5646647 -0.06645774 0.8170013
5.0345 FirstCar -10.07696 0.025 2.97 0 90 0 0 0.7071068 0 0.7071068 13.8889 0
5.0345 SecondCar -42.27518 0.025 2.97 0 90 0 0 0.7071068 0 0.7071068 13.8889 0
5.0348 Head 0 1.6 0.78 346.575 290.7 4.388793E-07 -0.09615629 -0.5646647 -0.06645774 0.8170013
5.0348 FirstCar -10.07203 0.025 2.97 0 90 0 0 0.7071068 0 0.7071068 13.8889 0
5.0348 SecondCar -42.27025 0.025 2.97 0 90 0 0 0.7071068 0 0.7071068 13.8889 0
5.0352 Head 0 1.6 0.78 346.575 290.7 4.388793E-07 -0.09615629 -0.5646647 -0.06645774 0.8170013
5.0352 FirstCar -10.06735 0.025 2.97 0 90 0 0 0.7071068 0 0.7071068 13.8889 0
5.0352 SecondCar -42.26558 0.025 2.97 0 90 0 0 0.7071068 0 0.7071068 13.8889 0
5.0355 Head 0 1.6 0.78 346.575 290.7 4.388793E-07 -0.09615629 -0.5646647 -0.06645774 0.8170013
5.0355 FirstCar -10.06266 0.025 2.97 0 90 0 0 0.7071068 0 0.7071068 13.8889 0
5.0355 SecondCar -42.26088 0.025 2.97 0 90 0 0 0.7071068 0 0.7071068 13.8889 0
5.0358 Head 0 1.6 0.78 346.575 290.7 4.388793E-07 -0.09615629 -0.5646647 -0.06645774 0.8170013
5.0358 FirstCar -10.05793 0.025 2.97 0 90 0 0 0.7071068 0 0.7071068 13.8889 0
5.0358 SecondCar -42.25615 0.025 2.97 0 90 0 0 0.7071068 0 0.7071068 13.8889 0
5.0362 Head 0 1.6 0.78 346.575 290.7 4.388793E-07 -0.09615629 -0.5646647 -0.06645774 0.8170013
5.0362 FirstCar -10.05336 0.025 2.97 0 90 0 0 0.7071068 0 0.7071068 13.8889 0
5.0362 SecondCar -42.25158 0.025 2.97 0 90 0 0 0.7071068 0 0.7071068 13.8889 0
5.0365 Head 0 1.6 0.78 346.575 290.7 4.388793E-07 -0.09615629 -0.5646647 -0.06645774 0.8170013
5.0365 FirstCar -10.04818 0.025 2.97 0 90 0 0 0.7071068 0 0.7071068 13.8889 0
5.0365 SecondCar -42.2464 0.025 2.97 0 90 0 0 0.7071068 0 0.7071068 13.8889 0
5.0369 Head 0 1.6 0.78 346.575 290.7 4.388793E-07 -0.09615629 -0.5646647 -0.06645774 0.8170013
5.0369 FirstCar -10.04331 0.025 2.97 0 90 0 0 0.7071068 0 0.7071068 13.8889 0
5.0369 SecondCar -42.24153 0.025 2.97 0 90 0 0 0.7071068 0 0.7071068 13.8889 0
5.0372 Head 0 1.6 0.78 346.575 290.7 4.388793E-07 -0.09615629 -0.5646647 -0.06645774 0.8170013
5.0372 FirstCar -10.0385 0.025 2.97 0 90 0 0 0.7071068 0 0.7071068 13.8889 0
5.0372 SecondCar -42.23672 0.025 2.97 0 90 0 0 0.7071068 0 0.7071068 13.8889 0
5.0376 Head 0 1.6 0.78 346.575 290.7 4.388793E-07 -0.09615629 -0.5646647 -0.06645774 0.8170013
5.0376 FirstCar -10.03384 0.025 2.97 0 90 0 0 0.7071068 0 0.7071068 13.8889 0
5.0376 SecondCar -42.23206 0.025 2.97 0 90 0 0 0.7071068 0 0.7071068 13.8889 0
5.0379 Head 0 1.6 0.78 346.575 290.7 4.388793E-07 -0.09615629 -0.5646647 -0.06645774 0.8170013
5.0379 FirstCar -10.02919 0.025 2.97 0 90 0 0 0.7071068 0 0.7071068 13.8889 0
5.0379 SecondCar -42.22741 0.025 2.97 0 90 0 0 0.7071068 0 0.7071068 13.8889 0
5.0383 Head 0 1.6 0.78 346.575 290.7 4.388793E-07 -0.09615629 -0.5646647 -0.06645774 0.8170013
5.0383 FirstCar -10.02429 0.025 2.97 0 90 0 0 0.7071068 0 0.7071068 13.8889 0
5.0383 SecondCar -42.2225 0.025 2.97 0 90 0 0 0.7071068 0 0.7071068 13.8889 0
5.0386 Head 0 1.6 0.78 346.575 290.7 4.388793E-07 -0.09615629 -0.5646647 -0.06645774 0.8170013
5.0386 FirstCar -10.01961 0.025 2.97 0 90 0 0 0.7071068 0 0.7071068 13.8889 0
5.0386 SecondCar -42.21783 0.025 2.97 0 90 0 0 0.7071068 0 0.7071068 13.8889 0
5.0389 Head 0 1.6 0.78 346.575 290.7 4.388793E-07 -0.09615629 -0.5646647 -0.06645774 0.8170013
5.0389 FirstCar -10.01493 0.025 2.97 0 90 0 0 0.7071068 0 0.7071068 13.8889 0
5.0389 SecondCar -42.21315 0.025 2.97 0 90 0 0 0.7071068 0 0.7071068 13.8889 0
5.0393 Head 0 1.6 0.78 346.575 290.7 4.388793E-07 -0.09615629 -0.5646647 -0.06645774 0.8170013
5.0393 FirstCar -10.01027 0.025 2.97 0 90 0 0 0.7071068 0 0.7071068 13.8889 0
5.0393 SecondCar -42.20849 0.025 2.97 0 90 0 0 0.7071068 0 0.7071068 13.8889 0
5.0396 Head 0 1.6 0.78 346.575 290.7 4.388793E-07 -0.09615629 -0.5646647 -0.06645774 0.8170013
5.0396 FirstCar -10.00527 0.025 2.97 0 90 0 0 0.7071068 0 0.7071068 13.8889 0
5.0396 SecondCar -42.20348 0.025 2.97 0 90 0 0 0.7071068 0 0.7071068 13.8889 0
5.0400 Head 0 1.6 0.78 346.575 290.7 4.388793E-07 -0.09615629 -0.5646647 -0.06645774 0.8170013
5.0400 FirstCar -10.00062 0.025 2.97 0 90 0 0 0.7071068 0 0.7071068 13.8889 0
5.0400 SecondCar -42.19883 0.025 2.97 0 90 0 0 0.7071068 0 0.7071068 13.8889 0
5.0403 Head 0 1.6 0.78 346.575 290.7 4.388793E-07 -0.09615629 -0.5646647 -0.06645774 0.8170013
5.0403 FirstCar -9.995683 0.025 2.97 0 90 0 0 0.7071068 0 0.7071068 13.8889 0
5.0403 SecondCar -42.19389 0.025 2.97 0 90 0 0 0.7071068 0 0.7071068 13.8889 0
5.0407 Head 0 1.6 0.78 346.575 290.7 4.388793E-07 -0.09615629 -0.5646647 -0.06645774 0.8170013
5.0407 FirstCar -9.990722 0.025 2.97 0 90 0 0 0.7071068 0 0.7071068 13.8889 0
5.0407 SecondCar -42.18893 0.025 2.97 0 90 0 0 0.7071068 0 0.7071068 13.8889 0
5.0410 Head 0 1.6 0.78 346.575 290.7 4.388793E-07 -0.09615629 -0.5646647 -0.06645774 0.8170013
5.0410 FirstCar -9.986101 0.025 2.97 0 90 0 0 0.7071068 0 0.7071068 13.8889 0
5.0410 SecondCar -42.18431 0.025 2.97 0 90 0 0 0.7071068 0 0.7071068 13.8889 0
5.0413 Head 0 1.6 0.78 346.575 290.7 4.388793E-07 -0.09615629 -0.5646647 -0.06645774 0.8170013
5.0413 FirstCar -9.981432 0.025 2.97 0 90 0 0 0.7071068 0 0.7071068 13.8889 0
5.0413 SecondCar -42.17964 0.025 2.97 0 90 0 0 0.7071068 0 0.7071068 13.8889 0
5.0417 Head 0 1.6 0.78 346.575 290.7 4.388793E-07 -0.09615629 -0.5646647 -0.06645774 0.8170013
5.0417 FirstCar -9.976796 0.025 2.97 0 90 0 0 0.7071068 0 0.7071068 13.8889 0
5.0417 SecondCar -42.17501 0.025 2.97 0 90 0 0 0.7071068 0 0.7071068 13.8889 0
5.0420 Head 0 1.6 0.78 346.575 290.7 4.388793E-07 -0.09615629 -0.5646647 -0.06645774 0.8170013
5.0420 FirstCar -9.972097 0.025 2.97 0 90 0 0 0.7071068 0 0.7071068 13.8889 0
5.0420 SecondCar -42.17031 0.025 2.97 0 90 0 0 0.7071068 0 0.7071068 13.8889 0
5.0424 Head 0 1.6 0.78 346.575 290.7 4.388793E-07 -0.09615629 -0.5646647 -0.06645774 0.8170013
5.0424 FirstCar -9.967221 0.025 2.97 0 90 0 0 0.7071068 0 0.7071068 13.8889 0
5.0424 SecondCar -42.16543 0.025 2.97 0 90 0 0 0.7071068 0 0.7071068 13.8889 0
5.0427 Head 0 1.6 0.78 346.575 290.7 4.388793E-07 -0.09615629 -0.5646647 -0.06645774 0.8170013
5.0427 FirstCar -9.962445 0.025 2.97 0 90 0 0 0.7071068 0 0.7071068 13.8889 0
5.0427 SecondCar -42.16066 0.025 2.97 0 90 0 0 0.7071068 0 0.7071068 13.8889 0
5.0431 Head 0 1.6 0.78 346.575 290.7 4.388793E-07 -0.09615629 -0.5646647 -0.06645774 0.8170013
5.0431 FirstCar -9.957512 0.025 2.97 0 90 0 0 0.7071068 0 0.7071068 13.8889 0
5.0431 SecondCar -42.15572 0.025 2.97 0 90 0 0 0.7071068 0 0.7071068 13.8889 0
5.0435 Head 0 1.6 0.78 346.575 290.7 4.388793E-07 -0.09615629 -0.5646647 -0.06645774 0.8170013
5.0435 FirstCar -9.951124 0.025 2.97 0 90 0 0 0.7071068 0 0.7071068 13.8889 0
5.0435 SecondCar -42.14934 0.025 2.97 0 90 0 0 0.7071068 0 0.7071068 13.8889 0
5.0443 Head 0 1.6 0.78 346.575 290.7 4.388793E-07 -0.09615629 -0.5646647 -0.06645774 0.8170013
5.0443 FirstCar -9.940767 0.025 2.97 0 90 0 0 0.7071068 0 0.7071068 13.8889 0
5.0443 SecondCar -42.13898 0.025 2.97 0 90 0 0 0.7071068 0 0.7071068 13.8889 0
5.0447 Head 0 1.6 0.78 346.575 290.7 4.388793E-07 -0.09615629 -0.5646647 -0.06645774 0.8170013
5.0447 FirstCar -9.935194 0.025 2.97 0 90 0 0 0.7071068 0 0.7071068 13.8889 0
5.0447 SecondCar -42.13341 0.025 2.97 0 90 0 0 0.7071068 0 0.7071068 13.8889 0
5.0450 Head 0 1.6 0.78 346.575 290.7 4.388793E-07 -0.09615629 -0.5646647 -0.06645774 0.8170013
5.0450 FirstCar -9.930123 0.025 2.97 0 90 0 0 0.7071068 0 0.7071068 13.8889 0
5.0450 SecondCar -42.12834 0.025 2.97 0 90 0 0 0.7071068 0 0.7071068 13.8889 0
5.0454 Head 0 1.6 0.78 346.575 290.7 4.388793E-07 -0.09615629 -0.5646647 -0.06645774 0.8170013
5.0454 FirstCar -9.924947 0.025 2.97 0 90 0 0 0.7071068 0 0.7071068 13.8889 0
5.0454 SecondCar -42.12316 0.025 2.97 0 90 0 0 0.7071068 0 0.7071068 13.8889 0
5.0458 Head 0 1.6 0.78 346.575 290.7 4.388793E-07 -0.09615629 -0.5646647 -0.06645774 0.8170013
5.0458 FirstCar -9.920037 0.025 2.97 0 90 0 0 0.7071068 0 0.7071068 13.8889 0
5.0458 SecondCar -42.11825 0.025 2.97 0 90 0 0 0.7071068 0 0.7071068 13.8889 0
5.0461 Head 0 1.6 0.78 346.575 290.7 4.388793E-07 -0.09615629 -0.5646647 -0.06645774 0.8170013
5.0461 FirstCar -9.915231 0.025 2.97 0 90 0 0 0.7071068 0 0.7071068 13.8889 0
5.0461 SecondCar -42.11345 0.025 2.97 0 90 0 0 0.7071068 0 0.7071068 13.8889 0
5.0464 Head 0 1.6 0.78 346.575 290.7 4.388793E-07 -0.09615629 -0.5646647 -0.06645774 0.8170013
5.0464 FirstCar -9.910586 0.025 2.97 0 90 0 0 0.7071068 0 0.7071068 13.8889 0
5.0464 SecondCar -42.1088 0.025 2.97 0 90 0 0 0.7071068 0 0.7071068 13.8889 0
5.0468 Head 0 1.6 0.78 346.575 290.7 4.388793E-07 -0.09615629 -0.5646647 -0.06645774 0.8170013
5.0468 FirstCar -9.905957 0.025 2.97 0 90 0 0 0.7071068 0 0.7071068 13.8889 0
5.0468 SecondCar -42.10417 0.025 2.97 0 90 0 0 0.7071068 0 0.7071068 13.8889 0
5.0471 Head 0 1.6 0.78 346.575 290.7 4.388793E-07 -0.09615629 -0.5646647 -0.06645774 0.8170013
5.0471 FirstCar -9.901224 0.025 2.97 0 90 0 0 0.7071068 0 0.7071068 13.8889 0
5.0471 SecondCar -42.09943 0.025 2.97 0 90 0 0 0.7071068 0 0.7071068 13.8889 0
5.0474 Head 0 1.6 0.78 346.575 290.7 4.388793E-07 -0.09615629 -0.5646647 -0.06645774 0.8170013
5.0474 FirstCar -9.896665 0.025 2.97 0 90 0 0 0.7071068 0 0.7071068 13.8889 0
5.0474 SecondCar -42.09488 0.025 2.97 0 90 0 0 0.7071068 0 0.7071068 13.8889 0
5.0478 Head 0 1.6 0.78 346.575 290.7 4.388793E-07 -0.09615629 -0.5646647 -0.06645774 0.8170013
5.0478 FirstCar -9.892072 0.025 2.97 0 90 0 0 0.7071068 0 0.7071068 13.8889 0
5.0478 SecondCar -42.09028 0.025 2.97 0 90 0 0 0.7071068 0 0.7071068 13.8889 0
5.0481 Head 0 1.6 0.78 346.575 290.7 4.388793E-07 -0.09615629 -0.5646647 -0.06645774 0.8170013
5.0481 FirstCar -9.887329 0.025 2.97 0 90 0 0 0.7071068 0 0.7071068 13.8889 0
5.0481 SecondCar -42.08554 0.025 2.97 0 90 0 0 0.7071068 0 0.7071068 13.8889 0
5.0485 Head 0 1.6 0.78 346.575 290.7 4.388793E-07 -0.09615629 -0.5646647 -0.06645774 0.8170013
5.0485 FirstCar -9.881726 0.025 2.97 0 90 0 0 0.7071068 0 0.7071068 13.8889 0
5.0485 SecondCar -42.07994 0.025 2.97 0 90 0 0 0.7071068 0 0.7071068 13.8889 0
5.0491 Head 0 1.6 0.78 346.575 290.7 4.388793E-07 -0.09615629 -0.5646647 -0.06645774 0.8170013
5.0491 FirstCar -9.873122 0.025 2.97 0 90 0 0 0.7071068 0 0.7071068 13.8889 0
5.0491 SecondCar -42.07133 0.025 2.97 0 90 0 0 0.7071068 0 0.7071068 13.8889 0
5.0495 Head 0 1.6 0.78 346.575 290.7 4.388793E-07 -0.09615629 -0.5646647 -0.06645774 0.8170013
5.0495 FirstCar -9.867879 0.025 2.97 0 90 0 0 0.7071068 0 0.7071068 13.8889 0
5.0495 SecondCar -42.06609 0.025 2.97 0 90 0 0 0.7071068 0 0.7071068 13.8889 0
5.0499 Head 0 1.6 0.78 346.575 290.7 4.388793E-07 -0.09615629 -0.5646647 -0.06645774 0.8170013
5.0499 FirstCar -9.862267 0.025 2.97 0 90 0 0 0.7071068 0 0.7071068 13.8889 0
5.0499 SecondCar -42.06048 0.025 2.97 0 90 0 0 0.7071068 0 0.7071068 13.8889 0
5.0504 Head 0 1.6 0.78 346.575 290.7 4.388793E-07 -0.09615629 -0.5646647 -0.06645774 0.8170013
5.0504 FirstCar -9.856013 0.025 2.97 0 90 0 0 0.7071068 0 0.7071068 13.8889 0
5.0504 SecondCar -42.05423 0.025 2.97 0 90 0 0 0.7071068 0 0.7071068 13.8889 0
5.0508 Head 0 1.6 0.78 346.575 290.7 4.388793E-07 -0.09615629 -0.5646647 -0.06645774 0.8170013
5.0508 FirstCar -9.850108 0.025 2.97 0 90 0 0 0.7071068 0 0.7071068 13.8889 0
5.0508 SecondCar -42.04832 0.025 2.97 0 90 0 0 0.7071068 0 0.7071068 13.8889 0
5.0512 Head 0 1.6 0.78 346.575 290.7 4.388793E-07 -0.09615629 -0.5646647 -0.06645774 0.8170013
5.0512 FirstCar -9.845083 0.025 2.97 0 90 0 0 0.7071068 0 0.7071068 13.8889 0
5.0512 SecondCar -42.0433 0.025 2.97 0 90 0 0 0.7071068 0 0.7071068 13.8889 0
5.0515 Head 0 1.6 0.78 346.575 290.7 4.388793E-07 -0.09615629 -0.5646647 -0.06645774 0.8170013
5.0515 FirstCar -9.840265 0.025 2.97 0 90 0 0 0.7071068 0 0.7071068 13.8889 0
5.0515 SecondCar -42.03848 0.025 2.97 0 90 0 0 0.7071068 0 0.7071068 13.8889 0
5.0519 Head 0 1.6 0.78 346.575 290.7 4.388793E-07 -0.09615629 -0.5646647 -0.06645774 0.8170013
5.0519 FirstCar -9.834878 0.025 2.97 0 90 0 0 0.7071068 0 0.7071068 13.8889 0
5.0519 SecondCar -42.03309 0.025 2.97 0 90 0 0 0.7071068 0 0.7071068 13.8889 0
5.0522 Head 0 1.6 0.78 346.575 290.7 4.388793E-07 -0.09615629 -0.5646647 -0.06645774 0.8170013
5.0522 FirstCar -9.830027 0.025 2.97 0 90 0 0 0.7071068 0 0.7071068 13.8889 0
5.0522 SecondCar -42.02824 0.025 2.97 0 90 0 0 0.7071068 0 0.7071068 13.8889 0
5.0526 Head 0 1.6 0.78 346.575 290.7 4.388793E-07 -0.09615629 -0.5646647 -0.06645774 0.8170013
5.0526 FirstCar -9.824852 0.025 2.97 0 90 0 0 0.7071068 0 0.7071068 13.8889 0
5.0526 SecondCar -42.02306 0.025 2.97 0 90 0 0 0.7071068 0 0.7071068 13.8889 0
5.0530 Head 0 1.6 0.78 346.575 290.7 4.388793E-07 -0.09615629 -0.5646647 -0.06645774 0.8170013
5.0530 FirstCar -9.819873 0.025 2.97 0 90 0 0 0.7071068 0 0.7071068 13.8889 0
5.0530 SecondCar -42.01809 0.025 2.97 0 90 0 0 0.7071068 0 0.7071068 13.8889 0
5.0533 Head 0 1.6 0.78 346.575 290.7 4.388793E-07 -0.09615629 -0.5646647 -0.06645774 0.8170013
5.0533 FirstCar -9.814698 0.025 2.97 0 90 0 0 0.7071068 0 0.7071068 13.8889 0
5.0533 SecondCar -42.01291 0.025 2.97 0 90 0 0 0.7071068 0 0.7071068 13.8889 0
5.0537 Head 0 1.6 0.78 346.575 290.7 4.388793E-07 -0.09615629 -0.5646647 -0.06645774 0.8170013
5.0537 FirstCar -9.810012 0.025 2.97 0 90 0 0 0.7071068 0 0.7071068 13.8889 0
5.0537 SecondCar -42.00822 0.025 2.97 0 90 0 0 0.7071068 0 0.7071068 13.8889 0
5.0540 Head 0 1.6 0.78 346.575 290.7 4.388793E-07 -0.09615629 -0.5646647 -0.06645774 0.8170013
5.0540 FirstCar -9.805285 0.025 2.97 0 90 0 0 0.7071068 0 0.7071068 13.8889 0
5.0540 SecondCar -42.0035 0.025 2.97 0 90 0 0 0.7071068 0 0.7071068 13.8889 0
5.0544 Head 0 1.6 0.78 346.575 290.7 4.388793E-07 -0.09615629 -0.5646647 -0.06645774 0.8170013
5.0544 FirstCar -9.800485 0.025 2.97 0 90 0 0 0.7071068 0 0.7071068 13.8889 0
5.0544 SecondCar -41.9987 0.025 2.97 0 90 0 0 0.7071068 0 0.7071068 13.8889 0
5.0547 Head 0 1.6 0.78 346.575 290.7 4.388793E-07 -0.09615629 -0.5646647 -0.06645774 0.8170013
5.0547 FirstCar -9.795238 0.025 2.97 0 90 0 0 0.7071068 0 0.7071068 13.8889 0
5.0547 SecondCar -41.99345 0.025 2.97 0 90 0 0 0.7071068 0 0.7071068 13.8889 0
5.0551 Head 0 1.6 0.78 346.575 290.7 4.388793E-07 -0.09615629 -0.5646647 -0.06645774 0.8170013
5.0551 FirstCar -9.790268 0.025 2.97 0 90 0 0 0.7071068 0 0.7071068 13.8889 0
5.0551 SecondCar -41.98848 0.025 2.97 0 90 0 0 0.7071068 0 0.7071068 13.8889 0
5.0555 Head 0 1.6 0.78 346.575 290.7 4.388793E-07 -0.09615629 -0.5646647 -0.06645774 0.8170013
5.0555 FirstCar -9.784218 0.025 2.97 0 90 0 0 0.7071068 0 0.7071068 13.8889 0
5.0555 SecondCar -41.98243 0.025 2.97 0 90 0 0 0.7071068 0 0.7071068 13.8889 0
5.0560 Head 0 1.6 0.78 346.575 290.7 4.388793E-07 -0.09615629 -0.5646647 -0.06645774 0.8170013
5.0560 FirstCar -9.777927 0.025 2.97 0 90 0 0 0.7071068 0 0.7071068 13.8889 0
5.0560 SecondCar -41.97614 0.025 2.97 0 90 0 0 0.7071068 0 0.7071068 13.8889 0
5.0564 Head 0 1.6 0.78 346.575 290.7 4.388793E-07 -0.09615629 -0.5646647 -0.06645774 0.8170013
5.0564 FirstCar -9.772587 0.025 2.97 0 90 0 0 0.7071068 0 0.7071068 13.8889 0
5.0564 SecondCar -41.9708 0.025 2.97 0 90 0 0 0.7071068 0 0.7071068 13.8889 0
5.0568 Head 0 1.6 0.78 346.575 290.7 4.388793E-07 -0.09615629 -0.5646647 -0.06645774 0.8170013
5.0568 FirstCar -9.767069 0.025 2.97 0 90 0 0 0.7071068 0 0.7071068 13.8889 0
5.0568 SecondCar -41.96528 0.025 2.97 0 90 0 0 0.7071068 0 0.7071068 13.8889 0
5.0572 Head 0 1.6 0.78 346.575 290.7 4.388793E-07 -0.09615629 -0.5646647 -0.06645774 0.8170013
5.0572 FirstCar -9.761265 0.025 2.97 0 90 0 0 0.7071068 0 0.7071068 13.8889 0
5.0572 SecondCar -41.95948 0.025 2.97 0 90 0 0 0.7071068 0 0.7071068 13.8889 0
5.0577 Head 0 1.6 0.78 346.575 290.7 4.388793E-07 -0.09615629 -0.5646647 -0.06645774 0.8170013
5.0577 FirstCar -9.754618 0.025 2.97 0 90 0 0 0.7071068 0 0.7071068 13.8889 0
5.0577 SecondCar -41.95283 0.025 2.97 0 90 0 0 0.7071068 0 0.7071068 13.8889 0
5.0583 Head 0 1.6 0.78 346.575 290.7 4.388793E-07 -0.09615629 -0.5646647 -0.06645774 0.8170013
5.0583 FirstCar -9.745808 0.025 2.97 0 90 0 0 0.7071068 0 0.7071068 13.8889 0
5.0583 SecondCar -41.94402 0.025 2.97 0 90 0 0 0.7071068 0 0.7071068 13.8889 0
5.0588 Head 0 1.6 0.78 346.575 290.7 4.388793E-07 -0.09615629 -0.5646647 -0.06645774 0.8170013
5.0588 FirstCar -9.738377 0.025 2.97 0 90 0 0 0.7071068 0 0.7071068 13.8889 0
5.0588 SecondCar -41.93659 0.025 2.97 0 90 0 0 0.7071068 0 0.7071068 13.8889 0
5.0593 Head 0 1.6 0.78 346.575 290.7 4.388793E-07 -0.09615629 -0.5646647 -0.06645774 0.8170013
5.0593 FirstCar -9.732606 0.025 2.97 0 90 0 0 0.7071068 0 0.7071068 13.8889 0
5.0593 SecondCar -41.93082 0.025 2.97 0 90 0 0 0.7071068 0 0.7071068 13.8889 0
5.0597 Head 0 1.6 0.78 346.575 290.7 4.388793E-07 -0.09615629 -0.5646647 -0.06645774 0.8170013
5.0597 FirstCar -9.726789 0.025 2.97 0 90 0 0 0.7071068 0 0.7071068 13.8889 0
5.0597 SecondCar -41.925 0.025 2.97 0 90 0 0 0.7071068 0 0.7071068 13.8889 0
5.0601 Head 0 1.6 0.78 346.575 290.7 4.388793E-07 -0.09615629 -0.5646647 -0.06645774 0.8170013
5.0601 FirstCar -9.721221 0.025 2.97 0 90 0 0 0.7071068 0 0.7071068 13.8889 0
5.0601 SecondCar -41.91943 0.025 2.97 0 90 0 0 0.7071068 0 0.7071068 13.8889 0
5.0605 Head 0 1.6 0.78 346.575 290.7 4.388793E-07 -0.09615629 -0.5646647 -0.06645774 0.8170013
5.0605 FirstCar -9.715384 0.025 2.97 0 90 0 0 0.7071068 0 0.7071068 13.8889 0
5.0605 SecondCar -41.91359 0.025 2.97 0 90 0 0 0.7071068 0 0.7071068 13.8889 0
5.0609 Head 0 1.6 0.78 346.575 290.7 4.388793E-07 -0.09615629 -0.5646647 -0.06645774 0.8170013
5.0609 FirstCar -9.710055 0.025 2.97 0 90 0 0 0.7071068 0 0.7071068 13.8889 0
5.0609 SecondCar -41.90826 0.025 2.97 0 90 0 0 0.7071068 0 0.7071068 13.8889 0
5.0613 Head 0 1.6 0.78 346.575 290.7 4.388793E-07 -0.09615629 -0.5646647 -0.06645774 0.8170013
5.0613 FirstCar -9.704553 0.025 2.97 0 90 0 0 0.7071068 0 0.7071068 13.8889 0
5.0613 SecondCar -41.90276 0.025 2.97 0 90 0 0 0.7071068 0 0.7071068 13.8889 0
5.0617 Head 0 1.6 0.78 346.575 290.7 4.388793E-07 -0.09615629 -0.5646647 -0.06645774 0.8170013
5.0617 FirstCar -9.699296 0.025 2.97 0 90 0 0 0.7071068 0 0.7071068 13.8889 0
5.0617 SecondCar -41.8975 0.025 2.97 0 90 0 0 0.7071068 0 0.7071068 13.8889 0
5.0621 Head 0 1.6 0.78 346.575 290.7 4.388793E-07 -0.09615629 -0.5646647 -0.06645774 0.8170013
5.0621 FirstCar -9.693362 0.025 2.97 0 90 0 0 0.7071068 0 0.7071068 13.8889 0
5.0621 SecondCar -41.89157 0.025 2.97 0 90 0 0 0.7071068 0 0.7071068 13.8889 0
5.0625 Head 0 1.6 0.78 346.575 290.7 4.388793E-07 -0.09615629 -0.5646647 -0.06645774 0.8170013
5.0625 FirstCar -9.68809 0.025 2.97 0 90 0 0 0.7071068 0 0.7071068 13.8889 0
5.0625 SecondCar -41.8863 0.025 2.97 0 90 0 0 0.7071068 0 0.7071068 13.8889 0
5.0628 Head 0 1.6 0.78 346.575 290.7 4.388793E-07 -0.09615629 -0.5646647 -0.06645774 0.8170013
5.0628 FirstCar -9.683114 0.025 2.97 0 90 0 0 0.7071068 0 0.7071068 13.8889 0
5.0628 SecondCar -41.88132 0.025 2.97 0 90 0 0 0.7071068 0 0.7071068 13.8889 0
5.0632 Head 0 1.6 0.78 346.575 290.7 4.388793E-07 -0.09615629 -0.5646647 -0.06645774 0.8170013
5.0632 FirstCar -9.678328 0.025 2.97 0 90 0 0 0.7071068 0 0.7071068 13.8889 0
5.0632 SecondCar -41.87653 0.025 2.97 0 90 0 0 0.7071068 0 0.7071068 13.8889 0
5.0635 Head 0 1.6 0.78 346.575 290.7 4.388793E-07 -0.09615629 -0.5646647 -0.06645774 0.8170013
5.0635 FirstCar -9.673122 0.025 2.97 0 90 0 0 0.7071068 0 0.7071068 13.8889 0
5.0635 SecondCar -41.87133 0.025 2.97 0 90 0 0 0.7071068 0 0.7071068 13.8889 0
5.0639 Head 0 1.6 0.78 346.575 290.7 4.388793E-07 -0.09615629 -0.5646647 -0.06645774 0.8170013
5.0639 FirstCar -9.668205 0.025 2.97 0 90 0 0 0.7071068 0 0.7071068 13.8889 0
5.0639 SecondCar -41.86641 0.025 2.97 0 90 0 0 0.7071068 0 0.7071068 13.8889 0
5.0642 Head 0 1.6 0.78 346.575 290.7 4.388793E-07 -0.09615629 -0.5646647 -0.06645774 0.8170013
5.0642 FirstCar -9.663217 0.025 2.97 0 90 0 0 0.7071068 0 0.7071068 13.8889 0
5.0642 SecondCar -41.86142 0.025 2.97 0 90 0 0 0.7071068 0 0.7071068 13.8889 0
5.0646 Head 0 1.6 0.78 346.575 290.7 4.388793E-07 -0.09615629 -0.5646647 -0.06645774 0.8170013
5.0646 FirstCar -9.658502 0.025 2.97 0 90 0 0 0.7071068 0 0.7071068 13.8889 0
5.0646 SecondCar -41.8567 0.025 2.97 0 90 0 0 0.7071068 0 0.7071068 13.8889 0
5.0649 Head 0 1.6 0.78 346.575 290.7 4.388793E-07 -0.09615629 -0.5646647 -0.06645774 0.8170013
5.0649 FirstCar -9.653776 0.025 2.97 0 90 0 0 0.7071068 0 0.7071068 13.8889 0
5.0649 SecondCar -41.85198 0.025 2.97 0 90 0 0 0.7071068 0 0.7071068 13.8889 0
5.0653 Head 0 1.6 0.78 346.575 290.7 4.388793E-07 -0.09615629 -0.5646647 -0.06645774 0.8170013
5.0653 FirstCar -9.649031 0.025 2.97 0 90 0 0 0.7071068 0 0.7071068 13.8889 0
5.0653 SecondCar -41.84723 0.025 2.97 0 90 0 0 0.7071068 0 0.7071068 13.8889 0
5.0656 Head 0 1.6 0.78 346.575 290.7 4.388793E-07 -0.09615629 -0.5646647 -0.06645774 0.8170013
5.0656 FirstCar -9.644235 0.025 2.97 0 90 0 0 0.7071068 0 0.7071068 13.8889 0
5.0656 SecondCar -41.84244 0.025 2.97 0 90 0 0 0.7071068 0 0.7071068 13.8889 0
5.0660 Head 0 1.6 0.78 346.575 290.7 4.388793E-07 -0.09615629 -0.5646647 -0.06645774 0.8170013
5.0660 FirstCar -9.639493 0.025 2.97 0 90 0 0 0.7071068 0 0.7071068 13.8889 0
5.0660 SecondCar -41.8377 0.025 2.97 0 90 0 0 0.7071068 0 0.7071068 13.8889 0
5.0663 Head 0 1.6 0.78 346.575 290.7 4.388793E-07 -0.09615629 -0.5646647 -0.06645774 0.8170013
5.0663 FirstCar -9.634794 0.025 2.97 0 90 0 0 0.7071068 0 0.7071068 13.8889 0
5.0663 SecondCar -41.833 0.025 2.97 0 90 0 0 0.7071068 0 0.7071068 13.8889 0
5.0666 Head 0 1.6 0.78 346.575 290.7 4.388793E-07 -0.09615629 -0.5646647 -0.06645774 0.8170013
5.0666 FirstCar -9.630132 0.025 2.97 0 90 0 0 0.7071068 0 0.7071068 13.8889 0
5.0666 SecondCar -41.82833 0.025 2.97 0 90 0 0 0.7071068 0 0.7071068 13.8889 0
5.0670 Head 0 1.6 0.78 346.575 290.7 4.388793E-07 -0.09615629 -0.5646647 -0.06645774 0.8170013
5.0670 FirstCar -9.625487 0.025 2.97 0 90 0 0 0.7071068 0 0.7071068 13.8889 0
5.0670 SecondCar -41.82369 0.025 2.97 0 90 0 0 0.7071068 0 0.7071068 13.8889 0
5.0673 Head 0 1.6 0.78 346.575 290.7 4.388793E-07 -0.09615629 -0.5646647 -0.06645774 0.8170013
5.0673 FirstCar -9.620722 0.025 2.97 0 90 0 0 0.7071068 0 0.7071068 13.8889 0
5.0673 SecondCar -41.81892 0.025 2.97 0 90 0 0 0.7071068 0 0.7071068 13.8889 0
5.0677 Head 0 1.6 0.78 346.575 290.7 4.388793E-07 -0.09615629 -0.5646647 -0.06645774 0.8170013
5.0677 FirstCar -9.615981 0.025 2.97 0 90 0 0 0.7071068 0 0.7071068 13.8889 0
5.0677 SecondCar -41.81418 0.025 2.97 0 90 0 0 0.7071068 0 0.7071068 13.8889 0
5.0680 Head 0 1.6 0.78 346.575 290.7 4.388793E-07 -0.09615629 -0.5646647 -0.06645774 0.8170013
5.0680 FirstCar -9.610855 0.025 2.97 0 90 0 0 0.7071068 0 0.7071068 13.8889 0
5.0680 SecondCar -41.80906 0.025 2.97 0 90 0 0 0.7071068 0 0.7071068 13.8889 0
5.0684 Head 0 1.6 0.78 346.575 290.7 4.388793E-07 -0.09615629 -0.5646647 -0.06645774 0.8170013
5.0684 FirstCar -9.605697 0.025 2.97 0 90 0 0 0.7071068 0 0.7071068 13.8889 0
5.0684 SecondCar -41.8039 0.025 2.97 0 90 0 0 0.7071068 0 0.7071068 13.8889 0
5.0689 Head 0 1.6 0.78 346.575 290.7 4.388793E-07 -0.09615629 -0.5646647 -0.06645774 0.8170013
5.0689 FirstCar -9.598019 0.025 2.97 0 90 0 0 0.7071068 0 0.7071068 13.8889 0
5.0689 SecondCar -41.79622 0.025 2.97 0 90 0 0 0.7071068 0 0.7071068 13.8889 0
5.0693 Head 0 1.6 0.78 346.575 290.7 4.388793E-07 -0.09615629 -0.5646647 -0.06645774 0.8170013
5.0693 FirstCar -9.593025 0.025 2.97 0 90 0 0 0.7071068 0 0.7071068 13.8889 0
5.0693 SecondCar -41.79123 0.025 2.97 0 90 0 0 0.7071068 0 0.7071068 13.8889 0
5.0696 Head 0 1.6 0.78 346.575 290.7 4.388793E-07 -0.09615629 -0.5646647 -0.06645774 0.8170013
5.0696 FirstCar -9.588208 0.025 2.97 0 90 0 0 0.7071068 0 0.7071068 13.8889 0
5.0696 SecondCar -41.78641 0.025 2.97 0 90 0 0 0.7071068 0 0.7071068 13.8889 0
5.0700 Head 0 1.6 0.78 346.575 290.7 4.388793E-07 -0.09615629 -0.5646647 -0.06645774 0.8170013
5.0700 FirstCar -9.583302 0.025 2.97 0 90 0 0 0.7071068 0 0.7071068 13.8889 0
5.0700 SecondCar -41.7815 0.025 2.97 0 90 0 0 0.7071068 0 0.7071068 13.8889 0
5.0704 Head 0 1.6 0.78 346.575 290.7 4.388793E-07 -0.09615629 -0.5646647 -0.06645774 0.8170013
5.0704 FirstCar -9.578392 0.025 2.97 0 90 0 0 0.7071068 0 0.7071068 13.8889 0
5.0704 SecondCar -41.77659 0.025 2.97 0 90 0 0 0.7071068 0 0.7071068 13.8889 0
5.0707 Head 0 1.6 0.78 346.575 290.7 4.388793E-07 -0.09615629 -0.5646647 -0.06645774 0.8170013
5.0707 FirstCar -9.57352 0.025 2.97 0 90 0 0 0.7071068 0 0.7071068 13.8889 0
5.0707 SecondCar -41.77172 0.025 2.97 0 90 0 0 0.7071068 0 0.7071068 13.8889 0
5.0711 Head 0 1.6 0.78 346.575 290.7 4.388793E-07 -0.09615629 -0.5646647 -0.06645774 0.8170013
5.0711 FirstCar -9.568428 0.025 2.97 0 90 0 0 0.7071068 0 0.7071068 13.8889 0
5.0711 SecondCar -41.76663 0.025 2.97 0 90 0 0 0.7071068 0 0.7071068 13.8889 0
5.0714 Head 0 1.6 0.78 346.575 290.7 4.388793E-07 -0.09615629 -0.5646647 -0.06645774 0.8170013
5.0714 FirstCar -9.563659 0.025 2.97 0 90 0 0 0.7071068 0 0.7071068 13.8889 0
5.0714 SecondCar -41.76186 0.025 2.97 0 90 0 0 0.7071068 0 0.7071068 13.8889 0
5.0718 Head 0 1.6 0.78 346.575 290.7 4.388793E-07 -0.09615629 -0.5646647 -0.06645774 0.8170013
5.0718 FirstCar -9.558939 0.025 2.97 0 90 0 0 0.7071068 0 0.7071068 13.8889 0
5.0718 SecondCar -41.75714 0.025 2.97 0 90 0 0 0.7071068 0 0.7071068 13.8889 0
5.0721 Head 0 1.6 0.78 346.575 290.7 4.388793E-07 -0.09615629 -0.5646647 -0.06645774 0.8170013
5.0721 FirstCar -9.554329 0.025 2.97 0 90 0 0 0.7071068 0 0.7071068 13.8889 0
5.0721 SecondCar -41.75253 0.025 2.97 0 90 0 0 0.7071068 0 0.7071068 13.8889 0
5.0724 Head 0 1.6 0.78 346.575 290.7 4.388793E-07 -0.09615629 -0.5646647 -0.06645774 0.8170013
5.0724 FirstCar -9.549569 0.025 2.97 0 90 0 0 0.7071068 0 0.7071068 13.8889 0
5.0724 SecondCar -41.74777 0.025 2.97 0 90 0 0 0.7071068 0 0.7071068 13.8889 0
5.0728 Head 0 1.6 0.78 346.575 290.7 4.388793E-07 -0.09615629 -0.5646647 -0.06645774 0.8170013
5.0728 FirstCar -9.544757 0.025 2.97 0 90 0 0 0.7071068 0 0.7071068 13.8889 0
5.0728 SecondCar -41.74296 0.025 2.97 0 90 0 0 0.7071068 0 0.7071068 13.8889 0
5.0731 Head 0 1.6 0.78 346.575 290.7 4.388793E-07 -0.09615629 -0.5646647 -0.06645774 0.8170013
5.0731 FirstCar -9.540154 0.025 2.97 0 90 0 0 0.7071068 0 0.7071068 13.8889 0
5.0731 SecondCar -41.73835 0.025 2.97 0 90 0 0 0.7071068 0 0.7071068 13.8889 0
5.0734 Head 0 1.6 0.78 346.575 290.7 4.388793E-07 -0.09615629 -0.5646647 -0.06645774 0.8170013
5.0734 FirstCar -9.535465 0.025 2.97 0 90 0 0 0.7071068 0 0.7071068 13.8889 0
5.0734 SecondCar -41.73367 0.025 2.97 0 90 0 0 0.7071068 0 0.7071068 13.8889 0
5.0738 Head 0 1.6 0.78 346.575 290.7 4.388793E-07 -0.09615629 -0.5646647 -0.06645774 0.8170013
5.0738 FirstCar -9.530374 0.025 2.97 0 90 0 0 0.7071068 0 0.7071068 13.8889 0
5.0738 SecondCar -41.72857 0.025 2.97 0 90 0 0 0.7071068 0 0.7071068 13.8889 0
5.0742 Head 0 1.6 0.78 346.575 290.7 4.388793E-07 -0.09615629 -0.5646647 -0.06645774 0.8170013
5.0742 FirstCar -9.525014 0.025 2.97 0 90 0 0 0.7071068 0 0.7071068 13.8889 0
5.0742 SecondCar -41.72321 0.025 2.97 0 90 0 0 0.7071068 0 0.7071068 13.8889 0
5.0745 Head 0 1.6 0.78 346.575 290.7 4.388793E-07 -0.09615629 -0.5646647 -0.06645774 0.8170013
5.0745 FirstCar -9.520261 0.025 2.97 0 90 0 0 0.7071068 0 0.7071068 13.8889 0
5.0745 SecondCar -41.71846 0.025 2.97 0 90 0 0 0.7071068 0 0.7071068 13.8889 0
5.0749 Head 0 1.6 0.78 346.575 290.7 4.388793E-07 -0.09615629 -0.5646647 -0.06645774 0.8170013
5.0749 FirstCar -9.515392 0.025 2.97 0 90 0 0 0.7071068 0 0.7071068 13.8889 0
5.0749 SecondCar -41.71359 0.025 2.97 0 90 0 0 0.7071068 0 0.7071068 13.8889 0
5.0752 Head 0 1.6 0.78 346.575 290.7 4.388793E-07 -0.09615629 -0.5646647 -0.06645774 0.8170013
5.0752 FirstCar -9.510717 0.025 2.97 0 90 0 0 0.7071068 0 0.7071068 13.8889 0
5.0752 SecondCar -41.70892 0.025 2.97 0 90 0 0 0.7071068 0 0.7071068 13.8889 0
5.0756 Head 0 1.6 0.78 346.575 290.7 4.388793E-07 -0.09615629 -0.5646647 -0.06645774 0.8170013
5.0756 FirstCar -9.506062 0.025 2.97 0 90 0 0 0.7071068 0 0.7071068 13.8889 0
5.0756 SecondCar -41.70426 0.025 2.97 0 90 0 0 0.7071068 0 0.7071068 13.8889 0
5.0759 Head 0 1.6 0.78 346.575 290.7 4.388793E-07 -0.09615629 -0.5646647 -0.06645774 0.8170013
5.0759 FirstCar -9.501231 0.025 2.97 0 90 0 0 0.7071068 0 0.7071068 13.8889 0
5.0759 SecondCar -41.69943 0.025 2.97 0 90 0 0 0.7071068 0 0.7071068 13.8889 0
5.0762 Head 0 1.6 0.78 346.575 290.7 4.388793E-07 -0.09615629 -0.5646647 -0.06645774 0.8170013
5.0762 FirstCar -9.496678 0.025 2.97 0 90 0 0 0.7071068 0 0.7071068 13.8889 0
5.0762 SecondCar -41.69488 0.025 2.97 0 90 0 0 0.7071068 0 0.7071068 13.8889 0
5.0766 Head 0 1.6 0.78 346.575 290.7 4.388793E-07 -0.09615629 -0.5646647 -0.06645774 0.8170013
5.0766 FirstCar -9.491887 0.025 2.97 0 90 0 0 0.7071068 0 0.7071068 13.8889 0
5.0766 SecondCar -41.69009 0.025 2.97 0 90 0 0 0.7071068 0 0.7071068 13.8889 0
5.0769 Head 0 1.6 0.78 346.575 290.7 4.388793E-07 -0.09615629 -0.5646647 -0.06645774 0.8170013
5.0769 FirstCar -9.487313 0.025 2.97 0 90 0 0 0.7071068 0 0.7071068 13.8889 0
5.0769 SecondCar -41.68552 0.025 2.97 0 90 0 0 0.7071068 0 0.7071068 13.8889 0
5.0772 Head 0 1.6 0.78 346.575 290.7 4.388793E-07 -0.09615629 -0.5646647 -0.06645774 0.8170013
5.0772 FirstCar -9.48273 0.025 2.97 0 90 0 0 0.7071068 0 0.7071068 13.8889 0
5.0772 SecondCar -41.68093 0.025 2.97 0 90 0 0 0.7071068 0 0.7071068 13.8889 0
5.0776 Head 0 1.6 0.78 346.575 290.7 4.388793E-07 -0.09615629 -0.5646647 -0.06645774 0.8170013
5.0776 FirstCar -9.478156 0.025 2.97 0 90 0 0 0.7071068 0 0.7071068 13.8889 0
5.0776 SecondCar -41.67636 0.025 2.97 0 90 0 0 0.7071068 0 0.7071068 13.8889 0
5.0779 Head 0 1.6 0.78 346.575 290.7 4.388793E-07 -0.09615629 -0.5646647 -0.06645774 0.8170013
5.0779 FirstCar -9.473607 0.025 2.97 0 90 0 0 0.7071068 0 0.7071068 13.8889 0
5.0779 SecondCar -41.67181 0.025 2.97 0 90 0 0 0.7071068 0 0.7071068 13.8889 0
5.0783 Head 0 1.6 0.78 346.575 290.7 4.388793E-07 -0.09615629 -0.5646647 -0.06645774 0.8170013
5.0783 FirstCar -9.467853 0.025 2.97 0 90 0 0 0.7071068 0 0.7071068 13.8889 0
5.0783 SecondCar -41.66606 0.025 2.97 0 90 0 0 0.7071068 0 0.7071068 13.8889 0
5.0787 Head 0 1.6 0.78 346.575 290.7 4.388793E-07 -0.09615629 -0.5646647 -0.06645774 0.8170013
5.0787 FirstCar -9.462696 0.025 2.97 0 90 0 0 0.7071068 0 0.7071068 13.8889 0
5.0787 SecondCar -41.6609 0.025 2.97 0 90 0 0 0.7071068 0 0.7071068 13.8889 0
5.0790 Head 0 1.6 0.78 346.575 290.7 4.388793E-07 -0.09615629 -0.5646647 -0.06645774 0.8170013
5.0790 FirstCar -9.457708 0.025 2.97 0 90 0 0 0.7071068 0 0.7071068 13.8889 0
5.0790 SecondCar -41.65592 0.025 2.97 0 90 0 0 0.7071068 0 0.7071068 13.8889 0
5.0794 Head 0 1.6 0.78 346.575 290.7 4.388793E-07 -0.09615629 -0.5646647 -0.06645774 0.8170013
5.0794 FirstCar -9.452964 0.025 2.97 0 90 0 0 0.7071068 0 0.7071068 13.8889 0
5.0794 SecondCar -41.65117 0.025 2.97 0 90 0 0 0.7071068 0 0.7071068 13.8889 0
5.0797 Head 0 1.6 0.78 346.575 290.7 4.388793E-07 -0.09615629 -0.5646647 -0.06645774 0.8170013
5.0797 FirstCar -9.448113 0.025 2.97 0 90 0 0 0.7071068 0 0.7071068 13.8889 0
5.0797 SecondCar -41.64632 0.025 2.97 0 90 0 0 0.7071068 0 0.7071068 13.8889 0
5.0802 Head 0 1.6 0.78 346.575 290.7 4.388793E-07 -0.09615629 -0.5646647 -0.06645774 0.8170013
5.0802 FirstCar -9.441969 0.025 2.97 0 90 0 0 0.7071068 0 0.7071068 13.8889 0
5.0802 SecondCar -41.64018 0.025 2.97 0 90 0 0 0.7071068 0 0.7071068 13.8889 0
5.0806 Head 0 1.6 0.78 346.575 290.7 4.388793E-07 -0.09615629 -0.5646647 -0.06645774 0.8170013
5.0806 FirstCar -9.436023 0.025 2.97 0 90 0 0 0.7071068 0 0.7071068 13.8889 0
5.0806 SecondCar -41.63423 0.025 2.97 0 90 0 0 0.7071068 0 0.7071068 13.8889 0
5.0810 Head 0 1.6 0.78 346.575 290.7 4.388793E-07 -0.09615629 -0.5646647 -0.06645774 0.8170013
5.0810 FirstCar -9.430879 0.025 2.97 0 90 0 0 0.7071068 0 0.7071068 13.8889 0
5.0810 SecondCar -41.62909 0.025 2.97 0 90 0 0 0.7071068 0 0.7071068 13.8889 0
5.0813 Head 0 1.6 0.78 346.575 290.7 4.388793E-07 -0.09615629 -0.5646647 -0.06645774 0.8170013
5.0813 FirstCar -9.425899 0.025 2.97 0 90 0 0 0.7071068 0 0.7071068 13.8889 0
5.0813 SecondCar -41.6241 0.025 2.97 0 90 0 0 0.7071068 0 0.7071068 13.8889 0
5.0817 Head 0 1.6 0.78 346.575 290.7 4.388793E-07 -0.09615629 -0.5646647 -0.06645774 0.8170013
5.0817 FirstCar -9.421125 0.025 2.97 0 90 0 0 0.7071068 0 0.7071068 13.8889 0
5.0817 SecondCar -41.61933 0.025 2.97 0 90 0 0 0.7071068 0 0.7071068 13.8889 0
5.0820 Head 0 1.6 0.78 346.575 290.7 4.388793E-07 -0.09615629 -0.5646647 -0.06645774 0.8170013
5.0820 FirstCar -9.416317 0.025 2.97 0 90 0 0 0.7071068 0 0.7071068 13.8889 0
5.0820 SecondCar -41.61452 0.025 2.97 0 90 0 0 0.7071068 0 0.7071068 13.8889 0
5.0824 Head 0 1.6 0.78 346.575 290.7 4.388793E-07 -0.09615629 -0.5646647 -0.06645774 0.8170013
5.0824 FirstCar -9.411423 0.025 2.97 0 90 0 0 0.7071068 0 0.7071068 13.8889 0
5.0824 SecondCar -41.60963 0.025 2.97 0 90 0 0 0.7071068 0 0.7071068 13.8889 0
5.0828 Head 0 1.6 0.78 346.575 290.7 4.388793E-07 -0.09615629 -0.5646647 -0.06645774 0.8170013
5.0828 FirstCar -9.405926 0.025 2.97 0 90 0 0 0.7071068 0 0.7071068 13.8889 0
5.0828 SecondCar -41.60413 0.025 2.97 0 90 0 0 0.7071068 0 0.7071068 13.8889 0
5.0832 Head 0 1.6 0.78 346.575 290.7 4.388793E-07 -0.09615629 -0.5646647 -0.06645774 0.8170013
5.0832 FirstCar -9.399987 0.025 2.97 0 90 0 0 0.7071068 0 0.7071068 13.8889 0
5.0832 SecondCar -41.59819 0.025 2.97 0 90 0 0 0.7071068 0 0.7071068 13.8889 0
5.0836 Head 0 1.6 0.78 346.575 290.7 4.388793E-07 -0.09615629 -0.5646647 -0.06645774 0.8170013
5.0836 FirstCar -9.394726 0.025 2.97 0 90 0 0 0.7071068 0 0.7071068 13.8889 0
5.0836 SecondCar -41.59293 0.025 2.97 0 90 0 0 0.7071068 0 0.7071068 13.8889 0
5.0840 Head 0 1.6 0.78 346.575 290.7 4.388793E-07 -0.09615629 -0.5646647 -0.06645774 0.8170013
5.0840 FirstCar -9.388901 0.025 2.97 0 90 0 0 0.7071068 0 0.7071068 13.8889 0
5.0840 SecondCar -41.58711 0.025 2.97 0 90 0 0 0.7071068 0 0.7071068 13.8889 0
5.0844 Head 0 1.6 0.78 346.575 290.7 4.388793E-07 -0.09615629 -0.5646647 -0.06645774 0.8170013
5.0844 FirstCar -9.383648 0.025 2.97 0 90 0 0 0.7071068 0 0.7071068 13.8889 0
5.0844 SecondCar -41.58186 0.025 2.97 0 90 0 0 0.7071068 0 0.7071068 13.8889 0
5.0847 Head 0 1.6 0.78 346.575 290.7 4.388793E-07 -0.09615629 -0.5646647 -0.06645774 0.8170013
5.0847 FirstCar -9.378654 0.025 2.97 0 90 0 0 0.7071068 0 0.7071068 13.8889 0
5.0847 SecondCar -41.57686 0.025 2.97 0 90 0 0 0.7071068 0 0.7071068 13.8889 0
5.0851 Head 0 1.6 0.78 346.575 290.7 4.388793E-07 -0.09615629 -0.5646647 -0.06645774 0.8170013
5.0851 FirstCar -9.373898 0.025 2.97 0 90 0 0 0.7071068 0 0.7071068 13.8889 0
5.0851 SecondCar -41.57211 0.025 2.97 0 90 0 0 0.7071068 0 0.7071068 13.8889 0
5.0854 Head 0 1.6 0.78 346.575 290.7 4.388793E-07 -0.09615629 -0.5646647 -0.06645774 0.8170013
5.0854 FirstCar -9.369159 0.025 2.97 0 90 0 0 0.7071068 0 0.7071068 13.8889 0
5.0854 SecondCar -41.56737 0.025 2.97 0 90 0 0 0.7071068 0 0.7071068 13.8889 0
5.0858 Head 0 1.6 0.78 346.575 290.7 4.388793E-07 -0.09615629 -0.5646647 -0.06645774 0.8170013
5.0858 FirstCar -9.364388 0.025 2.97 0 90 0 0 0.7071068 0 0.7071068 13.8889 0
5.0858 SecondCar -41.5626 0.025 2.97 0 90 0 0 0.7071068 0 0.7071068 13.8889 0
5.0861 Head 0 1.6 0.78 346.575 290.7 4.388793E-07 -0.09615629 -0.5646647 -0.06645774 0.8170013
5.0861 FirstCar -9.359649 0.025 2.97 0 90 0 0 0.7071068 0 0.7071068 13.8889 0
5.0861 SecondCar -41.55786 0.025 2.97 0 90 0 0 0.7071068 0 0.7071068 13.8889 0
5.0864 Head 0 1.6 0.78 346.575 290.7 4.388793E-07 -0.09615629 -0.5646647 -0.06645774 0.8170013
5.0864 FirstCar -9.354906 0.025 2.97 0 90 0 0 0.7071068 0 0.7071068 13.8889 0
5.0864 SecondCar -41.55312 0.025 2.97 0 90 0 0 0.7071068 0 0.7071068 13.8889 0
5.0868 Head 0 1.6 0.78 346.575 290.7 4.388793E-07 -0.09615629 -0.5646647 -0.06645774 0.8170013
5.0868 FirstCar -9.350084 0.025 2.97 0 90 0 0 0.7071068 0 0.7071068 13.8889 0
5.0868 SecondCar -41.54829 0.025 2.97 0 90 0 0 0.7071068 0 0.7071068 13.8889 0
5.0872 Head 0 1.6 0.78 346.575 290.7 4.388793E-07 -0.09615629 -0.5646647 -0.06645774 0.8170013
5.0872 FirstCar -9.345148 0.025 2.97 0 90 0 0 0.7071068 0 0.7071068 13.8889 0
5.0872 SecondCar -41.54336 0.025 2.97 0 90 0 0 0.7071068 0 0.7071068 13.8889 0
5.0875 Head 0 1.6 0.78 346.575 290.7 4.388793E-07 -0.09615629 -0.5646647 -0.06645774 0.8170013
5.0875 FirstCar -9.340355 0.025 2.97 0 90 0 0 0.7071068 0 0.7071068 13.8889 0
5.0875 SecondCar -41.53857 0.025 2.97 0 90 0 0 0.7071068 0 0.7071068 13.8889 0
5.0878 Head 0 1.6 0.78 346.575 290.7 4.388793E-07 -0.09615629 -0.5646647 -0.06645774 0.8170013
5.0878 FirstCar -9.335634 0.025 2.97 0 90 0 0 0.7071068 0 0.7071068 13.8889 0
5.0878 SecondCar -41.53384 0.025 2.97 0 90 0 0 0.7071068 0 0.7071068 13.8889 0
5.0882 Head 0 1.6 0.78 346.575 290.7 4.388793E-07 -0.09615629 -0.5646647 -0.06645774 0.8170013
5.0882 FirstCar -9.33018 0.025 2.97 0 90 0 0 0.7071068 0 0.7071068 13.8889 0
5.0882 SecondCar -41.52839 0.025 2.97 0 90 0 0 0.7071068 0 0.7071068 13.8889 0
5.0889 Head 0 1.6 0.78 346.575 290.7 4.388793E-07 -0.09615629 -0.5646647 -0.06645774 0.8170013
5.0889 FirstCar -9.320812 0.025 2.97 0 90 0 0 0.7071068 0 0.7071068 13.8889 0
5.0889 SecondCar -41.51902 0.025 2.97 0 90 0 0 0.7071068 0 0.7071068 13.8889 0
5.0893 Head 0 1.6 0.78 346.575 290.7 4.388793E-07 -0.09615629 -0.5646647 -0.06645774 0.8170013
5.0893 FirstCar -9.314872 0.025 2.97 0 90 0 0 0.7071068 0 0.7071068 13.8889 0
5.0893 SecondCar -41.51308 0.025 2.97 0 90 0 0 0.7071068 0 0.7071068 13.8889 0
5.0898 Head 0 1.6 0.78 346.575 290.7 4.388793E-07 -0.09615629 -0.5646647 -0.06645774 0.8170013
5.0898 FirstCar -9.308836 0.025 2.97 0 90 0 0 0.7071068 0 0.7071068 13.8889 0
5.0898 SecondCar -41.50705 0.025 2.97 0 90 0 0 0.7071068 0 0.7071068 13.8889 0
5.0903 Head 0 1.6 0.78 346.575 290.7 4.388793E-07 -0.09615629 -0.5646647 -0.06645774 0.8170013
5.0903 FirstCar -9.302031 0.025 2.97 0 90 0 0 0.7071068 0 0.7071068 13.8889 0
5.0903 SecondCar -41.50024 0.025 2.97 0 90 0 0 0.7071068 0 0.7071068 13.8889 0
5.0906 Head 0 1.6 0.78 346.575 290.7 4.388793E-07 -0.09615629 -0.5646647 -0.06645774 0.8170013
5.0906 FirstCar -9.296899 0.025 2.97 0 90 0 0 0.7071068 0 0.7071068 13.8889 0
5.0906 SecondCar -41.49511 0.025 2.97 0 90 0 0 0.7071068 0 0.7071068 13.8889 0
5.0910 Head 0 1.6 0.78 346.575 290.7 4.388793E-07 -0.09615629 -0.5646647 -0.06645774 0.8170013
5.0910 FirstCar -9.291857 0.025 2.97 0 90 0 0 0.7071068 0 0.7071068 13.8889 0
5.0910 SecondCar -41.49007 0.025 2.97 0 90 0 0 0.7071068 0 0.7071068 13.8889 0
5.0913 Head 0 1.6 0.78 346.575 290.7 4.388793E-07 -0.09615629 -0.5646647 -0.06645774 0.8170013
5.0913 FirstCar -9.286988 0.025 2.97 0 90 0 0 0.7071068 0 0.7071068 13.8889 0
5.0913 SecondCar -41.4852 0.025 2.97 0 90 0 0 0.7071068 0 0.7071068 13.8889 0
5.0917 Head 0 1.6 0.78 346.575 290.7 4.388793E-07 -0.09615629 -0.5646647 -0.06645774 0.8170013
5.0917 FirstCar -9.282013 0.025 2.97 0 90 0 0 0.7071068 0 0.7071068 13.8889 0
5.0917 SecondCar -41.48022 0.025 2.97 0 90 0 0 0.7071068 0 0.7071068 13.8889 0
5.0920 Head 0 1.6 0.78 346.575 290.7 4.388793E-07 -0.09615629 -0.5646647 -0.06645774 0.8170013
5.0920 FirstCar -9.277206 0.025 2.97 0 90 0 0 0.7071068 0 0.7071068 13.8889 0
5.0920 SecondCar -41.47542 0.025 2.97 0 90 0 0 0.7071068 0 0.7071068 13.8889 0
5.0925 Head 0 1.6 0.78 346.575 290.7 4.388793E-07 -0.09615629 -0.5646647 -0.06645774 0.8170013
5.0925 FirstCar -9.271192 0.025 2.97 0 90 0 0 0.7071068 0 0.7071068 13.8889 0
5.0925 SecondCar -41.4694 0.025 2.97 0 90 0 0 0.7071068 0 0.7071068 13.8889 0
5.0928 Head 0 1.6 0.78 346.575 290.7 4.388793E-07 -0.09615629 -0.5646647 -0.06645774 0.8170013
5.0928 FirstCar -9.266015 0.025 2.97 0 90 0 0 0.7071068 0 0.7071068 13.8889 0
5.0928 SecondCar -41.46423 0.025 2.97 0 90 0 0 0.7071068 0 0.7071068 13.8889 0
5.0932 Head 0 1.6 0.78 346.575 290.7 4.388793E-07 -0.09615629 -0.5646647 -0.06645774 0.8170013
5.0932 FirstCar -9.261019 0.025 2.97 0 90 0 0 0.7071068 0 0.7071068 13.8889 0
5.0932 SecondCar -41.45923 0.025 2.97 0 90 0 0 0.7071068 0 0.7071068 13.8889 0
5.0936 Head 0 1.6 0.78 346.575 290.7 4.388793E-07 -0.09615629 -0.5646647 -0.06645774 0.8170013
5.0936 FirstCar -9.256162 0.025 2.97 0 90 0 0 0.7071068 0 0.7071068 13.8889 0
5.0936 SecondCar -41.45437 0.025 2.97 0 90 0 0 0.7071068 0 0.7071068 13.8889 0
5.0939 Head 0 1.6 0.78 346.575 290.7 4.388793E-07 -0.09615629 -0.5646647 -0.06645774 0.8170013
5.0939 FirstCar -9.251197 0.025 2.97 0 90 0 0 0.7071068 0 0.7071068 13.8889 0
5.0939 SecondCar -41.44941 0.025 2.97 0 90 0 0 0.7071068 0 0.7071068 13.8889 0
5.0944 Head 0 1.6 0.78 346.575 290.7 4.388793E-07 -0.09615629 -0.5646647 -0.06645774 0.8170013
5.0944 FirstCar -9.245021 0.025 2.97 0 90 0 0 0.7071068 0 0.7071068 13.8889 0
5.0944 SecondCar -41.44323 0.025 2.97 0 90 0 0 0.7071068 0 0.7071068 13.8889 0
5.0947 Head 0 1.6 0.78 346.575 290.7 4.388793E-07 -0.09615629 -0.5646647 -0.06645774 0.8170013
5.0947 FirstCar -9.239957 0.025 2.97 0 90 0 0 0.7071068 0 0.7071068 13.8889 0
5.0947 SecondCar -41.43817 0.025 2.97 0 90 0 0 0.7071068 0 0.7071068 13.8889 0
5.0951 Head 0 1.6 0.78 346.575 290.7 4.388793E-07 -0.09615629 -0.5646647 -0.06645774 0.8170013
5.0951 FirstCar -9.234923 0.025 2.97 0 90 0 0 0.7071068 0 0.7071068 13.8889 0
5.0951 SecondCar -41.43314 0.025 2.97 0 90 0 0 0.7071068 0 0.7071068 13.8889 0
5.0955 Head 0 1.6 0.78 346.575 290.7 4.388793E-07 -0.09615629 -0.5646647 -0.06645774 0.8170013
5.0955 FirstCar -9.229729 0.025 2.97 0 90 0 0 0.7071068 0 0.7071068 13.8889 0
5.0955 SecondCar -41.42794 0.025 2.97 0 90 0 0 0.7071068 0 0.7071068 13.8889 0
5.0958 Head 0 1.6 0.78 346.575 290.7 4.388793E-07 -0.09615629 -0.5646647 -0.06645774 0.8170013
5.0958 FirstCar -9.224984 0.025 2.97 0 90 0 0 0.7071068 0 0.7071068 13.8889 0
5.0958 SecondCar -41.42319 0.025 2.97 0 90 0 0 0.7071068 0 0.7071068 13.8889 0
5.0962 Head 0 1.6 0.78 346.575 290.7 4.388793E-07 -0.09615629 -0.5646647 -0.06645774 0.8170013
5.0962 FirstCar -9.220114 0.025 2.97 0 90 0 0 0.7071068 0 0.7071068 13.8889 0
5.0962 SecondCar -41.41832 0.025 2.97 0 90 0 0 0.7071068 0 0.7071068 13.8889 0
5.0965 Head 0 1.6 0.78 346.575 290.7 4.388793E-07 -0.09615629 -0.5646647 -0.06645774 0.8170013
5.0965 FirstCar -9.215375 0.025 2.97 0 90 0 0 0.7071068 0 0.7071068 13.8889 0
5.0965 SecondCar -41.41359 0.025 2.97 0 90 0 0 0.7071068 0 0.7071068 13.8889 0
5.0968 Head 0 1.6 0.78 346.575 290.7 4.388793E-07 -0.09615629 -0.5646647 -0.06645774 0.8170013
5.0968 FirstCar -9.21081 0.025 2.97 0 90 0 0 0.7071068 0 0.7071068 13.8889 0
5.0968 SecondCar -41.40902 0.025 2.97 0 90 0 0 0.7071068 0 0.7071068 13.8889 0
5.0972 Head 0 1.6 0.78 346.575 290.7 4.388793E-07 -0.09615629 -0.5646647 -0.06645774 0.8170013
5.0972 FirstCar -9.206026 0.025 2.97 0 90 0 0 0.7071068 0 0.7071068 13.8889 0
5.0972 SecondCar -41.40424 0.025 2.97 0 90 0 0 0.7071068 0 0.7071068 13.8889 0
5.0975 Head 0 1.6 0.78 346.575 290.7 4.388793E-07 -0.09615629 -0.5646647 -0.06645774 0.8170013
5.0975 FirstCar -9.201258 0.025 2.97 0 90 0 0 0.7071068 0 0.7071068 13.8889 0
5.0975 SecondCar -41.39947 0.025 2.97 0 90 0 0 0.7071068 0 0.7071068 13.8889 0
5.0979 Head 0 1.6 0.78 346.575 290.7 4.388793E-07 -0.09615629 -0.5646647 -0.06645774 0.8170013
5.0979 FirstCar -9.196474 0.025 2.97 0 90 0 0 0.7071068 0 0.7071068 13.8889 0
5.0979 SecondCar -41.39468 0.025 2.97 0 90 0 0 0.7071068 0 0.7071068 13.8889 0
5.0982 Head 0 1.6 0.78 346.575 290.7 4.388793E-07 -0.09615629 -0.5646647 -0.06645774 0.8170013
5.0982 FirstCar -9.191687 0.025 2.97 0 90 0 0 0.7071068 0 0.7071068 13.8889 0
5.0982 SecondCar -41.3899 0.025 2.97 0 90 0 0 0.7071068 0 0.7071068 13.8889 0
5.0986 Head 0 1.6 0.78 346.575 290.7 4.388793E-07 -0.09615629 -0.5646647 -0.06645774 0.8170013
5.0986 FirstCar -9.186399 0.025 2.97 0 90 0 0 0.7071068 0 0.7071068 13.8889 0
5.0986 SecondCar -41.38461 0.025 2.97 0 90 0 0 0.7071068 0 0.7071068 13.8889 0
5.0989 Head 0 1.6 0.78 346.575 290.7 4.388793E-07 -0.09615629 -0.5646647 -0.06645774 0.8170013
5.0989 FirstCar -9.181369 0.025 2.97 0 90 0 0 0.7071068 0 0.7071068 13.8889 0
5.0989 SecondCar -41.37958 0.025 2.97 0 90 0 0 0.7071068 0 0.7071068 13.8889 0
5.0993 Head 0 1.6 0.78 346.575 290.7 4.388793E-07 -0.09615629 -0.5646647 -0.06645774 0.8170013
5.0993 FirstCar -9.17652 0.025 2.97 0 90 0 0 0.7071068 0 0.7071068 13.8889 0
5.0993 SecondCar -41.37473 0.025 2.97 0 90 0 0 0.7071068 0 0.7071068 13.8889 0
5.0996 Head 0 1.6 0.78 346.575 290.7 4.388793E-07 -0.09615629 -0.5646647 -0.06645774 0.8170013
5.0996 FirstCar -9.171606 0.025 2.97 0 90 0 0 0.7071068 0 0.7071068 13.8889 0
5.0996 SecondCar -41.36982 0.025 2.97 0 90 0 0 0.7071068 0 0.7071068 13.8889 0
5.1000 Head 0 1.6 0.78 346.575 290.7 4.388793E-07 -0.09615629 -0.5646647 -0.06645774 0.8170013
5.1000 FirstCar -9.16673 0.025 2.97 0 90 0 0 0.7071068 0 0.7071068 13.8889 0
5.1000 SecondCar -41.36494 0.025 2.97 0 90 0 0 0.7071068 0 0.7071068 13.8889 0
5.1003 Head 0 1.6 0.78 346.575 290.7 4.388793E-07 -0.09615629 -0.5646647 -0.06645774 0.8170013
5.1003 FirstCar -9.161987 0.025 2.97 0 90 0 0 0.7071068 0 0.7071068 13.8889 0
5.1003 SecondCar -41.3602 0.025 2.97 0 90 0 0 0.7071068 0 0.7071068 13.8889 0
5.1007 Head 0 1.6 0.78 346.575 290.7 4.388793E-07 -0.09615629 -0.5646647 -0.06645774 0.8170013
5.1007 FirstCar -9.157257 0.025 2.97 0 90 0 0 0.7071068 0 0.7071068 13.8889 0
5.1007 SecondCar -41.35547 0.025 2.97 0 90 0 0 0.7071068 0 0.7071068 13.8889 0
5.1010 Head 0 1.6 0.78 346.575 290.7 4.388793E-07 -0.09615629 -0.5646647 -0.06645774 0.8170013
5.1010 FirstCar -9.152558 0.025 2.97 0 90 0 0 0.7071068 0 0.7071068 13.8889 0
5.1010 SecondCar -41.35077 0.025 2.97 0 90 0 0 0.7071068 0 0.7071068 13.8889 0
5.1014 Head 0 1.6 0.78 346.575 290.7 4.388793E-07 -0.09615629 -0.5646647 -0.06645774 0.8170013
5.1014 FirstCar -9.14788 0.025 2.97 0 90 0 0 0.7071068 0 0.7071068 13.8889 0
5.1014 SecondCar -41.34609 0.025 2.97 0 90 0 0 0.7071068 0 0.7071068 13.8889 0
5.1017 Head 0 1.6 0.78 346.575 290.7 4.388793E-07 -0.09615629 -0.5646647 -0.06645774 0.8170013
5.1017 FirstCar -9.143281 0.025 2.97 0 90 0 0 0.7071068 0 0.7071068 13.8889 0
5.1017 SecondCar -41.34149 0.025 2.97 0 90 0 0 0.7071068 0 0.7071068 13.8889 0
5.1020 Head 0 1.6 0.78 346.575 290.7 4.388793E-07 -0.09615629 -0.5646647 -0.06645774 0.8170013
5.1020 FirstCar -9.1385 0.025 2.97 0 90 0 0 0.7071068 0 0.7071068 13.8889 0
5.1020 SecondCar -41.33671 0.025 2.97 0 90 0 0 0.7071068 0 0.7071068 13.8889 0
5.1024 Head 0 1.6 0.78 346.575 290.7 4.388793E-07 -0.09615629 -0.5646647 -0.06645774 0.8170013
5.1024 FirstCar -9.133819 0.025 2.97 0 90 0 0 0.7071068 0 0.7071068 13.8889 0
5.1024 SecondCar -41.33203 0.025 2.97 0 90 0 0 0.7071068 0 0.7071068 13.8889 0
5.1027 Head 0 1.6 0.78 346.575 290.7 4.388793E-07 -0.09615629 -0.5646647 -0.06645774 0.8170013
5.1027 FirstCar -9.129234 0.025 2.97 0 90 0 0 0.7071068 0 0.7071068 13.8889 0
5.1027 SecondCar -41.32745 0.025 2.97 0 90 0 0 0.7071068 0 0.7071068 13.8889 0
5.1030 Head 0 1.6 0.78 346.575 290.7 4.388793E-07 -0.09615629 -0.5646647 -0.06645774 0.8170013
5.1030 FirstCar -9.12465 0.025 2.97 0 90 0 0 0.7071068 0 0.7071068 13.8889 0
5.1030 SecondCar -41.32286 0.025 2.97 0 90 0 0 0.7071068 0 0.7071068 13.8889 0
5.1034 Head 0 1.6 0.78 346.575 290.7 4.388793E-07 -0.09615629 -0.5646647 -0.06645774 0.8170013
5.1034 FirstCar -9.120018 0.025 2.97 0 90 0 0 0.7071068 0 0.7071068 13.8889 0
5.1034 SecondCar -41.31823 0.025 2.97 0 90 0 0 0.7071068 0 0.7071068 13.8889 0
5.1037 Head 0 1.6 0.78 346.575 290.7 4.388793E-07 -0.09615629 -0.5646647 -0.06645774 0.8170013
5.1037 FirstCar -9.11545 0.025 2.97 0 90 0 0 0.7071068 0 0.7071068 13.8889 0
5.1037 SecondCar -41.31366 0.025 2.97 0 90 0 0 0.7071068 0 0.7071068 13.8889 0
5.1040 Head 0 1.6 0.78 346.575 290.7 4.388793E-07 -0.09615629 -0.5646647 -0.06645774 0.8170013
5.1040 FirstCar -9.11054 0.025 2.97 0 90 0 0 0.7071068 0 0.7071068 13.8889 0
5.1040 SecondCar -41.30875 0.025 2.97 0 90 0 0 0.7071068 0 0.7071068 13.8889 0
5.1044 Head 0 1.6 0.78 346.575 290.7 4.388793E-07 -0.09615629 -0.5646647 -0.06645774 0.8170013
5.1044 FirstCar -9.105534 0.025 2.97 0 90 0 0 0.7071068 0 0.7071068 13.8889 0
5.1044 SecondCar -41.30375 0.025 2.97 0 90 0 0 0.7071068 0 0.7071068 13.8889 0
5.1049 Head 0 1.6 0.78 346.575 290.7 4.388793E-07 -0.09615629 -0.5646647 -0.06645774 0.8170013
5.1049 FirstCar -9.099264 0.025 2.97 0 90 0 0 0.7071068 0 0.7071068 13.8889 0
5.1049 SecondCar -41.29748 0.025 2.97 0 90 0 0 0.7071068 0 0.7071068 13.8889 0
5.1052 Head 0 1.6 0.78 346.575 290.7 4.388793E-07 -0.09615629 -0.5646647 -0.06645774 0.8170013
5.1052 FirstCar -9.094424 0.025 2.97 0 90 0 0 0.7071068 0 0.7071068 13.8889 0
5.1052 SecondCar -41.29264 0.025 2.97 0 90 0 0 0.7071068 0 0.7071068 13.8889 0
5.1056 Head 0 1.6 0.78 346.575 290.7 4.388793E-07 -0.09615629 -0.5646647 -0.06645774 0.8170013
5.1056 FirstCar -9.089101 0.025 2.97 0 90 0 0 0.7071068 0 0.7071068 13.8889 0
5.1056 SecondCar -41.28731 0.025 2.97 0 90 0 0 0.7071068 0 0.7071068 13.8889 0
5.1061 Head 0 1.6 0.78 346.575 290.7 4.388793E-07 -0.09615629 -0.5646647 -0.06645774 0.8170013
5.1061 FirstCar -9.082022 0.025 2.97 0 90 0 0 0.7071068 0 0.7071068 13.8889 0
5.1061 SecondCar -41.28023 0.025 2.97 0 90 0 0 0.7071068 0 0.7071068 13.8889 0
5.1065 Head 0 1.6 0.78 346.575 290.7 4.388793E-07 -0.09615629 -0.5646647 -0.06645774 0.8170013
5.1065 FirstCar -9.077087 0.025 2.97 0 90 0 0 0.7071068 0 0.7071068 13.8889 0
5.1065 SecondCar -41.2753 0.025 2.97 0 90 0 0 0.7071068 0 0.7071068 13.8889 0
5.1068 Head 0 1.6 0.78 346.575 290.7 4.388793E-07 -0.09615629 -0.5646647 -0.06645774 0.8170013
5.1068 FirstCar -9.072243 0.025 2.97 0 90 0 0 0.7071068 0 0.7071068 13.8889 0
5.1068 SecondCar -41.27045 0.025 2.97 0 90 0 0 0.7071068 0 0.7071068 13.8889 0
5.1071 Head 0 1.6 0.78 346.575 290.7 4.388793E-07 -0.09615629 -0.5646647 -0.06645774 0.8170013
5.1071 FirstCar -9.067479 0.025 2.97 0 90 0 0 0.7071068 0 0.7071068 13.8889 0
5.1071 SecondCar -41.26569 0.025 2.97 0 90 0 0 0.7071068 0 0.7071068 13.8889 0
5.1075 Head 0 1.6 0.78 346.575 290.7 4.388793E-07 -0.09615629 -0.5646647 -0.06645774 0.8170013
5.1075 FirstCar -9.062643 0.025 2.97 0 90 0 0 0.7071068 0 0.7071068 13.8889 0
5.1075 SecondCar -41.26085 0.025 2.97 0 90 0 0 0.7071068 0 0.7071068 13.8889 0
5.1079 Head 0 1.6 0.78 346.575 290.7 4.388793E-07 -0.09615629 -0.5646647 -0.06645774 0.8170013
5.1079 FirstCar -9.057405 0.025 2.97 0 90 0 0 0.7071068 0 0.7071068 13.8889 0
5.1079 SecondCar -41.25561 0.025 2.97 0 90 0 0 0.7071068 0 0.7071068 13.8889 0
5.1082 Head 0 1.6 0.78 346.575 290.7 4.388793E-07 -0.09615629 -0.5646647 -0.06645774 0.8170013
5.1082 FirstCar -9.052526 0.025 2.97 0 90 0 0 0.7071068 0 0.7071068 13.8889 0
5.1082 SecondCar -41.25073 0.025 2.97 0 90 0 0 0.7071068 0 0.7071068 13.8889 0
5.1089 Head 0 1.6 0.78 346.575 290.7 4.388793E-07 -0.09615629 -0.5646647 -0.06645774 0.8170013
5.1089 FirstCar -9.043632 0.025 2.97 0 90 0 0 0.7071068 0 0.7071068 13.8889 0
5.1089 SecondCar -41.24184 0.025 2.97 0 90 0 0 0.7071068 0 0.7071068 13.8889 0
5.1092 Head 0 1.6 0.78 346.575 290.7 4.388793E-07 -0.09615629 -0.5646647 -0.06645774 0.8170013
5.1092 FirstCar -9.038247 0.025 2.97 0 90 0 0 0.7071068 0 0.7071068 13.8889 0
5.1092 SecondCar -41.23645 0.025 2.97 0 90 0 0 0.7071068 0 0.7071068 13.8889 0
5.1096 Head 0 1.6 0.78 346.575 290.7 4.388793E-07 -0.09615629 -0.5646647 -0.06645774 0.8170013
5.1096 FirstCar -9.032705 0.025 2.97 0 90 0 0 0.7071068 0 0.7071068 13.8889 0
5.1096 SecondCar -41.23091 0.025 2.97 0 90 0 0 0.7071068 0 0.7071068 13.8889 0
5.1100 Head 0 1.6 0.78 346.575 290.7 4.388793E-07 -0.09615629 -0.5646647 -0.06645774 0.8170013
5.1100 FirstCar -9.027765 0.025 2.97 0 90 0 0 0.7071068 0 0.7071068 13.8889 0
5.1100 SecondCar -41.22597 0.025 2.97 0 90 0 0 0.7071068 0 0.7071068 13.8889 0
5.1104 Head 0 1.6 0.78 346.575 290.7 4.388793E-07 -0.09615629 -0.5646647 -0.06645774 0.8170013
5.1104 FirstCar -9.022866 0.025 2.97 0 90 0 0 0.7071068 0 0.7071068 13.8889 0
5.1104 SecondCar -41.22107 0.025 2.97 0 90 0 0 0.7071068 0 0.7071068 13.8889 0
5.1107 Head 0 1.6 0.78 346.575 290.7 4.388793E-07 -0.09615629 -0.5646647 -0.06645774 0.8170013
5.1107 FirstCar -9.018085 0.025 2.97 0 90 0 0 0.7071068 0 0.7071068 13.8889 0
5.1107 SecondCar -41.21629 0.025 2.97 0 90 0 0 0.7071068 0 0.7071068 13.8889 0
5.1110 Head 0 1.6 0.78 346.575 290.7 4.388793E-07 -0.09615629 -0.5646647 -0.06645774 0.8170013
5.1110 FirstCar -9.013296 0.025 2.97 0 90 0 0 0.7071068 0 0.7071068 13.8889 0
5.1110 SecondCar -41.2115 0.025 2.97 0 90 0 0 0.7071068 0 0.7071068 13.8889 0
5.1114 Head 0 1.6 0.78 346.575 290.7 4.388793E-07 -0.09615629 -0.5646647 -0.06645774 0.8170013
5.1114 FirstCar -9.008402 0.025 2.97 0 90 0 0 0.7071068 0 0.7071068 13.8889 0
5.1114 SecondCar -41.20661 0.025 2.97 0 90 0 0 0.7071068 0 0.7071068 13.8889 0
5.1117 Head 0 1.6 0.78 346.575 290.7 4.388793E-07 -0.09615629 -0.5646647 -0.06645774 0.8170013
5.1117 FirstCar -9.00353 0.025 2.97 0 90 0 0 0.7071068 0 0.7071068 13.8889 0
5.1117 SecondCar -41.20174 0.025 2.97 0 90 0 0 0.7071068 0 0.7071068 13.8889 0
5.1121 Head 0 1.6 0.78 346.575 290.7 4.388793E-07 -0.09615629 -0.5646647 -0.06645774 0.8170013
5.1121 FirstCar -8.998766 0.025 2.97 0 90 0 0 0.7071068 0 0.7071068 13.8889 0
5.1121 SecondCar -41.19697 0.025 2.97 0 90 0 0 0.7071068 0 0.7071068 13.8889 0
5.1124 Head 0 1.6 0.78 346.575 290.7 4.388793E-07 -0.09615629 -0.5646647 -0.06645774 0.8170013
5.1124 FirstCar -8.994028 0.025 2.97 0 90 0 0 0.7071068 0 0.7071068 13.8889 0
5.1124 SecondCar -41.19223 0.025 2.97 0 90 0 0 0.7071068 0 0.7071068 13.8889 0
5.1128 Head 0 1.6 0.78 346.575 290.7 4.388793E-07 -0.09615629 -0.5646647 -0.06645774 0.8170013
5.1128 FirstCar -8.989421 0.025 2.97 0 90 0 0 0.7071068 0 0.7071068 13.8889 0
5.1128 SecondCar -41.18763 0.025 2.97 0 90 0 0 0.7071068 0 0.7071068 13.8889 0
5.1131 Head 0 1.6 0.78 346.575 290.7 4.388793E-07 -0.09615629 -0.5646647 -0.06645774 0.8170013
5.1131 FirstCar -8.984818 0.025 2.97 0 90 0 0 0.7071068 0 0.7071068 13.8889 0
5.1131 SecondCar -41.18302 0.025 2.97 0 90 0 0 0.7071068 0 0.7071068 13.8889 0
5.1134 Head 0 1.6 0.78 346.575 290.7 4.388793E-07 -0.09615629 -0.5646647 -0.06645774 0.8170013
5.1134 FirstCar -8.980208 0.025 2.97 0 90 0 0 0.7071068 0 0.7071068 13.8889 0
5.1134 SecondCar -41.17841 0.025 2.97 0 90 0 0 0.7071068 0 0.7071068 13.8889 0
5.1138 Head 0 1.6 0.78 346.575 290.7 4.388793E-07 -0.09615629 -0.5646647 -0.06645774 0.8170013
5.1138 FirstCar -8.975589 0.025 2.97 0 90 0 0 0.7071068 0 0.7071068 13.8889 0
5.1138 SecondCar -41.17379 0.025 2.97 0 90 0 0 0.7071068 0 0.7071068 13.8889 0
5.1141 Head 0 1.6 0.78 346.575 290.7 4.388793E-07 -0.09615629 -0.5646647 -0.06645774 0.8170013
5.1141 FirstCar -8.970914 0.025 2.97 0 90 0 0 0.7071068 0 0.7071068 13.8889 0
5.1141 SecondCar -41.16912 0.025 2.97 0 90 0 0 0.7071068 0 0.7071068 13.8889 0
5.1145 Head 0 1.6 0.78 346.575 290.7 4.388793E-07 -0.09615629 -0.5646647 -0.06645774 0.8170013
5.1145 FirstCar -8.965951 0.025 2.97 0 90 0 0 0.7071068 0 0.7071068 13.8889 0
5.1145 SecondCar -41.16415 0.025 2.97 0 90 0 0 0.7071068 0 0.7071068 13.8889 0
5.1148 Head 0 1.6 0.78 346.575 290.7 4.388793E-07 -0.09615629 -0.5646647 -0.06645774 0.8170013
5.1148 FirstCar -8.961175 0.025 2.97 0 90 0 0 0.7071068 0 0.7071068 13.8889 0
5.1148 SecondCar -41.15938 0.025 2.97 0 90 0 0 0.7071068 0 0.7071068 13.8889 0
5.1151 Head 0 1.6 0.78 346.575 290.7 4.388793E-07 -0.09615629 -0.5646647 -0.06645774 0.8170013
5.1151 FirstCar -8.956332 0.025 2.97 0 90 0 0 0.7071068 0 0.7071068 13.8889 0
5.1151 SecondCar -41.15453 0.025 2.97 0 90 0 0 0.7071068 0 0.7071068 13.8889 0
5.1155 Head 0 1.6 0.78 346.575 290.7 4.388793E-07 -0.09615629 -0.5646647 -0.06645774 0.8170013
5.1155 FirstCar -8.951615 0.025 2.97 0 90 0 0 0.7071068 0 0.7071068 13.8889 0
5.1155 SecondCar -41.14982 0.025 2.97 0 90 0 0 0.7071068 0 0.7071068 13.8889 0
5.1158 Head 0 1.6 0.78 346.575 290.7 4.388793E-07 -0.09615629 -0.5646647 -0.06645774 0.8170013
5.1158 FirstCar -8.947033 0.025 2.97 0 90 0 0 0.7071068 0 0.7071068 13.8889 0
5.1158 SecondCar -41.14524 0.025 2.97 0 90 0 0 0.7071068 0 0.7071068 13.8889 0
5.1162 Head 0 1.6 0.78 346.575 290.7 4.388793E-07 -0.09615629 -0.5646647 -0.06645774 0.8170013
5.1162 FirstCar -8.942265 0.025 2.97 0 90 0 0 0.7071068 0 0.7071068 13.8889 0
5.1162 SecondCar -41.14047 0.025 2.97 0 90 0 0 0.7071068 0 0.7071068 13.8889 0
5.1165 Head 0 1.6 0.78 346.575 290.7 4.388793E-07 -0.09615629 -0.5646647 -0.06645774 0.8170013
5.1165 FirstCar -8.937509 0.025 2.97 0 90 0 0 0.7071068 0 0.7071068 13.8889 0
5.1165 SecondCar -41.13571 0.025 2.97 0 90 0 0 0.7071068 0 0.7071068 13.8889 0
5.1168 Head 0 1.6 0.78 346.575 290.7 4.388793E-07 -0.09615629 -0.5646647 -0.06645774 0.8170013
5.1168 FirstCar -8.932749 0.025 2.97 0 90 0 0 0.7071068 0 0.7071068 13.8889 0
5.1168 SecondCar -41.13095 0.025 2.97 0 90 0 0 0.7071068 0 0.7071068 13.8889 0
5.1172 Head 0 1.6 0.78 346.575 290.7 4.388793E-07 -0.09615629 -0.5646647 -0.06645774 0.8170013
5.1172 FirstCar -8.928141 0.025 2.97 0 90 0 0 0.7071068 0 0.7071068 13.8889 0
5.1172 SecondCar -41.12634 0.025 2.97 0 90 0 0 0.7071068 0 0.7071068 13.8889 0
5.1175 Head 0 1.6 0.78 346.575 290.7 4.388793E-07 -0.09615629 -0.5646647 -0.06645774 0.8170013
5.1175 FirstCar -8.923592 0.025 2.97 0 90 0 0 0.7071068 0 0.7071068 13.8889 0
5.1175 SecondCar -41.1218 0.025 2.97 0 90 0 0 0.7071068 0 0.7071068 13.8889 0
5.1178 Head 0 1.6 0.78 346.575 290.7 4.388793E-07 -0.09615629 -0.5646647 -0.06645774 0.8170013
5.1178 FirstCar -8.918834 0.025 2.97 0 90 0 0 0.7071068 0 0.7071068 13.8889 0
5.1178 SecondCar -41.11704 0.025 2.97 0 90 0 0 0.7071068 0 0.7071068 13.8889 0
5.1182 Head 0 1.6 0.78 346.575 290.7 4.388793E-07 -0.09615629 -0.5646647 -0.06645774 0.8170013
5.1182 FirstCar -8.914271 0.025 2.97 0 90 0 0 0.7071068 0 0.7071068 13.8889 0
5.1182 SecondCar -41.11248 0.025 2.97 0 90 0 0 0.7071068 0 0.7071068 13.8889 0
5.1185 Head 0 1.6 0.78 346.575 290.7 4.388793E-07 -0.09615629 -0.5646647 -0.06645774 0.8170013
5.1185 FirstCar -8.909426 0.025 2.97 0 90 0 0 0.7071068 0 0.7071068 13.8889 0
5.1185 SecondCar -41.10763 0.025 2.97 0 90 0 0 0.7071068 0 0.7071068 13.8889 0
5.1189 Head 0 1.6 0.78 346.575 290.7 4.388793E-07 -0.09615629 -0.5646647 -0.06645774 0.8170013
5.1189 FirstCar -8.904508 0.025 2.97 0 90 0 0 0.7071068 0 0.7071068 13.8889 0
5.1189 SecondCar -41.10271 0.025 2.97 0 90 0 0 0.7071068 0 0.7071068 13.8889 0
5.1192 Head 0 1.6 0.78 346.575 290.7 4.388793E-07 -0.09615629 -0.5646647 -0.06645774 0.8170013
5.1192 FirstCar -8.899745 0.025 2.97 0 90 0 0 0.7071068 0 0.7071068 13.8889 0
5.1192 SecondCar -41.09795 0.025 2.97 0 90 0 0 0.7071068 0 0.7071068 13.8889 0
5.1196 Head 0 1.6 0.78 346.575 290.7 4.388793E-07 -0.09615629 -0.5646647 -0.06645774 0.8170013
5.1196 FirstCar -8.895018 0.025 2.97 0 90 0 0 0.7071068 0 0.7071068 13.8889 0
5.1196 SecondCar -41.09323 0.025 2.97 0 90 0 0 0.7071068 0 0.7071068 13.8889 0
5.1199 Head 0 1.6 0.78 346.575 290.7 4.388793E-07 -0.09615629 -0.5646647 -0.06645774 0.8170013
5.1199 FirstCar -8.890398 0.025 2.97 0 90 0 0 0.7071068 0 0.7071068 13.8889 0
5.1199 SecondCar -41.08861 0.025 2.97 0 90 0 0 0.7071068 0 0.7071068 13.8889 0
5.1203 Head 0 1.6 0.78 346.575 290.7 4.388793E-07 -0.09615629 -0.5646647 -0.06645774 0.8170013
5.1203 FirstCar -8.885145 0.025 2.97 0 90 0 0 0.7071068 0 0.7071068 13.8889 0
5.1203 SecondCar -41.08335 0.025 2.97 0 90 0 0 0.7071068 0 0.7071068 13.8889 0
5.1206 Head 0 1.6 0.78 346.575 290.7 4.388793E-07 -0.09615629 -0.5646647 -0.06645774 0.8170013
5.1206 FirstCar -8.880403 0.025 2.97 0 90 0 0 0.7071068 0 0.7071068 13.8889 0
5.1206 SecondCar -41.07861 0.025 2.97 0 90 0 0 0.7071068 0 0.7071068 13.8889 0
5.1209 Head 0 1.6 0.78 346.575 290.7 4.388793E-07 -0.09615629 -0.5646647 -0.06645774 0.8170013
5.1209 FirstCar -8.875826 0.025 2.97 0 90 0 0 0.7071068 0 0.7071068 13.8889 0
5.1209 SecondCar -41.07404 0.025 2.97 0 90 0 0 0.7071068 0 0.7071068 13.8889 0
5.1213 Head 0 1.6 0.78 346.575 290.7 4.388793E-07 -0.09615629 -0.5646647 -0.06645774 0.8170013
5.1213 FirstCar -8.871272 0.025 2.97 0 90 0 0 0.7071068 0 0.7071068 13.8889 0
5.1213 SecondCar -41.06948 0.025 2.97 0 90 0 0 0.7071068 0 0.7071068 13.8889 0
5.1216 Head 0 1.6 0.78 346.575 290.7 4.388793E-07 -0.09615629 -0.5646647 -0.06645774 0.8170013
5.1216 FirstCar -8.866467 0.025 2.97 0 90 0 0 0.7071068 0 0.7071068 13.8889 0
5.1216 SecondCar -41.06468 0.025 2.97 0 90 0 0 0.7071068 0 0.7071068 13.8889 0
5.1220 Head 0 1.6 0.78 346.575 290.7 4.388793E-07 -0.09615629 -0.5646647 -0.06645774 0.8170013
5.1220 FirstCar -8.861643 0.025 2.97 0 90 0 0 0.7071068 0 0.7071068 13.8889 0
5.1220 SecondCar -41.05985 0.025 2.97 0 90 0 0 0.7071068 0 0.7071068 13.8889 0
5.1223 Head 0 1.6 0.78 346.575 290.7 4.388793E-07 -0.09615629 -0.5646647 -0.06645774 0.8170013
5.1223 FirstCar -8.856818 0.025 2.97 0 90 0 0 0.7071068 0 0.7071068 13.8889 0
5.1223 SecondCar -41.05503 0.025 2.97 0 90 0 0 0.7071068 0 0.7071068 13.8889 0
5.1226 Head 0 1.6 0.78 346.575 290.7 4.388793E-07 -0.09615629 -0.5646647 -0.06645774 0.8170013
5.1226 FirstCar -8.852217 0.025 2.97 0 90 0 0 0.7071068 0 0.7071068 13.8889 0
5.1226 SecondCar -41.05043 0.025 2.97 0 90 0 0 0.7071068 0 0.7071068 13.8889 0
5.1230 Head 0 1.6 0.78 346.575 290.7 4.388793E-07 -0.09615629 -0.5646647 -0.06645774 0.8170013
5.1230 FirstCar -8.847588 0.025 2.97 0 90 0 0 0.7071068 0 0.7071068 13.8889 0
5.1230 SecondCar -41.0458 0.025 2.97 0 90 0 0 0.7071068 0 0.7071068 13.8889 0
5.1233 Head 0 1.6 0.78 346.575 290.7 4.388793E-07 -0.09615629 -0.5646647 -0.06645774 0.8170013
5.1233 FirstCar -8.843 0.025 2.97 0 90 0 0 0.7071068 0 0.7071068 13.8889 0
5.1233 SecondCar -41.04121 0.025 2.97 0 90 0 0 0.7071068 0 0.7071068 13.8889 0
5.1236 Head 0 1.6 0.78 346.575 290.7 4.388793E-07 -0.09615629 -0.5646647 -0.06645774 0.8170013
5.1236 FirstCar -8.838319 0.025 2.97 0 90 0 0 0.7071068 0 0.7071068 13.8889 0
5.1236 SecondCar -41.03653 0.025 2.97 0 90 0 0 0.7071068 0 0.7071068 13.8889 0
5.1240 Head 0 1.6 0.78 346.575 290.7 4.388793E-07 -0.09615629 -0.5646647 -0.06645774 0.8170013
5.1240 FirstCar -8.833699 0.025 2.97 0 90 0 0 0.7071068 0 0.7071068 13.8889 0
5.1240 SecondCar -41.03191 0.025 2.97 0 90 0 0 0.7071068 0 0.7071068 13.8889 0
5.1243 Head 0 1.6 0.78 346.575 290.7 4.388793E-07 -0.09615629 -0.5646647 -0.06645774 0.8170013
5.1243 FirstCar -8.82893 0.025 2.97 0 90 0 0 0.7071068 0 0.7071068 13.8889 0
5.1243 SecondCar -41.02714 0.025 2.97 0 90 0 0 0.7071068 0 0.7071068 13.8889 0
5.1247 Head 0 1.6 0.78 346.575 290.7 4.388793E-07 -0.09615629 -0.5646647 -0.06645774 0.8170013
5.1247 FirstCar -8.824084 0.025 2.97 0 90 0 0 0.7071068 0 0.7071068 13.8889 0
5.1247 SecondCar -41.02229 0.025 2.97 0 90 0 0 0.7071068 0 0.7071068 13.8889 0
5.1250 Head 0 1.6 0.78 346.575 290.7 4.388793E-07 -0.09615629 -0.5646647 -0.06645774 0.8170013
5.1250 FirstCar -8.819565 0.025 2.97 0 90 0 0 0.7071068 0 0.7071068 13.8889 0
5.1250 SecondCar -41.01777 0.025 2.97 0 90 0 0 0.7071068 0 0.7071068 13.8889 0
5.1253 Head 0 1.6 0.78 346.575 290.7 4.388793E-07 -0.09615629 -0.5646647 -0.06645774 0.8170013
5.1253 FirstCar -8.814939 0.025 2.97 0 90 0 0 0.7071068 0 0.7071068 13.8889 0
5.1253 SecondCar -41.01315 0.025 2.97 0 90 0 0 0.7071068 0 0.7071068 13.8889 0
5.1257 Head 0 1.6 0.78 346.575 290.7 4.388793E-07 -0.09615629 -0.5646647 -0.06645774 0.8170013
5.1257 FirstCar -8.810037 0.025 2.97 0 90 0 0 0.7071068 0 0.7071068 13.8889 0
5.1257 SecondCar -41.00825 0.025 2.97 0 90 0 0 0.7071068 0 0.7071068 13.8889 0
5.1260 Head 0 1.6 0.78 346.575 290.7 4.388793E-07 -0.09615629 -0.5646647 -0.06645774 0.8170013
5.1260 FirstCar -8.805319 0.025 2.97 0 90 0 0 0.7071068 0 0.7071068 13.8889 0
5.1260 SecondCar -41.00353 0.025 2.97 0 90 0 0 0.7071068 0 0.7071068 13.8889 0
5.1264 Head 0 1.6 0.78 346.575 290.7 4.388793E-07 -0.09615629 -0.5646647 -0.06645774 0.8170013
5.1264 FirstCar -8.800531 0.025 2.97 0 90 0 0 0.7071068 0 0.7071068 13.8889 0
5.1264 SecondCar -40.99874 0.025 2.97 0 90 0 0 0.7071068 0 0.7071068 13.8889 0
5.1267 Head 0 1.6 0.78 346.575 290.7 4.388793E-07 -0.09615629 -0.5646647 -0.06645774 0.8170013
5.1267 FirstCar -8.795899 0.025 2.97 0 90 0 0 0.7071068 0 0.7071068 13.8889 0
5.1267 SecondCar -40.99411 0.025 2.97 0 90 0 0 0.7071068 0 0.7071068 13.8889 0
5.1270 Head 0 1.6 0.78 346.575 290.7 4.388793E-07 -0.09615629 -0.5646647 -0.06645774 0.8170013
5.1270 FirstCar -8.791243 0.025 2.97 0 90 0 0 0.7071068 0 0.7071068 13.8889 0
5.1270 SecondCar -40.98945 0.025 2.97 0 90 0 0 0.7071068 0 0.7071068 13.8889 0
5.1274 Head 0 1.6 0.78 346.575 290.7 4.388793E-07 -0.09615629 -0.5646647 -0.06645774 0.8170013
5.1274 FirstCar -8.786693 0.025 2.97 0 90 0 0 0.7071068 0 0.7071068 13.8889 0
5.1274 SecondCar -40.9849 0.025 2.97 0 90 0 0 0.7071068 0 0.7071068 13.8889 0
5.1277 Head 0 1.6 0.78 346.575 290.7 4.388793E-07 -0.09615629 -0.5646647 -0.06645774 0.8170013
5.1277 FirstCar -8.782073 0.025 2.97 0 90 0 0 0.7071068 0 0.7071068 13.8889 0
5.1277 SecondCar -40.98028 0.025 2.97 0 90 0 0 0.7071068 0 0.7071068 13.8889 0
5.1280 Head 0 1.6 0.78 346.575 290.7 4.388793E-07 -0.09615629 -0.5646647 -0.06645774 0.8170013
5.1280 FirstCar -8.777591 0.025 2.97 0 90 0 0 0.7071068 0 0.7071068 13.8889 0
5.1280 SecondCar -40.9758 0.025 2.97 0 90 0 0 0.7071068 0 0.7071068 13.8889 0
5.1284 Head 0 1.6 0.78 346.575 290.7 4.388793E-07 -0.09615629 -0.5646647 -0.06645774 0.8170013
5.1284 FirstCar -8.77277 0.025 2.97 0 90 0 0 0.7071068 0 0.7071068 13.8889 0
5.1284 SecondCar -40.97098 0.025 2.97 0 90 0 0 0.7071068 0 0.7071068 13.8889 0
5.1290 Head 0 1.6 0.78 346.575 290.7 4.388793E-07 -0.09615629 -0.5646647 -0.06645774 0.8170013
5.1290 FirstCar -8.763719 0.025 2.97 0 90 0 0 0.7071068 0 0.7071068 13.8889 0
5.1290 SecondCar -40.96193 0.025 2.97 0 90 0 0 0.7071068 0 0.7071068 13.8889 0
5.1294 Head 0 1.6 0.78 346.575 290.7 4.388793E-07 -0.09615629 -0.5646647 -0.06645774 0.8170013
5.1294 FirstCar -8.757903 0.025 2.97 0 90 0 0 0.7071068 0 0.7071068 13.8889 0
5.1294 SecondCar -40.95611 0.025 2.97 0 90 0 0 0.7071068 0 0.7071068 13.8889 0
5.1298 Head 0 1.6 0.78 346.575 290.7 4.388793E-07 -0.09615629 -0.5646647 -0.06645774 0.8170013
5.1298 FirstCar -8.752564 0.025 2.97 0 90 0 0 0.7071068 0 0.7071068 13.8889 0
5.1298 SecondCar -40.95077 0.025 2.97 0 90 0 0 0.7071068 0 0.7071068 13.8889 0
5.1302 Head 0 1.6 0.78 346.575 290.7 4.388793E-07 -0.09615629 -0.5646647 -0.06645774 0.8170013
5.1302 FirstCar -8.747485 0.025 2.97 0 90 0 0 0.7071068 0 0.7071068 13.8889 0
5.1302 SecondCar -40.94569 0.025 2.97 0 90 0 0 0.7071068 0 0.7071068 13.8889 0
5.1306 Head 0 1.6 0.78 346.575 290.7 4.388793E-07 -0.09615629 -0.5646647 -0.06645774 0.8170013
5.1306 FirstCar -8.742205 0.025 2.97 0 90 0 0 0.7071068 0 0.7071068 13.8889 0
5.1306 SecondCar -40.94041 0.025 2.97 0 90 0 0 0.7071068 0 0.7071068 13.8889 0
5.1309 Head 0 1.6 0.78 346.575 290.7 4.388793E-07 -0.09615629 -0.5646647 -0.06645774 0.8170013
5.1309 FirstCar -8.737327 0.025 2.97 0 90 0 0 0.7071068 0 0.7071068 13.8889 0
5.1309 SecondCar -40.93554 0.025 2.97 0 90 0 0 0.7071068 0 0.7071068 13.8889 0
5.1313 Head 0 1.6 0.78 346.575 290.7 4.388793E-07 -0.09615629 -0.5646647 -0.06645774 0.8170013
5.1313 FirstCar -8.73204 0.025 2.97 0 90 0 0 0.7071068 0 0.7071068 13.8889 0
5.1313 SecondCar -40.93025 0.025 2.97 0 90 0 0 0.7071068 0 0.7071068 13.8889 0
5.1317 Head 0 1.6 0.78 346.575 290.7 4.388793E-07 -0.09615629 -0.5646647 -0.06645774 0.8170013
5.1317 FirstCar -8.72695 0.025 2.97 0 90 0 0 0.7071068 0 0.7071068 13.8889 0
5.1317 SecondCar -40.92516 0.025 2.97 0 90 0 0 0.7071068 0 0.7071068 13.8889 0
5.1320 Head 0 1.6 0.78 346.575 290.7 4.388793E-07 -0.09615629 -0.5646647 -0.06645774 0.8170013
5.1320 FirstCar -8.72191 0.025 2.97 0 90 0 0 0.7071068 0 0.7071068 13.8889 0
5.1320 SecondCar -40.92012 0.025 2.97 0 90 0 0 0.7071068 0 0.7071068 13.8889 0
5.1324 Head 0 1.6 0.78 346.575 290.7 4.388793E-07 -0.09615629 -0.5646647 -0.06645774 0.8170013
5.1324 FirstCar -8.716466 0.025 2.97 0 90 0 0 0.7071068 0 0.7071068 13.8889 0
5.1324 SecondCar -40.91468 0.025 2.97 0 90 0 0 0.7071068 0 0.7071068 13.8889 0
5.1328 Head 0 1.6 0.78 346.575 290.7 4.388793E-07 -0.09615629 -0.5646647 -0.06645774 0.8170013
5.1328 FirstCar -8.710981 0.025 2.97 0 90 0 0 0.7071068 0 0.7071068 13.8889 0
5.1328 SecondCar -40.90919 0.025 2.97 0 90 0 0 0.7071068 0 0.7071068 13.8889 0
5.1332 Head 0 1.6 0.78 346.575 290.7 4.388793E-07 -0.09615629 -0.5646647 -0.06645774 0.8170013
5.1332 FirstCar -8.705735 0.025 2.97 0 90 0 0 0.7071068 0 0.7071068 13.8889 0
5.1332 SecondCar -40.90395 0.025 2.97 0 90 0 0 0.7071068 0 0.7071068 13.8889 0
5.1335 Head 0 1.6 0.78 346.575 290.7 4.388793E-07 -0.09615629 -0.5646647 -0.06645774 0.8170013
5.1335 FirstCar -8.700772 0.025 2.97 0 90 0 0 0.7071068 0 0.7071068 13.8889 0
5.1335 SecondCar -40.89898 0.025 2.97 0 90 0 0 0.7071068 0 0.7071068 13.8889 0
5.1339 Head 0 1.6 0.78 346.575 290.7 4.388793E-07 -0.09615629 -0.5646647 -0.06645774 0.8170013
5.1339 FirstCar -8.695968 0.025 2.97 0 90 0 0 0.7071068 0 0.7071068 13.8889 0
5.1339 SecondCar -40.89418 0.025 2.97 0 90 0 0 0.7071068 0 0.7071068 13.8889 0
5.1342 Head 0 1.6 0.78 346.575 290.7 4.388793E-07 -0.09615629 -0.5646647 -0.06645774 0.8170013
5.1342 FirstCar -8.691205 0.025 2.97 0 90 0 0 0.7071068 0 0.7071068 13.8889 0
5.1342 SecondCar -40.88942 0.025 2.97 0 90 0 0 0.7071068 0 0.7071068 13.8889 0
5.1346 Head 0 1.6 0.78 346.575 290.7 4.388793E-07 -0.09615629 -0.5646647 -0.06645774 0.8170013
5.1346 FirstCar -8.686464 0.025 2.97 0 90 0 0 0.7071068 0 0.7071068 13.8889 0
5.1346 SecondCar -40.88468 0.025 2.97 0 90 0 0 0.7071068 0 0.7071068 13.8889 0
5.1350 Head 0 1.6 0.78 346.575 290.7 4.388793E-07 -0.09615629 -0.5646647 -0.06645774 0.8170013
5.1350 FirstCar -8.68083 0.025 2.97 0 90 0 0 0.7071068 0 0.7071068 13.8889 0
5.1350 SecondCar -40.87904 0.025 2.97 0 90 0 0 0.7071068 0 0.7071068 13.8889 0
5.1353 Head 0 1.6 0.78 346.575 290.7 4.388793E-07 -0.09615629 -0.5646647 -0.06645774 0.8170013
5.1353 FirstCar -8.675834 0.025 2.97 0 90 0 0 0.7071068 0 0.7071068 13.8889 0
5.1353 SecondCar -40.87405 0.025 2.97 0 90 0 0 0.7071068 0 0.7071068 13.8889 0
5.1357 Head 0 1.6 0.78 346.575 290.7 4.388793E-07 -0.09615629 -0.5646647 -0.06645774 0.8170013
5.1357 FirstCar -8.670919 0.025 2.97 0 90 0 0 0.7071068 0 0.7071068 13.8889 0
5.1357 SecondCar -40.86913 0.025 2.97 0 90 0 0 0.7071068 0 0.7071068 13.8889 0
5.1360 Head 0 1.6 0.78 346.575 290.7 4.388793E-07 -0.09615629 -0.5646647 -0.06645774 0.8170013
5.1360 FirstCar -8.666162 0.025 2.97 0 90 0 0 0.7071068 0 0.7071068 13.8889 0
5.1360 SecondCar -40.86438 0.025 2.97 0 90 0 0 0.7071068 0 0.7071068 13.8889 0
5.1364 Head 0 1.6 0.78 346.575 290.7 4.388793E-07 -0.09615629 -0.5646647 -0.06645774 0.8170013
5.1364 FirstCar -8.661396 0.025 2.97 0 90 0 0 0.7071068 0 0.7071068 13.8889 0
5.1364 SecondCar -40.85961 0.025 2.97 0 90 0 0 0.7071068 0 0.7071068 13.8889 0
5.1368 Head 0 1.6 0.78 346.575 290.7 4.388793E-07 -0.09615629 -0.5646647 -0.06645774 0.8170013
5.1368 FirstCar -8.655915 0.025 2.97 0 90 0 0 0.7071068 0 0.7071068 13.8889 0
5.1368 SecondCar -40.85413 0.025 2.97 0 90 0 0 0.7071068 0 0.7071068 13.8889 0
5.1371 Head 0 1.6 0.78 346.575 290.7 4.388793E-07 -0.09615629 -0.5646647 -0.06645774 0.8170013
5.1371 FirstCar -8.650955 0.025 2.97 0 90 0 0 0.7071068 0 0.7071068 13.8889 0
5.1371 SecondCar -40.84917 0.025 2.97 0 90 0 0 0.7071068 0 0.7071068 13.8889 0
5.1375 Head 0 1.6 0.78 346.575 290.7 4.388793E-07 -0.09615629 -0.5646647 -0.06645774 0.8170013
5.1375 FirstCar -8.646118 0.025 2.97 0 90 0 0 0.7071068 0 0.7071068 13.8889 0
5.1375 SecondCar -40.84433 0.025 2.97 0 90 0 0 0.7071068 0 0.7071068 13.8889 0
5.1378 Head 0 1.6 0.78 346.575 290.7 4.388793E-07 -0.09615629 -0.5646647 -0.06645774 0.8170013
5.1378 FirstCar -8.641248 0.025 2.97 0 90 0 0 0.7071068 0 0.7071068 13.8889 0
5.1378 SecondCar -40.83946 0.025 2.97 0 90 0 0 0.7071068 0 0.7071068 13.8889 0
5.1382 Head 0 1.6 0.78 346.575 290.7 4.388793E-07 -0.09615629 -0.5646647 -0.06645774 0.8170013
5.1382 FirstCar -8.635739 0.025 2.97 0 90 0 0 0.7071068 0 0.7071068 13.8889 0
5.1382 SecondCar -40.83395 0.025 2.97 0 90 0 0 0.7071068 0 0.7071068 13.8889 0
5.1387 Head 0 1.6 0.78 346.575 290.7 4.388793E-07 -0.09615629 -0.5646647 -0.06645774 0.8170013
5.1387 FirstCar -8.62982 0.025 2.97 0 90 0 0 0.7071068 0 0.7071068 13.8889 0
5.1387 SecondCar -40.82803 0.025 2.97 0 90 0 0 0.7071068 0 0.7071068 13.8889 0
5.1391 Head 0 1.6 0.78 346.575 290.7 4.388793E-07 -0.09615629 -0.5646647 -0.06645774 0.8170013
5.1391 FirstCar -8.624076 0.025 2.97 0 90 0 0 0.7071068 0 0.7071068 13.8889 0
5.1391 SecondCar -40.82228 0.025 2.97 0 90 0 0 0.7071068 0 0.7071068 13.8889 0
5.1395 Head 0 1.6 0.78 346.575 290.7 4.388793E-07 -0.09615629 -0.5646647 -0.06645774 0.8170013
5.1395 FirstCar -8.618104 0.025 2.97 0 90 0 0 0.7071068 0 0.7071068 13.8889 0
5.1395 SecondCar -40.81631 0.025 2.97 0 90 0 0 0.7071068 0 0.7071068 13.8889 0
5.1399 Head 0 1.6 0.78 346.575 290.7 4.388793E-07 -0.09615629 -0.5646647 -0.06645774 0.8170013
5.1399 FirstCar -8.612625 0.025 2.97 0 90 0 0 0.7071068 0 0.7071068 13.8889 0
5.1399 SecondCar -40.81083 0.025 2.97 0 90 0 0 0.7071068 0 0.7071068 13.8889 0
5.1402 Head 0 1.6 0.78 346.575 290.7 4.388793E-07 -0.09615629 -0.5646647 -0.06645774 0.8170013
5.1402 FirstCar -8.607701 0.025 2.97 0 90 0 0 0.7071068 0 0.7071068 13.8889 0
5.1402 SecondCar -40.80591 0.025 2.97 0 90 0 0 0.7071068 0 0.7071068 13.8889 0
5.1406 Head 0 1.6 0.78 346.575 290.7 4.388793E-07 -0.09615629 -0.5646647 -0.06645774 0.8170013
5.1406 FirstCar -8.60271 0.025 2.97 0 90 0 0 0.7071068 0 0.7071068 13.8889 0
5.1406 SecondCar -40.80091 0.025 2.97 0 90 0 0 0.7071068 0 0.7071068 13.8889 0
5.1410 Head 0 1.6 0.78 346.575 290.7 4.388793E-07 -0.09615629 -0.5646647 -0.06645774 0.8170013
5.1410 FirstCar -8.597267 0.025 2.97 0 90 0 0 0.7071068 0 0.7071068 13.8889 0
5.1410 SecondCar -40.79547 0.025 2.97 0 90 0 0 0.7071068 0 0.7071068 13.8889 0
5.1414 Head 0 1.6 0.78 346.575 290.7 4.388793E-07 -0.09615629 -0.5646647 -0.06645774 0.8170013
5.1414 FirstCar -8.591926 0.025 2.97 0 90 0 0 0.7071068 0 0.7071068 13.8889 0
5.1414 SecondCar -40.79013 0.025 2.97 0 90 0 0 0.7071068 0 0.7071068 13.8889 0
5.1417 Head 0 1.6 0.78 346.575 290.7 4.388793E-07 -0.09615629 -0.5646647 -0.06645774 0.8170013
5.1417 FirstCar -8.587282 0.025 2.97 0 90 0 0 0.7071068 0 0.7071068 13.8889 0
5.1417 SecondCar -40.78549 0.025 2.97 0 90 0 0 0.7071068 0 0.7071068 13.8889 0
5.1421 Head 0 1.6 0.78 346.575 290.7 4.388793E-07 -0.09615629 -0.5646647 -0.06645774 0.8170013
5.1421 FirstCar -8.582578 0.025 2.97 0 90 0 0 0.7071068 0 0.7071068 13.8889 0
5.1421 SecondCar -40.78078 0.025 2.97 0 90 0 0 0.7071068 0 0.7071068 13.8889 0
5.1424 Head 0 1.6 0.78 346.575 290.7 4.388793E-07 -0.09615629 -0.5646647 -0.06645774 0.8170013
5.1424 FirstCar -8.57779 0.025 2.97 0 90 0 0 0.7071068 0 0.7071068 13.8889 0
5.1424 SecondCar -40.776 0.025 2.97 0 90 0 0 0.7071068 0 0.7071068 13.8889 0
5.1427 Head 0 1.6 0.78 346.575 290.7 4.388793E-07 -0.09615629 -0.5646647 -0.06645774 0.8170013
5.1427 FirstCar -8.573155 0.025 2.97 0 90 0 0 0.7071068 0 0.7071068 13.8889 0
5.1427 SecondCar -40.77136 0.025 2.97 0 90 0 0 0.7071068 0 0.7071068 13.8889 0
5.1431 Head 0 1.6 0.78 346.575 290.7 4.388793E-07 -0.09615629 -0.5646647 -0.06645774 0.8170013
5.1431 FirstCar -8.568496 0.025 2.97 0 90 0 0 0.7071068 0 0.7071068 13.8889 0
5.1431 SecondCar -40.7667 0.025 2.97 0 90 0 0 0.7071068 0 0.7071068 13.8889 0
5.1434 Head 0 1.6 0.78 346.575 290.7 4.388793E-07 -0.09615629 -0.5646647 -0.06645774 0.8170013
5.1434 FirstCar -8.563456 0.025 2.97 0 90 0 0 0.7071068 0 0.7071068 13.8889 0
5.1434 SecondCar -40.76166 0.025 2.97 0 90 0 0 0.7071068 0 0.7071068 13.8889 0
5.1438 Head 0 1.6 0.78 346.575 290.7 4.388793E-07 -0.09615629 -0.5646647 -0.06645774 0.8170013
5.1438 FirstCar -8.558393 0.025 2.97 0 90 0 0 0.7071068 0 0.7071068 13.8889 0
5.1438 SecondCar -40.7566 0.025 2.97 0 90 0 0 0.7071068 0 0.7071068 13.8889 0
5.1441 Head 0 1.6 0.78 346.575 290.7 4.388793E-07 -0.09615629 -0.5646647 -0.06645774 0.8170013
5.1441 FirstCar -8.553517 0.025 2.97 0 90 0 0 0.7071068 0 0.7071068 13.8889 0
5.1441 SecondCar -40.75172 0.025 2.97 0 90 0 0 0.7071068 0 0.7071068 13.8889 0
5.1445 Head 0 1.6 0.78 346.575 290.7 4.388793E-07 -0.09615629 -0.5646647 -0.06645774 0.8170013
5.1445 FirstCar -8.548248 0.025 2.97 0 90 0 0 0.7071068 0 0.7071068 13.8889 0
5.1445 SecondCar -40.74646 0.025 2.97 0 90 0 0 0.7071068 0 0.7071068 13.8889 0
5.1449 Head 0 1.6 0.78 346.575 290.7 4.388793E-07 -0.09615629 -0.5646647 -0.06645774 0.8170013
5.1449 FirstCar -8.543594 0.025 2.97 0 90 0 0 0.7071068 0 0.7071068 13.8889 0
5.1449 SecondCar -40.7418 0.025 2.97 0 90 0 0 0.7071068 0 0.7071068 13.8889 0
5.1452 Head 0 1.6 0.78 346.575 290.7 4.388793E-07 -0.09615629 -0.5646647 -0.06645774 0.8170013
5.1452 FirstCar -8.538575 0.025 2.97 0 90 0 0 0.7071068 0 0.7071068 13.8889 0
5.1452 SecondCar -40.73678 0.025 2.97 0 90 0 0 0.7071068 0 0.7071068 13.8889 0
5.1456 Head 0 1.6 0.78 346.575 290.7 4.388793E-07 -0.09615629 -0.5646647 -0.06645774 0.8170013
5.1456 FirstCar -8.533864 0.025 2.97 0 90 0 0 0.7071068 0 0.7071068 13.8889 0
5.1456 SecondCar -40.73207 0.025 2.97 0 90 0 0 0.7071068 0 0.7071068 13.8889 0
5.1459 Head 0 1.6 0.78 346.575 290.7 4.388793E-07 -0.09615629 -0.5646647 -0.06645774 0.8170013
5.1459 FirstCar -8.529013 0.025 2.97 0 90 0 0 0.7071068 0 0.7071068 13.8889 0
5.1459 SecondCar -40.72722 0.025 2.97 0 90 0 0 0.7071068 0 0.7071068 13.8889 0
5.1463 Head 0 1.6 0.78 346.575 290.7 4.388793E-07 -0.09615629 -0.5646647 -0.06645774 0.8170013
5.1463 FirstCar -8.523711 0.025 2.97 0 90 0 0 0.7071068 0 0.7071068 13.8889 0
5.1463 SecondCar -40.72192 0.025 2.97 0 90 0 0 0.7071068 0 0.7071068 13.8889 0
5.1467 Head 0 1.6 0.78 346.575 290.7 4.388793E-07 -0.09615629 -0.5646647 -0.06645774 0.8170013
5.1467 FirstCar -8.518748 0.025 2.97 0 90 0 0 0.7071068 0 0.7071068 13.8889 0
5.1467 SecondCar -40.71695 0.025 2.97 0 90 0 0 0.7071068 0 0.7071068 13.8889 0
5.1470 Head 0 1.6 0.78 346.575 290.7 4.388793E-07 -0.09615629 -0.5646647 -0.06645774 0.8170013
5.1470 FirstCar -8.513824 0.025 2.97 0 90 0 0 0.7071068 0 0.7071068 13.8889 0
5.1470 SecondCar -40.71203 0.025 2.97 0 90 0 0 0.7071068 0 0.7071068 13.8889 0
5.1474 Head 0 1.6 0.78 346.575 290.7 4.388793E-07 -0.09615629 -0.5646647 -0.06645774 0.8170013
5.1474 FirstCar -8.508973 0.025 2.97 0 90 0 0 0.7071068 0 0.7071068 13.8889 0
5.1474 SecondCar -40.70718 0.025 2.97 0 90 0 0 0.7071068 0 0.7071068 13.8889 0
5.1477 Head 0 1.6 0.78 346.575 290.7 4.388793E-07 -0.09615629 -0.5646647 -0.06645774 0.8170013
5.1477 FirstCar -8.504184 0.025 2.97 0 90 0 0 0.7071068 0 0.7071068 13.8889 0
5.1477 SecondCar -40.70239 0.025 2.97 0 90 0 0 0.7071068 0 0.7071068 13.8889 0
5.1480 Head 0 1.6 0.78 346.575 290.7 4.388793E-07 -0.09615629 -0.5646647 -0.06645774 0.8170013
5.1480 FirstCar -8.499427 0.025 2.97 0 90 0 0 0.7071068 0 0.7071068 13.8889 0
5.1480 SecondCar -40.69763 0.025 2.97 0 90 0 0 0.7071068 0 0.7071068 13.8889 0
5.1484 Head 0 1.6 0.78 346.575 290.7 4.388793E-07 -0.09615629 -0.5646647 -0.06645774 0.8170013
5.1484 FirstCar -8.494429 0.025 2.97 0 90 0 0 0.7071068 0 0.7071068 13.8889 0
5.1484 SecondCar -40.69263 0.025 2.97 0 90 0 0 0.7071068 0 0.7071068 13.8889 0
5.1490 Head 0 1.6 0.78 346.575 290.7 4.388793E-07 -0.09615629 -0.5646647 -0.06645774 0.8170013
5.1490 FirstCar -8.485807 0.025 2.97 0 90 0 0 0.7071068 0 0.7071068 13.8889 0
5.1490 SecondCar -40.68401 0.025 2.97 0 90 0 0 0.7071068 0 0.7071068 13.8889 0
5.1494 Head 0 1.6 0.78 346.575 290.7 4.388793E-07 -0.09615629 -0.5646647 -0.06645774 0.8170013
5.1494 FirstCar -8.480441 0.025 2.97 0 90 0 0 0.7071068 0 0.7071068 13.8889 0
5.1494 SecondCar -40.67865 0.025 2.97 0 90 0 0 0.7071068 0 0.7071068 13.8889 0
5.1498 Head 0 1.6 0.78 346.575 290.7 4.388793E-07 -0.09615629 -0.5646647 -0.06645774 0.8170013
5.1498 FirstCar -8.475463 0.025 2.97 0 90 0 0 0.7071068 0 0.7071068 13.8889 0
5.1498 SecondCar -40.67367 0.025 2.97 0 90 0 0 0.7071068 0 0.7071068 13.8889 0
5.1501 Head 0 1.6 0.78 346.575 290.7 4.388793E-07 -0.09615629 -0.5646647 -0.06645774 0.8170013
5.1501 FirstCar -8.470509 0.025 2.97 0 90 0 0 0.7071068 0 0.7071068 13.8889 0
5.1501 SecondCar -40.66871 0.025 2.97 0 90 0 0 0.7071068 0 0.7071068 13.8889 0
5.1505 Head 0 1.6 0.78 346.575 290.7 4.388793E-07 -0.09615629 -0.5646647 -0.06645774 0.8170013
5.1505 FirstCar -8.464826 0.025 2.97 0 90 0 0 0.7071068 0 0.7071068 13.8889 0
5.1505 SecondCar -40.66303 0.025 2.97 0 90 0 0 0.7071068 0 0.7071068 13.8889 0
5.1509 Head 0 1.6 0.78 346.575 290.7 4.388793E-07 -0.09615629 -0.5646647 -0.06645774 0.8170013
5.1509 FirstCar -8.459316 0.025 2.97 0 90 0 0 0.7071068 0 0.7071068 13.8889 0
5.1509 SecondCar -40.65752 0.025 2.97 0 90 0 0 0.7071068 0 0.7071068 13.8889 0
5.1513 Head 0 1.6 0.78 346.575 290.7 4.388793E-07 -0.09615629 -0.5646647 -0.06645774 0.8170013
5.1513 FirstCar -8.454213 0.025 2.97 0 90 0 0 0.7071068 0 0.7071068 13.8889 0
5.1513 SecondCar -40.65242 0.025 2.97 0 90 0 0 0.7071068 0 0.7071068 13.8889 0
5.1517 Head 0 1.6 0.78 346.575 290.7 4.388793E-07 -0.09615629 -0.5646647 -0.06645774 0.8170013
5.1517 FirstCar -8.449291 0.025 2.97 0 90 0 0 0.7071068 0 0.7071068 13.8889 0
5.1517 SecondCar -40.6475 0.025 2.97 0 90 0 0 0.7071068 0 0.7071068 13.8889 0
5.1520 Head 0 1.6 0.78 346.575 290.7 4.388793E-07 -0.09615629 -0.5646647 -0.06645774 0.8170013
5.1520 FirstCar -8.444316 0.025 2.97 0 90 0 0 0.7071068 0 0.7071068 13.8889 0
5.1520 SecondCar -40.64252 0.025 2.97 0 90 0 0 0.7071068 0 0.7071068 13.8889 0
5.1524 Head 0 1.6 0.78 346.575 290.7 4.388793E-07 -0.09615629 -0.5646647 -0.06645774 0.8170013
5.1524 FirstCar -8.439358 0.025 2.97 0 90 0 0 0.7071068 0 0.7071068 13.8889 0
5.1524 SecondCar -40.63756 0.025 2.97 0 90 0 0 0.7071068 0 0.7071068 13.8889 0
5.1527 Head 0 1.6 0.78 346.575 290.7 4.388793E-07 -0.09615629 -0.5646647 -0.06645774 0.8170013
5.1527 FirstCar -8.434566 0.025 2.97 0 90 0 0 0.7071068 0 0.7071068 13.8889 0
5.1527 SecondCar -40.63277 0.025 2.97 0 90 0 0 0.7071068 0 0.7071068 13.8889 0
5.1531 Head 0 1.6 0.78 346.575 290.7 4.388793E-07 -0.09615629 -0.5646647 -0.06645774 0.8170013
5.1531 FirstCar -8.429461 0.025 2.97 0 90 0 0 0.7071068 0 0.7071068 13.8889 0
5.1531 SecondCar -40.62767 0.025 2.97 0 90 0 0 0.7071068 0 0.7071068 13.8889 0
5.1534 Head 0 1.6 0.78 346.575 290.7 4.388793E-07 -0.09615629 -0.5646647 -0.06645774 0.8170013
5.1534 FirstCar -8.424548 0.025 2.97 0 90 0 0 0.7071068 0 0.7071068 13.8889 0
5.1534 SecondCar -40.62275 0.025 2.97 0 90 0 0 0.7071068 0 0.7071068 13.8889 0
5.1538 Head 0 1.6 0.78 346.575 290.7 4.388793E-07 -0.09615629 -0.5646647 -0.06645774 0.8170013
5.1538 FirstCar -8.419722 0.025 2.97 0 90 0 0 0.7071068 0 0.7071068 13.8889 0
5.1538 SecondCar -40.61793 0.025 2.97 0 90 0 0 0.7071068 0 0.7071068 13.8889 0
5.1541 Head 0 1.6 0.78 346.575 290.7 4.388793E-07 -0.09615629 -0.5646647 -0.06645774 0.8170013
5.1541 FirstCar -8.414761 0.025 2.97 0 90 0 0 0.7071068 0 0.7071068 13.8889 0
5.1541 SecondCar -40.61296 0.025 2.97 0 90 0 0 0.7071068 0 0.7071068 13.8889 0
5.1546 Head 0 1.6 0.78 346.575 290.7 4.388793E-07 -0.09615629 -0.5646647 -0.06645774 0.8170013
5.1546 FirstCar -8.40774 0.025 2.97 0 90 0 0 0.7071068 0 0.7071068 13.8889 0
5.1546 SecondCar -40.60595 0.025 2.97 0 90 0 0 0.7071068 0 0.7071068 13.8889 0
5.1551 Head 0 1.6 0.78 346.575 290.7 4.388793E-07 -0.09615629 -0.5646647 -0.06645774 0.8170013
5.1551 FirstCar -8.401938 0.025 2.97 0 90 0 0 0.7071068 0 0.7071068 13.8889 0
5.1551 SecondCar -40.60014 0.025 2.97 0 90 0 0 0.7071068 0 0.7071068 13.8889 0
5.1554 Head 0 1.6 0.78 346.575 290.7 4.388793E-07 -0.09615629 -0.5646647 -0.06645774 0.8170013
5.1554 FirstCar -8.396737 0.025 2.97 0 90 0 0 0.7071068 0 0.7071068 13.8889 0
5.1554 SecondCar -40.59494 0.025 2.97 0 90 0 0 0.7071068 0 0.7071068 13.8889 0
5.1558 Head 0 1.6 0.78 346.575 290.7 4.388793E-07 -0.09615629 -0.5646647 -0.06645774 0.8170013
5.1558 FirstCar -8.3919 0.025 2.97 0 90 0 0 0.7071068 0 0.7071068 13.8889 0
5.1558 SecondCar -40.5901 0.025 2.97 0 90 0 0 0.7071068 0 0.7071068 13.8889 0
5.1561 Head 0 1.6 0.78 346.575 290.7 4.388793E-07 -0.09615629 -0.5646647 -0.06645774 0.8170013
5.1561 FirstCar -8.387162 0.025 2.97 0 90 0 0 0.7071068 0 0.7071068 13.8889 0
5.1561 SecondCar -40.58537 0.025 2.97 0 90 0 0 0.7071068 0 0.7071068 13.8889 0
5.1565 Head 0 1.6 0.78 346.575 290.7 4.388793E-07 -0.09615629 -0.5646647 -0.06645774 0.8170013
5.1565 FirstCar -8.382357 0.025 2.97 0 90 0 0 0.7071068 0 0.7071068 13.8889 0
5.1565 SecondCar -40.58056 0.025 2.97 0 90 0 0 0.7071068 0 0.7071068 13.8889 0
5.1568 Head 0 1.6 0.78 346.575 290.7 4.388793E-07 -0.09615629 -0.5646647 -0.06645774 0.8170013
5.1568 FirstCar -8.377679 0.025 2.97 0 90 0 0 0.7071068 0 0.7071068 13.8889 0
5.1568 SecondCar -40.57588 0.025 2.97 0 90 0 0 0.7071068 0 0.7071068 13.8889 0
5.1571 Head 0 1.6 0.78 346.575 290.7 4.388793E-07 -0.09615629 -0.5646647 -0.06645774 0.8170013
5.1571 FirstCar -8.373013 0.025 2.97 0 90 0 0 0.7071068 0 0.7071068 13.8889 0
5.1571 SecondCar -40.57122 0.025 2.97 0 90 0 0 0.7071068 0 0.7071068 13.8889 0
5.1575 Head 0 1.6 0.78 346.575 290.7 4.388793E-07 -0.09615629 -0.5646647 -0.06645774 0.8170013
5.1575 FirstCar -8.368037 0.025 2.97 0 90 0 0 0.7071068 0 0.7071068 13.8889 0
5.1575 SecondCar -40.56624 0.025 2.97 0 90 0 0 0.7071068 0 0.7071068 13.8889 0
5.1579 Head 0 1.6 0.78 346.575 290.7 4.388793E-07 -0.09615629 -0.5646647 -0.06645774 0.8170013
5.1579 FirstCar -8.363177 0.025 2.97 0 90 0 0 0.7071068 0 0.7071068 13.8889 0
5.1579 SecondCar -40.56138 0.025 2.97 0 90 0 0 0.7071068 0 0.7071068 13.8889 0
5.1582 Head 0 1.6 0.78 346.575 290.7 4.388793E-07 -0.09615629 -0.5646647 -0.06645774 0.8170013
5.1582 FirstCar -8.358283 0.025 2.97 0 90 0 0 0.7071068 0 0.7071068 13.8889 0
5.1582 SecondCar -40.55648 0.025 2.97 0 90 0 0 0.7071068 0 0.7071068 13.8889 0
5.1586 Head 0 1.6 0.78 346.575 290.7 4.388793E-07 -0.09615629 -0.5646647 -0.06645774 0.8170013
5.1586 FirstCar -8.353334 0.025 2.97 0 90 0 0 0.7071068 0 0.7071068 13.8889 0
5.1586 SecondCar -40.55154 0.025 2.97 0 90 0 0 0.7071068 0 0.7071068 13.8889 0
5.1590 Head 0 1.6 0.78 346.575 290.7 4.388793E-07 -0.09615629 -0.5646647 -0.06645774 0.8170013
5.1590 FirstCar -8.347527 0.025 2.97 0 90 0 0 0.7071068 0 0.7071068 13.8889 0
5.1590 SecondCar -40.54573 0.025 2.97 0 90 0 0 0.7071068 0 0.7071068 13.8889 0
5.1593 Head 0 1.6 0.78 346.575 290.7 4.388793E-07 -0.09615629 -0.5646647 -0.06645774 0.8170013
5.1593 FirstCar -8.34252 0.025 2.97 0 90 0 0 0.7071068 0 0.7071068 13.8889 0
5.1593 SecondCar -40.54072 0.025 2.97 0 90 0 0 0.7071068 0 0.7071068 13.8889 0
5.1597 Head 0 1.6 0.78 346.575 290.7 4.388793E-07 -0.09615629 -0.5646647 -0.06645774 0.8170013
5.1597 FirstCar -8.337671 0.025 2.97 0 90 0 0 0.7071068 0 0.7071068 13.8889 0
5.1597 SecondCar -40.53587 0.025 2.97 0 90 0 0 0.7071068 0 0.7071068 13.8889 0
5.1601 Head 0 1.6 0.78 346.575 290.7 4.388793E-07 -0.09615629 -0.5646647 -0.06645774 0.8170013
5.1601 FirstCar -8.332559 0.025 2.97 0 90 0 0 0.7071068 0 0.7071068 13.8889 0
5.1601 SecondCar -40.53076 0.025 2.97 0 90 0 0 0.7071068 0 0.7071068 13.8889 0
5.1604 Head 0 1.6 0.78 346.575 290.7 4.388793E-07 -0.09615629 -0.5646647 -0.06645774 0.8170013
5.1604 FirstCar -8.32723 0.025 2.97 0 90 0 0 0.7071068 0 0.7071068 13.8889 0
5.1604 SecondCar -40.52543 0.025 2.97 0 90 0 0 0.7071068 0 0.7071068 13.8889 0
5.1608 Head 0 1.6 0.78 346.575 290.7 4.388793E-07 -0.09615629 -0.5646647 -0.06645774 0.8170013
5.1608 FirstCar -8.322415 0.025 2.97 0 90 0 0 0.7071068 0 0.7071068 13.8889 0
5.1608 SecondCar -40.52061 0.025 2.97 0 90 0 0 0.7071068 0 0.7071068 13.8889 0
5.1612 Head 0 1.6 0.78 346.575 290.7 4.388793E-07 -0.09615629 -0.5646647 -0.06645774 0.8170013
5.1612 FirstCar -8.31732 0.025 2.97 0 90 0 0 0.7071068 0 0.7071068 13.8889 0
5.1612 SecondCar -40.51552 0.025 2.97 0 90 0 0 0.7071068 0 0.7071068 13.8889 0
5.1615 Head 0 1.6 0.78 346.575 290.7 4.388793E-07 -0.09615629 -0.5646647 -0.06645774 0.8170013
5.1615 FirstCar -8.312547 0.025 2.97 0 90 0 0 0.7071068 0 0.7071068 13.8889 0
5.1615 SecondCar -40.51075 0.025 2.97 0 90 0 0 0.7071068 0 0.7071068 13.8889 0
5.1619 Head 0 1.6 0.78 346.575 290.7 4.388793E-07 -0.09615629 -0.5646647 -0.06645774 0.8170013
5.1619 FirstCar -8.307488 0.025 2.97 0 90 0 0 0.7071068 0 0.7071068 13.8889 0
5.1619 SecondCar -40.50569 0.025 2.97 0 90 0 0 0.7071068 0 0.7071068 13.8889 0
5.1622 Head 0 1.6 0.78 346.575 290.7 4.388793E-07 -0.09615629 -0.5646647 -0.06645774 0.8170013
5.1622 FirstCar -8.302732 0.025 2.97 0 90 0 0 0.7071068 0 0.7071068 13.8889 0
5.1622 SecondCar -40.50093 0.025 2.97 0 90 0 0 0.7071068 0 0.7071068 13.8889 0
5.1626 Head 0 1.6 0.78 346.575 290.7 4.388793E-07 -0.09615629 -0.5646647 -0.06645774 0.8170013
5.1626 FirstCar -8.29755 0.025 2.97 0 90 0 0 0.7071068 0 0.7071068 13.8889 0
5.1626 SecondCar -40.49575 0.025 2.97 0 90 0 0 0.7071068 0 0.7071068 13.8889 0
5.1629 Head 0 1.6 0.78 346.575 290.7 4.388793E-07 -0.09615629 -0.5646647 -0.06645774 0.8170013
5.1629 FirstCar -8.292714 0.025 2.97 0 90 0 0 0.7071068 0 0.7071068 13.8889 0
5.1629 SecondCar -40.49091 0.025 2.97 0 90 0 0 0.7071068 0 0.7071068 13.8889 0
5.1633 Head 0 1.6 0.78 346.575 290.7 4.388793E-07 -0.09615629 -0.5646647 -0.06645774 0.8170013
5.1633 FirstCar -8.287695 0.025 2.97 0 90 0 0 0.7071068 0 0.7071068 13.8889 0
5.1633 SecondCar -40.48589 0.025 2.97 0 90 0 0 0.7071068 0 0.7071068 13.8889 0
5.1636 Head 0 1.6 0.78 346.575 290.7 4.388793E-07 -0.09615629 -0.5646647 -0.06645774 0.8170013
5.1636 FirstCar -8.283042 0.025 2.97 0 90 0 0 0.7071068 0 0.7071068 13.8889 0
5.1636 SecondCar -40.48124 0.025 2.97 0 90 0 0 0.7071068 0 0.7071068 13.8889 0
5.1640 Head 0 1.6 0.78 346.575 290.7 4.388793E-07 -0.09615629 -0.5646647 -0.06645774 0.8170013
5.1640 FirstCar -8.27716 0.025 2.97 0 90 0 0 0.7071068 0 0.7071068 13.8889 0
5.1640 SecondCar -40.47536 0.025 2.97 0 90 0 0 0.7071068 0 0.7071068 13.8889 0
5.1646 Head 0 1.6 0.78 346.575 290.7 4.388793E-07 -0.09615629 -0.5646647 -0.06645774 0.8170013
5.1646 FirstCar -8.270114 0.025 2.97 0 90 0 0 0.7071068 0 0.7071068 13.8889 0
5.1646 SecondCar -40.46831 0.025 2.97 0 90 0 0 0.7071068 0 0.7071068 13.8889 0
5.1650 Head 0 1.6 0.78 346.575 290.7 4.388793E-07 -0.09615629 -0.5646647 -0.06645774 0.8170013
5.1650 FirstCar -8.263961 0.025 2.97 0 90 0 0 0.7071068 0 0.7071068 13.8889 0
5.1650 SecondCar -40.46216 0.025 2.97 0 90 0 0 0.7071068 0 0.7071068 13.8889 0
5.1653 Head 0 1.6 0.78 346.575 290.7 4.388793E-07 -0.09615629 -0.5646647 -0.06645774 0.8170013
5.1653 FirstCar -8.259344 0.025 2.97 0 90 0 0 0.7071068 0 0.7071068 13.8889 0
5.1653 SecondCar -40.45754 0.025 2.97 0 90 0 0 0.7071068 0 0.7071068 13.8889 0
5.1657 Head 0 1.6 0.78 346.575 290.7 4.388793E-07 -0.09615629 -0.5646647 -0.06645774 0.8170013
5.1657 FirstCar -8.254399 0.025 2.97 0 90 0 0 0.7071068 0 0.7071068 13.8889 0
5.1657 SecondCar -40.4526 0.025 2.97 0 90 0 0 0.7071068 0 0.7071068 13.8889 0
5.1660 Head 0 1.6 0.78 346.575 290.7 4.388793E-07 -0.09615629 -0.5646647 -0.06645774 0.8170013
5.1660 FirstCar -8.249682 0.025 2.97 0 90 0 0 0.7071068 0 0.7071068 13.8889 0
5.1660 SecondCar -40.44788 0.025 2.97 0 90 0 0 0.7071068 0 0.7071068 13.8889 0
5.1664 Head 0 1.6 0.78 346.575 290.7 4.388793E-07 -0.09615629 -0.5646647 -0.06645774 0.8170013
5.1664 FirstCar -8.244414 0.025 2.97 0 90 0 0 0.7071068 0 0.7071068 13.8889 0
5.1664 SecondCar -40.44262 0.025 2.97 0 90 0 0 0.7071068 0 0.7071068 13.8889 0
5.1668 Head 0 1.6 0.78 346.575 290.7 4.388793E-07 -0.09615629 -0.5646647 -0.06645774 0.8170013
5.1668 FirstCar -8.238586 0.025 2.97 0 90 0 0 0.7071068 0 0.7071068 13.8889 0
5.1668 SecondCar -40.43679 0.025 2.97 0 90 0 0 0.7071068 0 0.7071068 13.8889 0
5.1672 Head 0 1.6 0.78 346.575 290.7 4.388793E-07 -0.09615629 -0.5646647 -0.06645774 0.8170013
5.1672 FirstCar -8.233654 0.025 2.97 0 90 0 0 0.7071068 0 0.7071068 13.8889 0
5.1672 SecondCar -40.43185 0.025 2.97 0 90 0 0 0.7071068 0 0.7071068 13.8889 0
5.1675 Head 0 1.6 0.78 346.575 290.7 4.388793E-07 -0.09615629 -0.5646647 -0.06645774 0.8170013
5.1675 FirstCar -8.228852 0.025 2.97 0 90 0 0 0.7071068 0 0.7071068 13.8889 0
5.1675 SecondCar -40.42705 0.025 2.97 0 90 0 0 0.7071068 0 0.7071068 13.8889 0
5.1680 Head 0 1.6 0.78 346.575 290.7 4.388793E-07 -0.09615629 -0.5646647 -0.06645774 0.8170013
5.1680 FirstCar -8.22204 0.025 2.97 0 90 0 0 0.7071068 0 0.7071068 13.8889 0
5.1680 SecondCar -40.42024 0.025 2.97 0 90 0 0 0.7071068 0 0.7071068 13.8889 0
5.1685 Head 0 1.6 0.78 346.575 290.7 4.388793E-07 -0.09615629 -0.5646647 -0.06645774 0.8170013
5.1685 FirstCar -8.214954 0.025 2.97 0 90 0 0 0.7071068 0 0.7071068 13.8889 0
5.1685 SecondCar -40.41315 0.025 2.97 0 90 0 0 0.7071068 0 0.7071068 13.8889 0
5.1691 Head 0 1.6 0.78 346.575 290.7 4.388793E-07 -0.09615629 -0.5646647 -0.06645774 0.8170013
5.1691 FirstCar -8.206412 0.025 2.97 0 90 0 0 0.7071068 0 0.7071068 13.8889 0
5.1691 SecondCar -40.40461 0.025 2.97 0 90 0 0 0.7071068 0 0.7071068 13.8889 0
5.1696 Head 0 1.6 0.78 346.575 290.7 4.388793E-07 -0.09615629 -0.5646647 -0.06645774 0.8170013
5.1696 FirstCar -8.200639 0.025 2.97 0 90 0 0 0.7071068 0 0.7071068 13.8889 0
5.1696 SecondCar -40.39883 0.025 2.97 0 90 0 0 0.7071068 0 0.7071068 13.8889 0
5.1700 Head 0 1.6 0.78 346.575 290.7 4.388793E-07 -0.09615629 -0.5646647 -0.06645774 0.8170013
5.1700 FirstCar -8.194126 0.025 2.97 0 90 0 0 0.7071068 0 0.7071068 13.8889 0
5.1700 SecondCar -40.39232 0.025 2.97 0 90 0 0 0.7071068 0 0.7071068 13.8889 0
5.1704 Head 0 1.6 0.78 346.575 290.7 4.388793E-07 -0.09615629 -0.5646647 -0.06645774 0.8170013
5.1704 FirstCar -8.188511 0.025 2.97 0 90 0 0 0.7071068 0 0.7071068 13.8889 0
5.1704 SecondCar -40.38671 0.025 2.97 0 90 0 0 0.7071068 0 0.7071068 13.8889 0
5.1708 Head 0 1.6 0.78 346.575 290.7 4.388793E-07 -0.09615629 -0.5646647 -0.06645774 0.8170013
5.1708 FirstCar -8.183063 0.025 2.97 0 90 0 0 0.7071068 0 0.7071068 13.8889 0
5.1708 SecondCar -40.38126 0.025 2.97 0 90 0 0 0.7071068 0 0.7071068 13.8889 0
5.1712 Head 0 1.6 0.78 346.575 290.7 4.388793E-07 -0.09615629 -0.5646647 -0.06645774 0.8170013
5.1712 FirstCar -8.178071 0.025 2.97 0 90 0 0 0.7071068 0 0.7071068 13.8889 0
5.1712 SecondCar -40.37627 0.025 2.97 0 90 0 0 0.7071068 0 0.7071068 13.8889 0
5.1715 Head 0 1.6 0.78 346.575 290.7 4.388793E-07 -0.09615629 -0.5646647 -0.06645774 0.8170013
5.1715 FirstCar -8.173071 0.025 2.97 0 90 0 0 0.7071068 0 0.7071068 13.8889 0
5.1715 SecondCar -40.37127 0.025 2.97 0 90 0 0 0.7071068 0 0.7071068 13.8889 0
5.1719 Head 0 1.6 0.78 346.575 290.7 4.388793E-07 -0.09615629 -0.5646647 -0.06645774 0.8170013
5.1719 FirstCar -8.16826 0.025 2.97 0 90 0 0 0.7071068 0 0.7071068 13.8889 0
5.1719 SecondCar -40.36646 0.025 2.97 0 90 0 0 0.7071068 0 0.7071068 13.8889 0
5.1722 Head 0 1.6 0.78 346.575 290.7 4.388793E-07 -0.09615629 -0.5646647 -0.06645774 0.8170013
5.1722 FirstCar -8.163555 0.025 2.97 0 90 0 0 0.7071068 0 0.7071068 13.8889 0
5.1722 SecondCar -40.36175 0.025 2.97 0 90 0 0 0.7071068 0 0.7071068 13.8889 0
5.1726 Head 0 1.6 0.78 346.575 290.7 4.388793E-07 -0.09615629 -0.5646647 -0.06645774 0.8170013
5.1726 FirstCar -8.158129 0.025 2.97 0 90 0 0 0.7071068 0 0.7071068 13.8889 0
5.1726 SecondCar -40.35633 0.025 2.97 0 90 0 0 0.7071068 0 0.7071068 13.8889 0
5.1730 Head 0 1.6 0.78 346.575 290.7 4.388793E-07 -0.09615629 -0.5646647 -0.06645774 0.8170013
5.1730 FirstCar -8.152885 0.025 2.97 0 90 0 0 0.7071068 0 0.7071068 13.8889 0
5.1730 SecondCar -40.35109 0.025 2.97 0 90 0 0 0.7071068 0 0.7071068 13.8889 0
5.1733 Head 0 1.6 0.78 346.575 290.7 4.388793E-07 -0.09615629 -0.5646647 -0.06645774 0.8170013
5.1733 FirstCar -8.147959 0.025 2.97 0 90 0 0 0.7071068 0 0.7071068 13.8889 0
5.1733 SecondCar -40.34616 0.025 2.97 0 90 0 0 0.7071068 0 0.7071068 13.8889 0
5.1737 Head 0 1.6 0.78 346.575 290.7 4.388793E-07 -0.09615629 -0.5646647 -0.06645774 0.8170013
5.1737 FirstCar -8.142974 0.025 2.97 0 90 0 0 0.7071068 0 0.7071068 13.8889 0
5.1737 SecondCar -40.34118 0.025 2.97 0 90 0 0 0.7071068 0 0.7071068 13.8889 0
5.1741 Head 0 1.6 0.78 346.575 290.7 4.388793E-07 -0.09615629 -0.5646647 -0.06645774 0.8170013
5.1741 FirstCar -8.138168 0.025 2.97 0 90 0 0 0.7071068 0 0.7071068 13.8889 0
5.1741 SecondCar -40.33637 0.025 2.97 0 90 0 0 0.7071068 0 0.7071068 13.8889 0
5.1744 Head 0 1.6 0.78 346.575 290.7 4.388793E-07 -0.09615629 -0.5646647 -0.06645774 0.8170013
5.1744 FirstCar -8.133239 0.025 2.97 0 90 0 0 0.7071068 0 0.7071068 13.8889 0
5.1744 SecondCar -40.33144 0.025 2.97 0 90 0 0 0.7071068 0 0.7071068 13.8889 0
5.1748 Head 0 1.6 0.78 346.575 290.7 4.388793E-07 -0.09615629 -0.5646647 -0.06645774 0.8170013
5.1748 FirstCar -8.128248 0.025 2.97 0 90 0 0 0.7071068 0 0.7071068 13.8889 0
5.1748 SecondCar -40.32645 0.025 2.97 0 90 0 0 0.7071068 0 0.7071068 13.8889 0
5.1751 Head 0 1.6 0.78 346.575 290.7 4.388793E-07 -0.09615629 -0.5646647 -0.06645774 0.8170013
5.1751 FirstCar -8.12336 0.025 2.97 0 90 0 0 0.7071068 0 0.7071068 13.8889 0
5.1751 SecondCar -40.32156 0.025 2.97 0 90 0 0 0.7071068 0 0.7071068 13.8889 0
5.1755 Head 0 1.6 0.78 346.575 290.7 4.388793E-07 -0.09615629 -0.5646647 -0.06645774 0.8170013
5.1755 FirstCar -8.118472 0.025 2.97 0 90 0 0 0.7071068 0 0.7071068 13.8889 0
5.1755 SecondCar -40.31667 0.025 2.97 0 90 0 0 0.7071068 0 0.7071068 13.8889 0
5.1758 Head 0 1.6 0.78 346.575 290.7 4.388793E-07 -0.09615629 -0.5646647 -0.06645774 0.8170013
5.1758 FirstCar -8.113356 0.025 2.97 0 90 0 0 0.7071068 0 0.7071068 13.8889 0
5.1758 SecondCar -40.31156 0.025 2.97 0 90 0 0 0.7071068 0 0.7071068 13.8889 0
5.1762 Head 0 1.6 0.78 346.575 290.7 4.388793E-07 -0.09615629 -0.5646647 -0.06645774 0.8170013
5.1762 FirstCar -8.108672 0.025 2.97 0 90 0 0 0.7071068 0 0.7071068 13.8889 0
5.1762 SecondCar -40.30687 0.025 2.97 0 90 0 0 0.7071068 0 0.7071068 13.8889 0
5.1765 Head 0 1.6 0.78 346.575 290.7 4.388793E-07 -0.09615629 -0.5646647 -0.06645774 0.8170013
5.1765 FirstCar -8.103837 0.025 2.97 0 90 0 0 0.7071068 0 0.7071068 13.8889 0
5.1765 SecondCar -40.30204 0.025 2.97 0 90 0 0 0.7071068 0 0.7071068 13.8889 0
5.1769 Head 0 1.6 0.78 346.575 290.7 4.388793E-07 -0.09615629 -0.5646647 -0.06645774 0.8170013
5.1769 FirstCar -8.099201 0.025 2.97 0 90 0 0 0.7071068 0 0.7071068 13.8889 0
5.1769 SecondCar -40.29741 0.025 2.97 0 90 0 0 0.7071068 0 0.7071068 13.8889 0
5.1772 Head 0 1.6 0.78 346.575 290.7 4.388793E-07 -0.09615629 -0.5646647 -0.06645774 0.8170013
5.1772 FirstCar -8.094106 0.025 2.97 0 90 0 0 0.7071068 0 0.7071068 13.8889 0
5.1772 SecondCar -40.29231 0.025 2.97 0 90 0 0 0.7071068 0 0.7071068 13.8889 0
5.1776 Head 0 1.6 0.78 346.575 290.7 4.388793E-07 -0.09615629 -0.5646647 -0.06645774 0.8170013
5.1776 FirstCar -8.089279 0.025 2.97 0 90 0 0 0.7071068 0 0.7071068 13.8889 0
5.1776 SecondCar -40.28748 0.025 2.97 0 90 0 0 0.7071068 0 0.7071068 13.8889 0
5.1779 Head 0 1.6 0.78 346.575 290.7 4.388793E-07 -0.09615629 -0.5646647 -0.06645774 0.8170013
5.1779 FirstCar -8.084654 0.025 2.97 0 90 0 0 0.7071068 0 0.7071068 13.8889 0
5.1779 SecondCar -40.28286 0.025 2.97 0 90 0 0 0.7071068 0 0.7071068 13.8889 0
5.1783 Head 0 1.6 0.78 346.575 290.7 4.388793E-07 -0.09615629 -0.5646647 -0.06645774 0.8170013
5.1783 FirstCar -8.079735 0.025 2.97 0 90 0 0 0.7071068 0 0.7071068 13.8889 0
5.1783 SecondCar -40.27794 0.025 2.97 0 90 0 0 0.7071068 0 0.7071068 13.8889 0
5.1786 Head 0 1.6 0.78 346.575 290.7 4.388793E-07 -0.09615629 -0.5646647 -0.06645774 0.8170013
5.1786 FirstCar -8.074686 0.025 2.97 0 90 0 0 0.7071068 0 0.7071068 13.8889 0
5.1786 SecondCar -40.27289 0.025 2.97 0 90 0 0 0.7071068 0 0.7071068 13.8889 0
5.1790 Head 0 1.6 0.78 346.575 290.7 4.388793E-07 -0.09615629 -0.5646647 -0.06645774 0.8170013
5.1790 FirstCar -8.069883 0.025 2.97 0 90 0 0 0.7071068 0 0.7071068 13.8889 0
5.1790 SecondCar -40.26809 0.025 2.97 0 90 0 0 0.7071068 0 0.7071068 13.8889 0
5.1793 Head 0 1.6 0.78 346.575 290.7 4.388793E-07 -0.09615629 -0.5646647 -0.06645774 0.8170013
5.1793 FirstCar -8.065312 0.025 2.97 0 90 0 0 0.7071068 0 0.7071068 13.8889 0
5.1793 SecondCar -40.26352 0.025 2.97 0 90 0 0 0.7071068 0 0.7071068 13.8889 0
5.1796 Head 0 1.6 0.78 346.575 290.7 4.388793E-07 -0.09615629 -0.5646647 -0.06645774 0.8170013
5.1796 FirstCar -8.060682 0.025 2.97 0 90 0 0 0.7071068 0 0.7071068 13.8889 0
5.1796 SecondCar -40.25889 0.025 2.97 0 90 0 0 0.7071068 0 0.7071068 13.8889 0
5.1800 Head 0 1.6 0.78 346.575 290.7 4.388793E-07 -0.09615629 -0.5646647 -0.06645774 0.8170013
5.1800 FirstCar -8.056132 0.025 2.97 0 90 0 0 0.7071068 0 0.7071068 13.8889 0
5.1800 SecondCar -40.25434 0.025 2.97 0 90 0 0 0.7071068 0 0.7071068 13.8889 0
5.1803 Head 0 1.6 0.78 346.575 290.7 4.388793E-07 -0.09615629 -0.5646647 -0.06645774 0.8170013
5.1803 FirstCar -8.051589 0.025 2.97 0 90 0 0 0.7071068 0 0.7071068 13.8889 0
5.1803 SecondCar -40.24979 0.025 2.97 0 90 0 0 0.7071068 0 0.7071068 13.8889 0
5.1806 Head 0 1.6 0.78 346.575 290.7 4.388793E-07 -0.09615629 -0.5646647 -0.06645774 0.8170013
5.1806 FirstCar -8.04664 0.025 2.97 0 90 0 0 0.7071068 0 0.7071068 13.8889 0
5.1806 SecondCar -40.24485 0.025 2.97 0 90 0 0 0.7071068 0 0.7071068 13.8889 0
5.1810 Head 0 1.6 0.78 346.575 290.7 4.388793E-07 -0.09615629 -0.5646647 -0.06645774 0.8170013
5.1810 FirstCar -8.041354 0.025 2.97 0 90 0 0 0.7071068 0 0.7071068 13.8889 0
5.1810 SecondCar -40.23956 0.025 2.97 0 90 0 0 0.7071068 0 0.7071068 13.8889 0
5.1814 Head 0 1.6 0.78 346.575 290.7 4.388793E-07 -0.09615629 -0.5646647 -0.06645774 0.8170013
5.1814 FirstCar -8.036228 0.025 2.97 0 90 0 0 0.7071068 0 0.7071068 13.8889 0
5.1814 SecondCar -40.23443 0.025 2.97 0 90 0 0 0.7071068 0 0.7071068 13.8889 0
5.1818 Head 0 1.6 0.78 346.575 290.7 4.388793E-07 -0.09615629 -0.5646647 -0.06645774 0.8170013
5.1818 FirstCar -8.030863 0.025 2.97 0 90 0 0 0.7071068 0 0.7071068 13.8889 0
5.1818 SecondCar -40.22907 0.025 2.97 0 90 0 0 0.7071068 0 0.7071068 13.8889 0
5.1821 Head 0 1.6 0.78 346.575 290.7 4.388793E-07 -0.09615629 -0.5646647 -0.06645774 0.8170013
5.1821 FirstCar -8.025927 0.025 2.97 0 90 0 0 0.7071068 0 0.7071068 13.8889 0
5.1821 SecondCar -40.22413 0.025 2.97 0 90 0 0 0.7071068 0 0.7071068 13.8889 0
5.1825 Head 0 1.6 0.78 346.575 290.7 4.388793E-07 -0.09615629 -0.5646647 -0.06645774 0.8170013
5.1825 FirstCar -8.02057 0.025 2.97 0 90 0 0 0.7071068 0 0.7071068 13.8889 0
5.1825 SecondCar -40.21878 0.025 2.97 0 90 0 0 0.7071068 0 0.7071068 13.8889 0
5.1829 Head 0 1.6 0.78 346.575 290.7 4.388793E-07 -0.09615629 -0.5646647 -0.06645774 0.8170013
5.1829 FirstCar -8.015949 0.025 2.97 0 90 0 0 0.7071068 0 0.7071068 13.8889 0
5.1829 SecondCar -40.21416 0.025 2.97 0 90 0 0 0.7071068 0 0.7071068 13.8889 0
5.1832 Head 0 1.6 0.78 346.575 290.7 4.388793E-07 -0.09615629 -0.5646647 -0.06645774 0.8170013
5.1832 FirstCar -8.011378 0.025 2.97 0 90 0 0 0.7071068 0 0.7071068 13.8889 0
5.1832 SecondCar -40.20959 0.025 2.97 0 90 0 0 0.7071068 0 0.7071068 13.8889 0
5.1835 Head 0 1.6 0.78 346.575 290.7 4.388793E-07 -0.09615629 -0.5646647 -0.06645774 0.8170013
5.1835 FirstCar -8.006666 0.025 2.97 0 90 0 0 0.7071068 0 0.7071068 13.8889 0
5.1835 SecondCar -40.20488 0.025 2.97 0 90 0 0 0.7071068 0 0.7071068 13.8889 0
5.1840 Head 0 1.6 0.78 346.575 290.7 4.388793E-07 -0.09615629 -0.5646647 -0.06645774 0.8170013
5.1840 FirstCar -8.000619 0.025 2.97 0 90 0 0 0.7071068 0 0.7071068 13.8889 0
5.1840 SecondCar -40.19883 0.025 2.97 0 90 0 0 0.7071068 0 0.7071068 13.8889 0
5.1843 Head 0 1.6 0.78 346.575 290.7 4.388793E-07 -0.09615629 -0.5646647 -0.06645774 0.8170013
5.1843 FirstCar -7.995538 0.025 2.97 0 90 0 0 0.7071068 0 0.7071068 13.8889 0
5.1843 SecondCar -40.19375 0.025 2.97 0 90 0 0 0.7071068 0 0.7071068 13.8889 0
5.1847 Head 0 1.6 0.78 346.575 290.7 4.388793E-07 -0.09615629 -0.5646647 -0.06645774 0.8170013
5.1847 FirstCar -7.990895 0.025 2.97 0 90 0 0 0.7071068 0 0.7071068 13.8889 0
5.1847 SecondCar -40.18911 0.025 2.97 0 90 0 0 0.7071068 0 0.7071068 13.8889 0
5.1850 Head 0 1.6 0.78 346.575 290.7 4.388793E-07 -0.09615629 -0.5646647 -0.06645774 0.8170013
5.1850 FirstCar -7.985936 0.025 2.97 0 90 0 0 0.7071068 0 0.7071068 13.8889 0
5.1850 SecondCar -40.18415 0.025 2.97 0 90 0 0 0.7071068 0 0.7071068 13.8889 0
5.1854 Head 0 1.6 0.78 346.575 290.7 4.388793E-07 -0.09615629 -0.5646647 -0.06645774 0.8170013
5.1854 FirstCar -7.980697 0.025 2.97 0 90 0 0 0.7071068 0 0.7071068 13.8889 0
5.1854 SecondCar -40.17891 0.025 2.97 0 90 0 0 0.7071068 0 0.7071068 13.8889 0
5.1857 Head 0 1.6 0.78 346.575 290.7 4.388793E-07 -0.09615629 -0.5646647 -0.06645774 0.8170013
5.1857 FirstCar -7.975832 0.025 2.97 0 90 0 0 0.7071068 0 0.7071068 13.8889 0
5.1857 SecondCar -40.17405 0.025 2.97 0 90 0 0 0.7071068 0 0.7071068 13.8889 0
5.1861 Head 0 1.6 0.78 346.575 290.7 4.388793E-07 -0.09615629 -0.5646647 -0.06645774 0.8170013
5.1861 FirstCar -7.970393 0.025 2.97 0 90 0 0 0.7071068 0 0.7071068 13.8889 0
5.1861 SecondCar -40.16861 0.025 2.97 0 90 0 0 0.7071068 0 0.7071068 13.8889 0
5.1865 Head 0 1.6 0.78 346.575 290.7 4.388793E-07 -0.09615629 -0.5646647 -0.06645774 0.8170013
5.1865 FirstCar -7.965751 0.025 2.97 0 90 0 0 0.7071068 0 0.7071068 13.8889 0
5.1865 SecondCar -40.16396 0.025 2.97 0 90 0 0 0.7071068 0 0.7071068 13.8889 0
5.1868 Head 0 1.6 0.78 346.575 290.7 4.388793E-07 -0.09615629 -0.5646647 -0.06645774 0.8170013
5.1868 FirstCar -7.961132 0.025 2.97 0 90 0 0 0.7071068 0 0.7071068 13.8889 0
5.1868 SecondCar -40.15934 0.025 2.97 0 90 0 0 0.7071068 0 0.7071068 13.8889 0
5.1871 Head 0 1.6 0.78 346.575 290.7 4.388793E-07 -0.09615629 -0.5646647 -0.06645774 0.8170013
5.1871 FirstCar -7.95653 0.025 2.97 0 90 0 0 0.7071068 0 0.7071068 13.8889 0
5.1871 SecondCar -40.15474 0.025 2.97 0 90 0 0 0.7071068 0 0.7071068 13.8889 0
5.1878 Head 0 1.6 0.78 346.575 290.7 4.388793E-07 -0.09615629 -0.5646647 -0.06645774 0.8170013
5.1878 FirstCar -7.946736 0.025 2.97 0 90 0 0 0.7071068 0 0.7071068 13.8889 0
5.1878 SecondCar -40.14495 0.025 2.97 0 90 0 0 0.7071068 0 0.7071068 13.8889 0
5.1883 Head 0 1.6 0.78 346.575 290.7 4.388793E-07 -0.09615629 -0.5646647 -0.06645774 0.8170013
5.1883 FirstCar -7.940153 0.025 2.97 0 90 0 0 0.7071068 0 0.7071068 13.8889 0
5.1883 SecondCar -40.13836 0.025 2.97 0 90 0 0 0.7071068 0 0.7071068 13.8889 0
5.1890 Head 0 1.6 0.78 346.575 290.7 4.388793E-07 -0.09615629 -0.5646647 -0.06645774 0.8170013
5.1890 FirstCar -7.931108 0.025 2.97 0 90 0 0 0.7071068 0 0.7071068 13.8889 0
5.1890 SecondCar -40.12932 0.025 2.97 0 90 0 0 0.7071068 0 0.7071068 13.8889 0
5.1894 Head 0 1.6 0.78 346.575 290.7 4.388793E-07 -0.09615629 -0.5646647 -0.06645774 0.8170013
5.1894 FirstCar -7.925382 0.025 2.97 0 90 0 0 0.7071068 0 0.7071068 13.8889 0
5.1894 SecondCar -40.12359 0.025 2.97 0 90 0 0 0.7071068 0 0.7071068 13.8889 0
5.1897 Head 0 1.6 0.78 346.575 290.7 4.388793E-07 -0.09615629 -0.5646647 -0.06645774 0.8170013
5.1897 FirstCar -7.920176 0.025 2.97 0 90 0 0 0.7071068 0 0.7071068 13.8889 0
5.1897 SecondCar -40.11839 0.025 2.97 0 90 0 0 0.7071068 0 0.7071068 13.8889 0
5.1901 Head 0 1.6 0.78 346.575 290.7 4.388793E-07 -0.09615629 -0.5646647 -0.06645774 0.8170013
5.1901 FirstCar -7.914938 0.025 2.97 0 90 0 0 0.7071068 0 0.7071068 13.8889 0
5.1901 SecondCar -40.11315 0.025 2.97 0 90 0 0 0.7071068 0 0.7071068 13.8889 0
5.1905 Head 0 1.6 0.78 346.575 290.7 4.388793E-07 -0.09615629 -0.5646647 -0.06645774 0.8170013
5.1905 FirstCar -7.909252 0.025 2.97 0 90 0 0 0.7071068 0 0.7071068 13.8889 0
5.1905 SecondCar -40.10746 0.025 2.97 0 90 0 0 0.7071068 0 0.7071068 13.8889 0
5.1909 Head 0 1.6 0.78 346.575 290.7 4.388793E-07 -0.09615629 -0.5646647 -0.06645774 0.8170013
5.1909 FirstCar -7.903847 0.025 2.97 0 90 0 0 0.7071068 0 0.7071068 13.8889 0
5.1909 SecondCar -40.10205 0.025 2.97 0 90 0 0 0.7071068 0 0.7071068 13.8889 0
5.1913 Head 0 1.6 0.78 346.575 290.7 4.388793E-07 -0.09615629 -0.5646647 -0.06645774 0.8170013
5.1913 FirstCar -7.898016 0.025 2.97 0 90 0 0 0.7071068 0 0.7071068 13.8889 0
5.1913 SecondCar -40.09623 0.025 2.97 0 90 0 0 0.7071068 0 0.7071068 13.8889 0
5.1917 Head 0 1.6 0.78 346.575 290.7 4.388793E-07 -0.09615629 -0.5646647 -0.06645774 0.8170013
5.1917 FirstCar -7.892545 0.025 2.97 0 90 0 0 0.7071068 0 0.7071068 13.8889 0
5.1917 SecondCar -40.09076 0.025 2.97 0 90 0 0 0.7071068 0 0.7071068 13.8889 0
5.1921 Head 0 1.6 0.78 346.575 290.7 4.388793E-07 -0.09615629 -0.5646647 -0.06645774 0.8170013
5.1921 FirstCar -7.887383 0.025 2.97 0 90 0 0 0.7071068 0 0.7071068 13.8889 0
5.1921 SecondCar -40.08559 0.025 2.97 0 90 0 0 0.7071068 0 0.7071068 13.8889 0
5.1925 Head 0 1.6 0.78 346.575 290.7 4.388793E-07 -0.09615629 -0.5646647 -0.06645774 0.8170013
5.1925 FirstCar -7.882594 0.025 2.97 0 90 0 0 0.7071068 0 0.7071068 13.8889 0
5.1925 SecondCar -40.08081 0.025 2.97 0 90 0 0 0.7071068 0 0.7071068 13.8889 0
5.1928 Head 0 1.6 0.78 346.575 290.7 4.388793E-07 -0.09615629 -0.5646647 -0.06645774 0.8170013
5.1928 FirstCar -7.877884 0.025 2.97 0 90 0 0 0.7071068 0 0.7071068 13.8889 0
5.1928 SecondCar -40.0761 0.025 2.97 0 90 0 0 0.7071068 0 0.7071068 13.8889 0
5.1931 Head 0 1.6 0.78 346.575 290.7 4.388793E-07 -0.09615629 -0.5646647 -0.06645774 0.8170013
5.1931 FirstCar -7.873145 0.025 2.97 0 90 0 0 0.7071068 0 0.7071068 13.8889 0
5.1931 SecondCar -40.07136 0.025 2.97 0 90 0 0 0.7071068 0 0.7071068 13.8889 0
5.1935 Head 0 1.6 0.78 346.575 290.7 4.388793E-07 -0.09615629 -0.5646647 -0.06645774 0.8170013
5.1935 FirstCar -7.868541 0.025 2.97 0 90 0 0 0.7071068 0 0.7071068 13.8889 0
5.1935 SecondCar -40.06675 0.025 2.97 0 90 0 0 0.7071068 0 0.7071068 13.8889 0
5.1938 Head 0 1.6 0.78 346.575 290.7 4.388793E-07 -0.09615629 -0.5646647 -0.06645774 0.8170013
5.1938 FirstCar -7.863904 0.025 2.97 0 90 0 0 0.7071068 0 0.7071068 13.8889 0
5.1938 SecondCar -40.06212 0.025 2.97 0 90 0 0 0.7071068 0 0.7071068 13.8889 0
5.1941 Head 0 1.6 0.78 346.575 290.7 4.388793E-07 -0.09615629 -0.5646647 -0.06645774 0.8170013
5.1941 FirstCar -7.859214 0.025 2.97 0 90 0 0 0.7071068 0 0.7071068 13.8889 0
5.1941 SecondCar -40.05743 0.025 2.97 0 90 0 0 0.7071068 0 0.7071068 13.8889 0
5.1945 Head 0 1.6 0.78 346.575 290.7 4.388793E-07 -0.09615629 -0.5646647 -0.06645774 0.8170013
5.1945 FirstCar -7.854529 0.025 2.97 0 90 0 0 0.7071068 0 0.7071068 13.8889 0
5.1945 SecondCar -40.05274 0.025 2.97 0 90 0 0 0.7071068 0 0.7071068 13.8889 0
5.1948 Head 0 1.6 0.78 346.575 290.7 4.388793E-07 -0.09615629 -0.5646647 -0.06645774 0.8170013
5.1948 FirstCar -7.849398 0.025 2.97 0 90 0 0 0.7071068 0 0.7071068 13.8889 0
5.1948 SecondCar -40.04761 0.025 2.97 0 90 0 0 0.7071068 0 0.7071068 13.8889 0
5.1952 Head 0 1.6 0.78 346.575 290.7 4.388793E-07 -0.09615629 -0.5646647 -0.06645774 0.8170013
5.1952 FirstCar -7.844463 0.025 2.97 0 90 0 0 0.7071068 0 0.7071068 13.8889 0
5.1952 SecondCar -40.04268 0.025 2.97 0 90 0 0 0.7071068 0 0.7071068 13.8889 0
5.1959 Head 0 1.6 0.78 346.575 290.7 4.388793E-07 -0.09615629 -0.5646647 -0.06645774 0.8170013
5.1959 FirstCar -7.835267 0.025 2.97 0 90 0 0 0.7071068 0 0.7071068 13.8889 0
5.1959 SecondCar -40.03348 0.025 2.97 0 90 0 0 0.7071068 0 0.7071068 13.8889 0
5.1963 Head 0 1.6 0.78 346.575 290.7 4.388793E-07 -0.09615629 -0.5646647 -0.06645774 0.8170013
5.1963 FirstCar -7.828709 0.025 2.97 0 90 0 0 0.7071068 0 0.7071068 13.8889 0
5.1963 SecondCar -40.02692 0.025 2.97 0 90 0 0 0.7071068 0 0.7071068 13.8889 0
5.1967 Head 0 1.6 0.78 346.575 290.7 4.388793E-07 -0.09615629 -0.5646647 -0.06645774 0.8170013
5.1967 FirstCar -7.823549 0.025 2.97 0 90 0 0 0.7071068 0 0.7071068 13.8889 0
5.1967 SecondCar -40.02176 0.025 2.97 0 90 0 0 0.7071068 0 0.7071068 13.8889 0
5.1971 Head 0 1.6 0.78 346.575 290.7 4.388793E-07 -0.09615629 -0.5646647 -0.06645774 0.8170013
5.1971 FirstCar -7.818071 0.025 2.97 0 90 0 0 0.7071068 0 0.7071068 13.8889 0
5.1971 SecondCar -40.01628 0.025 2.97 0 90 0 0 0.7071068 0 0.7071068 13.8889 0
5.1975 Head 0 1.6 0.78 346.575 290.7 4.388793E-07 -0.09615629 -0.5646647 -0.06645774 0.8170013
5.1975 FirstCar -7.81318 0.025 2.97 0 90 0 0 0.7071068 0 0.7071068 13.8889 0
5.1975 SecondCar -40.01139 0.025 2.97 0 90 0 0 0.7071068 0 0.7071068 13.8889 0
5.1978 Head 0 1.6 0.78 346.575 290.7 4.388793E-07 -0.09615629 -0.5646647 -0.06645774 0.8170013
5.1978 FirstCar -7.808525 0.025 2.97 0 90 0 0 0.7071068 0 0.7071068 13.8889 0
5.1978 SecondCar -40.00674 0.025 2.97 0 90 0 0 0.7071068 0 0.7071068 13.8889 0
5.1981 Head 0 1.6 0.78 346.575 290.7 4.388793E-07 -0.09615629 -0.5646647 -0.06645774 0.8170013
5.1981 FirstCar -7.803496 0.025 2.97 0 90 0 0 0.7071068 0 0.7071068 13.8889 0
5.1981 SecondCar -40.00171 0.025 2.97 0 90 0 0 0.7071068 0 0.7071068 13.8889 0
5.1985 Head 0 1.6 0.78 346.575 290.7 4.388793E-07 -0.09615629 -0.5646647 -0.06645774 0.8170013
5.1985 FirstCar -7.798508 0.025 2.97 0 90 0 0 0.7071068 0 0.7071068 13.8889 0
5.1985 SecondCar -39.99672 0.025 2.97 0 90 0 0 0.7071068 0 0.7071068 13.8889 0
5.1989 Head 0 1.6 0.78 346.575 290.7 4.388793E-07 -0.09615629 -0.5646647 -0.06645774 0.8170013
5.1989 FirstCar -7.793599 0.025 2.97 0 90 0 0 0.7071068 0 0.7071068 13.8889 0
5.1989 SecondCar -39.99181 0.025 2.97 0 90 0 0 0.7071068 0 0.7071068 13.8889 0
5.1992 Head 0 1.6 0.78 346.575 290.7 4.388793E-07 -0.09615629 -0.5646647 -0.06645774 0.8170013
5.1992 FirstCar -7.788865 0.025 2.97 0 90 0 0 0.7071068 0 0.7071068 13.8889 0
5.1992 SecondCar -39.98708 0.025 2.97 0 90 0 0 0.7071068 0 0.7071068 13.8889 0
5.1995 Head 0 1.6 0.78 346.575 290.7 4.388793E-07 -0.09615629 -0.5646647 -0.06645774 0.8170013
5.1995 FirstCar -7.784129 0.025 2.97 0 90 0 0 0.7071068 0 0.7071068 13.8889 0
5.1995 SecondCar -39.98234 0.025 2.97 0 90 0 0 0.7071068 0 0.7071068 13.8889 0
5.1999 Head 0 1.6 0.78 346.575 290.7 4.388793E-07 -0.09615629 -0.5646647 -0.06645774 0.8170013
5.1999 FirstCar -7.779324 0.025 2.97 0 90 0 0 0.7071068 0 0.7071068 13.8889 0
5.1999 SecondCar -39.97754 0.025 2.97 0 90 0 0 0.7071068 0 0.7071068 13.8889 0
5.2002 Head 0 1.6 0.78 346.575 290.7 4.388793E-07 -0.09615629 -0.5646647 -0.06645774 0.8170013
5.2002 FirstCar -7.774433 0.025 2.97 0 90 0 0 0.7071068 0 0.7071068 13.8889 0
5.2002 SecondCar -39.97264 0.025 2.97 0 90 0 0 0.7071068 0 0.7071068 13.8889 0
5.2006 Head 0 1.6 0.78 346.575 290.7 4.388793E-07 -0.09615629 -0.5646647 -0.06645774 0.8170013
5.2006 FirstCar -7.769787 0.025 2.97 0 90 0 0 0.7071068 0 0.7071068 13.8889 0
5.2006 SecondCar -39.968 0.025 2.97 0 90 0 0 0.7071068 0 0.7071068 13.8889 0
5.2009 Head 0 1.6 0.78 346.575 290.7 4.388793E-07 -0.09615629 -0.5646647 -0.06645774 0.8170013
5.2009 FirstCar -7.764782 0.025 2.97 0 90 0 0 0.7071068 0 0.7071068 13.8889 0
5.2009 SecondCar -39.96299 0.025 2.97 0 90 0 0 0.7071068 0 0.7071068 13.8889 0
5.2013 Head 0 1.6 0.78 346.575 290.7 4.388793E-07 -0.09615629 -0.5646647 -0.06645774 0.8170013
5.2013 FirstCar -7.759807 0.025 2.97 0 90 0 0 0.7071068 0 0.7071068 13.8889 0
5.2013 SecondCar -39.95802 0.025 2.97 0 90 0 0 0.7071068 0 0.7071068 13.8889 0
5.2017 Head 0 1.6 0.78 346.575 290.7 4.388793E-07 -0.09615629 -0.5646647 -0.06645774 0.8170013
5.2017 FirstCar -7.754507 0.025 2.97 0 90 0 0 0.7071068 0 0.7071068 13.8889 0
5.2017 SecondCar -39.95272 0.025 2.97 0 90 0 0 0.7071068 0 0.7071068 13.8889 0
5.2020 Head 0 1.6 0.78 346.575 290.7 4.388793E-07 -0.09615629 -0.5646647 -0.06645774 0.8170013
5.2020 FirstCar -7.749744 0.025 2.97 0 90 0 0 0.7071068 0 0.7071068 13.8889 0
5.2020 SecondCar -39.94796 0.025 2.97 0 90 0 0 0.7071068 0 0.7071068 13.8889 0
5.2024 Head 0 1.6 0.78 346.575 290.7 4.388793E-07 -0.09615629 -0.5646647 -0.06645774 0.8170013
5.2024 FirstCar -7.74474 0.025 2.97 0 90 0 0 0.7071068 0 0.7071068 13.8889 0
5.2024 SecondCar -39.94296 0.025 2.97 0 90 0 0 0.7071068 0 0.7071068 13.8889 0
5.2027 Head 0 1.6 0.78 346.575 290.7 4.388793E-07 -0.09615629 -0.5646647 -0.06645774 0.8170013
5.2027 FirstCar -7.739983 0.025 2.97 0 90 0 0 0.7071068 0 0.7071068 13.8889 0
5.2027 SecondCar -39.9382 0.025 2.97 0 90 0 0 0.7071068 0 0.7071068 13.8889 0
5.2031 Head 0 1.6 0.78 346.575 290.7 4.388793E-07 -0.09615629 -0.5646647 -0.06645774 0.8170013
5.2031 FirstCar -7.735129 0.025 2.97 0 90 0 0 0.7071068 0 0.7071068 13.8889 0
5.2031 SecondCar -39.93335 0.025 2.97 0 90 0 0 0.7071068 0 0.7071068 13.8889 0
5.2035 Head 0 1.6 0.78 346.575 290.7 4.388793E-07 -0.09615629 -0.5646647 -0.06645774 0.8170013
5.2035 FirstCar -7.729106 0.025 2.97 0 90 0 0 0.7071068 0 0.7071068 13.8889 0
5.2035 SecondCar -39.92732 0.025 2.97 0 90 0 0 0.7071068 0 0.7071068 13.8889 0
5.2042 Head 0 1.6 0.78 346.575 290.7 4.388793E-07 -0.09615629 -0.5646647 -0.06645774 0.8170013
5.2042 FirstCar -7.719057 0.025 2.97 0 90 0 0 0.7071068 0 0.7071068 13.8889 0
5.2042 SecondCar -39.91727 0.025 2.97 0 90 0 0 0.7071068 0 0.7071068 13.8889 0
5.2046 Head 0 1.6 0.78 346.575 290.7 4.388793E-07 -0.09615629 -0.5646647 -0.06645774 0.8170013
5.2046 FirstCar -7.713433 0.025 2.97 0 90 0 0 0.7071068 0 0.7071068 13.8889 0
5.2046 SecondCar -39.91165 0.025 2.97 0 90 0 0 0.7071068 0 0.7071068 13.8889 0
5.2050 Head 0 1.6 0.78 346.575 290.7 4.388793E-07 -0.09615629 -0.5646647 -0.06645774 0.8170013
5.2050 FirstCar -7.708322 0.025 2.97 0 90 0 0 0.7071068 0 0.7071068 13.8889 0
5.2050 SecondCar -39.90654 0.025 2.97 0 90 0 0 0.7071068 0 0.7071068 13.8889 0
5.2054 Head 0 1.6 0.78 346.575 290.7 4.388793E-07 -0.09615629 -0.5646647 -0.06645774 0.8170013
5.2054 FirstCar -7.702847 0.025 2.97 0 90 0 0 0.7071068 0 0.7071068 13.8889 0
5.2054 SecondCar -39.90106 0.025 2.97 0 90 0 0 0.7071068 0 0.7071068 13.8889 0
5.2058 Head 0 1.6 0.78 346.575 290.7 4.388793E-07 -0.09615629 -0.5646647 -0.06645774 0.8170013
5.2058 FirstCar -7.697838 0.025 2.97 0 90 0 0 0.7071068 0 0.7071068 13.8889 0
5.2058 SecondCar -39.89605 0.025 2.97 0 90 0 0 0.7071068 0 0.7071068 13.8889 0
5.2061 Head 0 1.6 0.78 346.575 290.7 4.388793E-07 -0.09615629 -0.5646647 -0.06645774 0.8170013
5.2061 FirstCar -7.692912 0.025 2.97 0 90 0 0 0.7071068 0 0.7071068 13.8889 0
5.2061 SecondCar -39.89113 0.025 2.97 0 90 0 0 0.7071068 0 0.7071068 13.8889 0
5.2065 Head 0 1.6 0.78 346.575 290.7 4.388793E-07 -0.09615629 -0.5646647 -0.06645774 0.8170013
5.2065 FirstCar -7.687851 0.025 2.97 0 90 0 0 0.7071068 0 0.7071068 13.8889 0
5.2065 SecondCar -39.88607 0.025 2.97 0 90 0 0 0.7071068 0 0.7071068 13.8889 0
5.2068 Head 0 1.6 0.78 346.575 290.7 4.388793E-07 -0.09615629 -0.5646647 -0.06645774 0.8170013
5.2068 FirstCar -7.682962 0.025 2.97 0 90 0 0 0.7071068 0 0.7071068 13.8889 0
5.2068 SecondCar -39.88118 0.025 2.97 0 90 0 0 0.7071068 0 0.7071068 13.8889 0
5.2072 Head 0 1.6 0.78 346.575 290.7 4.388793E-07 -0.09615629 -0.5646647 -0.06645774 0.8170013
5.2072 FirstCar -7.677508 0.025 2.97 0 90 0 0 0.7071068 0 0.7071068 13.8889 0
5.2072 SecondCar -39.87572 0.025 2.97 0 90 0 0 0.7071068 0 0.7071068 13.8889 0
5.2076 Head 0 1.6 0.78 346.575 290.7 4.388793E-07 -0.09615629 -0.5646647 -0.06645774 0.8170013
5.2076 FirstCar -7.672112 0.025 2.97 0 90 0 0 0.7071068 0 0.7071068 13.8889 0
5.2076 SecondCar -39.87033 0.025 2.97 0 90 0 0 0.7071068 0 0.7071068 13.8889 0
5.2080 Head 0 1.6 0.78 346.575 290.7 4.388793E-07 -0.09615629 -0.5646647 -0.06645774 0.8170013
5.2080 FirstCar -7.666819 0.025 2.97 0 90 0 0 0.7071068 0 0.7071068 13.8889 0
5.2080 SecondCar -39.86503 0.025 2.97 0 90 0 0 0.7071068 0 0.7071068 13.8889 0
5.2084 Head 0 1.6 0.78 346.575 290.7 4.388793E-07 -0.09615629 -0.5646647 -0.06645774 0.8170013
5.2084 FirstCar -7.661711 0.025 2.97 0 90 0 0 0.7071068 0 0.7071068 13.8889 0
5.2084 SecondCar -39.85992 0.025 2.97 0 90 0 0 0.7071068 0 0.7071068 13.8889 0
5.2090 Head 0 1.6 0.78 346.575 290.7 4.388793E-07 -0.09615629 -0.5646647 -0.06645774 0.8170013
5.2090 FirstCar -7.653171 0.025 2.97 0 90 0 0 0.7071068 0 0.7071068 13.8889 0
5.2090 SecondCar -39.85138 0.025 2.97 0 90 0 0 0.7071068 0 0.7071068 13.8889 0
5.2094 Head 0 1.6 0.78 346.575 290.7 4.388793E-07 -0.09615629 -0.5646647 -0.06645774 0.8170013
5.2094 FirstCar -7.647912 0.025 2.97 0 90 0 0 0.7071068 0 0.7071068 13.8889 0
5.2094 SecondCar -39.84613 0.025 2.97 0 90 0 0 0.7071068 0 0.7071068 13.8889 0
5.2097 Head 0 1.6 0.78 346.575 290.7 4.388793E-07 -0.09615629 -0.5646647 -0.06645774 0.8170013
5.2097 FirstCar -7.642426 0.025 2.97 0 90 0 0 0.7071068 0 0.7071068 13.8889 0
5.2097 SecondCar -39.84064 0.025 2.97 0 90 0 0 0.7071068 0 0.7071068 13.8889 0
5.2101 Head 0 1.6 0.78 346.575 290.7 4.388793E-07 -0.09615629 -0.5646647 -0.06645774 0.8170013
5.2101 FirstCar -7.637337 0.025 2.97 0 90 0 0 0.7071068 0 0.7071068 13.8889 0
5.2101 SecondCar -39.83555 0.025 2.97 0 90 0 0 0.7071068 0 0.7071068 13.8889 0
5.2105 Head 0 1.6 0.78 346.575 290.7 4.388793E-07 -0.09615629 -0.5646647 -0.06645774 0.8170013
5.2105 FirstCar -7.632286 0.025 2.97 0 90 0 0 0.7071068 0 0.7071068 13.8889 0
5.2105 SecondCar -39.8305 0.025 2.97 0 90 0 0 0.7071068 0 0.7071068 13.8889 0
5.2108 Head 0 1.6 0.78 346.575 290.7 4.388793E-07 -0.09615629 -0.5646647 -0.06645774 0.8170013
5.2108 FirstCar -7.627305 0.025 2.97 0 90 0 0 0.7071068 0 0.7071068 13.8889 0
5.2108 SecondCar -39.82552 0.025 2.97 0 90 0 0 0.7071068 0 0.7071068 13.8889 0
5.2112 Head 0 1.6 0.78 346.575 290.7 4.388793E-07 -0.09615629 -0.5646647 -0.06645774 0.8170013
5.2112 FirstCar -7.622659 0.025 2.97 0 90 0 0 0.7071068 0 0.7071068 13.8889 0
5.2112 SecondCar -39.82087 0.025 2.97 0 90 0 0 0.7071068 0 0.7071068 13.8889 0
5.2119 Head 0 1.6 0.78 346.575 290.7 4.388793E-07 -0.09615629 -0.5646647 -0.06645774 0.8170013
5.2119 FirstCar -7.612958 0.025 2.97 0 90 0 0 0.7071068 0 0.7071068 13.8889 0
5.2119 SecondCar -39.81117 0.025 2.97 0 90 0 0 0.7071068 0 0.7071068 13.8889 0
5.2123 Head 0 1.6 0.78 346.575 290.7 4.388793E-07 -0.09615629 -0.5646647 -0.06645774 0.8170013
5.2123 FirstCar -7.60749 0.025 2.97 0 90 0 0 0.7071068 0 0.7071068 13.8889 0
5.2123 SecondCar -39.80571 0.025 2.97 0 90 0 0 0.7071068 0 0.7071068 13.8889 0
5.2126 Head 0 1.6 0.78 346.575 290.7 4.388793E-07 -0.09615629 -0.5646647 -0.06645774 0.8170013
5.2126 FirstCar -7.602404 0.025 2.97 0 90 0 0 0.7071068 0 0.7071068 13.8889 0
5.2126 SecondCar -39.80062 0.025 2.97 0 90 0 0 0.7071068 0 0.7071068 13.8889 0
5.2130 Head 0 1.6 0.78 346.575 290.7 4.388793E-07 -0.09615629 -0.5646647 -0.06645774 0.8170013
5.2130 FirstCar -7.597506 0.025 2.97 0 90 0 0 0.7071068 0 0.7071068 13.8889 0
5.2130 SecondCar -39.79572 0.025 2.97 0 90 0 0 0.7071068 0 0.7071068 13.8889 0
5.2133 Head 0 1.6 0.78 346.575 290.7 4.388793E-07 -0.09615629 -0.5646647 -0.06645774 0.8170013
5.2133 FirstCar -7.592775 0.025 2.97 0 90 0 0 0.7071068 0 0.7071068 13.8889 0
5.2133 SecondCar -39.79099 0.025 2.97 0 90 0 0 0.7071068 0 0.7071068 13.8889 0
5.2137 Head 0 1.6 0.78 346.575 290.7 4.388793E-07 -0.09615629 -0.5646647 -0.06645774 0.8170013
5.2137 FirstCar -7.58769 0.025 2.97 0 90 0 0 0.7071068 0 0.7071068 13.8889 0
5.2137 SecondCar -39.78591 0.025 2.97 0 90 0 0 0.7071068 0 0.7071068 13.8889 0
5.2140 Head 0 1.6 0.78 346.575 290.7 4.388793E-07 -0.09615629 -0.5646647 -0.06645774 0.8170013
5.2140 FirstCar -7.582649 0.025 2.97 0 90 0 0 0.7071068 0 0.7071068 13.8889 0
5.2140 SecondCar -39.78086 0.025 2.97 0 90 0 0 0.7071068 0 0.7071068 13.8889 0
5.2144 Head 0 1.6 0.78 346.575 290.7 4.388793E-07 -0.09615629 -0.5646647 -0.06645774 0.8170013
5.2144 FirstCar -7.577938 0.025 2.97 0 90 0 0 0.7071068 0 0.7071068 13.8889 0
5.2144 SecondCar -39.77615 0.025 2.97 0 90 0 0 0.7071068 0 0.7071068 13.8889 0
5.2147 Head 0 1.6 0.78 346.575 290.7 4.388793E-07 -0.09615629 -0.5646647 -0.06645774 0.8170013
5.2147 FirstCar -7.573315 0.025 2.97 0 90 0 0 0.7071068 0 0.7071068 13.8889 0
5.2147 SecondCar -39.77153 0.025 2.97 0 90 0 0 0.7071068 0 0.7071068 13.8889 0
5.2150 Head 0 1.6 0.78 346.575 290.7 4.388793E-07 -0.09615629 -0.5646647 -0.06645774 0.8170013
5.2150 FirstCar -7.568748 0.025 2.97 0 90 0 0 0.7071068 0 0.7071068 13.8889 0
5.2150 SecondCar -39.76696 0.025 2.97 0 90 0 0 0.7071068 0 0.7071068 13.8889 0
5.2154 Head 0 1.6 0.78 346.575 290.7 4.388793E-07 -0.09615629 -0.5646647 -0.06645774 0.8170013
5.2154 FirstCar -7.563957 0.025 2.97 0 90 0 0 0.7071068 0 0.7071068 13.8889 0
5.2154 SecondCar -39.76217 0.025 2.97 0 90 0 0 0.7071068 0 0.7071068 13.8889 0
5.2158 Head 0 1.6 0.78 346.575 290.7 4.388793E-07 -0.09615629 -0.5646647 -0.06645774 0.8170013
5.2158 FirstCar -7.558997 0.025 2.97 0 90 0 0 0.7071068 0 0.7071068 13.8889 0
5.2158 SecondCar -39.75721 0.025 2.97 0 90 0 0 0.7071068 0 0.7071068 13.8889 0
5.2161 Head 0 1.6 0.78 346.575 290.7 4.388793E-07 -0.09615629 -0.5646647 -0.06645774 0.8170013
5.2161 FirstCar -7.554122 0.025 2.97 0 90 0 0 0.7071068 0 0.7071068 13.8889 0
5.2161 SecondCar -39.75234 0.025 2.97 0 90 0 0 0.7071068 0 0.7071068 13.8889 0
5.2164 Head 0 1.6 0.78 346.575 290.7 4.388793E-07 -0.09615629 -0.5646647 -0.06645774 0.8170013
5.2164 FirstCar -7.549409 0.025 2.97 0 90 0 0 0.7071068 0 0.7071068 13.8889 0
5.2164 SecondCar -39.74763 0.025 2.97 0 90 0 0 0.7071068 0 0.7071068 13.8889 0
5.2168 Head 0 1.6 0.78 346.575 290.7 4.388793E-07 -0.09615629 -0.5646647 -0.06645774 0.8170013
5.2168 FirstCar -7.544552 0.025 2.97 0 90 0 0 0.7071068 0 0.7071068 13.8889 0
5.2168 SecondCar -39.74277 0.025 2.97 0 90 0 0 0.7071068 0 0.7071068 13.8889 0
5.2171 Head 0 1.6 0.78 346.575 290.7 4.388793E-07 -0.09615629 -0.5646647 -0.06645774 0.8170013
5.2171 FirstCar -7.539991 0.025 2.97 0 90 0 0 0.7071068 0 0.7071068 13.8889 0
5.2171 SecondCar -39.73821 0.025 2.97 0 90 0 0 0.7071068 0 0.7071068 13.8889 0
5.2174 Head 0 1.6 0.78 346.575 290.7 4.388793E-07 -0.09615629 -0.5646647 -0.06645774 0.8170013
5.2174 FirstCar -7.535429 0.025 2.97 0 90 0 0 0.7071068 0 0.7071068 13.8889 0
5.2174 SecondCar -39.73365 0.025 2.97 0 90 0 0 0.7071068 0 0.7071068 13.8889 0
5.2178 Head 0 1.6 0.78 346.575 290.7 4.388793E-07 -0.09615629 -0.5646647 -0.06645774 0.8170013
5.2178 FirstCar -7.530403 0.025 2.97 0 90 0 0 0.7071068 0 0.7071068 13.8889 0
5.2178 SecondCar -39.72862 0.025 2.97 0 90 0 0 0.7071068 0 0.7071068 13.8889 0
5.2182 Head 0 1.6 0.78 346.575 290.7 4.388793E-07 -0.09615629 -0.5646647 -0.06645774 0.8170013
5.2182 FirstCar -7.524917 0.025 2.97 0 90 0 0 0.7071068 0 0.7071068 13.8889 0
5.2182 SecondCar -39.72313 0.025 2.97 0 90 0 0 0.7071068 0 0.7071068 13.8889 0
5.2186 Head 0 1.6 0.78 346.575 290.7 4.388793E-07 -0.09615629 -0.5646647 -0.06645774 0.8170013
5.2186 FirstCar -7.519657 0.025 2.97 0 90 0 0 0.7071068 0 0.7071068 13.8889 0
5.2186 SecondCar -39.71787 0.025 2.97 0 90 0 0 0.7071068 0 0.7071068 13.8889 0
5.2189 Head 0 1.6 0.78 346.575 290.7 4.388793E-07 -0.09615629 -0.5646647 -0.06645774 0.8170013
5.2189 FirstCar -7.514886 0.025 2.97 0 90 0 0 0.7071068 0 0.7071068 13.8889 0
5.2189 SecondCar -39.7131 0.025 2.97 0 90 0 0 0.7071068 0 0.7071068 13.8889 0
5.2193 Head 0 1.6 0.78 346.575 290.7 4.388793E-07 -0.09615629 -0.5646647 -0.06645774 0.8170013
5.2193 FirstCar -7.509647 0.025 2.97 0 90 0 0 0.7071068 0 0.7071068 13.8889 0
5.2193 SecondCar -39.70786 0.025 2.97 0 90 0 0 0.7071068 0 0.7071068 13.8889 0
5.2200 Head 0 1.6 0.78 346.575 290.7 4.388793E-07 -0.09615629 -0.5646647 -0.06645774 0.8170013
5.2200 FirstCar -7.500546 0.025 2.97 0 90 0 0 0.7071068 0 0.7071068 13.8889 0
5.2200 SecondCar -39.69876 0.025 2.97 0 90 0 0 0.7071068 0 0.7071068 13.8889 0
5.2204 Head 0 1.6 0.78 346.575 290.7 4.388793E-07 -0.09615629 -0.5646647 -0.06645774 0.8170013
5.2204 FirstCar -7.495106 0.025 2.97 0 90 0 0 0.7071068 0 0.7071068 13.8889 0
5.2204 SecondCar -39.69332 0.025 2.97 0 90 0 0 0.7071068 0 0.7071068 13.8889 0
5.2208 Head 0 1.6 0.78 346.575 290.7 4.388793E-07 -0.09615629 -0.5646647 -0.06645774 0.8170013
5.2208 FirstCar -7.489369 0.025 2.97 0 90 0 0 0.7071068 0 0.7071068 13.8889 0
5.2208 SecondCar -39.68758 0.025 2.97 0 90 0 0 0.7071068 0 0.7071068 13.8889 0
5.2211 Head 0 1.6 0.78 346.575 290.7 4.388793E-07 -0.09615629 -0.5646647 -0.06645774 0.8170013
5.2211 FirstCar -7.484426 0.025 2.97 0 90 0 0 0.7071068 0 0.7071068 13.8889 0
5.2211 SecondCar -39.68264 0.025 2.97 0 90 0 0 0.7071068 0 0.7071068 13.8889 0
5.2215 Head 0 1.6 0.78 346.575 290.7 4.388793E-07 -0.09615629 -0.5646647 -0.06645774 0.8170013
5.2215 FirstCar -7.47893 0.025 2.97 0 90 0 0 0.7071068 0 0.7071068 13.8889 0
5.2215 SecondCar -39.67714 0.025 2.97 0 90 0 0 0.7071068 0 0.7071068 13.8889 0
5.2219 Head 0 1.6 0.78 346.575 290.7 4.388793E-07 -0.09615629 -0.5646647 -0.06645774 0.8170013
5.2219 FirstCar -7.474041 0.025 2.97 0 90 0 0 0.7071068 0 0.7071068 13.8889 0
5.2219 SecondCar -39.67225 0.025 2.97 0 90 0 0 0.7071068 0 0.7071068 13.8889 0
5.2222 Head 0 1.6 0.78 346.575 290.7 4.388793E-07 -0.09615629 -0.5646647 -0.06645774 0.8170013
5.2222 FirstCar -7.469012 0.025 2.97 0 90 0 0 0.7071068 0 0.7071068 13.8889 0
5.2222 SecondCar -39.66722 0.025 2.97 0 90 0 0 0.7071068 0 0.7071068 13.8889 0
5.2226 Head 0 1.6 0.78 346.575 290.7 4.388793E-07 -0.09615629 -0.5646647 -0.06645774 0.8170013
5.2226 FirstCar -7.464165 0.025 2.97 0 90 0 0 0.7071068 0 0.7071068 13.8889 0
5.2226 SecondCar -39.66238 0.025 2.97 0 90 0 0 0.7071068 0 0.7071068 13.8889 0
5.2229 Head 0 1.6 0.78 346.575 290.7 4.388793E-07 -0.09615629 -0.5646647 -0.06645774 0.8170013
5.2229 FirstCar -7.459075 0.025 2.97 0 90 0 0 0.7071068 0 0.7071068 13.8889 0
5.2229 SecondCar -39.65729 0.025 2.97 0 90 0 0 0.7071068 0 0.7071068 13.8889 0
5.2233 Head 0 1.6 0.78 346.575 290.7 4.388793E-07 -0.09615629 -0.5646647 -0.06645774 0.8170013
5.2233 FirstCar -7.454226 0.025 2.97 0 90 0 0 0.7071068 0 0.7071068 13.8889 0
5.2233 SecondCar -39.65244 0.025 2.97 0 90 0 0 0.7071068 0 0.7071068 13.8889 0
5.2237 Head 0 1.6 0.78 346.575 290.7 4.388793E-07 -0.09615629 -0.5646647 -0.06645774 0.8170013
5.2237 FirstCar -7.449285 0.025 2.97 0 90 0 0 0.7071068 0 0.7071068 13.8889 0
5.2237 SecondCar -39.6475 0.025 2.97 0 90 0 0 0.7071068 0 0.7071068 13.8889 0
5.2240 Head 0 1.6 0.78 346.575 290.7 4.388793E-07 -0.09615629 -0.5646647 -0.06645774 0.8170013
5.2240 FirstCar -7.444345 0.025 2.97 0 90 0 0 0.7071068 0 0.7071068 13.8889 0
5.2240 SecondCar -39.64256 0.025 2.97 0 90 0 0 0.7071068 0 0.7071068 13.8889 0
5.2243 Head 0 1.6 0.78 346.575 290.7 4.388793E-07 -0.09615629 -0.5646647 -0.06645774 0.8170013
5.2243 FirstCar -7.439676 0.025 2.97 0 90 0 0 0.7071068 0 0.7071068 13.8889 0
5.2243 SecondCar -39.63789 0.025 2.97 0 90 0 0 0.7071068 0 0.7071068 13.8889 0
5.2247 Head 0 1.6 0.78 346.575 290.7 4.388793E-07 -0.09615629 -0.5646647 -0.06645774 0.8170013
5.2247 FirstCar -7.434901 0.025 2.97 0 90 0 0 0.7071068 0 0.7071068 13.8889 0
5.2247 SecondCar -39.63311 0.025 2.97 0 90 0 0 0.7071068 0 0.7071068 13.8889 0
5.2250 Head 0 1.6 0.78 346.575 290.7 4.388793E-07 -0.09615629 -0.5646647 -0.06645774 0.8170013
5.2250 FirstCar -7.430283 0.025 2.97 0 90 0 0 0.7071068 0 0.7071068 13.8889 0
5.2250 SecondCar -39.62849 0.025 2.97 0 90 0 0 0.7071068 0 0.7071068 13.8889 0
5.2253 Head 0 1.6 0.78 346.575 290.7 4.388793E-07 -0.09615629 -0.5646647 -0.06645774 0.8170013
5.2253 FirstCar -7.425689 0.025 2.97 0 90 0 0 0.7071068 0 0.7071068 13.8889 0
5.2253 SecondCar -39.6239 0.025 2.97 0 90 0 0 0.7071068 0 0.7071068 13.8889 0
5.2257 Head 0 1.6 0.78 346.575 290.7 4.388793E-07 -0.09615629 -0.5646647 -0.06645774 0.8170013
5.2257 FirstCar -7.421057 0.025 2.97 0 90 0 0 0.7071068 0 0.7071068 13.8889 0
5.2257 SecondCar -39.61927 0.025 2.97 0 90 0 0 0.7071068 0 0.7071068 13.8889 0
5.2261 Head 0 1.6 0.78 346.575 290.7 4.388793E-07 -0.09615629 -0.5646647 -0.06645774 0.8170013
5.2261 FirstCar -7.415868 0.025 2.97 0 90 0 0 0.7071068 0 0.7071068 13.8889 0
5.2261 SecondCar -39.61408 0.025 2.97 0 90 0 0 0.7071068 0 0.7071068 13.8889 0
5.2264 Head 0 1.6 0.78 346.575 290.7 4.388793E-07 -0.09615629 -0.5646647 -0.06645774 0.8170013
5.2264 FirstCar -7.410651 0.025 2.97 0 90 0 0 0.7071068 0 0.7071068 13.8889 0
5.2264 SecondCar -39.60886 0.025 2.97 0 90 0 0 0.7071068 0 0.7071068 13.8889 0
5.2268 Head 0 1.6 0.78 346.575 290.7 4.388793E-07 -0.09615629 -0.5646647 -0.06645774 0.8170013
5.2268 FirstCar -7.405479 0.025 2.97 0 90 0 0 0.7071068 0 0.7071068 13.8889 0
5.2268 SecondCar -39.60369 0.025 2.97 0 90 0 0 0.7071068 0 0.7071068 13.8889 0
5.2272 Head 0 1.6 0.78 346.575 290.7 4.388793E-07 -0.09615629 -0.5646647 -0.06645774 0.8170013
5.2272 FirstCar -7.400455 0.025 2.97 0 90 0 0 0.7071068 0 0.7071068 13.8889 0
5.2272 SecondCar -39.59867 0.025 2.97 0 90 0 0 0.7071068 0 0.7071068 13.8889 0
5.2275 Head 0 1.6 0.78 346.575 290.7 4.388793E-07 -0.09615629 -0.5646647 -0.06645774 0.8170013
5.2275 FirstCar -7.395714 0.025 2.97 0 90 0 0 0.7071068 0 0.7071068 13.8889 0
5.2275 SecondCar -39.59393 0.025 2.97 0 90 0 0 0.7071068 0 0.7071068 13.8889 0
5.2279 Head 0 1.6 0.78 346.575 290.7 4.388793E-07 -0.09615629 -0.5646647 -0.06645774 0.8170013
5.2279 FirstCar -7.390759 0.025 2.97 0 90 0 0 0.7071068 0 0.7071068 13.8889 0
5.2279 SecondCar -39.58897 0.025 2.97 0 90 0 0 0.7071068 0 0.7071068 13.8889 0
5.2283 Head 0 1.6 0.78 346.575 290.7 4.388793E-07 -0.09615629 -0.5646647 -0.06645774 0.8170013
5.2283 FirstCar -7.384658 0.025 2.97 0 90 0 0 0.7071068 0 0.7071068 13.8889 0
5.2283 SecondCar -39.58287 0.025 2.97 0 90 0 0 0.7071068 0 0.7071068 13.8889 0
5.2290 Head 0 1.6 0.78 346.575 290.7 4.388793E-07 -0.09615629 -0.5646647 -0.06645774 0.8170013
5.2290 FirstCar -7.375374 0.025 2.97 0 90 0 0 0.7071068 0 0.7071068 13.8889 0
5.2290 SecondCar -39.57359 0.025 2.97 0 90 0 0 0.7071068 0 0.7071068 13.8889 0
5.2294 Head 0 1.6 0.78 346.575 290.7 4.388793E-07 -0.09615629 -0.5646647 -0.06645774 0.8170013
5.2294 FirstCar -7.369556 0.025 2.97 0 90 0 0 0.7071068 0 0.7071068 13.8889 0
5.2294 SecondCar -39.56777 0.025 2.97 0 90 0 0 0.7071068 0 0.7071068 13.8889 0
5.2298 Head 0 1.6 0.78 346.575 290.7 4.388793E-07 -0.09615629 -0.5646647 -0.06645774 0.8170013
5.2298 FirstCar -7.364408 0.025 2.97 0 90 0 0 0.7071068 0 0.7071068 13.8889 0
5.2298 SecondCar -39.56262 0.025 2.97 0 90 0 0 0.7071068 0 0.7071068 13.8889 0
5.2301 Head 0 1.6 0.78 346.575 290.7 4.388793E-07 -0.09615629 -0.5646647 -0.06645774 0.8170013
5.2301 FirstCar -7.359187 0.025 2.97 0 90 0 0 0.7071068 0 0.7071068 13.8889 0
5.2301 SecondCar -39.5574 0.025 2.97 0 90 0 0 0.7071068 0 0.7071068 13.8889 0
5.2306 Head 0 1.6 0.78 346.575 290.7 4.388793E-07 -0.09615629 -0.5646647 -0.06645774 0.8170013
5.2306 FirstCar -7.352961 0.025 2.97 0 90 0 0 0.7071068 0 0.7071068 13.8889 0
5.2306 SecondCar -39.55117 0.025 2.97 0 90 0 0 0.7071068 0 0.7071068 13.8889 0
5.2310 Head 0 1.6 0.78 346.575 290.7 4.388793E-07 -0.09615629 -0.5646647 -0.06645774 0.8170013
5.2310 FirstCar -7.347435 0.025 2.97 0 90 0 0 0.7071068 0 0.7071068 13.8889 0
5.2310 SecondCar -39.54565 0.025 2.97 0 90 0 0 0.7071068 0 0.7071068 13.8889 0
5.2314 Head 0 1.6 0.78 346.575 290.7 4.388793E-07 -0.09615629 -0.5646647 -0.06645774 0.8170013
5.2314 FirstCar -7.341819 0.025 2.97 0 90 0 0 0.7071068 0 0.7071068 13.8889 0
5.2314 SecondCar -39.54003 0.025 2.97 0 90 0 0 0.7071068 0 0.7071068 13.8889 0
5.2318 Head 0 1.6 0.78 346.575 290.7 4.388793E-07 -0.09615629 -0.5646647 -0.06645774 0.8170013
5.2318 FirstCar -7.336402 0.025 2.97 0 90 0 0 0.7071068 0 0.7071068 13.8889 0
5.2318 SecondCar -39.53461 0.025 2.97 0 90 0 0 0.7071068 0 0.7071068 13.8889 0
5.2322 Head 0 1.6 0.78 346.575 290.7 4.388793E-07 -0.09615629 -0.5646647 -0.06645774 0.8170013
5.2322 FirstCar -7.331106 0.025 2.97 0 90 0 0 0.7071068 0 0.7071068 13.8889 0
5.2322 SecondCar -39.52932 0.025 2.97 0 90 0 0 0.7071068 0 0.7071068 13.8889 0
5.2325 Head 0 1.6 0.78 346.575 290.7 4.388793E-07 -0.09615629 -0.5646647 -0.06645774 0.8170013
5.2325 FirstCar -7.326232 0.025 2.97 0 90 0 0 0.7071068 0 0.7071068 13.8889 0
5.2325 SecondCar -39.52444 0.025 2.97 0 90 0 0 0.7071068 0 0.7071068 13.8889 0
5.2328 Head 0 1.6 0.78 346.575 290.7 4.388793E-07 -0.09615629 -0.5646647 -0.06645774 0.8170013
5.2328 FirstCar -7.321562 0.025 2.97 0 90 0 0 0.7071068 0 0.7071068 13.8889 0
5.2328 SecondCar -39.51978 0.025 2.97 0 90 0 0 0.7071068 0 0.7071068 13.8889 0
5.2332 Head 0 1.6 0.78 346.575 290.7 4.388793E-07 -0.09615629 -0.5646647 -0.06645774 0.8170013
5.2332 FirstCar -7.316854 0.025 2.97 0 90 0 0 0.7071068 0 0.7071068 13.8889 0
5.2332 SecondCar -39.51507 0.025 2.97 0 90 0 0 0.7071068 0 0.7071068 13.8889 0
5.2335 Head 0 1.6 0.78 346.575 290.7 4.388793E-07 -0.09615629 -0.5646647 -0.06645774 0.8170013
5.2335 FirstCar -7.312062 0.025 2.97 0 90 0 0 0.7071068 0 0.7071068 13.8889 0
5.2335 SecondCar -39.51028 0.025 2.97 0 90 0 0 0.7071068 0 0.7071068 13.8889 0
5.2339 Head 0 1.6 0.78 346.575 290.7 4.388793E-07 -0.09615629 -0.5646647 -0.06645774 0.8170013
5.2339 FirstCar -7.307269 0.025 2.97 0 90 0 0 0.7071068 0 0.7071068 13.8889 0
5.2339 SecondCar -39.50549 0.025 2.97 0 90 0 0 0.7071068 0 0.7071068 13.8889 0
5.2342 Head 0 1.6 0.78 346.575 290.7 4.388793E-07 -0.09615629 -0.5646647 -0.06645774 0.8170013
5.2342 FirstCar -7.302513 0.025 2.97 0 90 0 0 0.7071068 0 0.7071068 13.8889 0
5.2342 SecondCar -39.50073 0.025 2.97 0 90 0 0 0.7071068 0 0.7071068 13.8889 0
5.2346 Head 0 1.6 0.78 346.575 290.7 4.388793E-07 -0.09615629 -0.5646647 -0.06645774 0.8170013
5.2346 FirstCar -7.29779 0.025 2.97 0 90 0 0 0.7071068 0 0.7071068 13.8889 0
5.2346 SecondCar -39.49601 0.025 2.97 0 90 0 0 0.7071068 0 0.7071068 13.8889 0
5.2349 Head 0 1.6 0.78 346.575 290.7 4.388793E-07 -0.09615629 -0.5646647 -0.06645774 0.8170013
5.2349 FirstCar -7.29282 0.025 2.97 0 90 0 0 0.7071068 0 0.7071068 13.8889 0
5.2349 SecondCar -39.49104 0.025 2.97 0 90 0 0 0.7071068 0 0.7071068 13.8889 0
5.2353 Head 0 1.6 0.78 346.575 290.7 4.388793E-07 -0.09615629 -0.5646647 -0.06645774 0.8170013
5.2353 FirstCar -7.287874 0.025 2.97 0 90 0 0 0.7071068 0 0.7071068 13.8889 0
5.2353 SecondCar -39.48609 0.025 2.97 0 90 0 0 0.7071068 0 0.7071068 13.8889 0
5.2356 Head 0 1.6 0.78 346.575 290.7 4.388793E-07 -0.09615629 -0.5646647 -0.06645774 0.8170013
5.2356 FirstCar -7.282915 0.025 2.97 0 90 0 0 0.7071068 0 0.7071068 13.8889 0
5.2356 SecondCar -39.48113 0.025 2.97 0 90 0 0 0.7071068 0 0.7071068 13.8889 0
5.2360 Head 0 1.6 0.78 346.575 290.7 4.388793E-07 -0.09615629 -0.5646647 -0.06645774 0.8170013
5.2360 FirstCar -7.278087 0.025 2.97 0 90 0 0 0.7071068 0 0.7071068 13.8889 0
5.2360 SecondCar -39.4763 0.025 2.97 0 90 0 0 0.7071068 0 0.7071068 13.8889 0
5.2363 Head 0 1.6 0.78 346.575 290.7 4.388793E-07 -0.09615629 -0.5646647 -0.06645774 0.8170013
5.2363 FirstCar -7.27292 0.025 2.97 0 90 0 0 0.7071068 0 0.7071068 13.8889 0
5.2363 SecondCar -39.47113 0.025 2.97 0 90 0 0 0.7071068 0 0.7071068 13.8889 0
5.2367 Head 0 1.6 0.78 346.575 290.7 4.388793E-07 -0.09615629 -0.5646647 -0.06645774 0.8170013
5.2367 FirstCar -7.268092 0.025 2.97 0 90 0 0 0.7071068 0 0.7071068 13.8889 0
5.2367 SecondCar -39.4663 0.025 2.97 0 90 0 0 0.7071068 0 0.7071068 13.8889 0
5.2371 Head 0 1.6 0.78 346.575 290.7 4.388793E-07 -0.09615629 -0.5646647 -0.06645774 0.8170013
5.2371 FirstCar -7.262878 0.025 2.97 0 90 0 0 0.7071068 0 0.7071068 13.8889 0
5.2371 SecondCar -39.46109 0.025 2.97 0 90 0 0 0.7071068 0 0.7071068 13.8889 0
5.2374 Head 0 1.6 0.78 346.575 290.7 4.388793E-07 -0.09615629 -0.5646647 -0.06645774 0.8170013
5.2374 FirstCar -7.257784 0.025 2.97 0 90 0 0 0.7071068 0 0.7071068 13.8889 0
5.2374 SecondCar -39.456 0.025 2.97 0 90 0 0 0.7071068 0 0.7071068 13.8889 0
5.2378 Head 0 1.6 0.78 346.575 290.7 4.388793E-07 -0.09615629 -0.5646647 -0.06645774 0.8170013
5.2378 FirstCar -7.253039 0.025 2.97 0 90 0 0 0.7071068 0 0.7071068 13.8889 0
5.2378 SecondCar -39.45125 0.025 2.97 0 90 0 0 0.7071068 0 0.7071068 13.8889 0
5.2381 Head 0 1.6 0.78 346.575 290.7 4.388793E-07 -0.09615629 -0.5646647 -0.06645774 0.8170013
5.2381 FirstCar -7.248164 0.025 2.97 0 90 0 0 0.7071068 0 0.7071068 13.8889 0
5.2381 SecondCar -39.44638 0.025 2.97 0 90 0 0 0.7071068 0 0.7071068 13.8889 0
5.2385 Head 0 1.6 0.78 346.575 290.7 4.388793E-07 -0.09615629 -0.5646647 -0.06645774 0.8170013
5.2385 FirstCar -7.24257 0.025 2.97 0 90 0 0 0.7071068 0 0.7071068 13.8889 0
5.2385 SecondCar -39.44078 0.025 2.97 0 90 0 0 0.7071068 0 0.7071068 13.8889 0
5.2389 Head 0 1.6 0.78 346.575 290.7 4.388793E-07 -0.09615629 -0.5646647 -0.06645774 0.8170013
5.2389 FirstCar -7.237806 0.025 2.97 0 90 0 0 0.7071068 0 0.7071068 13.8889 0
5.2389 SecondCar -39.43602 0.025 2.97 0 90 0 0 0.7071068 0 0.7071068 13.8889 0
5.2392 Head 0 1.6 0.78 346.575 290.7 4.388793E-07 -0.09615629 -0.5646647 -0.06645774 0.8170013
5.2392 FirstCar -7.23321 0.025 2.97 0 90 0 0 0.7071068 0 0.7071068 13.8889 0
5.2392 SecondCar -39.43142 0.025 2.97 0 90 0 0 0.7071068 0 0.7071068 13.8889 0
5.2395 Head 0 1.6 0.78 346.575 290.7 4.388793E-07 -0.09615629 -0.5646647 -0.06645774 0.8170013
5.2395 FirstCar -7.228478 0.025 2.97 0 90 0 0 0.7071068 0 0.7071068 13.8889 0
5.2395 SecondCar -39.42669 0.025 2.97 0 90 0 0 0.7071068 0 0.7071068 13.8889 0
5.2399 Head 0 1.6 0.78 346.575 290.7 4.388793E-07 -0.09615629 -0.5646647 -0.06645774 0.8170013
5.2399 FirstCar -7.223381 0.025 2.97 0 90 0 0 0.7071068 0 0.7071068 13.8889 0
5.2399 SecondCar -39.42159 0.025 2.97 0 90 0 0 0.7071068 0 0.7071068 13.8889 0
5.2403 Head 0 1.6 0.78 346.575 290.7 4.388793E-07 -0.09615629 -0.5646647 -0.06645774 0.8170013
5.2403 FirstCar -7.218425 0.025 2.97 0 90 0 0 0.7071068 0 0.7071068 13.8889 0
5.2403 SecondCar -39.41664 0.025 2.97 0 90 0 0 0.7071068 0 0.7071068 13.8889 0
5.2406 Head 0 1.6 0.78 346.575 290.7 4.388793E-07 -0.09615629 -0.5646647 -0.06645774 0.8170013
5.2406 FirstCar -7.213723 0.025 2.97 0 90 0 0 0.7071068 0 0.7071068 13.8889 0
5.2406 SecondCar -39.41194 0.025 2.97 0 90 0 0 0.7071068 0 0.7071068 13.8889 0
5.2409 Head 0 1.6 0.78 346.575 290.7 4.388793E-07 -0.09615629 -0.5646647 -0.06645774 0.8170013
5.2409 FirstCar -7.209127 0.025 2.97 0 90 0 0 0.7071068 0 0.7071068 13.8889 0
5.2409 SecondCar -39.40734 0.025 2.97 0 90 0 0 0.7071068 0 0.7071068 13.8889 0
5.2413 Head 0 1.6 0.78 346.575 290.7 4.388793E-07 -0.09615629 -0.5646647 -0.06645774 0.8170013
5.2413 FirstCar -7.204516 0.025 2.97 0 90 0 0 0.7071068 0 0.7071068 13.8889 0
5.2413 SecondCar -39.40273 0.025 2.97 0 90 0 0 0.7071068 0 0.7071068 13.8889 0
5.2416 Head 0 1.6 0.78 346.575 290.7 4.388793E-07 -0.09615629 -0.5646647 -0.06645774 0.8170013
5.2416 FirstCar -7.200006 0.025 2.97 0 90 0 0 0.7071068 0 0.7071068 13.8889 0
5.2416 SecondCar -39.39822 0.025 2.97 0 90 0 0 0.7071068 0 0.7071068 13.8889 0
5.2419 Head 0 1.6 0.78 346.575 290.7 4.388793E-07 -0.09615629 -0.5646647 -0.06645774 0.8170013
5.2419 FirstCar -7.195293 0.025 2.97 0 90 0 0 0.7071068 0 0.7071068 13.8889 0
5.2419 SecondCar -39.39351 0.025 2.97 0 90 0 0 0.7071068 0 0.7071068 13.8889 0
5.2423 Head 0 1.6 0.78 346.575 290.7 4.388793E-07 -0.09615629 -0.5646647 -0.06645774 0.8170013
5.2423 FirstCar -7.190479 0.025 2.97 0 90 0 0 0.7071068 0 0.7071068 13.8889 0
5.2423 SecondCar -39.38869 0.025 2.97 0 90 0 0 0.7071068 0 0.7071068 13.8889 0
5.2426 Head 0 1.6 0.78 346.575 290.7 4.388793E-07 -0.09615629 -0.5646647 -0.06645774 0.8170013
5.2426 FirstCar -7.185706 0.025 2.97 0 90 0 0 0.7071068 0 0.7071068 13.8889 0
5.2426 SecondCar -39.38392 0.025 2.97 0 90 0 0 0.7071068 0 0.7071068 13.8889 0
5.2430 Head 0 1.6 0.78 346.575 290.7 4.388793E-07 -0.09615629 -0.5646647 -0.06645774 0.8170013
5.2430 FirstCar -7.181156 0.025 2.97 0 90 0 0 0.7071068 0 0.7071068 13.8889 0
5.2430 SecondCar -39.37937 0.025 2.97 0 90 0 0 0.7071068 0 0.7071068 13.8889 0
5.2433 Head 0 1.6 0.78 346.575 290.7 4.388793E-07 -0.09615629 -0.5646647 -0.06645774 0.8170013
5.2433 FirstCar -7.176533 0.025 2.97 0 90 0 0 0.7071068 0 0.7071068 13.8889 0
5.2433 SecondCar -39.37474 0.025 2.97 0 90 0 0 0.7071068 0 0.7071068 13.8889 0
5.2436 Head 0 1.6 0.78 346.575 290.7 4.388793E-07 -0.09615629 -0.5646647 -0.06645774 0.8170013
5.2436 FirstCar -7.171944 0.025 2.97 0 90 0 0 0.7071068 0 0.7071068 13.8889 0
5.2436 SecondCar -39.37016 0.025 2.97 0 90 0 0 0.7071068 0 0.7071068 13.8889 0
5.2439 Head 0 1.6 0.78 346.575 290.7 4.388793E-07 -0.09615629 -0.5646647 -0.06645774 0.8170013
5.2439 FirstCar -7.167473 0.025 2.97 0 90 0 0 0.7071068 0 0.7071068 13.8889 0
5.2439 SecondCar -39.36568 0.025 2.97 0 90 0 0 0.7071068 0 0.7071068 13.8889 0
5.2443 Head 0 1.6 0.78 346.575 290.7 4.388793E-07 -0.09615629 -0.5646647 -0.06645774 0.8170013
5.2443 FirstCar -7.162677 0.025 2.97 0 90 0 0 0.7071068 0 0.7071068 13.8889 0
5.2443 SecondCar -39.36089 0.025 2.97 0 90 0 0 0.7071068 0 0.7071068 13.8889 0
5.2446 Head 0 1.6 0.78 346.575 290.7 4.388793E-07 -0.09615629 -0.5646647 -0.06645774 0.8170013
5.2446 FirstCar -7.157802 0.025 2.97 0 90 0 0 0.7071068 0 0.7071068 13.8889 0
5.2446 SecondCar -39.35601 0.025 2.97 0 90 0 0 0.7071068 0 0.7071068 13.8889 0
5.2450 Head 0 1.6 0.78 346.575 290.7 4.388793E-07 -0.09615629 -0.5646647 -0.06645774 0.8170013
5.2450 FirstCar -7.152951 0.025 2.97 0 90 0 0 0.7071068 0 0.7071068 13.8889 0
5.2450 SecondCar -39.35116 0.025 2.97 0 90 0 0 0.7071068 0 0.7071068 13.8889 0
5.2453 Head 0 1.6 0.78 346.575 290.7 4.388793E-07 -0.09615629 -0.5646647 -0.06645774 0.8170013
5.2453 FirstCar -7.148144 0.025 2.97 0 90 0 0 0.7071068 0 0.7071068 13.8889 0
5.2453 SecondCar -39.34636 0.025 2.97 0 90 0 0 0.7071068 0 0.7071068 13.8889 0
5.2457 Head 0 1.6 0.78 346.575 290.7 4.388793E-07 -0.09615629 -0.5646647 -0.06645774 0.8170013
5.2457 FirstCar -7.143637 0.025 2.97 0 90 0 0 0.7071068 0 0.7071068 13.8889 0
5.2457 SecondCar -39.34185 0.025 2.97 0 90 0 0 0.7071068 0 0.7071068 13.8889 0
5.2460 Head 0 1.6 0.78 346.575 290.7 4.388793E-07 -0.09615629 -0.5646647 -0.06645774 0.8170013
5.2460 FirstCar -7.139177 0.025 2.97 0 90 0 0 0.7071068 0 0.7071068 13.8889 0
5.2460 SecondCar -39.33739 0.025 2.97 0 90 0 0 0.7071068 0 0.7071068 13.8889 0
5.2463 Head 0 1.6 0.78 346.575 290.7 4.388793E-07 -0.09615629 -0.5646647 -0.06645774 0.8170013
5.2463 FirstCar -7.13446 0.025 2.97 0 90 0 0 0.7071068 0 0.7071068 13.8889 0
5.2463 SecondCar -39.33268 0.025 2.97 0 90 0 0 0.7071068 0 0.7071068 13.8889 0
5.2466 Head 0 1.6 0.78 346.575 290.7 4.388793E-07 -0.09615629 -0.5646647 -0.06645774 0.8170013
5.2466 FirstCar -7.12998 0.025 2.97 0 90 0 0 0.7071068 0 0.7071068 13.8889 0
5.2466 SecondCar -39.32819 0.025 2.97 0 90 0 0 0.7071068 0 0.7071068 13.8889 0
5.2470 Head 0 1.6 0.78 346.575 290.7 4.388793E-07 -0.09615629 -0.5646647 -0.06645774 0.8170013
5.2470 FirstCar -7.125377 0.025 2.97 0 90 0 0 0.7071068 0 0.7071068 13.8889 0
5.2470 SecondCar -39.32359 0.025 2.97 0 90 0 0 0.7071068 0 0.7071068 13.8889 0
5.2473 Head 0 1.6 0.78 346.575 290.7 4.388793E-07 -0.09615629 -0.5646647 -0.06645774 0.8170013
5.2473 FirstCar -7.120525 0.025 2.97 0 90 0 0 0.7071068 0 0.7071068 13.8889 0
5.2473 SecondCar -39.31874 0.025 2.97 0 90 0 0 0.7071068 0 0.7071068 13.8889 0
5.2477 Head 0 1.6 0.78 346.575 290.7 4.388793E-07 -0.09615629 -0.5646647 -0.06645774 0.8170013
5.2477 FirstCar -7.115931 0.025 2.97 0 90 0 0 0.7071068 0 0.7071068 13.8889 0
5.2477 SecondCar -39.31414 0.025 2.97 0 90 0 0 0.7071068 0 0.7071068 13.8889 0
5.2487 Head 0 1.6 0.78 346.575 290.7 4.388793E-07 -0.09615629 -0.5646647 -0.06645774 0.8170013
5.2487 FirstCar -7.101203 0.025 2.97 0 90 0 0 0.7071068 0 0.7071068 13.8889 0
5.2487 SecondCar -39.29942 0.025 2.97 0 90 0 0 0.7071068 0 0.7071068 13.8889 0
5.2494 Head 0 1.6 0.78 346.575 290.7 4.388793E-07 -0.09615629 -0.5646647 -0.06645774 0.8170013
5.2494 FirstCar -7.09211 0.025 2.97 0 90 0 0 0.7071068 0 0.7071068 13.8889 0
5.2494 SecondCar -39.29032 0.025 2.97 0 90 0 0 0.7071068 0 0.7071068 13.8889 0
5.2498 Head 0 1.6 0.78 346.575 290.7 4.388793E-07 -0.09615629 -0.5646647 -0.06645774 0.8170013
5.2498 FirstCar -7.08656 0.025 2.97 0 90 0 0 0.7071068 0 0.7071068 13.8889 0
5.2498 SecondCar -39.28477 0.025 2.97 0 90 0 0 0.7071068 0 0.7071068 13.8889 0
5.2502 Head 0 1.6 0.78 346.575 290.7 4.388793E-07 -0.09615629 -0.5646647 -0.06645774 0.8170013
5.2502 FirstCar -7.081148 0.025 2.97 0 90 0 0 0.7071068 0 0.7071068 13.8889 0
5.2502 SecondCar -39.27936 0.025 2.97 0 90 0 0 0.7071068 0 0.7071068 13.8889 0
5.2505 Head 0 1.6 0.78 346.575 290.7 4.388793E-07 -0.09615629 -0.5646647 -0.06645774 0.8170013
5.2505 FirstCar -7.076216 0.025 2.97 0 90 0 0 0.7071068 0 0.7071068 13.8889 0
5.2505 SecondCar -39.27443 0.025 2.97 0 90 0 0 0.7071068 0 0.7071068 13.8889 0
5.2509 Head 0 1.6 0.78 346.575 290.7 4.388793E-07 -0.09615629 -0.5646647 -0.06645774 0.8170013
5.2509 FirstCar -7.070503 0.025 2.97 0 90 0 0 0.7071068 0 0.7071068 13.8889 0
5.2509 SecondCar -39.26871 0.025 2.97 0 90 0 0 0.7071068 0 0.7071068 13.8889 0
5.2513 Head 0 1.6 0.78 346.575 290.7 4.388793E-07 -0.09615629 -0.5646647 -0.06645774 0.8170013
5.2513 FirstCar -7.065613 0.025 2.97 0 90 0 0 0.7071068 0 0.7071068 13.8889 0
5.2513 SecondCar -39.26382 0.025 2.97 0 90 0 0 0.7071068 0 0.7071068 13.8889 0
5.2516 Head 0 1.6 0.78 346.575 290.7 4.388793E-07 -0.09615629 -0.5646647 -0.06645774 0.8170013
5.2516 FirstCar -7.06045 0.025 2.97 0 90 0 0 0.7071068 0 0.7071068 13.8889 0
5.2516 SecondCar -39.25866 0.025 2.97 0 90 0 0 0.7071068 0 0.7071068 13.8889 0
5.2520 Head 0 1.6 0.78 346.575 290.7 4.388793E-07 -0.09615629 -0.5646647 -0.06645774 0.8170013
5.2520 FirstCar -7.055329 0.025 2.97 0 90 0 0 0.7071068 0 0.7071068 13.8889 0
5.2520 SecondCar -39.25354 0.025 2.97 0 90 0 0 0.7071068 0 0.7071068 13.8889 0
5.2524 Head 0 1.6 0.78 346.575 290.7 4.388793E-07 -0.09615629 -0.5646647 -0.06645774 0.8170013
5.2524 FirstCar -7.050303 0.025 2.97 0 90 0 0 0.7071068 0 0.7071068 13.8889 0
5.2524 SecondCar -39.24852 0.025 2.97 0 90 0 0 0.7071068 0 0.7071068 13.8889 0
5.2528 Head 0 1.6 0.78 346.575 290.7 4.388793E-07 -0.09615629 -0.5646647 -0.06645774 0.8170013
5.2528 FirstCar -7.045049 0.025 2.97 0 90 0 0 0.7071068 0 0.7071068 13.8889 0
5.2528 SecondCar -39.24326 0.025 2.97 0 90 0 0 0.7071068 0 0.7071068 13.8889 0
5.2531 Head 0 1.6 0.78 346.575 290.7 4.388793E-07 -0.09615629 -0.5646647 -0.06645774 0.8170013
5.2531 FirstCar -7.040293 0.025 2.97 0 90 0 0 0.7071068 0 0.7071068 13.8889 0
5.2531 SecondCar -39.23851 0.025 2.97 0 90 0 0 0.7071068 0 0.7071068 13.8889 0
5.2534 Head 0 1.6 0.78 346.575 290.7 4.388793E-07 -0.09615629 -0.5646647 -0.06645774 0.8170013
5.2534 FirstCar -7.035406 0.025 2.97 0 90 0 0 0.7071068 0 0.7071068 13.8889 0
5.2534 SecondCar -39.23362 0.025 2.97 0 90 0 0 0.7071068 0 0.7071068 13.8889 0
5.2538 Head 0 1.6 0.78 346.575 290.7 4.388793E-07 -0.09615629 -0.5646647 -0.06645774 0.8170013
5.2538 FirstCar -7.030082 0.025 2.97 0 90 0 0 0.7071068 0 0.7071068 13.8889 0
5.2538 SecondCar -39.22829 0.025 2.97 0 90 0 0 0.7071068 0 0.7071068 13.8889 0
5.2542 Head 0 1.6 0.78 346.575 290.7 4.388793E-07 -0.09615629 -0.5646647 -0.06645774 0.8170013
5.2542 FirstCar -7.025185 0.025 2.97 0 90 0 0 0.7071068 0 0.7071068 13.8889 0
5.2542 SecondCar -39.2234 0.025 2.97 0 90 0 0 0.7071068 0 0.7071068 13.8889 0
5.2545 Head 0 1.6 0.78 346.575 290.7 4.388793E-07 -0.09615629 -0.5646647 -0.06645774 0.8170013
5.2545 FirstCar -7.020417 0.025 2.97 0 90 0 0 0.7071068 0 0.7071068 13.8889 0
5.2545 SecondCar -39.21863 0.025 2.97 0 90 0 0 0.7071068 0 0.7071068 13.8889 0
5.2550 Head 0 1.6 0.78 346.575 290.7 4.388793E-07 -0.09615629 -0.5646647 -0.06645774 0.8170013
5.2550 FirstCar -7.01374 0.025 2.97 0 90 0 0 0.7071068 0 0.7071068 13.8889 0
5.2550 SecondCar -39.21195 0.025 2.97 0 90 0 0 0.7071068 0 0.7071068 13.8889 0
5.2554 Head 0 1.6 0.78 346.575 290.7 4.388793E-07 -0.09615629 -0.5646647 -0.06645774 0.8170013
5.2554 FirstCar -7.008265 0.025 2.97 0 90 0 0 0.7071068 0 0.7071068 13.8889 0
5.2554 SecondCar -39.20647 0.025 2.97 0 90 0 0 0.7071068 0 0.7071068 13.8889 0
5.2558 Head 0 1.6 0.78 346.575 290.7 4.388793E-07 -0.09615629 -0.5646647 -0.06645774 0.8170013
5.2558 FirstCar -7.002749 0.025 2.97 0 90 0 0 0.7071068 0 0.7071068 13.8889 0
5.2558 SecondCar -39.20096 0.025 2.97 0 90 0 0 0.7071068 0 0.7071068 13.8889 0
5.2562 Head 0 1.6 0.78 346.575 290.7 4.388793E-07 -0.09615629 -0.5646647 -0.06645774 0.8170013
5.2562 FirstCar -6.997807 0.025 2.97 0 90 0 0 0.7071068 0 0.7071068 13.8889 0
5.2562 SecondCar -39.19601 0.025 2.97 0 90 0 0 0.7071068 0 0.7071068 13.8889 0
5.2565 Head 0 1.6 0.78 346.575 290.7 4.388793E-07 -0.09615629 -0.5646647 -0.06645774 0.8170013
5.2565 FirstCar -6.992812 0.025 2.97 0 90 0 0 0.7071068 0 0.7071068 13.8889 0
5.2565 SecondCar -39.19102 0.025 2.97 0 90 0 0 0.7071068 0 0.7071068 13.8889 0
5.2569 Head 0 1.6 0.78 346.575 290.7 4.388793E-07 -0.09615629 -0.5646647 -0.06645774 0.8170013
5.2569 FirstCar -6.988108 0.025 2.97 0 90 0 0 0.7071068 0 0.7071068 13.8889 0
5.2569 SecondCar -39.18632 0.025 2.97 0 90 0 0 0.7071068 0 0.7071068 13.8889 0
5.2572 Head 0 1.6 0.78 346.575 290.7 4.388793E-07 -0.09615629 -0.5646647 -0.06645774 0.8170013
5.2572 FirstCar -6.983408 0.025 2.97 0 90 0 0 0.7071068 0 0.7071068 13.8889 0
5.2572 SecondCar -39.18162 0.025 2.97 0 90 0 0 0.7071068 0 0.7071068 13.8889 0
5.2576 Head 0 1.6 0.78 346.575 290.7 4.388793E-07 -0.09615629 -0.5646647 -0.06645774 0.8170013
5.2576 FirstCar -6.978324 0.025 2.97 0 90 0 0 0.7071068 0 0.7071068 13.8889 0
5.2576 SecondCar -39.17653 0.025 2.97 0 90 0 0 0.7071068 0 0.7071068 13.8889 0
5.2579 Head 0 1.6 0.78 346.575 290.7 4.388793E-07 -0.09615629 -0.5646647 -0.06645774 0.8170013
5.2579 FirstCar -6.972981 0.025 2.97 0 90 0 0 0.7071068 0 0.7071068 13.8889 0
5.2579 SecondCar -39.17119 0.025 2.97 0 90 0 0 0.7071068 0 0.7071068 13.8889 0
5.2584 Head 0 1.6 0.78 346.575 290.7 4.388793E-07 -0.09615629 -0.5646647 -0.06645774 0.8170013
5.2584 FirstCar -6.967144 0.025 2.97 0 90 0 0 0.7071068 0 0.7071068 13.8889 0
5.2584 SecondCar -39.16535 0.025 2.97 0 90 0 0 0.7071068 0 0.7071068 13.8889 0
5.2591 Head 0 1.6 0.78 346.575 290.7 4.388793E-07 -0.09615629 -0.5646647 -0.06645774 0.8170013
5.2591 FirstCar -6.95709 0.025 2.97 0 90 0 0 0.7071068 0 0.7071068 13.8889 0
5.2591 SecondCar -39.1553 0.025 2.97 0 90 0 0 0.7071068 0 0.7071068 13.8889 0
5.2594 Head 0 1.6 0.78 346.575 290.7 4.388793E-07 -0.09615629 -0.5646647 -0.06645774 0.8170013
5.2594 FirstCar -6.952333 0.025 2.97 0 90 0 0 0.7071068 0 0.7071068 13.8889 0
5.2594 SecondCar -39.15054 0.025 2.97 0 90 0 0 0.7071068 0 0.7071068 13.8889 0
5.2598 Head 0 1.6 0.78 346.575 290.7 4.388793E-07 -0.09615629 -0.5646647 -0.06645774 0.8170013
5.2598 FirstCar -6.947473 0.025 2.97 0 90 0 0 0.7071068 0 0.7071068 13.8889 0
5.2598 SecondCar -39.14568 0.025 2.97 0 90 0 0 0.7071068 0 0.7071068 13.8889 0
5.2601 Head 0 1.6 0.78 346.575 290.7 4.388793E-07 -0.09615629 -0.5646647 -0.06645774 0.8170013
5.2601 FirstCar -6.942699 0.025 2.97 0 90 0 0 0.7071068 0 0.7071068 13.8889 0
5.2601 SecondCar -39.14091 0.025 2.97 0 90 0 0 0.7071068 0 0.7071068 13.8889 0
5.2605 Head 0 1.6 0.78 346.575 290.7 4.388793E-07 -0.09615629 -0.5646647 -0.06645774 0.8170013
5.2605 FirstCar -6.937847 0.025 2.97 0 90 0 0 0.7071068 0 0.7071068 13.8889 0
5.2605 SecondCar -39.13605 0.025 2.97 0 90 0 0 0.7071068 0 0.7071068 13.8889 0
5.2608 Head 0 1.6 0.78 346.575 290.7 4.388793E-07 -0.09615629 -0.5646647 -0.06645774 0.8170013
5.2608 FirstCar -6.933244 0.025 2.97 0 90 0 0 0.7071068 0 0.7071068 13.8889 0
5.2608 SecondCar -39.13145 0.025 2.97 0 90 0 0 0.7071068 0 0.7071068 13.8889 0
5.2612 Head 0 1.6 0.78 346.575 290.7 4.388793E-07 -0.09615629 -0.5646647 -0.06645774 0.8170013
5.2612 FirstCar -6.927969 0.025 2.97 0 90 0 0 0.7071068 0 0.7071068 13.8889 0
5.2612 SecondCar -39.12617 0.025 2.97 0 90 0 0 0.7071068 0 0.7071068 13.8889 0
5.2616 Head 0 1.6 0.78 346.575 290.7 4.388793E-07 -0.09615629 -0.5646647 -0.06645774 0.8170013
5.2616 FirstCar -6.922583 0.025 2.97 0 90 0 0 0.7071068 0 0.7071068 13.8889 0
5.2616 SecondCar -39.12079 0.025 2.97 0 90 0 0 0.7071068 0 0.7071068 13.8889 0
5.2619 Head 0 1.6 0.78 346.575 290.7 4.388793E-07 -0.09615629 -0.5646647 -0.06645774 0.8170013
5.2619 FirstCar -6.917371 0.025 2.97 0 90 0 0 0.7071068 0 0.7071068 13.8889 0
5.2619 SecondCar -39.11558 0.025 2.97 0 90 0 0 0.7071068 0 0.7071068 13.8889 0
5.2623 Head 0 1.6 0.78 346.575 290.7 4.388793E-07 -0.09615629 -0.5646647 -0.06645774 0.8170013
5.2623 FirstCar -6.912439 0.025 2.97 0 90 0 0 0.7071068 0 0.7071068 13.8889 0
5.2623 SecondCar -39.11065 0.025 2.97 0 90 0 0 0.7071068 0 0.7071068 13.8889 0
5.2627 Head 0 1.6 0.78 346.575 290.7 4.388793E-07 -0.09615629 -0.5646647 -0.06645774 0.8170013
5.2627 FirstCar -6.907346 0.025 2.97 0 90 0 0 0.7071068 0 0.7071068 13.8889 0
5.2627 SecondCar -39.10555 0.025 2.97 0 90 0 0 0.7071068 0 0.7071068 13.8889 0
5.2630 Head 0 1.6 0.78 346.575 290.7 4.388793E-07 -0.09615629 -0.5646647 -0.06645774 0.8170013
5.2630 FirstCar -6.902466 0.025 2.97 0 90 0 0 0.7071068 0 0.7071068 13.8889 0
5.2630 SecondCar -39.10067 0.025 2.97 0 90 0 0 0.7071068 0 0.7071068 13.8889 0
5.2634 Head 0 1.6 0.78 346.575 290.7 4.388793E-07 -0.09615629 -0.5646647 -0.06645774 0.8170013
5.2634 FirstCar -6.897734 0.025 2.97 0 90 0 0 0.7071068 0 0.7071068 13.8889 0
5.2634 SecondCar -39.09594 0.025 2.97 0 90 0 0 0.7071068 0 0.7071068 13.8889 0
5.2637 Head 0 1.6 0.78 346.575 290.7 4.388793E-07 -0.09615629 -0.5646647 -0.06645774 0.8170013
5.2637 FirstCar -6.892391 0.025 2.97 0 90 0 0 0.7071068 0 0.7071068 13.8889 0
5.2637 SecondCar -39.0906 0.025 2.97 0 90 0 0 0.7071068 0 0.7071068 13.8889 0
5.2642 Head 0 1.6 0.78 346.575 290.7 4.388793E-07 -0.09615629 -0.5646647 -0.06645774 0.8170013
5.2642 FirstCar -6.88616 0.025 2.97 0 90 0 0 0.7071068 0 0.7071068 13.8889 0
5.2642 SecondCar -39.08437 0.025 2.97 0 90 0 0 0.7071068 0 0.7071068 13.8889 0
5.2646 Head 0 1.6 0.78 346.575 290.7 4.388793E-07 -0.09615629 -0.5646647 -0.06645774 0.8170013
5.2646 FirstCar -6.880828 0.025 2.97 0 90 0 0 0.7071068 0 0.7071068 13.8889 0
5.2646 SecondCar -39.07904 0.025 2.97 0 90 0 0 0.7071068 0 0.7071068 13.8889 0
5.2650 Head 0 1.6 0.78 346.575 290.7 4.388793E-07 -0.09615629 -0.5646647 -0.06645774 0.8170013
5.2650 FirstCar -6.874743 0.025 2.97 0 90 0 0 0.7071068 0 0.7071068 13.8889 0
5.2650 SecondCar -39.07295 0.025 2.97 0 90 0 0 0.7071068 0 0.7071068 13.8889 0
5.2655 Head 0 1.6 0.78 346.575 290.7 4.388793E-07 -0.09615629 -0.5646647 -0.06645774 0.8170013
5.2655 FirstCar -6.868702 0.025 2.97 0 90 0 0 0.7071068 0 0.7071068 13.8889 0
5.2655 SecondCar -39.06691 0.025 2.97 0 90 0 0 0.7071068 0 0.7071068 13.8889 0
5.2660 Head 0 1.6 0.78 346.575 290.7 4.388793E-07 -0.09615629 -0.5646647 -0.06645774 0.8170013
5.2660 FirstCar -6.861592 0.025 2.97 0 90 0 0 0.7071068 0 0.7071068 13.8889 0
5.2660 SecondCar -39.0598 0.025 2.97 0 90 0 0 0.7071068 0 0.7071068 13.8889 0
5.2665 Head 0 1.6 0.78 346.575 290.7 4.388793E-07 -0.09615629 -0.5646647 -0.06645774 0.8170013
5.2665 FirstCar -6.854783 0.025 2.97 0 90 0 0 0.7071068 0 0.7071068 13.8889 0
5.2665 SecondCar -39.05299 0.025 2.97 0 90 0 0 0.7071068 0 0.7071068 13.8889 0
5.2668 Head 0 1.6 0.78 346.575 290.7 4.388793E-07 -0.09615629 -0.5646647 -0.06645774 0.8170013
5.2668 FirstCar -6.849545 0.025 2.97 0 90 0 0 0.7071068 0 0.7071068 13.8889 0
5.2668 SecondCar -39.04775 0.025 2.97 0 90 0 0 0.7071068 0 0.7071068 13.8889 0
5.2672 Head 0 1.6 0.78 346.575 290.7 4.388793E-07 -0.09615629 -0.5646647 -0.06645774 0.8170013
5.2672 FirstCar -6.84453 0.025 2.97 0 90 0 0 0.7071068 0 0.7071068 13.8889 0
5.2672 SecondCar -39.04274 0.025 2.97 0 90 0 0 0.7071068 0 0.7071068 13.8889 0
5.2676 Head 0 1.6 0.78 346.575 290.7 4.388793E-07 -0.09615629 -0.5646647 -0.06645774 0.8170013
5.2676 FirstCar -6.839164 0.025 2.97 0 90 0 0 0.7071068 0 0.7071068 13.8889 0
5.2676 SecondCar -39.03737 0.025 2.97 0 90 0 0 0.7071068 0 0.7071068 13.8889 0
5.2679 Head 0 1.6 0.78 346.575 290.7 4.388793E-07 -0.09615629 -0.5646647 -0.06645774 0.8170013
5.2679 FirstCar -6.834282 0.025 2.97 0 90 0 0 0.7071068 0 0.7071068 13.8889 0
5.2679 SecondCar -39.03249 0.025 2.97 0 90 0 0 0.7071068 0 0.7071068 13.8889 0
5.2683 Head 0 1.6 0.78 346.575 290.7 4.388793E-07 -0.09615629 -0.5646647 -0.06645774 0.8170013
5.2683 FirstCar -6.82865 0.025 2.97 0 90 0 0 0.7071068 0 0.7071068 13.8889 0
5.2683 SecondCar -39.02686 0.025 2.97 0 90 0 0 0.7071068 0 0.7071068 13.8889 0
5.2691 Head 0 1.6 0.78 346.575 290.7 4.388793E-07 -0.09615629 -0.5646647 -0.06645774 0.8170013
5.2691 FirstCar -6.818096 0.025 2.97 0 90 0 0 0.7071068 0 0.7071068 13.8889 0
5.2691 SecondCar -39.0163 0.025 2.97 0 90 0 0 0.7071068 0 0.7071068 13.8889 0
5.2695 Head 0 1.6 0.78 346.575 290.7 4.388793E-07 -0.09615629 -0.5646647 -0.06645774 0.8170013
5.2695 FirstCar -6.812328 0.025 2.97 0 90 0 0 0.7071068 0 0.7071068 13.8889 0
5.2695 SecondCar -39.01054 0.025 2.97 0 90 0 0 0.7071068 0 0.7071068 13.8889 0
5.2699 Head 0 1.6 0.78 346.575 290.7 4.388793E-07 -0.09615629 -0.5646647 -0.06645774 0.8170013
5.2699 FirstCar -6.806905 0.025 2.97 0 90 0 0 0.7071068 0 0.7071068 13.8889 0
5.2699 SecondCar -39.00511 0.025 2.97 0 90 0 0 0.7071068 0 0.7071068 13.8889 0
5.2703 Head 0 1.6 0.78 346.575 290.7 4.388793E-07 -0.09615629 -0.5646647 -0.06645774 0.8170013
5.2703 FirstCar -6.801985 0.025 2.97 0 90 0 0 0.7071068 0 0.7071068 13.8889 0
5.2703 SecondCar -39.00019 0.025 2.97 0 90 0 0 0.7071068 0 0.7071068 13.8889 0
5.2707 Head 0 1.6 0.78 346.575 290.7 4.388793E-07 -0.09615629 -0.5646647 -0.06645774 0.8170013
5.2707 FirstCar -6.796049 0.025 2.97 0 90 0 0 0.7071068 0 0.7071068 13.8889 0
5.2707 SecondCar -38.99426 0.025 2.97 0 90 0 0 0.7071068 0 0.7071068 13.8889 0
5.2711 Head 0 1.6 0.78 346.575 290.7 4.388793E-07 -0.09615629 -0.5646647 -0.06645774 0.8170013
5.2711 FirstCar -6.790594 0.025 2.97 0 90 0 0 0.7071068 0 0.7071068 13.8889 0
5.2711 SecondCar -38.9888 0.025 2.97 0 90 0 0 0.7071068 0 0.7071068 13.8889 0
5.2714 Head 0 1.6 0.78 346.575 290.7 4.388793E-07 -0.09615629 -0.5646647 -0.06645774 0.8170013
5.2714 FirstCar -6.785656 0.025 2.97 0 90 0 0 0.7071068 0 0.7071068 13.8889 0
5.2714 SecondCar -38.98386 0.025 2.97 0 90 0 0 0.7071068 0 0.7071068 13.8889 0
5.2718 Head 0 1.6 0.78 346.575 290.7 4.388793E-07 -0.09615629 -0.5646647 -0.06645774 0.8170013
5.2718 FirstCar -6.780842 0.025 2.97 0 90 0 0 0.7071068 0 0.7071068 13.8889 0
5.2718 SecondCar -38.97905 0.025 2.97 0 90 0 0 0.7071068 0 0.7071068 13.8889 0
5.2722 Head 0 1.6 0.78 346.575 290.7 4.388793E-07 -0.09615629 -0.5646647 -0.06645774 0.8170013
5.2722 FirstCar -6.775669 0.025 2.97 0 90 0 0 0.7071068 0 0.7071068 13.8889 0
5.2722 SecondCar -38.97388 0.025 2.97 0 90 0 0 0.7071068 0 0.7071068 13.8889 0
5.2725 Head 0 1.6 0.78 346.575 290.7 4.388793E-07 -0.09615629 -0.5646647 -0.06645774 0.8170013
5.2725 FirstCar -6.770769 0.025 2.97 0 90 0 0 0.7071068 0 0.7071068 13.8889 0
5.2725 SecondCar -38.96898 0.025 2.97 0 90 0 0 0.7071068 0 0.7071068 13.8889 0
5.2729 Head 0 1.6 0.78 346.575 290.7 4.388793E-07 -0.09615629 -0.5646647 -0.06645774 0.8170013
5.2729 FirstCar -6.765474 0.025 2.97 0 90 0 0 0.7071068 0 0.7071068 13.8889 0
5.2729 SecondCar -38.96368 0.025 2.97 0 90 0 0 0.7071068 0 0.7071068 13.8889 0
5.2732 Head 0 1.6 0.78 346.575 290.7 4.388793E-07 -0.09615629 -0.5646647 -0.06645774 0.8170013
5.2732 FirstCar -6.76077 0.025 2.97 0 90 0 0 0.7071068 0 0.7071068 13.8889 0
5.2732 SecondCar -38.95898 0.025 2.97 0 90 0 0 0.7071068 0 0.7071068 13.8889 0
5.2736 Head 0 1.6 0.78 346.575 290.7 4.388793E-07 -0.09615629 -0.5646647 -0.06645774 0.8170013
5.2736 FirstCar -6.756016 0.025 2.97 0 90 0 0 0.7071068 0 0.7071068 13.8889 0
5.2736 SecondCar -38.95422 0.025 2.97 0 90 0 0 0.7071068 0 0.7071068 13.8889 0
5.2739 Head 0 1.6 0.78 346.575 290.7 4.388793E-07 -0.09615629 -0.5646647 -0.06645774 0.8170013
5.2739 FirstCar -6.751325 0.025 2.97 0 90 0 0 0.7071068 0 0.7071068 13.8889 0
5.2739 SecondCar -38.94953 0.025 2.97 0 90 0 0 0.7071068 0 0.7071068 13.8889 0
5.2742 Head 0 1.6 0.78 346.575 290.7 4.388793E-07 -0.09615629 -0.5646647 -0.06645774 0.8170013
5.2742 FirstCar -6.746643 0.025 2.97 0 90 0 0 0.7071068 0 0.7071068 13.8889 0
5.2742 SecondCar -38.94485 0.025 2.97 0 90 0 0 0.7071068 0 0.7071068 13.8889 0
5.2746 Head 0 1.6 0.78 346.575 290.7 4.388793E-07 -0.09615629 -0.5646647 -0.06645774 0.8170013
5.2746 FirstCar -6.74172 0.025 2.97 0 90 0 0 0.7071068 0 0.7071068 13.8889 0
5.2746 SecondCar -38.93993 0.025 2.97 0 90 0 0 0.7071068 0 0.7071068 13.8889 0
5.2749 Head 0 1.6 0.78 346.575 290.7 4.388793E-07 -0.09615629 -0.5646647 -0.06645774 0.8170013
5.2749 FirstCar -6.736965 0.025 2.97 0 90 0 0 0.7071068 0 0.7071068 13.8889 0
5.2749 SecondCar -38.93517 0.025 2.97 0 90 0 0 0.7071068 0 0.7071068 13.8889 0
5.2753 Head 0 1.6 0.78 346.575 290.7 4.388793E-07 -0.09615629 -0.5646647 -0.06645774 0.8170013
5.2753 FirstCar -6.732135 0.025 2.97 0 90 0 0 0.7071068 0 0.7071068 13.8889 0
5.2753 SecondCar -38.93034 0.025 2.97 0 90 0 0 0.7071068 0 0.7071068 13.8889 0
5.2756 Head 0 1.6 0.78 346.575 290.7 4.388793E-07 -0.09615629 -0.5646647 -0.06645774 0.8170013
5.2756 FirstCar -6.727499 0.025 2.97 0 90 0 0 0.7071068 0 0.7071068 13.8889 0
5.2756 SecondCar -38.92571 0.025 2.97 0 90 0 0 0.7071068 0 0.7071068 13.8889 0
5.2759 Head 0 1.6 0.78 346.575 290.7 4.388793E-07 -0.09615629 -0.5646647 -0.06645774 0.8170013
5.2759 FirstCar -6.722925 0.025 2.97 0 90 0 0 0.7071068 0 0.7071068 13.8889 0
5.2759 SecondCar -38.92113 0.025 2.97 0 90 0 0 0.7071068 0 0.7071068 13.8889 0
5.2763 Head 0 1.6 0.78 346.575 290.7 4.388793E-07 -0.09615629 -0.5646647 -0.06645774 0.8170013
5.2763 FirstCar -6.718247 0.025 2.97 0 90 0 0 0.7071068 0 0.7071068 13.8889 0
5.2763 SecondCar -38.91646 0.025 2.97 0 90 0 0 0.7071068 0 0.7071068 13.8889 0
5.2766 Head 0 1.6 0.78 346.575 290.7 4.388793E-07 -0.09615629 -0.5646647 -0.06645774 0.8170013
5.2766 FirstCar -6.713549 0.025 2.97 0 90 0 0 0.7071068 0 0.7071068 13.8889 0
5.2766 SecondCar -38.91176 0.025 2.97 0 90 0 0 0.7071068 0 0.7071068 13.8889 0
5.2770 Head 0 1.6 0.78 346.575 290.7 4.388793E-07 -0.09615629 -0.5646647 -0.06645774 0.8170013
5.2770 FirstCar -6.70893 0.025 2.97 0 90 0 0 0.7071068 0 0.7071068 13.8889 0
5.2770 SecondCar -38.90714 0.025 2.97 0 90 0 0 0.7071068 0 0.7071068 13.8889 0
5.2773 Head 0 1.6 0.78 346.575 290.7 4.388793E-07 -0.09615629 -0.5646647 -0.06645774 0.8170013
5.2773 FirstCar -6.7039 0.025 2.97 0 90 0 0 0.7071068 0 0.7071068 13.8889 0
5.2773 SecondCar -38.90211 0.025 2.97 0 90 0 0 0.7071068 0 0.7071068 13.8889 0
5.2777 Head 0 1.6 0.78 346.575 290.7 4.388793E-07 -0.09615629 -0.5646647 -0.06645774 0.8170013
5.2777 FirstCar -6.698762 0.025 2.97 0 90 0 0 0.7071068 0 0.7071068 13.8889 0
5.2777 SecondCar -38.89697 0.025 2.97 0 90 0 0 0.7071068 0 0.7071068 13.8889 0
5.2781 Head 0 1.6 0.78 346.575 290.7 4.388793E-07 -0.09615629 -0.5646647 -0.06645774 0.8170013
5.2781 FirstCar -6.693186 0.025 2.97 0 90 0 0 0.7071068 0 0.7071068 13.8889 0
5.2781 SecondCar -38.89139 0.025 2.97 0 90 0 0 0.7071068 0 0.7071068 13.8889 0
5.2785 Head 0 1.6 0.78 346.575 290.7 4.388793E-07 -0.09615629 -0.5646647 -0.06645774 0.8170013
5.2785 FirstCar -6.687215 0.025 2.97 0 90 0 0 0.7071068 0 0.7071068 13.8889 0
5.2785 SecondCar -38.88542 0.025 2.97 0 90 0 0 0.7071068 0 0.7071068 13.8889 0
5.2789 Head 0 1.6 0.78 346.575 290.7 4.388793E-07 -0.09615629 -0.5646647 -0.06645774 0.8170013
5.2789 FirstCar -6.682061 0.025 2.97 0 90 0 0 0.7071068 0 0.7071068 13.8889 0
5.2789 SecondCar -38.88027 0.025 2.97 0 90 0 0 0.7071068 0 0.7071068 13.8889 0
5.2792 Head 0 1.6 0.78 346.575 290.7 4.388793E-07 -0.09615629 -0.5646647 -0.06645774 0.8170013
5.2792 FirstCar -6.677145 0.025 2.97 0 90 0 0 0.7071068 0 0.7071068 13.8889 0
5.2792 SecondCar -38.87535 0.025 2.97 0 90 0 0 0.7071068 0 0.7071068 13.8889 0
5.2796 Head 0 1.6 0.78 346.575 290.7 4.388793E-07 -0.09615629 -0.5646647 -0.06645774 0.8170013
5.2796 FirstCar -6.672457 0.025 2.97 0 90 0 0 0.7071068 0 0.7071068 13.8889 0
5.2796 SecondCar -38.87066 0.025 2.97 0 90 0 0 0.7071068 0 0.7071068 13.8889 0
5.2799 Head 0 1.6 0.78 346.575 290.7 4.388793E-07 -0.09615629 -0.5646647 -0.06645774 0.8170013
5.2799 FirstCar -6.667743 0.025 2.97 0 90 0 0 0.7071068 0 0.7071068 13.8889 0
5.2799 SecondCar -38.86595 0.025 2.97 0 90 0 0 0.7071068 0 0.7071068 13.8889 0
5.2803 Head 0 1.6 0.78 346.575 290.7 4.388793E-07 -0.09615629 -0.5646647 -0.06645774 0.8170013
5.2803 FirstCar -6.662919 0.025 2.97 0 90 0 0 0.7071068 0 0.7071068 13.8889 0
5.2803 SecondCar -38.86113 0.025 2.97 0 90 0 0 0.7071068 0 0.7071068 13.8889 0
5.2806 Head 0 1.6 0.78 346.575 290.7 4.388793E-07 -0.09615629 -0.5646647 -0.06645774 0.8170013
5.2806 FirstCar -6.658237 0.025 2.97 0 90 0 0 0.7071068 0 0.7071068 13.8889 0
5.2806 SecondCar -38.85645 0.025 2.97 0 90 0 0 0.7071068 0 0.7071068 13.8889 0
5.2809 Head 0 1.6 0.78 346.575 290.7 4.388793E-07 -0.09615629 -0.5646647 -0.06645774 0.8170013
5.2809 FirstCar -6.653462 0.025 2.97 0 90 0 0 0.7071068 0 0.7071068 13.8889 0
5.2809 SecondCar -38.85167 0.025 2.97 0 90 0 0 0.7071068 0 0.7071068 13.8889 0
5.2813 Head 0 1.6 0.78 346.575 290.7 4.388793E-07 -0.09615629 -0.5646647 -0.06645774 0.8170013
5.2813 FirstCar -6.648738 0.025 2.97 0 90 0 0 0.7071068 0 0.7071068 13.8889 0
5.2813 SecondCar -38.84695 0.025 2.97 0 90 0 0 0.7071068 0 0.7071068 13.8889 0
5.2816 Head 0 1.6 0.78 346.575 290.7 4.388793E-07 -0.09615629 -0.5646647 -0.06645774 0.8170013
5.2816 FirstCar -6.644112 0.025 2.97 0 90 0 0 0.7071068 0 0.7071068 13.8889 0
5.2816 SecondCar -38.84232 0.025 2.97 0 90 0 0 0.7071068 0 0.7071068 13.8889 0
5.2820 Head 0 1.6 0.78 346.575 290.7 4.388793E-07 -0.09615629 -0.5646647 -0.06645774 0.8170013
5.2820 FirstCar -6.639115 0.025 2.97 0 90 0 0 0.7071068 0 0.7071068 13.8889 0
5.2820 SecondCar -38.83732 0.025 2.97 0 90 0 0 0.7071068 0 0.7071068 13.8889 0
5.2824 Head 0 1.6 0.78 346.575 290.7 4.388793E-07 -0.09615629 -0.5646647 -0.06645774 0.8170013
5.2824 FirstCar -6.633856 0.025 2.97 0 90 0 0 0.7071068 0 0.7071068 13.8889 0
5.2824 SecondCar -38.83207 0.025 2.97 0 90 0 0 0.7071068 0 0.7071068 13.8889 0
5.2827 Head 0 1.6 0.78 346.575 290.7 4.388793E-07 -0.09615629 -0.5646647 -0.06645774 0.8170013
5.2827 FirstCar -6.629195 0.025 2.97 0 90 0 0 0.7071068 0 0.7071068 13.8889 0
5.2827 SecondCar -38.8274 0.025 2.97 0 90 0 0 0.7071068 0 0.7071068 13.8889 0
5.2830 Head 0 1.6 0.78 346.575 290.7 4.388793E-07 -0.09615629 -0.5646647 -0.06645774 0.8170013
5.2830 FirstCar -6.624586 0.025 2.97 0 90 0 0 0.7071068 0 0.7071068 13.8889 0
5.2830 SecondCar -38.8228 0.025 2.97 0 90 0 0 0.7071068 0 0.7071068 13.8889 0
5.2834 Head 0 1.6 0.78 346.575 290.7 4.388793E-07 -0.09615629 -0.5646647 -0.06645774 0.8170013
5.2834 FirstCar -6.61955 0.025 2.97 0 90 0 0 0.7071068 0 0.7071068 13.8889 0
5.2834 SecondCar -38.81776 0.025 2.97 0 90 0 0 0.7071068 0 0.7071068 13.8889 0
5.2837 Head 0 1.6 0.78 346.575 290.7 4.388793E-07 -0.09615629 -0.5646647 -0.06645774 0.8170013
5.2837 FirstCar -6.614925 0.025 2.97 0 90 0 0 0.7071068 0 0.7071068 13.8889 0
5.2837 SecondCar -38.81314 0.025 2.97 0 90 0 0 0.7071068 0 0.7071068 13.8889 0
5.2841 Head 0 1.6 0.78 346.575 290.7 4.388793E-07 -0.09615629 -0.5646647 -0.06645774 0.8170013
5.2841 FirstCar -6.610305 0.025 2.97 0 90 0 0 0.7071068 0 0.7071068 13.8889 0
5.2841 SecondCar -38.80852 0.025 2.97 0 90 0 0 0.7071068 0 0.7071068 13.8889 0
5.2844 Head 0 1.6 0.78 346.575 290.7 4.388793E-07 -0.09615629 -0.5646647 -0.06645774 0.8170013
5.2844 FirstCar -6.605693 0.025 2.97 0 90 0 0 0.7071068 0 0.7071068 13.8889 0
5.2844 SecondCar -38.80391 0.025 2.97 0 90 0 0 0.7071068 0 0.7071068 13.8889 0
5.2847 Head 0 1.6 0.78 346.575 290.7 4.388793E-07 -0.09615629 -0.5646647 -0.06645774 0.8170013
5.2847 FirstCar -6.601075 0.025 2.97 0 90 0 0 0.7071068 0 0.7071068 13.8889 0
5.2847 SecondCar -38.79929 0.025 2.97 0 90 0 0 0.7071068 0 0.7071068 13.8889 0
5.2851 Head 0 1.6 0.78 346.575 290.7 4.388793E-07 -0.09615629 -0.5646647 -0.06645774 0.8170013
5.2851 FirstCar -6.596483 0.025 2.97 0 90 0 0 0.7071068 0 0.7071068 13.8889 0
5.2851 SecondCar -38.79469 0.025 2.97 0 90 0 0 0.7071068 0 0.7071068 13.8889 0
5.2854 Head 0 1.6 0.78 346.575 290.7 4.388793E-07 -0.09615629 -0.5646647 -0.06645774 0.8170013
5.2854 FirstCar -6.591928 0.025 2.97 0 90 0 0 0.7071068 0 0.7071068 13.8889 0
5.2854 SecondCar -38.79014 0.025 2.97 0 90 0 0 0.7071068 0 0.7071068 13.8889 0
5.2857 Head 0 1.6 0.78 346.575 290.7 4.388793E-07 -0.09615629 -0.5646647 -0.06645774 0.8170013
5.2857 FirstCar -6.587073 0.025 2.97 0 90 0 0 0.7071068 0 0.7071068 13.8889 0
5.2857 SecondCar -38.78529 0.025 2.97 0 90 0 0 0.7071068 0 0.7071068 13.8889 0
5.2861 Head 0 1.6 0.78 346.575 290.7 4.388793E-07 -0.09615629 -0.5646647 -0.06645774 0.8170013
5.2861 FirstCar -6.582297 0.025 2.97 0 90 0 0 0.7071068 0 0.7071068 13.8889 0
5.2861 SecondCar -38.78051 0.025 2.97 0 90 0 0 0.7071068 0 0.7071068 13.8889 0
5.2864 Head 0 1.6 0.78 346.575 290.7 4.388793E-07 -0.09615629 -0.5646647 -0.06645774 0.8170013
5.2864 FirstCar -6.577488 0.025 2.97 0 90 0 0 0.7071068 0 0.7071068 13.8889 0
5.2864 SecondCar -38.7757 0.025 2.97 0 90 0 0 0.7071068 0 0.7071068 13.8889 0
5.2868 Head 0 1.6 0.78 346.575 290.7 4.388793E-07 -0.09615629 -0.5646647 -0.06645774 0.8170013
5.2868 FirstCar -6.571825 0.025 2.97 0 90 0 0 0.7071068 0 0.7071068 13.8889 0
5.2868 SecondCar -38.77004 0.025 2.97 0 90 0 0 0.7071068 0 0.7071068 13.8889 0
5.2872 Head 0 1.6 0.78 346.575 290.7 4.388793E-07 -0.09615629 -0.5646647 -0.06645774 0.8170013
5.2872 FirstCar -6.566739 0.025 2.97 0 90 0 0 0.7071068 0 0.7071068 13.8889 0
5.2872 SecondCar -38.76495 0.025 2.97 0 90 0 0 0.7071068 0 0.7071068 13.8889 0
5.2875 Head 0 1.6 0.78 346.575 290.7 4.388793E-07 -0.09615629 -0.5646647 -0.06645774 0.8170013
5.2875 FirstCar -6.561878 0.025 2.97 0 90 0 0 0.7071068 0 0.7071068 13.8889 0
5.2875 SecondCar -38.76009 0.025 2.97 0 90 0 0 0.7071068 0 0.7071068 13.8889 0
5.2879 Head 0 1.6 0.78 346.575 290.7 4.388793E-07 -0.09615629 -0.5646647 -0.06645774 0.8170013
5.2879 FirstCar -6.556862 0.025 2.97 0 90 0 0 0.7071068 0 0.7071068 13.8889 0
5.2879 SecondCar -38.75508 0.025 2.97 0 90 0 0 0.7071068 0 0.7071068 13.8889 0
5.2883 Head 0 1.6 0.78 346.575 290.7 4.388793E-07 -0.09615629 -0.5646647 -0.06645774 0.8170013
5.2883 FirstCar -6.551182 0.025 2.97 0 90 0 0 0.7071068 0 0.7071068 13.8889 0
5.2883 SecondCar -38.7494 0.025 2.97 0 90 0 0 0.7071068 0 0.7071068 13.8889 0
5.2890 Head 0 1.6 0.78 346.575 290.7 4.388793E-07 -0.09615629 -0.5646647 -0.06645774 0.8170013
5.2890 FirstCar -6.541997 0.025 2.97 0 90 0 0 0.7071068 0 0.7071068 13.8889 0
5.2890 SecondCar -38.74021 0.025 2.97 0 90 0 0 0.7071068 0 0.7071068 13.8889 0
5.2894 Head 0 1.6 0.78 346.575 290.7 4.388793E-07 -0.09615629 -0.5646647 -0.06645774 0.8170013
5.2894 FirstCar -6.536242 0.025 2.97 0 90 0 0 0.7071068 0 0.7071068 13.8889 0
5.2894 SecondCar -38.73446 0.025 2.97 0 90 0 0 0.7071068 0 0.7071068 13.8889 0
5.2897 Head 0 1.6 0.78 346.575 290.7 4.388793E-07 -0.09615629 -0.5646647 -0.06645774 0.8170013
5.2897 FirstCar -6.531265 0.025 2.97 0 90 0 0 0.7071068 0 0.7071068 13.8889 0
5.2897 SecondCar -38.72948 0.025 2.97 0 90 0 0 0.7071068 0 0.7071068 13.8889 0
5.2901 Head 0 1.6 0.78 346.575 290.7 4.388793E-07 -0.09615629 -0.5646647 -0.06645774 0.8170013
5.2901 FirstCar -6.526478 0.025 2.97 0 90 0 0 0.7071068 0 0.7071068 13.8889 0
5.2901 SecondCar -38.72469 0.025 2.97 0 90 0 0 0.7071068 0 0.7071068 13.8889 0
5.2904 Head 0 1.6 0.78 346.575 290.7 4.388793E-07 -0.09615629 -0.5646647 -0.06645774 0.8170013
5.2904 FirstCar -6.521639 0.025 2.97 0 90 0 0 0.7071068 0 0.7071068 13.8889 0
5.2904 SecondCar -38.71985 0.025 2.97 0 90 0 0 0.7071068 0 0.7071068 13.8889 0
5.2908 Head 0 1.6 0.78 346.575 290.7 4.388793E-07 -0.09615629 -0.5646647 -0.06645774 0.8170013
5.2908 FirstCar -6.516911 0.025 2.97 0 90 0 0 0.7071068 0 0.7071068 13.8889 0
5.2908 SecondCar -38.71513 0.025 2.97 0 90 0 0 0.7071068 0 0.7071068 13.8889 0
5.2911 Head 0 1.6 0.78 346.575 290.7 4.388793E-07 -0.09615629 -0.5646647 -0.06645774 0.8170013
5.2911 FirstCar -6.512042 0.025 2.97 0 90 0 0 0.7071068 0 0.7071068 13.8889 0
5.2911 SecondCar -38.71026 0.025 2.97 0 90 0 0 0.7071068 0 0.7071068 13.8889 0
5.2915 Head 0 1.6 0.78 346.575 290.7 4.388793E-07 -0.09615629 -0.5646647 -0.06645774 0.8170013
5.2915 FirstCar -6.507082 0.025 2.97 0 90 0 0 0.7071068 0 0.7071068 13.8889 0
5.2915 SecondCar -38.7053 0.025 2.97 0 90 0 0 0.7071068 0 0.7071068 13.8889 0
5.2918 Head 0 1.6 0.78 346.575 290.7 4.388793E-07 -0.09615629 -0.5646647 -0.06645774 0.8170013
5.2918 FirstCar -6.502343 0.025 2.97 0 90 0 0 0.7071068 0 0.7071068 13.8889 0
5.2918 SecondCar -38.70056 0.025 2.97 0 90 0 0 0.7071068 0 0.7071068 13.8889 0
5.2922 Head 0 1.6 0.78 346.575 290.7 4.388793E-07 -0.09615629 -0.5646647 -0.06645774 0.8170013
5.2922 FirstCar -6.497632 0.025 2.97 0 90 0 0 0.7071068 0 0.7071068 13.8889 0
5.2922 SecondCar -38.69585 0.025 2.97 0 90 0 0 0.7071068 0 0.7071068 13.8889 0
5.2925 Head 0 1.6 0.78 346.575 290.7 4.388793E-07 -0.09615629 -0.5646647 -0.06645774 0.8170013
5.2925 FirstCar -6.492882 0.025 2.97 0 90 0 0 0.7071068 0 0.7071068 13.8889 0
5.2925 SecondCar -38.6911 0.025 2.97 0 90 0 0 0.7071068 0 0.7071068 13.8889 0
5.2929 Head 0 1.6 0.78 346.575 290.7 4.388793E-07 -0.09615629 -0.5646647 -0.06645774 0.8170013
5.2929 FirstCar -6.487939 0.025 2.97 0 90 0 0 0.7071068 0 0.7071068 13.8889 0
5.2929 SecondCar -38.68616 0.025 2.97 0 90 0 0 0.7071068 0 0.7071068 13.8889 0
5.2932 Head 0 1.6 0.78 346.575 290.7 4.388793E-07 -0.09615629 -0.5646647 -0.06645774 0.8170013
5.2932 FirstCar -6.483177 0.025 2.97 0 90 0 0 0.7071068 0 0.7071068 13.8889 0
5.2932 SecondCar -38.6814 0.025 2.97 0 90 0 0 0.7071068 0 0.7071068 13.8889 0
5.2935 Head 0 1.6 0.78 346.575 290.7 4.388793E-07 -0.09615629 -0.5646647 -0.06645774 0.8170013
5.2935 FirstCar -6.478538 0.025 2.97 0 90 0 0 0.7071068 0 0.7071068 13.8889 0
5.2935 SecondCar -38.67676 0.025 2.97 0 90 0 0 0.7071068 0 0.7071068 13.8889 0
5.2939 Head 0 1.6 0.78 346.575 290.7 4.388793E-07 -0.09615629 -0.5646647 -0.06645774 0.8170013
5.2939 FirstCar -6.473888 0.025 2.97 0 90 0 0 0.7071068 0 0.7071068 13.8889 0
5.2939 SecondCar -38.67211 0.025 2.97 0 90 0 0 0.7071068 0 0.7071068 13.8889 0
5.2942 Head 0 1.6 0.78 346.575 290.7 4.388793E-07 -0.09615629 -0.5646647 -0.06645774 0.8170013
5.2942 FirstCar -6.46923 0.025 2.97 0 90 0 0 0.7071068 0 0.7071068 13.8889 0
5.2942 SecondCar -38.66745 0.025 2.97 0 90 0 0 0.7071068 0 0.7071068 13.8889 0
5.2946 Head 0 1.6 0.78 346.575 290.7 4.388793E-07 -0.09615629 -0.5646647 -0.06645774 0.8170013
5.2946 FirstCar -6.463814 0.025 2.97 0 90 0 0 0.7071068 0 0.7071068 13.8889 0
5.2946 SecondCar -38.66203 0.025 2.97 0 90 0 0 0.7071068 0 0.7071068 13.8889 0
5.2949 Head 0 1.6 0.78 346.575 290.7 4.388793E-07 -0.09615629 -0.5646647 -0.06645774 0.8170013
5.2949 FirstCar -6.45906 0.025 2.97 0 90 0 0 0.7071068 0 0.7071068 13.8889 0
5.2949 SecondCar -38.65728 0.025 2.97 0 90 0 0 0.7071068 0 0.7071068 13.8889 0
5.2953 Head 0 1.6 0.78 346.575 290.7 4.388793E-07 -0.09615629 -0.5646647 -0.06645774 0.8170013
5.2953 FirstCar -6.454273 0.025 2.97 0 90 0 0 0.7071068 0 0.7071068 13.8889 0
5.2953 SecondCar -38.65249 0.025 2.97 0 90 0 0 0.7071068 0 0.7071068 13.8889 0
5.2956 Head 0 1.6 0.78 346.575 290.7 4.388793E-07 -0.09615629 -0.5646647 -0.06645774 0.8170013
5.2956 FirstCar -6.449453 0.025 2.97 0 90 0 0 0.7071068 0 0.7071068 13.8889 0
5.2956 SecondCar -38.64767 0.025 2.97 0 90 0 0 0.7071068 0 0.7071068 13.8889 0
5.2960 Head 0 1.6 0.78 346.575 290.7 4.388793E-07 -0.09615629 -0.5646647 -0.06645774 0.8170013
5.2960 FirstCar -6.444495 0.025 2.97 0 90 0 0 0.7071068 0 0.7071068 13.8889 0
5.2960 SecondCar -38.64272 0.025 2.97 0 90 0 0 0.7071068 0 0.7071068 13.8889 0
5.2964 Head 0 1.6 0.78 346.575 290.7 4.388793E-07 -0.09615629 -0.5646647 -0.06645774 0.8170013
5.2964 FirstCar -6.439186 0.025 2.97 0 90 0 0 0.7071068 0 0.7071068 13.8889 0
5.2964 SecondCar -38.63741 0.025 2.97 0 90 0 0 0.7071068 0 0.7071068 13.8889 0
5.2967 Head 0 1.6 0.78 346.575 290.7 4.388793E-07 -0.09615629 -0.5646647 -0.06645774 0.8170013
5.2967 FirstCar -6.434392 0.025 2.97 0 90 0 0 0.7071068 0 0.7071068 13.8889 0
5.2967 SecondCar -38.63261 0.025 2.97 0 90 0 0 0.7071068 0 0.7071068 13.8889 0
5.2971 Head 0 1.6 0.78 346.575 290.7 4.388793E-07 -0.09615629 -0.5646647 -0.06645774 0.8170013
5.2971 FirstCar -6.429654 0.025 2.97 0 90 0 0 0.7071068 0 0.7071068 13.8889 0
5.2971 SecondCar -38.62788 0.025 2.97 0 90 0 0 0.7071068 0 0.7071068 13.8889 0
5.2974 Head 0 1.6 0.78 346.575 290.7 4.388793E-07 -0.09615629 -0.5646647 -0.06645774 0.8170013
5.2974 FirstCar -6.424837 0.025 2.97 0 90 0 0 0.7071068 0 0.7071068 13.8889 0
5.2974 SecondCar -38.62306 0.025 2.97 0 90 0 0 0.7071068 0 0.7071068 13.8889 0
5.2978 Head 0 1.6 0.78 346.575 290.7 4.388793E-07 -0.09615629 -0.5646647 -0.06645774 0.8170013
5.2978 FirstCar -6.419137 0.025 2.97 0 90 0 0 0.7071068 0 0.7071068 13.8889 0
5.2978 SecondCar -38.61736 0.025 2.97 0 90 0 0 0.7071068 0 0.7071068 13.8889 0
5.2983 Head 0 1.6 0.78 346.575 290.7 4.388793E-07 -0.09615629 -0.5646647 -0.06645774 0.8170013
5.2983 FirstCar -6.41194 0.025 2.97 0 90 0 0 0.7071068 0 0.7071068 13.8889 0
5.2983 SecondCar -38.61016 0.025 2.97 0 90 0 0 0.7071068 0 0.7071068 13.8889 0
5.2987 Head 0 1.6 0.78 346.575 290.7 4.388793E-07 -0.09615629 -0.5646647 -0.06645774 0.8170013
5.2987 FirstCar -6.406842 0.025 2.97 0 90 0 0 0.7071068 0 0.7071068 13.8889 0
5.2987 SecondCar -38.60506 0.025 2.97 0 90 0 0 0.7071068 0 0.7071068 13.8889 0
5.2991 Head 0 1.6 0.78 346.575 290.7 4.388793E-07 -0.09615629 -0.5646647 -0.06645774 0.8170013
5.2991 FirstCar -6.401719 0.025 2.97 0 90 0 0 0.7071068 0 0.7071068 13.8889 0
5.2991 SecondCar -38.59994 0.025 2.97 0 90 0 0 0.7071068 0 0.7071068 13.8889 0
5.3014 Head 0 1.6 0.78 346.575 290.7 4.388793E-07 -0.09615629 -0.5646647 -0.06645774 0.8170013
5.3014 FirstCar -6.368767 0.025 2.97 0 90 0 0 0.7071068 0 0.7071068 13.8889 0
5.3014 SecondCar -38.56699 0.025 2.97 0 90 0 0 0.7071068 0 0.7071068 13.8889 0
5.3036 Head 0 1.6 0.78 12.15 309.525 -4.366682E-07 0.09572852 -0.4239773 0.045123 0.8994683
5.3036 FirstCar -6.338919 0.025 2.97 0 90 0 0 0.7071068 0 0.7071068 13.8889 0
5.3036 SecondCar -38.53714 0.025 2.97 0 90 0 0 0.7071068 0 0.7071068 13.8889 0
5.3056 Head 0 1.6 0.78 12.15 309.525 -4.366682E-07 0.09572852 -0.4239773 0.045123 0.8994683
5.3056 FirstCar -6.310649 0.025 2.97 0 90 0 0 0.7071068 0 0.7071068 13.8889 0
5.3056 SecondCar -38.50887 0.025 2.97 0 90 0 0 0.7071068 0 0.7071068 13.8889 0
5.3072 Head 0 1.6 0.78 12.15 309.525 -4.366682E-07 0.09572852 -0.4239773 0.045123 0.8994683
5.3072 FirstCar -6.28923 0.025 2.97 0 90 0 0 0.7071068 0 0.7071068 13.8889 0
5.3072 SecondCar -38.48745 0.025 2.97 0 90 0 0 0.7071068 0 0.7071068 13.8889 0
5.3088 Head 0 1.6 0.78 12.15 309.525 -4.366682E-07 0.09572852 -0.4239773 0.045123 0.8994683
5.3088 FirstCar -6.266144 0.025 2.97 0 90 0 0 0.7071068 0 0.7071068 13.8889 0
5.3088 SecondCar -38.46436 0.025 2.97 0 90 0 0 0.7071068 0 0.7071068 13.8889 0
5.3113 Head 0 1.6 0.78 12.15 309.525 -4.366682E-07 0.09572852 -0.4239773 0.045123 0.8994683
5.3113 FirstCar -6.232027 0.025 2.97 0 90 0 0 0.7071068 0 0.7071068 13.8889 0
5.3113 SecondCar -38.43025 0.025 2.97 0 90 0 0 0.7071068 0 0.7071068 13.8889 0
5.3172 Head 0 1.6 0.78 12.15 309.525 -4.366682E-07 0.09572852 -0.4239773 0.045123 0.8994683
5.3172 FirstCar -6.150383 0.025 2.97 0 90 0 0 0.7071068 0 0.7071068 13.8889 0
5.3172 SecondCar -38.3486 0.025 2.97 0 90 0 0 0.7071068 0 0.7071068 13.8889 0
5.3205 Head 0 1.6 0.78 12.15 309.525 -4.366682E-07 0.09572852 -0.4239773 0.045123 0.8994683
5.3205 FirstCar -6.104364 0.025 2.97 0 90 0 0 0.7071068 0 0.7071068 13.8889 0
5.3205 SecondCar -38.30259 0.025 2.97 0 90 0 0 0.7071068 0 0.7071068 13.8889 0
5.3225 Head 0 1.6 0.78 12.15 309.525 -4.366682E-07 0.09572852 -0.4239773 0.045123 0.8994683
5.3225 FirstCar -6.076243 0.025 2.97 0 90 0 0 0.7071068 0 0.7071068 13.8889 0
5.3225 SecondCar -38.27446 0.025 2.97 0 90 0 0 0.7071068 0 0.7071068 13.8889 0
5.3241 Head 0 1.6 0.78 12.15 309.525 -4.366682E-07 0.09572852 -0.4239773 0.045123 0.8994683
5.3241 FirstCar -6.054218 0.025 2.97 0 90 0 0 0.7071068 0 0.7071068 13.8889 0
5.3241 SecondCar -38.25244 0.025 2.97 0 90 0 0 0.7071068 0 0.7071068 13.8889 0
5.3257 Head 0 1.6 0.78 12.15 309.525 -4.366682E-07 0.09572852 -0.4239773 0.045123 0.8994683
5.3257 FirstCar -6.031817 0.025 2.97 0 90 0 0 0.7071068 0 0.7071068 13.8889 0
5.3257 SecondCar -38.23004 0.025 2.97 0 90 0 0 0.7071068 0 0.7071068 13.8889 0
5.3273 Head 0 1.6 0.78 12.15 309.525 -4.366682E-07 0.09572852 -0.4239773 0.045123 0.8994683
5.3273 FirstCar -6.009125 0.025 2.97 0 90 0 0 0.7071068 0 0.7071068 13.8889 0
5.3273 SecondCar -38.20735 0.025 2.97 0 90 0 0 0.7071068 0 0.7071068 13.8889 0
5.3291 Head 0 1.6 0.78 12.15 309.525 -4.366682E-07 0.09572852 -0.4239773 0.045123 0.8994683
5.3291 FirstCar -5.984075 0.025 2.97 0 90 0 0 0.7071068 0 0.7071068 13.8889 0
5.3291 SecondCar -38.1823 0.025 2.97 0 90 0 0 0.7071068 0 0.7071068 13.8889 0
5.3313 Head 0 1.6 0.78 12.15 309.525 -4.366682E-07 0.09572852 -0.4239773 0.045123 0.8994683
5.3313 FirstCar -5.954743 0.025 2.97 0 90 0 0 0.7071068 0 0.7071068 13.8889 0
5.3313 SecondCar -38.15297 0.025 2.97 0 90 0 0 0.7071068 0 0.7071068 13.8889 0
5.3329 Head 0 1.6 0.78 12.15 309.525 -4.366682E-07 0.09572852 -0.4239773 0.045123 0.8994683
5.3329 FirstCar -5.932119 0.025 2.97 0 90 0 0 0.7071068 0 0.7071068 13.8889 0
5.3329 SecondCar -38.13034 0.025 2.97 0 90 0 0 0.7071068 0 0.7071068 13.8889 0
5.3346 Head 0 1.6 0.78 12.15 309.525 -4.366682E-07 0.09572852 -0.4239773 0.045123 0.8994683
5.3346 FirstCar -5.90891 0.025 2.97 0 90 0 0 0.7071068 0 0.7071068 13.8889 0
5.3346 SecondCar -38.10713 0.025 2.97 0 90 0 0 0.7071068 0 0.7071068 13.8889 0
5.3361 Head 0 1.6 0.78 12.15 309.525 -4.366682E-07 0.09572852 -0.4239773 0.045123 0.8994683
5.3361 FirstCar -5.886868 0.025 2.97 0 90 0 0 0.7071068 0 0.7071068 13.8889 0
5.3361 SecondCar -38.08509 0.025 2.97 0 90 0 0 0.7071068 0 0.7071068 13.8889 0
5.3378 Head 0 1.6 0.78 12.15 309.525 -4.366682E-07 0.09572852 -0.4239773 0.045123 0.8994683
5.3378 FirstCar -5.864158 0.025 2.97 0 90 0 0 0.7071068 0 0.7071068 13.8889 0
5.3378 SecondCar -38.06238 0.025 2.97 0 90 0 0 0.7071068 0 0.7071068 13.8889 0
5.3398 Head 0 1.6 0.78 12.15 309.525 -4.366682E-07 0.09572852 -0.4239773 0.045123 0.8994683
5.3398 FirstCar -5.835792 0.025 2.97 0 90 0 0 0.7071068 0 0.7071068 13.8889 0
5.3398 SecondCar -38.03402 0.025 2.97 0 90 0 0 0.7071068 0 0.7071068 13.8889 0
5.3416 Head 0 1.6 0.78 12.15 309.525 -4.366682E-07 0.09572852 -0.4239773 0.045123 0.8994683
5.3416 FirstCar -5.810587 0.025 2.97 0 90 0 0 0.7071068 0 0.7071068 13.8889 0
5.3416 SecondCar -38.00881 0.025 2.97 0 90 0 0 0.7071068 0 0.7071068 13.8889 0
5.3433 Head 0 1.6 0.78 12.15 309.525 -4.366682E-07 0.09572852 -0.4239773 0.045123 0.8994683
5.3433 FirstCar -5.787766 0.025 2.97 0 90 0 0 0.7071068 0 0.7071068 13.8889 0
5.3433 SecondCar -37.98599 0.025 2.97 0 90 0 0 0.7071068 0 0.7071068 13.8889 0
5.3448 Head 0 1.6 0.78 12.15 309.525 -4.366682E-07 0.09572852 -0.4239773 0.045123 0.8994683
5.3448 FirstCar -5.766112 0.025 2.97 0 90 0 0 0.7071068 0 0.7071068 13.8889 0
5.3448 SecondCar -37.96434 0.025 2.97 0 90 0 0 0.7071068 0 0.7071068 13.8889 0
5.3464 Head 0 1.6 0.78 12.15 309.525 -4.366682E-07 0.09572852 -0.4239773 0.045123 0.8994683
5.3464 FirstCar -5.744907 0.025 2.97 0 90 0 0 0.7071068 0 0.7071068 13.8889 0
5.3464 SecondCar -37.94313 0.025 2.97 0 90 0 0 0.7071068 0 0.7071068 13.8889 0
5.3479 Head 0 1.6 0.78 12.15 309.525 -4.366682E-07 0.09572852 -0.4239773 0.045123 0.8994683
5.3479 FirstCar -5.723229 0.025 2.97 0 90 0 0 0.7071068 0 0.7071068 13.8889 0
5.3479 SecondCar -37.92145 0.025 2.97 0 90 0 0 0.7071068 0 0.7071068 13.8889 0
5.3495 Head 0 1.6 0.78 12.15 309.525 -4.366682E-07 0.09572852 -0.4239773 0.045123 0.8994683
5.3495 FirstCar -5.700799 0.025 2.97 0 90 0 0 0.7071068 0 0.7071068 13.8889 0
5.3495 SecondCar -37.89902 0.025 2.97 0 90 0 0 0.7071068 0 0.7071068 13.8889 0
5.3514 Head 0 1.6 0.78 12.15 309.525 -4.366682E-07 0.09572852 -0.4239773 0.045123 0.8994683
5.3514 FirstCar -5.674706 0.025 2.97 0 90 0 0 0.7071068 0 0.7071068 13.8889 0
5.3514 SecondCar -37.87293 0.025 2.97 0 90 0 0 0.7071068 0 0.7071068 13.8889 0
5.3531 Head 0 1.6 0.78 12.15 309.525 -4.366682E-07 0.09572852 -0.4239773 0.045123 0.8994683
5.3531 FirstCar -5.650665 0.025 2.97 0 90 0 0 0.7071068 0 0.7071068 13.8889 0
5.3531 SecondCar -37.84889 0.025 2.97 0 90 0 0 0.7071068 0 0.7071068 13.8889 0
5.3548 Head 0 1.6 0.78 12.15 309.525 -4.366682E-07 0.09572852 -0.4239773 0.045123 0.8994683
5.3548 FirstCar -5.62785 0.025 2.97 0 90 0 0 0.7071068 0 0.7071068 13.8889 0
5.3548 SecondCar -37.82607 0.025 2.97 0 90 0 0 0.7071068 0 0.7071068 13.8889 0
5.3564 Head 0 1.6 0.78 12.15 309.525 -4.366682E-07 0.09572852 -0.4239773 0.045123 0.8994683
5.3564 FirstCar -5.605499 0.025 2.97 0 90 0 0 0.7071068 0 0.7071068 13.8889 0
5.3564 SecondCar -37.80372 0.025 2.97 0 90 0 0 0.7071068 0 0.7071068 13.8889 0
5.3580 Head 0 1.6 0.78 12.15 309.525 -4.366682E-07 0.09572852 -0.4239773 0.045123 0.8994683
5.3580 FirstCar -5.582854 0.025 2.97 0 90 0 0 0.7071068 0 0.7071068 13.8889 0
5.3580 SecondCar -37.78108 0.025 2.97 0 90 0 0 0.7071068 0 0.7071068 13.8889 0
5.3598 Head 0 1.6 0.78 12.15 309.525 -4.366682E-07 0.09572852 -0.4239773 0.045123 0.8994683
5.3598 FirstCar -5.558676 0.025 2.97 0 90 0 0 0.7071068 0 0.7071068 13.8889 0
5.3598 SecondCar -37.7569 0.025 2.97 0 90 0 0 0.7071068 0 0.7071068 13.8889 0
5.3629 Head 0 1.6 0.78 12.15 309.525 -4.366682E-07 0.09572852 -0.4239773 0.045123 0.8994683
5.3629 FirstCar -5.515758 0.025 2.97 0 90 0 0 0.7071068 0 0.7071068 13.8889 0
5.3629 SecondCar -37.71398 0.025 2.97 0 90 0 0 0.7071068 0 0.7071068 13.8889 0
5.3648 Head 0 1.6 0.78 12.15 309.525 -4.366682E-07 0.09572852 -0.4239773 0.045123 0.8994683
5.3648 FirstCar -5.488618 0.025 2.97 0 90 0 0 0.7071068 0 0.7071068 13.8889 0
5.3648 SecondCar -37.68684 0.025 2.97 0 90 0 0 0.7071068 0 0.7071068 13.8889 0
5.3669 Head 0 1.6 0.78 12.15 309.525 -4.366682E-07 0.09572852 -0.4239773 0.045123 0.8994683
5.3669 FirstCar -5.460303 0.025 2.97 0 90 0 0 0.7071068 0 0.7071068 13.8889 0
5.3669 SecondCar -37.65852 0.025 2.97 0 90 0 0 0.7071068 0 0.7071068 13.8889 0
5.3688 Head 0 1.6 0.78 12.15 309.525 -4.366682E-07 0.09572852 -0.4239773 0.045123 0.8994683
5.3688 FirstCar -5.433721 0.025 2.97 0 90 0 0 0.7071068 0 0.7071068 13.8889 0
5.3688 SecondCar -37.63194 0.025 2.97 0 90 0 0 0.7071068 0 0.7071068 13.8889 0
5.3709 Head 0 1.6 0.78 12.15 309.525 -4.366682E-07 0.09572852 -0.4239773 0.045123 0.8994683
5.3709 FirstCar -5.404547 0.025 2.97 0 90 0 0 0.7071068 0 0.7071068 13.8889 0
5.3709 SecondCar -37.60277 0.025 2.97 0 90 0 0 0.7071068 0 0.7071068 13.8889 0
5.3727 Head 0 1.6 0.78 12.15 309.525 -4.366682E-07 0.09572852 -0.4239773 0.045123 0.8994683
5.3727 FirstCar -5.378669 0.025 2.97 0 90 0 0 0.7071068 0 0.7071068 13.8889 0
5.3727 SecondCar -37.57689 0.025 2.97 0 90 0 0 0.7071068 0 0.7071068 13.8889 0
5.3745 Head 0 1.6 0.78 12.15 309.525 -4.366682E-07 0.09572852 -0.4239773 0.045123 0.8994683
5.3745 FirstCar -5.354633 0.025 2.97 0 90 0 0 0.7071068 0 0.7071068 13.8889 0
5.3745 SecondCar -37.55285 0.025 2.97 0 90 0 0 0.7071068 0 0.7071068 13.8889 0
5.3762 Head 0 1.6 0.78 12.15 309.525 -4.366682E-07 0.09572852 -0.4239773 0.045123 0.8994683
5.3762 FirstCar -5.330636 0.025 2.97 0 90 0 0 0.7071068 0 0.7071068 13.8889 0
5.3762 SecondCar -37.52885 0.025 2.97 0 90 0 0 0.7071068 0 0.7071068 13.8889 0
5.3778 Head 0 1.6 0.78 12.15 309.525 -4.366682E-07 0.09572852 -0.4239773 0.045123 0.8994683
5.3778 FirstCar -5.308826 0.025 2.97 0 90 0 0 0.7071068 0 0.7071068 13.8889 0
5.3778 SecondCar -37.50705 0.025 2.97 0 90 0 0 0.7071068 0 0.7071068 13.8889 0
5.3794 Head 0 1.6 0.78 12.15 309.525 -4.366682E-07 0.09572852 -0.4239773 0.045123 0.8994683
5.3794 FirstCar -5.286413 0.025 2.97 0 90 0 0 0.7071068 0 0.7071068 13.8889 0
5.3794 SecondCar -37.48463 0.025 2.97 0 90 0 0 0.7071068 0 0.7071068 13.8889 0
5.3818 Head 0 1.6 0.78 12.15 309.525 -4.366682E-07 0.09572852 -0.4239773 0.045123 0.8994683
5.3818 FirstCar -5.253156 0.025 2.97 0 90 0 0 0.7071068 0 0.7071068 13.8889 0
5.3818 SecondCar -37.45137 0.025 2.97 0 90 0 0 0.7071068 0 0.7071068 13.8889 0
5.3835 Head 0 1.6 0.78 12.15 309.525 -4.366682E-07 0.09572852 -0.4239773 0.045123 0.8994683
5.3835 FirstCar -5.229044 0.025 2.97 0 90 0 0 0.7071068 0 0.7071068 13.8889 0
5.3835 SecondCar -37.42726 0.025 2.97 0 90 0 0 0.7071068 0 0.7071068 13.8889 0
5.3851 Head 0 1.6 0.78 12.15 309.525 -4.366682E-07 0.09572852 -0.4239773 0.045123 0.8994683
5.3851 FirstCar -5.206701 0.025 2.97 0 90 0 0 0.7071068 0 0.7071068 13.8889 0
5.3851 SecondCar -37.40492 0.025 2.97 0 90 0 0 0.7071068 0 0.7071068 13.8889 0
5.3868 Head 0 1.6 0.78 12.15 309.525 -4.366682E-07 0.09572852 -0.4239773 0.045123 0.8994683
5.3868 FirstCar -5.183887 0.025 2.97 0 90 0 0 0.7071068 0 0.7071068 13.8889 0
5.3868 SecondCar -37.3821 0.025 2.97 0 90 0 0 0.7071068 0 0.7071068 13.8889 0
5.3884 Head 0 1.6 0.78 12.15 309.525 -4.366682E-07 0.09572852 -0.4239773 0.045123 0.8994683
5.3884 FirstCar -5.160862 0.025 2.97 0 90 0 0 0.7071068 0 0.7071068 13.8889 0
5.3884 SecondCar -37.35908 0.025 2.97 0 90 0 0 0.7071068 0 0.7071068 13.8889 0
5.3905 Head 0 1.6 0.78 12.15 309.525 -4.366682E-07 0.09572852 -0.4239773 0.045123 0.8994683
5.3905 FirstCar -5.131986 0.025 2.97 0 90 0 0 0.7071068 0 0.7071068 13.8889 0
5.3905 SecondCar -37.3302 0.025 2.97 0 90 0 0 0.7071068 0 0.7071068 13.8889 0
5.3922 Head 0 1.6 0.78 12.15 309.525 -4.366682E-07 0.09572852 -0.4239773 0.045123 0.8994683
5.3922 FirstCar -5.108658 0.025 2.97 0 90 0 0 0.7071068 0 0.7071068 13.8889 0
5.3922 SecondCar -37.30687 0.025 2.97 0 90 0 0 0.7071068 0 0.7071068 13.8889 0
5.3938 Head 0 1.6 0.78 12.15 309.525 -4.366682E-07 0.09572852 -0.4239773 0.045123 0.8994683
5.3938 FirstCar -5.085551 0.025 2.97 0 90 0 0 0.7071068 0 0.7071068 13.8889 0
5.3938 SecondCar -37.28377 0.025 2.97 0 90 0 0 0.7071068 0 0.7071068 13.8889 0
5.3956 Head 0 1.6 0.78 12.15 309.525 -4.366682E-07 0.09572852 -0.4239773 0.045123 0.8994683
5.3956 FirstCar -5.061115 0.025 2.97 0 90 0 0 0.7071068 0 0.7071068 13.8889 0
5.3956 SecondCar -37.25933 0.025 2.97 0 90 0 0 0.7071068 0 0.7071068 13.8889 0
5.3977 Head 0 1.6 0.78 12.15 309.525 -4.366682E-07 0.09572852 -0.4239773 0.045123 0.8994683
5.3977 FirstCar -5.031789 0.025 2.97 0 90 0 0 0.7071068 0 0.7071068 13.8889 0
5.3977 SecondCar -37.23 0.025 2.97 0 90 0 0 0.7071068 0 0.7071068 13.8889 0
5.3998 Head 0 1.6 0.78 12.15 309.525 -4.366682E-07 0.09572852 -0.4239773 0.045123 0.8994683
5.3998 FirstCar -5.002965 0.025 2.97 0 90 0 0 0.7071068 0 0.7071068 13.8889 0
5.3998 SecondCar -37.20118 0.025 2.97 0 90 0 0 0.7071068 0 0.7071068 13.8889 0
5.4015 Head 0 1.6 0.78 12.15 309.525 -4.366682E-07 0.09572852 -0.4239773 0.045123 0.8994683
5.4015 FirstCar -4.979122 0.025 2.97 0 90 0 0 0.7071068 0 0.7071068 13.8889 0
5.4015 SecondCar -37.17734 0.025 2.97 0 90 0 0 0.7071068 0 0.7071068 13.8889 0
5.4031 Head 0 1.6 0.78 12.15 309.525 -4.366682E-07 0.09572852 -0.4239773 0.045123 0.8994683
5.4031 FirstCar -4.956588 0.025 2.97 0 90 0 0 0.7071068 0 0.7071068 13.8889 0
5.4031 SecondCar -37.1548 0.025 2.97 0 90 0 0 0.7071068 0 0.7071068 13.8889 0
5.4047 Head 0 1.6 0.78 12.15 309.525 -4.366682E-07 0.09572852 -0.4239773 0.045123 0.8994683
5.4047 FirstCar -4.934858 0.025 2.97 0 90 0 0 0.7071068 0 0.7071068 13.8889 0
5.4047 SecondCar -37.13307 0.025 2.97 0 90 0 0 0.7071068 0 0.7071068 13.8889 0
5.4063 Head 0 1.6 0.78 12.15 309.525 -4.366682E-07 0.09572852 -0.4239773 0.045123 0.8994683
5.4063 FirstCar -4.912752 0.025 2.97 0 90 0 0 0.7071068 0 0.7071068 13.8889 0
5.4063 SecondCar -37.11097 0.025 2.97 0 90 0 0 0.7071068 0 0.7071068 13.8889 0
5.4080 Head 0 1.6 0.78 12.15 309.525 -4.366682E-07 0.09572852 -0.4239773 0.045123 0.8994683
5.4080 FirstCar -4.888409 0.025 2.97 0 90 0 0 0.7071068 0 0.7071068 13.8889 0
5.4080 SecondCar -37.08662 0.025 2.97 0 90 0 0 0.7071068 0 0.7071068 13.8889 0
5.4097 Head 0 1.6 0.78 12.15 309.525 -4.366682E-07 0.09572852 -0.4239773 0.045123 0.8994683
5.4097 FirstCar -4.86476 0.025 2.97 0 90 0 0 0.7071068 0 0.7071068 13.8889 0
5.4097 SecondCar -37.06298 0.025 2.97 0 90 0 0 0.7071068 0 0.7071068 13.8889 0
5.4120 Head 0 1.6 0.78 12.15 309.525 -4.366682E-07 0.09572852 -0.4239773 0.045123 0.8994683
5.4120 FirstCar -4.833518 0.025 2.97 0 90 0 0 0.7071068 0 0.7071068 13.8889 0
5.4120 SecondCar -37.03173 0.025 2.97 0 90 0 0 0.7071068 0 0.7071068 13.8889 0
5.4139 Head 0 1.6 0.78 12.15 309.525 -4.366682E-07 0.09572852 -0.4239773 0.045123 0.8994683
5.4139 FirstCar -4.80718 0.025 2.97 0 90 0 0 0.7071068 0 0.7071068 13.8889 0
5.4139 SecondCar -37.0054 0.025 2.97 0 90 0 0 0.7071068 0 0.7071068 13.8889 0
5.4155 Head 0 1.6 0.78 12.15 309.525 -4.366682E-07 0.09572852 -0.4239773 0.045123 0.8994683
5.4155 FirstCar -4.784356 0.025 2.97 0 90 0 0 0.7071068 0 0.7071068 13.8889 0
5.4155 SecondCar -36.98257 0.025 2.97 0 90 0 0 0.7071068 0 0.7071068 13.8889 0
5.4171 Head 0 1.6 0.78 12.15 309.525 -4.366682E-07 0.09572852 -0.4239773 0.045123 0.8994683
5.4171 FirstCar -4.762282 0.025 2.97 0 90 0 0 0.7071068 0 0.7071068 13.8889 0
5.4171 SecondCar -36.9605 0.025 2.97 0 90 0 0 0.7071068 0 0.7071068 13.8889 0
5.4188 Head 0 1.6 0.78 12.15 309.525 -4.366682E-07 0.09572852 -0.4239773 0.045123 0.8994683
5.4188 FirstCar -4.738652 0.025 2.97 0 90 0 0 0.7071068 0 0.7071068 13.8889 0
5.4188 SecondCar -36.93687 0.025 2.97 0 90 0 0 0.7071068 0 0.7071068 13.8889 0
5.4205 Head 0 1.6 0.78 12.15 309.525 -4.366682E-07 0.09572852 -0.4239773 0.045123 0.8994683
5.4205 FirstCar -4.714914 0.025 2.97 0 90 0 0 0.7071068 0 0.7071068 13.8889 0
5.4205 SecondCar -36.91313 0.025 2.97 0 90 0 0 0.7071068 0 0.7071068 13.8889 0
5.4224 Head 0 1.6 0.78 12.15 309.525 -4.366682E-07 0.09572852 -0.4239773 0.045123 0.8994683
5.4224 FirstCar -4.689202 0.025 2.97 0 90 0 0 0.7071068 0 0.7071068 13.8889 0
5.4224 SecondCar -36.88742 0.025 2.97 0 90 0 0 0.7071068 0 0.7071068 13.8889 0
5.4241 Head 0 1.6 0.78 12.15 309.525 -4.366682E-07 0.09572852 -0.4239773 0.045123 0.8994683
5.4241 FirstCar -4.665678 0.025 2.97 0 90 0 0 0.7071068 0 0.7071068 13.8889 0
5.4241 SecondCar -36.8639 0.025 2.97 0 90 0 0 0.7071068 0 0.7071068 13.8889 0
5.4257 Head 0 1.6 0.78 12.15 309.525 -4.366682E-07 0.09572852 -0.4239773 0.045123 0.8994683
5.4257 FirstCar -4.642953 0.025 2.97 0 90 0 0 0.7071068 0 0.7071068 13.8889 0
5.4257 SecondCar -36.84117 0.025 2.97 0 90 0 0 0.7071068 0 0.7071068 13.8889 0
5.4277 Head 0 1.6 0.78 12.15 309.525 -4.366682E-07 0.09572852 -0.4239773 0.045123 0.8994683
5.4277 FirstCar -4.615668 0.025 2.97 0 90 0 0 0.7071068 0 0.7071068 13.8889 0
5.4277 SecondCar -36.81388 0.025 2.97 0 90 0 0 0.7071068 0 0.7071068 13.8889 0
5.4296 Head 0 1.6 0.78 12.15 309.525 -4.366682E-07 0.09572852 -0.4239773 0.045123 0.8994683
5.4296 FirstCar -4.588347 0.025 2.97 0 90 0 0 0.7071068 0 0.7071068 13.8889 0
5.4296 SecondCar -36.78656 0.025 2.97 0 90 0 0 0.7071068 0 0.7071068 13.8889 0
5.4320 Head 0 1.6 0.78 12.15 309.525 -4.366682E-07 0.09572852 -0.4239773 0.045123 0.8994683
5.4320 FirstCar -4.555868 0.025 2.97 0 90 0 0 0.7071068 0 0.7071068 13.8889 0
5.4320 SecondCar -36.75409 0.025 2.97 0 90 0 0 0.7071068 0 0.7071068 13.8889 0
5.4341 Head 0 1.6 0.78 12.15 309.525 -4.366682E-07 0.09572852 -0.4239773 0.045123 0.8994683
5.4341 FirstCar -4.526268 0.025 2.97 0 90 0 0 0.7071068 0 0.7071068 13.8889 0
5.4341 SecondCar -36.72449 0.025 2.97 0 90 0 0 0.7071068 0 0.7071068 13.8889 0
5.4365 Head 0 1.6 0.78 12.15 309.525 -4.366682E-07 0.09572852 -0.4239773 0.045123 0.8994683
5.4365 FirstCar -4.493621 0.025 2.97 0 90 0 0 0.7071068 0 0.7071068 13.8889 0
5.4365 SecondCar -36.69184 0.025 2.97 0 90 0 0 0.7071068 0 0.7071068 13.8889 0
5.4382 Head 0 1.6 0.78 12.15 309.525 -4.366682E-07 0.09572852 -0.4239773 0.045123 0.8994683
5.4382 FirstCar -4.469461 0.025 2.97 0 90 0 0 0.7071068 0 0.7071068 13.8889 0
5.4382 SecondCar -36.66768 0.025 2.97 0 90 0 0 0.7071068 0 0.7071068 13.8889 0
5.4402 Head 0 1.6 0.78 12.15 309.525 -4.366682E-07 0.09572852 -0.4239773 0.045123 0.8994683
5.4402 FirstCar -4.441273 0.025 2.97 0 90 0 0 0.7071068 0 0.7071068 13.8889 0
5.4402 SecondCar -36.6395 0.025 2.97 0 90 0 0 0.7071068 0 0.7071068 13.8889 0
5.4421 Head 0 1.6 0.78 12.15 309.525 -4.366682E-07 0.09572852 -0.4239773 0.045123 0.8994683
5.4421 FirstCar -4.415908 0.025 2.97 0 90 0 0 0.7071068 0 0.7071068 13.8889 0
5.4421 SecondCar -36.61413 0.025 2.97 0 90 0 0 0.7071068 0 0.7071068 13.8889 0
5.4439 Head 0 1.6 0.78 12.15 309.525 -4.366682E-07 0.09572852 -0.4239773 0.045123 0.8994683
5.4439 FirstCar -4.390644 0.025 2.97 0 90 0 0 0.7071068 0 0.7071068 13.8889 0
5.4439 SecondCar -36.58887 0.025 2.97 0 90 0 0 0.7071068 0 0.7071068 13.8889 0
5.4455 Head 0 1.6 0.78 12.15 309.525 -4.366682E-07 0.09572852 -0.4239773 0.045123 0.8994683
5.4455 FirstCar -4.367464 0.025 2.97 0 90 0 0 0.7071068 0 0.7071068 13.8889 0
5.4455 SecondCar -36.56569 0.025 2.97 0 90 0 0 0.7071068 0 0.7071068 13.8889 0
5.4472 Head 0 1.6 0.78 12.15 309.525 -4.366682E-07 0.09572852 -0.4239773 0.045123 0.8994683
5.4472 FirstCar -4.343773 0.025 2.97 0 90 0 0 0.7071068 0 0.7071068 13.8889 0
5.4472 SecondCar -36.542 0.025 2.97 0 90 0 0 0.7071068 0 0.7071068 13.8889 0
5.4491 Head 0 1.6 0.78 12.15 309.525 -4.366682E-07 0.09572852 -0.4239773 0.045123 0.8994683
5.4491 FirstCar -4.317889 0.025 2.97 0 90 0 0 0.7071068 0 0.7071068 13.8889 0
5.4491 SecondCar -36.51611 0.025 2.97 0 90 0 0 0.7071068 0 0.7071068 13.8889 0
5.4511 Head 0 1.6 0.78 12.15 309.525 -4.366682E-07 0.09572852 -0.4239773 0.045123 0.8994683
5.4511 FirstCar -4.28953 0.025 2.97 0 90 0 0 0.7071068 0 0.7071068 13.8889 0
5.4511 SecondCar -36.48775 0.025 2.97 0 90 0 0 0.7071068 0 0.7071068 13.8889 0
5.4528 Head 0 1.6 0.78 12.15 309.525 -4.366682E-07 0.09572852 -0.4239773 0.045123 0.8994683
5.4528 FirstCar -4.26642 0.025 2.97 0 90 0 0 0.7071068 0 0.7071068 13.8889 0
5.4528 SecondCar -36.46464 0.025 2.97 0 90 0 0 0.7071068 0 0.7071068 13.8889 0
5.4544 Head 0 1.6 0.78 12.15 309.525 -4.366682E-07 0.09572852 -0.4239773 0.045123 0.8994683
5.4544 FirstCar -4.244444 0.025 2.97 0 90 0 0 0.7071068 0 0.7071068 13.8889 0
5.4544 SecondCar -36.44267 0.025 2.97 0 90 0 0 0.7071068 0 0.7071068 13.8889 0
5.4561 Head 0 1.6 0.78 12.15 309.525 -4.366682E-07 0.09572852 -0.4239773 0.045123 0.8994683
5.4561 FirstCar -4.220942 0.025 2.97 0 90 0 0 0.7071068 0 0.7071068 13.8889 0
5.4561 SecondCar -36.41916 0.025 2.97 0 90 0 0 0.7071068 0 0.7071068 13.8889 0
5.4578 Head 0 1.6 0.78 12.15 309.525 -4.366682E-07 0.09572852 -0.4239773 0.045123 0.8994683
5.4578 FirstCar -4.196923 0.025 2.97 0 90 0 0 0.7071068 0 0.7071068 13.8889 0
5.4578 SecondCar -36.39514 0.025 2.97 0 90 0 0 0.7071068 0 0.7071068 13.8889 0
5.4595 Head 0 1.6 0.78 12.15 309.525 -4.366682E-07 0.09572852 -0.4239773 0.045123 0.8994683
5.4595 FirstCar -4.174015 0.025 2.97 0 90 0 0 0.7071068 0 0.7071068 13.8889 0
5.4595 SecondCar -36.37223 0.025 2.97 0 90 0 0 0.7071068 0 0.7071068 13.8889 0
5.4611 Head 0 1.6 0.78 12.15 309.525 -4.366682E-07 0.09572852 -0.4239773 0.045123 0.8994683
5.4611 FirstCar -4.15101 0.025 2.97 0 90 0 0 0.7071068 0 0.7071068 13.8889 0
5.4611 SecondCar -36.34923 0.025 2.97 0 90 0 0 0.7071068 0 0.7071068 13.8889 0
5.4627 Head 0 1.6 0.78 12.15 309.525 -4.366682E-07 0.09572852 -0.4239773 0.045123 0.8994683
5.4627 FirstCar -4.128767 0.025 2.97 0 90 0 0 0.7071068 0 0.7071068 13.8889 0
5.4627 SecondCar -36.32698 0.025 2.97 0 90 0 0 0.7071068 0 0.7071068 13.8889 0
5.4643 Head 0 1.6 0.78 12.15 309.525 -4.366682E-07 0.09572852 -0.4239773 0.045123 0.8994683
5.4643 FirstCar -4.107297 0.025 2.97 0 90 0 0 0.7071068 0 0.7071068 13.8889 0
5.4643 SecondCar -36.30552 0.025 2.97 0 90 0 0 0.7071068 0 0.7071068 13.8889 0
5.4659 Head 0 1.6 0.78 12.15 309.525 -4.366682E-07 0.09572852 -0.4239773 0.045123 0.8994683
5.4659 FirstCar -4.085019 0.025 2.97 0 90 0 0 0.7071068 0 0.7071068 13.8889 0
5.4659 SecondCar -36.28324 0.025 2.97 0 90 0 0 0.7071068 0 0.7071068 13.8889 0
5.4675 Head 0 1.6 0.78 12.15 309.525 -4.366682E-07 0.09572852 -0.4239773 0.045123 0.8994683
5.4675 FirstCar -4.062831 0.025 2.97 0 90 0 0 0.7071068 0 0.7071068 13.8889 0
5.4675 SecondCar -36.26105 0.025 2.97 0 90 0 0 0.7071068 0 0.7071068 13.8889 0
5.4691 Head 0 1.6 0.78 12.15 309.525 -4.366682E-07 0.09572852 -0.4239773 0.045123 0.8994683
5.4691 FirstCar -4.039915 0.025 2.97 0 90 0 0 0.7071068 0 0.7071068 13.8889 0
5.4691 SecondCar -36.23814 0.025 2.97 0 90 0 0 0.7071068 0 0.7071068 13.8889 0
5.4710 Head 0 1.6 0.78 12.15 309.525 -4.366682E-07 0.09572852 -0.4239773 0.045123 0.8994683
5.4710 FirstCar -4.013305 0.025 2.97 0 90 0 0 0.7071068 0 0.7071068 13.8889 0
5.4710 SecondCar -36.21152 0.025 2.97 0 90 0 0 0.7071068 0 0.7071068 13.8889 0
5.4728 Head 0 1.6 0.78 12.15 309.525 -4.366682E-07 0.09572852 -0.4239773 0.045123 0.8994683
5.4728 FirstCar -3.988184 0.025 2.97 0 90 0 0 0.7071068 0 0.7071068 13.8889 0
5.4728 SecondCar -36.18641 0.025 2.97 0 90 0 0 0.7071068 0 0.7071068 13.8889 0
5.4746 Head 0 1.6 0.78 12.15 309.525 -4.366682E-07 0.09572852 -0.4239773 0.045123 0.8994683
5.4746 FirstCar -3.963337 0.025 2.97 0 90 0 0 0.7071068 0 0.7071068 13.8889 0
5.4746 SecondCar -36.16156 0.025 2.97 0 90 0 0 0.7071068 0 0.7071068 13.8889 0
5.4764 Head 0 1.6 0.78 12.15 309.525 -4.366682E-07 0.09572852 -0.4239773 0.045123 0.8994683
5.4764 FirstCar -3.939045 0.025 2.97 0 90 0 0 0.7071068 0 0.7071068 13.8889 0
5.4764 SecondCar -36.13726 0.025 2.97 0 90 0 0 0.7071068 0 0.7071068 13.8889 0
5.4781 Head 0 1.6 0.78 12.15 309.525 -4.366682E-07 0.09572852 -0.4239773 0.045123 0.8994683
5.4781 FirstCar -3.915148 0.025 2.97 0 90 0 0 0.7071068 0 0.7071068 13.8889 0
5.4781 SecondCar -36.11337 0.025 2.97 0 90 0 0 0.7071068 0 0.7071068 13.8889 0
5.4802 Head 0 1.6 0.78 12.15 309.525 -4.366682E-07 0.09572852 -0.4239773 0.045123 0.8994683
5.4802 FirstCar -3.886385 0.025 2.97 0 90 0 0 0.7071068 0 0.7071068 13.8889 0
5.4802 SecondCar -36.0846 0.025 2.97 0 90 0 0 0.7071068 0 0.7071068 13.8889 0
5.4819 Head 0 1.6 0.78 12.15 309.525 -4.366682E-07 0.09572852 -0.4239773 0.045123 0.8994683
5.4819 FirstCar -3.862114 0.025 2.97 0 90 0 0 0.7071068 0 0.7071068 13.8889 0
5.4819 SecondCar -36.06033 0.025 2.97 0 90 0 0 0.7071068 0 0.7071068 13.8889 0
5.4836 Head 0 1.6 0.78 12.15 309.525 -4.366682E-07 0.09572852 -0.4239773 0.045123 0.8994683
5.4836 FirstCar -3.839121 0.025 2.97 0 90 0 0 0.7071068 0 0.7071068 13.8889 0
5.4836 SecondCar -36.03734 0.025 2.97 0 90 0 0 0.7071068 0 0.7071068 13.8889 0
5.4852 Head 0 1.6 0.78 12.15 309.525 -4.366682E-07 0.09572852 -0.4239773 0.045123 0.8994683
5.4852 FirstCar -3.816056 0.025 2.97 0 90 0 0 0.7071068 0 0.7071068 13.8889 0
5.4852 SecondCar -36.01428 0.025 2.97 0 90 0 0 0.7071068 0 0.7071068 13.8889 0
5.4868 Head 0 1.6 0.78 12.15 309.525 -4.366682E-07 0.09572852 -0.4239773 0.045123 0.8994683
5.4868 FirstCar -3.793932 0.025 2.97 0 90 0 0 0.7071068 0 0.7071068 13.8889 0
5.4868 SecondCar -35.99215 0.025 2.97 0 90 0 0 0.7071068 0 0.7071068 13.8889 0
5.4886 Head 0 1.6 0.78 12.15 309.525 -4.366682E-07 0.09572852 -0.4239773 0.045123 0.8994683
5.4886 FirstCar -3.769677 0.025 2.97 0 90 0 0 0.7071068 0 0.7071068 13.8889 0
5.4886 SecondCar -35.9679 0.025 2.97 0 90 0 0 0.7071068 0 0.7071068 13.8889 0
5.4908 Head 0 1.6 0.78 12.15 309.525 -4.366682E-07 0.09572852 -0.4239773 0.045123 0.8994683
5.4908 FirstCar -3.738398 0.025 2.97 0 90 0 0 0.7071068 0 0.7071068 13.8889 0
5.4908 SecondCar -35.93662 0.025 2.97 0 90 0 0 0.7071068 0 0.7071068 13.8889 0
5.4935 Head 0 1.6 0.78 12.15 309.525 -4.366682E-07 0.09572852 -0.4239773 0.045123 0.8994683
5.4935 FirstCar -3.701545 0.025 2.97 0 90 0 0 0.7071068 0 0.7071068 13.8889 0
5.4935 SecondCar -35.89977 0.025 2.97 0 90 0 0 0.7071068 0 0.7071068 13.8889 0
5.4956 Head 0 1.6 0.78 12.15 309.525 -4.366682E-07 0.09572852 -0.4239773 0.045123 0.8994683
5.4956 FirstCar -3.672524 0.025 2.97 0 90 0 0 0.7071068 0 0.7071068 13.8889 0
5.4956 SecondCar -35.87074 0.025 2.97 0 90 0 0 0.7071068 0 0.7071068 13.8889 0
5.4973 Head 0 1.6 0.78 12.15 309.525 -4.366682E-07 0.09572852 -0.4239773 0.045123 0.8994683
5.4973 FirstCar -3.649185 0.025 2.97 0 90 0 0 0.7071068 0 0.7071068 13.8889 0
5.4973 SecondCar -35.8474 0.025 2.97 0 90 0 0 0.7071068 0 0.7071068 13.8889 0
5.4990 Head 0 1.6 0.78 12.15 309.525 -4.366682E-07 0.09572852 -0.4239773 0.045123 0.8994683
5.4990 FirstCar -3.625583 0.025 2.97 0 90 0 0 0.7071068 0 0.7071068 13.8889 0
5.4990 SecondCar -35.8238 0.025 2.97 0 90 0 0 0.7071068 0 0.7071068 13.8889 0
5.5008 Head 0 1.6 0.78 12.15 309.525 -4.366682E-07 0.09572852 -0.4239773 0.045123 0.8994683
5.5008 FirstCar -3.599571 0.025 2.97 0 90 0 0 0.7071068 0 0.7071068 13.8889 0
5.5008 SecondCar -35.79779 0.025 2.97 0 90 0 0 0.7071068 0 0.7071068 13.8889 0
5.5027 Head 0 1.6 0.78 12.15 309.525 -4.366682E-07 0.09572852 -0.4239773 0.045123 0.8994683
5.5027 FirstCar -3.574155 0.025 2.97 0 90 0 0 0.7071068 0 0.7071068 13.8889 0
5.5027 SecondCar -35.77237 0.025 2.97 0 90 0 0 0.7071068 0 0.7071068 13.8889 0
5.5044 Head 0 1.6 0.78 12.15 309.525 -4.366682E-07 0.09572852 -0.4239773 0.045123 0.8994683
5.5044 FirstCar -3.549351 0.025 2.97 0 90 0 0 0.7071068 0 0.7071068 13.8889 0
5.5044 SecondCar -35.74757 0.025 2.97 0 90 0 0 0.7071068 0 0.7071068 13.8889 0
5.5067 Head 0 1.6 0.78 12.15 309.525 -4.366682E-07 0.09572852 -0.4239773 0.045123 0.8994683
5.5067 FirstCar -3.517838 0.025 2.97 0 90 0 0 0.7071068 0 0.7071068 13.8889 0
5.5067 SecondCar -35.71606 0.025 2.97 0 90 0 0 0.7071068 0 0.7071068 13.8889 0
5.5091 Head 0 1.6 0.78 12.15 309.525 -4.366682E-07 0.09572852 -0.4239773 0.045123 0.8994683
5.5091 FirstCar -3.48534 0.025 2.97 0 90 0 0 0.7071068 0 0.7071068 13.8889 0
5.5091 SecondCar -35.68356 0.025 2.97 0 90 0 0 0.7071068 0 0.7071068 13.8889 0
5.5115 Head 0 1.6 0.78 12.15 309.525 -4.366682E-07 0.09572852 -0.4239773 0.045123 0.8994683
5.5115 FirstCar -3.451887 0.025 2.97 0 90 0 0 0.7071068 0 0.7071068 13.8889 0
5.5115 SecondCar -35.65011 0.025 2.97 0 90 0 0 0.7071068 0 0.7071068 13.8889 0
5.5134 Head 0 1.6 0.78 12.15 309.525 -4.366682E-07 0.09572852 -0.4239773 0.045123 0.8994683
5.5134 FirstCar -3.425376 0.025 2.97 0 90 0 0 0.7071068 0 0.7071068 13.8889 0
5.5134 SecondCar -35.6236 0.025 2.97 0 90 0 0 0.7071068 0 0.7071068 13.8889 0
5.5150 Head 0 1.6 0.78 12.15 309.525 -4.366682E-07 0.09572852 -0.4239773 0.045123 0.8994683
5.5150 FirstCar -3.402322 0.025 2.97 0 90 0 0 0.7071068 0 0.7071068 13.8889 0
5.5150 SecondCar -35.60054 0.025 2.97 0 90 0 0 0.7071068 0 0.7071068 13.8889 0
5.5166 Head 0 1.6 0.78 12.15 309.525 -4.366682E-07 0.09572852 -0.4239773 0.045123 0.8994683
5.5166 FirstCar -3.380703 0.025 2.97 0 90 0 0 0.7071068 0 0.7071068 13.8889 0
5.5166 SecondCar -35.57892 0.025 2.97 0 90 0 0 0.7071068 0 0.7071068 13.8889 0
5.5183 Head 0 1.6 0.78 12.15 309.525 -4.366682E-07 0.09572852 -0.4239773 0.045123 0.8994683
5.5183 FirstCar -3.357058 0.025 2.97 0 90 0 0 0.7071068 0 0.7071068 13.8889 0
5.5183 SecondCar -35.55527 0.025 2.97 0 90 0 0 0.7071068 0 0.7071068 13.8889 0
5.5200 Head 0 1.6 0.78 12.15 309.525 -4.366682E-07 0.09572852 -0.4239773 0.045123 0.8994683
5.5200 FirstCar -3.333257 0.025 2.97 0 90 0 0 0.7071068 0 0.7071068 13.8889 0
5.5200 SecondCar -35.53148 0.025 2.97 0 90 0 0 0.7071068 0 0.7071068 13.8889 0
5.5216 Head 0 1.6 0.78 12.15 309.525 -4.366682E-07 0.09572852 -0.4239773 0.045123 0.8994683
5.5216 FirstCar -3.310627 0.025 2.97 0 90 0 0 0.7071068 0 0.7071068 13.8889 0
5.5216 SecondCar -35.50885 0.025 2.97 0 90 0 0 0.7071068 0 0.7071068 13.8889 0
5.5233 Head 0 1.6 0.78 12.15 309.525 -4.366682E-07 0.09572852 -0.4239773 0.045123 0.8994683
5.5233 FirstCar -3.287405 0.025 2.97 0 90 0 0 0.7071068 0 0.7071068 13.8889 0
5.5233 SecondCar -35.48562 0.025 2.97 0 90 0 0 0.7071068 0 0.7071068 13.8889 0
5.5250 Head 0 1.6 0.78 12.15 309.525 -4.366682E-07 0.09572852 -0.4239773 0.045123 0.8994683
5.5250 FirstCar -3.264367 0.025 2.97 0 90 0 0 0.7071068 0 0.7071068 13.8889 0
5.5250 SecondCar -35.46259 0.025 2.97 0 90 0 0 0.7071068 0 0.7071068 13.8889 0
5.5265 Head 0 1.6 0.78 12.15 309.525 -4.366682E-07 0.09572852 -0.4239773 0.045123 0.8994683
5.5265 FirstCar -3.242517 0.025 2.97 0 90 0 0 0.7071068 0 0.7071068 13.8889 0
5.5265 SecondCar -35.44073 0.025 2.97 0 90 0 0 0.7071068 0 0.7071068 13.8889 0
5.5281 Head 0 1.6 0.78 12.15 309.525 -4.366682E-07 0.09572852 -0.4239773 0.045123 0.8994683
5.5281 FirstCar -3.221148 0.025 2.97 0 90 0 0 0.7071068 0 0.7071068 13.8889 0
5.5281 SecondCar -35.41936 0.025 2.97 0 90 0 0 0.7071068 0 0.7071068 13.8889 0
5.5297 Head 0 1.6 0.78 12.15 309.525 -4.366682E-07 0.09572852 -0.4239773 0.045123 0.8994683
5.5297 FirstCar -3.198529 0.025 2.97 0 90 0 0 0.7071068 0 0.7071068 13.8889 0
5.5297 SecondCar -35.39675 0.025 2.97 0 90 0 0 0.7071068 0 0.7071068 13.8889 0
5.5315 Head 0 1.6 0.78 12.15 309.525 -4.366682E-07 0.09572852 -0.4239773 0.045123 0.8994683
5.5315 FirstCar -3.173389 0.025 2.97 0 90 0 0 0.7071068 0 0.7071068 13.8889 0
5.5315 SecondCar -35.37161 0.025 2.97 0 90 0 0 0.7071068 0 0.7071068 13.8889 0
5.5331 Head 0 1.6 0.78 12.15 309.525 -4.366682E-07 0.09572852 -0.4239773 0.045123 0.8994683
5.5331 FirstCar -3.151232 0.025 2.97 0 90 0 0 0.7071068 0 0.7071068 13.8889 0
5.5331 SecondCar -35.34945 0.025 2.97 0 90 0 0 0.7071068 0 0.7071068 13.8889 0
5.5347 Head 0 1.6 0.78 12.15 309.525 -4.366682E-07 0.09572852 -0.4239773 0.045123 0.8994683
5.5347 FirstCar -3.128938 0.025 2.97 0 90 0 0 0.7071068 0 0.7071068 13.8889 0
5.5347 SecondCar -35.32716 0.025 2.97 0 90 0 0 0.7071068 0 0.7071068 13.8889 0
5.5364 Head 0 1.6 0.78 12.15 309.525 -4.366682E-07 0.09572852 -0.4239773 0.045123 0.8994683
5.5364 FirstCar -3.106004 0.025 2.97 0 90 0 0 0.7071068 0 0.7071068 13.8889 0
5.5364 SecondCar -35.30423 0.025 2.97 0 90 0 0 0.7071068 0 0.7071068 13.8889 0
5.5381 Head 0 1.6 0.78 12.15 309.525 -4.366682E-07 0.09572852 -0.4239773 0.045123 0.8994683
5.5381 FirstCar -3.082204 0.025 2.97 0 90 0 0 0.7071068 0 0.7071068 13.8889 0
5.5381 SecondCar -35.28043 0.025 2.97 0 90 0 0 0.7071068 0 0.7071068 13.8889 0
5.5400 Head 0 1.6 0.78 12.15 309.525 -4.366682E-07 0.09572852 -0.4239773 0.045123 0.8994683
5.5400 FirstCar -3.0552 0.025 2.97 0 90 0 0 0.7071068 0 0.7071068 13.8889 0
5.5400 SecondCar -35.25342 0.025 2.97 0 90 0 0 0.7071068 0 0.7071068 13.8889 0
5.5418 Head 0 1.6 0.78 12.15 309.525 -4.366682E-07 0.09572852 -0.4239773 0.045123 0.8994683
5.5418 FirstCar -3.029863 0.025 2.97 0 90 0 0 0.7071068 0 0.7071068 13.8889 0
5.5418 SecondCar -35.22808 0.025 2.97 0 90 0 0 0.7071068 0 0.7071068 13.8889 0
5.5437 Head 0 1.6 0.78 12.15 309.525 -4.366682E-07 0.09572852 -0.4239773 0.045123 0.8994683
5.5437 FirstCar -3.004671 0.025 2.97 0 90 0 0 0.7071068 0 0.7071068 13.8889 0
5.5437 SecondCar -35.20289 0.025 2.97 0 90 0 0 0.7071068 0 0.7071068 13.8889 0
5.5453 Head 0 1.6 0.78 12.15 309.525 -4.366682E-07 0.09572852 -0.4239773 0.045123 0.8994683
5.5453 FirstCar -2.981249 0.025 2.97 0 90 0 0 0.7071068 0 0.7071068 13.8889 0
5.5453 SecondCar -35.17947 0.025 2.97 0 90 0 0 0.7071068 0 0.7071068 13.8889 0
5.5469 Head 0 1.6 0.78 12.15 309.525 -4.366682E-07 0.09572852 -0.4239773 0.045123 0.8994683
5.5469 FirstCar -2.959139 0.025 2.97 0 90 0 0 0.7071068 0 0.7071068 13.8889 0
5.5469 SecondCar -35.15736 0.025 2.97 0 90 0 0 0.7071068 0 0.7071068 13.8889 0
5.5486 Head 0 1.6 0.78 12.15 309.525 -4.366682E-07 0.09572852 -0.4239773 0.045123 0.8994683
5.5486 FirstCar -2.936651 0.025 2.97 0 90 0 0 0.7071068 0 0.7071068 13.8889 0
5.5486 SecondCar -35.13487 0.025 2.97 0 90 0 0 0.7071068 0 0.7071068 13.8889 0
5.5506 Head 0 1.6 0.78 12.15 309.525 -4.366682E-07 0.09572852 -0.4239773 0.045123 0.8994683
5.5506 FirstCar -2.908977 0.025 2.97 0 90 0 0 0.7071068 0 0.7071068 13.8889 0
5.5506 SecondCar -35.1072 0.025 2.97 0 90 0 0 0.7071068 0 0.7071068 13.8889 0
5.5522 Head 0 1.6 0.78 12.15 309.525 -4.366682E-07 0.09572852 -0.4239773 0.045123 0.8994683
5.5522 FirstCar -2.886378 0.025 2.97 0 90 0 0 0.7071068 0 0.7071068 13.8889 0
5.5522 SecondCar -35.0846 0.025 2.97 0 90 0 0 0.7071068 0 0.7071068 13.8889 0
5.5538 Head 0 1.6 0.78 12.15 309.525 -4.366682E-07 0.09572852 -0.4239773 0.045123 0.8994683
5.5538 FirstCar -2.863311 0.025 2.97 0 90 0 0 0.7071068 0 0.7071068 13.8889 0
5.5538 SecondCar -35.06153 0.025 2.97 0 90 0 0 0.7071068 0 0.7071068 13.8889 0
5.5558 Head 0 1.6 0.78 12.15 309.525 -4.366682E-07 0.09572852 -0.4239773 0.045123 0.8994683
5.5558 FirstCar -2.83654 0.025 2.97 0 90 0 0 0.7071068 0 0.7071068 13.8889 0
5.5558 SecondCar -35.03476 0.025 2.97 0 90 0 0 0.7071068 0 0.7071068 13.8889 0
5.5576 Head 0 1.6 0.78 12.15 309.6 -4.366682E-07 0.09575803 -0.4233885 0.04506034 0.8997456
5.5576 FirstCar -2.810817 0.025 2.97 0 90 0 0 0.7071068 0 0.7071068 13.8889 0
5.5576 SecondCar -35.00904 0.025 2.97 0 90 0 0 0.7071068 0 0.7071068 13.8889 0
5.5593 Head 0 1.6 0.78 12.15 309.6 -4.366682E-07 0.09575803 -0.4233885 0.04506034 0.8997456
5.5593 FirstCar -2.786979 0.025 2.97 0 90 0 0 0.7071068 0 0.7071068 13.8889 0
5.5593 SecondCar -34.9852 0.025 2.97 0 90 0 0 0.7071068 0 0.7071068 13.8889 0
5.5612 Head 0 1.6 0.78 12.15 309.6 -4.366682E-07 0.09575803 -0.4233885 0.04506034 0.8997456
5.5612 FirstCar -2.7613 0.025 2.97 0 90 0 0 0.7071068 0 0.7071068 13.8889 0
5.5612 SecondCar -34.95952 0.025 2.97 0 90 0 0 0.7071068 0 0.7071068 13.8889 0
5.5630 Head 0 1.6 0.78 12.15 309.6 -4.366682E-07 0.09575803 -0.4233885 0.04506034 0.8997456
5.5630 FirstCar -2.735675 0.025 2.97 0 90 0 0 0.7071068 0 0.7071068 13.8889 0
5.5630 SecondCar -34.9339 0.025 2.97 0 90 0 0 0.7071068 0 0.7071068 13.8889 0
5.5652 Head 0 1.6 0.78 12.15 309.6 -4.366682E-07 0.09575803 -0.4233885 0.04506034 0.8997456
5.5652 FirstCar -2.70589 0.025 2.97 0 90 0 0 0.7071068 0 0.7071068 13.8889 0
5.5652 SecondCar -34.90411 0.025 2.97 0 90 0 0 0.7071068 0 0.7071068 13.8889 0
5.5671 Head 0 1.6 0.78 12.15 309.75 -4.366682E-07 0.09581693 -0.4222103 0.04493495 0.9002991
5.5671 FirstCar -2.678744 0.025 2.97 0 90 0 0 0.7071068 0 0.7071068 13.8889 0
5.5671 SecondCar -34.87696 0.025 2.97 0 90 0 0 0.7071068 0 0.7071068 13.8889 0
5.5690 Head 0 1.6 0.78 12.15 309.75 -4.366682E-07 0.09581693 -0.4222103 0.04493495 0.9002991
5.5690 FirstCar -2.652694 0.025 2.97 0 90 0 0 0.7071068 0 0.7071068 13.8889 0
5.5690 SecondCar -34.85091 0.025 2.97 0 90 0 0 0.7071068 0 0.7071068 13.8889 0
5.5715 Head 0 1.6 0.78 12.15 309.75 -4.366682E-07 0.09581693 -0.4222103 0.04493495 0.9002991
5.5715 FirstCar -2.618315 0.025 2.97 0 90 0 0 0.7071068 0 0.7071068 13.8889 0
5.5715 SecondCar -34.81654 0.025 2.97 0 90 0 0 0.7071068 0 0.7071068 13.8889 0
5.5742 Head 0 1.6 0.78 12.15 309.75 -4.366682E-07 0.09581693 -0.4222103 0.04493495 0.9002991
5.5742 FirstCar -2.581015 0.025 2.97 0 90 0 0 0.7071068 0 0.7071068 13.8889 0
5.5742 SecondCar -34.77924 0.025 2.97 0 90 0 0 0.7071068 0 0.7071068 13.8889 0
5.5763 Head 0 1.6 0.78 12.15 309.9 4.366682E-07 0.09587567 -0.4210314 0.04480949 0.900851
5.5763 FirstCar -2.551924 0.025 2.97 0 90 0 0 0.7071068 0 0.7071068 13.8889 0
5.5763 SecondCar -34.75014 0.025 2.97 0 90 0 0 0.7071068 0 0.7071068 13.8889 0
5.5780 Head 0 1.6 0.78 12.15 309.9 4.366682E-07 0.09587567 -0.4210314 0.04480949 0.900851
5.5780 FirstCar -2.528031 0.025 2.97 0 90 0 0 0.7071068 0 0.7071068 13.8889 0
5.5780 SecondCar -34.72625 0.025 2.97 0 90 0 0 0.7071068 0 0.7071068 13.8889 0
5.5797 Head 0 1.6 0.78 12.15 309.9 4.366682E-07 0.09587567 -0.4210314 0.04480949 0.900851
5.5797 FirstCar -2.503965 0.025 2.97 0 90 0 0 0.7071068 0 0.7071068 13.8889 0
5.5797 SecondCar -34.70219 0.025 2.97 0 90 0 0 0.7071068 0 0.7071068 13.8889 0
5.5814 Head 0 1.6 0.78 12.15 309.9 4.366682E-07 0.09587567 -0.4210314 0.04480949 0.900851
5.5814 FirstCar -2.480981 0.025 2.97 0 90 0 0 0.7071068 0 0.7071068 13.8889 0
5.5814 SecondCar -34.6792 0.025 2.97 0 90 0 0 0.7071068 0 0.7071068 13.8889 0
5.5830 Head 0 1.6 0.78 12.15 309.9 4.366682E-07 0.09587567 -0.4210314 0.04480949 0.900851
5.5830 FirstCar -2.458292 0.025 2.97 0 90 0 0 0.7071068 0 0.7071068 13.8889 0
5.5830 SecondCar -34.65651 0.025 2.97 0 90 0 0 0.7071068 0 0.7071068 13.8889 0
5.5846 Head 0 1.6 0.78 12.15 309.9 4.366682E-07 0.09587567 -0.4210314 0.04480949 0.900851
5.5846 FirstCar -2.436181 0.025 2.97 0 90 0 0 0.7071068 0 0.7071068 13.8889 0
5.5846 SecondCar -34.6344 0.025 2.97 0 90 0 0 0.7071068 0 0.7071068 13.8889 0
5.5862 Head 0 1.6 0.78 12.15 309.9 4.366682E-07 0.09587567 -0.4210314 0.04480949 0.900851
5.5862 FirstCar -2.413651 0.025 2.97 0 90 0 0 0.7071068 0 0.7071068 13.8889 0
5.5862 SecondCar -34.61187 0.025 2.97 0 90 0 0 0.7071068 0 0.7071068 13.8889 0
5.5881 Head 0 1.6 0.78 12.15 309.9 4.366682E-07 0.09587567 -0.4210314 0.04480949 0.900851
5.5881 FirstCar -2.387983 0.025 2.97 0 90 0 0 0.7071068 0 0.7071068 13.8889 0
5.5881 SecondCar -34.5862 0.025 2.97 0 90 0 0 0.7071068 0 0.7071068 13.8889 0
5.5899 Head 0 1.6 0.78 12.15 309.975 -4.366683E-07 0.09590498 -0.4204418 0.04474673 0.9011263
5.5899 FirstCar -2.362972 0.025 2.97 0 90 0 0 0.7071068 0 0.7071068 13.8889 0
5.5899 SecondCar -34.56119 0.025 2.97 0 90 0 0 0.7071068 0 0.7071068 13.8889 0
5.5918 Head 0 1.6 0.78 12.15 309.975 -4.366683E-07 0.09590498 -0.4204418 0.04474673 0.9011263
5.5918 FirstCar -2.336135 0.025 2.97 0 90 0 0 0.7071068 0 0.7071068 13.8889 0
5.5918 SecondCar -34.53436 0.025 2.97 0 90 0 0 0.7071068 0 0.7071068 13.8889 0
5.5934 Head 0 1.6 0.78 12.15 309.975 -4.366683E-07 0.09590498 -0.4204418 0.04474673 0.9011263
5.5934 FirstCar -2.313758 0.025 2.97 0 90 0 0 0.7071068 0 0.7071068 13.8889 0
5.5934 SecondCar -34.51198 0.025 2.97 0 90 0 0 0.7071068 0 0.7071068 13.8889 0
5.5951 Head 0 1.6 0.78 12.15 309.975 -4.366683E-07 0.09590498 -0.4204418 0.04474673 0.9011263
5.5951 FirstCar -2.290702 0.025 2.97 0 90 0 0 0.7071068 0 0.7071068 13.8889 0
5.5951 SecondCar -34.48892 0.025 2.97 0 90 0 0 0.7071068 0 0.7071068 13.8889 0
5.5967 Head 0 1.6 0.78 12.15 309.975 -4.366683E-07 0.09590498 -0.4204418 0.04474673 0.9011263
5.5967 FirstCar -2.267847 0.025 2.97 0 90 0 0 0.7071068 0 0.7071068 13.8889 0
5.5967 SecondCar -34.46607 0.025 2.97 0 90 0 0 0.7071068 0 0.7071068 13.8889 0
5.5985 Head 0 1.6 0.78 12.225 309.975 -4.367917E-07 0.09649474 -0.4204124 0.0450219 0.9010634
5.5985 FirstCar -2.243666 0.025 2.97 0 90 0 0 0.7071068 0 0.7071068 13.8889 0
5.5985 SecondCar -34.44189 0.025 2.97 0 90 0 0 0.7071068 0 0.7071068 13.8889 0
5.6002 Head 0 1.6 0.78 12.225 309.975 -4.367917E-07 0.09649474 -0.4204124 0.0450219 0.9010634
5.6002 FirstCar -2.219203 0.025 2.97 0 90 0 0 0.7071068 0 0.7071068 13.8889 0
5.6002 SecondCar -34.41742 0.025 2.97 0 90 0 0 0.7071068 0 0.7071068 13.8889 0
5.6020 Head 0 1.6 0.78 12.225 309.975 -4.367917E-07 0.09649474 -0.4204124 0.0450219 0.9010634
5.6020 FirstCar -2.194474 0.025 2.97 0 90 0 0 0.7071068 0 0.7071068 13.8889 0
5.6020 SecondCar -34.39269 0.025 2.97 0 90 0 0 0.7071068 0 0.7071068 13.8889 0
5.6042 Head 0 1.6 0.78 12.225 309.975 -4.367917E-07 0.09649474 -0.4204124 0.0450219 0.9010634
5.6042 FirstCar -2.164296 0.025 2.97 0 90 0 0 0.7071068 0 0.7071068 13.8889 0
5.6042 SecondCar -34.36251 0.025 2.97 0 90 0 0 0.7071068 0 0.7071068 13.8889 0
5.6062 Head 0 1.6 0.78 12.45 310.2 -4.37167E-07 0.09835362 -0.4185535 0.04565426 0.9016958
5.6062 FirstCar -2.136184 0.025 2.97 0 90 0 0 0.7071068 0 0.7071068 13.8889 0
5.6062 SecondCar -34.3344 0.025 2.97 0 90 0 0 0.7071068 0 0.7071068 13.8889 0
5.6080 Head 0 1.6 0.78 12.45 310.2 -4.37167E-07 0.09835362 -0.4185535 0.04565426 0.9016958
5.6080 FirstCar -2.110487 0.025 2.97 0 90 0 0 0.7071068 0 0.7071068 13.8889 0
5.6080 SecondCar -34.3087 0.025 2.97 0 90 0 0 0.7071068 0 0.7071068 13.8889 0
5.6097 Head 0 1.6 0.78 12.45 310.2 -4.37167E-07 0.09835362 -0.4185535 0.04565426 0.9016958
5.6097 FirstCar -2.08713 0.025 2.97 0 90 0 0 0.7071068 0 0.7071068 13.8889 0
5.6097 SecondCar -34.28535 0.025 2.97 0 90 0 0 0.7071068 0 0.7071068 13.8889 0
5.6121 Head 0 1.6 0.78 12.45 310.2 -4.37167E-07 0.09835362 -0.4185535 0.04565426 0.9016958
5.6121 FirstCar -2.054567 0.025 2.97 0 90 0 0 0.7071068 0 0.7071068 13.8889 0
5.6121 SecondCar -34.25278 0.025 2.97 0 90 0 0 0.7071068 0 0.7071068 13.8889 0
5.6138 Head 0 1.6 0.78 12.825 310.5 4.37809E-07 0.1014266 -0.4160407 0.04675836 0.9024613
5.6138 FirstCar -2.030676 0.025 2.97 0 90 0 0 0.7071068 0 0.7071068 13.8889 0
5.6138 SecondCar -34.22889 0.025 2.97 0 90 0 0 0.7071068 0 0.7071068 13.8889 0
5.6154 Head 0 1.6 0.78 12.825 310.5 4.37809E-07 0.1014266 -0.4160407 0.04675836 0.9024613
5.6154 FirstCar -2.008724 0.025 2.97 0 90 0 0 0.7071068 0 0.7071068 13.8889 0
5.6154 SecondCar -34.20694 0.025 2.97 0 90 0 0 0.7071068 0 0.7071068 13.8889 0
5.6170 Head 0 1.6 0.78 12.825 310.5 4.37809E-07 0.1014266 -0.4160407 0.04675836 0.9024613
5.6170 FirstCar -1.986628 0.025 2.97 0 90 0 0 0.7071068 0 0.7071068 13.8889 0
5.6170 SecondCar -34.18485 0.025 2.97 0 90 0 0 0.7071068 0 0.7071068 13.8889 0
5.6186 Head 0 1.6 0.78 12.825 310.5 4.37809E-07 0.1014266 -0.4160407 0.04675836 0.9024613
5.6186 FirstCar -1.963187 0.025 2.97 0 90 0 0 0.7071068 0 0.7071068 13.8889 0
5.6186 SecondCar -34.16141 0.025 2.97 0 90 0 0 0.7071068 0 0.7071068 13.8889 0
5.6206 Head 0 1.6 0.78 12.825 310.5 4.37809E-07 0.1014266 -0.4160407 0.04675836 0.9024613
5.6206 FirstCar -1.935946 0.025 2.97 0 90 0 0 0.7071068 0 0.7071068 13.8889 0
5.6206 SecondCar -34.13417 0.025 2.97 0 90 0 0 0.7071068 0 0.7071068 13.8889 0
5.6224 Head 0 1.6 0.78 13.425 310.95 0 0.1063419 -0.4122451 0.04851886 0.9035438
5.6224 FirstCar -1.911437 0.025 2.97 0 90 0 0 0.7071068 0 0.7071068 13.8889 0
5.6224 SecondCar -34.10966 0.025 2.97 0 90 0 0 0.7071068 0 0.7071068 13.8889 0
5.6245 Head 0 1.6 0.78 13.425 310.95 0 0.1063419 -0.4122451 0.04851886 0.9035438
5.6245 FirstCar -1.88208 0.025 2.97 0 90 0 0 0.7071068 0 0.7071068 13.8889 0
5.6245 SecondCar -34.0803 0.025 2.97 0 90 0 0 0.7071068 0 0.7071068 13.8889 0
5.6263 Head 0 1.6 0.78 13.425 310.95 0 0.1063419 -0.4122451 0.04851886 0.9035438
5.6263 FirstCar -1.857488 0.025 2.97 0 90 0 0 0.7071068 0 0.7071068 13.8889 0
5.6263 SecondCar -34.05571 0.025 2.97 0 90 0 0 0.7071068 0 0.7071068 13.8889 0
5.6285 Head 0 1.6 0.78 13.425 310.95 0 0.1063419 -0.4122451 0.04851886 0.9035438
5.6285 FirstCar -1.826373 0.025 2.97 0 90 0 0 0.7071068 0 0.7071068 13.8889 0
5.6285 SecondCar -34.02459 0.025 2.97 0 90 0 0 0.7071068 0 0.7071068 13.8889 0
5.6307 Head 0 1.6 0.78 13.95 311.475 -4.398599E-07 0.1107101 -0.4078769 0.04990034 0.9049252
5.6307 FirstCar -1.795245 0.025 2.97 0 90 0 0 0.7071068 0 0.7071068 13.8889 0
5.6307 SecondCar -33.99346 0.025 2.97 0 90 0 0 0.7071068 0 0.7071068 13.8889 0
5.6326 Head 0 1.6 0.78 13.95 311.475 -4.398599E-07 0.1107101 -0.4078769 0.04990034 0.9049252
5.6326 FirstCar -1.769835 0.025 2.97 0 90 0 0 0.7071068 0 0.7071068 13.8889 0
5.6326 SecondCar -33.96805 0.025 2.97 0 90 0 0 0.7071068 0 0.7071068 13.8889 0
5.6347 Head 0 1.6 0.78 13.95 311.475 -4.398599E-07 0.1107101 -0.4078769 0.04990034 0.9049252
5.6347 FirstCar -1.740202 0.025 2.97 0 90 0 0 0.7071068 0 0.7071068 13.8889 0
5.6347 SecondCar -33.93842 0.025 2.97 0 90 0 0 0.7071068 0 0.7071068 13.8889 0
5.6372 Head 0 1.6 0.78 13.95 311.475 -4.398599E-07 0.1107101 -0.4078769 0.04990034 0.9049252
5.6372 FirstCar -1.706007 0.025 2.97 0 90 0 0 0.7071068 0 0.7071068 13.8889 0
5.6372 SecondCar -33.90422 0.025 2.97 0 90 0 0 0.7071068 0 0.7071068 13.8889 0
5.6394 Head 0 1.6 0.78 14.625 312.075 0 0.1163108 -0.4028356 0.05169377 0.9063791
5.6394 FirstCar -1.674917 0.025 2.97 0 90 0 0 0.7071068 0 0.7071068 13.8889 0
5.6394 SecondCar -33.87313 0.025 2.97 0 90 0 0 0.7071068 0 0.7071068 13.8889 0
5.6413 Head 0 1.6 0.78 14.625 312.075 0 0.1163108 -0.4028356 0.05169377 0.9063791
5.6413 FirstCar -1.649227 0.025 2.97 0 90 0 0 0.7071068 0 0.7071068 13.8889 0
5.6413 SecondCar -33.84744 0.025 2.97 0 90 0 0 0.7071068 0 0.7071068 13.8889 0
5.6430 Head 0 1.6 0.78 14.625 312.075 0 0.1163108 -0.4028356 0.05169377 0.9063791
5.6430 FirstCar -1.625209 0.025 2.97 0 90 0 0 0.7071068 0 0.7071068 13.8889 0
5.6430 SecondCar -33.82343 0.025 2.97 0 90 0 0 0.7071068 0 0.7071068 13.8889 0
5.6450 Head 0 1.6 0.78 14.625 312.075 0 0.1163108 -0.4028356 0.05169377 0.9063791
5.6450 FirstCar -1.597385 0.025 2.97 0 90 0 0 0.7071068 0 0.7071068 13.8889 0
5.6450 SecondCar -33.7956 0.025 2.97 0 90 0 0 0.7071068 0 0.7071068 13.8889 0
5.6466 Head 0 1.6 0.78 15 312.675 -4.419458E-07 0.1195523 -0.3979151 0.05238651 0.9080895
5.6466 FirstCar -1.574273 0.025 2.97 0 90 0 0 0.7071068 0 0.7071068 13.8889 0
5.6466 SecondCar -33.77249 0.025 2.97 0 90 0 0 0.7071068 0 0.7071068 13.8889 0
5.6485 Head 0 1.6 0.78 15 312.675 -4.419458E-07 0.1195523 -0.3979151 0.05238651 0.9080895
5.6485 FirstCar -1.549092 0.025 2.97 0 90 0 0 0.7071068 0 0.7071068 13.8889 0
5.6485 SecondCar -33.74731 0.025 2.97 0 90 0 0 0.7071068 0 0.7071068 13.8889 0
5.6507 Head 0 1.6 0.78 15 312.675 -4.419458E-07 0.1195523 -0.3979151 0.05238651 0.9080895
5.6507 FirstCar -1.518291 0.025 2.97 0 90 0 0 0.7071068 0 0.7071068 13.8889 0
5.6507 SecondCar -33.71651 0.025 2.97 0 90 0 0 0.7071068 0 0.7071068 13.8889 0
5.6528 Head 0 1.6 0.78 15 312.675 -4.419458E-07 0.1195523 -0.3979151 0.05238651 0.9080895
5.6528 FirstCar -1.488309 0.025 2.97 0 90 0 0 0.7071068 0 0.7071068 13.8889 0
5.6528 SecondCar -33.68652 0.025 2.97 0 90 0 0 0.7071068 0 0.7071068 13.8889 0
5.6547 Head 0 1.6 0.78 15 313.425 0 0.1198926 -0.3919631 0.05160293 0.9106744
5.6547 FirstCar -1.462629 0.025 2.97 0 90 0 0 0.7071068 0 0.7071068 13.8889 0
5.6547 SecondCar -33.66084 0.025 2.97 0 90 0 0 0.7071068 0 0.7071068 13.8889 0
5.6563 Head 0 1.6 0.78 15 313.425 0 0.1198926 -0.3919631 0.05160293 0.9106744
5.6563 FirstCar -1.440274 0.025 2.97 0 90 0 0 0.7071068 0 0.7071068 13.8889 0
5.6563 SecondCar -33.63849 0.025 2.97 0 90 0 0 0.7071068 0 0.7071068 13.8889 0
5.6580 Head 0 1.6 0.78 15 313.425 0 0.1198926 -0.3919631 0.05160293 0.9106744
5.6580 FirstCar -1.416417 0.025 2.97 0 90 0 0 0.7071068 0 0.7071068 13.8889 0
5.6580 SecondCar -33.61463 0.025 2.97 0 90 0 0 0.7071068 0 0.7071068 13.8889 0
5.6600 Head 0 1.6 0.78 15 313.425 0 0.1198926 -0.3919631 0.05160293 0.9106744
5.6600 FirstCar -1.389475 0.025 2.97 0 90 0 0 0.7071068 0 0.7071068 13.8889 0
5.6600 SecondCar -33.58769 0.025 2.97 0 90 0 0 0.7071068 0 0.7071068 13.8889 0
5.6616 Head 0 1.6 0.78 15 314.325 4.419457E-07 0.1202941 -0.3847987 0.05065971 0.9137248
5.6616 FirstCar -1.366315 0.025 2.97 0 90 0 0 0.7071068 0 0.7071068 13.8889 0
5.6616 SecondCar -33.56453 0.025 2.97 0 90 0 0 0.7071068 0 0.7071068 13.8889 0
5.6631 Head 0 1.6 0.78 15 314.325 4.419457E-07 0.1202941 -0.3847987 0.05065971 0.9137248
5.6631 FirstCar -1.345124 0.025 2.97 0 90 0 0 0.7071068 0 0.7071068 13.8889 0
5.6631 SecondCar -33.54334 0.025 2.97 0 90 0 0 0.7071068 0 0.7071068 13.8889 0
5.6647 Head 0 1.6 0.78 15 314.325 4.419457E-07 0.1202941 -0.3847987 0.05065971 0.9137248
5.6647 FirstCar -1.3231 0.025 2.97 0 90 0 0 0.7071068 0 0.7071068 13.8889 0
5.6647 SecondCar -33.52132 0.025 2.97 0 90 0 0 0.7071068 0 0.7071068 13.8889 0
5.6664 Head 0 1.6 0.78 15 314.325 4.419457E-07 0.1202941 -0.3847987 0.05065971 0.9137248
5.6664 FirstCar -1.29959 0.025 2.97 0 90 0 0 0.7071068 0 0.7071068 13.8889 0
5.6664 SecondCar -33.49781 0.025 2.97 0 90 0 0 0.7071068 0 0.7071068 13.8889 0
5.6686 Head 0 1.6 0.78 15 314.325 4.419457E-07 0.1202941 -0.3847987 0.05065971 0.9137248
5.6686 FirstCar -1.269558 0.025 2.97 0 90 0 0 0.7071068 0 0.7071068 13.8889 0
5.6686 SecondCar -33.46777 0.025 2.97 0 90 0 0 0.7071068 0 0.7071068 13.8889 0
5.6709 Head 0 1.6 0.78 15 315.3 0 0.1207208 -0.3770105 0.04963437 0.9169657
5.6709 FirstCar -1.23706 0.025 2.97 0 90 0 0 0.7071068 0 0.7071068 13.8889 0
5.6709 SecondCar -33.43528 0.025 2.97 0 90 0 0 0.7071068 0 0.7071068 13.8889 0
5.6727 Head 0 1.6 0.78 15 315.3 0 0.1207208 -0.3770105 0.04963437 0.9169657
5.6727 FirstCar -1.213049 0.025 2.97 0 90 0 0 0.7071068 0 0.7071068 13.8889 0
5.6727 SecondCar -33.41127 0.025 2.97 0 90 0 0 0.7071068 0 0.7071068 13.8889 0
5.6743 Head 0 1.6 0.78 15 315.3 0 0.1207208 -0.3770105 0.04963437 0.9169657
5.6743 FirstCar -1.190649 0.025 2.97 0 90 0 0 0.7071068 0 0.7071068 13.8889 0
5.6743 SecondCar -33.38887 0.025 2.97 0 90 0 0 0.7071068 0 0.7071068 13.8889 0
5.6762 Head 0 1.6 0.78 15 315.3 0 0.1207208 -0.3770105 0.04963437 0.9169657
5.6762 FirstCar -1.164154 0.025 2.97 0 90 0 0 0.7071068 0 0.7071068 13.8889 0
5.6762 SecondCar -33.36237 0.025 2.97 0 90 0 0 0.7071068 0 0.7071068 13.8889 0
5.6779 Head 0 1.6 0.78 15 316.575 -4.419458E-07 0.1212656 -0.3667847 0.04828813 0.9211037
5.6779 FirstCar -1.140804 0.025 2.97 0 90 0 0 0.7071068 0 0.7071068 13.8889 0
5.6779 SecondCar -33.33902 0.025 2.97 0 90 0 0 0.7071068 0 0.7071068 13.8889 0
5.6795 Head 0 1.6 0.78 15 316.575 -4.419458E-07 0.1212656 -0.3667847 0.04828813 0.9211037
5.6795 FirstCar -1.118222 0.025 2.97 0 90 0 0 0.7071068 0 0.7071068 13.8889 0
5.6795 SecondCar -33.31644 0.025 2.97 0 90 0 0 0.7071068 0 0.7071068 13.8889 0
5.6810 Head 0 1.6 0.78 15 316.575 -4.419458E-07 0.1212656 -0.3667847 0.04828813 0.9211037
5.6810 FirstCar -1.096857 0.025 2.97 0 90 0 0 0.7071068 0 0.7071068 13.8889 0
5.6810 SecondCar -33.29507 0.025 2.97 0 90 0 0 0.7071068 0 0.7071068 13.8889 0
5.6825 Head 0 1.6 0.78 15 316.575 -4.419458E-07 0.1212656 -0.3667847 0.04828813 0.9211037
5.6825 FirstCar -1.075972 0.025 2.97 0 90 0 0 0.7071068 0 0.7071068 13.8889 0
5.6825 SecondCar -33.27419 0.025 2.97 0 90 0 0 0.7071068 0 0.7071068 13.8889 0
5.6844 Head 0 1.6 0.78 15 316.575 -4.419458E-07 0.1212656 -0.3667847 0.04828813 0.9211037
5.6844 FirstCar -1.050023 0.025 2.97 0 90 0 0 0.7071068 0 0.7071068 13.8889 0
5.6844 SecondCar -33.24824 0.025 2.97 0 90 0 0 0.7071068 0 0.7071068 13.8889 0
5.6861 Head 0 1.6 0.78 15 317.925 4.419457E-07 0.1218261 -0.3559081 0.04685619 0.9253607
5.6861 FirstCar -1.026539 0.025 2.97 0 90 0 0 0.7071068 0 0.7071068 13.8889 0
5.6861 SecondCar -33.22476 0.025 2.97 0 90 0 0 0.7071068 0 0.7071068 13.8889 0
5.6876 Head 0 1.6 0.78 15 317.925 4.419457E-07 0.1218261 -0.3559081 0.04685619 0.9253607
5.6876 FirstCar -1.004972 0.025 2.97 0 90 0 0 0.7071068 0 0.7071068 13.8889 0
5.6876 SecondCar -33.20319 0.025 2.97 0 90 0 0 0.7071068 0 0.7071068 13.8889 0
5.6893 Head 0 1.6 0.78 15 317.925 4.419457E-07 0.1218261 -0.3559081 0.04685619 0.9253607
5.6893 FirstCar -0.9816582 0.025 2.97 0 90 0 0 0.7071068 0 0.7071068 13.8889 0
5.6893 SecondCar -33.17987 0.025 2.97 0 90 0 0 0.7071068 0 0.7071068 13.8889 0
5.6914 Head 0 1.6 0.78 15 317.925 4.419457E-07 0.1218261 -0.3559081 0.04685619 0.9253607
5.6914 FirstCar -0.9526985 0.025 2.97 0 90 0 0 0.7071068 0 0.7071068 13.8889 0
5.6914 SecondCar -33.15091 0.025 2.97 0 90 0 0 0.7071068 0 0.7071068 13.8889 0
5.6934 Head 0 1.6 0.78 15 317.925 4.419457E-07 0.1218261 -0.3559081 0.04685619 0.9253607
5.6934 FirstCar -0.9248984 0.025 2.97 0 90 0 0 0.7071068 0 0.7071068 13.8889 0
5.6934 SecondCar -33.12311 0.025 2.97 0 90 0 0 0.7071068 0 0.7071068 13.8889 0
5.6951 Head 0 1.6 0.78 15 319.425 0 0.1224289 -0.343765 0.04525752 0.9299401
5.6951 FirstCar -0.9019485 0.025 2.97 0 90 0 0 0.7071068 0 0.7071068 13.8889 0
5.6951 SecondCar -33.10016 0.025 2.97 0 90 0 0 0.7071068 0 0.7071068 13.8889 0
5.6969 Head 0 1.6 0.78 15 319.425 0 0.1224289 -0.343765 0.04525752 0.9299401
5.6969 FirstCar -0.8766317 0.025 2.97 0 90 0 0 0.7071068 0 0.7071068 13.8889 0
5.6969 SecondCar -33.07484 0.025 2.97 0 90 0 0 0.7071068 0 0.7071068 13.8889 0
5.6987 Head 0 1.6 0.78 15 319.425 0 0.1224289 -0.343765 0.04525752 0.9299401
5.6987 FirstCar -0.8514192 0.025 2.97 0 90 0 0 0.7071068 0 0.7071068 13.8889 0
5.6987 SecondCar -33.04963 0.025 2.97 0 90 0 0 0.7071068 0 0.7071068 13.8889 0
5.7009 Head 0 1.6 0.78 15 319.425 0 0.1224289 -0.343765 0.04525752 0.9299401
5.7009 FirstCar -0.8204983 0.025 2.97 0 90 0 0 0.7071068 0 0.7071068 13.8889 0
5.7009 SecondCar -33.01871 0.025 2.97 0 90 0 0 0.7071068 0 0.7071068 13.8889 0
5.7036 Head 0 1.6 0.78 15 321 0 0.1230394 -0.3309514 0.04357057 0.934577
5.7036 FirstCar -0.7834997 0.025 2.97 0 90 0 0 0.7071068 0 0.7071068 13.8889 0
5.7036 SecondCar -32.98171 0.025 2.97 0 90 0 0 0.7071068 0 0.7071068 13.8889 0
5.7054 Head 0 1.6 0.78 15 321 0 0.1230394 -0.3309514 0.04357057 0.934577
5.7054 FirstCar -0.7582858 0.025 2.97 0 90 0 0 0.7071068 0 0.7071068 13.8889 0
5.7054 SecondCar -32.9565 0.025 2.97 0 90 0 0 0.7071068 0 0.7071068 13.8889 0
5.7072 Head 0 1.6 0.78 15 321 0 0.1230394 -0.3309514 0.04357057 0.934577
5.7072 FirstCar -0.7335191 0.025 2.97 0 90 0 0 0.7071068 0 0.7071068 13.8889 0
5.7072 SecondCar -32.93173 0.025 2.97 0 90 0 0 0.7071068 0 0.7071068 13.8889 0
5.7095 Head 0 1.6 0.78 15 321 0 0.1230394 -0.3309514 0.04357057 0.934577
5.7095 FirstCar -0.701983 0.025 2.97 0 90 0 0 0.7071068 0 0.7071068 13.8889 0
5.7095 SecondCar -32.9002 0.025 2.97 0 90 0 0 0.7071068 0 0.7071068 13.8889 0
5.7122 Head 0 1.6 0.78 15 322.5 0 0.1235992 -0.3186898 0.04195631 0.9388289
5.7122 FirstCar -0.6638094 0.025 2.97 0 90 0 0 0.7071068 0 0.7071068 13.8889 0
5.7122 SecondCar -32.86202 0.025 2.97 0 90 0 0 0.7071068 0 0.7071068 13.8889 0
5.7138 Head 0 1.6 0.78 15 322.5 0 0.1235992 -0.3186898 0.04195631 0.9388289
5.7138 FirstCar -0.6415358 0.025 2.97 0 90 0 0 0.7071068 0 0.7071068 13.8889 0
5.7138 SecondCar -32.83975 0.025 2.97 0 90 0 0 0.7071068 0 0.7071068 13.8889 0
5.7154 Head 0 1.6 0.78 15 322.5 0 0.1235992 -0.3186898 0.04195631 0.9388289
5.7154 FirstCar -0.6190885 0.025 2.97 0 90 0 0 0.7071068 0 0.7071068 13.8889 0
5.7154 SecondCar -32.8173 0.025 2.97 0 90 0 0 0.7071068 0 0.7071068 13.8889 0
5.7173 Head 0 1.6 0.78 15 322.5 0 0.1235992 -0.3186898 0.04195631 0.9388289
5.7173 FirstCar -0.5933913 0.025 2.97 0 90 0 0 0.7071068 0 0.7071068 13.8889 0
5.7173 SecondCar -32.79161 0.025 2.97 0 90 0 0 0.7071068 0 0.7071068 13.8889 0
5.7191 Head 0 1.6 0.78 15 324.075 0 0.1241642 -0.3057564 0.04025359 0.9431204
5.7191 FirstCar -0.5682607 0.025 2.97 0 90 0 0 0.7071068 0 0.7071068 13.8889 0
5.7191 SecondCar -32.76648 0.025 2.97 0 90 0 0 0.7071068 0 0.7071068 13.8889 0
5.7206 Head 0 1.6 0.78 15 324.075 0 0.1241642 -0.3057564 0.04025359 0.9431204
5.7206 FirstCar -0.5473427 0.025 2.97 0 90 0 0 0.7071068 0 0.7071068 13.8889 0
5.7206 SecondCar -32.74556 0.025 2.97 0 90 0 0 0.7071068 0 0.7071068 13.8889 0
5.7220 Head 0 1.6 0.78 15 324.075 0 0.1241642 -0.3057564 0.04025359 0.9431204
5.7220 FirstCar -0.5273038 0.025 2.97 0 90 0 0 0.7071068 0 0.7071068 13.8889 0
5.7220 SecondCar -32.72552 0.025 2.97 0 90 0 0 0.7071068 0 0.7071068 13.8889 0
5.7239 Head 0 1.6 0.78 15 324.075 0 0.1241642 -0.3057564 0.04025359 0.9431204
5.7239 FirstCar -0.5009579 0.025 2.97 0 90 0 0 0.7071068 0 0.7071068 13.8889 0
5.7239 SecondCar -32.69917 0.025 2.97 0 90 0 0 0.7071068 0 0.7071068 13.8889 0
5.7257 Head 0 1.6 0.78 15 325.65 0 0.1247057 -0.2927652 0.03854327 0.9472336
5.7257 FirstCar -0.4769565 0.025 2.97 0 90 0 0 0.7071068 0 0.7071068 13.8889 0
5.7257 SecondCar -32.67517 0.025 2.97 0 90 0 0 0.7071068 0 0.7071068 13.8889 0
5.7271 Head 0 1.6 0.78 15 325.65 0 0.1247057 -0.2927652 0.03854327 0.9472336
5.7271 FirstCar -0.4562662 0.025 2.97 0 90 0 0 0.7071068 0 0.7071068 13.8889 0
5.7271 SecondCar -32.65448 0.025 2.97 0 90 0 0 0.7071068 0 0.7071068 13.8889 0
5.7289 Head 0 1.6 0.78 15 325.65 0 0.1247057 -0.2927652 0.03854327 0.9472336
5.7289 FirstCar -0.4321828 0.025 2.97 0 90 0 0 0.7071068 0 0.7071068 13.8889 0
5.7289 SecondCar -32.6304 0.025 2.97 0 90 0 0 0.7071068 0 0.7071068 13.8889 0
5.7314 Head 0 1.6 0.78 15 325.65 0 0.1247057 -0.2927652 0.03854327 0.9472336
5.7314 FirstCar -0.3972189 0.025 2.97 0 90 0 0 0.7071068 0 0.7071068 13.8889 0
5.7314 SecondCar -32.59543 0.025 2.97 0 90 0 0 0.7071068 0 0.7071068 13.8889 0
5.7335 Head 0 1.6 0.78 15 325.65 0 0.1247057 -0.2927652 0.03854327 0.9472336
5.7335 FirstCar -0.3678911 0.025 2.97 0 90 0 0 0.7071068 0 0.7071068 13.8889 0
5.7335 SecondCar -32.5661 0.025 2.97 0 90 0 0 0.7071068 0 0.7071068 13.8889 0
5.7353 Head 0 1.6 0.78 15 327.15 -4.419458E-07 0.1251995 -0.2803412 0.03690762 0.9509847
5.7353 FirstCar -0.342705 0.025 2.97 0 90 0 0 0.7071068 0 0.7071068 13.8889 0
5.7353 SecondCar -32.54092 0.025 2.97 0 90 0 0 0.7071068 0 0.7071068 13.8889 0
5.7370 Head 0 1.6 0.78 15 327.15 -4.419458E-07 0.1251995 -0.2803412 0.03690762 0.9509847
5.7370 FirstCar -0.3197869 0.025 2.97 0 90 0 0 0.7071068 0 0.7071068 13.8889 0
5.7370 SecondCar -32.518 0.025 2.97 0 90 0 0 0.7071068 0 0.7071068 13.8889 0
5.7385 Head 0 1.6 0.78 15 327.15 -4.419458E-07 0.1251995 -0.2803412 0.03690762 0.9509847
5.7385 FirstCar -0.2980064 0.025 2.97 0 90 0 0 0.7071068 0 0.7071068 13.8889 0
5.7385 SecondCar -32.49622 0.025 2.97 0 90 0 0 0.7071068 0 0.7071068 13.8889 0
5.7404 Head 0 1.6 0.78 15 327.15 -4.419458E-07 0.1251995 -0.2803412 0.03690762 0.9509847
5.7404 FirstCar -0.2716688 0.025 2.97 0 90 0 0 0.7071068 0 0.7071068 13.8889 0
5.7404 SecondCar -32.46988 0.025 2.97 0 90 0 0 0.7071068 0 0.7071068 13.8889 0
5.7420 Head 0 1.6 0.78 15 328.725 4.419457E-07 0.1256949 -0.2672443 0.03518339 0.9547479
5.7420 FirstCar -0.2495799 0.025 2.97 0 90 0 0 0.7071068 0 0.7071068 13.8889 0
5.7420 SecondCar -32.4478 0.025 2.97 0 90 0 0 0.7071068 0 0.7071068 13.8889 0
5.7435 Head 0 1.6 0.78 15 328.725 4.419457E-07 0.1256949 -0.2672443 0.03518339 0.9547479
5.7435 FirstCar -0.2295869 0.025 2.97 0 90 0 0 0.7071068 0 0.7071068 13.8889 0
5.7435 SecondCar -32.4278 0.025 2.97 0 90 0 0 0.7071068 0 0.7071068 13.8889 0
5.7449 Head 0 1.6 0.78 15 328.725 4.419457E-07 0.1256949 -0.2672443 0.03518339 0.9547479
5.7449 FirstCar -0.2102007 0.025 2.97 0 90 0 0 0.7071068 0 0.7071068 13.8889 0
5.7449 SecondCar -32.40842 0.025 2.97 0 90 0 0 0.7071068 0 0.7071068 13.8889 0
5.7463 Head 0 1.6 0.78 15 328.725 4.419457E-07 0.1256949 -0.2672443 0.03518339 0.9547479
5.7463 FirstCar -0.1908438 0.025 2.97 0 90 0 0 0.7071068 0 0.7071068 13.8889 0
5.7463 SecondCar -32.38906 0.025 2.97 0 90 0 0 0.7071068 0 0.7071068 13.8889 0
5.7480 Head 0 1.6 0.78 15 328.725 4.419457E-07 0.1256949 -0.2672443 0.03518339 0.9547479
5.7480 FirstCar -0.1669896 0.025 2.97 0 90 0 0 0.7071068 0 0.7071068 13.8889 0
5.7480 SecondCar -32.36521 0.025 2.97 0 90 0 0 0.7071068 0 0.7071068 13.8889 0
5.7496 Head 0 1.6 0.78 15 329.925 0 0.1260565 -0.2572318 0.03386521 0.957494
5.7496 FirstCar -0.1440715 0.025 2.97 0 90 0 0 0.7071068 0 0.7071068 13.8889 0
5.7496 SecondCar -32.34229 0.025 2.97 0 90 0 0 0.7071068 0 0.7071068 13.8889 0
5.7514 Head 0 1.6 0.78 15 329.925 0 0.1260565 -0.2572318 0.03386521 0.957494
5.7514 FirstCar -0.1198187 0.025 2.97 0 90 0 0 0.7071068 0 0.7071068 13.8889 0
5.7514 SecondCar -32.31804 0.025 2.97 0 90 0 0 0.7071068 0 0.7071068 13.8889 0
5.7528 Head 0 1.6 0.78 15 329.925 0 0.1260565 -0.2572318 0.03386521 0.957494
5.7528 FirstCar -0.1001395 0.025 2.97 0 90 0 0 0.7071068 0 0.7071068 13.8889 0
5.7528 SecondCar -32.29836 0.025 2.97 0 90 0 0 0.7071068 0 0.7071068 13.8889 0
5.7542 Head 0 1.6 0.78 15 329.925 0 0.1260565 -0.2572318 0.03386521 0.957494
5.7542 FirstCar -0.0809534 0.025 2.97 0 90 0 0 0.7071068 0 0.7071068 13.8889 0
5.7542 SecondCar -32.27917 0.025 2.97 0 90 0 0 0.7071068 0 0.7071068 13.8889 0
5.7559 Head 0 1.6 0.78 15 329.925 0 0.1260565 -0.2572318 0.03386521 0.957494
5.7559 FirstCar -0.0565145 0.025 2.97 0 90 0 0 0.7071068 0 0.7071068 13.8889 0
5.7559 SecondCar -32.25473 0.025 2.97 0 90 0 0 0.7071068 0 0.7071068 13.8889 0
5.7577 Head 0 1.6 0.78 15 331.05 0 0.1263829 -0.2478193 0.03262604 0.9599732
5.7577 FirstCar -0.03122003 0.025 2.97 0 90 0 0 0.7071068 0 0.7071068 13.8889 0
5.7577 SecondCar -32.22943 0.025 2.97 0 90 0 0 0.7071068 0 0.7071068 13.8889 0
5.7596 Head 0 1.6 0.78 15 331.05 0 0.1263829 -0.2478193 0.03262604 0.9599732
5.7596 FirstCar -0.004876957 0.025 2.97 0 90 0 0 0.7071068 0 0.7071068 13.8889 0
5.7596 SecondCar -32.20309 0.025 2.97 0 90 0 0 0.7071068 0 0.7071068 13.8889 0
5.7613 Head 0 1.6 0.78 15 331.05 0 0.1263829 -0.2478193 0.03262604 0.9599732
5.7613 FirstCar 0.01811889 0.025 2.97 0 90 0 0 0.7071068 0 0.7071068 13.8889 0
5.7613 SecondCar -32.18009 0.025 2.97 0 90 0 0 0.7071068 0 0.7071068 13.8889 0
5.7628 Head 0 1.6 0.78 15 331.05 0 0.1263829 -0.2478193 0.03262604 0.9599732
5.7628 FirstCar 0.03849947 0.025 2.97 0 90 0 0 0.7071068 0 0.7071068 13.8889 0
5.7628 SecondCar -32.15971 0.025 2.97 0 90 0 0 0.7071068 0 0.7071068 13.8889 0
5.7647 Head 0 1.6 0.78 15 331.05 0 0.1263829 -0.2478193 0.03262604 0.9599732
5.7647 FirstCar 0.06566199 0.025 2.97 0 90 0 0 0.7071068 0 0.7071068 13.8889 0
5.7647 SecondCar -32.13255 0.025 2.97 0 90 0 0 0.7071068 0 0.7071068 13.8889 0
5.7665 Head 0 1.6 0.78 15 332.1 0 0.1266765 -0.2390129 0.03146664 0.9622036
5.7665 FirstCar 0.09023562 0.025 2.97 0 90 0 0 0.7071068 0 0.7071068 13.8889 0
5.7665 SecondCar -32.10798 0.025 2.97 0 90 0 0 0.7071068 0 0.7071068 13.8889 0
5.7684 Head 0 1.6 0.78 15 332.1 0 0.1266765 -0.2390129 0.03146664 0.9622036
5.7684 FirstCar 0.1167676 0.025 2.97 0 90 0 0 0.7071068 0 0.7071068 13.8889 0
5.7684 SecondCar -32.08144 0.025 2.97 0 90 0 0 0.7071068 0 0.7071068 13.8889 0
5.7705 Head 0 1.6 0.78 15 332.1 0 0.1266765 -0.2390129 0.03146664 0.9622036
5.7705 FirstCar 0.1458246 0.025 2.97 0 90 0 0 0.7071068 0 0.7071068 13.8889 0
5.7705 SecondCar -32.05239 0.025 2.97 0 90 0 0 0.7071068 0 0.7071068 13.8889 0
5.7725 Head 0 1.6 0.78 15 332.1 0 0.1266765 -0.2390129 0.03146664 0.9622036
5.7725 FirstCar 0.1742079 0.025 2.97 0 90 0 0 0.7071068 0 0.7071068 13.8889 0
5.7725 SecondCar -32.024 0.025 2.97 0 90 0 0 0.7071068 0 0.7071068 13.8889 0
5.7744 Head 0 1.6 0.78 15 333.075 0 0.1269397 -0.2308174 0.03038769 0.9642024
5.7744 FirstCar 0.2002329 0.025 2.97 0 90 0 0 0.7071068 0 0.7071068 13.8889 0
5.7744 SecondCar -31.99798 0.025 2.97 0 90 0 0 0.7071068 0 0.7071068 13.8889 0
5.7761 Head 0 1.6 0.78 15 333.075 0 0.1269397 -0.2308174 0.03038769 0.9642024
5.7761 FirstCar 0.223751 0.025 2.97 0 90 0 0 0.7071068 0 0.7071068 13.8889 0
5.7761 SecondCar -31.97446 0.025 2.97 0 90 0 0 0.7071068 0 0.7071068 13.8889 0
5.7776 Head 0 1.6 0.78 15 333.075 0 0.1269397 -0.2308174 0.03038769 0.9642024
5.7776 FirstCar 0.2444219 0.025 2.97 0 90 0 0 0.7071068 0 0.7071068 13.8889 0
5.7776 SecondCar -31.95379 0.025 2.97 0 90 0 0 0.7071068 0 0.7071068 13.8889 0
5.7794 Head 0 1.6 0.78 15 333.075 0 0.1269397 -0.2308174 0.03038769 0.9642024
5.7794 FirstCar 0.2695885 0.025 2.97 0 90 0 0 0.7071068 0 0.7071068 13.8889 0
5.7794 SecondCar -31.92862 0.025 2.97 0 90 0 0 0.7071068 0 0.7071068 13.8889 0
5.7812 Head 0 1.6 0.78 15 333.075 0 0.1269397 -0.2308174 0.03038769 0.9642024
5.7812 FirstCar 0.294083 0.025 2.97 0 90 0 0 0.7071068 0 0.7071068 13.8889 0
5.7812 SecondCar -31.90413 0.025 2.97 0 90 0 0 0.7071068 0 0.7071068 13.8889 0
5.7830 Head 0 1.6 0.78 15 333.9 2.209729E-07 0.1271551 -0.2238697 0.02947301 0.9658391
5.7830 FirstCar 0.3198483 0.025 2.97 0 90 0 0 0.7071068 0 0.7071068 13.8889 0
5.7830 SecondCar -31.87836 0.025 2.97 0 90 0 0 0.7071068 0 0.7071068 13.8889 0
5.7845 Head 0 1.6 0.78 15 333.9 2.209729E-07 0.1271551 -0.2238697 0.02947301 0.9658391
5.7845 FirstCar 0.3396622 0.025 2.97 0 90 0 0 0.7071068 0 0.7071068 13.8889 0
5.7845 SecondCar -31.85855 0.025 2.97 0 90 0 0 0.7071068 0 0.7071068 13.8889 0
5.7859 Head 0 1.6 0.78 15 333.9 2.209729E-07 0.1271551 -0.2238697 0.02947301 0.9658391
5.7859 FirstCar 0.3595344 0.025 2.97 0 90 0 0 0.7071068 0 0.7071068 13.8889 0
5.7859 SecondCar -31.83868 0.025 2.97 0 90 0 0 0.7071068 0 0.7071068 13.8889 0
5.7874 Head 0 1.6 0.78 15 333.9 2.209729E-07 0.1271551 -0.2238697 0.02947301 0.9658391
5.7874 FirstCar 0.3808345 0.025 2.97 0 90 0 0 0.7071068 0 0.7071068 13.8889 0
5.7874 SecondCar -31.81738 0.025 2.97 0 90 0 0 0.7071068 0 0.7071068 13.8889 0
5.7899 Head 0 1.6 0.78 15 333.9 2.209729E-07 0.1271551 -0.2238697 0.02947301 0.9658391
5.7899 FirstCar 0.4147373 0.025 2.97 0 90 0 0 0.7071068 0 0.7071068 13.8889 0
5.7899 SecondCar -31.78347 0.025 2.97 0 90 0 0 0.7071068 0 0.7071068 13.8889 0
5.7926 Head 0 1.6 0.78 15 334.575 -2.209729E-07 0.1273265 -0.2181766 0.0287235 0.9671411
5.7926 FirstCar 0.4522429 0.025 2.97 0 90 0 0 0.7071068 0 0.7071068 13.8889 0
5.7926 SecondCar -31.74597 0.025 2.97 0 90 0 0 0.7071068 0 0.7071068 13.8889 0
5.7941 Head 0 1.6 0.78 15 334.575 -2.209729E-07 0.1273265 -0.2181766 0.0287235 0.9671411
5.7941 FirstCar 0.4734304 0.025 2.97 0 90 0 0 0.7071068 0 0.7071068 13.8889 0
5.7941 SecondCar -31.72478 0.025 2.97 0 90 0 0 0.7071068 0 0.7071068 13.8889 0
5.7960 Head 0 1.6 0.78 15 334.575 -2.209729E-07 0.1273265 -0.2181766 0.0287235 0.9671411
5.7960 FirstCar 0.5006887 0.025 2.97 0 90 0 0 0.7071068 0 0.7071068 13.8889 0
5.7960 SecondCar -31.69752 0.025 2.97 0 90 0 0 0.7071068 0 0.7071068 13.8889 0
5.7980 Head 0 1.6 0.78 15 335.175 0 0.1274752 -0.2131097 0.02805643 0.9682702
5.7980 FirstCar 0.5276985 0.025 2.97 0 90 0 0 0.7071068 0 0.7071068 13.8889 0
5.7980 SecondCar -31.67051 0.025 2.97 0 90 0 0 0.7071068 0 0.7071068 13.8889 0
5.7998 Head 0 1.6 0.78 15 335.175 0 0.1274752 -0.2131097 0.02805643 0.9682702
5.7998 FirstCar 0.5527568 0.025 2.97 0 90 0 0 0.7071068 0 0.7071068 13.8889 0
5.7998 SecondCar -31.64545 0.025 2.97 0 90 0 0 0.7071068 0 0.7071068 13.8889 0
5.8013 Head 0 1.6 0.78 15 335.175 0 0.1274752 -0.2131097 0.02805643 0.9682702
5.8013 FirstCar 0.5741415 0.025 2.97 0 90 0 0 0.7071068 0 0.7071068 13.8889 0
5.8013 SecondCar -31.62407 0.025 2.97 0 90 0 0 0.7071068 0 0.7071068 13.8889 0
5.8027 Head 0 1.6 0.78 15 335.175 0 0.1274752 -0.2131097 0.02805643 0.9682702
5.8027 FirstCar 0.5931443 0.025 2.97 0 90 0 0 0.7071068 0 0.7071068 13.8889 0
5.8027 SecondCar -31.60507 0.025 2.97 0 90 0 0 0.7071068 0 0.7071068 13.8889 0
5.8045 Head 0 1.6 0.78 15 335.175 0 0.1274752 -0.2131097 0.02805643 0.9682702
5.8045 FirstCar 0.6178263 0.025 2.97 0 90 0 0 0.7071068 0 0.7071068 13.8889 0
5.8045 SecondCar -31.58039 0.025 2.97 0 90 0 0 0.7071068 0 0.7071068 13.8889 0
5.8060 Head 0 1.6 0.78 15 335.625 -2.209729E-07 0.1275844 -0.2093057 0.02755562 0.9690996
5.8060 FirstCar 0.6391054 0.025 2.97 0 90 0 0 0.7071068 0 0.7071068 13.8889 0
5.8060 SecondCar -31.55911 0.025 2.97 0 90 0 0 0.7071068 0 0.7071068 13.8889 0
5.8075 Head 0 1.6 0.78 15 335.625 -2.209729E-07 0.1275844 -0.2093057 0.02755562 0.9690996
5.8075 FirstCar 0.6594902 0.025 2.97 0 90 0 0 0.7071068 0 0.7071068 13.8889 0
5.8075 SecondCar -31.53872 0.025 2.97 0 90 0 0 0.7071068 0 0.7071068 13.8889 0
5.8090 Head 0 1.6 0.78 15 335.625 -2.209729E-07 0.1275844 -0.2093057 0.02755562 0.9690996
5.8090 FirstCar 0.6800818 0.025 2.97 0 90 0 0 0.7071068 0 0.7071068 13.8889 0
5.8090 SecondCar -31.51813 0.025 2.97 0 90 0 0 0.7071068 0 0.7071068 13.8889 0
5.8107 Head 0 1.6 0.78 15 335.625 -2.209729E-07 0.1275844 -0.2093057 0.02755562 0.9690996
5.8107 FirstCar 0.7042916 0.025 2.97 0 90 0 0 0.7071068 0 0.7071068 13.8889 0
5.8107 SecondCar -31.49392 0.025 2.97 0 90 0 0 0.7071068 0 0.7071068 13.8889 0
5.8125 Head 0 1.6 0.78 15 335.625 -2.209729E-07 0.1275844 -0.2093057 0.02755562 0.9690996
5.8125 FirstCar 0.7285485 0.025 2.97 0 90 0 0 0.7071068 0 0.7071068 13.8889 0
5.8125 SecondCar -31.46966 0.025 2.97 0 90 0 0 0.7071068 0 0.7071068 13.8889 0
5.8139 Head 0 1.6 0.78 15 336 2.209729E-07 0.1276739 -0.2061332 0.02713795 0.9697794
5.8139 FirstCar 0.7493333 0.025 2.97 0 90 0 0 0.7071068 0 0.7071068 13.8889 0
5.8139 SecondCar -31.44888 0.025 2.97 0 90 0 0 0.7071068 0 0.7071068 13.8889 0
5.8154 Head 0 1.6 0.78 15 336 2.209729E-07 0.1276739 -0.2061332 0.02713795 0.9697794
5.8154 FirstCar 0.7688652 0.025 2.97 0 90 0 0 0.7071068 0 0.7071068 13.8889 0
5.8154 SecondCar -31.42935 0.025 2.97 0 90 0 0 0.7071068 0 0.7071068 13.8889 0
5.8168 Head 0 1.6 0.78 15 336 2.209729E-07 0.1276739 -0.2061332 0.02713795 0.9697794
5.8168 FirstCar 0.7882916 0.025 2.97 0 90 0 0 0.7071068 0 0.7071068 13.8889 0
5.8168 SecondCar -31.40992 0.025 2.97 0 90 0 0 0.7071068 0 0.7071068 13.8889 0
5.8181 Head 0 1.6 0.78 15 336 2.209729E-07 0.1276739 -0.2061332 0.02713795 0.9697794
5.8181 FirstCar 0.8071111 0.025 2.97 0 90 0 0 0.7071068 0 0.7071068 13.8889 0
5.8181 SecondCar -31.3911 0.025 2.97 0 90 0 0 0.7071068 0 0.7071068 13.8889 0
5.8199 Head 0 1.6 0.78 15 336 2.209729E-07 0.1276739 -0.2061332 0.02713795 0.9697794
5.8199 FirstCar 0.8318736 0.025 2.97 0 90 0 0 0.7071068 0 0.7071068 13.8889 0
5.8199 SecondCar -31.36634 0.025 2.97 0 90 0 0 0.7071068 0 0.7071068 13.8889 0
5.8214 Head 0 1.6 0.78 15 336.3 0 0.1277445 -0.2035936 0.02680361 0.9703158
5.8214 FirstCar 0.8523528 0.025 2.97 0 90 0 0 0.7071068 0 0.7071068 13.8889 0
5.8214 SecondCar -31.34586 0.025 2.97 0 90 0 0 0.7071068 0 0.7071068 13.8889 0
5.8231 Head 0 1.6 0.78 15 336.3 0 0.1277445 -0.2035936 0.02680361 0.9703158
5.8231 FirstCar 0.8768501 0.025 2.97 0 90 0 0 0.7071068 0 0.7071068 13.8889 0
5.8231 SecondCar -31.32136 0.025 2.97 0 90 0 0 0.7071068 0 0.7071068 13.8889 0
5.8245 Head 0 1.6 0.78 15 336.3 0 0.1277445 -0.2035936 0.02680361 0.9703158
5.8245 FirstCar 0.8962473 0.025 2.97 0 90 0 0 0.7071068 0 0.7071068 13.8889 0
5.8245 SecondCar -31.30196 0.025 2.97 0 90 0 0 0.7071068 0 0.7071068 13.8889 0
5.8261 Head 0 1.6 0.78 15 336.3 0 0.1277445 -0.2035936 0.02680361 0.9703158
5.8261 FirstCar 0.9182029 0.025 2.97 0 90 0 0 0.7071068 0 0.7071068 13.8889 0
5.8261 SecondCar -31.28001 0.025 2.97 0 90 0 0 0.7071068 0 0.7071068 13.8889 0
5.8280 Head 0 1.6 0.78 15 336.3 0 0.1277445 -0.2035936 0.02680361 0.9703158
5.8280 FirstCar 0.944914 0.025 2.97 0 90 0 0 0.7071068 0 0.7071068 13.8889 0
5.8280 SecondCar -31.2533 0.025 2.97 0 90 0 0 0.7071068 0 0.7071068 13.8889 0
5.8297 Head 0 1.6 0.78 15 336.6 -2.209729E-07 0.1278142 -0.2010527 0.02646909 0.9708454
5.8297 FirstCar 0.9684709 0.025 2.97 0 90 0 0 0.7071068 0 0.7071068 13.8889 0
5.8297 SecondCar -31.22974 0.025 2.97 0 90 0 0 0.7071068 0 0.7071068 13.8889 0
5.8324 Head 0 1.6 0.78 15 336.6 -2.209729E-07 0.1278142 -0.2010527 0.02646909 0.9708454
5.8324 FirstCar 1.005789 0.025 2.97 0 90 0 0 0.7071068 0 0.7071068 13.8889 0
5.8324 SecondCar -31.19242 0.025 2.97 0 90 0 0 0.7071068 0 0.7071068 13.8889 0
5.8341 Head 0 1.6 0.78 15 336.6 -2.209729E-07 0.1278142 -0.2010527 0.02646909 0.9708454
5.8341 FirstCar 1.028636 0.025 2.97 0 90 0 0 0.7071068 0 0.7071068 13.8889 0
5.8341 SecondCar -31.16957 0.025 2.97 0 90 0 0 0.7071068 0 0.7071068 13.8889 0
5.8359 Head 0 1.6 0.78 15 336.6 -2.209729E-07 0.1278142 -0.2010527 0.02646909 0.9708454
5.8359 FirstCar 1.054897 0.025 2.97 0 90 0 0 0.7071068 0 0.7071068 13.8889 0
5.8359 SecondCar -31.14331 0.025 2.97 0 90 0 0 0.7071068 0 0.7071068 13.8889 0
5.8376 Head 0 1.6 0.78 15 336.825 -2.209729E-07 0.127866 -0.199146 0.02621807 0.9712383
5.8376 FirstCar 1.077806 0.025 2.97 0 90 0 0 0.7071068 0 0.7071068 13.8889 0
5.8376 SecondCar -31.12041 0.025 2.97 0 90 0 0 0.7071068 0 0.7071068 13.8889 0
5.8394 Head 0 1.6 0.78 15 336.825 -2.209729E-07 0.127866 -0.199146 0.02621807 0.9712383
5.8394 FirstCar 1.102797 0.025 2.97 0 90 0 0 0.7071068 0 0.7071068 13.8889 0
5.8394 SecondCar -31.09541 0.025 2.97 0 90 0 0 0.7071068 0 0.7071068 13.8889 0
5.8411 Head 0 1.6 0.78 15 336.825 -2.209729E-07 0.127866 -0.199146 0.02621807 0.9712383
5.8411 FirstCar 1.12686 0.025 2.97 0 90 0 0 0.7071068 0 0.7071068 13.8889 0
5.8411 SecondCar -31.07135 0.025 2.97 0 90 0 0 0.7071068 0 0.7071068 13.8889 0
5.8429 Head 0 1.6 0.78 15 336.825 -2.209729E-07 0.127866 -0.199146 0.02621807 0.9712383
5.8429 FirstCar 1.152095 0.025 2.97 0 90 0 0 0.7071068 0 0.7071068 13.8889 0
5.8429 SecondCar -31.04612 0.025 2.97 0 90 0 0 0.7071068 0 0.7071068 13.8889 0
5.8456 Head 0 1.6 0.78 15 336.825 -2.209729E-07 0.127866 -0.199146 0.02621807 0.9712383
5.8456 FirstCar 1.188963 0.025 2.97 0 90 0 0 0.7071068 0 0.7071068 13.8889 0
5.8456 SecondCar -31.00925 0.025 2.97 0 90 0 0 0.7071068 0 0.7071068 13.8889 0
5.8475 Head 0 1.6 0.78 15 336.975 2.209729E-07 0.1279002 -0.1978745 0.02605068 0.9714981
5.8475 FirstCar 1.215131 0.025 2.97 0 90 0 0 0.7071068 0 0.7071068 13.8889 0
5.8475 SecondCar -30.98308 0.025 2.97 0 90 0 0 0.7071068 0 0.7071068 13.8889 0
5.8493 Head 0 1.6 0.78 15 336.975 2.209729E-07 0.1279002 -0.1978745 0.02605068 0.9714981
5.8493 FirstCar 1.239731 0.025 2.97 0 90 0 0 0.7071068 0 0.7071068 13.8889 0
5.8493 SecondCar -30.95848 0.025 2.97 0 90 0 0 0.7071068 0 0.7071068 13.8889 0
5.8512 Head 0 1.6 0.78 15 336.975 2.209729E-07 0.1279002 -0.1978745 0.02605068 0.9714981
5.8512 FirstCar 1.267366 0.025 2.97 0 90 0 0 0.7071068 0 0.7071068 13.8889 0
5.8512 SecondCar -30.93085 0.025 2.97 0 90 0 0 0.7071068 0 0.7071068 13.8889 0
5.8531 Head 0 1.6 0.78 15 336.975 2.209729E-07 0.1279002 -0.1978745 0.02605068 0.9714981
5.8531 FirstCar 1.293603 0.025 2.97 0 90 0 0 0.7071068 0 0.7071068 13.8889 0
5.8531 SecondCar -30.90461 0.025 2.97 0 90 0 0 0.7071068 0 0.7071068 13.8889 0
5.8547 Head 0 1.6 0.78 15 337.05 0 0.1279172 -0.1972386 0.02596696 0.9716275
5.8547 FirstCar 1.315434 0.025 2.97 0 90 0 0 0.7071068 0 0.7071068 13.8889 0
5.8547 SecondCar -30.88278 0.025 2.97 0 90 0 0 0.7071068 0 0.7071068 13.8889 0
5.8563 Head 0 1.6 0.78 15 337.05 0 0.1279172 -0.1972386 0.02596696 0.9716275
5.8563 FirstCar 1.336967 0.025 2.97 0 90 0 0 0.7071068 0 0.7071068 13.8889 0
5.8563 SecondCar -30.86124 0.025 2.97 0 90 0 0 0.7071068 0 0.7071068 13.8889 0
5.8577 Head 0 1.6 0.78 15 337.05 0 0.1279172 -0.1972386 0.02596696 0.9716275
5.8577 FirstCar 1.357642 0.025 2.97 0 90 0 0 0.7071068 0 0.7071068 13.8889 0
5.8577 SecondCar -30.84057 0.025 2.97 0 90 0 0 0.7071068 0 0.7071068 13.8889 0
5.8592 Head 0 1.6 0.78 15 337.05 0 0.1279172 -0.1972386 0.02596696 0.9716275
5.8592 FirstCar 1.378525 0.025 2.97 0 90 0 0 0.7071068 0 0.7071068 13.8889 0
5.8592 SecondCar -30.81968 0.025 2.97 0 90 0 0 0.7071068 0 0.7071068 13.8889 0
5.8607 Head 0 1.6 0.78 15 337.05 0 0.1279172 -0.1972386 0.02596696 0.9716275
5.8607 FirstCar 1.398743 0.025 2.97 0 90 0 0 0.7071068 0 0.7071068 13.8889 0
5.8607 SecondCar -30.79947 0.025 2.97 0 90 0 0 0.7071068 0 0.7071068 13.8889 0
5.8621 Head 0 1.6 0.78 15 337.05 0 0.1279172 -0.1972386 0.02596696 0.9716275
5.8621 FirstCar 1.41881 0.025 2.97 0 90 0 0 0.7071068 0 0.7071068 13.8889 0
5.8621 SecondCar -30.7794 0.025 2.97 0 90 0 0 0.7071068 0 0.7071068 13.8889 0
5.8636 Head 0 1.6 0.78 15 337.05 0 0.1279172 -0.1972386 0.02596696 0.9716275
5.8636 FirstCar 1.439484 0.025 2.97 0 90 0 0 0.7071068 0 0.7071068 13.8889 0
5.8636 SecondCar -30.75872 0.025 2.97 0 90 0 0 0.7071068 0 0.7071068 13.8889 0
5.8650 Head 0 1.6 0.78 15 337.05 0 0.1279172 -0.1972386 0.02596696 0.9716275
5.8650 FirstCar 1.458992 0.025 2.97 0 90 0 0 0.7071068 0 0.7071068 13.8889 0
5.8650 SecondCar -30.73922 0.025 2.97 0 90 0 0 0.7071068 0 0.7071068 13.8889 0
5.8664 Head 0 1.6 0.78 15 337.05 0 0.1279172 -0.1972386 0.02596696 0.9716275
5.8664 FirstCar 1.4778 0.025 2.97 0 90 0 0 0.7071068 0 0.7071068 13.8889 0
5.8664 SecondCar -30.72041 0.025 2.97 0 90 0 0 0.7071068 0 0.7071068 13.8889 0
5.8678 Head 0 1.6 0.78 15 337.05 0 0.1279172 -0.1972386 0.02596696 0.9716275
5.8678 FirstCar 1.497445 0.025 2.97 0 90 0 0 0.7071068 0 0.7071068 13.8889 0
5.8678 SecondCar -30.70076 0.025 2.97 0 90 0 0 0.7071068 0 0.7071068 13.8889 0
5.8695 Head 0 1.6 0.78 15 337.05 0 0.1279172 -0.1972386 0.02596696 0.9716275
5.8695 FirstCar 1.520505 0.025 2.97 0 90 0 0 0.7071068 0 0.7071068 13.8889 0
5.8695 SecondCar -30.6777 0.025 2.97 0 90 0 0 0.7071068 0 0.7071068 13.8889 0
5.8712 Head 0 1.6 0.78 15 337.05 0 0.1279172 -0.1972386 0.02596696 0.9716275
5.8712 FirstCar 1.54421 0.025 2.97 0 90 0 0 0.7071068 0 0.7071068 13.8889 0
5.8712 SecondCar -30.654 0.025 2.97 0 90 0 0 0.7071068 0 0.7071068 13.8889 0
5.8727 Head 0 1.6 0.78 15 337.05 0 0.1279172 -0.1972386 0.02596696 0.9716275
5.8727 FirstCar 1.564681 0.025 2.97 0 90 0 0 0.7071068 0 0.7071068 13.8889 0
5.8727 SecondCar -30.63353 0.025 2.97 0 90 0 0 0.7071068 0 0.7071068 13.8889 0
5.8741 Head 0 1.6 0.78 15 337.05 0 0.1279172 -0.1972386 0.02596696 0.9716275
5.8741 FirstCar 1.585477 0.025 2.97 0 90 0 0 0.7071068 0 0.7071068 13.8889 0
5.8741 SecondCar -30.61273 0.025 2.97 0 90 0 0 0.7071068 0 0.7071068 13.8889 0
5.8756 Head 0 1.6 0.78 15 337.05 0 0.1279172 -0.1972386 0.02596696 0.9716275
5.8756 FirstCar 1.605596 0.025 2.97 0 90 0 0 0.7071068 0 0.7071068 13.8889 0
5.8756 SecondCar -30.59261 0.025 2.97 0 90 0 0 0.7071068 0 0.7071068 13.8889 0
5.8771 Head 0 1.6 0.78 15 337.05 0 0.1279172 -0.1972386 0.02596696 0.9716275
5.8771 FirstCar 1.626659 0.025 2.97 0 90 0 0 0.7071068 0 0.7071068 13.8889 0
5.8771 SecondCar -30.57155 0.025 2.97 0 90 0 0 0.7071068 0 0.7071068 13.8889 0
5.8788 Head 0 1.6 0.78 15 337.05 0 0.1279172 -0.1972386 0.02596696 0.9716275
5.8788 FirstCar 1.649781 0.025 2.97 0 90 0 0 0.7071068 0 0.7071068 13.8889 0
5.8788 SecondCar -30.54843 0.025 2.97 0 90 0 0 0.7071068 0 0.7071068 13.8889 0
5.8803 Head 0 1.6 0.78 15 337.05 0 0.1279172 -0.1972386 0.02596696 0.9716275
5.8803 FirstCar 1.670706 0.025 2.97 0 90 0 0 0.7071068 0 0.7071068 13.8889 0
5.8803 SecondCar -30.5275 0.025 2.97 0 90 0 0 0.7071068 0 0.7071068 13.8889 0
5.8816 Head 0 1.6 0.78 15 337.05 0 0.1279172 -0.1972386 0.02596696 0.9716275
5.8816 FirstCar 1.68954 0.025 2.97 0 90 0 0 0.7071068 0 0.7071068 13.8889 0
5.8816 SecondCar -30.50867 0.025 2.97 0 90 0 0 0.7071068 0 0.7071068 13.8889 0
5.8830 Head 0 1.6 0.78 15 337.05 0 0.1279172 -0.1972386 0.02596696 0.9716275
5.8830 FirstCar 1.708633 0.025 2.97 0 90 0 0 0.7071068 0 0.7071068 13.8889 0
5.8830 SecondCar -30.48957 0.025 2.97 0 90 0 0 0.7071068 0 0.7071068 13.8889 0
5.8843 Head 0 1.6 0.78 15 337.05 0 0.1279172 -0.1972386 0.02596696 0.9716275
5.8843 FirstCar 1.726981 0.025 2.97 0 90 0 0 0.7071068 0 0.7071068 13.8889 0
5.8843 SecondCar -30.47123 0.025 2.97 0 90 0 0 0.7071068 0 0.7071068 13.8889 0
5.8857 Head 0 1.6 0.78 15 337.05 0 0.1279172 -0.1972386 0.02596696 0.9716275
5.8857 FirstCar 1.746203 0.025 2.97 0 90 0 0 0.7071068 0 0.7071068 13.8889 0
5.8857 SecondCar -30.452 0.025 2.97 0 90 0 0 0.7071068 0 0.7071068 13.8889 0
5.8871 Head 0 1.6 0.78 15 337.05 0 0.1279172 -0.1972386 0.02596696 0.9716275
5.8871 FirstCar 1.764748 0.025 2.97 0 90 0 0 0.7071068 0 0.7071068 13.8889 0
5.8871 SecondCar -30.43346 0.025 2.97 0 90 0 0 0.7071068 0 0.7071068 13.8889 0
5.8885 Head 0 1.6 0.78 15 337.05 0 0.1279172 -0.1972386 0.02596696 0.9716275
5.8885 FirstCar 1.784741 0.025 2.97 0 90 0 0 0.7071068 0 0.7071068 13.8889 0
5.8885 SecondCar -30.41347 0.025 2.97 0 90 0 0 0.7071068 0 0.7071068 13.8889 0
5.8903 Head 0 1.6 0.78 15 337.05 0 0.1279172 -0.1972386 0.02596696 0.9716275
5.8903 FirstCar 1.809678 0.025 2.97 0 90 0 0 0.7071068 0 0.7071068 13.8889 0
5.8903 SecondCar -30.38853 0.025 2.97 0 90 0 0 0.7071068 0 0.7071068 13.8889 0
5.8918 Head 0 1.6 0.78 15 337.05 0 0.1279172 -0.1972386 0.02596696 0.9716275
5.8918 FirstCar 1.830152 0.025 2.97 0 90 0 0 0.7071068 0 0.7071068 13.8889 0
5.8918 SecondCar -30.36806 0.025 2.97 0 90 0 0 0.7071068 0 0.7071068 13.8889 0
5.8932 Head 0 1.6 0.78 15 337.05 0 0.1279172 -0.1972386 0.02596696 0.9716275
5.8932 FirstCar 1.849673 0.025 2.97 0 90 0 0 0.7071068 0 0.7071068 13.8889 0
5.8932 SecondCar -30.34853 0.025 2.97 0 90 0 0 0.7071068 0 0.7071068 13.8889 0
5.8946 Head 0 1.6 0.78 15 337.05 0 0.1279172 -0.1972386 0.02596696 0.9716275
5.8946 FirstCar 1.86996 0.025 2.97 0 90 0 0 0.7071068 0 0.7071068 13.8889 0
5.8946 SecondCar -30.32825 0.025 2.97 0 90 0 0 0.7071068 0 0.7071068 13.8889 0
5.8964 Head 0 1.6 0.78 15 337.05 0 0.1279172 -0.1972386 0.02596696 0.9716275
5.8964 FirstCar 1.894251 0.025 2.97 0 90 0 0 0.7071068 0 0.7071068 13.8889 0
5.8964 SecondCar -30.30396 0.025 2.97 0 90 0 0 0.7071068 0 0.7071068 13.8889 0
5.8981 Head 0 1.6 0.78 15 337.05 0 0.1279172 -0.1972386 0.02596696 0.9716275
5.8981 FirstCar 1.917962 0.025 2.97 0 90 0 0 0.7071068 0 0.7071068 13.8889 0
5.8981 SecondCar -30.28024 0.025 2.97 0 90 0 0 0.7071068 0 0.7071068 13.8889 0
5.8998 Head 0 1.6 0.78 15 337.05 0 0.1279172 -0.1972386 0.02596696 0.9716275
5.8998 FirstCar 1.942329 0.025 2.97 0 90 0 0 0.7071068 0 0.7071068 13.8889 0
5.8998 SecondCar -30.25588 0.025 2.97 0 90 0 0 0.7071068 0 0.7071068 13.8889 0
5.9015 Head 0 1.6 0.78 15 337.05 0 0.1279172 -0.1972386 0.02596696 0.9716275
5.9015 FirstCar 1.965676 0.025 2.97 0 90 0 0 0.7071068 0 0.7071068 13.8889 0
5.9015 SecondCar -30.23253 0.025 2.97 0 90 0 0 0.7071068 0 0.7071068 13.8889 0
5.9031 Head 0 1.6 0.78 15 337.05 0 0.1279172 -0.1972386 0.02596696 0.9716275
5.9031 FirstCar 1.987877 0.025 2.97 0 90 0 0 0.7071068 0 0.7071068 13.8889 0
5.9031 SecondCar -30.21033 0.025 2.97 0 90 0 0 0.7071068 0 0.7071068 13.8889 0
5.9047 Head 0 1.6 0.78 15 337.05 0 0.1279172 -0.1972386 0.02596696 0.9716275
5.9047 FirstCar 2.009688 0.025 2.97 0 90 0 0 0.7071068 0 0.7071068 13.8889 0
5.9047 SecondCar -30.18852 0.025 2.97 0 90 0 0 0.7071068 0 0.7071068 13.8889 0
5.9067 Head 0 1.6 0.78 15 337.05 0 0.1279172 -0.1972386 0.02596696 0.9716275
5.9067 FirstCar 2.037044 0.025 2.97 0 90 0 0 0.7071068 0 0.7071068 13.8889 0
5.9067 SecondCar -30.16116 0.025 2.97 0 90 0 0 0.7071068 0 0.7071068 13.8889 0
5.9097 Head 0 1.6 0.78 15 337.05 0 0.1279172 -0.1972386 0.02596696 0.9716275
5.9097 FirstCar 2.07864 0.025 2.97 0 90 0 0 0.7071068 0 0.7071068 13.8889 0
5.9097 SecondCar -30.11957 0.025 2.97 0 90 0 0 0.7071068 0 0.7071068 13.8889 0
5.9124 Head 0 1.6 0.78 15 337.125 -2.209729E-07 0.1279342 -0.1966026 0.02588323 0.9717563
5.9124 FirstCar 2.116416 0.025 2.97 0 90 0 0 0.7071068 0 0.7071068 13.8889 0
5.9124 SecondCar -30.08179 0.025 2.97 0 90 0 0 0.7071068 0 0.7071068 13.8889 0
5.9142 Head 0 1.6 0.78 15 337.125 -2.209729E-07 0.1279342 -0.1966026 0.02588323 0.9717563
5.9142 FirstCar 2.142171 0.025 2.97 0 90 0 0 0.7071068 0 0.7071068 13.8889 0
5.9142 SecondCar -30.05604 0.025 2.97 0 90 0 0 0.7071068 0 0.7071068 13.8889 0
5.9159 Head 0 1.6 0.78 15 337.125 -2.209729E-07 0.1279342 -0.1966026 0.02588323 0.9717563
5.9159 FirstCar 2.164674 0.025 2.97 0 90 0 0 0.7071068 0 0.7071068 13.8889 0
5.9159 SecondCar -30.03353 0.025 2.97 0 90 0 0 0.7071068 0 0.7071068 13.8889 0
5.9174 Head 0 1.6 0.78 15 337.125 -2.209729E-07 0.1279342 -0.1966026 0.02588323 0.9717563
5.9174 FirstCar 2.186137 0.025 2.97 0 90 0 0 0.7071068 0 0.7071068 13.8889 0
5.9174 SecondCar -30.01207 0.025 2.97 0 90 0 0 0.7071068 0 0.7071068 13.8889 0
5.9190 Head 0 1.6 0.78 15 337.125 -2.209729E-07 0.1279342 -0.1966026 0.02588323 0.9717563
5.9190 FirstCar 2.208514 0.025 2.97 0 90 0 0 0.7071068 0 0.7071068 13.8889 0
5.9190 SecondCar -29.98969 0.025 2.97 0 90 0 0 0.7071068 0 0.7071068 13.8889 0
5.9206 Head 0 1.6 0.78 15 337.125 -2.209729E-07 0.1279342 -0.1966026 0.02588323 0.9717563
5.9206 FirstCar 2.230161 0.025 2.97 0 90 0 0 0.7071068 0 0.7071068 13.8889 0
5.9206 SecondCar -29.96805 0.025 2.97 0 90 0 0 0.7071068 0 0.7071068 13.8889 0
5.9224 Head 0 1.6 0.78 15 337.125 -2.209729E-07 0.1279342 -0.1966026 0.02588323 0.9717563
5.9224 FirstCar 2.255637 0.025 2.97 0 90 0 0 0.7071068 0 0.7071068 13.8889 0
5.9224 SecondCar -29.94257 0.025 2.97 0 90 0 0 0.7071068 0 0.7071068 13.8889 0
5.9244 Head 0 1.6 0.78 15 337.125 -2.209729E-07 0.1279342 -0.1966026 0.02588323 0.9717563
5.9244 FirstCar 2.283973 0.025 2.97 0 90 0 0 0.7071068 0 0.7071068 13.8889 0
5.9244 SecondCar -29.91423 0.025 2.97 0 90 0 0 0.7071068 0 0.7071068 13.8889 0
5.9262 Head 0 1.6 0.78 15 337.125 -2.209729E-07 0.1279342 -0.1966026 0.02588323 0.9717563
5.9262 FirstCar 2.308651 0.025 2.97 0 90 0 0 0.7071068 0 0.7071068 13.8889 0
5.9262 SecondCar -29.88956 0.025 2.97 0 90 0 0 0.7071068 0 0.7071068 13.8889 0
5.9279 Head 0 1.6 0.78 15 337.125 -2.209729E-07 0.1279342 -0.1966026 0.02588323 0.9717563
5.9279 FirstCar 2.33178 0.025 2.97 0 90 0 0 0.7071068 0 0.7071068 13.8889 0
5.9279 SecondCar -29.86643 0.025 2.97 0 90 0 0 0.7071068 0 0.7071068 13.8889 0
5.9296 Head 0 1.6 0.78 15 337.125 -2.209729E-07 0.1279342 -0.1966026 0.02588323 0.9717563
5.9296 FirstCar 2.354968 0.025 2.97 0 90 0 0 0.7071068 0 0.7071068 13.8889 0
5.9296 SecondCar -29.84324 0.025 2.97 0 90 0 0 0.7071068 0 0.7071068 13.8889 0
5.9314 Head 0 1.6 0.78 15 337.125 -2.209729E-07 0.1279342 -0.1966026 0.02588323 0.9717563
5.9314 FirstCar 2.381139 0.025 2.97 0 90 0 0 0.7071068 0 0.7071068 13.8889 0
5.9314 SecondCar -29.81707 0.025 2.97 0 90 0 0 0.7071068 0 0.7071068 13.8889 0
5.9330 Head 0 1.6 0.78 15 337.125 -2.209729E-07 0.1279342 -0.1966026 0.02588323 0.9717563
5.9330 FirstCar 2.402842 0.025 2.97 0 90 0 0 0.7071068 0 0.7071068 13.8889 0
5.9330 SecondCar -29.79537 0.025 2.97 0 90 0 0 0.7071068 0 0.7071068 13.8889 0
5.9346 Head 0 1.6 0.78 15 337.125 -2.209729E-07 0.1279342 -0.1966026 0.02588323 0.9717563
5.9346 FirstCar 2.424735 0.025 2.97 0 90 0 0 0.7071068 0 0.7071068 13.8889 0
5.9346 SecondCar -29.77347 0.025 2.97 0 90 0 0 0.7071068 0 0.7071068 13.8889 0
5.9362 Head 0 1.6 0.78 15 337.125 -2.209729E-07 0.1279342 -0.1966026 0.02588323 0.9717563
5.9362 FirstCar 2.447247 0.025 2.97 0 90 0 0 0.7071068 0 0.7071068 13.8889 0
5.9362 SecondCar -29.75096 0.025 2.97 0 90 0 0 0.7071068 0 0.7071068 13.8889 0
5.9382 Head 0 1.6 0.78 15 337.125 -2.209729E-07 0.1279342 -0.1966026 0.02588323 0.9717563
5.9382 FirstCar 2.474732 0.025 2.97 0 90 0 0 0.7071068 0 0.7071068 13.8889 0
5.9382 SecondCar -29.72348 0.025 2.97 0 90 0 0 0.7071068 0 0.7071068 13.8889 0
5.9406 Head 0 1.6 0.78 15 337.125 -2.209729E-07 0.1279342 -0.1966026 0.02588323 0.9717563
5.9406 FirstCar 2.50877 0.025 2.97 0 90 0 0 0.7071068 0 0.7071068 13.8889 0
5.9406 SecondCar -29.68944 0.025 2.97 0 90 0 0 0.7071068 0 0.7071068 13.8889 0
5.9426 Head 0 1.6 0.78 15 337.125 -2.209729E-07 0.1279342 -0.1966026 0.02588323 0.9717563
5.9426 FirstCar 2.536221 0.025 2.97 0 90 0 0 0.7071068 0 0.7071068 13.8889 0
5.9426 SecondCar -29.66199 0.025 2.97 0 90 0 0 0.7071068 0 0.7071068 13.8889 0
5.9444 Head 0 1.6 0.78 15 337.125 -2.209729E-07 0.1279342 -0.1966026 0.02588323 0.9717563
5.9444 FirstCar 2.561361 0.025 2.97 0 90 0 0 0.7071068 0 0.7071068 13.8889 0
5.9444 SecondCar -29.63685 0.025 2.97 0 90 0 0 0.7071068 0 0.7071068 13.8889 0
5.9460 Head 0 1.6 0.78 15 337.125 -2.209729E-07 0.1279342 -0.1966026 0.02588323 0.9717563
5.9460 FirstCar 2.583879 0.025 2.97 0 90 0 0 0.7071068 0 0.7071068 13.8889 0
5.9460 SecondCar -29.61433 0.025 2.97 0 90 0 0 0.7071068 0 0.7071068 13.8889 0
5.9476 Head 0 1.6 0.78 15 337.125 -2.209729E-07 0.1279342 -0.1966026 0.02588323 0.9717563
5.9476 FirstCar 2.605935 0.025 2.97 0 90 0 0 0.7071068 0 0.7071068 13.8889 0
5.9476 SecondCar -29.59228 0.025 2.97 0 90 0 0 0.7071068 0 0.7071068 13.8889 0
5.9494 Head 0 1.6 0.78 15 337.125 -2.209729E-07 0.1279342 -0.1966026 0.02588323 0.9717563
5.9494 FirstCar 2.630982 0.025 2.97 0 90 0 0 0.7071068 0 0.7071068 13.8889 0
5.9494 SecondCar -29.56723 0.025 2.97 0 90 0 0 0.7071068 0 0.7071068 13.8889 0
5.9513 Head 0 1.6 0.78 15 337.125 -2.209729E-07 0.1279342 -0.1966026 0.02588323 0.9717563
5.9513 FirstCar 2.656778 0.025 2.97 0 90 0 0 0.7071068 0 0.7071068 13.8889 0
5.9513 SecondCar -29.54143 0.025 2.97 0 90 0 0 0.7071068 0 0.7071068 13.8889 0
5.9530 Head 0 1.6 0.78 15 337.125 -2.209729E-07 0.1279342 -0.1966026 0.02588323 0.9717563
5.9530 FirstCar 2.680226 0.025 2.97 0 90 0 0 0.7071068 0 0.7071068 13.8889 0
5.9530 SecondCar -29.51799 0.025 2.97 0 90 0 0 0.7071068 0 0.7071068 13.8889 0
5.9547 Head 0 1.6 0.78 15 337.125 -2.209729E-07 0.1279342 -0.1966026 0.02588323 0.9717563
5.9547 FirstCar 2.703852 0.025 2.97 0 90 0 0 0.7071068 0 0.7071068 13.8889 0
5.9547 SecondCar -29.49436 0.025 2.97 0 90 0 0 0.7071068 0 0.7071068 13.8889 0
5.9563 Head 0 1.6 0.78 15 337.125 -2.209729E-07 0.1279342 -0.1966026 0.02588323 0.9717563
5.9563 FirstCar 2.726523 0.025 2.97 0 90 0 0 0.7071068 0 0.7071068 13.8889 0
5.9563 SecondCar -29.47169 0.025 2.97 0 90 0 0 0.7071068 0 0.7071068 13.8889 0
5.9577 Head 0 1.6 0.78 15 337.125 -2.209729E-07 0.1279342 -0.1966026 0.02588323 0.9717563
5.9577 FirstCar 2.746512 0.025 2.97 0 90 0 0 0.7071068 0 0.7071068 13.8889 0
5.9577 SecondCar -29.4517 0.025 2.97 0 90 0 0 0.7071068 0 0.7071068 13.8889 0
5.9593 Head 0 1.6 0.78 15 337.125 -2.209729E-07 0.1279342 -0.1966026 0.02588323 0.9717563
5.9593 FirstCar 2.768463 0.025 2.97 0 90 0 0 0.7071068 0 0.7071068 13.8889 0
5.9593 SecondCar -29.42975 0.025 2.97 0 90 0 0 0.7071068 0 0.7071068 13.8889 0
5.9607 Head 0 1.6 0.78 15 337.125 -2.209729E-07 0.1279342 -0.1966026 0.02588323 0.9717563
5.9607 FirstCar 2.787896 0.025 2.97 0 90 0 0 0.7071068 0 0.7071068 13.8889 0
5.9607 SecondCar -29.41031 0.025 2.97 0 90 0 0 0.7071068 0 0.7071068 13.8889 0
5.9621 Head 0 1.6 0.78 15 337.125 -2.209729E-07 0.1279342 -0.1966026 0.02588323 0.9717563
5.9621 FirstCar 2.80743 0.025 2.97 0 90 0 0 0.7071068 0 0.7071068 13.8889 0
5.9621 SecondCar -29.39078 0.025 2.97 0 90 0 0 0.7071068 0 0.7071068 13.8889 0
5.9636 Head 0 1.6 0.78 15 337.125 -2.209729E-07 0.1279342 -0.1966026 0.02588323 0.9717563
5.9636 FirstCar 2.827678 0.025 2.97 0 90 0 0 0.7071068 0 0.7071068 13.8889 0
5.9636 SecondCar -29.37053 0.025 2.97 0 90 0 0 0.7071068 0 0.7071068 13.8889 0
5.9650 Head 0 1.6 0.78 15 337.125 -2.209729E-07 0.1279342 -0.1966026 0.02588323 0.9717563
5.9650 FirstCar 2.848009 0.025 2.97 0 90 0 0 0.7071068 0 0.7071068 13.8889 0
5.9650 SecondCar -29.3502 0.025 2.97 0 90 0 0 0.7071068 0 0.7071068 13.8889 0
5.9664 Head 0 1.6 0.78 15 337.125 -2.209729E-07 0.1279342 -0.1966026 0.02588323 0.9717563
5.9664 FirstCar 2.867101 0.025 2.97 0 90 0 0 0.7071068 0 0.7071068 13.8889 0
5.9664 SecondCar -29.33111 0.025 2.97 0 90 0 0 0.7071068 0 0.7071068 13.8889 0
5.9680 Head 0 1.6 0.78 15 337.125 -2.209729E-07 0.1279342 -0.1966026 0.02588323 0.9717563
5.9680 FirstCar 2.889534 0.025 2.97 0 90 0 0 0.7071068 0 0.7071068 13.8889 0
5.9680 SecondCar -29.30868 0.025 2.97 0 90 0 0 0.7071068 0 0.7071068 13.8889 0
5.9697 Head 0 1.6 0.78 15 337.125 -2.209729E-07 0.1279342 -0.1966026 0.02588323 0.9717563
5.9697 FirstCar 2.913008 0.025 2.97 0 90 0 0 0.7071068 0 0.7071068 13.8889 0
5.9697 SecondCar -29.2852 0.025 2.97 0 90 0 0 0.7071068 0 0.7071068 13.8889 0
5.9719 Head 0 1.6 0.78 15 337.125 -2.209729E-07 0.1279342 -0.1966026 0.02588323 0.9717563
5.9719 FirstCar 2.943616 0.025 2.97 0 90 0 0 0.7071068 0 0.7071068 13.8889 0
5.9719 SecondCar -29.25459 0.025 2.97 0 90 0 0 0.7071068 0 0.7071068 13.8889 0
5.9737 Head 0 1.6 0.78 15 337.125 -2.209729E-07 0.1279342 -0.1966026 0.02588323 0.9717563
5.9737 FirstCar 2.968769 0.025 2.97 0 90 0 0 0.7071068 0 0.7071068 13.8889 0
5.9737 SecondCar -29.22944 0.025 2.97 0 90 0 0 0.7071068 0 0.7071068 13.8889 0
5.9757 Head 0 1.6 0.78 15 337.125 -2.209729E-07 0.1279342 -0.1966026 0.02588323 0.9717563
5.9757 FirstCar 2.995622 0.025 2.97 0 90 0 0 0.7071068 0 0.7071068 13.8889 0
5.9757 SecondCar -29.20259 0.025 2.97 0 90 0 0 0.7071068 0 0.7071068 13.8889 0
5.9774 Head 0 1.6 0.78 15 337.125 -2.209729E-07 0.1279342 -0.1966026 0.02588323 0.9717563
5.9774 FirstCar 3.018906 0.025 2.97 0 90 0 0 0.7071068 0 0.7071068 13.8889 0
5.9774 SecondCar -29.1793 0.025 2.97 0 90 0 0 0.7071068 0 0.7071068 13.8889 0
5.9789 Head 0 1.6 0.78 15 337.125 -2.209729E-07 0.1279342 -0.1966026 0.02588323 0.9717563
5.9789 FirstCar 3.040784 0.025 2.97 0 90 0 0 0.7071068 0 0.7071068 13.8889 0
5.9789 SecondCar -29.15742 0.025 2.97 0 90 0 0 0.7071068 0 0.7071068 13.8889 0
5.9806 Head 0 1.6 0.78 15 337.125 -2.209729E-07 0.1279342 -0.1966026 0.02588323 0.9717563
5.9806 FirstCar 3.064366 0.025 2.97 0 90 0 0 0.7071068 0 0.7071068 13.8889 0
5.9806 SecondCar -29.13384 0.025 2.97 0 90 0 0 0.7071068 0 0.7071068 13.8889 0
5.9821 Head 0 1.6 0.78 15 337.125 -2.209729E-07 0.1279342 -0.1966026 0.02588323 0.9717563
5.9821 FirstCar 3.084265 0.025 2.97 0 90 0 0 0.7071068 0 0.7071068 13.8889 0
5.9821 SecondCar -29.11394 0.025 2.97 0 90 0 0 0.7071068 0 0.7071068 13.8889 0
5.9836 Head 0 1.6 0.78 15 337.125 -2.209729E-07 0.1279342 -0.1966026 0.02588323 0.9717563
5.9836 FirstCar 3.105607 0.025 2.97 0 90 0 0 0.7071068 0 0.7071068 13.8889 0
5.9836 SecondCar -29.0926 0.025 2.97 0 90 0 0 0.7071068 0 0.7071068 13.8889 0
5.9850 Head 0 1.6 0.78 15 337.125 -2.209729E-07 0.1279342 -0.1966026 0.02588323 0.9717563
5.9850 FirstCar 3.125387 0.025 2.97 0 90 0 0 0.7071068 0 0.7071068 13.8889 0
5.9850 SecondCar -29.07282 0.025 2.97 0 90 0 0 0.7071068 0 0.7071068 13.8889 0
5.9865 Head 0 1.6 0.78 15 337.125 -2.209729E-07 0.1279342 -0.1966026 0.02588323 0.9717563
5.9865 FirstCar 3.146359 0.025 2.97 0 90 0 0 0.7071068 0 0.7071068 13.8889 0
5.9865 SecondCar -29.05185 0.025 2.97 0 90 0 0 0.7071068 0 0.7071068 13.8889 0
5.9879 Head 0 1.6 0.78 15 337.125 -2.209729E-07 0.1279342 -0.1966026 0.02588323 0.9717563
5.9879 FirstCar 3.165622 0.025 2.97 0 90 0 0 0.7071068 0 0.7071068 13.8889 0
5.9879 SecondCar -29.03259 0.025 2.97 0 90 0 0 0.7071068 0 0.7071068 13.8889 0
5.9898 Head 0 1.6 0.78 15 337.125 -2.209729E-07 0.1279342 -0.1966026 0.02588323 0.9717563
5.9898 FirstCar 3.191569 0.025 2.97 0 90 0 0 0.7071068 0 0.7071068 13.8889 0
5.9898 SecondCar -29.00664 0.025 2.97 0 90 0 0 0.7071068 0 0.7071068 13.8889 0
5.9917 Head 0 1.6 0.78 15 337.125 -2.209729E-07 0.1279342 -0.1966026 0.02588323 0.9717563
5.9917 FirstCar 3.218083 0.025 2.97 0 90 0 0 0.7071068 0 0.7071068 13.8889 0
5.9917 SecondCar -28.98013 0.025 2.97 0 90 0 0 0.7071068 0 0.7071068 13.8889 0
5.9932 Head 0 1.6 0.78 15 337.125 -2.209729E-07 0.1279342 -0.1966026 0.02588323 0.9717563
5.9932 FirstCar 3.238793 0.025 2.97 0 90 0 0 0.7071068 0 0.7071068 13.8889 0
5.9932 SecondCar -28.95942 0.025 2.97 0 90 0 0 0.7071068 0 0.7071068 13.8889 0
5.9947 Head 0 1.6 0.78 15 337.125 -2.209729E-07 0.1279342 -0.1966026 0.02588323 0.9717563
5.9947 FirstCar 3.260008 0.025 2.97 0 90 0 0 0.7071068 0 0.7071068 13.8889 0
5.9947 SecondCar -28.9382 0.025 2.97 0 90 0 0 0.7071068 0 0.7071068 13.8889 0
5.9961 Head 0 1.6 0.78 15 337.125 -2.209729E-07 0.1279342 -0.1966026 0.02588323 0.9717563
5.9961 FirstCar 3.279797 0.025 2.97 0 90 0 0 0.7071068 0 0.7071068 13.8889 0
5.9961 SecondCar -28.91841 0.025 2.97 0 90 0 0 0.7071068 0 0.7071068 13.8889 0
5.9975 Head 0 1.6 0.78 15 337.125 -2.209729E-07 0.1279342 -0.1966026 0.02588323 0.9717563
5.9975 FirstCar 3.298883 0.025 2.97 0 90 0 0 0.7071068 0 0.7071068 13.8889 0
5.9975 SecondCar -28.89932 0.025 2.97 0 90 0 0 0.7071068 0 0.7071068 13.8889 0
5.9991 Head 0 1.6 0.78 15 337.125 -2.209729E-07 0.1279342 -0.1966026 0.02588323 0.9717563
5.9991 FirstCar 3.321389 0.025 2.97 0 90 0 0 0.7071068 0 0.7071068 13.8889 0
5.9991 SecondCar -28.87682 0.025 2.97 0 90 0 0 0.7071068 0 0.7071068 13.8889 0
6.0006 Head 0 1.6 0.78 15 337.125 -2.209729E-07 0.1279342 -0.1966026 0.02588323 0.9717563
6.0006 FirstCar 3.342354 0.025 2.97 0 90 0 0 0.7071068 0 0.7071068 13.8889 0
6.0006 SecondCar -28.85585 0.025 2.97 0 90 0 0 0.7071068 0 0.7071068 13.8889 0
6.0022 Head 0 1.6 0.78 15 337.125 -2.209729E-07 0.1279342 -0.1966026 0.02588323 0.9717563
6.0022 FirstCar 3.364657 0.025 2.97 0 90 0 0 0.7071068 0 0.7071068 13.8889 0
6.0022 SecondCar -28.83355 0.025 2.97 0 90 0 0 0.7071068 0 0.7071068 13.8889 0
6.0039 Head 0 1.6 0.78 15 337.125 -2.209729E-07 0.1279342 -0.1966026 0.02588323 0.9717563
6.0039 FirstCar 3.387311 0.025 2.97 0 90 0 0 0.7071068 0 0.7071068 13.8889 0
6.0039 SecondCar -28.8109 0.025 2.97 0 90 0 0 0.7071068 0 0.7071068 13.8889 0
6.0056 Head 0 1.6 0.78 15 337.125 -2.209729E-07 0.1279342 -0.1966026 0.02588323 0.9717563
6.0056 FirstCar 3.410781 0.025 2.97 0 90 0 0 0.7071068 0 0.7071068 13.8889 0
6.0056 SecondCar -28.78743 0.025 2.97 0 90 0 0 0.7071068 0 0.7071068 13.8889 0
6.0073 Head 0 1.6 0.78 15 337.125 -2.209729E-07 0.1279342 -0.1966026 0.02588323 0.9717563
6.0073 FirstCar 3.434364 0.025 2.97 0 90 0 0 0.7071068 0 0.7071068 13.8889 0
6.0073 SecondCar -28.76385 0.025 2.97 0 90 0 0 0.7071068 0 0.7071068 13.8889 0
6.0091 Head 0 1.6 0.78 15 337.125 -2.209729E-07 0.1279342 -0.1966026 0.02588323 0.9717563
6.0091 FirstCar 3.459231 0.025 2.97 0 90 0 0 0.7071068 0 0.7071068 13.8889 0
6.0091 SecondCar -28.73898 0.025 2.97 0 90 0 0 0.7071068 0 0.7071068 13.8889 0
6.0108 Head 0 1.6 0.78 15 337.125 -2.209729E-07 0.1279342 -0.1966026 0.02588323 0.9717563
6.0108 FirstCar 3.483119 0.025 2.97 0 90 0 0 0.7071068 0 0.7071068 13.8889 0
6.0108 SecondCar -28.71509 0.025 2.97 0 90 0 0 0.7071068 0 0.7071068 13.8889 0
6.0122 Head 0 1.6 0.78 15 337.125 -2.209729E-07 0.1279342 -0.1966026 0.02588323 0.9717563
6.0122 FirstCar 3.502647 0.025 2.97 0 90 0 0 0.7071068 0 0.7071068 13.8889 0
6.0122 SecondCar -28.69556 0.025 2.97 0 90 0 0 0.7071068 0 0.7071068 13.8889 0
6.0136 Head 0 1.6 0.78 15 337.125 -2.209729E-07 0.1279342 -0.1966026 0.02588323 0.9717563
6.0136 FirstCar 3.522368 0.025 2.97 0 90 0 0 0.7071068 0 0.7071068 13.8889 0
6.0136 SecondCar -28.67584 0.025 2.97 0 90 0 0 0.7071068 0 0.7071068 13.8889 0
6.0150 Head 0 1.6 0.78 15 337.125 -2.209729E-07 0.1279342 -0.1966026 0.02588323 0.9717563
6.0150 FirstCar 3.541808 0.025 2.97 0 90 0 0 0.7071068 0 0.7071068 13.8889 0
6.0150 SecondCar -28.6564 0.025 2.97 0 90 0 0 0.7071068 0 0.7071068 13.8889 0
6.0163 Head 0 1.6 0.78 15 337.125 -2.209729E-07 0.1279342 -0.1966026 0.02588323 0.9717563
6.0163 FirstCar 3.560217 0.025 2.97 0 90 0 0 0.7071068 0 0.7071068 13.8889 0
6.0163 SecondCar -28.63799 0.025 2.97 0 90 0 0 0.7071068 0 0.7071068 13.8889 0
6.0177 Head 0 1.6 0.78 15 337.125 -2.209729E-07 0.1279342 -0.1966026 0.02588323 0.9717563
6.0177 FirstCar 3.579432 0.025 2.97 0 90 0 0 0.7071068 0 0.7071068 13.8889 0
6.0177 SecondCar -28.61878 0.025 2.97 0 90 0 0 0.7071068 0 0.7071068 13.8889 0
6.0192 Head 0 1.6 0.78 15 337.125 -2.209729E-07 0.1279342 -0.1966026 0.02588323 0.9717563
6.0192 FirstCar 3.600474 0.025 2.97 0 90 0 0 0.7071068 0 0.7071068 13.8889 0
6.0192 SecondCar -28.59774 0.025 2.97 0 90 0 0 0.7071068 0 0.7071068 13.8889 0
6.0206 Head 0 1.6 0.78 15 337.125 -2.209729E-07 0.1279342 -0.1966026 0.02588323 0.9717563
6.0206 FirstCar 3.619344 0.025 2.97 0 90 0 0 0.7071068 0 0.7071068 13.8889 0
6.0206 SecondCar -28.57887 0.025 2.97 0 90 0 0 0.7071068 0 0.7071068 13.8889 0
6.0219 Head 0 1.6 0.78 15 337.125 -2.209729E-07 0.1279342 -0.1966026 0.02588323 0.9717563
6.0219 FirstCar 3.637953 0.025 2.97 0 90 0 0 0.7071068 0 0.7071068 13.8889 0
6.0219 SecondCar -28.56026 0.025 2.97 0 90 0 0 0.7071068 0 0.7071068 13.8889 0
6.0233 Head 0 1.6 0.78 15 337.125 -2.209729E-07 0.1279342 -0.1966026 0.02588323 0.9717563
6.0233 FirstCar 3.656597 0.025 2.97 0 90 0 0 0.7071068 0 0.7071068 13.8889 0
6.0233 SecondCar -28.54161 0.025 2.97 0 90 0 0 0.7071068 0 0.7071068 13.8889 0
6.0246 Head 0 1.6 0.78 15 337.125 -2.209729E-07 0.1279342 -0.1966026 0.02588323 0.9717563
6.0246 FirstCar 3.674783 0.025 2.97 0 90 0 0 0.7071068 0 0.7071068 13.8889 0
6.0246 SecondCar -28.52343 0.025 2.97 0 90 0 0 0.7071068 0 0.7071068 13.8889 0
6.0259 Head 0 1.6 0.78 15 337.125 -2.209729E-07 0.1279342 -0.1966026 0.02588323 0.9717563
6.0259 FirstCar 3.693106 0.025 2.97 0 90 0 0 0.7071068 0 0.7071068 13.8889 0
6.0259 SecondCar -28.50511 0.025 2.97 0 90 0 0 0.7071068 0 0.7071068 13.8889 0
6.0272 Head 0 1.6 0.78 15 337.125 -2.209729E-07 0.1279342 -0.1966026 0.02588323 0.9717563
6.0272 FirstCar 3.71117 0.025 2.97 0 90 0 0 0.7071068 0 0.7071068 13.8889 0
6.0272 SecondCar -28.48704 0.025 2.97 0 90 0 0 0.7071068 0 0.7071068 13.8889 0
6.0287 Head 0 1.6 0.78 15 337.125 -2.209729E-07 0.1279342 -0.1966026 0.02588323 0.9717563
6.0287 FirstCar 3.731461 0.025 2.97 0 90 0 0 0.7071068 0 0.7071068 13.8889 0
6.0287 SecondCar -28.46675 0.025 2.97 0 90 0 0 0.7071068 0 0.7071068 13.8889 0
6.0304 Head 0 1.6 0.78 15 337.125 -2.209729E-07 0.1279342 -0.1966026 0.02588323 0.9717563
6.0304 FirstCar 3.756163 0.025 2.97 0 90 0 0 0.7071068 0 0.7071068 13.8889 0
6.0304 SecondCar -28.44205 0.025 2.97 0 90 0 0 0.7071068 0 0.7071068 13.8889 0
6.0319 Head 0 1.6 0.78 15 337.125 -2.209729E-07 0.1279342 -0.1966026 0.02588323 0.9717563
6.0319 FirstCar 3.777035 0.025 2.97 0 90 0 0 0.7071068 0 0.7071068 13.8889 0
6.0319 SecondCar -28.42118 0.025 2.97 0 90 0 0 0.7071068 0 0.7071068 13.8889 0
6.0335 Head 0 1.6 0.78 15 337.125 -2.209729E-07 0.1279342 -0.1966026 0.02588323 0.9717563
6.0335 FirstCar 3.799125 0.025 2.97 0 90 0 0 0.7071068 0 0.7071068 13.8889 0
6.0335 SecondCar -28.39908 0.025 2.97 0 90 0 0 0.7071068 0 0.7071068 13.8889 0
6.0352 Head 0 1.6 0.78 15 337.125 -2.209729E-07 0.1279342 -0.1966026 0.02588323 0.9717563
6.0352 FirstCar 3.822207 0.025 2.97 0 90 0 0 0.7071068 0 0.7071068 13.8889 0
6.0352 SecondCar -28.376 0.025 2.97 0 90 0 0 0.7071068 0 0.7071068 13.8889 0
6.0373 Head 0 1.6 0.78 15 337.125 -2.209729E-07 0.1279342 -0.1966026 0.02588323 0.9717563
6.0373 FirstCar 3.852111 0.025 2.97 0 90 0 0 0.7071068 0 0.7071068 13.8889 0
6.0373 SecondCar -28.3461 0.025 2.97 0 90 0 0 0.7071068 0 0.7071068 13.8889 0
6.0394 Head 0 1.6 0.78 15 337.125 -2.209729E-07 0.1279342 -0.1966026 0.02588323 0.9717563
6.0394 FirstCar 3.880963 0.025 2.97 0 90 0 0 0.7071068 0 0.7071068 13.8889 0
6.0394 SecondCar -28.31725 0.025 2.97 0 90 0 0 0.7071068 0 0.7071068 13.8889 0
6.0412 Head 0 1.6 0.78 15 337.125 -2.209729E-07 0.1279342 -0.1966026 0.02588323 0.9717563
6.0412 FirstCar 3.905207 0.025 2.97 0 90 0 0 0.7071068 0 0.7071068 13.8889 0
6.0412 SecondCar -28.293 0.025 2.97 0 90 0 0 0.7071068 0 0.7071068 13.8889 0
6.0428 Head 0 1.6 0.78 15 337.125 -2.209729E-07 0.1279342 -0.1966026 0.02588323 0.9717563
6.0428 FirstCar 3.927217 0.025 2.97 0 90 0 0 0.7071068 0 0.7071068 13.8889 0
6.0428 SecondCar -28.27099 0.025 2.97 0 90 0 0 0.7071068 0 0.7071068 13.8889 0
6.0445 Head 0 1.6 0.78 15 337.125 -2.209729E-07 0.1279342 -0.1966026 0.02588323 0.9717563
6.0445 FirstCar 3.952145 0.025 2.97 0 90 0 0 0.7071068 0 0.7071068 13.8889 0
6.0445 SecondCar -28.24607 0.025 2.97 0 90 0 0 0.7071068 0 0.7071068 13.8889 0
6.0459 Head 0 1.6 0.78 15 337.125 -2.209729E-07 0.1279342 -0.1966026 0.02588323 0.9717563
6.0459 FirstCar 3.971042 0.025 2.97 0 90 0 0 0.7071068 0 0.7071068 13.8889 0
6.0459 SecondCar -28.22717 0.025 2.97 0 90 0 0 0.7071068 0 0.7071068 13.8889 0
6.0472 Head 0 1.6 0.78 15 337.125 -2.209729E-07 0.1279342 -0.1966026 0.02588323 0.9717563
6.0472 FirstCar 3.989486 0.025 2.97 0 90 0 0 0.7071068 0 0.7071068 13.8889 0
6.0472 SecondCar -28.20873 0.025 2.97 0 90 0 0 0.7071068 0 0.7071068 13.8889 0
6.0486 Head 0 1.6 0.78 15 337.125 -2.209729E-07 0.1279342 -0.1966026 0.02588323 0.9717563
6.0486 FirstCar 4.008802 0.025 2.97 0 90 0 0 0.7071068 0 0.7071068 13.8889 0
6.0486 SecondCar -28.18941 0.025 2.97 0 90 0 0 0.7071068 0 0.7071068 13.8889 0
6.0508 Head 0 1.6 0.78 15 337.125 -2.209729E-07 0.1279342 -0.1966026 0.02588323 0.9717563
6.0508 FirstCar 4.038774 0.025 2.97 0 90 0 0 0.7071068 0 0.7071068 13.8889 0
6.0508 SecondCar -28.15944 0.025 2.97 0 90 0 0 0.7071068 0 0.7071068 13.8889 0
6.0522 Head 0 1.6 0.78 15 337.125 -2.209729E-07 0.1279342 -0.1966026 0.02588323 0.9717563
6.0522 FirstCar 4.058595 0.025 2.97 0 90 0 0 0.7071068 0 0.7071068 13.8889 0
6.0522 SecondCar -28.13962 0.025 2.97 0 90 0 0 0.7071068 0 0.7071068 13.8889 0
6.0535 Head 0 1.6 0.78 15 337.125 -2.209729E-07 0.1279342 -0.1966026 0.02588323 0.9717563
6.0535 FirstCar 4.076343 0.025 2.97 0 90 0 0 0.7071068 0 0.7071068 13.8889 0
6.0535 SecondCar -28.12187 0.025 2.97 0 90 0 0 0.7071068 0 0.7071068 13.8889 0
6.0548 Head 0 1.6 0.78 15 337.125 -2.209729E-07 0.1279342 -0.1966026 0.02588323 0.9717563
6.0548 FirstCar 4.094115 0.025 2.97 0 90 0 0 0.7071068 0 0.7071068 13.8889 0
6.0548 SecondCar -28.1041 0.025 2.97 0 90 0 0 0.7071068 0 0.7071068 13.8889 0
6.0562 Head 0 1.6 0.78 15 337.125 -2.209729E-07 0.1279342 -0.1966026 0.02588323 0.9717563
6.0562 FirstCar 4.11334 0.025 2.97 0 90 0 0 0.7071068 0 0.7071068 13.8889 0
6.0562 SecondCar -28.08487 0.025 2.97 0 90 0 0 0.7071068 0 0.7071068 13.8889 0
6.0575 Head 0 1.6 0.78 15 337.125 -2.209729E-07 0.1279342 -0.1966026 0.02588323 0.9717563
6.0575 FirstCar 4.132134 0.025 2.97 0 90 0 0 0.7071068 0 0.7071068 13.8889 0
6.0575 SecondCar -28.06608 0.025 2.97 0 90 0 0 0.7071068 0 0.7071068 13.8889 0
6.0588 Head 0 1.6 0.78 15 337.125 -2.209729E-07 0.1279342 -0.1966026 0.02588323 0.9717563
6.0588 FirstCar 4.150323 0.025 2.97 0 90 0 0 0.7071068 0 0.7071068 13.8889 0
6.0588 SecondCar -28.04789 0.025 2.97 0 90 0 0 0.7071068 0 0.7071068 13.8889 0
6.0601 Head 0 1.6 0.78 15 337.125 -2.209729E-07 0.1279342 -0.1966026 0.02588323 0.9717563
6.0601 FirstCar 4.167902 0.025 2.97 0 90 0 0 0.7071068 0 0.7071068 13.8889 0
6.0601 SecondCar -28.03031 0.025 2.97 0 90 0 0 0.7071068 0 0.7071068 13.8889 0
6.0617 Head 0 1.6 0.78 15 337.125 -2.209729E-07 0.1279342 -0.1966026 0.02588323 0.9717563
6.0617 FirstCar 4.189998 0.025 2.97 0 90 0 0 0.7071068 0 0.7071068 13.8889 0
6.0617 SecondCar -28.00821 0.025 2.97 0 90 0 0 0.7071068 0 0.7071068 13.8889 0
6.0631 Head 0 1.6 0.78 15 337.125 -2.209729E-07 0.1279342 -0.1966026 0.02588323 0.9717563
6.0631 FirstCar 4.209332 0.025 2.97 0 90 0 0 0.7071068 0 0.7071068 13.8889 0
6.0631 SecondCar -27.98888 0.025 2.97 0 90 0 0 0.7071068 0 0.7071068 13.8889 0
6.0644 Head 0 1.6 0.78 15 337.125 -2.209729E-07 0.1279342 -0.1966026 0.02588323 0.9717563
6.0644 FirstCar 4.228251 0.025 2.97 0 90 0 0 0.7071068 0 0.7071068 13.8889 0
6.0644 SecondCar -27.96996 0.025 2.97 0 90 0 0 0.7071068 0 0.7071068 13.8889 0
6.0658 Head 0 1.6 0.78 15 337.125 -2.209729E-07 0.1279342 -0.1966026 0.02588323 0.9717563
6.0658 FirstCar 4.247427 0.025 2.97 0 90 0 0 0.7071068 0 0.7071068 13.8889 0
6.0658 SecondCar -27.95078 0.025 2.97 0 90 0 0 0.7071068 0 0.7071068 13.8889 0
6.0671 Head 0 1.6 0.78 15 337.125 -2.209729E-07 0.1279342 -0.1966026 0.02588323 0.9717563
6.0671 FirstCar 4.265516 0.025 2.97 0 90 0 0 0.7071068 0 0.7071068 13.8889 0
6.0671 SecondCar -27.93269 0.025 2.97 0 90 0 0 0.7071068 0 0.7071068 13.8889 0
6.0696 Head 0 1.6 0.78 15 337.125 -2.209729E-07 0.1279342 -0.1966026 0.02588323 0.9717563
6.0696 FirstCar 4.299929 0.025 2.97 0 90 0 0 0.7071068 0 0.7071068 13.8889 0
6.0696 SecondCar -27.89828 0.025 2.97 0 90 0 0 0.7071068 0 0.7071068 13.8889 0
6.0717 Head 0 1.6 0.78 15 336.825 -2.209729E-07 0.127866 -0.199146 0.02621807 0.9712383
6.0717 FirstCar 4.329501 0.025 2.97 0 90 0 0 0.7071068 0 0.7071068 13.8889 0
6.0717 SecondCar -27.86871 0.025 2.97 0 90 0 0 0.7071068 0 0.7071068 13.8889 0
6.0734 Head 0 1.6 0.78 15 336.825 -2.209729E-07 0.127866 -0.199146 0.02621807 0.9712383
6.0734 FirstCar 4.353041 0.025 2.97 0 90 0 0 0.7071068 0 0.7071068 13.8889 0
6.0734 SecondCar -27.84517 0.025 2.97 0 90 0 0 0.7071068 0 0.7071068 13.8889 0
6.0749 Head 0 1.6 0.78 15 336.825 -2.209729E-07 0.127866 -0.199146 0.02621807 0.9712383
6.0749 FirstCar 4.373408 0.025 2.97 0 90 0 0 0.7071068 0 0.7071068 13.8889 0
6.0749 SecondCar -27.8248 0.025 2.97 0 90 0 0 0.7071068 0 0.7071068 13.8889 0
6.0767 Head 0 1.6 0.78 15 336.825 -2.209729E-07 0.127866 -0.199146 0.02621807 0.9712383
6.0767 FirstCar 4.398652 0.025 2.97 0 90 0 0 0.7071068 0 0.7071068 13.8889 0
6.0767 SecondCar -27.79956 0.025 2.97 0 90 0 0 0.7071068 0 0.7071068 13.8889 0
6.0784 Head 0 1.6 0.78 14.925 335.925 0 0.1270214 -0.2067856 0.02708617 0.9697276
6.0784 FirstCar 4.421669 0.025 2.97 0 90 0 0 0.7071068 0 0.7071068 13.8889 0
6.0784 SecondCar -27.77654 0.025 2.97 0 90 0 0 0.7071068 0 0.7071068 13.8889 0
6.0803 Head 0 1.6 0.78 14.925 335.925 0 0.1270214 -0.2067856 0.02708617 0.9697276
6.0803 FirstCar 4.448084 0.025 2.97 0 90 0 0 0.7071068 0 0.7071068 13.8889 0
6.0803 SecondCar -27.75013 0.025 2.97 0 90 0 0 0.7071068 0 0.7071068 13.8889 0
6.0817 Head 0 1.6 0.78 14.925 335.925 0 0.1270214 -0.2067856 0.02708617 0.9697276
6.0817 FirstCar 4.467886 0.025 2.97 0 90 0 0 0.7071068 0 0.7071068 13.8889 0
6.0817 SecondCar -27.73033 0.025 2.97 0 90 0 0 0.7071068 0 0.7071068 13.8889 0
6.0831 Head 0 1.6 0.78 14.925 335.925 0 0.1270214 -0.2067856 0.02708617 0.9697276
6.0831 FirstCar 4.486953 0.025 2.97 0 90 0 0 0.7071068 0 0.7071068 13.8889 0
6.0831 SecondCar -27.71126 0.025 2.97 0 90 0 0 0.7071068 0 0.7071068 13.8889 0
6.0854 Head 0 1.6 0.78 14.925 335.925 0 0.1270214 -0.2067856 0.02708617 0.9697276
6.0854 FirstCar 4.519441 0.025 2.97 0 90 0 0 0.7071068 0 0.7071068 13.8889 0
6.0854 SecondCar -27.67877 0.025 2.97 0 90 0 0 0.7071068 0 0.7071068 13.8889 0
6.0874 Head 0 1.6 0.78 14.775 335.025 -2.207423E-07 0.1255375 -0.214432 0.02780228 0.9682388
6.0874 FirstCar 4.547101 0.025 2.97 0 90 0 0 0.7071068 0 0.7071068 13.8889 0
6.0874 SecondCar -27.65111 0.025 2.97 0 90 0 0 0.7071068 0 0.7071068 13.8889 0
6.0893 Head 0 1.6 0.78 14.775 335.025 -2.207423E-07 0.1255375 -0.214432 0.02780228 0.9682388
6.0893 FirstCar 4.573295 0.025 2.97 0 90 0 0 0.7071068 0 0.7071068 13.8889 0
6.0893 SecondCar -27.62492 0.025 2.97 0 90 0 0 0.7071068 0 0.7071068 13.8889 0
6.0924 Head 0 1.6 0.78 14.775 335.025 -2.207423E-07 0.1255375 -0.214432 0.02780228 0.9682388
6.0924 FirstCar 4.616786 0.025 2.97 0 90 0 0 0.7071068 0 0.7071068 13.8889 0
6.0924 SecondCar -27.58143 0.025 2.97 0 90 0 0 0.7071068 0 0.7071068 13.8889 0
6.0942 Head 0 1.6 0.78 14.55 333.9 0 0.1233613 -0.2239837 0.02859365 0.9663311
6.0942 FirstCar 4.642265 0.025 2.97 0 90 0 0 0.7071068 0 0.7071068 13.8889 0
6.0942 SecondCar -27.55595 0.025 2.97 0 90 0 0 0.7071068 0 0.7071068 13.8889 0
6.0963 Head 0 1.6 0.78 14.55 333.9 0 0.1233613 -0.2239837 0.02859365 0.9663311
6.0963 FirstCar 4.670811 0.025 2.97 0 90 0 0 0.7071068 0 0.7071068 13.8889 0
6.0963 SecondCar -27.5274 0.025 2.97 0 90 0 0 0.7071068 0 0.7071068 13.8889 0
6.0986 Head 0 1.6 0.78 14.55 333.9 0 0.1233613 -0.2239837 0.02859365 0.9663311
6.0986 FirstCar 4.702738 0.025 2.97 0 90 0 0 0.7071068 0 0.7071068 13.8889 0
6.0986 SecondCar -27.49548 0.025 2.97 0 90 0 0 0.7071068 0 0.7071068 13.8889 0
6.1010 Head 0 1.6 0.78 14.55 333.9 0 0.1233613 -0.2239837 0.02859365 0.9663311
6.1010 FirstCar 4.736005 0.025 2.97 0 90 0 0 0.7071068 0 0.7071068 13.8889 0
6.1010 SecondCar -27.46221 0.025 2.97 0 90 0 0 0.7071068 0 0.7071068 13.8889 0
6.1032 Head 0 1.6 0.78 14.325 332.775 0 0.1211815 -0.2335178 0.02934489 0.9643254
6.1032 FirstCar 4.766194 0.025 2.97 0 90 0 0 0.7071068 0 0.7071068 13.8889 0
6.1032 SecondCar -27.43202 0.025 2.97 0 90 0 0 0.7071068 0 0.7071068 13.8889 0
6.1052 Head 0 1.6 0.78 14.325 332.775 0 0.1211815 -0.2335178 0.02934489 0.9643254
6.1052 FirstCar 4.793904 0.025 2.97 0 90 0 0 0.7071068 0 0.7071068 13.8889 0
6.1052 SecondCar -27.40431 0.025 2.97 0 90 0 0 0.7071068 0 0.7071068 13.8889 0
6.1070 Head 0 1.6 0.78 14.325 332.775 0 0.1211815 -0.2335178 0.02934489 0.9643254
6.1070 FirstCar 4.819547 0.025 2.97 0 90 0 0 0.7071068 0 0.7071068 13.8889 0
6.1070 SecondCar -27.37867 0.025 2.97 0 90 0 0 0.7071068 0 0.7071068 13.8889 0
6.1093 Head 0 1.6 0.78 14.325 332.775 0 0.1211815 -0.2335178 0.02934489 0.9643254
6.1093 FirstCar 4.850841 0.025 2.97 0 90 0 0 0.7071068 0 0.7071068 13.8889 0
6.1093 SecondCar -27.34738 0.025 2.97 0 90 0 0 0.7071068 0 0.7071068 13.8889 0
6.1117 Head 0 1.6 0.78 14.025 331.425 -2.200016E-07 0.1183097 -0.2449417 0.03012931 0.9618205
6.1117 FirstCar 4.884597 0.025 2.97 0 90 0 0 0.7071068 0 0.7071068 13.8889 0
6.1117 SecondCar -27.31362 0.025 2.97 0 90 0 0 0.7071068 0 0.7071068 13.8889 0
6.1134 Head 0 1.6 0.78 14.025 331.425 -2.200016E-07 0.1183097 -0.2449417 0.03012931 0.9618205
6.1134 FirstCar 4.907877 0.025 2.97 0 90 0 0 0.7071068 0 0.7071068 13.8889 0
6.1134 SecondCar -27.29034 0.025 2.97 0 90 0 0 0.7071068 0 0.7071068 13.8889 0
6.1150 Head 0 1.6 0.78 14.025 331.425 -2.200016E-07 0.1183097 -0.2449417 0.03012931 0.9618205
6.1150 FirstCar 4.930059 0.025 2.97 0 90 0 0 0.7071068 0 0.7071068 13.8889 0
6.1150 SecondCar -27.26816 0.025 2.97 0 90 0 0 0.7071068 0 0.7071068 13.8889 0
6.1169 Head 0 1.6 0.78 14.025 331.425 -2.200016E-07 0.1183097 -0.2449417 0.03012931 0.9618205
6.1169 FirstCar 4.956561 0.025 2.97 0 90 0 0 0.7071068 0 0.7071068 13.8889 0
6.1169 SecondCar -27.24166 0.025 2.97 0 90 0 0 0.7071068 0 0.7071068 13.8889 0
6.1188 Head 0 1.6 0.78 13.65 330.075 0 0.114808 -0.2563574 0.03068222 0.959249
6.1188 FirstCar 4.982945 0.025 2.97 0 90 0 0 0.7071068 0 0.7071068 13.8889 0
6.1188 SecondCar -27.21527 0.025 2.97 0 90 0 0 0.7071068 0 0.7071068 13.8889 0
6.1204 Head 0 1.6 0.78 13.65 330.075 0 0.114808 -0.2563574 0.03068222 0.959249
6.1204 FirstCar 5.006059 0.025 2.97 0 90 0 0 0.7071068 0 0.7071068 13.8889 0
6.1204 SecondCar -27.19216 0.025 2.97 0 90 0 0 0.7071068 0 0.7071068 13.8889 0
6.1222 Head 0 1.6 0.78 13.65 330.075 0 0.114808 -0.2563574 0.03068222 0.959249
6.1222 FirstCar 5.030077 0.025 2.97 0 90 0 0 0.7071068 0 0.7071068 13.8889 0
6.1222 SecondCar -27.16814 0.025 2.97 0 90 0 0 0.7071068 0 0.7071068 13.8889 0
6.1243 Head 0 1.6 0.78 13.65 330.075 0 0.114808 -0.2563574 0.03068222 0.959249
6.1243 FirstCar 5.05934 0.025 2.97 0 90 0 0 0.7071068 0 0.7071068 13.8889 0
6.1243 SecondCar -27.13888 0.025 2.97 0 90 0 0 0.7071068 0 0.7071068 13.8889 0
6.1261 Head 0 1.6 0.78 13.275 328.5 2.193034E-07 0.1112476 -0.2696213 0.03137509 0.9560041
6.1261 FirstCar 5.085354 0.025 2.97 0 90 0 0 0.7071068 0 0.7071068 13.8889 0
6.1261 SecondCar -27.11286 0.025 2.97 0 90 0 0 0.7071068 0 0.7071068 13.8889 0
6.1280 Head 0 1.6 0.78 13.275 328.5 2.193034E-07 0.1112476 -0.2696213 0.03137509 0.9560041
6.1280 FirstCar 5.111127 0.025 2.97 0 90 0 0 0.7071068 0 0.7071068 13.8889 0
6.1280 SecondCar -27.08709 0.025 2.97 0 90 0 0 0.7071068 0 0.7071068 13.8889 0
6.1301 Head 0 1.6 0.78 13.275 328.5 2.193034E-07 0.1112476 -0.2696213 0.03137509 0.9560041
6.1301 FirstCar 5.139829 0.025 2.97 0 90 0 0 0.7071068 0 0.7071068 13.8889 0
6.1301 SecondCar -27.05839 0.025 2.97 0 90 0 0 0.7071068 0 0.7071068 13.8889 0
6.1334 Head 0 1.6 0.78 13.275 328.5 2.193034E-07 0.1112476 -0.2696213 0.03137509 0.9560041
6.1334 FirstCar 5.186109 0.025 2.97 0 90 0 0 0.7071068 0 0.7071068 13.8889 0
6.1334 SecondCar -27.01211 0.025 2.97 0 90 0 0 0.7071068 0 0.7071068 13.8889 0
6.1353 Head 0 1.6 0.78 12.825 326.925 0 0.1070657 -0.2828622 0.03179057 0.952636
6.1353 FirstCar 5.213008 0.025 2.97 0 90 0 0 0.7071068 0 0.7071068 13.8889 0
6.1353 SecondCar -26.98521 0.025 2.97 0 90 0 0 0.7071068 0 0.7071068 13.8889 0
6.1370 Head 0 1.6 0.78 12.825 326.925 0 0.1070657 -0.2828622 0.03179057 0.952636
6.1370 FirstCar 5.236316 0.025 2.97 0 90 0 0 0.7071068 0 0.7071068 13.8889 0
6.1370 SecondCar -26.9619 0.025 2.97 0 90 0 0 0.7071068 0 0.7071068 13.8889 0
6.1385 Head 0 1.6 0.78 12.825 326.925 0 0.1070657 -0.2828622 0.03179057 0.952636
6.1385 FirstCar 5.257657 0.025 2.97 0 90 0 0 0.7071068 0 0.7071068 13.8889 0
6.1385 SecondCar -26.94056 0.025 2.97 0 90 0 0 0.7071068 0 0.7071068 13.8889 0
6.1405 Head 0 1.6 0.78 12.825 326.925 0 0.1070657 -0.2828622 0.03179057 0.952636
6.1405 FirstCar 5.28472 0.025 2.97 0 90 0 0 0.7071068 0 0.7071068 13.8889 0
6.1405 SecondCar -26.9135 0.025 2.97 0 90 0 0 0.7071068 0 0.7071068 13.8889 0
6.1422 Head 0 1.6 0.78 12.225 325.275 0 0.1016293 -0.2967198 0.03177568 0.9490095
6.1422 FirstCar 5.307797 0.025 2.97 0 90 0 0 0.7071068 0 0.7071068 13.8889 0
6.1422 SecondCar -26.89042 0.025 2.97 0 90 0 0 0.7071068 0 0.7071068 13.8889 0
6.1438 Head 0 1.6 0.78 12.225 325.275 0 0.1016293 -0.2967198 0.03177568 0.9490095
6.1438 FirstCar 5.330822 0.025 2.97 0 90 0 0 0.7071068 0 0.7071068 13.8889 0
6.1438 SecondCar -26.8674 0.025 2.97 0 90 0 0 0.7071068 0 0.7071068 13.8889 0
6.1456 Head 0 1.6 0.78 12.225 325.275 0 0.1016293 -0.2967198 0.03177568 0.9490095
6.1456 FirstCar 5.356237 0.025 2.97 0 90 0 0 0.7071068 0 0.7071068 13.8889 0
6.1456 SecondCar -26.84198 0.025 2.97 0 90 0 0 0.7071068 0 0.7071068 13.8889 0
6.1473 Head 0 1.6 0.78 12.225 325.275 0 0.1016293 -0.2967198 0.03177568 0.9490095
6.1473 FirstCar 5.378617 0.025 2.97 0 90 0 0 0.7071068 0 0.7071068 13.8889 0
6.1473 SecondCar -26.8196 0.025 2.97 0 90 0 0 0.7071068 0 0.7071068 13.8889 0
6.1494 Head 0 1.6 0.78 12.225 325.275 0 0.1016293 -0.2967198 0.03177568 0.9490095
6.1494 FirstCar 5.408568 0.025 2.97 0 90 0 0 0.7071068 0 0.7071068 13.8889 0
6.1494 SecondCar -26.78965 0.025 2.97 0 90 0 0 0.7071068 0 0.7071068 13.8889 0
6.1514 Head 0 1.6 0.78 11.625 323.55 0 0.09619302 -0.3111417 0.0316732 0.9449522
6.1514 FirstCar 5.43667 0.025 2.97 0 90 0 0 0.7071068 0 0.7071068 13.8889 0
6.1514 SecondCar -26.76155 0.025 2.97 0 90 0 0 0.7071068 0 0.7071068 13.8889 0
6.1529 Head 0 1.6 0.78 11.625 323.55 0 0.09619302 -0.3111417 0.0316732 0.9449522
6.1529 FirstCar 5.457554 0.025 2.97 0 90 0 0 0.7071068 0 0.7071068 13.8889 0
6.1529 SecondCar -26.74066 0.025 2.97 0 90 0 0 0.7071068 0 0.7071068 13.8889 0
6.1543 Head 0 1.6 0.78 11.625 323.55 0 0.09619302 -0.3111417 0.0316732 0.9449522
6.1543 FirstCar 5.476668 0.025 2.97 0 90 0 0 0.7071068 0 0.7071068 13.8889 0
6.1543 SecondCar -26.72155 0.025 2.97 0 90 0 0 0.7071068 0 0.7071068 13.8889 0
6.1561 Head 0 1.6 0.78 11.625 323.55 0 0.09619302 -0.3111417 0.0316732 0.9449522
6.1561 FirstCar 5.500827 0.025 2.97 0 90 0 0 0.7071068 0 0.7071068 13.8889 0
6.1561 SecondCar -26.69739 0.025 2.97 0 90 0 0 0.7071068 0 0.7071068 13.8889 0
6.1577 Head 0 1.6 0.78 10.8 321.825 0 0.08893425 -0.3255607 0.03077454 0.9408262
6.1577 FirstCar 5.524176 0.025 2.97 0 90 0 0 0.7071068 0 0.7071068 13.8889 0
6.1577 SecondCar -26.67404 0.025 2.97 0 90 0 0 0.7071068 0 0.7071068 13.8889 0
6.1594 Head 0 1.6 0.78 10.8 321.825 0 0.08893425 -0.3255607 0.03077454 0.9408262
6.1594 FirstCar 5.546735 0.025 2.97 0 90 0 0 0.7071068 0 0.7071068 13.8889 0
6.1594 SecondCar -26.65148 0.025 2.97 0 90 0 0 0.7071068 0 0.7071068 13.8889 0
6.1617 Head 0 1.6 0.78 10.8 321.825 0 0.08893425 -0.3255607 0.03077454 0.9408262
6.1617 FirstCar 5.578887 0.025 2.97 0 90 0 0 0.7071068 0 0.7071068 13.8889 0
6.1617 SecondCar -26.61933 0.025 2.97 0 90 0 0 0.7071068 0 0.7071068 13.8889 0
6.1641 Head 0 1.6 0.78 10.8 321.825 0 0.08893425 -0.3255607 0.03077454 0.9408262
6.1641 FirstCar 5.612728 0.025 2.97 0 90 0 0 0.7071068 0 0.7071068 13.8889 0
6.1641 SecondCar -26.58549 0.025 2.97 0 90 0 0 0.7071068 0 0.7071068 13.8889 0
6.1662 Head 0 1.6 0.78 9.825 320.025 -2.166205E-07 0.08047628 -0.3405597 0.02927111 0.936315
6.1662 FirstCar 5.642203 0.025 2.97 0 90 0 0 0.7071068 0 0.7071068 13.8889 0
6.1662 SecondCar -26.55602 0.025 2.97 0 90 0 0 0.7071068 0 0.7071068 13.8889 0
6.1682 Head 0 1.6 0.78 9.825 320.025 -2.166205E-07 0.08047628 -0.3405597 0.02927111 0.936315
6.1682 FirstCar 5.67011 0.025 2.97 0 90 0 0 0.7071068 0 0.7071068 13.8889 0
6.1682 SecondCar -26.52811 0.025 2.97 0 90 0 0 0.7071068 0 0.7071068 13.8889 0
6.1705 Head 0 1.6 0.78 9.825 320.025 -2.166205E-07 0.08047628 -0.3405597 0.02927111 0.936315
6.1705 FirstCar 5.702133 0.025 2.97 0 90 0 0 0.7071068 0 0.7071068 13.8889 0
6.1705 SecondCar -26.49609 0.025 2.97 0 90 0 0 0.7071068 0 0.7071068 13.8889 0
6.1728 Head 0 1.6 0.78 9.825 320.025 -2.166205E-07 0.08047628 -0.3405597 0.02927111 0.936315
6.1728 FirstCar 5.732882 0.025 2.97 0 90 0 0 0.7071068 0 0.7071068 13.8889 0
6.1728 SecondCar -26.46534 0.025 2.97 0 90 0 0 0.7071068 0 0.7071068 13.8889 0
6.1747 Head 0 1.6 0.78 8.625 318.225 0 0.07025453 -0.355525 0.02681006 0.931637
6.1747 FirstCar 5.760036 0.025 2.97 0 90 0 0 0.7071068 0 0.7071068 13.8889 0
6.1747 SecondCar -26.43818 0.025 2.97 0 90 0 0 0.7071068 0 0.7071068 13.8889 0
6.1766 Head 0 1.6 0.78 8.625 318.225 0 0.07025453 -0.355525 0.02681006 0.931637
6.1766 FirstCar 5.785717 0.025 2.97 0 90 0 0 0.7071068 0 0.7071068 13.8889 0
6.1766 SecondCar -26.4125 0.025 2.97 0 90 0 0 0.7071068 0 0.7071068 13.8889 0
6.1784 Head 0 1.6 0.78 8.625 318.225 0 0.07025453 -0.355525 0.02681006 0.931637
6.1784 FirstCar 5.810774 0.025 2.97 0 90 0 0 0.7071068 0 0.7071068 13.8889 0
6.1784 SecondCar -26.38744 0.025 2.97 0 90 0 0 0.7071068 0 0.7071068 13.8889 0
6.1806 Head 0 1.6 0.78 8.625 318.225 0 0.07025453 -0.355525 0.02681006 0.931637
6.1806 FirstCar 5.841638 0.025 2.97 0 90 0 0 0.7071068 0 0.7071068 13.8889 0
6.1806 SecondCar -26.35658 0.025 2.97 0 90 0 0 0.7071068 0 0.7071068 13.8889 0
6.1829 Head 0 1.6 0.78 7.425 316.275 0 0.0600932 -0.3715992 0.02411165 0.9261326
6.1829 FirstCar 5.873238 0.025 2.97 0 90 0 0 0.7071068 0 0.7071068 13.8889 0
6.1829 SecondCar -26.32498 0.025 2.97 0 90 0 0 0.7071068 0 0.7071068 13.8889 0
6.1849 Head 0 1.6 0.78 7.425 316.275 0 0.0600932 -0.3715992 0.02411165 0.9261326
6.1849 FirstCar 5.902155 0.025 2.97 0 90 0 0 0.7071068 0 0.7071068 13.8889 0
6.1849 SecondCar -26.29606 0.025 2.97 0 90 0 0 0.7071068 0 0.7071068 13.8889 0
6.1867 Head 0 1.6 0.78 7.425 316.275 0 0.0600932 -0.3715992 0.02411165 0.9261326
6.1867 FirstCar 5.926428 0.025 2.97 0 90 0 0 0.7071068 0 0.7071068 13.8889 0
6.1867 SecondCar -26.27179 0.025 2.97 0 90 0 0 0.7071068 0 0.7071068 13.8889 0
6.1887 Head 0 1.6 0.78 7.425 316.275 0 0.0600932 -0.3715992 0.02411165 0.9261326
6.1887 FirstCar 5.954361 0.025 2.97 0 90 0 0 0.7071068 0 0.7071068 13.8889 0
6.1887 SecondCar -26.24385 0.025 2.97 0 90 0 0 0.7071068 0 0.7071068 13.8889 0
6.1907 Head 0 1.6 0.78 6.149999 314.475 2.146789E-07 0.04946519 -0.3863553 0.02075518 0.9207888
6.1907 FirstCar 5.982533 0.025 2.97 0 90 0 0 0.7071068 0 0.7071068 13.8889 0
6.1907 SecondCar -26.21568 0.025 2.97 0 90 0 0 0.7071068 0 0.7071068 13.8889 0
6.1923 Head 0 1.6 0.78 6.149999 314.475 2.146789E-07 0.04946519 -0.3863553 0.02075518 0.9207888
6.1923 FirstCar 6.003838 0.025 2.97 0 90 0 0 0.7071068 0 0.7071068 13.8889 0
6.1923 SecondCar -26.19438 0.025 2.97 0 90 0 0 0.7071068 0 0.7071068 13.8889 0
6.1938 Head 0 1.6 0.78 6.149999 314.475 2.146789E-07 0.04946519 -0.3863553 0.02075518 0.9207888
6.1938 FirstCar 6.025497 0.025 2.97 0 90 0 0 0.7071068 0 0.7071068 13.8889 0
6.1938 SecondCar -26.17272 0.025 2.97 0 90 0 0 0.7071068 0 0.7071068 13.8889 0
6.1954 Head 0 1.6 0.78 6.149999 314.475 2.146789E-07 0.04946519 -0.3863553 0.02075518 0.9207888
6.1954 FirstCar 6.047305 0.025 2.97 0 90 0 0 0.7071068 0 0.7071068 13.8889 0
6.1954 SecondCar -26.15091 0.025 2.97 0 90 0 0 0.7071068 0 0.7071068 13.8889 0
6.1973 Head 0 1.6 0.78 6.149999 314.475 2.146789E-07 0.04946519 -0.3863553 0.02075518 0.9207888
6.1973 FirstCar 6.074286 0.025 2.97 0 90 0 0 0.7071068 0 0.7071068 13.8889 0
6.1973 SecondCar -26.12393 0.025 2.97 0 90 0 0 0.7071068 0 0.7071068 13.8889 0
6.1994 Head 0 1.6 0.78 4.875 312.675 0 0.03895391 -0.4009854 0.01706918 0.9150966
6.1994 FirstCar 6.102749 0.025 2.97 0 90 0 0 0.7071068 0 0.7071068 13.8889 0
6.1994 SecondCar -26.09547 0.025 2.97 0 90 0 0 0.7071068 0 0.7071068 13.8889 0
6.2010 Head 0 1.6 0.78 4.875 312.675 0 0.03895391 -0.4009854 0.01706918 0.9150966
6.2010 FirstCar 6.125011 0.025 2.97 0 90 0 0 0.7071068 0 0.7071068 13.8889 0
6.2010 SecondCar -26.0732 0.025 2.97 0 90 0 0 0.7071068 0 0.7071068 13.8889 0
6.2025 Head 0 1.6 0.78 4.875 312.675 0 0.03895391 -0.4009854 0.01706918 0.9150966
6.2025 FirstCar 6.145422 0.025 2.97 0 90 0 0 0.7071068 0 0.7071068 13.8889 0
6.2025 SecondCar -26.05279 0.025 2.97 0 90 0 0 0.7071068 0 0.7071068 13.8889 0
6.2042 Head 0 1.6 0.78 4.875 312.675 0 0.03895391 -0.4009854 0.01706918 0.9150966
6.2042 FirstCar 6.170078 0.025 2.97 0 90 0 0 0.7071068 0 0.7071068 13.8889 0
6.2042 SecondCar -26.02814 0.025 2.97 0 90 0 0 0.7071068 0 0.7071068 13.8889 0
6.2058 Head 0 1.6 0.78 3.599999 311.025 0 0.0285854 -0.4142904 0.0130196 0.9096026
6.2058 FirstCar 6.192222 0.025 2.97 0 90 0 0 0.7071068 0 0.7071068 13.8889 0
6.2058 SecondCar -26.00599 0.025 2.97 0 90 0 0 0.7071068 0 0.7071068 13.8889 0
6.2073 Head 0 1.6 0.78 3.599999 311.025 0 0.0285854 -0.4142904 0.0130196 0.9096026
6.2073 FirstCar 6.213097 0.025 2.97 0 90 0 0 0.7071068 0 0.7071068 13.8889 0
6.2073 SecondCar -25.98512 0.025 2.97 0 90 0 0 0.7071068 0 0.7071068 13.8889 0
6.2088 Head 0 1.6 0.78 3.599999 311.025 0 0.0285854 -0.4142904 0.0130196 0.9096026
6.2088 FirstCar 6.233557 0.025 2.97 0 90 0 0 0.7071068 0 0.7071068 13.8889 0
6.2088 SecondCar -25.96466 0.025 2.97 0 90 0 0 0.7071068 0 0.7071068 13.8889 0
6.2106 Head 0 1.6 0.78 3.599999 311.025 0 0.0285854 -0.4142904 0.0130196 0.9096026
6.2106 FirstCar 6.258371 0.025 2.97 0 90 0 0 0.7071068 0 0.7071068 13.8889 0
6.2106 SecondCar -25.93984 0.025 2.97 0 90 0 0 0.7071068 0 0.7071068 13.8889 0
6.2124 Head 0 1.6 0.78 3.599999 311.025 0 0.0285854 -0.4142904 0.0130196 0.9096026
6.2124 FirstCar 6.283802 0.025 2.97 0 90 0 0 0.7071068 0 0.7071068 13.8889 0
6.2124 SecondCar -25.91441 0.025 2.97 0 90 0 0 0.7071068 0 0.7071068 13.8889 0
6.2140 Head 0 1.6 0.78 2.549999 309.6 -1.068275E-07 0.0201334 -0.4256741 0.009474064 0.9046029
6.2140 FirstCar 6.305618 0.025 2.97 0 90 0 0 0.7071068 0 0.7071068 13.8889 0
6.2140 SecondCar -25.8926 0.025 2.97 0 90 0 0 0.7071068 0 0.7071068 13.8889 0
6.2154 Head 0 1.6 0.78 2.549999 309.6 -1.068275E-07 0.0201334 -0.4256741 0.009474064 0.9046029
6.2154 FirstCar 6.32518 0.025 2.97 0 90 0 0 0.7071068 0 0.7071068 13.8889 0
6.2154 SecondCar -25.87303 0.025 2.97 0 90 0 0 0.7071068 0 0.7071068 13.8889 0
6.2169 Head 0 1.6 0.78 2.549999 309.6 -1.068275E-07 0.0201334 -0.4256741 0.009474064 0.9046029
6.2169 FirstCar 6.345292 0.025 2.97 0 90 0 0 0.7071068 0 0.7071068 13.8889 0
6.2169 SecondCar -25.85292 0.025 2.97 0 90 0 0 0.7071068 0 0.7071068 13.8889 0
6.2183 Head 0 1.6 0.78 2.549999 309.6 -1.068275E-07 0.0201334 -0.4256741 0.009474064 0.9046029
6.2183 FirstCar 6.365091 0.025 2.97 0 90 0 0 0.7071068 0 0.7071068 13.8889 0
6.2183 SecondCar -25.83312 0.025 2.97 0 90 0 0 0.7071068 0 0.7071068 13.8889 0
6.2201 Head 0 1.6 0.78 2.549999 309.6 -1.068275E-07 0.0201334 -0.4256741 0.009474064 0.9046029
6.2201 FirstCar 6.390173 0.025 2.97 0 90 0 0 0.7071068 0 0.7071068 13.8889 0
6.2201 SecondCar -25.80804 0.025 2.97 0 90 0 0 0.7071068 0 0.7071068 13.8889 0
6.2218 Head 0 1.6 0.78 1.649999 308.25 0 0.01295499 -0.4363642 0.006283623 0.8996549
6.2218 FirstCar 6.413651 0.025 2.97 0 90 0 0 0.7071068 0 0.7071068 13.8889 0
6.2218 SecondCar -25.78456 0.025 2.97 0 90 0 0 0.7071068 0 0.7071068 13.8889 0
6.2233 Head 0 1.6 0.78 1.649999 308.25 0 0.01295499 -0.4363642 0.006283623 0.8996549
6.2233 FirstCar 6.434969 0.025 2.97 0 90 0 0 0.7071068 0 0.7071068 13.8889 0
6.2233 SecondCar -25.76324 0.025 2.97 0 90 0 0 0.7071068 0 0.7071068 13.8889 0
6.2248 Head 0 1.6 0.78 1.649999 308.25 0 0.01295499 -0.4363642 0.006283623 0.8996549
6.2248 FirstCar 6.45501 0.025 2.97 0 90 0 0 0.7071068 0 0.7071068 13.8889 0
6.2248 SecondCar -25.7432 0.025 2.97 0 90 0 0 0.7071068 0 0.7071068 13.8889 0
6.2262 Head 0 1.6 0.78 1.649999 308.25 0 0.01295499 -0.4363642 0.006283623 0.8996549
6.2262 FirstCar 6.474856 0.025 2.97 0 90 0 0 0.7071068 0 0.7071068 13.8889 0
6.2262 SecondCar -25.72336 0.025 2.97 0 90 0 0 0.7071068 0 0.7071068 13.8889 0
6.2280 Head 0 1.6 0.78 1.649999 308.25 0 0.01295499 -0.4363642 0.006283623 0.8996549
6.2280 FirstCar 6.49949 0.025 2.97 0 90 0 0 0.7071068 0 0.7071068 13.8889 0
6.2280 SecondCar -25.69872 0.025 2.97 0 90 0 0 0.7071068 0 0.7071068 13.8889 0
6.2296 Head 0 1.6 0.78 0.899999 307.275 -2.668371E-08 0.007037106 -0.4440353 0.003487512 0.8959749
6.2296 FirstCar 6.522807 0.025 2.97 0 90 0 0 0.7071068 0 0.7071068 13.8889 0
6.2296 SecondCar -25.67541 0.025 2.97 0 90 0 0 0.7071068 0 0.7071068 13.8889 0
6.2315 Head 0 1.6 0.78 0.899999 307.275 -2.668371E-08 0.007037106 -0.4440353 0.003487512 0.8959749
6.2315 FirstCar 6.548693 0.025 2.97 0 90 0 0 0.7071068 0 0.7071068 13.8889 0
6.2315 SecondCar -25.64952 0.025 2.97 0 90 0 0 0.7071068 0 0.7071068 13.8889 0
6.2330 Head 0 1.6 0.78 0.899999 307.275 -2.668371E-08 0.007037106 -0.4440353 0.003487512 0.8959749
6.2330 FirstCar 6.569841 0.025 2.97 0 90 0 0 0.7071068 0 0.7071068 13.8889 0
6.2330 SecondCar -25.62837 0.025 2.97 0 90 0 0 0.7071068 0 0.7071068 13.8889 0
6.2345 Head 0 1.6 0.78 0.899999 307.275 -2.668371E-08 0.007037106 -0.4440353 0.003487512 0.8959749
6.2345 FirstCar 6.589916 0.025 2.97 0 90 0 0 0.7071068 0 0.7071068 13.8889 0
6.2345 SecondCar -25.6083 0.025 2.97 0 90 0 0 0.7071068 0 0.7071068 13.8889 0
6.2364 Head 0 1.6 0.78 0.899999 307.275 -2.668371E-08 0.007037106 -0.4440353 0.003487512 0.8959749
6.2364 FirstCar 6.616075 0.025 2.97 0 90 0 0 0.7071068 0 0.7071068 13.8889 0
6.2364 SecondCar -25.58214 0.025 2.97 0 90 0 0 0.7071068 0 0.7071068 13.8889 0
6.2381 Head 0 1.6 0.78 0.2999989 306.45 0 0.002337287 -0.4504867 0.00117937 0.8927794
6.2381 FirstCar 6.640702 0.025 2.97 0 90 0 0 0.7071068 0 0.7071068 13.8889 0
6.2381 SecondCar -25.55751 0.025 2.97 0 90 0 0 0.7071068 0 0.7071068 13.8889 0
6.2400 Head 0 1.6 0.78 0.2999989 306.45 0 0.002337287 -0.4504867 0.00117937 0.8927794
6.2400 FirstCar 6.666947 0.025 2.97 0 90 0 0 0.7071068 0 0.7071068 13.8889 0
6.2400 SecondCar -25.53126 0.025 2.97 0 90 0 0 0.7071068 0 0.7071068 13.8889 0
6.2421 Head 0 1.6 0.78 0.2999989 306.45 0 0.002337287 -0.4504867 0.00117937 0.8927794
6.2421 FirstCar 6.695334 0.025 2.97 0 90 0 0 0.7071068 0 0.7071068 13.8889 0
6.2421 SecondCar -25.50288 0.025 2.97 0 90 0 0 0.7071068 0 0.7071068 13.8889 0
6.2448 Head 0 1.6 0.78 0.2999989 306.45 0 0.002337287 -0.4504867 0.00117937 0.8927794
6.2448 FirstCar 6.733021 0.025 2.97 0 90 0 0 0.7071068 0 0.7071068 13.8889 0
6.2448 SecondCar -25.46519 0.025 2.97 0 90 0 0 0.7071068 0 0.7071068 13.8889 0
6.2470 Head 0 1.6 0.78 359.775 305.775 0 -0.001747741 -0.4557384 -0.0008948459 0.8901116
6.2470 FirstCar 6.763325 0.025 2.97 0 90 0 0 0.7071068 0 0.7071068 13.8889 0
6.2470 SecondCar -25.43489 0.025 2.97 0 90 0 0 0.7071068 0 0.7071068 13.8889 0
6.2488 Head 0 1.6 0.78 359.775 305.775 0 -0.001747741 -0.4557384 -0.0008948459 0.8901116
6.2488 FirstCar 6.789251 0.025 2.97 0 90 0 0 0.7071068 0 0.7071068 13.8889 0
6.2488 SecondCar -25.40896 0.025 2.97 0 90 0 0 0.7071068 0 0.7071068 13.8889 0
6.2519 Head 0 1.6 0.78 359.775 305.775 0 -0.001747741 -0.4557384 -0.0008948459 0.8901116
6.2519 FirstCar 6.832419 0.025 2.97 0 90 0 0 0.7071068 0 0.7071068 13.8889 0
6.2519 SecondCar -25.36579 0.025 2.97 0 90 0 0 0.7071068 0 0.7071068 13.8889 0
6.2536 Head 0 1.6 0.78 359.4 305.25 2.668189E-08 -0.004649629 -0.4598062 -0.002407566 0.8880039
6.2536 FirstCar 6.85614 0.025 2.97 0 90 0 0 0.7071068 0 0.7071068 13.8889 0
6.2536 SecondCar -25.34207 0.025 2.97 0 90 0 0 0.7071068 0 0.7071068 13.8889 0
6.2552 Head 0 1.6 0.78 359.4 305.25 2.668189E-08 -0.004649629 -0.4598062 -0.002407566 0.8880039
6.2552 FirstCar 6.878024 0.025 2.97 0 90 0 0 0.7071068 0 0.7071068 13.8889 0
6.2552 SecondCar -25.32019 0.025 2.97 0 90 0 0 0.7071068 0 0.7071068 13.8889 0
6.2568 Head 0 1.6 0.78 359.4 305.25 2.668189E-08 -0.004649629 -0.4598062 -0.002407566 0.8880039
6.2568 FirstCar 6.900029 0.025 2.97 0 90 0 0 0.7071068 0 0.7071068 13.8889 0
6.2568 SecondCar -25.29818 0.025 2.97 0 90 0 0 0.7071068 0 0.7071068 13.8889 0
6.2585 Head 0 1.6 0.78 359.4 305.25 2.668189E-08 -0.004649629 -0.4598062 -0.002407566 0.8880039
6.2585 FirstCar 6.923497 0.025 2.97 0 90 0 0 0.7071068 0 0.7071068 13.8889 0
6.2585 SecondCar -25.27471 0.025 2.97 0 90 0 0 0.7071068 0 0.7071068 13.8889 0
6.2604 Head 0 1.6 0.78 359.4 305.25 2.668189E-08 -0.004649629 -0.4598062 -0.002407566 0.8880039
6.2604 FirstCar 6.950467 0.025 2.97 0 90 0 0 0.7071068 0 0.7071068 13.8889 0
6.2604 SecondCar -25.24774 0.025 2.97 0 90 0 0 0.7071068 0 0.7071068 13.8889 0
6.2621 Head 0 1.6 0.78 359.175 304.95 0 -0.006384521 -0.4621238 -0.003327115 0.8867862
6.2621 FirstCar 6.973533 0.025 2.97 0 90 0 0 0.7071068 0 0.7071068 13.8889 0
6.2621 SecondCar -25.22468 0.025 2.97 0 90 0 0 0.7071068 0 0.7071068 13.8889 0
6.2636 Head 0 1.6 0.78 359.175 304.95 0 -0.006384521 -0.4621238 -0.003327115 0.8867862
6.2636 FirstCar 6.993845 0.025 2.97 0 90 0 0 0.7071068 0 0.7071068 13.8889 0
6.2636 SecondCar -25.20436 0.025 2.97 0 90 0 0 0.7071068 0 0.7071068 13.8889 0
6.2650 Head 0 1.6 0.78 359.175 304.95 0 -0.006384521 -0.4621238 -0.003327115 0.8867862
6.2650 FirstCar 7.014316 0.025 2.97 0 90 0 0 0.7071068 0 0.7071068 13.8889 0
6.2650 SecondCar -25.18389 0.025 2.97 0 90 0 0 0.7071068 0 0.7071068 13.8889 0
6.2664 Head 0 1.6 0.78 359.175 304.95 0 -0.006384521 -0.4621238 -0.003327115 0.8867862
6.2664 FirstCar 7.034115 0.025 2.97 0 90 0 0 0.7071068 0 0.7071068 13.8889 0
6.2664 SecondCar -25.16409 0.025 2.97 0 90 0 0 0.7071068 0 0.7071068 13.8889 0
6.2683 Head 0 1.6 0.78 359.175 304.95 0 -0.006384521 -0.4621238 -0.003327115 0.8867862
6.2683 FirstCar 7.059866 0.025 2.97 0 90 0 0 0.7071068 0 0.7071068 13.8889 0
6.2683 SecondCar -25.13834 0.025 2.97 0 90 0 0 0.7071068 0 0.7071068 13.8889 0
6.2703 Head 0 1.6 0.78 358.95 304.65 2.66849E-08 -0.008114595 -0.4644364 -0.004255744 0.8855591
6.2703 FirstCar 7.087457 0.025 2.97 0 90 0 0 0.7071068 0 0.7071068 13.8889 0
6.2703 SecondCar -25.11075 0.025 2.97 0 90 0 0 0.7071068 0 0.7071068 13.8889 0
6.2719 Head 0 1.6 0.78 358.95 304.65 2.66849E-08 -0.008114595 -0.4644364 -0.004255744 0.8855591
6.2719 FirstCar 7.109693 0.025 2.97 0 90 0 0 0.7071068 0 0.7071068 13.8889 0
6.2719 SecondCar -25.08852 0.025 2.97 0 90 0 0 0.7071068 0 0.7071068 13.8889 0
6.2736 Head 0 1.6 0.78 358.95 304.65 2.66849E-08 -0.008114595 -0.4644364 -0.004255744 0.8855591
6.2736 FirstCar 7.132852 0.025 2.97 0 90 0 0 0.7071068 0 0.7071068 13.8889 0
6.2736 SecondCar -25.06536 0.025 2.97 0 90 0 0 0.7071068 0 0.7071068 13.8889 0
6.2754 Head 0 1.6 0.78 358.95 304.65 2.66849E-08 -0.008114595 -0.4644364 -0.004255744 0.8855591
6.2754 FirstCar 7.158809 0.025 2.97 0 90 0 0 0.7071068 0 0.7071068 13.8889 0
6.2754 SecondCar -25.0394 0.025 2.97 0 90 0 0 0.7071068 0 0.7071068 13.8889 0
6.2779 Head 0 1.6 0.78 358.95 304.65 2.66849E-08 -0.008114595 -0.4644364 -0.004255744 0.8855591
6.2779 FirstCar 7.193227 0.025 2.97 0 90 0 0 0.7071068 0 0.7071068 13.8889 0
6.2779 SecondCar -25.00498 0.025 2.97 0 90 0 0 0.7071068 0 0.7071068 13.8889 0
6.2798 Head 0 1.6 0.78 358.875 304.575 -5.337113E-08 -0.008691205 -0.465013 -0.004565406 0.8852495
6.2798 FirstCar 7.219428 0.025 2.97 0 90 0 0 0.7071068 0 0.7071068 13.8889 0
6.2798 SecondCar -24.97878 0.025 2.97 0 90 0 0 0.7071068 0 0.7071068 13.8889 0
6.2819 Head 0 1.6 0.78 358.875 304.575 -5.337113E-08 -0.008691205 -0.465013 -0.004565406 0.8852495
6.2819 FirstCar 7.24861 0.025 2.97 0 90 0 0 0.7071068 0 0.7071068 13.8889 0
6.2819 SecondCar -24.9496 0.025 2.97 0 90 0 0 0.7071068 0 0.7071068 13.8889 0
6.2834 Head 0 1.6 0.78 358.875 304.575 -5.337113E-08 -0.008691205 -0.465013 -0.004565406 0.8852495
6.2834 FirstCar 7.270159 0.025 2.97 0 90 0 0 0.7071068 0 0.7071068 13.8889 0
6.2834 SecondCar -24.92805 0.025 2.97 0 90 0 0 0.7071068 0 0.7071068 13.8889 0
6.2851 Head 0 1.6 0.78 358.875 304.575 -5.337113E-08 -0.008691205 -0.465013 -0.004565406 0.8852495
6.2851 FirstCar 7.293094 0.025 2.97 0 90 0 0 0.7071068 0 0.7071068 13.8889 0
6.2851 SecondCar -24.90512 0.025 2.97 0 90 0 0 0.7071068 0 0.7071068 13.8889 0
6.2867 Head 0 1.6 0.78 358.875 304.575 -5.337113E-08 -0.008691205 -0.465013 -0.004565406 0.8852495
6.2867 FirstCar 7.315217 0.025 2.97 0 90 0 0 0.7071068 0 0.7071068 13.8889 0
6.2867 SecondCar -24.88299 0.025 2.97 0 90 0 0 0.7071068 0 0.7071068 13.8889 0
6.2883 Head 0 1.6 0.78 358.875 304.575 -5.337113E-08 -0.008691205 -0.465013 -0.004565406 0.8852495
6.2883 FirstCar 7.337906 0.025 2.97 0 90 0 0 0.7071068 0 0.7071068 13.8889 0
6.2883 SecondCar -24.8603 0.025 2.97 0 90 0 0 0.7071068 0 0.7071068 13.8889 0
6.2903 Head 0 1.6 0.78 358.875 304.575 -5.337113E-08 -0.008691205 -0.465013 -0.004565406 0.8852495
6.2903 FirstCar 7.365544 0.025 2.97 0 90 0 0 0.7071068 0 0.7071068 13.8889 0
6.2903 SecondCar -24.83266 0.025 2.97 0 90 0 0 0.7071068 0 0.7071068 13.8889 0
6.2923 Head 0 1.6 0.78 358.875 304.575 -5.337113E-08 -0.008691205 -0.465013 -0.004565406 0.8852495
6.2923 FirstCar 7.392449 0.025 2.97 0 90 0 0 0.7071068 0 0.7071068 13.8889 0
6.2923 SecondCar -24.80576 0.025 2.97 0 90 0 0 0.7071068 0 0.7071068 13.8889 0
6.2938 Head 0 1.6 0.78 358.875 304.5 5.337114E-08 -0.008688215 -0.4655923 -0.004571093 0.8849449
6.2938 FirstCar 7.414119 0.025 2.97 0 90 0 0 0.7071068 0 0.7071068 13.8889 0
6.2938 SecondCar -24.78409 0.025 2.97 0 90 0 0 0.7071068 0 0.7071068 13.8889 0
6.2953 Head 0 1.6 0.78 358.875 304.5 5.337114E-08 -0.008688215 -0.4655923 -0.004571093 0.8849449
6.2953 FirstCar 7.434536 0.025 2.97 0 90 0 0 0.7071068 0 0.7071068 13.8889 0
6.2953 SecondCar -24.76367 0.025 2.97 0 90 0 0 0.7071068 0 0.7071068 13.8889 0
6.2967 Head 0 1.6 0.78 358.875 304.5 5.337114E-08 -0.008688215 -0.4655923 -0.004571093 0.8849449
6.2967 FirstCar 7.454316 0.025 2.97 0 90 0 0 0.7071068 0 0.7071068 13.8889 0
6.2967 SecondCar -24.74389 0.025 2.97 0 90 0 0 0.7071068 0 0.7071068 13.8889 0
6.2982 Head 0 1.6 0.78 358.875 304.5 5.337114E-08 -0.008688215 -0.4655923 -0.004571093 0.8849449
6.2982 FirstCar 7.474943 0.025 2.97 0 90 0 0 0.7071068 0 0.7071068 13.8889 0
6.2982 SecondCar -24.72327 0.025 2.97 0 90 0 0 0.7071068 0 0.7071068 13.8889 0
6.3002 Head 0 1.6 0.78 358.875 304.5 5.337114E-08 -0.008688215 -0.4655923 -0.004571093 0.8849449
6.3002 FirstCar 7.502734 0.025 2.97 0 90 0 0 0.7071068 0 0.7071068 13.8889 0
6.3002 SecondCar -24.69547 0.025 2.97 0 90 0 0 0.7071068 0 0.7071068 13.8889 0
6.3020 Head 0 1.6 0.78 358.8 304.5 -5.337256E-08 -0.009267407 -0.4655892 -0.004875822 0.884939
6.3020 FirstCar 7.527482 0.025 2.97 0 90 0 0 0.7071068 0 0.7071068 13.8889 0
6.3020 SecondCar -24.67073 0.025 2.97 0 90 0 0 0.7071068 0 0.7071068 13.8889 0
6.3042 Head 0 1.6 0.78 358.8 304.5 -5.337256E-08 -0.009267407 -0.4655892 -0.004875822 0.884939
6.3042 FirstCar 7.558279 0.025 2.97 0 90 0 0 0.7071068 0 0.7071068 13.8889 0
6.3042 SecondCar -24.63993 0.025 2.97 0 90 0 0 0.7071068 0 0.7071068 13.8889 0
6.3061 Head 0 1.6 0.78 358.8 304.5 -5.337256E-08 -0.009267407 -0.4655892 -0.004875822 0.884939
6.3061 FirstCar 7.584339 0.025 2.97 0 90 0 0 0.7071068 0 0.7071068 13.8889 0
6.3061 SecondCar -24.61387 0.025 2.97 0 90 0 0 0.7071068 0 0.7071068 13.8889 0
6.3079 Head 0 1.6 0.78 358.8 304.5 -5.337256E-08 -0.009267407 -0.4655892 -0.004875822 0.884939
6.3079 FirstCar 7.610255 0.025 2.97 0 90 0 0 0.7071068 0 0.7071068 13.8889 0
6.3079 SecondCar -24.58795 0.025 2.97 0 90 0 0 0.7071068 0 0.7071068 13.8889 0
6.3100 Head 0 1.6 0.78 358.8 304.5 -5.337256E-08 -0.009267407 -0.4655892 -0.004875822 0.884939
6.3100 FirstCar 7.638783 0.025 2.97 0 90 0 0 0.7071068 0 0.7071068 13.8889 0
6.3100 SecondCar -24.55942 0.025 2.97 0 90 0 0 0.7071068 0 0.7071068 13.8889 0
6.3123 Head 0 1.6 0.78 358.8 304.5 -5.337256E-08 -0.009267407 -0.4655892 -0.004875822 0.884939
6.3123 FirstCar 7.671222 0.025 2.97 0 90 0 0 0.7071068 0 0.7071068 13.8889 0
6.3123 SecondCar -24.52699 0.025 2.97 0 90 0 0 0.7071068 0 0.7071068 13.8889 0
6.3146 Head 0 1.6 0.78 358.8 304.5 -5.337256E-08 -0.009267407 -0.4655892 -0.004875822 0.884939
6.3146 FirstCar 7.702989 0.025 2.97 0 90 0 0 0.7071068 0 0.7071068 13.8889 0
6.3146 SecondCar -24.49522 0.025 2.97 0 90 0 0 0.7071068 0 0.7071068 13.8889 0
6.3166 Head 0 1.6 0.78 358.8 304.5 -5.337256E-08 -0.009267407 -0.4655892 -0.004875822 0.884939
6.3166 FirstCar 7.731175 0.025 2.97 0 90 0 0 0.7071068 0 0.7071068 13.8889 0
6.3166 SecondCar -24.46703 0.025 2.97 0 90 0 0 0.7071068 0 0.7071068 13.8889 0
6.3183 Head 0 1.6 0.78 358.8 304.5 -5.337256E-08 -0.009267407 -0.4655892 -0.004875822 0.884939
6.3183 FirstCar 7.753564 0.025 2.97 0 90 0 0 0.7071068 0 0.7071068 13.8889 0
6.3183 SecondCar -24.44464 0.025 2.97 0 90 0 0 0.7071068 0 0.7071068 13.8889 0
6.3199 Head 0 1.6 0.78 358.8 304.5 -5.337256E-08 -0.009267407 -0.4655892 -0.004875822 0.884939
6.3199 FirstCar 7.776386 0.025 2.97 0 90 0 0 0.7071068 0 0.7071068 13.8889 0
6.3199 SecondCar -24.42182 0.025 2.97 0 90 0 0 0.7071068 0 0.7071068 13.8889 0
6.3214 Head 0 1.6 0.78 358.8 304.5 -5.337256E-08 -0.009267407 -0.4655892 -0.004875822 0.884939
6.3214 FirstCar 7.797692 0.025 2.97 0 90 0 0 0.7071068 0 0.7071068 13.8889 0
6.3214 SecondCar -24.40052 0.025 2.97 0 90 0 0 0.7071068 0 0.7071068 13.8889 0
6.3230 Head 0 1.6 0.78 358.8 304.5 -5.337256E-08 -0.009267407 -0.4655892 -0.004875822 0.884939
6.3230 FirstCar 7.819986 0.025 2.97 0 90 0 0 0.7071068 0 0.7071068 13.8889 0
6.3230 SecondCar -24.37822 0.025 2.97 0 90 0 0 0.7071068 0 0.7071068 13.8889 0
6.3246 Head 0 1.6 0.78 358.8 304.5 -5.337256E-08 -0.009267407 -0.4655892 -0.004875822 0.884939
6.3246 FirstCar 7.841397 0.025 2.97 0 90 0 0 0.7071068 0 0.7071068 13.8889 0
6.3246 SecondCar -24.35681 0.025 2.97 0 90 0 0 0.7071068 0 0.7071068 13.8889 0
6.3264 Head 0 1.6 0.78 358.8 304.5 -5.337256E-08 -0.009267407 -0.4655892 -0.004875822 0.884939
6.3264 FirstCar 7.866261 0.025 2.97 0 90 0 0 0.7071068 0 0.7071068 13.8889 0
6.3264 SecondCar -24.33195 0.025 2.97 0 90 0 0 0.7071068 0 0.7071068 13.8889 0
6.3279 Head 0 1.6 0.78 358.8 304.5 -5.337256E-08 -0.009267407 -0.4655892 -0.004875822 0.884939
6.3279 FirstCar 7.886904 0.025 2.97 0 90 0 0 0.7071068 0 0.7071068 13.8889 0
6.3279 SecondCar -24.3113 0.025 2.97 0 90 0 0 0.7071068 0 0.7071068 13.8889 0
6.3297 Head 0 1.6 0.78 358.8 304.5 -5.337256E-08 -0.009267407 -0.4655892 -0.004875822 0.884939
6.3297 FirstCar 7.912614 0.025 2.97 0 90 0 0 0.7071068 0 0.7071068 13.8889 0
6.3297 SecondCar -24.28559 0.025 2.97 0 90 0 0 0.7071068 0 0.7071068 13.8889 0
6.3319 Head 0 1.6 0.78 358.8 304.5 -5.337256E-08 -0.009267407 -0.4655892 -0.004875822 0.884939
6.3319 FirstCar 7.942881 0.025 2.97 0 90 0 0 0.7071068 0 0.7071068 13.8889 0
6.3319 SecondCar -24.25533 0.025 2.97 0 90 0 0 0.7071068 0 0.7071068 13.8889 0
6.3334 Head 0 1.6 0.78 358.8 304.65 0 -0.009273783 -0.4644304 -0.004863687 0.8855478
6.3334 FirstCar 7.964229 0.025 2.97 0 90 0 0 0.7071068 0 0.7071068 13.8889 0
6.3334 SecondCar -24.23398 0.025 2.97 0 90 0 0 0.7071068 0 0.7071068 13.8889 0
6.3349 Head 0 1.6 0.78 358.8 304.65 0 -0.009273783 -0.4644304 -0.004863687 0.8855478
6.3349 FirstCar 7.984151 0.025 2.97 0 90 0 0 0.7071068 0 0.7071068 13.8889 0
6.3349 SecondCar -24.21406 0.025 2.97 0 90 0 0 0.7071068 0 0.7071068 13.8889 0
6.3363 Head 0 1.6 0.78 358.8 304.65 0 -0.009273783 -0.4644304 -0.004863687 0.8855478
6.3363 FirstCar 8.00451 0.025 2.97 0 90 0 0 0.7071068 0 0.7071068 13.8889 0
6.3363 SecondCar -24.1937 0.025 2.97 0 90 0 0 0.7071068 0 0.7071068 13.8889 0
6.3379 Head 0 1.6 0.78 358.8 304.65 0 -0.009273783 -0.4644304 -0.004863687 0.8855478
6.3379 FirstCar 8.026553 0.025 2.97 0 90 0 0 0.7071068 0 0.7071068 13.8889 0
6.3379 SecondCar -24.17165 0.025 2.97 0 90 0 0 0.7071068 0 0.7071068 13.8889 0
6.3400 Head 0 1.6 0.78 358.8 304.65 0 -0.009273783 -0.4644304 -0.004863687 0.8855478
6.3400 FirstCar 8.05514 0.025 2.97 0 90 0 0 0.7071068 0 0.7071068 13.8889 0
6.3400 SecondCar -24.14307 0.025 2.97 0 90 0 0 0.7071068 0 0.7071068 13.8889 0
6.3422 Head 0 1.6 0.78 359.025 305.025 0 -0.007547889 -0.4615386 -0.003927091 0.8870794
6.3422 FirstCar 8.08682 0.025 2.97 0 90 0 0 0.7071068 0 0.7071068 13.8889 0
6.3422 SecondCar -24.11139 0.025 2.97 0 90 0 0 0.7071068 0 0.7071068 13.8889 0
6.3439 Head 0 1.6 0.78 359.025 305.025 0 -0.007547889 -0.4615386 -0.003927091 0.8870794
6.3439 FirstCar 8.109563 0.025 2.97 0 90 0 0 0.7071068 0 0.7071068 13.8889 0
6.3439 SecondCar -24.08864 0.025 2.97 0 90 0 0 0.7071068 0 0.7071068 13.8889 0
6.3454 Head 0 1.6 0.78 359.025 305.025 0 -0.007547889 -0.4615386 -0.003927091 0.8870794
6.3454 FirstCar 8.130785 0.025 2.97 0 90 0 0 0.7071068 0 0.7071068 13.8889 0
6.3454 SecondCar -24.06742 0.025 2.97 0 90 0 0 0.7071068 0 0.7071068 13.8889 0
6.3469 Head 0 1.6 0.78 359.025 305.025 0 -0.007547889 -0.4615386 -0.003927091 0.8870794
6.3469 FirstCar 8.152052 0.025 2.97 0 90 0 0 0.7071068 0 0.7071068 13.8889 0
6.3469 SecondCar -24.04615 0.025 2.97 0 90 0 0 0.7071068 0 0.7071068 13.8889 0
6.3490 Head 0 1.6 0.78 359.025 305.025 0 -0.007547889 -0.4615386 -0.003927091 0.8870794
6.3490 FirstCar 8.180194 0.025 2.97 0 90 0 0 0.7071068 0 0.7071068 13.8889 0
6.3490 SecondCar -24.01801 0.025 2.97 0 90 0 0 0.7071068 0 0.7071068 13.8889 0
6.3508 Head 0 1.6 0.78 359.175 305.25 0 -0.00639321 -0.4598006 -0.003310389 0.887993
6.3508 FirstCar 8.20585 0.025 2.97 0 90 0 0 0.7071068 0 0.7071068 13.8889 0
6.3508 SecondCar -23.99236 0.025 2.97 0 90 0 0 0.7071068 0 0.7071068 13.8889 0
6.3523 Head 0 1.6 0.78 359.175 305.25 0 -0.00639321 -0.4598006 -0.003310389 0.887993
6.3523 FirstCar 8.226746 0.025 2.97 0 90 0 0 0.7071068 0 0.7071068 13.8889 0
6.3523 SecondCar -23.97146 0.025 2.97 0 90 0 0 0.7071068 0 0.7071068 13.8889 0
6.3538 Head 0 1.6 0.78 359.175 305.25 0 -0.00639321 -0.4598006 -0.003310389 0.887993
6.3538 FirstCar 8.247416 0.025 2.97 0 90 0 0 0.7071068 0 0.7071068 13.8889 0
6.3538 SecondCar -23.95079 0.025 2.97 0 90 0 0 0.7071068 0 0.7071068 13.8889 0
6.3554 Head 0 1.6 0.78 359.175 305.25 0 -0.00639321 -0.4598006 -0.003310389 0.887993
6.3554 FirstCar 8.26885 0.025 2.97 0 90 0 0 0.7071068 0 0.7071068 13.8889 0
6.3554 SecondCar -23.92936 0.025 2.97 0 90 0 0 0.7071068 0 0.7071068 13.8889 0
6.3572 Head 0 1.6 0.78 359.175 305.25 0 -0.00639321 -0.4598006 -0.003310389 0.887993
6.3572 FirstCar 8.294481 0.025 2.97 0 90 0 0 0.7071068 0 0.7071068 13.8889 0
6.3572 SecondCar -23.90373 0.025 2.97 0 90 0 0 0.7071068 0 0.7071068 13.8889 0
6.3588 Head 0 1.6 0.78 359.25 305.55 2.668271E-08 -0.005819879 -0.4574763 -0.002994223 0.8891978
6.3588 FirstCar 8.316551 0.025 2.97 0 90 0 0 0.7071068 0 0.7071068 13.8889 0
6.3588 SecondCar -23.88166 0.025 2.97 0 90 0 0 0.7071068 0 0.7071068 13.8889 0
6.3604 Head 0 1.6 0.78 359.25 305.55 2.668271E-08 -0.005819879 -0.4574763 -0.002994223 0.8891978
6.3604 FirstCar 8.338546 0.025 2.97 0 90 0 0 0.7071068 0 0.7071068 13.8889 0
6.3604 SecondCar -23.85966 0.025 2.97 0 90 0 0 0.7071068 0 0.7071068 13.8889 0
6.3619 Head 0 1.6 0.78 359.25 305.55 2.668271E-08 -0.005819879 -0.4574763 -0.002994223 0.8891978
6.3619 FirstCar 8.359618 0.025 2.97 0 90 0 0 0.7071068 0 0.7071068 13.8889 0
6.3619 SecondCar -23.83859 0.025 2.97 0 90 0 0 0.7071068 0 0.7071068 13.8889 0
6.3634 Head 0 1.6 0.78 359.25 305.55 2.668271E-08 -0.005819879 -0.4574763 -0.002994223 0.8891978
6.3634 FirstCar 8.380479 0.025 2.97 0 90 0 0 0.7071068 0 0.7071068 13.8889 0
6.3634 SecondCar -23.81773 0.025 2.97 0 90 0 0 0.7071068 0 0.7071068 13.8889 0
6.3652 Head 0 1.6 0.78 359.25 305.55 2.668271E-08 -0.005819879 -0.4574763 -0.002994223 0.8891978
6.3652 FirstCar 8.406265 0.025 2.97 0 90 0 0 0.7071068 0 0.7071068 13.8889 0
6.3652 SecondCar -23.79194 0.025 2.97 0 90 0 0 0.7071068 0 0.7071068 13.8889 0
6.3669 Head 0 1.6 0.78 359.4 305.85 0 -0.004662171 -0.4551504 -0.002383189 0.8903992
6.3669 FirstCar 8.429009 0.025 2.97 0 90 0 0 0.7071068 0 0.7071068 13.8889 0
6.3669 SecondCar -23.7692 0.025 2.97 0 90 0 0 0.7071068 0 0.7071068 13.8889 0
6.3690 Head 0 1.6 0.78 359.4 305.85 0 -0.004662171 -0.4551504 -0.002383189 0.8903992
6.3690 FirstCar 8.458697 0.025 2.97 0 90 0 0 0.7071068 0 0.7071068 13.8889 0
6.3690 SecondCar -23.73951 0.025 2.97 0 90 0 0 0.7071068 0 0.7071068 13.8889 0
6.3722 Head 0 1.6 0.78 359.4 305.85 0 -0.004662171 -0.4551504 -0.002383189 0.8903992
6.3722 FirstCar 8.502391 0.025 2.97 0 90 0 0 0.7071068 0 0.7071068 13.8889 0
6.3722 SecondCar -23.69582 0.025 2.97 0 90 0 0 0.7071068 0 0.7071068 13.8889 0
6.3744 Head 0 1.6 0.78 359.475 306 1.334077E-08 -0.004082132 -0.4539859 -0.002079951 0.8909971
6.3744 FirstCar 8.533985 0.025 2.97 0 90 0 0 0.7071068 0 0.7071068 13.8889 0
6.3744 SecondCar -23.66422 0.025 2.97 0 90 0 0 0.7071068 0 0.7071068 13.8889 0
6.3763 Head 0 1.6 0.78 359.475 306 1.334077E-08 -0.004082132 -0.4539859 -0.002079951 0.8909971
6.3763 FirstCar 8.560192 0.025 2.97 0 90 0 0 0.7071068 0 0.7071068 13.8889 0
6.3763 SecondCar -23.63802 0.025 2.97 0 90 0 0 0.7071068 0 0.7071068 13.8889 0
6.3780 Head 0 1.6 0.78 359.475 306 1.334077E-08 -0.004082132 -0.4539859 -0.002079951 0.8909971
6.3780 FirstCar 8.583825 0.025 2.97 0 90 0 0 0.7071068 0 0.7071068 13.8889 0
6.3780 SecondCar -23.61438 0.025 2.97 0 90 0 0 0.7071068 0 0.7071068 13.8889 0
6.3802 Head 0 1.6 0.78 359.475 306 1.334077E-08 -0.004082132 -0.4539859 -0.002079951 0.8909971
6.3802 FirstCar 8.613775 0.025 2.97 0 90 0 0 0.7071068 0 0.7071068 13.8889 0
6.3802 SecondCar -23.58443 0.025 2.97 0 90 0 0 0.7071068 0 0.7071068 13.8889 0
6.3819 Head 0 1.6 0.78 359.55 306.225 -1.334062E-08 -0.003502469 -0.4522369 -0.001775944 0.8918893
6.3819 FirstCar 8.638218 0.025 2.97 0 90 0 0 0.7071068 0 0.7071068 13.8889 0
6.3819 SecondCar -23.55999 0.025 2.97 0 90 0 0 0.7071068 0 0.7071068 13.8889 0
6.3838 Head 0 1.6 0.78 359.55 306.225 -1.334062E-08 -0.003502469 -0.4522369 -0.001775944 0.8918893
6.3838 FirstCar 8.664153 0.025 2.97 0 90 0 0 0.7071068 0 0.7071068 13.8889 0
6.3838 SecondCar -23.53406 0.025 2.97 0 90 0 0 0.7071068 0 0.7071068 13.8889 0
6.3856 Head 0 1.6 0.78 359.55 306.225 -1.334062E-08 -0.003502469 -0.4522369 -0.001775944 0.8918893
6.3856 FirstCar 8.688683 0.025 2.97 0 90 0 0 0.7071068 0 0.7071068 13.8889 0
6.3856 SecondCar -23.50953 0.025 2.97 0 90 0 0 0.7071068 0 0.7071068 13.8889 0
6.3871 Head 0 1.6 0.78 359.55 306.225 -1.334062E-08 -0.003502469 -0.4522369 -0.001775944 0.8918893
6.3871 FirstCar 8.709569 0.025 2.97 0 90 0 0 0.7071068 0 0.7071068 13.8889 0
6.3871 SecondCar -23.48864 0.025 2.97 0 90 0 0 0.7071068 0 0.7071068 13.8889 0
6.3890 Head 0 1.6 0.78 359.55 306.225 -1.334062E-08 -0.003502469 -0.4522369 -0.001775944 0.8918893
6.3890 FirstCar 8.736382 0.025 2.97 0 90 0 0 0.7071068 0 0.7071068 13.8889 0
6.3890 SecondCar -23.46183 0.025 2.97 0 90 0 0 0.7071068 0 0.7071068 13.8889 0
6.3913 Head 0 1.6 0.78 359.625 306.375 0 -0.002920663 -0.45107 -0.001476133 0.8924826
6.3913 FirstCar 8.76869 0.025 2.97 0 90 0 0 0.7071068 0 0.7071068 13.8889 0
6.3913 SecondCar -23.42952 0.025 2.97 0 90 0 0 0.7071068 0 0.7071068 13.8889 0
6.3930 Head 0 1.6 0.78 359.625 306.375 0 -0.002920663 -0.45107 -0.001476133 0.8924826
6.3930 FirstCar 8.792329 0.025 2.97 0 90 0 0 0.7071068 0 0.7071068 13.8889 0
6.3930 SecondCar -23.40588 0.025 2.97 0 90 0 0 0.7071068 0 0.7071068 13.8889 0
6.3946 Head 0 1.6 0.78 359.625 306.375 0 -0.002920663 -0.45107 -0.001476133 0.8924826
6.3946 FirstCar 8.813554 0.025 2.97 0 90 0 0 0.7071068 0 0.7071068 13.8889 0
6.3946 SecondCar -23.38466 0.025 2.97 0 90 0 0 0.7071068 0 0.7071068 13.8889 0
6.3964 Head 0 1.6 0.78 359.625 306.375 0 -0.002920663 -0.45107 -0.001476133 0.8924826
6.3964 FirstCar 8.838533 0.025 2.97 0 90 0 0 0.7071068 0 0.7071068 13.8889 0
6.3964 SecondCar -23.35968 0.025 2.97 0 90 0 0 0.7071068 0 0.7071068 13.8889 0
6.3982 Head 0 1.6 0.78 359.7 306.525 0 -0.002338077 -0.4499022 -0.001177849 0.893074
6.3982 FirstCar 8.863687 0.025 2.97 0 90 0 0 0.7071068 0 0.7071068 13.8889 0
6.3982 SecondCar -23.33453 0.025 2.97 0 90 0 0 0.7071068 0 0.7071068 13.8889 0
6.4002 Head 0 1.6 0.78 359.7 306.525 0 -0.002338077 -0.4499022 -0.001177849 0.893074
6.4002 FirstCar 8.892151 0.025 2.97 0 90 0 0 0.7071068 0 0.7071068 13.8889 0
6.4002 SecondCar -23.30606 0.025 2.97 0 90 0 0 0.7071068 0 0.7071068 13.8889 0
6.4021 Head 0 1.6 0.78 359.7 306.525 0 -0.002338077 -0.4499022 -0.001177849 0.893074
6.4021 FirstCar 8.918827 0.025 2.97 0 90 0 0 0.7071068 0 0.7071068 13.8889 0
6.4021 SecondCar -23.27939 0.025 2.97 0 90 0 0 0.7071068 0 0.7071068 13.8889 0
6.4041 Head 0 1.6 0.78 359.7 306.525 0 -0.002338077 -0.4499022 -0.001177849 0.893074
6.4041 FirstCar 8.945829 0.025 2.97 0 90 0 0 0.7071068 0 0.7071068 13.8889 0
6.4041 SecondCar -23.25238 0.025 2.97 0 90 0 0 0.7071068 0 0.7071068 13.8889 0
6.4061 Head 0 1.6 0.78 359.7 306.675 0 -0.002339617 -0.4487328 -0.001174787 0.8936622
6.4061 FirstCar 8.97388 0.025 2.97 0 90 0 0 0.7071068 0 0.7071068 13.8889 0
6.4061 SecondCar -23.22433 0.025 2.97 0 90 0 0 0.7071068 0 0.7071068 13.8889 0
6.4079 Head 0 1.6 0.78 359.7 306.675 0 -0.002339617 -0.4487328 -0.001174787 0.8936622
6.4079 FirstCar 8.998243 0.025 2.97 0 90 0 0 0.7071068 0 0.7071068 13.8889 0
6.4079 SecondCar -23.19997 0.025 2.97 0 90 0 0 0.7071068 0 0.7071068 13.8889 0
6.4095 Head 0 1.6 0.78 359.7 306.675 0 -0.002339617 -0.4487328 -0.001174787 0.8936622
6.4095 FirstCar 9.020443 0.025 2.97 0 90 0 0 0.7071068 0 0.7071068 13.8889 0
6.4095 SecondCar -23.17777 0.025 2.97 0 90 0 0 0.7071068 0 0.7071068 13.8889 0
6.4112 Head 0 1.6 0.78 359.7 306.675 0 -0.002339617 -0.4487328 -0.001174787 0.8936622
6.4112 FirstCar 9.044449 0.025 2.97 0 90 0 0 0.7071068 0 0.7071068 13.8889 0
6.4112 SecondCar -23.15376 0.025 2.97 0 90 0 0 0.7071068 0 0.7071068 13.8889 0
6.4131 Head 0 1.6 0.78 359.7 306.675 0 -0.002339617 -0.4487328 -0.001174787 0.8936622
6.4131 FirstCar 9.071204 0.025 2.97 0 90 0 0 0.7071068 0 0.7071068 13.8889 0
6.4131 SecondCar -23.12701 0.025 2.97 0 90 0 0 0.7071068 0 0.7071068 13.8889 0
6.4148 Head 0 1.6 0.78 359.775 306.825 0 -0.001755868 -0.4475633 -0.0008787946 0.8942502
6.4148 FirstCar 9.094121 0.025 2.97 0 90 0 0 0.7071068 0 0.7071068 13.8889 0
6.4148 SecondCar -23.10409 0.025 2.97 0 90 0 0 0.7071068 0 0.7071068 13.8889 0
6.4163 Head 0 1.6 0.78 359.775 306.825 0 -0.001755868 -0.4475633 -0.0008787946 0.8942502
6.4163 FirstCar 9.115153 0.025 2.97 0 90 0 0 0.7071068 0 0.7071068 13.8889 0
6.4163 SecondCar -23.08306 0.025 2.97 0 90 0 0 0.7071068 0 0.7071068 13.8889 0
6.4177 Head 0 1.6 0.78 359.775 306.825 0 -0.001755868 -0.4475633 -0.0008787946 0.8942502
6.4177 FirstCar 9.135271 0.025 2.97 0 90 0 0 0.7071068 0 0.7071068 13.8889 0
6.4177 SecondCar -23.06294 0.025 2.97 0 90 0 0 0.7071068 0 0.7071068 13.8889 0
6.4198 Head 0 1.6 0.78 359.775 306.825 0 -0.001755868 -0.4475633 -0.0008787946 0.8942502
6.4198 FirstCar 9.163326 0.025 2.97 0 90 0 0 0.7071068 0 0.7071068 13.8889 0
6.4198 SecondCar -23.03489 0.025 2.97 0 90 0 0 0.7071068 0 0.7071068 13.8889 0
6.4214 Head 0 1.6 0.78 359.85 307.05 6.67013E-09 -0.00117173 -0.4458071 -0.0005835653 0.8951281
6.4214 FirstCar 9.185932 0.025 2.97 0 90 0 0 0.7071068 0 0.7071068 13.8889 0
6.4214 SecondCar -23.01228 0.025 2.97 0 90 0 0 0.7071068 0 0.7071068 13.8889 0
6.4230 Head 0 1.6 0.78 359.85 307.05 6.67013E-09 -0.00117173 -0.4458071 -0.0005835653 0.8951281
6.4230 FirstCar 9.207811 0.025 2.97 0 90 0 0 0.7071068 0 0.7071068 13.8889 0
6.4230 SecondCar -22.9904 0.025 2.97 0 90 0 0 0.7071068 0 0.7071068 13.8889 0
6.4247 Head 0 1.6 0.78 359.85 307.05 6.67013E-09 -0.00117173 -0.4458071 -0.0005835653 0.8951281
6.4247 FirstCar 9.231435 0.025 2.97 0 90 0 0 0.7071068 0 0.7071068 13.8889 0
6.4247 SecondCar -22.96678 0.025 2.97 0 90 0 0 0.7071068 0 0.7071068 13.8889 0
6.4261 Head 0 1.6 0.78 359.85 307.05 6.67013E-09 -0.00117173 -0.4458071 -0.0005835653 0.8951281
6.4261 FirstCar 9.251966 0.025 2.97 0 90 0 0 0.7071068 0 0.7071068 13.8889 0
6.4261 SecondCar -22.94624 0.025 2.97 0 90 0 0 0.7071068 0 0.7071068 13.8889 0
6.4279 Head 0 1.6 0.78 359.85 307.05 6.67013E-09 -0.00117173 -0.4458071 -0.0005835653 0.8951281
6.4279 FirstCar 9.276586 0.025 2.97 0 90 0 0 0.7071068 0 0.7071068 13.8889 0
6.4279 SecondCar -22.92162 0.025 2.97 0 90 0 0 0.7071068 0 0.7071068 13.8889 0
6.4295 Head 0 1.6 0.78 359.925 307.35 0 -0.0005866322 -0.4434624 -0.0002902504 0.8962927
6.4295 FirstCar 9.29845 0.025 2.97 0 90 0 0 0.7071068 0 0.7071068 13.8889 0
6.4295 SecondCar -22.89976 0.025 2.97 0 90 0 0 0.7071068 0 0.7071068 13.8889 0
6.4313 Head 0 1.6 0.78 359.925 307.35 0 -0.0005866322 -0.4434624 -0.0002902504 0.8962927
6.4313 FirstCar 9.323182 0.025 2.97 0 90 0 0 0.7071068 0 0.7071068 13.8889 0
6.4313 SecondCar -22.87502 0.025 2.97 0 90 0 0 0.7071068 0 0.7071068 13.8889 0
6.4330 Head 0 1.6 0.78 359.925 307.35 0 -0.0005866322 -0.4434624 -0.0002902504 0.8962927
6.4330 FirstCar 9.347546 0.025 2.97 0 90 0 0 0.7071068 0 0.7071068 13.8889 0
6.4330 SecondCar -22.85066 0.025 2.97 0 90 0 0 0.7071068 0 0.7071068 13.8889 0
6.4348 Head 0 1.6 0.78 359.925 307.35 0 -0.0005866322 -0.4434624 -0.0002902504 0.8962927
6.4348 FirstCar 9.372066 0.025 2.97 0 90 0 0 0.7071068 0 0.7071068 13.8889 0
6.4348 SecondCar -22.82614 0.025 2.97 0 90 0 0 0.7071068 0 0.7071068 13.8889 0
6.4370 Head 0 1.6 0.78 359.925 307.35 0 -0.0005866322 -0.4434624 -0.0002902504 0.8962927
6.4370 FirstCar 9.403287 0.025 2.97 0 90 0 0 0.7071068 0 0.7071068 13.8889 0
6.4370 SecondCar -22.79492 0.025 2.97 0 90 0 0 0.7071068 0 0.7071068 13.8889 0
6.4391 Head 0 1.6 0.78 0.07499875 307.65 0 0.0005873704 -0.4411144 0.0002887039 0.8974507
6.4391 FirstCar 9.432443 0.025 2.97 0 90 0 0 0.7071068 0 0.7071068 13.8889 0
6.4391 SecondCar -22.76576 0.025 2.97 0 90 0 0 0.7071068 0 0.7071068 13.8889 0
6.4411 Head 0 1.6 0.78 0.07499875 307.65 0 0.0005873704 -0.4411144 0.0002887039 0.8974507
6.4411 FirstCar 9.459468 0.025 2.97 0 90 0 0 0.7071068 0 0.7071068 13.8889 0
6.4411 SecondCar -22.73874 0.025 2.97 0 90 0 0 0.7071068 0 0.7071068 13.8889 0
6.4428 Head 0 1.6 0.78 0.07499875 307.65 0 0.0005873704 -0.4411144 0.0002887039 0.8974507
6.4428 FirstCar 9.48335 0.025 2.97 0 90 0 0 0.7071068 0 0.7071068 13.8889 0
6.4428 SecondCar -22.71486 0.025 2.97 0 90 0 0 0.7071068 0 0.7071068 13.8889 0
6.4449 Head 0 1.6 0.78 0.07499875 307.65 0 0.0005873704 -0.4411144 0.0002887039 0.8974507
6.4449 FirstCar 9.513142 0.025 2.97 0 90 0 0 0.7071068 0 0.7071068 13.8889 0
6.4449 SecondCar -22.68506 0.025 2.97 0 90 0 0 0.7071068 0 0.7071068 13.8889 0
6.4468 Head 0 1.6 0.78 0.1499988 308.025 -6.67013E-09 0.001176634 -0.4381748 0.0005735651 0.8988888
6.4468 FirstCar 9.539083 0.025 2.97 0 90 0 0 0.7071068 0 0.7071068 13.8889 0
6.4468 SecondCar -22.65912 0.025 2.97 0 90 0 0 0.7071068 0 0.7071068 13.8889 0
6.4485 Head 0 1.6 0.78 0.1499988 308.025 -6.67013E-09 0.001176634 -0.4381748 0.0005735651 0.8988888
6.4485 FirstCar 9.562579 0.025 2.97 0 90 0 0 0.7071068 0 0.7071068 13.8889 0
6.4485 SecondCar -22.63563 0.025 2.97 0 90 0 0 0.7071068 0 0.7071068 13.8889 0
6.4505 Head 0 1.6 0.78 0.1499988 308.025 -6.67013E-09 0.001176634 -0.4381748 0.0005735651 0.8988888
6.4505 FirstCar 9.590682 0.025 2.97 0 90 0 0 0.7071068 0 0.7071068 13.8889 0
6.4505 SecondCar -22.60752 0.025 2.97 0 90 0 0 0.7071068 0 0.7071068 13.8889 0
6.4525 Head 0 1.6 0.78 0.1499988 308.025 -6.67013E-09 0.001176634 -0.4381748 0.0005735651 0.8988888
6.4525 FirstCar 9.617465 0.025 2.97 0 90 0 0 0.7071068 0 0.7071068 13.8889 0
6.4525 SecondCar -22.58074 0.025 2.97 0 90 0 0 0.7071068 0 0.7071068 13.8889 0
6.4543 Head 0 1.6 0.78 0.2249988 308.4 -6.670158E-09 0.001767761 -0.4352305 0.0008545694 0.900317
6.4543 FirstCar 9.643373 0.025 2.97 0 90 0 0 0.7071068 0 0.7071068 13.8889 0
6.4543 SecondCar -22.55483 0.025 2.97 0 90 0 0 0.7071068 0 0.7071068 13.8889 0
6.4559 Head 0 1.6 0.78 0.2249988 308.4 -6.670158E-09 0.001767761 -0.4352305 0.0008545694 0.900317
6.4559 FirstCar 9.665258 0.025 2.97 0 90 0 0 0.7071068 0 0.7071068 13.8889 0
6.4559 SecondCar -22.53295 0.025 2.97 0 90 0 0 0.7071068 0 0.7071068 13.8889 0
6.4575 Head 0 1.6 0.78 0.2249988 308.4 -6.670158E-09 0.001767761 -0.4352305 0.0008545694 0.900317
6.4575 FirstCar 9.687524 0.025 2.97 0 90 0 0 0.7071068 0 0.7071068 13.8889 0
6.4575 SecondCar -22.51068 0.025 2.97 0 90 0 0 0.7071068 0 0.7071068 13.8889 0
6.4591 Head 0 1.6 0.78 0.2249988 308.4 -6.670158E-09 0.001767761 -0.4352305 0.0008545694 0.900317
6.4591 FirstCar 9.709467 0.025 2.97 0 90 0 0 0.7071068 0 0.7071068 13.8889 0
6.4591 SecondCar -22.48874 0.025 2.97 0 90 0 0 0.7071068 0 0.7071068 13.8889 0
6.4610 Head 0 1.6 0.78 0.2249988 308.4 -6.670158E-09 0.001767761 -0.4352305 0.0008545694 0.900317
6.4610 FirstCar 9.7361 0.025 2.97 0 90 0 0 0.7071068 0 0.7071068 13.8889 0
6.4610 SecondCar -22.46211 0.025 2.97 0 90 0 0 0.7071068 0 0.7071068 13.8889 0
6.4626 Head 0 1.6 0.78 0.2999988 308.775 1.33404E-08 0.002360733 -0.4322811 0.001131707 0.901735
6.4626 FirstCar 9.758706 0.025 2.97 0 90 0 0 0.7071068 0 0.7071068 13.8889 0
6.4626 SecondCar -22.4395 0.025 2.97 0 90 0 0 0.7071068 0 0.7071068 13.8889 0
6.4641 Head 0 1.6 0.78 0.2999988 308.775 1.33404E-08 0.002360733 -0.4322811 0.001131707 0.901735
6.4641 FirstCar 9.779099 0.025 2.97 0 90 0 0 0.7071068 0 0.7071068 13.8889 0
6.4641 SecondCar -22.41911 0.025 2.97 0 90 0 0 0.7071068 0 0.7071068 13.8889 0
6.4656 Head 0 1.6 0.78 0.2999988 308.775 1.33404E-08 0.002360733 -0.4322811 0.001131707 0.901735
6.4656 FirstCar 9.800106 0.025 2.97 0 90 0 0 0.7071068 0 0.7071068 13.8889 0
6.4656 SecondCar -22.3981 0.025 2.97 0 90 0 0 0.7071068 0 0.7071068 13.8889 0
6.4672 Head 0 1.6 0.78 0.2999988 308.775 1.33404E-08 0.002360733 -0.4322811 0.001131707 0.901735
6.4672 FirstCar 9.822721 0.025 2.97 0 90 0 0 0.7071068 0 0.7071068 13.8889 0
6.4672 SecondCar -22.37548 0.025 2.97 0 90 0 0 0.7071068 0 0.7071068 13.8889 0
6.4693 Head 0 1.6 0.78 0.2999988 308.775 1.33404E-08 0.002360733 -0.4322811 0.001131707 0.901735
6.4693 FirstCar 9.851673 0.025 2.97 0 90 0 0 0.7071068 0 0.7071068 13.8889 0
6.4693 SecondCar -22.34653 0.025 2.97 0 90 0 0 0.7071068 0 0.7071068 13.8889 0
6.4714 Head 0 1.6 0.78 0.2999988 309.15 0 0.002364424 -0.4293279 0.001123976 0.903145
6.4714 FirstCar 9.880812 0.025 2.97 0 90 0 0 0.7071068 0 0.7071068 13.8889 0
6.4714 SecondCar -22.31739 0.025 2.97 0 90 0 0 0.7071068 0 0.7071068 13.8889 0
6.4729 Head 0 1.6 0.78 0.2999988 309.15 0 0.002364424 -0.4293279 0.001123976 0.903145
6.4729 FirstCar 9.902128 0.025 2.97 0 90 0 0 0.7071068 0 0.7071068 13.8889 0
6.4729 SecondCar -22.29608 0.025 2.97 0 90 0 0 0.7071068 0 0.7071068 13.8889 0
6.4745 Head 0 1.6 0.78 0.2999988 309.15 0 0.002364424 -0.4293279 0.001123976 0.903145
6.4745 FirstCar 9.924047 0.025 2.97 0 90 0 0 0.7071068 0 0.7071068 13.8889 0
6.4745 SecondCar -22.27416 0.025 2.97 0 90 0 0 0.7071068 0 0.7071068 13.8889 0
6.4763 Head 0 1.6 0.78 0.2999988 309.15 0 0.002364424 -0.4293279 0.001123976 0.903145
6.4763 FirstCar 9.948885 0.025 2.97 0 90 0 0 0.7071068 0 0.7071068 13.8889 0
6.4763 SecondCar -22.24932 0.025 2.97 0 90 0 0 0.7071068 0 0.7071068 13.8889 0
6.4779 Head 0 1.6 0.78 0.2999988 309.525 -1.33404E-08 0.002368089 -0.4263701 0.001116232 0.904545
6.4779 FirstCar 9.970256 0.025 2.97 0 90 0 0 0.7071068 0 0.7071068 13.8889 0
6.4779 SecondCar -22.22795 0.025 2.97 0 90 0 0 0.7071068 0 0.7071068 13.8889 0
6.4794 Head 0 1.6 0.78 0.2999988 309.525 -1.33404E-08 0.002368089 -0.4263701 0.001116232 0.904545
6.4794 FirstCar 9.991431 0.025 2.97 0 90 0 0 0.7071068 0 0.7071068 13.8889 0
6.4794 SecondCar -22.20678 0.025 2.97 0 90 0 0 0.7071068 0 0.7071068 13.8889 0
6.4809 Head 0 1.6 0.78 0.2999988 309.525 -1.33404E-08 0.002368089 -0.4263701 0.001116232 0.904545
6.4809 FirstCar 10.01202 0.025 2.97 0 90 0 0 0.7071068 0 0.7071068 13.8889 0
6.4809 SecondCar -22.18619 0.025 2.97 0 90 0 0 0.7071068 0 0.7071068 13.8889 0
6.4823 Head 0 1.6 0.78 0.2999988 309.525 -1.33404E-08 0.002368089 -0.4263701 0.001116232 0.904545
6.4823 FirstCar 10.0325 0.025 2.97 0 90 0 0 0.7071068 0 0.7071068 13.8889 0
6.4823 SecondCar -22.16571 0.025 2.97 0 90 0 0 0.7071068 0 0.7071068 13.8889 0
6.4841 Head 0 1.6 0.78 0.2999988 309.525 -1.33404E-08 0.002368089 -0.4263701 0.001116232 0.904545
6.4841 FirstCar 10.05769 0.025 2.97 0 90 0 0 0.7071068 0 0.7071068 13.8889 0
6.4841 SecondCar -22.14051 0.025 2.97 0 90 0 0 0.7071068 0 0.7071068 13.8889 0
6.4857 Head 0 1.6 0.78 0.2999988 309.975 0 0.002372454 -0.4228147 0.001106924 0.9062124
6.4857 FirstCar 10.0796 0.025 2.97 0 90 0 0 0.7071068 0 0.7071068 13.8889 0
6.4857 SecondCar -22.1186 0.025 2.97 0 90 0 0 0.7071068 0 0.7071068 13.8889 0
6.4872 Head 0 1.6 0.78 0.2999988 309.975 0 0.002372454 -0.4228147 0.001106924 0.9062124
6.4872 FirstCar 10.1004 0.025 2.97 0 90 0 0 0.7071068 0 0.7071068 13.8889 0
6.4872 SecondCar -22.09781 0.025 2.97 0 90 0 0 0.7071068 0 0.7071068 13.8889 0
6.4888 Head 0 1.6 0.78 0.2999988 309.975 0 0.002372454 -0.4228147 0.001106924 0.9062124
6.4888 FirstCar 10.12279 0.025 2.97 0 90 0 0 0.7071068 0 0.7071068 13.8889 0
6.4888 SecondCar -22.07541 0.025 2.97 0 90 0 0 0.7071068 0 0.7071068 13.8889 0
6.4909 Head 0 1.6 0.78 0.2999988 309.975 0 0.002372454 -0.4228147 0.001106924 0.9062124
6.4909 FirstCar 10.15104 0.025 2.97 0 90 0 0 0.7071068 0 0.7071068 13.8889 0
6.4909 SecondCar -22.04716 0.025 2.97 0 90 0 0 0.7071068 0 0.7071068 13.8889 0
6.4928 Head 0 1.6 0.78 0.2999988 309.975 0 0.002372454 -0.4228147 0.001106924 0.9062124
6.4928 FirstCar 10.1774 0.025 2.97 0 90 0 0 0.7071068 0 0.7071068 13.8889 0
6.4928 SecondCar -22.02081 0.025 2.97 0 90 0 0 0.7071068 0 0.7071068 13.8889 0
6.4943 Head 0 1.6 0.78 0.2999988 310.35 -1.33404E-08 0.002376064 -0.4198469 0.001099154 0.9075912
6.4943 FirstCar 10.19882 0.025 2.97 0 90 0 0 0.7071068 0 0.7071068 13.8889 0
6.4943 SecondCar -21.99939 0.025 2.97 0 90 0 0 0.7071068 0 0.7071068 13.8889 0
6.4958 Head 0 1.6 0.78 0.2999988 310.35 -1.33404E-08 0.002376064 -0.4198469 0.001099154 0.9075912
6.4958 FirstCar 10.21922 0.025 2.97 0 90 0 0 0.7071068 0 0.7071068 13.8889 0
6.4958 SecondCar -21.97898 0.025 2.97 0 90 0 0 0.7071068 0 0.7071068 13.8889 0
6.4973 Head 0 1.6 0.78 0.2999988 310.35 -1.33404E-08 0.002376064 -0.4198469 0.001099154 0.9075912
6.4973 FirstCar 10.23999 0.025 2.97 0 90 0 0 0.7071068 0 0.7071068 13.8889 0
6.4973 SecondCar -21.95822 0.025 2.97 0 90 0 0 0.7071068 0 0.7071068 13.8889 0
6.4990 Head 0 1.6 0.78 0.2999988 310.35 -1.33404E-08 0.002376064 -0.4198469 0.001099154 0.9075912
6.4990 FirstCar 10.26344 0.025 2.97 0 90 0 0 0.7071068 0 0.7071068 13.8889 0
6.4990 SecondCar -21.93477 0.025 2.97 0 90 0 0 0.7071068 0 0.7071068 13.8889 0
6.5011 Head 0 1.6 0.78 0.2999988 310.35 -1.33404E-08 0.002376064 -0.4198469 0.001099154 0.9075912
6.5011 FirstCar 10.29303 0.025 2.97 0 90 0 0 0.7071068 0 0.7071068 13.8889 0
6.5011 SecondCar -21.90518 0.025 2.97 0 90 0 0 0.7071068 0 0.7071068 13.8889 0
6.5031 Head 0 1.6 0.78 0.2249988 310.725 6.670158E-09 0.001784735 -0.4168752 0.000818529 0.9089617
6.5031 FirstCar 10.32144 0.025 2.97 0 90 0 0 0.7071068 0 0.7071068 13.8889 0
6.5031 SecondCar -21.87677 0.025 2.97 0 90 0 0 0.7071068 0 0.7071068 13.8889 0
6.5048 Head 0 1.6 0.78 0.2249988 310.725 6.670158E-09 0.001784735 -0.4168752 0.000818529 0.9089617
6.5048 FirstCar 10.34395 0.025 2.97 0 90 0 0 0.7071068 0 0.7071068 13.8889 0
6.5048 SecondCar -21.85426 0.025 2.97 0 90 0 0 0.7071068 0 0.7071068 13.8889 0
6.5063 Head 0 1.6 0.78 0.2249988 310.725 6.670158E-09 0.001784735 -0.4168752 0.000818529 0.9089617
6.5063 FirstCar 10.36478 0.025 2.97 0 90 0 0 0.7071068 0 0.7071068 13.8889 0
6.5063 SecondCar -21.83343 0.025 2.97 0 90 0 0 0.7071068 0 0.7071068 13.8889 0
6.5086 Head 0 1.6 0.78 0.2249988 310.725 6.670158E-09 0.001784735 -0.4168752 0.000818529 0.9089617
6.5086 FirstCar 10.39748 0.025 2.97 0 90 0 0 0.7071068 0 0.7071068 13.8889 0
6.5086 SecondCar -21.80073 0.025 2.97 0 90 0 0 0.7071068 0 0.7071068 13.8889 0
6.5109 Head 0 1.6 0.78 0.2249988 311.025 6.670158E-09 0.001786871 -0.4144941 0.0008138538 0.9100499
6.5109 FirstCar 10.42907 0.025 2.97 0 90 0 0 0.7071068 0 0.7071068 13.8889 0
6.5109 SecondCar -21.76914 0.025 2.97 0 90 0 0 0.7071068 0 0.7071068 13.8889 0
6.5125 Head 0 1.6 0.78 0.2249988 311.025 6.670158E-09 0.001786871 -0.4144941 0.0008138538 0.9100499
6.5125 FirstCar 10.45111 0.025 2.97 0 90 0 0 0.7071068 0 0.7071068 13.8889 0
6.5125 SecondCar -21.74709 0.025 2.97 0 90 0 0 0.7071068 0 0.7071068 13.8889 0
6.5142 Head 0 1.6 0.78 0.2249988 311.025 6.670158E-09 0.001786871 -0.4144941 0.0008138538 0.9100499
6.5142 FirstCar 10.47455 0.025 2.97 0 90 0 0 0.7071068 0 0.7071068 13.8889 0
6.5142 SecondCar -21.72365 0.025 2.97 0 90 0 0 0.7071068 0 0.7071068 13.8889 0
6.5162 Head 0 1.6 0.78 0.2249988 311.025 6.670158E-09 0.001786871 -0.4144941 0.0008138538 0.9100499
6.5162 FirstCar 10.5022 0.025 2.97 0 90 0 0 0.7071068 0 0.7071068 13.8889 0
6.5162 SecondCar -21.696 0.025 2.97 0 90 0 0 0.7071068 0 0.7071068 13.8889 0
6.5179 Head 0 1.6 0.78 0.1499988 311.25 0 0.001192308 -0.4127069 0.0005402279 0.910863
6.5179 FirstCar 10.52627 0.025 2.97 0 90 0 0 0.7071068 0 0.7071068 13.8889 0
6.5179 SecondCar -21.67194 0.025 2.97 0 90 0 0 0.7071068 0 0.7071068 13.8889 0
6.5196 Head 0 1.6 0.78 0.1499988 311.25 0 0.001192308 -0.4127069 0.0005402279 0.910863
6.5196 FirstCar 10.54941 0.025 2.97 0 90 0 0 0.7071068 0 0.7071068 13.8889 0
6.5196 SecondCar -21.64879 0.025 2.97 0 90 0 0 0.7071068 0 0.7071068 13.8889 0
6.5211 Head 0 1.6 0.78 0.1499988 311.25 0 0.001192308 -0.4127069 0.0005402279 0.910863
6.5211 FirstCar 10.57092 0.025 2.97 0 90 0 0 0.7071068 0 0.7071068 13.8889 0
6.5211 SecondCar -21.62729 0.025 2.97 0 90 0 0 0.7071068 0 0.7071068 13.8889 0
6.5229 Head 0 1.6 0.78 0.1499988 311.25 0 0.001192308 -0.4127069 0.0005402279 0.910863
6.5229 FirstCar 10.59542 0.025 2.97 0 90 0 0 0.7071068 0 0.7071068 13.8889 0
6.5229 SecondCar -21.60279 0.025 2.97 0 90 0 0 0.7071068 0 0.7071068 13.8889 0
6.5250 Head 0 1.6 0.78 0.1499988 311.25 0 0.001192308 -0.4127069 0.0005402279 0.910863
6.5250 FirstCar 10.62441 0.025 2.97 0 90 0 0 0.7071068 0 0.7071068 13.8889 0
6.5250 SecondCar -21.5738 0.025 2.97 0 90 0 0 0.7071068 0 0.7071068 13.8889 0
6.5269 Head 0 1.6 0.78 0.07499876 311.55 0 0.0005968541 -0.4103211 0.0002685501 0.9119409
6.5269 FirstCar 10.65108 0.025 2.97 0 90 0 0 0.7071068 0 0.7071068 13.8889 0
6.5269 SecondCar -21.54713 0.025 2.97 0 90 0 0 0.7071068 0 0.7071068 13.8889 0
6.5286 Head 0 1.6 0.78 0.07499876 311.55 0 0.0005968541 -0.4103211 0.0002685501 0.9119409
6.5286 FirstCar 10.675 0.025 2.97 0 90 0 0 0.7071068 0 0.7071068 13.8889 0
6.5286 SecondCar -21.5232 0.025 2.97 0 90 0 0 0.7071068 0 0.7071068 13.8889 0
6.5305 Head 0 1.6 0.78 0.07499876 311.55 0 0.0005968541 -0.4103211 0.0002685501 0.9119409
6.5305 FirstCar 10.70174 0.025 2.97 0 90 0 0 0.7071068 0 0.7071068 13.8889 0
6.5305 SecondCar -21.49646 0.025 2.97 0 90 0 0 0.7071068 0 0.7071068 13.8889 0
6.5326 Head 0 1.6 0.78 0.07499876 311.55 0 0.0005968541 -0.4103211 0.0002685501 0.9119409
6.5326 FirstCar 10.73125 0.025 2.97 0 90 0 0 0.7071068 0 0.7071068 13.8889 0
6.5326 SecondCar -21.46696 0.025 2.97 0 90 0 0 0.7071068 0 0.7071068 13.8889 0
6.5345 Head 0 1.6 0.78 0.07499876 311.85 -1.667528E-09 0.0005975551 -0.4079323 0.0002669866 0.913012
6.5345 FirstCar 10.75661 0.025 2.97 0 90 0 0 0.7071068 0 0.7071068 13.8889 0
6.5345 SecondCar -21.4416 0.025 2.97 0 90 0 0 0.7071068 0 0.7071068 13.8889 0
6.5361 Head 0 1.6 0.78 0.07499876 311.85 -1.667528E-09 0.0005975551 -0.4079323 0.0002669866 0.913012
6.5361 FirstCar 10.77873 0.025 2.97 0 90 0 0 0.7071068 0 0.7071068 13.8889 0
6.5361 SecondCar -21.41948 0.025 2.97 0 90 0 0 0.7071068 0 0.7071068 13.8889 0
6.5376 Head 0 1.6 0.78 0.07499876 311.85 -1.667528E-09 0.0005975551 -0.4079323 0.0002669866 0.913012
6.5376 FirstCar 10.79954 0.025 2.97 0 90 0 0 0.7071068 0 0.7071068 13.8889 0
6.5376 SecondCar -21.39866 0.025 2.97 0 90 0 0 0.7071068 0 0.7071068 13.8889 0
6.5390 Head 0 1.6 0.78 0.07499876 311.85 -1.667528E-09 0.0005975551 -0.4079323 0.0002669866 0.913012
6.5390 FirstCar 10.82018 0.025 2.97 0 90 0 0 0.7071068 0 0.7071068 13.8889 0
6.5390 SecondCar -21.37803 0.025 2.97 0 90 0 0 0.7071068 0 0.7071068 13.8889 0
6.5409 Head 0 1.6 0.78 0.07499876 311.85 -1.667528E-09 0.0005975551 -0.4079323 0.0002669866 0.913012
6.5409 FirstCar 10.84609 0.025 2.97 0 90 0 0 0.7071068 0 0.7071068 13.8889 0
6.5409 SecondCar -21.35212 0.025 2.97 0 90 0 0 0.7071068 0 0.7071068 13.8889 0
6.5425 Head 0 1.6 0.78 0.07499876 312.15 -1.667528E-09 0.0005982521 -0.4055406 0.0002654213 0.9140768
6.5425 FirstCar 10.86845 0.025 2.97 0 90 0 0 0.7071068 0 0.7071068 13.8889 0
6.5425 SecondCar -21.32976 0.025 2.97 0 90 0 0 0.7071068 0 0.7071068 13.8889 0
6.5440 Head 0 1.6 0.78 0.07499876 312.15 -1.667528E-09 0.0005982521 -0.4055406 0.0002654213 0.9140768
6.5440 FirstCar 10.88868 0.025 2.97 0 90 0 0 0.7071068 0 0.7071068 13.8889 0
6.5440 SecondCar -21.30952 0.025 2.97 0 90 0 0 0.7071068 0 0.7071068 13.8889 0
6.5454 Head 0 1.6 0.78 0.07499876 312.15 -1.667528E-09 0.0005982521 -0.4055406 0.0002654213 0.9140768
6.5454 FirstCar 10.9086 0.025 2.97 0 90 0 0 0.7071068 0 0.7071068 13.8889 0
6.5454 SecondCar -21.2896 0.025 2.97 0 90 0 0 0.7071068 0 0.7071068 13.8889 0
6.5469 Head 0 1.6 0.78 0.07499876 312.15 -1.667528E-09 0.0005982521 -0.4055406 0.0002654213 0.9140768
6.5469 FirstCar 10.92938 0.025 2.97 0 90 0 0 0.7071068 0 0.7071068 13.8889 0
6.5469 SecondCar -21.26882 0.025 2.97 0 90 0 0 0.7071068 0 0.7071068 13.8889 0
6.5488 Head 0 1.6 0.78 0.07499876 312.15 -1.667528E-09 0.0005982521 -0.4055406 0.0002654213 0.9140768
6.5488 FirstCar 10.95521 0.025 2.97 0 90 0 0 0.7071068 0 0.7071068 13.8889 0
6.5488 SecondCar -21.24299 0.025 2.97 0 90 0 0 0.7071068 0 0.7071068 13.8889 0
6.5507 Head 0 1.6 0.78 -1.251698E-06 312.375 0 -9.993253E-09 -0.4037451 -4.410157E-09 0.9148715
6.5507 FirstCar 10.98214 0.025 2.97 0 90 0 0 0.7071068 0 0.7071068 13.8889 0
6.5507 SecondCar -21.21606 0.025 2.97 0 90 0 0 0.7071068 0 0.7071068 13.8889 0
6.5523 Head 0 1.6 0.78 -1.251698E-06 312.375 0 -9.993253E-09 -0.4037451 -4.410157E-09 0.9148715
6.5523 FirstCar 11.00395 0.025 2.97 0 90 0 0 0.7071068 0 0.7071068 13.8889 0
6.5523 SecondCar -21.19425 0.025 2.97 0 90 0 0 0.7071068 0 0.7071068 13.8889 0
6.5537 Head 0 1.6 0.78 -1.251698E-06 312.375 0 -9.993253E-09 -0.4037451 -4.410157E-09 0.9148715
6.5537 FirstCar 11.02428 0.025 2.97 0 90 0 0 0.7071068 0 0.7071068 13.8889 0
6.5537 SecondCar -21.17392 0.025 2.97 0 90 0 0 0.7071068 0 0.7071068 13.8889 0
6.5553 Head 0 1.6 0.78 -1.251698E-06 312.375 0 -9.993253E-09 -0.4037451 -4.410157E-09 0.9148715
6.5553 FirstCar 11.04555 0.025 2.97 0 90 0 0 0.7071068 0 0.7071068 13.8889 0
6.5553 SecondCar -21.15265 0.025 2.97 0 90 0 0 0.7071068 0 0.7071068 13.8889 0
6.5571 Head 0 1.6 0.78 -1.251698E-06 312.375 0 -9.993253E-09 -0.4037451 -4.410157E-09 0.9148715
6.5571 FirstCar 11.07061 0.025 2.97 0 90 0 0 0.7071068 0 0.7071068 13.8889 0
6.5571 SecondCar -21.12759 0.025 2.97 0 90 0 0 0.7071068 0 0.7071068 13.8889 0
6.5586 Head 0 1.6 0.78 -1.251698E-06 312.675 5.088888E-14 -1.000477E-08 -0.4013486 -4.38398E-09 0.9159254
6.5586 FirstCar 11.09245 0.025 2.97 0 90 0 0 0.7071068 0 0.7071068 13.8889 0
6.5586 SecondCar -21.10575 0.025 2.97 0 90 0 0 0.7071068 0 0.7071068 13.8889 0
6.5602 Head 0 1.6 0.78 -1.251698E-06 312.675 5.088888E-14 -1.000477E-08 -0.4013486 -4.38398E-09 0.9159254
6.5602 FirstCar 11.11338 0.025 2.97 0 90 0 0 0.7071068 0 0.7071068 13.8889 0
6.5602 SecondCar -21.08482 0.025 2.97 0 90 0 0 0.7071068 0 0.7071068 13.8889 0
6.5617 Head 0 1.6 0.78 -1.251698E-06 312.675 5.088888E-14 -1.000477E-08 -0.4013486 -4.38398E-09 0.9159254
6.5617 FirstCar 11.1346 0.025 2.97 0 90 0 0 0.7071068 0 0.7071068 13.8889 0
6.5617 SecondCar -21.0636 0.025 2.97 0 90 0 0 0.7071068 0 0.7071068 13.8889 0
6.5632 Head 0 1.6 0.78 -1.251698E-06 312.675 5.088888E-14 -1.000477E-08 -0.4013486 -4.38398E-09 0.9159254
6.5632 FirstCar 11.15561 0.025 2.97 0 90 0 0 0.7071068 0 0.7071068 13.8889 0
6.5632 SecondCar -21.04259 0.025 2.97 0 90 0 0 0.7071068 0 0.7071068 13.8889 0
6.5651 Head 0 1.6 0.78 -1.251698E-06 312.675 5.088888E-14 -1.000477E-08 -0.4013486 -4.38398E-09 0.9159254
6.5651 FirstCar 11.18268 0.025 2.97 0 90 0 0 0.7071068 0 0.7071068 13.8889 0
6.5651 SecondCar -21.01553 0.025 2.97 0 90 0 0 0.7071068 0 0.7071068 13.8889 0
6.5670 Head 0 1.6 0.78 359.925 312.825 0 -0.0005998251 -0.4001493 -0.0002619015 0.9164498
6.5670 FirstCar 11.20851 0.025 2.97 0 90 0 0 0.7071068 0 0.7071068 13.8889 0
6.5670 SecondCar -20.98969 0.025 2.97 0 90 0 0 0.7071068 0 0.7071068 13.8889 0
6.5686 Head 0 1.6 0.78 359.925 312.825 0 -0.0005998251 -0.4001493 -0.0002619015 0.9164498
6.5686 FirstCar 11.23023 0.025 2.97 0 90 0 0 0.7071068 0 0.7071068 13.8889 0
6.5686 SecondCar -20.96798 0.025 2.97 0 90 0 0 0.7071068 0 0.7071068 13.8889 0
6.5706 Head 0 1.6 0.78 359.925 312.825 0 -0.0005998251 -0.4001493 -0.0002619015 0.9164498
6.5706 FirstCar 11.25902 0.025 2.97 0 90 0 0 0.7071068 0 0.7071068 13.8889 0
6.5706 SecondCar -20.93919 0.025 2.97 0 90 0 0 0.7071068 0 0.7071068 13.8889 0
6.5727 Head 0 1.6 0.78 359.925 312.825 0 -0.0005998251 -0.4001493 -0.0002619015 0.9164498
6.5727 FirstCar 11.28721 0.025 2.97 0 90 0 0 0.7071068 0 0.7071068 13.8889 0
6.5727 SecondCar -20.91099 0.025 2.97 0 90 0 0 0.7071068 0 0.7071068 13.8889 0
6.5743 Head 0 1.6 0.78 359.925 312.975 -1.667528E-09 -0.0006001674 -0.3989493 -0.0002611161 0.9169728
6.5743 FirstCar 11.31001 0.025 2.97 0 90 0 0 0.7071068 0 0.7071068 13.8889 0
6.5743 SecondCar -20.88819 0.025 2.97 0 90 0 0 0.7071068 0 0.7071068 13.8889 0
6.5759 Head 0 1.6 0.78 359.925 312.975 -1.667528E-09 -0.0006001674 -0.3989493 -0.0002611161 0.9169728
6.5759 FirstCar 11.33143 0.025 2.97 0 90 0 0 0.7071068 0 0.7071068 13.8889 0
6.5759 SecondCar -20.86677 0.025 2.97 0 90 0 0 0.7071068 0 0.7071068 13.8889 0
6.5775 Head 0 1.6 0.78 359.925 312.975 -1.667528E-09 -0.0006001674 -0.3989493 -0.0002611161 0.9169728
6.5775 FirstCar 11.35423 0.025 2.97 0 90 0 0 0.7071068 0 0.7071068 13.8889 0
6.5775 SecondCar -20.84397 0.025 2.97 0 90 0 0 0.7071068 0 0.7071068 13.8889 0
6.5793 Head 0 1.6 0.78 359.925 312.975 -1.667528E-09 -0.0006001674 -0.3989493 -0.0002611161 0.9169728
6.5793 FirstCar 11.37887 0.025 2.97 0 90 0 0 0.7071068 0 0.7071068 13.8889 0
6.5793 SecondCar -20.81934 0.025 2.97 0 90 0 0 0.7071068 0 0.7071068 13.8889 0
6.5813 Head 0 1.6 0.78 359.925 312.975 -1.667528E-09 -0.0006001674 -0.3989493 -0.0002611161 0.9169728
6.5813 FirstCar 11.40682 0.025 2.97 0 90 0 0 0.7071068 0 0.7071068 13.8889 0
6.5813 SecondCar -20.79139 0.025 2.97 0 90 0 0 0.7071068 0 0.7071068 13.8889 0
6.5830 Head 0 1.6 0.78 359.85 313.05 3.335065E-09 -0.001200666 -0.3983487 -0.0005214419 0.9172331
6.5830 FirstCar 11.43068 0.025 2.97 0 90 0 0 0.7071068 0 0.7071068 13.8889 0
6.5830 SecondCar -20.76752 0.025 2.97 0 90 0 0 0.7071068 0 0.7071068 13.8889 0
6.5846 Head 0 1.6 0.78 359.85 313.05 3.335065E-09 -0.001200666 -0.3983487 -0.0005214419 0.9172331
6.5846 FirstCar 11.45282 0.025 2.97 0 90 0 0 0.7071068 0 0.7071068 13.8889 0
6.5846 SecondCar -20.74538 0.025 2.97 0 90 0 0 0.7071068 0 0.7071068 13.8889 0
6.5862 Head 0 1.6 0.78 359.85 313.05 3.335065E-09 -0.001200666 -0.3983487 -0.0005214419 0.9172331
6.5862 FirstCar 11.47469 0.025 2.97 0 90 0 0 0.7071068 0 0.7071068 13.8889 0
6.5862 SecondCar -20.72351 0.025 2.97 0 90 0 0 0.7071068 0 0.7071068 13.8889 0
6.5881 Head 0 1.6 0.78 359.85 313.05 3.335065E-09 -0.001200666 -0.3983487 -0.0005214419 0.9172331
6.5881 FirstCar 11.50209 0.025 2.97 0 90 0 0 0.7071068 0 0.7071068 13.8889 0
6.5881 SecondCar -20.69611 0.025 2.97 0 90 0 0 0.7071068 0 0.7071068 13.8889 0
6.5899 Head 0 1.6 0.78 359.85 313.125 -3.335065E-09 -0.001201007 -0.3977483 -0.000520656 0.9174936
6.5899 FirstCar 11.52716 0.025 2.97 0 90 0 0 0.7071068 0 0.7071068 13.8889 0
6.5899 SecondCar -20.67104 0.025 2.97 0 90 0 0 0.7071068 0 0.7071068 13.8889 0
6.5927 Head 0 1.6 0.78 359.85 313.125 -3.335065E-09 -0.001201007 -0.3977483 -0.000520656 0.9174936
6.5927 FirstCar 11.56516 0.025 2.97 0 90 0 0 0.7071068 0 0.7071068 13.8889 0
6.5927 SecondCar -20.63305 0.025 2.97 0 90 0 0 0.7071068 0 0.7071068 13.8889 0
6.5943 Head 0 1.6 0.78 359.85 313.125 -3.335065E-09 -0.001201007 -0.3977483 -0.000520656 0.9174936
6.5943 FirstCar 11.58721 0.025 2.97 0 90 0 0 0.7071068 0 0.7071068 13.8889 0
6.5943 SecondCar -20.61099 0.025 2.97 0 90 0 0 0.7071068 0 0.7071068 13.8889 0
6.5961 Head 0 1.6 0.78 359.85 313.125 -3.335065E-09 -0.001201007 -0.3977483 -0.000520656 0.9174936
6.5961 FirstCar 11.61287 0.025 2.97 0 90 0 0 0.7071068 0 0.7071068 13.8889 0
6.5961 SecondCar -20.58533 0.025 2.97 0 90 0 0 0.7071068 0 0.7071068 13.8889 0
6.5978 Head 0 1.6 0.78 359.775 313.2 6.670158E-09 -0.001802016 -0.3971473 -0.0007798023 0.9177528
6.5978 FirstCar 11.63659 0.025 2.97 0 90 0 0 0.7071068 0 0.7071068 13.8889 0
6.5978 SecondCar -20.56161 0.025 2.97 0 90 0 0 0.7071068 0 0.7071068 13.8889 0
6.5995 Head 0 1.6 0.78 359.775 313.2 6.670158E-09 -0.001802016 -0.3971473 -0.0007798023 0.9177528
6.5995 FirstCar 11.65973 0.025 2.97 0 90 0 0 0.7071068 0 0.7071068 13.8889 0
6.5995 SecondCar -20.53847 0.025 2.97 0 90 0 0 0.7071068 0 0.7071068 13.8889 0
6.6011 Head 0 1.6 0.78 359.775 313.2 6.670158E-09 -0.001802016 -0.3971473 -0.0007798023 0.9177528
6.6011 FirstCar 11.68148 0.025 2.97 0 90 0 0 0.7071068 0 0.7071068 13.8889 0
6.6011 SecondCar -20.51672 0.025 2.97 0 90 0 0 0.7071068 0 0.7071068 13.8889 0
6.6027 Head 0 1.6 0.78 359.775 313.2 6.670158E-09 -0.001802016 -0.3971473 -0.0007798023 0.9177528
6.6027 FirstCar 11.70445 0.025 2.97 0 90 0 0 0.7071068 0 0.7071068 13.8889 0
6.6027 SecondCar -20.49375 0.025 2.97 0 90 0 0 0.7071068 0 0.7071068 13.8889 0
6.6045 Head 0 1.6 0.78 359.775 313.2 6.670158E-09 -0.001802016 -0.3971473 -0.0007798023 0.9177528
6.6045 FirstCar 11.72908 0.025 2.97 0 90 0 0 0.7071068 0 0.7071068 13.8889 0
6.6045 SecondCar -20.46912 0.025 2.97 0 90 0 0 0.7071068 0 0.7071068 13.8889 0
6.6060 Head 0 1.6 0.78 359.7 313.275 1.33404E-08 -0.002403363 -0.3965459 -0.001038161 0.9180112
6.6060 FirstCar 11.7507 0.025 2.97 0 90 0 0 0.7071068 0 0.7071068 13.8889 0
6.6060 SecondCar -20.4475 0.025 2.97 0 90 0 0 0.7071068 0 0.7071068 13.8889 0
6.6075 Head 0 1.6 0.78 359.7 313.275 1.33404E-08 -0.002403363 -0.3965459 -0.001038161 0.9180112
6.6075 FirstCar 11.77136 0.025 2.97 0 90 0 0 0.7071068 0 0.7071068 13.8889 0
6.6075 SecondCar -20.42684 0.025 2.97 0 90 0 0 0.7071068 0 0.7071068 13.8889 0
6.6092 Head 0 1.6 0.78 359.7 313.275 1.33404E-08 -0.002403363 -0.3965459 -0.001038161 0.9180112
6.6092 FirstCar 11.79432 0.025 2.97 0 90 0 0 0.7071068 0 0.7071068 13.8889 0
6.6092 SecondCar -20.40388 0.025 2.97 0 90 0 0 0.7071068 0 0.7071068 13.8889 0
6.6116 Head 0 1.6 0.78 359.7 313.275 1.33404E-08 -0.002403363 -0.3965459 -0.001038161 0.9180112
6.6116 FirstCar 11.82844 0.025 2.97 0 90 0 0 0.7071068 0 0.7071068 13.8889 0
6.6116 SecondCar -20.36976 0.025 2.97 0 90 0 0 0.7071068 0 0.7071068 13.8889 0
6.6134 Head 0 1.6 0.78 359.625 313.275 0 -0.0030042 -0.3965452 -0.0012977 0.9180094
6.6134 FirstCar 11.85357 0.025 2.97 0 90 0 0 0.7071068 0 0.7071068 13.8889 0
6.6134 SecondCar -20.34464 0.025 2.97 0 90 0 0 0.7071068 0 0.7071068 13.8889 0
6.6151 Head 0 1.6 0.78 359.625 313.275 0 -0.0030042 -0.3965452 -0.0012977 0.9180094
6.6151 FirstCar 11.87672 0.025 2.97 0 90 0 0 0.7071068 0 0.7071068 13.8889 0
6.6151 SecondCar -20.32149 0.025 2.97 0 90 0 0 0.7071068 0 0.7071068 13.8889 0
6.6167 Head 0 1.6 0.78 359.625 313.275 0 -0.0030042 -0.3965452 -0.0012977 0.9180094
6.6167 FirstCar 11.89857 0.025 2.97 0 90 0 0 0.7071068 0 0.7071068 13.8889 0
6.6167 SecondCar -20.29963 0.025 2.97 0 90 0 0 0.7071068 0 0.7071068 13.8889 0
6.6182 Head 0 1.6 0.78 359.625 313.275 0 -0.0030042 -0.3965452 -0.0012977 0.9180094
6.6182 FirstCar 11.91899 0.025 2.97 0 90 0 0 0.7071068 0 0.7071068 13.8889 0
6.6182 SecondCar -20.27921 0.025 2.97 0 90 0 0 0.7071068 0 0.7071068 13.8889 0
6.6201 Head 0 1.6 0.78 359.625 313.275 0 -0.0030042 -0.3965452 -0.0012977 0.9180094
6.6201 FirstCar 11.9462 0.025 2.97 0 90 0 0 0.7071068 0 0.7071068 13.8889 0
6.6201 SecondCar -20.25201 0.025 2.97 0 90 0 0 0.7071068 0 0.7071068 13.8889 0
6.6217 Head 0 1.6 0.78 359.55 313.35 -1.334062E-08 -0.003606053 -0.3959433 -0.001554878 0.9182666
6.6217 FirstCar 11.96833 0.025 2.97 0 90 0 0 0.7071068 0 0.7071068 13.8889 0
6.6217 SecondCar -20.22987 0.025 2.97 0 90 0 0 0.7071068 0 0.7071068 13.8889 0
6.6232 Head 0 1.6 0.78 359.55 313.35 -1.334062E-08 -0.003606053 -0.3959433 -0.001554878 0.9182666
6.6232 FirstCar 11.9887 0.025 2.97 0 90 0 0 0.7071068 0 0.7071068 13.8889 0
6.6232 SecondCar -20.20951 0.025 2.97 0 90 0 0 0.7071068 0 0.7071068 13.8889 0
6.6246 Head 0 1.6 0.78 359.55 313.35 -1.334062E-08 -0.003606053 -0.3959433 -0.001554878 0.9182666
6.6246 FirstCar 12.00909 0.025 2.97 0 90 0 0 0.7071068 0 0.7071068 13.8889 0
6.6246 SecondCar -20.18912 0.025 2.97 0 90 0 0 0.7071068 0 0.7071068 13.8889 0
6.6261 Head 0 1.6 0.78 359.55 313.35 -1.334062E-08 -0.003606053 -0.3959433 -0.001554878 0.9182666
6.6261 FirstCar 12.02965 0.025 2.97 0 90 0 0 0.7071068 0 0.7071068 13.8889 0
6.6261 SecondCar -20.16855 0.025 2.97 0 90 0 0 0.7071068 0 0.7071068 13.8889 0
6.6279 Head 0 1.6 0.78 359.55 313.35 -1.334062E-08 -0.003606053 -0.3959433 -0.001554878 0.9182666
6.6279 FirstCar 12.0536 0.025 2.97 0 90 0 0 0.7071068 0 0.7071068 13.8889 0
6.6279 SecondCar -20.14461 0.025 2.97 0 90 0 0 0.7071068 0 0.7071068 13.8889 0
6.6295 Head 0 1.6 0.78 359.4 313.35 0 -0.004808058 -0.395941 -0.002073165 0.9182611
6.6295 FirstCar 12.07621 0.025 2.97 0 90 0 0 0.7071068 0 0.7071068 13.8889 0
6.6295 SecondCar -20.12199 0.025 2.97 0 90 0 0 0.7071068 0 0.7071068 13.8889 0
6.6312 Head 0 1.6 0.78 359.4 313.35 0 -0.004808058 -0.395941 -0.002073165 0.9182611
6.6312 FirstCar 12.10012 0.025 2.97 0 90 0 0 0.7071068 0 0.7071068 13.8889 0
6.6312 SecondCar -20.09809 0.025 2.97 0 90 0 0 0.7071068 0 0.7071068 13.8889 0
6.6327 Head 0 1.6 0.78 359.4 313.35 0 -0.004808058 -0.395941 -0.002073165 0.9182611
6.6327 FirstCar 12.12126 0.025 2.97 0 90 0 0 0.7071068 0 0.7071068 13.8889 0
6.6327 SecondCar -20.07695 0.025 2.97 0 90 0 0 0.7071068 0 0.7071068 13.8889 0
6.6341 Head 0 1.6 0.78 359.4 313.35 0 -0.004808058 -0.395941 -0.002073165 0.9182611
6.6341 FirstCar 12.14107 0.025 2.97 0 90 0 0 0.7071068 0 0.7071068 13.8889 0
6.6341 SecondCar -20.05714 0.025 2.97 0 90 0 0 0.7071068 0 0.7071068 13.8889 0
6.6359 Head 0 1.6 0.78 359.4 313.35 0 -0.004808058 -0.395941 -0.002073165 0.9182611
6.6359 FirstCar 12.165 0.025 2.97 0 90 0 0 0.7071068 0 0.7071068 13.8889 0
6.6359 SecondCar -20.03321 0.025 2.97 0 90 0 0 0.7071068 0 0.7071068 13.8889 0
6.6375 Head 0 1.6 0.78 359.25 313.425 0 -0.006011749 -0.3953368 -0.002587514 0.9185129
6.6375 FirstCar 12.18815 0.025 2.97 0 90 0 0 0.7071068 0 0.7071068 13.8889 0
6.6375 SecondCar -20.01006 0.025 2.97 0 90 0 0 0.7071068 0 0.7071068 13.8889 0
6.6392 Head 0 1.6 0.78 359.25 313.425 0 -0.006011749 -0.3953368 -0.002587514 0.9185129
6.6392 FirstCar 12.21091 0.025 2.97 0 90 0 0 0.7071068 0 0.7071068 13.8889 0
6.6392 SecondCar -19.9873 0.025 2.97 0 90 0 0 0.7071068 0 0.7071068 13.8889 0
6.6409 Head 0 1.6 0.78 359.25 313.425 0 -0.006011749 -0.3953368 -0.002587514 0.9185129
6.6409 FirstCar 12.23459 0.025 2.97 0 90 0 0 0.7071068 0 0.7071068 13.8889 0
6.6409 SecondCar -19.96361 0.025 2.97 0 90 0 0 0.7071068 0 0.7071068 13.8889 0
6.6425 Head 0 1.6 0.78 359.25 313.425 0 -0.006011749 -0.3953368 -0.002587514 0.9185129
6.6425 FirstCar 12.25708 0.025 2.97 0 90 0 0 0.7071068 0 0.7071068 13.8889 0
6.6425 SecondCar -19.94113 0.025 2.97 0 90 0 0 0.7071068 0 0.7071068 13.8889 0
6.6444 Head 0 1.6 0.78 359.25 313.425 0 -0.006011749 -0.3953368 -0.002587514 0.9185129
6.6444 FirstCar 12.2836 0.025 2.97 0 90 0 0 0.7071068 0 0.7071068 13.8889 0
6.6444 SecondCar -19.91461 0.025 2.97 0 90 0 0 0.7071068 0 0.7071068 13.8889 0
6.6463 Head 0 1.6 0.78 359.1 313.425 0 -0.007214073 -0.3953331 -0.003105006 0.9185043
6.6463 FirstCar 12.30938 0.025 2.97 0 90 0 0 0.7071068 0 0.7071068 13.8889 0
6.6463 SecondCar -19.88883 0.025 2.97 0 90 0 0 0.7071068 0 0.7071068 13.8889 0
6.6480 Head 0 1.6 0.78 359.1 313.425 0 -0.007214073 -0.3953331 -0.003105006 0.9185043
6.6480 FirstCar 12.33406 0.025 2.97 0 90 0 0 0.7071068 0 0.7071068 13.8889 0
6.6480 SecondCar -19.86415 0.025 2.97 0 90 0 0 0.7071068 0 0.7071068 13.8889 0
6.6499 Head 0 1.6 0.78 359.1 313.425 0 -0.007214073 -0.3953331 -0.003105006 0.9185043
6.6499 FirstCar 12.36034 0.025 2.97 0 90 0 0 0.7071068 0 0.7071068 13.8889 0
6.6499 SecondCar -19.83787 0.025 2.97 0 90 0 0 0.7071068 0 0.7071068 13.8889 0
6.6528 Head 0 1.6 0.78 359.1 313.425 0 -0.007214073 -0.3953331 -0.003105006 0.9185043
6.6528 FirstCar 12.39965 0.025 2.97 0 90 0 0 0.7071068 0 0.7071068 13.8889 0
6.6528 SecondCar -19.79856 0.025 2.97 0 90 0 0 0.7071068 0 0.7071068 13.8889 0
6.6548 Head 0 1.6 0.78 358.95 313.5 2.66849E-08 -0.008418756 -0.3947275 -0.003616984 0.9187526
6.6548 FirstCar 12.42743 0.025 2.97 0 90 0 0 0.7071068 0 0.7071068 13.8889 0
6.6548 SecondCar -19.77078 0.025 2.97 0 90 0 0 0.7071068 0 0.7071068 13.8889 0
6.6565 Head 0 1.6 0.78 358.95 313.5 2.66849E-08 -0.008418756 -0.3947275 -0.003616984 0.9187526
6.6565 FirstCar 12.45147 0.025 2.97 0 90 0 0 0.7071068 0 0.7071068 13.8889 0
6.6565 SecondCar -19.74674 0.025 2.97 0 90 0 0 0.7071068 0 0.7071068 13.8889 0
6.6583 Head 0 1.6 0.78 358.95 313.5 2.66849E-08 -0.008418756 -0.3947275 -0.003616984 0.9187526
6.6583 FirstCar 12.47683 0.025 2.97 0 90 0 0 0.7071068 0 0.7071068 13.8889 0
6.6583 SecondCar -19.72137 0.025 2.97 0 90 0 0 0.7071068 0 0.7071068 13.8889 0
6.6607 Head 0 1.6 0.78 358.95 313.5 2.66849E-08 -0.008418756 -0.3947275 -0.003616984 0.9187526
6.6607 FirstCar 12.5099 0.025 2.97 0 90 0 0 0.7071068 0 0.7071068 13.8889 0
6.6607 SecondCar -19.6883 0.025 2.97 0 90 0 0 0.7071068 0 0.7071068 13.8889 0
6.6624 Head 0 1.6 0.78 358.8 313.575 -2.668628E-08 -0.009624095 -0.394121 -0.00412738 0.918999
6.6624 FirstCar 12.53316 0.025 2.97 0 90 0 0 0.7071068 0 0.7071068 13.8889 0
6.6624 SecondCar -19.66505 0.025 2.97 0 90 0 0 0.7071068 0 0.7071068 13.8889 0
6.6640 Head 0 1.6 0.78 358.8 313.575 -2.668628E-08 -0.009624095 -0.394121 -0.00412738 0.918999
6.6640 FirstCar 12.55552 0.025 2.97 0 90 0 0 0.7071068 0 0.7071068 13.8889 0
6.6640 SecondCar -19.64269 0.025 2.97 0 90 0 0 0.7071068 0 0.7071068 13.8889 0
6.6656 Head 0 1.6 0.78 358.8 313.575 -2.668628E-08 -0.009624095 -0.394121 -0.00412738 0.918999
6.6656 FirstCar 12.57779 0.025 2.97 0 90 0 0 0.7071068 0 0.7071068 13.8889 0
6.6656 SecondCar -19.62042 0.025 2.97 0 90 0 0 0.7071068 0 0.7071068 13.8889 0
6.6672 Head 0 1.6 0.78 358.8 313.575 -2.668628E-08 -0.009624095 -0.394121 -0.00412738 0.918999
6.6672 FirstCar 12.60013 0.025 2.97 0 90 0 0 0.7071068 0 0.7071068 13.8889 0
6.6672 SecondCar -19.59808 0.025 2.97 0 90 0 0 0.7071068 0 0.7071068 13.8889 0
6.6693 Head 0 1.6 0.78 358.8 313.575 -2.668628E-08 -0.009624095 -0.394121 -0.00412738 0.918999
6.6693 FirstCar 12.62957 0.025 2.97 0 90 0 0 0.7071068 0 0.7071068 13.8889 0
6.6693 SecondCar -19.56864 0.025 2.97 0 90 0 0 0.7071068 0 0.7071068 13.8889 0
6.6715 Head 0 1.6 0.78 358.65 313.65 0 -0.01083009 -0.3935137 -0.004636192 0.9192433
6.6715 FirstCar 12.65956 0.025 2.97 0 90 0 0 0.7071068 0 0.7071068 13.8889 0
6.6715 SecondCar -19.53865 0.025 2.97 0 90 0 0 0.7071068 0 0.7071068 13.8889 0
6.6733 Head 0 1.6 0.78 358.65 313.65 0 -0.01083009 -0.3935137 -0.004636192 0.9192433
6.6733 FirstCar 12.68464 0.025 2.97 0 90 0 0 0.7071068 0 0.7071068 13.8889 0
6.6733 SecondCar -19.51357 0.025 2.97 0 90 0 0 0.7071068 0 0.7071068 13.8889 0
6.6752 Head 0 1.6 0.78 358.65 313.65 0 -0.01083009 -0.3935137 -0.004636192 0.9192433
6.6752 FirstCar 12.71079 0.025 2.97 0 90 0 0 0.7071068 0 0.7071068 13.8889 0
6.6752 SecondCar -19.48742 0.025 2.97 0 90 0 0 0.7071068 0 0.7071068 13.8889 0
6.6773 Head 0 1.6 0.78 358.65 313.65 0 -0.01083009 -0.3935137 -0.004636192 0.9192433
6.6773 FirstCar 12.74084 0.025 2.97 0 90 0 0 0.7071068 0 0.7071068 13.8889 0
6.6773 SecondCar -19.45737 0.025 2.97 0 90 0 0 0.7071068 0 0.7071068 13.8889 0
6.6792 Head 0 1.6 0.78 358.575 313.725 0 -0.01143493 -0.3929088 -0.004886262 0.9194934
6.6792 FirstCar 12.76655 0.025 2.97 0 90 0 0 0.7071068 0 0.7071068 13.8889 0
6.6792 SecondCar -19.43165 0.025 2.97 0 90 0 0 0.7071068 0 0.7071068 13.8889 0
6.6808 Head 0 1.6 0.78 358.575 313.725 0 -0.01143493 -0.3929088 -0.004886262 0.9194934
6.6808 FirstCar 12.78884 0.025 2.97 0 90 0 0 0.7071068 0 0.7071068 13.8889 0
6.6808 SecondCar -19.40937 0.025 2.97 0 90 0 0 0.7071068 0 0.7071068 13.8889 0
6.6823 Head 0 1.6 0.78 358.575 313.725 0 -0.01143493 -0.3929088 -0.004886262 0.9194934
6.6823 FirstCar 12.80977 0.025 2.97 0 90 0 0 0.7071068 0 0.7071068 13.8889 0
6.6823 SecondCar -19.38844 0.025 2.97 0 90 0 0 0.7071068 0 0.7071068 13.8889 0
6.6841 Head 0 1.6 0.78 358.575 313.725 0 -0.01143493 -0.3929088 -0.004886262 0.9194934
6.6841 FirstCar 12.83477 0.025 2.97 0 90 0 0 0.7071068 0 0.7071068 13.8889 0
6.6841 SecondCar -19.36344 0.025 2.97 0 90 0 0 0.7071068 0 0.7071068 13.8889 0
6.6856 Head 0 1.6 0.78 358.5 313.8 0 -0.0120401 -0.3923036 -0.00513554 0.9197426
6.6856 FirstCar 12.85598 0.025 2.97 0 90 0 0 0.7071068 0 0.7071068 13.8889 0
6.6856 SecondCar -19.34224 0.025 2.97 0 90 0 0 0.7071068 0 0.7071068 13.8889 0
6.6871 Head 0 1.6 0.78 358.5 313.8 0 -0.0120401 -0.3923036 -0.00513554 0.9197426
6.6871 FirstCar 12.87624 0.025 2.97 0 90 0 0 0.7071068 0 0.7071068 13.8889 0
6.6871 SecondCar -19.32197 0.025 2.97 0 90 0 0 0.7071068 0 0.7071068 13.8889 0
6.6886 Head 0 1.6 0.78 358.5 313.8 0 -0.0120401 -0.3923036 -0.00513554 0.9197426
6.6886 FirstCar 12.89749 0.025 2.97 0 90 0 0 0.7071068 0 0.7071068 13.8889 0
6.6886 SecondCar -19.30072 0.025 2.97 0 90 0 0 0.7071068 0 0.7071068 13.8889 0
6.6905 Head 0 1.6 0.78 358.5 313.8 0 -0.0120401 -0.3923036 -0.00513554 0.9197426
6.6905 FirstCar 12.92327 0.025 2.97 0 90 0 0 0.7071068 0 0.7071068 13.8889 0
6.6905 SecondCar -19.27494 0.025 2.97 0 90 0 0 0.7071068 0 0.7071068 13.8889 0
6.6921 Head 0 1.6 0.78 358.5 313.8 0 -0.0120401 -0.3923036 -0.00513554 0.9197426
6.6921 FirstCar 12.94576 0.025 2.97 0 90 0 0 0.7071068 0 0.7071068 13.8889 0
6.6921 SecondCar -19.25245 0.025 2.97 0 90 0 0 0.7071068 0 0.7071068 13.8889 0
6.6937 Head 0 1.6 0.78 358.425 313.875 0 -0.01264559 -0.3916981 -0.005384025 0.9199911
6.6937 FirstCar 12.96783 0.025 2.97 0 90 0 0 0.7071068 0 0.7071068 13.8889 0
6.6937 SecondCar -19.23038 0.025 2.97 0 90 0 0 0.7071068 0 0.7071068 13.8889 0
6.6951 Head 0 1.6 0.78 358.425 313.875 0 -0.01264559 -0.3916981 -0.005384025 0.9199911
6.6951 FirstCar 12.98813 0.025 2.97 0 90 0 0 0.7071068 0 0.7071068 13.8889 0
6.6951 SecondCar -19.21008 0.025 2.97 0 90 0 0 0.7071068 0 0.7071068 13.8889 0
6.6966 Head 0 1.6 0.78 358.425 313.875 0 -0.01264559 -0.3916981 -0.005384025 0.9199911
6.6966 FirstCar 13.00856 0.025 2.97 0 90 0 0 0.7071068 0 0.7071068 13.8889 0
6.6966 SecondCar -19.18965 0.025 2.97 0 90 0 0 0.7071068 0 0.7071068 13.8889 0
6.6980 Head 0 1.6 0.78 358.425 313.875 0 -0.01264559 -0.3916981 -0.005384025 0.9199911
6.6980 FirstCar 13.02845 0.025 2.97 0 90 0 0 0.7071068 0 0.7071068 13.8889 0
6.6980 SecondCar -19.16976 0.025 2.97 0 90 0 0 0.7071068 0 0.7071068 13.8889 0
6.7000 Head 0 1.6 0.78 358.425 313.875 0 -0.01264559 -0.3916981 -0.005384025 0.9199911
6.7000 FirstCar 13.05588 0.025 2.97 0 90 0 0 0.7071068 0 0.7071068 13.8889 0
6.7000 SecondCar -19.14233 0.025 2.97 0 90 0 0 0.7071068 0 0.7071068 13.8889 0
6.7017 Head 0 1.6 0.78 358.35 313.95 -5.338298E-08 -0.01325141 -0.3910923 -0.005631718 0.9202389
6.7017 FirstCar 13.07935 0.025 2.97 0 90 0 0 0.7071068 0 0.7071068 13.8889 0
6.7017 SecondCar -19.11886 0.025 2.97 0 90 0 0 0.7071068 0 0.7071068 13.8889 0
6.7032 Head 0 1.6 0.78 358.35 313.95 -5.338298E-08 -0.01325141 -0.3910923 -0.005631718 0.9202389
6.7032 FirstCar 13.10052 0.025 2.97 0 90 0 0 0.7071068 0 0.7071068 13.8889 0
6.7032 SecondCar -19.09768 0.025 2.97 0 90 0 0 0.7071068 0 0.7071068 13.8889 0
6.7049 Head 0 1.6 0.78 358.35 313.95 -5.338298E-08 -0.01325141 -0.3910923 -0.005631718 0.9202389
6.7049 FirstCar 13.12355 0.025 2.97 0 90 0 0 0.7071068 0 0.7071068 13.8889 0
6.7049 SecondCar -19.07466 0.025 2.97 0 90 0 0 0.7071068 0 0.7071068 13.8889 0
6.7067 Head 0 1.6 0.78 358.35 313.95 -5.338298E-08 -0.01325141 -0.3910923 -0.005631718 0.9202389
6.7067 FirstCar 13.14912 0.025 2.97 0 90 0 0 0.7071068 0 0.7071068 13.8889 0
6.7067 SecondCar -19.04909 0.025 2.97 0 90 0 0 0.7071068 0 0.7071068 13.8889 0
6.7091 Head 0 1.6 0.78 358.35 313.95 -5.338298E-08 -0.01325141 -0.3910923 -0.005631718 0.9202389
6.7091 FirstCar 13.18203 0.025 2.97 0 90 0 0 0.7071068 0 0.7071068 13.8889 0
6.7091 SecondCar -19.01618 0.025 2.97 0 90 0 0 0.7071068 0 0.7071068 13.8889 0
6.7115 Head 0 1.6 0.78 358.275 314.025 0 -0.01385756 -0.3904862 -0.005878618 0.9204857
6.7115 FirstCar 13.21579 0.025 2.97 0 90 0 0 0.7071068 0 0.7071068 13.8889 0
6.7115 SecondCar -18.98242 0.025 2.97 0 90 0 0 0.7071068 0 0.7071068 13.8889 0
6.7134 Head 0 1.6 0.78 358.275 314.025 0 -0.01385756 -0.3904862 -0.005878618 0.9204857
6.7134 FirstCar 13.24138 0.025 2.97 0 90 0 0 0.7071068 0 0.7071068 13.8889 0
6.7134 SecondCar -18.95683 0.025 2.97 0 90 0 0 0.7071068 0 0.7071068 13.8889 0
6.7151 Head 0 1.6 0.78 358.275 314.025 0 -0.01385756 -0.3904862 -0.005878618 0.9204857
6.7151 FirstCar 13.26564 0.025 2.97 0 90 0 0 0.7071068 0 0.7071068 13.8889 0
6.7151 SecondCar -18.93257 0.025 2.97 0 90 0 0 0.7071068 0 0.7071068 13.8889 0
6.7172 Head 0 1.6 0.78 358.275 314.025 0 -0.01385756 -0.3904862 -0.005878618 0.9204857
6.7172 FirstCar 13.2943 0.025 2.97 0 90 0 0 0.7071068 0 0.7071068 13.8889 0
6.7172 SecondCar -18.9039 0.025 2.97 0 90 0 0 0.7071068 0 0.7071068 13.8889 0
6.7191 Head 0 1.6 0.78 358.2 314.1 5.338719E-08 -0.01446402 -0.3898797 -0.006124724 0.9207318
6.7191 FirstCar 13.32153 0.025 2.97 0 90 0 0 0.7071068 0 0.7071068 13.8889 0
6.7191 SecondCar -18.87668 0.025 2.97 0 90 0 0 0.7071068 0 0.7071068 13.8889 0
6.7210 Head 0 1.6 0.78 358.2 314.1 5.338719E-08 -0.01446402 -0.3898797 -0.006124724 0.9207318
6.7210 FirstCar 13.34755 0.025 2.97 0 90 0 0 0.7071068 0 0.7071068 13.8889 0
6.7210 SecondCar -18.85066 0.025 2.97 0 90 0 0 0.7071068 0 0.7071068 13.8889 0
6.7227 Head 0 1.6 0.78 358.2 314.1 5.338719E-08 -0.01446402 -0.3898797 -0.006124724 0.9207318
6.7227 FirstCar 13.37064 0.025 2.97 0 90 0 0 0.7071068 0 0.7071068 13.8889 0
6.7227 SecondCar -18.82757 0.025 2.97 0 90 0 0 0.7071068 0 0.7071068 13.8889 0
6.7244 Head 0 1.6 0.78 358.2 314.1 5.338719E-08 -0.01446402 -0.3898797 -0.006124724 0.9207318
6.7244 FirstCar 13.395 0.025 2.97 0 90 0 0 0.7071068 0 0.7071068 13.8889 0
6.7244 SecondCar -18.80321 0.025 2.97 0 90 0 0 0.7071068 0 0.7071068 13.8889 0
6.7261 Head 0 1.6 0.78 358.125 314.1 0 -0.01506664 -0.3898756 -0.006379898 0.9207222
6.7261 FirstCar 13.4185 0.025 2.97 0 90 0 0 0.7071068 0 0.7071068 13.8889 0
6.7261 SecondCar -18.77971 0.025 2.97 0 90 0 0 0.7071068 0 0.7071068 13.8889 0
6.7277 Head 0 1.6 0.78 358.125 314.1 0 -0.01506664 -0.3898756 -0.006379898 0.9207222
6.7277 FirstCar 13.44006 0.025 2.97 0 90 0 0 0.7071068 0 0.7071068 13.8889 0
6.7277 SecondCar -18.75815 0.025 2.97 0 90 0 0 0.7071068 0 0.7071068 13.8889 0
6.7294 Head 0 1.6 0.78 358.125 314.1 0 -0.01506664 -0.3898756 -0.006379898 0.9207222
6.7294 FirstCar 13.46382 0.025 2.97 0 90 0 0 0.7071068 0 0.7071068 13.8889 0
6.7294 SecondCar -18.73439 0.025 2.97 0 90 0 0 0.7071068 0 0.7071068 13.8889 0
6.7314 Head 0 1.6 0.78 358.125 314.1 0 -0.01506664 -0.3898756 -0.006379898 0.9207222
6.7314 FirstCar 13.49192 0.025 2.97 0 90 0 0 0.7071068 0 0.7071068 13.8889 0
6.7314 SecondCar -18.70629 0.025 2.97 0 90 0 0 0.7071068 0 0.7071068 13.8889 0
6.7330 Head 0 1.6 0.78 358.125 314.1 0 -0.01506664 -0.3898756 -0.006379898 0.9207222
6.7330 FirstCar 13.51458 0.025 2.97 0 90 0 0 0.7071068 0 0.7071068 13.8889 0
6.7330 SecondCar -18.68363 0.025 2.97 0 90 0 0 0.7071068 0 0.7071068 13.8889 0
6.7347 Head 0 1.6 0.78 358.125 314.175 5.338944E-08 -0.01507081 -0.3892729 -0.006370036 0.9209772
6.7347 FirstCar 13.53733 0.025 2.97 0 90 0 0 0.7071068 0 0.7071068 13.8889 0
6.7347 SecondCar -18.66088 0.025 2.97 0 90 0 0 0.7071068 0 0.7071068 13.8889 0
6.7362 Head 0 1.6 0.78 358.125 314.175 5.338944E-08 -0.01507081 -0.3892729 -0.006370036 0.9209772
6.7362 FirstCar 13.55883 0.025 2.97 0 90 0 0 0.7071068 0 0.7071068 13.8889 0
6.7362 SecondCar -18.63938 0.025 2.97 0 90 0 0 0.7071068 0 0.7071068 13.8889 0
6.7379 Head 0 1.6 0.78 358.125 314.175 5.338944E-08 -0.01507081 -0.3892729 -0.006370036 0.9209772
6.7379 FirstCar 13.58158 0.025 2.97 0 90 0 0 0.7071068 0 0.7071068 13.8889 0
6.7379 SecondCar -18.61663 0.025 2.97 0 90 0 0 0.7071068 0 0.7071068 13.8889 0
6.7400 Head 0 1.6 0.78 358.125 314.175 5.338944E-08 -0.01507081 -0.3892729 -0.006370036 0.9209772
6.7400 FirstCar 13.61159 0.025 2.97 0 90 0 0 0.7071068 0 0.7071068 13.8889 0
6.7400 SecondCar -18.58662 0.025 2.97 0 90 0 0 0.7071068 0 0.7071068 13.8889 0
6.7419 Head 0 1.6 0.78 358.05 314.25 0 -0.01567792 -0.3886658 -0.006614554 0.9212217
6.7419 FirstCar 13.63806 0.025 2.97 0 90 0 0 0.7071068 0 0.7071068 13.8889 0
6.7419 SecondCar -18.56015 0.025 2.97 0 90 0 0 0.7071068 0 0.7071068 13.8889 0
6.7436 Head 0 1.6 0.78 358.05 314.25 0 -0.01567792 -0.3886658 -0.006614554 0.9212217
6.7436 FirstCar 13.66185 0.025 2.97 0 90 0 0 0.7071068 0 0.7071068 13.8889 0
6.7436 SecondCar -18.53637 0.025 2.97 0 90 0 0 0.7071068 0 0.7071068 13.8889 0
6.7452 Head 0 1.6 0.78 358.05 314.25 0 -0.01567792 -0.3886658 -0.006614554 0.9212217
6.7452 FirstCar 13.68301 0.025 2.97 0 90 0 0 0.7071068 0 0.7071068 13.8889 0
6.7452 SecondCar -18.5152 0.025 2.97 0 90 0 0 0.7071068 0 0.7071068 13.8889 0
6.7466 Head 0 1.6 0.78 358.05 314.25 0 -0.01567792 -0.3886658 -0.006614554 0.9212217
6.7466 FirstCar 13.70338 0.025 2.97 0 90 0 0 0.7071068 0 0.7071068 13.8889 0
6.7466 SecondCar -18.49483 0.025 2.97 0 90 0 0 0.7071068 0 0.7071068 13.8889 0
6.7484 Head 0 1.6 0.78 358.05 314.25 0 -0.01567792 -0.3886658 -0.006614554 0.9212217
6.7484 FirstCar 13.72828 0.025 2.97 0 90 0 0 0.7071068 0 0.7071068 13.8889 0
6.7484 SecondCar -18.46993 0.025 2.97 0 90 0 0 0.7071068 0 0.7071068 13.8889 0
6.7505 Head 0 1.6 0.78 357.975 314.25 0 -0.01628085 -0.3886614 -0.006868933 0.9212112
6.7505 FirstCar 13.75642 0.025 2.97 0 90 0 0 0.7071068 0 0.7071068 13.8889 0
6.7505 SecondCar -18.44179 0.025 2.97 0 90 0 0 0.7071068 0 0.7071068 13.8889 0
6.7520 Head 0 1.6 0.78 357.975 314.25 0 -0.01628085 -0.3886614 -0.006868933 0.9212112
6.7520 FirstCar 13.77824 0.025 2.97 0 90 0 0 0.7071068 0 0.7071068 13.8889 0
6.7520 SecondCar -18.41997 0.025 2.97 0 90 0 0 0.7071068 0 0.7071068 13.8889 0
6.7535 Head 0 1.6 0.78 357.975 314.25 0 -0.01628085 -0.3886614 -0.006868933 0.9212112
6.7535 FirstCar 13.79866 0.025 2.97 0 90 0 0 0.7071068 0 0.7071068 13.8889 0
6.7535 SecondCar -18.39955 0.025 2.97 0 90 0 0 0.7071068 0 0.7071068 13.8889 0
6.7550 Head 0 1.6 0.78 357.975 314.25 0 -0.01628085 -0.3886614 -0.006868933 0.9212112
6.7550 FirstCar 13.8194 0.025 2.97 0 90 0 0 0.7071068 0 0.7071068 13.8889 0
6.7550 SecondCar -18.37881 0.025 2.97 0 90 0 0 0.7071068 0 0.7071068 13.8889 0
6.7565 Head 0 1.6 0.78 357.975 314.25 0 -0.01628085 -0.3886614 -0.006868933 0.9212112
6.7565 FirstCar 13.84032 0.025 2.97 0 90 0 0 0.7071068 0 0.7071068 13.8889 0
6.7565 SecondCar -18.35789 0.025 2.97 0 90 0 0 0.7071068 0 0.7071068 13.8889 0
6.7580 Head 0 1.6 0.78 357.975 314.25 0 -0.01628085 -0.3886614 -0.006868933 0.9212112
6.7580 FirstCar 13.86157 0.025 2.97 0 90 0 0 0.7071068 0 0.7071068 13.8889 0
6.7580 SecondCar -18.33664 0.025 2.97 0 90 0 0 0.7071068 0 0.7071068 13.8889 0
6.7596 Head 0 1.6 0.78 357.975 314.25 0 -0.01628085 -0.3886614 -0.006868933 0.9212112
6.7596 FirstCar 13.88289 0.025 2.97 0 90 0 0 0.7071068 0 0.7071068 13.8889 0
6.7596 SecondCar -18.31532 0.025 2.97 0 90 0 0 0.7071068 0 0.7071068 13.8889 0
6.7610 Head 0 1.6 0.78 357.975 314.25 0 -0.01628085 -0.3886614 -0.006868933 0.9212112
6.7610 FirstCar 13.90344 0.025 2.97 0 90 0 0 0.7071068 0 0.7071068 13.8889 0
6.7610 SecondCar -18.29477 0.025 2.97 0 90 0 0 0.7071068 0 0.7071068 13.8889 0
6.7626 Head 0 1.6 0.78 357.975 314.25 0 -0.01628085 -0.3886614 -0.006868933 0.9212112
6.7626 FirstCar 13.92499 0.025 2.97 0 90 0 0 0.7071068 0 0.7071068 13.8889 0
6.7626 SecondCar -18.27322 0.025 2.97 0 90 0 0 0.7071068 0 0.7071068 13.8889 0
6.7643 Head 0 1.6 0.78 357.975 314.25 0 -0.01628085 -0.3886614 -0.006868933 0.9212112
6.7643 FirstCar 13.94926 0.025 2.97 0 90 0 0 0.7071068 0 0.7071068 13.8889 0
6.7643 SecondCar -18.24895 0.025 2.97 0 90 0 0 0.7071068 0 0.7071068 13.8889 0
6.7659 Head 0 1.6 0.78 357.9 314.325 0 -0.01688844 -0.3880538 -0.007112259 0.9214545
6.7659 FirstCar 13.97092 0.025 2.97 0 90 0 0 0.7071068 0 0.7071068 13.8889 0
6.7659 SecondCar -18.22729 0.025 2.97 0 90 0 0 0.7071068 0 0.7071068 13.8889 0
6.7674 Head 0 1.6 0.78 357.9 314.325 0 -0.01688844 -0.3880538 -0.007112259 0.9214545
6.7674 FirstCar 13.9922 0.025 2.97 0 90 0 0 0.7071068 0 0.7071068 13.8889 0
6.7674 SecondCar -18.20601 0.025 2.97 0 90 0 0 0.7071068 0 0.7071068 13.8889 0
6.7692 Head 0 1.6 0.78 357.9 314.325 0 -0.01688844 -0.3880538 -0.007112259 0.9214545
6.7692 FirstCar 14.01712 0.025 2.97 0 90 0 0 0.7071068 0 0.7071068 13.8889 0
6.7692 SecondCar -18.1811 0.025 2.97 0 90 0 0 0.7071068 0 0.7071068 13.8889 0
6.7721 Head 0 1.6 0.78 357.9 314.325 0 -0.01688844 -0.3880538 -0.007112259 0.9214545
6.7721 FirstCar 14.05686 0.025 2.97 0 90 0 0 0.7071068 0 0.7071068 13.8889 0
6.7721 SecondCar -18.14135 0.025 2.97 0 90 0 0 0.7071068 0 0.7071068 13.8889 0
6.7743 Head 0 1.6 0.78 357.825 314.325 0 -0.01749153 -0.388049 -0.007366238 0.9214433
6.7743 FirstCar 14.08772 0.025 2.97 0 90 0 0 0.7071068 0 0.7071068 13.8889 0
6.7743 SecondCar -18.11049 0.025 2.97 0 90 0 0 0.7071068 0 0.7071068 13.8889 0
6.7763 Head 0 1.6 0.78 357.825 314.325 0 -0.01749153 -0.388049 -0.007366238 0.9214433
6.7763 FirstCar 14.11587 0.025 2.97 0 90 0 0 0.7071068 0 0.7071068 13.8889 0
6.7763 SecondCar -18.08234 0.025 2.97 0 90 0 0 0.7071068 0 0.7071068 13.8889 0
6.7780 Head 0 1.6 0.78 357.825 314.325 0 -0.01749153 -0.388049 -0.007366238 0.9214433
6.7780 FirstCar 14.13938 0.025 2.97 0 90 0 0 0.7071068 0 0.7071068 13.8889 0
6.7780 SecondCar -18.05883 0.025 2.97 0 90 0 0 0.7071068 0 0.7071068 13.8889 0
6.7802 Head 0 1.6 0.78 357.825 314.325 0 -0.01749153 -0.388049 -0.007366238 0.9214433
6.7802 FirstCar 14.16905 0.025 2.97 0 90 0 0 0.7071068 0 0.7071068 13.8889 0
6.7802 SecondCar -18.02916 0.025 2.97 0 90 0 0 0.7071068 0 0.7071068 13.8889 0
6.7820 Head 0 1.6 0.78 357.75 314.325 5.340202E-08 -0.01809461 -0.3880441 -0.007620214 0.9214317
6.7820 FirstCar 14.19431 0.025 2.97 0 90 0 0 0.7071068 0 0.7071068 13.8889 0
6.7820 SecondCar -18.00389 0.025 2.97 0 90 0 0 0.7071068 0 0.7071068 13.8889 0
6.7836 Head 0 1.6 0.78 357.75 314.325 5.340202E-08 -0.01809461 -0.3880441 -0.007620214 0.9214317
6.7836 FirstCar 14.21638 0.025 2.97 0 90 0 0 0.7071068 0 0.7071068 13.8889 0
6.7836 SecondCar -17.98183 0.025 2.97 0 90 0 0 0.7071068 0 0.7071068 13.8889 0
6.7854 Head 0 1.6 0.78 357.75 314.325 5.340202E-08 -0.01809461 -0.3880441 -0.007620214 0.9214317
6.7854 FirstCar 14.24146 0.025 2.97 0 90 0 0 0.7071068 0 0.7071068 13.8889 0
6.7854 SecondCar -17.95675 0.025 2.97 0 90 0 0 0.7071068 0 0.7071068 13.8889 0
6.7872 Head 0 1.6 0.78 357.75 314.325 5.340202E-08 -0.01809461 -0.3880441 -0.007620214 0.9214317
6.7872 FirstCar 14.26703 0.025 2.97 0 90 0 0 0.7071068 0 0.7071068 13.8889 0
6.7872 SecondCar -17.93117 0.025 2.97 0 90 0 0 0.7071068 0 0.7071068 13.8889 0
6.7892 Head 0 1.6 0.78 357.75 314.325 5.340202E-08 -0.01809461 -0.3880441 -0.007620214 0.9214317
6.7892 FirstCar 14.29406 0.025 2.97 0 90 0 0 0.7071068 0 0.7071068 13.8889 0
6.7892 SecondCar -17.90415 0.025 2.97 0 90 0 0 0.7071068 0 0.7071068 13.8889 0
6.7914 Head 0 1.6 0.78 357.75 314.325 5.340202E-08 -0.01809461 -0.3880441 -0.007620214 0.9214317
6.7914 FirstCar 14.3253 0.025 2.97 0 90 0 0 0.7071068 0 0.7071068 13.8889 0
6.7914 SecondCar -17.8729 0.025 2.97 0 90 0 0 0.7071068 0 0.7071068 13.8889 0
6.7931 Head 0 1.6 0.78 357.75 314.325 5.340202E-08 -0.01809461 -0.3880441 -0.007620214 0.9214317
6.7931 FirstCar 14.34902 0.025 2.97 0 90 0 0 0.7071068 0 0.7071068 13.8889 0
6.7931 SecondCar -17.84919 0.025 2.97 0 90 0 0 0.7071068 0 0.7071068 13.8889 0
6.7947 Head 0 1.6 0.78 357.75 314.325 5.340202E-08 -0.01809461 -0.3880441 -0.007620214 0.9214317
6.7947 FirstCar 14.37103 0.025 2.97 0 90 0 0 0.7071068 0 0.7071068 13.8889 0
6.7947 SecondCar -17.82718 0.025 2.97 0 90 0 0 0.7071068 0 0.7071068 13.8889 0
6.7967 Head 0 1.6 0.78 357.75 314.325 5.340202E-08 -0.01809461 -0.3880441 -0.007620214 0.9214317
6.7967 FirstCar 14.39816 0.025 2.97 0 90 0 0 0.7071068 0 0.7071068 13.8889 0
6.7967 SecondCar -17.80005 0.025 2.97 0 90 0 0 0.7071068 0 0.7071068 13.8889 0
6.7985 Head 0 1.6 0.78 357.675 314.4 -5.340481E-08 -0.01870283 -0.3874359 -0.007861948 0.9216734
6.7985 FirstCar 14.42394 0.025 2.97 0 90 0 0 0.7071068 0 0.7071068 13.8889 0
6.7985 SecondCar -17.77426 0.025 2.97 0 90 0 0 0.7071068 0 0.7071068 13.8889 0
6.8003 Head 0 1.6 0.78 357.675 314.4 -5.340481E-08 -0.01870283 -0.3874359 -0.007861948 0.9216734
6.8003 FirstCar 14.4481 0.025 2.97 0 90 0 0 0.7071068 0 0.7071068 13.8889 0
6.8003 SecondCar -17.7501 0.025 2.97 0 90 0 0 0.7071068 0 0.7071068 13.8889 0
6.8023 Head 0 1.6 0.78 357.675 314.4 -5.340481E-08 -0.01870283 -0.3874359 -0.007861948 0.9216734
6.8023 FirstCar 14.47661 0.025 2.97 0 90 0 0 0.7071068 0 0.7071068 13.8889 0
6.8023 SecondCar -17.72159 0.025 2.97 0 90 0 0 0.7071068 0 0.7071068 13.8889 0
6.8045 Head 0 1.6 0.78 357.675 314.4 -5.340481E-08 -0.01870283 -0.3874359 -0.007861948 0.9216734
6.8045 FirstCar 14.50729 0.025 2.97 0 90 0 0 0.7071068 0 0.7071068 13.8889 0
6.8045 SecondCar -17.69091 0.025 2.97 0 90 0 0 0.7071068 0 0.7071068 13.8889 0
6.8065 Head 0 1.6 0.78 357.6 314.4 -5.34077E-08 -0.01930606 -0.3874307 -0.008115522 0.921661
6.8065 FirstCar 14.53494 0.025 2.97 0 90 0 0 0.7071068 0 0.7071068 13.8889 0
6.8065 SecondCar -17.66326 0.025 2.97 0 90 0 0 0.7071068 0 0.7071068 13.8889 0
6.8083 Head 0 1.6 0.78 357.6 314.4 -5.34077E-08 -0.01930606 -0.3874307 -0.008115522 0.921661
6.8083 FirstCar 14.55938 0.025 2.97 0 90 0 0 0.7071068 0 0.7071068 13.8889 0
6.8083 SecondCar -17.63882 0.025 2.97 0 90 0 0 0.7071068 0 0.7071068 13.8889 0
6.8106 Head 0 1.6 0.78 357.6 314.4 -5.34077E-08 -0.01930606 -0.3874307 -0.008115522 0.921661
6.8106 FirstCar 14.59144 0.025 2.97 0 90 0 0 0.7071068 0 0.7071068 13.8889 0
6.8106 SecondCar -17.60677 0.025 2.97 0 90 0 0 0.7071068 0 0.7071068 13.8889 0
6.8124 Head 0 1.6 0.78 357.6 314.4 -5.34077E-08 -0.01930606 -0.3874307 -0.008115522 0.921661
6.8124 FirstCar 14.61666 0.025 2.97 0 90 0 0 0.7071068 0 0.7071068 13.8889 0
6.8124 SecondCar -17.58154 0.025 2.97 0 90 0 0 0.7071068 0 0.7071068 13.8889 0
6.8141 Head 0 1.6 0.78 357.6 314.4 -5.34077E-08 -0.01930606 -0.3874307 -0.008115522 0.921661
6.8141 FirstCar 14.64093 0.025 2.97 0 90 0 0 0.7071068 0 0.7071068 13.8889 0
6.8141 SecondCar -17.55727 0.025 2.97 0 90 0 0 0.7071068 0 0.7071068 13.8889 0
6.8159 Head 0 1.6 0.78 357.6 314.4 -5.34077E-08 -0.01930606 -0.3874307 -0.008115522 0.921661
6.8159 FirstCar 14.66506 0.025 2.97 0 90 0 0 0.7071068 0 0.7071068 13.8889 0
6.8159 SecondCar -17.53314 0.025 2.97 0 90 0 0 0.7071068 0 0.7071068 13.8889 0
6.8175 Head 0 1.6 0.78 357.6 314.4 -5.34077E-08 -0.01930606 -0.3874307 -0.008115522 0.921661
6.8175 FirstCar 14.68756 0.025 2.97 0 90 0 0 0.7071068 0 0.7071068 13.8889 0
6.8175 SecondCar -17.51065 0.025 2.97 0 90 0 0 0.7071068 0 0.7071068 13.8889 0
6.8192 Head 0 1.6 0.78 357.6 314.4 -5.34077E-08 -0.01930606 -0.3874307 -0.008115522 0.921661
6.8192 FirstCar 14.71057 0.025 2.97 0 90 0 0 0.7071068 0 0.7071068 13.8889 0
6.8192 SecondCar -17.48763 0.025 2.97 0 90 0 0 0.7071068 0 0.7071068 13.8889 0
6.8211 Head 0 1.6 0.78 357.6 314.4 -5.34077E-08 -0.01930606 -0.3874307 -0.008115522 0.921661
6.8211 FirstCar 14.73758 0.025 2.97 0 90 0 0 0.7071068 0 0.7071068 13.8889 0
6.8211 SecondCar -17.46063 0.025 2.97 0 90 0 0 0.7071068 0 0.7071068 13.8889 0
6.8227 Head 0 1.6 0.78 357.525 314.4 0 -0.01990928 -0.3874253 -0.008369093 0.9216481
6.8227 FirstCar 14.7604 0.025 2.97 0 90 0 0 0.7071068 0 0.7071068 13.8889 0
6.8227 SecondCar -17.4378 0.025 2.97 0 90 0 0 0.7071068 0 0.7071068 13.8889 0
6.8243 Head 0 1.6 0.78 357.525 314.4 0 -0.01990928 -0.3874253 -0.008369093 0.9216481
6.8243 FirstCar 14.78141 0.025 2.97 0 90 0 0 0.7071068 0 0.7071068 13.8889 0
6.8243 SecondCar -17.41679 0.025 2.97 0 90 0 0 0.7071068 0 0.7071068 13.8889 0
6.8258 Head 0 1.6 0.78 357.525 314.4 0 -0.01990928 -0.3874253 -0.008369093 0.9216481
6.8258 FirstCar 14.80258 0.025 2.97 0 90 0 0 0.7071068 0 0.7071068 13.8889 0
6.8258 SecondCar -17.39562 0.025 2.97 0 90 0 0 0.7071068 0 0.7071068 13.8889 0
6.8273 Head 0 1.6 0.78 357.525 314.4 0 -0.01990928 -0.3874253 -0.008369093 0.9216481
6.8273 FirstCar 14.82419 0.025 2.97 0 90 0 0 0.7071068 0 0.7071068 13.8889 0
6.8273 SecondCar -17.37401 0.025 2.97 0 90 0 0 0.7071068 0 0.7071068 13.8889 0
6.8289 Head 0 1.6 0.78 357.525 314.4 0 -0.01990928 -0.3874253 -0.008369093 0.9216481
6.8289 FirstCar 14.84657 0.025 2.97 0 90 0 0 0.7071068 0 0.7071068 13.8889 0
6.8289 SecondCar -17.35164 0.025 2.97 0 90 0 0 0.7071068 0 0.7071068 13.8889 0
6.8309 Head 0 1.6 0.78 357.525 314.4 0 -0.01990928 -0.3874253 -0.008369093 0.9216481
6.8309 FirstCar 14.87335 0.025 2.97 0 90 0 0 0.7071068 0 0.7071068 13.8889 0
6.8309 SecondCar -17.32485 0.025 2.97 0 90 0 0 0.7071068 0 0.7071068 13.8889 0
6.8325 Head 0 1.6 0.78 357.525 314.4 0 -0.01990928 -0.3874253 -0.008369093 0.9216481
6.8325 FirstCar 14.89633 0.025 2.97 0 90 0 0 0.7071068 0 0.7071068 13.8889 0
6.8325 SecondCar -17.30188 0.025 2.97 0 90 0 0 0.7071068 0 0.7071068 13.8889 0
6.8342 Head 0 1.6 0.78 357.525 314.4 0 -0.01990928 -0.3874253 -0.008369093 0.9216481
6.8342 FirstCar 14.91995 0.025 2.97 0 90 0 0 0.7071068 0 0.7071068 13.8889 0
6.8342 SecondCar -17.27825 0.025 2.97 0 90 0 0 0.7071068 0 0.7071068 13.8889 0
6.8360 Head 0 1.6 0.78 357.525 314.4 0 -0.01990928 -0.3874253 -0.008369093 0.9216481
6.8360 FirstCar 14.945 0.025 2.97 0 90 0 0 0.7071068 0 0.7071068 13.8889 0
6.8360 SecondCar -17.25321 0.025 2.97 0 90 0 0 0.7071068 0 0.7071068 13.8889 0
6.8379 Head 0 1.6 0.78 357.45 314.4 0 -0.02051249 -0.3874197 -0.00862266 0.9216349
6.8379 FirstCar 14.9705 0.025 2.97 0 90 0 0 0.7071068 0 0.7071068 13.8889 0
6.8379 SecondCar -17.22771 0.025 2.97 0 90 0 0 0.7071068 0 0.7071068 13.8889 0
6.8396 Head 0 1.6 0.78 357.45 314.4 0 -0.02051249 -0.3874197 -0.00862266 0.9216349
6.8396 FirstCar 14.99427 0.025 2.97 0 90 0 0 0.7071068 0 0.7071068 13.8889 0
6.8396 SecondCar -17.20394 0.025 2.97 0 90 0 0 0.7071068 0 0.7071068 13.8889 0
6.8412 Head 0 1.6 0.78 357.45 314.4 0 -0.02051249 -0.3874197 -0.00862266 0.9216349
6.8412 FirstCar 15.01696 0.025 2.97 0 90 0 0 0.7071068 0 0.7071068 13.8889 0
6.8412 SecondCar -17.18124 0.025 2.97 0 90 0 0 0.7071068 0 0.7071068 13.8889 0
6.8428 Head 0 1.6 0.78 357.45 314.4 0 -0.02051249 -0.3874197 -0.00862266 0.9216349
6.8428 FirstCar 15.03955 0.025 2.97 0 90 0 0 0.7071068 0 0.7071068 13.8889 0
6.8428 SecondCar -17.15866 0.025 2.97 0 90 0 0 0.7071068 0 0.7071068 13.8889 0
6.8445 Head 0 1.6 0.78 357.45 314.4 0 -0.02051249 -0.3874197 -0.00862266 0.9216349
6.8445 FirstCar 15.06226 0.025 2.97 0 90 0 0 0.7071068 0 0.7071068 13.8889 0
6.8445 SecondCar -17.13595 0.025 2.97 0 90 0 0 0.7071068 0 0.7071068 13.8889 0
6.8461 Head 0 1.6 0.78 357.45 314.4 0 -0.02051249 -0.3874197 -0.00862266 0.9216349
6.8461 FirstCar 15.08417 0.025 2.97 0 90 0 0 0.7071068 0 0.7071068 13.8889 0
6.8461 SecondCar -17.11404 0.025 2.97 0 90 0 0 0.7071068 0 0.7071068 13.8889 0
6.8477 Head 0 1.6 0.78 357.45 314.4 0 -0.02051249 -0.3874197 -0.00862266 0.9216349
6.8477 FirstCar 15.10757 0.025 2.97 0 90 0 0 0.7071068 0 0.7071068 13.8889 0
6.8477 SecondCar -17.09063 0.025 2.97 0 90 0 0 0.7071068 0 0.7071068 13.8889 0
6.8495 Head 0 1.6 0.78 357.45 314.4 0 -0.02051249 -0.3874197 -0.00862266 0.9216349
6.8495 FirstCar 15.13173 0.025 2.97 0 90 0 0 0.7071068 0 0.7071068 13.8889 0
6.8495 SecondCar -17.06648 0.025 2.97 0 90 0 0 0.7071068 0 0.7071068 13.8889 0
6.8514 Head 0 1.6 0.78 357.45 314.4 0 -0.02051249 -0.3874197 -0.00862266 0.9216349
6.8514 FirstCar 15.15864 0.025 2.97 0 90 0 0 0.7071068 0 0.7071068 13.8889 0
6.8514 SecondCar -17.03957 0.025 2.97 0 90 0 0 0.7071068 0 0.7071068 13.8889 0
6.8532 Head 0 1.6 0.78 357.45 314.4 0 -0.02051249 -0.3874197 -0.00862266 0.9216349
6.8532 FirstCar 15.18277 0.025 2.97 0 90 0 0 0.7071068 0 0.7071068 13.8889 0
6.8532 SecondCar -17.01544 0.025 2.97 0 90 0 0 0.7071068 0 0.7071068 13.8889 0
6.8549 Head 0 1.6 0.78 357.45 314.4 0 -0.02051249 -0.3874197 -0.00862266 0.9216349
6.8549 FirstCar 15.20734 0.025 2.97 0 90 0 0 0.7071068 0 0.7071068 13.8889 0
6.8549 SecondCar -16.99086 0.025 2.97 0 90 0 0 0.7071068 0 0.7071068 13.8889 0
6.8567 Head 0 1.6 0.78 357.45 314.4 0 -0.02051249 -0.3874197 -0.00862266 0.9216349
6.8567 FirstCar 15.23142 0.025 2.97 0 90 0 0 0.7071068 0 0.7071068 13.8889 0
6.8567 SecondCar -16.96678 0.025 2.97 0 90 0 0 0.7071068 0 0.7071068 13.8889 0
6.8585 Head 0 1.6 0.78 357.45 314.4 0 -0.02051249 -0.3874197 -0.00862266 0.9216349
6.8585 FirstCar 15.25656 0.025 2.97 0 90 0 0 0.7071068 0 0.7071068 13.8889 0
6.8585 SecondCar -16.94165 0.025 2.97 0 90 0 0 0.7071068 0 0.7071068 13.8889 0
6.8601 Head 0 1.6 0.78 357.45 314.4 0 -0.02051249 -0.3874197 -0.00862266 0.9216349
6.8601 FirstCar 15.27983 0.025 2.97 0 90 0 0 0.7071068 0 0.7071068 13.8889 0
6.8601 SecondCar -16.91838 0.025 2.97 0 90 0 0 0.7071068 0 0.7071068 13.8889 0
6.8617 Head 0 1.6 0.78 357.45 314.4 0 -0.02051249 -0.3874197 -0.00862266 0.9216349
6.8617 FirstCar 15.30159 0.025 2.97 0 90 0 0 0.7071068 0 0.7071068 13.8889 0
6.8617 SecondCar -16.89661 0.025 2.97 0 90 0 0 0.7071068 0 0.7071068 13.8889 0
6.8633 Head 0 1.6 0.78 357.45 314.4 0 -0.02051249 -0.3874197 -0.00862266 0.9216349
6.8633 FirstCar 15.32343 0.025 2.97 0 90 0 0 0.7071068 0 0.7071068 13.8889 0
6.8633 SecondCar -16.87478 0.025 2.97 0 90 0 0 0.7071068 0 0.7071068 13.8889 0
6.8651 Head 0 1.6 0.78 357.45 314.4 0 -0.02051249 -0.3874197 -0.00862266 0.9216349
6.8651 FirstCar 15.34889 0.025 2.97 0 90 0 0 0.7071068 0 0.7071068 13.8889 0
6.8651 SecondCar -16.84932 0.025 2.97 0 90 0 0 0.7071068 0 0.7071068 13.8889 0
6.8668 Head 0 1.6 0.78 357.45 314.4 0 -0.02051249 -0.3874197 -0.00862266 0.9216349
6.8668 FirstCar 15.37245 0.025 2.97 0 90 0 0 0.7071068 0 0.7071068 13.8889 0
6.8668 SecondCar -16.82576 0.025 2.97 0 90 0 0 0.7071068 0 0.7071068 13.8889 0
6.8686 Head 0 1.6 0.78 357.45 314.4 0 -0.02051249 -0.3874197 -0.00862266 0.9216349
6.8686 FirstCar 15.39718 0.025 2.97 0 90 0 0 0.7071068 0 0.7071068 13.8889 0
6.8686 SecondCar -16.80103 0.025 2.97 0 90 0 0 0.7071068 0 0.7071068 13.8889 0
6.8706 Head 0 1.6 0.78 357.45 314.4 0 -0.02051249 -0.3874197 -0.00862266 0.9216349
6.8706 FirstCar 15.42547 0.025 2.97 0 90 0 0 0.7071068 0 0.7071068 13.8889 0
6.8706 SecondCar -16.77273 0.025 2.97 0 90 0 0 0.7071068 0 0.7071068 13.8889 0
6.8722 Head 0 1.6 0.78 357.45 314.4 0 -0.02051249 -0.3874197 -0.00862266 0.9216349
6.8722 FirstCar 15.44748 0.025 2.97 0 90 0 0 0.7071068 0 0.7071068 13.8889 0
6.8722 SecondCar -16.75072 0.025 2.97 0 90 0 0 0.7071068 0 0.7071068 13.8889 0
6.8738 Head 0 1.6 0.78 357.45 314.4 0 -0.02051249 -0.3874197 -0.00862266 0.9216349
6.8738 FirstCar 15.46909 0.025 2.97 0 90 0 0 0.7071068 0 0.7071068 13.8889 0
6.8738 SecondCar -16.72912 0.025 2.97 0 90 0 0 0.7071068 0 0.7071068 13.8889 0
6.8753 Head 0 1.6 0.78 357.45 314.4 0 -0.02051249 -0.3874197 -0.00862266 0.9216349
6.8753 FirstCar 15.49069 0.025 2.97 0 90 0 0 0.7071068 0 0.7071068 13.8889 0
6.8753 SecondCar -16.70752 0.025 2.97 0 90 0 0 0.7071068 0 0.7071068 13.8889 0
6.8769 Head 0 1.6 0.78 357.45 314.4 0 -0.02051249 -0.3874197 -0.00862266 0.9216349
6.8769 FirstCar 15.512 0.025 2.97 0 90 0 0 0.7071068 0 0.7071068 13.8889 0
6.8769 SecondCar -16.68621 0.025 2.97 0 90 0 0 0.7071068 0 0.7071068 13.8889 0
6.8784 Head 0 1.6 0.78 357.45 314.4 0 -0.02051249 -0.3874197 -0.00862266 0.9216349
6.8784 FirstCar 15.53348 0.025 2.97 0 90 0 0 0.7071068 0 0.7071068 13.8889 0
6.8784 SecondCar -16.66473 0.025 2.97 0 90 0 0 0.7071068 0 0.7071068 13.8889 0
6.8799 Head 0 1.6 0.78 357.45 314.4 0 -0.02051249 -0.3874197 -0.00862266 0.9216349
6.8799 FirstCar 15.55489 0.025 2.97 0 90 0 0 0.7071068 0 0.7071068 13.8889 0
6.8799 SecondCar -16.64332 0.025 2.97 0 90 0 0 0.7071068 0 0.7071068 13.8889 0
6.8815 Head 0 1.6 0.78 357.45 314.4 0 -0.02051249 -0.3874197 -0.00862266 0.9216349
6.8815 FirstCar 15.57599 0.025 2.97 0 90 0 0 0.7071068 0 0.7071068 13.8889 0
6.8815 SecondCar -16.62222 0.025 2.97 0 90 0 0 0.7071068 0 0.7071068 13.8889 0
6.8830 Head 0 1.6 0.78 357.45 314.4 0 -0.02051249 -0.3874197 -0.00862266 0.9216349
6.8830 FirstCar 15.59741 0.025 2.97 0 90 0 0 0.7071068 0 0.7071068 13.8889 0
6.8830 SecondCar -16.6008 0.025 2.97 0 90 0 0 0.7071068 0 0.7071068 13.8889 0
6.8846 Head 0 1.6 0.78 357.45 314.4 0 -0.02051249 -0.3874197 -0.00862266 0.9216349
6.8846 FirstCar 15.61995 0.025 2.97 0 90 0 0 0.7071068 0 0.7071068 13.8889 0
6.8846 SecondCar -16.57826 0.025 2.97 0 90 0 0 0.7071068 0 0.7071068 13.8889 0
6.8861 Head 0 1.6 0.78 357.45 314.4 0 -0.02051249 -0.3874197 -0.00862266 0.9216349
6.8861 FirstCar 15.64009 0.025 2.97 0 90 0 0 0.7071068 0 0.7071068 13.8889 0
6.8861 SecondCar -16.55812 0.025 2.97 0 90 0 0 0.7071068 0 0.7071068 13.8889 0
6.8876 Head 0 1.6 0.78 357.45 314.4 0 -0.02051249 -0.3874197 -0.00862266 0.9216349
6.8876 FirstCar 15.66066 0.025 2.97 0 90 0 0 0.7071068 0 0.7071068 13.8889 0
6.8876 SecondCar -16.53755 0.025 2.97 0 90 0 0 0.7071068 0 0.7071068 13.8889 0
6.8892 Head 0 1.6 0.78 357.45 314.4 0 -0.02051249 -0.3874197 -0.00862266 0.9216349
6.8892 FirstCar 15.68392 0.025 2.97 0 90 0 0 0.7071068 0 0.7071068 13.8889 0
6.8892 SecondCar -16.5143 0.025 2.97 0 90 0 0 0.7071068 0 0.7071068 13.8889 0
6.8911 Head 0 1.6 0.78 357.45 314.4 0 -0.02051249 -0.3874197 -0.00862266 0.9216349
6.8911 FirstCar 15.71031 0.025 2.97 0 90 0 0 0.7071068 0 0.7071068 13.8889 0
6.8911 SecondCar -16.4879 0.025 2.97 0 90 0 0 0.7071068 0 0.7071068 13.8889 0
6.8926 Head 0 1.6 0.78 357.45 314.4 0 -0.02051249 -0.3874197 -0.00862266 0.9216349
6.8926 FirstCar 15.73096 0.025 2.97 0 90 0 0 0.7071068 0 0.7071068 13.8889 0
6.8926 SecondCar -16.46725 0.025 2.97 0 90 0 0 0.7071068 0 0.7071068 13.8889 0
6.8942 Head 0 1.6 0.78 357.45 314.4 0 -0.02051249 -0.3874197 -0.00862266 0.9216349
6.8942 FirstCar 15.75274 0.025 2.97 0 90 0 0 0.7071068 0 0.7071068 13.8889 0
6.8942 SecondCar -16.44547 0.025 2.97 0 90 0 0 0.7071068 0 0.7071068 13.8889 0
6.8957 Head 0 1.6 0.78 357.45 314.4 0 -0.02051249 -0.3874197 -0.00862266 0.9216349
6.8957 FirstCar 15.77327 0.025 2.97 0 90 0 0 0.7071068 0 0.7071068 13.8889 0
6.8957 SecondCar -16.42494 0.025 2.97 0 90 0 0 0.7071068 0 0.7071068 13.8889 0
6.8972 Head 0 1.6 0.78 357.45 314.4 0 -0.02051249 -0.3874197 -0.00862266 0.9216349
6.8972 FirstCar 15.7941 0.025 2.97 0 90 0 0 0.7071068 0 0.7071068 13.8889 0
6.8972 SecondCar -16.40411 0.025 2.97 0 90 0 0 0.7071068 0 0.7071068 13.8889 0
6.8987 Head 0 1.6 0.78 357.45 314.4 0 -0.02051249 -0.3874197 -0.00862266 0.9216349
6.8987 FirstCar 15.81585 0.025 2.97 0 90 0 0 0.7071068 0 0.7071068 13.8889 0
6.8987 SecondCar -16.38236 0.025 2.97 0 90 0 0 0.7071068 0 0.7071068 13.8889 0
6.9005 Head 0 1.6 0.78 357.45 314.4 0 -0.02051249 -0.3874197 -0.00862266 0.9216349
6.9005 FirstCar 15.84008 0.025 2.97 0 90 0 0 0.7071068 0 0.7071068 13.8889 0
6.9005 SecondCar -16.35813 0.025 2.97 0 90 0 0 0.7071068 0 0.7071068 13.8889 0
6.9022 Head 0 1.6 0.78 357.45 314.4 0 -0.02051249 -0.3874197 -0.00862266 0.9216349
6.9022 FirstCar 15.86445 0.025 2.97 0 90 0 0 0.7071068 0 0.7071068 13.8889 0
6.9022 SecondCar -16.33376 0.025 2.97 0 90 0 0 0.7071068 0 0.7071068 13.8889 0
6.9038 Head 0 1.6 0.78 357.45 314.4 0 -0.02051249 -0.3874197 -0.00862266 0.9216349
6.9038 FirstCar 15.8865 0.025 2.97 0 90 0 0 0.7071068 0 0.7071068 13.8889 0
6.9038 SecondCar -16.31171 0.025 2.97 0 90 0 0 0.7071068 0 0.7071068 13.8889 0
6.9053 Head 0 1.6 0.78 357.45 314.4 0 -0.02051249 -0.3874197 -0.00862266 0.9216349
6.9053 FirstCar 15.90749 0.025 2.97 0 90 0 0 0.7071068 0 0.7071068 13.8889 0
6.9053 SecondCar -16.29072 0.025 2.97 0 90 0 0 0.7071068 0 0.7071068 13.8889 0
6.9069 Head 0 1.6 0.78 357.45 314.4 0 -0.02051249 -0.3874197 -0.00862266 0.9216349
6.9069 FirstCar 15.9289 0.025 2.97 0 90 0 0 0.7071068 0 0.7071068 13.8889 0
6.9069 SecondCar -16.26931 0.025 2.97 0 90 0 0 0.7071068 0 0.7071068 13.8889 0
6.9086 Head 0 1.6 0.78 357.45 314.4 0 -0.02051249 -0.3874197 -0.00862266 0.9216349
6.9086 FirstCar 15.95243 0.025 2.97 0 90 0 0 0.7071068 0 0.7071068 13.8889 0
6.9086 SecondCar -16.24578 0.025 2.97 0 90 0 0 0.7071068 0 0.7071068 13.8889 0
6.9105 Head 0 1.6 0.78 357.45 314.4 0 -0.02051249 -0.3874197 -0.00862266 0.9216349
6.9105 FirstCar 15.97984 0.025 2.97 0 90 0 0 0.7071068 0 0.7071068 13.8889 0
6.9105 SecondCar -16.21837 0.025 2.97 0 90 0 0 0.7071068 0 0.7071068 13.8889 0
6.9127 Head 0 1.6 0.78 357.45 314.4 0 -0.02051249 -0.3874197 -0.00862266 0.9216349
6.9127 FirstCar 16.00943 0.025 2.97 0 90 0 0 0.7071068 0 0.7071068 13.8889 0
6.9127 SecondCar -16.18878 0.025 2.97 0 90 0 0 0.7071068 0 0.7071068 13.8889 0
6.9144 Head 0 1.6 0.78 357.45 314.4 0 -0.02051249 -0.3874197 -0.00862266 0.9216349
6.9144 FirstCar 16.03398 0.025 2.97 0 90 0 0 0.7071068 0 0.7071068 13.8889 0
6.9144 SecondCar -16.16423 0.025 2.97 0 90 0 0 0.7071068 0 0.7071068 13.8889 0
6.9161 Head 0 1.6 0.78 357.45 314.4 0 -0.02051249 -0.3874197 -0.00862266 0.9216349
6.9161 FirstCar 16.05722 0.025 2.97 0 90 0 0 0.7071068 0 0.7071068 13.8889 0
6.9161 SecondCar -16.14099 0.025 2.97 0 90 0 0 0.7071068 0 0.7071068 13.8889 0
6.9178 Head 0 1.6 0.78 357.45 314.4 0 -0.02051249 -0.3874197 -0.00862266 0.9216349
6.9178 FirstCar 16.08006 0.025 2.97 0 90 0 0 0.7071068 0 0.7071068 13.8889 0
6.9178 SecondCar -16.11815 0.025 2.97 0 90 0 0 0.7071068 0 0.7071068 13.8889 0
6.9193 Head 0 1.6 0.78 357.45 314.4 0 -0.02051249 -0.3874197 -0.00862266 0.9216349
6.9193 FirstCar 16.10196 0.025 2.97 0 90 0 0 0.7071068 0 0.7071068 13.8889 0
6.9193 SecondCar -16.09625 0.025 2.97 0 90 0 0 0.7071068 0 0.7071068 13.8889 0
6.9212 Head 0 1.6 0.78 357.45 314.4 0 -0.02051249 -0.3874197 -0.00862266 0.9216349
6.9212 FirstCar 16.12805 0.025 2.97 0 90 0 0 0.7071068 0 0.7071068 13.8889 0
6.9212 SecondCar -16.07016 0.025 2.97 0 90 0 0 0.7071068 0 0.7071068 13.8889 0
6.9230 Head 0 1.6 0.78 357.45 314.4 0 -0.02051249 -0.3874197 -0.00862266 0.9216349
6.9230 FirstCar 16.15283 0.025 2.97 0 90 0 0 0.7071068 0 0.7071068 13.8889 0
6.9230 SecondCar -16.04538 0.025 2.97 0 90 0 0 0.7071068 0 0.7071068 13.8889 0
6.9248 Head 0 1.6 0.78 357.45 314.4 0 -0.02051249 -0.3874197 -0.00862266 0.9216349
6.9248 FirstCar 16.17728 0.025 2.97 0 90 0 0 0.7071068 0 0.7071068 13.8889 0
6.9248 SecondCar -16.02093 0.025 2.97 0 90 0 0 0.7071068 0 0.7071068 13.8889 0
6.9264 Head 0 1.6 0.78 357.45 314.4 0 -0.02051249 -0.3874197 -0.00862266 0.9216349
6.9264 FirstCar 16.19983 0.025 2.97 0 90 0 0 0.7071068 0 0.7071068 13.8889 0
6.9264 SecondCar -15.99838 0.025 2.97 0 90 0 0 0.7071068 0 0.7071068 13.8889 0
6.9280 Head 0 1.6 0.78 357.45 314.4 0 -0.02051249 -0.3874197 -0.00862266 0.9216349
6.9280 FirstCar 16.22205 0.025 2.97 0 90 0 0 0.7071068 0 0.7071068 13.8889 0
6.9280 SecondCar -15.97617 0.025 2.97 0 90 0 0 0.7071068 0 0.7071068 13.8889 0
6.9296 Head 0 1.6 0.78 357.45 314.4 0 -0.02051249 -0.3874197 -0.00862266 0.9216349
6.9296 FirstCar 16.24483 0.025 2.97 0 90 0 0 0.7071068 0 0.7071068 13.8889 0
6.9296 SecondCar -15.95338 0.025 2.97 0 90 0 0 0.7071068 0 0.7071068 13.8889 0
6.9319 Head 0 1.6 0.78 357.45 314.4 0 -0.02051249 -0.3874197 -0.00862266 0.9216349
6.9319 FirstCar 16.2771 0.025 2.97 0 90 0 0 0.7071068 0 0.7071068 13.8889 0
6.9319 SecondCar -15.92111 0.025 2.97 0 90 0 0 0.7071068 0 0.7071068 13.8889 0
6.9337 Head 0 1.6 0.78 357.45 314.4 0 -0.02051249 -0.3874197 -0.00862266 0.9216349
6.9337 FirstCar 16.30208 0.025 2.97 0 90 0 0 0.7071068 0 0.7071068 13.8889 0
6.9337 SecondCar -15.89613 0.025 2.97 0 90 0 0 0.7071068 0 0.7071068 13.8889 0
6.9355 Head 0 1.6 0.78 357.45 314.4 0 -0.02051249 -0.3874197 -0.00862266 0.9216349
6.9355 FirstCar 16.32593 0.025 2.97 0 90 0 0 0.7071068 0 0.7071068 13.8889 0
6.9355 SecondCar -15.87228 0.025 2.97 0 90 0 0 0.7071068 0 0.7071068 13.8889 0
6.9371 Head 0 1.6 0.78 357.45 314.4 0 -0.02051249 -0.3874197 -0.00862266 0.9216349
6.9371 FirstCar 16.34888 0.025 2.97 0 90 0 0 0.7071068 0 0.7071068 13.8889 0
6.9371 SecondCar -15.84933 0.025 2.97 0 90 0 0 0.7071068 0 0.7071068 13.8889 0
6.9390 Head 0 1.6 0.78 357.45 314.4 0 -0.02051249 -0.3874197 -0.00862266 0.9216349
6.9390 FirstCar 16.37532 0.025 2.97 0 90 0 0 0.7071068 0 0.7071068 13.8889 0
6.9390 SecondCar -15.82289 0.025 2.97 0 90 0 0 0.7071068 0 0.7071068 13.8889 0
6.9408 Head 0 1.6 0.78 357.45 314.4 0 -0.02051249 -0.3874197 -0.00862266 0.9216349
6.9408 FirstCar 16.40054 0.025 2.97 0 90 0 0 0.7071068 0 0.7071068 13.8889 0
6.9408 SecondCar -15.79767 0.025 2.97 0 90 0 0 0.7071068 0 0.7071068 13.8889 0
6.9425 Head 0 1.6 0.78 357.45 314.4 0 -0.02051249 -0.3874197 -0.00862266 0.9216349
6.9425 FirstCar 16.42354 0.025 2.97 0 90 0 0 0.7071068 0 0.7071068 13.8889 0
6.9425 SecondCar -15.77467 0.025 2.97 0 90 0 0 0.7071068 0 0.7071068 13.8889 0
6.9439 Head 0 1.6 0.78 357.45 314.4 0 -0.02051249 -0.3874197 -0.00862266 0.9216349
6.9439 FirstCar 16.44344 0.025 2.97 0 90 0 0 0.7071068 0 0.7071068 13.8889 0
6.9439 SecondCar -15.75477 0.025 2.97 0 90 0 0 0.7071068 0 0.7071068 13.8889 0
6.9454 Head 0 1.6 0.78 357.45 314.4 0 -0.02051249 -0.3874197 -0.00862266 0.9216349
6.9454 FirstCar 16.46392 0.025 2.97 0 90 0 0 0.7071068 0 0.7071068 13.8889 0
6.9454 SecondCar -15.73429 0.025 2.97 0 90 0 0 0.7071068 0 0.7071068 13.8889 0
6.9469 Head 0 1.6 0.78 357.45 314.4 0 -0.02051249 -0.3874197 -0.00862266 0.9216349
6.9469 FirstCar 16.4842 0.025 2.97 0 90 0 0 0.7071068 0 0.7071068 13.8889 0
6.9469 SecondCar -15.71401 0.025 2.97 0 90 0 0 0.7071068 0 0.7071068 13.8889 0
6.9484 Head 0 1.6 0.78 357.45 314.4 0 -0.02051249 -0.3874197 -0.00862266 0.9216349
6.9484 FirstCar 16.50597 0.025 2.97 0 90 0 0 0.7071068 0 0.7071068 13.8889 0
6.9484 SecondCar -15.69224 0.025 2.97 0 90 0 0 0.7071068 0 0.7071068 13.8889 0
6.9502 Head 0 1.6 0.78 357.45 314.4 0 -0.02051249 -0.3874197 -0.00862266 0.9216349
6.9502 FirstCar 16.53054 0.025 2.97 0 90 0 0 0.7071068 0 0.7071068 13.8889 0
6.9502 SecondCar -15.66766 0.025 2.97 0 90 0 0 0.7071068 0 0.7071068 13.8889 0
6.9517 Head 0 1.6 0.78 357.45 314.4 0 -0.02051249 -0.3874197 -0.00862266 0.9216349
6.9517 FirstCar 16.5515 0.025 2.97 0 90 0 0 0.7071068 0 0.7071068 13.8889 0
6.9517 SecondCar -15.64671 0.025 2.97 0 90 0 0 0.7071068 0 0.7071068 13.8889 0
6.9532 Head 0 1.6 0.78 357.45 314.4 0 -0.02051249 -0.3874197 -0.00862266 0.9216349
6.9532 FirstCar 16.57178 0.025 2.97 0 90 0 0 0.7071068 0 0.7071068 13.8889 0
6.9532 SecondCar -15.62643 0.025 2.97 0 90 0 0 0.7071068 0 0.7071068 13.8889 0
6.9546 Head 0 1.6 0.78 357.45 314.4 0 -0.02051249 -0.3874197 -0.00862266 0.9216349
6.9546 FirstCar 16.59161 0.025 2.97 0 90 0 0 0.7071068 0 0.7071068 13.8889 0
6.9546 SecondCar -15.60659 0.025 2.97 0 90 0 0 0.7071068 0 0.7071068 13.8889 0
6.9560 Head 0 1.6 0.78 357.45 314.4 0 -0.02051249 -0.3874197 -0.00862266 0.9216349
6.9560 FirstCar 16.6118 0.025 2.97 0 90 0 0 0.7071068 0 0.7071068 13.8889 0
6.9560 SecondCar -15.5864 0.025 2.97 0 90 0 0 0.7071068 0 0.7071068 13.8889 0
6.9575 Head 0 1.6 0.78 357.45 314.4 0 -0.02051249 -0.3874197 -0.00862266 0.9216349
6.9575 FirstCar 16.63257 0.025 2.97 0 90 0 0 0.7071068 0 0.7071068 13.8889 0
6.9575 SecondCar -15.56564 0.025 2.97 0 90 0 0 0.7071068 0 0.7071068 13.8889 0
6.9591 Head 0 1.6 0.78 357.45 314.4 0 -0.02051249 -0.3874197 -0.00862266 0.9216349
6.9591 FirstCar 16.65487 0.025 2.97 0 90 0 0 0.7071068 0 0.7071068 13.8889 0
6.9591 SecondCar -15.54333 0.025 2.97 0 90 0 0 0.7071068 0 0.7071068 13.8889 0
6.9607 Head 0 1.6 0.78 357.45 314.4 0 -0.02051249 -0.3874197 -0.00862266 0.9216349
6.9607 FirstCar 16.67636 0.025 2.97 0 90 0 0 0.7071068 0 0.7071068 13.8889 0
6.9607 SecondCar -15.52184 0.025 2.97 0 90 0 0 0.7071068 0 0.7071068 13.8889 0
6.9622 Head 0 1.6 0.78 357.45 314.4 0 -0.02051249 -0.3874197 -0.00862266 0.9216349
6.9622 FirstCar 16.69742 0.025 2.97 0 90 0 0 0.7071068 0 0.7071068 13.8889 0
6.9622 SecondCar -15.50078 0.025 2.97 0 90 0 0 0.7071068 0 0.7071068 13.8889 0
6.9638 Head 0 1.6 0.78 357.45 314.4 0 -0.02051249 -0.3874197 -0.00862266 0.9216349
6.9638 FirstCar 16.72 0.025 2.97 0 90 0 0 0.7071068 0 0.7071068 13.8889 0
6.9638 SecondCar -15.47821 0.025 2.97 0 90 0 0 0.7071068 0 0.7071068 13.8889 0
6.9655 Head 0 1.6 0.78 357.45 314.4 0 -0.02051249 -0.3874197 -0.00862266 0.9216349
6.9655 FirstCar 16.74286 0.025 2.97 0 90 0 0 0.7071068 0 0.7071068 13.8889 0
6.9655 SecondCar -15.45534 0.025 2.97 0 90 0 0 0.7071068 0 0.7071068 13.8889 0
6.9671 Head 0 1.6 0.78 357.45 314.4 0 -0.02051249 -0.3874197 -0.00862266 0.9216349
6.9671 FirstCar 16.76523 0.025 2.97 0 90 0 0 0.7071068 0 0.7071068 13.8889 0
6.9671 SecondCar -15.43298 0.025 2.97 0 90 0 0 0.7071068 0 0.7071068 13.8889 0
6.9687 Head 0 1.6 0.78 357.45 314.4 0 -0.02051249 -0.3874197 -0.00862266 0.9216349
6.9687 FirstCar 16.78775 0.025 2.97 0 90 0 0 0.7071068 0 0.7071068 13.8889 0
6.9687 SecondCar -15.41046 0.025 2.97 0 90 0 0 0.7071068 0 0.7071068 13.8889 0
6.9705 Head 0 1.6 0.78 357.45 314.4 0 -0.02051249 -0.3874197 -0.00862266 0.9216349
6.9705 FirstCar 16.81323 0.025 2.97 0 90 0 0 0.7071068 0 0.7071068 13.8889 0
6.9705 SecondCar -15.38498 0.025 2.97 0 90 0 0 0.7071068 0 0.7071068 13.8889 0
6.9721 Head 0 1.6 0.78 357.45 314.4 0 -0.02051249 -0.3874197 -0.00862266 0.9216349
6.9721 FirstCar 16.8348 0.025 2.97 0 90 0 0 0.7071068 0 0.7071068 13.8889 0
6.9721 SecondCar -15.3634 0.025 2.97 0 90 0 0 0.7071068 0 0.7071068 13.8889 0
6.9736 Head 0 1.6 0.78 357.45 314.4 0 -0.02051249 -0.3874197 -0.00862266 0.9216349
6.9736 FirstCar 16.85589 0.025 2.97 0 90 0 0 0.7071068 0 0.7071068 13.8889 0
6.9736 SecondCar -15.34232 0.025 2.97 0 90 0 0 0.7071068 0 0.7071068 13.8889 0
6.9751 Head 0 1.6 0.78 357.45 314.4 0 -0.02051249 -0.3874197 -0.00862266 0.9216349
6.9751 FirstCar 16.87683 0.025 2.97 0 90 0 0 0.7071068 0 0.7071068 13.8889 0
6.9751 SecondCar -15.32138 0.025 2.97 0 90 0 0 0.7071068 0 0.7071068 13.8889 0
6.9767 Head 0 1.6 0.78 357.45 314.4 0 -0.02051249 -0.3874197 -0.00862266 0.9216349
6.9767 FirstCar 16.89927 0.025 2.97 0 90 0 0 0.7071068 0 0.7071068 13.8889 0
6.9767 SecondCar -15.29894 0.025 2.97 0 90 0 0 0.7071068 0 0.7071068 13.8889 0
6.9785 Head 0 1.6 0.78 357.45 314.4 0 -0.02051249 -0.3874197 -0.00862266 0.9216349
6.9785 FirstCar 16.92311 0.025 2.97 0 90 0 0 0.7071068 0 0.7071068 13.8889 0
6.9785 SecondCar -15.27509 0.025 2.97 0 90 0 0 0.7071068 0 0.7071068 13.8889 0
6.9800 Head 0 1.6 0.78 357.45 314.4 0 -0.02051249 -0.3874197 -0.00862266 0.9216349
6.9800 FirstCar 16.94461 0.025 2.97 0 90 0 0 0.7071068 0 0.7071068 13.8889 0
6.9800 SecondCar -15.2536 0.025 2.97 0 90 0 0 0.7071068 0 0.7071068 13.8889 0
6.9815 Head 0 1.6 0.78 357.45 314.4 0 -0.02051249 -0.3874197 -0.00862266 0.9216349
6.9815 FirstCar 16.9656 0.025 2.97 0 90 0 0 0.7071068 0 0.7071068 13.8889 0
6.9815 SecondCar -15.23261 0.025 2.97 0 90 0 0 0.7071068 0 0.7071068 13.8889 0
6.9832 Head 0 1.6 0.78 357.45 314.4 0 -0.02051249 -0.3874197 -0.00862266 0.9216349
6.9832 FirstCar 16.9884 0.025 2.97 0 90 0 0 0.7071068 0 0.7071068 13.8889 0
6.9832 SecondCar -15.2098 0.025 2.97 0 90 0 0 0.7071068 0 0.7071068 13.8889 0
6.9848 Head 0 1.6 0.78 357.45 314.4 0 -0.02051249 -0.3874197 -0.00862266 0.9216349
6.9848 FirstCar 17.01115 0.025 2.97 0 90 0 0 0.7071068 0 0.7071068 13.8889 0
6.9848 SecondCar -15.18706 0.025 2.97 0 90 0 0 0.7071068 0 0.7071068 13.8889 0
6.9863 Head 0 1.6 0.78 357.45 314.4 0 -0.02051249 -0.3874197 -0.00862266 0.9216349
6.9863 FirstCar 17.03228 0.025 2.97 0 90 0 0 0.7071068 0 0.7071068 13.8889 0
6.9863 SecondCar -15.16593 0.025 2.97 0 90 0 0 0.7071068 0 0.7071068 13.8889 0
6.9883 Head 0 1.6 0.78 357.45 314.4 0 -0.02051249 -0.3874197 -0.00862266 0.9216349
6.9883 FirstCar 17.0598 0.025 2.97 0 90 0 0 0.7071068 0 0.7071068 13.8889 0
6.9883 SecondCar -15.1384 0.025 2.97 0 90 0 0 0.7071068 0 0.7071068 13.8889 0
6.9907 Head 0 1.6 0.78 357.45 314.4 0 -0.02051249 -0.3874197 -0.00862266 0.9216349
6.9907 FirstCar 17.0937 0.025 2.97 0 90 0 0 0.7071068 0 0.7071068 13.8889 0
6.9907 SecondCar -15.10451 0.025 2.97 0 90 0 0 0.7071068 0 0.7071068 13.8889 0
6.9926 Head 0 1.6 0.78 357.45 314.4 0 -0.02051249 -0.3874197 -0.00862266 0.9216349
6.9926 FirstCar 17.11895 0.025 2.97 0 90 0 0 0.7071068 0 0.7071068 13.8889 0
6.9926 SecondCar -15.07926 0.025 2.97 0 90 0 0 0.7071068 0 0.7071068 13.8889 0
6.9943 Head 0 1.6 0.78 357.45 314.4 0 -0.02051249 -0.3874197 -0.00862266 0.9216349
6.9943 FirstCar 17.14296 0.025 2.97 0 90 0 0 0.7071068 0 0.7071068 13.8889 0
6.9943 SecondCar -15.05524 0.025 2.97 0 90 0 0 0.7071068 0 0.7071068 13.8889 0
6.9959 Head 0 1.6 0.78 357.45 314.4 0 -0.02051249 -0.3874197 -0.00862266 0.9216349
6.9959 FirstCar 17.16557 0.025 2.97 0 90 0 0 0.7071068 0 0.7071068 13.8889 0
6.9959 SecondCar -15.03263 0.025 2.97 0 90 0 0 0.7071068 0 0.7071068 13.8889 0
6.9974 Head 0 1.6 0.78 357.45 314.4 0 -0.02051249 -0.3874197 -0.00862266 0.9216349
6.9974 FirstCar 17.18605 0.025 2.97 0 90 0 0 0.7071068 0 0.7071068 13.8889 0
6.9974 SecondCar -15.01215 0.025 2.97 0 90 0 0 0.7071068 0 0.7071068 13.8889 0
6.9989 Head 0 1.6 0.78 357.45 314.4 0 -0.02051249 -0.3874197 -0.00862266 0.9216349
6.9989 FirstCar 17.20742 0.025 2.97 0 90 0 0 0.7071068 0 0.7071068 13.8889 0
6.9989 SecondCar -14.99078 0.025 2.97 0 90 0 0 0.7071068 0 0.7071068 13.8889 0
7.0005 Head 0 1.6 0.78 357.45 314.4 0 -0.02051249 -0.3874197 -0.00862266 0.9216349
7.0005 FirstCar 17.22932 0.025 2.97 0 90 0 0 0.7071068 0 0.7071068 13.8889 0
7.0005 SecondCar -14.96889 0.025 2.97 0 90 0 0 0.7071068 0 0.7071068 13.8889 0
7.0020 Head 0 1.6 0.78 357.45 314.4 0 -0.02051249 -0.3874197 -0.00862266 0.9216349
7.0020 FirstCar 17.24981 0.025 2.97 0 90 0 0 0.7071068 0 0.7071068 13.8889 0
7.0020 SecondCar -14.9484 0.025 2.97 0 90 0 0 0.7071068 0 0.7071068 13.8889 0
7.0034 Head 0 1.6 0.78 357.45 314.4 0 -0.02051249 -0.3874197 -0.00862266 0.9216349
7.0034 FirstCar 17.26957 0.025 2.97 0 90 0 0 0.7071068 0 0.7071068 13.8889 0
7.0034 SecondCar -14.92863 0.025 2.97 0 90 0 0 0.7071068 0 0.7071068 13.8889 0
7.0048 Head 0 1.6 0.78 357.45 314.4 0 -0.02051249 -0.3874197 -0.00862266 0.9216349
7.0048 FirstCar 17.28904 0.025 2.97 0 90 0 0 0.7071068 0 0.7071068 13.8889 0
7.0048 SecondCar -14.90916 0.025 2.97 0 90 0 0 0.7071068 0 0.7071068 13.8889 0
7.0062 Head 0 1.6 0.78 357.45 314.4 0 -0.02051249 -0.3874197 -0.00862266 0.9216349
7.0062 FirstCar 17.30901 0.025 2.97 0 90 0 0 0.7071068 0 0.7071068 13.8889 0
7.0062 SecondCar -14.88919 0.025 2.97 0 90 0 0 0.7071068 0 0.7071068 13.8889 0
7.0077 Head 0 1.6 0.78 357.45 314.4 0 -0.02051249 -0.3874197 -0.00862266 0.9216349
7.0077 FirstCar 17.32954 0.025 2.97 0 90 0 0 0.7071068 0 0.7071068 13.8889 0
7.0077 SecondCar -14.86867 0.025 2.97 0 90 0 0 0.7071068 0 0.7071068 13.8889 0
7.0092 Head 0 1.6 0.78 357.45 314.4 0 -0.02051249 -0.3874197 -0.00862266 0.9216349
7.0092 FirstCar 17.35069 0.025 2.97 0 90 0 0 0.7071068 0 0.7071068 13.8889 0
7.0092 SecondCar -14.84751 0.025 2.97 0 90 0 0 0.7071068 0 0.7071068 13.8889 0
7.0113 Head 0 1.6 0.78 357.45 314.4 0 -0.02051249 -0.3874197 -0.00862266 0.9216349
7.0113 FirstCar 17.37957 0.025 2.97 0 90 0 0 0.7071068 0 0.7071068 13.8889 0
7.0113 SecondCar -14.81863 0.025 2.97 0 90 0 0 0.7071068 0 0.7071068 13.8889 0
7.0129 Head 0 1.6 0.78 357.45 314.4 0 -0.02051249 -0.3874197 -0.00862266 0.9216349
7.0129 FirstCar 17.4021 0.025 2.97 0 90 0 0 0.7071068 0 0.7071068 13.8889 0
7.0129 SecondCar -14.7961 0.025 2.97 0 90 0 0 0.7071068 0 0.7071068 13.8889 0
7.0147 Head 0 1.6 0.78 357.45 314.4 0 -0.02051249 -0.3874197 -0.00862266 0.9216349
7.0147 FirstCar 17.42651 0.025 2.97 0 90 0 0 0.7071068 0 0.7071068 13.8889 0
7.0147 SecondCar -14.7717 0.025 2.97 0 90 0 0 0.7071068 0 0.7071068 13.8889 0
7.0165 Head 0 1.6 0.78 357.45 314.4 0 -0.02051249 -0.3874197 -0.00862266 0.9216349
7.0165 FirstCar 17.45124 0.025 2.97 0 90 0 0 0.7071068 0 0.7071068 13.8889 0
7.0165 SecondCar -14.74697 0.025 2.97 0 90 0 0 0.7071068 0 0.7071068 13.8889 0
7.0184 Head 0 1.6 0.78 357.45 314.4 0 -0.02051249 -0.3874197 -0.00862266 0.9216349
7.0184 FirstCar 17.47799 0.025 2.97 0 90 0 0 0.7071068 0 0.7071068 13.8889 0
7.0184 SecondCar -14.72021 0.025 2.97 0 90 0 0 0.7071068 0 0.7071068 13.8889 0
7.0202 Head 0 1.6 0.78 357.45 314.4 0 -0.02051249 -0.3874197 -0.00862266 0.9216349
7.0202 FirstCar 17.50274 0.025 2.97 0 90 0 0 0.7071068 0 0.7071068 13.8889 0
7.0202 SecondCar -14.69547 0.025 2.97 0 90 0 0 0.7071068 0 0.7071068 13.8889 0
7.0219 Head 0 1.6 0.78 357.45 314.4 0 -0.02051249 -0.3874197 -0.00862266 0.9216349
7.0219 FirstCar 17.52639 0.025 2.97 0 90 0 0 0.7071068 0 0.7071068 13.8889 0
7.0219 SecondCar -14.67181 0.025 2.97 0 90 0 0 0.7071068 0 0.7071068 13.8889 0
7.0236 Head 0 1.6 0.78 357.45 314.4 0 -0.02051249 -0.3874197 -0.00862266 0.9216349
7.0236 FirstCar 17.54952 0.025 2.97 0 90 0 0 0.7071068 0 0.7071068 13.8889 0
7.0236 SecondCar -14.64868 0.025 2.97 0 90 0 0 0.7071068 0 0.7071068 13.8889 0
7.0251 Head 0 1.6 0.78 357.45 314.4 0 -0.02051249 -0.3874197 -0.00862266 0.9216349
7.0251 FirstCar 17.57148 0.025 2.97 0 90 0 0 0.7071068 0 0.7071068 13.8889 0
7.0251 SecondCar -14.62672 0.025 2.97 0 90 0 0 0.7071068 0 0.7071068 13.8889 0
7.0267 Head 0 1.6 0.78 357.45 314.4 0 -0.02051249 -0.3874197 -0.00862266 0.9216349
7.0267 FirstCar 17.59381 0.025 2.97 0 90 0 0 0.7071068 0 0.7071068 13.8889 0
7.0267 SecondCar -14.60439 0.025 2.97 0 90 0 0 0.7071068 0 0.7071068 13.8889 0
7.0284 Head 0 1.6 0.78 357.45 314.4 0 -0.02051249 -0.3874197 -0.00862266 0.9216349
7.0284 FirstCar 17.61683 0.025 2.97 0 90 0 0 0.7071068 0 0.7071068 13.8889 0
7.0284 SecondCar -14.58137 0.025 2.97 0 90 0 0 0.7071068 0 0.7071068 13.8889 0
7.0304 Head 0 1.6 0.78 357.45 314.4 0 -0.02051249 -0.3874197 -0.00862266 0.9216349
7.0304 FirstCar 17.64515 0.025 2.97 0 90 0 0 0.7071068 0 0.7071068 13.8889 0
7.0304 SecondCar -14.55306 0.025 2.97 0 90 0 0 0.7071068 0 0.7071068 13.8889 0
7.0321 Head 0 1.6 0.78 357.45 314.4 0 -0.02051249 -0.3874197 -0.00862266 0.9216349
7.0321 FirstCar 17.66863 0.025 2.97 0 90 0 0 0.7071068 0 0.7071068 13.8889 0
7.0321 SecondCar -14.52957 0.025 2.97 0 90 0 0 0.7071068 0 0.7071068 13.8889 0
7.0337 Head 0 1.6 0.78 357.45 314.4 0 -0.02051249 -0.3874197 -0.00862266 0.9216349
7.0337 FirstCar 17.69047 0.025 2.97 0 90 0 0 0.7071068 0 0.7071068 13.8889 0
7.0337 SecondCar -14.50774 0.025 2.97 0 90 0 0 0.7071068 0 0.7071068 13.8889 0
7.0353 Head 0 1.6 0.78 357.45 314.4 0 -0.02051249 -0.3874197 -0.00862266 0.9216349
7.0353 FirstCar 17.71293 0.025 2.97 0 90 0 0 0.7071068 0 0.7071068 13.8889 0
7.0353 SecondCar -14.48527 0.025 2.97 0 90 0 0 0.7071068 0 0.7071068 13.8889 0
7.0370 Head 0 1.6 0.78 357.45 314.4 0 -0.02051249 -0.3874197 -0.00862266 0.9216349
7.0370 FirstCar 17.73605 0.025 2.97 0 90 0 0 0.7071068 0 0.7071068 13.8889 0
7.0370 SecondCar -14.46216 0.025 2.97 0 90 0 0 0.7071068 0 0.7071068 13.8889 0
7.0387 Head 0 1.6 0.78 357.45 314.4 0 -0.02051249 -0.3874197 -0.00862266 0.9216349
7.0387 FirstCar 17.7599 0.025 2.97 0 90 0 0 0.7071068 0 0.7071068 13.8889 0
7.0387 SecondCar -14.43831 0.025 2.97 0 90 0 0 0.7071068 0 0.7071068 13.8889 0
7.0406 Head 0 1.6 0.78 357.45 314.4 0 -0.02051249 -0.3874197 -0.00862266 0.9216349
7.0406 FirstCar 17.7866 0.025 2.97 0 90 0 0 0.7071068 0 0.7071068 13.8889 0
7.0406 SecondCar -14.4116 0.025 2.97 0 90 0 0 0.7071068 0 0.7071068 13.8889 0
7.0429 Head 0 1.6 0.78 357.45 314.4 0 -0.02051249 -0.3874197 -0.00862266 0.9216349
7.0429 FirstCar 17.81873 0.025 2.97 0 90 0 0 0.7071068 0 0.7071068 13.8889 0
7.0429 SecondCar -14.37948 0.025 2.97 0 90 0 0 0.7071068 0 0.7071068 13.8889 0
7.0450 Head 0 1.6 0.78 357.45 314.4 0 -0.02051249 -0.3874197 -0.00862266 0.9216349
7.0450 FirstCar 17.84772 0.025 2.97 0 90 0 0 0.7071068 0 0.7071068 13.8889 0
7.0450 SecondCar -14.35048 0.025 2.97 0 90 0 0 0.7071068 0 0.7071068 13.8889 0
7.0471 Head 0 1.6 0.78 357.45 314.4 0 -0.02051249 -0.3874197 -0.00862266 0.9216349
7.0471 FirstCar 17.87627 0.025 2.97 0 90 0 0 0.7071068 0 0.7071068 13.8889 0
7.0471 SecondCar -14.32193 0.025 2.97 0 90 0 0 0.7071068 0 0.7071068 13.8889 0
7.0492 Head 0 1.6 0.78 357.45 314.4 0 -0.02051249 -0.3874197 -0.00862266 0.9216349
7.0492 FirstCar 17.9056 0.025 2.97 0 90 0 0 0.7071068 0 0.7071068 13.8889 0
7.0492 SecondCar -14.29261 0.025 2.97 0 90 0 0 0.7071068 0 0.7071068 13.8889 0
7.0515 Head 0 1.6 0.78 357.45 314.4 0 -0.02051249 -0.3874197 -0.00862266 0.9216349
7.0515 FirstCar 17.93801 0.025 2.97 0 90 0 0 0.7071068 0 0.7071068 13.8889 0
7.0515 SecondCar -14.2602 0.025 2.97 0 90 0 0 0.7071068 0 0.7071068 13.8889 0
7.0535 Head 0 1.6 0.78 357.45 314.4 0 -0.02051249 -0.3874197 -0.00862266 0.9216349
7.0535 FirstCar 17.96502 0.025 2.97 0 90 0 0 0.7071068 0 0.7071068 13.8889 0
7.0535 SecondCar -14.23319 0.025 2.97 0 90 0 0 0.7071068 0 0.7071068 13.8889 0
7.0553 Head 0 1.6 0.78 357.45 314.4 0 -0.02051249 -0.3874197 -0.00862266 0.9216349
7.0553 FirstCar 17.98982 0.025 2.97 0 90 0 0 0.7071068 0 0.7071068 13.8889 0
7.0553 SecondCar -14.20839 0.025 2.97 0 90 0 0 0.7071068 0 0.7071068 13.8889 0
7.0571 Head 0 1.6 0.78 357.45 314.4 0 -0.02051249 -0.3874197 -0.00862266 0.9216349
7.0571 FirstCar 18.01539 0.025 2.97 0 90 0 0 0.7071068 0 0.7071068 13.8889 0
7.0571 SecondCar -14.18282 0.025 2.97 0 90 0 0 0.7071068 0 0.7071068 13.8889 0
7.0593 Head 0 1.6 0.78 357.45 314.4 0 -0.02051249 -0.3874197 -0.00862266 0.9216349
7.0593 FirstCar 18.04557 0.025 2.97 0 90 0 0 0.7071068 0 0.7071068 13.8889 0
7.0593 SecondCar -14.15264 0.025 2.97 0 90 0 0 0.7071068 0 0.7071068 13.8889 0
7.0612 Head 0 1.6 0.78 357.45 314.4 0 -0.02051249 -0.3874197 -0.00862266 0.9216349
7.0612 FirstCar 18.07196 0.025 2.97 0 90 0 0 0.7071068 0 0.7071068 13.8889 0
7.0612 SecondCar -14.12625 0.025 2.97 0 90 0 0 0.7071068 0 0.7071068 13.8889 0
7.0630 Head 0 1.6 0.78 357.45 314.4 0 -0.02051249 -0.3874197 -0.00862266 0.9216349
7.0630 FirstCar 18.09785 0.025 2.97 0 90 0 0 0.7071068 0 0.7071068 13.8889 0
7.0630 SecondCar -14.10036 0.025 2.97 0 90 0 0 0.7071068 0 0.7071068 13.8889 0
7.0648 Head 0 1.6 0.78 357.45 314.4 0 -0.02051249 -0.3874197 -0.00862266 0.9216349
7.0648 FirstCar 18.12165 0.025 2.97 0 90 0 0 0.7071068 0 0.7071068 13.8889 0
7.0648 SecondCar -14.07656 0.025 2.97 0 90 0 0 0.7071068 0 0.7071068 13.8889 0
7.0663 Head 0 1.6 0.78 357.45 314.4 0 -0.02051249 -0.3874197 -0.00862266 0.9216349
7.0663 FirstCar 18.14356 0.025 2.97 0 90 0 0 0.7071068 0 0.7071068 13.8889 0
7.0663 SecondCar -14.05465 0.025 2.97 0 90 0 0 0.7071068 0 0.7071068 13.8889 0
7.0679 Head 0 1.6 0.78 357.45 314.4 0 -0.02051249 -0.3874197 -0.00862266 0.9216349
7.0679 FirstCar 18.16471 0.025 2.97 0 90 0 0 0.7071068 0 0.7071068 13.8889 0
7.0679 SecondCar -14.0335 0.025 2.97 0 90 0 0 0.7071068 0 0.7071068 13.8889 0
7.0695 Head 0 1.6 0.78 357.45 314.4 0 -0.02051249 -0.3874197 -0.00862266 0.9216349
7.0695 FirstCar 18.18747 0.025 2.97 0 90 0 0 0.7071068 0 0.7071068 13.8889 0
7.0695 SecondCar -14.01074 0.025 2.97 0 90 0 0 0.7071068 0 0.7071068 13.8889 0
7.0715 Head 0 1.6 0.78 357.45 314.4 0 -0.02051249 -0.3874197 -0.00862266 0.9216349
7.0715 FirstCar 18.21493 0.025 2.97 0 90 0 0 0.7071068 0 0.7071068 13.8889 0
7.0715 SecondCar -13.98328 0.025 2.97 0 90 0 0 0.7071068 0 0.7071068 13.8889 0
7.0734 Head 0 1.6 0.78 357.45 314.4 0 -0.02051249 -0.3874197 -0.00862266 0.9216349
7.0734 FirstCar 18.24246 0.025 2.97 0 90 0 0 0.7071068 0 0.7071068 13.8889 0
7.0734 SecondCar -13.95575 0.025 2.97 0 90 0 0 0.7071068 0 0.7071068 13.8889 0
7.0753 Head 0 1.6 0.78 357.45 314.4 0 -0.02051249 -0.3874197 -0.00862266 0.9216349
7.0753 FirstCar 18.26882 0.025 2.97 0 90 0 0 0.7071068 0 0.7071068 13.8889 0
7.0753 SecondCar -13.92939 0.025 2.97 0 90 0 0 0.7071068 0 0.7071068 13.8889 0
7.0772 Head 0 1.6 0.78 357.45 314.4 0 -0.02051249 -0.3874197 -0.00862266 0.9216349
7.0772 FirstCar 18.2948 0.025 2.97 0 90 0 0 0.7071068 0 0.7071068 13.8889 0
7.0772 SecondCar -13.90341 0.025 2.97 0 90 0 0 0.7071068 0 0.7071068 13.8889 0
7.0791 Head 0 1.6 0.78 357.45 314.4 0 -0.02051249 -0.3874197 -0.00862266 0.9216349
7.0791 FirstCar 18.32143 0.025 2.97 0 90 0 0 0.7071068 0 0.7071068 13.8889 0
7.0791 SecondCar -13.87677 0.025 2.97 0 90 0 0 0.7071068 0 0.7071068 13.8889 0
7.0809 Head 0 1.6 0.78 357.45 314.4 0 -0.02051249 -0.3874197 -0.00862266 0.9216349
7.0809 FirstCar 18.34636 0.025 2.97 0 90 0 0 0.7071068 0 0.7071068 13.8889 0
7.0809 SecondCar -13.85185 0.025 2.97 0 90 0 0 0.7071068 0 0.7071068 13.8889 0
7.0826 Head 0 1.6 0.78 357.45 314.4 0 -0.02051249 -0.3874197 -0.00862266 0.9216349
7.0826 FirstCar 18.36946 0.025 2.97 0 90 0 0 0.7071068 0 0.7071068 13.8889 0
7.0826 SecondCar -13.82875 0.025 2.97 0 90 0 0 0.7071068 0 0.7071068 13.8889 0
7.0842 Head 0 1.6 0.78 357.45 314.4 0 -0.02051249 -0.3874197 -0.00862266 0.9216349
7.0842 FirstCar 18.39199 0.025 2.97 0 90 0 0 0.7071068 0 0.7071068 13.8889 0
7.0842 SecondCar -13.80622 0.025 2.97 0 90 0 0 0.7071068 0 0.7071068 13.8889 0
7.0858 Head 0 1.6 0.78 357.45 314.4 0 -0.02051249 -0.3874197 -0.00862266 0.9216349
7.0858 FirstCar 18.41421 0.025 2.97 0 90 0 0 0.7071068 0 0.7071068 13.8889 0
7.0858 SecondCar -13.784 0.025 2.97 0 90 0 0 0.7071068 0 0.7071068 13.8889 0
7.0873 Head 0 1.6 0.78 357.45 314.4 0 -0.02051249 -0.3874197 -0.00862266 0.9216349
7.0873 FirstCar 18.43523 0.025 2.97 0 90 0 0 0.7071068 0 0.7071068 13.8889 0
7.0873 SecondCar -13.76297 0.025 2.97 0 90 0 0 0.7071068 0 0.7071068 13.8889 0
7.0889 Head 0 1.6 0.78 357.45 314.4 0 -0.02051249 -0.3874197 -0.00862266 0.9216349
7.0889 FirstCar 18.45714 0.025 2.97 0 90 0 0 0.7071068 0 0.7071068 13.8889 0
7.0889 SecondCar -13.74107 0.025 2.97 0 90 0 0 0.7071068 0 0.7071068 13.8889 0
7.0907 Head 0 1.6 0.78 357.45 314.4 0 -0.02051249 -0.3874197 -0.00862266 0.9216349
7.0907 FirstCar 18.48269 0.025 2.97 0 90 0 0 0.7071068 0 0.7071068 13.8889 0
7.0907 SecondCar -13.71552 0.025 2.97 0 90 0 0 0.7071068 0 0.7071068 13.8889 0
7.0922 Head 0 1.6 0.78 357.45 314.4 0 -0.02051249 -0.3874197 -0.00862266 0.9216349
7.0922 FirstCar 18.50354 0.025 2.97 0 90 0 0 0.7071068 0 0.7071068 13.8889 0
7.0922 SecondCar -13.69467 0.025 2.97 0 90 0 0 0.7071068 0 0.7071068 13.8889 0
7.0937 Head 0 1.6 0.78 357.45 314.4 0 -0.02051249 -0.3874197 -0.00862266 0.9216349
7.0937 FirstCar 18.52402 0.025 2.97 0 90 0 0 0.7071068 0 0.7071068 13.8889 0
7.0937 SecondCar -13.67419 0.025 2.97 0 90 0 0 0.7071068 0 0.7071068 13.8889 0
7.0952 Head 0 1.6 0.78 357.45 314.4 0 -0.02051249 -0.3874197 -0.00862266 0.9216349
7.0952 FirstCar 18.54445 0.025 2.97 0 90 0 0 0.7071068 0 0.7071068 13.8889 0
7.0952 SecondCar -13.65376 0.025 2.97 0 90 0 0 0.7071068 0 0.7071068 13.8889 0
7.0966 Head 0 1.6 0.78 357.45 314.4 0 -0.02051249 -0.3874197 -0.00862266 0.9216349
7.0966 FirstCar 18.56399 0.025 2.97 0 90 0 0 0.7071068 0 0.7071068 13.8889 0
7.0966 SecondCar -13.63422 0.025 2.97 0 90 0 0 0.7071068 0 0.7071068 13.8889 0
7.0980 Head 0 1.6 0.78 357.45 314.4 0 -0.02051249 -0.3874197 -0.00862266 0.9216349
7.0980 FirstCar 18.58409 0.025 2.97 0 90 0 0 0.7071068 0 0.7071068 13.8889 0
7.0980 SecondCar -13.61412 0.025 2.97 0 90 0 0 0.7071068 0 0.7071068 13.8889 0
7.0995 Head 0 1.6 0.78 357.45 314.4 0 -0.02051249 -0.3874197 -0.00862266 0.9216349
7.0995 FirstCar 18.60428 0.025 2.97 0 90 0 0 0.7071068 0 0.7071068 13.8889 0
7.0995 SecondCar -13.59393 0.025 2.97 0 90 0 0 0.7071068 0 0.7071068 13.8889 0
7.1010 Head 0 1.6 0.78 357.45 314.4 0 -0.02051249 -0.3874197 -0.00862266 0.9216349
7.1010 FirstCar 18.62444 0.025 2.97 0 90 0 0 0.7071068 0 0.7071068 13.8889 0
7.1010 SecondCar -13.57377 0.025 2.97 0 90 0 0 0.7071068 0 0.7071068 13.8889 0
7.1023 Head 0 1.6 0.78 357.45 314.4 0 -0.02051249 -0.3874197 -0.00862266 0.9216349
7.1023 FirstCar 18.64379 0.025 2.97 0 90 0 0 0.7071068 0 0.7071068 13.8889 0
7.1023 SecondCar -13.55442 0.025 2.97 0 90 0 0 0.7071068 0 0.7071068 13.8889 0
7.1040 Head 0 1.6 0.78 357.45 314.4 0 -0.02051249 -0.3874197 -0.00862266 0.9216349
7.1040 FirstCar 18.66627 0.025 2.97 0 90 0 0 0.7071068 0 0.7071068 13.8889 0
7.1040 SecondCar -13.53194 0.025 2.97 0 90 0 0 0.7071068 0 0.7071068 13.8889 0
7.1059 Head 0 1.6 0.78 357.45 314.4 0 -0.02051249 -0.3874197 -0.00862266 0.9216349
7.1059 FirstCar 18.69283 0.025 2.97 0 90 0 0 0.7071068 0 0.7071068 13.8889 0
7.1059 SecondCar -13.50539 0.025 2.97 0 90 0 0 0.7071068 0 0.7071068 13.8889 0
7.1075 Head 0 1.6 0.78 357.45 314.4 0 -0.02051249 -0.3874197 -0.00862266 0.9216349
7.1075 FirstCar 18.71519 0.025 2.97 0 90 0 0 0.7071068 0 0.7071068 13.8889 0
7.1075 SecondCar -13.48302 0.025 2.97 0 90 0 0 0.7071068 0 0.7071068 13.8889 0
7.1091 Head 0 1.6 0.78 357.45 314.4 0 -0.02051249 -0.3874197 -0.00862266 0.9216349
7.1091 FirstCar 18.73786 0.025 2.97 0 90 0 0 0.7071068 0 0.7071068 13.8889 0
7.1091 SecondCar -13.46035 0.025 2.97 0 90 0 0 0.7071068 0 0.7071068 13.8889 0
7.1113 Head 0 1.6 0.78 357.45 314.4 0 -0.02051249 -0.3874197 -0.00862266 0.9216349
7.1113 FirstCar 18.76877 0.025 2.97 0 90 0 0 0.7071068 0 0.7071068 13.8889 0
7.1113 SecondCar -13.42944 0.025 2.97 0 90 0 0 0.7071068 0 0.7071068 13.8889 0
7.1131 Head 0 1.6 0.78 357.45 314.4 0 -0.02051249 -0.3874197 -0.00862266 0.9216349
7.1131 FirstCar 18.79279 0.025 2.97 0 90 0 0 0.7071068 0 0.7071068 13.8889 0
7.1131 SecondCar -13.40543 0.025 2.97 0 90 0 0 0.7071068 0 0.7071068 13.8889 0
7.1147 Head 0 1.6 0.78 357.45 314.4 0 -0.02051249 -0.3874197 -0.00862266 0.9216349
7.1147 FirstCar 18.81544 0.025 2.97 0 90 0 0 0.7071068 0 0.7071068 13.8889 0
7.1147 SecondCar -13.38277 0.025 2.97 0 90 0 0 0.7071068 0 0.7071068 13.8889 0
7.1164 Head 0 1.6 0.78 357.45 314.4 0 -0.02051249 -0.3874197 -0.00862266 0.9216349
7.1164 FirstCar 18.83897 0.025 2.97 0 90 0 0 0.7071068 0 0.7071068 13.8889 0
7.1164 SecondCar -13.35924 0.025 2.97 0 90 0 0 0.7071068 0 0.7071068 13.8889 0
7.1182 Head 0 1.6 0.78 357.45 314.4 0 -0.02051249 -0.3874197 -0.00862266 0.9216349
7.1182 FirstCar 18.86343 0.025 2.97 0 90 0 0 0.7071068 0 0.7071068 13.8889 0
7.1182 SecondCar -13.33478 0.025 2.97 0 90 0 0 0.7071068 0 0.7071068 13.8889 0
7.1198 Head 0 1.6 0.78 357.45 314.4 0 -0.02051249 -0.3874197 -0.00862266 0.9216349
7.1198 FirstCar 18.88689 0.025 2.97 0 90 0 0 0.7071068 0 0.7071068 13.8889 0
7.1198 SecondCar -13.31132 0.025 2.97 0 90 0 0 0.7071068 0 0.7071068 13.8889 0
7.1214 Head 0 1.6 0.78 357.45 314.4 0 -0.02051249 -0.3874197 -0.00862266 0.9216349
7.1214 FirstCar 18.90885 0.025 2.97 0 90 0 0 0.7071068 0 0.7071068 13.8889 0
7.1214 SecondCar -13.28936 0.025 2.97 0 90 0 0 0.7071068 0 0.7071068 13.8889 0
7.1230 Head 0 1.6 0.78 357.45 314.4 0 -0.02051249 -0.3874197 -0.00862266 0.9216349
7.1230 FirstCar 18.93121 0.025 2.97 0 90 0 0 0.7071068 0 0.7071068 13.8889 0
7.1230 SecondCar -13.267 0.025 2.97 0 90 0 0 0.7071068 0 0.7071068 13.8889 0
7.1249 Head 0 1.6 0.78 357.45 314.4 0 -0.02051249 -0.3874197 -0.00862266 0.9216349
7.1249 FirstCar 18.95672 0.025 2.97 0 90 0 0 0.7071068 0 0.7071068 13.8889 0
7.1249 SecondCar -13.24149 0.025 2.97 0 90 0 0 0.7071068 0 0.7071068 13.8889 0
7.1267 Head 0 1.6 0.78 357.45 314.4 0 -0.02051249 -0.3874197 -0.00862266 0.9216349
7.1267 FirstCar 18.98159 0.025 2.97 0 90 0 0 0.7071068 0 0.7071068 13.8889 0
7.1267 SecondCar -13.21662 0.025 2.97 0 90 0 0 0.7071068 0 0.7071068 13.8889 0
7.1285 Head 0 1.6 0.78 357.45 314.4 0 -0.02051249 -0.3874197 -0.00862266 0.9216349
7.1285 FirstCar 19.00754 0.025 2.97 0 90 0 0 0.7071068 0 0.7071068 13.8889 0
7.1285 SecondCar -13.19067 0.025 2.97 0 90 0 0 0.7071068 0 0.7071068 13.8889 0
7.1305 Head 0 1.6 0.78 357.45 314.4 0 -0.02051249 -0.3874197 -0.00862266 0.9216349
7.1305 FirstCar 19.03552 0.025 2.97 0 90 0 0 0.7071068 0 0.7071068 13.8889 0
7.1305 SecondCar -13.16269 0.025 2.97 0 90 0 0 0.7071068 0 0.7071068 13.8889 0
7.1323 Head 0 1.6 0.78 357.45 314.4 0 -0.02051249 -0.3874197 -0.00862266 0.9216349
7.1323 FirstCar 19.05958 0.025 2.97 0 90 0 0 0.7071068 0 0.7071068 13.8889 0
7.1323 SecondCar -13.13863 0.025 2.97 0 90 0 0 0.7071068 0 0.7071068 13.8889 0
7.1339 Head 0 1.6 0.78 357.45 314.4 0 -0.02051249 -0.3874197 -0.00862266 0.9216349
7.1339 FirstCar 19.0816 0.025 2.97 0 90 0 0 0.7071068 0 0.7071068 13.8889 0
7.1339 SecondCar -13.11661 0.025 2.97 0 90 0 0 0.7071068 0 0.7071068 13.8889 0
7.1354 Head 0 1.6 0.78 357.45 314.4 0 -0.02051249 -0.3874197 -0.00862266 0.9216349
7.1354 FirstCar 19.10312 0.025 2.97 0 90 0 0 0.7071068 0 0.7071068 13.8889 0
7.1354 SecondCar -13.0951 0.025 2.97 0 90 0 0 0.7071068 0 0.7071068 13.8889 0
7.1370 Head 0 1.6 0.78 357.45 314.4 0 -0.02051249 -0.3874197 -0.00862266 0.9216349
7.1370 FirstCar 19.12522 0.025 2.97 0 90 0 0 0.7071068 0 0.7071068 13.8889 0
7.1370 SecondCar -13.07299 0.025 2.97 0 90 0 0 0.7071068 0 0.7071068 13.8889 0
7.1388 Head 0 1.6 0.78 357.45 314.4 0 -0.02051249 -0.3874197 -0.00862266 0.9216349
7.1388 FirstCar 19.14969 0.025 2.97 0 90 0 0 0.7071068 0 0.7071068 13.8889 0
7.1388 SecondCar -13.04852 0.025 2.97 0 90 0 0 0.7071068 0 0.7071068 13.8889 0
7.1409 Head 0 1.6 0.78 357.45 314.4 0 -0.02051249 -0.3874197 -0.00862266 0.9216349
7.1409 FirstCar 19.17894 0.025 2.97 0 90 0 0 0.7071068 0 0.7071068 13.8889 0
7.1409 SecondCar -13.01927 0.025 2.97 0 90 0 0 0.7071068 0 0.7071068 13.8889 0
7.1429 Head 0 1.6 0.78 357.45 314.4 0 -0.02051249 -0.3874197 -0.00862266 0.9216349
7.1429 FirstCar 19.20703 0.025 2.97 0 90 0 0 0.7071068 0 0.7071068 13.8889 0
7.1429 SecondCar -12.99118 0.025 2.97 0 90 0 0 0.7071068 0 0.7071068 13.8889 0
7.1446 Head 0 1.6 0.78 357.45 314.4 0 -0.02051249 -0.3874197 -0.00862266 0.9216349
7.1446 FirstCar 19.23066 0.025 2.97 0 90 0 0 0.7071068 0 0.7071068 13.8889 0
7.1446 SecondCar -12.96756 0.025 2.97 0 90 0 0 0.7071068 0 0.7071068 13.8889 0
7.1462 Head 0 1.6 0.78 357.45 314.4 0 -0.02051249 -0.3874197 -0.00862266 0.9216349
7.1462 FirstCar 19.25293 0.025 2.97 0 90 0 0 0.7071068 0 0.7071068 13.8889 0
7.1462 SecondCar -12.94529 0.025 2.97 0 90 0 0 0.7071068 0 0.7071068 13.8889 0
7.1494 Head 0 1.6 0.78 357.45 314.4 0 -0.02051249 -0.3874197 -0.00862266 0.9216349
7.1494 FirstCar 19.29791 0.025 2.97 0 90 0 0 0.7071068 0 0.7071068 13.8889 0
7.1494 SecondCar -12.9003 0.025 2.97 0 90 0 0 0.7071068 0 0.7071068 13.8889 0
7.1518 Head 0 1.6 0.78 357.45 314.4 0 -0.02051249 -0.3874197 -0.00862266 0.9216349
7.1518 FirstCar 19.33063 0.025 2.97 0 90 0 0 0.7071068 0 0.7071068 13.8889 0
7.1518 SecondCar -12.86759 0.025 2.97 0 90 0 0 0.7071068 0 0.7071068 13.8889 0
7.1524 Head 0 1.6 0.78 357.45 314.4 0 -0.02051249 -0.3874197 -0.00862266 0.9216349
7.1524 FirstCar 19.3384 0.025 2.97 0 90 0 0 0.7071068 0 0.7071068 13.8889 0
7.1524 SecondCar -12.85981 0.025 2.97 0 90 0 0 0.7071068 0 0.7071068 13.8889 0
7.1528 Head 0 1.6 0.78 357.45 314.4 0 -0.02051249 -0.3874197 -0.00862266 0.9216349
7.1528 FirstCar 19.34466 0.025 2.97 0 90 0 0 0.7071068 0 0.7071068 13.8889 0
7.1528 SecondCar -12.85355 0.025 2.97 0 90 0 0 0.7071068 0 0.7071068 13.8889 0
7.1532 Head 0 1.6 0.78 357.45 314.4 0 -0.02051249 -0.3874197 -0.00862266 0.9216349
7.1532 FirstCar 19.35066 0.025 2.97 0 90 0 0 0.7071068 0 0.7071068 13.8889 0
7.1532 SecondCar -12.84755 0.025 2.97 0 90 0 0 0.7071068 0 0.7071068 13.8889 0
7.1536 Head 0 1.6 0.78 357.45 314.4 0 -0.02051249 -0.3874197 -0.00862266 0.9216349
7.1536 FirstCar 19.35609 0.025 2.97 0 90 0 0 0.7071068 0 0.7071068 13.8889 0
7.1536 SecondCar -12.84212 0.025 2.97 0 90 0 0 0.7071068 0 0.7071068 13.8889 0
7.1540 Head 0 1.6 0.78 357.45 314.4 0 -0.02051249 -0.3874197 -0.00862266 0.9216349
7.1540 FirstCar 19.36149 0.025 2.97 0 90 0 0 0.7071068 0 0.7071068 13.8889 0
7.1540 SecondCar -12.83673 0.025 2.97 0 90 0 0 0.7071068 0 0.7071068 13.8889 0
7.1544 Head 0 1.6 0.78 357.45 314.4 0 -0.02051249 -0.3874197 -0.00862266 0.9216349
7.1544 FirstCar 19.3667 0.025 2.97 0 90 0 0 0.7071068 0 0.7071068 13.8889 0
7.1544 SecondCar -12.83152 0.025 2.97 0 90 0 0 0.7071068 0 0.7071068 13.8889 0
7.1548 Head 0 1.6 0.78 357.45 314.4 0 -0.02051249 -0.3874197 -0.00862266 0.9216349
7.1548 FirstCar 19.37191 0.025 2.97 0 90 0 0 0.7071068 0 0.7071068 13.8889 0
7.1548 SecondCar -12.82631 0.025 2.97 0 90 0 0 0.7071068 0 0.7071068 13.8889 0
7.1551 Head 0 1.6 0.78 357.45 314.4 0 -0.02051249 -0.3874197 -0.00862266 0.9216349
7.1551 FirstCar 19.3771 0.025 2.97 0 90 0 0 0.7071068 0 0.7071068 13.8889 0
7.1551 SecondCar -12.82112 0.025 2.97 0 90 0 0 0.7071068 0 0.7071068 13.8889 0
7.1555 Head 0 1.6 0.78 357.45 314.4 0 -0.02051249 -0.3874197 -0.00862266 0.9216349
7.1555 FirstCar 19.38222 0.025 2.97 0 90 0 0 0.7071068 0 0.7071068 13.8889 0
7.1555 SecondCar -12.81599 0.025 2.97 0 90 0 0 0.7071068 0 0.7071068 13.8889 0
7.1559 Head 0 1.6 0.78 357.45 314.4 0 -0.02051249 -0.3874197 -0.00862266 0.9216349
7.1559 FirstCar 19.38726 0.025 2.97 0 90 0 0 0.7071068 0 0.7071068 13.8889 0
7.1559 SecondCar -12.81095 0.025 2.97 0 90 0 0 0.7071068 0 0.7071068 13.8889 0
7.1563 Head 0 1.6 0.78 357.45 314.4 0 -0.02051249 -0.3874197 -0.00862266 0.9216349
7.1563 FirstCar 19.39281 0.025 2.97 0 90 0 0 0.7071068 0 0.7071068 13.8889 0
7.1563 SecondCar -12.8054 0.025 2.97 0 90 0 0 0.7071068 0 0.7071068 13.8889 0
7.1566 Head 0 1.6 0.78 357.45 314.4 0 -0.02051249 -0.3874197 -0.00862266 0.9216349
7.1566 FirstCar 19.39781 0.025 2.97 0 90 0 0 0.7071068 0 0.7071068 13.8889 0
7.1566 SecondCar -12.80041 0.025 2.97 0 90 0 0 0.7071068 0 0.7071068 13.8889 0
7.1570 Head 0 1.6 0.78 357.45 314.4 0 -0.02051249 -0.3874197 -0.00862266 0.9216349
7.1570 FirstCar 19.40284 0.025 2.97 0 90 0 0 0.7071068 0 0.7071068 13.8889 0
7.1570 SecondCar -12.79537 0.025 2.97 0 90 0 0 0.7071068 0 0.7071068 13.8889 0
7.1574 Head 0 1.6 0.78 357.45 314.4 0 -0.02051249 -0.3874197 -0.00862266 0.9216349
7.1574 FirstCar 19.40911 0.025 2.97 0 90 0 0 0.7071068 0 0.7071068 13.8889 0
7.1574 SecondCar -12.7891 0.025 2.97 0 90 0 0 0.7071068 0 0.7071068 13.8889 0
7.1579 Head 0 1.6 0.78 357.45 314.4 0 -0.02051249 -0.3874197 -0.00862266 0.9216349
7.1579 FirstCar 19.41549 0.025 2.97 0 90 0 0 0.7071068 0 0.7071068 13.8889 0
7.1579 SecondCar -12.78273 0.025 2.97 0 90 0 0 0.7071068 0 0.7071068 13.8889 0
7.1584 Head 0 1.6 0.78 357.45 314.4 0 -0.02051249 -0.3874197 -0.00862266 0.9216349
7.1584 FirstCar 19.42164 0.025 2.97 0 90 0 0 0.7071068 0 0.7071068 13.8889 0
7.1584 SecondCar -12.77657 0.025 2.97 0 90 0 0 0.7071068 0 0.7071068 13.8889 0
7.1587 Head 0 1.6 0.78 357.45 314.4 0 -0.02051249 -0.3874197 -0.00862266 0.9216349
7.1587 FirstCar 19.42683 0.025 2.97 0 90 0 0 0.7071068 0 0.7071068 13.8889 0
7.1587 SecondCar -12.77138 0.025 2.97 0 90 0 0 0.7071068 0 0.7071068 13.8889 0
7.1591 Head 0 1.6 0.78 357.45 314.4 0 -0.02051249 -0.3874197 -0.00862266 0.9216349
7.1591 FirstCar 19.43179 0.025 2.97 0 90 0 0 0.7071068 0 0.7071068 13.8889 0
7.1591 SecondCar -12.76642 0.025 2.97 0 90 0 0 0.7071068 0 0.7071068 13.8889 0
7.1595 Head 0 1.6 0.78 357.45 314.4 0 -0.02051249 -0.3874197 -0.00862266 0.9216349
7.1595 FirstCar 19.43695 0.025 2.97 0 90 0 0 0.7071068 0 0.7071068 13.8889 0
7.1595 SecondCar -12.76127 0.025 2.97 0 90 0 0 0.7071068 0 0.7071068 13.8889 0
7.1598 Head 0 1.6 0.78 357.45 314.4 0 -0.02051249 -0.3874197 -0.00862266 0.9216349
7.1598 FirstCar 19.44225 0.025 2.97 0 90 0 0 0.7071068 0 0.7071068 13.8889 0
7.1598 SecondCar -12.75597 0.025 2.97 0 90 0 0 0.7071068 0 0.7071068 13.8889 0
7.1602 Head 0 1.6 0.78 357.45 314.4 0 -0.02051249 -0.3874197 -0.00862266 0.9216349
7.1602 FirstCar 19.44755 0.025 2.97 0 90 0 0 0.7071068 0 0.7071068 13.8889 0
7.1602 SecondCar -12.75066 0.025 2.97 0 90 0 0 0.7071068 0 0.7071068 13.8889 0
7.1606 Head 0 1.6 0.78 357.45 314.4 0 -0.02051249 -0.3874197 -0.00862266 0.9216349
7.1606 FirstCar 19.45302 0.025 2.97 0 90 0 0 0.7071068 0 0.7071068 13.8889 0
7.1606 SecondCar -12.7452 0.025 2.97 0 90 0 0 0.7071068 0 0.7071068 13.8889 0
7.1610 Head 0 1.6 0.78 357.45 314.4 0 -0.02051249 -0.3874197 -0.00862266 0.9216349
7.1610 FirstCar 19.45803 0.025 2.97 0 90 0 0 0.7071068 0 0.7071068 13.8889 0
7.1610 SecondCar -12.74018 0.025 2.97 0 90 0 0 0.7071068 0 0.7071068 13.8889 0
7.1613 Head 0 1.6 0.78 357.45 314.4 0 -0.02051249 -0.3874197 -0.00862266 0.9216349
7.1613 FirstCar 19.463 0.025 2.97 0 90 0 0 0.7071068 0 0.7071068 13.8889 0
7.1613 SecondCar -12.73522 0.025 2.97 0 90 0 0 0.7071068 0 0.7071068 13.8889 0
7.1617 Head 0 1.6 0.78 357.45 314.4 0 -0.02051249 -0.3874197 -0.00862266 0.9216349
7.1617 FirstCar 19.46819 0.025 2.97 0 90 0 0 0.7071068 0 0.7071068 13.8889 0
7.1617 SecondCar -12.73003 0.025 2.97 0 90 0 0 0.7071068 0 0.7071068 13.8889 0
7.1621 Head 0 1.6 0.78 357.45 314.4 0 -0.02051249 -0.3874197 -0.00862266 0.9216349
7.1621 FirstCar 19.47348 0.025 2.97 0 90 0 0 0.7071068 0 0.7071068 13.8889 0
7.1621 SecondCar -12.72474 0.025 2.97 0 90 0 0 0.7071068 0 0.7071068 13.8889 0
7.1624 Head 0 1.6 0.78 357.45 314.4 0 -0.02051249 -0.3874197 -0.00862266 0.9216349
7.1624 FirstCar 19.47831 0.025 2.97 0 90 0 0 0.7071068 0 0.7071068 13.8889 0
7.1624 SecondCar -12.71991 0.025 2.97 0 90 0 0 0.7071068 0 0.7071068 13.8889 0
7.1628 Head 0 1.6 0.78 357.45 314.4 0 -0.02051249 -0.3874197 -0.00862266 0.9216349
7.1628 FirstCar 19.48347 0.025 2.97 0 90 0 0 0.7071068 0 0.7071068 13.8889 0
7.1628 SecondCar -12.71474 0.025 2.97 0 90 0 0 0.7071068 0 0.7071068 13.8889 0
7.1632 Head 0 1.6 0.78 357.45 314.4 0 -0.02051249 -0.3874197 -0.00862266 0.9216349
7.1632 FirstCar 19.48847 0.025 2.97 0 90 0 0 0.7071068 0 0.7071068 13.8889 0
7.1632 SecondCar -12.70975 0.025 2.97 0 90 0 0 0.7071068 0 0.7071068 13.8889 0
7.1635 Head 0 1.6 0.78 357.45 314.4 0 -0.02051249 -0.3874197 -0.00862266 0.9216349
7.1635 FirstCar 19.49369 0.025 2.97 0 90 0 0 0.7071068 0 0.7071068 13.8889 0
7.1635 SecondCar -12.70452 0.025 2.97 0 90 0 0 0.7071068 0 0.7071068 13.8889 0
7.1640 Head 0 1.6 0.78 357.45 314.4 0 -0.02051249 -0.3874197 -0.00862266 0.9216349
7.1640 FirstCar 19.49957 0.025 2.97 0 90 0 0 0.7071068 0 0.7071068 13.8889 0
7.1640 SecondCar -12.69864 0.025 2.97 0 90 0 0 0.7071068 0 0.7071068 13.8889 0
7.1643 Head 0 1.6 0.78 357.45 314.4 0 -0.02051249 -0.3874197 -0.00862266 0.9216349
7.1643 FirstCar 19.50492 0.025 2.97 0 90 0 0 0.7071068 0 0.7071068 13.8889 0
7.1643 SecondCar -12.69329 0.025 2.97 0 90 0 0 0.7071068 0 0.7071068 13.8889 0
7.1647 Head 0 1.6 0.78 357.45 314.4 0 -0.02051249 -0.3874197 -0.00862266 0.9216349
7.1647 FirstCar 19.50992 0.025 2.97 0 90 0 0 0.7071068 0 0.7071068 13.8889 0
7.1647 SecondCar -12.68829 0.025 2.97 0 90 0 0 0.7071068 0 0.7071068 13.8889 0
7.1651 Head 0 1.6 0.78 357.45 314.4 0 -0.02051249 -0.3874197 -0.00862266 0.9216349
7.1651 FirstCar 19.51486 0.025 2.97 0 90 0 0 0.7071068 0 0.7071068 13.8889 0
7.1651 SecondCar -12.68335 0.025 2.97 0 90 0 0 0.7071068 0 0.7071068 13.8889 0
7.1654 Head 0 1.6 0.78 357.45 314.4 0 -0.02051249 -0.3874197 -0.00862266 0.9216349
7.1654 FirstCar 19.51987 0.025 2.97 0 90 0 0 0.7071068 0 0.7071068 13.8889 0
7.1654 SecondCar -12.67834 0.025 2.97 0 90 0 0 0.7071068 0 0.7071068 13.8889 0
7.1658 Head 0 1.6 0.78 357.45 314.4 0 -0.02051249 -0.3874197 -0.00862266 0.9216349
7.1658 FirstCar 19.52493 0.025 2.97 0 90 0 0 0.7071068 0 0.7071068 13.8889 0
7.1658 SecondCar -12.67328 0.025 2.97 0 90 0 0 0.7071068 0 0.7071068 13.8889 0
7.1661 Head 0 1.6 0.78 357.45 314.4 0 -0.02051249 -0.3874197 -0.00862266 0.9216349
7.1661 FirstCar 19.5299 0.025 2.97 0 90 0 0 0.7071068 0 0.7071068 13.8889 0
7.1661 SecondCar -12.66831 0.025 2.97 0 90 0 0 0.7071068 0 0.7071068 13.8889 0
7.1665 Head 0 1.6 0.78 357.45 314.4 0 -0.02051249 -0.3874197 -0.00862266 0.9216349
7.1665 FirstCar 19.5349 0.025 2.97 0 90 0 0 0.7071068 0 0.7071068 13.8889 0
7.1665 SecondCar -12.66331 0.025 2.97 0 90 0 0 0.7071068 0 0.7071068 13.8889 0
7.1669 Head 0 1.6 0.78 357.45 314.4 0 -0.02051249 -0.3874197 -0.00862266 0.9216349
7.1669 FirstCar 19.5401 0.025 2.97 0 90 0 0 0.7071068 0 0.7071068 13.8889 0
7.1669 SecondCar -12.65811 0.025 2.97 0 90 0 0 0.7071068 0 0.7071068 13.8889 0
7.1673 Head 0 1.6 0.78 357.45 314.4 0 -0.02051249 -0.3874197 -0.00862266 0.9216349
7.1673 FirstCar 19.54528 0.025 2.97 0 90 0 0 0.7071068 0 0.7071068 13.8889 0
7.1673 SecondCar -12.65293 0.025 2.97 0 90 0 0 0.7071068 0 0.7071068 13.8889 0
7.1676 Head 0 1.6 0.78 357.45 314.4 0 -0.02051249 -0.3874197 -0.00862266 0.9216349
7.1676 FirstCar 19.5503 0.025 2.97 0 90 0 0 0.7071068 0 0.7071068 13.8889 0
7.1676 SecondCar -12.64791 0.025 2.97 0 90 0 0 0.7071068 0 0.7071068 13.8889 0
7.1680 Head 0 1.6 0.78 357.45 314.4 0 -0.02051249 -0.3874197 -0.00862266 0.9216349
7.1680 FirstCar 19.55559 0.025 2.97 0 90 0 0 0.7071068 0 0.7071068 13.8889 0
7.1680 SecondCar -12.64262 0.025 2.97 0 90 0 0 0.7071068 0 0.7071068 13.8889 0
7.1684 Head 0 1.6 0.78 357.45 314.4 0 -0.02051249 -0.3874197 -0.00862266 0.9216349
7.1684 FirstCar 19.5612 0.025 2.97 0 90 0 0 0.7071068 0 0.7071068 13.8889 0
7.1684 SecondCar -12.63701 0.025 2.97 0 90 0 0 0.7071068 0 0.7071068 13.8889 0
7.1691 Head 0 1.6 0.78 357.45 314.4 0 -0.02051249 -0.3874197 -0.00862266 0.9216349
7.1691 FirstCar 19.57096 0.025 2.97 0 90 0 0 0.7071068 0 0.7071068 13.8889 0
7.1691 SecondCar -12.62725 0.025 2.97 0 90 0 0 0.7071068 0 0.7071068 13.8889 0
7.1696 Head 0 1.6 0.78 357.45 314.4 0 -0.02051249 -0.3874197 -0.00862266 0.9216349
7.1696 FirstCar 19.57733 0.025 2.97 0 90 0 0 0.7071068 0 0.7071068 13.8889 0
7.1696 SecondCar -12.62088 0.025 2.97 0 90 0 0 0.7071068 0 0.7071068 13.8889 0
7.1700 Head 0 1.6 0.78 357.45 314.4 0 -0.02051249 -0.3874197 -0.00862266 0.9216349
7.1700 FirstCar 19.58357 0.025 2.97 0 90 0 0 0.7071068 0 0.7071068 13.8889 0
7.1700 SecondCar -12.61465 0.025 2.97 0 90 0 0 0.7071068 0 0.7071068 13.8889 0
7.1705 Head 0 1.6 0.78 357.45 314.4 0 -0.02051249 -0.3874197 -0.00862266 0.9216349
7.1705 FirstCar 19.58981 0.025 2.97 0 90 0 0 0.7071068 0 0.7071068 13.8889 0
7.1705 SecondCar -12.6084 0.025 2.97 0 90 0 0 0.7071068 0 0.7071068 13.8889 0
7.1709 Head 0 1.6 0.78 357.45 314.4 0 -0.02051249 -0.3874197 -0.00862266 0.9216349
7.1709 FirstCar 19.59612 0.025 2.97 0 90 0 0 0.7071068 0 0.7071068 13.8889 0
7.1709 SecondCar -12.60209 0.025 2.97 0 90 0 0 0.7071068 0 0.7071068 13.8889 0
7.1713 Head 0 1.6 0.78 357.45 314.4 0 -0.02051249 -0.3874197 -0.00862266 0.9216349
7.1713 FirstCar 19.60167 0.025 2.97 0 90 0 0 0.7071068 0 0.7071068 13.8889 0
7.1713 SecondCar -12.59654 0.025 2.97 0 90 0 0 0.7071068 0 0.7071068 13.8889 0
7.1717 Head 0 1.6 0.78 357.45 314.4 0 -0.02051249 -0.3874197 -0.00862266 0.9216349
7.1717 FirstCar 19.60703 0.025 2.97 0 90 0 0 0.7071068 0 0.7071068 13.8889 0
7.1717 SecondCar -12.59119 0.025 2.97 0 90 0 0 0.7071068 0 0.7071068 13.8889 0
7.1721 Head 0 1.6 0.78 357.45 314.4 0 -0.02051249 -0.3874197 -0.00862266 0.9216349
7.1721 FirstCar 19.61257 0.025 2.97 0 90 0 0 0.7071068 0 0.7071068 13.8889 0
7.1721 SecondCar -12.58564 0.025 2.97 0 90 0 0 0.7071068 0 0.7071068 13.8889 0
7.1725 Head 0 1.6 0.78 357.45 314.4 0 -0.02051249 -0.3874197 -0.00862266 0.9216349
7.1725 FirstCar 19.61811 0.025 2.97 0 90 0 0 0.7071068 0 0.7071068 13.8889 0
7.1725 SecondCar -12.5801 0.025 2.97 0 90 0 0 0.7071068 0 0.7071068 13.8889 0
7.1729 Head 0 1.6 0.78 357.45 314.4 0 -0.02051249 -0.3874197 -0.00862266 0.9216349
7.1729 FirstCar 19.62406 0.025 2.97 0 90 0 0 0.7071068 0 0.7071068 13.8889 0
7.1729 SecondCar -12.57415 0.025 2.97 0 90 0 0 0.7071068 0 0.7071068 13.8889 0
7.1734 Head 0 1.6 0.78 357.45 314.4 0 -0.02051249 -0.3874197 -0.00862266 0.9216349
7.1734 FirstCar 19.63039 0.025 2.97 0 90 0 0 0.7071068 0 0.7071068 13.8889 0
7.1734 SecondCar -12.56782 0.025 2.97 0 90 0 0 0.7071068 0 0.7071068 13.8889 0
7.1739 Head 0 1.6 0.78 357.45 314.4 0 -0.02051249 -0.3874197 -0.00862266 0.9216349
7.1739 FirstCar 19.63711 0.025 2.97 0 90 0 0 0.7071068 0 0.7071068 13.8889 0
7.1739 SecondCar -12.5611 0.025 2.97 0 90 0 0 0.7071068 0 0.7071068 13.8889 0
7.1743 Head 0 1.6 0.78 357.45 314.4 0 -0.02051249 -0.3874197 -0.00862266 0.9216349
7.1743 FirstCar 19.64261 0.025 2.97 0 90 0 0 0.7071068 0 0.7071068 13.8889 0
7.1743 SecondCar -12.5556 0.025 2.97 0 90 0 0 0.7071068 0 0.7071068 13.8889 0
7.1746 Head 0 1.6 0.78 357.45 314.4 0 -0.02051249 -0.3874197 -0.00862266 0.9216349
7.1746 FirstCar 19.64781 0.025 2.97 0 90 0 0 0.7071068 0 0.7071068 13.8889 0
7.1746 SecondCar -12.5504 0.025 2.97 0 90 0 0 0.7071068 0 0.7071068 13.8889 0
7.1750 Head 0 1.6 0.78 357.45 314.4 0 -0.02051249 -0.3874197 -0.00862266 0.9216349
7.1750 FirstCar 19.65321 0.025 2.97 0 90 0 0 0.7071068 0 0.7071068 13.8889 0
7.1750 SecondCar -12.545 0.025 2.97 0 90 0 0 0.7071068 0 0.7071068 13.8889 0
7.1754 Head 0 1.6 0.78 357.45 314.4 0 -0.02051249 -0.3874197 -0.00862266 0.9216349
7.1754 FirstCar 19.65836 0.025 2.97 0 90 0 0 0.7071068 0 0.7071068 13.8889 0
7.1754 SecondCar -12.53986 0.025 2.97 0 90 0 0 0.7071068 0 0.7071068 13.8889 0
7.1758 Head 0 1.6 0.78 357.45 314.4 0 -0.02051249 -0.3874197 -0.00862266 0.9216349
7.1758 FirstCar 19.66353 0.025 2.97 0 90 0 0 0.7071068 0 0.7071068 13.8889 0
7.1758 SecondCar -12.53468 0.025 2.97 0 90 0 0 0.7071068 0 0.7071068 13.8889 0
7.1761 Head 0 1.6 0.78 357.45 314.4 0 -0.02051249 -0.3874197 -0.00862266 0.9216349
7.1761 FirstCar 19.66877 0.025 2.97 0 90 0 0 0.7071068 0 0.7071068 13.8889 0
7.1761 SecondCar -12.52944 0.025 2.97 0 90 0 0 0.7071068 0 0.7071068 13.8889 0
7.1766 Head 0 1.6 0.78 357.45 314.4 0 -0.02051249 -0.3874197 -0.00862266 0.9216349
7.1766 FirstCar 19.67451 0.025 2.97 0 90 0 0 0.7071068 0 0.7071068 13.8889 0
7.1766 SecondCar -12.52371 0.025 2.97 0 90 0 0 0.7071068 0 0.7071068 13.8889 0
7.1769 Head 0 1.6 0.78 357.45 314.4 0 -0.02051249 -0.3874197 -0.00862266 0.9216349
7.1769 FirstCar 19.6796 0.025 2.97 0 90 0 0 0.7071068 0 0.7071068 13.8889 0
7.1769 SecondCar -12.51861 0.025 2.97 0 90 0 0 0.7071068 0 0.7071068 13.8889 0
7.1773 Head 0 1.6 0.78 357.45 314.4 0 -0.02051249 -0.3874197 -0.00862266 0.9216349
7.1773 FirstCar 19.68452 0.025 2.97 0 90 0 0 0.7071068 0 0.7071068 13.8889 0
7.1773 SecondCar -12.51369 0.025 2.97 0 90 0 0 0.7071068 0 0.7071068 13.8889 0
7.1776 Head 0 1.6 0.78 357.45 314.4 0 -0.02051249 -0.3874197 -0.00862266 0.9216349
7.1776 FirstCar 19.68955 0.025 2.97 0 90 0 0 0.7071068 0 0.7071068 13.8889 0
7.1776 SecondCar -12.50866 0.025 2.97 0 90 0 0 0.7071068 0 0.7071068 13.8889 0
7.1780 Head 0 1.6 0.78 357.45 314.4 0 -0.02051249 -0.3874197 -0.00862266 0.9216349
7.1780 FirstCar 19.69456 0.025 2.97 0 90 0 0 0.7071068 0 0.7071068 13.8889 0
7.1780 SecondCar -12.50365 0.025 2.97 0 90 0 0 0.7071068 0 0.7071068 13.8889 0
7.1784 Head 0 1.6 0.78 357.45 314.4 0 -0.02051249 -0.3874197 -0.00862266 0.9216349
7.1784 FirstCar 19.70064 0.025 2.97 0 90 0 0 0.7071068 0 0.7071068 13.8889 0
7.1784 SecondCar -12.49757 0.025 2.97 0 90 0 0 0.7071068 0 0.7071068 13.8889 0
7.1788 Head 0 1.6 0.78 357.45 314.4 0 -0.02051249 -0.3874197 -0.00862266 0.9216349
7.1788 FirstCar 19.70569 0.025 2.97 0 90 0 0 0.7071068 0 0.7071068 13.8889 0
7.1788 SecondCar -12.49252 0.025 2.97 0 90 0 0 0.7071068 0 0.7071068 13.8889 0
7.1792 Head 0 1.6 0.78 357.45 314.4 0 -0.02051249 -0.3874197 -0.00862266 0.9216349
7.1792 FirstCar 19.71075 0.025 2.97 0 90 0 0 0.7071068 0 0.7071068 13.8889 0
7.1792 SecondCar -12.48746 0.025 2.97 0 90 0 0 0.7071068 0 0.7071068 13.8889 0
7.1796 Head 0 1.6 0.78 357.45 314.4 0 -0.02051249 -0.3874197 -0.00862266 0.9216349
7.1796 FirstCar 19.71656 0.025 2.97 0 90 0 0 0.7071068 0 0.7071068 13.8889 0
7.1796 SecondCar -12.48165 0.025 2.97 0 90 0 0 0.7071068 0 0.7071068 13.8889 0
7.1800 Head 0 1.6 0.78 357.45 314.4 0 -0.02051249 -0.3874197 -0.00862266 0.9216349
7.1800 FirstCar 19.72169 0.025 2.97 0 90 0 0 0.7071068 0 0.7071068 13.8889 0
7.1800 SecondCar -12.47653 0.025 2.97 0 90 0 0 0.7071068 0 0.7071068 13.8889 0
7.1803 Head 0 1.6 0.78 357.45 314.4 0 -0.02051249 -0.3874197 -0.00862266 0.9216349
7.1803 FirstCar 19.72683 0.025 2.97 0 90 0 0 0.7071068 0 0.7071068 13.8889 0
7.1803 SecondCar -12.47138 0.025 2.97 0 90 0 0 0.7071068 0 0.7071068 13.8889 0
7.1807 Head 0 1.6 0.78 357.45 314.4 0 -0.02051249 -0.3874197 -0.00862266 0.9216349
7.1807 FirstCar 19.73182 0.025 2.97 0 90 0 0 0.7071068 0 0.7071068 13.8889 0
7.1807 SecondCar -12.46639 0.025 2.97 0 90 0 0 0.7071068 0 0.7071068 13.8889 0
7.1811 Head 0 1.6 0.78 357.45 314.4 0 -0.02051249 -0.3874197 -0.00862266 0.9216349
7.1811 FirstCar 19.73701 0.025 2.97 0 90 0 0 0.7071068 0 0.7071068 13.8889 0
7.1811 SecondCar -12.4612 0.025 2.97 0 90 0 0 0.7071068 0 0.7071068 13.8889 0
7.1814 Head 0 1.6 0.78 357.45 314.4 0 -0.02051249 -0.3874197 -0.00862266 0.9216349
7.1814 FirstCar 19.74195 0.025 2.97 0 90 0 0 0.7071068 0 0.7071068 13.8889 0
7.1814 SecondCar -12.45626 0.025 2.97 0 90 0 0 0.7071068 0 0.7071068 13.8889 0
7.1818 Head 0 1.6 0.78 357.45 314.4 0 -0.02051249 -0.3874197 -0.00862266 0.9216349
7.1818 FirstCar 19.74746 0.025 2.97 0 90 0 0 0.7071068 0 0.7071068 13.8889 0
7.1818 SecondCar -12.45076 0.025 2.97 0 90 0 0 0.7071068 0 0.7071068 13.8889 0
7.1822 Head 0 1.6 0.78 357.45 314.4 0 -0.02051249 -0.3874197 -0.00862266 0.9216349
7.1822 FirstCar 19.75296 0.025 2.97 0 90 0 0 0.7071068 0 0.7071068 13.8889 0
7.1822 SecondCar -12.44525 0.025 2.97 0 90 0 0 0.7071068 0 0.7071068 13.8889 0
7.1826 Head 0 1.6 0.78 357.45 314.4 0 -0.02051249 -0.3874197 -0.00862266 0.9216349
7.1826 FirstCar 19.75798 0.025 2.97 0 90 0 0 0.7071068 0 0.7071068 13.8889 0
7.1826 SecondCar -12.44023 0.025 2.97 0 90 0 0 0.7071068 0 0.7071068 13.8889 0
7.1829 Head 0 1.6 0.78 357.45 314.4 0 -0.02051249 -0.3874197 -0.00862266 0.9216349
7.1829 FirstCar 19.76323 0.025 2.97 0 90 0 0 0.7071068 0 0.7071068 13.8889 0
7.1829 SecondCar -12.43498 0.025 2.97 0 90 0 0 0.7071068 0 0.7071068 13.8889 0
7.1833 Head 0 1.6 0.78 357.45 314.4 0 -0.02051249 -0.3874197 -0.00862266 0.9216349
7.1833 FirstCar 19.76818 0.025 2.97 0 90 0 0 0.7071068 0 0.7071068 13.8889 0
7.1833 SecondCar -12.43003 0.025 2.97 0 90 0 0 0.7071068 0 0.7071068 13.8889 0
7.1837 Head 0 1.6 0.78 357.45 314.4 0 -0.02051249 -0.3874197 -0.00862266 0.9216349
7.1837 FirstCar 19.77344 0.025 2.97 0 90 0 0 0.7071068 0 0.7071068 13.8889 0
7.1837 SecondCar -12.42478 0.025 2.97 0 90 0 0 0.7071068 0 0.7071068 13.8889 0
7.1841 Head 0 1.6 0.78 357.45 314.4 0 -0.02051249 -0.3874197 -0.00862266 0.9216349
7.1841 FirstCar 19.77968 0.025 2.97 0 90 0 0 0.7071068 0 0.7071068 13.8889 0
7.1841 SecondCar -12.41853 0.025 2.97 0 90 0 0 0.7071068 0 0.7071068 13.8889 0
7.1845 Head 0 1.6 0.78 357.45 314.4 0 -0.02051249 -0.3874197 -0.00862266 0.9216349
7.1845 FirstCar 19.78469 0.025 2.97 0 90 0 0 0.7071068 0 0.7071068 13.8889 0
7.1845 SecondCar -12.41352 0.025 2.97 0 90 0 0 0.7071068 0 0.7071068 13.8889 0
7.1850 Head 0 1.6 0.78 357.45 314.4 0 -0.02051249 -0.3874197 -0.00862266 0.9216349
7.1850 FirstCar 19.79212 0.025 2.97 0 90 0 0 0.7071068 0 0.7071068 13.8889 0
7.1850 SecondCar -12.40609 0.025 2.97 0 90 0 0 0.7071068 0 0.7071068 13.8889 0
7.1854 Head 0 1.6 0.78 357.45 314.4 0 -0.02051249 -0.3874197 -0.00862266 0.9216349
7.1854 FirstCar 19.79798 0.025 2.97 0 90 0 0 0.7071068 0 0.7071068 13.8889 0
7.1854 SecondCar -12.40023 0.025 2.97 0 90 0 0 0.7071068 0 0.7071068 13.8889 0
7.1858 Head 0 1.6 0.78 357.45 314.4 0 -0.02051249 -0.3874197 -0.00862266 0.9216349
7.1858 FirstCar 19.80331 0.025 2.97 0 90 0 0 0.7071068 0 0.7071068 13.8889 0
7.1858 SecondCar -12.3949 0.025 2.97 0 90 0 0 0.7071068 0 0.7071068 13.8889 0
7.1862 Head 0 1.6 0.78 357.45 314.4 0 -0.02051249 -0.3874197 -0.00862266 0.9216349
7.1862 FirstCar 19.80891 0.025 2.97 0 90 0 0 0.7071068 0 0.7071068 13.8889 0
7.1862 SecondCar -12.3893 0.025 2.97 0 90 0 0 0.7071068 0 0.7071068 13.8889 0
7.1866 Head 0 1.6 0.78 357.45 314.4 0 -0.02051249 -0.3874197 -0.00862266 0.9216349
7.1866 FirstCar 19.81388 0.025 2.97 0 90 0 0 0.7071068 0 0.7071068 13.8889 0
7.1866 SecondCar -12.38433 0.025 2.97 0 90 0 0 0.7071068 0 0.7071068 13.8889 0
7.1870 Head 0 1.6 0.78 357.45 314.4 0 -0.02051249 -0.3874197 -0.00862266 0.9216349
7.1870 FirstCar 19.81887 0.025 2.97 0 90 0 0 0.7071068 0 0.7071068 13.8889 0
7.1870 SecondCar -12.37935 0.025 2.97 0 90 0 0 0.7071068 0 0.7071068 13.8889 0
7.1874 Head 0 1.6 0.78 357.45 314.4 0 -0.02051249 -0.3874197 -0.00862266 0.9216349
7.1874 FirstCar 19.82459 0.025 2.97 0 90 0 0 0.7071068 0 0.7071068 13.8889 0
7.1874 SecondCar -12.37363 0.025 2.97 0 90 0 0 0.7071068 0 0.7071068 13.8889 0
7.1877 Head 0 1.6 0.78 357.45 314.4 0 -0.02051249 -0.3874197 -0.00862266 0.9216349
7.1877 FirstCar 19.82947 0.025 2.97 0 90 0 0 0.7071068 0 0.7071068 13.8889 0
7.1877 SecondCar -12.36874 0.025 2.97 0 90 0 0 0.7071068 0 0.7071068 13.8889 0
7.1881 Head 0 1.6 0.78 357.45 314.4 0 -0.02051249 -0.3874197 -0.00862266 0.9216349
7.1881 FirstCar 19.83434 0.025 2.97 0 90 0 0 0.7071068 0 0.7071068 13.8889 0
7.1881 SecondCar -12.36387 0.025 2.97 0 90 0 0 0.7071068 0 0.7071068 13.8889 0
7.1886 Head 0 1.6 0.78 357.45 314.4 0 -0.02051249 -0.3874197 -0.00862266 0.9216349
7.1886 FirstCar 19.84113 0.025 2.97 0 90 0 0 0.7071068 0 0.7071068 13.8889 0
7.1886 SecondCar -12.35708 0.025 2.97 0 90 0 0 0.7071068 0 0.7071068 13.8889 0
7.1893 Head 0 1.6 0.78 357.45 314.4 0 -0.02051249 -0.3874197 -0.00862266 0.9216349
7.1893 FirstCar 19.85123 0.025 2.97 0 90 0 0 0.7071068 0 0.7071068 13.8889 0
7.1893 SecondCar -12.34698 0.025 2.97 0 90 0 0 0.7071068 0 0.7071068 13.8889 0
7.1897 Head 0 1.6 0.78 357.45 314.4 0 -0.02051249 -0.3874197 -0.00862266 0.9216349
7.1897 FirstCar 19.8573 0.025 2.97 0 90 0 0 0.7071068 0 0.7071068 13.8889 0
7.1897 SecondCar -12.34091 0.025 2.97 0 90 0 0 0.7071068 0 0.7071068 13.8889 0
7.1901 Head 0 1.6 0.78 357.45 314.4 0 -0.02051249 -0.3874197 -0.00862266 0.9216349
7.1901 FirstCar 19.86272 0.025 2.97 0 90 0 0 0.7071068 0 0.7071068 13.8889 0
7.1901 SecondCar -12.3355 0.025 2.97 0 90 0 0 0.7071068 0 0.7071068 13.8889 0
7.1905 Head 0 1.6 0.78 357.45 314.4 0 -0.02051249 -0.3874197 -0.00862266 0.9216349
7.1905 FirstCar 19.86791 0.025 2.97 0 90 0 0 0.7071068 0 0.7071068 13.8889 0
7.1905 SecondCar -12.3303 0.025 2.97 0 90 0 0 0.7071068 0 0.7071068 13.8889 0
7.1909 Head 0 1.6 0.78 357.45 314.4 0 -0.02051249 -0.3874197 -0.00862266 0.9216349
7.1909 FirstCar 19.87409 0.025 2.97 0 90 0 0 0.7071068 0 0.7071068 13.8889 0
7.1909 SecondCar -12.32412 0.025 2.97 0 90 0 0 0.7071068 0 0.7071068 13.8889 0
7.1913 Head 0 1.6 0.78 357.45 314.4 0 -0.02051249 -0.3874197 -0.00862266 0.9216349
7.1913 FirstCar 19.87989 0.025 2.97 0 90 0 0 0.7071068 0 0.7071068 13.8889 0
7.1913 SecondCar -12.31832 0.025 2.97 0 90 0 0 0.7071068 0 0.7071068 13.8889 0
7.1917 Head 0 1.6 0.78 357.45 314.4 0 -0.02051249 -0.3874197 -0.00862266 0.9216349
7.1917 FirstCar 19.88531 0.025 2.97 0 90 0 0 0.7071068 0 0.7071068 13.8889 0
7.1917 SecondCar -12.3129 0.025 2.97 0 90 0 0 0.7071068 0 0.7071068 13.8889 0
7.1921 Head 0 1.6 0.78 357.45 314.4 0 -0.02051249 -0.3874197 -0.00862266 0.9216349
7.1921 FirstCar 19.89055 0.025 2.97 0 90 0 0 0.7071068 0 0.7071068 13.8889 0
7.1921 SecondCar -12.30766 0.025 2.97 0 90 0 0 0.7071068 0 0.7071068 13.8889 0
7.1925 Head 0 1.6 0.78 357.45 314.4 0 -0.02051249 -0.3874197 -0.00862266 0.9216349
7.1925 FirstCar 19.89608 0.025 2.97 0 90 0 0 0.7071068 0 0.7071068 13.8889 0
7.1925 SecondCar -12.30214 0.025 2.97 0 90 0 0 0.7071068 0 0.7071068 13.8889 0
7.1929 Head 0 1.6 0.78 357.45 314.4 0 -0.02051249 -0.3874197 -0.00862266 0.9216349
7.1929 FirstCar 19.90088 0.025 2.97 0 90 0 0 0.7071068 0 0.7071068 13.8889 0
7.1929 SecondCar -12.29733 0.025 2.97 0 90 0 0 0.7071068 0 0.7071068 13.8889 0
7.1933 Head 0 1.6 0.78 357.45 314.4 0 -0.02051249 -0.3874197 -0.00862266 0.9216349
7.1933 FirstCar 19.90713 0.025 2.97 0 90 0 0 0.7071068 0 0.7071068 13.8889 0
7.1933 SecondCar -12.29109 0.025 2.97 0 90 0 0 0.7071068 0 0.7071068 13.8889 0
7.1937 Head 0 1.6 0.78 357.45 314.4 0 -0.02051249 -0.3874197 -0.00862266 0.9216349
7.1937 FirstCar 19.91287 0.025 2.97 0 90 0 0 0.7071068 0 0.7071068 13.8889 0
7.1937 SecondCar -12.28534 0.025 2.97 0 90 0 0 0.7071068 0 0.7071068 13.8889 0
7.1941 Head 0 1.6 0.78 357.45 314.4 0 -0.02051249 -0.3874197 -0.00862266 0.9216349
7.1941 FirstCar 19.91789 0.025 2.97 0 90 0 0 0.7071068 0 0.7071068 13.8889 0
7.1941 SecondCar -12.28032 0.025 2.97 0 90 0 0 0.7071068 0 0.7071068 13.8889 0
7.1945 Head 0 1.6 0.78 357.45 314.4 0 -0.02051249 -0.3874197 -0.00862266 0.9216349
7.1945 FirstCar 19.92332 0.025 2.97 0 90 0 0 0.7071068 0 0.7071068 13.8889 0
7.1945 SecondCar -12.27489 0.025 2.97 0 90 0 0 0.7071068 0 0.7071068 13.8889 0
7.1948 Head 0 1.6 0.78 357.45 314.4 0 -0.02051249 -0.3874197 -0.00862266 0.9216349
7.1948 FirstCar 19.92818 0.025 2.97 0 90 0 0 0.7071068 0 0.7071068 13.8889 0
7.1948 SecondCar -12.27003 0.025 2.97 0 90 0 0 0.7071068 0 0.7071068 13.8889 0
7.1952 Head 0 1.6 0.78 357.45 314.4 0 -0.02051249 -0.3874197 -0.00862266 0.9216349
7.1952 FirstCar 19.93309 0.025 2.97 0 90 0 0 0.7071068 0 0.7071068 13.8889 0
7.1952 SecondCar -12.26512 0.025 2.97 0 90 0 0 0.7071068 0 0.7071068 13.8889 0
7.1955 Head 0 1.6 0.78 357.45 314.4 0 -0.02051249 -0.3874197 -0.00862266 0.9216349
7.1955 FirstCar 19.93807 0.025 2.97 0 90 0 0 0.7071068 0 0.7071068 13.8889 0
7.1955 SecondCar -12.26014 0.025 2.97 0 90 0 0 0.7071068 0 0.7071068 13.8889 0
7.1959 Head 0 1.6 0.78 357.45 314.4 0 -0.02051249 -0.3874197 -0.00862266 0.9216349
7.1959 FirstCar 19.94365 0.025 2.97 0 90 0 0 0.7071068 0 0.7071068 13.8889 0
7.1959 SecondCar -12.25456 0.025 2.97 0 90 0 0 0.7071068 0 0.7071068 13.8889 0
7.1963 Head 0 1.6 0.78 357.45 314.4 0 -0.02051249 -0.3874197 -0.00862266 0.9216349
7.1963 FirstCar 19.94884 0.025 2.97 0 90 0 0 0.7071068 0 0.7071068 13.8889 0
7.1963 SecondCar -12.24937 0.025 2.97 0 90 0 0 0.7071068 0 0.7071068 13.8889 0
7.1967 Head 0 1.6 0.78 357.45 314.4 0 -0.02051249 -0.3874197 -0.00862266 0.9216349
7.1967 FirstCar 19.95391 0.025 2.97 0 90 0 0 0.7071068 0 0.7071068 13.8889 0
7.1967 SecondCar -12.2443 0.025 2.97 0 90 0 0 0.7071068 0 0.7071068 13.8889 0
7.1970 Head 0 1.6 0.78 357.45 314.4 0 -0.02051249 -0.3874197 -0.00862266 0.9216349
7.1970 FirstCar 19.95864 0.025 2.97 0 90 0 0 0.7071068 0 0.7071068 13.8889 0
7.1970 SecondCar -12.23957 0.025 2.97 0 90 0 0 0.7071068 0 0.7071068 13.8889 0
7.1974 Head 0 1.6 0.78 357.45 314.4 0 -0.02051249 -0.3874197 -0.00862266 0.9216349
7.1974 FirstCar 19.96374 0.025 2.97 0 90 0 0 0.7071068 0 0.7071068 13.8889 0
7.1974 SecondCar -12.23448 0.025 2.97 0 90 0 0 0.7071068 0 0.7071068 13.8889 0
7.1977 Head 0 1.6 0.78 357.45 314.4 0 -0.02051249 -0.3874197 -0.00862266 0.9216349
7.1977 FirstCar 19.96844 0.025 2.97 0 90 0 0 0.7071068 0 0.7071068 13.8889 0
7.1977 SecondCar -12.22977 0.025 2.97 0 90 0 0 0.7071068 0 0.7071068 13.8889 0
7.1981 Head 0 1.6 0.78 357.45 314.4 0 -0.02051249 -0.3874197 -0.00862266 0.9216349
7.1981 FirstCar 19.97348 0.025 2.97 0 90 0 0 0.7071068 0 0.7071068 13.8889 0
7.1981 SecondCar -12.22473 0.025 2.97 0 90 0 0 0.7071068 0 0.7071068 13.8889 0
7.1984 Head 0 1.6 0.78 357.45 314.4 0 -0.02051249 -0.3874197 -0.00862266 0.9216349
7.1984 FirstCar 19.97851 0.025 2.97 0 90 0 0 0.7071068 0 0.7071068 13.8889 0
7.1984 SecondCar -12.2197 0.025 2.97 0 90 0 0 0.7071068 0 0.7071068 13.8889 0
7.1988 Head 0 1.6 0.78 357.45 314.4 0 -0.02051249 -0.3874197 -0.00862266 0.9216349
7.1988 FirstCar 19.98324 0.025 2.97 0 90 0 0 0.7071068 0 0.7071068 13.8889 0
7.1988 SecondCar -12.21497 0.025 2.97 0 90 0 0 0.7071068 0 0.7071068 13.8889 0
7.1992 Head 0 1.6 0.78 357.45 314.4 0 -0.02051249 -0.3874197 -0.00862266 0.9216349
7.1992 FirstCar 19.98841 0.025 2.97 0 90 0 0 0.7071068 0 0.7071068 13.8889 0
7.1992 SecondCar -12.2098 0.025 2.97 0 90 0 0 0.7071068 0 0.7071068 13.8889 0
7.1995 Head 0 1.6 0.78 357.45 314.4 0 -0.02051249 -0.3874197 -0.00862266 0.9216349
7.1995 FirstCar 19.99337 0.025 2.97 0 90 0 0 0.7071068 0 0.7071068 13.8889 0
7.1995 SecondCar -12.20484 0.025 2.97 0 90 0 0 0.7071068 0 0.7071068 13.8889 0
7.1999 Head 0 1.6 0.78 357.45 314.4 0 -0.02051249 -0.3874197 -0.00862266 0.9216349
7.1999 FirstCar 19.99894 0.025 2.97 0 90 0 0 0.7071068 0 0.7071068 13.8889 0
7.1999 SecondCar -12.19927 0.025 2.97 0 90 0 0 0.7071068 0 0.7071068 13.8889 0
7.2003 Head 0 1.6 0.78 357.45 314.4 0 -0.02051249 -0.3874197 -0.00862266 0.9216349
7.2003 FirstCar 20.00397 0.025 2.97 0 90 0 0 0.7071068 0 0.7071068 13.8889 0
7.2003 SecondCar -12.19424 0.025 2.97 0 90 0 0 0.7071068 0 0.7071068 13.8889 0
7.2007 Head 0 1.6 0.78 357.45 314.4 0 -0.02051249 -0.3874197 -0.00862266 0.9216349
7.2007 FirstCar 20.00925 0.025 2.97 0 90 0 0 0.7071068 0 0.7071068 13.8889 0
7.2007 SecondCar -12.18896 0.025 2.97 0 90 0 0 0.7071068 0 0.7071068 13.8889 0
7.2010 Head 0 1.6 0.78 357.45 314.4 0 -0.02051249 -0.3874197 -0.00862266 0.9216349
7.2010 FirstCar 20.01422 0.025 2.97 0 90 0 0 0.7071068 0 0.7071068 13.8889 0
7.2010 SecondCar -12.18399 0.025 2.97 0 90 0 0 0.7071068 0 0.7071068 13.8889 0
7.2014 Head 0 1.6 0.78 357.45 314.4 0 -0.02051249 -0.3874197 -0.00862266 0.9216349
7.2014 FirstCar 20.01895 0.025 2.97 0 90 0 0 0.7071068 0 0.7071068 13.8889 0
7.2014 SecondCar -12.17925 0.025 2.97 0 90 0 0 0.7071068 0 0.7071068 13.8889 0
7.2017 Head 0 1.6 0.78 357.45 314.4 0 -0.02051249 -0.3874197 -0.00862266 0.9216349
7.2017 FirstCar 20.02391 0.025 2.97 0 90 0 0 0.7071068 0 0.7071068 13.8889 0
7.2017 SecondCar -12.1743 0.025 2.97 0 90 0 0 0.7071068 0 0.7071068 13.8889 0
7.2021 Head 0 1.6 0.78 357.45 314.4 0 -0.02051249 -0.3874197 -0.00862266 0.9216349
7.2021 FirstCar 20.02875 0.025 2.97 0 90 0 0 0.7071068 0 0.7071068 13.8889 0
7.2021 SecondCar -12.16945 0.025 2.97 0 90 0 0 0.7071068 0 0.7071068 13.8889 0
7.2024 Head 0 1.6 0.78 357.45 314.4 0 -0.02051249 -0.3874197 -0.00862266 0.9216349
7.2024 FirstCar 20.03379 0.025 2.97 0 90 0 0 0.7071068 0 0.7071068 13.8889 0
7.2024 SecondCar -12.16442 0.025 2.97 0 90 0 0 0.7071068 0 0.7071068 13.8889 0
7.2028 Head 0 1.6 0.78 357.45 314.4 0 -0.02051249 -0.3874197 -0.00862266 0.9216349
7.2028 FirstCar 20.03924 0.025 2.97 0 90 0 0 0.7071068 0 0.7071068 13.8889 0
7.2028 SecondCar -12.15897 0.025 2.97 0 90 0 0 0.7071068 0 0.7071068 13.8889 0
7.2032 Head 0 1.6 0.78 357.45 314.4 0 -0.02051249 -0.3874197 -0.00862266 0.9216349
7.2032 FirstCar 20.04398 0.025 2.97 0 90 0 0 0.7071068 0 0.7071068 13.8889 0
7.2032 SecondCar -12.15423 0.025 2.97 0 90 0 0 0.7071068 0 0.7071068 13.8889 0
7.2035 Head 0 1.6 0.78 357.45 314.4 0 -0.02051249 -0.3874197 -0.00862266 0.9216349
7.2035 FirstCar 20.04864 0.025 2.97 0 90 0 0 0.7071068 0 0.7071068 13.8889 0
7.2035 SecondCar -12.14957 0.025 2.97 0 90 0 0 0.7071068 0 0.7071068 13.8889 0
7.2038 Head 0 1.6 0.78 357.45 314.4 0 -0.02051249 -0.3874197 -0.00862266 0.9216349
7.2038 FirstCar 20.05355 0.025 2.97 0 90 0 0 0.7071068 0 0.7071068 13.8889 0
7.2038 SecondCar -12.14466 0.025 2.97 0 90 0 0 0.7071068 0 0.7071068 13.8889 0
7.2042 Head 0 1.6 0.78 357.45 314.4 0 -0.02051249 -0.3874197 -0.00862266 0.9216349
7.2042 FirstCar 20.05889 0.025 2.97 0 90 0 0 0.7071068 0 0.7071068 13.8889 0
7.2042 SecondCar -12.13932 0.025 2.97 0 90 0 0 0.7071068 0 0.7071068 13.8889 0
7.2046 Head 0 1.6 0.78 357.45 314.4 0 -0.02051249 -0.3874197 -0.00862266 0.9216349
7.2046 FirstCar 20.06413 0.025 2.97 0 90 0 0 0.7071068 0 0.7071068 13.8889 0
7.2046 SecondCar -12.13408 0.025 2.97 0 90 0 0 0.7071068 0 0.7071068 13.8889 0
7.2050 Head 0 1.6 0.78 357.45 314.4 0 -0.02051249 -0.3874197 -0.00862266 0.9216349
7.2050 FirstCar 20.06898 0.025 2.97 0 90 0 0 0.7071068 0 0.7071068 13.8889 0
7.2050 SecondCar -12.12922 0.025 2.97 0 90 0 0 0.7071068 0 0.7071068 13.8889 0
7.2053 Head 0 1.6 0.78 357.45 314.4 0 -0.02051249 -0.3874197 -0.00862266 0.9216349
7.2053 FirstCar 20.074 0.025 2.97 0 90 0 0 0.7071068 0 0.7071068 13.8889 0
7.2053 SecondCar -12.12421 0.025 2.97 0 90 0 0 0.7071068 0 0.7071068 13.8889 0
7.2058 Head 0 1.6 0.78 357.45 314.4 0 -0.02051249 -0.3874197 -0.00862266 0.9216349
7.2058 FirstCar 20.08009 0.025 2.97 0 90 0 0 0.7071068 0 0.7071068 13.8889 0
7.2058 SecondCar -12.11812 0.025 2.97 0 90 0 0 0.7071068 0 0.7071068 13.8889 0
7.2061 Head 0 1.6 0.78 357.45 314.4 0 -0.02051249 -0.3874197 -0.00862266 0.9216349
7.2061 FirstCar 20.08522 0.025 2.97 0 90 0 0 0.7071068 0 0.7071068 13.8889 0
7.2061 SecondCar -12.11299 0.025 2.97 0 90 0 0 0.7071068 0 0.7071068 13.8889 0
7.2065 Head 0 1.6 0.78 357.45 314.4 0 -0.02051249 -0.3874197 -0.00862266 0.9216349
7.2065 FirstCar 20.08993 0.025 2.97 0 90 0 0 0.7071068 0 0.7071068 13.8889 0
7.2065 SecondCar -12.10828 0.025 2.97 0 90 0 0 0.7071068 0 0.7071068 13.8889 0
7.2068 Head 0 1.6 0.78 357.45 314.4 0 -0.02051249 -0.3874197 -0.00862266 0.9216349
7.2068 FirstCar 20.09468 0.025 2.97 0 90 0 0 0.7071068 0 0.7071068 13.8889 0
7.2068 SecondCar -12.10353 0.025 2.97 0 90 0 0 0.7071068 0 0.7071068 13.8889 0
7.2072 Head 0 1.6 0.78 357.45 314.4 0 -0.02051249 -0.3874197 -0.00862266 0.9216349
7.2072 FirstCar 20.09952 0.025 2.97 0 90 0 0 0.7071068 0 0.7071068 13.8889 0
7.2072 SecondCar -12.09869 0.025 2.97 0 90 0 0 0.7071068 0 0.7071068 13.8889 0
7.2076 Head 0 1.6 0.78 357.45 314.4 0 -0.02051249 -0.3874197 -0.00862266 0.9216349
7.2076 FirstCar 20.10553 0.025 2.97 0 90 0 0 0.7071068 0 0.7071068 13.8889 0
7.2076 SecondCar -12.09268 0.025 2.97 0 90 0 0 0.7071068 0 0.7071068 13.8889 0
7.2080 Head 0 1.6 0.78 357.45 314.4 0 -0.02051249 -0.3874197 -0.00862266 0.9216349
7.2080 FirstCar 20.11076 0.025 2.97 0 90 0 0 0.7071068 0 0.7071068 13.8889 0
7.2080 SecondCar -12.08745 0.025 2.97 0 90 0 0 0.7071068 0 0.7071068 13.8889 0
7.2083 Head 0 1.6 0.78 357.45 314.4 0 -0.02051249 -0.3874197 -0.00862266 0.9216349
7.2083 FirstCar 20.11585 0.025 2.97 0 90 0 0 0.7071068 0 0.7071068 13.8889 0
7.2083 SecondCar -12.08236 0.025 2.97 0 90 0 0 0.7071068 0 0.7071068 13.8889 0
7.2089 Head 0 1.6 0.78 357.45 314.4 0 -0.02051249 -0.3874197 -0.00862266 0.9216349
7.2089 FirstCar 20.12416 0.025 2.97 0 90 0 0 0.7071068 0 0.7071068 13.8889 0
7.2089 SecondCar -12.07405 0.025 2.97 0 90 0 0 0.7071068 0 0.7071068 13.8889 0
7.2094 Head 0 1.6 0.78 357.45 314.4 0 -0.02051249 -0.3874197 -0.00862266 0.9216349
7.2094 FirstCar 20.13041 0.025 2.97 0 90 0 0 0.7071068 0 0.7071068 13.8889 0
7.2094 SecondCar -12.0678 0.025 2.97 0 90 0 0 0.7071068 0 0.7071068 13.8889 0
7.2098 Head 0 1.6 0.78 357.45 314.4 0 -0.02051249 -0.3874197 -0.00862266 0.9216349
7.2098 FirstCar 20.13689 0.025 2.97 0 90 0 0 0.7071068 0 0.7071068 13.8889 0
7.2098 SecondCar -12.06132 0.025 2.97 0 90 0 0 0.7071068 0 0.7071068 13.8889 0
7.2103 Head 0 1.6 0.78 357.45 314.4 0 -0.02051249 -0.3874197 -0.00862266 0.9216349
7.2103 FirstCar 20.14257 0.025 2.97 0 90 0 0 0.7071068 0 0.7071068 13.8889 0
7.2103 SecondCar -12.05564 0.025 2.97 0 90 0 0 0.7071068 0 0.7071068 13.8889 0
7.2107 Head 0 1.6 0.78 357.45 314.4 0 -0.02051249 -0.3874197 -0.00862266 0.9216349
7.2107 FirstCar 20.14808 0.025 2.97 0 90 0 0 0.7071068 0 0.7071068 13.8889 0
7.2107 SecondCar -12.05013 0.025 2.97 0 90 0 0 0.7071068 0 0.7071068 13.8889 0
7.2110 Head 0 1.6 0.78 357.45 314.4 0 -0.02051249 -0.3874197 -0.00862266 0.9216349
7.2110 FirstCar 20.15304 0.025 2.97 0 90 0 0 0.7071068 0 0.7071068 13.8889 0
7.2110 SecondCar -12.04517 0.025 2.97 0 90 0 0 0.7071068 0 0.7071068 13.8889 0
7.2114 Head 0 1.6 0.78 357.45 314.4 0 -0.02051249 -0.3874197 -0.00862266 0.9216349
7.2114 FirstCar 20.15786 0.025 2.97 0 90 0 0 0.7071068 0 0.7071068 13.8889 0
7.2114 SecondCar -12.04035 0.025 2.97 0 90 0 0 0.7071068 0 0.7071068 13.8889 0
7.2117 Head 0 1.6 0.78 357.45 314.4 0 -0.02051249 -0.3874197 -0.00862266 0.9216349
7.2117 FirstCar 20.16258 0.025 2.97 0 90 0 0 0.7071068 0 0.7071068 13.8889 0
7.2117 SecondCar -12.03563 0.025 2.97 0 90 0 0 0.7071068 0 0.7071068 13.8889 0
7.2121 Head 0 1.6 0.78 357.45 314.4 0 -0.02051249 -0.3874197 -0.00862266 0.9216349
7.2121 FirstCar 20.1675 0.025 2.97 0 90 0 0 0.7071068 0 0.7071068 13.8889 0
7.2121 SecondCar -12.03071 0.025 2.97 0 90 0 0 0.7071068 0 0.7071068 13.8889 0
7.2125 Head 0 1.6 0.78 357.45 314.4 0 -0.02051249 -0.3874197 -0.00862266 0.9216349
7.2125 FirstCar 20.17322 0.025 2.97 0 90 0 0 0.7071068 0 0.7071068 13.8889 0
7.2125 SecondCar -12.02499 0.025 2.97 0 90 0 0 0.7071068 0 0.7071068 13.8889 0
7.2128 Head 0 1.6 0.78 357.45 314.4 0 -0.02051249 -0.3874197 -0.00862266 0.9216349
7.2128 FirstCar 20.17811 0.025 2.97 0 90 0 0 0.7071068 0 0.7071068 13.8889 0
7.2128 SecondCar -12.0201 0.025 2.97 0 90 0 0 0.7071068 0 0.7071068 13.8889 0
7.2132 Head 0 1.6 0.78 357.45 314.4 0 -0.02051249 -0.3874197 -0.00862266 0.9216349
7.2132 FirstCar 20.18304 0.025 2.97 0 90 0 0 0.7071068 0 0.7071068 13.8889 0
7.2132 SecondCar -12.01517 0.025 2.97 0 90 0 0 0.7071068 0 0.7071068 13.8889 0
7.2135 Head 0 1.6 0.78 357.45 314.4 0 -0.02051249 -0.3874197 -0.00862266 0.9216349
7.2135 FirstCar 20.18789 0.025 2.97 0 90 0 0 0.7071068 0 0.7071068 13.8889 0
7.2135 SecondCar -12.01032 0.025 2.97 0 90 0 0 0.7071068 0 0.7071068 13.8889 0
7.2139 Head 0 1.6 0.78 357.45 314.4 0 -0.02051249 -0.3874197 -0.00862266 0.9216349
7.2139 FirstCar 20.19258 0.025 2.97 0 90 0 0 0.7071068 0 0.7071068 13.8889 0
7.2139 SecondCar -12.00563 0.025 2.97 0 90 0 0 0.7071068 0 0.7071068 13.8889 0
7.2143 Head 0 1.6 0.78 357.45 314.4 0 -0.02051249 -0.3874197 -0.00862266 0.9216349
7.2143 FirstCar 20.19812 0.025 2.97 0 90 0 0 0.7071068 0 0.7071068 13.8889 0
7.2143 SecondCar -12.00009 0.025 2.97 0 90 0 0 0.7071068 0 0.7071068 13.8889 0
7.2146 Head 0 1.6 0.78 357.45 314.4 0 -0.02051249 -0.3874197 -0.00862266 0.9216349
7.2146 FirstCar 20.20331 0.025 2.97 0 90 0 0 0.7071068 0 0.7071068 13.8889 0
7.2146 SecondCar -11.9949 0.025 2.97 0 90 0 0 0.7071068 0 0.7071068 13.8889 0
7.2150 Head 0 1.6 0.78 357.45 314.4 0 -0.02051249 -0.3874197 -0.00862266 0.9216349
7.2150 FirstCar 20.2081 0.025 2.97 0 90 0 0 0.7071068 0 0.7071068 13.8889 0
7.2150 SecondCar -11.99011 0.025 2.97 0 90 0 0 0.7071068 0 0.7071068 13.8889 0
7.2153 Head 0 1.6 0.78 357.45 314.4 0 -0.02051249 -0.3874197 -0.00862266 0.9216349
7.2153 FirstCar 20.21268 0.025 2.97 0 90 0 0 0.7071068 0 0.7071068 13.8889 0
7.2153 SecondCar -11.98553 0.025 2.97 0 90 0 0 0.7071068 0 0.7071068 13.8889 0
7.2156 Head 0 1.6 0.78 357.45 314.4 0 -0.02051249 -0.3874197 -0.00862266 0.9216349
7.2156 FirstCar 20.21725 0.025 2.97 0 90 0 0 0.7071068 0 0.7071068 13.8889 0
7.2156 SecondCar -11.98096 0.025 2.97 0 90 0 0 0.7071068 0 0.7071068 13.8889 0
7.2160 Head 0 1.6 0.78 357.45 314.4 0 -0.02051249 -0.3874197 -0.00862266 0.9216349
7.2160 FirstCar 20.22225 0.025 2.97 0 90 0 0 0.7071068 0 0.7071068 13.8889 0
7.2160 SecondCar -11.97596 0.025 2.97 0 90 0 0 0.7071068 0 0.7071068 13.8889 0
7.2164 Head 0 1.6 0.78 357.45 314.4 0 -0.02051249 -0.3874197 -0.00862266 0.9216349
7.2164 FirstCar 20.22724 0.025 2.97 0 90 0 0 0.7071068 0 0.7071068 13.8889 0
7.2164 SecondCar -11.97097 0.025 2.97 0 90 0 0 0.7071068 0 0.7071068 13.8889 0
7.2167 Head 0 1.6 0.78 357.45 314.4 0 -0.02051249 -0.3874197 -0.00862266 0.9216349
7.2167 FirstCar 20.23192 0.025 2.97 0 90 0 0 0.7071068 0 0.7071068 13.8889 0
7.2167 SecondCar -11.96629 0.025 2.97 0 90 0 0 0.7071068 0 0.7071068 13.8889 0
7.2170 Head 0 1.6 0.78 357.45 314.4 0 -0.02051249 -0.3874197 -0.00862266 0.9216349
7.2170 FirstCar 20.2369 0.025 2.97 0 90 0 0 0.7071068 0 0.7071068 13.8889 0
7.2170 SecondCar -11.96131 0.025 2.97 0 90 0 0 0.7071068 0 0.7071068 13.8889 0
7.2174 Head 0 1.6 0.78 357.45 314.4 0 -0.02051249 -0.3874197 -0.00862266 0.9216349
7.2174 FirstCar 20.24175 0.025 2.97 0 90 0 0 0.7071068 0 0.7071068 13.8889 0
7.2174 SecondCar -11.95646 0.025 2.97 0 90 0 0 0.7071068 0 0.7071068 13.8889 0
7.2177 Head 0 1.6 0.78 357.45 314.4 0 -0.02051249 -0.3874197 -0.00862266 0.9216349
7.2177 FirstCar 20.24636 0.025 2.97 0 90 0 0 0.7071068 0 0.7071068 13.8889 0
7.2177 SecondCar -11.95185 0.025 2.97 0 90 0 0 0.7071068 0 0.7071068 13.8889 0
7.2181 Head 0 1.6 0.78 357.45 314.4 0 -0.02051249 -0.3874197 -0.00862266 0.9216349
7.2181 FirstCar 20.25142 0.025 2.97 0 90 0 0 0.7071068 0 0.7071068 13.8889 0
7.2181 SecondCar -11.94679 0.025 2.97 0 90 0 0 0.7071068 0 0.7071068 13.8889 0
7.2185 Head 0 1.6 0.78 357.45 314.4 0 -0.02051249 -0.3874197 -0.00862266 0.9216349
7.2185 FirstCar 20.25682 0.025 2.97 0 90 0 0 0.7071068 0 0.7071068 13.8889 0
7.2185 SecondCar -11.94139 0.025 2.97 0 90 0 0 0.7071068 0 0.7071068 13.8889 0
7.2188 Head 0 1.6 0.78 357.45 314.4 0 -0.02051249 -0.3874197 -0.00862266 0.9216349
7.2188 FirstCar 20.26165 0.025 2.97 0 90 0 0 0.7071068 0 0.7071068 13.8889 0
7.2188 SecondCar -11.93656 0.025 2.97 0 90 0 0 0.7071068 0 0.7071068 13.8889 0
7.2192 Head 0 1.6 0.78 357.45 314.4 0 -0.02051249 -0.3874197 -0.00862266 0.9216349
7.2192 FirstCar 20.2663 0.025 2.97 0 90 0 0 0.7071068 0 0.7071068 13.8889 0
