5.0541 SecondCar -50.77862 0.025 2.97 0 90 0 0 0.7071068 0 0.7071068 7.414439 2
5.0555 Head 0 1.6 2.575647 9.824972 1.650013 0 0.08562516 0.01434569 -0.001233008 0.9962234
5.0555 FirstCar -18.52236 0.025 2.97 0 90 0 0 0.7071068 0 0.7071068 7.449183 2
5.0555 SecondCar -50.76858 0.025 2.97 0 90 0 0 0.7071068 0 0.7071068 7.411189 2
5.0569 Head 0 1.6 2.577421 9.824972 1.650013 0 0.08562516 0.01434569 -0.001233008 0.9962234
5.0569 FirstCar -18.51208 0.025 2.97 0 90 0 0 0.7071068 0 0.7071068 7.44587 2
5.0569 SecondCar -50.75835 0.025 2.97 0 90 0 0 0.7071068 0 0.7071068 7.407875 2
5.0582 Head 0 1.6 2.57923 9.824972 1.650013 0 0.08562516 0.01434569 -0.001233008 0.9962234
5.0582 FirstCar -18.50226 0.025 2.97 0 90 0 0 0.7071068 0 0.7071068 7.442705 2
5.0582 SecondCar -50.74859 0.025 2.97 0 90 0 0 0.7071068 0 0.7071068 7.40471 2
5.0596 Head 0 1.6 2.580958 9.824972 1.650013 0 0.08562516 0.01434569 -0.001233008 0.9962234
5.0596 FirstCar -18.49187 0.025 2.97 0 90 0 0 0.7071068 0 0.7071068 7.439351 2
5.0596 SecondCar -50.73825 0.025 2.97 0 90 0 0 0.7071068 0 0.7071068 7.401356 2
5.0614 Head 0 1.6 2.582788 9.824972 1.650013 0 0.08562516 0.01434569 -0.001233008 0.9962234
5.0614 FirstCar -18.47852 0.025 2.97 0 90 0 0 0.7071068 0 0.7071068 7.435043 2
5.0614 SecondCar -50.72497 0.025 2.97 0 90 0 0 0.7071068 0 0.7071068 7.397048 2
5.0628 Head 0 1.6 2.58514 9.899971 2.400012 0 0.08626719 0.02086442 -0.001807049 0.9960519
5.0628 FirstCar -18.46773 0.025 2.97 0 90 0 0 0.7071068 0 0.7071068 7.43156 2
5.0628 SecondCar -50.71424 0.025 2.97 0 90 0 0 0.7071068 0 0.7071068 7.393565 2
5.0643 Head 0 1.6 2.587041 9.899971 2.400012 0 0.08626719 0.02086442 -0.001807049 0.9960519
5.0643 FirstCar -18.45711 0.025 2.97 0 90 0 0 0.7071068 0 0.7071068 7.428126 2
5.0643 SecondCar -50.70367 0.025 2.97 0 90 0 0 0.7071068 0 0.7071068 7.390131 2
5.0657 Head 0 1.6 2.588915 9.899971 2.400012 0 0.08626719 0.02086442 -0.001807049 0.9960519
5.0657 FirstCar -18.44608 0.025 2.97 0 90 0 0 0.7071068 0 0.7071068 7.424561 2
5.0657 SecondCar -50.6927 0.025 2.97 0 90 0 0 0.7071068 0 0.7071068 7.386566 2
5.0673 Head 0 1.6 2.590861 9.899971 2.400012 0 0.08626719 0.02086442 -0.001807049 0.9960519
5.0673 FirstCar -18.43472 0.025 2.97 0 90 0 0 0.7071068 0 0.7071068 7.420888 2
5.0673 SecondCar -50.6814 0.025 2.97 0 90 0 0 0.7071068 0 0.7071068 7.382894 2
5.0691 Head 0 1.6 2.592866 9.899971 2.400012 0 0.08626719 0.02086442 -0.001807049 0.9960519
5.0691 FirstCar -18.42128 0.025 2.97 0 90 0 0 0.7071068 0 0.7071068 7.41654 2
5.0691 SecondCar -50.66803 0.025 2.97 0 90 0 0 0.7071068 0 0.7071068 7.378545 2
5.0711 Head 0 1.6 2.595239 9.974972 3.075012 0 0.08690685 0.02672973 -0.002332666 0.9958551
5.0711 FirstCar -18.40628 0.025 2.97 0 90 0 0 0.7071068 0 0.7071068 7.411683 2
5.0711 SecondCar -50.65311 0.025 2.97 0 90 0 0 0.7071068 0 0.7071068 7.373688 2
5.0737 Head 0 1.6 2.59789 9.974972 3.075012 0 0.08690685 0.02672973 -0.002332666 0.9958551
5.0737 FirstCar -18.38688 0.025 2.97 0 90 0 0 0.7071068 0 0.7071068 7.405396 2
5.0737 SecondCar -50.63381 0.025 2.97 0 90 0 0 0.7071068 0 0.7071068 7.367401 2
5.0755 Head 0 1.6 2.601322 9.974972 3.075012 0 0.08690685 0.02672973 -0.002332666 0.9958551
5.0755 FirstCar -18.37405 0.025 2.97 0 90 0 0 0.7071068 0 0.7071068 7.401235 2
5.0755 SecondCar -50.62104 0.025 2.97 0 90 0 0 0.7071068 0 0.7071068 7.36324 2
5.0773 Head 0 1.6 2.603593 9.974972 3.075012 0 0.08690685 0.02672973 -0.002332666 0.9958551
5.0773 FirstCar -18.36065 0.025 2.97 0 90 0 0 0.7071068 0 0.7071068 7.396886 2
5.0773 SecondCar -50.60771 0.025 2.97 0 90 0 0 0.7071068 0 0.7071068 7.358891 2
5.0789 Head 0 1.6 2.605967 10.04997 3.675013 2.709619E-08 0.08754512 0.0319418 -0.002808581 0.9956444
5.0789 FirstCar -18.34871 0.025 2.97 0 90 0 0 0.7071068 0 0.7071068 7.39301 2
5.0789 SecondCar -50.59583 0.025 2.97 0 90 0 0 0.7071068 0 0.7071068 7.355015 2
5.0804 Head 0 1.6 2.608083 10.04997 3.675013 2.709619E-08 0.08754512 0.0319418 -0.002808581 0.9956444
5.0804 FirstCar -18.33767 0.025 2.97 0 90 0 0 0.7071068 0 0.7071068 7.389425 2
5.0804 SecondCar -50.58485 0.025 2.97 0 90 0 0 0.7071068 0 0.7071068 7.35143 2
5.0818 Head 0 1.6 2.610039 10.04997 3.675013 2.709619E-08 0.08754512 0.0319418 -0.002808581 0.9956444
5.0818 FirstCar -18.32698 0.025 2.97 0 90 0 0 0.7071068 0 0.7071068 7.38595 2
5.0818 SecondCar -50.57421 0.025 2.97 0 90 0 0 0.7071068 0 0.7071068 7.347955 2
5.0832 Head 0 1.6 2.611936 10.04997 3.675013 2.709619E-08 0.08754512 0.0319418 -0.002808581 0.9956444
5.0832 FirstCar -18.31676 0.025 2.97 0 90 0 0 0.7071068 0 0.7071068 7.382629 2
5.0832 SecondCar -50.56404 0.025 2.97 0 90 0 0 0.7071068 0 0.7071068 7.344634 2
5.0849 Head 0 1.6 2.613749 10.04997 3.675013 2.709619E-08 0.08754512 0.0319418 -0.002808581 0.9956444
5.0849 FirstCar -18.30457 0.025 2.97 0 90 0 0 0.7071068 0 0.7071068 7.378662 2
5.0849 SecondCar -50.55191 0.025 2.97 0 90 0 0 0.7071068 0 0.7071068 7.340667 2
5.0863 Head 0 1.6 2.615914 10.12497 4.275012 -2.71025E-08 0.08818071 0.03715237 -0.003291242 0.995406
5.0863 FirstCar -18.29368 0.025 2.97 0 90 0 0 0.7071068 0 0.7071068 7.375119 2
5.0863 SecondCar -50.54108 0.025 2.97 0 90 0 0 0.7071068 0 0.7071068 7.337124 2
5.0879 Head 0 1.6 2.617848 10.12497 4.275012 -2.71025E-08 0.08818071 0.03715237 -0.003291242 0.995406
5.0879 FirstCar -18.28226 0.025 2.97 0 90 0 0 0.7071068 0 0.7071068 7.371401 2
5.0879 SecondCar -50.52972 0.025 2.97 0 90 0 0 0.7071068 0 0.7071068 7.333406 2
5.0900 Head 0 1.6 2.619877 10.12497 4.275012 -2.71025E-08 0.08818071 0.03715237 -0.003291242 0.995406
5.0900 FirstCar -18.26687 0.025 2.97 0 90 0 0 0.7071068 0 0.7071068 7.366386 2
5.0900 SecondCar -50.5144 0.025 2.97 0 90 0 0 0.7071068 0 0.7071068 7.328392 2
5.0919 Head 0 1.6 2.622615 10.12497 4.275012 -2.71025E-08 0.08818071 0.03715237 -0.003291242 0.995406
5.0919 FirstCar -18.25251 0.025 2.97 0 90 0 0 0.7071068 0 0.7071068 7.361706 2
5.0919 SecondCar -50.50012 0.025 2.97 0 90 0 0 0.7071068 0 0.7071068 7.323711 2
5.0938 Head 0 1.6 2.62517 10.12497 4.275012 -2.71025E-08 0.08818071 0.03715237 -0.003291242 0.995406
5.0938 FirstCar -18.23888 0.025 2.97 0 90 0 0 0.7071068 0 0.7071068 7.35726 2
5.0938 SecondCar -50.48656 0.025 2.97 0 90 0 0 0.7071068 0 0.7071068 7.319265 2
5.0953 Head 0 1.6 2.627596 10.19997 4.725013 2.710886E-08 0.08881849 0.04105864 -0.003664375 0.9951945
5.0953 FirstCar -18.22807 0.025 2.97 0 90 0 0 0.7071068 0 0.7071068 7.353733 2
5.0953 SecondCar -50.47581 0.025 2.97 0 90 0 0 0.7071068 0 0.7071068 7.315738 2
5.0967 Head 0 1.6 2.629522 10.19997 4.725013 2.710886E-08 0.08881849 0.04105864 -0.003664375 0.9951945
5.0967 FirstCar -18.2177 0.025 2.97 0 90 0 0 0.7071068 0 0.7071068 7.350347 2
5.0967 SecondCar -50.4655 0.025 2.97 0 90 0 0 0.7071068 0 0.7071068 7.312352 2
5.0981 Head 0 1.6 2.63137 10.19997 4.725013 2.710886E-08 0.08881849 0.04105864 -0.003664375 0.9951945
5.0981 FirstCar -18.20751 0.025 2.97 0 90 0 0 0.7071068 0 0.7071068 7.347016 2
5.0981 SecondCar -50.45535 0.025 2.97 0 90 0 0 0.7071068 0 0.7071068 7.309021 2
5.0995 Head 0 1.6 2.633188 10.19997 4.725013 2.710886E-08 0.08881849 0.04105864 -0.003664375 0.9951945
5.0995 FirstCar -18.1969 0.025 2.97 0 90 0 0 0.7071068 0 0.7071068 7.343548 2
5.0995 SecondCar -50.4448 0.025 2.97 0 90 0 0 0.7071068 0 0.7071068 7.305553 2
5.1014 Head 0 1.6 2.635081 10.19997 4.725013 2.710886E-08 0.08881849 0.04105864 -0.003664375 0.9951945
5.1014 FirstCar -18.18326 0.025 2.97 0 90 0 0 0.7071068 0 0.7071068 7.339087 2
5.1014 SecondCar -50.43123 0.025 2.97 0 90 0 0 0.7071068 0 0.7071068 7.301093 2
5.1030 Head 0 1.6 2.637515 10.27497 5.175012 0 0.08945464 0.04496379 -0.004042564 0.9949673
5.1030 FirstCar -18.17107 0.025 2.97 0 90 0 0 0.7071068 0 0.7071068 7.335099 2
5.1030 SecondCar -50.4191 0.025 2.97 0 90 0 0 0.7071068 0 0.7071068 7.297104 2
5.1044 Head 0 1.6 2.639692 10.27497 5.175012 0 0.08945464 0.04496379 -0.004042564 0.9949673
5.1044 FirstCar -18.1606 0.025 2.97 0 90 0 0 0.7071068 0 0.7071068 7.331674 2
5.1044 SecondCar -50.40869 0.025 2.97 0 90 0 0 0.7071068 0 0.7071068 7.293679 2
5.1059 Head 0 1.6 2.641562 10.27497 5.175012 0 0.08945464 0.04496379 -0.004042564 0.9949673
5.1059 FirstCar -18.15014 0.025 2.97 0 90 0 0 0.7071068 0 0.7071068 7.328246 2
5.1059 SecondCar -50.39828 0.025 2.97 0 90 0 0 0.7071068 0 0.7071068 7.290251 2
5.1072 Head 0 1.6 2.643433 10.27497 5.175012 0 0.08945464 0.04496379 -0.004042564 0.9949673
5.1072 FirstCar -18.1404 0.025 2.97 0 90 0 0 0.7071068 0 0.7071068 7.325055 2
5.1072 SecondCar -50.38859 0.025 2.97 0 90 0 0 0.7071068 0 0.7071068 7.28706 2
5.1089 Head 0 1.6 2.645175 10.27497 5.175012 0 0.08945464 0.04496379 -0.004042564 0.9949673
5.1089 FirstCar -18.12828 0.025 2.97 0 90 0 0 0.7071068 0 0.7071068 7.321083 2
5.1089 SecondCar -50.37654 0.025 2.97 0 90 0 0 0.7071068 0 0.7071068 7.283088 2
5.1106 Head 0 1.6 2.647343 10.34997 5.625012 0 0.09008913 0.04886777 -0.004425804 0.9947242
5.1106 FirstCar -18.11581 0.025 2.97 0 90 0 0 0.7071068 0 0.7071068 7.316991 2
5.1106 SecondCar -50.36413 0.025 2.97 0 90 0 0 0.7071068 0 0.7071068 7.278996 2
5.1120 Head 0 1.6 2.649576 10.34997 5.625012 0 0.09008913 0.04886777 -0.004425804 0.9947242
5.1120 FirstCar -18.10505 0.025 2.97 0 90 0 0 0.7071068 0 0.7071068 7.313462 2
5.1120 SecondCar -50.35343 0.025 2.97 0 90 0 0 0.7071068 0 0.7071068 7.275467 2
5.1134 Head 0 1.6 2.651503 10.34997 5.625012 0 0.09008913 0.04886777 -0.004425804 0.9947242
5.1134 FirstCar -18.09528 0.025 2.97 0 90 0 0 0.7071068 0 0.7071068 7.310254 2
5.1134 SecondCar -50.34371 0.025 2.97 0 90 0 0 0.7071068 0 0.7071068 7.272259 2
5.1147 Head 0 1.6 2.653254 10.34997 5.625012 0 0.09008913 0.04886777 -0.004425804 0.9947242
5.1147 FirstCar -18.08555 0.025 2.97 0 90 0 0 0.7071068 0 0.7071068 7.307057 2
5.1147 SecondCar -50.33403 0.025 2.97 0 90 0 0 0.7071068 0 0.7071068 7.269062 2
5.1161 Head 0 1.6 2.654999 10.34997 5.625012 0 0.09008913 0.04886777 -0.004425804 0.9947242
5.1161 FirstCar -18.07555 0.025 2.97 0 90 0 0 0.7071068 0 0.7071068 7.303773 2
5.1161 SecondCar -50.32409 0.025 2.97 0 90 0 0 0.7071068 0 0.7071068 7.265778 2
5.1177 Head 0 1.6 2.656791 10.42497 6.150012 0 0.09071878 0.05342139 -0.004873464 0.9944308
5.1177 FirstCar -18.06383 0.025 2.97 0 90 0 0 0.7071068 0 0.7071068 7.29992 2
5.1177 SecondCar -50.31243 0.025 2.97 0 90 0 0 0.7071068 0 0.7071068 7.261925 2
5.1192 Head 0 1.6 2.658894 10.42497 6.150012 0 0.09071878 0.05342139 -0.004873464 0.9944308
5.1192 FirstCar -18.05262 0.025 2.97 0 90 0 0 0.7071068 0 0.7071068 7.296232 2
5.1192 SecondCar -50.30127 0.025 2.97 0 90 0 0 0.7071068 0 0.7071068 7.258237 2
5.1213 Head 0 1.6 2.660908 10.42497 6.150012 0 0.09071878 0.05342139 -0.004873464 0.9944308
5.1213 FirstCar -18.03736 0.025 2.97 0 90 0 0 0.7071068 0 0.7071068 7.291211 2
5.1213 SecondCar -50.2861 0.025 2.97 0 90 0 0 0.7071068 0 0.7071068 7.253216 2
5.1228 Head 0 1.6 2.663649 10.42497 6.150012 0 0.09071878 0.05342139 -0.004873464 0.9944308
5.1228 FirstCar -18.02614 0.025 2.97 0 90 0 0 0.7071068 0 0.7071068 7.287513 2
5.1228 SecondCar -50.27493 0.025 2.97 0 90 0 0 0.7071068 0 0.7071068 7.249518 2
5.1245 Head 0 1.6 2.665667 10.42497 6.150012 0 0.09071878 0.05342139 -0.004873464 0.9944308
5.1245 FirstCar -18.01382 0.025 2.97 0 90 0 0 0.7071068 0 0.7071068 7.283453 2
5.1245 SecondCar -50.26267 0.025 2.97 0 90 0 0 0.7071068 0 0.7071068 7.245459 2
5.1258 Head 0 1.6 2.667883 10.57497 6.600012 -5.428281E-08 0.09200028 0.05731919 -0.005304713 0.9940938
5.1258 FirstCar -18.00428 0.025 2.97 0 90 0 0 0.7071068 0 0.7071068 7.280311 2
5.1258 SecondCar -50.25319 0.025 2.97 0 90 0 0 0.7071068 0 0.7071068 7.242316 2
5.1273 Head 0 1.6 2.669599 10.57497 6.600012 -5.428281E-08 0.09200028 0.05731919 -0.005304713 0.9940938
5.1273 FirstCar -17.99379 0.025 2.97 0 90 0 0 0.7071068 0 0.7071068 7.276851 2
5.1273 SecondCar -50.24276 0.025 2.97 0 90 0 0 0.7071068 0 0.7071068 7.238856 2
5.1286 Head 0 1.6 2.671487 10.57497 6.600012 -5.428281E-08 0.09200028 0.05731919 -0.005304713 0.9940938
5.1286 FirstCar -17.98427 0.025 2.97 0 90 0 0 0.7071068 0 0.7071068 7.27371 2
5.1286 SecondCar -50.23328 0.025 2.97 0 90 0 0 0.7071068 0 0.7071068 7.235715 2
5.1301 Head 0 1.6 2.673202 10.57497 6.600012 -5.428281E-08 0.09200028 0.05731919 -0.005304713 0.9940938
5.1301 FirstCar -17.97362 0.025 2.97 0 90 0 0 0.7071068 0 0.7071068 7.270195 2
5.1301 SecondCar -50.22269 0.025 2.97 0 90 0 0 0.7071068 0 0.7071068 7.2322 2
5.1319 Head 0 1.6 2.67512 10.57497 6.600012 -5.428281E-08 0.09200028 0.05731919 -0.005304713 0.9940938
5.1319 FirstCar -17.96012 0.025 2.97 0 90 0 0 0.7071068 0 0.7071068 7.265734 2
5.1319 SecondCar -50.20926 0.025 2.97 0 90 0 0 0.7071068 0 0.7071068 7.227739 2
5.1339 Head 0 1.6 2.677555 10.57497 6.600012 -5.428281E-08 0.09200028 0.05731919 -0.005304713 0.9940938
5.1339 FirstCar -17.94576 0.025 2.97 0 90 0 0 0.7071068 0 0.7071068 7.26099 2
5.1339 SecondCar -50.19498 0.025 2.97 0 90 0 0 0.7071068 0 0.7071068 7.222995 2
5.1356 Head 0 1.6 2.680144 10.72497 7.050011 0 0.09327962 0.06121506 -0.005746089 0.9937397
5.1356 FirstCar -17.93352 0.025 2.97 0 90 0 0 0.7071068 0 0.7071068 7.256941 2
5.1356 SecondCar -50.1828 0.025 2.97 0 90 0 0 0.7071068 0 0.7071068 7.218946 2
5.1372 Head 0 1.6 2.682354 10.72497 7.050011 0 0.09327962 0.06121506 -0.005746089 0.9937397
5.1372 FirstCar -17.92187 0.025 2.97 0 90 0 0 0.7071068 0 0.7071068 7.253086 2
5.1372 SecondCar -50.17121 0.025 2.97 0 90 0 0 0.7071068 0 0.7071068 7.215091 2
5.1388 Head 0 1.6 2.684459 10.72497 7.050011 0 0.09327962 0.06121506 -0.005746089 0.9937397
5.1388 FirstCar -17.90987 0.025 2.97 0 90 0 0 0.7071068 0 0.7071068 7.249111 2
5.1388 SecondCar -50.15927 0.025 2.97 0 90 0 0 0.7071068 0 0.7071068 7.211116 2
5.1408 Head 0 1.6 2.686628 10.72497 7.050011 0 0.09327962 0.06121506 -0.005746089 0.9937397
5.1408 FirstCar -17.89557 0.025 2.97 0 90 0 0 0.7071068 0 0.7071068 7.244373 2
5.1408 SecondCar -50.14504 0.025 2.97 0 90 0 0 0.7071068 0 0.7071068 7.206378 2
5.1425 Head 0 1.6 2.689214 10.79997 7.575011 0 0.0939025 0.06576316 -0.006216431 0.9933876
5.1425 FirstCar -17.88364 0.025 2.97 0 90 0 0 0.7071068 0 0.7071068 7.240419 2
5.1425 SecondCar -50.13318 0.025 2.97 0 90 0 0 0.7071068 0 0.7071068 7.202425 2
5.1440 Head 0 1.6 2.691373 10.79997 7.575011 0 0.0939025 0.06576316 -0.006216431 0.9933876
5.1440 FirstCar -17.87244 0.025 2.97 0 90 0 0 0.7071068 0 0.7071068 7.236705 2
5.1440 SecondCar -50.12204 0.025 2.97 0 90 0 0 0.7071068 0 0.7071068 7.19871 2
5.1456 Head 0 1.6 2.6934 10.79997 7.575011 0 0.0939025 0.06576316 -0.006216431 0.9933876
5.1456 FirstCar -17.86121 0.025 2.97 0 90 0 0 0.7071068 0 0.7071068 7.232981 2
5.1456 SecondCar -50.11087 0.025 2.97 0 90 0 0 0.7071068 0 0.7071068 7.194986 2
5.1470 Head 0 1.6 2.695433 10.79997 7.575011 0 0.0939025 0.06576316 -0.006216431 0.9933876
5.1470 FirstCar -17.85092 0.025 2.97 0 90 0 0 0.7071068 0 0.7071068 7.229564 2
5.1470 SecondCar -50.10064 0.025 2.97 0 90 0 0 0.7071068 0 0.7071068 7.191569 2
5.1487 Head 0 1.6 2.697298 10.79997 7.575011 0 0.0939025 0.06576316 -0.006216431 0.9933876
5.1487 FirstCar -17.83871 0.025 2.97 0 90 0 0 0.7071068 0 0.7071068 7.225509 2
5.1487 SecondCar -50.08849 0.025 2.97 0 90 0 0 0.7071068 0 0.7071068 7.187514 2
5.1502 Head 0 1.6 2.699511 10.94997 8.100013 5.435039E-08 0.09517288 0.07030489 -0.006738611 0.9929522
5.1502 FirstCar -17.82736 0.025 2.97 0 90 0 0 0.7071068 0 0.7071068 7.221736 2
5.1502 SecondCar -50.0772 0.025 2.97 0 90 0 0 0.7071068 0 0.7071068 7.183741 2
5.1526 Head 0 1.6 2.701571 10.94997 8.100013 5.435039E-08 0.09517288 0.07030489 -0.006738611 0.9929522
5.1526 FirstCar -17.81004 0.025 2.97 0 90 0 0 0.7071068 0 0.7071068 7.215977 2
5.1526 SecondCar -50.05997 0.025 2.97 0 90 0 0 0.7071068 0 0.7071068 7.177982 2
5.1542 Head 0 1.6 2.704714 10.94997 8.100013 5.435039E-08 0.09517288 0.07030489 -0.006738611 0.9929522
5.1542 FirstCar -17.7985 0.025 2.97 0 90 0 0 0.7071068 0 0.7071068 7.212137 2
5.1542 SecondCar -50.0485 0.025 2.97 0 90 0 0 0.7071068 0 0.7071068 7.174142 2
5.1557 Head 0 1.6 2.70681 10.94997 8.100013 5.435039E-08 0.09517288 0.07030489 -0.006738611 0.9929522
5.1557 FirstCar -17.78813 0.025 2.97 0 90 0 0 0.7071068 0 0.7071068 7.208684 2
5.1557 SecondCar -50.03818 0.025 2.97 0 90 0 0 0.7071068 0 0.7071068 7.17069 2
5.1575 Head 0 1.6 2.708695 10.94997 8.100013 5.435039E-08 0.09517288 0.07030489 -0.006738611 0.9929522
5.1575 FirstCar -17.77496 0.025 2.97 0 90 0 0 0.7071068 0 0.7071068 7.204295 2
5.1575 SecondCar -50.02507 0.025 2.97 0 90 0 0 0.7071068 0 0.7071068 7.1663 2
5.1591 Head 0 1.6 2.711091 11.09997 8.625011 5.437812E-08 0.09644026 0.07484388 -0.007272549 0.9924942
5.1591 FirstCar -17.76383 0.025 2.97 0 90 0 0 0.7071068 0 0.7071068 7.200585 2
5.1591 SecondCar -50.014 0.025 2.97 0 90 0 0 0.7071068 0 0.7071068 7.162591 2
5.1605 Head 0 1.6 2.713115 11.09997 8.625011 5.437812E-08 0.09644026 0.07484388 -0.007272549 0.9924942
5.1605 FirstCar -17.75343 0.025 2.97 0 90 0 0 0.7071068 0 0.7071068 7.197117 2
5.1605 SecondCar -50.00366 0.025 2.97 0 90 0 0 0.7071068 0 0.7071068 7.159122 2
5.1620 Head 0 1.6 2.715009 11.09997 8.625011 5.437812E-08 0.09644026 0.07484388 -0.007272549 0.9924942
5.1620 FirstCar -17.74236 0.025 2.97 0 90 0 0 0.7071068 0 0.7071068 7.193426 2
5.1620 SecondCar -49.99265 0.025 2.97 0 90 0 0 0.7071068 0 0.7071068 7.155431 2
5.1638 Head 0 1.6 2.717023 11.09997 8.625011 5.437812E-08 0.09644026 0.07484388 -0.007272549 0.9924942
5.1638 FirstCar -17.73011 0.025 2.97 0 90 0 0 0.7071068 0 0.7071068 7.189335 2
5.1638 SecondCar -49.98046 0.025 2.97 0 90 0 0 0.7071068 0 0.7071068 7.15134 2
5.1657 Head 0 1.6 2.719256 11.09997 8.625011 5.437812E-08 0.09644026 0.07484388 -0.007272549 0.9924942
5.1657 FirstCar -17.71631 0.025 2.97 0 90 0 0 0.7071068 0 0.7071068 7.184727 2
5.1657 SecondCar -49.96674 0.025 2.97 0 90 0 0 0.7071068 0 0.7071068 7.146732 2
5.1674 Head 0 1.6 2.721772 11.32497 9.225013 0 0.09834865 0.08002409 -0.007934551 0.9918976
5.1674 FirstCar -17.70391 0.025 2.97 0 90 0 0 0.7071068 0 0.7071068 7.18058 2
5.1674 SecondCar -49.9544 0.025 2.97 0 90 0 0 0.7071068 0 0.7071068 7.142585 2
5.1690 Head 0 1.6 2.724035 11.32497 9.225013 0 0.09834865 0.08002409 -0.007934551 0.9918976
5.1690 FirstCar -17.69275 0.025 2.97 0 90 0 0 0.7071068 0 0.7071068 7.176849 2
5.1690 SecondCar -49.9433 0.025 2.97 0 90 0 0 0.7071068 0 0.7071068 7.138855 2
5.1710 Head 0 1.6 2.726071 11.32497 9.225013 0 0.09834865 0.08002409 -0.007934551 0.9918976
5.1710 FirstCar -17.67832 0.025 2.97 0 90 0 0 0.7071068 0 0.7071068 7.17202 2
5.1710 SecondCar -49.92895 0.025 2.97 0 90 0 0 0.7071068 0 0.7071068 7.134026 2
5.1729 Head 0 1.6 2.728707 11.32497 9.225013 0 0.09834865 0.08002409 -0.007934551 0.9918976
5.1729 FirstCar -17.66454 0.025 2.97 0 90 0 0 0.7071068 0 0.7071068 7.167405 2
5.1729 SecondCar -49.91524 0.025 2.97 0 90 0 0 0.7071068 0 0.7071068 7.12941 2
5.1743 Head 0 1.6 2.731226 11.39997 9.825012 0 0.09895463 0.08521099 -0.008505163 0.9914004
5.1743 FirstCar -17.65453 0.025 2.97 0 90 0 0 0.7071068 0 0.7071068 7.164052 2
5.1743 SecondCar -49.90528 0.025 2.97 0 90 0 0 0.7071068 0 0.7071068 7.126057 2
5.1756 Head 0 1.6 2.733057 11.39997 9.825012 0 0.09895463 0.08521099 -0.008505163 0.9914004
5.1756 FirstCar -17.64519 0.025 2.97 0 90 0 0 0.7071068 0 0.7071068 7.160924 2
5.1756 SecondCar -49.896 0.025 2.97 0 90 0 0 0.7071068 0 0.7071068 7.12293 2
5.1769 Head 0 1.6 2.734764 11.39997 9.825012 0 0.09895463 0.08521099 -0.008505163 0.9914004
5.1769 FirstCar -17.63588 0.025 2.97 0 90 0 0 0.7071068 0 0.7071068 7.157803 2
5.1769 SecondCar -49.88674 0.025 2.97 0 90 0 0 0.7071068 0 0.7071068 7.119808 2
5.1782 Head 0 1.6 2.736468 11.39997 9.825012 0 0.09895463 0.08521099 -0.008505163 0.9914004
5.1782 FirstCar -17.62671 0.025 2.97 0 90 0 0 0.7071068 0 0.7071068 7.154725 2
5.1782 SecondCar -49.87761 0.025 2.97 0 90 0 0 0.7071068 0 0.7071068 7.11673 2
5.1794 Head 0 1.6 2.738148 11.39997 9.825012 0 0.09895463 0.08521099 -0.008505163 0.9914004
5.1794 FirstCar -17.61767 0.025 2.97 0 90 0 0 0.7071068 0 0.7071068 7.151692 2
5.1794 SecondCar -49.86862 0.025 2.97 0 90 0 0 0.7071068 0 0.7071068 7.113697 2
5.1811 Head 0 1.6 2.739803 11.39997 9.825012 0 0.09895463 0.08521099 -0.008505163 0.9914004
5.1811 FirstCar -17.60602 0.025 2.97 0 90 0 0 0.7071068 0 0.7071068 7.14778 2
5.1811 SecondCar -49.85703 0.025 2.97 0 90 0 0 0.7071068 0 0.7071068 7.109785 2
5.1831 Head 0 1.6 2.741939 11.54997 10.50001 0 0.1001998 0.09103734 -0.009207079 0.990751
5.1831 FirstCar -17.59159 0.025 2.97 0 90 0 0 0.7071068 0 0.7071068 7.142932 2
5.1831 SecondCar -49.84268 0.025 2.97 0 90 0 0 0.7071068 0 0.7071068 7.104938 2
5.1845 Head 0 1.6 2.744585 11.54997 10.50001 0 0.1001998 0.09103734 -0.009207079 0.990751
5.1845 FirstCar -17.58149 0.025 2.97 0 90 0 0 0.7071068 0 0.7071068 7.139538 2
5.1845 SecondCar -49.83263 0.025 2.97 0 90 0 0 0.7071068 0 0.7071068 7.101543 2
5.1858 Head 0 1.6 2.746438 11.54997 10.50001 0 0.1001998 0.09103734 -0.009207079 0.990751
5.1858 FirstCar -17.57193 0.025 2.97 0 90 0 0 0.7071068 0 0.7071068 7.136322 2
5.1858 SecondCar -49.82312 0.025 2.97 0 90 0 0 0.7071068 0 0.7071068 7.098327 2
5.1872 Head 0 1.6 2.748193 11.54997 10.50001 0 0.1001998 0.09103734 -0.009207079 0.990751
5.1872 FirstCar -17.56239 0.025 2.97 0 90 0 0 0.7071068 0 0.7071068 7.13311 2
5.1872 SecondCar -49.81363 0.025 2.97 0 90 0 0 0.7071068 0 0.7071068 7.095115 2
5.1889 Head 0 1.6 2.749946 11.54997 10.50001 0 0.1001998 0.09103734 -0.009207079 0.990751
5.1889 FirstCar -17.55016 0.025 2.97 0 90 0 0 0.7071068 0 0.7071068 7.128995 2
5.1889 SecondCar -49.80147 0.025 2.97 0 90 0 0 0.7071068 0 0.7071068 7.091 2
5.1914 Head 0 1.6 2.752192 11.69997 11.17501 1.089861E-07 0.1014399 0.09685881 -0.009923937 0.9900656
5.1914 FirstCar -17.53197 0.025 2.97 0 90 0 0 0.7071068 0 0.7071068 7.122865 2
5.1914 SecondCar -49.78337 0.025 2.97 0 90 0 0 0.7071068 0 0.7071068 7.08487 2
5.1929 Head 0 1.6 2.755538 11.69997 11.17501 1.089861E-07 0.1014399 0.09685881 -0.009923937 0.9900656
5.1929 FirstCar -17.52195 0.025 2.97 0 90 0 0 0.7071068 0 0.7071068 7.119488 2
5.1929 SecondCar -49.77341 0.025 2.97 0 90 0 0 0.7071068 0 0.7071068 7.081493 2
5.1943 Head 0 1.6 2.757381 11.69997 11.17501 1.089861E-07 0.1014399 0.09685881 -0.009923937 0.9900656
5.1943 FirstCar -17.5119 0.025 2.97 0 90 0 0 0.7071068 0 0.7071068 7.116099 2
5.1943 SecondCar -49.76341 0.025 2.97 0 90 0 0 0.7071068 0 0.7071068 7.078104 2
5.1957 Head 0 1.6 2.759231 11.69997 11.17501 1.089861E-07 0.1014399 0.09685881 -0.009923937 0.9900656
5.1957 FirstCar -17.50166 0.025 2.97 0 90 0 0 0.7071068 0 0.7071068 7.112643 2
5.1957 SecondCar -49.75323 0.025 2.97 0 90 0 0 0.7071068 0 0.7071068 7.074648 2
5.1975 Head 0 1.6 2.761117 11.69997 11.17501 1.089861E-07 0.1014399 0.09685881 -0.009923937 0.9900656
5.1975 FirstCar -17.48885 0.025 2.97 0 90 0 0 0.7071068 0 0.7071068 7.108318 2
5.1975 SecondCar -49.74049 0.025 2.97 0 90 0 0 0.7071068 0 0.7071068 7.070323 2
5.1998 Head 0 1.6 2.763478 11.84997 11.85001 0 0.1026748 0.1026752 -0.0106557 0.9893443
5.1998 FirstCar -17.47235 0.025 2.97 0 90 0 0 0.7071068 0 0.7071068 7.102743 2
5.1998 SecondCar -49.72407 0.025 2.97 0 90 0 0 0.7071068 0 0.7071068 7.064748 2
5.2015 Head 0 1.6 2.766522 11.84997 11.85001 0 0.1026748 0.1026752 -0.0106557 0.9893443
5.2015 FirstCar -17.46042 0.025 2.97 0 90 0 0 0.7071068 0 0.7071068 7.098709 2
5.2015 SecondCar -49.7122 0.025 2.97 0 90 0 0 0.7071068 0 0.7071068 7.060714 2
5.2030 Head 0 1.6 2.768724 11.84997 11.85001 0 0.1026748 0.1026752 -0.0106557 0.9893443
5.2030 FirstCar -17.44966 0.025 2.97 0 90 0 0 0.7071068 0 0.7071068 7.095069 2
5.2030 SecondCar -49.7015 0.025 2.97 0 90 0 0 0.7071068 0 0.7071068 7.057074 2
5.2048 Head 0 1.6 2.77071 11.84997 11.85001 0 0.1026748 0.1026752 -0.0106557 0.9893443
5.2048 FirstCar -17.43708 0.025 2.97 0 90 0 0 0.7071068 0 0.7071068 7.090813 2
5.2048 SecondCar -49.68899 0.025 2.97 0 90 0 0 0.7071068 0 0.7071068 7.052818 2
5.2064 Head 0 1.6 2.773034 11.99997 12.67501 0 0.1038894 0.1097802 -0.01153834 0.9884443
5.2064 FirstCar -17.42569 0.025 2.97 0 90 0 0 0.7071068 0 0.7071068 7.086955 2
5.2064 SecondCar -49.67766 0.025 2.97 0 90 0 0 0.7071068 0 0.7071068 7.04896 2
5.2079 Head 0 1.6 2.77514 11.99997 12.67501 0 0.1038894 0.1097802 -0.01153834 0.9884443
5.2079 FirstCar -17.41537 0.025 2.97 0 90 0 0 0.7071068 0 0.7071068 7.083457 2
5.2079 SecondCar -49.66739 0.025 2.97 0 90 0 0 0.7071068 0 0.7071068 7.045463 2
5.2094 Head 0 1.6 2.777048 11.99997 12.67501 0 0.1038894 0.1097802 -0.01153834 0.9884443
5.2094 FirstCar -17.40476 0.025 2.97 0 90 0 0 0.7071068 0 0.7071068 7.07986 2
5.2094 SecondCar -49.65684 0.025 2.97 0 90 0 0 0.7071068 0 0.7071068 7.041865 2
5.2112 Head 0 1.6 2.779012 11.99997 12.67501 0 0.1038894 0.1097802 -0.01153834 0.9884443
5.2112 FirstCar -17.39177 0.025 2.97 0 90 0 0 0.7071068 0 0.7071068 7.075456 2
5.2112 SecondCar -49.64392 0.025 2.97 0 90 0 0 0.7071068 0 0.7071068 7.037461 2
5.2131 Head 0 1.6 2.781416 11.99997 12.67501 0 0.1038894 0.1097802 -0.01153834 0.9884443
5.2131 FirstCar -17.37821 0.025 2.97 0 90 0 0 0.7071068 0 0.7071068 7.070851 2
5.2131 SecondCar -49.63043 0.025 2.97 0 90 0 0 0.7071068 0 0.7071068 7.032856 2
5.2152 Head 0 1.6 2.783929 12.07497 13.50001 0 0.10445 0.1168856 -0.01236248 0.9875602
5.2152 FirstCar -17.36317 0.025 2.97 0 90 0 0 0.7071068 0 0.7071068 7.065744 2
5.2152 SecondCar -49.61548 0.025 2.97 0 90 0 0 0.7071068 0 0.7071068 7.02775 2
5.2170 Head 0 1.6 2.786717 12.07497 13.50001 0 0.10445 0.1168856 -0.01236248 0.9875602
5.2170 FirstCar -17.35113 0.025 2.97 0 90 0 0 0.7071068 0 0.7071068 7.061651 2
5.2170 SecondCar -49.6035 0.025 2.97 0 90 0 0 0.7071068 0 0.7071068 7.023656 2
5.2185 Head 0 1.6 2.788951 12.07497 13.50001 0 0.10445 0.1168856 -0.01236248 0.9875602
5.2185 FirstCar -17.34021 0.025 2.97 0 90 0 0 0.7071068 0 0.7071068 7.057936 2
5.2185 SecondCar -49.59263 0.025 2.97 0 90 0 0 0.7071068 0 0.7071068 7.019941 2
5.2205 Head 0 1.6 2.790979 12.07497 13.50001 0 0.10445 0.1168856 -0.01236248 0.9875602
5.2205 FirstCar -17.32578 0.025 2.97 0 90 0 0 0.7071068 0 0.7071068 7.053027 2
5.2205 SecondCar -49.57829 0.025 2.97 0 90 0 0 0.7071068 0 0.7071068 7.015032 2
5.2223 Head 0 1.6 2.793658 12.22497 14.25001 0 0.1056585 0.1233294 -0.01320729 0.9866366
5.2223 FirstCar -17.31355 0.025 2.97 0 90 0 0 0.7071068 0 0.7071068 7.048862 2
5.2223 SecondCar -49.56612 0.025 2.97 0 90 0 0 0.7071068 0 0.7071068 7.010867 2
5.2237 Head 0 1.6 2.795932 12.22497 14.25001 0 0.1056585 0.1233294 -0.01320729 0.9866366
5.2237 FirstCar -17.30325 0.025 2.97 0 90 0 0 0.7071068 0 0.7071068 7.045356 2
5.2237 SecondCar -49.55588 0.025 2.97 0 90 0 0 0.7071068 0 0.7071068 7.007361 2
5.2251 Head 0 1.6 2.797846 12.22497 14.25001 0 0.1056585 0.1233294 -0.01320729 0.9866366
5.2251 FirstCar -17.29362 0.025 2.97 0 90 0 0 0.7071068 0 0.7071068 7.042073 2
5.2251 SecondCar -49.5463 0.025 2.97 0 90 0 0 0.7071068 0 0.7071068 7.004078 2
5.2265 Head 0 1.6 2.799638 12.22497 14.25001 0 0.1056585 0.1233294 -0.01320729 0.9866366
5.2265 FirstCar -17.28374 0.025 2.97 0 90 0 0 0.7071068 0 0.7071068 7.038702 2
5.2265 SecondCar -49.53647 0.025 2.97 0 90 0 0 0.7071068 0 0.7071068 7.000708 2
5.2285 Head 0 1.6 2.801477 12.22497 14.25001 0 0.1056585 0.1233294 -0.01320729 0.9866366
5.2285 FirstCar -17.26945 0.025 2.97 0 90 0 0 0.7071068 0 0.7071068 7.033827 2
5.2285 SecondCar -49.52226 0.025 2.97 0 90 0 0 0.7071068 0 0.7071068 6.995832 2
5.2304 Head 0 1.6 2.804138 12.37497 15.07501 -2.185205E-07 0.1068508 0.130411 -0.01413834 0.9855841
5.2304 FirstCar -17.25623 0.025 2.97 0 90 0 0 0.7071068 0 0.7071068 7.029313 2
5.2304 SecondCar -49.50911 0.025 2.97 0 90 0 0 0.7071068 0 0.7071068 6.991318 2
5.2325 Head 0 1.6 2.806602 12.37497 15.07501 -2.185205E-07 0.1068508 0.130411 -0.01413834 0.9855841
5.2325 FirstCar -17.24152 0.025 2.97 0 90 0 0 0.7071068 0 0.7071068 7.024288 2
5.2325 SecondCar -49.49448 0.025 2.97 0 90 0 0 0.7071068 0 0.7071068 6.986293 2
5.2340 Head 0 1.6 2.809345 12.37497 15.07501 -2.185205E-07 0.1068508 0.130411 -0.01413834 0.9855841
5.2340 FirstCar -17.2311 0.025 2.97 0 90 0 0 0.7071068 0 0.7071068 7.020727 2
5.2340 SecondCar -49.48412 0.025 2.97 0 90 0 0 0.7071068 0 0.7071068 6.982732 2
5.2353 Head 0 1.6 2.811289 12.37497 15.07501 -2.185205E-07 0.1068508 0.130411 -0.01413834 0.9855841
5.2353 FirstCar -17.22212 0.025 2.97 0 90 0 0 0.7071068 0 0.7071068 7.017654 2
5.2353 SecondCar -49.47518 0.025 2.97 0 90 0 0 0.7071068 0 0.7071068 6.979659 2
5.2369 Head 0 1.6 2.812967 12.37497 15.07501 -2.185205E-07 0.1068508 0.130411 -0.01413834 0.9855841
5.2369 FirstCar -17.21046 0.025 2.97 0 90 0 0 0.7071068 0 0.7071068 7.013665 2
5.2369 SecondCar -49.46359 0.025 2.97 0 90 0 0 0.7071068 0 0.7071068 6.97567 2
5.2383 Head 0 1.6 2.815144 12.52497 15.90001 0 0.1080351 0.1374836 -0.01508722 0.9844791
5.2383 FirstCar -17.20079 0.025 2.97 0 90 0 0 0.7071068 0 0.7071068 7.010353 2
5.2383 SecondCar -49.45397 0.025 2.97 0 90 0 0 0.7071068 0 0.7071068 6.972358 2
5.2396 Head 0 1.6 2.816951 12.52497 15.90001 0 0.1080351 0.1374836 -0.01508722 0.9844791
5.2396 FirstCar -17.19157 0.025 2.97 0 90 0 0 0.7071068 0 0.7071068 7.007195 2
5.2396 SecondCar -49.4448 0.025 2.97 0 90 0 0 0.7071068 0 0.7071068 6.969201 2
5.2409 Head 0 1.6 2.818675 12.52497 15.90001 0 0.1080351 0.1374836 -0.01508722 0.9844791
5.2409 FirstCar -17.18262 0.025 2.97 0 90 0 0 0.7071068 0 0.7071068 7.004131 2
5.2409 SecondCar -49.4359 0.025 2.97 0 90 0 0 0.7071068 0 0.7071068 6.966136 2
5.2422 Head 0 1.6 2.820348 12.52497 15.90001 0 0.1080351 0.1374836 -0.01508722 0.9844791
5.2422 FirstCar -17.17369 0.025 2.97 0 90 0 0 0.7071068 0 0.7071068 7.00107 2
5.2422 SecondCar -49.42702 0.025 2.97 0 90 0 0 0.7071068 0 0.7071068 6.963075 2
5.2435 Head 0 1.6 2.822018 12.52497 15.90001 0 0.1080351 0.1374836 -0.01508722 0.9844791
5.2435 FirstCar -17.16472 0.025 2.97 0 90 0 0 0.7071068 0 0.7071068 6.997993 2
5.2435 SecondCar -49.4181 0.025 2.97 0 90 0 0 0.7071068 0 0.7071068 6.959998 2
5.2457 Head 0 1.6 2.823698 12.52497 15.90001 0 0.1080351 0.1374836 -0.01508722 0.9844791
5.2457 FirstCar -17.14882 0.025 2.97 0 90 0 0 0.7071068 0 0.7071068 6.992537 2
5.2457 SecondCar -49.40229 0.025 2.97 0 90 0 0 0.7071068 0 0.7071068 6.954542 2
5.2472 Head 0 1.6 2.826676 12.67497 16.72501 0 0.1092109 0.1445469 -0.01605384 0.9833217
5.2472 FirstCar -17.13899 0.025 2.97 0 90 0 0 0.7071068 0 0.7071068 6.98916 2
5.2472 SecondCar -49.39251 0.025 2.97 0 90 0 0 0.7071068 0 0.7071068 6.951165 2
5.2484 Head 0 1.6 2.828519 12.67497 16.72501 0 0.1092109 0.1445469 -0.01605384 0.9833217
5.2484 FirstCar -17.13049 0.025 2.97 0 90 0 0 0.7071068 0 0.7071068 6.986239 2
5.2484 SecondCar -49.38405 0.025 2.97 0 90 0 0 0.7071068 0 0.7071068 6.948244 2
5.2496 Head 0 1.6 2.830114 12.67497 16.72501 0 0.1092109 0.1445469 -0.01605384 0.9833217
5.2496 FirstCar -17.12161 0.025 2.97 0 90 0 0 0.7071068 0 0.7071068 6.983186 2
5.2496 SecondCar -49.37521 0.025 2.97 0 90 0 0 0.7071068 0 0.7071068 6.945191 2
5.2513 Head 0 1.6 2.83178 12.67497 16.72501 0 0.1092109 0.1445469 -0.01605384 0.9833217
5.2513 FirstCar -17.11023 0.025 2.97 0 90 0 0 0.7071068 0 0.7071068 6.979275 2
5.2513 SecondCar -49.3639 0.025 2.97 0 90 0 0 0.7071068 0 0.7071068 6.94128 2
5.2528 Head 0 1.6 2.833915 12.67497 16.72501 0 0.1092109 0.1445469 -0.01605384 0.9833217
5.2528 FirstCar -17.09965 0.025 2.97 0 90 0 0 0.7071068 0 0.7071068 6.975634 2
5.2528 SecondCar -49.35338 0.025 2.97 0 90 0 0 0.7071068 0 0.7071068 6.937639 2
5.2542 Head 0 1.6 2.835902 12.82497 17.55001 -2.189044E-07 0.1103782 0.1516003 -0.01703814 0.9821119
5.2542 FirstCar -17.09008 0.025 2.97 0 90 0 0 0.7071068 0 0.7071068 6.972338 2
5.2542 SecondCar -49.34386 0.025 2.97 0 90 0 0 0.7071068 0 0.7071068 6.934343 2
5.2555 Head 0 1.6 2.837701 12.82497 17.55001 -2.189044E-07 0.1103782 0.1516003 -0.01703814 0.9821119
5.2555 FirstCar -17.08081 0.025 2.97 0 90 0 0 0.7071068 0 0.7071068 6.969148 2
5.2555 SecondCar -49.33464 0.025 2.97 0 90 0 0 0.7071068 0 0.7071068 6.931153 2
5.2568 Head 0 1.6 2.839442 12.82497 17.55001 -2.189044E-07 0.1103782 0.1516003 -0.01703814 0.9821119
5.2568 FirstCar -17.07189 0.025 2.97 0 90 0 0 0.7071068 0 0.7071068 6.966075 2
5.2568 SecondCar -49.32578 0.025 2.97 0 90 0 0 0.7071068 0 0.7071068 6.92808 2
5.2580 Head 0 1.6 2.84112 12.82497 17.55001 -2.189044E-07 0.1103782 0.1516003 -0.01703814 0.9821119
5.2580 FirstCar -17.06333 0.025 2.97 0 90 0 0 0.7071068 0 0.7071068 6.963123 2
5.2580 SecondCar -49.31726 0.025 2.97 0 90 0 0 0.7071068 0 0.7071068 6.925128 2
5.2593 Head 0 1.6 2.842731 12.82497 17.55001 -2.189044E-07 0.1103782 0.1516003 -0.01703814 0.9821119
5.2593 FirstCar -17.0546 0.025 2.97 0 90 0 0 0.7071068 0 0.7071068 6.960112 2
5.2593 SecondCar -49.30857 0.025 2.97 0 90 0 0 0.7071068 0 0.7071068 6.922117 2
5.2610 Head 0 1.6 2.844374 12.82497 17.55001 -2.189044E-07 0.1103782 0.1516003 -0.01703814 0.9821119
5.2610 FirstCar -17.0425 0.025 2.97 0 90 0 0 0.7071068 0 0.7071068 6.955939 2
5.2610 SecondCar -49.29654 0.025 2.97 0 90 0 0 0.7071068 0 0.7071068 6.917944 2
5.2624 Head 0 1.6 2.846652 12.89997 18.37501 0 0.1108947 0.1586553 -0.0179362 0.9809226
5.2624 FirstCar -17.0329 0.025 2.97 0 90 0 0 0.7071068 0 0.7071068 6.952623 2
5.2624 SecondCar -49.28699 0.025 2.97 0 90 0 0 0.7071068 0 0.7071068 6.914629 2
5.2638 Head 0 1.6 2.848462 12.89997 18.37501 0 0.1108947 0.1586553 -0.0179362 0.9809226
5.2638 FirstCar -17.02271 0.025 2.97 0 90 0 0 0.7071068 0 0.7071068 6.949105 2
5.2638 SecondCar -49.27686 0.025 2.97 0 90 0 0 0.7071068 0 0.7071068 6.91111 2
5.2651 Head 0 1.6 2.850382 12.89997 18.37501 0 0.1108947 0.1586553 -0.0179362 0.9809226
5.2651 FirstCar -17.01366 0.025 2.97 0 90 0 0 0.7071068 0 0.7071068 6.94598 2
5.2651 SecondCar -49.26786 0.025 2.97 0 90 0 0 0.7071068 0 0.7071068 6.907985 2
5.2664 Head 0 1.6 2.852088 12.89997 18.37501 0 0.1108947 0.1586553 -0.0179362 0.9809226
5.2664 FirstCar -17.00505 0.025 2.97 0 90 0 0 0.7071068 0 0.7071068 6.943001 2
5.2664 SecondCar -49.25929 0.025 2.97 0 90 0 0 0.7071068 0 0.7071068 6.905006 2
5.2677 Head 0 1.6 2.853714 12.89997 18.37501 0 0.1108947 0.1586553 -0.0179362 0.9809226
5.2677 FirstCar -16.99607 0.025 2.97 0 90 0 0 0.7071068 0 0.7071068 6.939896 2
5.2677 SecondCar -49.25036 0.025 2.97 0 90 0 0 0.7071068 0 0.7071068 6.901901 2
5.2696 Head 0 1.6 2.855409 12.89997 18.37501 0 0.1108947 0.1586553 -0.0179362 0.9809226
5.2696 FirstCar -16.98294 0.025 2.97 0 90 0 0 0.7071068 0 0.7071068 6.935354 2
5.2696 SecondCar -49.23731 0.025 2.97 0 90 0 0 0.7071068 0 0.7071068 6.897359 2
5.2714 Head 0 1.6 2.857888 13.04996 19.05001 0 0.1120698 0.1644062 -0.01880433 0.9798252
5.2714 FirstCar -16.97 0.025 2.97 0 90 0 0 0.7071068 0 0.7071068 6.93087 2
5.2714 SecondCar -49.22443 0.025 2.97 0 90 0 0 0.7071068 0 0.7071068 6.892875 2
5.2732 Head 0 1.6 2.860336 13.04996 19.05001 0 0.1120698 0.1644062 -0.01880433 0.9798252
5.2732 FirstCar -16.95792 0.025 2.97 0 90 0 0 0.7071068 0 0.7071068 6.926684 2
5.2732 SecondCar -49.21242 0.025 2.97 0 90 0 0 0.7071068 0 0.7071068 6.88869 2
5.2748 Head 0 1.6 2.86262 13.04996 19.05001 0 0.1120698 0.1644062 -0.01880433 0.9798252
5.2748 FirstCar -16.94697 0.025 2.97 0 90 0 0 0.7071068 0 0.7071068 6.92289 2
5.2748 SecondCar -49.20153 0.025 2.97 0 90 0 0 0.7071068 0 0.7071068 6.884895 2
5.2772 Head 0 1.6 2.864691 13.04996 19.05001 0 0.1120698 0.1644062 -0.01880433 0.9798252
5.2772 FirstCar -16.93002 0.025 2.97 0 90 0 0 0.7071068 0 0.7071068 6.917007 2
5.2772 SecondCar -49.18467 0.025 2.97 0 90 0 0 0.7071068 0 0.7071068 6.879012 2
5.2792 Head 0 1.6 2.867902 13.19996 19.80001 0 0.1132253 0.1707898 -0.019761 0.9785808
5.2792 FirstCar -16.91639 0.025 2.97 0 90 0 0 0.7071068 0 0.7071068 6.912276 2
5.2792 SecondCar -49.17112 0.025 2.97 0 90 0 0 0.7071068 0 0.7071068 6.874281 2
5.2808 Head 0 1.6 2.870484 13.19996 19.80001 0 0.1132253 0.1707898 -0.019761 0.9785808
5.2808 FirstCar -16.90549 0.025 2.97 0 90 0 0 0.7071068 0 0.7071068 6.908489 2
5.2808 SecondCar -49.16028 0.025 2.97 0 90 0 0 0.7071068 0 0.7071068 6.870494 2
5.2822 Head 0 1.6 2.872551 13.19996 19.80001 0 0.1132253 0.1707898 -0.019761 0.9785808
5.2822 FirstCar -16.89561 0.025 2.97 0 90 0 0 0.7071068 0 0.7071068 6.905055 2
5.2822 SecondCar -49.15045 0.025 2.97 0 90 0 0 0.7071068 0 0.7071068 6.86706 2
5.2836 Head 0 1.6 2.874426 13.19996 19.80001 0 0.1132253 0.1707898 -0.019761 0.9785808
5.2836 FirstCar -16.88596 0.025 2.97 0 90 0 0 0.7071068 0 0.7071068 6.9017 2
5.2836 SecondCar -49.14086 0.025 2.97 0 90 0 0 0.7071068 0 0.7071068 6.863705 2
5.2852 Head 0 1.6 2.876257 13.19996 19.80001 0 0.1132253 0.1707898 -0.019761 0.9785808
5.2852 FirstCar -16.87463 0.025 2.97 0 90 0 0 0.7071068 0 0.7071068 6.897758 2
5.2852 SecondCar -49.12959 0.025 2.97 0 90 0 0 0.7071068 0 0.7071068 6.859763 2
5.2867 Head 0 1.6 2.878409 13.27497 20.55001 -2.193033E-07 0.1137333 0.1771774 -0.0206176 0.9773678
5.2867 FirstCar -16.86442 0.025 2.97 0 90 0 0 0.7071068 0 0.7071068 6.894205 2
5.2867 SecondCar -49.11944 0.025 2.97 0 90 0 0 0.7071068 0 0.7071068 6.85621 2
5.2880 Head 0 1.6 2.880348 13.27497 20.55001 -2.193033E-07 0.1137333 0.1771774 -0.0206176 0.9773678
5.2880 FirstCar -16.85532 0.025 2.97 0 90 0 0 0.7071068 0 0.7071068 6.891034 2
5.2880 SecondCar -49.11038 0.025 2.97 0 90 0 0 0.7071068 0 0.7071068 6.853039 2
5.2897 Head 0 1.6 2.882079 13.27497 20.55001 -2.193033E-07 0.1137333 0.1771774 -0.0206176 0.9773678
5.2897 FirstCar -16.84415 0.025 2.97 0 90 0 0 0.7071068 0 0.7071068 6.887142 2
5.2897 SecondCar -49.09927 0.025 2.97 0 90 0 0 0.7071068 0 0.7071068 6.849147 2
5.2915 Head 0 1.6 2.884203 13.27497 20.55001 -2.193033E-07 0.1137333 0.1771774 -0.0206176 0.9773678
5.2915 FirstCar -16.83173 0.025 2.97 0 90 0 0 0.7071068 0 0.7071068 6.882812 2
5.2915 SecondCar -49.08692 0.025 2.97 0 90 0 0 0.7071068 0 0.7071068 6.844817 2
5.2933 Head 0 1.6 2.886567 13.27497 20.55001 -2.193033E-07 0.1137333 0.1771774 -0.0206176 0.9773678
5.2933 FirstCar -16.81921 0.025 2.97 0 90 0 0 0.7071068 0 0.7071068 6.878443 2
5.2933 SecondCar -49.07447 0.025 2.97 0 90 0 0 0.7071068 0 0.7071068 6.840448 2
5.2947 Head 0 1.6 2.888952 13.42496 21.22501 0 0.1148878 0.1829035 -0.02152661 0.9761577
5.2947 FirstCar -16.80919 0.025 2.97 0 90 0 0 0.7071068 0 0.7071068 6.874943 2
5.2947 SecondCar -49.0645 0.025 2.97 0 90 0 0 0.7071068 0 0.7071068 6.836948 2
5.2960 Head 0 1.6 2.890862 13.42496 21.22501 0 0.1148878 0.1829035 -0.02152661 0.9761577
5.2960 FirstCar -16.80034 0.025 2.97 0 90 0 0 0.7071068 0 0.7071068 6.871855 2
5.2960 SecondCar -49.05571 0.025 2.97 0 90 0 0 0.7071068 0 0.7071068 6.83386 2
5.2973 Head 0 1.6 2.892548 13.42496 21.22501 0 0.1148878 0.1829035 -0.02152661 0.9761577
5.2973 FirstCar -16.79173 0.025 2.97 0 90 0 0 0.7071068 0 0.7071068 6.868845 2
5.2973 SecondCar -49.04714 0.025 2.97 0 90 0 0 0.7071068 0 0.7071068 6.83085 2
5.2986 Head 0 1.6 2.894191 13.42496 21.22501 0 0.1148878 0.1829035 -0.02152661 0.9761577
5.2986 FirstCar -16.78269 0.025 2.97 0 90 0 0 0.7071068 0 0.7071068 6.865685 2
5.2986 SecondCar -49.03815 0.025 2.97 0 90 0 0 0.7071068 0 0.7071068 6.82769 2
5.3000 Head 0 1.6 2.895916 13.42496 21.22501 0 0.1148878 0.1829035 -0.02152661 0.9761577
5.3000 FirstCar -16.77315 0.025 2.97 0 90 0 0 0.7071068 0 0.7071068 6.862349 2
5.3000 SecondCar -49.02867 0.025 2.97 0 90 0 0 0.7071068 0 0.7071068 6.824354 2
5.3016 Head 0 1.6 2.897737 13.42496 21.22501 0 0.1148878 0.1829035 -0.02152661 0.9761577
5.3016 FirstCar -16.76236 0.025 2.97 0 90 0 0 0.7071068 0 0.7071068 6.858572 2
5.3016 SecondCar -49.01794 0.025 2.97 0 90 0 0 0.7071068 0 0.7071068 6.820577 2
5.3029 Head 0 1.6 2.899798 13.57496 21.97502 0 0.1160205 0.1892591 -0.02252585 0.9747886
5.3029 FirstCar -16.75333 0.025 2.97 0 90 0 0 0.7071068 0 0.7071068 6.855411 2
5.3029 SecondCar -49.00896 0.025 2.97 0 90 0 0 0.7071068 0 0.7071068 6.817416 2
5.3042 Head 0 1.6 2.901524 13.57496 21.97502 0 0.1160205 0.1892591 -0.02252585 0.9747886
5.3042 FirstCar -16.74462 0.025 2.97 0 90 0 0 0.7071068 0 0.7071068 6.852361 2
5.3042 SecondCar -49.0003 0.025 2.97 0 90 0 0 0.7071068 0 0.7071068 6.814366 2
5.3055 Head 0 1.6 2.903188 13.57496 21.97502 0 0.1160205 0.1892591 -0.02252585 0.9747886
5.3055 FirstCar -16.73511 0.025 2.97 0 90 0 0 0.7071068 0 0.7071068 6.84903 2
5.3055 SecondCar -48.99084 0.025 2.97 0 90 0 0 0.7071068 0 0.7071068 6.811035 2
5.3077 Head 0 1.6 2.905006 13.57496 21.97502 0 0.1160205 0.1892591 -0.02252585 0.9747886
5.3077 FirstCar -16.72067 0.025 2.97 0 90 0 0 0.7071068 0 0.7071068 6.843964 2
5.3077 SecondCar -48.97648 0.025 2.97 0 90 0 0 0.7071068 0 0.7071068 6.805969 2
5.3097 Head 0 1.6 2.907771 13.57496 21.97502 0 0.1160205 0.1892591 -0.02252585 0.9747886
5.3097 FirstCar -16.70698 0.025 2.97 0 90 0 0 0.7071068 0 0.7071068 6.83916 2
5.3097 SecondCar -48.96287 0.025 2.97 0 90 0 0 0.7071068 0 0.7071068 6.801166 2
5.3116 Head 0 1.6 2.910393 13.64996 22.72501 0 0.1165077 0.1956197 -0.02341275 0.973453
5.3116 FirstCar -16.69404 0.025 2.97 0 90 0 0 0.7071068 0 0.7071068 6.834616 2
5.3116 SecondCar -48.95 0.025 2.97 0 90 0 0 0.7071068 0 0.7071068 6.796621 2
5.3130 Head 0 1.6 2.912874 13.64996 22.72501 0 0.1165077 0.1956197 -0.02341275 0.973453
5.3130 FirstCar -16.68432 0.025 2.97 0 90 0 0 0.7071068 0 0.7071068 6.831203 2
5.3130 SecondCar -48.94033 0.025 2.97 0 90 0 0 0.7071068 0 0.7071068 6.793208 2
5.3142 Head 0 1.6 2.914737 13.64996 22.72501 0 0.1165077 0.1956197 -0.02341275 0.973453
5.3142 FirstCar -16.67582 0.025 2.97 0 90 0 0 0.7071068 0 0.7071068 6.828213 2
5.3142 SecondCar -48.93188 0.025 2.97 0 90 0 0 0.7071068 0 0.7071068 6.790218 2
5.3154 Head 0 1.6 2.916369 13.64996 22.72501 0 0.1165077 0.1956197 -0.02341275 0.973453
5.3154 FirstCar -16.66757 0.025 2.97 0 90 0 0 0.7071068 0 0.7071068 6.825314 2
5.3154 SecondCar -48.92368 0.025 2.97 0 90 0 0 0.7071068 0 0.7071068 6.787319 2
5.3170 Head 0 1.6 2.917951 13.64996 22.72501 0 0.1165077 0.1956197 -0.02341275 0.973453
5.3170 FirstCar -16.65702 0.025 2.97 0 90 0 0 0.7071068 0 0.7071068 6.821603 2
5.3170 SecondCar -48.91319 0.025 2.97 0 90 0 0 0.7071068 0 0.7071068 6.783608 2
5.3183 Head 0 1.6 2.919977 13.79996 23.47501 0 0.1176244 0.2019549 -0.02443916 0.9719987
5.3183 FirstCar -16.648 0.025 2.97 0 90 0 0 0.7071068 0 0.7071068 6.818429 2
5.3183 SecondCar -48.90422 0.025 2.97 0 90 0 0 0.7071068 0 0.7071068 6.780434 2
5.3197 Head 0 1.6 2.92171 13.79996 23.47501 0 0.1176244 0.2019549 -0.02443916 0.9719987
5.3197 FirstCar -16.6387 0.025 2.97 0 90 0 0 0.7071068 0 0.7071068 6.815151 2
5.3197 SecondCar -48.89497 0.025 2.97 0 90 0 0 0.7071068 0 0.7071068 6.777156 2
5.3210 Head 0 1.6 2.923498 13.79996 23.47501 0 0.1176244 0.2019549 -0.02443916 0.9719987
5.3210 FirstCar -16.62992 0.025 2.97 0 90 0 0 0.7071068 0 0.7071068 6.812058 2
5.3210 SecondCar -48.88624 0.025 2.97 0 90 0 0 0.7071068 0 0.7071068 6.774064 2
5.3224 Head 0 1.6 2.925186 13.79996 23.47501 0 0.1176244 0.2019549 -0.02443916 0.9719987
5.3224 FirstCar -16.6202 0.025 2.97 0 90 0 0 0.7071068 0 0.7071068 6.808633 2
5.3224 SecondCar -48.87658 0.025 2.97 0 90 0 0 0.7071068 0 0.7071068 6.770638 2
5.3237 Head 0 1.6 2.927056 13.79996 23.47501 0 0.1176244 0.2019549 -0.02443916 0.9719987
5.3237 FirstCar -16.61135 0.025 2.97 0 90 0 0 0.7071068 0 0.7071068 6.805509 2
5.3237 SecondCar -48.86777 0.025 2.97 0 90 0 0 0.7071068 0 0.7071068 6.767514 2
5.3253 Head 0 1.6 2.928761 13.79996 23.47501 0 0.1176244 0.2019549 -0.02443916 0.9719987
5.3253 FirstCar -16.60019 0.025 2.97 0 90 0 0 0.7071068 0 0.7071068 6.801575 2
5.3253 SecondCar -48.85668 0.025 2.97 0 90 0 0 0.7071068 0 0.7071068 6.76358 2
5.3266 Head 0 1.6 2.930909 13.87496 24.22501 0 0.1180972 0.2082957 -0.02534481 0.970579
5.3266 FirstCar -16.59118 0.025 2.97 0 90 0 0 0.7071068 0 0.7071068 6.798393 2
5.3266 SecondCar -48.84772 0.025 2.97 0 90 0 0 0.7071068 0 0.7071068 6.760398 2
5.3279 Head 0 1.6 2.932646 13.87496 24.22501 0 0.1180972 0.2082957 -0.02534481 0.970579
5.3279 FirstCar -16.58236 0.025 2.97 0 90 0 0 0.7071068 0 0.7071068 6.795277 2
5.3279 SecondCar -48.83894 0.025 2.97 0 90 0 0 0.7071068 0 0.7071068 6.757282 2
5.3293 Head 0 1.6 2.934346 13.87496 24.22501 0 0.1180972 0.2082957 -0.02534481 0.970579
5.3293 FirstCar -16.57318 0.025 2.97 0 90 0 0 0.7071068 0 0.7071068 6.792033 2
5.3293 SecondCar -48.82981 0.025 2.97 0 90 0 0 0.7071068 0 0.7071068 6.754038 2
5.3310 Head 0 1.6 2.936117 13.87496 24.22501 0 0.1180972 0.2082957 -0.02534481 0.970579
5.3310 FirstCar -16.56154 0.025 2.97 0 90 0 0 0.7071068 0 0.7071068 6.787918 2
5.3310 SecondCar -48.81824 0.025 2.97 0 90 0 0 0.7071068 0 0.7071068 6.749923 2
5.3327 Head 0 1.6 2.938363 13.87496 24.22501 0 0.1180972 0.2082957 -0.02534481 0.970579
5.3327 FirstCar -16.54986 0.025 2.97 0 90 0 0 0.7071068 0 0.7071068 6.783783 2
5.3327 SecondCar -48.80662 0.025 2.97 0 90 0 0 0.7071068 0 0.7071068 6.745789 2
5.3341 Head 0 1.6 2.94062 13.94996 24.97501 0 0.1185631 0.2146265 -0.02625769 0.9691175
5.3341 FirstCar -16.54025 0.025 2.97 0 90 0 0 0.7071068 0 0.7071068 6.780383 2
5.3341 SecondCar -48.79707 0.025 2.97 0 90 0 0 0.7071068 0 0.7071068 6.742388 2
5.3355 Head 0 1.6 2.942476 13.94996 24.97501 0 0.1185631 0.2146265 -0.02625769 0.9691175
5.3355 FirstCar -16.53117 0.025 2.97 0 90 0 0 0.7071068 0 0.7071068 6.777169 2
5.3355 SecondCar -48.78804 0.025 2.97 0 90 0 0 0.7071068 0 0.7071068 6.739174 2
5.3369 Head 0 1.6 2.94423 13.94996 24.97501 0 0.1185631 0.2146265 -0.02625769 0.9691175
5.3369 FirstCar -16.52135 0.025 2.97 0 90 0 0 0.7071068 0 0.7071068 6.77369 2
5.3369 SecondCar -48.77828 0.025 2.97 0 90 0 0 0.7071068 0 0.7071068 6.735695 2
5.3384 Head 0 1.6 2.946129 13.94996 24.97501 0 0.1185631 0.2146265 -0.02625769 0.9691175
5.3384 FirstCar -16.51138 0.025 2.97 0 90 0 0 0.7071068 0 0.7071068 6.770155 2
5.3384 SecondCar -48.76836 0.025 2.97 0 90 0 0 0.7071068 0 0.7071068 6.73216 2
5.3405 Head 0 1.6 2.948058 13.94996 24.97501 0 0.1185631 0.2146265 -0.02625769 0.9691175
5.3405 FirstCar -16.49725 0.025 2.97 0 90 0 0 0.7071068 0 0.7071068 6.765141 2
5.3405 SecondCar -48.75431 0.025 2.97 0 90 0 0 0.7071068 0 0.7071068 6.727146 2
5.3420 Head 0 1.6 2.950795 14.02496 25.72502 2.200016E-07 0.1190221 0.220947 -0.02717773 0.9676144
5.3420 FirstCar -16.48725 0.025 2.97 0 90 0 0 0.7071068 0 0.7071068 6.761592 2
5.3420 SecondCar -48.74437 0.025 2.97 0 90 0 0 0.7071068 0 0.7071068 6.723597 2
5.3437 Head 0 1.6 2.952732 14.02496 25.72502 2.200016E-07 0.1190221 0.220947 -0.02717773 0.9676144
5.3437 FirstCar -16.47584 0.025 2.97 0 90 0 0 0.7071068 0 0.7071068 6.757541 2
5.3437 SecondCar -48.73302 0.025 2.97 0 90 0 0 0.7071068 0 0.7071068 6.719546 2
5.3453 Head 0 1.6 2.954943 14.02496 25.72502 2.200016E-07 0.1190221 0.220947 -0.02717773 0.9676144
5.3453 FirstCar -16.46471 0.025 2.97 0 90 0 0 0.7071068 0 0.7071068 6.753584 2
5.3453 SecondCar -48.72195 0.025 2.97 0 90 0 0 0.7071068 0 0.7071068 6.71559 2
5.3468 Head 0 1.6 2.957103 14.02496 25.72502 2.200016E-07 0.1190221 0.220947 -0.02717773 0.9676144
5.3468 FirstCar -16.45448 0.025 2.97 0 90 0 0 0.7071068 0 0.7071068 6.749947 2
5.3468 SecondCar -48.71178 0.025 2.97 0 90 0 0 0.7071068 0 0.7071068 6.711952 2
5.3490 Head 0 1.6 2.959089 14.02496 25.72502 2.200016E-07 0.1190221 0.220947 -0.02717773 0.9676144
5.3490 FirstCar -16.44001 0.025 2.97 0 90 0 0 0.7071068 0 0.7071068 6.7448 2
5.3490 SecondCar -48.6974 0.025 2.97 0 90 0 0 0.7071068 0 0.7071068 6.706805 2
5.3512 Head 0 1.6 2.961898 14.02496 26.47501 0 0.1188416 0.2272752 -0.02795614 0.9661475
5.3512 FirstCar -16.42531 0.025 2.97 0 90 0 0 0.7071068 0 0.7071068 6.739564 2
5.3512 SecondCar -48.68278 0.025 2.97 0 90 0 0 0.7071068 0 0.7071068 6.70157 2
5.3526 Head 0 1.6 2.964756 14.02496 26.47501 0 0.1188416 0.2272752 -0.02795614 0.9661475
5.3526 FirstCar -16.41551 0.025 2.97 0 90 0 0 0.7071068 0 0.7071068 6.736071 2
5.3526 SecondCar -48.67303 0.025 2.97 0 90 0 0 0.7071068 0 0.7071068 6.698076 2
5.3546 Head 0 1.6 2.966662 14.02496 26.47501 0 0.1188416 0.2272752 -0.02795614 0.9661475
5.3546 FirstCar -16.40184 0.025 2.97 0 90 0 0 0.7071068 0 0.7071068 6.731197 2
5.3546 SecondCar -48.65944 0.025 2.97 0 90 0 0 0.7071068 0 0.7071068 6.693202 2
5.3568 Head 0 1.6 2.969323 14.02496 26.47501 0 0.1188416 0.2272752 -0.02795614 0.9661475
5.3568 FirstCar -16.3876 0.025 2.97 0 90 0 0 0.7071068 0 0.7071068 6.726116 2
5.3568 SecondCar -48.64528 0.025 2.97 0 90 0 0 0.7071068 0 0.7071068 6.688121 2
5.3583 Head 0 1.6 2.972096 14.09996 27.30001 0 0.1192685 0.2342061 -0.0289643 0.9644084
5.3583 FirstCar -16.37748 0.025 2.97 0 90 0 0 0.7071068 0 0.7071068 6.722504 2
5.3583 SecondCar -48.63522 0.025 2.97 0 90 0 0 0.7071068 0 0.7071068 6.684509 2
5.3598 Head 0 1.6 2.974068 14.09996 27.30001 0 0.1192685 0.2342061 -0.0289643 0.9644084
5.3598 FirstCar -16.36732 0.025 2.97 0 90 0 0 0.7071068 0 0.7071068 6.718875 2
5.3598 SecondCar -48.62511 0.025 2.97 0 90 0 0 0.7071068 0 0.7071068 6.680881 2
5.3611 Head 0 1.6 2.976048 14.09996 27.30001 0 0.1192685 0.2342061 -0.0289643 0.9644084
5.3611 FirstCar -16.3585 0.025 2.97 0 90 0 0 0.7071068 0 0.7071068 6.715722 2
5.3611 SecondCar -48.61634 0.025 2.97 0 90 0 0 0.7071068 0 0.7071068 6.677727 2
5.3624 Head 0 1.6 2.97777 14.09996 27.30001 0 0.1192685 0.2342061 -0.0289643 0.9644084
5.3624 FirstCar -16.34967 0.025 2.97 0 90 0 0 0.7071068 0 0.7071068 6.712567 2
5.3624 SecondCar -48.60757 0.025 2.97 0 90 0 0 0.7071068 0 0.7071068 6.674572 2
5.3637 Head 0 1.6 2.979492 14.09996 27.30001 0 0.1192685 0.2342061 -0.0289643 0.9644084
5.3637 FirstCar -16.34102 0.025 2.97 0 90 0 0 0.7071068 0 0.7071068 6.70947 2
5.3637 SecondCar -48.59896 0.025 2.97 0 90 0 0 0.7071068 0 0.7071068 6.671475 2
5.3657 Head 0 1.6 2.981182 14.09996 27.30001 0 0.1192685 0.2342061 -0.0289643 0.9644084
5.3657 FirstCar -16.3279 0.025 2.97 0 90 0 0 0.7071068 0 0.7071068 6.704776 2
5.3657 SecondCar -48.58592 0.025 2.97 0 90 0 0 0.7071068 0 0.7071068 6.666781 2
5.3671 Head 0 1.6 2.983745 14.09996 28.12502 0 0.1190569 0.2411433 -0.02982222 0.9626973
5.3671 FirstCar -16.31788 0.025 2.97 0 90 0 0 0.7071068 0 0.7071068 6.701187 2
5.3671 SecondCar -48.57595 0.025 2.97 0 90 0 0 0.7071068 0 0.7071068 6.663192 2
5.3686 Head 0 1.6 2.985704 14.09996 28.12502 0 0.1190569 0.2411433 -0.02982222 0.9626973
5.3686 FirstCar -16.30828 0.025 2.97 0 90 0 0 0.7071068 0 0.7071068 6.697746 2
5.3686 SecondCar -48.56641 0.025 2.97 0 90 0 0 0.7071068 0 0.7071068 6.659751 2
5.3704 Head 0 1.6 2.987582 14.09996 28.12502 0 0.1190569 0.2411433 -0.02982222 0.9626973
5.3704 FirstCar -16.29628 0.025 2.97 0 90 0 0 0.7071068 0 0.7071068 6.693444 2
5.3704 SecondCar -48.55447 0.025 2.97 0 90 0 0 0.7071068 0 0.7071068 6.655449 2
5.3729 Head 0 1.6 2.989931 14.09996 28.12502 0 0.1190569 0.2411433 -0.02982222 0.9626973
5.3729 FirstCar -16.27971 0.025 2.97 0 90 0 0 0.7071068 0 0.7071068 6.687499 2
5.3729 SecondCar -48.538 0.025 2.97 0 90 0 0 0.7071068 0 0.7071068 6.649504 2
5.3745 Head 0 1.6 2.993176 14.09996 28.87502 0 0.1188592 0.2474389 -0.0306008 0.9610984
5.3745 FirstCar -16.26839 0.025 2.97 0 90 0 0 0.7071068 0 0.7071068 6.683431 2
5.3745 SecondCar -48.52674 0.025 2.97 0 90 0 0 0.7071068 0 0.7071068 6.645436 2
5.3761 Head 0 1.6 2.995396 14.09996 28.87502 0 0.1188592 0.2474389 -0.0306008 0.9610984
5.3761 FirstCar -16.25799 0.025 2.97 0 90 0 0 0.7071068 0 0.7071068 6.679696 2
5.3761 SecondCar -48.5164 0.025 2.97 0 90 0 0 0.7071068 0 0.7071068 6.641701 2
5.3774 Head 0 1.6 2.997435 14.09996 28.87502 0 0.1188592 0.2474389 -0.0306008 0.9610984
5.3774 FirstCar -16.24912 0.025 2.97 0 90 0 0 0.7071068 0 0.7071068 6.676506 2
5.3774 SecondCar -48.50758 0.025 2.97 0 90 0 0 0.7071068 0 0.7071068 6.638511 2
5.3787 Head 0 1.6 2.999176 14.09996 28.87502 0 0.1188592 0.2474389 -0.0306008 0.9610984
5.3787 FirstCar -16.24066 0.025 2.97 0 90 0 0 0.7071068 0 0.7071068 6.673465 2
5.3787 SecondCar -48.49917 0.025 2.97 0 90 0 0 0.7071068 0 0.7071068 6.63547 2
5.3804 Head 0 1.6 3.000835 14.09996 28.87502 0 0.1188592 0.2474389 -0.0306008 0.9610984
5.3804 FirstCar -16.22903 0.025 2.97 0 90 0 0 0.7071068 0 0.7071068 6.669281 2
5.3804 SecondCar -48.48761 0.025 2.97 0 90 0 0 0.7071068 0 0.7071068 6.631286 2
5.3818 Head 0 1.6 3.00312 14.09996 29.77501 -2.200737E-07 0.1186152 0.2549796 -0.03153336 0.9591254
5.3818 FirstCar -16.22005 0.025 2.97 0 90 0 0 0.7071068 0 0.7071068 6.666047 2
5.3818 SecondCar -48.47868 0.025 2.97 0 90 0 0 0.7071068 0 0.7071068 6.628052 2
5.3831 Head 0 1.6 3.004885 14.09996 29.77501 -2.200737E-07 0.1186152 0.2549796 -0.03153336 0.9591254
5.3831 FirstCar -16.21138 0.025 2.97 0 90 0 0 0.7071068 0 0.7071068 6.662922 2
5.3831 SecondCar -48.47005 0.025 2.97 0 90 0 0 0.7071068 0 0.7071068 6.624927 2
5.3848 Head 0 1.6 3.006591 14.09996 29.77501 -2.200737E-07 0.1186152 0.2549796 -0.03153336 0.9591254
5.3848 FirstCar -16.19995 0.025 2.97 0 90 0 0 0.7071068 0 0.7071068 6.658802 2
5.3848 SecondCar -48.45868 0.025 2.97 0 90 0 0 0.7071068 0 0.7071068 6.620807 2
5.3864 Head 0 1.6 3.008839 14.09996 29.77501 -2.200737E-07 0.1186152 0.2549796 -0.03153336 0.9591254
5.3864 FirstCar -16.18955 0.025 2.97 0 90 0 0 0.7071068 0 0.7071068 6.655053 2
5.3864 SecondCar -48.44835 0.025 2.97 0 90 0 0 0.7071068 0 0.7071068 6.617058 2
5.3877 Head 0 1.6 3.010886 14.09996 29.77501 -2.200737E-07 0.1186152 0.2549796 -0.03153336 0.9591254
5.3877 FirstCar -16.1806 0.025 2.97 0 90 0 0 0.7071068 0 0.7071068 6.651825 2
5.3877 SecondCar -48.43945 0.025 2.97 0 90 0 0 0.7071068 0 0.7071068 6.61383 2
5.3895 Head 0 1.6 3.012648 14.09996 29.77501 -2.200737E-07 0.1186152 0.2549796 -0.03153336 0.9591254
5.3895 FirstCar -16.16884 0.025 2.97 0 90 0 0 0.7071068 0 0.7071068 6.647578 2
5.3895 SecondCar -48.42775 0.025 2.97 0 90 0 0 0.7071068 0 0.7071068 6.609583 2
5.3912 Head 0 1.6 3.014966 14.09996 30.67501 0 0.1183638 0.2625046 -0.03246398 0.9570932
5.3912 FirstCar -16.15719 0.025 2.97 0 90 0 0 0.7071068 0 0.7071068 6.643367 2
5.3912 SecondCar -48.41616 0.025 2.97 0 90 0 0 0.7071068 0 0.7071068 6.605372 2
5.3926 Head 0 1.6 3.017264 14.09996 30.67501 0 0.1183638 0.2625046 -0.03246398 0.9570932
5.3926 FirstCar -16.14783 0.025 2.97 0 90 0 0 0.7071068 0 0.7071068 6.639987 2
5.3926 SecondCar -48.40686 0.025 2.97 0 90 0 0 0.7071068 0 0.7071068 6.601992 2
5.3940 Head 0 1.6 3.019109 14.09996 30.67501 0 0.1183638 0.2625046 -0.03246398 0.9570932
5.3940 FirstCar -16.13915 0.025 2.97 0 90 0 0 0.7071068 0 0.7071068 6.636845 2
5.3940 SecondCar -48.39823 0.025 2.97 0 90 0 0 0.7071068 0 0.7071068 6.59885 2
5.3952 Head 0 1.6 3.020824 14.09996 30.67501 0 0.1183638 0.2625046 -0.03246398 0.9570932
5.3952 FirstCar -16.1309 0.025 2.97 0 90 0 0 0.7071068 0 0.7071068 6.633862 2
5.3952 SecondCar -48.39003 0.025 2.97 0 90 0 0 0.7071068 0 0.7071068 6.595867 2
5.3969 Head 0 1.6 3.022452 14.09996 30.67501 0 0.1183638 0.2625046 -0.03246398 0.9570932
5.3969 FirstCar -16.11988 0.025 2.97 0 90 0 0 0.7071068 0 0.7071068 6.629874 2
5.3969 SecondCar -48.37907 0.025 2.97 0 90 0 0 0.7071068 0 0.7071068 6.591879 2
5.3993 Head 0 1.6 3.024629 13.94996 31.50001 0 0.1168766 0.2694317 -0.03296264 0.9553323
5.3993 FirstCar -16.10351 0.025 2.97 0 90 0 0 0.7071068 0 0.7071068 6.62394 2
5.3993 SecondCar -48.36279 0.025 2.97 0 90 0 0 0.7071068 0 0.7071068 6.585946 2
5.4010 Head 0 1.6 3.027868 13.94996 31.50001 0 0.1168766 0.2694317 -0.03296264 0.9553323
5.4010 FirstCar -16.0928 0.025 2.97 0 90 0 0 0.7071068 0 0.7071068 6.62006 2
5.4010 SecondCar -48.35215 0.025 2.97 0 90 0 0 0.7071068 0 0.7071068 6.582065 2
5.4027 Head 0 1.6 3.029986 13.94996 31.50001 0 0.1168766 0.2694317 -0.03296264 0.9553323
5.4027 FirstCar -16.08156 0.025 2.97 0 90 0 0 0.7071068 0 0.7071068 6.615981 2
5.4027 SecondCar -48.34097 0.025 2.97 0 90 0 0 0.7071068 0 0.7071068 6.577986 2
5.4045 Head 0 1.6 3.032212 13.94996 31.50001 0 0.1168766 0.2694317 -0.03296264 0.9553323
5.4045 FirstCar -16.06928 0.025 2.97 0 90 0 0 0.7071068 0 0.7071068 6.611522 2
5.4045 SecondCar -48.32876 0.025 2.97 0 90 0 0 0.7071068 0 0.7071068 6.573527 2
5.4075 Head 0 1.6 3.034646 13.79996 32.47501 0 0.1153444 0.2775945 -0.03359253 0.9531572
5.4075 FirstCar -16.04936 0.025 2.97 0 90 0 0 0.7071068 0 0.7071068 6.604285 2
5.4075 SecondCar -48.30896 0.025 2.97 0 90 0 0 0.7071068 0 0.7071068 6.56629 2
5.4098 Head 0 1.6 3.038596 13.79996 32.47501 0 0.1153444 0.2775945 -0.03359253 0.9531572
5.4098 FirstCar -16.03431 0.025 2.97 0 90 0 0 0.7071068 0 0.7071068 6.598812 2
5.4098 SecondCar -48.29399 0.025 2.97 0 90 0 0 0.7071068 0 0.7071068 6.560817 2
5.4118 Head 0 1.6 3.041584 13.79996 32.47501 0 0.1153444 0.2775945 -0.03359253 0.9531572
5.4118 FirstCar -16.02111 0.025 2.97 0 90 0 0 0.7071068 0 0.7071068 6.594008 2
5.4118 SecondCar -48.28087 0.025 2.97 0 90 0 0 0.7071068 0 0.7071068 6.556013 2
5.4138 Head 0 1.6 3.044206 13.79996 32.47501 0 0.1153444 0.2775945 -0.03359253 0.9531572
5.4138 FirstCar -16.00806 0.025 2.97 0 90 0 0 0.7071068 0 0.7071068 6.589254 2
5.4138 SecondCar -48.26789 0.025 2.97 0 90 0 0 0.7071068 0 0.7071068 6.551259 2
5.4161 Head 0 1.6 3.046801 13.64996 33.37502 0 0.1138321 0.2851169 -0.03412421 0.9510974
5.4161 FirstCar -15.99274 0.025 2.97 0 90 0 0 0.7071068 0 0.7071068 6.583668 2
5.4161 SecondCar -48.25266 0.025 2.97 0 90 0 0 0.7071068 0 0.7071068 6.545673 2
5.4180 Head 0 1.6 3.049849 13.64996 33.37502 0 0.1138321 0.2851169 -0.03412421 0.9510974
5.4180 FirstCar -15.98021 0.025 2.97 0 90 0 0 0.7071068 0 0.7071068 6.579098 2
5.4180 SecondCar -48.24021 0.025 2.97 0 90 0 0 0.7071068 0 0.7071068 6.541103 2
5.4196 Head 0 1.6 3.052344 13.64996 33.37502 0 0.1138321 0.2851169 -0.03412421 0.9510974
5.4196 FirstCar -15.97001 0.025 2.97 0 90 0 0 0.7071068 0 0.7071068 6.575374 2
5.4196 SecondCar -48.23006 0.025 2.97 0 90 0 0 0.7071068 0 0.7071068 6.537379 2
5.4217 Head 0 1.6 3.054377 13.64996 33.37502 0 0.1138321 0.2851169 -0.03412421 0.9510974
5.4217 FirstCar -15.95632 0.025 2.97 0 90 0 0 0.7071068 0 0.7071068 6.570374 2
5.4217 SecondCar -48.21645 0.025 2.97 0 90 0 0 0.7071068 0 0.7071068 6.532379 2
5.4232 Head 0 1.6 3.057106 13.49996 34.27501 0 0.1123185 0.2926235 -0.03463418 0.9489766
5.4232 FirstCar -15.94637 0.025 2.97 0 90 0 0 0.7071068 0 0.7071068 6.566735 2
5.4232 SecondCar -48.20655 0.025 2.97 0 90 0 0 0.7071068 0 0.7071068 6.52874 2
5.4246 Head 0 1.6 3.059092 13.49996 34.27501 0 0.1123185 0.2926235 -0.03463418 0.9489766
5.4246 FirstCar -15.93723 0.025 2.97 0 90 0 0 0.7071068 0 0.7071068 6.563396 2
5.4246 SecondCar -48.19748 0.025 2.97 0 90 0 0 0.7071068 0 0.7071068 6.525401 2
5.4259 Head 0 1.6 3.060914 13.49996 34.27501 0 0.1123185 0.2926235 -0.03463418 0.9489766
5.4259 FirstCar -15.92876 0.025 2.97 0 90 0 0 0.7071068 0 0.7071068 6.560295 2
5.4259 SecondCar -48.18905 0.025 2.97 0 90 0 0 0.7071068 0 0.7071068 6.5223 2
5.4271 Head 0 1.6 3.062607 13.49996 34.27501 0 0.1123185 0.2926235 -0.03463418 0.9489766
5.4271 FirstCar -15.92027 0.025 2.97 0 90 0 0 0.7071068 0 0.7071068 6.557189 2
5.4271 SecondCar -48.18061 0.025 2.97 0 90 0 0 0.7071068 0 0.7071068 6.519194 2
5.4289 Head 0 1.6 3.064302 13.49996 34.27501 0 0.1123185 0.2926235 -0.03463418 0.9489766
5.4289 FirstCar -15.90896 0.025 2.97 0 90 0 0 0.7071068 0 0.7071068 6.553047 2
5.4289 SecondCar -48.16936 0.025 2.97 0 90 0 0 0.7071068 0 0.7071068 6.515052 2
5.4309 Head 0 1.6 3.066563 13.27496 35.10002 0 0.1102069 0.299517 -0.03485388 0.9470635
5.4309 FirstCar -15.89596 0.025 2.97 0 90 0 0 0.7071068 0 0.7071068 6.548283 2
5.4309 SecondCar -48.15644 0.025 2.97 0 90 0 0 0.7071068 0 0.7071068 6.510288 2
5.4323 Head 0 1.6 3.069163 13.27496 35.10002 0 0.1102069 0.299517 -0.03485388 0.9470635
5.4323 FirstCar -15.88631 0.025 2.97 0 90 0 0 0.7071068 0 0.7071068 6.544743 2
5.4323 SecondCar -48.14685 0.025 2.97 0 90 0 0 0.7071068 0 0.7071068 6.506748 2
5.4337 Head 0 1.6 3.071096 13.27496 35.10002 0 0.1102069 0.299517 -0.03485388 0.9470635
5.4337 FirstCar -15.87728 0.025 2.97 0 90 0 0 0.7071068 0 0.7071068 6.54143 2
5.4337 SecondCar -48.13787 0.025 2.97 0 90 0 0 0.7071068 0 0.7071068 6.503435 2
5.4351 Head 0 1.6 3.072904 13.27496 35.10002 0 0.1102069 0.299517 -0.03485388 0.9470635
5.4351 FirstCar -15.86792 0.025 2.97 0 90 0 0 0.7071068 0 0.7071068 6.537994 2
5.4351 SecondCar -48.12856 0.025 2.97 0 90 0 0 0.7071068 0 0.7071068 6.5 2
5.4371 Head 0 1.6 3.07478 13.27496 35.10002 0 0.1102069 0.299517 -0.03485388 0.9470635
5.4371 FirstCar -15.85492 0.025 2.97 0 90 0 0 0.7071068 0 0.7071068 6.533218 2
5.4371 SecondCar -48.11563 0.025 2.97 0 90 0 0 0.7071068 0 0.7071068 6.495223 2
5.4390 Head 0 1.6 3.077387 13.12496 35.85002 4.383374E-07 0.1087392 0.3057554 -0.03517422 0.9452261
5.4390 FirstCar -15.84262 0.025 2.97 0 90 0 0 0.7071068 0 0.7071068 6.528697 2
5.4390 SecondCar -48.10341 0.025 2.97 0 90 0 0 0.7071068 0 0.7071068 6.490703 2
5.4406 Head 0 1.6 3.079854 13.12496 35.85002 4.383374E-07 0.1087392 0.3057554 -0.03517422 0.9452261
5.4406 FirstCar -15.83255 0.025 2.97 0 90 0 0 0.7071068 0 0.7071068 6.524993 2
5.4406 SecondCar -48.0934 0.025 2.97 0 90 0 0 0.7071068 0 0.7071068 6.486999 2
5.4419 Head 0 1.6 3.081876 13.12496 35.85002 4.383374E-07 0.1087392 0.3057554 -0.03517422 0.9452261
5.4419 FirstCar -15.82401 0.025 2.97 0 90 0 0 0.7071068 0 0.7071068 6.52185 2
5.4419 SecondCar -48.0849 0.025 2.97 0 90 0 0 0.7071068 0 0.7071068 6.483855 2
5.4432 Head 0 1.6 3.083592 13.12496 35.85002 4.383374E-07 0.1087392 0.3057554 -0.03517422 0.9452261
5.4432 FirstCar -15.81554 0.025 2.97 0 90 0 0 0.7071068 0 0.7071068 6.518732 2
5.4432 SecondCar -48.07648 0.025 2.97 0 90 0 0 0.7071068 0 0.7071068 6.480737 2
5.4448 Head 0 1.6 3.085294 13.12496 35.85002 4.383374E-07 0.1087392 0.3057554 -0.03517422 0.9452261
5.4448 FirstCar -15.80522 0.025 2.97 0 90 0 0 0.7071068 0 0.7071068 6.514931 2
5.4448 SecondCar -48.06623 0.025 2.97 0 90 0 0 0.7071068 0 0.7071068 6.476936 2
5.4461 Head 0 1.6 3.087369 12.97496 36.67502 4.380715E-07 0.1072487 0.3125994 -0.03554701 0.9431415
5.4461 FirstCar -15.7965 0.025 2.97 0 90 0 0 0.7071068 0 0.7071068 6.511715 2
5.4461 SecondCar -48.05755 0.025 2.97 0 90 0 0 0.7071068 0 0.7071068 6.473721 2
5.4479 Head 0 1.6 3.089124 12.97496 36.67502 4.380715E-07 0.1072487 0.3125994 -0.03554701 0.9431415
5.4479 FirstCar -15.78479 0.025 2.97 0 90 0 0 0.7071068 0 0.7071068 6.507399 2
5.4479 SecondCar -48.04592 0.025 2.97 0 90 0 0 0.7071068 0 0.7071068 6.469404 2
5.4495 Head 0 1.6 3.09148 12.97496 36.67502 4.380715E-07 0.1072487 0.3125994 -0.03554701 0.9431415
5.4495 FirstCar -15.77463 0.025 2.97 0 90 0 0 0.7071068 0 0.7071068 6.503649 2
5.4495 SecondCar -48.03581 0.025 2.97 0 90 0 0 0.7071068 0 0.7071068 6.465654 2
5.4512 Head 0 1.6 3.093527 12.97496 36.67502 4.380715E-07 0.1072487 0.3125994 -0.03554701 0.9431415
5.4512 FirstCar -15.76341 0.025 2.97 0 90 0 0 0.7071068 0 0.7071068 6.499504 2
5.4512 SecondCar -48.02465 0.025 2.97 0 90 0 0 0.7071068 0 0.7071068 6.461509 2
5.4528 Head 0 1.6 3.095789 12.97496 36.67502 4.380715E-07 0.1072487 0.3125994 -0.03554701 0.9431415
5.4528 FirstCar -15.75283 0.025 2.97 0 90 0 0 0.7071068 0 0.7071068 6.495595 2
5.4528 SecondCar -48.01414 0.025 2.97 0 90 0 0 0.7071068 0 0.7071068 6.457601 2
5.4542 Head 0 1.6 3.097923 12.82497 37.42502 0 0.1057818 0.3188126 -0.03583089 0.9412146
5.4542 FirstCar -15.74391 0.025 2.97 0 90 0 0 0.7071068 0 0.7071068 6.492298 2
5.4542 SecondCar -48.00527 0.025 2.97 0 90 0 0 0.7071068 0 0.7071068 6.454303 2
5.4555 Head 0 1.6 3.099722 12.82497 37.42502 0 0.1057818 0.3188126 -0.03583089 0.9412146
5.4555 FirstCar -15.73513 0.025 2.97 0 90 0 0 0.7071068 0 0.7071068 6.48905 2
5.4555 SecondCar -47.99654 0.025 2.97 0 90 0 0 0.7071068 0 0.7071068 6.451056 2
5.4569 Head 0 1.6 3.101495 12.82497 37.42502 0 0.1057818 0.3188126 -0.03583089 0.9412146
5.4569 FirstCar -15.72659 0.025 2.97 0 90 0 0 0.7071068 0 0.7071068 6.485891 2
5.4569 SecondCar -47.98805 0.025 2.97 0 90 0 0 0.7071068 0 0.7071068 6.447896 2
5.4582 Head 0 1.6 3.10322 12.82497 37.42502 0 0.1057818 0.3188126 -0.03583089 0.9412146
5.4582 FirstCar -15.71816 0.025 2.97 0 90 0 0 0.7071068 0 0.7071068 6.482771 2
5.4582 SecondCar -47.97968 0.025 2.97 0 90 0 0 0.7071068 0 0.7071068 6.444777 2
5.4594 Head 0 1.6 3.104922 12.82497 37.42502 0 0.1057818 0.3188126 -0.03583089 0.9412146
5.4594 FirstCar -15.70984 0.025 2.97 0 90 0 0 0.7071068 0 0.7071068 6.47969 2
5.4594 SecondCar -47.97141 0.025 2.97 0 90 0 0 0.7071068 0 0.7071068 6.441695 2
5.4611 Head 0 1.6 3.106604 12.82497 37.42502 0 0.1057818 0.3188126 -0.03583089 0.9412146
5.4611 FirstCar -15.69914 0.025 2.97 0 90 0 0 0.7071068 0 0.7071068 6.475724 2
5.4611 SecondCar -47.96077 0.025 2.97 0 90 0 0 0.7071068 0 0.7071068 6.437729 2
5.4625 Head 0 1.6 3.108769 12.67496 38.10001 0 0.1043392 0.3243987 -0.03602877 0.9394577
5.4625 FirstCar -15.6903 0.025 2.97 0 90 0 0 0.7071068 0 0.7071068 6.472445 2
5.4625 SecondCar -47.95198 0.025 2.97 0 90 0 0 0.7071068 0 0.7071068 6.434451 2
5.4637 Head 0 1.6 3.110559 12.67496 38.10001 0 0.1043392 0.3243987 -0.03602877 0.9394577
5.4637 FirstCar -15.68201 0.025 2.97 0 90 0 0 0.7071068 0 0.7071068 6.469369 2
5.4637 SecondCar -47.94373 0.025 2.97 0 90 0 0 0.7071068 0 0.7071068 6.431374 2
5.4651 Head 0 1.6 3.112238 12.67496 38.10001 0 0.1043392 0.3243987 -0.03602877 0.9394577
5.4651 FirstCar -15.67341 0.025 2.97 0 90 0 0 0.7071068 0 0.7071068 6.466177 2
5.4651 SecondCar -47.93518 0.025 2.97 0 90 0 0 0.7071068 0 0.7071068 6.428182 2
5.4665 Head 0 1.6 3.11398 12.67496 38.10001 0 0.1043392 0.3243987 -0.03602877 0.9394577
5.4665 FirstCar -15.66438 0.025 2.97 0 90 0 0 0.7071068 0 0.7071068 6.462823 2
5.4665 SecondCar -47.9262 0.025 2.97 0 90 0 0 0.7071068 0 0.7071068 6.424828 2
5.4678 Head 0 1.6 3.115811 12.67496 38.10001 0 0.1043392 0.3243987 -0.03602877 0.9394577
5.4678 FirstCar -15.65547 0.025 2.97 0 90 0 0 0.7071068 0 0.7071068 6.459513 2
5.4678 SecondCar -47.91735 0.025 2.97 0 90 0 0 0.7071068 0 0.7071068 6.421518 2
5.4698 Head 0 1.6 3.117618 12.67496 38.10001 0 0.1043392 0.3243987 -0.03602877 0.9394577
5.4698 FirstCar -15.64266 0.025 2.97 0 90 0 0 0.7071068 0 0.7071068 6.45475 2
5.4698 SecondCar -47.90461 0.025 2.97 0 90 0 0 0.7071068 0 0.7071068 6.416755 2
5.4719 Head 0 1.6 3.120218 12.52497 38.77502 0 0.1028979 0.3299746 -0.03621085 0.9376661
5.4719 FirstCar -15.6292 0.025 2.97 0 90 0 0 0.7071068 0 0.7071068 6.449744 2
5.4719 SecondCar -47.89124 0.025 2.97 0 90 0 0 0.7071068 0 0.7071068 6.411749 2
5.4734 Head 0 1.6 3.12295 12.52497 38.77502 0 0.1028979 0.3299746 -0.03621085 0.9376661
5.4734 FirstCar -15.61935 0.025 2.97 0 90 0 0 0.7071068 0 0.7071068 6.446076 2
5.4734 SecondCar -47.88145 0.025 2.97 0 90 0 0 0.7071068 0 0.7071068 6.408082 2
5.4748 Head 0 1.6 3.124952 12.52497 38.77502 0 0.1028979 0.3299746 -0.03621085 0.9376661
5.4748 FirstCar -15.61045 0.025 2.97 0 90 0 0 0.7071068 0 0.7071068 6.44276 2
5.4748 SecondCar -47.8726 0.025 2.97 0 90 0 0 0.7071068 0 0.7071068 6.404765 2
5.4765 Head 0 1.6 3.126762 12.52497 38.77502 0 0.1028979 0.3299746 -0.03621085 0.9376661
5.4765 FirstCar -15.59944 0.025 2.97 0 90 0 0 0.7071068 0 0.7071068 6.438655 2
5.4765 SecondCar -47.86165 0.025 2.97 0 90 0 0 0.7071068 0 0.7071068 6.40066 2
5.4781 Head 0 1.6 3.129002 12.44997 39.45001 0 0.1020703 0.3355161 -0.03659675 0.9357731
5.4781 FirstCar -15.58931 0.025 2.97 0 90 0 0 0.7071068 0 0.7071068 6.434878 2
5.4781 SecondCar -47.85158 0.025 2.97 0 90 0 0 0.7071068 0 0.7071068 6.396883 2
5.4801 Head 0 1.6 3.131064 12.44997 39.45001 0 0.1020703 0.3355161 -0.03659675 0.9357731
5.4801 FirstCar -15.57637 0.025 2.97 0 90 0 0 0.7071068 0 0.7071068 6.430049 2
5.4801 SecondCar -47.83872 0.025 2.97 0 90 0 0 0.7071068 0 0.7071068 6.392055 2
5.4817 Head 0 1.6 3.133699 12.44997 39.45001 0 0.1020703 0.3355161 -0.03659675 0.9357731
5.4817 FirstCar -15.56631 0.025 2.97 0 90 0 0 0.7071068 0 0.7071068 6.426292 2
5.4817 SecondCar -47.82872 0.025 2.97 0 90 0 0 0.7071068 0 0.7071068 6.388297 2
5.4833 Head 0 1.6 3.13575 12.44997 39.45001 0 0.1020703 0.3355161 -0.03659675 0.9357731
5.4833 FirstCar -15.55566 0.025 2.97 0 90 0 0 0.7071068 0 0.7071068 6.42231 2
5.4833 SecondCar -47.81813 0.025 2.97 0 90 0 0 0.7071068 0 0.7071068 6.384315 2
5.4852 Head 0 1.6 3.137924 12.44997 39.45001 0 0.1020703 0.3355161 -0.03659675 0.9357731
5.4852 FirstCar -15.54352 0.025 2.97 0 90 0 0 0.7071068 0 0.7071068 6.417771 2
5.4852 SecondCar -47.80606 0.025 2.97 0 90 0 0 0.7071068 0 0.7071068 6.379776 2
5.4867 Head 0 1.6 3.140402 12.37496 39.97501 -4.370411E-07 0.1012901 0.339824 -0.03684159 0.9342926
5.4867 FirstCar -15.53411 0.025 2.97 0 90 0 0 0.7071068 0 0.7071068 6.41425 2
5.4867 SecondCar -47.79671 0.025 2.97 0 90 0 0 0.7071068 0 0.7071068 6.376255 2
5.4882 Head 0 1.6 3.142323 12.37496 39.97501 -4.370411E-07 0.1012901 0.339824 -0.03684159 0.9342926
5.4882 FirstCar -15.52462 0.025 2.97 0 90 0 0 0.7071068 0 0.7071068 6.410699 2
5.4882 SecondCar -47.78728 0.025 2.97 0 90 0 0 0.7071068 0 0.7071068 6.372704 2
5.4899 Head 0 1.6 3.144261 12.37496 39.97501 -4.370411E-07 0.1012901 0.339824 -0.03684159 0.9342926
5.4899 FirstCar -15.51382 0.025 2.97 0 90 0 0 0.7071068 0 0.7071068 6.406651 2
5.4899 SecondCar -47.77654 0.025 2.97 0 90 0 0 0.7071068 0 0.7071068 6.368656 2
5.4917 Head 0 1.6 3.146471 12.37496 39.97501 -4.370411E-07 0.1012901 0.339824 -0.03684159 0.9342926
5.4917 FirstCar -15.50213 0.025 2.97 0 90 0 0 0.7071068 0 0.7071068 6.402269 2
5.4917 SecondCar -47.76492 0.025 2.97 0 90 0 0 0.7071068 0 0.7071068 6.364274 2
5.4936 Head 0 1.6 3.148863 12.37496 39.97501 -4.370411E-07 0.1012901 0.339824 -0.03684159 0.9342926
5.4936 FirstCar -15.48981 0.025 2.97 0 90 0 0 0.7071068 0 0.7071068 6.397648 2
5.4936 SecondCar -47.75267 0.025 2.97 0 90 0 0 0.7071068 0 0.7071068 6.359653 2
5.4952 Head 0 1.6 3.151385 12.29996 40.50002 0 0.1005098 0.3441253 -0.03708004 0.9327919
5.4952 FirstCar -15.47996 0.025 2.97 0 90 0 0 0.7071068 0 0.7071068 6.393949 2
5.4952 SecondCar -47.74287 0.025 2.97 0 90 0 0 0.7071068 0 0.7071068 6.355954 2
5.4967 Head 0 1.6 3.153404 12.29996 40.50002 0 0.1005098 0.3441253 -0.03708004 0.9327919
5.4967 FirstCar -15.47008 0.025 2.97 0 90 0 0 0.7071068 0 0.7071068 6.390241 2
5.4967 SecondCar -47.73306 0.025 2.97 0 90 0 0 0.7071068 0 0.7071068 6.352246 2
5.4983 Head 0 1.6 3.155428 12.29996 40.50002 0 0.1005098 0.3441253 -0.03708004 0.9327919
5.4983 FirstCar -15.4601 0.025 2.97 0 90 0 0 0.7071068 0 0.7071068 6.386489 2
5.4983 SecondCar -47.72314 0.025 2.97 0 90 0 0 0.7071068 0 0.7071068 6.348495 2
5.5005 Head 0 1.6 3.157476 12.29996 40.50002 0 0.1005098 0.3441253 -0.03708004 0.9327919
5.5005 FirstCar -15.44614 0.025 2.97 0 90 0 0 0.7071068 0 0.7071068 6.381238 2
5.5005 SecondCar -47.70926 0.025 2.97 0 90 0 0 0.7071068 0 0.7071068 6.343244 2
5.5025 Head 0 1.6 3.160342 12.29997 41.02502 0 0.1003389 0.3483953 -0.03754014 0.9312055
5.5025 FirstCar -15.43344 0.025 2.97 0 90 0 0 0.7071068 0 0.7071068 6.37646 2
5.5025 SecondCar -47.69664 0.025 2.97 0 90 0 0 0.7071068 0 0.7071068 6.338465 2
5.5040 Head 0 1.6 3.16295 12.29997 41.02502 0 0.1003389 0.3483953 -0.03754014 0.9312055
5.5040 FirstCar -15.4236 0.025 2.97 0 90 0 0 0.7071068 0 0.7071068 6.372754 2
5.5040 SecondCar -47.68686 0.025 2.97 0 90 0 0 0.7071068 0 0.7071068 6.334759 2
5.5053 Head 0 1.6 3.164973 12.29997 41.02502 0 0.1003389 0.3483953 -0.03754014 0.9312055
5.5053 FirstCar -15.415 0.025 2.97 0 90 0 0 0.7071068 0 0.7071068 6.369512 2
5.5053 SecondCar -47.67831 0.025 2.97 0 90 0 0 0.7071068 0 0.7071068 6.331517 2
5.5067 Head 0 1.6 3.166743 12.29997 41.02502 0 0.1003389 0.3483953 -0.03754014 0.9312055
5.5067 FirstCar -15.40631 0.025 2.97 0 90 0 0 0.7071068 0 0.7071068 6.366234 2
5.5067 SecondCar -47.66967 0.025 2.97 0 90 0 0 0.7071068 0 0.7071068 6.328239 2
5.5081 Head 0 1.6 3.168531 12.29997 41.02502 0 0.1003389 0.3483953 -0.03754014 0.9312055
5.5081 FirstCar -15.39731 0.025 2.97 0 90 0 0 0.7071068 0 0.7071068 6.362842 2
5.5081 SecondCar -47.66073 0.025 2.97 0 90 0 0 0.7071068 0 0.7071068 6.324847 2
5.5106 Head 0 1.6 3.170383 12.22497 41.40002 4.367916E-07 0.09960674 0.3514654 -0.03763827 0.9301258
5.5106 FirstCar -15.38164 0.025 2.97 0 90 0 0 0.7071068 0 0.7071068 6.356925 2
5.5106 SecondCar -47.64515 0.025 2.97 0 90 0 0 0.7071068 0 0.7071068 6.318931 2
5.5124 Head 0 1.6 3.173613 12.22497 41.40002 4.367916E-07 0.09960674 0.3514654 -0.03763827 0.9301258
5.5124 FirstCar -15.37031 0.025 2.97 0 90 0 0 0.7071068 0 0.7071068 6.352644 2
5.5124 SecondCar -47.63388 0.025 2.97 0 90 0 0 0.7071068 0 0.7071068 6.31465 2
5.5138 Head 0 1.6 3.175949 12.22497 41.40002 4.367916E-07 0.09960674 0.3514654 -0.03763827 0.9301258
5.5138 FirstCar -15.36126 0.025 2.97 0 90 0 0 0.7071068 0 0.7071068 6.349223 2
5.5138 SecondCar -47.62489 0.025 2.97 0 90 0 0 0.7071068 0 0.7071068 6.311228 2
5.5151 Head 0 1.6 3.177817 12.22497 41.40002 4.367916E-07 0.09960674 0.3514654 -0.03763827 0.9301258
5.5151 FirstCar -15.35293 0.025 2.97 0 90 0 0 0.7071068 0 0.7071068 6.346073 2
5.5151 SecondCar -47.6166 0.025 2.97 0 90 0 0 0.7071068 0 0.7071068 6.308078 2
5.5167 Head 0 1.6 3.179537 12.22497 41.40002 4.367916E-07 0.09960674 0.3514654 -0.03763827 0.9301258
5.5167 FirstCar -15.34317 0.025 2.97 0 90 0 0 0.7071068 0 0.7071068 6.342381 2
5.5167 SecondCar -47.60691 0.025 2.97 0 90 0 0 0.7071068 0 0.7071068 6.304386 2
5.5180 Head 0 1.6 3.181551 12.22497 41.85002 -4.367916E-07 0.09945816 0.3551153 -0.03802913 0.9287384
5.5180 FirstCar -15.33437 0.025 2.97 0 90 0 0 0.7071068 0 0.7071068 6.33905 2
5.5180 SecondCar -47.59816 0.025 2.97 0 90 0 0 0.7071068 0 0.7071068 6.301055 2
5.5195 Head 0 1.6 3.183369 12.22497 41.85002 -4.367916E-07 0.09945816 0.3551153 -0.03802913 0.9287384
5.5195 FirstCar -15.32516 0.025 2.97 0 90 0 0 0.7071068 0 0.7071068 6.335558 2
5.5195 SecondCar -47.589 0.025 2.97 0 90 0 0 0.7071068 0 0.7071068 6.297564 2
5.5209 Head 0 1.6 3.185276 12.22497 41.85002 -4.367916E-07 0.09945816 0.3551153 -0.03802913 0.9287384
5.5209 FirstCar -15.31628 0.025 2.97 0 90 0 0 0.7071068 0 0.7071068 6.332193 2
5.5209 SecondCar -47.58018 0.025 2.97 0 90 0 0 0.7071068 0 0.7071068 6.294199 2
5.5223 Head 0 1.6 3.187112 12.22497 41.85002 -4.367916E-07 0.09945816 0.3551153 -0.03802913 0.9287384
5.5223 FirstCar -15.30742 0.025 2.97 0 90 0 0 0.7071068 0 0.7071068 6.328834 2
5.5223 SecondCar -47.57137 0.025 2.97 0 90 0 0 0.7071068 0 0.7071068 6.290839 2
5.5236 Head 0 1.6 3.188946 12.22497 41.85002 -4.367916E-07 0.09945816 0.3551153 -0.03802913 0.9287384
5.5236 FirstCar -15.29902 0.025 2.97 0 90 0 0 0.7071068 0 0.7071068 6.325646 2
5.5236 SecondCar -47.56302 0.025 2.97 0 90 0 0 0.7071068 0 0.7071068 6.287651 2
5.5255 Head 0 1.6 3.190686 12.22497 41.85002 -4.367916E-07 0.09945816 0.3551153 -0.03802913 0.9287384
5.5255 FirstCar -15.28716 0.025 2.97 0 90 0 0 0.7071068 0 0.7071068 6.321145 2
5.5255 SecondCar -47.55124 0.025 2.97 0 90 0 0 0.7071068 0 0.7071068 6.28315 2
5.5269 Head 0 1.6 3.193143 12.14997 42.22503 4.366681E-07 0.09872606 0.3581778 -0.03811999 0.9276361
5.5269 FirstCar -15.27804 0.025 2.97 0 90 0 0 0.7071068 0 0.7071068 6.31768 2
5.5269 SecondCar -47.54217 0.025 2.97 0 90 0 0 0.7071068 0 0.7071068 6.279685 2
5.5285 Head 0 1.6 3.195034 12.14997 42.22503 4.366681E-07 0.09872606 0.3581778 -0.03811999 0.9276361
5.5285 FirstCar -15.26825 0.025 2.97 0 90 0 0 0.7071068 0 0.7071068 6.313959 2
5.5285 SecondCar -47.53244 0.025 2.97 0 90 0 0 0.7071068 0 0.7071068 6.275964 2
5.5303 Head 0 1.6 3.197065 12.14997 42.22503 4.366681E-07 0.09872606 0.3581778 -0.03811999 0.9276361
5.5303 FirstCar -15.2567 0.025 2.97 0 90 0 0 0.7071068 0 0.7071068 6.309564 2
5.5303 SecondCar -47.52096 0.025 2.97 0 90 0 0 0.7071068 0 0.7071068 6.271569 2
5.5326 Head 0 1.6 3.199464 12.14997 42.22503 4.366681E-07 0.09872606 0.3581778 -0.03811999 0.9276361
5.5326 FirstCar -15.24255 0.025 2.97 0 90 0 0 0.7071068 0 0.7071068 6.304177 2
5.5326 SecondCar -47.50689 0.025 2.97 0 90 0 0 0.7071068 0 0.7071068 6.266182 2
5.5344 Head 0 1.6 3.202404 12.14997 42.52502 0 0.09862592 0.3606051 -0.03837832 0.9266952
5.5344 FirstCar -15.23083 0.025 2.97 0 90 0 0 0.7071068 0 0.7071068 6.299716 2
5.5344 SecondCar -47.49525 0.025 2.97 0 90 0 0 0.7071068 0 0.7071068 6.261721 2
5.5362 Head 0 1.6 3.204839 12.14997 42.52502 0 0.09862592 0.3606051 -0.03837832 0.9266952
5.5362 FirstCar -15.21983 0.025 2.97 0 90 0 0 0.7071068 0 0.7071068 6.295521 2
5.5362 SecondCar -47.48432 0.025 2.97 0 90 0 0 0.7071068 0 0.7071068 6.257526 2
5.5379 Head 0 1.6 3.207129 12.14997 42.52502 0 0.09862592 0.3606051 -0.03837832 0.9266952
5.5379 FirstCar -15.20901 0.025 2.97 0 90 0 0 0.7071068 0 0.7071068 6.291393 2
5.5379 SecondCar -47.47356 0.025 2.97 0 90 0 0 0.7071068 0 0.7071068 6.253398 2
5.5398 Head 0 1.6 3.209382 12.14997 42.52502 0 0.09862592 0.3606051 -0.03837832 0.9266952
5.5398 FirstCar -15.19718 0.025 2.97 0 90 0 0 0.7071068 0 0.7071068 6.286878 2
5.5398 SecondCar -47.4618 0.025 2.97 0 90 0 0 0.7071068 0 0.7071068 6.248883 2
5.5427 Head 0 1.6 3.211847 12.14997 42.52502 0 0.09862592 0.3606051 -0.03837832 0.9266952
5.5427 FirstCar -15.17889 0.025 2.97 0 90 0 0 0.7071068 0 0.7071068 6.279889 2
5.5427 SecondCar -47.44363 0.025 2.97 0 90 0 0 0.7071068 0 0.7071068 6.241894 2
5.5446 Head 0 1.6 3.215662 12.14997 42.82502 0 0.09852511 0.3630299 -0.03863638 0.925748
5.5446 FirstCar -15.16698 0.025 2.97 0 90 0 0 0.7071068 0 0.7071068 6.275331 2
5.5446 SecondCar -47.43178 0.025 2.97 0 90 0 0 0.7071068 0 0.7071068 6.237336 2
5.5462 Head 0 1.6 3.21815 12.14997 42.82502 0 0.09852511 0.3630299 -0.03863638 0.925748
5.5462 FirstCar -15.1567 0.025 2.97 0 90 0 0 0.7071068 0 0.7071068 6.271399 2
5.5462 SecondCar -47.42157 0.025 2.97 0 90 0 0 0.7071068 0 0.7071068 6.233404 2
5.5478 Head 0 1.6 3.220296 12.14997 42.82502 0 0.09852511 0.3630299 -0.03863638 0.925748
5.5478 FirstCar -15.14676 0.025 2.97 0 90 0 0 0.7071068 0 0.7071068 6.267593 2
5.5478 SecondCar -47.41169 0.025 2.97 0 90 0 0 0.7071068 0 0.7071068 6.229599 2
5.5503 Head 0 1.6 3.222373 12.14997 42.82502 0 0.09852511 0.3630299 -0.03863638 0.925748
5.5503 FirstCar -15.13131 0.025 2.97 0 90 0 0 0.7071068 0 0.7071068 6.261668 2
5.5503 SecondCar -47.39632 0.025 2.97 0 90 0 0 0.7071068 0 0.7071068 6.223673 2
5.5525 Head 0 1.6 3.225607 12.14997 43.05002 0 0.09844905 0.3648469 -0.03882976 0.9250335
5.5525 FirstCar -15.11756 0.025 2.97 0 90 0 0 0.7071068 0 0.7071068 6.256394 2
5.5525 SecondCar -47.38266 0.025 2.97 0 90 0 0 0.7071068 0 0.7071068 6.2184 2
5.5542 Head 0 1.6 3.228486 12.14997 43.05002 0 0.09844905 0.3648469 -0.03882976 0.9250335
5.5542 FirstCar -15.10652 0.025 2.97 0 90 0 0 0.7071068 0 0.7071068 6.252159 2
5.5542 SecondCar -47.37169 0.025 2.97 0 90 0 0 0.7071068 0 0.7071068 6.214164 2
5.5560 Head 0 1.6 3.230798 12.14997 43.05002 0 0.09844905 0.3648469 -0.03882976 0.9250335
5.5560 FirstCar -15.09556 0.025 2.97 0 90 0 0 0.7071068 0 0.7071068 6.247947 2
5.5560 SecondCar -47.36079 0.025 2.97 0 90 0 0 0.7071068 0 0.7071068 6.209952 2
5.5585 Head 0 1.6 3.233097 12.14997 43.05002 0 0.09844905 0.3648469 -0.03882976 0.9250335
5.5585 FirstCar -15.07984 0.025 2.97 0 90 0 0 0.7071068 0 0.7071068 6.241904 2
5.5585 SecondCar -47.34517 0.025 2.97 0 90 0 0 0.7071068 0 0.7071068 6.203909 2
5.5605 Head 0 1.6 3.236396 12.07497 43.20002 -4.365455E-07 0.097793 0.3660828 -0.03871901 0.9246193
5.5605 FirstCar -15.06727 0.025 2.97 0 90 0 0 0.7071068 0 0.7071068 6.237066 2
5.5605 SecondCar -47.33268 0.025 2.97 0 90 0 0 0.7071068 0 0.7071068 6.199071 2
5.5624 Head 0 1.6 3.239036 12.07497 43.20002 -4.365455E-07 0.097793 0.3660828 -0.03871901 0.9246193
5.5624 FirstCar -15.05544 0.025 2.97 0 90 0 0 0.7071068 0 0.7071068 6.23251 2
5.5624 SecondCar -47.32092 0.025 2.97 0 90 0 0 0.7071068 0 0.7071068 6.194515 2
5.5646 Head 0 1.6 3.241523 12.07497 43.20002 -4.365455E-07 0.097793 0.3660828 -0.03871901 0.9246193
5.5646 FirstCar -15.04161 0.025 2.97 0 90 0 0 0.7071068 0 0.7071068 6.227182 2
5.5646 SecondCar -47.30717 0.025 2.97 0 90 0 0 0.7071068 0 0.7071068 6.189187 2
5.5666 Head 0 1.6 3.244431 12.07497 43.42502 0 0.09771679 0.3678976 -0.03891095 0.9238987
5.5666 FirstCar -15.02944 0.025 2.97 0 90 0 0 0.7071068 0 0.7071068 6.222488 2
5.5666 SecondCar -47.29508 0.025 2.97 0 90 0 0 0.7071068 0 0.7071068 6.184494 2
5.5684 Head 0 1.6 3.246993 12.07497 43.42502 0 0.09771679 0.3678976 -0.03891095 0.9238987
5.5684 FirstCar -15.01804 0.025 2.97 0 90 0 0 0.7071068 0 0.7071068 6.218086 2
5.5684 SecondCar -47.28374 0.025 2.97 0 90 0 0 0.7071068 0 0.7071068 6.180091 2
5.5702 Head 0 1.6 3.249396 12.07497 43.42502 0 0.09771679 0.3678976 -0.03891095 0.9238987
5.5702 FirstCar -15.0072 0.025 2.97 0 90 0 0 0.7071068 0 0.7071068 6.213902 2
5.5702 SecondCar -47.27298 0.025 2.97 0 90 0 0 0.7071068 0 0.7071068 6.175907 2
5.5738 Head 0 1.6 3.25168 12.07497 43.42502 0 0.09771679 0.3678976 -0.03891095 0.9238987
5.5738 FirstCar -14.98447 0.025 2.97 0 90 0 0 0.7071068 0 0.7071068 6.205107 2
5.5738 SecondCar -47.25038 0.025 2.97 0 90 0 0 0.7071068 0 0.7071068 6.167112 2
5.5758 Head 0 1.6 3.256481 12.07497 43.57502 4.365455E-07 0.09766577 0.3691067 -0.03903883 0.9234163
5.5758 FirstCar -14.97224 0.025 2.97 0 90 0 0 0.7071068 0 0.7071068 6.200375 2
5.5758 SecondCar -47.23823 0.025 2.97 0 90 0 0 0.7071068 0 0.7071068 6.16238 2
5.5775 Head 0 1.6 3.259064 12.07497 43.57502 4.365455E-07 0.09766577 0.3691067 -0.03903883 0.9234163
5.5775 FirstCar -14.96171 0.025 2.97 0 90 0 0 0.7071068 0 0.7071068 6.196297 2
5.5775 SecondCar -47.22776 0.025 2.97 0 90 0 0 0.7071068 0 0.7071068 6.158302 2
5.5791 Head 0 1.6 3.261289 12.07497 43.57502 4.365455E-07 0.09766577 0.3691067 -0.03903883 0.9234163
5.5791 FirstCar -14.95162 0.025 2.97 0 90 0 0 0.7071068 0 0.7071068 6.192387 2
5.5791 SecondCar -47.21774 0.025 2.97 0 90 0 0 0.7071068 0 0.7071068 6.154392 2
5.5810 Head 0 1.6 3.263424 12.07497 43.57502 4.365455E-07 0.09766577 0.3691067 -0.03903883 0.9234163
5.5810 FirstCar -14.94043 0.025 2.97 0 90 0 0 0.7071068 0 0.7071068 6.188044 2
5.5810 SecondCar -47.20661 0.025 2.97 0 90 0 0 0.7071068 0 0.7071068 6.150049 2
5.5826 Head 0 1.6 3.265794 12.07496 43.65002 0 0.09764019 0.369711 -0.03910274 0.9231745
5.5826 FirstCar -14.93022 0.025 2.97 0 90 0 0 0.7071068 0 0.7071068 6.184084 2
5.5826 SecondCar -47.19647 0.025 2.97 0 90 0 0 0.7071068 0 0.7071068 6.14609 2
5.5842 Head 0 1.6 3.267955 12.07496 43.65002 0 0.09764019 0.369711 -0.03910274 0.9231745
5.5842 FirstCar -14.92058 0.025 2.97 0 90 0 0 0.7071068 0 0.7071068 6.180338 2
5.5842 SecondCar -47.18688 0.025 2.97 0 90 0 0 0.7071068 0 0.7071068 6.142344 2
5.5856 Head 0 1.6 3.27 12.07496 43.65002 0 0.09764019 0.369711 -0.03910274 0.9231745
5.5856 FirstCar -14.91183 0.025 2.97 0 90 0 0 0.7071068 0 0.7071068 6.176939 2
5.5856 SecondCar -47.17818 0.025 2.97 0 90 0 0 0.7071068 0 0.7071068 6.138944 2
5.5869 Head 0 1.6 3.271856 12.07496 43.65002 0 0.09764019 0.369711 -0.03910274 0.9231745
5.5869 FirstCar -14.90342 0.025 2.97 0 90 0 0 0.7071068 0 0.7071068 6.173669 2
5.5869 SecondCar -47.16982 0.025 2.97 0 90 0 0 0.7071068 0 0.7071068 6.135674 2
5.5884 Head 0 1.6 3.273641 12.07496 43.65002 0 0.09764019 0.369711 -0.03910274 0.9231745
5.5884 FirstCar -14.8943 0.025 2.97 0 90 0 0 0.7071068 0 0.7071068 6.170123 2
5.5884 SecondCar -47.16076 0.025 2.97 0 90 0 0 0.7071068 0 0.7071068 6.132128 2
5.5913 Head 0 1.6 3.275576 12.07497 43.72502 0 0.09761458 0.3703151 -0.03916664 0.9229324
5.5913 FirstCar -14.87673 0.025 2.97 0 90 0 0 0.7071068 0 0.7071068 6.163281 2
5.5913 SecondCar -47.1433 0.025 2.97 0 90 0 0 0.7071068 0 0.7071068 6.125287 2
5.5930 Head 0 1.6 3.27931 12.07497 43.72502 0 0.09761458 0.3703151 -0.03916664 0.9229324
5.5930 FirstCar -14.86602 0.025 2.97 0 90 0 0 0.7071068 0 0.7071068 6.159107 2
5.5930 SecondCar -47.13266 0.025 2.97 0 90 0 0 0.7071068 0 0.7071068 6.121112 2
5.5946 Head 0 1.6 3.281589 12.07497 43.72502 0 0.09761458 0.3703151 -0.03916664 0.9229324
5.5946 FirstCar -14.85614 0.025 2.97 0 90 0 0 0.7071068 0 0.7071068 6.155256 2
5.5946 SecondCar -47.12284 0.025 2.97 0 90 0 0 0.7071068 0 0.7071068 6.117261 2
5.5968 Head 0 1.6 3.283691 12.07497 43.72502 0 0.09761458 0.3703151 -0.03916664 0.9229324
5.5968 FirstCar -14.84293 0.025 2.97 0 90 0 0 0.7071068 0 0.7071068 6.150101 2
5.5968 SecondCar -47.10971 0.025 2.97 0 90 0 0 0.7071068 0 0.7071068 6.112106 2
5.5986 Head 0 1.6 3.286505 12.07497 43.80003 0 0.09758893 0.3709191 -0.03923052 0.9226898
5.5986 FirstCar -14.83192 0.025 2.97 0 90 0 0 0.7071068 0 0.7071068 6.145802 2
5.5986 SecondCar -47.09877 0.025 2.97 0 90 0 0 0.7071068 0 0.7071068 6.107808 2
5.6002 Head 0 1.6 3.288851 12.07497 43.80003 0 0.09758893 0.3709191 -0.03923052 0.9226898
5.6002 FirstCar -14.8218 0.025 2.97 0 90 0 0 0.7071068 0 0.7071068 6.141848 2
5.6002 SecondCar -47.08871 0.025 2.97 0 90 0 0 0.7071068 0 0.7071068 6.103853 2
5.6016 Head 0 1.6 3.29101 12.07497 43.80003 0 0.09758893 0.3709191 -0.03923052 0.9226898
5.6016 FirstCar -14.81297 0.025 2.97 0 90 0 0 0.7071068 0 0.7071068 6.138392 2
5.6016 SecondCar -47.07993 0.025 2.97 0 90 0 0 0.7071068 0 0.7071068 6.100398 2
5.6036 Head 0 1.6 3.292896 12.07497 43.80003 0 0.09758893 0.3709191 -0.03923052 0.9226898
5.6036 FirstCar -14.80072 0.025 2.97 0 90 0 0 0.7071068 0 0.7071068 6.133601 2
5.6036 SecondCar -47.06776 0.025 2.97 0 90 0 0 0.7071068 0 0.7071068 6.095606 2
5.6062 Head 0 1.6 3.295511 12.07497 43.80003 0 0.09758893 0.3709191 -0.03923052 0.9226898
5.6062 FirstCar -14.785 0.025 2.97 0 90 0 0 0.7071068 0 0.7071068 6.127442 2
5.6062 SecondCar -47.05214 0.025 2.97 0 90 0 0 0.7071068 0 0.7071068 6.089447 2
5.6080 Head 0 1.6 3.298872 12.07497 43.87502 4.365455E-07 0.09756323 0.3715229 -0.03929438 0.9224468
5.6080 FirstCar -14.77393 0.025 2.97 0 90 0 0 0.7071068 0 0.7071068 6.123104 2
5.6080 SecondCar -47.04113 0.025 2.97 0 90 0 0 0.7071068 0 0.7071068 6.085109 2
5.6098 Head 0 1.6 3.301241 12.07497 43.87502 4.365455E-07 0.09756323 0.3715229 -0.03929438 0.9224468
5.6098 FirstCar -14.76299 0.025 2.97 0 90 0 0 0.7071068 0 0.7071068 6.118814 2
5.6098 SecondCar -47.03027 0.025 2.97 0 90 0 0 0.7071068 0 0.7071068 6.080819 2
5.6117 Head 0 1.6 3.303582 12.07497 43.87502 4.365455E-07 0.09756323 0.3715229 -0.03929438 0.9224468
5.6117 FirstCar -14.75127 0.025 2.97 0 90 0 0 0.7071068 0 0.7071068 6.114215 2
5.6117 SecondCar -47.01862 0.025 2.97 0 90 0 0 0.7071068 0 0.7071068 6.07622 2
5.6132 Head 0 1.6 3.306093 12.07497 43.87502 4.365455E-07 0.09756323 0.3715229 -0.03929438 0.9224468
5.6132 FirstCar -14.7422 0.025 2.97 0 90 0 0 0.7071068 0 0.7071068 6.11065 2
5.6132 SecondCar -47.0096 0.025 2.97 0 90 0 0 0.7071068 0 0.7071068 6.072655 2
5.6146 Head 0 1.6 3.308038 12.07497 43.87502 4.365455E-07 0.09756323 0.3715229 -0.03929438 0.9224468
5.6146 FirstCar -14.73341 0.025 2.97 0 90 0 0 0.7071068 0 0.7071068 6.107196 2
5.6146 SecondCar -47.00087 0.025 2.97 0 90 0 0 0.7071068 0 0.7071068 6.069201 2
5.6162 Head 0 1.6 3.309924 12.07497 43.87502 4.365455E-07 0.09756323 0.3715229 -0.03929438 0.9224468
5.6162 FirstCar -14.72399 0.025 2.97 0 90 0 0 0.7071068 0 0.7071068 6.103494 2
5.6162 SecondCar -46.99151 0.025 2.97 0 90 0 0 0.7071068 0 0.7071068 6.065499 2
5.6177 Head 0 1.6 3.311944 12.07497 43.87502 4.365455E-07 0.09756323 0.3715229 -0.03929438 0.9224468
5.6177 FirstCar -14.71499 0.025 2.97 0 90 0 0 0.7071068 0 0.7071068 6.099951 2
5.6177 SecondCar -46.98256 0.025 2.97 0 90 0 0 0.7071068 0 0.7071068 6.061956 2
5.6193 Head 0 1.6 3.313878 12.07497 43.87502 4.365455E-07 0.09756323 0.3715229 -0.03929438 0.9224468
5.6193 FirstCar -14.70516 0.025 2.97 0 90 0 0 0.7071068 0 0.7071068 6.096084 2
5.6193 SecondCar -46.9728 0.025 2.97 0 90 0 0 0.7071068 0 0.7071068 6.058089 2
5.6213 Head 0 1.6 3.315989 12.07497 43.87502 4.365455E-07 0.09756323 0.3715229 -0.03929438 0.9224468
5.6213 FirstCar -14.69266 0.025 2.97 0 90 0 0 0.7071068 0 0.7071068 6.091156 2
5.6213 SecondCar -46.96037 0.025 2.97 0 90 0 0 0.7071068 0 0.7071068 6.053161 2
5.6233 Head 0 1.6 3.318679 12.07497 43.95002 -4.365455E-07 0.09753749 0.3721266 -0.03935823 0.9222034
5.6233 FirstCar -14.68067 0.025 2.97 0 90 0 0 0.7071068 0 0.7071068 6.086427 2
5.6233 SecondCar -46.94845 0.025 2.97 0 90 0 0 0.7071068 0 0.7071068 6.048432 2
5.6253 Head 0 1.6 3.32126 12.07497 43.95002 -4.365455E-07 0.09753749 0.3721266 -0.03935823 0.9222034
5.6253 FirstCar -14.6686 0.025 2.97 0 90 0 0 0.7071068 0 0.7071068 6.081667 2
5.6253 SecondCar -46.93647 0.025 2.97 0 90 0 0 0.7071068 0 0.7071068 6.043673 2
5.6269 Head 0 1.6 3.323858 12.07497 43.95002 -4.365455E-07 0.09753749 0.3721266 -0.03935823 0.9222034
5.6269 FirstCar -14.65854 0.025 2.97 0 90 0 0 0.7071068 0 0.7071068 6.077693 2
5.6269 SecondCar -46.92646 0.025 2.97 0 90 0 0 0.7071068 0 0.7071068 6.039698 2
5.6292 Head 0 1.6 3.326028 12.07497 43.95002 -4.365455E-07 0.09753749 0.3721266 -0.03935823 0.9222034
5.6292 FirstCar -14.64481 0.025 2.97 0 90 0 0 0.7071068 0 0.7071068 6.072266 2
5.6292 SecondCar -46.91282 0.025 2.97 0 90 0 0 0.7071068 0 0.7071068 6.034271 2
5.6324 Head 0 1.6 3.32899 12.07497 44.17502 0 0.09746002 0.3739366 -0.03954967 0.921471
5.6324 FirstCar -14.62555 0.025 2.97 0 90 0 0 0.7071068 0 0.7071068 6.064647 2
5.6324 SecondCar -46.89368 0.025 2.97 0 90 0 0 0.7071068 0 0.7071068 6.026652 2
5.6340 Head 0 1.6 3.333148 12.07497 44.17502 0 0.09746002 0.3739366 -0.03954967 0.921471
5.6340 FirstCar -14.61554 0.025 2.97 0 90 0 0 0.7071068 0 0.7071068 6.060682 2
5.6340 SecondCar -46.88374 0.025 2.97 0 90 0 0 0.7071068 0 0.7071068 6.022687 2
5.6355 Head 0 1.6 3.335312 12.07497 44.17502 0 0.09746002 0.3739366 -0.03954967 0.921471
5.6355 FirstCar -14.60638 0.025 2.97 0 90 0 0 0.7071068 0 0.7071068 6.05705 2
5.6355 SecondCar -46.87463 0.025 2.97 0 90 0 0 0.7071068 0 0.7071068 6.019055 2
5.6373 Head 0 1.6 3.337295 12.07497 44.17502 0 0.09746002 0.3739366 -0.03954967 0.921471
5.6373 FirstCar -14.59586 0.025 2.97 0 90 0 0 0.7071068 0 0.7071068 6.05288 2
5.6373 SecondCar -46.86417 0.025 2.97 0 90 0 0 0.7071068 0 0.7071068 6.014885 2
5.6392 Head 0 1.6 3.339571 12.07496 44.32503 0 0.09740817 0.3751425 -0.03967721 0.9209807
5.6392 FirstCar -14.58401 0.025 2.97 0 90 0 0 0.7071068 0 0.7071068 6.04818 2
5.6392 SecondCar -46.85241 0.025 2.97 0 90 0 0 0.7071068 0 0.7071068 6.010185 2
5.6407 Head 0 1.6 3.342137 12.07496 44.32503 0 0.09740817 0.3751425 -0.03967721 0.9209807
5.6407 FirstCar -14.57504 0.025 2.97 0 90 0 0 0.7071068 0 0.7071068 6.044619 2
5.6407 SecondCar -46.84349 0.025 2.97 0 90 0 0 0.7071068 0 0.7071068 6.006624 2
5.6421 Head 0 1.6 3.344081 12.07496 44.32503 0 0.09740817 0.3751425 -0.03967721 0.9209807
5.6421 FirstCar -14.5665 0.025 2.97 0 90 0 0 0.7071068 0 0.7071068 6.041226 2
5.6421 SecondCar -46.835 0.025 2.97 0 90 0 0 0.7071068 0 0.7071068 6.003231 2
5.6435 Head 0 1.6 3.345933 12.07496 44.32503 0 0.09740817 0.3751425 -0.03967721 0.9209807
5.6435 FirstCar -14.55816 0.025 2.97 0 90 0 0 0.7071068 0 0.7071068 6.037909 2
5.6435 SecondCar -46.82671 0.025 2.97 0 90 0 0 0.7071068 0 0.7071068 5.999914 2
5.6452 Head 0 1.6 3.347743 12.07496 44.32503 0 0.09740817 0.3751425 -0.03967721 0.9209807
5.6452 FirstCar -14.54794 0.025 2.97 0 90 0 0 0.7071068 0 0.7071068 6.033843 2
5.6452 SecondCar -46.81655 0.025 2.97 0 90 0 0 0.7071068 0 0.7071068 5.995848 2
5.6466 Head 0 1.6 3.349963 12.07497 44.70002 0 0.09727781 0.3781544 -0.03999576 0.9197482
5.6466 FirstCar -14.53938 0.025 2.97 0 90 0 0 0.7071068 0 0.7071068 6.030437 2
5.6466 SecondCar -46.80805 0.025 2.97 0 90 0 0 0.7071068 0 0.7071068 5.992442 2
5.6480 Head 0 1.6 3.351822 12.07497 44.70002 0 0.09727781 0.3781544 -0.03999576 0.9197482
5.6480 FirstCar -14.53104 0.025 2.97 0 90 0 0 0.7071068 0 0.7071068 6.027115 2
5.6480 SecondCar -46.79976 0.025 2.97 0 90 0 0 0.7071068 0 0.7071068 5.98912 2
5.6494 Head 0 1.6 3.353635 12.07497 44.70002 0 0.09727781 0.3781544 -0.03999576 0.9197482
5.6494 FirstCar -14.5224 0.025 2.97 0 90 0 0 0.7071068 0 0.7071068 6.023676 2
5.6494 SecondCar -46.79118 0.025 2.97 0 90 0 0 0.7071068 0 0.7071068 5.985681 2
5.6517 Head 0 1.6 3.355512 12.07497 44.70002 0 0.09727781 0.3781544 -0.03999576 0.9197482
5.6517 FirstCar -14.50912 0.025 2.97 0 90 0 0 0.7071068 0 0.7071068 6.018377 2
5.6517 SecondCar -46.77798 0.025 2.97 0 90 0 0 0.7071068 0 0.7071068 5.980382 2
5.6535 Head 0 1.6 3.358404 12.07497 44.70002 0 0.09727781 0.3781544 -0.03999576 0.9197482
5.6535 FirstCar -14.49804 0.025 2.97 0 90 0 0 0.7071068 0 0.7071068 6.013958 2
5.6535 SecondCar -46.76698 0.025 2.97 0 90 0 0 0.7071068 0 0.7071068 5.975963 2
5.6550 Head 0 1.6 3.360816 12.07497 45.00002 -4.365455E-07 0.09717276 0.380561 -0.0402503 0.918755
5.6550 FirstCar -14.48915 0.025 2.97 0 90 0 0 0.7071068 0 0.7071068 6.010408 2
5.6550 SecondCar -46.75815 0.025 2.97 0 90 0 0 0.7071068 0 0.7071068 5.972414 2
5.6564 Head 0 1.6 3.362754 12.07497 45.00002 -4.365455E-07 0.09717276 0.380561 -0.0402503 0.918755
5.6564 FirstCar -14.4806 0.025 2.97 0 90 0 0 0.7071068 0 0.7071068 6.006992 2
5.6564 SecondCar -46.74965 0.025 2.97 0 90 0 0 0.7071068 0 0.7071068 5.968997 2
5.6578 Head 0 1.6 3.364619 12.07497 45.00002 -4.365455E-07 0.09717276 0.380561 -0.0402503 0.918755
5.6578 FirstCar -14.47223 0.025 2.97 0 90 0 0 0.7071068 0 0.7071068 6.003646 2
5.6578 SecondCar -46.74134 0.025 2.97 0 90 0 0 0.7071068 0 0.7071068 5.965651 2
5.6593 Head 0 1.6 3.366445 12.07497 45.00002 -4.365455E-07 0.09717276 0.380561 -0.0402503 0.918755
5.6593 FirstCar -14.46328 0.025 2.97 0 90 0 0 0.7071068 0 0.7071068 6.000065 2
5.6593 SecondCar -46.73244 0.025 2.97 0 90 0 0 0.7071068 0 0.7071068 5.96207 2
5.6612 Head 0 1.6 3.368399 12.07497 45.00002 -4.365455E-07 0.09717276 0.380561 -0.0402503 0.918755
5.6612 FirstCar -14.45195 0.025 2.97 0 90 0 0 0.7071068 0 0.7071068 5.99553 2
5.6612 SecondCar -46.72118 0.025 2.97 0 90 0 0 0.7071068 0 0.7071068 5.957535 2
5.6627 Head 0 1.6 3.370875 12.07497 45.22502 0 0.09709354 0.3823642 -0.04044102 0.918006
5.6627 FirstCar -14.44252 0.025 2.97 0 90 0 0 0.7071068 0 0.7071068 5.991754 2
5.6627 SecondCar -46.71182 0.025 2.97 0 90 0 0 0.7071068 0 0.7071068 5.953759 2
5.6642 Head 0 1.6 3.372936 12.07497 45.22502 0 0.09709354 0.3823642 -0.04044102 0.918006
5.6642 FirstCar -14.43379 0.025 2.97 0 90 0 0 0.7071068 0 0.7071068 5.988254 2
5.6642 SecondCar -46.70314 0.025 2.97 0 90 0 0 0.7071068 0 0.7071068 5.950259 2
5.6655 Head 0 1.6 3.374847 12.07497 45.22502 0 0.09709354 0.3823642 -0.04044102 0.918006
5.6655 FirstCar -14.42598 0.025 2.97 0 90 0 0 0.7071068 0 0.7071068 5.985121 2
5.6655 SecondCar -46.69538 0.025 2.97 0 90 0 0 0.7071068 0 0.7071068 5.947126 2
5.6669 Head 0 1.6 3.376557 12.07497 45.22502 0 0.09709354 0.3823642 -0.04044102 0.918006
5.6669 FirstCar -14.4176 0.025 2.97 0 90 0 0 0.7071068 0 0.7071068 5.98176 2
5.6669 SecondCar -46.68705 0.025 2.97 0 90 0 0 0.7071068 0 0.7071068 5.943765 2
5.6686 Head 0 1.6 3.378391 12.07497 45.22502 0 0.09709354 0.3823642 -0.04044102 0.918006
5.6686 FirstCar -14.40721 0.025 2.97 0 90 0 0 0.7071068 0 0.7071068 5.977589 2
5.6686 SecondCar -46.67673 0.025 2.97 0 90 0 0 0.7071068 0 0.7071068 5.939594 2
5.6703 Head 0 1.6 3.380668 12.07497 45.52502 -4.365455E-07 0.09698734 0.3847662 -0.04069507 0.9170018
5.6703 FirstCar -14.39745 0.025 2.97 0 90 0 0 0.7071068 0 0.7071068 5.973668 2
5.6703 SecondCar -46.66703 0.025 2.97 0 90 0 0 0.7071068 0 0.7071068 5.935673 2
5.6721 Head 0 1.6 3.382808 12.07497 45.52502 -4.365455E-07 0.09698734 0.3847662 -0.04069507 0.9170018
5.6721 FirstCar -14.38671 0.025 2.97 0 90 0 0 0.7071068 0 0.7071068 5.969347 2
5.6721 SecondCar -46.65635 0.025 2.97 0 90 0 0 0.7071068 0 0.7071068 5.931352 2
5.6737 Head 0 1.6 3.385167 12.07497 45.52502 -4.365455E-07 0.09698734 0.3847662 -0.04069507 0.9170018
5.6737 FirstCar -14.37721 0.025 2.97 0 90 0 0 0.7071068 0 0.7071068 5.965527 2
5.6737 SecondCar -46.64692 0.025 2.97 0 90 0 0 0.7071068 0 0.7071068 5.927532 2
5.6753 Head 0 1.6 3.387252 12.07497 45.52502 -4.365455E-07 0.09698734 0.3847662 -0.04069507 0.9170018
5.6753 FirstCar -14.36773 0.025 2.97 0 90 0 0 0.7071068 0 0.7071068 5.961712 2
5.6753 SecondCar -46.6375 0.025 2.97 0 90 0 0 0.7071068 0 0.7071068 5.923717 2
5.6770 Head 0 1.6 3.389334 12.07497 45.52502 -4.365455E-07 0.09698734 0.3847662 -0.04069507 0.9170018
5.6770 FirstCar -14.35725 0.025 2.97 0 90 0 0 0.7071068 0 0.7071068 5.95749 2
5.6770 SecondCar -46.62709 0.025 2.97 0 90 0 0 0.7071068 0 0.7071068 5.919496 2
5.6787 Head 0 1.6 3.391639 12.07496 45.82502 0 0.09688047 0.3871656 -0.04094884 0.9159914
5.6787 FirstCar -14.34755 0.025 2.97 0 90 0 0 0.7071068 0 0.7071068 5.953578 2
5.6787 SecondCar -46.61745 0.025 2.97 0 90 0 0 0.7071068 0 0.7071068 5.915583 2
5.6805 Head 0 1.6 3.393774 12.07496 45.82502 0 0.09688047 0.3871656 -0.04094884 0.9159914
5.6805 FirstCar -14.33646 0.025 2.97 0 90 0 0 0.7071068 0 0.7071068 5.949103 2
5.6805 SecondCar -46.60643 0.025 2.97 0 90 0 0 0.7071068 0 0.7071068 5.911108 2
5.6824 Head 0 1.6 3.396217 12.07496 45.82502 0 0.09688047 0.3871656 -0.04094884 0.9159914
5.6824 FirstCar -14.32541 0.025 2.97 0 90 0 0 0.7071068 0 0.7071068 5.944645 2
5.6824 SecondCar -46.59546 0.025 2.97 0 90 0 0 0.7071068 0 0.7071068 5.90665 2
5.6850 Head 0 1.6 3.39865 12.07496 45.82502 0 0.09688047 0.3871656 -0.04094884 0.9159914
5.6850 FirstCar -14.30986 0.025 2.97 0 90 0 0 0.7071068 0 0.7071068 5.938357 2
5.6850 SecondCar -46.58 0.025 2.97 0 90 0 0 0.7071068 0 0.7071068 5.900362 2
5.6870 Head 0 1.6 3.402082 12.07497 46.20002 4.365455E-07 0.09674595 0.3901611 -0.04126566 0.9147195
5.6870 FirstCar -14.29785 0.025 2.97 0 90 0 0 0.7071068 0 0.7071068 5.933502 2
5.6870 SecondCar -46.56807 0.025 2.97 0 90 0 0 0.7071068 0 0.7071068 5.895507 2
5.6888 Head 0 1.6 3.404733 12.07497 46.20002 4.365455E-07 0.09674595 0.3901611 -0.04126566 0.9147195
5.6888 FirstCar -14.28719 0.025 2.97 0 90 0 0 0.7071068 0 0.7071068 5.929185 2
5.6888 SecondCar -46.55748 0.025 2.97 0 90 0 0 0.7071068 0 0.7071068 5.891191 2
5.6909 Head 0 1.6 3.407089 12.07497 46.20002 4.365455E-07 0.09674595 0.3901611 -0.04126566 0.9147195
5.6909 FirstCar -14.27495 0.025 2.97 0 90 0 0 0.7071068 0 0.7071068 5.924229 2
5.6909 SecondCar -46.54532 0.025 2.97 0 90 0 0 0.7071068 0 0.7071068 5.886234 2
5.6926 Head 0 1.6 3.409794 12.07497 46.20002 4.365455E-07 0.09674595 0.3901611 -0.04126566 0.9147195
5.6926 FirstCar -14.26457 0.025 2.97 0 90 0 0 0.7071068 0 0.7071068 5.920019 2
5.6926 SecondCar -46.535 0.025 2.97 0 90 0 0 0.7071068 0 0.7071068 5.882024 2
5.6942 Head 0 1.6 3.412092 12.07497 46.50002 0 0.09663758 0.3925545 -0.0415188 0.9136949
5.6942 FirstCar -14.25517 0.025 2.97 0 90 0 0 0.7071068 0 0.7071068 5.916208 2
5.6942 SecondCar -46.52567 0.025 2.97 0 90 0 0 0.7071068 0 0.7071068 5.878213 2
5.6957 Head 0 1.6 3.414172 12.07497 46.50002 0 0.09663758 0.3925545 -0.0415188 0.9136949
5.6957 FirstCar -14.24627 0.025 2.97 0 90 0 0 0.7071068 0 0.7071068 5.912595 2
5.6957 SecondCar -46.51682 0.025 2.97 0 90 0 0 0.7071068 0 0.7071068 5.8746 2
5.6972 Head 0 1.6 3.416144 12.07497 46.50002 0 0.09663758 0.3925545 -0.0415188 0.9136949
5.6972 FirstCar -14.23762 0.025 2.97 0 90 0 0 0.7071068 0 0.7071068 5.90908 2
5.6972 SecondCar -46.50822 0.025 2.97 0 90 0 0 0.7071068 0 0.7071068 5.871085 2
5.6987 Head 0 1.6 3.418063 12.07497 46.50002 0 0.09663758 0.3925545 -0.0415188 0.9136949
5.6987 FirstCar -14.22893 0.025 2.97 0 90 0 0 0.7071068 0 0.7071068 5.90555 2
5.6987 SecondCar -46.4996 0.025 2.97 0 90 0 0 0.7071068 0 0.7071068 5.867555 2
5.7007 Head 0 1.6 3.419989 12.07497 46.50002 0 0.09663758 0.3925545 -0.0415188 0.9136949
5.7007 FirstCar -14.21688 0.025 2.97 0 90 0 0 0.7071068 0 0.7071068 5.900647 2
5.7007 SecondCar -46.48762 0.025 2.97 0 90 0 0 0.7071068 0 0.7071068 5.862652 2
5.7023 Head 0 1.6 3.422666 12.07497 46.95002 0 0.0964738 0.3961395 -0.04189798 0.9121463
5.7023 FirstCar -14.20763 0.025 2.97 0 90 0 0 0.7071068 0 0.7071068 5.896882 2
5.7023 SecondCar -46.47843 0.025 2.97 0 90 0 0 0.7071068 0 0.7071068 5.858887 2
5.7038 Head 0 1.6 3.42472 12.07497 46.95002 0 0.0964738 0.3961395 -0.04189798 0.9121463
5.7038 FirstCar -14.19887 0.025 2.97 0 90 0 0 0.7071068 0 0.7071068 5.893316 2
5.7038 SecondCar -46.46973 0.025 2.97 0 90 0 0 0.7071068 0 0.7071068 5.855321 2
5.7053 Head 0 1.6 3.426667 12.07497 46.95002 0 0.0964738 0.3961395 -0.04189798 0.9121463
5.7053 FirstCar -14.19003 0.025 2.97 0 90 0 0 0.7071068 0 0.7071068 5.889712 2
5.7053 SecondCar -46.46094 0.025 2.97 0 90 0 0 0.7071068 0 0.7071068 5.851717 2
5.7068 Head 0 1.6 3.428634 12.07497 46.95002 0 0.0964738 0.3961395 -0.04189798 0.9121463
5.7068 FirstCar -14.18119 0.025 2.97 0 90 0 0 0.7071068 0 0.7071068 5.886108 2
5.7068 SecondCar -46.45216 0.025 2.97 0 90 0 0 0.7071068 0 0.7071068 5.848113 2
5.7087 Head 0 1.6 3.430601 12.07497 46.95002 0 0.0964738 0.3961395 -0.04189798 0.9121463
5.7087 FirstCar -14.1699 0.025 2.97 0 90 0 0 0.7071068 0 0.7071068 5.881503 2
5.7087 SecondCar -46.44094 0.025 2.97 0 90 0 0 0.7071068 0 0.7071068 5.843508 2
5.7104 Head 0 1.6 3.433115 12.07497 47.25002 0 0.09636378 0.3985262 -0.0421504 0.9111061
5.7104 FirstCar -14.15977 0.025 2.97 0 90 0 0 0.7071068 0 0.7071068 5.877367 2
5.7104 SecondCar -46.43088 0.025 2.97 0 90 0 0 0.7071068 0 0.7071068 5.839372 2
5.7124 Head 0 1.6 3.435372 12.07497 47.25002 0 0.09636378 0.3985262 -0.0421504 0.9111061
5.7124 FirstCar -14.14815 0.025 2.97 0 90 0 0 0.7071068 0 0.7071068 5.872615 2
5.7124 SecondCar -46.41933 0.025 2.97 0 90 0 0 0.7071068 0 0.7071068 5.83462 2
5.7145 Head 0 1.6 3.437966 12.07497 47.25002 0 0.09636378 0.3985262 -0.0421504 0.9111061
5.7145 FirstCar -14.13565 0.025 2.97 0 90 0 0 0.7071068 0 0.7071068 5.867504 2
5.7145 SecondCar -46.40691 0.025 2.97 0 90 0 0 0.7071068 0 0.7071068 5.829509 2
5.7166 Head 0 1.6 3.440756 12.07497 47.25002 0 0.09636378 0.3985262 -0.0421504 0.9111061
5.7166 FirstCar -14.12346 0.025 2.97 0 90 0 0 0.7071068 0 0.7071068 5.862514 2
5.7166 SecondCar -46.3948 0.025 2.97 0 90 0 0 0.7071068 0 0.7071068 5.824519 2
5.7183 Head 0 1.6 3.44348 12.07497 47.55002 0 0.0962531 0.40091 -0.04240253 0.9100596
5.7183 FirstCar -14.11326 0.025 2.97 0 90 0 0 0.7071068 0 0.7071068 5.858334 2
5.7183 SecondCar -46.38467 0.025 2.97 0 90 0 0 0.7071068 0 0.7071068 5.820339 2
5.7204 Head 0 1.6 3.445761 12.07497 47.55002 0 0.0962531 0.40091 -0.04240253 0.9100596
5.7204 FirstCar -14.10093 0.025 2.97 0 90 0 0 0.7071068 0 0.7071068 5.853281 2
5.7204 SecondCar -46.37242 0.025 2.97 0 90 0 0 0.7071068 0 0.7071068 5.815286 2
5.7221 Head 0 1.6 3.44852 12.07497 47.55002 0 0.0962531 0.40091 -0.04240253 0.9100596
5.7221 FirstCar -14.09106 0.025 2.97 0 90 0 0 0.7071068 0 0.7071068 5.849231 2
5.7221 SecondCar -46.36261 0.025 2.97 0 90 0 0 0.7071068 0 0.7071068 5.811236 2
5.7237 Head 0 1.6 3.45073 12.07497 47.55002 0 0.0962531 0.40091 -0.04240253 0.9100596
5.7237 FirstCar -14.08174 0.025 2.97 0 90 0 0 0.7071068 0 0.7071068 5.845402 2
5.7237 SecondCar -46.35335 0.025 2.97 0 90 0 0 0.7071068 0 0.7071068 5.807407 2
5.7257 Head 0 1.6 3.45282 12.07497 47.55002 0 0.0962531 0.40091 -0.04240253 0.9100596
5.7257 FirstCar -14.07017 0.025 2.97 0 90 0 0 0.7071068 0 0.7071068 5.840647 2
5.7257 SecondCar -46.34185 0.025 2.97 0 90 0 0 0.7071068 0 0.7071068 5.802652 2
5.7272 Head 0 1.6 3.455415 12.07497 47.92502 4.365455E-07 0.09611382 0.4038861 -0.04271729 0.9087428
5.7272 FirstCar -14.06164 0.025 2.97 0 90 0 0 0.7071068 0 0.7071068 5.837142 2
5.7272 SecondCar -46.33338 0.025 2.97 0 90 0 0 0.7071068 0 0.7071068 5.799147 2
5.7286 Head 0 1.6 3.457329 12.07497 47.92502 4.365455E-07 0.09611382 0.4038861 -0.04271729 0.9087428
5.7286 FirstCar -14.05306 0.025 2.97 0 90 0 0 0.7071068 0 0.7071068 5.833612 2
5.7286 SecondCar -46.32486 0.025 2.97 0 90 0 0 0.7071068 0 0.7071068 5.795618 2
5.7302 Head 0 1.6 3.459255 12.07497 47.92502 4.365455E-07 0.09611382 0.4038861 -0.04271729 0.9087428
5.7302 FirstCar -14.04419 0.025 2.97 0 90 0 0 0.7071068 0 0.7071068 5.829958 2
5.7302 SecondCar -46.31604 0.025 2.97 0 90 0 0 0.7071068 0 0.7071068 5.791964 2
5.7319 Head 0 1.6 3.46125 12.07497 47.92502 4.365455E-07 0.09611382 0.4038861 -0.04271729 0.9087428
5.7319 FirstCar -14.03383 0.025 2.97 0 90 0 0 0.7071068 0 0.7071068 5.825692 2
5.7319 SecondCar -46.30575 0.025 2.97 0 90 0 0 0.7071068 0 0.7071068 5.787697 2
5.7338 Head 0 1.6 3.463578 12.07497 47.92502 4.365455E-07 0.09611382 0.4038861 -0.04271729 0.9087428
5.7338 FirstCar -14.02313 0.025 2.97 0 90 0 0 0.7071068 0 0.7071068 5.821282 2
5.7338 SecondCar -46.29512 0.025 2.97 0 90 0 0 0.7071068 0 0.7071068 5.783287 2
5.7353 Head 0 1.6 3.465986 12.07497 48.15001 0 0.09602976 0.4056696 -0.04290593 0.907948
5.7353 FirstCar -14.01437 0.025 2.97 0 90 0 0 0.7071068 0 0.7071068 5.817667 2
5.7353 SecondCar -46.28642 0.025 2.97 0 90 0 0 0.7071068 0 0.7071068 5.779672 2
5.7367 Head 0 1.6 3.467959 12.07497 48.15001 0 0.09602976 0.4056696 -0.04290593 0.907948
5.7367 FirstCar -14.00603 0.025 2.97 0 90 0 0 0.7071068 0 0.7071068 5.814225 2
5.7367 SecondCar -46.27813 0.025 2.97 0 90 0 0 0.7071068 0 0.7071068 5.77623 2
5.7382 Head 0 1.6 3.469838 12.07497 48.15001 0 0.09602976 0.4056696 -0.04290593 0.907948
5.7382 FirstCar -13.99746 0.025 2.97 0 90 0 0 0.7071068 0 0.7071068 5.810684 2
5.7382 SecondCar -46.26962 0.025 2.97 0 90 0 0 0.7071068 0 0.7071068 5.772689 2
5.7399 Head 0 1.6 3.471771 12.07497 48.15001 0 0.09602976 0.4056696 -0.04290593 0.907948
5.7399 FirstCar -13.98731 0.025 2.97 0 90 0 0 0.7071068 0 0.7071068 5.806491 2
5.7399 SecondCar -46.25954 0.025 2.97 0 90 0 0 0.7071068 0 0.7071068 5.768496 2
5.7421 Head 0 1.6 3.47406 12.07497 48.15001 0 0.09602976 0.4056696 -0.04290593 0.907948
5.7421 FirstCar -13.97452 0.025 2.97 0 90 0 0 0.7071068 0 0.7071068 5.801197 2
5.7421 SecondCar -46.24682 0.025 2.97 0 90 0 0 0.7071068 0 0.7071068 5.763202 2
5.7442 Head 0 1.6 3.476949 11.99997 48.45002 4.364236E-07 0.09532353 0.4080734 -0.04289011 0.9069455
5.7442 FirstCar -13.96264 0.025 2.97 0 90 0 0 0.7071068 0 0.7071068 5.796279 2
5.7442 SecondCar -46.23502 0.025 2.97 0 90 0 0 0.7071068 0 0.7071068 5.758284 2
5.7465 Head 0 1.6 3.479633 11.99997 48.45002 4.364236E-07 0.09532353 0.4080734 -0.04289011 0.9069455
5.7465 FirstCar -13.94914 0.025 2.97 0 90 0 0 0.7071068 0 0.7071068 5.790683 2
5.7465 SecondCar -46.22161 0.025 2.97 0 90 0 0 0.7071068 0 0.7071068 5.752688 2
5.7488 Head 0 1.6 3.482688 11.99997 48.45002 4.364236E-07 0.09532353 0.4080734 -0.04289011 0.9069455
5.7488 FirstCar -13.93581 0.025 2.97 0 90 0 0 0.7071068 0 0.7071068 5.785155 2
5.7488 SecondCar -46.20837 0.025 2.97 0 90 0 0 0.7071068 0 0.7071068 5.74716 2
5.7511 Head 0 1.6 3.485705 11.99997 48.67501 0 0.09523913 0.4098533 -0.04307719 0.9061424
5.7511 FirstCar -13.92292 0.025 2.97 0 90 0 0 0.7071068 0 0.7071068 5.779802 2
5.7511 SecondCar -46.19557 0.025 2.97 0 90 0 0 0.7071068 0 0.7071068 5.741807 2
5.7529 Head 0 1.6 3.488627 11.99997 48.67501 0 0.09523913 0.4098533 -0.04307719 0.9061424
5.7529 FirstCar -13.91223 0.025 2.97 0 90 0 0 0.7071068 0 0.7071068 5.775358 2
5.7529 SecondCar -46.18494 0.025 2.97 0 90 0 0 0.7071068 0 0.7071068 5.737363 2
5.7547 Head 0 1.6 3.491053 11.99997 48.67501 0 0.09523913 0.4098533 -0.04307719 0.9061424
5.7547 FirstCar -13.90213 0.025 2.97 0 90 0 0 0.7071068 0 0.7071068 5.771158 2
5.7547 SecondCar -46.17491 0.025 2.97 0 90 0 0 0.7071068 0 0.7071068 5.733163 2
5.7567 Head 0 1.6 3.493345 11.99997 48.67501 0 0.09523913 0.4098533 -0.04307719 0.9061424
5.7567 FirstCar -13.89012 0.025 2.97 0 90 0 0 0.7071068 0 0.7071068 5.766159 2
5.7567 SecondCar -46.16298 0.025 2.97 0 90 0 0 0.7071068 0 0.7071068 5.728164 2
5.7584 Head 0 1.6 3.496074 11.99997 48.90002 4.364236E-07 0.09515437 0.4116317 -0.04326411 0.905336
5.7584 FirstCar -13.88054 0.025 2.97 0 90 0 0 0.7071068 0 0.7071068 5.762168 2
5.7584 SecondCar -46.15346 0.025 2.97 0 90 0 0 0.7071068 0 0.7071068 5.724173 2
5.7600 Head 0 1.6 3.498252 11.99997 48.90002 4.364236E-07 0.09515437 0.4116317 -0.04326411 0.905336
5.7600 FirstCar -13.87132 0.025 2.97 0 90 0 0 0.7071068 0 0.7071068 5.758327 2
5.7600 SecondCar -46.14431 0.025 2.97 0 90 0 0 0.7071068 0 0.7071068 5.720333 2
5.7616 Head 0 1.6 3.500349 11.99997 48.90002 4.364236E-07 0.09515437 0.4116317 -0.04326411 0.905336
5.7616 FirstCar -13.86186 0.025 2.97 0 90 0 0 0.7071068 0 0.7071068 5.754382 2
5.7616 SecondCar -46.13491 0.025 2.97 0 90 0 0 0.7071068 0 0.7071068 5.716387 2
5.7631 Head 0 1.6 3.502502 11.99997 48.90002 4.364236E-07 0.09515437 0.4116317 -0.04326411 0.905336
5.7631 FirstCar -13.85337 0.025 2.97 0 90 0 0 0.7071068 0 0.7071068 5.750839 2
5.7631 SecondCar -46.12648 0.025 2.97 0 90 0 0 0.7071068 0 0.7071068 5.712844 2
5.7649 Head 0 1.6 3.504436 11.99997 48.90002 4.364236E-07 0.09515437 0.4116317 -0.04326411 0.905336
5.7649 FirstCar -13.84301 0.025 2.97 0 90 0 0 0.7071068 0 0.7071068 5.746513 2
5.7649 SecondCar -46.11619 0.025 2.97 0 90 0 0 0.7071068 0 0.7071068 5.708519 2
5.7666 Head 0 1.6 3.506797 11.99997 49.12501 -4.364236E-07 0.09506923 0.4134085 -0.04345086 0.904526
5.7666 FirstCar -13.83342 0.025 2.97 0 90 0 0 0.7071068 0 0.7071068 5.742504 2
5.7666 SecondCar -46.10666 0.025 2.97 0 90 0 0 0.7071068 0 0.7071068 5.704509 2
5.7681 Head 0 1.6 3.508986 11.99997 49.12501 -4.364236E-07 0.09506923 0.4134085 -0.04345086 0.904526
5.7681 FirstCar -13.8249 0.025 2.97 0 90 0 0 0.7071068 0 0.7071068 5.738941 2
5.7681 SecondCar -46.09819 0.025 2.97 0 90 0 0 0.7071068 0 0.7071068 5.700946 2
5.7696 Head 0 1.6 3.510931 11.99997 49.12501 -4.364236E-07 0.09506923 0.4134085 -0.04345086 0.904526
5.7696 FirstCar -13.81601 0.025 2.97 0 90 0 0 0.7071068 0 0.7071068 5.735222 2
5.7696 SecondCar -46.08937 0.025 2.97 0 90 0 0 0.7071068 0 0.7071068 5.697227 2
5.7716 Head 0 1.6 3.51296 11.99997 49.12501 -4.364236E-07 0.09506923 0.4134085 -0.04345086 0.904526
5.7716 FirstCar -13.80481 0.025 2.97 0 90 0 0 0.7071068 0 0.7071068 5.73053 2
5.7716 SecondCar -46.07824 0.025 2.97 0 90 0 0 0.7071068 0 0.7071068 5.692535 2
5.7737 Head 0 1.6 3.515521 11.99997 49.12501 -4.364236E-07 0.09506923 0.4134085 -0.04345086 0.904526
5.7737 FirstCar -13.79282 0.025 2.97 0 90 0 0 0.7071068 0 0.7071068 5.725503 2
5.7737 SecondCar -46.06633 0.025 2.97 0 90 0 0 0.7071068 0 0.7071068 5.687508 2
5.7762 Head 0 1.6 3.518265 11.92497 49.35001 0 0.09439224 0.4152122 -0.0433657 0.9037745
5.7762 FirstCar -13.77863 0.025 2.97 0 90 0 0 0.7071068 0 0.7071068 5.719551 2
5.7762 SecondCar -46.05223 0.025 2.97 0 90 0 0 0.7071068 0 0.7071068 5.681556 2
5.7778 Head 0 1.6 3.521515 11.92497 49.35001 0 0.09439224 0.4152122 -0.0433657 0.9037745
5.7778 FirstCar -13.76952 0.025 2.97 0 90 0 0 0.7071068 0 0.7071068 5.715723 2
5.7778 SecondCar -46.04318 0.025 2.97 0 90 0 0 0.7071068 0 0.7071068 5.677728 2
5.7793 Head 0 1.6 3.523604 11.92497 49.35001 0 0.09439224 0.4152122 -0.0433657 0.9037745
5.7793 FirstCar -13.76083 0.025 2.97 0 90 0 0 0.7071068 0 0.7071068 5.712072 2
5.7793 SecondCar -46.03455 0.025 2.97 0 90 0 0 0.7071068 0 0.7071068 5.674078 2
5.7811 Head 0 1.6 3.525597 11.92497 49.35001 0 0.09439224 0.4152122 -0.0433657 0.9037745
5.7811 FirstCar -13.75068 0.025 2.97 0 90 0 0 0.7071068 0 0.7071068 5.707808 2
5.7811 SecondCar -46.02447 0.025 2.97 0 90 0 0 0.7071068 0 0.7071068 5.669813 2
5.7826 Head 0 1.6 3.527924 11.92497 49.42501 0 0.09436385 0.4158037 -0.04342748 0.9035025
5.7826 FirstCar -13.74198 0.025 2.97 0 90 0 0 0.7071068 0 0.7071068 5.704144 2
5.7826 SecondCar -46.01582 0.025 2.97 0 90 0 0 0.7071068 0 0.7071068 5.666149 2
5.7840 Head 0 1.6 3.529924 11.92497 49.42501 0 0.09436385 0.4158037 -0.04342748 0.9035025
5.7840 FirstCar -13.73373 0.025 2.97 0 90 0 0 0.7071068 0 0.7071068 5.700673 2
5.7840 SecondCar -46.00763 0.025 2.97 0 90 0 0 0.7071068 0 0.7071068 5.662678 2
5.7855 Head 0 1.6 3.531819 11.92497 49.42501 0 0.09436385 0.4158037 -0.04342748 0.9035025
5.7855 FirstCar -13.72561 0.025 2.97 0 90 0 0 0.7071068 0 0.7071068 5.697252 2
5.7855 SecondCar -45.99957 0.025 2.97 0 90 0 0 0.7071068 0 0.7071068 5.659257 2
5.7869 Head 0 1.6 3.533686 11.92497 49.42501 0 0.09436385 0.4158037 -0.04342748 0.9035025
5.7869 FirstCar -13.71748 0.025 2.97 0 90 0 0 0.7071068 0 0.7071068 5.693825 2
5.7869 SecondCar -45.99149 0.025 2.97 0 90 0 0 0.7071068 0 0.7071068 5.65583 2
5.7887 Head 0 1.6 3.535557 11.92497 49.42501 0 0.09436385 0.4158037 -0.04342748 0.9035025
5.7887 FirstCar -13.70735 0.025 2.97 0 90 0 0 0.7071068 0 0.7071068 5.68955 2
5.7887 SecondCar -45.98143 0.025 2.97 0 90 0 0 0.7071068 0 0.7071068 5.651555 2
5.7903 Head 0 1.6 3.53789 11.92497 49.50001 0 0.09433541 0.4163949 -0.04348923 0.9032302
5.7903 FirstCar -13.69814 0.025 2.97 0 90 0 0 0.7071068 0 0.7071068 5.685664 2
5.7903 SecondCar -45.97228 0.025 2.97 0 90 0 0 0.7071068 0 0.7071068 5.647669 2
5.7920 Head 0 1.6 3.540011 11.92497 49.50001 0 0.09433541 0.4163949 -0.04348923 0.9032302
5.7920 FirstCar -13.68833 0.025 2.97 0 90 0 0 0.7071068 0 0.7071068 5.681519 2
5.7920 SecondCar -45.96254 0.025 2.97 0 90 0 0 0.7071068 0 0.7071068 5.643524 2
5.7935 Head 0 1.6 3.542274 11.92497 49.50001 0 0.09433541 0.4163949 -0.04348923 0.9032302
5.7935 FirstCar -13.67973 0.025 2.97 0 90 0 0 0.7071068 0 0.7071068 5.677887 2
5.7935 SecondCar -45.954 0.025 2.97 0 90 0 0 0.7071068 0 0.7071068 5.639892 2
5.7950 Head 0 1.6 3.544256 11.92497 49.50001 0 0.09433541 0.4163949 -0.04348923 0.9032302
5.7950 FirstCar -13.67131 0.025 2.97 0 90 0 0 0.7071068 0 0.7071068 5.674325 2
5.7950 SecondCar -45.94564 0.025 2.97 0 90 0 0 0.7071068 0 0.7071068 5.63633 2
5.7967 Head 0 1.6 3.5462 11.92497 49.50001 0 0.09433541 0.4163949 -0.04348923 0.9032302
5.7967 FirstCar -13.66178 0.025 2.97 0 90 0 0 0.7071068 0 0.7071068 5.67029 2
5.7967 SecondCar -45.93617 0.025 2.97 0 90 0 0 0.7071068 0 0.7071068 5.632295 2
5.7982 Head 0 1.6 3.548403 11.92497 49.65002 0 0.0942784 0.4175769 -0.04361268 0.9026844
5.7982 FirstCar -13.65334 0.025 2.97 0 90 0 0 0.7071068 0 0.7071068 5.666717 2
5.7982 SecondCar -45.92779 0.025 2.97 0 90 0 0 0.7071068 0 0.7071068 5.628722 2
5.7996 Head 0 1.6 3.550353 11.92497 49.65002 0 0.0942784 0.4175769 -0.04361268 0.9026844
5.7996 FirstCar -13.64504 0.025 2.97 0 90 0 0 0.7071068 0 0.7071068 5.663197 2
5.7996 SecondCar -45.91954 0.025 2.97 0 90 0 0 0.7071068 0 0.7071068 5.625202 2
5.8015 Head 0 1.6 3.552274 11.92497 49.65002 0 0.0942784 0.4175769 -0.04361268 0.9026844
5.8015 FirstCar -13.63453 0.025 2.97 0 90 0 0 0.7071068 0 0.7071068 5.658742 2
5.8015 SecondCar -45.90911 0.025 2.97 0 90 0 0 0.7071068 0 0.7071068 5.620748 2
5.8035 Head 0 1.6 3.554706 11.92497 49.65002 0 0.0942784 0.4175769 -0.04361268 0.9026844
5.8035 FirstCar -13.6234 0.025 2.97 0 90 0 0 0.7071068 0 0.7071068 5.654017 2
5.8035 SecondCar -45.89805 0.025 2.97 0 90 0 0 0.7071068 0 0.7071068 5.616022 2
5.8059 Head 0 1.6 3.557285 11.92497 49.65002 0 0.0942784 0.4175769 -0.04361268 0.9026844
5.8059 FirstCar -13.6099 0.025 2.97 0 90 0 0 0.7071068 0 0.7071068 5.648281 2
5.8059 SecondCar -45.88464 0.025 2.97 0 90 0 0 0.7071068 0 0.7071068 5.610286 2
5.8080 Head 0 1.6 3.560416 11.92497 49.65002 0 0.0942784 0.4175769 -0.04361268 0.9026844
5.8080 FirstCar -13.59789 0.025 2.97 0 90 0 0 0.7071068 0 0.7071068 5.643174 2
5.8080 SecondCar -45.87271 0.025 2.97 0 90 0 0 0.7071068 0 0.7071068 5.605179 2
5.8100 Head 0 1.6 3.563203 11.92497 49.65002 0 0.0942784 0.4175769 -0.04361268 0.9026844
5.8100 FirstCar -13.58642 0.025 2.97 0 90 0 0 0.7071068 0 0.7071068 5.638291 2
5.8100 SecondCar -45.86132 0.025 2.97 0 90 0 0 0.7071068 0 0.7071068 5.600296 2
5.8119 Head 0 1.6 3.565869 11.92497 49.65002 0 0.0942784 0.4175769 -0.04361268 0.9026844
5.8119 FirstCar -13.57586 0.025 2.97 0 90 0 0 0.7071068 0 0.7071068 5.63379 2
5.8119 SecondCar -45.85083 0.025 2.97 0 90 0 0 0.7071068 0 0.7071068 5.595795 2
5.8136 Head 0 1.6 3.568325 11.92497 49.65002 0 0.0942784 0.4175769 -0.04361268 0.9026844
5.8136 FirstCar -13.5663 0.025 2.97 0 90 0 0 0.7071068 0 0.7071068 5.629718 2
5.8136 SecondCar -45.84134 0.025 2.97 0 90 0 0 0.7071068 0 0.7071068 5.591723 2
5.8152 Head 0 1.6 3.570548 11.92497 49.65002 0 0.0942784 0.4175769 -0.04361268 0.9026844
5.8152 FirstCar -13.55705 0.025 2.97 0 90 0 0 0.7071068 0 0.7071068 5.625771 2
5.8152 SecondCar -45.83215 0.025 2.97 0 90 0 0 0.7071068 0 0.7071068 5.587776 2
5.8167 Head 0 1.6 3.572703 11.92497 49.65002 0 0.0942784 0.4175769 -0.04361268 0.9026844
5.8167 FirstCar -13.54893 0.025 2.97 0 90 0 0 0.7071068 0 0.7071068 5.622303 2
5.8167 SecondCar -45.82408 0.025 2.97 0 90 0 0 0.7071068 0 0.7071068 5.584308 2
5.8183 Head 0 1.6 3.574595 11.92497 49.65002 0 0.0942784 0.4175769 -0.04361268 0.9026844
5.8183 FirstCar -13.53966 0.025 2.97 0 90 0 0 0.7071068 0 0.7071068 5.618344 2
5.8183 SecondCar -45.81488 0.025 2.97 0 90 0 0 0.7071068 0 0.7071068 5.580349 2
5.8201 Head 0 1.6 3.576756 11.92497 49.65002 0 0.0942784 0.4175769 -0.04361268 0.9026844
5.8201 FirstCar -13.52965 0.025 2.97 0 90 0 0 0.7071068 0 0.7071068 5.614066 2
5.8201 SecondCar -45.80494 0.025 2.97 0 90 0 0 0.7071068 0 0.7071068 5.576071 2
5.8217 Head 0 1.6 3.579092 11.92497 49.65002 0 0.0942784 0.4175769 -0.04361268 0.9026844
5.8217 FirstCar -13.52065 0.025 2.97 0 90 0 0 0.7071068 0 0.7071068 5.610215 2
5.8217 SecondCar -45.796 0.025 2.97 0 90 0 0 0.7071068 0 0.7071068 5.57222 2
5.8234 Head 0 1.6 3.581193 11.92497 49.65002 0 0.0942784 0.4175769 -0.04361268 0.9026844
5.8234 FirstCar -13.51116 0.025 2.97 0 90 0 0 0.7071068 0 0.7071068 5.606152 2
5.8234 SecondCar -45.78657 0.025 2.97 0 90 0 0 0.7071068 0 0.7071068 5.568157 2
5.8250 Head 0 1.6 3.583411 11.92497 49.65002 0 0.0942784 0.4175769 -0.04361268 0.9026844
5.8250 FirstCar -13.50252 0.025 2.97 0 90 0 0 0.7071068 0 0.7071068 5.602449 2
5.8250 SecondCar -45.77799 0.025 2.97 0 90 0 0 0.7071068 0 0.7071068 5.564455 2
5.8264 Head 0 1.6 3.585432 11.92497 49.65002 0 0.0942784 0.4175769 -0.04361268 0.9026844
5.8264 FirstCar -13.49437 0.025 2.97 0 90 0 0 0.7071068 0 0.7071068 5.598956 2
5.8264 SecondCar -45.76989 0.025 2.97 0 90 0 0 0.7071068 0 0.7071068 5.560961 2
5.8278 Head 0 1.6 3.587339 11.92497 49.65002 0 0.0942784 0.4175769 -0.04361268 0.9026844
5.8278 FirstCar -13.48645 0.025 2.97 0 90 0 0 0.7071068 0 0.7071068 5.595558 2
5.8278 SecondCar -45.76202 0.025 2.97 0 90 0 0 0.7071068 0 0.7071068 5.557563 2
5.8293 Head 0 1.6 3.589194 11.92497 49.65002 0 0.0942784 0.4175769 -0.04361268 0.9026844
5.8293 FirstCar -13.47795 0.025 2.97 0 90 0 0 0.7071068 0 0.7071068 5.591911 2
5.8293 SecondCar -45.75359 0.025 2.97 0 90 0 0 0.7071068 0 0.7071068 5.553916 2
5.8313 Head 0 1.6 3.591184 11.92497 49.65002 0 0.0942784 0.4175769 -0.04361268 0.9026844
5.8313 FirstCar -13.46728 0.025 2.97 0 90 0 0 0.7071068 0 0.7071068 5.587329 2
5.8313 SecondCar -45.74299 0.025 2.97 0 90 0 0 0.7071068 0 0.7071068 5.549335 2
5.8329 Head 0 1.6 3.593685 11.92497 49.65002 0 0.0942784 0.4175769 -0.04361268 0.9026844
5.8329 FirstCar -13.45821 0.025 2.97 0 90 0 0 0.7071068 0 0.7071068 5.583432 2
5.8329 SecondCar -45.73399 0.025 2.97 0 90 0 0 0.7071068 0 0.7071068 5.545437 2
5.8345 Head 0 1.6 3.595812 11.92497 49.65002 0 0.0942784 0.4175769 -0.04361268 0.9026844
5.8345 FirstCar -13.44921 0.025 2.97 0 90 0 0 0.7071068 0 0.7071068 5.579561 2
5.8345 SecondCar -45.72505 0.025 2.97 0 90 0 0 0.7071068 0 0.7071068 5.541566 2
5.8367 Head 0 1.6 3.597925 11.92497 49.65002 0 0.0942784 0.4175769 -0.04361268 0.9026844
5.8367 FirstCar -13.43683 0.025 2.97 0 90 0 0 0.7071068 0 0.7071068 5.574231 2
5.8367 SecondCar -45.71275 0.025 2.97 0 90 0 0 0.7071068 0 0.7071068 5.536236 2
5.8387 Head 0 1.6 3.600835 11.92497 49.65002 0 0.0942784 0.4175769 -0.04361268 0.9026844
5.8387 FirstCar -13.42602 0.025 2.97 0 90 0 0 0.7071068 0 0.7071068 5.569571 2
5.8387 SecondCar -45.70201 0.025 2.97 0 90 0 0 0.7071068 0 0.7071068 5.531576 2
5.8405 Head 0 1.6 3.603379 11.92497 49.65002 0 0.0942784 0.4175769 -0.04361268 0.9026844
5.8405 FirstCar -13.41557 0.025 2.97 0 90 0 0 0.7071068 0 0.7071068 5.565064 2
5.8405 SecondCar -45.69164 0.025 2.97 0 90 0 0 0.7071068 0 0.7071068 5.52707 2
5.8422 Head 0 1.6 3.605839 11.92497 49.65002 0 0.0942784 0.4175769 -0.04361268 0.9026844
5.8422 FirstCar -13.40634 0.025 2.97 0 90 0 0 0.7071068 0 0.7071068 5.561082 2
5.8422 SecondCar -45.68247 0.025 2.97 0 90 0 0 0.7071068 0 0.7071068 5.523088 2
5.8437 Head 0 1.6 3.608012 11.92497 49.65002 0 0.0942784 0.4175769 -0.04361268 0.9026844
5.8437 FirstCar -13.39816 0.025 2.97 0 90 0 0 0.7071068 0 0.7071068 5.557549 2
5.8437 SecondCar -45.67435 0.025 2.97 0 90 0 0 0.7071068 0 0.7071068 5.519554 2
5.8450 Head 0 1.6 3.609941 11.92497 49.65002 0 0.0942784 0.4175769 -0.04361268 0.9026844
5.8450 FirstCar -13.39048 0.025 2.97 0 90 0 0 0.7071068 0 0.7071068 5.554229 2
5.8450 SecondCar -45.66672 0.025 2.97 0 90 0 0 0.7071068 0 0.7071068 5.516234 2
5.8465 Head 0 1.6 3.611753 11.92497 49.65002 0 0.0942784 0.4175769 -0.04361268 0.9026844
5.8465 FirstCar -13.38262 0.025 2.97 0 90 0 0 0.7071068 0 0.7071068 5.550832 2
5.8465 SecondCar -45.65891 0.025 2.97 0 90 0 0 0.7071068 0 0.7071068 5.512837 2
5.8479 Head 0 1.6 3.613607 11.92497 49.65002 0 0.0942784 0.4175769 -0.04361268 0.9026844
5.8479 FirstCar -13.37476 0.025 2.97 0 90 0 0 0.7071068 0 0.7071068 5.547431 2
5.8479 SecondCar -45.6511 0.025 2.97 0 90 0 0 0.7071068 0 0.7071068 5.509436 2
5.8493 Head 0 1.6 3.615463 11.92497 49.65002 0 0.0942784 0.4175769 -0.04361268 0.9026844
5.8493 FirstCar -13.36693 0.025 2.97 0 90 0 0 0.7071068 0 0.7071068 5.544044 2
5.8493 SecondCar -45.64333 0.025 2.97 0 90 0 0 0.7071068 0 0.7071068 5.506049 2
5.8511 Head 0 1.6 3.617312 11.92497 49.65002 0 0.0942784 0.4175769 -0.04361268 0.9026844
5.8511 FirstCar -13.357 0.025 2.97 0 90 0 0 0.7071068 0 0.7071068 5.53974 2
5.8511 SecondCar -45.63347 0.025 2.97 0 90 0 0 0.7071068 0 0.7071068 5.501745 2
5.8526 Head 0 1.6 3.619661 11.92497 49.65002 0 0.0942784 0.4175769 -0.04361268 0.9026844
5.8526 FirstCar -13.34863 0.025 2.97 0 90 0 0 0.7071068 0 0.7071068 5.536113 2
5.8526 SecondCar -45.62516 0.025 2.97 0 90 0 0 0.7071068 0 0.7071068 5.498118 2
5.8541 Head 0 1.6 3.621641 11.92497 49.65002 0 0.0942784 0.4175769 -0.04361268 0.9026844
5.8541 FirstCar -13.34036 0.025 2.97 0 90 0 0 0.7071068 0 0.7071068 5.532525 2
5.8541 SecondCar -45.61694 0.025 2.97 0 90 0 0 0.7071068 0 0.7071068 5.49453 2
5.8555 Head 0 1.6 3.6236 11.92497 49.65002 0 0.0942784 0.4175769 -0.04361268 0.9026844
5.8555 FirstCar -13.33246 0.025 2.97 0 90 0 0 0.7071068 0 0.7071068 5.529093 2
5.8555 SecondCar -45.60909 0.025 2.97 0 90 0 0 0.7071068 0 0.7071068 5.491098 2
5.8569 Head 0 1.6 3.625473 11.92497 49.65002 0 0.0942784 0.4175769 -0.04361268 0.9026844
5.8569 FirstCar -13.32489 0.025 2.97 0 90 0 0 0.7071068 0 0.7071068 5.525809 2
5.8569 SecondCar -45.60158 0.025 2.97 0 90 0 0 0.7071068 0 0.7071068 5.487814 2
5.8583 Head 0 1.6 3.627265 11.92497 49.65002 0 0.0942784 0.4175769 -0.04361268 0.9026844
5.8583 FirstCar -13.31708 0.025 2.97 0 90 0 0 0.7071068 0 0.7071068 5.522414 2
5.8583 SecondCar -45.59382 0.025 2.97 0 90 0 0 0.7071068 0 0.7071068 5.484419 2
5.8598 Head 0 1.6 3.629118 11.92497 49.65002 0 0.0942784 0.4175769 -0.04361268 0.9026844
5.8598 FirstCar -13.30903 0.025 2.97 0 90 0 0 0.7071068 0 0.7071068 5.518912 2
5.8598 SecondCar -45.58582 0.025 2.97 0 90 0 0 0.7071068 0 0.7071068 5.480917 2
5.8611 Head 0 1.6 3.63103 11.92497 49.65002 0 0.0942784 0.4175769 -0.04361268 0.9026844
5.8611 FirstCar -13.3015 0.025 2.97 0 90 0 0 0.7071068 0 0.7071068 5.515635 2
5.8611 SecondCar -45.57834 0.025 2.97 0 90 0 0 0.7071068 0 0.7071068 5.47764 2
5.8625 Head 0 1.6 3.632819 11.92497 49.65002 0 0.0942784 0.4175769 -0.04361268 0.9026844
5.8625 FirstCar -13.29371 0.025 2.97 0 90 0 0 0.7071068 0 0.7071068 5.512246 2
5.8625 SecondCar -45.57061 0.025 2.97 0 90 0 0 0.7071068 0 0.7071068 5.474251 2
5.8639 Head 0 1.6 3.634668 11.92497 49.65002 0 0.0942784 0.4175769 -0.04361268 0.9026844
5.8639 FirstCar -13.28609 0.025 2.97 0 90 0 0 0.7071068 0 0.7071068 5.508926 2
5.8639 SecondCar -45.56305 0.025 2.97 0 90 0 0 0.7071068 0 0.7071068 5.470932 2
5.8653 Head 0 1.6 3.63648 11.92497 49.65002 0 0.0942784 0.4175769 -0.04361268 0.9026844
5.8653 FirstCar -13.27846 0.025 2.97 0 90 0 0 0.7071068 0 0.7071068 5.505599 2
5.8653 SecondCar -45.55547 0.025 2.97 0 90 0 0 0.7071068 0 0.7071068 5.467604 2
5.8668 Head 0 1.6 3.638297 11.92497 49.65002 0 0.0942784 0.4175769 -0.04361268 0.9026844
5.8668 FirstCar -13.27005 0.025 2.97 0 90 0 0 0.7071068 0 0.7071068 5.501929 2
5.8668 SecondCar -45.54711 0.025 2.97 0 90 0 0 0.7071068 0 0.7071068 5.463934 2
5.8690 Head 0 1.6 3.6403 11.92497 49.65002 0 0.0942784 0.4175769 -0.04361268 0.9026844
5.8690 FirstCar -13.25806 0.025 2.97 0 90 0 0 0.7071068 0 0.7071068 5.496696 2
5.8690 SecondCar -45.53521 0.025 2.97 0 90 0 0 0.7071068 0 0.7071068 5.458701 2
5.8720 Head 0 1.6 3.643157 11.92497 49.65002 0 0.0942784 0.4175769 -0.04361268 0.9026844
5.8720 FirstCar -13.24187 0.025 2.97 0 90 0 0 0.7071068 0 0.7071068 5.489615 2
5.8720 SecondCar -45.51913 0.025 2.97 0 90 0 0 0.7071068 0 0.7071068 5.451621 2
5.8735 Head 0 1.6 3.647021 11.92497 49.65002 0 0.0942784 0.4175769 -0.04361268 0.9026844
5.8735 FirstCar -13.2333 0.025 2.97 0 90 0 0 0.7071068 0 0.7071068 5.48587 2
5.8735 SecondCar -45.51062 0.025 2.97 0 90 0 0 0.7071068 0 0.7071068 5.447875 2
5.8750 Head 0 1.6 3.649065 11.92497 49.65002 0 0.0942784 0.4175769 -0.04361268 0.9026844
5.8750 FirstCar -13.22541 0.025 2.97 0 90 0 0 0.7071068 0 0.7071068 5.482412 2
5.8750 SecondCar -45.50278 0.025 2.97 0 90 0 0 0.7071068 0 0.7071068 5.444417 2
5.8764 Head 0 1.6 3.650953 11.92497 49.65002 0 0.0942784 0.4175769 -0.04361268 0.9026844
5.8764 FirstCar -13.21734 0.025 2.97 0 90 0 0 0.7071068 0 0.7071068 5.478878 2
5.8764 SecondCar -45.49477 0.025 2.97 0 90 0 0 0.7071068 0 0.7071068 5.440883 2
5.8781 Head 0 1.6 3.652882 11.92497 49.65002 0 0.0942784 0.4175769 -0.04361268 0.9026844
5.8781 FirstCar -13.20808 0.025 2.97 0 90 0 0 0.7071068 0 0.7071068 5.474818 2
5.8781 SecondCar -45.48557 0.025 2.97 0 90 0 0 0.7071068 0 0.7071068 5.436823 2
5.8796 Head 0 1.6 3.655098 11.92497 49.65002 0 0.0942784 0.4175769 -0.04361268 0.9026844
5.8796 FirstCar -13.20019 0.025 2.97 0 90 0 0 0.7071068 0 0.7071068 5.471359 2
5.8796 SecondCar -45.47774 0.025 2.97 0 90 0 0 0.7071068 0 0.7071068 5.433364 2
5.8811 Head 0 1.6 3.656986 11.92497 49.65002 0 0.0942784 0.4175769 -0.04361268 0.9026844
5.8811 FirstCar -13.19182 0.025 2.97 0 90 0 0 0.7071068 0 0.7071068 5.467683 2
5.8811 SecondCar -45.46943 0.025 2.97 0 90 0 0 0.7071068 0 0.7071068 5.429688 2
5.8826 Head 0 1.6 3.658993 11.92497 49.65002 0 0.0942784 0.4175769 -0.04361268 0.9026844
5.8826 FirstCar -13.18365 0.025 2.97 0 90 0 0 0.7071068 0 0.7071068 5.464096 2
5.8826 SecondCar -45.46132 0.025 2.97 0 90 0 0 0.7071068 0 0.7071068 5.426101 2
5.8841 Head 0 1.6 3.660951 11.92497 49.65002 0 0.0942784 0.4175769 -0.04361268 0.9026844
5.8841 FirstCar -13.1754 0.025 2.97 0 90 0 0 0.7071068 0 0.7071068 5.46047 2
5.8841 SecondCar -45.45312 0.025 2.97 0 90 0 0 0.7071068 0 0.7071068 5.422475 2
5.8857 Head 0 1.6 3.66293 11.92497 49.65002 0 0.0942784 0.4175769 -0.04361268 0.9026844
5.8857 FirstCar -13.16647 0.025 2.97 0 90 0 0 0.7071068 0 0.7071068 5.456542 2
5.8857 SecondCar -45.44425 0.025 2.97 0 90 0 0 0.7071068 0 0.7071068 5.418547 2
5.8873 Head 0 1.6 3.665074 11.92497 49.65002 0 0.0942784 0.4175769 -0.04361268 0.9026844
5.8873 FirstCar -13.15828 0.025 2.97 0 90 0 0 0.7071068 0 0.7071068 5.452935 2
5.8873 SecondCar -45.43612 0.025 2.97 0 90 0 0 0.7071068 0 0.7071068 5.41494 2
5.8891 Head 0 1.6 3.667042 11.92497 49.65002 0 0.0942784 0.4175769 -0.04361268 0.9026844
5.8891 FirstCar -13.14826 0.025 2.97 0 90 0 0 0.7071068 0 0.7071068 5.448524 2
5.8891 SecondCar -45.42617 0.025 2.97 0 90 0 0 0.7071068 0 0.7071068 5.410529 2
5.8912 Head 0 1.6 3.669451 11.92497 49.65002 0 0.0942784 0.4175769 -0.04361268 0.9026844
5.8912 FirstCar -13.13671 0.025 2.97 0 90 0 0 0.7071068 0 0.7071068 5.443433 2
5.8912 SecondCar -45.4147 0.025 2.97 0 90 0 0 0.7071068 0 0.7071068 5.405438 2
5.8929 Head 0 1.6 3.672229 11.92497 49.65002 0 0.0942784 0.4175769 -0.04361268 0.9026844
5.8929 FirstCar -13.12767 0.025 2.97 0 90 0 0 0.7071068 0 0.7071068 5.439444 2
5.8929 SecondCar -45.40572 0.025 2.97 0 90 0 0 0.7071068 0 0.7071068 5.401449 2
5.8943 Head 0 1.6 3.674407 11.92497 49.65002 0 0.0942784 0.4175769 -0.04361268 0.9026844
5.8943 FirstCar -13.11978 0.025 2.97 0 90 0 0 0.7071068 0 0.7071068 5.43596 2
5.8943 SecondCar -45.39789 0.025 2.97 0 90 0 0 0.7071068 0 0.7071068 5.397965 2
5.8958 Head 0 1.6 3.676308 11.92497 49.65002 0 0.0942784 0.4175769 -0.04361268 0.9026844
5.8958 FirstCar -13.1117 0.025 2.97 0 90 0 0 0.7071068 0 0.7071068 5.43239 2
5.8958 SecondCar -45.38987 0.025 2.97 0 90 0 0 0.7071068 0 0.7071068 5.394395 2
5.8973 Head 0 1.6 3.678257 11.92497 49.65002 0 0.0942784 0.4175769 -0.04361268 0.9026844
5.8973 FirstCar -13.10357 0.025 2.97 0 90 0 0 0.7071068 0 0.7071068 5.428797 2
5.8973 SecondCar -45.38179 0.025 2.97 0 90 0 0 0.7071068 0 0.7071068 5.390802 2
5.8988 Head 0 1.6 3.680218 11.92497 49.65002 0 0.0942784 0.4175769 -0.04361268 0.9026844
5.8988 FirstCar -13.09535 0.025 2.97 0 90 0 0 0.7071068 0 0.7071068 5.425157 2
5.8988 SecondCar -45.37362 0.025 2.97 0 90 0 0 0.7071068 0 0.7071068 5.387162 2
5.9009 Head 0 1.6 3.682205 11.92497 49.65002 0 0.0942784 0.4175769 -0.04361268 0.9026844
5.9009 FirstCar -13.08393 0.025 2.97 0 90 0 0 0.7071068 0 0.7071068 5.420103 2
5.9009 SecondCar -45.36229 0.025 2.97 0 90 0 0 0.7071068 0 0.7071068 5.382108 2
5.9028 Head 0 1.6 3.684963 11.92497 49.42502 4.363027E-07 0.09436385 0.4158037 -0.04342748 0.9035025
5.9028 FirstCar -13.07399 0.025 2.97 0 90 0 0 0.7071068 0 0.7071068 5.415698 2
5.9028 SecondCar -45.35242 0.025 2.97 0 90 0 0 0.7071068 0 0.7071068 5.377703 2
5.9044 Head 0 1.6 3.687368 11.92497 49.42502 4.363027E-07 0.09436385 0.4158037 -0.04342748 0.9035025
5.9044 FirstCar -13.06541 0.025 2.97 0 90 0 0 0.7071068 0 0.7071068 5.411891 2
5.9044 SecondCar -45.34389 0.025 2.97 0 90 0 0 0.7071068 0 0.7071068 5.373896 2
5.9059 Head 0 1.6 3.689445 11.92497 49.42502 4.363027E-07 0.09436385 0.4158037 -0.04342748 0.9035025
5.9059 FirstCar -13.0573 0.025 2.97 0 90 0 0 0.7071068 0 0.7071068 5.408292 2
5.9059 SecondCar -45.33584 0.025 2.97 0 90 0 0 0.7071068 0 0.7071068 5.370297 2
5.9073 Head 0 1.6 3.69141 11.92497 49.42502 4.363027E-07 0.09436385 0.4158037 -0.04342748 0.9035025
5.9073 FirstCar -13.04971 0.025 2.97 0 90 0 0 0.7071068 0 0.7071068 5.404924 2
5.9073 SecondCar -45.32831 0.025 2.97 0 90 0 0 0.7071068 0 0.7071068 5.36693 2
5.9090 Head 0 1.6 3.693248 11.92497 49.42502 4.363027E-07 0.09436385 0.4158037 -0.04342748 0.9035025
5.9090 FirstCar -13.04041 0.025 2.97 0 90 0 0 0.7071068 0 0.7071068 5.400789 2
5.9090 SecondCar -45.31907 0.025 2.97 0 90 0 0 0.7071068 0 0.7071068 5.362794 2
5.9108 Head 0 1.6 3.695505 12.07497 48.75002 0 0.09580378 0.410418 -0.04340814 0.9058115
5.9108 FirstCar -13.03069 0.025 2.97 0 90 0 0 0.7071068 0 0.7071068 5.396467 2
5.9108 SecondCar -45.30942 0.025 2.97 0 90 0 0 0.7071068 0 0.7071068 5.358472 2
5.9122 Head 0 1.6 3.697865 12.07497 48.75002 0 0.09580378 0.410418 -0.04340814 0.9058115
5.9122 FirstCar -13.02304 0.025 2.97 0 90 0 0 0.7071068 0 0.7071068 5.393062 2
5.9122 SecondCar -45.30183 0.025 2.97 0 90 0 0 0.7071068 0 0.7071068 5.355067 2
5.9136 Head 0 1.6 3.699723 12.07497 48.75002 0 0.09580378 0.410418 -0.04340814 0.9058115
5.9136 FirstCar -13.01556 0.025 2.97 0 90 0 0 0.7071068 0 0.7071068 5.389732 2
5.9136 SecondCar -45.2944 0.025 2.97 0 90 0 0 0.7071068 0 0.7071068 5.351737 2
5.9158 Head 0 1.6 3.70154 12.07497 48.75002 0 0.09580378 0.410418 -0.04340814 0.9058115
5.9158 FirstCar -13.00355 0.025 2.97 0 90 0 0 0.7071068 0 0.7071068 5.384379 2
5.9158 SecondCar -45.28248 0.025 2.97 0 90 0 0 0.7071068 0 0.7071068 5.346385 2
5.9177 Head 0 1.6 3.704462 12.07497 48.75002 0 0.09580378 0.410418 -0.04340814 0.9058115
5.9177 FirstCar -12.99325 0.025 2.97 0 90 0 0 0.7071068 0 0.7071068 5.379783 2
5.9177 SecondCar -45.27225 0.025 2.97 0 90 0 0 0.7071068 0 0.7071068 5.341788 2
5.9192 Head 0 1.6 3.706971 12.14997 48.15002 -4.366681E-07 0.09662399 0.4056414 -0.04317143 0.907885
5.9192 FirstCar -12.98533 0.025 2.97 0 90 0 0 0.7071068 0 0.7071068 5.376247 2
5.9192 SecondCar -45.26439 0.025 2.97 0 90 0 0 0.7071068 0 0.7071068 5.338253 2
5.9207 Head 0 1.6 3.708901 12.14997 48.15002 -4.366681E-07 0.09662399 0.4056414 -0.04317143 0.907885
5.9207 FirstCar -12.97742 0.025 2.97 0 90 0 0 0.7071068 0 0.7071068 5.372712 2
5.9207 SecondCar -45.25653 0.025 2.97 0 90 0 0 0.7071068 0 0.7071068 5.334717 2
5.9221 Head 0 1.6 3.71083 12.14997 48.15002 -4.366681E-07 0.09662399 0.4056414 -0.04317143 0.907885
5.9221 FirstCar -12.96971 0.025 2.97 0 90 0 0 0.7071068 0 0.7071068 5.369267 2
5.9221 SecondCar -45.24887 0.025 2.97 0 90 0 0 0.7071068 0 0.7071068 5.331272 2
5.9235 Head 0 1.6 3.712711 12.14997 48.15002 -4.366681E-07 0.09662399 0.4056414 -0.04317143 0.907885
5.9235 FirstCar -12.96215 0.025 2.97 0 90 0 0 0.7071068 0 0.7071068 5.365885 2
5.9235 SecondCar -45.24137 0.025 2.97 0 90 0 0 0.7071068 0 0.7071068 5.32789 2
5.9252 Head 0 1.6 3.714557 12.14997 48.15002 -4.366681E-07 0.09662399 0.4056414 -0.04317143 0.907885
5.9252 FirstCar -12.953 0.025 2.97 0 90 0 0 0.7071068 0 0.7071068 5.361788 2
5.9252 SecondCar -45.23228 0.025 2.97 0 90 0 0 0.7071068 0 0.7071068 5.323793 2
5.9267 Head 0 1.6 3.716793 12.22497 47.55001 0 0.09744428 0.4008542 -0.04292729 0.9099329
5.9267 FirstCar -12.9453 0.025 2.97 0 90 0 0 0.7071068 0 0.7071068 5.358344 2
5.9267 SecondCar -45.22464 0.025 2.97 0 90 0 0 0.7071068 0 0.7071068 5.320349 2
5.9280 Head 0 1.6 3.718673 12.22497 47.55001 0 0.09744428 0.4008542 -0.04292729 0.9099329
5.9280 FirstCar -12.938 0.025 2.97 0 90 0 0 0.7071068 0 0.7071068 5.35507 2
5.9280 SecondCar -45.21739 0.025 2.97 0 90 0 0 0.7071068 0 0.7071068 5.317075 2
5.9295 Head 0 1.6 3.72046 12.22497 47.55001 0 0.09744428 0.4008542 -0.04292729 0.9099329
5.9295 FirstCar -12.93026 0.025 2.97 0 90 0 0 0.7071068 0 0.7071068 5.351598 2
5.9295 SecondCar -45.20971 0.025 2.97 0 90 0 0 0.7071068 0 0.7071068 5.313603 2
5.9314 Head 0 1.6 3.722355 12.22497 47.55001 0 0.09744428 0.4008542 -0.04292729 0.9099329
5.9314 FirstCar -12.9199 0.025 2.97 0 90 0 0 0.7071068 0 0.7071068 5.34695 2
5.9314 SecondCar -45.19942 0.025 2.97 0 90 0 0 0.7071068 0 0.7071068 5.308955 2
5.9334 Head 0 1.6 3.724893 12.22497 47.55001 0 0.09744428 0.4008542 -0.04292729 0.9099329
5.9334 FirstCar -12.9094 0.025 2.97 0 90 0 0 0.7071068 0 0.7071068 5.342231 2
5.9334 SecondCar -45.18899 0.025 2.97 0 90 0 0 0.7071068 0 0.7071068 5.304236 2
5.9351 Head 0 1.6 3.727468 12.37496 46.87502 -4.370411E-07 0.09888952 0.3954315 -0.0428702 0.9121496
5.9351 FirstCar -12.90034 0.025 2.97 0 90 0 0 0.7071068 0 0.7071068 5.338156 2
5.9351 SecondCar -45.17999 0.025 2.97 0 90 0 0 0.7071068 0 0.7071068 5.300161 2
5.9365 Head 0 1.6 3.729692 12.37496 46.87502 -4.370411E-07 0.09888952 0.3954315 -0.0428702 0.9121496
5.9365 FirstCar -12.89265 0.025 2.97 0 90 0 0 0.7071068 0 0.7071068 5.334698 2
5.9365 SecondCar -45.17236 0.025 2.97 0 90 0 0 0.7071068 0 0.7071068 5.296703 2
5.9379 Head 0 1.6 3.73158 12.37496 46.87502 -4.370411E-07 0.09888952 0.3954315 -0.0428702 0.9121496
5.9379 FirstCar -12.88517 0.025 2.97 0 90 0 0 0.7071068 0 0.7071068 5.331332 2
5.9379 SecondCar -45.16494 0.025 2.97 0 90 0 0 0.7071068 0 0.7071068 5.293337 2
5.9393 Head 0 1.6 3.733417 12.37496 46.87502 -4.370411E-07 0.09888952 0.3954315 -0.0428702 0.9121496
5.9393 FirstCar -12.87761 0.025 2.97 0 90 0 0 0.7071068 0 0.7071068 5.327924 2
5.9393 SecondCar -45.15742 0.025 2.97 0 90 0 0 0.7071068 0 0.7071068 5.289929 2
5.9411 Head 0 1.6 3.735278 12.37496 46.87502 -4.370411E-07 0.09888952 0.3954315 -0.0428702 0.9121496
5.9411 FirstCar -12.86837 0.025 2.97 0 90 0 0 0.7071068 0 0.7071068 5.323758 2
5.9411 SecondCar -45.14825 0.025 2.97 0 90 0 0 0.7071068 0 0.7071068 5.285763 2
5.9427 Head 0 1.6 3.737551 12.44997 46.12502 4.371669E-07 0.09976666 0.3894254 -0.04247695 0.9146531
5.9427 FirstCar -12.8599 0.025 2.97 0 90 0 0 0.7071068 0 0.7071068 5.319939 2
5.9427 SecondCar -45.13985 0.025 2.97 0 90 0 0 0.7071068 0 0.7071068 5.281944 2
5.9442 Head 0 1.6 3.739636 12.44997 46.12502 4.371669E-07 0.09976666 0.3894254 -0.04247695 0.9146531
5.9442 FirstCar -12.85192 0.025 2.97 0 90 0 0 0.7071068 0 0.7071068 5.316337 2
5.9442 SecondCar -45.13192 0.025 2.97 0 90 0 0 0.7071068 0 0.7071068 5.278342 2
5.9460 Head 0 1.6 3.741602 12.44997 46.12502 4.371669E-07 0.09976666 0.3894254 -0.04247695 0.9146531
5.9460 FirstCar -12.84198 0.025 2.97 0 90 0 0 0.7071068 0 0.7071068 5.311845 2
5.9460 SecondCar -45.12206 0.025 2.97 0 90 0 0 0.7071068 0 0.7071068 5.27385 2
5.9477 Head 0 1.6 3.744054 12.44997 46.12502 4.371669E-07 0.09976666 0.3894254 -0.04247695 0.9146531
5.9477 FirstCar -12.83333 0.025 2.97 0 90 0 0 0.7071068 0 0.7071068 5.307933 2
5.9477 SecondCar -45.11346 0.025 2.97 0 90 0 0 0.7071068 0 0.7071068 5.269938 2
5.9498 Head 0 1.6 3.746189 12.44997 46.12502 4.371669E-07 0.09976666 0.3894254 -0.04247695 0.9146531
5.9498 FirstCar -12.82219 0.025 2.97 0 90 0 0 0.7071068 0 0.7071068 5.302893 2
5.9498 SecondCar -45.10241 0.025 2.97 0 90 0 0 0.7071068 0 0.7071068 5.264898 2
5.9518 Head 0 1.6 3.74894 12.59996 45.37502 -4.374213E-07 0.101243 0.3833756 -0.04232495 0.9170505
5.9518 FirstCar -12.81121 0.025 2.97 0 90 0 0 0.7071068 0 0.7071068 5.297919 2
5.9518 SecondCar -45.09151 0.025 2.97 0 90 0 0 0.7071068 0 0.7071068 5.259924 2
5.9534 Head 0 1.6 3.751655 12.59996 45.37502 -4.374213E-07 0.101243 0.3833756 -0.04232495 0.9170505
5.9534 FirstCar -12.80308 0.025 2.97 0 90 0 0 0.7071068 0 0.7071068 5.294235 2
5.9534 SecondCar -45.08344 0.025 2.97 0 90 0 0 0.7071068 0 0.7071068 5.25624 2
5.9550 Head 0 1.6 3.753666 12.59996 45.37502 -4.374213E-07 0.101243 0.3833756 -0.04232495 0.9170505
5.9550 FirstCar -12.79457 0.025 2.97 0 90 0 0 0.7071068 0 0.7071068 5.290371 2
5.9550 SecondCar -45.07499 0.025 2.97 0 90 0 0 0.7071068 0 0.7071068 5.252377 2
5.9570 Head 0 1.6 3.755775 12.59996 45.37502 -4.374213E-07 0.101243 0.3833756 -0.04232495 0.9170505
5.9570 FirstCar -12.78384 0.025 2.97 0 90 0 0 0.7071068 0 0.7071068 5.285499 2
5.9570 SecondCar -45.06433 0.025 2.97 0 90 0 0 0.7071068 0 0.7071068 5.247504 2
5.9588 Head 0 1.6 3.758434 12.67497 44.55002 4.375496E-07 0.1021471 0.3767362 -0.04184154 0.9197202
5.9588 FirstCar -12.77466 0.025 2.97 0 90 0 0 0.7071068 0 0.7071068 5.281331 2
5.9588 SecondCar -45.05523 0.025 2.97 0 90 0 0 0.7071068 0 0.7071068 5.243336 2
5.9604 Head 0 1.6 3.760709 12.67497 44.55002 4.375496E-07 0.1021471 0.3767362 -0.04184154 0.9197202
5.9604 FirstCar -12.76577 0.025 2.97 0 90 0 0 0.7071068 0 0.7071068 5.277284 2
5.9604 SecondCar -45.04639 0.025 2.97 0 90 0 0 0.7071068 0 0.7071068 5.239289 2
5.9620 Head 0 1.6 3.762918 12.67497 44.55002 4.375496E-07 0.1021471 0.3767362 -0.04184154 0.9197202
5.9620 FirstCar -12.75779 0.025 2.97 0 90 0 0 0.7071068 0 0.7071068 5.273655 2
5.9620 SecondCar -45.03848 0.025 2.97 0 90 0 0 0.7071068 0 0.7071068 5.235661 2
5.9634 Head 0 1.6 3.764899 12.67497 44.55002 4.375496E-07 0.1021471 0.3767362 -0.04184154 0.9197202
5.9634 FirstCar -12.74998 0.025 2.97 0 90 0 0 0.7071068 0 0.7071068 5.270097 2
5.9634 SecondCar -45.03072 0.025 2.97 0 90 0 0 0.7071068 0 0.7071068 5.232102 2
5.9655 Head 0 1.6 3.766841 12.67497 44.55002 4.375496E-07 0.1021471 0.3767362 -0.04184154 0.9197202
5.9655 FirstCar -12.73889 0.025 2.97 0 90 0 0 0.7071068 0 0.7071068 5.265042 2
5.9655 SecondCar -45.01971 0.025 2.97 0 90 0 0 0.7071068 0 0.7071068 5.227047 2
5.9673 Head 0 1.6 3.7696 12.74996 43.65002 0 0.1030764 0.3694742 -0.04127982 0.9225833
5.9673 FirstCar -12.7294 0.025 2.97 0 90 0 0 0.7071068 0 0.7071068 5.260714 2
5.9673 SecondCar -45.0103 0.025 2.97 0 90 0 0 0.7071068 0 0.7071068 5.222719 2
5.9689 Head 0 1.6 3.771963 12.74996 43.65002 0 0.1030764 0.3694742 -0.04127982 0.9225833
5.9689 FirstCar -12.72138 0.025 2.97 0 90 0 0 0.7071068 0 0.7071068 5.25705 2
5.9689 SecondCar -45.00233 0.025 2.97 0 90 0 0 0.7071068 0 0.7071068 5.219055 2
5.9707 Head 0 1.6 3.773962 12.74996 43.65002 0 0.1030764 0.3694742 -0.04127982 0.9225833
5.9707 FirstCar -12.71178 0.025 2.97 0 90 0 0 0.7071068 0 0.7071068 5.252666 2
5.9707 SecondCar -44.99281 0.025 2.97 0 90 0 0 0.7071068 0 0.7071068 5.214672 2
5.9725 Head 0 1.6 3.776355 12.74996 43.65002 0 0.1030764 0.3694742 -0.04127982 0.9225833
5.9725 FirstCar -12.70245 0.025 2.97 0 90 0 0 0.7071068 0 0.7071068 5.248399 2
5.9725 SecondCar -44.98354 0.025 2.97 0 90 0 0 0.7071068 0 0.7071068 5.210404 2
5.9740 Head 0 1.6 3.778684 12.82496 42.75002 4.378089E-07 0.1040031 0.3621904 -0.04070605 0.9253889
5.9740 FirstCar -12.69445 0.025 2.97 0 90 0 0 0.7071068 0 0.7071068 5.244736 2
5.9740 SecondCar -44.97559 0.025 2.97 0 90 0 0 0.7071068 0 0.7071068 5.206741 2
5.9754 Head 0 1.6 3.780684 12.82496 42.75002 4.378089E-07 0.1040031 0.3621904 -0.04070605 0.9253889
5.9754 FirstCar -12.68736 0.025 2.97 0 90 0 0 0.7071068 0 0.7071068 5.241488 2
5.9754 SecondCar -44.96855 0.025 2.97 0 90 0 0 0.7071068 0 0.7071068 5.203494 2
5.9771 Head 0 1.6 3.782456 12.82496 42.75002 4.378089E-07 0.1040031 0.3621904 -0.04070605 0.9253889
5.9771 FirstCar -12.67813 0.025 2.97 0 90 0 0 0.7071068 0 0.7071068 5.237258 2
5.9771 SecondCar -44.95939 0.025 2.97 0 90 0 0 0.7071068 0 0.7071068 5.199264 2
5.9786 Head 0 1.6 3.784765 12.82496 42.75002 4.378089E-07 0.1040031 0.3621904 -0.04070605 0.9253889
5.9786 FirstCar -12.67019 0.025 2.97 0 90 0 0 0.7071068 0 0.7071068 5.233621 2
5.9786 SecondCar -44.95151 0.025 2.97 0 90 0 0 0.7071068 0 0.7071068 5.195626 2
5.9804 Head 0 1.6 3.786751 12.82496 42.75002 4.378089E-07 0.1040031 0.3621904 -0.04070605 0.9253889
5.9804 FirstCar -12.66104 0.025 2.97 0 90 0 0 0.7071068 0 0.7071068 5.229419 2
5.9804 SecondCar -44.94242 0.025 2.97 0 90 0 0 0.7071068 0 0.7071068 5.191424 2
5.9819 Head 0 1.6 3.789044 12.82496 41.77502 0 0.1043457 0.3543037 -0.03981969 0.928437
5.9819 FirstCar -12.65313 0.025 2.97 0 90 0 0 0.7071068 0 0.7071068 5.225787 2
5.9819 SecondCar -44.93457 0.025 2.97 0 90 0 0 0.7071068 0 0.7071068 5.187792 2
5.9833 Head 0 1.6 3.791026 12.82496 41.77502 0 0.1043457 0.3543037 -0.03981969 0.928437
5.9833 FirstCar -12.64594 0.025 2.97 0 90 0 0 0.7071068 0 0.7071068 5.222482 2
5.9833 SecondCar -44.92743 0.025 2.97 0 90 0 0 0.7071068 0 0.7071068 5.184487 2
5.9846 Head 0 1.6 3.792831 12.82496 41.77502 0 0.1043457 0.3543037 -0.03981969 0.928437
5.9846 FirstCar -12.63906 0.025 2.97 0 90 0 0 0.7071068 0 0.7071068 5.219322 2
5.9846 SecondCar -44.92061 0.025 2.97 0 90 0 0 0.7071068 0 0.7071068 5.181327 2
5.9859 Head 0 1.6 3.794556 12.82496 41.77502 0 0.1043457 0.3543037 -0.03981969 0.928437
5.9859 FirstCar -12.63226 0.025 2.97 0 90 0 0 0.7071068 0 0.7071068 5.216193 2
5.9859 SecondCar -44.91386 0.025 2.97 0 90 0 0 0.7071068 0 0.7071068 5.178198 2
5.9872 Head 0 1.6 3.796263 12.82496 41.77502 0 0.1043457 0.3543037 -0.03981969 0.928437
5.9872 FirstCar -12.62556 0.025 2.97 0 90 0 0 0.7071068 0 0.7071068 5.213106 2
5.9872 SecondCar -44.9072 0.025 2.97 0 90 0 0 0.7071068 0 0.7071068 5.175111 2
5.9888 Head 0 1.6 3.797948 12.82496 41.77502 0 0.1043457 0.3543037 -0.03981969 0.928437
5.9888 FirstCar -12.617 0.025 2.97 0 90 0 0 0.7071068 0 0.7071068 5.209164 2
5.9888 SecondCar -44.89871 0.025 2.97 0 90 0 0 0.7071068 0 0.7071068 5.171169 2
5.9914 Head 0 1.6 3.8001 12.82496 40.72502 0 0.1047062 0.3457817 -0.03886191 0.9316445
5.9914 FirstCar -12.60337 0.025 2.97 0 90 0 0 0.7071068 0 0.7071068 5.202878 2
5.9914 SecondCar -44.88518 0.025 2.97 0 90 0 0 0.7071068 0 0.7071068 5.164883 2
5.9930 Head 0 1.6 3.803532 12.82496 40.72502 0 0.1047062 0.3457817 -0.03886191 0.9316445
5.9930 FirstCar -12.59538 0.025 2.97 0 90 0 0 0.7071068 0 0.7071068 5.199188 2
5.9930 SecondCar -44.87724 0.025 2.97 0 90 0 0 0.7071068 0 0.7071068 5.161193 2
5.9943 Head 0 1.6 3.805546 12.82496 40.72502 0 0.1047062 0.3457817 -0.03886191 0.9316445
5.9943 FirstCar -12.58833 0.025 2.97 0 90 0 0 0.7071068 0 0.7071068 5.19593 2
5.9943 SecondCar -44.87024 0.025 2.97 0 90 0 0 0.7071068 0 0.7071068 5.157936 2
5.9957 Head 0 1.6 3.807323 12.82496 40.72502 0 0.1047062 0.3457817 -0.03886191 0.9316445
5.9957 FirstCar -12.58116 0.025 2.97 0 90 0 0 0.7071068 0 0.7071068 5.192616 2
5.9957 SecondCar -44.86312 0.025 2.97 0 90 0 0 0.7071068 0 0.7071068 5.154621 2
5.9975 Head 0 1.6 3.809133 12.82496 40.72502 0 0.1047062 0.3457817 -0.03886191 0.9316445
5.9975 FirstCar -12.5717 0.025 2.97 0 90 0 0 0.7071068 0 0.7071068 5.188241 2
5.9975 SecondCar -44.85374 0.025 2.97 0 90 0 0 0.7071068 0 0.7071068 5.150246 2
5.9993 Head 0 1.6 3.811521 12.89996 39.52502 0 0.1057195 0.335982 -0.03798322 0.9351454
5.9993 FirstCar -12.56267 0.025 2.97 0 90 0 0 0.7071068 0 0.7071068 5.18406 2
5.9993 SecondCar -44.84477 0.025 2.97 0 90 0 0 0.7071068 0 0.7071068 5.146065 2
6.0009 Head 0 1.6 3.813803 12.89996 39.52502 0 0.1057195 0.335982 -0.03798322 0.9351454
6.0009 FirstCar -12.55443 0.025 2.97 0 90 0 0 0.7071068 0 0.7071068 5.180243 2
6.0009 SecondCar -44.83659 0.025 2.97 0 90 0 0 0.7071068 0 0.7071068 5.142248 2
6.0023 Head 0 1.6 3.815886 12.89996 39.52502 0 0.1057195 0.335982 -0.03798322 0.9351454
6.0023 FirstCar -12.54692 0.025 2.97 0 90 0 0 0.7071068 0 0.7071068 5.17676 2
6.0023 SecondCar -44.82914 0.025 2.97 0 90 0 0 0.7071068 0 0.7071068 5.138765 2
6.0037 Head 0 1.6 3.817787 12.89996 39.52502 0 0.1057195 0.335982 -0.03798322 0.9351454
6.0037 FirstCar -12.53987 0.025 2.97 0 90 0 0 0.7071068 0 0.7071068 5.173492 2
6.0037 SecondCar -44.82214 0.025 2.97 0 90 0 0 0.7071068 0 0.7071068 5.135497 2
6.0055 Head 0 1.6 3.819571 12.89996 39.52502 0 0.1057195 0.335982 -0.03798322 0.9351454
6.0055 FirstCar -12.53073 0.025 2.97 0 90 0 0 0.7071068 0 0.7071068 5.169244 2
6.0055 SecondCar -44.81306 0.025 2.97 0 90 0 0 0.7071068 0 0.7071068 5.131249 2
6.0069 Head 0 1.6 3.821889 12.89996 38.40001 0 0.1060873 0.3267851 -0.03694351 0.9383987
6.0069 FirstCar -12.52343 0.025 2.97 0 90 0 0 0.7071068 0 0.7071068 5.165854 2
6.0069 SecondCar -44.80582 0.025 2.97 0 90 0 0 0.7071068 0 0.7071068 5.127859 2
6.0087 Head 0 1.6 3.82374 12.89996 38.40001 0 0.1060873 0.3267851 -0.03694351 0.9383987
6.0087 FirstCar -12.51403 0.025 2.97 0 90 0 0 0.7071068 0 0.7071068 5.161485 2
6.0087 SecondCar -44.79649 0.025 2.97 0 90 0 0 0.7071068 0 0.7071068 5.12349 2
6.0104 Head 0 1.6 3.826125 12.89996 38.40001 0 0.1060873 0.3267851 -0.03694351 0.9383987
6.0104 FirstCar -12.50537 0.025 2.97 0 90 0 0 0.7071068 0 0.7071068 5.157455 2
6.0104 SecondCar -44.7879 0.025 2.97 0 90 0 0 0.7071068 0 0.7071068 5.11946 2
6.0125 Head 0 1.6 3.828324 12.89996 38.40001 0 0.1060873 0.3267851 -0.03694351 0.9383987
6.0125 FirstCar -12.49419 0.025 2.97 0 90 0 0 0.7071068 0 0.7071068 5.152245 2
6.0125 SecondCar -44.77679 0.025 2.97 0 90 0 0 0.7071068 0 0.7071068 5.11425 2
6.0141 Head 0 1.6 3.831168 12.89996 37.35002 0 0.1064213 0.3181731 -0.0359699 0.9413536
6.0141 FirstCar -12.48623 0.025 2.97 0 90 0 0 0.7071068 0 0.7071068 5.148534 2
6.0141 SecondCar -44.76889 0.025 2.97 0 90 0 0 0.7071068 0 0.7071068 5.110539 2
6.0156 Head 0 1.6 3.833194 12.89996 37.35002 0 0.1064213 0.3181731 -0.0359699 0.9413536
6.0156 FirstCar -12.47824 0.025 2.97 0 90 0 0 0.7071068 0 0.7071068 5.144809 2
6.0156 SecondCar -44.76096 0.025 2.97 0 90 0 0 0.7071068 0 0.7071068 5.106814 2
6.0171 Head 0 1.6 3.835227 12.89996 37.35002 0 0.1064213 0.3181731 -0.0359699 0.9413536
6.0171 FirstCar -12.47088 0.025 2.97 0 90 0 0 0.7071068 0 0.7071068 5.141371 2
6.0171 SecondCar -44.75365 0.025 2.97 0 90 0 0 0.7071068 0 0.7071068 5.103376 2
6.0184 Head 0 1.6 3.837103 12.89996 37.35002 0 0.1064213 0.3181731 -0.0359699 0.9413536
6.0184 FirstCar -12.46393 0.025 2.97 0 90 0 0 0.7071068 0 0.7071068 5.138125 2
6.0184 SecondCar -44.74676 0.025 2.97 0 90 0 0 0.7071068 0 0.7071068 5.10013 2
6.0200 Head 0 1.6 3.838875 12.89996 37.35002 0 0.1064213 0.3181731 -0.0359699 0.9413536
6.0200 FirstCar -12.45603 0.025 2.97 0 90 0 0 0.7071068 0 0.7071068 5.134435 2
6.0200 SecondCar -44.73892 0.025 2.97 0 90 0 0 0.7071068 0 0.7071068 5.09644 2
6.0220 Head 0 1.6 3.840889 12.89996 37.35002 0 0.1064213 0.3181731 -0.0359699 0.9413536
6.0220 FirstCar -12.44558 0.025 2.97 0 90 0 0 0.7071068 0 0.7071068 5.129544 2
6.0220 SecondCar -44.72855 0.025 2.97 0 90 0 0 0.7071068 0 0.7071068 5.091549 2
6.0236 Head 0 1.6 3.843559 12.89996 36.22502 0 0.1067693 0.3089162 -0.0349234 0.9444318
6.0236 FirstCar -12.43718 0.025 2.97 0 90 0 0 0.7071068 0 0.7071068 5.125609 2
6.0236 SecondCar -44.7202 0.025 2.97 0 90 0 0 0.7071068 0 0.7071068 5.087614 2
6.0255 Head 0 1.6 3.845707 12.89996 36.22502 0 0.1067693 0.3089162 -0.0349234 0.9444318
6.0255 FirstCar -12.42784 0.025 2.97 0 90 0 0 0.7071068 0 0.7071068 5.121233 2
6.0255 SecondCar -44.71093 0.025 2.97 0 90 0 0 0.7071068 0 0.7071068 5.083238 2
6.0268 Head 0 1.6 3.848095 12.89996 36.22502 0 0.1067693 0.3089162 -0.0349234 0.9444318
6.0268 FirstCar -12.42089 0.025 2.97 0 90 0 0 0.7071068 0 0.7071068 5.117977 2
6.0268 SecondCar -44.70404 0.025 2.97 0 90 0 0 0.7071068 0 0.7071068 5.079982 2
6.0285 Head 0 1.6 3.849873 12.89996 36.22502 0 0.1067693 0.3089162 -0.0349234 0.9444318
6.0285 FirstCar -12.41222 0.025 2.97 0 90 0 0 0.7071068 0 0.7071068 5.113907 2
6.0285 SecondCar -44.69543 0.025 2.97 0 90 0 0 0.7071068 0 0.7071068 5.075912 2
6.0314 Head 0 1.6 3.852094 12.82496 35.10002 0 0.1064869 0.2996516 -0.03367741 0.947489
6.0314 FirstCar -12.39732 0.025 2.97 0 90 0 0 0.7071068 0 0.7071068 5.106905 2
6.0314 SecondCar -44.68064 0.025 2.97 0 90 0 0 0.7071068 0 0.7071068 5.06891 2
6.0398 Head 0 1.6 3.855917 12.82496 35.10002 0 0.1064869 0.2996516 -0.03367741 0.947489
6.0398 FirstCar -12.35487 0.025 2.97 0 90 0 0 0.7071068 0 0.7071068 5.086877 2
6.0398 SecondCar -44.63852 0.025 2.97 0 90 0 0 0.7071068 0 0.7071068 5.048882 2
6.0470 Head 0 1.6 3.866848 12.74996 33.97502 2.188394E-07 0.1061904 0.2903567 -0.03244035 0.9504548
6.0470 FirstCar -12.31826 0.025 2.97 0 90 0 0 0.7071068 0 0.7071068 5.069542 2
6.0470 SecondCar -44.60217 0.025 2.97 0 90 0 0 0.7071068 0 0.7071068 5.031548 2
6.0527 Head 0 1.6 3.87631 12.74996 33.97502 2.188394E-07 0.1061904 0.2903567 -0.03244035 0.9504548
6.0527 FirstCar -12.28952 0.025 2.97 0 90 0 0 0.7071068 0 0.7071068 5.055898 2
6.0527 SecondCar -44.57365 0.025 2.97 0 90 0 0 0.7071068 0 0.7071068 5.017903 2
6.0582 Head 0 1.6 3.883757 12.74996 32.85001 0 0.1065037 0.2810117 -0.03139627 0.9532595
6.0582 FirstCar -12.26156 0.025 2.97 0 90 0 0 0.7071068 0 0.7071068 5.042593 2
6.0582 SecondCar -44.5459 0.025 2.97 0 90 0 0 0.7071068 0 0.7071068 5.004598 2
6.0649 Head 0 1.6 3.89102 12.67496 31.87502 2.187748E-07 0.1061415 0.2729107 -0.03031035 0.9556856
6.0649 FirstCar -12.22826 0.025 2.97 0 90 0 0 0.7071068 0 0.7071068 5.026693 2
6.0649 SecondCar -44.51285 0.025 2.97 0 90 0 0 0.7071068 0 0.7071068 4.988698 2
6.0697 Head 0 1.6 3.899698 12.52496 30.97502 -2.186468E-07 0.1051225 0.2654348 -0.02912836 0.957938
6.0697 FirstCar -12.20408 0.025 2.97 0 90 0 0 0.7071068 0 0.7071068 5.015123 2
6.0697 SecondCar -44.48886 0.025 2.97 0 90 0 0 0.7071068 0 0.7071068 4.977129 2
6.0848 Head 0 1.6 3.906013 12.52496 30.97502 -2.186468E-07 0.1051225 0.2654348 -0.02912836 0.957938
6.0848 FirstCar -12.12869 0.025 2.97 0 90 0 0 0.7071068 0 0.7071068 4.978782 2
6.0848 SecondCar -44.41404 0.025 2.97 0 90 0 0 0.7071068 0 0.7071068 4.940787 2
6.0877 Head 0 1.6 3.92585 12.44997 29.92502 -2.185835E-07 0.1047564 0.2566646 -0.02799594 0.9603987
6.0877 FirstCar -12.11424 0.025 2.97 0 90 0 0 0.7071068 0 0.7071068 4.971807 2
6.0877 SecondCar -44.3997 0.025 2.97 0 90 0 0 0.7071068 0 0.7071068 4.933813 2
6.0899 Head 0 1.6 3.929657 12.22497 27.97502 0 0.1033234 0.2403362 -0.02573748 0.9648318
6.0899 FirstCar -12.10332 0.025 2.97 0 90 0 0 0.7071068 0 0.7071068 4.966527 2
6.0899 SecondCar -44.38886 0.025 2.97 0 90 0 0 0.7071068 0 0.7071068 4.928532 2
6.0926 Head 0 1.6 3.932539 12.22497 27.97502 0 0.1033234 0.2403362 -0.02573748 0.9648318
6.0926 FirstCar -12.08982 0.025 2.97 0 90 0 0 0.7071068 0 0.7071068 4.959999 2
6.0926 SecondCar -44.37547 0.025 2.97 0 90 0 0 0.7071068 0 0.7071068 4.922004 2
6.0946 Head 0 1.6 3.936102 12.14997 27.00002 0 0.1029058 0.2321345 -0.02470551 0.9669093
6.0946 FirstCar -12.07997 0.025 2.97 0 90 0 0 0.7071068 0 0.7071068 4.955224 2
6.0946 SecondCar -44.36569 0.025 2.97 0 90 0 0 0.7071068 0 0.7071068 4.917229 2
6.0963 Head 0 1.6 3.938709 12.14997 27.00002 0 0.1029058 0.2321345 -0.02470551 0.9669093
6.0963 FirstCar -12.07189 0.025 2.97 0 90 0 0 0.7071068 0 0.7071068 4.951309 2
6.0963 SecondCar -44.35767 0.025 2.97 0 90 0 0 0.7071068 0 0.7071068 4.913314 2
6.0982 Head 0 1.6 3.940845 12.14997 27.00002 0 0.1029058 0.2321345 -0.02470551 0.9669093
6.0982 FirstCar -12.06246 0.025 2.97 0 90 0 0 0.7071068 0 0.7071068 4.946733 2
6.0982 SecondCar -44.34831 0.025 2.97 0 90 0 0 0.7071068 0 0.7071068 4.908738 2
6.0995 Head 0 1.6 3.943343 12.14997 27.00002 0 0.1029058 0.2321345 -0.02470551 0.9669093
6.0995 FirstCar -12.05566 0.025 2.97 0 90 0 0 0.7071068 0 0.7071068 4.943432 2
6.0995 SecondCar -44.34156 0.025 2.97 0 90 0 0 0.7071068 0 0.7071068 4.905437 2
6.1013 Head 0 1.6 3.945145 12.14997 27.00002 0 0.1029058 0.2321345 -0.02470551 0.9669093
6.1013 FirstCar -12.04714 0.025 2.97 0 90 0 0 0.7071068 0 0.7071068 4.939292 2
6.1013 SecondCar -44.33311 0.025 2.97 0 90 0 0 0.7071068 0 0.7071068 4.901297 2
6.1031 Head 0 1.6 3.947405 11.99997 25.95002 -2.182118E-07 0.1018594 0.2232961 -0.02346929 0.9691299
6.1031 FirstCar -12.03785 0.025 2.97 0 90 0 0 0.7071068 0 0.7071068 4.934777 2
6.1031 SecondCar -44.32389 0.025 2.97 0 90 0 0 0.7071068 0 0.7071068 4.896782 2
6.1048 Head 0 1.6 3.94987 11.99997 25.95002 -2.182118E-07 0.1018594 0.2232961 -0.02346929 0.9691299
6.1048 FirstCar -12.02983 0.025 2.97 0 90 0 0 0.7071068 0 0.7071068 4.930872 2
6.1048 SecondCar -44.31593 0.025 2.97 0 90 0 0 0.7071068 0 0.7071068 4.892878 2
6.1064 Head 0 1.6 3.952001 11.99997 25.95002 -2.182118E-07 0.1018594 0.2232961 -0.02346929 0.9691299
6.1064 FirstCar -12.02184 0.025 2.97 0 90 0 0 0.7071068 0 0.7071068 4.926978 2
6.1064 SecondCar -44.308 0.025 2.97 0 90 0 0 0.7071068 0 0.7071068 4.888983 2
6.1079 Head 0 1.6 3.954127 11.99997 25.95002 -2.182118E-07 0.1018594 0.2232961 -0.02346929 0.9691299
6.1079 FirstCar -12.01464 0.025 2.97 0 90 0 0 0.7071068 0 0.7071068 4.92347 2
6.1079 SecondCar -44.30086 0.025 2.97 0 90 0 0 0.7071068 0 0.7071068 4.885475 2
6.1099 Head 0 1.6 3.956042 11.99997 25.95002 -2.182118E-07 0.1018594 0.2232961 -0.02346929 0.9691299
6.1099 FirstCar -12.00483 0.025 2.97 0 90 0 0 0.7071068 0 0.7071068 4.918686 2
6.1099 SecondCar -44.29113 0.025 2.97 0 90 0 0 0.7071068 0 0.7071068 4.880691 2
6.1120 Head 0 1.6 3.958653 11.92497 24.97502 0 0.1014198 0.215057 -0.02246104 0.9710613
6.1120 FirstCar -11.99446 0.025 2.97 0 90 0 0 0.7071068 0 0.7071068 4.913619 2
6.1120 SecondCar -44.28083 0.025 2.97 0 90 0 0 0.7071068 0 0.7071068 4.875624 2
6.1135 Head 0 1.6 3.961419 11.92497 24.97502 0 0.1014198 0.215057 -0.02246104 0.9710613
6.1135 FirstCar -11.98714 0.025 2.97 0 90 0 0 0.7071068 0 0.7071068 4.910043 2
6.1135 SecondCar -44.27357 0.025 2.97 0 90 0 0 0.7071068 0 0.7071068 4.872048 2
6.1148 Head 0 1.6 3.963371 11.92497 24.97502 0 0.1014198 0.215057 -0.02246104 0.9710613
6.1148 FirstCar -11.98038 0.025 2.97 0 90 0 0 0.7071068 0 0.7071068 4.906734 2
6.1148 SecondCar -44.26686 0.025 2.97 0 90 0 0 0.7071068 0 0.7071068 4.868739 2
6.1165 Head 0 1.6 3.965177 11.92497 24.97502 0 0.1014198 0.215057 -0.02246104 0.9710613
6.1165 FirstCar -11.97229 0.025 2.97 0 90 0 0 0.7071068 0 0.7071068 4.902774 2
6.1165 SecondCar -44.25883 0.025 2.97 0 90 0 0 0.7071068 0 0.7071068 4.864779 2
6.1180 Head 0 1.6 3.967338 11.84997 23.92502 2.180912E-07 0.1009845 0.2061643 -0.02139587 0.9730573
6.1180 FirstCar -11.965 0.025 2.97 0 90 0 0 0.7071068 0 0.7071068 4.899204 2
6.1180 SecondCar -44.2516 0.025 2.97 0 90 0 0 0.7071068 0 0.7071068 4.861209 2
6.1193 Head 0 1.6 3.969287 11.84997 23.92502 2.180912E-07 0.1009845 0.2061643 -0.02139587 0.9730573
6.1193 FirstCar -11.95832 0.025 2.97 0 90 0 0 0.7071068 0 0.7071068 4.895927 2
6.1193 SecondCar -44.24497 0.025 2.97 0 90 0 0 0.7071068 0 0.7071068 4.857932 2
6.1207 Head 0 1.6 3.971076 11.84997 23.92502 2.180912E-07 0.1009845 0.2061643 -0.02139587 0.9730573
6.1207 FirstCar -11.95169 0.025 2.97 0 90 0 0 0.7071068 0 0.7071068 4.892675 2
6.1207 SecondCar -44.23839 0.025 2.97 0 90 0 0 0.7071068 0 0.7071068 4.85468 2
6.1220 Head 0 1.6 3.972851 11.84997 23.92502 2.180912E-07 0.1009845 0.2061643 -0.02139587 0.9730573
6.1220 FirstCar -11.94529 0.025 2.97 0 90 0 0 0.7071068 0 0.7071068 4.889534 2
6.1220 SecondCar -44.23204 0.025 2.97 0 90 0 0 0.7071068 0 0.7071068 4.85154 2
6.1233 Head 0 1.6 3.974565 11.84997 23.92502 2.180912E-07 0.1009845 0.2061643 -0.02139587 0.9730573
6.1233 FirstCar -11.93881 0.025 2.97 0 90 0 0 0.7071068 0 0.7071068 4.886351 2
6.1233 SecondCar -44.22561 0.025 2.97 0 90 0 0 0.7071068 0 0.7071068 4.848356 2
6.1249 Head 0 1.6 3.976303 11.84997 23.92502 2.180912E-07 0.1009845 0.2061643 -0.02139587 0.9730573
6.1249 FirstCar -11.93124 0.025 2.97 0 90 0 0 0.7071068 0 0.7071068 4.88263 2
6.1249 SecondCar -44.2181 0.025 2.97 0 90 0 0 0.7071068 0 0.7071068 4.844635 2
6.1262 Head 0 1.6 3.978334 11.77496 22.95002 0 0.1005249 0.1978911 -0.02040637 0.9748423
6.1262 FirstCar -11.92483 0.025 2.97 0 90 0 0 0.7071068 0 0.7071068 4.879479 2
6.1262 SecondCar -44.21174 0.025 2.97 0 90 0 0 0.7071068 0 0.7071068 4.841484 2
6.1275 Head 0 1.6 3.980054 11.77496 22.95002 0 0.1005249 0.1978911 -0.02040637 0.9748423
6.1275 FirstCar -11.91864 0.025 2.97 0 90 0 0 0.7071068 0 0.7071068 4.876431 2
6.1275 SecondCar -44.2056 0.025 2.97 0 90 0 0 0.7071068 0 0.7071068 4.838436 2
6.1287 Head 0 1.6 3.981718 11.77496 22.95002 0 0.1005249 0.1978911 -0.02040637 0.9748423
6.1287 FirstCar -11.91246 0.025 2.97 0 90 0 0 0.7071068 0 0.7071068 4.87339 2
6.1287 SecondCar -44.19947 0.025 2.97 0 90 0 0 0.7071068 0 0.7071068 4.835395 2
6.1303 Head 0 1.6 3.983377 11.77496 22.95002 0 0.1005249 0.1978911 -0.02040637 0.9748423
6.1303 FirstCar -11.9048 0.025 2.97 0 90 0 0 0.7071068 0 0.7071068 4.869615 2
6.1303 SecondCar -44.19187 0.025 2.97 0 90 0 0 0.7071068 0 0.7071068 4.83162 2
6.1317 Head 0 1.6 3.985438 11.77496 22.95002 0 0.1005249 0.1978911 -0.02040637 0.9748423
6.1317 FirstCar -11.89802 0.025 2.97 0 90 0 0 0.7071068 0 0.7071068 4.866269 2
6.1317 SecondCar -44.18514 0.025 2.97 0 90 0 0 0.7071068 0 0.7071068 4.828274 2
6.1333 Head 0 1.6 3.987265 11.77496 22.95002 0 0.1005249 0.1978911 -0.02040637 0.9748423
6.1333 FirstCar -11.89005 0.025 2.97 0 90 0 0 0.7071068 0 0.7071068 4.862334 2
6.1333 SecondCar -44.17723 0.025 2.97 0 90 0 0 0.7071068 0 0.7071068 4.824339 2
6.1351 Head 0 1.6 3.989412 11.69997 21.82502 0 0.1000811 0.1883239 -0.01929525 0.9768038
6.1351 FirstCar -11.88143 0.025 2.97 0 90 0 0 0.7071068 0 0.7071068 4.858077 2
6.1351 SecondCar -44.16868 0.025 2.97 0 90 0 0 0.7071068 0 0.7071068 4.820082 2
6.1366 Head 0 1.6 3.991736 11.69997 21.82502 0 0.1000811 0.1883239 -0.01929525 0.9768038
6.1366 FirstCar -11.87418 0.025 2.97 0 90 0 0 0.7071068 0 0.7071068 4.854492 2
6.1366 SecondCar -44.16148 0.025 2.97 0 90 0 0 0.7071068 0 0.7071068 4.816497 2
6.1380 Head 0 1.6 3.993693 11.69997 21.82502 0 0.1000811 0.1883239 -0.01929525 0.9768038
6.1380 FirstCar -11.86725 0.025 2.97 0 90 0 0 0.7071068 0 0.7071068 4.851062 2
6.1380 SecondCar -44.15461 0.025 2.97 0 90 0 0 0.7071068 0 0.7071068 4.813067 2
6.1397 Head 0 1.6 3.995565 11.69997 21.82502 0 0.1000811 0.1883239 -0.01929525 0.9768038
6.1397 FirstCar -11.85916 0.025 2.97 0 90 0 0 0.7071068 0 0.7071068 4.84706 2
6.1397 SecondCar -44.14658 0.025 2.97 0 90 0 0 0.7071068 0 0.7071068 4.809065 2
6.1416 Head 0 1.6 3.99775 11.69997 21.82502 0 0.1000811 0.1883239 -0.01929525 0.9768038
6.1416 FirstCar -11.85005 0.025 2.97 0 90 0 0 0.7071068 0 0.7071068 4.842541 2
6.1416 SecondCar -44.13754 0.025 2.97 0 90 0 0 0.7071068 0 0.7071068 4.804546 2
6.1433 Head 0 1.6 4.000216 11.69997 20.70002 2.179722E-07 0.1002657 0.1787253 -0.01831179 0.9786055
6.1433 FirstCar -11.84182 0.025 2.97 0 90 0 0 0.7071068 0 0.7071068 4.83846 2
6.1433 SecondCar -44.12938 0.025 2.97 0 90 0 0 0.7071068 0 0.7071068 4.800465 2
6.1447 Head 0 1.6 4.002444 11.69997 20.70002 2.179722E-07 0.1002657 0.1787253 -0.01831179 0.9786055
6.1447 FirstCar -11.83492 0.025 2.97 0 90 0 0 0.7071068 0 0.7071068 4.835038 2
6.1447 SecondCar -44.12254 0.025 2.97 0 90 0 0 0.7071068 0 0.7071068 4.797043 2
6.1462 Head 0 1.6 4.004312 11.69997 20.70002 2.179722E-07 0.1002657 0.1787253 -0.01831179 0.9786055
6.1462 FirstCar -11.82774 0.025 2.97 0 90 0 0 0.7071068 0 0.7071068 4.831471 2
6.1462 SecondCar -44.11541 0.025 2.97 0 90 0 0 0.7071068 0 0.7071068 4.793477 2
6.1477 Head 0 1.6 4.006258 11.69997 20.70002 2.179722E-07 0.1002657 0.1787253 -0.01831179 0.9786055
6.1477 FirstCar -11.82047 0.025 2.97 0 90 0 0 0.7071068 0 0.7071068 4.827857 2
6.1477 SecondCar -44.1082 0.025 2.97 0 90 0 0 0.7071068 0 0.7071068 4.789863 2
6.1497 Head 0 1.6 4.008231 11.69997 20.70002 2.179722E-07 0.1002657 0.1787253 -0.01831179 0.9786055
6.1497 FirstCar -11.811 0.025 2.97 0 90 0 0 0.7071068 0 0.7071068 4.823143 2
6.1497 SecondCar -44.0988 0.025 2.97 0 90 0 0 0.7071068 0 0.7071068 4.785148 2
6.1518 Head 0 1.6 4.010805 11.62497 19.65002 2.179133E-07 0.09978773 0.1697623 -0.01728119 0.9802676
6.1518 FirstCar -11.80057 0.025 2.97 0 90 0 0 0.7071068 0 0.7071068 4.81795 2
6.1518 SecondCar -44.08846 0.025 2.97 0 90 0 0 0.7071068 0 0.7071068 4.779955 2
6.1534 Head 0 1.6 4.013639 11.62497 19.65002 2.179133E-07 0.09978773 0.1697623 -0.01728119 0.9802676
6.1534 FirstCar -11.79279 0.025 2.97 0 90 0 0 0.7071068 0 0.7071068 4.814071 2
6.1534 SecondCar -44.08074 0.025 2.97 0 90 0 0 0.7071068 0 0.7071068 4.776076 2
6.1548 Head 0 1.6 4.015757 11.62497 19.65002 2.179133E-07 0.09978773 0.1697623 -0.01728119 0.9802676
6.1548 FirstCar -11.78621 0.025 2.97 0 90 0 0 0.7071068 0 0.7071068 4.810787 2
6.1548 SecondCar -44.07421 0.025 2.97 0 90 0 0 0.7071068 0 0.7071068 4.772792 2
6.1571 Head 0 1.6 4.01755 11.62497 19.65002 2.179133E-07 0.09978773 0.1697623 -0.01728119 0.9802676
6.1571 FirstCar -11.77514 0.025 2.97 0 90 0 0 0.7071068 0 0.7071068 4.805259 2
6.1571 SecondCar -44.06323 0.025 2.97 0 90 0 0 0.7071068 0 0.7071068 4.767264 2
6.1588 Head 0 1.6 4.020567 11.62497 18.45002 0 0.09996322 0.1594878 -0.01623529 0.9819916
6.1588 FirstCar -11.7672 0.025 2.97 0 90 0 0 0.7071068 0 0.7071068 4.80129 2
6.1588 SecondCar -44.05536 0.025 2.97 0 90 0 0 0.7071068 0 0.7071068 4.763295 2
6.1603 Head 0 1.6 4.022734 11.62497 18.45002 0 0.09996322 0.1594878 -0.01623529 0.9819916
6.1603 FirstCar -11.75982 0.025 2.97 0 90 0 0 0.7071068 0 0.7071068 4.797597 2
6.1603 SecondCar -44.04803 0.025 2.97 0 90 0 0 0.7071068 0 0.7071068 4.759602 2
6.1617 Head 0 1.6 4.024749 11.62497 18.45002 0 0.09996322 0.1594878 -0.01623529 0.9819916
6.1617 FirstCar -11.75302 0.025 2.97 0 90 0 0 0.7071068 0 0.7071068 4.794192 2
6.1617 SecondCar -44.04128 0.025 2.97 0 90 0 0 0.7071068 0 0.7071068 4.756197 2
6.1631 Head 0 1.6 4.026608 11.62497 18.45002 0 0.09996322 0.1594878 -0.01623529 0.9819916
6.1631 FirstCar -11.74664 0.025 2.97 0 90 0 0 0.7071068 0 0.7071068 4.790998 2
6.1631 SecondCar -44.03496 0.025 2.97 0 90 0 0 0.7071068 0 0.7071068 4.753004 2
6.1650 Head 0 1.6 4.028351 11.62497 18.45002 0 0.09996322 0.1594878 -0.01623529 0.9819916
6.1650 FirstCar -11.73744 0.025 2.97 0 90 0 0 0.7071068 0 0.7071068 4.786382 2
6.1650 SecondCar -44.02583 0.025 2.97 0 90 0 0 0.7071068 0 0.7071068 4.748387 2
6.1663 Head 0 1.6 4.03087 11.62497 17.25002 -1.089567E-07 0.1001277 0.1491959 -0.0151876 0.9836078
6.1663 FirstCar -11.73113 0.025 2.97 0 90 0 0 0.7071068 0 0.7071068 4.783217 2
6.1663 SecondCar -44.01957 0.025 2.97 0 90 0 0 0.7071068 0 0.7071068 4.745222 2
6.1683 Head 0 1.6 4.032598 11.62497 17.25002 -1.089567E-07 0.1001277 0.1491959 -0.0151876 0.9836078
6.1683 FirstCar -11.72146 0.025 2.97 0 90 0 0 0.7071068 0 0.7071068 4.778362 2
6.1683 SecondCar -44.00998 0.025 2.97 0 90 0 0 0.7071068 0 0.7071068 4.740367 2
6.1701 Head 0 1.6 4.035248 11.62497 17.25002 -1.089567E-07 0.1001277 0.1491959 -0.0151876 0.9836078
6.1701 FirstCar -11.71314 0.025 2.97 0 90 0 0 0.7071068 0 0.7071068 4.77418 2
6.1701 SecondCar -44.00172 0.025 2.97 0 90 0 0 0.7071068 0 0.7071068 4.736185 2
6.1732 Head 0 1.6 4.03753 11.62497 17.25002 -1.089567E-07 0.1001277 0.1491959 -0.0151876 0.9836078
6.1732 FirstCar -11.69839 0.025 2.97 0 90 0 0 0.7071068 0 0.7071068 4.76675 2
6.1732 SecondCar -43.98708 0.025 2.97 0 90 0 0 0.7071068 0 0.7071068 4.728755 2
6.1750 Head 0 1.6 4.041586 11.62497 16.05001 0 0.1002813 0.1388876 -0.01413826 0.9851163
6.1750 FirstCar -11.68948 0.025 2.97 0 90 0 0 0.7071068 0 0.7071068 4.76226 2
6.1750 SecondCar -43.97825 0.025 2.97 0 90 0 0 0.7071068 0 0.7071068 4.724266 2
6.1765 Head 0 1.6 4.044036 11.62497 16.05001 0 0.1002813 0.1388876 -0.01413826 0.9851163
6.1765 FirstCar -11.68243 0.025 2.97 0 90 0 0 0.7071068 0 0.7071068 4.758708 2
6.1765 SecondCar -43.97126 0.025 2.97 0 90 0 0 0.7071068 0 0.7071068 4.720714 2
6.1779 Head 0 1.6 4.045975 11.62497 16.05001 0 0.1002813 0.1388876 -0.01413826 0.9851163
6.1779 FirstCar -11.67593 0.025 2.97 0 90 0 0 0.7071068 0 0.7071068 4.755424 2
6.1779 SecondCar -43.9648 0.025 2.97 0 90 0 0 0.7071068 0 0.7071068 4.717429 2
6.1792 Head 0 1.6 4.047768 11.62497 16.05001 0 0.1002813 0.1388876 -0.01413826 0.9851163
6.1792 FirstCar -11.66943 0.025 2.97 0 90 0 0 0.7071068 0 0.7071068 4.752144 2
6.1792 SecondCar -43.95836 0.025 2.97 0 90 0 0 0.7071068 0 0.7071068 4.714149 2
6.1809 Head 0 1.6 4.049558 11.62497 16.05001 0 0.1002813 0.1388876 -0.01413826 0.9851163
6.1809 FirstCar -11.66182 0.025 2.97 0 90 0 0 0.7071068 0 0.7071068 4.748296 2
6.1809 SecondCar -43.95081 0.025 2.97 0 90 0 0 0.7071068 0 0.7071068 4.710301 2
6.1822 Head 0 1.6 4.051659 11.62496 14.77502 1.089567E-07 0.1004324 0.1279183 -0.01302163 0.9866006
6.1822 FirstCar -11.65555 0.025 2.97 0 90 0 0 0.7071068 0 0.7071068 4.745125 2
6.1822 SecondCar -43.94459 0.025 2.97 0 90 0 0 0.7071068 0 0.7071068 4.70713 2
6.1834 Head 0 1.6 4.053389 11.62496 14.77502 1.089567E-07 0.1004324 0.1279183 -0.01302163 0.9866006
6.1834 FirstCar -11.64958 0.025 2.97 0 90 0 0 0.7071068 0 0.7071068 4.742103 2
6.1834 SecondCar -43.93866 0.025 2.97 0 90 0 0 0.7071068 0 0.7071068 4.704108 2
6.1847 Head 0 1.6 4.055039 11.62496 14.77502 1.089567E-07 0.1004324 0.1279183 -0.01302163 0.9866006
6.1847 FirstCar -11.64346 0.025 2.97 0 90 0 0 0.7071068 0 0.7071068 4.739004 2
6.1847 SecondCar -43.93259 0.025 2.97 0 90 0 0 0.7071068 0 0.7071068 4.701009 2
6.1860 Head 0 1.6 4.05673 11.62496 14.77502 1.089567E-07 0.1004324 0.1279183 -0.01302163 0.9866006
6.1860 FirstCar -11.6373 0.025 2.97 0 90 0 0 0.7071068 0 0.7071068 4.735884 2
6.1860 SecondCar -43.92649 0.025 2.97 0 90 0 0 0.7071068 0 0.7071068 4.697889 2
6.1873 Head 0 1.6 4.058433 11.62496 14.77502 1.089567E-07 0.1004324 0.1279183 -0.01302163 0.9866006
6.1873 FirstCar -11.63137 0.025 2.97 0 90 0 0 0.7071068 0 0.7071068 4.732876 2
6.1873 SecondCar -43.9206 0.025 2.97 0 90 0 0 0.7071068 0 0.7071068 4.694881 2
6.1889 Head 0 1.6 4.060075 11.62496 14.77502 1.089567E-07 0.1004324 0.1279183 -0.01302163 0.9866006
6.1889 FirstCar -11.62353 0.025 2.97 0 90 0 0 0.7071068 0 0.7071068 4.728897 2
6.1889 SecondCar -43.91283 0.025 2.97 0 90 0 0 0.7071068 0 0.7071068 4.690902 2
6.1908 Head 0 1.6 4.062247 11.62497 13.50002 1.089567E-07 0.1005711 0.1169333 -0.01190339 0.9879628
6.1908 FirstCar -11.6149 0.025 2.97 0 90 0 0 0.7071068 0 0.7071068 4.724514 2
6.1908 SecondCar -43.90427 0.025 2.97 0 90 0 0 0.7071068 0 0.7071068 4.68652 2
6.1921 Head 0 1.6 4.064639 11.62497 13.50002 1.089567E-07 0.1005711 0.1169333 -0.01190339 0.9879628
6.1921 FirstCar -11.60869 0.025 2.97 0 90 0 0 0.7071068 0 0.7071068 4.721356 2
6.1921 SecondCar -43.89811 0.025 2.97 0 90 0 0 0.7071068 0 0.7071068 4.683361 2
6.1933 Head 0 1.6 4.066363 11.62497 13.50002 1.089567E-07 0.1005711 0.1169333 -0.01190339 0.9879628
6.1933 FirstCar -11.60275 0.025 2.97 0 90 0 0 0.7071068 0 0.7071068 4.718338 2
6.1933 SecondCar -43.89222 0.025 2.97 0 90 0 0 0.7071068 0 0.7071068 4.680343 2
6.1946 Head 0 1.6 4.068011 11.62497 13.50002 1.089567E-07 0.1005711 0.1169333 -0.01190339 0.9879628
6.1946 FirstCar -11.59695 0.025 2.97 0 90 0 0 0.7071068 0 0.7071068 4.715384 2
6.1946 SecondCar -43.88646 0.025 2.97 0 90 0 0 0.7071068 0 0.7071068 4.677389 2
6.1958 Head 0 1.6 4.069623 11.62497 13.50002 1.089567E-07 0.1005711 0.1169333 -0.01190339 0.9879628
6.1958 FirstCar -11.59102 0.025 2.97 0 90 0 0 0.7071068 0 0.7071068 4.712362 2
6.1958 SecondCar -43.88058 0.025 2.97 0 90 0 0 0.7071068 0 0.7071068 4.674367 2
6.1974 Head 0 1.6 4.071272 11.62497 13.50002 1.089567E-07 0.1005711 0.1169333 -0.01190339 0.9879628
6.1974 FirstCar -11.58376 0.025 2.97 0 90 0 0 0.7071068 0 0.7071068 4.708661 2
6.1974 SecondCar -43.87337 0.025 2.97 0 90 0 0 0.7071068 0 0.7071068 4.670666 2
6.1992 Head 0 1.6 4.073293 11.62497 12.15002 1.089567E-07 0.1007043 0.1052862 -0.01071776 0.9892718
6.1992 FirstCar -11.57511 0.025 2.97 0 90 0 0 0.7071068 0 0.7071068 4.70425 2
6.1992 SecondCar -43.8648 0.025 2.97 0 90 0 0 0.7071068 0 0.7071068 4.666255 2
6.2007 Head 0 1.6 4.0757 11.62497 12.15002 1.089567E-07 0.1007043 0.1052862 -0.01071776 0.9892718
6.2007 FirstCar -11.56788 0.025 2.97 0 90 0 0 0.7071068 0 0.7071068 4.700559 2
6.2007 SecondCar -43.85763 0.025 2.97 0 90 0 0 0.7071068 0 0.7071068 4.662564 2
6.2022 Head 0 1.6 4.077715 11.62497 12.15002 1.089567E-07 0.1007043 0.1052862 -0.01071776 0.9892718
6.2022 FirstCar -11.56124 0.025 2.97 0 90 0 0 0.7071068 0 0.7071068 4.697165 2
6.2022 SecondCar -43.85104 0.025 2.97 0 90 0 0 0.7071068 0 0.7071068 4.659171 2
6.2035 Head 0 1.6 4.079567 11.62497 12.15002 1.089567E-07 0.1007043 0.1052862 -0.01071776 0.9892718
6.2035 FirstCar -11.5548 0.025 2.97 0 90 0 0 0.7071068 0 0.7071068 4.693872 2
6.2035 SecondCar -43.84465 0.025 2.97 0 90 0 0 0.7071068 0 0.7071068 4.655877 2
6.2053 Head 0 1.6 4.081365 11.62497 12.15002 1.089567E-07 0.1007043 0.1052862 -0.01071776 0.9892718
6.2053 FirstCar -11.54627 0.025 2.97 0 90 0 0 0.7071068 0 0.7071068 4.689507 2
6.2053 SecondCar -43.83619 0.025 2.97 0 90 0 0 0.7071068 0 0.7071068 4.651513 2
6.2070 Head 0 1.6 4.083747 11.62497 10.80002 0 0.1008236 0.09362461 -0.00953065 0.9904435
6.2070 FirstCar -11.53832 0.025 2.97 0 90 0 0 0.7071068 0 0.7071068 4.685436 2
6.2070 SecondCar -43.8283 0.025 2.97 0 90 0 0 0.7071068 0 0.7071068 4.647441 2
6.2085 Head 0 1.6 4.085969 11.62497 10.80002 0 0.1008236 0.09362461 -0.00953065 0.9904435
6.2085 FirstCar -11.53135 0.025 2.97 0 90 0 0 0.7071068 0 0.7071068 4.681859 2
6.2085 SecondCar -43.82138 0.025 2.97 0 90 0 0 0.7071068 0 0.7071068 4.643865 2
6.2099 Head 0 1.6 4.087922 11.62497 10.80002 0 0.1008236 0.09362461 -0.00953065 0.9904435
6.2099 FirstCar -11.52482 0.025 2.97 0 90 0 0 0.7071068 0 0.7071068 4.678512 2
6.2099 SecondCar -43.81491 0.025 2.97 0 90 0 0 0.7071068 0 0.7071068 4.640517 2
6.2115 Head 0 1.6 4.089749 11.62497 10.80002 0 0.1008236 0.09362461 -0.00953065 0.9904435
6.2115 FirstCar -11.51738 0.025 2.97 0 90 0 0 0.7071068 0 0.7071068 4.674694 2
6.2115 SecondCar -43.80753 0.025 2.97 0 90 0 0 0.7071068 0 0.7071068 4.636699 2
6.2134 Head 0 1.6 4.091833 11.62497 10.80002 0 0.1008236 0.09362461 -0.00953065 0.9904435
6.2134 FirstCar -11.50879 0.025 2.97 0 90 0 0 0.7071068 0 0.7071068 4.67028 2
6.2134 SecondCar -43.79902 0.025 2.97 0 90 0 0 0.7071068 0 0.7071068 4.632286 2
6.2150 Head 0 1.6 4.094242 11.62497 9.450016 1.089567E-07 0.1009289 0.08194999 -0.008342215 0.9914777
6.2150 FirstCar -11.50136 0.025 2.97 0 90 0 0 0.7071068 0 0.7071068 4.666455 2
6.2150 SecondCar -43.79164 0.025 2.97 0 90 0 0 0.7071068 0 0.7071068 4.62846 2
6.2165 Head 0 1.6 4.09633 11.62497 9.450016 1.089567E-07 0.1009289 0.08194999 -0.008342215 0.9914777
6.2165 FirstCar -11.49398 0.025 2.97 0 90 0 0 0.7071068 0 0.7071068 4.662657 2
6.2165 SecondCar -43.78432 0.025 2.97 0 90 0 0 0.7071068 0 0.7071068 4.624662 2
6.2180 Head 0 1.6 4.098403 11.62497 9.450016 1.089567E-07 0.1009289 0.08194999 -0.008342215 0.9914777
6.2180 FirstCar -11.48729 0.025 2.97 0 90 0 0 0.7071068 0 0.7071068 4.659211 2
6.2180 SecondCar -43.77769 0.025 2.97 0 90 0 0 0.7071068 0 0.7071068 4.621216 2
6.2195 Head 0 1.6 4.100284 11.62497 9.450016 1.089567E-07 0.1009289 0.08194999 -0.008342215 0.9914777
6.2195 FirstCar -11.48011 0.025 2.97 0 90 0 0 0.7071068 0 0.7071068 4.655512 2
6.2195 SecondCar -43.77057 0.025 2.97 0 90 0 0 0.7071068 0 0.7071068 4.617517 2
6.2215 Head 0 1.6 4.102303 11.62497 9.450016 1.089567E-07 0.1009289 0.08194999 -0.008342215 0.9914777
6.2215 FirstCar -11.47093 0.025 2.97 0 90 0 0 0.7071068 0 0.7071068 4.650775 2
6.2215 SecondCar -43.76146 0.025 2.97 0 90 0 0 0.7071068 0 0.7071068 4.61278 2
6.2233 Head 0 1.6 4.104888 11.62497 8.100016 5.447833E-08 0.1010201 0.070264 -0.007152623 0.9923743
6.2233 FirstCar -11.46251 0.025 2.97 0 90 0 0 0.7071068 0 0.7071068 4.646422 2
6.2233 SecondCar -43.75311 0.025 2.97 0 90 0 0 0.7071068 0 0.7071068 4.608428 2
6.2250 Head 0 1.6 4.107264 11.62497 8.100016 5.447833E-08 0.1010201 0.070264 -0.007152623 0.9923743
6.2250 FirstCar -11.4545 0.025 2.97 0 90 0 0 0.7071068 0 0.7071068 4.642282 2
6.2250 SecondCar -43.74516 0.025 2.97 0 90 0 0 0.7071068 0 0.7071068 4.604288 2
6.2266 Head 0 1.6 4.109524 11.62497 8.100016 5.447833E-08 0.1010201 0.070264 -0.007152623 0.9923743
6.2266 FirstCar -11.44732 0.025 2.97 0 90 0 0 0.7071068 0 0.7071068 4.63857 2
6.2266 SecondCar -43.73805 0.025 2.97 0 90 0 0 0.7071068 0 0.7071068 4.600575 2
6.2281 Head 0 1.6 4.11155 11.62497 8.100016 5.447833E-08 0.1010201 0.070264 -0.007152623 0.9923743
6.2281 FirstCar -11.44022 0.025 2.97 0 90 0 0 0.7071068 0 0.7071068 4.634893 2
6.2281 SecondCar -43.73101 0.025 2.97 0 90 0 0 0.7071068 0 0.7071068 4.596898 2
6.2303 Head 0 1.6 4.113557 11.62497 6.675016 0 0.1011013 0.05791825 -0.00589587 0.9931713
6.2303 FirstCar -11.43027 0.025 2.97 0 90 0 0 0.7071068 0 0.7071068 4.629735 2
6.2303 SecondCar -43.72114 0.025 2.97 0 90 0 0 0.7071068 0 0.7071068 4.591741 2
6.2323 Head 0 1.6 4.116373 11.62497 6.675016 0 0.1011013 0.05791825 -0.00589587 0.9931713
6.2323 FirstCar -11.421 0.025 2.97 0 90 0 0 0.7071068 0 0.7071068 4.624923 2
6.2323 SecondCar -43.71194 0.025 2.97 0 90 0 0 0.7071068 0 0.7071068 4.586928 2
6.2343 Head 0 1.6 4.118999 11.62497 6.675016 0 0.1011013 0.05791825 -0.00589587 0.9931713
6.2343 FirstCar -11.41161 0.025 2.97 0 90 0 0 0.7071068 0 0.7071068 4.620043 2
6.2343 SecondCar -43.70263 0.025 2.97 0 90 0 0 0.7071068 0 0.7071068 4.582048 2
6.2367 Head 0 1.6 4.121663 11.62497 6.675016 0 0.1011013 0.05791825 -0.00589587 0.9931713
6.2367 FirstCar -11.40036 0.025 2.97 0 90 0 0 0.7071068 0 0.7071068 4.614193 2
6.2367 SecondCar -43.69147 0.025 2.97 0 90 0 0 0.7071068 0 0.7071068 4.576199 2
6.2388 Head 0 1.6 4.124856 11.62496 5.400016 5.447834E-08 0.1011606 0.0468644 -0.004770627 0.9937543
6.2388 FirstCar -11.39069 0.025 2.97 0 90 0 0 0.7071068 0 0.7071068 4.609157 2
6.2388 SecondCar -43.68188 0.025 2.97 0 90 0 0 0.7071068 0 0.7071068 4.571162 2
6.2406 Head 0 1.6 4.127604 11.62496 5.400016 5.447834E-08 0.1011606 0.0468644 -0.004770627 0.9937543
6.2406 FirstCar -11.38273 0.025 2.97 0 90 0 0 0.7071068 0 0.7071068 4.605009 2
6.2406 SecondCar -43.67398 0.025 2.97 0 90 0 0 0.7071068 0 0.7071068 4.567014 2
6.2420 Head 0 1.6 4.129869 11.62496 5.400016 5.447834E-08 0.1011606 0.0468644 -0.004770627 0.9937543
6.2420 FirstCar -11.37618 0.025 2.97 0 90 0 0 0.7071068 0 0.7071068 4.601595 2
6.2420 SecondCar -43.66749 0.025 2.97 0 90 0 0 0.7071068 0 0.7071068 4.5636 2
6.2436 Head 0 1.6 4.131732 11.62496 5.400016 5.447834E-08 0.1011606 0.0468644 -0.004770627 0.9937543
6.2436 FirstCar -11.36882 0.025 2.97 0 90 0 0 0.7071068 0 0.7071068 4.59775 2
6.2436 SecondCar -43.66019 0.025 2.97 0 90 0 0 0.7071068 0 0.7071068 4.559755 2
6.2459 Head 0 1.6 4.133831 11.62496 5.400016 5.447834E-08 0.1011606 0.0468644 -0.004770627 0.9937543
6.2459 FirstCar -11.35804 0.025 2.97 0 90 0 0 0.7071068 0 0.7071068 4.592117 2
6.2459 SecondCar -43.6495 0.025 2.97 0 90 0 0 0.7071068 0 0.7071068 4.554122 2
6.2475 Head 0 1.6 4.136905 11.62497 4.050015 0 0.1012098 0.03515402 -0.003578553 0.9942374
6.2475 FirstCar -11.35075 0.025 2.97 0 90 0 0 0.7071068 0 0.7071068 4.588305 2
6.2475 SecondCar -43.64227 0.025 2.97 0 90 0 0 0.7071068 0 0.7071068 4.55031 2
6.2490 Head 0 1.6 4.138986 11.62497 4.050015 0 0.1012098 0.03515402 -0.003578553 0.9942374
6.2490 FirstCar -11.34394 0.025 2.97 0 90 0 0 0.7071068 0 0.7071068 4.58474 2
6.2490 SecondCar -43.63552 0.025 2.97 0 90 0 0 0.7071068 0 0.7071068 4.546745 2
6.2507 Head 0 1.6 4.140932 11.62497 4.050015 0 0.1012098 0.03515402 -0.003578553 0.9942374
6.2507 FirstCar -11.33627 0.025 2.97 0 90 0 0 0.7071068 0 0.7071068 4.58072 2
6.2507 SecondCar -43.62791 0.025 2.97 0 90 0 0 0.7071068 0 0.7071068 4.542726 2
6.2523 Head 0 1.6 4.143126 11.62497 4.050015 0 0.1012098 0.03515402 -0.003578553 0.9942374
6.2523 FirstCar -11.32878 0.025 2.97 0 90 0 0 0.7071068 0 0.7071068 4.576795 2
6.2523 SecondCar -43.62049 0.025 2.97 0 90 0 0 0.7071068 0 0.7071068 4.5388 2
6.2537 Head 0 1.6 4.145268 11.54997 2.775016 -2.723186E-08 0.1005924 0.02409132 -0.00243648 0.994633
6.2537 FirstCar -11.32256 0.025 2.97 0 90 0 0 0.7071068 0 0.7071068 4.573528 2
6.2537 SecondCar -43.61432 0.025 2.97 0 90 0 0 0.7071068 0 0.7071068 4.535533 2
6.2551 Head 0 1.6 4.147052 11.54997 2.775016 -2.723186E-08 0.1005924 0.02409132 -0.00243648 0.994633
6.2551 FirstCar -11.3162 0.025 2.97 0 90 0 0 0.7071068 0 0.7071068 4.570187 2
6.2551 SecondCar -43.60801 0.025 2.97 0 90 0 0 0.7071068 0 0.7071068 4.532192 2
6.2565 Head 0 1.6 4.148876 11.54997 2.775016 -2.723186E-08 0.1005924 0.02409132 -0.00243648 0.994633
6.2565 FirstCar -11.30969 0.025 2.97 0 90 0 0 0.7071068 0 0.7071068 4.566767 2
6.2565 SecondCar -43.60155 0.025 2.97 0 90 0 0 0.7071068 0 0.7071068 4.528772 2
6.2577 Head 0 1.6 4.150742 11.54997 2.775016 -2.723186E-08 0.1005924 0.02409132 -0.00243648 0.994633
6.2577 FirstCar -11.30395 0.025 2.97 0 90 0 0 0.7071068 0 0.7071068 4.563749 2
6.2577 SecondCar -43.59586 0.025 2.97 0 90 0 0 0.7071068 0 0.7071068 4.525754 2
6.2590 Head 0 1.6 4.15239 11.54997 2.775016 -2.723186E-08 0.1005924 0.02409132 -0.00243648 0.994633
6.2590 FirstCar -11.29801 0.025 2.97 0 90 0 0 0.7071068 0 0.7071068 4.560623 2
6.2590 SecondCar -43.58997 0.025 2.97 0 90 0 0 0.7071068 0 0.7071068 4.522628 2
6.2607 Head 0 1.6 4.154096 11.54997 2.775016 -2.723186E-08 0.1005924 0.02409132 -0.00243648 0.994633
6.2607 FirstCar -11.2904 0.025 2.97 0 90 0 0 0.7071068 0 0.7071068 4.556615 2
6.2607 SecondCar -43.58242 0.025 2.97 0 90 0 0 0.7071068 0 0.7071068 4.51862 2
6.2622 Head 0 1.6 4.156283 11.54997 1.650015 0 0.1006115 0.01432553 -0.001448815 0.9948216
6.2622 FirstCar -11.28356 0.025 2.97 0 90 0 0 0.7071068 0 0.7071068 4.553009 2
6.2622 SecondCar -43.57564 0.025 2.97 0 90 0 0 0.7071068 0 0.7071068 4.515014 2
6.2635 Head 0 1.6 4.158252 11.54997 1.650015 0 0.1006115 0.01432553 -0.001448815 0.9948216
6.2635 FirstCar -11.27773 0.025 2.97 0 90 0 0 0.7071068 0 0.7071068 4.549935 2
6.2635 SecondCar -43.56986 0.025 2.97 0 90 0 0 0.7071068 0 0.7071068 4.51194 2
6.2648 Head 0 1.6 4.15993 11.54997 1.650015 0 0.1006115 0.01432553 -0.001448815 0.9948216
6.2648 FirstCar -11.27186 0.025 2.97 0 90 0 0 0.7071068 0 0.7071068 4.546838 2
6.2648 SecondCar -43.56404 0.025 2.97 0 90 0 0 0.7071068 0 0.7071068 4.508843 2
6.2661 Head 0 1.6 4.16162 11.54997 1.650015 0 0.1006115 0.01432553 -0.001448815 0.9948216
6.2661 FirstCar -11.26582 0.025 2.97 0 90 0 0 0.7071068 0 0.7071068 4.543648 2
6.2661 SecondCar -43.55805 0.025 2.97 0 90 0 0 0.7071068 0 0.7071068 4.505653 2
6.2675 Head 0 1.6 4.163361 11.54997 1.650015 0 0.1006115 0.01432553 -0.001448815 0.9948216
6.2675 FirstCar -11.25943 0.025 2.97 0 90 0 0 0.7071068 0 0.7071068 4.540265 2
6.2675 SecondCar -43.55171 0.025 2.97 0 90 0 0 0.7071068 0 0.7071068 4.50227 2
6.2695 Head 0 1.6 4.165207 11.54997 1.650015 0 0.1006115 0.01432553 -0.001448815 0.9948216
6.2695 FirstCar -11.2503 0.025 2.97 0 90 0 0 0.7071068 0 0.7071068 4.535435 2
6.2695 SecondCar -43.54266 0.025 2.97 0 90 0 0 0.7071068 0 0.7071068 4.49744 2
6.2715 Head 0 1.6 4.167844 11.54997 0.4500153 0 0.1006211 0.003907183 -0.0003951537 0.9949171
6.2715 FirstCar -11.24124 0.025 2.97 0 90 0 0 0.7071068 0 0.7071068 4.530635 2
6.2715 SecondCar -43.53367 0.025 2.97 0 90 0 0 0.7071068 0 0.7071068 4.49264 2
6.2730 Head 0 1.6 4.170464 11.54997 0.4500153 0 0.1006211 0.003907183 -0.0003951537 0.9949171
6.2730 FirstCar -11.23444 0.025 2.97 0 90 0 0 0.7071068 0 0.7071068 4.52703 2
6.2730 SecondCar -43.52692 0.025 2.97 0 90 0 0 0.7071068 0 0.7071068 4.489035 2
6.2751 Head 0 1.6 4.172431 11.54997 0.4500153 0 0.1006211 0.003907183 -0.0003951537 0.9949171
6.2751 FirstCar -11.2253 0.025 2.97 0 90 0 0 0.7071068 0 0.7071068 4.522181 2
6.2751 SecondCar -43.51786 0.025 2.97 0 90 0 0 0.7071068 0 0.7071068 4.484186 2
6.2769 Head 0 1.6 4.175078 11.54997 0.4500153 0 0.1006211 0.003907183 -0.0003951537 0.9949171
6.2769 FirstCar -11.21691 0.025 2.97 0 90 0 0 0.7071068 0 0.7071068 4.517722 2
6.2769 SecondCar -43.50954 0.025 2.97 0 90 0 0 0.7071068 0 0.7071068 4.479727 2
6.2784 Head 0 1.6 4.177512 11.54997 359.4 0 0.1006205 -0.005209257 0.0005268392 0.9949111
6.2784 FirstCar -11.2103 0.025 2.97 0 90 0 0 0.7071068 0 0.7071068 4.51421 2
6.2784 SecondCar -43.50299 0.025 2.97 0 90 0 0 0.7071068 0 0.7071068 4.476215 2
6.2799 Head 0 1.6 4.17943 11.54997 359.4 0 0.1006205 -0.005209257 0.0005268392 0.9949111
6.2799 FirstCar -11.20354 0.025 2.97 0 90 0 0 0.7071068 0 0.7071068 4.510615 2
6.2799 SecondCar -43.49629 0.025 2.97 0 90 0 0 0.7071068 0 0.7071068 4.47262 2
6.2814 Head 0 1.6 4.181392 11.54997 359.4 0 0.1006205 -0.005209257 0.0005268392 0.9949111
6.2814 FirstCar -11.19671 0.025 2.97 0 90 0 0 0.7071068 0 0.7071068 4.506977 2
6.2814 SecondCar -43.48952 0.025 2.97 0 90 0 0 0.7071068 0 0.7071068 4.468982 2
6.2828 Head 0 1.6 4.183377 11.54997 359.4 0 0.1006205 -0.005209257 0.0005268392 0.9949111
6.2828 FirstCar -11.19026 0.025 2.97 0 90 0 0 0.7071068 0 0.7071068 4.503537 2
6.2828 SecondCar -43.48312 0.025 2.97 0 90 0 0 0.7071068 0 0.7071068 4.465542 2
6.2845 Head 0 1.6 4.185255 11.54997 359.4 0 0.1006205 -0.005209257 0.0005268392 0.9949111
6.2845 FirstCar -11.18263 0.025 2.97 0 90 0 0 0.7071068 0 0.7071068 4.499468 2
6.2845 SecondCar -43.47555 0.025 2.97 0 90 0 0 0.7071068 0 0.7071068 4.461473 2
6.2860 Head 0 1.6 4.187475 11.54997 358.425 0 0.1006124 -0.01367415 0.001382937 0.9948308
6.2860 FirstCar -11.17607 0.025 2.97 0 90 0 0 0.7071068 0 0.7071068 4.495968 2
6.2860 SecondCar -43.46905 0.025 2.97 0 90 0 0 0.7071068 0 0.7071068 4.457973 2
6.2875 Head 0 1.6 4.189386 11.54997 358.425 0 0.1006124 -0.01367415 0.001382937 0.9948308
6.2875 FirstCar -11.16941 0.025 2.97 0 90 0 0 0.7071068 0 0.7071068 4.492406 2
6.2875 SecondCar -43.46244 0.025 2.97 0 90 0 0 0.7071068 0 0.7071068 4.454412 2
6.2890 Head 0 1.6 4.19133 11.54997 358.425 0 0.1006124 -0.01367415 0.001382937 0.9948308
6.2890 FirstCar -11.1626 0.025 2.97 0 90 0 0 0.7071068 0 0.7071068 4.488768 2
6.2890 SecondCar -43.45569 0.025 2.97 0 90 0 0 0.7071068 0 0.7071068 4.450773 2
6.2909 Head 0 1.6 4.193316 11.54997 358.425 0 0.1006124 -0.01367415 0.001382937 0.9948308
6.2909 FirstCar -11.15418 0.025 2.97 0 90 0 0 0.7071068 0 0.7071068 4.48426 2
6.2909 SecondCar -43.44734 0.025 2.97 0 90 0 0 0.7071068 0 0.7071068 4.446265 2
6.2927 Head 0 1.6 4.195776 11.54997 358.425 0 0.1006124 -0.01367415 0.001382937 0.9948308
6.2927 FirstCar -11.14604 0.025 2.97 0 90 0 0 0.7071068 0 0.7071068 4.479901 2
6.2927 SecondCar -43.43927 0.025 2.97 0 90 0 0 0.7071068 0 0.7071068 4.441906 2
6.2945 Head 0 1.6 4.198156 11.54997 357.3 2.723186E-08 0.100594 -0.02344006 0.002370615 0.9946486
6.2945 FirstCar -11.1381 0.025 2.97 0 90 0 0 0.7071068 0 0.7071068 4.475644 2
6.2945 SecondCar -43.4314 0.025 2.97 0 90 0 0 0.7071068 0 0.7071068 4.437649 2
6.2963 Head 0 1.6 4.20048 11.54997 357.3 2.723186E-08 0.100594 -0.02344006 0.002370615 0.9946486
6.2963 FirstCar -11.12994 0.025 2.97 0 90 0 0 0.7071068 0 0.7071068 4.471262 2
6.2963 SecondCar -43.42331 0.025 2.97 0 90 0 0 0.7071068 0 0.7071068 4.433268 2
6.2979 Head 0 1.6 4.202871 11.54997 357.3 2.723186E-08 0.100594 -0.02344006 0.002370615 0.9946486
6.2979 FirstCar -11.12269 0.025 2.97 0 90 0 0 0.7071068 0 0.7071068 4.467369 2
6.2979 SecondCar -43.41612 0.025 2.97 0 90 0 0 0.7071068 0 0.7071068 4.429374 2
6.2995 Head 0 1.6 4.204996 11.54997 357.3 2.723186E-08 0.100594 -0.02344006 0.002370615 0.9946486
6.2995 FirstCar -11.11569 0.025 2.97 0 90 0 0 0.7071068 0 0.7071068 4.463602 2
6.2995 SecondCar -43.40917 0.025 2.97 0 90 0 0 0.7071068 0 0.7071068 4.425607 2
6.3014 Head 0 1.6 4.207053 11.54997 357.3 2.723186E-08 0.100594 -0.02344006 0.002370615 0.9946486
6.3014 FirstCar -11.10717 0.025 2.97 0 90 0 0 0.7071068 0 0.7071068 4.459016 2
6.3014 SecondCar -43.40073 0.025 2.97 0 90 0 0 0.7071068 0 0.7071068 4.421021 2
6.3031 Head 0 1.6 4.209556 11.54997 356.4 0 0.1005722 -0.03125121 0.003160597 0.9944338
6.3031 FirstCar -11.0994 0.025 2.97 0 90 0 0 0.7071068 0 0.7071068 4.454829 2
6.3031 SecondCar -43.39302 0.025 2.97 0 90 0 0 0.7071068 0 0.7071068 4.416834 2
6.3049 Head 0 1.6 4.211841 11.54997 356.4 0 0.1005722 -0.03125121 0.003160597 0.9944338
6.3049 FirstCar -11.09149 0.025 2.97 0 90 0 0 0.7071068 0 0.7071068 4.450567 2
6.3049 SecondCar -43.38519 0.025 2.97 0 90 0 0 0.7071068 0 0.7071068 4.412572 2
6.3068 Head 0 1.6 4.214168 11.54997 356.4 0 0.1005722 -0.03125121 0.003160597 0.9944338
6.3068 FirstCar -11.08296 0.025 2.97 0 90 0 0 0.7071068 0 0.7071068 4.44596 2
6.3068 SecondCar -43.37672 0.025 2.97 0 90 0 0 0.7071068 0 0.7071068 4.407965 2
6.3087 Head 0 1.6 4.216682 11.54997 356.4 0 0.1005722 -0.03125121 0.003160597 0.9944338
6.3087 FirstCar -11.07478 0.025 2.97 0 90 0 0 0.7071068 0 0.7071068 4.441539 2
6.3087 SecondCar -43.36861 0.025 2.97 0 90 0 0 0.7071068 0 0.7071068 4.403544 2
6.3102 Head 0 1.6 4.219095 11.54997 355.5 -5.446372E-08 0.1005443 -0.03906043 0.003950384 0.9941577
6.3102 FirstCar -11.06795 0.025 2.97 0 90 0 0 0.7071068 0 0.7071068 4.437847 2
6.3102 SecondCar -43.36185 0.025 2.97 0 90 0 0 0.7071068 0 0.7071068 4.399852 2
6.3119 Head 0 1.6 4.22111 11.54997 355.5 -5.446372E-08 0.1005443 -0.03906043 0.003950384 0.9941577
6.3119 FirstCar -11.06034 0.025 2.97 0 90 0 0 0.7071068 0 0.7071068 4.43373 2
6.3119 SecondCar -43.35431 0.025 2.97 0 90 0 0 0.7071068 0 0.7071068 4.395735 2
6.3133 Head 0 1.6 4.223358 11.54997 355.5 -5.446372E-08 0.1005443 -0.03906043 0.003950384 0.9941577
6.3133 FirstCar -11.05434 0.025 2.97 0 90 0 0 0.7071068 0 0.7071068 4.430479 2
6.3133 SecondCar -43.34835 0.025 2.97 0 90 0 0 0.7071068 0 0.7071068 4.392484 2
6.3147 Head 0 1.6 4.225132 11.54997 355.5 -5.446372E-08 0.1005443 -0.03906043 0.003950384 0.9941577
6.3147 FirstCar -11.04821 0.025 2.97 0 90 0 0 0.7071068 0 0.7071068 4.427153 2
6.3147 SecondCar -43.34227 0.025 2.97 0 90 0 0 0.7071068 0 0.7071068 4.389158 2
6.3160 Head 0 1.6 4.226947 11.54997 355.5 -5.446372E-08 0.1005443 -0.03906043 0.003950384 0.9941577
6.3160 FirstCar -11.04211 0.025 2.97 0 90 0 0 0.7071068 0 0.7071068 4.423844 2
6.3160 SecondCar -43.33622 0.025 2.97 0 90 0 0 0.7071068 0 0.7071068 4.385849 2
6.3178 Head 0 1.6 4.228754 11.54997 355.5 -5.446372E-08 0.1005443 -0.03906043 0.003950384 0.9941577
6.3178 FirstCar -11.03447 0.025 2.97 0 90 0 0 0.7071068 0 0.7071068 4.419696 2
6.3178 SecondCar -43.32865 0.025 2.97 0 90 0 0 0.7071068 0 0.7071068 4.381701 2
6.3191 Head 0 1.6 4.231018 11.54997 354.75 0 0.1005163 -0.0455663 0.004608356 0.9938807
6.3191 FirstCar -11.02841 0.025 2.97 0 90 0 0 0.7071068 0 0.7071068 4.416406 2
6.3191 SecondCar -43.32265 0.025 2.97 0 90 0 0 0.7071068 0 0.7071068 4.378411 2
6.3206 Head 0 1.6 4.232813 11.54997 354.75 0 0.1005163 -0.0455663 0.004608356 0.9938807
6.3206 FirstCar -11.0221 0.025 2.97 0 90 0 0 0.7071068 0 0.7071068 4.412973 2
6.3206 SecondCar -43.31639 0.025 2.97 0 90 0 0 0.7071068 0 0.7071068 4.374978 2
6.3219 Head 0 1.6 4.234687 11.54997 354.75 0 0.1005163 -0.0455663 0.004608356 0.9938807
6.3219 FirstCar -11.01608 0.025 2.97 0 90 0 0 0.7071068 0 0.7071068 4.409697 2
6.3219 SecondCar -43.31043 0.025 2.97 0 90 0 0 0.7071068 0 0.7071068 4.371702 2
6.3233 Head 0 1.6 4.236475 11.54997 354.75 0 0.1005163 -0.0455663 0.004608356 0.9938807
6.3233 FirstCar -11.01029 0.025 2.97 0 90 0 0 0.7071068 0 0.7071068 4.406541 2
6.3233 SecondCar -43.30468 0.025 2.97 0 90 0 0 0.7071068 0 0.7071068 4.368546 2
6.3249 Head 0 1.6 4.238197 11.54997 354.75 0 0.1005163 -0.0455663 0.004608356 0.9938807
6.3249 FirstCar -11.00315 0.025 2.97 0 90 0 0 0.7071068 0 0.7071068 4.402648 2
6.3249 SecondCar -43.2976 0.025 2.97 0 90 0 0 0.7071068 0 0.7071068 4.364654 2
6.3263 Head 0 1.6 4.240322 11.47497 354 5.44492E-08 0.0998337 -0.05207364 0.005232049 0.9936268
6.3263 FirstCar -10.9969 0.025 2.97 0 90 0 0 0.7071068 0 0.7071068 4.399242 2
6.3263 SecondCar -43.29141 0.025 2.97 0 90 0 0 0.7071068 0 0.7071068 4.361247 2
6.3276 Head 0 1.6 4.242181 11.47497 354 5.44492E-08 0.0998337 -0.05207364 0.005232049 0.9936268
6.3276 FirstCar -10.99096 0.025 2.97 0 90 0 0 0.7071068 0 0.7071068 4.395998 2
6.3276 SecondCar -43.28552 0.025 2.97 0 90 0 0 0.7071068 0 0.7071068 4.358004 2
6.3291 Head 0 1.6 4.243952 11.47497 354 5.44492E-08 0.0998337 -0.05207364 0.005232049 0.9936268
6.3291 FirstCar -10.98474 0.025 2.97 0 90 0 0 0.7071068 0 0.7071068 4.392599 2
6.3291 SecondCar -43.27935 0.025 2.97 0 90 0 0 0.7071068 0 0.7071068 4.354604 2
6.3308 Head 0 1.6 4.245807 11.47497 354 5.44492E-08 0.0998337 -0.05207364 0.005232049 0.9936268
6.3308 FirstCar -10.97698 0.025 2.97 0 90 0 0 0.7071068 0 0.7071068 4.388353 2
6.3308 SecondCar -43.27166 0.025 2.97 0 90 0 0 0.7071068 0 0.7071068 4.350358 2
6.3328 Head 0 1.6 4.248125 11.47497 354 5.44492E-08 0.0998337 -0.05207364 0.005232049 0.9936268
6.3328 FirstCar -10.96834 0.025 2.97 0 90 0 0 0.7071068 0 0.7071068 4.383622 2
6.3328 SecondCar -43.26309 0.025 2.97 0 90 0 0 0.7071068 0 0.7071068 4.345627 2
6.3344 Head 0 1.6 4.250707 11.47497 353.325 0 0.09980115 -0.05792565 0.005820024 0.9933029
6.3344 FirstCar -10.96146 0.025 2.97 0 90 0 0 0.7071068 0 0.7071068 4.379854 2
6.3344 SecondCar -43.25627 0.025 2.97 0 90 0 0 0.7071068 0 0.7071068 4.341859 2
6.3358 Head 0 1.6 4.252764 11.47497 353.325 0 0.09980115 -0.05792565 0.005820024 0.9933029
6.3358 FirstCar -10.95528 0.025 2.97 0 90 0 0 0.7071068 0 0.7071068 4.376464 2
6.3358 SecondCar -43.25014 0.025 2.97 0 90 0 0 0.7071068 0 0.7071068 4.33847 2
6.3377 Head 0 1.6 4.254614 11.47497 353.325 0 0.09980115 -0.05792565 0.005820024 0.9933029
6.3377 FirstCar -10.94679 0.025 2.97 0 90 0 0 0.7071068 0 0.7071068 4.371807 2
6.3377 SecondCar -43.24173 0.025 2.97 0 90 0 0 0.7071068 0 0.7071068 4.333812 2
6.3393 Head 0 1.6 4.257156 11.47497 353.325 0 0.09980115 -0.05792565 0.005820024 0.9933029
6.3393 FirstCar -10.93989 0.025 2.97 0 90 0 0 0.7071068 0 0.7071068 4.368014 2
6.3393 SecondCar -43.23489 0.025 2.97 0 90 0 0 0.7071068 0 0.7071068 4.330019 2
6.3411 Head 0 1.6 4.259226 11.47497 353.325 0 0.09980115 -0.05792565 0.005820024 0.9933029
6.3411 FirstCar -10.93223 0.025 2.97 0 90 0 0 0.7071068 0 0.7071068 4.363802 2
6.3411 SecondCar -43.2273 0.025 2.97 0 90 0 0 0.7071068 0 0.7071068 4.325807 2
6.3425 Head 0 1.6 4.261525 11.47497 352.65 0 0.09976513 -0.06377565 0.006407797 0.9929444
6.3425 FirstCar -10.9259 0.025 2.97 0 90 0 0 0.7071068 0 0.7071068 4.360316 2
6.3425 SecondCar -43.22102 0.025 2.97 0 90 0 0 0.7071068 0 0.7071068 4.322321 2
6.3438 Head 0 1.6 4.263428 11.47497 352.65 0 0.09976513 -0.06377565 0.006407797 0.9929444
6.3438 FirstCar -10.92014 0.025 2.97 0 90 0 0 0.7071068 0 0.7071068 4.357146 2
6.3438 SecondCar -43.21532 0.025 2.97 0 90 0 0 0.7071068 0 0.7071068 4.319151 2
6.3451 Head 0 1.6 4.265158 11.47497 352.65 0 0.09976513 -0.06377565 0.006407797 0.9929444
6.3451 FirstCar -10.91444 0.025 2.97 0 90 0 0 0.7071068 0 0.7071068 4.354002 2
6.3451 SecondCar -43.20966 0.025 2.97 0 90 0 0 0.7071068 0 0.7071068 4.316007 2
6.3464 Head 0 1.6 4.266874 11.47497 352.65 0 0.09976513 -0.06377565 0.006407797 0.9929444
6.3464 FirstCar -10.9089 0.025 2.97 0 90 0 0 0.7071068 0 0.7071068 4.350945 2
6.3464 SecondCar -43.20417 0.025 2.97 0 90 0 0 0.7071068 0 0.7071068 4.31295 2
6.3478 Head 0 1.6 4.268543 11.47497 352.65 0 0.09976513 -0.06377565 0.006407797 0.9929444
6.3478 FirstCar -10.90286 0.025 2.97 0 90 0 0 0.7071068 0 0.7071068 4.34761 2
6.3478 SecondCar -43.19818 0.025 2.97 0 90 0 0 0.7071068 0 0.7071068 4.309616 2
6.3497 Head 0 1.6 4.270363 11.47497 352.65 0 0.09976513 -0.06377565 0.006407797 0.9929444
6.3497 FirstCar -10.89464 0.025 2.97 0 90 0 0 0.7071068 0 0.7071068 4.343069 2
6.3497 SecondCar -43.19003 0.025 2.97 0 90 0 0 0.7071068 0 0.7071068 4.305074 2
6.3515 Head 0 1.6 4.272842 11.47497 352.05 5.44492E-08 0.09973021 -0.06897379 0.006930076 0.9925969
6.3515 FirstCar -10.88668 0.025 2.97 0 90 0 0 0.7071068 0 0.7071068 4.338669 2
6.3515 SecondCar -43.18215 0.025 2.97 0 90 0 0 0.7071068 0 0.7071068 4.300674 2
6.3532 Head 0 1.6 4.275244 11.47497 352.05 5.44492E-08 0.09973021 -0.06897379 0.006930076 0.9925969
6.3532 FirstCar -10.87937 0.025 2.97 0 90 0 0 0.7071068 0 0.7071068 4.334619 2
6.3532 SecondCar -43.1749 0.025 2.97 0 90 0 0 0.7071068 0 0.7071068 4.296624 2
6.3547 Head 0 1.6 4.277454 11.47497 352.05 5.44492E-08 0.09973021 -0.06897379 0.006930076 0.9925969
6.3547 FirstCar -10.87286 0.025 2.97 0 90 0 0 0.7071068 0 0.7071068 4.331012 2
6.3547 SecondCar -43.16845 0.025 2.97 0 90 0 0 0.7071068 0 0.7071068 4.293017 2
6.3566 Head 0 1.6 4.279423 11.47497 352.05 5.44492E-08 0.09973021 -0.06897379 0.006930076 0.9925969
6.3566 FirstCar -10.86471 0.025 2.97 0 90 0 0 0.7071068 0 0.7071068 4.32649 2
6.3566 SecondCar -43.16037 0.025 2.97 0 90 0 0 0.7071068 0 0.7071068 4.288496 2
6.3583 Head 0 1.6 4.281891 11.39997 351.525 5.443477E-08 0.09904795 -0.07352544 0.007338793 0.9923355
6.3583 FirstCar -10.85744 0.025 2.97 0 90 0 0 0.7071068 0 0.7071068 4.322457 2
6.3583 SecondCar -43.15316 0.025 2.97 0 90 0 0 0.7071068 0 0.7071068 4.284462 2
6.3599 Head 0 1.6 4.284093 11.39997 351.525 5.443477E-08 0.09904795 -0.07352544 0.007338793 0.9923355
6.3599 FirstCar -10.85059 0.025 2.97 0 90 0 0 0.7071068 0 0.7071068 4.318647 2
6.3599 SecondCar -43.14637 0.025 2.97 0 90 0 0 0.7071068 0 0.7071068 4.280653 2
6.3616 Head 0 1.6 4.286172 11.39997 351.525 5.443477E-08 0.09904795 -0.07352544 0.007338793 0.9923355
6.3616 FirstCar -10.84333 0.025 2.97 0 90 0 0 0.7071068 0 0.7071068 4.314608 2
6.3616 SecondCar -43.13917 0.025 2.97 0 90 0 0 0.7071068 0 0.7071068 4.276613 2
6.3631 Head 0 1.6 4.288377 11.39997 351.525 5.443477E-08 0.09904795 -0.07352544 0.007338793 0.9923355
6.3631 FirstCar -10.83656 0.025 2.97 0 90 0 0 0.7071068 0 0.7071068 4.31084 2
6.3631 SecondCar -43.13246 0.025 2.97 0 90 0 0 0.7071068 0 0.7071068 4.272845 2
6.3653 Head 0 1.6 4.290433 11.39997 351.525 5.443477E-08 0.09904795 -0.07352544 0.007338793 0.9923355
6.3653 FirstCar -10.82735 0.025 2.97 0 90 0 0 0.7071068 0 0.7071068 4.305708 2
6.3653 SecondCar -43.12334 0.025 2.97 0 90 0 0 0.7071068 0 0.7071068 4.267713 2
6.3672 Head 0 1.6 4.293235 11.39997 351 0 0.09901329 -0.07807104 0.007792502 0.9919882
6.3672 FirstCar -10.81903 0.025 2.97 0 90 0 0 0.7071068 0 0.7071068 4.301063 2
6.3672 SecondCar -43.11509 0.025 2.97 0 90 0 0 0.7071068 0 0.7071068 4.263068 2
6.3699 Head 0 1.6 4.29577 11.39997 351 0 0.09901329 -0.07807104 0.007792502 0.9919882
6.3699 FirstCar -10.80761 0.025 2.97 0 90 0 0 0.7071068 0 0.7071068 4.294681 2
6.3699 SecondCar -43.10377 0.025 2.97 0 90 0 0 0.7071068 0 0.7071068 4.256686 2
6.3725 Head 0 1.6 4.299254 11.39997 351 0 0.09901329 -0.07807104 0.007792502 0.9919882
6.3725 FirstCar -10.79623 0.025 2.97 0 90 0 0 0.7071068 0 0.7071068 4.288313 2
6.3725 SecondCar -43.09249 0.025 2.97 0 90 0 0 0.7071068 0 0.7071068 4.250318 2
6.3743 Head 0 1.6 4.30273 11.32497 350.4 0 0.09832214 -0.08326941 0.008256328 0.9916304
6.3743 FirstCar -10.78844 0.025 2.97 0 90 0 0 0.7071068 0 0.7071068 4.283949 2
6.3743 SecondCar -43.08477 0.025 2.97 0 90 0 0 0.7071068 0 0.7071068 4.245955 2
6.3758 Head 0 1.6 4.305111 11.32497 350.4 0 0.09832214 -0.08326941 0.008256328 0.9916304
6.3758 FirstCar -10.78197 0.025 2.97 0 90 0 0 0.7071068 0 0.7071068 4.280323 2
6.3758 SecondCar -43.07836 0.025 2.97 0 90 0 0 0.7071068 0 0.7071068 4.242328 2
6.3773 Head 0 1.6 4.307091 11.32497 350.4 0 0.09832214 -0.08326941 0.008256328 0.9916304
6.3773 FirstCar -10.77579 0.025 2.97 0 90 0 0 0.7071068 0 0.7071068 4.276853 2
6.3773 SecondCar -43.07223 0.025 2.97 0 90 0 0 0.7071068 0 0.7071068 4.238858 2
6.3786 Head 0 1.6 4.308985 11.32497 350.4 0 0.09832214 -0.08326941 0.008256328 0.9916304
6.3786 FirstCar -10.77035 0.025 2.97 0 90 0 0 0.7071068 0 0.7071068 4.273801 2
6.3786 SecondCar -43.06684 0.025 2.97 0 90 0 0 0.7071068 0 0.7071068 4.235806 2
6.3800 Head 0 1.6 4.310651 11.32497 350.4 0 0.09832214 -0.08326941 0.008256328 0.9916304
6.3800 FirstCar -10.76439 0.025 2.97 0 90 0 0 0.7071068 0 0.7071068 4.270451 2
6.3800 SecondCar -43.06094 0.025 2.97 0 90 0 0 0.7071068 0 0.7071068 4.232456 2
6.3817 Head 0 1.6 4.312479 11.32497 350.4 0 0.09832214 -0.08326941 0.008256328 0.9916304
6.3817 FirstCar -10.75699 0.025 2.97 0 90 0 0 0.7071068 0 0.7071068 4.266286 2
6.3817 SecondCar -43.0536 0.025 2.97 0 90 0 0 0.7071068 0 0.7071068 4.228291 2
6.3830 Head 0 1.6 4.314753 11.32497 349.95 0 0.09828895 -0.08716287 0.008642374 0.9912958
6.3830 FirstCar -10.75128 0.025 2.97 0 90 0 0 0.7071068 0 0.7071068 4.263073 2
6.3830 SecondCar -43.04794 0.025 2.97 0 90 0 0 0.7071068 0 0.7071068 4.225079 2
6.3843 Head 0 1.6 4.316506 11.32497 349.95 0 0.09828895 -0.08716287 0.008642374 0.9912958
6.3843 FirstCar -10.7457 0.025 2.97 0 90 0 0 0.7071068 0 0.7071068 4.259929 2
6.3843 SecondCar -43.04241 0.025 2.97 0 90 0 0 0.7071068 0 0.7071068 4.221934 2
6.3856 Head 0 1.6 4.318223 11.32497 349.95 0 0.09828895 -0.08716287 0.008642374 0.9912958
6.3856 FirstCar -10.74018 0.025 2.97 0 90 0 0 0.7071068 0 0.7071068 4.256814 2
6.3856 SecondCar -43.03693 0.025 2.97 0 90 0 0 0.7071068 0 0.7071068 4.21882 2
6.3869 Head 0 1.6 4.319923 11.32497 349.95 0 0.09828895 -0.08716287 0.008642374 0.9912958
6.3869 FirstCar -10.73477 0.025 2.97 0 90 0 0 0.7071068 0 0.7071068 4.253765 2
6.3869 SecondCar -43.03158 0.025 2.97 0 90 0 0 0.7071068 0 0.7071068 4.21577 2
6.3887 Head 0 1.6 4.321588 11.32497 349.95 0 0.09828895 -0.08716287 0.008642374 0.9912958
6.3887 FirstCar -10.72728 0.025 2.97 0 90 0 0 0.7071068 0 0.7071068 4.249533 2
6.3887 SecondCar -43.02415 0.025 2.97 0 90 0 0 0.7071068 0 0.7071068 4.211538 2
6.3903 Head 0 1.6 4.323897 11.32497 349.35 1.088409E-07 0.09824236 -0.09235206 0.009156892 0.9908258
6.3903 FirstCar -10.72044 0.025 2.97 0 90 0 0 0.7071068 0 0.7071068 4.24567 2
6.3903 SecondCar -43.01738 0.025 2.97 0 90 0 0 0.7071068 0 0.7071068 4.207675 2
6.3920 Head 0 1.6 4.326006 11.32497 349.35 1.088409E-07 0.09824236 -0.09235206 0.009156892 0.9908258
6.3920 FirstCar -10.71328 0.025 2.97 0 90 0 0 0.7071068 0 0.7071068 4.241616 2
6.3920 SecondCar -43.01028 0.025 2.97 0 90 0 0 0.7071068 0 0.7071068 4.203621 2
6.3934 Head 0 1.6 4.328218 11.32497 349.35 1.088409E-07 0.09824236 -0.09235206 0.009156892 0.9908258
6.3934 FirstCar -10.70742 0.025 2.97 0 90 0 0 0.7071068 0 0.7071068 4.238298 2
6.3934 SecondCar -43.00447 0.025 2.97 0 90 0 0 0.7071068 0 0.7071068 4.200304 2
6.3947 Head 0 1.6 4.330029 11.32497 349.35 1.088409E-07 0.09824236 -0.09235206 0.009156892 0.9908258
6.3947 FirstCar -10.70171 0.025 2.97 0 90 0 0 0.7071068 0 0.7071068 4.235064 2
6.3947 SecondCar -42.99881 0.025 2.97 0 90 0 0 0.7071068 0 0.7071068 4.197069 2
6.3965 Head 0 1.6 4.331795 11.32497 349.35 1.088409E-07 0.09824236 -0.09235206 0.009156892 0.9908258
6.3965 FirstCar -10.69417 0.025 2.97 0 90 0 0 0.7071068 0 0.7071068 4.230783 2
6.3965 SecondCar -42.99134 0.025 2.97 0 90 0 0 0.7071068 0 0.7071068 4.192788 2
6.3981 Head 0 1.6 4.334132 11.24997 348.75 0 0.09754486 -0.09754504 0.009607319 0.9903927
6.3981 FirstCar -10.68728 0.025 2.97 0 90 0 0 0.7071068 0 0.7071068 4.226872 2
6.3981 SecondCar -42.98451 0.025 2.97 0 90 0 0 0.7071068 0 0.7071068 4.188877 2
6.4002 Head 0 1.6 4.336266 11.24997 348.75 0 0.09754486 -0.09754504 0.009607319 0.9903927
6.4002 FirstCar -10.6784 0.025 2.97 0 90 0 0 0.7071068 0 0.7071068 4.221823 2
6.4002 SecondCar -42.97571 0.025 2.97 0 90 0 0 0.7071068 0 0.7071068 4.183828 2
6.4017 Head 0 1.6 4.339022 11.24997 348.75 0 0.09754486 -0.09754504 0.009607319 0.9903927
6.4017 FirstCar -10.6721 0.025 2.97 0 90 0 0 0.7071068 0 0.7071068 4.218242 2
6.4017 SecondCar -42.96947 0.025 2.97 0 90 0 0 0.7071068 0 0.7071068 4.180247 2
6.4031 Head 0 1.6 4.340976 11.24997 348.75 0 0.09754486 -0.09754504 0.009607319 0.9903927
6.4031 FirstCar -10.66637 0.025 2.97 0 90 0 0 0.7071068 0 0.7071068 4.214975 2
6.4031 SecondCar -42.96379 0.025 2.97 0 90 0 0 0.7071068 0 0.7071068 4.17698 2
6.4047 Head 0 1.6 4.34276 11.24997 348.75 0 0.09754486 -0.09754504 0.009607319 0.9903927
6.4047 FirstCar -10.6596 0.025 2.97 0 90 0 0 0.7071068 0 0.7071068 4.211117 2
6.4047 SecondCar -42.95708 0.025 2.97 0 90 0 0 0.7071068 0 0.7071068 4.173122 2
6.4061 Head 0 1.6 4.344866 11.24997 348.15 0 0.09749322 -0.1027294 0.01011793 0.9898684
6.4061 FirstCar -10.65359 0.025 2.97 0 90 0 0 0.7071068 0 0.7071068 4.207695 2
6.4061 SecondCar -42.95113 0.025 2.97 0 90 0 0 0.7071068 0 0.7071068 4.1697 2
6.4074 Head 0 1.6 4.346734 11.24997 348.15 0 0.09749322 -0.1027294 0.01011793 0.9898684
6.4074 FirstCar -10.64812 0.025 2.97 0 90 0 0 0.7071068 0 0.7071068 4.204568 2
6.4074 SecondCar -42.94571 0.025 2.97 0 90 0 0 0.7071068 0 0.7071068 4.166573 2
6.4087 Head 0 1.6 4.348441 11.24997 348.15 0 0.09749322 -0.1027294 0.01011793 0.9898684
6.4087 FirstCar -10.64265 0.025 2.97 0 90 0 0 0.7071068 0 0.7071068 4.201443 2
6.4087 SecondCar -42.94028 0.025 2.97 0 90 0 0 0.7071068 0 0.7071068 4.163448 2
6.4112 Head 0 1.6 4.350146 11.24997 348.15 0 0.09749322 -0.1027294 0.01011793 0.9898684
6.4112 FirstCar -10.63234 0.025 2.97 0 90 0 0 0.7071068 0 0.7071068 4.195545 2
6.4112 SecondCar -42.93007 0.025 2.97 0 90 0 0 0.7071068 0 0.7071068 4.15755 2
6.4130 Head 0 1.6 4.353365 11.24997 348.15 0 0.09749322 -0.1027294 0.01011793 0.9898684
6.4130 FirstCar -10.62453 0.025 2.97 0 90 0 0 0.7071068 0 0.7071068 4.191077 2
6.4130 SecondCar -42.92234 0.025 2.97 0 90 0 0 0.7071068 0 0.7071068 4.153082 2
6.4148 Head 0 1.6 4.355804 11.17497 347.55 0 0.0967914 -0.1079178 0.01055763 0.9893805
6.4148 FirstCar -10.61693 0.025 2.97 0 90 0 0 0.7071068 0 0.7071068 4.18672 2
6.4148 SecondCar -42.91481 0.025 2.97 0 90 0 0 0.7071068 0 0.7071068 4.148726 2
6.4164 Head 0 1.6 4.358182 11.17497 347.55 0 0.0967914 -0.1079178 0.01055763 0.9893805
6.4164 FirstCar -10.61043 0.025 2.97 0 90 0 0 0.7071068 0 0.7071068 4.182988 2
6.4164 SecondCar -42.90836 0.025 2.97 0 90 0 0 0.7071068 0 0.7071068 4.144993 2
6.4180 Head 0 1.6 4.360219 11.17497 347.55 0 0.0967914 -0.1079178 0.01055763 0.9893805
6.4180 FirstCar -10.6039 0.025 2.97 0 90 0 0 0.7071068 0 0.7071068 4.179239 2
6.4180 SecondCar -42.90189 0.025 2.97 0 90 0 0 0.7071068 0 0.7071068 4.141244 2
6.4194 Head 0 1.6 4.362266 11.17497 347.55 0 0.0967914 -0.1079178 0.01055763 0.9893805
6.4194 FirstCar -10.59798 0.025 2.97 0 90 0 0 0.7071068 0 0.7071068 4.175835 2
6.4194 SecondCar -42.89602 0.025 2.97 0 90 0 0 0.7071068 0 0.7071068 4.13784 2
6.4212 Head 0 1.6 4.364124 11.17497 347.55 0 0.0967914 -0.1079178 0.01055763 0.9893805
6.4212 FirstCar -10.59045 0.025 2.97 0 90 0 0 0.7071068 0 0.7071068 4.171505 2
6.4212 SecondCar -42.88857 0.025 2.97 0 90 0 0 0.7071068 0 0.7071068 4.13351 2
6.4228 Head 0 1.6 4.366487 11.17497 346.8 0 0.09672023 -0.1143909 0.0111909 0.9886529
6.4228 FirstCar -10.58352 0.025 2.97 0 90 0 0 0.7071068 0 0.7071068 4.167514 2
6.4228 SecondCar -42.8817 0.025 2.97 0 90 0 0 0.7071068 0 0.7071068 4.129519 2
6.4246 Head 0 1.6 4.368665 11.17497 346.8 0 0.09672023 -0.1143909 0.0111909 0.9886529
6.4246 FirstCar -10.5764 0.025 2.97 0 90 0 0 0.7071068 0 0.7071068 4.163409 2
6.4246 SecondCar -42.87464 0.025 2.97 0 90 0 0 0.7071068 0 0.7071068 4.125414 2
6.4260 Head 0 1.6 4.370906 11.17497 346.8 0 0.09672023 -0.1143909 0.0111909 0.9886529
6.4260 FirstCar -10.5705 0.025 2.97 0 90 0 0 0.7071068 0 0.7071068 4.160002 2
6.4260 SecondCar -42.86879 0.025 2.97 0 90 0 0 0.7071068 0 0.7071068 4.122007 2
6.4274 Head 0 1.6 4.372766 11.17497 346.8 0 0.09672023 -0.1143909 0.0111909 0.9886529
6.4274 FirstCar -10.56444 0.025 2.97 0 90 0 0 0.7071068 0 0.7071068 4.156506 2
6.4274 SecondCar -42.86279 0.025 2.97 0 90 0 0 0.7071068 0 0.7071068 4.118511 2
6.4294 Head 0 1.6 4.374674 11.17497 346.8 0 0.09672023 -0.1143909 0.0111909 0.9886529
6.4294 FirstCar -10.55626 0.025 2.97 0 90 0 0 0.7071068 0 0.7071068 4.151778 2
6.4294 SecondCar -42.85468 0.025 2.97 0 90 0 0 0.7071068 0 0.7071068 4.113783 2
6.4319 Head 0 1.6 4.377255 11.09997 346.125 0 0.09600598 -0.1202202 0.01168175 0.9880251
6.4319 FirstCar -10.54573 0.025 2.97 0 90 0 0 0.7071068 0 0.7071068 4.145681 2
6.4319 SecondCar -42.84425 0.025 2.97 0 90 0 0 0.7071068 0 0.7071068 4.107686 2
6.4336 Head 0 1.6 4.380583 11.09997 346.125 0 0.09600598 -0.1202202 0.01168175 0.9880251
6.4336 FirstCar -10.53901 0.025 2.97 0 90 0 0 0.7071068 0 0.7071068 4.141788 2
6.4336 SecondCar -42.83759 0.025 2.97 0 90 0 0 0.7071068 0 0.7071068 4.103793 2
6.4351 Head 0 1.6 4.382708 11.09997 346.125 0 0.09600598 -0.1202202 0.01168175 0.9880251
6.4351 FirstCar -10.53287 0.025 2.97 0 90 0 0 0.7071068 0 0.7071068 4.138226 2
6.4351 SecondCar -42.8315 0.025 2.97 0 90 0 0 0.7071068 0 0.7071068 4.100231 2
6.4367 Head 0 1.6 4.384652 11.09997 346.125 0 0.09600598 -0.1202202 0.01168175 0.9880251
6.4367 FirstCar -10.52596 0.025 2.97 0 90 0 0 0.7071068 0 0.7071068 4.134217 2
6.4367 SecondCar -42.82466 0.025 2.97 0 90 0 0 0.7071068 0 0.7071068 4.096222 2
6.4381 Head 0 1.6 4.38684 11.02497 345.3 0 0.09527329 -0.1273384 0.01228929 0.9871965
6.4381 FirstCar -10.52042 0.025 2.97 0 90 0 0 0.7071068 0 0.7071068 4.130998 2
6.4381 SecondCar -42.81917 0.025 2.97 0 90 0 0 0.7071068 0 0.7071068 4.093003 2
6.4395 Head 0 1.6 4.388597 11.02497 345.3 0 0.09527329 -0.1273384 0.01228929 0.9871965
6.4395 FirstCar -10.51447 0.025 2.97 0 90 0 0 0.7071068 0 0.7071068 4.127539 2
6.4395 SecondCar -42.81328 0.025 2.97 0 90 0 0 0.7071068 0 0.7071068 4.089544 2
6.4411 Head 0 1.6 4.390486 11.02497 345.3 0 0.09527329 -0.1273384 0.01228929 0.9871965
6.4411 FirstCar -10.50799 0.025 2.97 0 90 0 0 0.7071068 0 0.7071068 4.123765 2
6.4411 SecondCar -42.80685 0.025 2.97 0 90 0 0 0.7071068 0 0.7071068 4.08577 2
6.4425 Head 0 1.6 4.392546 11.02497 345.3 0 0.09527329 -0.1273384 0.01228929 0.9871965
6.4425 FirstCar -10.50195 0.025 2.97 0 90 0 0 0.7071068 0 0.7071068 4.120247 2
6.4425 SecondCar -42.80087 0.025 2.97 0 90 0 0 0.7071068 0 0.7071068 4.082252 2
6.4446 Head 0 1.6 4.394465 11.02497 345.3 0 0.09527329 -0.1273384 0.01228929 0.9871965
6.4446 FirstCar -10.49349 0.025 2.97 0 90 0 0 0.7071068 0 0.7071068 4.115315 2
6.4446 SecondCar -42.7925 0.025 2.97 0 90 0 0 0.7071068 0 0.7071068 4.077321 2
6.4466 Head 0 1.6 4.397157 10.94997 344.4 1.087008E-07 0.09452838 -0.1350963 0.01294877 0.986228
6.4466 FirstCar -10.48536 0.025 2.97 0 90 0 0 0.7071068 0 0.7071068 4.110566 2
6.4466 SecondCar -42.78444 0.025 2.97 0 90 0 0 0.7071068 0 0.7071068 4.072571 2
6.4482 Head 0 1.6 4.39975 10.94997 344.4 1.087008E-07 0.09452838 -0.1350963 0.01294877 0.986228
6.4482 FirstCar -10.47884 0.025 2.97 0 90 0 0 0.7071068 0 0.7071068 4.106756 2
6.4482 SecondCar -42.77798 0.025 2.97 0 90 0 0 0.7071068 0 0.7071068 4.068761 2
6.4497 Head 0 1.6 4.401829 10.94997 344.4 1.087008E-07 0.09452838 -0.1350963 0.01294877 0.986228
6.4497 FirstCar -10.47256 0.025 2.97 0 90 0 0 0.7071068 0 0.7071068 4.103086 2
6.4497 SecondCar -42.77176 0.025 2.97 0 90 0 0 0.7071068 0 0.7071068 4.065091 2
6.4513 Head 0 1.6 4.403832 10.94997 344.4 1.087008E-07 0.09452838 -0.1350963 0.01294877 0.986228
6.4513 FirstCar -10.46596 0.025 2.97 0 90 0 0 0.7071068 0 0.7071068 4.099219 2
6.4513 SecondCar -42.76522 0.025 2.97 0 90 0 0 0.7071068 0 0.7071068 4.061224 2
6.4530 Head 0 1.6 4.405943 10.94997 344.4 1.087008E-07 0.09452838 -0.1350963 0.01294877 0.986228
6.4530 FirstCar -10.45886 0.025 2.97 0 90 0 0 0.7071068 0 0.7071068 4.09506 2
6.4530 SecondCar -42.75819 0.025 2.97 0 90 0 0 0.7071068 0 0.7071068 4.057065 2
6.4544 Head 0 1.6 4.408213 10.87497 343.425 -1.086733E-07 0.09377006 -0.1434916 0.01365867 0.9851045
6.4544 FirstCar -10.45322 0.025 2.97 0 90 0 0 0.7071068 0 0.7071068 4.09175 2
6.4544 SecondCar -42.75259 0.025 2.97 0 90 0 0 0.7071068 0 0.7071068 4.053755 2
6.4558 Head 0 1.6 4.41002 10.87497 343.425 -1.086733E-07 0.09377006 -0.1434916 0.01365867 0.9851045
6.4558 FirstCar -10.44754 0.025 2.97 0 90 0 0 0.7071068 0 0.7071068 4.088418 2
6.4558 SecondCar -42.74697 0.025 2.97 0 90 0 0 0.7071068 0 0.7071068 4.050423 2
6.4572 Head 0 1.6 4.411839 10.87497 343.425 -1.086733E-07 0.09377006 -0.1434916 0.01365867 0.9851045
6.4572 FirstCar -10.44191 0.025 2.97 0 90 0 0 0.7071068 0 0.7071068 4.085107 2
6.4572 SecondCar -42.74139 0.025 2.97 0 90 0 0 0.7071068 0 0.7071068 4.047112 2
6.4585 Head 0 1.6 4.413646 10.87497 343.425 -1.086733E-07 0.09377006 -0.1434916 0.01365867 0.9851045
6.4585 FirstCar -10.43636 0.025 2.97 0 90 0 0 0.7071068 0 0.7071068 4.081847 2
6.4585 SecondCar -42.73589 0.025 2.97 0 90 0 0 0.7071068 0 0.7071068 4.043852 2
6.4599 Head 0 1.6 4.415426 10.87497 343.425 -1.086733E-07 0.09377006 -0.1434916 0.01365867 0.9851045
6.4599 FirstCar -10.43075 0.025 2.97 0 90 0 0 0.7071068 0 0.7071068 4.078543 2
6.4599 SecondCar -42.73033 0.025 2.97 0 90 0 0 0.7071068 0 0.7071068 4.040548 2
6.4621 Head 0 1.6 4.417229 10.87497 343.425 -1.086733E-07 0.09377006 -0.1434916 0.01365867 0.9851045
6.4621 FirstCar -10.42188 0.025 2.97 0 90 0 0 0.7071068 0 0.7071068 4.073317 2
6.4621 SecondCar -42.72154 0.025 2.97 0 90 0 0 0.7071068 0 0.7071068 4.035322 2
6.4636 Head 0 1.6 4.420082 10.79997 342.6 1.086461E-07 0.09302521 -0.1505894 0.01423485 0.984107
6.4636 FirstCar -10.41569 0.025 2.97 0 90 0 0 0.7071068 0 0.7071068 4.069668 2
6.4636 SecondCar -42.71541 0.025 2.97 0 90 0 0 0.7071068 0 0.7071068 4.031673 2
6.4649 Head 0 1.6 4.422073 10.79997 342.6 1.086461E-07 0.09302521 -0.1505894 0.01423485 0.984107
6.4649 FirstCar -10.41048 0.025 2.97 0 90 0 0 0.7071068 0 0.7071068 4.066594 2
6.4649 SecondCar -42.71025 0.025 2.97 0 90 0 0 0.7071068 0 0.7071068 4.028599 2
6.4662 Head 0 1.6 4.423751 10.79997 342.6 1.086461E-07 0.09302521 -0.1505894 0.01423485 0.984107
6.4662 FirstCar -10.40507 0.025 2.97 0 90 0 0 0.7071068 0 0.7071068 4.0634 2
6.4662 SecondCar -42.7049 0.025 2.97 0 90 0 0 0.7071068 0 0.7071068 4.025405 2
6.4675 Head 0 1.6 4.425495 10.79997 342.6 1.086461E-07 0.09302521 -0.1505894 0.01423485 0.984107
6.4675 FirstCar -10.39972 0.025 2.97 0 90 0 0 0.7071068 0 0.7071068 4.060235 2
6.4675 SecondCar -42.69959 0.025 2.97 0 90 0 0 0.7071068 0 0.7071068 4.02224 2
6.4693 Head 0 1.6 4.427222 10.79997 342.6 1.086461E-07 0.09302521 -0.1505894 0.01423485 0.984107
6.4693 FirstCar -10.39248 0.025 2.97 0 90 0 0 0.7071068 0 0.7071068 4.055953 2
6.4693 SecondCar -42.69242 0.025 2.97 0 90 0 0 0.7071068 0 0.7071068 4.017958 2
6.4710 Head 0 1.6 4.42956 10.72497 341.55 0 0.09224769 -0.1596101 0.01498216 0.9827464
6.4710 FirstCar -10.38555 0.025 2.97 0 90 0 0 0.7071068 0 0.7071068 4.051845 2
6.4710 SecondCar -42.68555 0.025 2.97 0 90 0 0 0.7071068 0 0.7071068 4.01385 2
6.4725 Head 0 1.6 4.431802 10.72497 341.55 0 0.09224769 -0.1596101 0.01498216 0.9827464
6.4725 FirstCar -10.37963 0.025 2.97 0 90 0 0 0.7071068 0 0.7071068 4.048337 2
6.4725 SecondCar -42.6797 0.025 2.97 0 90 0 0 0.7071068 0 0.7071068 4.010343 2
6.4742 Head 0 1.6 4.433716 10.72497 341.55 0 0.09224769 -0.1596101 0.01498216 0.9827464
6.4742 FirstCar -10.37296 0.025 2.97 0 90 0 0 0.7071068 0 0.7071068 4.04438 2
6.4742 SecondCar -42.67309 0.025 2.97 0 90 0 0 0.7071068 0 0.7071068 4.006385 2
6.4758 Head 0 1.6 4.435876 10.72497 341.55 0 0.09224769 -0.1596101 0.01498216 0.9827464
6.4758 FirstCar -10.36635 0.025 2.97 0 90 0 0 0.7071068 0 0.7071068 4.040452 2
6.4758 SecondCar -42.66654 0.025 2.97 0 90 0 0 0.7071068 0 0.7071068 4.002457 2
6.4779 Head 0 1.6 4.43802 10.72497 341.55 0 0.09224769 -0.1596101 0.01498216 0.9827464
6.4779 FirstCar -10.3577 0.025 2.97 0 90 0 0 0.7071068 0 0.7071068 4.035307 2
6.4779 SecondCar -42.65797 0.025 2.97 0 90 0 0 0.7071068 0 0.7071068 3.997313 2
6.4796 Head 0 1.6 4.440828 10.64997 340.575 -1.085923E-07 0.09147457 -0.1679762 0.01565656 0.9814129
6.4796 FirstCar -10.35093 0.025 2.97 0 90 0 0 0.7071068 0 0.7071068 4.031274 2
6.4796 SecondCar -42.65126 0.025 2.97 0 90 0 0 0.7071068 0 0.7071068 3.99328 2
6.4810 Head 0 1.6 4.44303 10.64997 340.575 -1.085923E-07 0.09147457 -0.1679762 0.01565656 0.9814129
6.4810 FirstCar -10.34536 0.025 2.97 0 90 0 0 0.7071068 0 0.7071068 4.02796 2
6.4810 SecondCar -42.64575 0.025 2.97 0 90 0 0 0.7071068 0 0.7071068 3.989965 2
6.4824 Head 0 1.6 4.444839 10.64997 340.575 -1.085923E-07 0.09147457 -0.1679762 0.01565656 0.9814129
6.4824 FirstCar -10.33988 0.025 2.97 0 90 0 0 0.7071068 0 0.7071068 4.024693 2
6.4824 SecondCar -42.64033 0.025 2.97 0 90 0 0 0.7071068 0 0.7071068 3.986699 2
6.4837 Head 0 1.6 4.446622 10.64997 340.575 -1.085923E-07 0.09147457 -0.1679762 0.01565656 0.9814129
6.4837 FirstCar -10.33438 0.025 2.97 0 90 0 0 0.7071068 0 0.7071068 4.021409 2
6.4837 SecondCar -42.63488 0.025 2.97 0 90 0 0 0.7071068 0 0.7071068 3.983415 2
6.4856 Head 0 1.6 4.448414 10.64997 340.575 -1.085923E-07 0.09147457 -0.1679762 0.01565656 0.9814129
6.4856 FirstCar -10.32701 0.025 2.97 0 90 0 0 0.7071068 0 0.7071068 4.017005 2
6.4856 SecondCar -42.62757 0.025 2.97 0 90 0 0 0.7071068 0 0.7071068 3.979011 2
6.4869 Head 0 1.6 4.450818 10.49997 339.6 0 0.09005523 -0.1763417 0.01620348 0.9800669
6.4869 FirstCar -10.3215 0.025 2.97 0 90 0 0 0.7071068 0 0.7071068 4.01371 2
6.4869 SecondCar -42.62212 0.025 2.97 0 90 0 0 0.7071068 0 0.7071068 3.975717 2
6.4884 Head 0 1.6 4.452616 10.49997 339.6 0 0.09005523 -0.1763417 0.01620348 0.9800669
6.4884 FirstCar -10.31545 0.025 2.97 0 90 0 0 0.7071068 0 0.7071068 4.010089 2
6.4884 SecondCar -42.61612 0.025 2.97 0 90 0 0 0.7071068 0 0.7071068 3.972095 2
6.4901 Head 0 1.6 4.454593 10.49997 339.6 0 0.09005523 -0.1763417 0.01620348 0.9800669
6.4901 FirstCar -10.30877 0.025 2.97 0 90 0 0 0.7071068 0 0.7071068 4.006086 2
6.4901 SecondCar -42.6095 0.025 2.97 0 90 0 0 0.7071068 0 0.7071068 3.968092 2
6.4919 Head 0 1.6 4.456778 10.49997 339.6 0 0.09005523 -0.1763417 0.01620348 0.9800669
6.4919 FirstCar -10.3016 0.025 2.97 0 90 0 0 0.7071068 0 0.7071068 4.001787 2
6.4919 SecondCar -42.60241 0.025 2.97 0 90 0 0 0.7071068 0 0.7071068 3.963793 2
6.4938 Head 0 1.6 4.459124 10.49997 339.6 0 0.09005523 -0.1763417 0.01620348 0.9800669
6.4938 FirstCar -10.29386 0.025 2.97 0 90 0 0 0.7071068 0 0.7071068 3.99714 2
6.4938 SecondCar -42.59474 0.025 2.97 0 90 0 0 0.7071068 0 0.7071068 3.959146 2
6.4955 Head 0 1.6 4.46166 10.49997 338.475 0 0.08989181 -0.1859549 0.0170868 0.9782885
6.4955 FirstCar -10.28726 0.025 2.97 0 90 0 0 0.7071068 0 0.7071068 3.99317 2
6.4955 SecondCar -42.5882 0.025 2.97 0 90 0 0 0.7071068 0 0.7071068 3.955176 2
6.4969 Head 0 1.6 4.463828 10.49997 338.475 0 0.08989181 -0.1859549 0.0170868 0.9782885
6.4969 FirstCar -10.2816 0.025 2.97 0 90 0 0 0.7071068 0 0.7071068 3.989771 2
6.4969 SecondCar -42.5826 0.025 2.97 0 90 0 0 0.7071068 0 0.7071068 3.951777 2
6.4985 Head 0 1.6 4.465683 10.49997 338.475 0 0.08989181 -0.1859549 0.0170868 0.9782885
6.4985 FirstCar -10.27525 0.025 2.97 0 90 0 0 0.7071068 0 0.7071068 3.985947 2
6.4985 SecondCar -42.57631 0.025 2.97 0 90 0 0 0.7071068 0 0.7071068 3.947953 2
6.5004 Head 0 1.6 4.467771 10.49997 338.475 0 0.08989181 -0.1859549 0.0170868 0.9782885
6.5004 FirstCar -10.26752 0.025 2.97 0 90 0 0 0.7071068 0 0.7071068 3.981287 2
6.5004 SecondCar -42.56865 0.025 2.97 0 90 0 0 0.7071068 0 0.7071068 3.943293 2
6.5021 Head 0 1.6 4.470314 10.42497 337.35 0 0.08908065 -0.1955618 0.01784048 0.9764742
6.5021 FirstCar -10.26105 0.025 2.97 0 90 0 0 0.7071068 0 0.7071068 3.977383 2
6.5021 SecondCar -42.56224 0.025 2.97 0 90 0 0 0.7071068 0 0.7071068 3.939389 2
6.5037 Head 0 1.6 4.472445 10.42497 337.35 0 0.08908065 -0.1955618 0.01784048 0.9764742
6.5037 FirstCar -10.25463 0.025 2.97 0 90 0 0 0.7071068 0 0.7071068 3.973505 2
6.5037 SecondCar -42.55589 0.025 2.97 0 90 0 0 0.7071068 0 0.7071068 3.935512 2
6.5052 Head 0 1.6 4.474562 10.42497 337.35 0 0.08908065 -0.1955618 0.01784048 0.9764742
6.5052 FirstCar -10.24851 0.025 2.97 0 90 0 0 0.7071068 0 0.7071068 3.969802 2
6.5052 SecondCar -42.54982 0.025 2.97 0 90 0 0 0.7071068 0 0.7071068 3.931808 2
6.5073 Head 0 1.6 4.476583 10.42497 337.35 0 0.08908065 -0.1955618 0.01784048 0.9764742
6.5073 FirstCar -10.24032 0.025 2.97 0 90 0 0 0.7071068 0 0.7071068 3.964843 2
6.5073 SecondCar -42.5417 0.025 2.97 0 90 0 0 0.7071068 0 0.7071068 3.926849 2
6.5100 Head 0 1.6 4.47929 10.42497 337.35 0 0.08908065 -0.1955618 0.01784048 0.9764742
6.5100 FirstCar -10.22956 0.025 2.97 0 90 0 0 0.7071068 0 0.7071068 3.958321 2
6.5100 SecondCar -42.53105 0.025 2.97 0 90 0 0 0.7071068 0 0.7071068 3.920327 2
6.5121 Head 0 1.6 4.48285 10.34997 336.225 -2.169739E-07 0.08826338 -0.205151 0.01857989 0.9745653
6.5121 FirstCar -10.22124 0.025 2.97 0 90 0 0 0.7071068 0 0.7071068 3.95327 2
6.5121 SecondCar -42.52281 0.025 2.97 0 90 0 0 0.7071068 0 0.7071068 3.915276 2
6.5136 Head 0 1.6 4.485607 10.34997 336.225 -2.169739E-07 0.08826338 -0.205151 0.01857989 0.9745653
6.5136 FirstCar -10.21553 0.025 2.97 0 90 0 0 0.7071068 0 0.7071068 3.949798 2
6.5136 SecondCar -42.51715 0.025 2.97 0 90 0 0 0.7071068 0 0.7071068 3.911804 2
6.5148 Head 0 1.6 4.487502 10.34997 336.225 -2.169739E-07 0.08826338 -0.205151 0.01857989 0.9745653
6.5148 FirstCar -10.21051 0.025 2.97 0 90 0 0 0.7071068 0 0.7071068 3.946745 2
6.5148 SecondCar -42.51218 0.025 2.97 0 90 0 0 0.7071068 0 0.7071068 3.908751 2
6.5163 Head 0 1.6 4.489168 10.34997 336.225 -2.169739E-07 0.08826338 -0.205151 0.01857989 0.9745653
6.5163 FirstCar -10.20476 0.025 2.97 0 90 0 0 0.7071068 0 0.7071068 3.943249 2
6.5163 SecondCar -42.50649 0.025 2.97 0 90 0 0 0.7071068 0 0.7071068 3.905255 2
6.5176 Head 0 1.6 4.491076 10.34997 335.025 0 0.08806398 -0.2153451 0.01950315 0.9723635
6.5176 FirstCar -10.19942 0.025 2.97 0 90 0 0 0.7071068 0 0.7071068 3.939996 2
6.5176 SecondCar -42.5012 0.025 2.97 0 90 0 0 0.7071068 0 0.7071068 3.902003 2
6.5190 Head 0 1.6 4.492852 10.34997 335.025 0 0.08806398 -0.2153451 0.01950315 0.9723635
6.5190 FirstCar -10.19423 0.025 2.97 0 90 0 0 0.7071068 0 0.7071068 3.936831 2
6.5190 SecondCar -42.49606 0.025 2.97 0 90 0 0 0.7071068 0 0.7071068 3.898837 2
6.5203 Head 0 1.6 4.494579 10.34997 335.025 0 0.08806398 -0.2153451 0.01950315 0.9723635
6.5203 FirstCar -10.18905 0.025 2.97 0 90 0 0 0.7071068 0 0.7071068 3.93367 2
6.5203 SecondCar -42.49093 0.025 2.97 0 90 0 0 0.7071068 0 0.7071068 3.895676 2
6.5216 Head 0 1.6 4.496305 10.34997 335.025 0 0.08806398 -0.2153451 0.01950315 0.9723635
6.5216 FirstCar -10.18381 0.025 2.97 0 90 0 0 0.7071068 0 0.7071068 3.930472 2
6.5216 SecondCar -42.48574 0.025 2.97 0 90 0 0 0.7071068 0 0.7071068 3.892478 2
6.5230 Head 0 1.6 4.49805 10.34997 335.025 0 0.08806398 -0.2153451 0.01950315 0.9723635
6.5230 FirstCar -10.17847 0.025 2.97 0 90 0 0 0.7071068 0 0.7071068 3.927207 2
6.5230 SecondCar -42.48045 0.025 2.97 0 90 0 0 0.7071068 0 0.7071068 3.889213 2
6.5247 Head 0 1.6 4.499833 10.34997 335.025 0 0.08806398 -0.2153451 0.01950315 0.9723635
6.5247 FirstCar -10.17159 0.025 2.97 0 90 0 0 0.7071068 0 0.7071068 3.923001 2
6.5247 SecondCar -42.47364 0.025 2.97 0 90 0 0 0.7071068 0 0.7071068 3.885007 2
6.5262 Head 0 1.6 4.502129 10.27497 333.825 0 0.08722 -0.225529 0.02027666 0.9701125
6.5262 FirstCar -10.16599 0.025 2.97 0 90 0 0 0.7071068 0 0.7071068 3.919571 2
6.5262 SecondCar -42.46809 0.025 2.97 0 90 0 0 0.7071068 0 0.7071068 3.881577 2
6.5275 Head 0 1.6 4.504001 10.27497 333.825 0 0.08722 -0.225529 0.02027666 0.9701125
6.5275 FirstCar -10.16055 0.025 2.97 0 90 0 0 0.7071068 0 0.7071068 3.91624 2
6.5275 SecondCar -42.46271 0.025 2.97 0 90 0 0 0.7071068 0 0.7071068 3.878247 2
6.5289 Head 0 1.6 4.505818 10.27497 333.825 0 0.08722 -0.225529 0.02027666 0.9701125
6.5289 FirstCar -10.15511 0.025 2.97 0 90 0 0 0.7071068 0 0.7071068 3.912899 2
6.5289 SecondCar -42.45732 0.025 2.97 0 90 0 0 0.7071068 0 0.7071068 3.874905 2
6.5307 Head 0 1.6 4.507642 10.27497 333.825 0 0.08722 -0.225529 0.02027666 0.9701125
6.5307 FirstCar -10.14809 0.025 2.97 0 90 0 0 0.7071068 0 0.7071068 3.908588 2
6.5307 SecondCar -42.45036 0.025 2.97 0 90 0 0 0.7071068 0 0.7071068 3.870594 2
6.5326 Head 0 1.6 4.509995 10.27497 333.825 0 0.08722 -0.225529 0.02027666 0.9701125
6.5326 FirstCar -10.14083 0.025 2.97 0 90 0 0 0.7071068 0 0.7071068 3.904125 2
6.5326 SecondCar -42.44318 0.025 2.97 0 90 0 0 0.7071068 0 0.7071068 3.866132 2
6.5341 Head 0 1.6 4.512431 10.27497 332.55 2.169221E-07 0.08698899 -0.2363088 0.02124584 0.9675432
6.5341 FirstCar -10.13499 0.025 2.97 0 90 0 0 0.7071068 0 0.7071068 3.900534 2
6.5341 SecondCar -42.4374 0.025 2.97 0 90 0 0 0.7071068 0 0.7071068 3.86254 2
6.5354 Head 0 1.6 4.514391 10.27497 332.55 2.169221E-07 0.08698899 -0.2363088 0.02124584 0.9675432
6.5354 FirstCar -10.13005 0.025 2.97 0 90 0 0 0.7071068 0 0.7071068 3.897491 2
6.5354 SecondCar -42.4325 0.025 2.97 0 90 0 0 0.7071068 0 0.7071068 3.859498 2
6.5367 Head 0 1.6 4.516052 10.27497 332.55 2.169221E-07 0.08698899 -0.2363088 0.02124584 0.9675432
6.5367 FirstCar -10.12494 0.025 2.97 0 90 0 0 0.7071068 0 0.7071068 3.894346 2
6.5367 SecondCar -42.42745 0.025 2.97 0 90 0 0 0.7071068 0 0.7071068 3.856352 2
6.5380 Head 0 1.6 4.517769 10.27497 332.55 2.169221E-07 0.08698899 -0.2363088 0.02124584 0.9675432
6.5380 FirstCar -10.11974 0.025 2.97 0 90 0 0 0.7071068 0 0.7071068 3.891139 2
6.5380 SecondCar -42.4223 0.025 2.97 0 90 0 0 0.7071068 0 0.7071068 3.853145 2
6.5404 Head 0 1.6 4.51952 10.27497 332.55 2.169221E-07 0.08698899 -0.2363088 0.02124584 0.9675432
6.5404 FirstCar -10.11035 0.025 2.97 0 90 0 0 0.7071068 0 0.7071068 3.885337 2
6.5404 SecondCar -42.413 0.025 2.97 0 90 0 0 0.7071068 0 0.7071068 3.847343 2
6.5423 Head 0 1.6 4.522687 10.19997 331.275 -2.168709E-07 0.08611571 -0.2470738 0.02205068 0.9649106
6.5423 FirstCar -10.10322 0.025 2.97 0 90 0 0 0.7071068 0 0.7071068 3.880928 2
6.5423 SecondCar -42.40594 0.025 2.97 0 90 0 0 0.7071068 0 0.7071068 3.842934 2
6.5438 Head 0 1.6 4.525094 10.19997 331.275 -2.168709E-07 0.08611571 -0.2470738 0.02205068 0.9649106
6.5438 FirstCar -10.09737 0.025 2.97 0 90 0 0 0.7071068 0 0.7071068 3.877305 2
6.5438 SecondCar -42.40014 0.025 2.97 0 90 0 0 0.7071068 0 0.7071068 3.839311 2
6.5451 Head 0 1.6 4.527071 10.19997 331.275 -2.168709E-07 0.08611571 -0.2470738 0.02205068 0.9649106
6.5451 FirstCar -10.09225 0.025 2.97 0 90 0 0 0.7071068 0 0.7071068 3.874135 2
6.5451 SecondCar -42.39508 0.025 2.97 0 90 0 0 0.7071068 0 0.7071068 3.836141 2
6.5463 Head 0 1.6 4.528801 10.19997 331.275 -2.168709E-07 0.08611571 -0.2470738 0.02205068 0.9649106
6.5463 FirstCar -10.08741 0.025 2.97 0 90 0 0 0.7071068 0 0.7071068 3.871131 2
6.5463 SecondCar -42.39028 0.025 2.97 0 90 0 0 0.7071068 0 0.7071068 3.833137 2
6.5476 Head 0 1.6 4.530441 10.19997 331.275 -2.168709E-07 0.08611571 -0.2470738 0.02205068 0.9649106
6.5476 FirstCar -10.08262 0.025 2.97 0 90 0 0 0.7071068 0 0.7071068 3.868162 2
6.5476 SecondCar -42.38554 0.025 2.97 0 90 0 0 0.7071068 0 0.7071068 3.830168 2
6.5495 Head 0 1.6 4.532062 10.19997 331.275 -2.168709E-07 0.08611571 -0.2470738 0.02205068 0.9649106
6.5495 FirstCar -10.07515 0.025 2.97 0 90 0 0 0.7071068 0 0.7071068 3.863523 2
6.5495 SecondCar -42.37814 0.025 2.97 0 90 0 0 0.7071068 0 0.7071068 3.825529 2
6.5514 Head 0 1.6 4.534594 10.19997 330.075 0 0.08588008 -0.2571646 0.02295125 0.9622704
6.5514 FirstCar -10.06781 0.025 2.97 0 90 0 0 0.7071068 0 0.7071068 3.858959 2
6.5514 SecondCar -42.37088 0.025 2.97 0 90 0 0 0.7071068 0 0.7071068 3.820965 2
6.5529 Head 0 1.6 4.537085 10.19997 330.075 0 0.08588008 -0.2571646 0.02295125 0.9622704
6.5529 FirstCar -10.06202 0.025 2.97 0 90 0 0 0.7071068 0 0.7071068 3.855352 2
6.5529 SecondCar -42.36514 0.025 2.97 0 90 0 0 0.7071068 0 0.7071068 3.817358 2
6.5543 Head 0 1.6 4.539053 10.19997 330.075 0 0.08588008 -0.2571646 0.02295125 0.9622704
6.5543 FirstCar -10.05655 0.025 2.97 0 90 0 0 0.7071068 0 0.7071068 3.851944 2
6.5543 SecondCar -42.35972 0.025 2.97 0 90 0 0 0.7071068 0 0.7071068 3.813951 2
6.5569 Head 0 1.6 4.540914 10.19997 330.075 0 0.08588008 -0.2571646 0.02295125 0.9622704
6.5569 FirstCar -10.04671 0.025 2.97 0 90 0 0 0.7071068 0 0.7071068 3.845803 2
6.5569 SecondCar -42.34998 0.025 2.97 0 90 0 0 0.7071068 0 0.7071068 3.807809 2
6.5588 Head 0 1.6 4.544266 10.12497 328.875 -2.1682E-07 0.085007 -0.2672427 0.02367441 0.9595805
6.5588 FirstCar -10.03926 0.025 2.97 0 90 0 0 0.7071068 0 0.7071068 3.84115 2
6.5588 SecondCar -42.34261 0.025 2.97 0 90 0 0 0.7071068 0 0.7071068 3.803156 2
6.5604 Head 0 1.6 4.546805 10.12497 328.875 -2.1682E-07 0.085007 -0.2672427 0.02367441 0.9595805
6.5604 FirstCar -10.03328 0.025 2.97 0 90 0 0 0.7071068 0 0.7071068 3.837405 2
6.5604 SecondCar -42.33668 0.025 2.97 0 90 0 0 0.7071068 0 0.7071068 3.799411 2
6.5619 Head 0 1.6 4.54885 10.12497 328.875 -2.1682E-07 0.085007 -0.2672427 0.02367441 0.9595805
6.5619 FirstCar -10.02733 0.025 2.97 0 90 0 0 0.7071068 0 0.7071068 3.833682 2
6.5619 SecondCar -42.33079 0.025 2.97 0 90 0 0 0.7071068 0 0.7071068 3.795688 2
6.5635 Head 0 1.6 4.550881 10.12497 328.875 -2.1682E-07 0.085007 -0.2672427 0.02367441 0.9595805
6.5635 FirstCar -10.02129 0.025 2.97 0 90 0 0 0.7071068 0 0.7071068 3.829897 2
6.5635 SecondCar -42.32481 0.025 2.97 0 90 0 0 0.7071068 0 0.7071068 3.791903 2
6.5653 Head 0 1.6 4.552948 10.12497 328.875 -2.1682E-07 0.085007 -0.2672427 0.02367441 0.9595805
6.5653 FirstCar -10.01445 0.025 2.97 0 90 0 0 0.7071068 0 0.7071068 3.825605 2
6.5653 SecondCar -42.31804 0.025 2.97 0 90 0 0 0.7071068 0 0.7071068 3.787611 2
6.5669 Head 0 1.6 4.55529 10.12497 327.675 -2.1682E-07 0.08475443 -0.2772766 0.02456329 0.9567294
6.5669 FirstCar -10.00829 0.025 2.97 0 90 0 0 0.7071068 0 0.7071068 3.821737 2
6.5669 SecondCar -42.31194 0.025 2.97 0 90 0 0 0.7071068 0 0.7071068 3.783743 2
6.5684 Head 0 1.6 4.557402 10.12497 327.675 -2.1682E-07 0.08475443 -0.2772766 0.02456329 0.9567294
6.5684 FirstCar -10.00254 0.025 2.97 0 90 0 0 0.7071068 0 0.7071068 3.818122 2
6.5684 SecondCar -42.30624 0.025 2.97 0 90 0 0 0.7071068 0 0.7071068 3.780128 2
6.5700 Head 0 1.6 4.559375 10.12497 327.675 -2.1682E-07 0.08475443 -0.2772766 0.02456329 0.9567294
6.5700 FirstCar -9.996359 0.025 2.97 0 90 0 0 0.7071068 0 0.7071068 3.814234 2
6.5700 SecondCar -42.30013 0.025 2.97 0 90 0 0 0.7071068 0 0.7071068 3.776241 2
6.5729 Head 0 1.6 4.561497 10.12497 327.675 -2.1682E-07 0.08475443 -0.2772766 0.02456329 0.9567294
6.5729 FirstCar -9.985526 0.025 2.97 0 90 0 0 0.7071068 0 0.7071068 3.807406 2
6.5729 SecondCar -42.28941 0.025 2.97 0 90 0 0 0.7071068 0 0.7071068 3.769412 2
6.5750 Head 0 1.6 4.565224 10.12497 326.55 -2.1682E-07 0.08450919 -0.2866557 0.02539416 0.9539611
6.5750 FirstCar -9.977346 0.025 2.97 0 90 0 0 0.7071068 0 0.7071068 3.802243 2
6.5750 SecondCar -42.28131 0.025 2.97 0 90 0 0 0.7071068 0 0.7071068 3.764249 2
6.5768 Head 0 1.6 4.568042 10.12497 326.55 -2.1682E-07 0.08450919 -0.2866557 0.02539416 0.9539611
6.5768 FirstCar -9.970642 0.025 2.97 0 90 0 0 0.7071068 0 0.7071068 3.798007 2
6.5768 SecondCar -42.27467 0.025 2.97 0 90 0 0 0.7071068 0 0.7071068 3.760013 2
6.5783 Head 0 1.6 4.570354 10.12497 326.55 -2.1682E-07 0.08450919 -0.2866557 0.02539416 0.9539611
6.5783 FirstCar -9.965156 0.025 2.97 0 90 0 0 0.7071068 0 0.7071068 3.794536 2
6.5783 SecondCar -42.26924 0.025 2.97 0 90 0 0 0.7071068 0 0.7071068 3.756542 2
6.5797 Head 0 1.6 4.572249 10.12497 326.55 -2.1682E-07 0.08450919 -0.2866557 0.02539416 0.9539611
6.5797 FirstCar -9.95982 0.025 2.97 0 90 0 0 0.7071068 0 0.7071068 3.791158 2
6.5797 SecondCar -42.26395 0.025 2.97 0 90 0 0 0.7071068 0 0.7071068 3.753165 2
6.5813 Head 0 1.6 4.574093 10.12497 326.55 -2.1682E-07 0.08450919 -0.2866557 0.02539416 0.9539611
6.5813 FirstCar -9.953568 0.025 2.97 0 90 0 0 0.7071068 0 0.7071068 3.787197 2
6.5813 SecondCar -42.25777 0.025 2.97 0 90 0 0 0.7071068 0 0.7071068 3.749203 2
6.5828 Head 0 1.6 4.576255 10.04997 325.5 -2.167695E-07 0.08365034 -0.2954018 0.02597411 0.9513494
6.5828 FirstCar -9.948034 0.025 2.97 0 90 0 0 0.7071068 0 0.7071068 3.783687 2
6.5828 SecondCar -42.25229 0.025 2.97 0 90 0 0 0.7071068 0 0.7071068 3.745693 2
6.5841 Head 0 1.6 4.578171 10.04997 325.5 -2.167695E-07 0.08365034 -0.2954018 0.02597411 0.9513494
6.5841 FirstCar -9.942904 0.025 2.97 0 90 0 0 0.7071068 0 0.7071068 3.780429 2
6.5841 SecondCar -42.24721 0.025 2.97 0 90 0 0 0.7071068 0 0.7071068 3.742435 2
6.5855 Head 0 1.6 4.579949 10.04997 325.5 -2.167695E-07 0.08365034 -0.2954018 0.02597411 0.9513494
6.5855 FirstCar -9.937867 0.025 2.97 0 90 0 0 0.7071068 0 0.7071068 3.77723 2
6.5855 SecondCar -42.24222 0.025 2.97 0 90 0 0 0.7071068 0 0.7071068 3.739236 2
6.5868 Head 0 1.6 4.581696 10.04997 325.5 -2.167695E-07 0.08365034 -0.2954018 0.02597411 0.9513494
6.5868 FirstCar -9.932652 0.025 2.97 0 90 0 0 0.7071068 0 0.7071068 3.773913 2
6.5868 SecondCar -42.23706 0.025 2.97 0 90 0 0 0.7071068 0 0.7071068 3.735919 2
6.5888 Head 0 1.6 4.583506 10.04997 325.5 -2.167695E-07 0.08365034 -0.2954018 0.02597411 0.9513494
6.5888 FirstCar -9.925252 0.025 2.97 0 90 0 0 0.7071068 0 0.7071068 3.769201 2
6.5888 SecondCar -42.22973 0.025 2.97 0 90 0 0 0.7071068 0 0.7071068 3.731207 2
6.5908 Head 0 1.6 4.586078 10.04997 324.375 0 0.08339131 -0.3047272 0.02679408 0.9484035
6.5908 FirstCar -9.917872 0.025 2.97 0 90 0 0 0.7071068 0 0.7071068 3.764497 2
6.5908 SecondCar -42.22243 0.025 2.97 0 90 0 0 0.7071068 0 0.7071068 3.726503 2
6.5923 Head 0 1.6 4.588646 10.04997 324.375 0 0.08339131 -0.3047272 0.02679408 0.9484035
6.5923 FirstCar -9.91223 0.025 2.97 0 90 0 0 0.7071068 0 0.7071068 3.760895 2
6.5923 SecondCar -42.21684 0.025 2.97 0 90 0 0 0.7071068 0 0.7071068 3.722901 2
6.5936 Head 0 1.6 4.590611 10.04997 324.375 0 0.08339131 -0.3047272 0.02679408 0.9484035
6.5936 FirstCar -9.90714 0.025 2.97 0 90 0 0 0.7071068 0 0.7071068 3.757645 2
6.5936 SecondCar -42.2118 0.025 2.97 0 90 0 0 0.7071068 0 0.7071068 3.719651 2
6.5949 Head 0 1.6 4.592386 10.04997 324.375 0 0.08339131 -0.3047272 0.02679408 0.9484035
6.5949 FirstCar -9.902189 0.025 2.97 0 90 0 0 0.7071068 0 0.7071068 3.75448 2
6.5949 SecondCar -42.2069 0.025 2.97 0 90 0 0 0.7071068 0 0.7071068 3.716486 2
6.5967 Head 0 1.6 4.594113 10.04997 324.375 0 0.08339131 -0.3047272 0.02679408 0.9484035
6.5967 FirstCar -9.895756 0.025 2.97 0 90 0 0 0.7071068 0 0.7071068 3.750363 2
6.5967 SecondCar -42.20053 0.025 2.97 0 90 0 0 0.7071068 0 0.7071068 3.712369 2
6.5981 Head 0 1.6 4.596361 10.04997 323.325 -2.167695E-07 0.08314231 -0.3134045 0.02755706 0.9455716
6.5981 FirstCar -9.890347 0.025 2.97 0 90 0 0 0.7071068 0 0.7071068 3.746899 2
6.5981 SecondCar -42.19518 0.025 2.97 0 90 0 0 0.7071068 0 0.7071068 3.708905 2
6.5995 Head 0 1.6 4.598251 10.04997 323.325 -2.167695E-07 0.08314231 -0.3134045 0.02755706 0.9455716
6.5995 FirstCar -9.885209 0.025 2.97 0 90 0 0 0.7071068 0 0.7071068 3.743604 2
6.5995 SecondCar -42.1901 0.025 2.97 0 90 0 0 0.7071068 0 0.7071068 3.705611 2
6.6009 Head 0 1.6 4.600049 10.04997 323.325 -2.167695E-07 0.08314231 -0.3134045 0.02755706 0.9455716
6.6009 FirstCar -9.879818 0.025 2.97 0 90 0 0 0.7071068 0 0.7071068 3.740145 2
6.6009 SecondCar -42.18476 0.025 2.97 0 90 0 0 0.7071068 0 0.7071068 3.702151 2
6.6025 Head 0 1.6 4.601938 10.04997 323.325 -2.167695E-07 0.08314231 -0.3134045 0.02755706 0.9455716
6.6025 FirstCar -9.873812 0.025 2.97 0 90 0 0 0.7071068 0 0.7071068 3.736286 2
6.6025 SecondCar -42.17881 0.025 2.97 0 90 0 0 0.7071068 0 0.7071068 3.698292 2
6.6048 Head 0 1.6 4.604044 10.04997 323.325 -2.167695E-07 0.08314231 -0.3134045 0.02755706 0.9455716
6.6048 FirstCar -9.865198 0.025 2.97 0 90 0 0 0.7071068 0 0.7071068 3.730746 2
6.6048 SecondCar -42.17029 0.025 2.97 0 90 0 0 0.7071068 0 0.7071068 3.692752 2
6.6067 Head 0 1.6 4.607069 10.04997 322.2 2.167695E-07 0.08286776 -0.3226724 0.02837197 0.9424492
6.6067 FirstCar -9.858207 0.025 2.97 0 90 0 0 0.7071068 0 0.7071068 3.726243 2
6.6067 SecondCar -42.16337 0.025 2.97 0 90 0 0 0.7071068 0 0.7071068 3.688249 2
6.6083 Head 0 1.6 4.609526 10.04997 322.2 2.167695E-07 0.08286776 -0.3226724 0.02837197 0.9424492
6.6083 FirstCar -9.852398 0.025 2.97 0 90 0 0 0.7071068 0 0.7071068 3.722497 2
6.6083 SecondCar -42.15762 0.025 2.97 0 90 0 0 0.7071068 0 0.7071068 3.684504 2
6.6097 Head 0 1.6 4.61157 10.04997 322.2 2.167695E-07 0.08286776 -0.3226724 0.02837197 0.9424492
6.6097 FirstCar -9.847124 0.025 2.97 0 90 0 0 0.7071068 0 0.7071068 3.719094 2
6.6097 SecondCar -42.1524 0.025 2.97 0 90 0 0 0.7071068 0 0.7071068 3.6811 2
6.6113 Head 0 1.6 4.613428 10.04997 322.2 2.167695E-07 0.08286776 -0.3226724 0.02837197 0.9424492
6.6113 FirstCar -9.841009 0.025 2.97 0 90 0 0 0.7071068 0 0.7071068 3.715144 2
6.6113 SecondCar -42.14635 0.025 2.97 0 90 0 0 0.7071068 0 0.7071068 3.67715 2
6.6129 Head 0 1.6 4.615584 10.04997 322.2 2.167695E-07 0.08286776 -0.3226724 0.02837197 0.9424492
6.6129 FirstCar -9.835114 0.025 2.97 0 90 0 0 0.7071068 0 0.7071068 3.711332 2
6.6129 SecondCar -42.14051 0.025 2.97 0 90 0 0 0.7071068 0 0.7071068 3.673338 2
6.6143 Head 0 1.6 4.617665 10.04997 321.3 0 0.08264238 -0.3300643 0.02902193 0.9398859
6.6143 FirstCar -9.830006 0.025 2.97 0 90 0 0 0.7071068 0 0.7071068 3.708025 2
6.6143 SecondCar -42.13546 0.025 2.97 0 90 0 0 0.7071068 0 0.7071068 3.670031 2
6.6156 Head 0 1.6 4.61947 10.04997 321.3 0 0.08264238 -0.3300643 0.02902193 0.9398859
6.6156 FirstCar -9.825042 0.025 2.97 0 90 0 0 0.7071068 0 0.7071068 3.70481 2
6.6156 SecondCar -42.13054 0.025 2.97 0 90 0 0 0.7071068 0 0.7071068 3.666816 2
6.6170 Head 0 1.6 4.621225 10.04997 321.3 0 0.08264238 -0.3300643 0.02902193 0.9398859
6.6170 FirstCar -9.81999 0.025 2.97 0 90 0 0 0.7071068 0 0.7071068 3.701534 2
6.6170 SecondCar -42.12554 0.025 2.97 0 90 0 0 0.7071068 0 0.7071068 3.66354 2
6.6185 Head 0 1.6 4.623013 10.04997 321.3 0 0.08264238 -0.3300643 0.02902193 0.9398859
6.6185 FirstCar -9.814555 0.025 2.97 0 90 0 0 0.7071068 0 0.7071068 3.698007 2
6.6185 SecondCar -42.12016 0.025 2.97 0 90 0 0 0.7071068 0 0.7071068 3.660013 2
6.6201 Head 0 1.6 4.624938 10.04997 321.3 0 0.08264238 -0.3300643 0.02902193 0.9398859
6.6201 FirstCar -9.808598 0.025 2.97 0 90 0 0 0.7071068 0 0.7071068 3.694137 2
6.6201 SecondCar -42.11427 0.025 2.97 0 90 0 0 0.7071068 0 0.7071068 3.656143 2
6.6219 Head 0 1.6 4.627051 10.04997 320.175 -2.167695E-07 0.08235347 -0.3392756 0.02983185 0.9366003
6.6219 FirstCar -9.801846 0.025 2.97 0 90 0 0 0.7071068 0 0.7071068 3.689745 2
6.6219 SecondCar -42.10758 0.025 2.97 0 90 0 0 0.7071068 0 0.7071068 3.651751 2
6.6235 Head 0 1.6 4.629448 10.04997 320.175 -2.167695E-07 0.08235347 -0.3392756 0.02983185 0.9366003
6.6235 FirstCar -9.795912 0.025 2.97 0 90 0 0 0.7071068 0 0.7071068 3.685881 2
6.6235 SecondCar -42.10171 0.025 2.97 0 90 0 0 0.7071068 0 0.7071068 3.647887 2
6.6251 Head 0 1.6 4.631557 10.04997 320.175 -2.167695E-07 0.08235347 -0.3392756 0.02983185 0.9366003
6.6251 FirstCar -9.789975 0.025 2.97 0 90 0 0 0.7071068 0 0.7071068 3.682011 2
6.6251 SecondCar -42.09584 0.025 2.97 0 90 0 0 0.7071068 0 0.7071068 3.644017 2
6.6266 Head 0 1.6 4.63367 10.04997 320.175 -2.167695E-07 0.08235347 -0.3392756 0.02983185 0.9366003
6.6266 FirstCar -9.784552 0.025 2.97 0 90 0 0 0.7071068 0 0.7071068 3.678473 2
6.6266 SecondCar -42.09047 0.025 2.97 0 90 0 0 0.7071068 0 0.7071068 3.640479 2
6.6286 Head 0 1.6 4.635602 10.04997 320.175 -2.167695E-07 0.08235347 -0.3392756 0.02983185 0.9366003
6.6286 FirstCar -9.777384 0.025 2.97 0 90 0 0 0.7071068 0 0.7071068 3.67379 2
6.6286 SecondCar -42.08337 0.025 2.97 0 90 0 0 0.7071068 0 0.7071068 3.635796 2
6.6304 Head 0 1.6 4.638157 10.04997 319.2 -2.167695E-07 0.08209667 -0.3472323 0.03053147 0.9336797
6.6304 FirstCar -9.770713 0.025 2.97 0 90 0 0 0.7071068 0 0.7071068 3.669426 2
6.6304 SecondCar -42.07677 0.025 2.97 0 90 0 0 0.7071068 0 0.7071068 3.631433 2
6.6323 Head 0 1.6 4.640539 10.04997 319.2 -2.167695E-07 0.08209667 -0.3472323 0.03053147 0.9336797
6.6323 FirstCar -9.763627 0.025 2.97 0 90 0 0 0.7071068 0 0.7071068 3.664786 2
6.6323 SecondCar -42.06976 0.025 2.97 0 90 0 0 0.7071068 0 0.7071068 3.626792 2
6.6344 Head 0 1.6 4.643072 10.04997 319.2 -2.167695E-07 0.08209667 -0.3472323 0.03053147 0.9336797
6.6344 FirstCar -9.756025 0.025 2.97 0 90 0 0 0.7071068 0 0.7071068 3.659801 2
6.6344 SecondCar -42.06224 0.025 2.97 0 90 0 0 0.7071068 0 0.7071068 3.621807 2
6.6365 Head 0 1.6 4.645793 10.04997 319.2 -2.167695E-07 0.08209667 -0.3472323 0.03053147 0.9336797
6.6365 FirstCar -9.748255 0.025 2.97 0 90 0 0 0.7071068 0 0.7071068 3.654698 2
6.6365 SecondCar -42.05455 0.025 2.97 0 90 0 0 0.7071068 0 0.7071068 3.616704 2
6.6382 Head 0 1.6 4.648578 10.04997 318.3 0 0.08185434 -0.3545546 0.0311753 0.9309238
6.6382 FirstCar -9.742007 0.025 2.97 0 90 0 0 0.7071068 0 0.7071068 3.65059 2
6.6382 SecondCar -42.04836 0.025 2.97 0 90 0 0 0.7071068 0 0.7071068 3.612596 2
6.6402 Head 0 1.6 4.65082 10.04997 318.3 0 0.08185434 -0.3545546 0.0311753 0.9309238
6.6402 FirstCar -9.734959 0.025 2.97 0 90 0 0 0.7071068 0 0.7071068 3.645951 2
6.6402 SecondCar -42.04139 0.025 2.97 0 90 0 0 0.7071068 0 0.7071068 3.607957 2
6.6418 Head 0 1.6 4.653353 10.04997 318.3 0 0.08185434 -0.3545546 0.0311753 0.9309238
6.6418 FirstCar -9.729187 0.025 2.97 0 90 0 0 0.7071068 0 0.7071068 3.642147 2
6.6418 SecondCar -42.03568 0.025 2.97 0 90 0 0 0.7071068 0 0.7071068 3.604153 2
6.6433 Head 0 1.6 4.655429 10.04997 318.3 0 0.08185434 -0.3545546 0.0311753 0.9309238
6.6433 FirstCar -9.723691 0.025 2.97 0 90 0 0 0.7071068 0 0.7071068 3.638522 2
6.6433 SecondCar -42.03024 0.025 2.97 0 90 0 0 0.7071068 0 0.7071068 3.600528 2
6.6451 Head 0 1.6 4.657408 10.04997 318.3 0 0.08185434 -0.3545546 0.0311753 0.9309238
6.6451 FirstCar -9.717139 0.025 2.97 0 90 0 0 0.7071068 0 0.7071068 3.634195 2
6.6451 SecondCar -42.02375 0.025 2.97 0 90 0 0 0.7071068 0 0.7071068 3.596201 2
6.6466 Head 0 1.6 4.65977 10.04997 317.25 0 0.08156526 -0.3630696 0.03192402 0.927636
6.6466 FirstCar -9.711589 0.025 2.97 0 90 0 0 0.7071068 0 0.7071068 3.630526 2
6.6466 SecondCar -42.01826 0.025 2.97 0 90 0 0 0.7071068 0 0.7071068 3.592532 2
6.6481 Head 0 1.6 4.661772 10.04997 317.25 0 0.08156526 -0.3630696 0.03192402 0.927636
6.6481 FirstCar -9.70629 0.025 2.97 0 90 0 0 0.7071068 0 0.7071068 3.62702 2
6.6481 SecondCar -42.01302 0.025 2.97 0 90 0 0 0.7071068 0 0.7071068 3.589026 2
6.6496 Head 0 1.6 4.663686 10.04997 317.25 0 0.08156526 -0.3630696 0.03192402 0.927636
6.6496 FirstCar -9.700867 0.025 2.97 0 90 0 0 0.7071068 0 0.7071068 3.623428 2
6.6496 SecondCar -42.00765 0.025 2.97 0 90 0 0 0.7071068 0 0.7071068 3.585434 2
6.6514 Head 0 1.6 4.665647 10.04997 317.25 0 0.08156526 -0.3630696 0.03192402 0.927636
6.6514 FirstCar -9.694173 0.025 2.97 0 90 0 0 0.7071068 0 0.7071068 3.618988 2
6.6514 SecondCar -42.00103 0.025 2.97 0 90 0 0 0.7071068 0 0.7071068 3.580994 2
6.6531 Head 0 1.6 4.66807 10.04997 317.25 0 0.08156526 -0.3630696 0.03192402 0.927636
6.6531 FirstCar -9.687979 0.025 2.97 0 90 0 0 0.7071068 0 0.7071068 3.614876 2
6.6531 SecondCar -41.9949 0.025 2.97 0 90 0 0 0.7071068 0 0.7071068 3.576882 2
6.6546 Head 0 1.6 4.670315 10.04997 316.35 2.167695E-07 0.08131201 -0.370344 0.03256364 0.9247558
6.6546 FirstCar -9.68261 0.025 2.97 0 90 0 0 0.7071068 0 0.7071068 3.611307 2
6.6546 SecondCar -41.98959 0.025 2.97 0 90 0 0 0.7071068 0 0.7071068 3.573313 2
6.6561 Head 0 1.6 4.672263 10.04997 316.35 2.167695E-07 0.08131201 -0.370344 0.03256364 0.9247558
6.6561 FirstCar -9.677371 0.025 2.97 0 90 0 0 0.7071068 0 0.7071068 3.607822 2
6.6561 SecondCar -41.9844 0.025 2.97 0 90 0 0 0.7071068 0 0.7071068 3.569828 2
6.6575 Head 0 1.6 4.674165 10.04997 316.35 2.167695E-07 0.08131201 -0.370344 0.03256364 0.9247558
6.6575 FirstCar -9.672331 0.025 2.97 0 90 0 0 0.7071068 0 0.7071068 3.604466 2
6.6575 SecondCar -41.97942 0.025 2.97 0 90 0 0 0.7071068 0 0.7071068 3.566472 2
6.6590 Head 0 1.6 4.675997 10.04997 316.35 2.167695E-07 0.08131201 -0.370344 0.03256364 0.9247558
6.6590 FirstCar -9.6669 0.025 2.97 0 90 0 0 0.7071068 0 0.7071068 3.600846 2
6.6590 SecondCar -41.97404 0.025 2.97 0 90 0 0 0.7071068 0 0.7071068 3.562852 2
6.6607 Head 0 1.6 4.677972 10.04997 316.35 2.167695E-07 0.08131201 -0.370344 0.03256364 0.9247558
6.6607 FirstCar -9.660508 0.025 2.97 0 90 0 0 0.7071068 0 0.7071068 3.596581 2
6.6607 SecondCar -41.96772 0.025 2.97 0 90 0 0 0.7071068 0 0.7071068 3.558587 2
6.6622 Head 0 1.6 4.6803 10.04997 315.45 0 0.08105376 -0.3775955 0.03320125 0.9218187
6.6622 FirstCar -9.65514 0.025 2.97 0 90 0 0 0.7071068 0 0.7071068 3.592995 2
6.6622 SecondCar -41.96241 0.025 2.97 0 90 0 0 0.7071068 0 0.7071068 3.555001 2
6.6636 Head 0 1.6 4.682258 10.04997 315.45 0 0.08105376 -0.3775955 0.03320125 0.9218187
6.6636 FirstCar -9.650097 0.025 2.97 0 90 0 0 0.7071068 0 0.7071068 3.589623 2
6.6636 SecondCar -41.95742 0.025 2.97 0 90 0 0 0.7071068 0 0.7071068 3.55163 2
6.6656 Head 0 1.6 4.684098 10.04997 315.45 0 0.08105376 -0.3775955 0.03320125 0.9218187
6.6656 FirstCar -9.642895 0.025 2.97 0 90 0 0 0.7071068 0 0.7071068 3.584802 2
6.6656 SecondCar -41.95029 0.025 2.97 0 90 0 0 0.7071068 0 0.7071068 3.546808 2
6.6672 Head 0 1.6 4.68673 10.04997 315.45 0 0.08105376 -0.3775955 0.03320125 0.9218187
6.6672 FirstCar -9.63718 0.025 2.97 0 90 0 0 0.7071068 0 0.7071068 3.580972 2
6.6672 SecondCar -41.94464 0.025 2.97 0 90 0 0 0.7071068 0 0.7071068 3.542978 2
6.6692 Head 0 1.6 4.688821 10.04997 315.45 0 0.08105376 -0.3775955 0.03320125 0.9218187
6.6692 FirstCar -9.630086 0.025 2.97 0 90 0 0 0.7071068 0 0.7071068 3.576211 2
6.6692 SecondCar -41.93762 0.025 2.97 0 90 0 0 0.7071068 0 0.7071068 3.538217 2
6.6715 Head 0 1.6 4.69142 10.04997 314.475 -2.167695E-07 0.08076833 -0.385425 0.03388968 0.9185725
6.6715 FirstCar -9.622072 0.025 2.97 0 90 0 0 0.7071068 0 0.7071068 3.570825 2
6.6715 SecondCar -41.92969 0.025 2.97 0 90 0 0 0.7071068 0 0.7071068 3.532831 2
6.6731 Head 0 1.6 4.694359 10.04997 314.475 -2.167695E-07 0.08076833 -0.385425 0.03388968 0.9185725
6.6731 FirstCar -9.616335 0.025 2.97 0 90 0 0 0.7071068 0 0.7071068 3.566965 2
6.6731 SecondCar -41.92402 0.025 2.97 0 90 0 0 0.7071068 0 0.7071068 3.528971 2
6.6746 Head 0 1.6 4.696466 10.04997 314.475 -2.167695E-07 0.08076833 -0.385425 0.03388968 0.9185725
6.6746 FirstCar -9.610953 0.025 2.97 0 90 0 0 0.7071068 0 0.7071068 3.56334 2
6.6746 SecondCar -41.91869 0.025 2.97 0 90 0 0 0.7071068 0 0.7071068 3.525346 2
6.6765 Head 0 1.6 4.698445 10.04997 314.475 -2.167695E-07 0.08076833 -0.385425 0.03388968 0.9185725
6.6765 FirstCar -9.604282 0.025 2.97 0 90 0 0 0.7071068 0 0.7071068 3.558841 2
6.6765 SecondCar -41.91209 0.025 2.97 0 90 0 0 0.7071068 0 0.7071068 3.520848 2
6.6780 Head 0 1.6 4.7009 10.04997 313.65 4.335391E-07 0.08052225 -0.3920282 0.0344703 0.9157739
6.6780 FirstCar -9.598807 0.025 2.97 0 90 0 0 0.7071068 0 0.7071068 3.555146 2
6.6780 SecondCar -41.90667 0.025 2.97 0 90 0 0 0.7071068 0 0.7071068 3.517152 2
6.6795 Head 0 1.6 4.702918 10.04997 313.65 4.335391E-07 0.08052225 -0.3920282 0.0344703 0.9157739
6.6795 FirstCar -9.593328 0.025 2.97 0 90 0 0 0.7071068 0 0.7071068 3.551444 2
6.6795 SecondCar -41.90125 0.025 2.97 0 90 0 0 0.7071068 0 0.7071068 3.51345 2
6.6811 Head 0 1.6 4.704938 10.04997 313.65 4.335391E-07 0.08052225 -0.3920282 0.0344703 0.9157739
6.6811 FirstCar -9.587757 0.025 2.97 0 90 0 0 0.7071068 0 0.7071068 3.547675 2
6.6811 SecondCar -41.89574 0.025 2.97 0 90 0 0 0.7071068 0 0.7071068 3.509681 2
6.6826 Head 0 1.6 4.706995 10.04997 313.65 4.335391E-07 0.08052225 -0.3920282 0.0344703 0.9157739
6.6826 FirstCar -9.582444 0.025 2.97 0 90 0 0 0.7071068 0 0.7071068 3.544077 2
6.6826 SecondCar -41.89048 0.025 2.97 0 90 0 0 0.7071068 0 0.7071068 3.506083 2
6.6844 Head 0 1.6 4.70896 10.04997 313.65 4.335391E-07 0.08052225 -0.3920282 0.0344703 0.9157739
6.6844 FirstCar -9.575983 0.025 2.97 0 90 0 0 0.7071068 0 0.7071068 3.539696 2
6.6844 SecondCar -41.88409 0.025 2.97 0 90 0 0 0.7071068 0 0.7071068 3.501702 2
6.6862 Head 0 1.6 4.711351 10.04997 312.75 0 0.08024904 -0.3992085 0.03510164 0.9126667
6.6862 FirstCar -9.569673 0.025 2.97 0 90 0 0 0.7071068 0 0.7071068 3.535412 2
6.6862 SecondCar -41.87785 0.025 2.97 0 90 0 0 0.7071068 0 0.7071068 3.497418 2
6.6882 Head 0 1.6 4.713689 10.04997 312.75 0 0.08024904 -0.3992085 0.03510164 0.9126667
6.6882 FirstCar -9.562755 0.025 2.97 0 90 0 0 0.7071068 0 0.7071068 3.53071 2
6.6882 SecondCar -41.871 0.025 2.97 0 90 0 0 0.7071068 0 0.7071068 3.492716 2
6.6903 Head 0 1.6 4.716256 10.04997 312.75 0 0.08024904 -0.3992085 0.03510164 0.9126667
6.6903 FirstCar -9.555346 0.025 2.97 0 90 0 0 0.7071068 0 0.7071068 3.525667 2
6.6903 SecondCar -41.86367 0.025 2.97 0 90 0 0 0.7071068 0 0.7071068 3.487673 2
6.6929 Head 0 1.6 4.719009 10.04997 312.75 0 0.08024904 -0.3992085 0.03510164 0.9126667
6.6929 FirstCar -9.546069 0.025 2.97 0 90 0 0 0.7071068 0 0.7071068 3.51934 2
6.6929 SecondCar -41.8545 0.025 2.97 0 90 0 0 0.7071068 0 0.7071068 3.481346 2
6.6951 Head 0 1.6 4.722462 10.04997 311.925 -4.335391E-07 0.07999425 -0.4057689 0.03567848 0.909769
6.6951 FirstCar -9.538486 0.025 2.97 0 90 0 0 0.7071068 0 0.7071068 3.514161 2
6.6951 SecondCar -41.84699 0.025 2.97 0 90 0 0 0.7071068 0 0.7071068 3.476167 2
6.6975 Head 0 1.6 4.725289 10.04997 311.925 -4.335391E-07 0.07999425 -0.4057689 0.03567848 0.909769
6.6975 FirstCar -9.52995 0.025 2.97 0 90 0 0 0.7071068 0 0.7071068 3.508322 2
6.6975 SecondCar -41.83855 0.025 2.97 0 90 0 0 0.7071068 0 0.7071068 3.470328 2
6.7009 Head 0 1.6 4.728477 10.04997 311.925 -4.335391E-07 0.07999425 -0.4057689 0.03567848 0.909769
6.7009 FirstCar -9.518035 0.025 2.97 0 90 0 0 0.7071068 0 0.7071068 3.500152 2
6.7009 SecondCar -41.82676 0.025 2.97 0 90 0 0 0.7071068 0 0.7071068 3.462158 2
6.7034 Head 0 1.6 4.732936 10.04997 311.175 0 0.07975902 -0.4117146 0.03620127 0.9070938
6.7034 FirstCar -9.509195 0.025 2.97 0 90 0 0 0.7071068 0 0.7071068 3.49408 2
6.7034 SecondCar -41.81802 0.025 2.97 0 90 0 0 0.7071068 0 0.7071068 3.456086 2
6.7056 Head 0 1.6 4.736251 10.04997 311.175 0 0.07975902 -0.4117146 0.03620127 0.9070938
6.7056 FirstCar -9.501699 0.025 2.97 0 90 0 0 0.7071068 0 0.7071068 3.488923 2
6.7056 SecondCar -41.8106 0.025 2.97 0 90 0 0 0.7071068 0 0.7071068 3.450929 2
6.7075 Head 0 1.6 4.739066 10.04997 311.175 0 0.07975902 -0.4117146 0.03620127 0.9070938
6.7075 FirstCar -9.494979 0.025 2.97 0 90 0 0 0.7071068 0 0.7071068 3.484294 2
6.7075 SecondCar -41.80396 0.025 2.97 0 90 0 0 0.7071068 0 0.7071068 3.4463 2
6.7098 Head 0 1.6 4.741592 10.04997 311.175 0 0.07975902 -0.4117146 0.03620127 0.9070938
6.7098 FirstCar -9.486913 0.025 2.97 0 90 0 0 0.7071068 0 0.7071068 3.478729 2
6.7098 SecondCar -41.79598 0.025 2.97 0 90 0 0 0.7071068 0 0.7071068 3.440736 2
6.7121 Head 0 1.6 4.74463 10.04997 310.425 0 0.07952038 -0.4176426 0.03672252 0.9043797
6.7121 FirstCar -9.478931 0.025 2.97 0 90 0 0 0.7071068 0 0.7071068 3.473214 2
6.7121 SecondCar -41.78809 0.025 2.97 0 90 0 0 0.7071068 0 0.7071068 3.43522 2
6.7141 Head 0 1.6 4.74764 10.04997 310.425 0 0.07952038 -0.4176426 0.03672252 0.9043797
6.7141 FirstCar -9.472112 0.025 2.97 0 90 0 0 0.7071068 0 0.7071068 3.468496 2
6.7141 SecondCar -41.78135 0.025 2.97 0 90 0 0 0.7071068 0 0.7071068 3.430502 2
6.7165 Head 0 1.6 4.750216 10.04997 310.425 0 0.07952038 -0.4176426 0.03672252 0.9043797
6.7165 FirstCar -9.463747 0.025 2.97 0 90 0 0 0.7071068 0 0.7071068 3.462698 2
6.7165 SecondCar -41.77307 0.025 2.97 0 90 0 0 0.7071068 0 0.7071068 3.424704 2
6.7185 Head 0 1.6 4.753381 10.04997 309.675 0 0.07927833 -0.4235528 0.03724219 0.9016269
6.7185 FirstCar -9.457029 0.025 2.97 0 90 0 0 0.7071068 0 0.7071068 3.458036 2
6.7185 SecondCar -41.76643 0.025 2.97 0 90 0 0 0.7071068 0 0.7071068 3.420042 2
6.7204 Head 0 1.6 4.755926 10.04997 309.675 0 0.07927833 -0.4235528 0.03724219 0.9016269
6.7204 FirstCar -9.450281 0.025 2.97 0 90 0 0 0.7071068 0 0.7071068 3.453346 2
6.7204 SecondCar -41.75975 0.025 2.97 0 90 0 0 0.7071068 0 0.7071068 3.415352 2
6.7222 Head 0 1.6 4.758485 10.04997 309.675 0 0.07927833 -0.4235528 0.03724219 0.9016269
6.7222 FirstCar -9.444009 0.025 2.97 0 90 0 0 0.7071068 0 0.7071068 3.448981 2
6.7222 SecondCar -41.75355 0.025 2.97 0 90 0 0 0.7071068 0 0.7071068 3.410987 2
6.7243 Head 0 1.6 4.760868 10.04997 309.675 0 0.07927833 -0.4235528 0.03724219 0.9016269
6.7243 FirstCar -9.436972 0.025 2.97 0 90 0 0 0.7071068 0 0.7071068 3.444077 2
6.7243 SecondCar -41.74659 0.025 2.97 0 90 0 0 0.7071068 0 0.7071068 3.406083 2
6.7262 Head 0 1.6 4.763544 10.04997 309.075 0 0.07908225 -0.4282679 0.03765678 0.8993968
6.7262 FirstCar -9.430333 0.025 2.97 0 90 0 0 0.7071068 0 0.7071068 3.439445 2
6.7262 SecondCar -41.74003 0.025 2.97 0 90 0 0 0.7071068 0 0.7071068 3.401451 2
6.7290 Head 0 1.6 4.766072 10.04997 309.075 0 0.07908225 -0.4282679 0.03765678 0.8993968
6.7290 FirstCar -9.420891 0.025 2.97 0 90 0 0 0.7071068 0 0.7071068 3.432844 2
6.7290 SecondCar -41.73069 0.025 2.97 0 90 0 0 0.7071068 0 0.7071068 3.39485 2
6.7317 Head 0 1.6 4.769676 10.04997 309.075 0 0.07908225 -0.4282679 0.03765678 0.8993968
6.7317 FirstCar -9.411542 0.025 2.97 0 90 0 0 0.7071068 0 0.7071068 3.426295 2
6.7317 SecondCar -41.72144 0.025 2.97 0 90 0 0 0.7071068 0 0.7071068 3.388301 2
6.7338 Head 0 1.6 4.77325 10.04997 309.075 0 0.07908225 -0.4282679 0.03765678 0.8993968
6.7338 FirstCar -9.404381 0.025 2.97 0 90 0 0 0.7071068 0 0.7071068 3.421272 2
6.7338 SecondCar -41.71436 0.025 2.97 0 90 0 0 0.7071068 0 0.7071068 3.383278 2
6.7357 Head 0 1.6 4.775992 10.04997 308.4 0 0.07885905 -0.4335583 0.03812195 0.8968586
6.7357 FirstCar -9.39768 0.025 2.97 0 90 0 0 0.7071068 0 0.7071068 3.416564 2
6.7357 SecondCar -41.70774 0.025 2.97 0 90 0 0 0.7071068 0 0.7071068 3.378571 2
6.7376 Head 0 1.6 4.778562 10.04997 308.4 0 0.07885905 -0.4335583 0.03812195 0.8968586
6.7376 FirstCar -9.391419 0.025 2.97 0 90 0 0 0.7071068 0 0.7071068 3.412161 2
6.7376 SecondCar -41.70155 0.025 2.97 0 90 0 0 0.7071068 0 0.7071068 3.374167 2
6.7395 Head 0 1.6 4.780965 10.04997 308.4 0 0.07885905 -0.4335583 0.03812195 0.8968586
6.7395 FirstCar -9.384868 0.025 2.97 0 90 0 0 0.7071068 0 0.7071068 3.407547 2
6.7395 SecondCar -41.69507 0.025 2.97 0 90 0 0 0.7071068 0 0.7071068 3.369553 2
6.7415 Head 0 1.6 4.783484 10.04997 308.4 0 0.07885905 -0.4335583 0.03812195 0.8968586
6.7415 FirstCar -9.378149 0.025 2.97 0 90 0 0 0.7071068 0 0.7071068 3.402808 2
6.7415 SecondCar -41.68842 0.025 2.97 0 90 0 0 0.7071068 0 0.7071068 3.364814 2
6.7433 Head 0 1.6 4.78607 10.04997 307.875 4.335391E-07 0.07868357 -0.4376627 0.03848284 0.8948628
6.7433 FirstCar -9.371992 0.025 2.97 0 90 0 0 0.7071068 0 0.7071068 3.39846 2
6.7433 SecondCar -41.68233 0.025 2.97 0 90 0 0 0.7071068 0 0.7071068 3.360466 2
6.7450 Head 0 1.6 4.788444 10.04997 307.875 4.335391E-07 0.07868357 -0.4376627 0.03848284 0.8948628
6.7450 FirstCar -9.366018 0.025 2.97 0 90 0 0 0.7071068 0 0.7071068 3.394236 2
6.7450 SecondCar -41.67643 0.025 2.97 0 90 0 0 0.7071068 0 0.7071068 3.356242 2
6.7469 Head 0 1.6 4.790749 10.04997 307.875 4.335391E-07 0.07868357 -0.4376627 0.03848284 0.8948628
6.7469 FirstCar -9.359858 0.025 2.97 0 90 0 0 0.7071068 0 0.7071068 3.389874 2
6.7469 SecondCar -41.67033 0.025 2.97 0 90 0 0 0.7071068 0 0.7071068 3.35188 2
6.7487 Head 0 1.6 4.79313 10.04997 307.875 4.335391E-07 0.07868357 -0.4376627 0.03848284 0.8948628
6.7487 FirstCar -9.353498 0.025 2.97 0 90 0 0 0.7071068 0 0.7071068 3.385365 2
6.7487 SecondCar -41.66405 0.025 2.97 0 90 0 0 0.7071068 0 0.7071068 3.347371 2
6.7510 Head 0 1.6 4.795591 10.04997 307.35 0 0.07850644 -0.4417579 0.03884293 0.8928483
6.7510 FirstCar -9.345887 0.025 2.97 0 90 0 0 0.7071068 0 0.7071068 3.379961 2
6.7510 SecondCar -41.65652 0.025 2.97 0 90 0 0 0.7071068 0 0.7071068 3.341967 2
6.7531 Head 0 1.6 4.798541 10.04997 307.35 0 0.07850644 -0.4417579 0.03884293 0.8928483
6.7531 FirstCar -9.338733 0.025 2.97 0 90 0 0 0.7071068 0 0.7071068 3.374873 2
6.7531 SecondCar -41.64945 0.025 2.97 0 90 0 0 0.7071068 0 0.7071068 3.336879 2
6.7550 Head 0 1.6 4.801318 10.04997 307.35 0 0.07850644 -0.4417579 0.03884293 0.8928483
6.7550 FirstCar -9.332355 0.025 2.97 0 90 0 0 0.7071068 0 0.7071068 3.370331 2
6.7550 SecondCar -41.64314 0.025 2.97 0 90 0 0 0.7071068 0 0.7071068 3.332337 2
6.7572 Head 0 1.6 4.803797 10.04997 307.35 0 0.07850644 -0.4417579 0.03884293 0.8928483
6.7572 FirstCar -9.324837 0.025 2.97 0 90 0 0 0.7071068 0 0.7071068 3.364969 2
6.7572 SecondCar -41.63571 0.025 2.97 0 90 0 0 0.7071068 0 0.7071068 3.326975 2
6.7598 Head 0 1.6 4.806724 9.97497 306.825 0 0.0777446 -0.4458694 0.03891038 0.890866
6.7598 FirstCar -9.316166 0.025 2.97 0 90 0 0 0.7071068 0 0.7071068 3.358774 2
6.7598 SecondCar -41.62714 0.025 2.97 0 90 0 0 0.7071068 0 0.7071068 3.32078 2
6.7628 Head 0 1.6 4.810105 9.97497 306.825 0 0.0777446 -0.4458694 0.03891038 0.890866
6.7628 FirstCar -9.306166 0.025 2.97 0 90 0 0 0.7071068 0 0.7071068 3.351613 2
6.7628 SecondCar -41.61725 0.025 2.97 0 90 0 0 0.7071068 0 0.7071068 3.313619 2
6.7664 Head 0 1.6 4.814014 9.97497 306.825 0 0.0777446 -0.4458694 0.03891038 0.890866
6.7664 FirstCar -9.294182 0.025 2.97 0 90 0 0 0.7071068 0 0.7071068 3.343009 2
6.7664 SecondCar -41.6054 0.025 2.97 0 90 0 0 0.7071068 0 0.7071068 3.305016 2
6.7687 Head 0 1.6 4.81871 9.899971 306.375 -4.333395E-07 0.07700927 -0.4493899 0.03892127 0.8891588
6.7687 FirstCar -9.28645 0.025 2.97 0 90 0 0 0.7071068 0 0.7071068 3.33745 2
6.7687 SecondCar -41.59776 0.025 2.97 0 90 0 0 0.7071068 0 0.7071068 3.299456 2
6.7711 Head 0 1.6 4.821744 9.899971 306.375 -4.333395E-07 0.07700927 -0.4493899 0.03892127 0.8891588
6.7711 FirstCar -9.278397 0.025 2.97 0 90 0 0 0.7071068 0 0.7071068 3.331648 2
6.7711 SecondCar -41.5898 0.025 2.97 0 90 0 0 0.7071068 0 0.7071068 3.293654 2
6.7732 Head 0 1.6 4.824911 9.899971 306.375 -4.333395E-07 0.07700927 -0.4493899 0.03892127 0.8891588
6.7732 FirstCar -9.271652 0.025 2.97 0 90 0 0 0.7071068 0 0.7071068 3.326783 2
6.7732 SecondCar -41.58313 0.025 2.97 0 90 0 0 0.7071068 0 0.7071068 3.288789 2
6.7751 Head 0 1.6 4.827567 9.89997 306 0 0.07688148 -0.4522973 0.03917307 0.8876835
6.7751 FirstCar -9.265162 0.025 2.97 0 90 0 0 0.7071068 0 0.7071068 3.322094 2
6.7751 SecondCar -41.57671 0.025 2.97 0 90 0 0 0.7071068 0 0.7071068 3.2841 2
6.7770 Head 0 1.6 4.830126 9.89997 306 0 0.07688148 -0.4522973 0.03917307 0.8876835
6.7770 FirstCar -9.258915 0.025 2.97 0 90 0 0 0.7071068 0 0.7071068 3.317575 2
6.7770 SecondCar -41.57054 0.025 2.97 0 90 0 0 0.7071068 0 0.7071068 3.279581 2
6.7789 Head 0 1.6 4.832593 9.89997 306 0 0.07688148 -0.4522973 0.03917307 0.8876835
6.7789 FirstCar -9.252464 0.025 2.97 0 90 0 0 0.7071068 0 0.7071068 3.312902 2
6.7789 SecondCar -41.56416 0.025 2.97 0 90 0 0 0.7071068 0 0.7071068 3.274908 2
6.7809 Head 0 1.6 4.835144 9.89997 306 0 0.07688148 -0.4522973 0.03917307 0.8876835
6.7809 FirstCar -9.246012 0.025 2.97 0 90 0 0 0.7071068 0 0.7071068 3.308221 2
6.7809 SecondCar -41.55778 0.025 2.97 0 90 0 0 0.7071068 0 0.7071068 3.270227 2
6.7829 Head 0 1.6 4.837699 9.899971 305.625 4.333395E-07 0.07675288 -0.4551998 0.03942445 0.8861986
6.7829 FirstCar -9.239459 0.025 2.97 0 90 0 0 0.7071068 0 0.7071068 3.30346 2
6.7829 SecondCar -41.5513 0.025 2.97 0 90 0 0 0.7071068 0 0.7071068 3.265466 2
6.7847 Head 0 1.6 4.840297 9.899971 305.625 4.333395E-07 0.07675288 -0.4551998 0.03942445 0.8861986
6.7847 FirstCar -9.233562 0.025 2.97 0 90 0 0 0.7071068 0 0.7071068 3.299169 2
6.7847 SecondCar -41.54548 0.025 2.97 0 90 0 0 0.7071068 0 0.7071068 3.261175 2
6.7864 Head 0 1.6 4.842639 9.899971 305.625 4.333395E-07 0.07675288 -0.4551998 0.03942445 0.8861986
6.7864 FirstCar -9.227787 0.025 2.97 0 90 0 0 0.7071068 0 0.7071068 3.294964 2
6.7864 SecondCar -41.53977 0.025 2.97 0 90 0 0 0.7071068 0 0.7071068 3.25697 2
6.7882 Head 0 1.6 4.844934 9.899971 305.625 4.333395E-07 0.07675288 -0.4551998 0.03942445 0.8861986
6.7882 FirstCar -9.221872 0.025 2.97 0 90 0 0 0.7071068 0 0.7071068 3.29065 2
6.7882 SecondCar -41.53392 0.025 2.97 0 90 0 0 0.7071068 0 0.7071068 3.252656 2
6.7901 Head 0 1.6 4.847289 9.899971 305.325 0 0.07664941 -0.4575183 0.03962526 0.8850038
6.7901 FirstCar -9.215505 0.025 2.97 0 90 0 0 0.7071068 0 0.7071068 3.285999 2
6.7901 SecondCar -41.52763 0.025 2.97 0 90 0 0 0.7071068 0 0.7071068 3.248005 2
6.7930 Head 0 1.6 4.849828 9.899971 305.325 0 0.07664941 -0.4575183 0.03962526 0.8850038
6.7930 FirstCar -9.206085 0.025 2.97 0 90 0 0 0.7071068 0 0.7071068 3.279104 2
6.7930 SecondCar -41.51831 0.025 2.97 0 90 0 0 0.7071068 0 0.7071068 3.241111 2
6.7950 Head 0 1.6 4.853591 9.899971 305.325 0 0.07664941 -0.4575183 0.03962526 0.8850038
6.7950 FirstCar -9.199719 0.025 2.97 0 90 0 0 0.7071068 0 0.7071068 3.274438 2
6.7950 SecondCar -41.51202 0.025 2.97 0 90 0 0 0.7071068 0 0.7071068 3.236444 2
6.7968 Head 0 1.6 4.856138 9.899971 305.325 0 0.07664941 -0.4575183 0.03962526 0.8850038
6.7968 FirstCar -9.193682 0.025 2.97 0 90 0 0 0.7071068 0 0.7071068 3.270007 2
6.7968 SecondCar -41.50606 0.025 2.97 0 90 0 0 0.7071068 0 0.7071068 3.232013 2
6.7986 Head 0 1.6 4.858557 9.899971 305.025 4.333395E-07 0.0765454 -0.4598336 0.03982579 0.8838031
6.7986 FirstCar -9.18781 0.025 2.97 0 90 0 0 0.7071068 0 0.7071068 3.265692 2
6.7986 SecondCar -41.50026 0.025 2.97 0 90 0 0 0.7071068 0 0.7071068 3.227698 2
6.8005 Head 0 1.6 4.860912 9.899971 305.025 4.333395E-07 0.0765454 -0.4598336 0.03982579 0.8838031
6.8005 FirstCar -9.181724 0.025 2.97 0 90 0 0 0.7071068 0 0.7071068 3.261213 2
6.8005 SecondCar -41.49424 0.025 2.97 0 90 0 0 0.7071068 0 0.7071068 3.223219 2
6.8023 Head 0 1.6 4.863357 9.899971 305.025 4.333395E-07 0.0765454 -0.4598336 0.03982579 0.8838031
6.8023 FirstCar -9.175902 0.025 2.97 0 90 0 0 0.7071068 0 0.7071068 3.256923 2
6.8023 SecondCar -41.48849 0.025 2.97 0 90 0 0 0.7071068 0 0.7071068 3.21893 2
6.8041 Head 0 1.6 4.865698 9.899971 305.025 4.333395E-07 0.0765454 -0.4598336 0.03982579 0.8838031
6.8041 FirstCar -9.169939 0.025 2.97 0 90 0 0 0.7071068 0 0.7071068 3.252523 2
6.8041 SecondCar -41.48259 0.025 2.97 0 90 0 0 0.7071068 0 0.7071068 3.21453 2
6.8059 Head 0 1.6 4.8681 9.899972 304.8 0 0.07646707 -0.4615681 0.03997601 0.8828984
6.8059 FirstCar -9.163974 0.025 2.97 0 90 0 0 0.7071068 0 0.7071068 3.248116 2
6.8059 SecondCar -41.4767 0.025 2.97 0 90 0 0 0.7071068 0 0.7071068 3.210122 2
6.8077 Head 0 1.6 4.870506 9.899972 304.8 0 0.07646707 -0.4615681 0.03997601 0.8828984
6.8077 FirstCar -9.158183 0.025 2.97 0 90 0 0 0.7071068 0 0.7071068 3.243832 2
6.8077 SecondCar -41.47098 0.025 2.97 0 90 0 0 0.7071068 0 0.7071068 3.205838 2
6.8097 Head 0 1.6 4.872844 9.899972 304.8 0 0.07646707 -0.4615681 0.03997601 0.8828984
6.8097 FirstCar -9.151763 0.025 2.97 0 90 0 0 0.7071068 0 0.7071068 3.239075 2
6.8097 SecondCar -41.46463 0.025 2.97 0 90 0 0 0.7071068 0 0.7071068 3.201081 2
6.8123 Head 0 1.6 4.875441 9.899972 304.8 0 0.07646707 -0.4615681 0.03997601 0.8828984
6.8123 FirstCar -9.143481 0.025 2.97 0 90 0 0 0.7071068 0 0.7071068 3.232926 2
6.8123 SecondCar -41.45645 0.025 2.97 0 90 0 0 0.7071068 0 0.7071068 3.194932 2
6.8145 Head 0 1.6 4.878797 9.899971 304.65 0 0.07641467 -0.4627234 0.04007607 0.8822935
6.8145 FirstCar -9.136348 0.025 2.97 0 90 0 0 0.7071068 0 0.7071068 3.227622 2
6.8145 SecondCar -41.4494 0.025 2.97 0 90 0 0 0.7071068 0 0.7071068 3.189628 2
6.8164 Head 0 1.6 4.881691 9.899971 304.65 0 0.07641467 -0.4627234 0.04007607 0.8822935
6.8164 FirstCar -9.130093 0.025 2.97 0 90 0 0 0.7071068 0 0.7071068 3.222964 2
6.8164 SecondCar -41.44322 0.025 2.97 0 90 0 0 0.7071068 0 0.7071068 3.18497 2
6.8183 Head 0 1.6 4.884234 9.899971 304.65 0 0.07641467 -0.4627234 0.04007607 0.8822935
6.8183 FirstCar -9.124094 0.025 2.97 0 90 0 0 0.7071068 0 0.7071068 3.218491 2
6.8183 SecondCar -41.43729 0.025 2.97 0 90 0 0 0.7071068 0 0.7071068 3.180497 2
6.8202 Head 0 1.6 4.886676 9.899971 304.65 0 0.07641467 -0.4627234 0.04007607 0.8822935
6.8202 FirstCar -9.117922 0.025 2.97 0 90 0 0 0.7071068 0 0.7071068 3.213882 2
6.8202 SecondCar -41.43119 0.025 2.97 0 90 0 0 0.7071068 0 0.7071068 3.175888 2
6.8222 Head 0 1.6 4.889192 9.89997 304.5 0 0.07636214 -0.4638779 0.04017606 0.881687
6.8222 FirstCar -9.111378 0.025 2.97 0 90 0 0 0.7071068 0 0.7071068 3.208988 2
6.8222 SecondCar -41.42472 0.025 2.97 0 90 0 0 0.7071068 0 0.7071068 3.170994 2
6.8242 Head 0 1.6 4.891863 9.89997 304.5 0 0.07636214 -0.4638779 0.04017606 0.881687
6.8242 FirstCar -9.105158 0.025 2.97 0 90 0 0 0.7071068 0 0.7071068 3.204329 2
6.8242 SecondCar -41.41858 0.025 2.97 0 90 0 0 0.7071068 0 0.7071068 3.166335 2
6.8261 Head 0 1.6 4.894406 9.89997 304.5 0 0.07636214 -0.4638779 0.04017606 0.881687
6.8261 FirstCar -9.099058 0.025 2.97 0 90 0 0 0.7071068 0 0.7071068 3.199754 2
6.8261 SecondCar -41.41255 0.025 2.97 0 90 0 0 0.7071068 0 0.7071068 3.16176 2
6.8282 Head 0 1.6 4.896903 9.89997 304.5 0 0.07636214 -0.4638779 0.04017606 0.881687
6.8282 FirstCar -9.092162 0.025 2.97 0 90 0 0 0.7071068 0 0.7071068 3.194574 2
6.8282 SecondCar -41.40574 0.025 2.97 0 90 0 0 0.7071068 0 0.7071068 3.15658 2
6.8304 Head 0 1.6 4.899731 9.899971 304.35 4.333394E-07 0.07630948 -0.4650317 0.04027599 0.8810791
6.8304 FirstCar -9.085394 0.025 2.97 0 90 0 0 0.7071068 0 0.7071068 3.189481 2
6.8304 SecondCar -41.39905 0.025 2.97 0 90 0 0 0.7071068 0 0.7071068 3.151487 2
6.8327 Head 0 1.6 4.902511 9.899971 304.35 4.333394E-07 0.07630948 -0.4650317 0.04027599 0.8810791
6.8327 FirstCar -9.078007 0.025 2.97 0 90 0 0 0.7071068 0 0.7071068 3.183913 2
6.8327 SecondCar -41.39175 0.025 2.97 0 90 0 0 0.7071068 0 0.7071068 3.145919 2
6.8347 Head 0 1.6 4.90555 9.899971 304.35 4.333394E-07 0.07630948 -0.4650317 0.04027599 0.8810791
6.8347 FirstCar -9.071442 0.025 2.97 0 90 0 0 0.7071068 0 0.7071068 3.178956 2
6.8347 SecondCar -41.38527 0.025 2.97 0 90 0 0 0.7071068 0 0.7071068 3.140962 2
6.8368 Head 0 1.6 4.908256 9.899971 304.35 4.333394E-07 0.07630948 -0.4650317 0.04027599 0.8810791
6.8368 FirstCar -9.065053 0.025 2.97 0 90 0 0 0.7071068 0 0.7071068 3.174125 2
6.8368 SecondCar -41.37896 0.025 2.97 0 90 0 0 0.7071068 0 0.7071068 3.136131 2
6.8398 Head 0 1.6 4.910892 9.89997 304.275 0 0.0762831 -0.4656082 0.04032592 0.8807745
6.8398 FirstCar -9.055288 0.025 2.97 0 90 0 0 0.7071068 0 0.7071068 3.166725 2
6.8398 SecondCar -41.36931 0.025 2.97 0 90 0 0 0.7071068 0 0.7071068 3.128731 2
6.8422 Head 0 1.6 4.914932 9.89997 304.275 0 0.0762831 -0.4656082 0.04032592 0.8807745
6.8422 FirstCar -9.047726 0.025 2.97 0 90 0 0 0.7071068 0 0.7071068 3.160983 2
6.8422 SecondCar -41.36184 0.025 2.97 0 90 0 0 0.7071068 0 0.7071068 3.122989 2
6.8444 Head 0 1.6 4.918066 9.89997 304.275 0 0.0762831 -0.4656082 0.04032592 0.8807745
6.8444 FirstCar -9.041025 0.025 2.97 0 90 0 0 0.7071068 0 0.7071068 3.155888 2
6.8444 SecondCar -41.35522 0.025 2.97 0 90 0 0 0.7071068 0 0.7071068 3.117894 2
6.8465 Head 0 1.6 4.920847 9.89997 304.2 0 0.07625669 -0.4661846 0.04037584 0.8804696
6.8465 FirstCar -9.03434 0.025 2.97 0 90 0 0 0.7071068 0 0.7071068 3.150795 2
6.8465 SecondCar -41.34861 0.025 2.97 0 90 0 0 0.7071068 0 0.7071068 3.112802 2
6.8486 Head 0 1.6 4.923627 9.89997 304.2 0 0.07625669 -0.4661846 0.04037584 0.8804696
6.8486 FirstCar -9.027617 0.025 2.97 0 90 0 0 0.7071068 0 0.7071068 3.145667 2
6.8486 SecondCar -41.34197 0.025 2.97 0 90 0 0 0.7071068 0 0.7071068 3.107673 2
6.8507 Head 0 1.6 4.926426 9.89997 304.2 0 0.07625669 -0.4661846 0.04037584 0.8804696
6.8507 FirstCar -9.021097 0.025 2.97 0 90 0 0 0.7071068 0 0.7071068 3.140684 2
6.8507 SecondCar -41.33553 0.025 2.97 0 90 0 0 0.7071068 0 0.7071068 3.10269 2
6.8529 Head 0 1.6 4.929146 9.89997 304.2 0 0.07625669 -0.4661846 0.04037584 0.8804696
6.8529 FirstCar -9.014241 0.025 2.97 0 90 0 0 0.7071068 0 0.7071068 3.135436 2
6.8529 SecondCar -41.32876 0.025 2.97 0 90 0 0 0.7071068 0 0.7071068 3.097442 2
6.8547 Head 0 1.6 4.932011 9.89997 304.2 0 0.07625669 -0.4661846 0.04037584 0.8804696
6.8547 FirstCar -9.008568 0.025 2.97 0 90 0 0 0.7071068 0 0.7071068 3.131088 2
6.8547 SecondCar -41.32315 0.025 2.97 0 90 0 0 0.7071068 0 0.7071068 3.093094 2
6.8566 Head 0 1.6 4.934384 9.89997 304.2 0 0.07625669 -0.4661846 0.04037584 0.8804696
6.8566 FirstCar -9.002721 0.025 2.97 0 90 0 0 0.7071068 0 0.7071068 3.126599 2
6.8566 SecondCar -41.31738 0.025 2.97 0 90 0 0 0.7071068 0 0.7071068 3.088605 2
6.8584 Head 0 1.6 4.936834 9.89997 304.2 0 0.07625669 -0.4661846 0.04037584 0.8804696
6.8584 FirstCar -8.996828 0.025 2.97 0 90 0 0 0.7071068 0 0.7071068 3.12207 2
6.8584 SecondCar -41.31156 0.025 2.97 0 90 0 0 0.7071068 0 0.7071068 3.084076 2
6.8604 Head 0 1.6 4.939307 9.89997 304.2 0 0.07625669 -0.4661846 0.04037584 0.8804696
6.8604 FirstCar -8.990632 0.025 2.97 0 90 0 0 0.7071068 0 0.7071068 3.117299 2
6.8604 SecondCar -41.30544 0.025 2.97 0 90 0 0 0.7071068 0 0.7071068 3.079305 2
6.8624 Head 0 1.6 4.941911 9.89997 304.2 0 0.07625669 -0.4661846 0.04037584 0.8804696
6.8624 FirstCar -8.984607 0.025 2.97 0 90 0 0 0.7071068 0 0.7071068 3.112653 2
6.8624 SecondCar -41.29948 0.025 2.97 0 90 0 0 0.7071068 0 0.7071068 3.07466 2
6.8642 Head 0 1.6 4.944447 9.89997 304.2 0 0.07625669 -0.4661846 0.04037584 0.8804696
6.8642 FirstCar -8.978792 0.025 2.97 0 90 0 0 0.7071068 0 0.7071068 3.108164 2
6.8642 SecondCar -41.29374 0.025 2.97 0 90 0 0 0.7071068 0 0.7071068 3.07017 2
6.8660 Head 0 1.6 4.946897 9.89997 304.2 0 0.07625669 -0.4661846 0.04037584 0.8804696
6.8660 FirstCar -8.973212 0.025 2.97 0 90 0 0 0.7071068 0 0.7071068 3.103849 2
6.8660 SecondCar -41.28823 0.025 2.97 0 90 0 0 0.7071068 0 0.7071068 3.065856 2
6.8681 Head 0 1.6 4.949252 9.89997 304.2 0 0.07625669 -0.4661846 0.04037584 0.8804696
6.8681 FirstCar -8.966839 0.025 2.97 0 90 0 0 0.7071068 0 0.7071068 3.098913 2
6.8681 SecondCar -41.28193 0.025 2.97 0 90 0 0 0.7071068 0 0.7071068 3.06092 2
6.8705 Head 0 1.6 4.951946 9.89997 304.2 0 0.07625669 -0.4661846 0.04037584 0.8804696
6.8705 FirstCar -8.959293 0.025 2.97 0 90 0 0 0.7071068 0 0.7071068 3.093059 2
6.8705 SecondCar -41.27448 0.025 2.97 0 90 0 0 0.7071068 0 0.7071068 3.055065 2
6.8730 Head 0 1.6 4.955142 9.89997 304.2 0 0.07625669 -0.4661846 0.04037584 0.8804696
6.8730 FirstCar -8.951664 0.025 2.97 0 90 0 0 0.7071068 0 0.7071068 3.087127 2
6.8730 SecondCar -41.26694 0.025 2.97 0 90 0 0 0.7071068 0 0.7071068 3.049133 2
6.8751 Head 0 1.6 4.95838 9.89997 304.2 0 0.07625669 -0.4661846 0.04037584 0.8804696
6.8751 FirstCar -8.945231 0.025 2.97 0 90 0 0 0.7071068 0 0.7071068 3.082119 2
6.8751 SecondCar -41.26059 0.025 2.97 0 90 0 0 0.7071068 0 0.7071068 3.044125 2
6.8778 Head 0 1.6 4.961114 9.89997 304.2 0 0.07625669 -0.4661846 0.04037584 0.8804696
6.8778 FirstCar -8.936969 0.025 2.97 0 90 0 0 0.7071068 0 0.7071068 3.075671 2
6.8778 SecondCar -41.25243 0.025 2.97 0 90 0 0 0.7071068 0 0.7071068 3.037678 2
6.8799 Head 0 1.6 4.964633 9.89997 304.2 0 0.07625669 -0.4661846 0.04037584 0.8804696
6.8799 FirstCar -8.930542 0.025 2.97 0 90 0 0 0.7071068 0 0.7071068 3.070648 2
6.8799 SecondCar -41.24609 0.025 2.97 0 90 0 0 0.7071068 0 0.7071068 3.032655 2
6.8818 Head 0 1.6 4.967375 9.89997 304.2 0 0.07625669 -0.4661846 0.04037584 0.8804696
6.8818 FirstCar -8.924699 0.025 2.97 0 90 0 0 0.7071068 0 0.7071068 3.066075 2
6.8818 SecondCar -41.24031 0.025 2.97 0 90 0 0 0.7071068 0 0.7071068 3.028081 2
6.8836 Head 0 1.6 4.969871 9.89997 304.2 0 0.07625669 -0.4661846 0.04037584 0.8804696
6.8836 FirstCar -8.919207 0.025 2.97 0 90 0 0 0.7071068 0 0.7071068 3.06177 2
6.8836 SecondCar -41.23489 0.025 2.97 0 90 0 0 0.7071068 0 0.7071068 3.023776 2
6.8854 Head 0 1.6 4.972221 9.89997 304.2 0 0.07625669 -0.4661846 0.04037584 0.8804696
6.8854 FirstCar -8.913705 0.025 2.97 0 90 0 0 0.7071068 0 0.7071068 3.057451 2
6.8854 SecondCar -41.22946 0.025 2.97 0 90 0 0 0.7071068 0 0.7071068 3.019458 2
6.8872 Head 0 1.6 4.974578 9.89997 304.2 0 0.07625669 -0.4661846 0.04037584 0.8804696
6.8872 FirstCar -8.908266 0.025 2.97 0 90 0 0 0.7071068 0 0.7071068 3.053176 2
6.8872 SecondCar -41.22409 0.025 2.97 0 90 0 0 0.7071068 0 0.7071068 3.015182 2
6.8892 Head 0 1.6 4.976912 9.89997 304.2 0 0.07625669 -0.4661846 0.04037584 0.8804696
6.8892 FirstCar -8.902052 0.025 2.97 0 90 0 0 0.7071068 0 0.7071068 3.048284 2
6.8892 SecondCar -41.21795 0.025 2.97 0 90 0 0 0.7071068 0 0.7071068 3.01029 2
6.8916 Head 0 1.6 4.979582 9.89997 304.2 0 0.07625669 -0.4661846 0.04037584 0.8804696
6.8916 FirstCar -8.894584 0.025 2.97 0 90 0 0 0.7071068 0 0.7071068 3.042392 2
6.8916 SecondCar -41.21058 0.025 2.97 0 90 0 0 0.7071068 0 0.7071068 3.004398 2
6.8938 Head 0 1.6 4.982798 9.89997 304.2 0 0.07625669 -0.4661846 0.04037584 0.8804696
6.8938 FirstCar -8.888167 0.025 2.97 0 90 0 0 0.7071068 0 0.7071068 3.037322 2
6.8938 SecondCar -41.20424 0.025 2.97 0 90 0 0 0.7071068 0 0.7071068 2.999328 2
6.8958 Head 0 1.6 4.985566 9.89997 304.2 0 0.07625669 -0.4661846 0.04037584 0.8804696
6.8958 FirstCar -8.882038 0.025 2.97 0 90 0 0 0.7071068 0 0.7071068 3.032471 2
6.8958 SecondCar -41.19818 0.025 2.97 0 90 0 0 0.7071068 0 0.7071068 2.994477 2
6.8977 Head 0 1.6 4.988214 9.89997 304.2 0 0.07625669 -0.4661846 0.04037584 0.8804696
6.8977 FirstCar -8.876354 0.025 2.97 0 90 0 0 0.7071068 0 0.7071068 3.027965 2
6.8977 SecondCar -41.19257 0.025 2.97 0 90 0 0 0.7071068 0 0.7071068 2.989971 2
6.9006 Head 0 1.6 4.990673 9.89997 304.2 0 0.07625669 -0.4661846 0.04037584 0.8804696
6.9006 FirstCar -8.867513 0.025 2.97 0 90 0 0 0.7071068 0 0.7071068 3.020941 2
6.9006 SecondCar -41.18385 0.025 2.97 0 90 0 0 0.7071068 0 0.7071068 2.982948 2
6.9028 Head 0 1.6 4.994506 9.89997 304.2 0 0.07625669 -0.4661846 0.04037584 0.8804696
6.9028 FirstCar -8.860888 0.025 2.97 0 90 0 0 0.7071068 0 0.7071068 3.015669 2
6.9028 SecondCar -41.1773 0.025 2.97 0 90 0 0 0.7071068 0 0.7071068 2.977675 2
6.9048 Head 0 1.6 4.997384 9.89997 304.2 0 0.07625669 -0.4661846 0.04037584 0.8804696
6.9048 FirstCar -8.854834 0.025 2.97 0 90 0 0 0.7071068 0 0.7071068 3.010843 2
6.9048 SecondCar -41.17133 0.025 2.97 0 90 0 0 0.7071068 0 0.7071068 2.972849 2
6.9073 Head 0 1.6 5.000018 9.89997 304.2 0 0.07625669 -0.4661846 0.04037584 0.8804696
6.9073 FirstCar -8.847342 0.025 2.97 0 90 0 0 0.7071068 0 0.7071068 3.00486 2
6.9073 SecondCar -41.16393 0.025 2.97 0 90 0 0 0.7071068 0 0.7071068 2.966866 2
6.9101 Head 0 1.6 5.003284 9.89997 304.2 0 0.07625669 -0.4661846 0.04037584 0.8804696
6.9101 FirstCar -8.838921 0.025 2.97 0 90 0 0 0.7071068 0 0.7071068 2.998118 2
6.9101 SecondCar -41.15561 0.025 2.97 0 90 0 0 0.7071068 0 0.7071068 2.960124 2
6.9128 Head 0 1.6 5.006964 9.89997 304.2 0 0.07625669 -0.4661846 0.04037584 0.8804696
6.9128 FirstCar -8.830943 0.025 2.97 0 90 0 0 0.7071068 0 0.7071068 2.991719 2
6.9128 SecondCar -41.14774 0.025 2.97 0 90 0 0 0.7071068 0 0.7071068 2.953725 2
6.9149 Head 0 1.6 5.010457 9.89997 304.2 0 0.07625669 -0.4661846 0.04037584 0.8804696
6.9149 FirstCar -8.824645 0.025 2.97 0 90 0 0 0.7071068 0 0.7071068 2.986658 2
6.9149 SecondCar -41.14152 0.025 2.97 0 90 0 0 0.7071068 0 0.7071068 2.948664 2
6.9169 Head 0 1.6 5.013219 9.89997 304.2 0 0.07625669 -0.4661846 0.04037584 0.8804696
6.9169 FirstCar -8.818537 0.025 2.97 0 90 0 0 0.7071068 0 0.7071068 2.981741 2
6.9169 SecondCar -41.13549 0.025 2.97 0 90 0 0 0.7071068 0 0.7071068 2.943747 2
6.9189 Head 0 1.6 5.015903 9.89997 304.2 0 0.07625669 -0.4661846 0.04037584 0.8804696
6.9189 FirstCar -8.812733 0.025 2.97 0 90 0 0 0.7071068 0 0.7071068 2.977062 2
6.9189 SecondCar -41.12976 0.025 2.97 0 90 0 0 0.7071068 0 0.7071068 2.939068 2
6.9207 Head 0 1.6 5.018457 9.89997 304.2 0 0.07625669 -0.4661846 0.04037584 0.8804696
6.9207 FirstCar -8.807205 0.025 2.97 0 90 0 0 0.7071068 0 0.7071068 2.972599 2
6.9207 SecondCar -41.1243 0.025 2.97 0 90 0 0 0.7071068 0 0.7071068 2.934605 2
6.9226 Head 0 1.6 5.020893 9.89997 304.2 0 0.07625669 -0.4661846 0.04037584 0.8804696
6.9226 FirstCar -8.801657 0.025 2.97 0 90 0 0 0.7071068 0 0.7071068 2.968113 2
6.9226 SecondCar -41.11882 0.025 2.97 0 90 0 0 0.7071068 0 0.7071068 2.930119 2
6.9244 Head 0 1.6 5.023342 9.89997 304.2 0 0.07625669 -0.4661846 0.04037584 0.8804696
6.9244 FirstCar -8.796215 0.025 2.97 0 90 0 0 0.7071068 0 0.7071068 2.963706 2
6.9244 SecondCar -41.11345 0.025 2.97 0 90 0 0 0.7071068 0 0.7071068 2.925712 2
6.9262 Head 0 1.6 5.025747 9.89997 304.2 0 0.07625669 -0.4661846 0.04037584 0.8804696
6.9262 FirstCar -8.79095 0.025 2.97 0 90 0 0 0.7071068 0 0.7071068 2.959437 2
6.9262 SecondCar -41.10826 0.025 2.97 0 90 0 0 0.7071068 0 0.7071068 2.921443 2
6.9280 Head 0 1.6 5.028077 9.89997 304.2 0 0.07625669 -0.4661846 0.04037584 0.8804696
6.9280 FirstCar -8.785606 0.025 2.97 0 90 0 0 0.7071068 0 0.7071068 2.955097 2
6.9280 SecondCar -41.10298 0.025 2.97 0 90 0 0 0.7071068 0 0.7071068 2.917103 2
6.9302 Head 0 1.6 5.030446 9.89997 304.2 0 0.07625669 -0.4661846 0.04037584 0.8804696
6.9302 FirstCar -8.779095 0.025 2.97 0 90 0 0 0.7071068 0 0.7071068 2.9498 2
6.9302 SecondCar -41.09655 0.025 2.97 0 90 0 0 0.7071068 0 0.7071068 2.911806 2
6.9329 Head 0 1.6 5.033337 9.89997 304.2 0 0.07625669 -0.4661846 0.04037584 0.8804696
6.9329 FirstCar -8.771285 0.025 2.97 0 90 0 0 0.7071068 0 0.7071068 2.943432 2
6.9329 SecondCar -41.08884 0.025 2.97 0 90 0 0 0.7071068 0 0.7071068 2.905438 2
6.9349 Head 0 1.6 5.036813 9.89997 304.2 0 0.07625669 -0.4661846 0.04037584 0.8804696
6.9349 FirstCar -8.765499 0.025 2.97 0 90 0 0 0.7071068 0 0.7071068 2.938706 2
6.9349 SecondCar -41.08313 0.025 2.97 0 90 0 0 0.7071068 0 0.7071068 2.900712 2
6.9367 Head 0 1.6 5.039392 9.89997 304.2 0 0.07625669 -0.4661846 0.04037584 0.8804696
6.9367 FirstCar -8.760012 0.025 2.97 0 90 0 0 0.7071068 0 0.7071068 2.934218 2
6.9367 SecondCar -41.07772 0.025 2.97 0 90 0 0 0.7071068 0 0.7071068 2.896224 2
6.9386 Head 0 1.6 5.041842 9.89997 304.2 0 0.07625669 -0.4661846 0.04037584 0.8804696
6.9386 FirstCar -8.754455 0.025 2.97 0 90 0 0 0.7071068 0 0.7071068 2.929666 2
6.9386 SecondCar -41.07223 0.025 2.97 0 90 0 0 0.7071068 0 0.7071068 2.891672 2
6.9408 Head 0 1.6 5.044326 9.89997 304.2 0 0.07625669 -0.4661846 0.04037584 0.8804696
6.9408 FirstCar -8.748194 0.025 2.97 0 90 0 0 0.7071068 0 0.7071068 2.924528 2
6.9408 SecondCar -41.06605 0.025 2.97 0 90 0 0 0.7071068 0 0.7071068 2.886534 2
6.9429 Head 0 1.6 5.047131 9.89997 304.2 0 0.07625669 -0.4661846 0.04037584 0.8804696
6.9429 FirstCar -8.742025 0.025 2.97 0 90 0 0 0.7071068 0 0.7071068 2.919457 2
6.9429 SecondCar -41.05996 0.025 2.97 0 90 0 0 0.7071068 0 0.7071068 2.881463 2
6.9447 Head 0 1.6 5.049899 9.89997 304.2 0 0.07625669 -0.4661846 0.04037584 0.8804696
6.9447 FirstCar -8.736725 0.025 2.97 0 90 0 0 0.7071068 0 0.7071068 2.915092 2
6.9447 SecondCar -41.05473 0.025 2.97 0 90 0 0 0.7071068 0 0.7071068 2.877099 2
6.9464 Head 0 1.6 5.052281 9.89997 304.2 0 0.07625669 -0.4661846 0.04037584 0.8804696
6.9464 FirstCar -8.731696 0.025 2.97 0 90 0 0 0.7071068 0 0.7071068 2.910947 2
6.9464 SecondCar -41.04977 0.025 2.97 0 90 0 0 0.7071068 0 0.7071068 2.872953 2
6.9482 Head 0 1.6 5.054544 9.89997 304.2 0 0.07625669 -0.4661846 0.04037584 0.8804696
6.9482 FirstCar -8.726637 0.025 2.97 0 90 0 0 0.7071068 0 0.7071068 2.906769 2
6.9482 SecondCar -41.04478 0.025 2.97 0 90 0 0 0.7071068 0 0.7071068 2.868775 2
6.9500 Head 0 1.6 5.056824 9.89997 304.2 0 0.07625669 -0.4661846 0.04037584 0.8804696
6.9500 FirstCar -8.721405 0.025 2.97 0 90 0 0 0.7071068 0 0.7071068 2.902443 2
6.9500 SecondCar -41.03961 0.025 2.97 0 90 0 0 0.7071068 0 0.7071068 2.864449 2
6.9521 Head 0 1.6 5.059186 9.89997 304.2 0 0.07625669 -0.4661846 0.04037584 0.8804696
6.9521 FirstCar -8.715284 0.025 2.97 0 90 0 0 0.7071068 0 0.7071068 2.897372 2
6.9521 SecondCar -41.03357 0.025 2.97 0 90 0 0 0.7071068 0 0.7071068 2.859379 2
6.9539 Head 0 1.6 5.061954 9.89997 304.2 0 0.07625669 -0.4661846 0.04037584 0.8804696
6.9539 FirstCar -8.710082 0.025 2.97 0 90 0 0 0.7071068 0 0.7071068 2.893057 2
6.9539 SecondCar -41.02843 0.025 2.97 0 90 0 0 0.7071068 0 0.7071068 2.855063 2
6.9558 Head 0 1.6 5.064309 9.89997 304.2 0 0.07625669 -0.4661846 0.04037584 0.8804696
6.9558 FirstCar -8.704418 0.025 2.97 0 90 0 0 0.7071068 0 0.7071068 2.88835 2
6.9558 SecondCar -41.02285 0.025 2.97 0 90 0 0 0.7071068 0 0.7071068 2.850356 2
6.9579 Head 0 1.6 5.066878 9.89997 304.2 0 0.07625669 -0.4661846 0.04037584 0.8804696
6.9579 FirstCar -8.698466 0.025 2.97 0 90 0 0 0.7071068 0 0.7071068 2.883396 2
6.9579 SecondCar -41.01697 0.025 2.97 0 90 0 0 0.7071068 0 0.7071068 2.845402 2
6.9601 Head 0 1.6 5.069582 9.89997 304.2 0 0.07625669 -0.4661846 0.04037584 0.8804696
6.9601 FirstCar -8.692212 0.025 2.97 0 90 0 0 0.7071068 0 0.7071068 2.878181 2
6.9601 SecondCar -41.0108 0.025 2.97 0 90 0 0 0.7071068 0 0.7071068 2.840187 2
6.9627 Head 0 1.6 5.072429 9.89997 304.2 0 0.07625669 -0.4661846 0.04037584 0.8804696
6.9627 FirstCar -8.684734 0.025 2.97 0 90 0 0 0.7071068 0 0.7071068 2.871932 2
6.9627 SecondCar -41.00342 0.025 2.97 0 90 0 0 0.7071068 0 0.7071068 2.833938 2
6.9648 Head 0 1.6 5.07584 9.89997 304.2 0 0.07625669 -0.4661846 0.04037584 0.8804696
6.9648 FirstCar -8.678779 0.025 2.97 0 90 0 0 0.7071068 0 0.7071068 2.866946 2
6.9648 SecondCar -40.99754 0.025 2.97 0 90 0 0 0.7071068 0 0.7071068 2.828952 2
6.9668 Head 0 1.6 5.078561 9.89997 304.2 0 0.07625669 -0.4661846 0.04037584 0.8804696
6.9668 FirstCar -8.672844 0.025 2.97 0 90 0 0 0.7071068 0 0.7071068 2.861969 2
6.9668 SecondCar -40.99169 0.025 2.97 0 90 0 0 0.7071068 0 0.7071068 2.823976 2
6.9688 Head 0 1.6 5.081278 9.89997 304.2 0 0.07625669 -0.4661846 0.04037584 0.8804696
6.9688 FirstCar -8.66709 0.025 2.97 0 90 0 0 0.7071068 0 0.7071068 2.857136 2
6.9688 SecondCar -40.98601 0.025 2.97 0 90 0 0 0.7071068 0 0.7071068 2.819143 2
6.9715 Head 0 1.6 5.083916 9.89997 304.2 0 0.07625669 -0.4661846 0.04037584 0.8804696
6.9715 FirstCar -8.659461 0.025 2.97 0 90 0 0 0.7071068 0 0.7071068 2.850713 2
6.9715 SecondCar -40.97849 0.025 2.97 0 90 0 0 0.7071068 0 0.7071068 2.812719 2
6.9740 Head 0 1.6 5.087422 9.89997 304.2 0 0.07625669 -0.4661846 0.04037584 0.8804696
6.9740 FirstCar -8.65233 0.025 2.97 0 90 0 0 0.7071068 0 0.7071068 2.844697 2
6.9740 SecondCar -40.97145 0.025 2.97 0 90 0 0 0.7071068 0 0.7071068 2.806703 2
6.9761 Head 0 1.6 5.090705 9.89997 304.2 0 0.07625669 -0.4661846 0.04037584 0.8804696
6.9761 FirstCar -8.646379 0.025 2.97 0 90 0 0 0.7071068 0 0.7071068 2.839667 2
6.9761 SecondCar -40.96558 0.025 2.97 0 90 0 0 0.7071068 0 0.7071068 2.801673 2
6.9782 Head 0 1.6 5.093451 9.89997 304.2 0 0.07625669 -0.4661846 0.04037584 0.8804696
6.9782 FirstCar -8.640489 0.025 2.97 0 90 0 0 0.7071068 0 0.7071068 2.83468 2
6.9782 SecondCar -40.95977 0.025 2.97 0 90 0 0 0.7071068 0 0.7071068 2.796686 2
6.9806 Head 0 1.6 5.096173 9.89997 304.2 0 0.07625669 -0.4661846 0.04037584 0.8804696
6.9806 FirstCar -8.633652 0.025 2.97 0 90 0 0 0.7071068 0 0.7071068 2.82888 2
6.9806 SecondCar -40.95303 0.025 2.97 0 90 0 0 0.7071068 0 0.7071068 2.790886 2
6.9828 Head 0 1.6 5.099339 9.89997 304.2 0 0.07625669 -0.4661846 0.04037584 0.8804696
6.9828 FirstCar -8.627404 0.025 2.97 0 90 0 0 0.7071068 0 0.7071068 2.82357 2
6.9828 SecondCar -40.94686 0.025 2.97 0 90 0 0 0.7071068 0 0.7071068 2.785576 2
6.9850 Head 0 1.6 5.102238 9.89997 304.2 0 0.07625669 -0.4661846 0.04037584 0.8804696
6.9850 FirstCar -8.621382 0.025 2.97 0 90 0 0 0.7071068 0 0.7071068 2.818441 2
6.9850 SecondCar -40.94092 0.025 2.97 0 90 0 0 0.7071068 0 0.7071068 2.780447 2
6.9871 Head 0 1.6 5.105037 9.89997 304.2 0 0.07625669 -0.4661846 0.04037584 0.8804696
6.9871 FirstCar -8.615459 0.025 2.97 0 90 0 0 0.7071068 0 0.7071068 2.813389 2
6.9871 SecondCar -40.93508 0.025 2.97 0 90 0 0 0.7071068 0 0.7071068 2.775395 2
6.9891 Head 0 1.6 5.107795 9.89997 304.2 0 0.07625669 -0.4661846 0.04037584 0.8804696
6.9891 FirstCar -8.609829 0.025 2.97 0 90 0 0 0.7071068 0 0.7071068 2.808577 2
6.9891 SecondCar -40.92953 0.025 2.97 0 90 0 0 0.7071068 0 0.7071068 2.770583 2
6.9917 Head 0 1.6 5.110421 9.89997 304.2 0 0.07625669 -0.4661846 0.04037584 0.8804696
6.9917 FirstCar -8.602591 0.025 2.97 0 90 0 0 0.7071068 0 0.7071068 2.802378 2
6.9917 SecondCar -40.92239 0.025 2.97 0 90 0 0 0.7071068 0 0.7071068 2.764384 2
6.9943 Head 0 1.6 5.113805 9.89997 304.2 0 0.07625669 -0.4661846 0.04037584 0.8804696
6.9943 FirstCar -8.59509 0.025 2.97 0 90 0 0 0.7071068 0 0.7071068 2.795939 2
6.9943 SecondCar -40.91499 0.025 2.97 0 90 0 0 0.7071068 0 0.7071068 2.757946 2
6.9964 Head 0 1.6 5.117319 9.89997 304.2 0 0.07625669 -0.4661846 0.04037584 0.8804696
6.9964 FirstCar -8.589298 0.025 2.97 0 90 0 0 0.7071068 0 0.7071068 2.790959 2
6.9964 SecondCar -40.90927 0.025 2.97 0 90 0 0 0.7071068 0 0.7071068 2.752965 2
6.9984 Head 0 1.6 5.120038 9.89997 304.2 0 0.07625669 -0.4661846 0.04037584 0.8804696
6.9984 FirstCar -8.583651 0.025 2.97 0 90 0 0 0.7071068 0 0.7071068 2.786094 2
6.9984 SecondCar -40.9037 0.025 2.97 0 90 0 0 0.7071068 0 0.7071068 2.7481 2
7.0005 Head 0 1.6 5.122693 9.89997 304.2 0 0.07625669 -0.4661846 0.04037584 0.8804696
7.0005 FirstCar -8.57778 0.025 2.97 0 90 0 0 0.7071068 0 0.7071068 2.781028 2
7.0005 SecondCar -40.89791 0.025 2.97 0 90 0 0 0.7071068 0 0.7071068 2.743034 2
7.0027 Head 0 1.6 5.125458 9.89997 304.2 0 0.07625669 -0.4661846 0.04037584 0.8804696
7.0027 FirstCar -8.571676 0.025 2.97 0 90 0 0 0.7071068 0 0.7071068 2.77575 2
7.0027 SecondCar -40.89189 0.025 2.97 0 90 0 0 0.7071068 0 0.7071068 2.737756 2
7.0049 Head 0 1.6 5.128339 9.89997 304.2 0 0.07625669 -0.4661846 0.04037584 0.8804696
7.0049 FirstCar -8.565619 0.025 2.97 0 90 0 0 0.7071068 0 0.7071068 2.770504 2
7.0049 SecondCar -40.88592 0.025 2.97 0 90 0 0 0.7071068 0 0.7071068 2.73251 2
7.0070 Head 0 1.6 5.131203 9.89997 304.2 0 0.07625669 -0.4661846 0.04037584 0.8804696
7.0070 FirstCar -8.559814 0.025 2.97 0 90 0 0 0.7071068 0 0.7071068 2.765466 2
7.0070 SecondCar -40.88019 0.025 2.97 0 90 0 0 0.7071068 0 0.7071068 2.727472 2
7.0092 Head 0 1.6 5.133953 9.89997 304.2 0 0.07625669 -0.4661846 0.04037584 0.8804696
7.0092 FirstCar -8.55379 0.025 2.97 0 90 0 0 0.7071068 0 0.7071068 2.760227 2
7.0092 SecondCar -40.87425 0.025 2.97 0 90 0 0 0.7071068 0 0.7071068 2.722233 2
7.0119 Head 0 1.6 5.136812 9.89997 304.2 0 0.07625669 -0.4661846 0.04037584 0.8804696
7.0119 FirstCar -8.54652 0.025 2.97 0 90 0 0 0.7071068 0 0.7071068 2.753891 2
7.0119 SecondCar -40.86708 0.025 2.97 0 90 0 0 0.7071068 0 0.7071068 2.715898 2
7.0142 Head 0 1.6 5.14027 9.89997 304.2 0 0.07625669 -0.4661846 0.04037584 0.8804696
7.0142 FirstCar -8.540199 0.025 2.97 0 90 0 0 0.7071068 0 0.7071068 2.748371 2
7.0142 SecondCar -40.86085 0.025 2.97 0 90 0 0 0.7071068 0 0.7071068 2.710377 2
7.0164 Head 0 1.6 5.143283 9.89997 304.2 0 0.07625669 -0.4661846 0.04037584 0.8804696
7.0164 FirstCar -8.534081 0.025 2.97 0 90 0 0 0.7071068 0 0.7071068 2.743018 2
7.0164 SecondCar -40.85481 0.025 2.97 0 90 0 0 0.7071068 0 0.7071068 2.705024 2
7.0185 Head 0 1.6 5.146205 9.89997 304.2 0 0.07625669 -0.4661846 0.04037584 0.8804696
7.0185 FirstCar -8.528419 0.025 2.97 0 90 0 0 0.7071068 0 0.7071068 2.738055 2
7.0185 SecondCar -40.84923 0.025 2.97 0 90 0 0 0.7071068 0 0.7071068 2.700061 2
7.0205 Head 0 1.6 5.148914 9.89997 304.2 0 0.07625669 -0.4661846 0.04037584 0.8804696
7.0205 FirstCar -8.522766 0.025 2.97 0 90 0 0 0.7071068 0 0.7071068 2.733091 2
7.0205 SecondCar -40.84365 0.025 2.97 0 90 0 0 0.7071068 0 0.7071068 2.695097 2
7.0227 Head 0 1.6 5.151624 9.89997 304.2 0 0.07625669 -0.4661846 0.04037584 0.8804696
7.0227 FirstCar -8.516824 0.025 2.97 0 90 0 0 0.7071068 0 0.7071068 2.727863 2
7.0227 SecondCar -40.8378 0.025 2.97 0 90 0 0 0.7071068 0 0.7071068 2.689869 2
7.0254 Head 0 1.6 5.154478 9.89997 304.2 0 0.07625669 -0.4661846 0.04037584 0.8804696
7.0254 FirstCar -8.50948 0.025 2.97 0 90 0 0 0.7071068 0 0.7071068 2.721386 2
7.0254 SecondCar -40.83055 0.025 2.97 0 90 0 0 0.7071068 0 0.7071068 2.683392 2
7.0276 Head 0 1.6 5.158013 9.89997 304.2 0 0.07625669 -0.4661846 0.04037584 0.8804696
7.0276 FirstCar -8.503378 0.025 2.97 0 90 0 0 0.7071068 0 0.7071068 2.715994 2
7.0276 SecondCar -40.82454 0.025 2.97 0 90 0 0 0.7071068 0 0.7071068 2.678 2
7.0301 Head 0 1.6 5.160956 9.89997 304.2 0 0.07625669 -0.4661846 0.04037584 0.8804696
7.0301 FirstCar -8.496787 0.025 2.97 0 90 0 0 0.7071068 0 0.7071068 2.710158 2
7.0301 SecondCar -40.81804 0.025 2.97 0 90 0 0 0.7071068 0 0.7071068 2.672164 2
7.0327 Head 0 1.6 5.164142 9.89997 304.2 0 0.07625669 -0.4661846 0.04037584 0.8804696
7.0327 FirstCar -8.489688 0.025 2.97 0 90 0 0 0.7071068 0 0.7071068 2.703856 2
7.0327 SecondCar -40.81104 0.025 2.97 0 90 0 0 0.7071068 0 0.7071068 2.665862 2
7.0352 Head 0 1.6 5.167582 9.89997 304.2 0 0.07625669 -0.4661846 0.04037584 0.8804696
7.0352 FirstCar -8.48298 0.025 2.97 0 90 0 0 0.7071068 0 0.7071068 2.697889 2
7.0352 SecondCar -40.80443 0.025 2.97 0 90 0 0 0.7071068 0 0.7071068 2.659895 2
7.0378 Head 0 1.6 5.170839 9.89997 304.2 0 0.07625669 -0.4661846 0.04037584 0.8804696
7.0378 FirstCar -8.476062 0.025 2.97 0 90 0 0 0.7071068 0 0.7071068 2.691721 2
7.0378 SecondCar -40.79761 0.025 2.97 0 90 0 0 0.7071068 0 0.7071068 2.653727 2
7.0402 Head 0 1.6 5.174206 9.89997 304.2 0 0.07625669 -0.4661846 0.04037584 0.8804696
7.0402 FirstCar -8.469637 0.025 2.97 0 90 0 0 0.7071068 0 0.7071068 2.68598 2
7.0402 SecondCar -40.79128 0.025 2.97 0 90 0 0 0.7071068 0 0.7071068 2.647986 2
7.0424 Head 0 1.6 5.177339 9.89997 304.2 0 0.07625669 -0.4661846 0.04037584 0.8804696
7.0424 FirstCar -8.463558 0.025 2.97 0 90 0 0 0.7071068 0 0.7071068 2.680538 2
7.0424 SecondCar -40.78528 0.025 2.97 0 90 0 0 0.7071068 0 0.7071068 2.642544 2
7.0445 Head 0 1.6 5.18031 9.89997 304.2 0 0.07625669 -0.4661846 0.04037584 0.8804696
7.0445 FirstCar -8.457975 0.025 2.97 0 90 0 0 0.7071068 0 0.7071068 2.67553 2
7.0445 SecondCar -40.77978 0.025 2.97 0 90 0 0 0.7071068 0 0.7071068 2.637536 2
7.0466 Head 0 1.6 5.183043 9.89997 304.2 0 0.07625669 -0.4661846 0.04037584 0.8804696
7.0466 FirstCar -8.452353 0.025 2.97 0 90 0 0 0.7071068 0 0.7071068 2.670477 2
7.0466 SecondCar -40.77423 0.025 2.97 0 90 0 0 0.7071068 0 0.7071068 2.632483 2
7.0487 Head 0 1.6 5.185801 9.89997 304.2 0 0.07625669 -0.4661846 0.04037584 0.8804696
7.0487 FirstCar -8.446676 0.025 2.97 0 90 0 0 0.7071068 0 0.7071068 2.665366 2
7.0487 SecondCar -40.76864 0.025 2.97 0 90 0 0 0.7071068 0 0.7071068 2.627372 2
7.0512 Head 0 1.6 5.188591 9.89997 304.2 0 0.07625669 -0.4661846 0.04037584 0.8804696
7.0512 FirstCar -8.440122 0.025 2.97 0 90 0 0 0.7071068 0 0.7071068 2.659451 2
7.0512 SecondCar -40.76218 0.025 2.97 0 90 0 0 0.7071068 0 0.7071068 2.621457 2
7.0531 Head 0 1.6 5.19182 9.89997 304.2 0 0.07625669 -0.4661846 0.04037584 0.8804696
7.0531 FirstCar -8.435071 0.025 2.97 0 90 0 0 0.7071068 0 0.7071068 2.654886 2
7.0531 SecondCar -40.7572 0.025 2.97 0 90 0 0 0.7071068 0 0.7071068 2.616892 2
7.0549 Head 0 1.6 5.194312 9.89997 304.2 0 0.07625669 -0.4661846 0.04037584 0.8804696
7.0549 FirstCar -8.430225 0.025 2.97 0 90 0 0 0.7071068 0 0.7071068 2.650498 2
7.0549 SecondCar -40.75242 0.025 2.97 0 90 0 0 0.7071068 0 0.7071068 2.612504 2
7.0576 Head 0 1.6 5.196706 9.89997 304.2 0 0.07625669 -0.4661846 0.04037584 0.8804696
7.0576 FirstCar -8.423082 0.025 2.97 0 90 0 0 0.7071068 0 0.7071068 2.644014 2
7.0576 SecondCar -40.74538 0.025 2.97 0 90 0 0 0.7071068 0 0.7071068 2.60602 2
7.0597 Head 0 1.6 5.200245 9.89997 304.2 0 0.07625669 -0.4661846 0.04037584 0.8804696
7.0597 FirstCar -8.417652 0.025 2.97 0 90 0 0 0.7071068 0 0.7071068 2.639076 2
7.0597 SecondCar -40.74003 0.025 2.97 0 90 0 0 0.7071068 0 0.7071068 2.601082 2
7.0615 Head 0 1.6 5.202941 9.89997 304.2 0 0.07625669 -0.4661846 0.04037584 0.8804696
7.0615 FirstCar -8.412781 0.025 2.97 0 90 0 0 0.7071068 0 0.7071068 2.634638 2
7.0615 SecondCar -40.73523 0.025 2.97 0 90 0 0 0.7071068 0 0.7071068 2.596644 2
7.0633 Head 0 1.6 5.205363 9.89997 304.2 0 0.07625669 -0.4661846 0.04037584 0.8804696
7.0633 FirstCar -8.408195 0.025 2.97 0 90 0 0 0.7071068 0 0.7071068 2.630455 2
7.0633 SecondCar -40.73071 0.025 2.97 0 90 0 0 0.7071068 0 0.7071068 2.592461 2
7.0651 Head 0 1.6 5.207646 9.89997 304.2 0 0.07625669 -0.4661846 0.04037584 0.8804696
7.0651 FirstCar -8.403531 0.025 2.97 0 90 0 0 0.7071068 0 0.7071068 2.626192 2
7.0651 SecondCar -40.72611 0.025 2.97 0 90 0 0 0.7071068 0 0.7071068 2.588198 2
7.0669 Head 0 1.6 5.209973 9.89997 304.2 0 0.07625669 -0.4661846 0.04037584 0.8804696
7.0669 FirstCar -8.398816 0.025 2.97 0 90 0 0 0.7071068 0 0.7071068 2.621876 2
7.0669 SecondCar -40.72146 0.025 2.97 0 90 0 0 0.7071068 0 0.7071068 2.583882 2
7.0688 Head 0 1.6 5.212329 9.89997 304.2 0 0.07625669 -0.4661846 0.04037584 0.8804696
7.0688 FirstCar -8.393864 0.025 2.97 0 90 0 0 0.7071068 0 0.7071068 2.617335 2
7.0688 SecondCar -40.71658 0.025 2.97 0 90 0 0 0.7071068 0 0.7071068 2.579341 2
7.0712 Head 0 1.6 5.214808 9.89997 304.2 0 0.07625669 -0.4661846 0.04037584 0.8804696
7.0712 FirstCar -8.387498 0.025 2.97 0 90 0 0 0.7071068 0 0.7071068 2.611484 2
7.0712 SecondCar -40.71031 0.025 2.97 0 90 0 0 0.7071068 0 0.7071068 2.57349 2
7.0731 Head 0 1.6 5.218001 9.89997 304.2 0 0.07625669 -0.4661846 0.04037584 0.8804696
7.0731 FirstCar -8.382506 0.025 2.97 0 90 0 0 0.7071068 0 0.7071068 2.606889 2
7.0731 SecondCar -40.70539 0.025 2.97 0 90 0 0 0.7071068 0 0.7071068 2.568895 2
7.0749 Head 0 1.6 5.220509 9.89997 304.2 0 0.07625669 -0.4661846 0.04037584 0.8804696
7.0749 FirstCar -8.377794 0.025 2.97 0 90 0 0 0.7071068 0 0.7071068 2.602543 2
7.0749 SecondCar -40.70075 0.025 2.97 0 90 0 0 0.7071068 0 0.7071068 2.564549 2
7.0767 Head 0 1.6 5.222881 9.89997 304.2 0 0.07625669 -0.4661846 0.04037584 0.8804696
7.0767 FirstCar -8.373159 0.025 2.97 0 90 0 0 0.7071068 0 0.7071068 2.598263 2
7.0767 SecondCar -40.69619 0.025 2.97 0 90 0 0 0.7071068 0 0.7071068 2.560269 2
7.0785 Head 0 1.6 5.225217 9.89997 304.2 0 0.07625669 -0.4661846 0.04037584 0.8804696
7.0785 FirstCar -8.368595 0.025 2.97 0 90 0 0 0.7071068 0 0.7071068 2.594039 2
7.0785 SecondCar -40.69169 0.025 2.97 0 90 0 0 0.7071068 0 0.7071068 2.556046 2
7.0803 Head 0 1.6 5.227522 9.89997 304.2 0 0.07625669 -0.4661846 0.04037584 0.8804696
7.0803 FirstCar -8.363958 0.025 2.97 0 90 0 0 0.7071068 0 0.7071068 2.589742 2
7.0803 SecondCar -40.68712 0.025 2.97 0 90 0 0 0.7071068 0 0.7071068 2.551748 2
7.0822 Head 0 1.6 5.229868 9.89997 304.2 0 0.07625669 -0.4661846 0.04037584 0.8804696
7.0822 FirstCar -8.359007 0.025 2.97 0 90 0 0 0.7071068 0 0.7071068 2.585145 2
7.0822 SecondCar -40.68224 0.025 2.97 0 90 0 0 0.7071068 0 0.7071068 2.547151 2
7.0839 Head 0 1.6 5.232377 9.89997 304.2 0 0.07625669 -0.4661846 0.04037584 0.8804696
7.0839 FirstCar -8.354458 0.025 2.97 0 90 0 0 0.7071068 0 0.7071068 2.580915 2
7.0839 SecondCar -40.67776 0.025 2.97 0 90 0 0 0.7071068 0 0.7071068 2.542922 2
7.0857 Head 0 1.6 5.234686 9.89997 304.2 0 0.07625669 -0.4661846 0.04037584 0.8804696
7.0857 FirstCar -8.349831 0.025 2.97 0 90 0 0 0.7071068 0 0.7071068 2.576606 2
7.0857 SecondCar -40.6732 0.025 2.97 0 90 0 0 0.7071068 0 0.7071068 2.538612 2
7.0875 Head 0 1.6 5.237038 9.89997 304.2 0 0.07625669 -0.4661846 0.04037584 0.8804696
7.0875 FirstCar -8.345233 0.025 2.97 0 90 0 0 0.7071068 0 0.7071068 2.572316 2
7.0875 SecondCar -40.66867 0.025 2.97 0 90 0 0 0.7071068 0 0.7071068 2.534322 2
7.0896 Head 0 1.6 5.23938 9.89997 304.2 0 0.07625669 -0.4661846 0.04037584 0.8804696
7.0896 FirstCar -8.339972 0.025 2.97 0 90 0 0 0.7071068 0 0.7071068 2.567398 2
7.0896 SecondCar -40.66348 0.025 2.97 0 90 0 0 0.7071068 0 0.7071068 2.529404 2
7.0921 Head 0 1.6 5.242064 9.89997 304.2 0 0.07625669 -0.4661846 0.04037584 0.8804696
7.0921 FirstCar -8.333529 0.025 2.97 0 90 0 0 0.7071068 0 0.7071068 2.561361 2
7.0921 SecondCar -40.65714 0.025 2.97 0 90 0 0 0.7071068 0 0.7071068 2.523367 2
7.0941 Head 0 1.6 5.245359 9.89997 304.2 0 0.07625669 -0.4661846 0.04037584 0.8804696
7.0941 FirstCar -8.328444 0.025 2.97 0 90 0 0 0.7071068 0 0.7071068 2.556587 2
7.0941 SecondCar -40.65213 0.025 2.97 0 90 0 0 0.7071068 0 0.7071068 2.518593 2
7.0961 Head 0 1.6 5.247965 9.89997 304.2 0 0.07625669 -0.4661846 0.04037584 0.8804696
7.0961 FirstCar -8.32324 0.025 2.97 0 90 0 0 0.7071068 0 0.7071068 2.551693 2
7.0961 SecondCar -40.647 0.025 2.97 0 90 0 0 0.7071068 0 0.7071068 2.513699 2
7.0983 Head 0 1.6 5.250636 9.89997 304.2 0 0.07625669 -0.4661846 0.04037584 0.8804696
7.0983 FirstCar -8.317704 0.025 2.97 0 90 0 0 0.7071068 0 0.7071068 2.546476 2
7.0983 SecondCar -40.64154 0.025 2.97 0 90 0 0 0.7071068 0 0.7071068 2.508482 2
7.1007 Head 0 1.6 5.253484 9.89997 304.2 0 0.07625669 -0.4661846 0.04037584 0.8804696
7.1007 FirstCar -8.311643 0.025 2.97 0 90 0 0 0.7071068 0 0.7071068 2.54075 2
7.1007 SecondCar -40.63557 0.025 2.97 0 90 0 0 0.7071068 0 0.7071068 2.502756 2
7.1036 Head 0 1.6 5.256609 9.89997 304.2 0 0.07625669 -0.4661846 0.04037584 0.8804696
7.1036 FirstCar -8.304198 0.025 2.97 0 90 0 0 0.7071068 0 0.7071068 2.533699 2
7.1036 SecondCar -40.62824 0.025 2.97 0 90 0 0 0.7071068 0 0.7071068 2.495705 2
7.1065 Head 0 1.6 5.260458 9.89997 304.2 0 0.07625669 -0.4661846 0.04037584 0.8804696
7.1065 FirstCar -8.296802 0.025 2.97 0 90 0 0 0.7071068 0 0.7071068 2.526673 2
7.1065 SecondCar -40.62096 0.025 2.97 0 90 0 0 0.7071068 0 0.7071068 2.488679 2
7.1090 Head 0 1.6 5.264293 9.89997 304.2 0 0.07625669 -0.4661846 0.04037584 0.8804696
7.1090 FirstCar -8.290573 0.025 2.97 0 90 0 0 0.7071068 0 0.7071068 2.520743 2
7.1090 SecondCar -40.61482 0.025 2.97 0 90 0 0 0.7071068 0 0.7071068 2.482749 2
7.1114 Head 0 1.6 5.26753 9.89997 304.2 0 0.07625669 -0.4661846 0.04037584 0.8804696
7.1114 FirstCar -8.284435 0.025 2.97 0 90 0 0 0.7071068 0 0.7071068 2.514885 2
7.1114 SecondCar -40.60878 0.025 2.97 0 90 0 0 0.7071068 0 0.7071068 2.476891 2
7.1139 Head 0 1.6 5.270727 9.89997 304.2 0 0.07625669 -0.4661846 0.04037584 0.8804696
7.1139 FirstCar -8.278318 0.025 2.97 0 90 0 0 0.7071068 0 0.7071068 2.509034 2
7.1139 SecondCar -40.60275 0.025 2.97 0 90 0 0 0.7071068 0 0.7071068 2.47104 2
7.1160 Head 0 1.6 5.273921 9.89997 304.2 0 0.07625669 -0.4661846 0.04037584 0.8804696
7.1160 FirstCar -8.273062 0.025 2.97 0 90 0 0 0.7071068 0 0.7071068 2.503996 2
7.1160 SecondCar -40.59758 0.025 2.97 0 90 0 0 0.7071068 0 0.7071068 2.466002 2
7.1180 Head 0 1.6 5.276671 9.89997 304.2 0 0.07625669 -0.4661846 0.04037584 0.8804696
7.1180 FirstCar -8.267966 0.025 2.97 0 90 0 0 0.7071068 0 0.7071068 2.499102 2
7.1180 SecondCar -40.59256 0.025 2.97 0 90 0 0 0.7071068 0 0.7071068 2.461108 2
7.1199 Head 0 1.6 5.279342 9.89997 304.2 0 0.07625669 -0.4661846 0.04037584 0.8804696
7.1199 FirstCar -8.263193 0.025 2.97 0 90 0 0 0.7071068 0 0.7071068 2.49451 2
7.1199 SecondCar -40.58786 0.025 2.97 0 90 0 0 0.7071068 0 0.7071068 2.456517 2
7.1218 Head 0 1.6 5.281848 9.89997 304.2 0 0.07625669 -0.4661846 0.04037584 0.8804696
7.1218 FirstCar -8.258439 0.025 2.97 0 90 0 0 0.7071068 0 0.7071068 2.489928 2
7.1218 SecondCar -40.58318 0.025 2.97 0 90 0 0 0.7071068 0 0.7071068 2.451934 2
7.1237 Head 0 1.6 5.284349 9.89997 304.2 0 0.07625669 -0.4661846 0.04037584 0.8804696
7.1237 FirstCar -8.253871 0.025 2.97 0 90 0 0 0.7071068 0 0.7071068 2.485518 2
7.1237 SecondCar -40.57868 0.025 2.97 0 90 0 0 0.7071068 0 0.7071068 2.447524 2
7.1255 Head 0 1.6 5.286757 9.89997 304.2 0 0.07625669 -0.4661846 0.04037584 0.8804696
7.1255 FirstCar -8.249392 0.025 2.97 0 90 0 0 0.7071068 0 0.7071068 2.481184 2
7.1255 SecondCar -40.57427 0.025 2.97 0 90 0 0 0.7071068 0 0.7071068 2.443191 2
7.1272 Head 0 1.6 5.289122 9.89997 304.2 0 0.07625669 -0.4661846 0.04037584 0.8804696
7.1272 FirstCar -8.245069 0.025 2.97 0 90 0 0 0.7071068 0 0.7071068 2.476996 2
7.1272 SecondCar -40.57001 0.025 2.97 0 90 0 0 0.7071068 0 0.7071068 2.439002 2
7.1292 Head 0 1.6 5.291408 9.89997 304.2 0 0.07625669 -0.4661846 0.04037584 0.8804696
7.1292 FirstCar -8.240243 0.025 2.97 0 90 0 0 0.7071068 0 0.7071068 2.472311 2
7.1292 SecondCar -40.56526 0.025 2.97 0 90 0 0 0.7071068 0 0.7071068 2.434318 2
7.1320 Head 0 1.6 5.293965 9.89997 304.2 0 0.07625669 -0.4661846 0.04037584 0.8804696
7.1320 FirstCar -8.23337 0.025 2.97 0 90 0 0 0.7071068 0 0.7071068 2.465621 2
7.1320 SecondCar -40.55849 0.025 2.97 0 90 0 0 0.7071068 0 0.7071068 2.427627 2
7.1348 Head 0 1.6 5.297617 9.89997 304.2 0 0.07625669 -0.4661846 0.04037584 0.8804696
7.1348 FirstCar -8.226516 0.025 2.97 0 90 0 0 0.7071068 0 0.7071068 2.458931 2
7.1348 SecondCar -40.55175 0.025 2.97 0 90 0 0 0.7071068 0 0.7071068 2.420938 2
7.1369 Head 0 1.6 5.301269 9.89997 304.2 0 0.07625669 -0.4661846 0.04037584 0.8804696
7.1369 FirstCar -8.221209 0.025 2.97 0 90 0 0 0.7071068 0 0.7071068 2.45374 2
7.1369 SecondCar -40.54652 0.025 2.97 0 90 0 0 0.7071068 0 0.7071068 2.415746 2
7.1389 Head 0 1.6 5.304102 9.89997 304.2 0 0.07625669 -0.4661846 0.04037584 0.8804696
7.1389 FirstCar -8.216369 0.025 2.97 0 90 0 0 0.7071068 0 0.7071068 2.448998 2
7.1389 SecondCar -40.54176 0.025 2.97 0 90 0 0 0.7071068 0 0.7071068 2.411004 2
7.1409 Head 0 1.6 5.306691 9.89997 304.2 0 0.07625669 -0.4661846 0.04037584 0.8804696
7.1409 FirstCar -8.211584 0.025 2.97 0 90 0 0 0.7071068 0 0.7071068 2.4443 2
7.1409 SecondCar -40.53704 0.025 2.97 0 90 0 0 0.7071068 0 0.7071068 2.406306 2
7.1427 Head 0 1.6 5.309255 9.89997 304.2 0 0.07625669 -0.4661846 0.04037584 0.8804696
7.1427 FirstCar -8.207147 0.025 2.97 0 90 0 0 0.7071068 0 0.7071068 2.439936 2
7.1427 SecondCar -40.53268 0.025 2.97 0 90 0 0 0.7071068 0 0.7071068 2.401942 2
7.1444 Head 0 1.6 5.311637 9.89997 304.2 0 0.07625669 -0.4661846 0.04037584 0.8804696
7.1444 FirstCar -8.202874 0.025 2.97 0 90 0 0 0.7071068 0 0.7071068 2.435726 2
7.1444 SecondCar -40.52847 0.025 2.97 0 90 0 0 0.7071068 0 0.7071068 2.397732 2
7.1462 Head 0 1.6 5.313935 9.89997 304.2 0 0.07625669 -0.4661846 0.04037584 0.8804696
7.1462 FirstCar -8.198546 0.025 2.97 0 90 0 0 0.7071068 0 0.7071068 2.431453 2
7.1462 SecondCar -40.52421 0.025 2.97 0 90 0 0 0.7071068 0 0.7071068 2.39346 2
7.1480 Head 0 1.6 5.316267 9.89997 304.2 0 0.07625669 -0.4661846 0.04037584 0.8804696
7.1480 FirstCar -8.194276 0.025 2.97 0 90 0 0 0.7071068 0 0.7071068 2.427231 2
7.1480 SecondCar -40.52 0.025 2.97 0 90 0 0 0.7071068 0 0.7071068 2.389237 2
7.1498 Head 0 1.6 5.318572 9.89997 304.2 0 0.07625669 -0.4661846 0.04037584 0.8804696
7.1498 FirstCar -8.189717 0.025 2.97 0 90 0 0 0.7071068 0 0.7071068 2.422715 2
7.1498 SecondCar -40.51552 0.025 2.97 0 90 0 0 0.7071068 0 0.7071068 2.384721 2
7.1521 Head 0 1.6 5.321037 9.89997 304.2 0 0.07625669 -0.4661846 0.04037584 0.8804696
7.1521 FirstCar -8.184324 0.025 2.97 0 90 0 0 0.7071068 0 0.7071068 2.41736 2
7.1521 SecondCar -40.51021 0.025 2.97 0 90 0 0 0.7071068 0 0.7071068 2.379366 2
7.1540 Head 0 1.6 5.323959 9.89997 304.2 0 0.07625669 -0.4661846 0.04037584 0.8804696
7.1540 FirstCar -8.179644 0.025 2.97 0 90 0 0 0.7071068 0 0.7071068 2.412704 2
7.1540 SecondCar -40.5056 0.025 2.97 0 90 0 0 0.7071068 0 0.7071068 2.374711 2
7.1562 Head 0 1.6 5.3265 9.89997 304.2 0 0.07625669 -0.4661846 0.04037584 0.8804696
7.1562 FirstCar -8.174491 0.025 2.97 0 90 0 0 0.7071068 0 0.7071068 2.407568 2
7.1562 SecondCar -40.50053 0.025 2.97 0 90 0 0 0.7071068 0 0.7071068 2.369574 2
7.1580 Head 0 1.6 5.329304 9.89997 304.2 0 0.07625669 -0.4661846 0.04037584 0.8804696
7.1580 FirstCar -8.169958 0.025 2.97 0 90 0 0 0.7071068 0 0.7071068 2.403041 2
7.1580 SecondCar -40.49607 0.025 2.97 0 90 0 0 0.7071068 0 0.7071068 2.365047 2
7.1600 Head 0 1.6 5.331775 9.89997 304.2 0 0.07625669 -0.4661846 0.04037584 0.8804696
7.1600 FirstCar -8.165156 0.025 2.97 0 90 0 0 0.7071068 0 0.7071068 2.398236 2
7.1600 SecondCar -40.49134 0.025 2.97 0 90 0 0 0.7071068 0 0.7071068 2.360242 2
7.1620 Head 0 1.6 5.334398 9.89997 304.2 0 0.07625669 -0.4661846 0.04037584 0.8804696
7.1620 FirstCar -8.160464 0.025 2.97 0 90 0 0 0.7071068 0 0.7071068 2.393531 2
7.1620 SecondCar -40.48672 0.025 2.97 0 90 0 0 0.7071068 0 0.7071068 2.355537 2
7.1646 Head 0 1.6 5.336966 9.89997 304.2 0 0.07625669 -0.4661846 0.04037584 0.8804696
7.1646 FirstCar -8.154339 0.025 2.97 0 90 0 0 0.7071068 0 0.7071068 2.387373 2
7.1646 SecondCar -40.4807 0.025 2.97 0 90 0 0 0.7071068 0 0.7071068 2.349379 2
7.1676 Head 0 1.6 5.340327 9.89997 304.2 0 0.07625669 -0.4661846 0.04037584 0.8804696
7.1676 FirstCar -8.147089 0.025 2.97 0 90 0 0 0.7071068 0 0.7071068 2.380063 2
7.1676 SecondCar -40.47356 0.025 2.97 0 90 0 0 0.7071068 0 0.7071068 2.342069 2
7.1701 Head 0 1.6 5.344317 9.89997 304.2 0 0.07625669 -0.4661846 0.04037584 0.8804696
7.1701 FirstCar -8.141214 0.025 2.97 0 90 0 0 0.7071068 0 0.7071068 2.374124 2
7.1701 SecondCar -40.46778 0.025 2.97 0 90 0 0 0.7071068 0 0.7071068 2.33613 2
7.1728 Head 0 1.6 5.347558 9.89997 304.2 0 0.07625669 -0.4661846 0.04037584 0.8804696
7.1728 FirstCar -8.134789 0.025 2.97 0 90 0 0 0.7071068 0 0.7071068 2.36761 2
7.1728 SecondCar -40.46146 0.025 2.97 0 90 0 0 0.7071068 0 0.7071068 2.329616 2
7.1750 Head 0 1.6 5.351114 9.89997 304.2 0 0.07625669 -0.4661846 0.04037584 0.8804696
7.1750 FirstCar -8.129512 0.025 2.97 0 90 0 0 0.7071068 0 0.7071068 2.362249 2
7.1750 SecondCar -40.45627 0.025 2.97 0 90 0 0 0.7071068 0 0.7071068 2.324255 2
7.1770 Head 0 1.6 5.35404 9.89997 304.2 0 0.07625669 -0.4661846 0.04037584 0.8804696
7.1770 FirstCar -8.12498 0.025 2.97 0 90 0 0 0.7071068 0 0.7071068 2.357636 2
7.1770 SecondCar -40.45181 0.025 2.97 0 90 0 0 0.7071068 0 0.7071068 2.319642 2
7.1788 Head 0 1.6 5.356558 9.89997 304.2 0 0.07625669 -0.4661846 0.04037584 0.8804696
7.1788 FirstCar -8.120623 0.025 2.97 0 90 0 0 0.7071068 0 0.7071068 2.353192 2
7.1788 SecondCar -40.44753 0.025 2.97 0 90 0 0 0.7071068 0 0.7071068 2.315198 2
7.1808 Head 0 1.6 5.358984 9.89997 304.2 0 0.07625669 -0.4661846 0.04037584 0.8804696
7.1808 FirstCar -8.116076 0.025 2.97 0 90 0 0 0.7071068 0 0.7071068 2.348545 2
7.1808 SecondCar -40.44305 0.025 2.97 0 90 0 0 0.7071068 0 0.7071068 2.310551 2
7.1827 Head 0 1.6 5.36152 9.89997 304.2 0 0.07625669 -0.4661846 0.04037584 0.8804696
7.1827 FirstCar -8.111622 0.025 2.97 0 90 0 0 0.7071068 0 0.7071068 2.343985 2
7.1827 SecondCar -40.43867 0.025 2.97 0 90 0 0 0.7071068 0 0.7071068 2.305991 2
7.1845 Head 0 1.6 5.364009 9.89997 304.2 0 0.07625669 -0.4661846 0.04037584 0.8804696
7.1845 FirstCar -8.107259 0.025 2.97 0 90 0 0 0.7071068 0 0.7071068 2.339509 2
7.1845 SecondCar -40.43438 0.025 2.97 0 90 0 0 0.7071068 0 0.7071068 2.301515 2
7.1864 Head 0 1.6 5.366453 9.89997 304.2 0 0.07625669 -0.4661846 0.04037584 0.8804696
7.1864 FirstCar -8.102948 0.025 2.97 0 90 0 0 0.7071068 0 0.7071068 2.335078 2
7.1864 SecondCar -40.43013 0.025 2.97 0 90 0 0 0.7071068 0 0.7071068 2.297084 2
7.1881 Head 0 1.6 5.368871 9.89997 304.2 0 0.07625669 -0.4661846 0.04037584 0.8804696
7.1881 FirstCar -8.098829 0.025 2.97 0 90 0 0 0.7071068 0 0.7071068 2.330837 2
7.1881 SecondCar -40.42608 0.025 2.97 0 90 0 0 0.7071068 0 0.7071068 2.292843 2
7.1900 Head 0 1.6 5.371186 9.89997 304.2 0 0.07625669 -0.4661846 0.04037584 0.8804696
7.1900 FirstCar -8.094511 0.025 2.97 0 90 0 0 0.7071068 0 0.7071068 2.326381 2
7.1900 SecondCar -40.42183 0.025 2.97 0 90 0 0 0.7071068 0 0.7071068 2.288388 2
7.1923 Head 0 1.6 5.373618 9.89997 304.2 0 0.07625669 -0.4661846 0.04037584 0.8804696
7.1923 FirstCar -8.089233 0.025 2.97 0 90 0 0 0.7071068 0 0.7071068 2.320924 2
7.1923 SecondCar -40.41664 0.025 2.97 0 90 0 0 0.7071068 0 0.7071068 2.28293 2
7.1940 Head 0 1.6 5.376597 9.89997 304.2 0 0.07625669 -0.4661846 0.04037584 0.8804696
7.1940 FirstCar -8.085192 0.025 2.97 0 90 0 0 0.7071068 0 0.7071068 2.316737 2
7.1940 SecondCar -40.41267 0.025 2.97 0 90 0 0 0.7071068 0 0.7071068 2.278743 2
7.1963 Head 0 1.6 5.378882 9.89997 304.2 0 0.07625669 -0.4661846 0.04037584 0.8804696
7.1963 FirstCar -8.079834 0.025 2.97 0 90 0 0 0.7071068 0 0.7071068 2.311173 2
7.1963 SecondCar -40.4074 0.025 2.97 0 90 0 0 0.7071068 0 0.7071068 2.273179 2
7.1982 Head 0 1.6 5.381919 9.89997 304.2 0 0.07625669 -0.4661846 0.04037584 0.8804696
7.1982 FirstCar -8.075405 0.025 2.97 0 90 0 0 0.7071068 0 0.7071068 2.306565 2
7.1982 SecondCar -40.40304 0.025 2.97 0 90 0 0 0.7071068 0 0.7071068 2.268571 2
7.2001 Head 0 1.6 5.384435 9.89997 304.2 0 0.07625669 -0.4661846 0.04037584 0.8804696
7.2001 FirstCar -8.071148 0.025 2.97 0 90 0 0 0.7071068 0 0.7071068 2.302126 2
7.2001 SecondCar -40.39885 0.025 2.97 0 90 0 0 0.7071068 0 0.7071068 2.264132 2
7.2020 Head 0 1.6 5.386858 9.89997 304.2 0 0.07625669 -0.4661846 0.04037584 0.8804696
7.2020 FirstCar -8.066782 0.025 2.97 0 90 0 0 0.7071068 0 0.7071068 2.297566 2
7.2020 SecondCar -40.39456 0.025 2.97 0 90 0 0 0.7071068 0 0.7071068 2.259572 2
7.2037 Head 0 1.6 5.389347 9.89997 304.2 0 0.07625669 -0.4661846 0.04037584 0.8804696
7.2037 FirstCar -8.062775 0.025 2.97 0 90 0 0 0.7071068 0 0.7071068 2.293372 2
7.2037 SecondCar -40.39062 0.025 2.97 0 90 0 0 0.7071068 0 0.7071068 2.255378 2
7.2055 Head 0 1.6 5.391636 9.89997 304.2 0 0.07625669 -0.4661846 0.04037584 0.8804696
7.2055 FirstCar -8.058702 0.025 2.97 0 90 0 0 0.7071068 0 0.7071068 2.289102 2
7.2055 SecondCar -40.38661 0.025 2.97 0 90 0 0 0.7071068 0 0.7071068 2.251108 2
7.2073 Head 0 1.6 5.393967 9.89997 304.2 0 0.07625669 -0.4661846 0.04037584 0.8804696
7.2073 FirstCar -8.054534 0.025 2.97 0 90 0 0 0.7071068 0 0.7071068 2.284724 2
7.2073 SecondCar -40.38251 0.025 2.97 0 90 0 0 0.7071068 0 0.7071068 2.24673 2
7.2092 Head 0 1.6 5.396357 9.89997 304.2 0 0.07625669 -0.4661846 0.04037584 0.8804696
7.2092 FirstCar -8.050282 0.025 2.97 0 90 0 0 0.7071068 0 0.7071068 2.280249 2
7.2092 SecondCar -40.37833 0.025 2.97 0 90 0 0 0.7071068 0 0.7071068 2.242255 2
7.2116 Head 0 1.6 5.398799 9.89997 304.2 0 0.07625669 -0.4661846 0.04037584 0.8804696
7.2116 FirstCar -8.044816 0.025 2.97 0 90 0 0 0.7071068 0 0.7071068 2.274482 2
7.2116 SecondCar -40.37296 0.025 2.97 0 90 0 0 0.7071068 0 0.7071068 2.236488 2
7.2137 Head 0 1.6 5.401947 9.89997 304.2 0 0.07625669 -0.4661846 0.04037584 0.8804696
7.2137 FirstCar -8.04004 0.025 2.97 0 90 0 0 0.7071068 0 0.7071068 2.269431 2
7.2137 SecondCar -40.36826 0.025 2.97 0 90 0 0 0.7071068 0 0.7071068 2.231437 2
7.2158 Head 0 1.6 5.404704 9.89997 304.2 0 0.07625669 -0.4661846 0.04037584 0.8804696
7.2158 FirstCar -8.035367 0.025 2.97 0 90 0 0 0.7071068 0 0.7071068 2.264478 2
7.2158 SecondCar -40.36367 0.025 2.97 0 90 0 0 0.7071068 0 0.7071068 2.226485 2
7.2177 Head 0 1.6 5.407407 9.89997 304.2 0 0.07625669 -0.4661846 0.04037584 0.8804696
7.2177 FirstCar -8.031058 0.025 2.97 0 90 0 0 0.7071068 0 0.7071068 2.259903 2
7.2177 SecondCar -40.35944 0.025 2.97 0 90 0 0 0.7071068 0 0.7071068 2.221909 2
7.2195 Head 0 1.6 5.409905 9.89997 304.2 0 0.07625669 -0.4661846 0.04037584 0.8804696
7.2195 FirstCar -8.026855 0.025 2.97 0 90 0 0 0.7071068 0 0.7071068 2.255431 2
7.2195 SecondCar -40.3553 0.025 2.97 0 90 0 0 0.7071068 0 0.7071068 2.217437 2
7.2214 Head 0 1.6 5.412346 9.89997 304.2 0 0.07625669 -0.4661846 0.04037584 0.8804696
7.2214 FirstCar -8.022775 0.025 2.97 0 90 0 0 0.7071068 0 0.7071068 2.25108 2
7.2214 SecondCar -40.35129 0.025 2.97 0 90 0 0 0.7071068 0 0.7071068 2.213086 2
7.2231 Head 0 1.6 5.414721 9.89997 304.2 0 0.07625669 -0.4661846 0.04037584 0.8804696
7.2231 FirstCar -8.018851 0.025 2.97 0 90 0 0 0.7071068 0 0.7071068 2.24689 2
7.2231 SecondCar -40.34743 0.025 2.97 0 90 0 0 0.7071068 0 0.7071068 2.208896 2
7.2250 Head 0 1.6 5.417008 9.89997 304.2 0 0.07625669 -0.4661846 0.04037584 0.8804696
7.2250 FirstCar -8.014608 0.025 2.97 0 90 0 0 0.7071068 0 0.7071068 2.242348 2
7.2250 SecondCar -40.34327 0.025 2.97 0 90 0 0 0.7071068 0 0.7071068 2.204354 2
7.2269 Head 0 1.6 5.419487 9.89997 304.2 0 0.07625669 -0.4661846 0.04037584 0.8804696
7.2269 FirstCar -8.010419 0.025 2.97 0 90 0 0 0.7071068 0 0.7071068 2.237855 2
7.2269 SecondCar -40.33915 0.025 2.97 0 90 0 0 0.7071068 0 0.7071068 2.199861 2
7.2295 Head 0 1.6 5.421939 9.89997 304.2 0 0.07625669 -0.4661846 0.04037584 0.8804696
7.2295 FirstCar -8.004634 0.025 2.97 0 90 0 0 0.7071068 0 0.7071068 2.231634 2
7.2295 SecondCar -40.33346 0.025 2.97 0 90 0 0 0.7071068 0 0.7071068 2.19364 2
7.2322 Head 0 1.6 5.425335 9.89997 304.2 0 0.07625669 -0.4661846 0.04037584 0.8804696
7.2322 FirstCar -7.998486 0.025 2.97 0 90 0 0 0.7071068 0 0.7071068 2.225002 2
7.2322 SecondCar -40.32742 0.025 2.97 0 90 0 0 0.7071068 0 0.7071068 2.187008 2
7.2343 Head 0 1.6 5.428956 9.89997 304.2 0 0.07625669 -0.4661846 0.04037584 0.8804696
7.2343 FirstCar -7.993807 0.025 2.97 0 90 0 0 0.7071068 0 0.7071068 2.219944 2
7.2343 SecondCar -40.32282 0.025 2.97 0 90 0 0 0.7071068 0 0.7071068 2.18195 2
7.2362 Head 0 1.6 5.431716 9.89997 304.2 0 0.07625669 -0.4661846 0.04037584 0.8804696
7.2362 FirstCar -7.989565 0.025 2.97 0 90 0 0 0.7071068 0 0.7071068 2.215348 2
7.2362 SecondCar -40.31865 0.025 2.97 0 90 0 0 0.7071068 0 0.7071068 2.177354 2
7.2383 Head 0 1.6 5.434225 9.89997 304.2 0 0.07625669 -0.4661846 0.04037584 0.8804696
7.2383 FirstCar -7.984957 0.025 2.97 0 90 0 0 0.7071068 0 0.7071068 2.210344 2
7.2383 SecondCar -40.31412 0.025 2.97 0 90 0 0 0.7071068 0 0.7071068 2.17235 2
7.2407 Head 0 1.6 5.436956 9.89997 304.2 0 0.07625669 -0.4661846 0.04037584 0.8804696
7.2407 FirstCar -7.979795 0.025 2.97 0 90 0 0 0.7071068 0 0.7071068 2.204725 2
7.2407 SecondCar -40.30905 0.025 2.97 0 90 0 0 0.7071068 0 0.7071068 2.166731 2
7.2429 Head 0 1.6 5.440023 9.89997 304.2 0 0.07625669 -0.4661846 0.04037584 0.8804696
7.2429 FirstCar -7.974982 0.025 2.97 0 90 0 0 0.7071068 0 0.7071068 2.199473 2
7.2429 SecondCar -40.30432 0.025 2.97 0 90 0 0 0.7071068 0 0.7071068 2.161479 2
7.2450 Head 0 1.6 5.44289 9.89997 304.2 0 0.07625669 -0.4661846 0.04037584 0.8804696
7.2450 FirstCar -7.970347 0.025 2.97 0 90 0 0 0.7071068 0 0.7071068 2.194404 2
7.2450 SecondCar -40.29976 0.025 2.97 0 90 0 0 0.7071068 0 0.7071068 2.15641 2
7.2471 Head 0 1.6 5.445657 9.89997 304.2 0 0.07625669 -0.4661846 0.04037584 0.8804696
7.2471 FirstCar -7.965683 0.025 2.97 0 90 0 0 0.7071068 0 0.7071068 2.189292 2
7.2471 SecondCar -40.29518 0.025 2.97 0 90 0 0 0.7071068 0 0.7071068 2.151298 2
7.2491 Head 0 1.6 5.448448 9.89997 304.2 0 0.07625669 -0.4661846 0.04037584 0.8804696
7.2491 FirstCar -7.961221 0.025 2.97 0 90 0 0 0.7071068 0 0.7071068 2.184389 2
7.2491 SecondCar -40.29079 0.025 2.97 0 90 0 0 0.7071068 0 0.7071068 2.146395 2
7.2526 Head 0 1.6 5.451124 9.89997 304.2 0 0.07625669 -0.4661846 0.04037584 0.8804696
7.2526 FirstCar -7.953769 0.025 2.97 0 90 0 0 0.7071068 0 0.7071068 2.17617 2
7.2526 SecondCar -40.28347 0.025 2.97 0 90 0 0 0.7071068 0 0.7071068 2.138176 2
7.2545 Head 0 1.6 5.45561 9.899971 304.5 0 0.07636214 -0.463878 0.04017606 0.881687
7.2545 FirstCar -7.949529 0.025 2.97 0 90 0 0 0.7071068 0 0.7071068 2.171484 2
7.2545 SecondCar -40.27931 0.025 2.97 0 90 0 0 0.7071068 0 0.7071068 2.13349 2
7.2564 Head 0 1.6 5.458168 9.899971 304.5 0 0.07636214 -0.463878 0.04017606 0.881687
7.2564 FirstCar -7.945437 0.025 2.97 0 90 0 0 0.7071068 0 0.7071068 2.166952 2
7.2564 SecondCar -40.27529 0.025 2.97 0 90 0 0 0.7071068 0 0.7071068 2.128958 2
7.2583 Head 0 1.6 5.460641 9.899971 304.5 0 0.07636214 -0.463878 0.04017606 0.881687
7.2583 FirstCar -7.941431 0.025 2.97 0 90 0 0 0.7071068 0 0.7071068 2.162506 2
7.2583 SecondCar -40.27135 0.025 2.97 0 90 0 0 0.7071068 0 0.7071068 2.124512 2
7.2610 Head 0 1.6 5.463068 9.899971 304.5 0 0.07636214 -0.463878 0.04017606 0.881687
7.2610 FirstCar -7.935459 0.025 2.97 0 90 0 0 0.7071068 0 0.7071068 2.155858 2
7.2610 SecondCar -40.26548 0.025 2.97 0 90 0 0 0.7071068 0 0.7071068 2.117864 2
7.2630 Head 0 1.6 5.466697 9.974971 304.95 0 0.07709755 -0.4603859 0.04017721 0.8834516
7.2630 FirstCar -7.931211 0.025 2.97 0 90 0 0 0.7071068 0 0.7071068 2.151119 2
7.2630 SecondCar -40.26131 0.025 2.97 0 90 0 0 0.7071068 0 0.7071068 2.113125 2
7.2649 Head 0 1.6 5.469284 9.974971 304.95 0 0.07709755 -0.4603859 0.04017721 0.8834516
7.2649 FirstCar -7.927153 0.025 2.97 0 90 0 0 0.7071068 0 0.7071068 2.146582 2
7.2649 SecondCar -40.25732 0.025 2.97 0 90 0 0 0.7071068 0 0.7071068 2.108588 2
7.2667 Head 0 1.6 5.47176 9.974971 304.95 0 0.07709755 -0.4603859 0.04017721 0.8834516
7.2667 FirstCar -7.92338 0.025 2.97 0 90 0 0 0.7071068 0 0.7071068 2.142355 2
7.2667 SecondCar -40.25362 0.025 2.97 0 90 0 0 0.7071068 0 0.7071068 2.104361 2
7.2685 Head 0 1.6 5.474067 9.974971 304.95 0 0.07709755 -0.4603859 0.04017721 0.8834516
7.2685 FirstCar -7.919366 0.025 2.97 0 90 0 0 0.7071068 0 0.7071068 2.137849 2
7.2685 SecondCar -40.24968 0.025 2.97 0 90 0 0 0.7071068 0 0.7071068 2.099855 2
7.2705 Head 0 1.6 5.476527 9.974971 305.25 0 0.07720247 -0.4580714 0.03997523 0.8846539
7.2705 FirstCar -7.915267 0.025 2.97 0 90 0 0 0.7071068 0 0.7071068 2.133238 2
7.2705 SecondCar -40.24565 0.025 2.97 0 90 0 0 0.7071068 0 0.7071068 2.095244 2
7.2727 Head 0 1.6 5.479044 9.974971 305.25 0 0.07720247 -0.4580714 0.03997523 0.8846539
7.2727 FirstCar -7.910553 0.025 2.97 0 90 0 0 0.7071068 0 0.7071068 2.127921 2
7.2727 SecondCar -40.24102 0.025 2.97 0 90 0 0 0.7071068 0 0.7071068 2.089927 2
7.2747 Head 0 1.6 5.481946 9.974971 305.25 0 0.07720247 -0.4580714 0.03997523 0.8846539
7.2747 FirstCar -7.906197 0.025 2.97 0 90 0 0 0.7071068 0 0.7071068 2.122997 2
7.2747 SecondCar -40.23674 0.025 2.97 0 90 0 0 0.7071068 0 0.7071068 2.085003 2
7.2772 Head 0 1.6 5.484634 9.974971 305.25 0 0.07720247 -0.4580714 0.03997523 0.8846539
7.2772 FirstCar -7.900943 0.025 2.97 0 90 0 0 0.7071068 0 0.7071068 2.117041 2
7.2772 SecondCar -40.23158 0.025 2.97 0 90 0 0 0.7071068 0 0.7071068 2.079047 2
7.2795 Head 0 1.6 5.487885 10.04997 305.55 -4.335391E-07 0.07788663 -0.4557277 0.04007126 0.8857992
7.2795 FirstCar -7.896018 0.025 2.97 0 90 0 0 0.7071068 0 0.7071068 2.111442 2
7.2795 SecondCar -40.22675 0.025 2.97 0 90 0 0 0.7071068 0 0.7071068 2.073448 2
7.2816 Head 0 1.6 5.490941 10.04997 305.55 -4.335391E-07 0.07788663 -0.4557277 0.04007126 0.8857992
7.2816 FirstCar -7.891648 0.025 2.97 0 90 0 0 0.7071068 0 0.7071068 2.106463 2
7.2816 SecondCar -40.22245 0.025 2.97 0 90 0 0 0.7071068 0 0.7071068 2.06847 2
7.2835 Head 0 1.6 5.493659 10.04997 305.55 -4.335391E-07 0.07788663 -0.4557277 0.04007126 0.8857992
7.2835 FirstCar -7.887664 0.025 2.97 0 90 0 0 0.7071068 0 0.7071068 2.101914 2
7.2835 SecondCar -40.21854 0.025 2.97 0 90 0 0 0.7071068 0 0.7071068 2.06392 2
7.2856 Head 0 1.6 5.496141 10.04997 305.55 -4.335391E-07 0.07788663 -0.4557277 0.04007126 0.8857992
7.2856 FirstCar -7.883265 0.025 2.97 0 90 0 0 0.7071068 0 0.7071068 2.096879 2
7.2856 SecondCar -40.21423 0.025 2.97 0 90 0 0 0.7071068 0 0.7071068 2.058885 2
7.2875 Head 0 1.6 5.49889 10.04997 305.85 0 0.07799128 -0.4534071 0.03986722 0.8869893
7.2875 FirstCar -7.879318 0.025 2.97 0 90 0 0 0.7071068 0 0.7071068 2.092352 2
7.2875 SecondCar -40.21035 0.025 2.97 0 90 0 0 0.7071068 0 0.7071068 2.054358 2
7.2901 Head 0 1.6 5.501361 10.04997 305.85 0 0.07799128 -0.4534071 0.03986722 0.8869893
7.2901 FirstCar -7.873813 0.025 2.97 0 90 0 0 0.7071068 0 0.7071068 2.086018 2
7.2901 SecondCar -40.20494 0.025 2.97 0 90 0 0 0.7071068 0 0.7071068 2.048024 2
7.2929 Head 0 1.6 5.504818 10.04997 305.85 0 0.07799128 -0.4534071 0.03986722 0.8869893
7.2929 FirstCar -7.868141 0.025 2.97 0 90 0 0 0.7071068 0 0.7071068 2.079472 2
7.2929 SecondCar -40.19938 0.025 2.97 0 90 0 0 0.7071068 0 0.7071068 2.041478 2
7.2950 Head 0 1.6 5.508391 10.04997 306.075 0 0.0780694 -0.4516646 0.039714 0.8878778
7.2950 FirstCar -7.863728 0.025 2.97 0 90 0 0 0.7071068 0 0.7071068 2.074367 2
7.2950 SecondCar -40.19504 0.025 2.97 0 90 0 0 0.7071068 0 0.7071068 2.036373 2
7.2971 Head 0 1.6 5.511178 10.04997 306.075 0 0.0780694 -0.4516646 0.039714 0.8878778
7.2971 FirstCar -7.85928 0.025 2.97 0 90 0 0 0.7071068 0 0.7071068 2.069207 2
7.2971 SecondCar -40.19067 0.025 2.97 0 90 0 0 0.7071068 0 0.7071068 2.031213 2
7.2993 Head 0 1.6 5.513994 10.04997 306.075 0 0.0780694 -0.4516646 0.039714 0.8878778
7.2993 FirstCar -7.85492 0.025 2.97 0 90 0 0 0.7071068 0 0.7071068 2.064138 2
7.2993 SecondCar -40.18639 0.025 2.97 0 90 0 0 0.7071068 0 0.7071068 2.026144 2
7.3016 Head 0 1.6 5.51676 10.04997 306.075 0 0.0780694 -0.4516646 0.039714 0.8878778
7.3016 FirstCar -7.850109 0.025 2.97 0 90 0 0 0.7071068 0 0.7071068 2.058529 2
7.3016 SecondCar -40.18167 0.025 2.97 0 90 0 0 0.7071068 0 0.7071068 2.020535 2
7.3037 Head 0 1.6 5.519822 10.04997 306.375 0 0.07817311 -0.4493386 0.03950949 0.8890573
7.3037 FirstCar -7.84585 0.025 2.97 0 90 0 0 0.7071068 0 0.7071068 2.053551 2
7.3037 SecondCar -40.17749 0.025 2.97 0 90 0 0 0.7071068 0 0.7071068 2.015557 2
7.3059 Head 0 1.6 5.522539 10.04997 306.375 0 0.07817311 -0.4493386 0.03950949 0.8890573
7.3059 FirstCar -7.84137 0.025 2.97 0 90 0 0 0.7071068 0 0.7071068 2.048302 2
7.3059 SecondCar -40.17309 0.025 2.97 0 90 0 0 0.7071068 0 0.7071068 2.010308 2
7.3086 Head 0 1.6 5.525404 10.04997 306.375 0 0.07817311 -0.4493386 0.03950949 0.8890573
7.3086 FirstCar -7.835827 0.025 2.97 0 90 0 0 0.7071068 0 0.7071068 2.041786 2
7.3086 SecondCar -40.16765 0.025 2.97 0 90 0 0 0.7071068 0 0.7071068 2.003792 2
7.3111 Head 0 1.6 5.528961 10.04997 306.825 4.335391E-07 0.07832766 -0.4458438 0.0392022 0.8908149
7.3111 FirstCar -7.830709 0.025 2.97 0 90 0 0 0.7071068 0 0.7071068 2.035753 2
7.3111 SecondCar -40.16263 0.025 2.97 0 90 0 0 0.7071068 0 0.7071068 1.997759 2
7.3135 Head 0 1.6 5.532255 10.04997 306.825 4.335391E-07 0.07832766 -0.4458438 0.0392022 0.8908149
7.3135 FirstCar -7.825696 0.025 2.97 0 90 0 0 0.7071068 0 0.7071068 2.029826 2
7.3135 SecondCar -40.15771 0.025 2.97 0 90 0 0 0.7071068 0 0.7071068 1.991832 2
7.3156 Head 0 1.6 5.53549 10.04997 306.825 4.335391E-07 0.07832766 -0.4458438 0.0392022 0.8908149
7.3156 FirstCar -7.821624 0.025 2.97 0 90 0 0 0.7071068 0 0.7071068 2.024999 2
7.3156 SecondCar -40.15371 0.025 2.97 0 90 0 0 0.7071068 0 0.7071068 1.987005 2
7.3179 Head 0 1.6 5.538124 10.04997 306.825 4.335391E-07 0.07832766 -0.4458438 0.0392022 0.8908149
7.3179 FirstCar -7.816856 0.025 2.97 0 90 0 0 0.7071068 0 0.7071068 2.019333 2
7.3179 SecondCar -40.14904 0.025 2.97 0 90 0 0 0.7071068 0 0.7071068 1.981339 2
7.3198 Head 0 1.6 5.541217 10.04997 307.2 0 0.07845552 -0.4429263 0.03894566 0.8922692
7.3198 FirstCar -7.813108 0.025 2.97 0 90 0 0 0.7071068 0 0.7071068 2.014869 2
7.3198 SecondCar -40.14536 0.025 2.97 0 90 0 0 0.7071068 0 0.7071068 1.976875 2
7.3223 Head 0 1.6 5.543653 10.04997 307.2 0 0.07845552 -0.4429263 0.03894566 0.8922692
7.3223 FirstCar -7.808039 0.025 2.97 0 90 0 0 0.7071068 0 0.7071068 2.008812 2
7.3223 SecondCar -40.14038 0.025 2.97 0 90 0 0 0.7071068 0 0.7071068 1.970818 2
7.3245 Head 0 1.6 5.546959 10.04997 307.2 0 0.07845552 -0.4429263 0.03894566 0.8922692
7.3245 FirstCar -7.803542 0.025 2.97 0 90 0 0 0.7071068 0 0.7071068 2.003425 2
7.3245 SecondCar -40.13597 0.025 2.97 0 90 0 0 0.7071068 0 0.7071068 1.965431 2
7.3264 Head 0 1.6 5.5499 10.04997 307.65 0 0.07860786 -0.4394189 0.03863727 0.8940017
7.3264 FirstCar -7.799779 0.025 2.97 0 90 0 0 0.7071068 0 0.7071068 1.998907 2
7.3264 SecondCar -40.13228 0.025 2.97 0 90 0 0 0.7071068 0 0.7071068 1.960912 2
7.3283 Head 0 1.6 5.552366 10.04997 307.65 0 0.07860786 -0.4394189 0.03863727 0.8940017
7.3283 FirstCar -7.796141 0.025 2.97 0 90 0 0 0.7071068 0 0.7071068 1.994529 2
7.3283 SecondCar -40.12871 0.025 2.97 0 90 0 0 0.7071068 0 0.7071068 1.956534 2
7.3301 Head 0 1.6 5.554756 10.04997 307.65 0 0.07860786 -0.4394189 0.03863727 0.8940017
7.3301 FirstCar -7.792545 0.025 2.97 0 90 0 0 0.7071068 0 0.7071068 1.990192 2
7.3301 SecondCar -40.12518 0.025 2.97 0 90 0 0 0.7071068 0 0.7071068 1.952198 2
7.3325 Head 0 1.6 5.557122 10.04997 307.65 0 0.07860786 -0.4394189 0.03863727 0.8940017
7.3325 FirstCar -7.787781 0.025 2.97 0 90 0 0 0.7071068 0 0.7071068 1.984431 2
7.3325 SecondCar -40.12051 0.025 2.97 0 90 0 0 0.7071068 0 0.7071068 1.946437 2
7.3343 Head 0 1.6 5.560267 10.04997 308.1 -4.335391E-07 0.07875898 -0.4359048 0.03832828 0.8957204
7.3343 FirstCar -7.784123 0.025 2.97 0 90 0 0 0.7071068 0 0.7071068 1.979997 2
7.3343 SecondCar -40.11692 0.025 2.97 0 90 0 0 0.7071068 0 0.7071068 1.942003 2
7.3360 Head 0 1.6 5.562687 10.04997 308.1 -4.335391E-07 0.07875898 -0.4359048 0.03832828 0.8957204
7.3360 FirstCar -7.780704 0.025 2.97 0 90 0 0 0.7071068 0 0.7071068 1.975843 2
7.3360 SecondCar -40.11357 0.025 2.97 0 90 0 0 0.7071068 0 0.7071068 1.937849 2
7.3381 Head 0 1.6 5.564955 10.04997 308.1 -4.335391E-07 0.07875898 -0.4359048 0.03832828 0.8957204
7.3381 FirstCar -7.776718 0.025 2.97 0 90 0 0 0.7071068 0 0.7071068 1.97099 2
7.3381 SecondCar -40.10966 0.025 2.97 0 90 0 0 0.7071068 0 0.7071068 1.932995 2
7.3409 Head 0 1.6 5.567604 10.04997 308.1 -4.335391E-07 0.07875898 -0.4359048 0.03832828 0.8957204
7.3409 FirstCar -7.771157 0.025 2.97 0 90 0 0 0.7071068 0 0.7071068 1.964195 2
7.3409 SecondCar -40.10421 0.025 2.97 0 90 0 0 0.7071068 0 0.7071068 1.926201 2
7.3431 Head 0 1.6 5.571313 10.04997 308.7 0 0.07895859 -0.4312089 0.03791538 0.8979905
7.3431 FirstCar -7.766762 0.025 2.97 0 90 0 0 0.7071068 0 0.7071068 1.95881 2
7.3431 SecondCar -40.0999 0.025 2.97 0 90 0 0 0.7071068 0 0.7071068 1.920816 2
7.3450 Head 0 1.6 5.574252 10.04997 308.7 0 0.07895859 -0.4312089 0.03791538 0.8979905
7.3450 FirstCar -7.763059 0.025 2.97 0 90 0 0 0.7071068 0 0.7071068 1.954263 2
7.3450 SecondCar -40.09626 0.025 2.97 0 90 0 0 0.7071068 0 0.7071068 1.916269 2
7.3468 Head 0 1.6 5.576735 10.04997 308.7 0 0.07895859 -0.4312089 0.03791538 0.8979905
7.3468 FirstCar -7.759547 0.025 2.97 0 90 0 0 0.7071068 0 0.7071068 1.949939 2
7.3468 SecondCar -40.09282 0.025 2.97 0 90 0 0 0.7071068 0 0.7071068 1.911945 2
7.3489 Head 0 1.6 5.579094 10.04997 308.7 0 0.07895859 -0.4312089 0.03791538 0.8979905
7.3489 FirstCar -7.75555 0.025 2.97 0 90 0 0 0.7071068 0 0.7071068 1.945008 2
7.3489 SecondCar -40.0889 0.025 2.97 0 90 0 0 0.7071068 0 0.7071068 1.907013 2
7.3512 Head 0 1.6 5.581786 10.04997 309.225 0 0.07913146 -0.4270903 0.03755323 0.8999566
7.3512 FirstCar -7.751109 0.025 2.97 0 90 0 0 0.7071068 0 0.7071068 1.939512 2
7.3512 SecondCar -40.08455 0.025 2.97 0 90 0 0 0.7071068 0 0.7071068 1.901518 2
7.3532 Head 0 1.6 5.584785 10.04997 309.225 0 0.07913146 -0.4270903 0.03755323 0.8999566
7.3532 FirstCar -7.747126 0.025 2.97 0 90 0 0 0.7071068 0 0.7071068 1.934571 2
7.3532 SecondCar -40.08064 0.025 2.97 0 90 0 0 0.7071068 0 0.7071068 1.896577 2
7.3555 Head 0 1.6 5.587483 10.04997 309.225 0 0.07913146 -0.4270903 0.03755323 0.8999566
7.3555 FirstCar -7.742792 0.025 2.97 0 90 0 0 0.7071068 0 0.7071068 1.929179 2
7.3555 SecondCar -40.07639 0.025 2.97 0 90 0 0 0.7071068 0 0.7071068 1.891185 2
7.3577 Head 0 1.6 5.590426 10.04997 309.225 0 0.07913146 -0.4270903 0.03755323 0.8999566
7.3577 FirstCar -7.738451 0.025 2.97 0 90 0 0 0.7071068 0 0.7071068 1.923763 2
7.3577 SecondCar -40.07214 0.025 2.97 0 90 0 0 0.7071068 0 0.7071068 1.885769 2
7.3597 Head 0 1.6 5.593382 10.04997 309.825 0 0.07932701 -0.4223723 0.03713839 0.9021805
7.3597 FirstCar -7.734789 0.025 2.97 0 90 0 0 0.7071068 0 0.7071068 1.919184 2
7.3597 SecondCar -40.06855 0.025 2.97 0 90 0 0 0.7071068 0 0.7071068 1.88119 2
7.3619 Head 0 1.6 5.595881 10.04997 309.825 0 0.07932701 -0.4223723 0.03713839 0.9021805
7.3619 FirstCar -7.730491 0.025 2.97 0 90 0 0 0.7071068 0 0.7071068 1.913795 2
7.3619 SecondCar -40.06433 0.025 2.97 0 90 0 0 0.7071068 0 0.7071068 1.875801 2
7.3638 Head 0 1.6 5.598823 10.04997 309.825 0 0.07932701 -0.4223723 0.03713839 0.9021805
7.3638 FirstCar -7.726852 0.025 2.97 0 90 0 0 0.7071068 0 0.7071068 1.90922 2
7.3638 SecondCar -40.06077 0.025 2.97 0 90 0 0 0.7071068 0 0.7071068 1.871226 2
7.3660 Head 0 1.6 5.60132 10.04997 309.825 0 0.07932701 -0.4223723 0.03713839 0.9021805
7.3660 FirstCar -7.722631 0.025 2.97 0 90 0 0 0.7071068 0 0.7071068 1.9039 2
7.3660 SecondCar -40.05663 0.025 2.97 0 90 0 0 0.7071068 0 0.7071068 1.865906 2
7.3681 Head 0 1.6 5.604224 10.04997 310.575 0 0.07956837 -0.4164585 0.0366184 0.9049255
7.3681 FirstCar -7.718706 0.025 2.97 0 90 0 0 0.7071068 0 0.7071068 1.898938 2
7.3681 SecondCar -40.05278 0.025 2.97 0 90 0 0 0.7071068 0 0.7071068 1.860944 2
7.3702 Head 0 1.6 5.606932 10.04997 310.575 0 0.07956837 -0.4164585 0.0366184 0.9049255
7.3702 FirstCar -7.714664 0.025 2.97 0 90 0 0 0.7071068 0 0.7071068 1.893817 2
7.3702 SecondCar -40.04882 0.025 2.97 0 90 0 0 0.7071068 0 0.7071068 1.855823 2
7.3732 Head 0 1.6 5.609727 10.04997 310.575 0 0.07956837 -0.4164585 0.0366184 0.9049255
7.3732 FirstCar -7.709116 0.025 2.97 0 90 0 0 0.7071068 0 0.7071068 1.886759 2
7.3732 SecondCar -40.04339 0.025 2.97 0 90 0 0 0.7071068 0 0.7071068 1.848765 2
7.3755 Head 0 1.6 5.61358 10.04997 311.4 0 0.07982995 -0.4099328 0.03604461 0.9079004
7.3755 FirstCar -7.704775 0.025 2.97 0 90 0 0 0.7071068 0 0.7071068 1.881221 2
7.3755 SecondCar -40.03913 0.025 2.97 0 90 0 0 0.7071068 0 0.7071068 1.843227 2
7.3774 Head 0 1.6 5.616602 10.04997 311.4 0 0.07982995 -0.4099328 0.03604461 0.9079004
7.3774 FirstCar -7.701061 0.025 2.97 0 90 0 0 0.7071068 0 0.7071068 1.876471 2
7.3774 SecondCar -40.0355 0.025 2.97 0 90 0 0 0.7071068 0 0.7071068 1.838476 2
7.3793 Head 0 1.6 5.619195 10.04997 311.4 0 0.07982995 -0.4099328 0.03604461 0.9079004
7.3793 FirstCar -7.697504 0.025 2.97 0 90 0 0 0.7071068 0 0.7071068 1.871911 2
7.3793 SecondCar -40.03201 0.025 2.97 0 90 0 0 0.7071068 0 0.7071068 1.833916 2
7.3815 Head 0 1.6 5.621685 10.04997 311.4 0 0.07982995 -0.4099328 0.03604461 0.9079004
7.3815 FirstCar -7.693451 0.025 2.97 0 90 0 0 0.7071068 0 0.7071068 1.866699 2
7.3815 SecondCar -40.02804 0.025 2.97 0 90 0 0 0.7071068 0 0.7071068 1.828705 2
7.3835 Head 0 1.6 5.624529 10.04997 312.45 0 0.08015686 -0.4015966 0.03531162 0.9116184
7.3835 FirstCar -7.689803 0.025 2.97 0 90 0 0 0.7071068 0 0.7071068 1.861997 2
7.3835 SecondCar -40.02447 0.025 2.97 0 90 0 0 0.7071068 0 0.7071068 1.824003 2
7.3852 Head 0 1.6 5.627096 10.04997 312.45 0 0.08015686 -0.4015966 0.03531162 0.9116184
7.3852 FirstCar -7.686514 0.025 2.97 0 90 0 0 0.7071068 0 0.7071068 1.857748 2
7.3852 SecondCar -40.02125 0.025 2.97 0 90 0 0 0.7071068 0 0.7071068 1.819754 2
7.3868 Head 0 1.6 5.629415 10.04997 312.45 0 0.08015686 -0.4015966 0.03531162 0.9116184
7.3868 FirstCar -7.683563 0.025 2.97 0 90 0 0 0.7071068 0 0.7071068 1.853929 2
7.3868 SecondCar -40.01836 0.025 2.97 0 90 0 0 0.7071068 0 0.7071068 1.815935 2
7.3889 Head 0 1.6 5.631499 10.04997 312.45 0 0.08015686 -0.4015966 0.03531162 0.9116184
7.3889 FirstCar -7.679782 0.025 2.97 0 90 0 0 0.7071068 0 0.7071068 1.849021 2
7.3889 SecondCar -40.01465 0.025 2.97 0 90 0 0 0.7071068 0 0.7071068 1.811027 2
7.3909 Head 0 1.6 5.634178 10.04997 313.575 0 0.08049966 -0.3926276 0.034523 0.9155171
7.3909 FirstCar -7.676011 0.025 2.97 0 90 0 0 0.7071068 0 0.7071068 1.844113 2
7.3909 SecondCar -40.01096 0.025 2.97 0 90 0 0 0.7071068 0 0.7071068 1.806119 2
7.3925 Head 0 1.6 5.636857 10.04997 313.575 0 0.08049966 -0.3926276 0.034523 0.9155171
7.3925 FirstCar -7.673175 0.025 2.97 0 90 0 0 0.7071068 0 0.7071068 1.840415 2
7.3925 SecondCar -40.00818 0.025 2.97 0 90 0 0 0.7071068 0 0.7071068 1.802421 2
7.3939 Head 0 1.6 5.638875 10.04997 313.575 0 0.08049966 -0.3926276 0.034523 0.9155171
7.3939 FirstCar -7.670504 0.025 2.97 0 90 0 0 0.7071068 0 0.7071068 1.836924 2
7.3939 SecondCar -40.00557 0.025 2.97 0 90 0 0 0.7071068 0 0.7071068 1.79893 2
7.3954 Head 0 1.6 5.640781 10.04997 313.575 0 0.08049966 -0.3926276 0.034523 0.9155171
7.3954 FirstCar -7.667715 0.025 2.97 0 90 0 0 0.7071068 0 0.7071068 1.833273 2
7.3954 SecondCar -40.00283 0.025 2.97 0 90 0 0 0.7071068 0 0.7071068 1.795279 2
7.3971 Head 0 1.6 5.642774 10.04997 313.575 0 0.08049966 -0.3926276 0.034523 0.9155171
7.3971 FirstCar -7.664648 0.025 2.97 0 90 0 0 0.7071068 0 0.7071068 1.829249 2
7.3971 SecondCar -39.99983 0.025 2.97 0 90 0 0 0.7071068 0 0.7071068 1.791255 2
7.3986 Head 0 1.6 5.64497 10.04997 314.85 0 0.08087879 -0.382417 0.0336252 0.9198289
7.3986 FirstCar -7.662022 0.025 2.97 0 90 0 0 0.7071068 0 0.7071068 1.825798 2
7.3986 SecondCar -39.99726 0.025 2.97 0 90 0 0 0.7071068 0 0.7071068 1.787803 2
7.4009 Head 0 1.6 5.646854 10.04997 314.85 0 0.08087879 -0.382417 0.0336252 0.9198289
7.4009 FirstCar -7.657693 0.025 2.97 0 90 0 0 0.7071068 0 0.7071068 1.820089 2
7.4009 SecondCar -39.99302 0.025 2.97 0 90 0 0 0.7071068 0 0.7071068 1.782095 2
7.4028 Head 0 1.6 5.64997 10.04997 314.85 0 0.08087879 -0.382417 0.0336252 0.9198289
7.4028 FirstCar -7.654361 0.025 2.97 0 90 0 0 0.7071068 0 0.7071068 1.815685 2
7.4028 SecondCar -39.98976 0.025 2.97 0 90 0 0 0.7071068 0 0.7071068 1.777691 2
7.4049 Head 0 1.6 5.652374 10.04997 314.85 0 0.08087879 -0.382417 0.0336252 0.9198289
7.4049 FirstCar -7.650503 0.025 2.97 0 90 0 0 0.7071068 0 0.7071068 1.81057 2
7.4049 SecondCar -39.98598 0.025 2.97 0 90 0 0 0.7071068 0 0.7071068 1.772576 2
7.4068 Head 0 1.6 5.655166 10.04997 316.125 0 0.08124792 -0.3721591 0.03272324 0.9240268
7.4068 FirstCar -7.647048 0.025 2.97 0 90 0 0 0.7071068 0 0.7071068 1.80598 2
7.4068 SecondCar -39.9826 0.025 2.97 0 90 0 0 0.7071068 0 0.7071068 1.767986 2
7.4083 Head 0 1.6 5.657671 10.04997 316.125 0 0.08124792 -0.3721591 0.03272324 0.9240268
7.4083 FirstCar -7.644387 0.025 2.97 0 90 0 0 0.7071068 0 0.7071068 1.802436 2
7.4083 SecondCar -39.98 0.025 2.97 0 90 0 0 0.7071068 0 0.7071068 1.764442 2
7.4098 Head 0 1.6 5.659606 10.04997 316.125 0 0.08124792 -0.3721591 0.03272324 0.9240268
7.4098 FirstCar -7.641764 0.025 2.97 0 90 0 0 0.7071068 0 0.7071068 1.798936 2
7.4098 SecondCar -39.97743 0.025 2.97 0 90 0 0 0.7071068 0 0.7071068 1.760942 2
7.4119 Head 0 1.6 5.661516 10.04997 316.125 0 0.08124792 -0.3721591 0.03272324 0.9240268
7.4119 FirstCar -7.637943 0.025 2.97 0 90 0 0 0.7071068 0 0.7071068 1.793824 2
7.4119 SecondCar -39.97369 0.025 2.97 0 90 0 0 0.7071068 0 0.7071068 1.75583 2
7.4137 Head 0 1.6 5.664307 10.04997 316.125 0 0.08124792 -0.3721591 0.03272324 0.9240268
7.4137 FirstCar -7.634649 0.025 2.97 0 90 0 0 0.7071068 0 0.7071068 1.789407 2
7.4137 SecondCar -39.97047 0.025 2.97 0 90 0 0 0.7071068 0 0.7071068 1.751413 2
7.4153 Head 0 1.6 5.666718 10.04997 317.625 -2.167695E-07 0.08166929 -0.3600321 0.03165693 0.9288191
7.4153 FirstCar -7.63186 0.025 2.97 0 90 0 0 0.7071068 0 0.7071068 1.785659 2
7.4153 SecondCar -39.96774 0.025 2.97 0 90 0 0 0.7071068 0 0.7071068 1.747665 2
7.4168 Head 0 1.6 5.668764 10.04997 317.625 -2.167695E-07 0.08166929 -0.3600321 0.03165693 0.9288191
7.4168 FirstCar -7.629207 0.025 2.97 0 90 0 0 0.7071068 0 0.7071068 1.782085 2
7.4168 SecondCar -39.96515 0.025 2.97 0 90 0 0 0.7071068 0 0.7071068 1.744091 2
7.4182 Head 0 1.6 5.670714 10.04997 317.625 -2.167695E-07 0.08166929 -0.3600321 0.03165693 0.9288191
7.4182 FirstCar -7.62667 0.025 2.97 0 90 0 0 0.7071068 0 0.7071068 1.778663 2
7.4182 SecondCar -39.96266 0.025 2.97 0 90 0 0 0.7071068 0 0.7071068 1.740669 2
7.4197 Head 0 1.6 5.672582 10.04997 317.625 -2.167695E-07 0.08166929 -0.3600321 0.03165693 0.9288191
7.4197 FirstCar -7.623964 0.025 2.97 0 90 0 0 0.7071068 0 0.7071068 1.775004 2
7.4197 SecondCar -39.96001 0.025 2.97 0 90 0 0 0.7071068 0 0.7071068 1.73701 2
7.4215 Head 0 1.6 5.674579 10.04997 317.625 -2.167695E-07 0.08166929 -0.3600321 0.03165693 0.9288191
7.4215 FirstCar -7.62081 0.025 2.97 0 90 0 0 0.7071068 0 0.7071068 1.770728 2
7.4215 SecondCar -39.95693 0.025 2.97 0 90 0 0 0.7071068 0 0.7071068 1.732734 2
7.4230 Head 0 1.6 5.676913 10.04997 319.2 -2.167695E-07 0.08209667 -0.3472324 0.03053148 0.9336796
7.4230 FirstCar -7.618193 0.025 2.97 0 90 0 0 0.7071068 0 0.7071068 1.767175 2
7.4230 SecondCar -39.95437 0.025 2.97 0 90 0 0 0.7071068 0 0.7071068 1.729181 2
7.4244 Head 0 1.6 5.678853 10.04997 319.2 -2.167695E-07 0.08209667 -0.3472324 0.03053148 0.9336796
7.4244 FirstCar -7.615707 0.025 2.97 0 90 0 0 0.7071068 0 0.7071068 1.763792 2
7.4244 SecondCar -39.95193 0.025 2.97 0 90 0 0 0.7071068 0 0.7071068 1.725798 2
7.4258 Head 0 1.6 5.680699 10.04997 319.2 -2.167695E-07 0.08209667 -0.3472324 0.03053148 0.9336796
7.4258 FirstCar -7.613296 0.025 2.97 0 90 0 0 0.7071068 0 0.7071068 1.760505 2
7.4258 SecondCar -39.94958 0.025 2.97 0 90 0 0 0.7071068 0 0.7071068 1.722511 2
7.4272 Head 0 1.6 5.682493 10.04997 319.2 -2.167695E-07 0.08209667 -0.3472324 0.03053148 0.9336796
7.4272 FirstCar -7.61086 0.025 2.97 0 90 0 0 0.7071068 0 0.7071068 1.757178 2
7.4272 SecondCar -39.94719 0.025 2.97 0 90 0 0 0.7071068 0 0.7071068 1.719184 2
7.4289 Head 0 1.6 5.684309 10.04997 319.2 -2.167695E-07 0.08209667 -0.3472324 0.03053148 0.9336796
7.4289 FirstCar -7.607726 0.025 2.97 0 90 0 0 0.7071068 0 0.7071068 1.752887 2
7.4289 SecondCar -39.94413 0.025 2.97 0 90 0 0 0.7071068 0 0.7071068 1.714893 2
7.4315 Head 0 1.6 5.686651 10.04997 320.775 -2.167695E-07 0.08250854 -0.334367 0.02940025 0.9383639
7.4315 FirstCar -7.603291 0.025 2.97 0 90 0 0 0.7071068 0 0.7071068 1.746793 2
7.4315 SecondCar -39.93979 0.025 2.97 0 90 0 0 0.7071068 0 0.7071068 1.708799 2
7.4334 Head 0 1.6 5.689978 10.04997 320.775 -2.167695E-07 0.08250854 -0.334367 0.02940025 0.9383639
7.4334 FirstCar -7.600009 0.025 2.97 0 90 0 0 0.7071068 0 0.7071068 1.742273 2
7.4334 SecondCar -39.93658 0.025 2.97 0 90 0 0 0.7071068 0 0.7071068 1.704279 2
7.4350 Head 0 1.6 5.692445 10.04997 320.775 -2.167695E-07 0.08250854 -0.334367 0.02940025 0.9383639
7.4350 FirstCar -7.597144 0.025 2.97 0 90 0 0 0.7071068 0 0.7071068 1.738317 2
7.4350 SecondCar -39.93378 0.025 2.97 0 90 0 0 0.7071068 0 0.7071068 1.700322 2
7.4371 Head 0 1.6 5.694604 10.04997 320.775 -2.167695E-07 0.08250854 -0.334367 0.02940025 0.9383639
7.4371 FirstCar -7.593551 0.025 2.97 0 90 0 0 0.7071068 0 0.7071068 1.733343 2
7.4371 SecondCar -39.93026 0.025 2.97 0 90 0 0 0.7071068 0 0.7071068 1.695348 2
7.4391 Head 0 1.6 5.69732 10.04997 322.575 -2.167695E-07 0.08296017 -0.3195866 0.02810064 0.9435001
7.4391 FirstCar -7.590025 0.025 2.97 0 90 0 0 0.7071068 0 0.7071068 1.728447 2
7.4391 SecondCar -39.92682 0.025 2.97 0 90 0 0 0.7071068 0 0.7071068 1.690453 2
7.4410 Head 0 1.6 5.699992 10.04997 322.575 -2.167695E-07 0.08296017 -0.3195866 0.02810064 0.9435001
7.4410 FirstCar -7.586765 0.025 2.97 0 90 0 0 0.7071068 0 0.7071068 1.723908 2
7.4410 SecondCar -39.92363 0.025 2.97 0 90 0 0 0.7071068 0 0.7071068 1.685914 2
7.4426 Head 0 1.6 5.702469 10.04997 322.575 -2.167695E-07 0.08296017 -0.3195866 0.02810064 0.9435001
7.4426 FirstCar -7.584013 0.025 2.97 0 90 0 0 0.7071068 0 0.7071068 1.720069 2
7.4426 SecondCar -39.92094 0.025 2.97 0 90 0 0 0.7071068 0 0.7071068 1.682074 2
7.4445 Head 0 1.6 5.704565 10.04997 322.575 -2.167695E-07 0.08296017 -0.3195866 0.02810064 0.9435001
7.4445 FirstCar -7.580708 0.025 2.97 0 90 0 0 0.7071068 0 0.7071068 1.715445 2
7.4445 SecondCar -39.91771 0.025 2.97 0 90 0 0 0.7071068 0 0.7071068 1.677451 2
7.4463 Head 0 1.6 5.707089 10.04997 324.375 -4.335391E-07 0.08339132 -0.3047273 0.02679409 0.9484035
7.4463 FirstCar -7.57772 0.025 2.97 0 90 0 0 0.7071068 0 0.7071068 1.711254 2
7.4463 SecondCar -39.91478 0.025 2.97 0 90 0 0 0.7071068 0 0.7071068 1.67326 2
7.4478 Head 0 1.6 5.709376 10.04997 324.375 -4.335391E-07 0.08339132 -0.3047273 0.02679409 0.9484035
7.4478 FirstCar -7.575058 0.025 2.97 0 90 0 0 0.7071068 0 0.7071068 1.707513 2
7.4478 SecondCar -39.91218 0.025 2.97 0 90 0 0 0.7071068 0 0.7071068 1.669518 2
7.4495 Head 0 1.6 5.711419 10.04997 324.375 -4.335391E-07 0.08339132 -0.3047273 0.02679409 0.9484035
7.4495 FirstCar -7.572318 0.025 2.97 0 90 0 0 0.7071068 0 0.7071068 1.703653 2
7.4495 SecondCar -39.9095 0.025 2.97 0 90 0 0 0.7071068 0 0.7071068 1.665659 2
7.4513 Head 0 1.6 5.713525 10.04997 324.375 -4.335391E-07 0.08339132 -0.3047273 0.02679409 0.9484035
7.4513 FirstCar -7.569256 0.025 2.97 0 90 0 0 0.7071068 0 0.7071068 1.699329 2
7.4513 SecondCar -39.90651 0.025 2.97 0 90 0 0 0.7071068 0 0.7071068 1.661335 2
7.4531 Head 0 1.6 5.715886 10.04997 324.375 -4.335391E-07 0.08339132 -0.3047273 0.02679409 0.9484035
7.4531 FirstCar -7.566069 0.025 2.97 0 90 0 0 0.7071068 0 0.7071068 1.694815 2
7.4531 SecondCar -39.90339 0.025 2.97 0 90 0 0 0.7071068 0 0.7071068 1.656821 2
7.4547 Head 0 1.6 5.718349 10.12497 326.325 2.1682E-07 0.08445917 -0.2885283 0.02556005 0.9533964
7.4547 FirstCar -7.563472 0.025 2.97 0 90 0 0 0.7071068 0 0.7071068 1.69113 2
7.4547 SecondCar -39.90086 0.025 2.97 0 90 0 0 0.7071068 0 0.7071068 1.653136 2
7.4561 Head 0 1.6 5.720361 10.12497 326.325 2.1682E-07 0.08445917 -0.2885283 0.02556005 0.9533964
7.4561 FirstCar -7.561128 0.025 2.97 0 90 0 0 0.7071068 0 0.7071068 1.687796 2
7.4561 SecondCar -39.89856 0.025 2.97 0 90 0 0 0.7071068 0 0.7071068 1.649802 2
7.4574 Head 0 1.6 5.722181 10.12497 326.325 2.1682E-07 0.08445917 -0.2885283 0.02556005 0.9533964
7.4574 FirstCar -7.558868 0.025 2.97 0 90 0 0 0.7071068 0 0.7071068 1.684577 2
7.4574 SecondCar -39.89635 0.025 2.97 0 90 0 0 0.7071068 0 0.7071068 1.646583 2
7.4588 Head 0 1.6 5.723938 10.12497 326.325 2.1682E-07 0.08445917 -0.2885283 0.02556005 0.9533964
7.4588 FirstCar -7.556579 0.025 2.97 0 90 0 0 0.7071068 0 0.7071068 1.681309 2
7.4588 SecondCar -39.89412 0.025 2.97 0 90 0 0 0.7071068 0 0.7071068 1.643314 2
7.4604 Head 0 1.6 5.725722 10.12497 326.325 2.1682E-07 0.08445917 -0.2885283 0.02556005 0.9533964
7.4604 FirstCar -7.553818 0.025 2.97 0 90 0 0 0.7071068 0 0.7071068 1.677359 2
7.4604 SecondCar -39.89142 0.025 2.97 0 90 0 0 0.7071068 0 0.7071068 1.639365 2
7.4623 Head 0 1.6 5.727878 10.12497 328.2 0 0.08486608 -0.2728905 0.02417473 0.9579896
7.4623 FirstCar -7.55067 0.025 2.97 0 90 0 0 0.7071068 0 0.7071068 1.672842 2
7.4623 SecondCar -39.88834 0.025 2.97 0 90 0 0 0.7071068 0 0.7071068 1.634848 2
7.4637 Head 0 1.6 5.730343 10.12497 328.2 0 0.08486608 -0.2728905 0.02417473 0.9579896
7.4637 FirstCar -7.548329 0.025 2.97 0 90 0 0 0.7071068 0 0.7071068 1.669477 2
7.4637 SecondCar -39.88605 0.025 2.97 0 90 0 0 0.7071068 0 0.7071068 1.631483 2
7.4650 Head 0 1.6 5.73218 10.12497 328.2 0 0.08486608 -0.2728905 0.02417473 0.9579896
7.4650 FirstCar -7.546132 0.025 2.97 0 90 0 0 0.7071068 0 0.7071068 1.666312 2
7.4650 SecondCar -39.8839 0.025 2.97 0 90 0 0 0.7071068 0 0.7071068 1.628318 2
7.4664 Head 0 1.6 5.733908 10.12497 328.2 0 0.08486608 -0.2728905 0.02417473 0.9579896
7.4664 FirstCar -7.543798 0.025 2.97 0 90 0 0 0.7071068 0 0.7071068 1.662945 2
7.4664 SecondCar -39.88162 0.025 2.97 0 90 0 0 0.7071068 0 0.7071068 1.624951 2
7.4680 Head 0 1.6 5.735745 10.12497 328.2 0 0.08486608 -0.2728905 0.02417473 0.9579896
7.4680 FirstCar -7.541182 0.025 2.97 0 90 0 0 0.7071068 0 0.7071068 1.65916 2
7.4680 SecondCar -39.87907 0.025 2.97 0 90 0 0 0.7071068 0 0.7071068 1.621166 2
7.4701 Head 0 1.6 5.737811 10.12497 328.2 0 0.08486608 -0.2728905 0.02417473 0.9579896
7.4701 FirstCar -7.537737 0.025 2.97 0 90 0 0 0.7071068 0 0.7071068 1.654162 2
7.4701 SecondCar -39.8757 0.025 2.97 0 90 0 0 0.7071068 0 0.7071068 1.616168 2
7.4720 Head 0 1.6 5.74054 10.19997 330 -2.168709E-07 0.08586504 -0.2577944 0.02300747 0.9621018
7.4720 FirstCar -7.534583 0.025 2.97 0 90 0 0 0.7071068 0 0.7071068 1.649573 2
7.4720 SecondCar -39.87262 0.025 2.97 0 90 0 0 0.7071068 0 0.7071068 1.611579 2
7.4735 Head 0 1.6 5.743044 10.19997 330 -2.168709E-07 0.08586504 -0.2577944 0.02300747 0.9621018
7.4735 FirstCar -7.532166 0.025 2.97 0 90 0 0 0.7071068 0 0.7071068 1.646048 2
7.4735 SecondCar -39.87026 0.025 2.97 0 90 0 0 0.7071068 0 0.7071068 1.608054 2
7.4748 Head 0 1.6 5.744968 10.19997 330 -2.168709E-07 0.08586504 -0.2577944 0.02300747 0.9621018
7.4748 FirstCar -7.529984 0.025 2.97 0 90 0 0 0.7071068 0 0.7071068 1.642862 2
7.4748 SecondCar -39.86813 0.025 2.97 0 90 0 0 0.7071068 0 0.7071068 1.604867 2
7.4764 Head 0 1.6 5.746708 10.19997 330 -2.168709E-07 0.08586504 -0.2577944 0.02300747 0.9621018
7.4764 FirstCar -7.527312 0.025 2.97 0 90 0 0 0.7071068 0 0.7071068 1.638948 2
7.4764 SecondCar -39.86552 0.025 2.97 0 90 0 0 0.7071068 0 0.7071068 1.600954 2
7.4778 Head 0 1.6 5.748844 10.19997 331.95 -2.168709E-07 0.0862441 -0.2413858 0.02154304 0.9663492
7.4778 FirstCar -7.525042 0.025 2.97 0 90 0 0 0.7071068 0 0.7071068 1.635617 2
7.4778 SecondCar -39.8633 0.025 2.97 0 90 0 0 0.7071068 0 0.7071068 1.597623 2
7.4792 Head 0 1.6 5.750662 10.19997 331.95 -2.168709E-07 0.0862441 -0.2413858 0.02154304 0.9663492
7.4792 FirstCar -7.522795 0.025 2.97 0 90 0 0 0.7071068 0 0.7071068 1.632315 2
7.4792 SecondCar -39.86111 0.025 2.97 0 90 0 0 0.7071068 0 0.7071068 1.59432 2
7.4806 Head 0 1.6 5.752465 10.19997 331.95 -2.168709E-07 0.0862441 -0.2413858 0.02154304 0.9663492
7.4806 FirstCar -7.520554 0.025 2.97 0 90 0 0 0.7071068 0 0.7071068 1.629013 2
7.4806 SecondCar -39.85892 0.025 2.97 0 90 0 0 0.7071068 0 0.7071068 1.591019 2
7.4818 Head 0 1.6 5.754267 10.19997 331.95 -2.168709E-07 0.0862441 -0.2413858 0.02154304 0.9663492
7.4818 FirstCar -7.518483 0.025 2.97 0 90 0 0 0.7071068 0 0.7071068 1.625956 2
7.4818 SecondCar -39.8569 0.025 2.97 0 90 0 0 0.7071068 0 0.7071068 1.587962 2
7.4831 Head 0 1.6 5.755935 10.19997 331.95 -2.168709E-07 0.0862441 -0.2413858 0.02154304 0.9663492
7.4831 FirstCar -7.51637 0.025 2.97 0 90 0 0 0.7071068 0 0.7071068 1.622831 2
7.4831 SecondCar -39.85483 0.025 2.97 0 90 0 0 0.7071068 0 0.7071068 1.584837 2
7.4847 Head 0 1.6 5.75764 10.19997 331.95 -2.168709E-07 0.0862441 -0.2413858 0.02154304 0.9663492
7.4847 FirstCar -7.513765 0.025 2.97 0 90 0 0 0.7071068 0 0.7071068 1.618969 2
7.4847 SecondCar -39.85229 0.025 2.97 0 90 0 0 0.7071068 0 0.7071068 1.580975 2
7.4861 Head 0 1.6 5.759748 10.27497 333.825 0 0.08721999 -0.2255291 0.02027667 0.9701124
7.4861 FirstCar -7.511601 0.025 2.97 0 90 0 0 0.7071068 0 0.7071068 1.615756 2
7.4861 SecondCar -39.85017 0.025 2.97 0 90 0 0 0.7071068 0 0.7071068 1.577762 2
7.4873 Head 0 1.6 5.761502 10.27497 333.825 0 0.08721999 -0.2255291 0.02027667 0.9701124
7.4873 FirstCar -7.509599 0.025 2.97 0 90 0 0 0.7071068 0 0.7071068 1.612775 2
7.4873 SecondCar -39.84822 0.025 2.97 0 90 0 0 0.7071068 0 0.7071068 1.574781 2
7.4886 Head 0 1.6 5.763129 10.27497 333.825 0 0.08721999 -0.2255291 0.02027667 0.9701124
7.4886 FirstCar -7.507549 0.025 2.97 0 90 0 0 0.7071068 0 0.7071068 1.609719 2
7.4886 SecondCar -39.84621 0.025 2.97 0 90 0 0 0.7071068 0 0.7071068 1.571725 2
7.4902 Head 0 1.6 5.764798 10.27497 333.825 0 0.08721999 -0.2255291 0.02027667 0.9701124
7.4902 FirstCar -7.504987 0.025 2.97 0 90 0 0 0.7071068 0 0.7071068 1.60589 2
7.4902 SecondCar -39.84371 0.025 2.97 0 90 0 0 0.7071068 0 0.7071068 1.567896 2
7.4919 Head 0 1.6 5.766888 10.27497 333.825 0 0.08721999 -0.2255291 0.02027667 0.9701124
7.4919 FirstCar -7.502221 0.025 2.97 0 90 0 0 0.7071068 0 0.7071068 1.601746 2
7.4919 SecondCar -39.84101 0.025 2.97 0 90 0 0 0.7071068 0 0.7071068 1.563751 2
7.4943 Head 0 1.6 5.76915 10.27497 333.825 0 0.08721999 -0.2255291 0.02027667 0.9701124
7.4943 FirstCar -7.498384 0.025 2.97 0 90 0 0 0.7071068 0 0.7071068 1.595976 2
7.4943 SecondCar -39.83727 0.025 2.97 0 90 0 0 0.7071068 0 0.7071068 1.557982 2
7.4960 Head 0 1.6 5.772299 10.34997 335.625 0 0.08816489 -0.210251 0.01904179 0.9734777
7.4960 FirstCar -7.495649 0.025 2.97 0 90 0 0 0.7071068 0 0.7071068 1.591853 2
7.4960 SecondCar -39.83459 0.025 2.97 0 90 0 0 0.7071068 0 0.7071068 1.553859 2
7.4976 Head 0 1.6 5.774549 10.34997 335.625 0 0.08816489 -0.210251 0.01904179 0.9734777
7.4976 FirstCar -7.493216 0.025 2.97 0 90 0 0 0.7071068 0 0.7071068 1.588177 2
7.4976 SecondCar -39.83222 0.025 2.97 0 90 0 0 0.7071068 0 0.7071068 1.550183 2
7.4991 Head 0 1.6 5.776556 10.34997 335.625 0 0.08816489 -0.210251 0.01904179 0.9734777
7.4991 FirstCar -7.490842 0.025 2.97 0 90 0 0 0.7071068 0 0.7071068 1.584581 2
7.4991 SecondCar -39.82991 0.025 2.97 0 90 0 0 0.7071068 0 0.7071068 1.546587 2
7.5008 Head 0 1.6 5.778518 10.34997 335.625 0 0.08816489 -0.210251 0.01904179 0.9734777
7.5008 FirstCar -7.488068 0.025 2.97 0 90 0 0 0.7071068 0 0.7071068 1.580368 2
7.5008 SecondCar -39.8272 0.025 2.97 0 90 0 0 0.7071068 0 0.7071068 1.542374 2
7.5026 Head 0 1.6 5.780818 10.42497 337.425 2.170259E-07 0.08909231 -0.1949228 0.01778219 0.976602
7.5026 FirstCar -7.48529 0.025 2.97 0 90 0 0 0.7071068 0 0.7071068 1.576138 2
7.5026 SecondCar -39.82449 0.025 2.97 0 90 0 0 0.7071068 0 0.7071068 1.538143 2
7.5045 Head 0 1.6 5.783127 10.42497 337.425 2.170259E-07 0.08909231 -0.1949228 0.01778219 0.976602
7.5045 FirstCar -7.48234 0.025 2.97 0 90 0 0 0.7071068 0 0.7071068 1.571633 2
7.5045 SecondCar -39.82161 0.025 2.97 0 90 0 0 0.7071068 0 0.7071068 1.533639 2
7.5063 Head 0 1.6 5.785586 10.42497 337.425 2.170259E-07 0.08909231 -0.1949228 0.01778219 0.976602
7.5063 FirstCar -7.479417 0.025 2.97 0 90 0 0 0.7071068 0 0.7071068 1.567157 2
7.5063 SecondCar -39.81875 0.025 2.97 0 90 0 0 0.7071068 0 0.7071068 1.529163 2
7.5080 Head 0 1.6 5.788029 10.42497 337.425 2.170259E-07 0.08909231 -0.1949228 0.01778219 0.976602
7.5080 FirstCar -7.47682 0.025 2.97 0 90 0 0 0.7071068 0 0.7071068 1.56317 2
7.5080 SecondCar -39.81622 0.025 2.97 0 90 0 0 0.7071068 0 0.7071068 1.525176 2
7.5101 Head 0 1.6 5.790205 10.42497 337.425 2.170259E-07 0.08909231 -0.1949228 0.01778219 0.976602
7.5101 FirstCar -7.473601 0.025 2.97 0 90 0 0 0.7071068 0 0.7071068 1.558211 2
7.5101 SecondCar -39.81308 0.025 2.97 0 90 0 0 0.7071068 0 0.7071068 1.520217 2
7.5120 Head 0 1.6 5.792912 10.49997 339.225 -2.170784E-07 0.09000172 -0.1795482 0.01649811 0.9794846
7.5120 FirstCar -7.470621 0.025 2.97 0 90 0 0 0.7071068 0 0.7071068 1.553607 2
7.5120 SecondCar -39.81017 0.025 2.97 0 90 0 0 0.7071068 0 0.7071068 1.515613 2
7.5138 Head 0 1.6 5.795425 10.49997 339.225 -2.170784E-07 0.09000172 -0.1795482 0.01649811 0.9794846
7.5138 FirstCar -7.467774 0.025 2.97 0 90 0 0 0.7071068 0 0.7071068 1.549197 2
7.5138 SecondCar -39.8074 0.025 2.97 0 90 0 0 0.7071068 0 0.7071068 1.511203 2
7.5152 Head 0 1.6 5.797832 10.49997 339.225 -2.170784E-07 0.09000172 -0.1795482 0.01649811 0.9794846
7.5152 FirstCar -7.465608 0.025 2.97 0 90 0 0 0.7071068 0 0.7071068 1.545833 2
7.5152 SecondCar -39.80528 0.025 2.97 0 90 0 0 0.7071068 0 0.7071068 1.507839 2
7.5169 Head 0 1.6 5.799668 10.49997 339.225 -2.170784E-07 0.09000172 -0.1795482 0.01649811 0.9794846
7.5169 FirstCar -7.463068 0.025 2.97 0 90 0 0 0.7071068 0 0.7071068 1.541881 2
7.5169 SecondCar -39.80281 0.025 2.97 0 90 0 0 0.7071068 0 0.7071068 1.503887 2
7.5183 Head 0 1.6 5.801825 10.57497 340.95 -1.085656E-07 0.09088262 -0.1647738 0.0152493 0.982017
7.5183 FirstCar -7.460803 0.025 2.97 0 90 0 0 0.7071068 0 0.7071068 1.538347 2
7.5183 SecondCar -39.8006 0.025 2.97 0 90 0 0 0.7071068 0 0.7071068 1.500353 2
7.5199 Head 0 1.6 5.803754 10.57497 340.95 -1.085656E-07 0.09088262 -0.1647738 0.0152493 0.982017
7.5199 FirstCar -7.458461 0.025 2.97 0 90 0 0 0.7071068 0 0.7071068 1.534684 2
7.5199 SecondCar -39.79831 0.025 2.97 0 90 0 0 0.7071068 0 0.7071068 1.49669 2
7.5213 Head 0 1.6 5.805754 10.57497 340.95 -1.085656E-07 0.09088262 -0.1647738 0.0152493 0.982017
7.5213 FirstCar -7.456296 0.025 2.97 0 90 0 0 0.7071068 0 0.7071068 1.531292 2
7.5213 SecondCar -39.7962 0.025 2.97 0 90 0 0 0.7071068 0 0.7071068 1.493298 2
7.5230 Head 0 1.6 5.807605 10.57497 340.95 -1.085656E-07 0.09088262 -0.1647738 0.0152493 0.982017
7.5230 FirstCar -7.453722 0.025 2.97 0 90 0 0 0.7071068 0 0.7071068 1.527247 2
7.5230 SecondCar -39.79369 0.025 2.97 0 90 0 0 0.7071068 0 0.7071068 1.489253 2
7.5253 Head 0 1.6 5.809813 10.57497 340.95 -1.085656E-07 0.09088262 -0.1647738 0.0152493 0.982017
7.5253 FirstCar -7.450131 0.025 2.97 0 90 0 0 0.7071068 0 0.7071068 1.521583 2
7.5253 SecondCar -39.79019 0.025 2.97 0 90 0 0 0.7071068 0 0.7071068 1.483589 2
7.5269 Head 0 1.6 5.812905 10.64997 342.75 0 0.09175524 -0.1493196 0.01391763 0.9844242
7.5269 FirstCar -7.447721 0.025 2.97 0 90 0 0 0.7071068 0 0.7071068 1.517771 2
7.5269 SecondCar -39.78784 0.025 2.97 0 90 0 0 0.7071068 0 0.7071068 1.479777 2
7.5283 Head 0 1.6 5.814985 10.64997 342.75 0 0.09175524 -0.1493196 0.01391763 0.9844242
7.5283 FirstCar -7.445668 0.025 2.97 0 90 0 0 0.7071068 0 0.7071068 1.514518 2
7.5283 SecondCar -39.78584 0.025 2.97 0 90 0 0 0.7071068 0 0.7071068 1.476524 2
7.5297 Head 0 1.6 5.816761 10.64997 342.75 0 0.09175524 -0.1493196 0.01391763 0.9844242
7.5297 FirstCar -7.443501 0.025 2.97 0 90 0 0 0.7071068 0 0.7071068 1.511076 2
7.5297 SecondCar -39.78373 0.025 2.97 0 90 0 0 0.7071068 0 0.7071068 1.473082 2
7.5315 Head 0 1.6 5.81864 10.64997 342.75 0 0.09175524 -0.1493196 0.01391763 0.9844242
7.5315 FirstCar -7.440727 0.025 2.97 0 90 0 0 0.7071068 0 0.7071068 1.506659 2
7.5315 SecondCar -39.78102 0.025 2.97 0 90 0 0 0.7071068 0 0.7071068 1.468664 2
7.5335 Head 0 1.6 5.821051 10.64997 342.75 0 0.09175524 -0.1493196 0.01391763 0.9844242
7.5335 FirstCar -7.437835 0.025 2.97 0 90 0 0 0.7071068 0 0.7071068 1.502038 2
7.5335 SecondCar -39.7782 0.025 2.97 0 90 0 0 0.7071068 0 0.7071068 1.464044 2
7.5353 Head 0 1.6 5.823573 10.72497 344.475 0 0.09260003 -0.134476 0.01262289 0.9864999
7.5353 FirstCar -7.435097 0.025 2.97 0 90 0 0 0.7071068 0 0.7071068 1.49765 2
7.5353 SecondCar -39.77553 0.025 2.97 0 90 0 0 0.7071068 0 0.7071068 1.459656 2
7.5369 Head 0 1.6 5.825968 10.72497 344.475 0 0.09260003 -0.134476 0.01262289 0.9864999
7.5369 FirstCar -7.432685 0.025 2.97 0 90 0 0 0.7071068 0 0.7071068 1.493774 2
7.5369 SecondCar -39.77318 0.025 2.97 0 90 0 0 0.7071068 0 0.7071068 1.45578 2
7.5385 Head 0 1.6 5.828084 10.72497 344.475 0 0.09260003 -0.134476 0.01262289 0.9864999
7.5385 FirstCar -7.430318 0.025 2.97 0 90 0 0 0.7071068 0 0.7071068 1.489962 2
7.5385 SecondCar -39.77087 0.025 2.97 0 90 0 0 0.7071068 0 0.7071068 1.451968 2
7.5407 Head 0 1.6 5.830165 10.72497 344.475 0 0.09260003 -0.134476 0.01262289 0.9864999
7.5407 FirstCar -7.427035 0.025 2.97 0 90 0 0 0.7071068 0 0.7071068 1.484655 2
7.5407 SecondCar -39.76767 0.025 2.97 0 90 0 0 0.7071068 0 0.7071068 1.446661 2
7.5423 Head 0 1.6 5.833062 10.79997 346.05 0 0.09341156 -0.1208973 0.01142813 0.9881941
7.5423 FirstCar -7.424604 0.025 2.97 0 90 0 0 0.7071068 0 0.7071068 1.480714 2
7.5423 SecondCar -39.7653 0.025 2.97 0 90 0 0 0.7071068 0 0.7071068 1.44272 2
7.5439 Head 0 1.6 5.835212 10.79997 346.05 0 0.09341156 -0.1208973 0.01142813 0.9881941
7.5439 FirstCar -7.422372 0.025 2.97 0 90 0 0 0.7071068 0 0.7071068 1.477087 2
7.5439 SecondCar -39.76313 0.025 2.97 0 90 0 0 0.7071068 0 0.7071068 1.439093 2
7.5452 Head 0 1.6 5.837192 10.79997 346.05 0 0.09341156 -0.1208973 0.01142813 0.9881941
7.5452 FirstCar -7.420346 0.025 2.97 0 90 0 0 0.7071068 0 0.7071068 1.473788 2
7.5452 SecondCar -39.76116 0.025 2.97 0 90 0 0 0.7071068 0 0.7071068 1.435794 2
7.5466 Head 0 1.6 5.838993 10.79997 346.05 0 0.09341156 -0.1208973 0.01142813 0.9881941
7.5466 FirstCar -7.41837 0.025 2.97 0 90 0 0 0.7071068 0 0.7071068 1.470564 2
7.5466 SecondCar -39.75923 0.025 2.97 0 90 0 0 0.7071068 0 0.7071068 1.43257 2
7.5479 Head 0 1.6 5.840753 10.79997 346.05 0 0.09341156 -0.1208973 0.01142813 0.9881941
7.5479 FirstCar -7.416383 0.025 2.97 0 90 0 0 0.7071068 0 0.7071068 1.467314 2
7.5479 SecondCar -39.7573 0.025 2.97 0 90 0 0 0.7071068 0 0.7071068 1.42932 2
7.5498 Head 0 1.6 5.842526 10.79997 346.05 0 0.09341156 -0.1208973 0.01142813 0.9881941
7.5498 FirstCar -7.413651 0.025 2.97 0 90 0 0 0.7071068 0 0.7071068 1.462831 2
7.5498 SecondCar -39.75463 0.025 2.97 0 90 0 0 0.7071068 0 0.7071068 1.424837 2
7.5517 Head 0 1.6 5.844974 10.87497 347.625 -1.086733E-07 0.09420758 -0.1072975 0.01021342 0.9897009
7.5517 FirstCar -7.410872 0.025 2.97 0 90 0 0 0.7071068 0 0.7071068 1.458257 2
7.5517 SecondCar -39.75193 0.025 2.97 0 90 0 0 0.7071068 0 0.7071068 1.420262 2
7.5533 Head 0 1.6 5.84747 10.87497 347.625 -1.086733E-07 0.09420758 -0.1072975 0.01021342 0.9897009
7.5533 FirstCar -7.408566 0.025 2.97 0 90 0 0 0.7071068 0 0.7071068 1.454453 2
7.5533 SecondCar -39.74968 0.025 2.97 0 90 0 0 0.7071068 0 0.7071068 1.416458 2
7.5548 Head 0 1.6 5.849546 10.87497 347.625 -1.086733E-07 0.09420758 -0.1072975 0.01021342 0.9897009
7.5548 FirstCar -7.406437 0.025 2.97 0 90 0 0 0.7071068 0 0.7071068 1.450931 2
7.5548 SecondCar -39.7476 0.025 2.97 0 90 0 0 0.7071068 0 0.7071068 1.412936 2
7.5572 Head 0 1.6 5.851469 10.87497 347.625 -1.086733E-07 0.09420758 -0.1072975 0.01021342 0.9897009
7.5572 FirstCar -7.402863 0.025 2.97 0 90 0 0 0.7071068 0 0.7071068 1.444995 2
7.5572 SecondCar -39.74413 0.025 2.97 0 90 0 0 0.7071068 0 0.7071068 1.407001 2
7.5591 Head 0 1.6 5.854709 10.94997 349.05 0 0.09497587 -0.09497616 0.009103313 0.9908967
7.5591 FirstCar -7.400124 0.025 2.97 0 90 0 0 0.7071068 0 0.7071068 1.440431 2
7.5591 SecondCar -39.74146 0.025 2.97 0 90 0 0 0.7071068 0 0.7071068 1.402436 2
7.5609 Head 0 1.6 5.857201 10.94997 349.05 0 0.09497587 -0.09497616 0.009103313 0.9908967
7.5609 FirstCar -7.397598 0.025 2.97 0 90 0 0 0.7071068 0 0.7071068 1.436211 2
7.5609 SecondCar -39.739 0.025 2.97 0 90 0 0 0.7071068 0 0.7071068 1.398217 2
7.5625 Head 0 1.6 5.859504 10.94997 349.05 0 0.09497587 -0.09497616 0.009103313 0.9908967
7.5625 FirstCar -7.395264 0.025 2.97 0 90 0 0 0.7071068 0 0.7071068 1.4323 2
7.5625 SecondCar -39.73673 0.025 2.97 0 90 0 0 0.7071068 0 0.7071068 1.394306 2
7.5647 Head 0 1.6 5.861639 10.94997 349.05 0 0.09497587 -0.09497616 0.009103313 0.9908967
7.5647 FirstCar -7.392128 0.025 2.97 0 90 0 0 0.7071068 0 0.7071068 1.427025 2
7.5647 SecondCar -39.73368 0.025 2.97 0 90 0 0 0.7071068 0 0.7071068 1.389031 2
7.5665 Head 0 1.6 5.864518 11.02497 350.4 2.174568E-07 0.09572572 -0.08329087 0.008038316 0.9918844
7.5665 FirstCar -7.389643 0.025 2.97 0 90 0 0 0.7071068 0 0.7071068 1.422834 2
7.5665 SecondCar -39.73126 0.025 2.97 0 90 0 0 0.7071068 0 0.7071068 1.38484 2
7.5681 Head 0 1.6 5.866805 11.02497 350.4 2.174568E-07 0.09572572 -0.08329087 0.008038316 0.9918844
7.5681 FirstCar -7.387368 0.025 2.97 0 90 0 0 0.7071068 0 0.7071068 1.418986 2
7.5681 SecondCar -39.72905 0.025 2.97 0 90 0 0 0.7071068 0 0.7071068 1.380991 2
7.5700 Head 0 1.6 5.868906 11.02497 350.4 2.174568E-07 0.09572572 -0.08329087 0.008038316 0.9918844
7.5700 FirstCar -7.384588 0.025 2.97 0 90 0 0 0.7071068 0 0.7071068 1.414269 2
7.5700 SecondCar -39.72634 0.025 2.97 0 90 0 0 0.7071068 0 0.7071068 1.376275 2
7.5726 Head 0 1.6 5.87148 11.02497 350.4 2.174568E-07 0.09572572 -0.08329087 0.008038316 0.9918844
7.5726 FirstCar -7.380932 0.025 2.97 0 90 0 0 0.7071068 0 0.7071068 1.408037 2
7.5726 SecondCar -39.72278 0.025 2.97 0 90 0 0 0.7071068 0 0.7071068 1.370043 2
7.5745 Head 0 1.6 5.874881 11.09997 351.675 0 0.09645896 -0.0722452 0.007020035 0.9926868
7.5745 FirstCar -7.378318 0.025 2.97 0 90 0 0 0.7071068 0 0.7071068 1.403568 2
7.5745 SecondCar -39.72024 0.025 2.97 0 90 0 0 0.7071068 0 0.7071068 1.365573 2
7.5764 Head 0 1.6 5.877321 11.09997 351.675 0 0.09645896 -0.0722452 0.007020035 0.9926868
7.5764 FirstCar -7.375587 0.025 2.97 0 90 0 0 0.7071068 0 0.7071068 1.398883 2
7.5764 SecondCar -39.71758 0.025 2.97 0 90 0 0 0.7071068 0 0.7071068 1.360889 2
7.5786 Head 0 1.6 5.879879 11.09997 351.675 0 0.09645896 -0.0722452 0.007020035 0.9926868
7.5786 FirstCar -7.372557 0.025 2.97 0 90 0 0 0.7071068 0 0.7071068 1.393664 2
7.5786 SecondCar -39.71463 0.025 2.97 0 90 0 0 0.7071068 0 0.7071068 1.35567 2
7.5812 Head 0 1.6 5.882727 11.09997 351.675 0 0.09645896 -0.0722452 0.007020035 0.9926868
7.5812 FirstCar -7.369006 0.025 2.97 0 90 0 0 0.7071068 0 0.7071068 1.387522 2
7.5812 SecondCar -39.71118 0.025 2.97 0 90 0 0 0.7071068 0 0.7071068 1.349528 2
7.5833 Head 0 1.6 5.88608 11.17497 352.875 0 0.09717734 -0.06184208 0.00605003 0.9933255
7.5833 FirstCar -7.366121 0.025 2.97 0 90 0 0 0.7071068 0 0.7071068 1.382514 2
7.5833 SecondCar -39.70837 0.025 2.97 0 90 0 0 0.7071068 0 0.7071068 1.344519 2
7.5851 Head 0 1.6 5.888813 11.17497 352.875 0 0.09717734 -0.06184208 0.00605003 0.9933255
7.5851 FirstCar -7.36355 0.025 2.97 0 90 0 0 0.7071068 0 0.7071068 1.378036 2
7.5851 SecondCar -39.70588 0.025 2.97 0 90 0 0 0.7071068 0 0.7071068 1.340042 2
7.5867 Head 0 1.6 5.891257 11.17497 352.875 0 0.09717734 -0.06184208 0.00605003 0.9933255
7.5867 FirstCar -7.361322 0.025 2.97 0 90 0 0 0.7071068 0 0.7071068 1.374145 2
7.5867 SecondCar -39.70371 0.025 2.97 0 90 0 0 0.7071068 0 0.7071068 1.336151 2
7.5894 Head 0 1.6 5.893381 11.17497 352.875 0 0.09717734 -0.06184208 0.00605003 0.9933255
7.5894 FirstCar -7.357659 0.025 2.97 0 90 0 0 0.7071068 0 0.7071068 1.367718 2
7.5894 SecondCar -39.70015 0.025 2.97 0 90 0 0 0.7071068 0 0.7071068 1.329724 2
7.5914 Head 0 1.6 5.896889 11.24997 354.075 0 0.09788585 -0.0514335 0.005065742 0.9938548
7.5914 FirstCar -7.355005 0.025 2.97 0 90 0 0 0.7071068 0 0.7071068 1.363045 2
7.5914 SecondCar -39.69757 0.025 2.97 0 90 0 0 0.7071068 0 0.7071068 1.325051 2
7.5930 Head 0 1.6 5.89944 11.24997 354.075 0 0.09788585 -0.0514335 0.005065742 0.9938548
7.5930 FirstCar -7.35285 0.025 2.97 0 90 0 0 0.7071068 0 0.7071068 1.35924 2
7.5930 SecondCar -39.69547 0.025 2.97 0 90 0 0 0.7071068 0 0.7071068 1.321245 2
7.5943 Head 0 1.6 5.901517 11.24997 354.075 0 0.09788585 -0.0514335 0.005065742 0.9938548
7.5943 FirstCar -7.351029 0.025 2.97 0 90 0 0 0.7071068 0 0.7071068 1.356017 2
7.5943 SecondCar -39.6937 0.025 2.97 0 90 0 0 0.7071068 0 0.7071068 1.318023 2
7.5957 Head 0 1.6 5.903276 11.24997 354.075 0 0.09788585 -0.0514335 0.005065742 0.9938548
7.5957 FirstCar -7.349188 0.025 2.97 0 90 0 0 0.7071068 0 0.7071068 1.35275 2
7.5957 SecondCar -39.69191 0.025 2.97 0 90 0 0 0.7071068 0 0.7071068 1.314756 2
7.5973 Head 0 1.6 5.905059 11.24997 354.075 0 0.09788585 -0.0514335 0.005065742 0.9938548
7.5973 FirstCar -7.347035 0.025 2.97 0 90 0 0 0.7071068 0 0.7071068 1.34892 2
7.5973 SecondCar -39.68982 0.025 2.97 0 90 0 0 0.7071068 0 0.7071068 1.310926 2
7.5986 Head 0 1.6 5.90715 11.39997 355.2 5.443477E-08 0.09923234 -0.04166862 0.004159069 0.9941828
7.5986 FirstCar -7.345236 0.025 2.97 0 90 0 0 0.7071068 0 0.7071068 1.345711 2
7.5986 SecondCar -39.68808 0.025 2.97 0 90 0 0 0.7071068 0 0.7071068 1.307717 2
7.6000 Head 0 1.6 5.908901 11.39997 355.2 5.443477E-08 0.09923234 -0.04166862 0.004159069 0.9941828
7.6000 FirstCar -7.343393 0.025 2.97 0 90 0 0 0.7071068 0 0.7071068 1.342417 2
7.6000 SecondCar -39.68629 0.025 2.97 0 90 0 0 0.7071068 0 0.7071068 1.304422 2
7.6013 Head 0 1.6 5.9107 11.39997 355.2 5.443477E-08 0.09923234 -0.04166862 0.004159069 0.9941828
7.6013 FirstCar -7.341663 0.025 2.97 0 90 0 0 0.7071068 0 0.7071068 1.339317 2
7.6013 SecondCar -39.6846 0.025 2.97 0 90 0 0 0.7071068 0 0.7071068 1.301323 2
7.6025 Head 0 1.6 5.912392 11.39997 355.2 5.443477E-08 0.09923234 -0.04166862 0.004159069 0.9941828
7.6025 FirstCar -7.34 0.025 2.97 0 90 0 0 0.7071068 0 0.7071068 1.33633 2
7.6025 SecondCar -39.68299 0.025 2.97 0 90 0 0 0.7071068 0 0.7071068 1.298336 2
7.6037 Head 0 1.6 5.914022 11.39997 355.2 5.443477E-08 0.09923234 -0.04166862 0.004159069 0.9941828
7.6037 FirstCar -7.338364 0.025 2.97 0 90 0 0 0.7071068 0 0.7071068 1.333386 2
7.6037 SecondCar -39.6814 0.025 2.97 0 90 0 0 0.7071068 0 0.7071068 1.295391 2
7.6054 Head 0 1.6 5.915629 11.39997 355.2 5.443477E-08 0.09923234 -0.04166862 0.004159069 0.9941828
7.6054 FirstCar -7.336195 0.025 2.97 0 90 0 0 0.7071068 0 0.7071068 1.329471 2
7.6054 SecondCar -39.67929 0.025 2.97 0 90 0 0 0.7071068 0 0.7071068 1.291477 2
7.6069 Head 0 1.6 5.917766 11.47497 356.325 -2.72246E-08 0.09991929 -0.03190431 0.003205555 0.9944788
7.6069 FirstCar -7.33422 0.025 2.97 0 90 0 0 0.7071068 0 0.7071068 1.325896 2
7.6069 SecondCar -39.67737 0.025 2.97 0 90 0 0 0.7071068 0 0.7071068 1.287902 2
7.6082 Head 0 1.6 5.919717 11.47497 356.325 -2.72246E-08 0.09991929 -0.03190431 0.003205555 0.9944788
7.6082 FirstCar -7.332431 0.025 2.97 0 90 0 0 0.7071068 0 0.7071068 1.322649 2
7.6082 SecondCar -39.67563 0.025 2.97 0 90 0 0 0.7071068 0 0.7071068 1.284655 2
7.6096 Head 0 1.6 5.92149 11.47497 356.325 -2.72246E-08 0.09991929 -0.03190431 0.003205555 0.9944788
7.6096 FirstCar -7.330565 0.025 2.97 0 90 0 0 0.7071068 0 0.7071068 1.319255 2
7.6096 SecondCar -39.67382 0.025 2.97 0 90 0 0 0.7071068 0 0.7071068 1.281261 2
7.6114 Head 0 1.6 5.923342 11.47497 356.325 -2.72246E-08 0.09991929 -0.03190431 0.003205555 0.9944788
7.6114 FirstCar -7.328283 0.025 2.97 0 90 0 0 0.7071068 0 0.7071068 1.31509 2
7.6114 SecondCar -39.6716 0.025 2.97 0 90 0 0 0.7071068 0 0.7071068 1.277096 2
7.6132 Head 0 1.6 5.925616 11.47497 356.325 -2.72246E-08 0.09991929 -0.03190431 0.003205555 0.9944788
7.6132 FirstCar -7.325898 0.025 2.97 0 90 0 0 0.7071068 0 0.7071068 1.310722 2
7.6132 SecondCar -39.66929 0.025 2.97 0 90 0 0 0.7071068 0 0.7071068 1.272728 2
7.6147 Head 0 1.6 5.928 11.54997 357.3 2.723186E-08 0.100594 -0.02344021 0.00237063 0.9946486
7.6147 FirstCar -7.323868 0.025 2.97 0 90 0 0 0.7071068 0 0.7071068 1.306995 2
7.6147 SecondCar -39.66732 0.025 2.97 0 90 0 0 0.7071068 0 0.7071068 1.269001 2
7.6161 Head 0 1.6 5.930035 11.54997 357.3 2.723186E-08 0.100594 -0.02344021 0.00237063 0.9946486
7.6161 FirstCar -7.322133 0.025 2.97 0 90 0 0 0.7071068 0 0.7071068 1.303802 2
7.6161 SecondCar -39.66563 0.025 2.97 0 90 0 0 0.7071068 0 0.7071068 1.265808 2
7.6174 Head 0 1.6 5.931777 11.54997 357.3 2.723186E-08 0.100594 -0.02344021 0.00237063 0.9946486
7.6174 FirstCar -7.320387 0.025 2.97 0 90 0 0 0.7071068 0 0.7071068 1.300579 2
7.6174 SecondCar -39.66394 0.025 2.97 0 90 0 0 0.7071068 0 0.7071068 1.262585 2
7.6194 Head 0 1.6 5.933537 11.54997 357.3 2.723186E-08 0.100594 -0.02344021 0.00237063 0.9946486
7.6194 FirstCar -7.317815 0.025 2.97 0 90 0 0 0.7071068 0 0.7071068 1.295816 2
7.6194 SecondCar -39.66145 0.025 2.97 0 90 0 0 0.7071068 0 0.7071068 1.257822 2
7.6211 Head 0 1.6 5.936137 11.54997 357.3 2.723186E-08 0.100594 -0.02344021 0.00237063 0.9946486
7.6211 FirstCar -7.315588 0.025 2.97 0 90 0 0 0.7071068 0 0.7071068 1.291678 2
7.6211 SecondCar -39.65928 0.025 2.97 0 90 0 0 0.7071068 0 0.7071068 1.253684 2
7.6225 Head 0 1.6 5.938396 11.54997 358.2 0 0.1006095 -0.01562762 0.001580502 0.9948021
7.6225 FirstCar -7.313744 0.025 2.97 0 90 0 0 0.7071068 0 0.7071068 1.288244 2
7.6225 SecondCar -39.65749 0.025 2.97 0 90 0 0 0.7071068 0 0.7071068 1.25025 2
7.6239 Head 0 1.6 5.94027 11.54997 358.2 0 0.1006095 -0.01562762 0.001580502 0.9948021
7.6239 FirstCar -7.311939 0.025 2.97 0 90 0 0 0.7071068 0 0.7071068 1.284871 2
7.6239 SecondCar -39.65574 0.025 2.97 0 90 0 0 0.7071068 0 0.7071068 1.246877 2
7.6253 Head 0 1.6 5.942111 11.54997 358.2 0 0.1006095 -0.01562762 0.001580502 0.9948021
7.6253 FirstCar -7.310214 0.025 2.97 0 90 0 0 0.7071068 0 0.7071068 1.281641 2
7.6253 SecondCar -39.65407 0.025 2.97 0 90 0 0 0.7071068 0 0.7071068 1.243647 2
7.6266 Head 0 1.6 5.943874 11.54997 358.2 0 0.1006095 -0.01562762 0.001580502 0.9948021
7.6266 FirstCar -7.308481 0.025 2.97 0 90 0 0 0.7071068 0 0.7071068 1.278389 2
7.6266 SecondCar -39.65239 0.025 2.97 0 90 0 0 0.7071068 0 0.7071068 1.240394 2
7.6285 Head 0 1.6 5.945649 11.54997 358.2 0 0.1006095 -0.01562762 0.001580502 0.9948021
7.6285 FirstCar -7.306128 0.025 2.97 0 90 0 0 0.7071068 0 0.7071068 1.273956 2
7.6285 SecondCar -39.6501 0.025 2.97 0 90 0 0 0.7071068 0 0.7071068 1.235962 2
7.6302 Head 0 1.6 5.948069 11.54997 358.95 0 0.1006177 -0.009116363 0.000921985 0.994883
7.6302 FirstCar -7.303917 0.025 2.97 0 90 0 0 0.7071068 0 0.7071068 1.269777 2
7.6302 SecondCar -39.64796 0.025 2.97 0 90 0 0 0.7071068 0 0.7071068 1.231783 2
7.6321 Head 0 1.6 5.950349 11.54997 358.95 0 0.1006177 -0.009116363 0.000921985 0.994883
7.6321 FirstCar -7.301584 0.025 2.97 0 90 0 0 0.7071068 0 0.7071068 1.265353 2
7.6321 SecondCar -39.6457 0.025 2.97 0 90 0 0 0.7071068 0 0.7071068 1.227359 2
7.6336 Head 0 1.6 5.952764 11.54997 358.95 0 0.1006177 -0.009116363 0.000921985 0.994883
7.6336 FirstCar -7.299633 0.025 2.97 0 90 0 0 0.7071068 0 0.7071068 1.26164 2
7.6336 SecondCar -39.64381 0.025 2.97 0 90 0 0 0.7071068 0 0.7071068 1.223646 2
7.6352 Head 0 1.6 5.954791 11.54997 358.95 0 0.1006177 -0.009116363 0.000921985 0.994883
7.6352 FirstCar -7.297684 0.025 2.97 0 90 0 0 0.7071068 0 0.7071068 1.257922 2
7.6352 SecondCar -39.64192 0.025 2.97 0 90 0 0 0.7071068 0 0.7071068 1.219928 2
7.6371 Head 0 1.6 5.95682 11.54997 358.95 0 0.1006177 -0.009116363 0.000921985 0.994883
7.6371 FirstCar -7.295286 0.025 2.97 0 90 0 0 0.7071068 0 0.7071068 1.25333 2
7.6371 SecondCar -39.63959 0.025 2.97 0 90 0 0 0.7071068 0 0.7071068 1.215336 2
7.6386 Head 0 1.6 5.959326 11.62497 359.625 0 0.1012725 -0.003255678 0.0003314163 0.9948534
7.6386 FirstCar -7.293362 0.025 2.97 0 90 0 0 0.7071068 0 0.7071068 1.249635 2
7.6386 SecondCar -39.63773 0.025 2.97 0 90 0 0 0.7071068 0 0.7071068 1.21164 2
7.6403 Head 0 1.6 5.961343 11.62497 359.625 0 0.1012725 -0.003255678 0.0003314163 0.9948534
7.6403 FirstCar -7.29123 0.025 2.97 0 90 0 0 0.7071068 0 0.7071068 1.245527 2
7.6403 SecondCar -39.63566 0.025 2.97 0 90 0 0 0.7071068 0 0.7071068 1.207533 2
7.6421 Head 0 1.6 5.963585 11.62497 359.625 0 0.1012725 -0.003255678 0.0003314163 0.9948534
7.6421 FirstCar -7.288983 0.025 2.97 0 90 0 0 0.7071068 0 0.7071068 1.241183 2
7.6421 SecondCar -39.63348 0.025 2.97 0 90 0 0 0.7071068 0 0.7071068 1.203189 2
7.6438 Head 0 1.6 5.965957 11.62497 359.625 0 0.1012725 -0.003255678 0.0003314163 0.9948534
7.6438 FirstCar -7.28692 0.025 2.97 0 90 0 0 0.7071068 0 0.7071068 1.23718 2
7.6438 SecondCar -39.63148 0.025 2.97 0 90 0 0 0.7071068 0 0.7071068 1.199186 2
7.6460 Head 0 1.6 5.968142 11.62497 359.625 0 0.1012725 -0.003255678 0.0003314163 0.9948534
7.6460 FirstCar -7.284254 0.025 2.97 0 90 0 0 0.7071068 0 0.7071068 1.231986 2
7.6460 SecondCar -39.6289 0.025 2.97 0 90 0 0 0.7071068 0 0.7071068 1.193992 2
7.6479 Head 0 1.6 5.970977 11.62497 0.1499981 1.702448E-09 0.101273 0.001302251 -0.0001325644 0.9948578
7.6479 FirstCar -7.281923 0.025 2.97 0 90 0 0 0.7071068 0 0.7071068 1.227429 2
7.6479 SecondCar -39.62664 0.025 2.97 0 90 0 0 0.7071068 0 0.7071068 1.189435 2
7.6496 Head 0 1.6 5.973464 11.62497 0.1499981 1.702448E-09 0.101273 0.001302251 -0.0001325644 0.9948578
7.6496 FirstCar -7.279809 0.025 2.97 0 90 0 0 0.7071068 0 0.7071068 1.22328 2
7.6496 SecondCar -39.62459 0.025 2.97 0 90 0 0 0.7071068 0 0.7071068 1.185286 2
7.6518 Head 0 1.6 5.975729 11.62497 0.1499981 1.702448E-09 0.101273 0.001302251 -0.0001325644 0.9948578
7.6518 FirstCar -7.277087 0.025 2.97 0 90 0 0 0.7071068 0 0.7071068 1.217918 2
7.6518 SecondCar -39.62196 0.025 2.97 0 90 0 0 0.7071068 0 0.7071068 1.179924 2
7.6537 Head 0 1.6 5.978655 11.62497 0.1499981 1.702448E-09 0.101273 0.001302251 -0.0001325644 0.9948578
7.6537 FirstCar -7.274834 0.025 2.97 0 90 0 0 0.7071068 0 0.7071068 1.21346 2
7.6537 SecondCar -39.61977 0.025 2.97 0 90 0 0 0.7071068 0 0.7071068 1.175466 2
7.6553 Head 0 1.6 5.981089 11.62497 0.5249982 0 0.101272 0.004557902 -0.0004639781 0.9948483
7.6553 FirstCar -7.272931 0.025 2.97 0 90 0 0 0.7071068 0 0.7071068 1.209685 2
7.6553 SecondCar -39.61793 0.025 2.97 0 90 0 0 0.7071068 0 0.7071068 1.171691 2
7.6568 Head 0 1.6 5.983149 11.62497 0.5249982 0 0.101272 0.004557902 -0.0004639781 0.9948483
7.6568 FirstCar -7.271067 0.025 2.97 0 90 0 0 0.7071068 0 0.7071068 1.205976 2
7.6568 SecondCar -39.61613 0.025 2.97 0 90 0 0 0.7071068 0 0.7071068 1.167982 2
7.6583 Head 0 1.6 5.985173 11.62497 0.5249982 0 0.101272 0.004557902 -0.0004639781 0.9948483
7.6583 FirstCar -7.269319 0.025 2.97 0 90 0 0 0.7071068 0 0.7071068 1.202487 2
7.6583 SecondCar -39.61443 0.025 2.97 0 90 0 0 0.7071068 0 0.7071068 1.164492 2
7.6597 Head 0 1.6 5.987078 11.62497 0.5249982 0 0.101272 0.004557902 -0.0004639781 0.9948483
7.6597 FirstCar -7.267623 0.025 2.97 0 90 0 0 0.7071068 0 0.7071068 1.199093 2
7.6597 SecondCar -39.61279 0.025 2.97 0 90 0 0 0.7071068 0 0.7071068 1.161098 2
7.6614 Head 0 1.6 5.988931 11.62497 0.5249982 0 0.101272 0.004557902 -0.0004639781 0.9948483
7.6614 FirstCar -7.265581 0.025 2.97 0 90 0 0 0.7071068 0 0.7071068 1.194991 2
7.6614 SecondCar -39.61082 0.025 2.97 0 90 0 0 0.7071068 0 0.7071068 1.156997 2
7.6627 Head 0 1.6 5.991169 11.62497 0.7499982 0 0.1012709 0.006511272 -0.0006628242 0.9948374
7.6627 FirstCar -7.26398 0.025 2.97 0 90 0 0 0.7071068 0 0.7071068 1.191769 2
7.6627 SecondCar -39.60927 0.025 2.97 0 90 0 0 0.7071068 0 0.7071068 1.153775 2
7.6640 Head 0 1.6 5.992928 11.62497 0.7499982 0 0.1012709 0.006511272 -0.0006628242 0.9948374
7.6640 FirstCar -7.262473 0.025 2.97 0 90 0 0 0.7071068 0 0.7071068 1.188726 2
7.6640 SecondCar -39.60781 0.025 2.97 0 90 0 0 0.7071068 0 0.7071068 1.150732 2
7.6653 Head 0 1.6 5.994589 11.62497 0.7499982 0 0.1012709 0.006511272 -0.0006628242 0.9948374
7.6653 FirstCar -7.260954 0.025 2.97 0 90 0 0 0.7071068 0 0.7071068 1.185652 2
7.6653 SecondCar -39.60634 0.025 2.97 0 90 0 0 0.7071068 0 0.7071068 1.147658 2
7.6666 Head 0 1.6 5.996267 11.62497 0.7499982 0 0.1012709 0.006511272 -0.0006628242 0.9948374
7.6666 FirstCar -7.259416 0.025 2.97 0 90 0 0 0.7071068 0 0.7071068 1.182529 2
7.6666 SecondCar -39.60485 0.025 2.97 0 90 0 0 0.7071068 0 0.7071068 1.144535 2
7.6679 Head 0 1.6 5.997972 11.62497 0.7499982 0 0.1012709 0.006511272 -0.0006628242 0.9948374
7.6679 FirstCar -7.257841 0.025 2.97 0 90 0 0 0.7071068 0 0.7071068 1.179324 2
7.6679 SecondCar -39.60333 0.025 2.97 0 90 0 0 0.7071068 0 0.7071068 1.14133 2
7.6698 Head 0 1.6 5.999721 11.62497 0.7499982 0 0.1012709 0.006511272 -0.0006628242 0.9948374
7.6698 FirstCar -7.255678 0.025 2.97 0 90 0 0 0.7071068 0 0.7071068 1.174905 2
7.6698 SecondCar -39.60123 0.025 2.97 0 90 0 0 0.7071068 0 0.7071068 1.136911 2
7.6714 Head 0 1.6 6.002133 11.62497 0.899998 -6.809791E-09 0.1012699 0.007813505 -0.0007953868 0.994828
7.6714 FirstCar -7.253725 0.025 2.97 0 90 0 0 0.7071068 0 0.7071068 1.170902 2
7.6714 SecondCar -39.59935 0.025 2.97 0 90 0 0 0.7071068 0 0.7071068 1.132908 2
7.6729 Head 0 1.6 6.004318 11.62497 0.899998 -6.809791E-09 0.1012699 0.007813505 -0.0007953868 0.994828
7.6729 FirstCar -7.25201 0.025 2.97 0 90 0 0 0.7071068 0 0.7071068 1.167378 2
7.6729 SecondCar -39.59769 0.025 2.97 0 90 0 0 0.7071068 0 0.7071068 1.129384 2
7.6744 Head 0 1.6 6.006241 11.62497 0.899998 -6.809791E-09 0.1012699 0.007813505 -0.0007953868 0.994828
7.6744 FirstCar -7.250224 0.025 2.97 0 90 0 0 0.7071068 0 0.7071068 1.163694 2
7.6744 SecondCar -39.59596 0.025 2.97 0 90 0 0 0.7071068 0 0.7071068 1.1257 2
7.6759 Head 0 1.6 6.008252 11.62497 0.899998 -6.809791E-09 0.1012699 0.007813505 -0.0007953868 0.994828
7.6759 FirstCar -7.248523 0.025 2.97 0 90 0 0 0.7071068 0 0.7071068 1.160176 2
7.6759 SecondCar -39.59431 0.025 2.97 0 90 0 0 0.7071068 0 0.7071068 1.122182 2
7.6773 Head 0 1.6 6.010172 11.62497 0.899998 -6.809791E-09 0.1012699 0.007813505 -0.0007953868 0.994828
7.6773 FirstCar -7.246859 0.025 2.97 0 90 0 0 0.7071068 0 0.7071068 1.156723 2
7.6773 SecondCar -39.5927 0.025 2.97 0 90 0 0 0.7071068 0 0.7071068 1.118729 2
7.6788 Head 0 1.6 6.012057 11.62497 0.899998 -6.809791E-09 0.1012699 0.007813505 -0.0007953868 0.994828
7.6788 FirstCar -7.24513 0.025 2.97 0 90 0 0 0.7071068 0 0.7071068 1.153124 2
7.6788 SecondCar -39.59103 0.025 2.97 0 90 0 0 0.7071068 0 0.7071068 1.11513 2
7.6803 Head 0 1.6 6.014021 11.62497 0.899998 -6.809791E-09 0.1012699 0.007813505 -0.0007953868 0.994828
7.6803 FirstCar -7.243474 0.025 2.97 0 90 0 0 0.7071068 0 0.7071068 1.149669 2
7.6803 SecondCar -39.58943 0.025 2.97 0 90 0 0 0.7071068 0 0.7071068 1.111674 2
7.6816 Head 0 1.6 6.015908 11.62497 0.899998 -6.809791E-09 0.1012699 0.007813505 -0.0007953868 0.994828
7.6816 FirstCar -7.241954 0.025 2.97 0 90 0 0 0.7071068 0 0.7071068 1.146485 2
7.6816 SecondCar -39.58796 0.025 2.97 0 90 0 0 0.7071068 0 0.7071068 1.108491 2
7.6834 Head 0 1.6 6.017645 11.62497 0.899998 -6.809791E-09 0.1012699 0.007813505 -0.0007953868 0.994828
7.6834 FirstCar -7.239962 0.025 2.97 0 90 0 0 0.7071068 0 0.7071068 1.142301 2
7.6834 SecondCar -39.58604 0.025 2.97 0 90 0 0 0.7071068 0 0.7071068 1.104306 2
7.6852 Head 0 1.6 6.019929 11.62497 0.899998 -6.809791E-09 0.1012699 0.007813505 -0.0007953868 0.994828
7.6852 FirstCar -7.237826 0.025 2.97 0 90 0 0 0.7071068 0 0.7071068 1.137795 2
7.6852 SecondCar -39.58397 0.025 2.97 0 90 0 0 0.7071068 0 0.7071068 1.099801 2
7.6866 Head 0 1.6 6.022389 11.62497 0.9749981 0 0.1012694 0.008464617 -0.0008616676 0.9948227
7.6866 FirstCar -7.236255 0.025 2.97 0 90 0 0 0.7071068 0 0.7071068 1.134471 2
7.6866 SecondCar -39.58245 0.025 2.97 0 90 0 0 0.7071068 0 0.7071068 1.096477 2
7.6880 Head 0 1.6 6.024203 11.62497 0.9749981 0 0.1012694 0.008464617 -0.0008616676 0.9948227
7.6880 FirstCar -7.234712 0.025 2.97 0 90 0 0 0.7071068 0 0.7071068 1.131198 2
7.6880 SecondCar -39.58096 0.025 2.97 0 90 0 0 0.7071068 0 0.7071068 1.093204 2
7.6894 Head 0 1.6 6.02599 11.62497 0.9749981 0 0.1012694 0.008464617 -0.0008616676 0.9948227
7.6894 FirstCar -7.23311 0.025 2.97 0 90 0 0 0.7071068 0 0.7071068 1.127789 2
7.6894 SecondCar -39.57941 0.025 2.97 0 90 0 0 0.7071068 0 0.7071068 1.089795 2
7.6910 Head 0 1.6 6.02785 11.62497 0.9749981 0 0.1012694 0.008464617 -0.0008616676 0.9948227
7.6910 FirstCar -7.231275 0.025 2.97 0 90 0 0 0.7071068 0 0.7071068 1.12387 2
7.6910 SecondCar -39.57764 0.025 2.97 0 90 0 0 0.7071068 0 0.7071068 1.085876 2
7.6923 Head 0 1.6 6.02999 11.62497 0.9749981 0 0.1012694 0.008464617 -0.0008616676 0.9948227
7.6923 FirstCar -7.229843 0.025 2.97 0 90 0 0 0.7071068 0 0.7071068 1.120803 2
7.6923 SecondCar -39.57626 0.025 2.97 0 90 0 0 0.7071068 0 0.7071068 1.082809 2
7.6936 Head 0 1.6 6.031664 11.62497 0.9749981 0 0.1012694 0.008464617 -0.0008616676 0.9948227
7.6936 FirstCar -7.228442 0.025 2.97 0 90 0 0 0.7071068 0 0.7071068 1.117795 2
7.6936 SecondCar -39.5749 0.025 2.97 0 90 0 0 0.7071068 0 0.7071068 1.0798 2
7.6948 Head 0 1.6 6.033306 11.62497 0.9749981 0 0.1012694 0.008464617 -0.0008616676 0.9948227
7.6948 FirstCar -7.22707 0.025 2.97 0 90 0 0 0.7071068 0 0.7071068 1.114842 2
7.6948 SecondCar -39.57358 0.025 2.97 0 90 0 0 0.7071068 0 0.7071068 1.076848 2
7.6961 Head 0 1.6 6.034917 11.62497 0.9749981 0 0.1012694 0.008464617 -0.0008616676 0.9948227
7.6961 FirstCar -7.225648 0.025 2.97 0 90 0 0 0.7071068 0 0.7071068 1.111773 2
7.6961 SecondCar -39.5722 0.025 2.97 0 90 0 0 0.7071068 0 0.7071068 1.073779 2
7.6974 Head 0 1.6 6.036592 11.62497 0.9749981 0 0.1012694 0.008464617 -0.0008616676 0.9948227
7.6974 FirstCar -7.224186 0.025 2.97 0 90 0 0 0.7071068 0 0.7071068 1.108607 2
7.6974 SecondCar -39.57079 0.025 2.97 0 90 0 0 0.7071068 0 0.7071068 1.070613 2
7.6988 Head 0 1.6 6.038321 11.62497 0.9749981 0 0.1012694 0.008464617 -0.0008616676 0.9948227
7.6988 FirstCar -7.222621 0.025 2.97 0 90 0 0 0.7071068 0 0.7071068 1.10521 2
7.6988 SecondCar -39.56928 0.025 2.97 0 90 0 0 0.7071068 0 0.7071068 1.067216 2
7.7002 Head 0 1.6 6.040174 11.62497 0.9749981 0 0.1012694 0.008464617 -0.0008616676 0.9948227
7.7002 FirstCar -7.221063 0.025 2.97 0 90 0 0 0.7071068 0 0.7071068 1.101816 2
7.7002 SecondCar -39.56778 0.025 2.97 0 90 0 0 0.7071068 0 0.7071068 1.063821 2
7.7016 Head 0 1.6 6.042027 11.62497 0.9749981 0 0.1012694 0.008464617 -0.0008616676 0.9948227
7.7016 FirstCar -7.21952 0.025 2.97 0 90 0 0 0.7071068 0 0.7071068 1.098443 2
7.7016 SecondCar -39.56629 0.025 2.97 0 90 0 0 0.7071068 0 0.7071068 1.060449 2
7.7032 Head 0 1.6 6.043868 11.62497 0.9749981 0 0.1012694 0.008464617 -0.0008616676 0.9948227
7.7032 FirstCar -7.217812 0.025 2.97 0 90 0 0 0.7071068 0 0.7071068 1.094699 2
7.7032 SecondCar -39.56464 0.025 2.97 0 90 0 0 0.7071068 0 0.7071068 1.056705 2
7.7049 Head 0 1.6 6.045911 11.62497 0.9749981 0 0.1012694 0.008464617 -0.0008616676 0.9948227
7.7049 FirstCar -7.215959 0.025 2.97 0 90 0 0 0.7071068 0 0.7071068 1.090622 2
7.7049 SecondCar -39.56285 0.025 2.97 0 90 0 0 0.7071068 0 0.7071068 1.052628 2
7.7064 Head 0 1.6 6.048137 11.62497 0.9749981 0 0.1012694 0.008464617 -0.0008616676 0.9948227
7.7064 FirstCar -7.214283 0.025 2.97 0 90 0 0 0.7071068 0 0.7071068 1.086921 2
7.7064 SecondCar -39.56123 0.025 2.97 0 90 0 0 0.7071068 0 0.7071068 1.048927 2
7.7080 Head 0 1.6 6.050157 11.62497 0.9749981 0 0.1012694 0.008464617 -0.0008616676 0.9948227
7.7080 FirstCar -7.212615 0.025 2.97 0 90 0 0 0.7071068 0 0.7071068 1.083224 2
7.7080 SecondCar -39.55962 0.025 2.97 0 90 0 0 0.7071068 0 0.7071068 1.04523 2
7.7096 Head 0 1.6 6.052175 11.62497 0.9749981 0 0.1012694 0.008464617 -0.0008616676 0.9948227
7.7096 FirstCar -7.210877 0.025 2.97 0 90 0 0 0.7071068 0 0.7071068 1.07936 2
7.7096 SecondCar -39.55795 0.025 2.97 0 90 0 0 0.7071068 0 0.7071068 1.041366 2
7.7116 Head 0 1.6 6.054284 11.62497 0.9749981 0 0.1012694 0.008464617 -0.0008616676 0.9948227
7.7116 FirstCar -7.208707 0.025 2.97 0 90 0 0 0.7071068 0 0.7071068 1.074514 2
7.7116 SecondCar -39.55585 0.025 2.97 0 90 0 0 0.7071068 0 0.7071068 1.03652 2
7.7133 Head 0 1.6 6.056929 11.62497 0.9749981 0 0.1012694 0.008464617 -0.0008616676 0.9948227
7.7133 FirstCar -7.206851 0.025 2.97 0 90 0 0 0.7071068 0 0.7071068 1.070353 2
7.7133 SecondCar -39.55407 0.025 2.97 0 90 0 0 0.7071068 0 0.7071068 1.032359 2
7.7148 Head 0 1.6 6.0592 11.62497 0.9749981 0 0.1012694 0.008464617 -0.0008616676 0.9948227
7.7148 FirstCar -7.20533 0.025 2.97 0 90 0 0 0.7071068 0 0.7071068 1.066931 2
7.7148 SecondCar -39.5526 0.025 2.97 0 90 0 0 0.7071068 0 0.7071068 1.028937 2
7.7165 Head 0 1.6 6.061068 11.62497 0.9749981 0 0.1012694 0.008464617 -0.0008616676 0.9948227
7.7165 FirstCar -7.20348 0.025 2.97 0 90 0 0 0.7071068 0 0.7071068 1.062754 2
7.7165 SecondCar -39.55081 0.025 2.97 0 90 0 0 0.7071068 0 0.7071068 1.02476 2
7.7180 Head 0 1.6 6.063348 11.62497 1.124998 1.361958E-08 0.1012682 0.00976683 -0.0009942282 0.9948108
7.7180 FirstCar -7.201884 0.025 2.97 0 90 0 0 0.7071068 0 0.7071068 1.059136 2
7.7180 SecondCar -39.54927 0.025 2.97 0 90 0 0 0.7071068 0 0.7071068 1.021142 2
7.7195 Head 0 1.6 6.065323 11.62497 1.124998 1.361958E-08 0.1012682 0.00976683 -0.0009942282 0.9948108
7.7195 FirstCar -7.200314 0.025 2.97 0 90 0 0 0.7071068 0 0.7071068 1.055566 2
7.7195 SecondCar -39.54776 0.025 2.97 0 90 0 0 0.7071068 0 0.7071068 1.017572 2
7.7210 Head 0 1.6 6.067272 11.62497 1.124998 1.361958E-08 0.1012682 0.00976683 -0.0009942282 0.9948108
7.7210 FirstCar -7.198689 0.025 2.97 0 90 0 0 0.7071068 0 0.7071068 1.05186 2
7.7210 SecondCar -39.54619 0.025 2.97 0 90 0 0 0.7071068 0 0.7071068 1.013865 2
7.7227 Head 0 1.6 6.069295 11.62497 1.124998 1.361958E-08 0.1012682 0.00976683 -0.0009942282 0.9948108
7.7227 FirstCar -7.196981 0.025 2.97 0 90 0 0 0.7071068 0 0.7071068 1.04795 2
7.7227 SecondCar -39.54455 0.025 2.97 0 90 0 0 0.7071068 0 0.7071068 1.009955 2
7.7245 Head 0 1.6 6.071429 11.62497 1.124998 1.361958E-08 0.1012682 0.00976683 -0.0009942282 0.9948108
7.7245 FirstCar -7.195021 0.025 2.97 0 90 0 0 0.7071068 0 0.7071068 1.043441 2
7.7245 SecondCar -39.54266 0.025 2.97 0 90 0 0 0.7071068 0 0.7071068 1.005447 2
7.7259 Head 0 1.6 6.07389 11.54997 1.349998 1.361593E-08 0.1006149 0.01172089 -0.001185395 0.9948557
7.7259 FirstCar -7.193568 0.025 2.97 0 90 0 0 0.7071068 0 0.7071068 1.040088 2
7.7259 SecondCar -39.54126 0.025 2.97 0 90 0 0 0.7071068 0 0.7071068 1.002094 2
7.7272 Head 0 1.6 6.07572 11.54997 1.349998 1.361593E-08 0.1006149 0.01172089 -0.001185395 0.9948557
7.7272 FirstCar -7.192263 0.025 2.97 0 90 0 0 0.7071068 0 0.7071068 1.037067 2
7.7272 SecondCar -39.54 0.025 2.97 0 90 0 0 0.7071068 0 0.7071068 0.9990724 2
7.7284 Head 0 1.6 6.07737 11.54997 1.349998 1.361593E-08 0.1006149 0.01172089 -0.001185395 0.9948557
7.7284 FirstCar -7.190979 0.025 2.97 0 90 0 0 0.7071068 0 0.7071068 1.034088 2
7.7284 SecondCar -39.53876 0.025 2.97 0 90 0 0 0.7071068 0 0.7071068 0.9960943 2
7.7303 Head 0 1.6 6.078995 11.54997 1.349998 1.361593E-08 0.1006149 0.01172089 -0.001185395 0.9948557
7.7303 FirstCar -7.189018 0.025 2.97 0 90 0 0 0.7071068 0 0.7071068 1.029515 2
7.7303 SecondCar -39.53688 0.025 2.97 0 90 0 0 0.7071068 0 0.7071068 0.9915208 2
7.7325 Head 0 1.6 6.081491 11.54997 1.349998 1.361593E-08 0.1006149 0.01172089 -0.001185395 0.9948557
7.7325 FirstCar -7.186797 0.025 2.97 0 90 0 0 0.7071068 0 0.7071068 1.02431 2
7.7325 SecondCar -39.53474 0.025 2.97 0 90 0 0 0.7071068 0 0.7071068 0.9863164 2
7.7340 Head 0 1.6 6.084332 11.54997 1.574998 -1.361593E-08 0.1006124 0.01367426 -0.001382949 0.9948308
7.7340 FirstCar -7.185309 0.025 2.97 0 90 0 0 0.7071068 0 0.7071068 1.020814 2
7.7340 SecondCar -39.53331 0.025 2.97 0 90 0 0 0.7071068 0 0.7071068 0.9828199 2
7.7353 Head 0 1.6 6.08624 11.54997 1.574998 -1.361593E-08 0.1006124 0.01367426 -0.001382949 0.9948308
7.7353 FirstCar -7.183927 0.025 2.97 0 90 0 0 0.7071068 0 0.7071068 1.017553 2
7.7353 SecondCar -39.53197 0.025 2.97 0 90 0 0 0.7071068 0 0.7071068 0.9795587 2
7.7367 Head 0 1.6 6.08802 11.54997 1.574998 -1.361593E-08 0.1006124 0.01367426 -0.001382949 0.9948308
7.7367 FirstCar -7.182581 0.025 2.97 0 90 0 0 0.7071068 0 0.7071068 1.01437 2
7.7367 SecondCar -39.53068 0.025 2.97 0 90 0 0 0.7071068 0 0.7071068 0.9763756 2
7.7380 Head 0 1.6 6.089758 11.54997 1.574998 -1.361593E-08 0.1006124 0.01367426 -0.001382949 0.9948308
7.7380 FirstCar -7.181265 0.025 2.97 0 90 0 0 0.7071068 0 0.7071068 1.011245 2
7.7380 SecondCar -39.52942 0.025 2.97 0 90 0 0 0.7071068 0 0.7071068 0.9732513 2
7.7394 Head 0 1.6 6.091463 11.54997 1.574998 -1.361593E-08 0.1006124 0.01367426 -0.001382949 0.9948308
7.7394 FirstCar -7.179773 0.025 2.97 0 90 0 0 0.7071068 0 0.7071068 1.007693 2
7.7394 SecondCar -39.52798 0.025 2.97 0 90 0 0 0.7071068 0 0.7071068 0.9696993 2
7.7415 Head 0 1.6 6.093402 11.54997 1.574998 -1.361593E-08 0.1006124 0.01367426 -0.001382949 0.9948308
7.7415 FirstCar -7.177683 0.025 2.97 0 90 0 0 0.7071068 0 0.7071068 1.002691 2
7.7415 SecondCar -39.52597 0.025 2.97 0 90 0 0 0.7071068 0 0.7071068 0.9646972 2
7.7432 Head 0 1.6 6.096132 11.47497 1.799998 0 0.09995837 0.01562862 -0.00157027 0.9948677
7.7432 FirstCar -7.176043 0.025 2.97 0 90 0 0 0.7071068 0 0.7071068 0.9987501 2
7.7432 SecondCar -39.52439 0.025 2.97 0 90 0 0 0.7071068 0 0.7071068 0.9607559 2
7.7445 Head 0 1.6 6.098284 11.47497 1.799998 0 0.09995837 0.01562862 -0.00157027 0.9948677
7.7445 FirstCar -7.174666 0.025 2.97 0 90 0 0 0.7071068 0 0.7071068 0.9954314 2
7.7445 SecondCar -39.52307 0.025 2.97 0 90 0 0 0.7071068 0 0.7071068 0.9574372 2
7.7458 Head 0 1.6 6.100095 11.47497 1.799998 0 0.09995837 0.01562862 -0.00157027 0.9948677
7.7458 FirstCar -7.173377 0.025 2.97 0 90 0 0 0.7071068 0 0.7071068 0.992313 2
7.7458 SecondCar -39.52183 0.025 2.97 0 90 0 0 0.7071068 0 0.7071068 0.9543188 2
7.7471 Head 0 1.6 6.101798 11.47497 1.799998 0 0.09995837 0.01562862 -0.00157027 0.9948677
7.7471 FirstCar -7.172159 0.025 2.97 0 90 0 0 0.7071068 0 0.7071068 0.9893581 2
7.7471 SecondCar -39.52066 0.025 2.97 0 90 0 0 0.7071068 0 0.7071068 0.9513639 2
7.7488 Head 0 1.6 6.10341 11.47497 1.799998 0 0.09995837 0.01562862 -0.00157027 0.9948677
7.7488 FirstCar -7.170493 0.025 2.97 0 90 0 0 0.7071068 0 0.7071068 0.9853007 2
7.7488 SecondCar -39.51905 0.025 2.97 0 90 0 0 0.7071068 0 0.7071068 0.9473065 2
7.7513 Head 0 1.6 6.105625 11.47497 2.024998 1.36123E-08 0.09995509 0.017582 -0.001766535 0.994835
7.7513 FirstCar -7.167997 0.025 2.97 0 90 0 0 0.7071068 0 0.7071068 0.9791826 2
7.7513 SecondCar -39.51665 0.025 2.97 0 90 0 0 0.7071068 0 0.7071068 0.9411884 2
7.7526 Head 0 1.6 6.108964 11.47497 2.024998 1.36123E-08 0.09995509 0.017582 -0.001766535 0.994835
7.7526 FirstCar -7.166736 0.025 2.97 0 90 0 0 0.7071068 0 0.7071068 0.9760816 2
7.7526 SecondCar -39.51544 0.025 2.97 0 90 0 0 0.7071068 0 0.7071068 0.9380873 2
7.7539 Head 0 1.6 6.110657 11.47497 2.024998 1.36123E-08 0.09995509 0.017582 -0.001766535 0.994835
7.7539 FirstCar -7.165508 0.025 2.97 0 90 0 0 0.7071068 0 0.7071068 0.9730535 2
7.7539 SecondCar -39.51426 0.025 2.97 0 90 0 0 0.7071068 0 0.7071068 0.9350592 2
7.7552 Head 0 1.6 6.11231 11.47497 2.024998 1.36123E-08 0.09995509 0.017582 -0.001766535 0.994835
7.7552 FirstCar -7.164238 0.025 2.97 0 90 0 0 0.7071068 0 0.7071068 0.9699121 2
7.7552 SecondCar -39.51304 0.025 2.97 0 90 0 0 0.7071068 0 0.7071068 0.9319179 2
7.7568 Head 0 1.6 6.114025 11.47497 2.024998 1.36123E-08 0.09995509 0.017582 -0.001766535 0.994835
7.7568 FirstCar -7.16263 0.025 2.97 0 90 0 0 0.7071068 0 0.7071068 0.9659156 2
7.7568 SecondCar -39.5115 0.025 2.97 0 90 0 0 0.7071068 0 0.7071068 0.9279214 2
7.7582 Head 0 1.6 6.116206 11.47497 2.249998 1.36123E-08 0.09995143 0.01953532 -0.001962792 0.9947986
7.7582 FirstCar -7.161335 0.025 2.97 0 90 0 0 0.7071068 0 0.7071068 0.9626886 2
7.7582 SecondCar -39.51025 0.025 2.97 0 90 0 0 0.7071068 0 0.7071068 0.9246944 2
7.7595 Head 0 1.6 6.117968 11.47497 2.249998 1.36123E-08 0.09995143 0.01953532 -0.001962792 0.9947986
7.7595 FirstCar -7.160058 0.025 2.97 0 90 0 0 0.7071068 0 0.7071068 0.9594944 2
7.7595 SecondCar -39.50903 0.025 2.97 0 90 0 0 0.7071068 0 0.7071068 0.9215002 2
7.7614 Head 0 1.6 6.119711 11.47497 2.249998 1.36123E-08 0.09995143 0.01953532 -0.001962792 0.9947986
7.7614 FirstCar -7.158295 0.025 2.97 0 90 0 0 0.7071068 0 0.7071068 0.9550626 2
7.7614 SecondCar -39.50734 0.025 2.97 0 90 0 0 0.7071068 0 0.7071068 0.9170684 2
7.7628 Head 0 1.6 6.12213 11.47497 2.249998 1.36123E-08 0.09995143 0.01953532 -0.001962792 0.9947986
7.7628 FirstCar -7.156912 0.025 2.97 0 90 0 0 0.7071068 0 0.7071068 0.9515766 2
7.7628 SecondCar -39.50601 0.025 2.97 0 90 0 0 0.7071068 0 0.7071068 0.9135824 2
7.7646 Head 0 1.6 6.124032 11.47497 2.249998 1.36123E-08 0.09995143 0.01953532 -0.001962792 0.9947986
7.7646 FirstCar -7.155229 0.025 2.97 0 90 0 0 0.7071068 0 0.7071068 0.9473115 2
7.7646 SecondCar -39.50439 0.025 2.97 0 90 0 0 0.7071068 0 0.7071068 0.9093173 2
7.7662 Head 0 1.6 6.12636 11.39997 2.474998 2.721739E-08 0.09929629 0.02148997 -0.002144978 0.9948235
7.7662 FirstCar -7.15373 0.025 2.97 0 90 0 0 0.7071068 0 0.7071068 0.9434974 2
7.7662 SecondCar -39.50295 0.025 2.97 0 90 0 0 0.7071068 0 0.7071068 0.9055032 2
7.7675 Head 0 1.6 6.128442 11.39997 2.474998 2.721739E-08 0.09929629 0.02148997 -0.002144978 0.9948235
7.7675 FirstCar -7.152464 0.025 2.97 0 90 0 0 0.7071068 0 0.7071068 0.9402668 2
7.7675 SecondCar -39.50174 0.025 2.97 0 90 0 0 0.7071068 0 0.7071068 0.9022726 2
7.7691 Head 0 1.6 6.130206 11.39997 2.474998 2.721739E-08 0.09929629 0.02148997 -0.002144978 0.9948235
7.7691 FirstCar -7.150969 0.025 2.97 0 90 0 0 0.7071068 0 0.7071068 0.9364344 2
7.7691 SecondCar -39.50031 0.025 2.97 0 90 0 0 0.7071068 0 0.7071068 0.8984402 2
7.7720 Head 0 1.6 6.132298 11.39997 2.474998 2.721739E-08 0.09929629 0.02148997 -0.002144978 0.9948235
7.7720 FirstCar -7.148324 0.025 2.97 0 90 0 0 0.7071068 0 0.7071068 0.929606 2
7.7720 SecondCar -39.49777 0.025 2.97 0 90 0 0 0.7071068 0 0.7071068 0.8916118 2
7.7744 Head 0 1.6 6.136025 11.39997 2.474998 2.721739E-08 0.09929629 0.02148997 -0.002144978 0.9948235
7.7744 FirstCar -7.146077 0.025 2.97 0 90 0 0 0.7071068 0 0.7071068 0.9237667 2
7.7744 SecondCar -39.49561 0.025 2.97 0 90 0 0 0.7071068 0 0.7071068 0.8857725 2
7.7763 Head 0 1.6 6.139212 11.39997 2.699998 2.721739E-08 0.09929189 0.02344326 -0.002339941 0.9947794
7.7763 FirstCar -7.144313 0.025 2.97 0 90 0 0 0.7071068 0 0.7071068 0.9191628 2
7.7763 SecondCar -39.49392 0.025 2.97 0 90 0 0 0.7071068 0 0.7071068 0.8811686 2
7.7780 Head 0 1.6 6.141725 11.39997 2.699998 2.721739E-08 0.09929189 0.02344326 -0.002339941 0.9947794
7.7780 FirstCar -7.14279 0.025 2.97 0 90 0 0 0.7071068 0 0.7071068 0.9151685 2
7.7780 SecondCar -39.49246 0.025 2.97 0 90 0 0 0.7071068 0 0.7071068 0.8771743 2
7.7795 Head 0 1.6 6.143905 11.39997 2.699998 2.721739E-08 0.09929189 0.02344326 -0.002339941 0.9947794
7.7795 FirstCar -7.141431 0.025 2.97 0 90 0 0 0.7071068 0 0.7071068 0.9115888 2
7.7795 SecondCar -39.49116 0.025 2.97 0 90 0 0 0.7071068 0 0.7071068 0.8735946 2
7.7813 Head 0 1.6 6.145859 11.39997 2.699998 2.721739E-08 0.09929189 0.02344326 -0.002339941 0.9947794
7.7813 FirstCar -7.139798 0.025 2.97 0 90 0 0 0.7071068 0 0.7071068 0.9072681 2
7.7813 SecondCar -39.48959 0.025 2.97 0 90 0 0 0.7071068 0 0.7071068 0.8692739 2
7.7827 Head 0 1.6 6.148218 11.32497 2.924998 -2.721023E-08 0.09863604 0.02539811 -0.002518273 0.9947963
7.7827 FirstCar -7.138558 0.025 2.97 0 90 0 0 0.7071068 0 0.7071068 0.9039772 2
7.7827 SecondCar -39.48841 0.025 2.97 0 90 0 0 0.7071068 0 0.7071068 0.865983 2
7.7841 Head 0 1.6 6.150014 11.32497 2.924998 -2.721023E-08 0.09863604 0.02539811 -0.002518273 0.9947963
7.7841 FirstCar -7.13727 0.025 2.97 0 90 0 0 0.7071068 0 0.7071068 0.900544 2
7.7841 SecondCar -39.48717 0.025 2.97 0 90 0 0 0.7071068 0 0.7071068 0.8625498 2
7.7854 Head 0 1.6 6.151888 11.32497 2.924998 -2.721023E-08 0.09863604 0.02539811 -0.002518273 0.9947963
7.7854 FirstCar -7.136134 0.025 2.97 0 90 0 0 0.7071068 0 0.7071068 0.8975061 2
7.7854 SecondCar -39.48609 0.025 2.97 0 90 0 0 0.7071068 0 0.7071068 0.8595119 2
7.7867 Head 0 1.6 6.153546 11.32497 2.924998 -2.721023E-08 0.09863604 0.02539811 -0.002518273 0.9947963
7.7867 FirstCar -7.134963 0.025 2.97 0 90 0 0 0.7071068 0 0.7071068 0.8943628 2
7.7867 SecondCar -39.48497 0.025 2.97 0 90 0 0 0.7071068 0 0.7071068 0.8563686 2
7.7879 Head 0 1.6 6.155262 11.32497 2.924998 -2.721023E-08 0.09863604 0.02539811 -0.002518273 0.9947963
7.7879 FirstCar -7.133841 0.025 2.97 0 90 0 0 0.7071068 0 0.7071068 0.8913407 2
7.7879 SecondCar -39.48389 0.025 2.97 0 90 0 0 0.7071068 0 0.7071068 0.8533465 2
7.7898 Head 0 1.6 6.156911 11.32497 2.924998 -2.721023E-08 0.09863604 0.02539811 -0.002518273 0.9947963
7.7898 FirstCar -7.132181 0.025 2.97 0 90 0 0 0.7071068 0 0.7071068 0.8868496 2
7.7898 SecondCar -39.4823 0.025 2.97 0 90 0 0 0.7071068 0 0.7071068 0.8488554 2
7.7921 Head 0 1.6 6.159362 11.32497 3.224998 2.721023E-08 0.09862912 0.02800239 -0.002776493 0.9947263
7.7921 FirstCar -7.13014 0.025 2.97 0 90 0 0 0.7071068 0 0.7071068 0.8812913 2
7.7921 SecondCar -39.48035 0.025 2.97 0 90 0 0 0.7071068 0 0.7071068 0.8432971 2
7.7935 Head 0 1.6 6.162396 11.32497 3.224998 2.721023E-08 0.09862912 0.02800239 -0.002776493 0.9947263
7.7935 FirstCar -7.128898 0.025 2.97 0 90 0 0 0.7071068 0 0.7071068 0.877896 2
7.7935 SecondCar -39.47916 0.025 2.97 0 90 0 0 0.7071068 0 0.7071068 0.8399018 2
7.7948 Head 0 1.6 6.16425 11.32497 3.224998 2.721023E-08 0.09862912 0.02800239 -0.002776493 0.9947263
7.7948 FirstCar -7.127752 0.025 2.97 0 90 0 0 0.7071068 0 0.7071068 0.8747517 2
7.7948 SecondCar -39.47807 0.025 2.97 0 90 0 0 0.7071068 0 0.7071068 0.8367575 2
7.7965 Head 0 1.6 6.165966 11.32497 3.224998 2.721023E-08 0.09862912 0.02800239 -0.002776493 0.9947263
7.7965 FirstCar -7.126314 0.025 2.97 0 90 0 0 0.7071068 0 0.7071068 0.8707884 2
7.7965 SecondCar -39.47669 0.025 2.97 0 90 0 0 0.7071068 0 0.7071068 0.8327942 2
7.7979 Head 0 1.6 6.168129 11.24997 3.524998 0 0.09797047 0.03060846 -0.003014661 0.994714
7.7979 FirstCar -7.125104 0.025 2.97 0 90 0 0 0.7071068 0 0.7071068 0.8674411 2
7.7979 SecondCar -39.47554 0.025 2.97 0 90 0 0 0.7071068 0 0.7071068 0.8294469 2
7.7991 Head 0 1.6 6.169957 11.24997 3.524998 0 0.09797047 0.03060846 -0.003014661 0.994714
7.7991 FirstCar -7.124008 0.025 2.97 0 90 0 0 0.7071068 0 0.7071068 0.8643962 2
7.7991 SecondCar -39.47449 0.025 2.97 0 90 0 0 0.7071068 0 0.7071068 0.826402 2
7.8005 Head 0 1.6 6.171618 11.24997 3.524998 0 0.09797047 0.03060846 -0.003014661 0.994714
7.8005 FirstCar -7.122874 0.025 2.97 0 90 0 0 0.7071068 0 0.7071068 0.8612359 2
7.8005 SecondCar -39.4734 0.025 2.97 0 90 0 0 0.7071068 0 0.7071068 0.8232417 2
7.8018 Head 0 1.6 6.173344 11.24997 3.524998 0 0.09797047 0.03060846 -0.003014661 0.994714
7.8018 FirstCar -7.121723 0.025 2.97 0 90 0 0 0.7071068 0 0.7071068 0.8580177 2
7.8018 SecondCar -39.47231 0.025 2.97 0 90 0 0 0.7071068 0 0.7071068 0.8200235 2
7.8032 Head 0 1.6 6.1751 11.24997 3.524998 0 0.09797047 0.03060846 -0.003014661 0.994714
7.8032 FirstCar -7.120566 0.025 2.97 0 90 0 0 0.7071068 0 0.7071068 0.8547698 2
7.8032 SecondCar -39.4712 0.025 2.97 0 90 0 0 0.7071068 0 0.7071068 0.8167756 2
7.8049 Head 0 1.6 6.176873 11.24997 3.524998 0 0.09797047 0.03060846 -0.003014661 0.994714
7.8049 FirstCar -7.119087 0.025 2.97 0 90 0 0 0.7071068 0 0.7071068 0.8505965 2
7.8049 SecondCar -39.46979 0.025 2.97 0 90 0 0 0.7071068 0 0.7071068 0.8126023 2
7.8065 Head 0 1.6 6.179151 11.24997 3.899997 0 0.09796008 0.03386348 -0.003335251 0.9946085
7.8065 FirstCar -7.117747 0.025 2.97 0 90 0 0 0.7071068 0 0.7071068 0.8467975 2
7.8065 SecondCar -39.46851 0.025 2.97 0 90 0 0 0.7071068 0 0.7071068 0.8088033 2
7.8081 Head 0 1.6 6.181225 11.24997 3.899997 0 0.09796008 0.03386348 -0.003335251 0.9946085
7.8081 FirstCar -7.116403 0.025 2.97 0 90 0 0 0.7071068 0 0.7071068 0.8429717 2
7.8081 SecondCar -39.46722 0.025 2.97 0 90 0 0 0.7071068 0 0.7071068 0.8049775 2
7.8095 Head 0 1.6 6.183313 11.24997 3.899997 0 0.09796008 0.03386348 -0.003335251 0.9946085
7.8095 FirstCar -7.115199 0.025 2.97 0 90 0 0 0.7071068 0 0.7071068 0.8395277 2
7.8095 SecondCar -39.46607 0.025 2.97 0 90 0 0 0.7071068 0 0.7071068 0.8015335 2
7.8111 Head 0 1.6 6.185193 11.24997 3.899997 0 0.09796008 0.03386348 -0.003335251 0.9946085
7.8111 FirstCar -7.113873 0.025 2.97 0 90 0 0 0.7071068 0 0.7071068 0.8357196 2
7.8111 SecondCar -39.46481 0.025 2.97 0 90 0 0 0.7071068 0 0.7071068 0.7977254 2
7.8127 Head 0 1.6 6.187271 11.24997 3.899997 0 0.09796008 0.03386348 -0.003335251 0.9946085
7.8127 FirstCar -7.112541 0.025 2.97 0 90 0 0 0.7071068 0 0.7071068 0.8318784 2
7.8127 SecondCar -39.46354 0.025 2.97 0 90 0 0 0.7071068 0 0.7071068 0.7938842 2
7.8141 Head 0 1.6 6.189368 11.24997 4.199998 0 0.09795102 0.03646724 -0.003591699 0.9945164
7.8141 FirstCar -7.11141 0.025 2.97 0 90 0 0 0.7071068 0 0.7071068 0.8286005 2
7.8141 SecondCar -39.46246 0.025 2.97 0 90 0 0 0.7071068 0 0.7071068 0.7906063 2
7.8153 Head 0 1.6 6.191157 11.24997 4.199998 0 0.09795102 0.03646724 -0.003591699 0.9945164
7.8153 FirstCar -7.110365 0.025 2.97 0 90 0 0 0.7071068 0 0.7071068 0.8255647 2
7.8153 SecondCar -39.46146 0.025 2.97 0 90 0 0 0.7071068 0 0.7071068 0.7875705 2
7.8166 Head 0 1.6 6.192814 11.24997 4.199998 0 0.09795102 0.03646724 -0.003591699 0.9945164
7.8166 FirstCar -7.109343 0.025 2.97 0 90 0 0 0.7071068 0 0.7071068 0.8225798 2
7.8166 SecondCar -39.46048 0.025 2.97 0 90 0 0 0.7071068 0 0.7071068 0.7845856 2
7.8178 Head 0 1.6 6.194443 11.24997 4.199998 0 0.09795102 0.03646724 -0.003591699 0.9945164
7.8178 FirstCar -7.108332 0.025 2.97 0 90 0 0 0.7071068 0 0.7071068 0.8196208 2
7.8178 SecondCar -39.45952 0.025 2.97 0 90 0 0 0.7071068 0 0.7071068 0.7816266 2
7.8191 Head 0 1.6 6.196058 11.24997 4.199998 0 0.09795102 0.03646724 -0.003591699 0.9945164
7.8191 FirstCar -7.107243 0.025 2.97 0 90 0 0 0.7071068 0 0.7071068 0.8164173 2
7.8191 SecondCar -39.45848 0.025 2.97 0 90 0 0 0.7071068 0 0.7071068 0.7784231 2
7.8208 Head 0 1.6 6.197807 11.24997 4.199998 0 0.09795102 0.03646724 -0.003591699 0.9945164
7.8208 FirstCar -7.105927 0.025 2.97 0 90 0 0 0.7071068 0 0.7071068 0.8125334 2
7.8208 SecondCar -39.45723 0.025 2.97 0 90 0 0 0.7071068 0 0.7071068 0.7745392 2
7.8226 Head 0 1.6 6.199927 11.17497 4.574997 -2.719606E-08 0.0972879 0.03972414 -0.003886225 0.9944556
7.8226 FirstCar -7.10443 0.025 2.97 0 90 0 0 0.7071068 0 0.7071068 0.8080872 2
7.8226 SecondCar -39.4558 0.025 2.97 0 90 0 0 0.7071068 0 0.7071068 0.770093 2
7.8241 Head 0 1.6 6.202354 11.17497 4.574997 -2.719606E-08 0.0972879 0.03972414 -0.003886225 0.9944556
7.8241 FirstCar -7.103229 0.025 2.97 0 90 0 0 0.7071068 0 0.7071068 0.8045037 2
7.8241 SecondCar -39.45465 0.025 2.97 0 90 0 0 0.7071068 0 0.7071068 0.7665095 2
7.8254 Head 0 1.6 6.20431 11.17497 4.574997 -2.719606E-08 0.0972879 0.03972414 -0.003886225 0.9944556
7.8254 FirstCar -7.102186 0.025 2.97 0 90 0 0 0.7071068 0 0.7071068 0.8013799 2
7.8254 SecondCar -39.45366 0.025 2.97 0 90 0 0 0.7071068 0 0.7071068 0.7633857 2
7.8266 Head 0 1.6 6.206015 11.17497 4.574997 -2.719606E-08 0.0972879 0.03972414 -0.003886225 0.9944556
7.8266 FirstCar -7.101218 0.025 2.97 0 90 0 0 0.7071068 0 0.7071068 0.7984711 2
7.8266 SecondCar -39.45274 0.025 2.97 0 90 0 0 0.7071068 0 0.7071068 0.7604769 2
7.8278 Head 0 1.6 6.207603 11.17497 4.574997 -2.719606E-08 0.0972879 0.03972414 -0.003886225 0.9944556
7.8278 FirstCar -7.100247 0.025 2.97 0 90 0 0 0.7071068 0 0.7071068 0.7955412 2
7.8278 SecondCar -39.45182 0.025 2.97 0 90 0 0 0.7071068 0 0.7071068 0.757547 2
7.8294 Head 0 1.6 6.209202 11.17497 4.574997 -2.719606E-08 0.0972879 0.03972414 -0.003886225 0.9944556
7.8294 FirstCar -7.099003 0.025 2.97 0 90 0 0 0.7071068 0 0.7071068 0.79177 2
7.8294 SecondCar -39.45063 0.025 2.97 0 90 0 0 0.7071068 0 0.7071068 0.7537758 2
7.8312 Head 0 1.6 6.211261 11.17497 5.024998 5.439213E-08 0.09727189 0.04362904 -0.004268242 0.994292
7.8312 FirstCar -7.097631 0.025 2.97 0 90 0 0 0.7071068 0 0.7071068 0.78759 2
7.8312 SecondCar -39.44933 0.025 2.97 0 90 0 0 0.7071068 0 0.7071068 0.7495958 2
7.8325 Head 0 1.6 6.213542 11.17497 5.024998 5.439213E-08 0.09727189 0.04362904 -0.004268242 0.994292
7.8325 FirstCar -7.096606 0.025 2.97 0 90 0 0 0.7071068 0 0.7071068 0.7844529 2
7.8325 SecondCar -39.44835 0.025 2.97 0 90 0 0 0.7071068 0 0.7071068 0.7464587 2
7.8338 Head 0 1.6 6.215255 11.17497 5.024998 5.439213E-08 0.09727189 0.04362904 -0.004268242 0.994292
7.8338 FirstCar -7.095554 0.025 2.97 0 90 0 0 0.7071068 0 0.7071068 0.7812218 2
7.8338 SecondCar -39.44735 0.025 2.97 0 90 0 0 0.7071068 0 0.7071068 0.7432276 2
7.8351 Head 0 1.6 6.217019 11.17497 5.024998 5.439213E-08 0.09727189 0.04362904 -0.004268242 0.994292
7.8351 FirstCar -7.094512 0.025 2.97 0 90 0 0 0.7071068 0 0.7071068 0.778006 2
7.8351 SecondCar -39.44636 0.025 2.97 0 90 0 0 0.7071068 0 0.7071068 0.7400118 2
7.8367 Head 0 1.6 6.218774 11.17497 5.024998 5.439213E-08 0.09727189 0.04362904 -0.004268242 0.994292
7.8367 FirstCar -7.093284 0.025 2.97 0 90 0 0 0.7071068 0 0.7071068 0.774201 2
7.8367 SecondCar -39.44519 0.025 2.97 0 90 0 0 0.7071068 0 0.7071068 0.7362068 2
7.8381 Head 0 1.6 6.220851 11.17497 5.474998 0 0.09725438 0.04753327 -0.004650195 0.994113
7.8381 FirstCar -7.092261 0.025 2.97 0 90 0 0 0.7071068 0 0.7071068 0.7710174 2
7.8381 SecondCar -39.44422 0.025 2.97 0 90 0 0 0.7071068 0 0.7071068 0.7330232 2
7.8398 Head 0 1.6 6.222589 11.17497 5.474998 0 0.09725438 0.04753327 -0.004650195 0.994113
7.8398 FirstCar -7.090916 0.025 2.97 0 90 0 0 0.7071068 0 0.7071068 0.7668076 2
7.8398 SecondCar -39.44294 0.025 2.97 0 90 0 0 0.7071068 0 0.7071068 0.7288134 2
7.8414 Head 0 1.6 6.224886 11.17497 5.474998 0 0.09725438 0.04753327 -0.004650195 0.994113
7.8414 FirstCar -7.089696 0.025 2.97 0 90 0 0 0.7071068 0 0.7071068 0.76297 2
7.8414 SecondCar -39.44178 0.025 2.97 0 90 0 0 0.7071068 0 0.7071068 0.7249758 2
7.8429 Head 0 1.6 6.226981 11.17497 5.474998 0 0.09725438 0.04753327 -0.004650195 0.994113
7.8429 FirstCar -7.088537 0.025 2.97 0 90 0 0 0.7071068 0 0.7071068 0.7593064 2
7.8429 SecondCar -39.44068 0.025 2.97 0 90 0 0 0.7071068 0 0.7071068 0.7213122 2
7.8447 Head 0 1.6 6.228981 11.17497 5.474998 0 0.09725438 0.04753327 -0.004650195 0.994113
7.8447 FirstCar -7.087232 0.025 2.97 0 90 0 0 0.7071068 0 0.7071068 0.7551605 2
7.8447 SecondCar -39.43944 0.025 2.97 0 90 0 0 0.7071068 0 0.7071068 0.7171662 2
7.8462 Head 0 1.6 6.231244 11.17497 5.849998 0 0.09723864 0.05078624 -0.004968433 0.9939521
7.8462 FirstCar -7.086057 0.025 2.97 0 90 0 0 0.7071068 0 0.7071068 0.7514076 2
7.8462 SecondCar -39.43833 0.025 2.97 0 90 0 0 0.7071068 0 0.7071068 0.7134134 2
7.8476 Head 0 1.6 6.233293 11.17497 5.849998 0 0.09723864 0.05078624 -0.004968433 0.9939521
7.8476 FirstCar -7.085043 0.025 2.97 0 90 0 0 0.7071068 0 0.7071068 0.7481546 2
7.8476 SecondCar -39.43737 0.025 2.97 0 90 0 0 0.7071068 0 0.7071068 0.7101604 2
7.8490 Head 0 1.6 6.235068 11.17497 5.849998 0 0.09723864 0.05078624 -0.004968433 0.9939521
7.8490 FirstCar -7.083982 0.025 2.97 0 90 0 0 0.7071068 0 0.7071068 0.7447341 2
7.8490 SecondCar -39.43636 0.025 2.97 0 90 0 0 0.7071068 0 0.7071068 0.7067399 2
7.8516 Head 0 1.6 6.236935 11.17497 5.849998 0 0.09723864 0.05078624 -0.004968433 0.9939521
7.8516 FirstCar -7.082072 0.025 2.97 0 90 0 0 0.7071068 0 0.7071068 0.7385289 2
7.8516 SecondCar -39.43455 0.025 2.97 0 90 0 0 0.7071068 0 0.7071068 0.7005347 2
7.8541 Head 0 1.6 6.240322 11.17497 5.849998 0 0.09723864 0.05078624 -0.004968433 0.9939521
7.8541 FirstCar -7.080268 0.025 2.97 0 90 0 0 0.7071068 0 0.7071068 0.732618 2
7.8541 SecondCar -39.43284 0.025 2.97 0 90 0 0 0.7071068 0 0.7071068 0.6946238 2
7.8557 Head 0 1.6 6.243548 11.09997 6.299997 0 0.09656794 0.05469256 -0.005314454 0.9938084
7.8557 FirstCar -7.079103 0.025 2.97 0 90 0 0 0.7071068 0 0.7071068 0.7287802 2
7.8557 SecondCar -39.43173 0.025 2.97 0 90 0 0 0.7071068 0 0.7071068 0.6907859 2
7.8572 Head 0 1.6 6.245643 11.09997 6.299997 0 0.09656794 0.05469256 -0.005314454 0.9938084
7.8572 FirstCar -7.077967 0.025 2.97 0 90 0 0 0.7071068 0 0.7071068 0.7250223 2
7.8572 SecondCar -39.43066 0.025 2.97 0 90 0 0 0.7071068 0 0.7071068 0.6870281 2
7.8587 Head 0 1.6 6.247694 11.09997 6.299997 0 0.09656794 0.05469256 -0.005314454 0.9938084
7.8587 FirstCar -7.076899 0.025 2.97 0 90 0 0 0.7071068 0 0.7071068 0.7214686 2
7.8587 SecondCar -39.42965 0.025 2.97 0 90 0 0 0.7071068 0 0.7071068 0.6834744 2
7.8602 Head 0 1.6 6.249634 11.09997 6.299997 0 0.09656794 0.05469256 -0.005314454 0.9938084
7.8602 FirstCar -7.075815 0.025 2.97 0 90 0 0 0.7071068 0 0.7071068 0.7178436 2
7.8602 SecondCar -39.42862 0.025 2.97 0 90 0 0 0.7071068 0 0.7071068 0.6798494 2
7.8616 Head 0 1.6 6.251613 11.09997 6.749997 5.437812E-08 0.09654634 0.0585948 -0.005693633 0.9935859
7.8616 FirstCar -7.074801 0.025 2.97 0 90 0 0 0.7071068 0 0.7071068 0.7144402 2
7.8616 SecondCar -39.42766 0.025 2.97 0 90 0 0 0.7071068 0 0.7071068 0.676446 2
7.8629 Head 0 1.6 6.25347 11.09997 6.749997 5.437812E-08 0.09654634 0.0585948 -0.005693633 0.9935859
7.8629 FirstCar -7.073884 0.025 2.97 0 90 0 0 0.7071068 0 0.7071068 0.7113449 2
7.8629 SecondCar -39.42679 0.025 2.97 0 90 0 0 0.7071068 0 0.7071068 0.6733507 2
7.8642 Head 0 1.6 6.25516 11.09997 6.749997 5.437812E-08 0.09654634 0.0585948 -0.005693633 0.9935859
7.8642 FirstCar -7.072994 0.025 2.97 0 90 0 0 0.7071068 0 0.7071068 0.7083281 2
7.8642 SecondCar -39.42595 0.025 2.97 0 90 0 0 0.7071068 0 0.7071068 0.6703339 2
7.8654 Head 0 1.6 6.256806 11.09997 6.749997 5.437812E-08 0.09654634 0.0585948 -0.005693633 0.9935859
7.8654 FirstCar -7.072106 0.025 2.97 0 90 0 0 0.7071068 0 0.7071068 0.7053086 2
7.8654 SecondCar -39.42511 0.025 2.97 0 90 0 0 0.7071068 0 0.7071068 0.6673144 2
7.8668 Head 0 1.6 6.258454 11.09997 6.749997 5.437812E-08 0.09654634 0.0585948 -0.005693633 0.9935859
7.8668 FirstCar -7.07113 0.025 2.97 0 90 0 0 0.7071068 0 0.7071068 0.701969 2
7.8668 SecondCar -39.42419 0.025 2.97 0 90 0 0 0.7071068 0 0.7071068 0.6639748 2
7.8687 Head 0 1.6 6.260277 11.09997 6.749997 5.437812E-08 0.09654634 0.0585948 -0.005693633 0.9935859
7.8687 FirstCar -7.069813 0.025 2.97 0 90 0 0 0.7071068 0 0.7071068 0.6974385 2
7.8687 SecondCar -39.42294 0.025 2.97 0 90 0 0 0.7071068 0 0.7071068 0.6594443 2
7.8709 Head 0 1.6 6.26275 11.09997 7.124997 0 0.09652718 0.06184599 -0.006009549 0.9933889
7.8709 FirstCar -7.068323 0.025 2.97 0 90 0 0 0.7071068 0 0.7071068 0.6922733 2
7.8709 SecondCar -39.42154 0.025 2.97 0 90 0 0 0.7071068 0 0.7071068 0.6542791 2
7.8724 Head 0 1.6 6.26557 11.09997 7.124997 0 0.09652718 0.06184599 -0.006009549 0.9933889
7.8724 FirstCar -7.067255 0.025 2.97 0 90 0 0 0.7071068 0 0.7071068 0.6885506 2
7.8724 SecondCar -39.42052 0.025 2.97 0 90 0 0 0.7071068 0 0.7071068 0.6505564 2
7.8738 Head 0 1.6 6.267601 11.09997 7.124997 0 0.09652718 0.06184599 -0.006009549 0.9933889
7.8738 FirstCar -7.066304 0.025 2.97 0 90 0 0 0.7071068 0 0.7071068 0.6852182 2
7.8738 SecondCar -39.41962 0.025 2.97 0 90 0 0 0.7071068 0 0.7071068 0.647224 2
7.8751 Head 0 1.6 6.269421 11.09997 7.124997 0 0.09652718 0.06184599 -0.006009549 0.9933889
7.8751 FirstCar -7.065423 0.025 2.97 0 90 0 0 0.7071068 0 0.7071068 0.6821188 2
7.8751 SecondCar -39.41879 0.025 2.97 0 90 0 0 0.7071068 0 0.7071068 0.6441246 2
7.8768 Head 0 1.6 6.271112 11.09997 7.124997 0 0.09652718 0.06184599 -0.006009549 0.9933889
7.8768 FirstCar -7.064296 0.025 2.97 0 90 0 0 0.7071068 0 0.7071068 0.6781298 2
7.8768 SecondCar -39.41773 0.025 2.97 0 90 0 0 0.7071068 0 0.7071068 0.6401356 2
7.8784 Head 0 1.6 6.27329 11.09997 7.649997 0 0.09649864 0.06639653 -0.006451723 0.9930951
7.8784 FirstCar -7.063222 0.025 2.97 0 90 0 0 0.7071068 0 0.7071068 0.6743078 2
7.8784 SecondCar -39.41671 0.025 2.97 0 90 0 0 0.7071068 0 0.7071068 0.6363136 2
7.8797 Head 0 1.6 6.275376 11.09997 7.649997 0 0.09649864 0.06639653 -0.006451723 0.9930951
7.8797 FirstCar -7.062285 0.025 2.97 0 90 0 0 0.7071068 0 0.7071068 0.6709567 2
7.8797 SecondCar -39.41583 0.025 2.97 0 90 0 0 0.7071068 0 0.7071068 0.6329625 2
7.8810 Head 0 1.6 6.277205 11.09997 7.649997 0 0.09649864 0.06639653 -0.006451723 0.9930951
7.8810 FirstCar -7.061417 0.025 2.97 0 90 0 0 0.7071068 0 0.7071068 0.6678379 2
7.8810 SecondCar -39.41501 0.025 2.97 0 90 0 0 0.7071068 0 0.7071068 0.6298437 2
7.8823 Head 0 1.6 6.278907 11.09997 7.649997 0 0.09649864 0.06639653 -0.006451723 0.9930951
7.8823 FirstCar -7.060594 0.025 2.97 0 90 0 0 0.7071068 0 0.7071068 0.6648657 2
7.8823 SecondCar -39.41423 0.025 2.97 0 90 0 0 0.7071068 0 0.7071068 0.6268715 2
7.8846 Head 0 1.6 6.280529 11.09997 7.649997 0 0.09649864 0.06639653 -0.006451723 0.9930951
7.8846 FirstCar -7.059072 0.025 2.97 0 90 0 0 0.7071068 0 0.7071068 0.6593284 2
7.8846 SecondCar -39.4128 0.025 2.97 0 90 0 0 0.7071068 0 0.7071068 0.6213342 2
7.8862 Head 0 1.6 6.283552 11.02497 8.099997 0 0.09582274 0.07030033 -0.006784611 0.9928896
7.8862 FirstCar -7.058018 0.025 2.97 0 90 0 0 0.7071068 0 0.7071068 0.655467 2
7.8862 SecondCar -39.4118 0.025 2.97 0 90 0 0 0.7071068 0 0.7071068 0.6174728 2
7.8877 Head 0 1.6 6.285659 11.02497 8.099997 0 0.09582274 0.07030033 -0.006784611 0.9928896
7.8877 FirstCar -7.057023 0.025 2.97 0 90 0 0 0.7071068 0 0.7071068 0.6518039 2
7.8877 SecondCar -39.41087 0.025 2.97 0 90 0 0 0.7071068 0 0.7071068 0.6138097 2
7.8892 Head 0 1.6 6.287659 11.02497 8.099997 0 0.09582274 0.07030033 -0.006784611 0.9928896
7.8892 FirstCar -7.056039 0.025 2.97 0 90 0 0 0.7071068 0 0.7071068 0.6481616 2
7.8892 SecondCar -39.40994 0.025 2.97 0 90 0 0 0.7071068 0 0.7071068 0.6101674 2
7.8912 Head 0 1.6 6.289647 11.02497 8.099997 0 0.09582274 0.07030033 -0.006784611 0.9928896
7.8912 FirstCar -7.05477 0.025 2.97 0 90 0 0 0.7071068 0 0.7071068 0.6434272 2
7.8912 SecondCar -39.40874 0.025 2.97 0 90 0 0 0.7071068 0 0.7071068 0.605433 2
7.8929 Head 0 1.6 6.292231 11.02497 8.099997 0 0.09582274 0.07030033 -0.006784611 0.9928896
7.8929 FirstCar -7.05367 0.025 2.97 0 90 0 0 0.7071068 0 0.7071068 0.639299 2
7.8929 SecondCar -39.40771 0.025 2.97 0 90 0 0 0.7071068 0 0.7071068 0.6013048 2
7.8944 Head 0 1.6 6.294485 11.02497 8.549997 0 0.09579536 0.07419885 -0.007160853 0.9926059
7.8944 FirstCar -7.052721 0.025 2.97 0 90 0 0 0.7071068 0 0.7071068 0.6357129 2
7.8944 SecondCar -39.40682 0.025 2.97 0 90 0 0 0.7071068 0 0.7071068 0.5977187 2
7.8958 Head 0 1.6 6.296442 11.02497 8.549997 0 0.09579536 0.07419885 -0.007160853 0.9926059
7.8958 FirstCar -7.051835 0.025 2.97 0 90 0 0 0.7071068 0 0.7071068 0.6323498 2
7.8958 SecondCar -39.40599 0.025 2.97 0 90 0 0 0.7071068 0 0.7071068 0.5943556 2
7.8973 Head 0 1.6 6.298278 11.02497 8.549997 0 0.09579536 0.07419885 -0.007160853 0.9926059
7.8973 FirstCar -7.050906 0.025 2.97 0 90 0 0 0.7071068 0 0.7071068 0.6288052 2
7.8973 SecondCar -39.40511 0.025 2.97 0 90 0 0 0.7071068 0 0.7071068 0.590811 2
7.8989 Head 0 1.6 6.300212 11.02497 8.549997 0 0.09579536 0.07419885 -0.007160853 0.9926059
7.8989 FirstCar -7.049915 0.025 2.97 0 90 0 0 0.7071068 0 0.7071068 0.6250005 2
7.8989 SecondCar -39.40418 0.025 2.97 0 90 0 0 0.7071068 0 0.7071068 0.5870063 2
7.9011 Head 0 1.6 6.302289 11.02497 8.549997 0 0.09579536 0.07419885 -0.007160853 0.9926059
7.9011 FirstCar -7.048569 0.025 2.97 0 90 0 0 0.7071068 0 0.7071068 0.6197898 2
7.9011 SecondCar -39.40292 0.025 2.97 0 90 0 0 0.7071068 0 0.7071068 0.5817956 2
7.9032 Head 0 1.6 6.305133 11.02497 8.924998 5.43642E-08 0.09577141 0.07744674 -0.007474304 0.9923578
7.9032 FirstCar -7.047229 0.025 2.97 0 90 0 0 0.7071068 0 0.7071068 0.6145552 2
7.9032 SecondCar -39.40166 0.025 2.97 0 90 0 0 0.7071068 0 0.7071068 0.576561 2
7.9064 Head 0 1.6 6.307991 11.02497 8.924998 5.43642E-08 0.09577141 0.07744674 -0.007474304 0.9923578
7.9064 FirstCar -7.04534 0.025 2.97 0 90 0 0 0.7071068 0 0.7071068 0.6070893 2
7.9064 SecondCar -39.39989 0.025 2.97 0 90 0 0 0.7071068 0 0.7071068 0.5690951 2
7.9085 Head 0 1.6 6.312066 11.02497 8.924998 5.43642E-08 0.09577141 0.07744674 -0.007474304 0.9923578
7.9085 FirstCar -7.044038 0.025 2.97 0 90 0 0 0.7071068 0 0.7071068 0.6018988 2
7.9085 SecondCar -39.39867 0.025 2.97 0 90 0 0 0.7071068 0 0.7071068 0.5639046 2
7.9103 Head 0 1.6 6.314899 11.02497 9.374998 -5.43642E-08 0.09574132 0.08134311 -0.007850339 0.992046
7.9103 FirstCar -7.042953 0.025 2.97 0 90 0 0 0.7071068 0 0.7071068 0.5975378 2
7.9103 SecondCar -39.39765 0.025 2.97 0 90 0 0 0.7071068 0 0.7071068 0.5595436 2
7.9125 Head 0 1.6 6.317279 11.02497 9.374998 -5.43642E-08 0.09574132 0.08134311 -0.007850339 0.992046
7.9125 FirstCar -7.041701 0.025 2.97 0 90 0 0 0.7071068 0 0.7071068 0.5924702 2
7.9125 SecondCar -39.39648 0.025 2.97 0 90 0 0 0.7071068 0 0.7071068 0.554476 2
7.9142 Head 0 1.6 6.320045 11.02497 9.374998 -5.43642E-08 0.09574132 0.08134311 -0.007850339 0.992046
7.9142 FirstCar -7.040667 0.025 2.97 0 90 0 0 0.7071068 0 0.7071068 0.5882512 2
7.9142 SecondCar -39.39551 0.025 2.97 0 90 0 0 0.7071068 0 0.7071068 0.550257 2
7.9172 Head 0 1.6 6.322348 11.02497 9.374998 -5.43642E-08 0.09574132 0.08134311 -0.007850339 0.992046
7.9172 FirstCar -7.038914 0.025 2.97 0 90 0 0 0.7071068 0 0.7071068 0.5810102 2
7.9172 SecondCar -39.39388 0.025 2.97 0 90 0 0 0.7071068 0 0.7071068 0.543016 2
7.9192 Head 0 1.6 6.326301 10.94997 9.824998 0 0.09506065 0.0852436 -0.008170462 0.9917814
7.9192 FirstCar -7.03775 0.025 2.97 0 90 0 0 0.7071068 0 0.7071068 0.576162 2
7.9192 SecondCar -39.39279 0.025 2.97 0 90 0 0 0.7071068 0 0.7071068 0.5381678 2
7.9209 Head 0 1.6 6.328947 10.94997 9.824998 0 0.09506065 0.0852436 -0.008170462 0.9917814
7.9209 FirstCar -7.036821 0.025 2.97 0 90 0 0 0.7071068 0 0.7071068 0.5722651 2
7.9209 SecondCar -39.39192 0.025 2.97 0 90 0 0 0.7071068 0 0.7071068 0.5342709 2
7.9224 Head 0 1.6 6.331074 10.94997 9.824998 0 0.09506065 0.0852436 -0.008170462 0.9917814
7.9224 FirstCar -7.035965 0.025 2.97 0 90 0 0 0.7071068 0 0.7071068 0.5686536 2
7.9224 SecondCar -39.39112 0.025 2.97 0 90 0 0 0.7071068 0 0.7071068 0.5306594 2
7.9238 Head 0 1.6 6.333045 10.94997 9.824998 0 0.09506065 0.0852436 -0.008170462 0.9917814
7.9238 FirstCar -7.035183 0.025 2.97 0 90 0 0 0.7071068 0 0.7071068 0.5653337 2
7.9238 SecondCar -39.3904 0.025 2.97 0 90 0 0 0.7071068 0 0.7071068 0.5273395 2
7.9252 Head 0 1.6 6.334857 10.94997 9.824998 0 0.09506065 0.0852436 -0.008170462 0.9917814
7.9252 FirstCar -7.034365 0.025 2.97 0 90 0 0 0.7071068 0 0.7071068 0.5618381 2
7.9252 SecondCar -39.38963 0.025 2.97 0 90 0 0 0.7071068 0 0.7071068 0.5238439 2
7.9265 Head 0 1.6 6.336765 10.94997 10.35 0 0.09502223 0.08978651 -0.008605894 0.9913805
7.9265 FirstCar -7.033648 0.025 2.97 0 90 0 0 0.7071068 0 0.7071068 0.5587567 2
7.9265 SecondCar -39.38897 0.025 2.97 0 90 0 0 0.7071068 0 0.7071068 0.5207625 2
7.9278 Head 0 1.6 6.338447 10.94997 10.35 0 0.09502223 0.08978651 -0.008605894 0.9913805
7.9278 FirstCar -7.032931 0.025 2.97 0 90 0 0 0.7071068 0 0.7071068 0.555661 2
7.9278 SecondCar -39.3883 0.025 2.97 0 90 0 0 0.7071068 0 0.7071068 0.5176668 2
7.9291 Head 0 1.6 6.340137 10.94997 10.35 0 0.09502223 0.08978651 -0.008605894 0.9913805
7.9291 FirstCar -7.032225 0.025 2.97 0 90 0 0 0.7071068 0 0.7071068 0.5525959 2
7.9291 SecondCar -39.38764 0.025 2.97 0 90 0 0 0.7071068 0 0.7071068 0.5146017 2
7.9307 Head 0 1.6 6.34181 10.94997 10.35 0 0.09502223 0.08978651 -0.008605894 0.9913805
7.9307 FirstCar -7.031306 0.025 2.97 0 90 0 0 0.7071068 0 0.7071068 0.5485755 2
7.9307 SecondCar -39.38679 0.025 2.97 0 90 0 0 0.7071068 0 0.7071068 0.5105813 2
7.9325 Head 0 1.6 6.344005 10.94997 10.35 0 0.09502223 0.08978651 -0.008605894 0.9913805
7.9325 FirstCar -7.030356 0.025 2.97 0 90 0 0 0.7071068 0 0.7071068 0.5443851 2
7.9325 SecondCar -39.3859 0.025 2.97 0 90 0 0 0.7071068 0 0.7071068 0.5063909 2
7.9339 Head 0 1.6 6.346292 10.94997 10.725 0 0.09499355 0.09303031 -0.008916806 0.9910813
7.9339 FirstCar -7.029614 0.025 2.97 0 90 0 0 0.7071068 0 0.7071068 0.5410942 2
7.9339 SecondCar -39.38521 0.025 2.97 0 90 0 0 0.7071068 0 0.7071068 0.5031 2
7.9351 Head 0 1.6 6.348088 10.94997 10.725 0 0.09499355 0.09303031 -0.008916806 0.9910813
7.9351 FirstCar -7.02893 0.025 2.97 0 90 0 0 0.7071068 0 0.7071068 0.5380428 2
7.9351 SecondCar -39.38457 0.025 2.97 0 90 0 0 0.7071068 0 0.7071068 0.5000486 2
7.9364 Head 0 1.6 6.349754 10.94997 10.725 0 0.09499355 0.09303031 -0.008916806 0.9910813
7.9364 FirstCar -7.028257 0.025 2.97 0 90 0 0 0.7071068 0 0.7071068 0.5350243 2
7.9364 SecondCar -39.38395 0.025 2.97 0 90 0 0 0.7071068 0 0.7071068 0.4970302 2
7.9376 Head 0 1.6 6.351401 10.94997 10.725 0 0.09499355 0.09303031 -0.008916806 0.9910813
7.9376 FirstCar -7.027591 0.025 2.97 0 90 0 0 0.7071068 0 0.7071068 0.5320224 2
7.9376 SecondCar -39.38333 0.025 2.97 0 90 0 0 0.7071068 0 0.7071068 0.4940282 2
7.9389 Head 0 1.6 6.35304 10.94997 10.725 0 0.09499355 0.09303031 -0.008916806 0.9910813
7.9389 FirstCar -7.026901 0.025 2.97 0 90 0 0 0.7071068 0 0.7071068 0.5288904 2
7.9389 SecondCar -39.38269 0.025 2.97 0 90 0 0 0.7071068 0 0.7071068 0.4908963 2
7.9407 Head 0 1.6 6.354749 10.94997 10.725 0 0.09499355 0.09303031 -0.008916806 0.9910813
7.9407 FirstCar -7.025996 0.025 2.97 0 90 0 0 0.7071068 0 0.7071068 0.5247502 2
7.9407 SecondCar -39.38185 0.025 2.97 0 90 0 0 0.7071068 0 0.7071068 0.486756 2
7.9420 Head 0 1.6 6.357009 10.87497 11.1 0 0.09431539 0.09627914 -0.009164612 0.9908335
7.9420 FirstCar -7.025298 0.025 2.97 0 90 0 0 0.7071068 0 0.7071068 0.5215359 2
7.9420 SecondCar -39.3812 0.025 2.97 0 90 0 0 0.7071068 0 0.7071068 0.4835417 2
7.9433 Head 0 1.6 6.358763 10.87497 11.1 0 0.09431539 0.09627914 -0.009164612 0.9908335
7.9433 FirstCar -7.024603 0.025 2.97 0 90 0 0 0.7071068 0 0.7071068 0.5183184 2
7.9433 SecondCar -39.38056 0.025 2.97 0 90 0 0 0.7071068 0 0.7071068 0.4803243 2
7.9446 Head 0 1.6 6.360519 10.87497 11.1 0 0.09431539 0.09627914 -0.009164612 0.9908335
7.9446 FirstCar -7.023962 0.025 2.97 0 90 0 0 0.7071068 0 0.7071068 0.5153369 2
7.9446 SecondCar -39.37997 0.025 2.97 0 90 0 0 0.7071068 0 0.7071068 0.4773428 2
7.9459 Head 0 1.6 6.362147 10.87497 11.1 0 0.09431539 0.09627914 -0.009164612 0.9908335
7.9459 FirstCar -7.0233 0.025 2.97 0 90 0 0 0.7071068 0 0.7071068 0.5122313 2
7.9459 SecondCar -39.37935 0.025 2.97 0 90 0 0 0.7071068 0 0.7071068 0.4742371 2
7.9473 Head 0 1.6 6.363842 10.87497 11.1 0 0.09431539 0.09627914 -0.009164612 0.9908335
7.9473 FirstCar -7.022584 0.025 2.97 0 90 0 0 0.7071068 0 0.7071068 0.5088547 2
7.9473 SecondCar -39.37869 0.025 2.97 0 90 0 0 0.7071068 0 0.7071068 0.4708606 2
7.9492 Head 0 1.6 6.365685 10.87497 11.1 0 0.09431539 0.09627914 -0.009164612 0.9908335
7.9492 FirstCar -7.021645 0.025 2.97 0 90 0 0 0.7071068 0 0.7071068 0.5043881 2
7.9492 SecondCar -39.37782 0.025 2.97 0 90 0 0 0.7071068 0 0.7071068 0.4663939 2
7.9511 Head 0 1.6 6.368123 10.87497 11.4 1.086733E-07 0.09429108 0.09887281 -0.009411498 0.9905781
7.9511 FirstCar -7.020669 0.025 2.97 0 90 0 0 0.7071068 0 0.7071068 0.4997035 2
7.9511 SecondCar -39.37692 0.025 2.97 0 90 0 0 0.7071068 0 0.7071068 0.4617094 2
7.9525 Head 0 1.6 6.37068 10.87497 11.4 1.086733E-07 0.09429108 0.09887281 -0.009411498 0.9905781
7.9525 FirstCar -7.019994 0.025 2.97 0 90 0 0 0.7071068 0 0.7071068 0.4964393 2
7.9525 SecondCar -39.3763 0.025 2.97 0 90 0 0 0.7071068 0 0.7071068 0.4584451 2
7.9537 Head 0 1.6 6.372462 10.87497 11.4 1.086733E-07 0.09429108 0.09887281 -0.009411498 0.9905781
7.9537 FirstCar -7.019382 0.025 2.97 0 90 0 0 0.7071068 0 0.7071068 0.4934645 2
7.9537 SecondCar -39.37573 0.025 2.97 0 90 0 0 0.7071068 0 0.7071068 0.4554703 2
7.9550 Head 0 1.6 6.374085 10.87497 11.4 1.086733E-07 0.09429108 0.09887281 -0.009411498 0.9905781
7.9550 FirstCar -7.018762 0.025 2.97 0 90 0 0 0.7071068 0 0.7071068 0.4904261 2
7.9550 SecondCar -39.37516 0.025 2.97 0 90 0 0 0.7071068 0 0.7071068 0.4524319 2
7.9567 Head 0 1.6 6.375744 10.87497 11.4 1.086733E-07 0.09429108 0.09887281 -0.009411498 0.9905781
7.9567 FirstCar -7.0179 0.025 2.97 0 90 0 0 0.7071068 0 0.7071068 0.4861728 2
7.9567 SecondCar -39.37437 0.025 2.97 0 90 0 0 0.7071068 0 0.7071068 0.4481786 2
7.9582 Head 0 1.6 6.378066 10.87497 11.55 0 0.09427868 0.1001694 -0.009534916 0.9904478
7.9582 FirstCar -7.017203 0.025 2.97 0 90 0 0 0.7071068 0 0.7071068 0.4827079 2
7.9582 SecondCar -39.37373 0.025 2.97 0 90 0 0 0.7071068 0 0.7071068 0.4447137 2
7.9596 Head 0 1.6 6.379957 10.87497 11.55 0 0.09427868 0.1001694 -0.009534916 0.9904478
7.9596 FirstCar -7.016528 0.025 2.97 0 90 0 0 0.7071068 0 0.7071068 0.4793251 2
7.9596 SecondCar -39.3731 0.025 2.97 0 90 0 0 0.7071068 0 0.7071068 0.4413309 2
7.9616 Head 0 1.6 6.381803 10.87497 11.55 0 0.09427868 0.1001694 -0.009534916 0.9904478
7.9616 FirstCar -7.015572 0.025 2.97 0 90 0 0 0.7071068 0 0.7071068 0.4744922 2
7.9616 SecondCar -39.37223 0.025 2.97 0 90 0 0 0.7071068 0 0.7071068 0.436498 2
7.9631 Head 0 1.6 6.384441 10.87497 11.55 0 0.09427868 0.1001694 -0.009534916 0.9904478
7.9631 FirstCar -7.014865 0.025 2.97 0 90 0 0 0.7071068 0 0.7071068 0.4708879 2
7.9631 SecondCar -39.37158 0.025 2.97 0 90 0 0 0.7071068 0 0.7071068 0.4328937 2
7.9648 Head 0 1.6 6.386408 10.87497 11.55 0 0.09427868 0.1001694 -0.009534916 0.9904478
7.9648 FirstCar -7.014078 0.025 2.97 0 90 0 0 0.7071068 0 0.7071068 0.4668425 2
7.9648 SecondCar -39.37086 0.025 2.97 0 90 0 0 0.7071068 0 0.7071068 0.4288483 2
7.9662 Head 0 1.6 6.388617 10.79997 11.775 0 0.09361164 0.1021203 -0.009653178 0.9903107
7.9662 FirstCar -7.013416 0.025 2.97 0 90 0 0 0.7071068 0 0.7071068 0.4634157 2
7.9662 SecondCar -39.37025 0.025 2.97 0 90 0 0 0.7071068 0 0.7071068 0.4254216 2
7.9677 Head 0 1.6 6.390487 10.79997 11.775 0 0.09361164 0.1021203 -0.009653178 0.9903107
7.9677 FirstCar -7.012743 0.025 2.97 0 90 0 0 0.7071068 0 0.7071068 0.459905 2
7.9677 SecondCar -39.36963 0.025 2.97 0 90 0 0 0.7071068 0 0.7071068 0.4219109 2
7.9691 Head 0 1.6 6.392404 10.79997 11.775 0 0.09361164 0.1021203 -0.009653178 0.9903107
7.9691 FirstCar -7.012077 0.025 2.97 0 90 0 0 0.7071068 0 0.7071068 0.4563984 2
7.9691 SecondCar -39.36902 0.025 2.97 0 90 0 0 0.7071068 0 0.7071068 0.4184042 2
7.9712 Head 0 1.6 6.394318 10.79997 11.775 0 0.09361164 0.1021203 -0.009653178 0.9903107
7.9712 FirstCar -7.011149 0.025 2.97 0 90 0 0 0.7071068 0 0.7071068 0.4514678 2
7.9712 SecondCar -39.36817 0.025 2.97 0 90 0 0 0.7071068 0 0.7071068 0.4134737 2
7.9733 Head 0 1.6 6.397009 10.79997 11.775 0 0.09361164 0.1021203 -0.009653178 0.9903107
7.9733 FirstCar -7.010217 0.025 2.97 0 90 0 0 0.7071068 0 0.7071068 0.4464528 2
7.9733 SecondCar -39.36732 0.025 2.97 0 90 0 0 0.7071068 0 0.7071068 0.4084586 2
7.9750 Head 0 1.6 6.399746 10.79997 11.925 0 0.09359892 0.1034165 -0.009775707 0.9901761
7.9750 FirstCar -7.009465 0.025 2.97 0 90 0 0 0.7071068 0 0.7071068 0.442373 2
7.9750 SecondCar -39.36663 0.025 2.97 0 90 0 0 0.7071068 0 0.7071068 0.4043789 2
7.9765 Head 0 1.6 6.401973 10.79997 11.925 0 0.09359892 0.1034165 -0.009775707 0.9901761
7.9765 FirstCar -7.008817 0.025 2.97 0 90 0 0 0.7071068 0 0.7071068 0.4388299 2
7.9765 SecondCar -39.36604 0.025 2.97 0 90 0 0 0.7071068 0 0.7071068 0.4008358 2
7.9780 Head 0 1.6 6.403907 10.79997 11.925 0 0.09359892 0.1034165 -0.009775707 0.9901761
7.9780 FirstCar -7.00813 0.025 2.97 0 90 0 0 0.7071068 0 0.7071068 0.435043 2
7.9780 SecondCar -39.36541 0.025 2.97 0 90 0 0 0.7071068 0 0.7071068 0.3970488 2
7.9804 Head 0 1.6 6.405974 10.79997 11.925 0 0.09359892 0.1034165 -0.009775707 0.9901761
7.9804 FirstCar -7.007108 0.025 2.97 0 90 0 0 0.7071068 0 0.7071068 0.4293278 2
7.9804 SecondCar -39.36448 0.025 2.97 0 90 0 0 0.7071068 0 0.7071068 0.3913337 2
7.9823 Head 0 1.6 6.409094 10.79997 12.075 -1.086461E-07 0.09358604 0.1047125 -0.009898218 0.9900399
7.9823 FirstCar -7.006297 0.025 2.97 0 90 0 0 0.7071068 0 0.7071068 0.4247451 2
7.9823 SecondCar -39.36374 0.025 2.97 0 90 0 0 0.7071068 0 0.7071068 0.3867509 2
7.9840 Head 0 1.6 6.411595 10.79997 12.075 -1.086461E-07 0.09358604 0.1047125 -0.009898218 0.9900399
7.9840 FirstCar -7.005606 0.025 2.97 0 90 0 0 0.7071068 0 0.7071068 0.4208047 2
7.9840 SecondCar -39.36311 0.025 2.97 0 90 0 0 0.7071068 0 0.7071068 0.3828106 2
7.9854 Head 0 1.6 6.413746 10.79997 12.075 -1.086461E-07 0.09358604 0.1047125 -0.009898218 0.9900399
7.9854 FirstCar -7.005021 0.025 2.97 0 90 0 0 0.7071068 0 0.7071068 0.4174414 2
7.9854 SecondCar -39.36258 0.025 2.97 0 90 0 0 0.7071068 0 0.7071068 0.3794472 2
7.9867 Head 0 1.6 6.415582 10.79997 12.075 -1.086461E-07 0.09358604 0.1047125 -0.009898218 0.9900399
7.9867 FirstCar -7.004484 0.025 2.97 0 90 0 0 0.7071068 0 0.7071068 0.414335 2
7.9867 SecondCar -39.36209 0.025 2.97 0 90 0 0 0.7071068 0 0.7071068 0.3763409 2
7.9880 Head 0 1.6 6.417277 10.79997 12.075 -1.086461E-07 0.09358604 0.1047125 -0.009898218 0.9900399
7.9880 FirstCar -7.00393 0.025 2.97 0 90 0 0 0.7071068 0 0.7071068 0.4110996 2
7.9880 SecondCar -39.36159 0.025 2.97 0 90 0 0 0.7071068 0 0.7071068 0.3731054 2
7.9894 Head 0 1.6 6.419044 10.79997 12.075 -1.086461E-07 0.09358604 0.1047125 -0.009898218 0.9900399
7.9894 FirstCar -7.003373 0.025 2.97 0 90 0 0 0.7071068 0 0.7071068 0.4078214 2
7.9894 SecondCar -39.36109 0.025 2.97 0 90 0 0 0.7071068 0 0.7071068 0.3698273 2
7.9911 Head 0 1.6 6.420833 10.79997 12.075 -1.086461E-07 0.09358604 0.1047125 -0.009898218 0.9900399
7.9911 FirstCar -7.00268 0.025 2.97 0 90 0 0 0.7071068 0 0.7071068 0.4036987 2
7.9911 SecondCar -39.36046 0.025 2.97 0 90 0 0 0.7071068 0 0.7071068 0.3657045 2
7.9933 Head 0 1.6 6.423083 10.79997 12.075 -1.086461E-07 0.09358604 0.1047125 -0.009898218 0.9900399
7.9933 FirstCar -7.001813 0.025 2.97 0 90 0 0 0.7071068 0 0.7071068 0.3984818 2
7.9933 SecondCar -39.35968 0.025 2.97 0 90 0 0 0.7071068 0 0.7071068 0.3604877 2
7.9946 Head 0 1.6 6.425931 10.79997 12.075 -1.086461E-07 0.09358604 0.1047125 -0.009898218 0.9900399
7.9946 FirstCar -7.001276 0.025 2.97 0 90 0 0 0.7071068 0 0.7071068 0.3952176 2
7.9946 SecondCar -39.35919 0.025 2.97 0 90 0 0 0.7071068 0 0.7071068 0.3572234 2
7.9959 Head 0 1.6 6.427712 10.79997 12.075 -1.086461E-07 0.09358604 0.1047125 -0.009898218 0.9900399
7.9959 FirstCar -7.000769 0.025 2.97 0 90 0 0 0.7071068 0 0.7071068 0.3921113 2
7.9959 SecondCar -39.35873 0.025 2.97 0 90 0 0 0.7071068 0 0.7071068 0.3541171 2
7.9976 Head 0 1.6 6.429408 10.79997 12.075 -1.086461E-07 0.09358604 0.1047125 -0.009898218 0.9900399
7.9976 FirstCar -7.000137 0.025 2.97 0 90 0 0 0.7071068 0 0.7071068 0.388205 2
7.9976 SecondCar -39.35817 0.025 2.97 0 90 0 0 0.7071068 0 0.7071068 0.3502108 2
7.9990 Head 0 1.6 6.43154 10.79997 12.15 -1.086461E-07 0.09357954 0.1053605 -0.009959469 0.9899712
7.9990 FirstCar -6.999593 0.025 2.97 0 90 0 0 0.7071068 0 0.7071068 0.3848126 2
7.9990 SecondCar -39.35767 0.025 2.97 0 90 0 0 0.7071068 0 0.7071068 0.3468184 2
8.0004 Head 0 1.6 6.433392 10.79997 12.15 -1.086461E-07 0.09357954 0.1053605 -0.009959469 0.9899712
8.0004 FirstCar -6.999057 0.025 2.97 0 90 0 0 0.7071068 0 0.7071068 0.381444 2
8.0004 SecondCar -39.35719 0.025 2.97 0 90 0 0 0.7071068 0 0.7071068 0.3434498 2
8.0017 Head 0 1.6 6.43523 10.79997 12.15 -1.086461E-07 0.09357954 0.1053605 -0.009959469 0.9899712
8.0017 FirstCar -6.998552 0.025 2.97 0 90 0 0 0.7071068 0 0.7071068 0.3782381 2
8.0017 SecondCar -39.35674 0.025 2.97 0 90 0 0 0.7071068 0 0.7071068 0.3402439 2
8.0030 Head 0 1.6 6.43698 10.79997 12.15 -1.086461E-07 0.09357954 0.1053605 -0.009959469 0.9899712
8.0030 FirstCar -6.998086 0.025 2.97 0 90 0 0 0.7071068 0 0.7071068 0.3752601 2
8.0030 SecondCar -39.35632 0.025 2.97 0 90 0 0 0.7071068 0 0.7071068 0.337266 2
8.0042 Head 0 1.6 6.438606 10.79997 12.15 -1.086461E-07 0.09357954 0.1053605 -0.009959469 0.9899712
8.0042 FirstCar -6.997631 0.025 2.97 0 90 0 0 0.7071068 0 0.7071068 0.3723221 2
8.0042 SecondCar -39.35591 0.025 2.97 0 90 0 0 0.7071068 0 0.7071068 0.3343279 2
8.0054 Head 0 1.6 6.440209 10.79997 12.15 -1.086461E-07 0.09357954 0.1053605 -0.009959469 0.9899712
8.0054 FirstCar -6.997181 0.025 2.97 0 90 0 0 0.7071068 0 0.7071068 0.369401 2
8.0054 SecondCar -39.35551 0.025 2.97 0 90 0 0 0.7071068 0 0.7071068 0.3314068 2
8.0066 Head 0 1.6 6.441804 10.79997 12.15 -1.086461E-07 0.09357954 0.1053605 -0.009959469 0.9899712
8.0066 FirstCar -6.996725 0.025 2.97 0 90 0 0 0.7071068 0 0.7071068 0.3664137 2
8.0066 SecondCar -39.3551 0.025 2.97 0 90 0 0 0.7071068 0 0.7071068 0.3284196 2
8.0079 Head 0 1.6 6.443435 10.79997 12.15 -1.086461E-07 0.09357954 0.1053605 -0.009959469 0.9899712
8.0079 FirstCar -6.996265 0.025 2.97 0 90 0 0 0.7071068 0 0.7071068 0.3633763 2
8.0079 SecondCar -39.35469 0.025 2.97 0 90 0 0 0.7071068 0 0.7071068 0.3253821 2
8.0093 Head 0 1.6 6.445093 10.79997 12.15 -1.086461E-07 0.09357954 0.1053605 -0.009959469 0.9899712
8.0093 FirstCar -6.995772 0.025 2.97 0 90 0 0 0.7071068 0 0.7071068 0.3600861 2
8.0093 SecondCar -39.35424 0.025 2.97 0 90 0 0 0.7071068 0 0.7071068 0.322092 2
8.0110 Head 0 1.6 6.446888 10.79997 12.15 -1.086461E-07 0.09357954 0.1053605 -0.009959469 0.9899712
8.0110 FirstCar -6.995169 0.025 2.97 0 90 0 0 0.7071068 0 0.7071068 0.3560196 2
8.0110 SecondCar -39.35371 0.025 2.97 0 90 0 0 0.7071068 0 0.7071068 0.3180254 2
8.0124 Head 0 1.6 6.449108 10.79997 12.15 -1.086461E-07 0.09357954 0.1053605 -0.009959469 0.9899712
8.0124 FirstCar -6.994654 0.025 2.97 0 90 0 0 0.7071068 0 0.7071068 0.3525144 2
8.0124 SecondCar -39.35325 0.025 2.97 0 90 0 0 0.7071068 0 0.7071068 0.3145202 2
8.0140 Head 0 1.6 6.451021 10.79997 12.15 -1.086461E-07 0.09357954 0.1053605 -0.009959469 0.9899712
8.0140 FirstCar -6.994117 0.025 2.97 0 90 0 0 0.7071068 0 0.7071068 0.3488234 2
8.0140 SecondCar -39.35277 0.025 2.97 0 90 0 0 0.7071068 0 0.7071068 0.3108293 2
8.0154 Head 0 1.6 6.453036 10.79997 12.15 -1.086461E-07 0.09357954 0.1053605 -0.009959469 0.9899712
8.0154 FirstCar -6.993638 0.025 2.97 0 90 0 0 0.7071068 0 0.7071068 0.3454917 2
8.0154 SecondCar -39.35234 0.025 2.97 0 90 0 0 0.7071068 0 0.7071068 0.3074976 2
8.0167 Head 0 1.6 6.454854 10.79997 12.15 -1.086461E-07 0.09357954 0.1053605 -0.009959469 0.9899712
8.0167 FirstCar -6.993193 0.025 2.97 0 90 0 0 0.7071068 0 0.7071068 0.3423765 2
8.0167 SecondCar -39.35195 0.025 2.97 0 90 0 0 0.7071068 0 0.7071068 0.3043824 2
8.0180 Head 0 1.6 6.456555 10.79997 12.15 -1.086461E-07 0.09357954 0.1053605 -0.009959469 0.9899712
8.0180 FirstCar -6.992748 0.025 2.97 0 90 0 0 0.7071068 0 0.7071068 0.3392241 2
8.0180 SecondCar -39.35155 0.025 2.97 0 90 0 0 0.7071068 0 0.7071068 0.30123 2
8.0193 Head 0 1.6 6.458276 10.79997 12.15 -1.086461E-07 0.09357954 0.1053605 -0.009959469 0.9899712
8.0193 FirstCar -6.992311 0.025 2.97 0 90 0 0 0.7071068 0 0.7071068 0.3361104 2
8.0193 SecondCar -39.35117 0.025 2.97 0 90 0 0 0.7071068 0 0.7071068 0.2981162 2
8.0205 Head 0 1.6 6.459975 10.79997 12.15 -1.086461E-07 0.09357954 0.1053605 -0.009959469 0.9899712
8.0205 FirstCar -6.991903 0.025 2.97 0 90 0 0 0.7071068 0 0.7071068 0.3331663 2
8.0205 SecondCar -39.3508 0.025 2.97 0 90 0 0 0.7071068 0 0.7071068 0.2951721 2
8.0217 Head 0 1.6 6.461582 10.79997 12.15 -1.086461E-07 0.09357954 0.1053605 -0.009959469 0.9899712
8.0217 FirstCar -6.991491 0.025 2.97 0 90 0 0 0.7071068 0 0.7071068 0.3301699 2
8.0217 SecondCar -39.35044 0.025 2.97 0 90 0 0 0.7071068 0 0.7071068 0.2921757 2
8.0230 Head 0 1.6 6.463218 10.79997 12.15 -1.086461E-07 0.09357954 0.1053605 -0.009959469 0.9899712
8.0230 FirstCar -6.991081 0.025 2.97 0 90 0 0 0.7071068 0 0.7071068 0.3271668 2
8.0230 SecondCar -39.35007 0.025 2.97 0 90 0 0 0.7071068 0 0.7071068 0.2891726 2
8.0248 Head 0 1.6 6.464857 10.79997 12.15 -1.086461E-07 0.09357954 0.1053605 -0.009959469 0.9899712
8.0248 FirstCar -6.990487 0.025 2.97 0 90 0 0 0.7071068 0 0.7071068 0.3227498 2
8.0248 SecondCar -39.34955 0.025 2.97 0 90 0 0 0.7071068 0 0.7071068 0.2847556 2
8.0263 Head 0 1.6 6.467268 10.79997 12.15 -1.086461E-07 0.09357954 0.1053605 -0.009959469 0.9899712
8.0263 FirstCar -6.990027 0.025 2.97 0 90 0 0 0.7071068 0 0.7071068 0.31929 2
8.0263 SecondCar -39.34915 0.025 2.97 0 90 0 0 0.7071068 0 0.7071068 0.2812958 2
8.0276 Head 0 1.6 6.469156 10.79997 12.15 -1.086461E-07 0.09357954 0.1053605 -0.009959469 0.9899712
8.0276 FirstCar -6.989618 0.025 2.97 0 90 0 0 0.7071068 0 0.7071068 0.3161834 2
8.0276 SecondCar -39.34879 0.025 2.97 0 90 0 0 0.7071068 0 0.7071068 0.2781892 2
8.0289 Head 0 1.6 6.470852 10.79997 12.15 -1.086461E-07 0.09357954 0.1053605 -0.009959469 0.9899712
8.0289 FirstCar -6.989187 0.025 2.97 0 90 0 0 0.7071068 0 0.7071068 0.3128764 2
8.0289 SecondCar -39.34841 0.025 2.97 0 90 0 0 0.7071068 0 0.7071068 0.2748823 2
8.0306 Head 0 1.6 6.472657 10.79997 12.15 -1.086461E-07 0.09357954 0.1053605 -0.009959469 0.9899712
8.0306 FirstCar -6.988674 0.025 2.97 0 90 0 0 0.7071068 0 0.7071068 0.308892 2
8.0306 SecondCar -39.34796 0.025 2.97 0 90 0 0 0.7071068 0 0.7071068 0.2708978 2
8.0319 Head 0 1.6 6.474832 10.79997 12.15 -1.086461E-07 0.09357954 0.1053605 -0.009959469 0.9899712
8.0319 FirstCar -6.988271 0.025 2.97 0 90 0 0 0.7071068 0 0.7071068 0.3057259 2
8.0319 SecondCar -39.34761 0.025 2.97 0 90 0 0 0.7071068 0 0.7071068 0.2677317 2
8.0332 Head 0 1.6 6.47656 10.79997 12.15 -1.086461E-07 0.09357954 0.1053605 -0.009959469 0.9899712
8.0332 FirstCar -6.987882 0.025 2.97 0 90 0 0 0.7071068 0 0.7071068 0.3026452 2
8.0332 SecondCar -39.34727 0.025 2.97 0 90 0 0 0.7071068 0 0.7071068 0.2646511 2
8.0345 Head 0 1.6 6.478241 10.79997 12.15 -1.086461E-07 0.09357954 0.1053605 -0.009959469 0.9899712
8.0345 FirstCar -6.987495 0.025 2.97 0 90 0 0 0.7071068 0 0.7071068 0.2995478 2
8.0345 SecondCar -39.34693 0.025 2.97 0 90 0 0 0.7071068 0 0.7071068 0.2615536 2
8.0360 Head 0 1.6 6.479932 10.79997 12.15 -1.086461E-07 0.09357954 0.1053605 -0.009959469 0.9899712
8.0360 FirstCar -6.987065 0.025 2.97 0 90 0 0 0.7071068 0 0.7071068 0.2960563 2
8.0360 SecondCar -39.34656 0.025 2.97 0 90 0 0 0.7071068 0 0.7071068 0.2580621 2
8.0373 Head 0 1.6 6.481838 10.79997 12.15 -1.086461E-07 0.09357954 0.1053605 -0.009959469 0.9899712
8.0373 FirstCar -6.986672 0.025 2.97 0 90 0 0 0.7071068 0 0.7071068 0.2928384 2
8.0373 SecondCar -39.34621 0.025 2.97 0 90 0 0 0.7071068 0 0.7071068 0.2548442 2
8.0387 Head 0 1.6 6.483594 10.79997 12.15 -1.086461E-07 0.09357954 0.1053605 -0.009959469 0.9899712
8.0387 FirstCar -6.986273 0.025 2.97 0 90 0 0 0.7071068 0 0.7071068 0.2895244 2
8.0387 SecondCar -39.34587 0.025 2.97 0 90 0 0 0.7071068 0 0.7071068 0.2515303 2
8.0402 Head 0 1.6 6.485403 10.79997 12.15 -1.086461E-07 0.09357954 0.1053605 -0.009959469 0.9899712
8.0402 FirstCar -6.985844 0.025 2.97 0 90 0 0 0.7071068 0 0.7071068 0.2859263 2
8.0402 SecondCar -39.3455 0.025 2.97 0 90 0 0 0.7071068 0 0.7071068 0.2479322 2
8.0416 Head 0 1.6 6.487367 10.79997 12.15 -1.086461E-07 0.09357954 0.1053605 -0.009959469 0.9899712
8.0416 FirstCar -6.985434 0.025 2.97 0 90 0 0 0.7071068 0 0.7071068 0.2824372 2
8.0416 SecondCar -39.34514 0.025 2.97 0 90 0 0 0.7071068 0 0.7071068 0.2444431 2
8.0431 Head 0 1.6 6.489272 10.79997 12.15 -1.086461E-07 0.09357954 0.1053605 -0.009959469 0.9899712
8.0431 FirstCar -6.98501 0.025 2.97 0 90 0 0 0.7071068 0 0.7071068 0.2787887 2
8.0431 SecondCar -39.34478 0.025 2.97 0 90 0 0 0.7071068 0 0.7071068 0.2407946 2
8.0446 Head 0 1.6 6.491263 10.79997 12.15 -1.086461E-07 0.09357954 0.1053605 -0.009959469 0.9899712
8.0446 FirstCar -6.984597 0.025 2.97 0 90 0 0 0.7071068 0 0.7071068 0.2751873 2
8.0446 SecondCar -39.34442 0.025 2.97 0 90 0 0 0.7071068 0 0.7071068 0.2371931 2
8.0463 Head 0 1.6 6.493229 10.79997 12.15 -1.086461E-07 0.09357954 0.1053605 -0.009959469 0.9899712
8.0463 FirstCar -6.984138 0.025 2.97 0 90 0 0 0.7071068 0 0.7071068 0.2711208 2
8.0463 SecondCar -39.34402 0.025 2.97 0 90 0 0 0.7071068 0 0.7071068 0.2331266 2
8.0480 Head 0 1.6 6.495449 10.79997 12.15 -1.086461E-07 0.09357954 0.1053605 -0.009959469 0.9899712
8.0480 FirstCar -6.983696 0.025 2.97 0 90 0 0 0.7071068 0 0.7071068 0.2671552 2
8.0480 SecondCar -39.34365 0.025 2.97 0 90 0 0 0.7071068 0 0.7071068 0.2291611 2
8.0496 Head 0 1.6 6.497613 10.79997 12.15 -1.086461E-07 0.09357954 0.1053605 -0.009959469 0.9899712
8.0496 FirstCar -6.98328 0.025 2.97 0 90 0 0 0.7071068 0 0.7071068 0.2633637 2
8.0496 SecondCar -39.34329 0.025 2.97 0 90 0 0 0.7071068 0 0.7071068 0.2253695 2
8.0513 Head 0 1.6 6.499682 10.79997 12.15 -1.086461E-07 0.09357954 0.1053605 -0.009959469 0.9899712
8.0513 FirstCar -6.982833 0.025 2.97 0 90 0 0 0.7071068 0 0.7071068 0.2592264 2
8.0513 SecondCar -39.34291 0.025 2.97 0 90 0 0 0.7071068 0 0.7071068 0.2212322 2
8.0528 Head 0 1.6 6.501941 10.79997 12.15 -1.086461E-07 0.09357954 0.1053605 -0.009959469 0.9899712
8.0528 FirstCar -6.982458 0.025 2.97 0 90 0 0 0.7071068 0 0.7071068 0.2557053 2
8.0528 SecondCar -39.34259 0.025 2.97 0 90 0 0 0.7071068 0 0.7071068 0.2177111 2
8.0542 Head 0 1.6 6.503863 10.79997 12.15 -1.086461E-07 0.09357954 0.1053605 -0.009959469 0.9899712
8.0542 FirstCar -6.982093 0.025 2.97 0 90 0 0 0.7071068 0 0.7071068 0.2522373 2
8.0542 SecondCar -39.34228 0.025 2.97 0 90 0 0 0.7071068 0 0.7071068 0.2142431 2
8.0557 Head 0 1.6 6.505756 10.79997 12.15 -1.086461E-07 0.09357954 0.1053605 -0.009959469 0.9899712
8.0557 FirstCar -6.981723 0.025 2.97 0 90 0 0 0.7071068 0 0.7071068 0.2486615 2
8.0557 SecondCar -39.34197 0.025 2.97 0 90 0 0 0.7071068 0 0.7071068 0.2106674 2
8.0578 Head 0 1.6 6.507708 10.79997 12.15 -1.086461E-07 0.09357954 0.1053605 -0.009959469 0.9899712
8.0578 FirstCar -6.981213 0.025 2.97 0 90 0 0 0.7071068 0 0.7071068 0.2436403 2
8.0578 SecondCar -39.34154 0.025 2.97 0 90 0 0 0.7071068 0 0.7071068 0.2056461 2
8.0596 Head 0 1.6 6.510448 10.79997 12.15 -1.086461E-07 0.09357954 0.1053605 -0.009959469 0.9899712
8.0596 FirstCar -6.980787 0.025 2.97 0 90 0 0 0.7071068 0 0.7071068 0.2393687 2
8.0596 SecondCar -39.34118 0.025 2.97 0 90 0 0 0.7071068 0 0.7071068 0.2013746 2
8.0611 Head 0 1.6 6.51278 10.79997 12.15 -1.086461E-07 0.09357954 0.1053605 -0.009959469 0.9899712
8.0611 FirstCar -6.980431 0.025 2.97 0 90 0 0 0.7071068 0 0.7071068 0.2357359 2
8.0611 SecondCar -39.34088 0.025 2.97 0 90 0 0 0.7071068 0 0.7071068 0.1977417 2
8.0625 Head 0 1.6 6.514763 10.79997 12.15 -1.086461E-07 0.09357954 0.1053605 -0.009959469 0.9899712
8.0625 FirstCar -6.980107 0.025 2.97 0 90 0 0 0.7071068 0 0.7071068 0.2323919 2
8.0625 SecondCar -39.34061 0.025 2.97 0 90 0 0 0.7071068 0 0.7071068 0.1943978 2
8.0638 Head 0 1.6 6.516589 10.79997 12.15 -1.086461E-07 0.09357954 0.1053605 -0.009959469 0.9899712
8.0638 FirstCar -6.979809 0.025 2.97 0 90 0 0 0.7071068 0 0.7071068 0.22927 2
8.0638 SecondCar -39.34036 0.025 2.97 0 90 0 0 0.7071068 0 0.7071068 0.1912758 2
8.0650 Head 0 1.6 6.518293 10.79997 12.15 -1.086461E-07 0.09357954 0.1053605 -0.009959469 0.9899712
8.0650 FirstCar -6.979538 0.025 2.97 0 90 0 0 0.7071068 0 0.7071068 0.2264044 2
8.0650 SecondCar -39.34014 0.025 2.97 0 90 0 0 0.7071068 0 0.7071068 0.1884102 2
8.0663 Head 0 1.6 6.519857 10.79997 12.15 -1.086461E-07 0.09357954 0.1053605 -0.009959469 0.9899712
8.0663 FirstCar -6.979253 0.025 2.97 0 90 0 0 0.7071068 0 0.7071068 0.2233377 2
8.0663 SecondCar -39.3399 0.025 2.97 0 90 0 0 0.7071068 0 0.7071068 0.1853435 2
8.0675 Head 0 1.6 6.521531 10.79997 12.15 -1.086461E-07 0.09357954 0.1053605 -0.009959469 0.9899712
8.0675 FirstCar -6.978973 0.025 2.97 0 90 0 0 0.7071068 0 0.7071068 0.2202849 2
8.0675 SecondCar -39.33967 0.025 2.97 0 90 0 0 0.7071068 0 0.7071068 0.1822907 2
8.0689 Head 0 1.6 6.523197 10.79997 12.15 -1.086461E-07 0.09357954 0.1053605 -0.009959469 0.9899712
8.0689 FirstCar -6.978676 0.025 2.97 0 90 0 0 0.7071068 0 0.7071068 0.2170046 2
8.0689 SecondCar -39.33942 0.025 2.97 0 90 0 0 0.7071068 0 0.7071068 0.1790104 2
8.0705 Head 0 1.6 6.524988 10.79997 12.15 -1.086461E-07 0.09357954 0.1053605 -0.009959469 0.9899712
8.0705 FirstCar -6.978326 0.025 2.97 0 90 0 0 0.7071068 0 0.7071068 0.2130551 2
8.0705 SecondCar -39.33913 0.025 2.97 0 90 0 0 0.7071068 0 0.7071068 0.175061 2
8.0719 Head 0 1.6 6.527143 10.79997 12.15 -1.086461E-07 0.09357954 0.1053605 -0.009959469 0.9899712
8.0719 FirstCar -6.978039 0.025 2.97 0 90 0 0 0.7071068 0 0.7071068 0.2097763 2
8.0719 SecondCar -39.3389 0.025 2.97 0 90 0 0 0.7071068 0 0.7071068 0.1717821 2
8.0734 Head 0 1.6 6.528933 10.79997 12.15 -1.086461E-07 0.09357954 0.1053605 -0.009959469 0.9899712
8.0734 FirstCar -6.977737 0.025 2.97 0 90 0 0 0.7071068 0 0.7071068 0.2062612 2
8.0734 SecondCar -39.33865 0.025 2.97 0 90 0 0 0.7071068 0 0.7071068 0.168267 2
8.0748 Head 0 1.6 6.530852 10.79997 12.15 -1.086461E-07 0.09357954 0.1053605 -0.009959469 0.9899712
8.0748 FirstCar -6.977439 0.025 2.97 0 90 0 0 0.7071068 0 0.7071068 0.2027387 2
8.0748 SecondCar -39.33841 0.025 2.97 0 90 0 0 0.7071068 0 0.7071068 0.1647446 2
8.0763 Head 0 1.6 6.532774 10.79997 12.15 -1.086461E-07 0.09357954 0.1053605 -0.009959469 0.9899712
8.0763 FirstCar -6.977145 0.025 2.97 0 90 0 0 0.7071068 0 0.7071068 0.1991951 2
8.0763 SecondCar -39.33817 0.025 2.97 0 90 0 0 0.7071068 0 0.7071068 0.161201 2
8.0778 Head 0 1.6 6.534708 10.79997 12.15 -1.086461E-07 0.09357954 0.1053605 -0.009959469 0.9899712
8.0778 FirstCar -6.976862 0.025 2.97 0 90 0 0 0.7071068 0 0.7071068 0.1957298 2
8.0778 SecondCar -39.33794 0.025 2.97 0 90 0 0 0.7071068 0 0.7071068 0.1577356 2
8.0792 Head 0 1.6 6.5366 10.79997 12.15 -1.086461E-07 0.09357954 0.1053605 -0.009959469 0.9899712
8.0792 FirstCar -6.976589 0.025 2.97 0 90 0 0 0.7071068 0 0.7071068 0.1923146 2
8.0792 SecondCar -39.33772 0.025 2.97 0 90 0 0 0.7071068 0 0.7071068 0.1543204 2
8.0805 Head 0 1.6 6.538464 10.79997 12.15 -1.086461E-07 0.09357954 0.1053605 -0.009959469 0.9899712
8.0805 FirstCar -6.976348 0.025 2.97 0 90 0 0 0.7071068 0 0.7071068 0.1892615 2
8.0805 SecondCar -39.33753 0.025 2.97 0 90 0 0 0.7071068 0 0.7071068 0.1512674 2
8.0817 Head 0 1.6 6.540131 10.79997 12.15 -1.086461E-07 0.09357954 0.1053605 -0.009959469 0.9899712
8.0817 FirstCar -6.976123 0.025 2.97 0 90 0 0 0.7071068 0 0.7071068 0.186364 2
8.0817 SecondCar -39.33735 0.025 2.97 0 90 0 0 0.7071068 0 0.7071068 0.1483698 2
8.0829 Head 0 1.6 6.541712 10.79997 12.15 -1.086461E-07 0.09357954 0.1053605 -0.009959469 0.9899712
8.0829 FirstCar -6.975894 0.025 2.97 0 90 0 0 0.7071068 0 0.7071068 0.1833751 2
8.0829 SecondCar -39.33717 0.025 2.97 0 90 0 0 0.7071068 0 0.7071068 0.1453809 2
8.0841 Head 0 1.6 6.543344 10.79997 12.15 -1.086461E-07 0.09357954 0.1053605 -0.009959469 0.9899712
8.0841 FirstCar -6.975674 0.025 2.97 0 90 0 0 0.7071068 0 0.7071068 0.1804449 2
8.0841 SecondCar -39.337 0.025 2.97 0 90 0 0 0.7071068 0 0.7071068 0.1424507 2
8.0854 Head 0 1.6 6.544943 10.79997 12.15 -1.086461E-07 0.09357954 0.1053605 -0.009959469 0.9899712
8.0854 FirstCar -6.975457 0.025 2.97 0 90 0 0 0.7071068 0 0.7071068 0.177503 2
8.0854 SecondCar -39.33683 0.025 2.97 0 90 0 0 0.7071068 0 0.7071068 0.1395088 2
8.0865 Head 0 1.6 6.546549 10.79997 12.15 -1.086461E-07 0.09357954 0.1053605 -0.009959469 0.9899712
8.0865 FirstCar -6.975252 0.025 2.97 0 90 0 0 0.7071068 0 0.7071068 0.1746916 2
8.0865 SecondCar -39.33667 0.025 2.97 0 90 0 0 0.7071068 0 0.7071068 0.1366974 2
8.0884 Head 0 1.6 6.548083 10.79997 12.15 -1.086461E-07 0.09357954 0.1053605 -0.009959469 0.9899712
8.0884 FirstCar -6.97494 0.025 2.97 0 90 0 0 0.7071068 0 0.7071068 0.1702963 2
8.0884 SecondCar -39.33642 0.025 2.97 0 90 0 0 0.7071068 0 0.7071068 0.1323021 2
8.0899 Head 0 1.6 6.550482 10.79997 12.15 -1.086461E-07 0.09357954 0.1053605 -0.009959469 0.9899712
8.0899 FirstCar -6.974685 0.025 2.97 0 90 0 0 0.7071068 0 0.7071068 0.1666166 2
8.0899 SecondCar -39.33622 0.025 2.97 0 90 0 0 0.7071068 0 0.7071068 0.1286224 2
8.0916 Head 0 1.6 6.552491 10.79997 12.15 -1.086461E-07 0.09357954 0.1053605 -0.009959469 0.9899712
8.0916 FirstCar -6.974412 0.025 2.97 0 90 0 0 0.7071068 0 0.7071068 0.1625911 2
8.0916 SecondCar -39.33601 0.025 2.97 0 90 0 0 0.7071068 0 0.7071068 0.1245969 2
8.0930 Head 0 1.6 6.554688 10.79997 12.15 -1.086461E-07 0.09357954 0.1053605 -0.009959469 0.9899712
8.0930 FirstCar -6.974188 0.025 2.97 0 90 0 0 0.7071068 0 0.7071068 0.15922 2
8.0930 SecondCar -39.33584 0.025 2.97 0 90 0 0 0.7071068 0 0.7071068 0.1212258 2
8.0942 Head 0 1.6 6.556528 10.79997 12.15 -1.086461E-07 0.09357954 0.1053605 -0.009959469 0.9899712
8.0942 FirstCar -6.973999 0.025 2.97 0 90 0 0 0.7071068 0 0.7071068 0.1563023 2
8.0942 SecondCar -39.3357 0.025 2.97 0 90 0 0 0.7071068 0 0.7071068 0.1183082 2
8.0954 Head 0 1.6 6.558121 10.79997 12.15 -1.086461E-07 0.09357954 0.1053605 -0.009959469 0.9899712
8.0954 FirstCar -6.973813 0.025 2.97 0 90 0 0 0.7071068 0 0.7071068 0.1533931 2
8.0954 SecondCar -39.33556 0.025 2.97 0 90 0 0 0.7071068 0 0.7071068 0.1153989 2
8.0966 Head 0 1.6 6.559709 10.79997 12.15 -1.086461E-07 0.09357954 0.1053605 -0.009959469 0.9899712
8.0966 FirstCar -6.973634 0.025 2.97 0 90 0 0 0.7071068 0 0.7071068 0.1505459 2
8.0966 SecondCar -39.33542 0.025 2.97 0 90 0 0 0.7071068 0 0.7071068 0.1125518 2
8.0978 Head 0 1.6 6.561263 10.79997 12.15 -1.086461E-07 0.09357954 0.1053605 -0.009959469 0.9899712
8.0978 FirstCar -6.973458 0.025 2.97 0 90 0 0 0.7071068 0 0.7071068 0.1476871 2
8.0978 SecondCar -39.33529 0.025 2.97 0 90 0 0 0.7071068 0 0.7071068 0.1096929 2
8.0990 Head 0 1.6 6.562823 10.79997 12.15 -1.086461E-07 0.09357954 0.1053605 -0.009959469 0.9899712
8.0990 FirstCar -6.973279 0.025 2.97 0 90 0 0 0.7071068 0 0.7071068 0.1447271 2
8.0990 SecondCar -39.33516 0.025 2.97 0 90 0 0 0.7071068 0 0.7071068 0.106733 2
8.1003 Head 0 1.6 6.564439 10.79997 12.15 -1.086461E-07 0.09357954 0.1053605 -0.009959469 0.9899712
8.1003 FirstCar -6.9731 0.025 2.97 0 90 0 0 0.7071068 0 0.7071068 0.1416811 2
8.1003 SecondCar -39.33503 0.025 2.97 0 90 0 0 0.7071068 0 0.7071068 0.1036869 2
8.1016 Head 0 1.6 6.566102 10.79997 12.15 -1.086461E-07 0.09357954 0.1053605 -0.009959469 0.9899712
8.1016 FirstCar -6.972912 0.025 2.97 0 90 0 0 0.7071068 0 0.7071068 0.1384363 2
8.1016 SecondCar -39.33489 0.025 2.97 0 90 0 0 0.7071068 0 0.7071068 0.1004421 2
8.1031 Head 0 1.6 6.567873 10.79997 12.15 -1.086461E-07 0.09357954 0.1053605 -0.009959469 0.9899712
8.1031 FirstCar -6.972718 0.025 2.97 0 90 0 0 0.7071068 0 0.7071068 0.1349759 2
8.1031 SecondCar -39.33475 0.025 2.97 0 90 0 0 0.7071068 0 0.7071068 0.09698176 2
8.1044 Head 0 1.6 6.569761 10.79997 12.15 -1.086461E-07 0.09357954 0.1053605 -0.009959469 0.9899712
8.1044 FirstCar -6.97254 0.025 2.97 0 90 0 0 0.7071068 0 0.7071068 0.1317386 2
8.1044 SecondCar -39.33463 0.025 2.97 0 90 0 0 0.7071068 0 0.7071068 0.0937444 2
8.1059 Head 0 1.6 6.571528 10.79997 12.15 -1.086461E-07 0.09357954 0.1053605 -0.009959469 0.9899712
8.1059 FirstCar -6.972353 0.025 2.97 0 90 0 0 0.7071068 0 0.7071068 0.1282487 2
8.1059 SecondCar -39.3345 0.025 2.97 0 90 0 0 0.7071068 0 0.7071068 0.09025457 2
8.1074 Head 0 1.6 6.573433 10.79997 12.15 -1.086461E-07 0.09357954 0.1053605 -0.009959469 0.9899712
8.1074 FirstCar -6.972167 0.025 2.97 0 90 0 0 0.7071068 0 0.7071068 0.1246708 2
8.1074 SecondCar -39.33437 0.025 2.97 0 90 0 0 0.7071068 0 0.7071068 0.08667665 2
8.1089 Head 0 1.6 6.575387 10.79997 12.15 -1.086461E-07 0.09357954 0.1053605 -0.009959469 0.9899712
8.1089 FirstCar -6.971987 0.025 2.97 0 90 0 0 0.7071068 0 0.7071068 0.1211008 2
8.1089 SecondCar -39.33424 0.025 2.97 0 90 0 0 0.7071068 0 0.7071068 0.08310665 2
8.1110 Head 0 1.6 6.577335 10.79997 12.15 -1.086461E-07 0.09357954 0.1053605 -0.009959469 0.9899712
8.1110 FirstCar -6.971733 0.025 2.97 0 90 0 0 0.7071068 0 0.7071068 0.1158316 2
8.1110 SecondCar -39.33407 0.025 2.97 0 90 0 0 0.7071068 0 0.7071068 0.07783745 2
8.1127 Head 0 1.6 6.580212 10.79997 12.15 -1.086461E-07 0.09357954 0.1053605 -0.009959469 0.9899712
8.1127 FirstCar -6.971548 0.025 2.97 0 90 0 0 0.7071068 0 0.7071068 0.1118536 2
8.1127 SecondCar -39.33395 0.025 2.97 0 90 0 0 0.7071068 0 0.7071068 0.07385945 2
8.1142 Head 0 1.6 6.582383 10.79997 12.15 -1.086461E-07 0.09357954 0.1053605 -0.009959469 0.9899712
8.1142 FirstCar -6.971381 0.025 2.97 0 90 0 0 0.7071068 0 0.7071068 0.1081574 2
8.1142 SecondCar -39.33384 0.025 2.97 0 90 0 0 0.7071068 0 0.7071068 0.07016321 2
8.1157 Head 0 1.6 6.584401 10.79997 12.15 -1.086461E-07 0.09357954 0.1053605 -0.009959469 0.9899712
8.1157 FirstCar -6.971234 0.025 2.97 0 90 0 0 0.7071068 0 0.7071068 0.104782 2
8.1157 SecondCar -39.33375 0.025 2.97 0 90 0 0 0.7071068 0 0.7071068 0.06678785 2
8.1170 Head 0 1.6 6.586243 10.79997 12.15 -1.086461E-07 0.09357954 0.1053605 -0.009959469 0.9899712
8.1170 FirstCar -6.971095 0.025 2.97 0 90 0 0 0.7071068 0 0.7071068 0.1014971 2
8.1170 SecondCar -39.33366 0.025 2.97 0 90 0 0 0.7071068 0 0.7071068 0.06350297 2
8.1192 Head 0 1.6 6.588036 10.79997 12.15 -1.086461E-07 0.09357954 0.1053605 -0.009959469 0.9899712
8.1192 FirstCar -6.970884 0.025 2.97 0 90 0 0 0.7071068 0 0.7071068 0.09624498 2
8.1192 SecondCar -39.33353 0.025 2.97 0 90 0 0 0.7071068 0 0.7071068 0.05825081 2
8.1210 Head 0 1.6 6.590903 10.79997 12.15 -1.086461E-07 0.09357954 0.1053605 -0.009959469 0.9899712
8.1210 FirstCar -6.970716 0.025 2.97 0 90 0 0 0.7071068 0 0.7071068 0.09184603 2
8.1210 SecondCar -39.33344 0.025 2.97 0 90 0 0 0.7071068 0 0.7071068 0.05385185 2
8.1226 Head 0 1.6 6.593304 10.79997 12.15 -1.086461E-07 0.09357954 0.1053605 -0.009959469 0.9899712
8.1226 FirstCar -6.970577 0.025 2.97 0 90 0 0 0.7071068 0 0.7071068 0.08804706 2
8.1226 SecondCar -39.33335 0.025 2.97 0 90 0 0 0.7071068 0 0.7071068 0.05005289 2
8.1249 Head 0 1.6 6.595377 10.79997 12.15 -1.086461E-07 0.09357954 0.1053605 -0.009959469 0.9899712
8.1249 FirstCar -6.970388 0.025 2.97 0 90 0 0 0.7071068 0 0.7071068 0.08257554 2
8.1249 SecondCar -39.33325 0.025 2.97 0 90 0 0 0.7071068 0 0.7071068 0.04458137 2
8.1265 Head 0 1.6 6.598364 10.79997 11.775 0 0.09361164 0.1021203 -0.009653177 0.9903107
8.1265 FirstCar -6.970263 0.025 2.97 0 90 0 0 0.7071068 0 0.7071068 0.07873411 2
8.1265 SecondCar -39.33319 0.025 2.97 0 90 0 0 0.7071068 0 0.7071068 0.04073993 2
8.1279 Head 0 1.6 6.600461 10.79997 11.775 0 0.09361164 0.1021203 -0.009653177 0.9903107
8.1279 FirstCar -6.970157 0.025 2.97 0 90 0 0 0.7071068 0 0.7071068 0.07538587 2
8.1279 SecondCar -39.33313 0.025 2.97 0 90 0 0 0.7071068 0 0.7071068 0.03739169 2
8.1292 Head 0 1.6 6.602288 10.79997 11.775 0 0.09361164 0.1021203 -0.009653177 0.9903107
8.1292 FirstCar -6.970062 0.025 2.97 0 90 0 0 0.7071068 0 0.7071068 0.07221811 2
8.1292 SecondCar -39.33309 0.025 2.97 0 90 0 0 0.7071068 0 0.7071068 0.03422393 2
8.1307 Head 0 1.6 6.604017 10.79997 11.775 0 0.09361164 0.1021203 -0.009653177 0.9903107
8.1307 FirstCar -6.969957 0.025 2.97 0 90 0 0 0.7071068 0 0.7071068 0.06855258 2
8.1307 SecondCar -39.33304 0.025 2.97 0 90 0 0 0.7071068 0 0.7071068 0.03055841 2
8.1324 Head 0 1.6 6.606018 10.79997 11.775 0 0.09361164 0.1021203 -0.009653177 0.9903107
8.1324 FirstCar -6.969848 0.025 2.97 0 90 0 0 0.7071068 0 0.7071068 0.06451266 2
8.1324 SecondCar -39.333 0.025 2.97 0 90 0 0 0.7071068 0 0.7071068 0.02651849 2
8.1337 Head 0 1.6 6.608223 10.79997 11.4 0 0.09364272 0.09887893 -0.009346782 0.9906395
8.1337 FirstCar -6.969769 0.025 2.97 0 90 0 0 0.7071068 0 0.7071068 0.06140082 2
8.1337 SecondCar -39.33297 0.025 2.97 0 90 0 0 0.7071068 0 0.7071068 0.02340665 2
8.1350 Head 0 1.6 6.609921 10.79997 11.4 0 0.09364272 0.09887893 -0.009346782 0.9906395
8.1350 FirstCar -6.969696 0.025 2.97 0 90 0 0 0.7071068 0 0.7071068 0.05842338 2
8.1350 SecondCar -39.33294 0.025 2.97 0 90 0 0 0.7071068 0 0.7071068 0.02042921 2
8.1362 Head 0 1.6 6.611547 10.79997 11.4 0 0.09364272 0.09887893 -0.009346782 0.9906395
8.1362 FirstCar -6.96963 0.025 2.97 0 90 0 0 0.7071068 0 0.7071068 0.05555154 2
8.1362 SecondCar -39.33292 0.025 2.97 0 90 0 0 0.7071068 0 0.7071068 0.01755737 2
8.1375 Head 0 1.6 6.613114 10.79997 11.4 0 0.09364272 0.09887893 -0.009346782 0.9906395
8.1375 FirstCar -6.969561 0.025 2.97 0 90 0 0 0.7071068 0 0.7071068 0.05239986 2
8.1375 SecondCar -39.3329 0.025 2.97 0 90 0 0 0.7071068 0 0.7071068 0.01440569 2
8.1388 Head 0 1.6 6.614834 10.79997 11.4 0 0.09364272 0.09887893 -0.009346782 0.9906395
8.1388 FirstCar -6.969496 0.025 2.97 0 90 0 0 0.7071068 0 0.7071068 0.04923522 2
8.1388 SecondCar -39.33288 0.025 2.97 0 90 0 0 0.7071068 0 0.7071068 0.01124105 2
8.1408 Head 0 1.6 6.616562 10.79997 11.4 0 0.09364272 0.09887893 -0.009346782 0.9906395
8.1408 FirstCar -6.969408 0.025 2.97 0 90 0 0 0.7071068 0 0.7071068 0.04445802 2
8.1408 SecondCar -39.33287 0.025 2.97 0 90 0 0 0.7071068 0 0.7071068 0.006463852 2
8.1424 Head 0 1.6 6.619169 10.79997 10.95 0 0.09367871 0.09498796 -0.008978978 0.9910202
8.1424 FirstCar -6.969344 0.025 2.97 0 90 0 0 0.7071068 0 0.7071068 0.04070706 2
8.1424 Other SecondCar Decel_Stop
8.1424 SecondCar -39.33287 0.025 2.97 0 90 0 0 0.7071068 0 0.7071068 0 2
8.1440 Head 0 1.6 6.621217 10.79997 10.95 0 0.09367871 0.09498796 -0.008978978 0.9910202
8.1440 FirstCar -6.969283 0.025 2.97 0 90 0 0 0.7071068 0 0.7071068 0.0366789 2
8.1440 SecondCar -39.33287 0.025 2.97 0 90 0 0 0.7071068 0 0.7071068 0 2
8.1453 Head 0 1.6 6.623415 10.79997 10.95 0 0.09367871 0.09498796 -0.008978978 0.9910202
8.1453 FirstCar -6.969238 0.025 2.97 0 90 0 0 0.7071068 0 0.7071068 0.03351666 2
8.1453 SecondCar -39.33287 0.025 2.97 0 90 0 0 0.7071068 0 0.7071068 0 2
8.1465 Head 0 1.6 6.625142 10.79997 10.95 0 0.09367871 0.09498796 -0.008978978 0.9910202
8.1465 FirstCar -6.969202 0.025 2.97 0 90 0 0 0.7071068 0 0.7071068 0.03067242 2
8.1465 SecondCar -39.33287 0.025 2.97 0 90 0 0 0.7071068 0 0.7071068 0 2
8.1477 Head 0 1.6 6.626694 10.79997 10.95 0 0.09367871 0.09498796 -0.008978978 0.9910202
8.1477 FirstCar -6.969168 0.025 2.97 0 90 0 0 0.7071068 0 0.7071068 0.02776386 2
8.1477 SecondCar -39.33287 0.025 2.97 0 90 0 0 0.7071068 0 0.7071068 0 2
8.1494 Head 0 1.6 6.628282 10.79997 10.95 0 0.09367871 0.09498796 -0.008978978 0.9910202
8.1494 FirstCar -6.969129 0.025 2.97 0 90 0 0 0.7071068 0 0.7071068 0.0238209 2
8.1494 SecondCar -39.33287 0.025 2.97 0 90 0 0 0.7071068 0 0.7071068 0 2
8.1516 Head 0 1.6 6.630434 10.72497 10.275 -1.086191E-07 0.09308098 0.08915424 -0.008368663 0.9916236
8.1516 FirstCar -6.969088 0.025 2.97 0 90 0 0 0.7071068 0 0.7071068 0.01845666 2
8.1516 SecondCar -39.33287 0.025 2.97 0 90 0 0 0.7071068 0 0.7071068 0 2
8.1530 Head 0 1.6 6.633361 10.72497 10.275 -1.086191E-07 0.09308098 0.08915424 -0.008368663 0.9916236
8.1530 FirstCar -6.969067 0.025 2.97 0 90 0 0 0.7071068 0 0.7071068 0.0151593 2
8.1530 SecondCar -39.33287 0.025 2.97 0 90 0 0 0.7071068 0 0.7071068 0 2
8.1543 Head 0 1.6 6.635161 10.72497 10.275 -1.086191E-07 0.09308098 0.08915424 -0.008368663 0.9916236
8.1543 FirstCar -6.969051 0.025 2.97 0 90 0 0 0.7071068 0 0.7071068 0.01215282 2
8.1543 SecondCar -39.33287 0.025 2.97 0 90 0 0 0.7071068 0 0.7071068 0 2
8.1555 Head 0 1.6 6.636802 10.72497 10.275 -1.086191E-07 0.09308098 0.08915424 -0.008368663 0.9916236
8.1555 FirstCar -6.96904 0.025 2.97 0 90 0 0 0.7071068 0 0.7071068 0.009061857 2
8.1555 SecondCar -39.33287 0.025 2.97 0 90 0 0 0.7071068 0 0.7071068 0 2
8.1571 Head 0 1.6 6.638489 10.72497 10.275 -1.086191E-07 0.09308098 0.08915424 -0.008368663 0.9916236
8.1571 Other FirstCar Decel_Stop
8.1571 FirstCar -6.96904 0.025 2.97 0 90 0 0 0.7071068 0 0.7071068 0 2
8.1571 SecondCar -39.33287 0.025 2.97 0 90 0 0 0.7071068 0 0.7071068 0 2
8.1587 Head 0 1.6 6.640571 10.57497 9.599996 1.085656E-07 0.0918299 0.08332175 -0.007711168 0.9922526
8.1587 FirstCar -6.96904 0.025 2.97 0 90 0 0 0.7071068 0 0.7071068 0 2
8.1587 SecondCar -39.33287 0.025 2.97 0 90 0 0 0.7071068 0 0.7071068 0 2
8.1600 Head 0 1.6 6.642618 10.57497 9.599996 1.085656E-07 0.0918299 0.08332175 -0.007711168 0.9922526
8.1600 FirstCar -6.96904 0.025 2.97 0 90 0 0 0.7071068 0 0.7071068 0 2
8.1600 SecondCar -39.33287 0.025 2.97 0 90 0 0 0.7071068 0 0.7071068 0 2
8.1612 Head 0 1.6 6.644314 10.57497 9.599996 1.085656E-07 0.0918299 0.08332175 -0.007711168 0.9922526
8.1612 FirstCar -6.96904 0.025 2.97 0 90 0 0 0.7071068 0 0.7071068 0 2
8.1612 SecondCar -39.33287 0.025 2.97 0 90 0 0 0.7071068 0 0.7071068 0 2
8.1623 Head 0 1.6 6.645875 10.57497 9.599996 1.085656E-07 0.0918299 0.08332175 -0.007711168 0.9922526
8.1623 FirstCar -6.96904 0.025 2.97 0 90 0 0 0.7071068 0 0.7071068 0 2
8.1623 SecondCar -39.33287 0.025 2.97 0 90 0 0 0.7071068 0 0.7071068 0 2
8.1634 Head 0 1.6 6.647353 10.57497 9.599996 1.085656E-07 0.0918299 0.08332175 -0.007711168 0.9922526
8.1634 FirstCar -6.96904 0.025 2.97 0 90 0 0 0.7071068 0 0.7071068 0 2
8.1634 SecondCar -39.33287 0.025 2.97 0 90 0 0 0.7071068 0 0.7071068 0 2
8.1649 Head 0 1.6 6.648825 10.57497 9.599996 1.085656E-07 0.0918299 0.08332175 -0.007711168 0.9922526
8.1649 FirstCar -6.96904 0.025 2.97 0 90 0 0 0.7071068 0 0.7071068 0 2
8.1649 SecondCar -39.33287 0.025 2.97 0 90 0 0 0.7071068 0 0.7071068 0 2
8.1663 Head 0 1.6 6.650706 10.49997 8.774995 0 0.0912332 0.07618054 -0.006999987 0.9928867
8.1663 FirstCar -6.96904 0.025 2.97 0 90 0 0 0.7071068 0 0.7071068 0 2
8.1663 SecondCar -39.33287 0.025 2.97 0 90 0 0 0.7071068 0 0.7071068 0 2
8.1676 Head 0 1.6 6.652554 10.49997 8.774995 0 0.0912332 0.07618054 -0.006999987 0.9928867
8.1676 FirstCar -6.96904 0.025 2.97 0 90 0 0 0.7071068 0 0.7071068 0 2
8.1676 SecondCar -39.33287 0.025 2.97 0 90 0 0 0.7071068 0 0.7071068 0 2
8.1689 Head 0 1.6 6.654226 10.49997 8.774995 0 0.0912332 0.07618054 -0.006999987 0.9928867
8.1689 FirstCar -6.96904 0.025 2.97 0 90 0 0 0.7071068 0 0.7071068 0 2
8.1689 SecondCar -39.33287 0.025 2.97 0 90 0 0 0.7071068 0 0.7071068 0 2
8.1706 Head 0 1.6 6.655993 10.49997 8.774995 0 0.0912332 0.07618054 -0.006999987 0.9928867
8.1706 FirstCar -6.96904 0.025 2.97 0 90 0 0 0.7071068 0 0.7071068 0 2
8.1706 SecondCar -39.33287 0.025 2.97 0 90 0 0 0.7071068 0 0.7071068 0 2
8.1722 Head 0 1.6 6.658271 10.49997 8.774995 0 0.0912332 0.07618054 -0.006999987 0.9928867
8.1722 FirstCar -6.96904 0.025 2.97 0 90 0 0 0.7071068 0 0.7071068 0 2
8.1722 SecondCar -39.33287 0.025 2.97 0 90 0 0 0.7071068 0 0.7071068 0 2
8.1739 Head 0 1.6 6.660261 10.34997 7.724995 5.424346E-08 0.0899929 0.06708767 -0.006075925 0.9936617
8.1739 FirstCar -6.96904 0.025 2.97 0 90 0 0 0.7071068 0 0.7071068 0 2
8.1739 SecondCar -39.33287 0.025 2.97 0 90 0 0 0.7071068 0 0.7071068 0 2
8.1754 Head 0 1.6 6.662584 10.34997 7.724995 5.424346E-08 0.0899929 0.06708767 -0.006075925 0.9936617
8.1754 FirstCar -6.96904 0.025 2.97 0 90 0 0 0.7071068 0 0.7071068 0 2
8.1754 SecondCar -39.33287 0.025 2.97 0 90 0 0 0.7071068 0 0.7071068 0 2
8.1772 Head 0 1.6 6.664505 10.34997 7.724995 5.424346E-08 0.0899929 0.06708767 -0.006075925 0.9936617
8.1772 FirstCar -6.96904 0.025 2.97 0 90 0 0 0.7071068 0 0.7071068 0 2
8.1772 SecondCar -39.33287 0.025 2.97 0 90 0 0 0.7071068 0 0.7071068 0 2
8.1787 Head 0 1.6 6.666826 10.34997 7.724995 5.424346E-08 0.0899929 0.06708767 -0.006075925 0.9936617
8.1787 FirstCar -6.96904 0.025 2.97 0 90 0 0 0.7071068 0 0.7071068 0 2
8.1787 SecondCar -39.33287 0.025 2.97 0 90 0 0 0.7071068 0 0.7071068 0 2
8.1805 Head 0 1.6 6.668771 10.34997 7.724995 5.424346E-08 0.0899929 0.06708767 -0.006075925 0.9936617
8.1805 FirstCar -6.96904 0.025 2.97 0 90 0 0 0.7071068 0 0.7071068 0 2
8.1805 SecondCar -39.33287 0.025 2.97 0 90 0 0 0.7071068 0 0.7071068 0 2
8.1829 Head 0 1.6 6.6712 10.19997 6.674995 0 0.08874325 0.05798691 -0.005175178 0.9943518
8.1829 FirstCar -6.96904 0.025 2.97 0 90 0 0 0.7071068 0 0.7071068 0 2
8.1829 SecondCar -39.33287 0.025 2.97 0 90 0 0 0.7071068 0 0.7071068 0 2
8.1846 Head 0 1.6 6.674284 10.19997 6.674995 0 0.08874325 0.05798691 -0.005175178 0.9943518
8.1846 FirstCar -6.96904 0.025 2.97 0 90 0 0 0.7071068 0 0.7071068 0 2
8.1846 SecondCar -39.33287 0.025 2.97 0 90 0 0 0.7071068 0 0.7071068 0 2
8.1859 Head 0 1.6 6.676542 10.19997 6.674995 0 0.08874325 0.05798691 -0.005175178 0.9943518
8.1859 FirstCar -6.96904 0.025 2.97 0 90 0 0 0.7071068 0 0.7071068 0 2
8.1859 SecondCar -39.33287 0.025 2.97 0 90 0 0 0.7071068 0 0.7071068 0 2
8.1872 Head 0 1.6 6.678283 10.19997 6.674995 0 0.08874325 0.05798691 -0.005175178 0.9943518
8.1872 FirstCar -6.96904 0.025 2.97 0 90 0 0 0.7071068 0 0.7071068 0 2
8.1872 SecondCar -39.33287 0.025 2.97 0 90 0 0 0.7071068 0 0.7071068 0 2
8.1888 Head 0 1.6 6.679942 10.19997 6.674995 0 0.08874325 0.05798691 -0.005175178 0.9943518
8.1888 FirstCar -6.96904 0.025 2.97 0 90 0 0 0.7071068 0 0.7071068 0 2
8.1888 SecondCar -39.33287 0.025 2.97 0 90 0 0 0.7071068 0 0.7071068 0 2
8.1914 Head 0 1.6 6.6821 10.04997 5.624995 0 0.08748464 0.04887905 -0.004297841 0.9949567
8.1914 FirstCar -6.96904 0.025 2.97 0 90 0 0 0.7071068 0 0.7071068 0 2
8.1914 SecondCar -39.33287 0.025 2.97 0 90 0 0 0.7071068 0 0.7071068 0 2
8.1929 Head 0 1.6 6.685503 10.04997 5.624995 0 0.08748464 0.04887905 -0.004297841 0.9949567
8.1929 FirstCar -6.96904 0.025 2.97 0 90 0 0 0.7071068 0 0.7071068 0 2
8.1929 SecondCar -39.33287 0.025 2.97 0 90 0 0 0.7071068 0 0.7071068 0 2
8.1943 Head 0 1.6 6.687465 10.04997 5.624995 0 0.08748464 0.04887905 -0.004297841 0.9949567
8.1943 FirstCar -6.96904 0.025 2.97 0 90 0 0 0.7071068 0 0.7071068 0 2
8.1943 SecondCar -39.33287 0.025 2.97 0 90 0 0 0.7071068 0 0.7071068 0 2
8.1955 Head 0 1.6 6.689239 10.04997 5.624995 0 0.08748464 0.04887905 -0.004297841 0.9949567
8.1955 FirstCar -6.96904 0.025 2.97 0 90 0 0 0.7071068 0 0.7071068 0 2
8.1955 SecondCar -39.33287 0.025 2.97 0 90 0 0 0.7071068 0 0.7071068 0 2
8.1971 Head 0 1.6 6.690802 10.04997 5.624995 0 0.08748464 0.04887905 -0.004297841 0.9949567
8.1971 FirstCar -6.96904 0.025 2.97 0 90 0 0 0.7071068 0 0.7071068 0 2
8.1971 SecondCar -39.33287 0.025 2.97 0 90 0 0 0.7071068 0 0.7071068 0 2
8.1983 Head 0 1.6 6.692873 9.899971 4.499996 2.708372E-08 0.08621959 0.03911335 -0.003387573 0.9955024
8.1983 FirstCar -6.96904 0.025 2.97 0 90 0 0 0.7071068 0 0.7071068 0 2
8.1983 SecondCar -39.33287 0.025 2.97 0 90 0 0 0.7071068 0 0.7071068 0 2
8.1995 Head 0 1.6 6.694529 9.899971 4.499996 2.708372E-08 0.08621959 0.03911335 -0.003387573 0.9955024
8.1995 FirstCar -6.96904 0.025 2.97 0 90 0 0 0.7071068 0 0.7071068 0 2
8.1995 SecondCar -39.33287 0.025 2.97 0 90 0 0 0.7071068 0 0.7071068 0 2
8.2008 Head 0 1.6 6.696116 9.899971 4.499996 2.708372E-08 0.08621959 0.03911335 -0.003387573 0.9955024
8.2008 FirstCar -6.96904 0.025 2.97 0 90 0 0 0.7071068 0 0.7071068 0 2
8.2008 SecondCar -39.33287 0.025 2.97 0 90 0 0 0.7071068 0 0.7071068 0 2
8.2023 Head 0 1.6 6.697824 9.899971 4.499996 2.708372E-08 0.08621959 0.03911335 -0.003387573 0.9955024
8.2023 FirstCar -6.96904 0.025 2.97 0 90 0 0 0.7071068 0 0.7071068 0 2
8.2023 SecondCar -39.33287 0.025 2.97 0 90 0 0 0.7071068 0 0.7071068 0 2
8.2040 Head 0 1.6 6.699768 9.899971 4.499996 2.708372E-08 0.08621959 0.03911335 -0.003387573 0.9955024
8.2040 FirstCar -6.96904 0.025 2.97 0 90 0 0 0.7071068 0 0.7071068 0 2
8.2040 SecondCar -39.33287 0.025 2.97 0 90 0 0 0.7071068 0 0.7071068 0 2
8.2059 Head 0 1.6 6.701938 9.899971 4.499996 2.708372E-08 0.08621959 0.03911335 -0.003387573 0.9955024
8.2059 FirstCar -6.96904 0.025 2.97 0 90 0 0 0.7071068 0 0.7071068 0 2
8.2059 SecondCar -39.33287 0.025 2.97 0 90 0 0 0.7071068 0 0.7071068 0 2
8.2075 Head 0 1.6 6.704517 9.749969 3.449995 -2.707144E-08 0.08494341 0.02999344 -0.002558155 0.995931
8.2075 FirstCar -6.96904 0.025 2.97 0 90 0 0 0.7071068 0 0.7071068 0 2
8.2075 SecondCar -39.33287 0.025 2.97 0 90 0 0 0.7071068 0 0.7071068 0 2
8.2089 Head 0 1.6 6.706576 9.749969 3.449995 -2.707144E-08 0.08494341 0.02999344 -0.002558155 0.995931
8.2089 FirstCar -6.96904 0.025 2.97 0 90 0 0 0.7071068 0 0.7071068 0 2
8.2089 SecondCar -39.33287 0.025 2.97 0 90 0 0 0.7071068 0 0.7071068 0 2
8.2112 Head 0 1.6 6.708381 9.749969 3.449995 -2.707144E-08 0.08494341 0.02999344 -0.002558155 0.995931
8.2112 FirstCar -6.96904 0.025 2.97 0 90 0 0 0.7071068 0 0.7071068 0 2
8.2112 SecondCar -39.33287 0.025 2.97 0 90 0 0 0.7071068 0 0.7071068 0 2
8.2134 Head 0 1.6 6.711441 9.749969 3.449995 -2.707144E-08 0.08494341 0.02999344 -0.002558155 0.995931
8.2134 FirstCar -6.96904 0.025 2.97 0 90 0 0 0.7071068 0 0.7071068 0 2
8.2134 SecondCar -39.33287 0.025 2.97 0 90 0 0 0.7071068 0 0.7071068 0 2
8.2148 Head 0 1.6 6.714324 9.674971 2.399996 0 0.08431128 0.02086778 -0.001766066 0.9962194
8.2148 FirstCar -6.96904 0.025 2.97 0 90 0 0 0.7071068 0 0.7071068 0 2
8.2148 SecondCar -39.33287 0.025 2.97 0 90 0 0 0.7071068 0 0.7071068 0 2
8.2161 Head 0 1.6 6.716147 9.674971 2.399996 0 0.08431128 0.02086778 -0.001766066 0.9962194
8.2161 FirstCar -6.96904 0.025 2.97 0 90 0 0 0.7071068 0 0.7071068 0 2
8.2161 SecondCar -39.33287 0.025 2.97 0 90 0 0 0.7071068 0 0.7071068 0 2
8.2174 Head 0 1.6 6.717777 9.674971 2.399996 0 0.08431128 0.02086778 -0.001766066 0.9962194
8.2174 FirstCar -6.96904 0.025 2.97 0 90 0 0 0.7071068 0 0.7071068 0 2
8.2174 SecondCar -39.33287 0.025 2.97 0 90 0 0 0.7071068 0 0.7071068 0 2
8.2186 Head 0 1.6 6.719535 9.674971 2.399996 0 0.08431128 0.02086778 -0.001766066 0.9962194
8.2186 FirstCar -6.96904 0.025 2.97 0 90 0 0 0.7071068 0 0.7071068 0 2
8.2186 SecondCar -39.33287 0.025 2.97 0 90 0 0 0.7071068 0 0.7071068 0 2
8.2199 Head 0 1.6 6.721082 9.674971 2.399996 0 0.08431128 0.02086778 -0.001766066 0.9962194
8.2199 FirstCar -6.96904 0.025 2.97 0 90 0 0 0.7071068 0 0.7071068 0 2
8.2199 SecondCar -39.33287 0.025 2.97 0 90 0 0 0.7071068 0 0.7071068 0 2
8.2217 Head 0 1.6 6.722834 9.674971 2.399996 0 0.08431128 0.02086778 -0.001766066 0.9962194
8.2217 FirstCar -6.96904 0.025 2.97 0 90 0 0 0.7071068 0 0.7071068 0 2
8.2217 SecondCar -39.33287 0.025 2.97 0 90 0 0 0.7071068 0 0.7071068 0 2
8.2231 Head 0 1.6 6.725174 9.524973 1.499995 1.35267E-08 0.08301827 0.01304436 -0.001086765 0.9964621
8.2231 FirstCar -6.96904 0.025 2.97 0 90 0 0 0.7071068 0 0.7071068 0 2
8.2231 SecondCar -39.33287 0.025 2.97 0 90 0 0 0.7071068 0 0.7071068 0 2
8.2244 Head 0 1.6 6.726946 9.524973 1.499995 1.35267E-08 0.08301827 0.01304436 -0.001086765 0.9964621
8.2244 FirstCar -6.96904 0.025 2.97 0 90 0 0 0.7071068 0 0.7071068 0 2
8.2244 SecondCar -39.33287 0.025 2.97 0 90 0 0 0.7071068 0 0.7071068 0 2
8.2256 Head 0 1.6 6.728677 9.524973 1.499995 1.35267E-08 0.08301827 0.01304436 -0.001086765 0.9964621
8.2256 FirstCar -6.96904 0.025 2.97 0 90 0 0 0.7071068 0 0.7071068 0 2
8.2256 SecondCar -39.33287 0.025 2.97 0 90 0 0 0.7071068 0 0.7071068 0 2
8.2268 Head 0 1.6 6.730268 9.524973 1.499995 1.35267E-08 0.08301827 0.01304436 -0.001086765 0.9964621
8.2268 FirstCar -6.96904 0.025 2.97 0 90 0 0 0.7071068 0 0.7071068 0 2
8.2268 SecondCar -39.33287 0.025 2.97 0 90 0 0 0.7071068 0 0.7071068 0 2
8.2280 Head 0 1.6 6.731821 9.524973 1.499995 1.35267E-08 0.08301827 0.01304436 -0.001086765 0.9964621
8.2280 FirstCar -6.96904 0.025 2.97 0 90 0 0 0.7071068 0 0.7071068 0 2
8.2280 SecondCar -39.33287 0.025 2.97 0 90 0 0 0.7071068 0 0.7071068 0 2
8.2297 Head 0 1.6 6.733357 9.524973 1.499995 1.35267E-08 0.08301827 0.01304436 -0.001086765 0.9964621
8.2297 FirstCar -6.96904 0.025 2.97 0 90 0 0 0.7071068 0 0.7071068 0 2
8.2297 SecondCar -39.33287 0.025 2.97 0 90 0 0 0.7071068 0 0.7071068 0 2
8.2314 Head 0 1.6 6.735674 9.449971 0.5249952 -6.761869E-09 0.08237226 0.004565862 -0.0003773868 0.9965912
8.2314 FirstCar -6.96904 0.025 2.97 0 90 0 0 0.7071068 0 0.7071068 0 2
8.2314 SecondCar -39.33287 0.025 2.97 0 90 0 0 0.7071068 0 0.7071068 0 2
8.2327 Head 0 1.6 6.737821 9.449971 0.5249952 -6.761869E-09 0.08237226 0.004565862 -0.0003773868 0.9965912
8.2327 FirstCar -6.96904 0.025 2.97 0 90 0 0 0.7071068 0 0.7071068 0 2
8.2327 SecondCar -39.33287 0.025 2.97 0 90 0 0 0.7071068 0 0.7071068 0 2
8.2339 Head 0 1.6 6.739553 9.449971 0.5249952 -6.761869E-09 0.08237226 0.004565862 -0.0003773868 0.9965912
8.2339 FirstCar -6.96904 0.025 2.97 0 90 0 0 0.7071068 0 0.7071068 0 2
8.2339 SecondCar -39.33287 0.025 2.97 0 90 0 0 0.7071068 0 0.7071068 0 2
8.2352 Head 0 1.6 6.741114 9.449971 0.5249952 -6.761869E-09 0.08237226 0.004565862 -0.0003773868 0.9965912
8.2352 FirstCar -6.96904 0.025 2.97 0 90 0 0 0.7071068 0 0.7071068 0 2
8.2352 SecondCar -39.33287 0.025 2.97 0 90 0 0 0.7071068 0 0.7071068 0 2
8.2368 Head 0 1.6 6.742778 9.449971 0.5249952 -6.761869E-09 0.08237226 0.004565862 -0.0003773868 0.9965912
8.2368 FirstCar -6.96904 0.025 2.97 0 90 0 0 0.7071068 0 0.7071068 0 2
8.2368 SecondCar -39.33287 0.025 2.97 0 90 0 0 0.7071068 0 0.7071068 0 2
8.2385 Head 0 1.6 6.744986 9.299972 359.55 0 0.08106788 -0.003914097 0.0003183578 0.9967008
8.2385 FirstCar -6.96904 0.025 2.97 0 90 0 0 0.7071068 0 0.7071068 0 2
8.2385 SecondCar -39.33287 0.025 2.97 0 90 0 0 0.7071068 0 0.7071068 0 2
8.2401 Head 0 1.6 6.74712 9.299972 359.55 0 0.08106788 -0.003914097 0.0003183578 0.9967008
8.2401 FirstCar -6.96904 0.025 2.97 0 90 0 0 0.7071068 0 0.7071068 0 2
8.2401 SecondCar -39.33287 0.025 2.97 0 90 0 0 0.7071068 0 0.7071068 0 2
8.2416 Head 0 1.6 6.749297 9.299972 359.55 0 0.08106788 -0.003914097 0.0003183578 0.9967008
8.2416 FirstCar -6.96904 0.025 2.97 0 90 0 0 0.7071068 0 0.7071068 0 2
8.2416 SecondCar -39.33287 0.025 2.97 0 90 0 0 0.7071068 0 0.7071068 0 2
8.2430 Head 0 1.6 6.751272 9.299972 359.55 0 0.08106788 -0.003914097 0.0003183578 0.9967008
8.2430 FirstCar -6.96904 0.025 2.97 0 90 0 0 0.7071068 0 0.7071068 0 2
8.2430 SecondCar -39.33287 0.025 2.97 0 90 0 0 0.7071068 0 0.7071068 0 2
8.2455 Head 0 1.6 6.753027 9.299972 359.55 0 0.08106788 -0.003914097 0.0003183578 0.9967008
8.2455 FirstCar -6.96904 0.025 2.97 0 90 0 0 0.7071068 0 0.7071068 0 2
8.2455 SecondCar -39.33287 0.025 2.97 0 90 0 0 0.7071068 0 0.7071068 0 2
8.2473 Head 0 1.6 6.756365 9.224973 358.575 0 0.08040992 -0.01239492 0.0009999903 0.9966844
8.2473 FirstCar -6.96904 0.025 2.97 0 90 0 0 0.7071068 0 0.7071068 0 2
8.2473 SecondCar -39.33287 0.025 2.97 0 90 0 0 0.7071068 0 0.7071068 0 2
8.2489 Head 0 1.6 6.758637 9.224973 358.575 0 0.08040992 -0.01239492 0.0009999903 0.9966844
8.2489 FirstCar -6.96904 0.025 2.97 0 90 0 0 0.7071068 0 0.7071068 0 2
8.2489 SecondCar -39.33287 0.025 2.97 0 90 0 0 0.7071068 0 0.7071068 0 2
8.2508 Head 0 1.6 6.760737 9.224973 358.575 0 0.08040992 -0.01239492 0.0009999903 0.9966844
8.2508 FirstCar -6.96904 0.025 2.97 0 90 0 0 0.7071068 0 0.7071068 0 2
8.2508 SecondCar -39.33287 0.025 2.97 0 90 0 0 0.7071068 0 0.7071068 0 2
8.2527 Head 0 1.6 6.763336 9.224973 358.575 0 0.08040992 -0.01239492 0.0009999903 0.9966844
8.2527 FirstCar -6.96904 0.025 2.97 0 90 0 0 0.7071068 0 0.7071068 0 2
8.2527 SecondCar -39.33287 0.025 2.97 0 90 0 0 0.7071068 0 0.7071068 0 2
8.2541 Head 0 1.6 6.765744 9.224972 357.75 0 0.08040064 -0.01957015 0.001578869 0.9965693
8.2541 FirstCar -6.96904 0.025 2.97 0 90 0 0 0.7071068 0 0.7071068 0 2
8.2541 SecondCar -39.33287 0.025 2.97 0 90 0 0 0.7071068 0 0.7071068 0 2
8.2557 Head 0 1.6 6.767632 9.224972 357.75 0 0.08040064 -0.01957015 0.001578869 0.9965693
8.2557 FirstCar -6.96904 0.025 2.97 0 90 0 0 0.7071068 0 0.7071068 0 2
8.2557 SecondCar -39.33287 0.025 2.97 0 90 0 0 0.7071068 0 0.7071068 0 2
8.2573 Head 0 1.6 6.769691 9.224972 357.75 0 0.08040064 -0.01957015 0.001578869 0.9965693
8.2573 FirstCar -6.96904 0.025 2.97 0 90 0 0 0.7071068 0 0.7071068 0 2
8.2573 SecondCar -39.33287 0.025 2.97 0 90 0 0 0.7071068 0 0.7071068 0 2
8.2590 Head 0 1.6 6.771783 9.224972 357.75 0 0.08040064 -0.01957015 0.001578869 0.9965693
8.2590 FirstCar -6.96904 0.025 2.97 0 90 0 0 0.7071068 0 0.7071068 0 2
8.2590 SecondCar -39.33287 0.025 2.97 0 90 0 0 0.7071068 0 0.7071068 0 2
8.2607 Head 0 1.6 6.773982 9.224972 357.75 0 0.08040064 -0.01957015 0.001578869 0.9965693
8.2607 FirstCar -6.96904 0.025 2.97 0 90 0 0 0.7071068 0 0.7071068 0 2
8.2607 SecondCar -39.33287 0.025 2.97 0 90 0 0 0.7071068 0 0.7071068 0 2
8.2620 Head 0 1.6 6.776201 9.149973 356.925 -2.70243E-08 0.07973503 -0.02674577 0.002140162 0.996455
8.2620 FirstCar -6.96904 0.025 2.97 0 90 0 0 0.7071068 0 0.7071068 0 2
8.2620 SecondCar -39.33287 0.025 2.97 0 90 0 0 0.7071068 0 0.7071068 0 2
8.2634 Head 0 1.6 6.777967 9.149973 356.925 -2.70243E-08 0.07973503 -0.02674577 0.002140162 0.996455
8.2634 FirstCar -6.96904 0.025 2.97 0 90 0 0 0.7071068 0 0.7071068 0 2
8.2634 SecondCar -39.33287 0.025 2.97 0 90 0 0 0.7071068 0 0.7071068 0 2
8.2648 Head 0 1.6 6.779819 9.149973 356.925 -2.70243E-08 0.07973503 -0.02674577 0.002140162 0.996455
8.2648 FirstCar -6.96904 0.025 2.97 0 90 0 0 0.7071068 0 0.7071068 0 2
8.2648 SecondCar -39.33287 0.025 2.97 0 90 0 0 0.7071068 0 0.7071068 0 2
8.2662 Head 0 1.6 6.781662 9.149973 356.925 -2.70243E-08 0.07973503 -0.02674577 0.002140162 0.996455
8.2662 FirstCar -6.96904 0.025 2.97 0 90 0 0 0.7071068 0 0.7071068 0 2
8.2662 SecondCar -39.33287 0.025 2.97 0 90 0 0 0.7071068 0 0.7071068 0 2
8.2675 Head 0 1.6 6.783444 9.149973 356.925 -2.70243E-08 0.07973503 -0.02674577 0.002140162 0.996455
8.2675 FirstCar -6.96904 0.025 2.97 0 90 0 0 0.7071068 0 0.7071068 0 2
8.2675 SecondCar -39.33287 0.025 2.97 0 90 0 0 0.7071068 0 0.7071068 0 2
8.2693 Head 0 1.6 6.78516 9.149973 356.925 -2.70243E-08 0.07973503 -0.02674577 0.002140162 0.996455
8.2693 FirstCar -6.96904 0.025 2.97 0 90 0 0 0.7071068 0 0.7071068 0 2
8.2693 SecondCar -39.33287 0.025 2.97 0 90 0 0 0.7071068 0 0.7071068 0 2
8.2712 Head 0 1.6 6.787529 9.149973 356.25 0 0.07972104 -0.03261487 0.0026098 0.9962801
8.2712 FirstCar -6.96904 0.025 2.97 0 90 0 0 0.7071068 0 0.7071068 0 2
8.2712 SecondCar -39.33287 0.025 2.97 0 90 0 0 0.7071068 0 0.7071068 0 2
8.2726 Head 0 1.6 6.78994 9.149973 356.25 0 0.07972104 -0.03261487 0.0026098 0.9962801
8.2726 FirstCar -6.96904 0.025 2.97 0 90 0 0 0.7071068 0 0.7071068 0 2
8.2726 SecondCar -39.33287 0.025 2.97 0 90 0 0 0.7071068 0 0.7071068 0 2
8.2741 Head 0 1.6 6.791838 9.149973 356.25 0 0.07972104 -0.03261487 0.0026098 0.9962801
8.2741 FirstCar -6.96904 0.025 2.97 0 90 0 0 0.7071068 0 0.7071068 0 2
8.2741 SecondCar -39.33287 0.025 2.97 0 90 0 0 0.7071068 0 0.7071068 0 2
8.2754 Head 0 1.6 6.793847 9.149973 356.25 0 0.07972104 -0.03261487 0.0026098 0.9962801
8.2754 FirstCar -6.96904 0.025 2.97 0 90 0 0 0.7071068 0 0.7071068 0 2
8.2754 SecondCar -39.33287 0.025 2.97 0 90 0 0 0.7071068 0 0.7071068 0 2
8.2771 Head 0 1.6 6.795441 9.149973 356.25 0 0.07972104 -0.03261487 0.0026098 0.9962801
8.2771 FirstCar -6.96904 0.025 2.97 0 90 0 0 0.7071068 0 0.7071068 0 2
8.2771 SecondCar -39.33287 0.025 2.97 0 90 0 0 0.7071068 0 0.7071068 0 2
8.2789 Head 0 1.6 6.797678 9.149971 355.65 2.70243E-08 0.07970627 -0.03783092 0.003027181 0.9960957
8.2789 FirstCar -6.96904 0.025 2.97 0 90 0 0 0.7071068 0 0.7071068 0 2
8.2789 SecondCar -39.33287 0.025 2.97 0 90 0 0 0.7071068 0 0.7071068 0 2
8.2805 Head 0 1.6 6.800128 9.149971 355.65 2.70243E-08 0.07970627 -0.03783092 0.003027181 0.9960957
8.2805 FirstCar -6.96904 0.025 2.97 0 90 0 0 0.7071068 0 0.7071068 0 2
8.2805 SecondCar -39.33287 0.025 2.97 0 90 0 0 0.7071068 0 0.7071068 0 2
8.2819 Head 0 1.6 6.802173 9.149971 355.65 2.70243E-08 0.07970627 -0.03783092 0.003027181 0.9960957
8.2819 FirstCar -6.96904 0.025 2.97 0 90 0 0 0.7071068 0 0.7071068 0 2
8.2819 SecondCar -39.33287 0.025 2.97 0 90 0 0 0.7071068 0 0.7071068 0 2
8.2832 Head 0 1.6 6.804 9.149971 355.65 2.70243E-08 0.07970627 -0.03783092 0.003027181 0.9960957
8.2832 FirstCar -6.96904 0.025 2.97 0 90 0 0 0.7071068 0 0.7071068 0 2
8.2832 SecondCar -39.33287 0.025 2.97 0 90 0 0 0.7071068 0 0.7071068 0 2
8.2847 Head 0 1.6 6.805657 9.149971 355.65 2.70243E-08 0.07970627 -0.03783092 0.003027181 0.9960957
8.2847 FirstCar -6.96904 0.025 2.97 0 90 0 0 0.7071068 0 0.7071068 0 2
8.2847 SecondCar -39.33287 0.025 2.97 0 90 0 0 0.7071068 0 0.7071068 0 2
8.2860 Head 0 1.6 6.80767 9.074973 355.275 0 0.07904407 -0.04109257 0.003261108 0.9960185
8.2860 FirstCar -6.96904 0.025 2.97 0 90 0 0 0.7071068 0 0.7071068 0 2
8.2860 SecondCar -39.33287 0.025 2.97 0 90 0 0 0.7071068 0 0.7071068 0 2
8.2872 Head 0 1.6 6.80933 9.074973 355.275 0 0.07904407 -0.04109257 0.003261108 0.9960185
8.2872 FirstCar -6.96904 0.025 2.97 0 90 0 0 0.7071068 0 0.7071068 0 2
8.2872 SecondCar -39.33287 0.025 2.97 0 90 0 0 0.7071068 0 0.7071068 0 2
8.2883 Head 0 1.6 6.810901 9.074973 355.275 0 0.07904407 -0.04109257 0.003261108 0.9960185
8.2883 FirstCar -6.96904 0.025 2.97 0 90 0 0 0.7071068 0 0.7071068 0 2
8.2883 SecondCar -39.33287 0.025 2.97 0 90 0 0 0.7071068 0 0.7071068 0 2
8.2896 Head 0 1.6 6.812455 9.074973 355.275 0 0.07904407 -0.04109257 0.003261108 0.9960185
8.2896 FirstCar -6.96904 0.025 2.97 0 90 0 0 0.7071068 0 0.7071068 0 2
8.2896 SecondCar -39.33287 0.025 2.97 0 90 0 0 0.7071068 0 0.7071068 0 2
8.2911 Head 0 1.6 6.814144 9.074973 355.275 0 0.07904407 -0.04109257 0.003261108 0.9960185
8.2911 FirstCar -6.96904 0.025 2.97 0 90 0 0 0.7071068 0 0.7071068 0 2
8.2911 SecondCar -39.33287 0.025 2.97 0 90 0 0 0.7071068 0 0.7071068 0 2
8.2927 Head 0 1.6 6.816121 9.074973 355.275 0 0.07904407 -0.04109257 0.003261108 0.9960185
8.2927 FirstCar -6.96904 0.025 2.97 0 90 0 0 0.7071068 0 0.7071068 0 2
8.2927 SecondCar -39.33287 0.025 2.97 0 90 0 0 0.7071068 0 0.7071068 0 2
8.2943 Head 0 1.6 6.818196 9.074973 354.825 5.403724E-08 0.07903066 -0.0450036 0.003571487 0.9958495
8.2943 FirstCar -6.96904 0.025 2.97 0 90 0 0 0.7071068 0 0.7071068 0 2
8.2943 SecondCar -39.33287 0.025 2.97 0 90 0 0 0.7071068 0 0.7071068 0 2
8.2958 Head 0 1.6 6.820314 9.074973 354.825 5.403724E-08 0.07903066 -0.0450036 0.003571487 0.9958495
8.2958 FirstCar -6.96904 0.025 2.97 0 90 0 0 0.7071068 0 0.7071068 0 2
8.2958 SecondCar -39.33287 0.025 2.97 0 90 0 0 0.7071068 0 0.7071068 0 2
8.2972 Head 0 1.6 6.822178 9.074973 354.825 5.403724E-08 0.07903066 -0.0450036 0.003571487 0.9958495
8.2972 FirstCar -6.96904 0.025 2.97 0 90 0 0 0.7071068 0 0.7071068 0 2
8.2972 SecondCar -39.33287 0.025 2.97 0 90 0 0 0.7071068 0 0.7071068 0 2
8.2985 Head 0 1.6 6.824081 9.074973 354.825 5.403724E-08 0.07903066 -0.0450036 0.003571487 0.9958495
8.2985 FirstCar -6.96904 0.025 2.97 0 90 0 0 0.7071068 0 0.7071068 0 2
8.2985 SecondCar -39.33287 0.025 2.97 0 90 0 0 0.7071068 0 0.7071068 0 2
8.3005 Head 0 1.6 6.825825 9.074973 354.825 5.403724E-08 0.07903066 -0.0450036 0.003571487 0.9958495
8.3005 FirstCar -6.96904 0.025 2.97 0 90 0 0 0.7071068 0 0.7071068 0 2
8.3005 SecondCar -39.33287 0.025 2.97 0 90 0 0 0.7071068 0 0.7071068 0 2
8.3022 Head 0 1.6 6.828435 9.074973 354.525 -2.701863E-08 0.07902104 -0.04761057 0.003778377 0.9957282
8.3022 FirstCar -6.96904 0.025 2.97 0 90 0 0 0.7071068 0 0.7071068 0 2
8.3022 SecondCar -39.33287 0.025 2.97 0 90 0 0 0.7071068 0 0.7071068 0 2
8.3036 Head 0 1.6 6.83057 9.074973 354.525 -2.701863E-08 0.07902104 -0.04761057 0.003778377 0.9957282
8.3036 FirstCar -6.96904 0.025 2.97 0 90 0 0 0.7071068 0 0.7071068 0 2
8.3036 SecondCar -39.33287 0.025 2.97 0 90 0 0 0.7071068 0 0.7071068 0 2
8.3050 Head 0 1.6 6.832487 9.074973 354.525 -2.701863E-08 0.07902104 -0.04761057 0.003778377 0.9957282
8.3050 FirstCar -6.96904 0.025 2.97 0 90 0 0 0.7071068 0 0.7071068 0 2
8.3050 SecondCar -39.33287 0.025 2.97 0 90 0 0 0.7071068 0 0.7071068 0 2
8.3064 Head 0 1.6 6.834266 9.074973 354.525 -2.701863E-08 0.07902104 -0.04761057 0.003778377 0.9957282
8.3064 FirstCar -6.96904 0.025 2.97 0 90 0 0 0.7071068 0 0.7071068 0 2
8.3064 SecondCar -39.33287 0.025 2.97 0 90 0 0 0.7071068 0 0.7071068 0 2
8.3077 Head 0 1.6 6.836078 9.074973 354.525 -2.701863E-08 0.07902104 -0.04761057 0.003778377 0.9957282
8.3077 FirstCar -6.96904 0.025 2.97 0 90 0 0 0.7071068 0 0.7071068 0 2
8.3077 SecondCar -39.33287 0.025 2.97 0 90 0 0 0.7071068 0 0.7071068 0 2
8.3100 Head 0 1.6 6.837807 9.074973 354.525 -2.701863E-08 0.07902104 -0.04761057 0.003778377 0.9957282
8.3100 FirstCar -6.96904 0.025 2.97 0 90 0 0 0.7071068 0 0.7071068 0 2
8.3100 SecondCar -39.33287 0.025 2.97 0 90 0 0 0.7071068 0 0.7071068 0 2
8.3125 Head 0 1.6 6.840793 9.074973 354.375 -2.701863E-08 0.07901602 -0.04891393 0.003881812 0.995665
8.3125 FirstCar -6.96904 0.025 2.97 0 90 0 0 0.7071068 0 0.7071068 0 2
8.3125 SecondCar -39.33287 0.025 2.97 0 90 0 0 0.7071068 0 0.7071068 0 2
8.3140 Head 0 1.6 6.844045 9.074973 354.375 -2.701863E-08 0.07901602 -0.04891393 0.003881812 0.995665
8.3140 FirstCar -6.96904 0.025 2.97 0 90 0 0 0.7071068 0 0.7071068 0 2
8.3140 SecondCar -39.33287 0.025 2.97 0 90 0 0 0.7071068 0 0.7071068 0 2
8.3153 Head 0 1.6 6.846057 9.074973 354.375 -2.701863E-08 0.07901602 -0.04891393 0.003881812 0.995665
8.3153 FirstCar -6.96904 0.025 2.97 0 90 0 0 0.7071068 0 0.7071068 0 2
8.3153 SecondCar -39.33287 0.025 2.97 0 90 0 0 0.7071068 0 0.7071068 0 2
8.3171 Head 0 1.6 6.847782 9.074973 354.375 -2.701863E-08 0.07901602 -0.04891393 0.003881812 0.995665
8.3171 FirstCar -6.96904 0.025 2.97 0 90 0 0 0.7071068 0 0.7071068 0 2
8.3171 SecondCar -39.33287 0.025 2.97 0 90 0 0 0.7071068 0 0.7071068 0 2
8.3186 Head 0 1.6 6.850107 9.074972 354.15 5.403724E-08 0.07900824 -0.05086882 0.004036952 0.9955671
8.3186 FirstCar -6.96904 0.025 2.97 0 90 0 0 0.7071068 0 0.7071068 0 2
8.3186 SecondCar -39.33287 0.025 2.97 0 90 0 0 0.7071068 0 0.7071068 0 2
8.3200 Head 0 1.6 6.852062 9.074972 354.15 5.403724E-08 0.07900824 -0.05086882 0.004036952 0.9955671
8.3200 FirstCar -6.96904 0.025 2.97 0 90 0 0 0.7071068 0 0.7071068 0 2
8.3200 SecondCar -39.33287 0.025 2.97 0 90 0 0 0.7071068 0 0.7071068 0 2
8.3215 Head 0 1.6 6.853948 9.074972 354.15 5.403724E-08 0.07900824 -0.05086882 0.004036952 0.9955671
8.3215 FirstCar -6.96904 0.025 2.97 0 90 0 0 0.7071068 0 0.7071068 0 2
8.3215 SecondCar -39.33287 0.025 2.97 0 90 0 0 0.7071068 0 0.7071068 0 2
8.3228 Head 0 1.6 6.855846 9.074972 354.15 5.403724E-08 0.07900824 -0.05086882 0.004036952 0.9955671
8.3228 FirstCar -6.96904 0.025 2.97 0 90 0 0 0.7071068 0 0.7071068 0 2
8.3228 SecondCar -39.33287 0.025 2.97 0 90 0 0 0.7071068 0 0.7071068 0 2
8.3245 Head 0 1.6 6.857572 9.074972 354.15 5.403724E-08 0.07900824 -0.05086882 0.004036952 0.9955671
8.3245 FirstCar -6.96904 0.025 2.97 0 90 0 0 0.7071068 0 0.7071068 0 2
8.3245 SecondCar -39.33287 0.025 2.97 0 90 0 0 0.7071068 0 0.7071068 0 2
8.3259 Head 0 1.6 6.859847 9.074973 354.075 0 0.07900559 -0.05152041 0.004088662 0.9955336
8.3259 FirstCar -6.96904 0.025 2.97 0 90 0 0 0.7071068 0 0.7071068 0 2
8.3259 SecondCar -39.33287 0.025 2.97 0 90 0 0 0.7071068 0 0.7071068 0 2
8.3272 Head 0 1.6 6.861654 9.074973 354.075 0 0.07900559 -0.05152041 0.004088662 0.9955336
8.3272 FirstCar -6.96904 0.025 2.97 0 90 0 0 0.7071068 0 0.7071068 0 2
8.3272 SecondCar -39.33287 0.025 2.97 0 90 0 0 0.7071068 0 0.7071068 0 2
8.3285 Head 0 1.6 6.863375 9.074973 354.075 0 0.07900559 -0.05152041 0.004088662 0.9955336
8.3285 FirstCar -6.96904 0.025 2.97 0 90 0 0 0.7071068 0 0.7071068 0 2
8.3285 SecondCar -39.33287 0.025 2.97 0 90 0 0 0.7071068 0 0.7071068 0 2
8.3299 Head 0 1.6 6.865047 9.074973 354.075 0 0.07900559 -0.05152041 0.004088662 0.9955336
8.3299 FirstCar -6.96904 0.025 2.97 0 90 0 0 0.7071068 0 0.7071068 0 2
8.3299 SecondCar -39.33287 0.025 2.97 0 90 0 0 0.7071068 0 0.7071068 0 2
8.3315 Head 0 1.6 6.866964 9.074973 354.075 0 0.07900559 -0.05152041 0.004088662 0.9955336
8.3315 FirstCar -6.96904 0.025 2.97 0 90 0 0 0.7071068 0 0.7071068 0 2
8.3315 SecondCar -39.33287 0.025 2.97 0 90 0 0 0.7071068 0 0.7071068 0 2
8.3331 Head 0 1.6 6.869009 9.074973 354.075 0 0.07900559 -0.05152041 0.004088662 0.9955336
8.3331 FirstCar -6.96904 0.025 2.97 0 90 0 0 0.7071068 0 0.7071068 0 2
8.3331 SecondCar -39.33287 0.025 2.97 0 90 0 0 0.7071068 0 0.7071068 0 2
8.3343 Head 0 1.6 6.871047 9.074973 354 -5.403725E-08 0.07900289 -0.05217197 0.00414037 0.9954996
8.3343 FirstCar -6.96904 0.025 2.97 0 90 0 0 0.7071068 0 0.7071068 0 2
8.3343 SecondCar -39.33287 0.025 2.97 0 90 0 0 0.7071068 0 0.7071068 0 2
8.3355 Head 0 1.6 6.87271 9.074973 354 -5.403725E-08 0.07900289 -0.05217197 0.00414037 0.9954996
8.3355 FirstCar -6.96904 0.025 2.97 0 90 0 0 0.7071068 0 0.7071068 0 2
8.3355 SecondCar -39.33287 0.025 2.97 0 90 0 0 0.7071068 0 0.7071068 0 2
8.3367 Head 0 1.6 6.874276 9.074973 354 -5.403725E-08 0.07900289 -0.05217197 0.00414037 0.9954996
8.3367 FirstCar -6.96904 0.025 2.97 0 90 0 0 0.7071068 0 0.7071068 0 2
8.3367 SecondCar -39.33287 0.025 2.97 0 90 0 0 0.7071068 0 0.7071068 0 2
8.3380 Head 0 1.6 6.875872 9.074973 354 -5.403725E-08 0.07900289 -0.05217197 0.00414037 0.9954996
8.3380 FirstCar -6.96904 0.025 2.97 0 90 0 0 0.7071068 0 0.7071068 0 2
8.3380 SecondCar -39.33287 0.025 2.97 0 90 0 0 0.7071068 0 0.7071068 0 2
8.3393 Head 0 1.6 6.877517 9.074973 354 -5.403725E-08 0.07900289 -0.05217197 0.00414037 0.9954996
8.3393 FirstCar -6.96904 0.025 2.97 0 90 0 0 0.7071068 0 0.7071068 0 2
8.3393 SecondCar -39.33287 0.025 2.97 0 90 0 0 0.7071068 0 0.7071068 0 2
8.3406 Head 0 1.6 6.879165 9.074973 354 -5.403725E-08 0.07900289 -0.05217197 0.00414037 0.9954996
8.3406 FirstCar -6.96904 0.025 2.97 0 90 0 0 0.7071068 0 0.7071068 0 2
8.3406 SecondCar -39.33287 0.025 2.97 0 90 0 0 0.7071068 0 0.7071068 0 2
8.3418 Head 0 1.6 6.880885 9.074973 354 -5.403725E-08 0.07900289 -0.05217197 0.00414037 0.9954996
8.3418 FirstCar -6.96904 0.025 2.97 0 90 0 0 0.7071068 0 0.7071068 0 2
8.3418 SecondCar -39.33287 0.025 2.97 0 90 0 0 0.7071068 0 0.7071068 0 2
8.3430 Head 0 1.6 6.882485 9.074973 354 -5.403725E-08 0.07900289 -0.05217197 0.00414037 0.9954996
8.3430 FirstCar -6.96904 0.025 2.97 0 90 0 0 0.7071068 0 0.7071068 0 2
8.3430 SecondCar -39.33287 0.025 2.97 0 90 0 0 0.7071068 0 0.7071068 0 2
8.3443 Head 0 1.6 6.884087 9.074973 354 -5.403725E-08 0.07900289 -0.05217197 0.00414037 0.9954996
8.3443 FirstCar -6.96904 0.025 2.97 0 90 0 0 0.7071068 0 0.7071068 0 2
8.3443 SecondCar -39.33287 0.025 2.97 0 90 0 0 0.7071068 0 0.7071068 0 2
8.3455 Head 0 1.6 6.885711 9.074973 354 -5.403725E-08 0.07900289 -0.05217197 0.00414037 0.9954996
8.3455 FirstCar -6.96904 0.025 2.97 0 90 0 0 0.7071068 0 0.7071068 0 2
8.3455 SecondCar -39.33287 0.025 2.97 0 90 0 0 0.7071068 0 0.7071068 0 2
8.3467 Head 0 1.6 6.887298 9.074973 354 -5.403725E-08 0.07900289 -0.05217197 0.00414037 0.9954996
8.3467 FirstCar -6.96904 0.025 2.97 0 90 0 0 0.7071068 0 0.7071068 0 2
8.3467 SecondCar -39.33287 0.025 2.97 0 90 0 0 0.7071068 0 0.7071068 0 2
8.3480 Head 0 1.6 6.888924 9.074973 354 -5.403725E-08 0.07900289 -0.05217197 0.00414037 0.9954996
8.3480 FirstCar -6.96904 0.025 2.97 0 90 0 0 0.7071068 0 0.7071068 0 2
8.3480 SecondCar -39.33287 0.025 2.97 0 90 0 0 0.7071068 0 0.7071068 0 2
8.3495 Head 0 1.6 6.890633 9.074973 354 -5.403725E-08 0.07900289 -0.05217197 0.00414037 0.9954996
8.3495 FirstCar -6.96904 0.025 2.97 0 90 0 0 0.7071068 0 0.7071068 0 2
8.3495 SecondCar -39.33287 0.025 2.97 0 90 0 0 0.7071068 0 0.7071068 0 2
8.3512 Head 0 1.6 6.89263 9.074973 354 -5.403725E-08 0.07900289 -0.05217197 0.00414037 0.9954996
8.3512 FirstCar -6.96904 0.025 2.97 0 90 0 0 0.7071068 0 0.7071068 0 2
8.3512 SecondCar -39.33287 0.025 2.97 0 90 0 0 0.7071068 0 0.7071068 0 2
8.3524 Head 0 1.6 6.894785 9.074973 354 -5.403725E-08 0.07900289 -0.05217197 0.00414037 0.9954996
8.3524 FirstCar -6.96904 0.025 2.97 0 90 0 0 0.7071068 0 0.7071068 0 2
8.3524 SecondCar -39.33287 0.025 2.97 0 90 0 0 0.7071068 0 0.7071068 0 2
8.3537 Head 0 1.6 6.896394 9.074973 354 -5.403725E-08 0.07900289 -0.05217197 0.00414037 0.9954996
8.3537 FirstCar -6.96904 0.025 2.97 0 90 0 0 0.7071068 0 0.7071068 0 2
8.3537 SecondCar -39.33287 0.025 2.97 0 90 0 0 0.7071068 0 0.7071068 0 2
8.3549 Head 0 1.6 6.89803 9.074973 354 -5.403725E-08 0.07900289 -0.05217197 0.00414037 0.9954996
8.3549 FirstCar -6.96904 0.025 2.97 0 90 0 0 0.7071068 0 0.7071068 0 2
8.3549 SecondCar -39.33287 0.025 2.97 0 90 0 0 0.7071068 0 0.7071068 0 2
8.3567 Head 0 1.6 6.899649 9.074973 354 -5.403725E-08 0.07900289 -0.05217197 0.00414037 0.9954996
8.3567 FirstCar -6.96904 0.025 2.97 0 90 0 0 0.7071068 0 0.7071068 0 2
8.3567 SecondCar -39.33287 0.025 2.97 0 90 0 0 0.7071068 0 0.7071068 0 2
8.3582 Head 0 1.6 6.902059 9.074973 354 -5.403725E-08 0.07900289 -0.05217197 0.00414037 0.9954996
8.3582 FirstCar -6.96904 0.025 2.97 0 90 0 0 0.7071068 0 0.7071068 0 2
8.3582 SecondCar -39.33287 0.025 2.97 0 90 0 0 0.7071068 0 0.7071068 0 2
8.3595 Head 0 1.6 6.903939 9.074973 354 -5.403725E-08 0.07900289 -0.05217197 0.00414037 0.9954996
8.3595 FirstCar -6.96904 0.025 2.97 0 90 0 0 0.7071068 0 0.7071068 0 2
8.3595 SecondCar -39.33287 0.025 2.97 0 90 0 0 0.7071068 0 0.7071068 0 2
8.3607 Head 0 1.6 6.905632 9.074973 354 -5.403725E-08 0.07900289 -0.05217197 0.00414037 0.9954996
8.3607 FirstCar -6.96904 0.025 2.97 0 90 0 0 0.7071068 0 0.7071068 0 2
8.3607 SecondCar -39.33287 0.025 2.97 0 90 0 0 0.7071068 0 0.7071068 0 2
8.3620 Head 0 1.6 6.907302 9.074973 354 -5.403725E-08 0.07900289 -0.05217197 0.00414037 0.9954996
8.3620 FirstCar -6.96904 0.025 2.97 0 90 0 0 0.7071068 0 0.7071068 0 2
8.3620 SecondCar -39.33287 0.025 2.97 0 90 0 0 0.7071068 0 0.7071068 0 2
8.3632 Head 0 1.6 6.908922 9.074973 354 -5.403725E-08 0.07900289 -0.05217197 0.00414037 0.9954996
8.3632 FirstCar -6.96904 0.025 2.97 0 90 0 0 0.7071068 0 0.7071068 0 2
8.3632 SecondCar -39.33287 0.025 2.97 0 90 0 0 0.7071068 0 0.7071068 0 2
8.3644 Head 0 1.6 6.910577 9.074973 354 -5.403725E-08 0.07900289 -0.05217197 0.00414037 0.9954996
8.3644 FirstCar -6.96904 0.025 2.97 0 90 0 0 0.7071068 0 0.7071068 0 2
8.3644 SecondCar -39.33287 0.025 2.97 0 90 0 0 0.7071068 0 0.7071068 0 2
8.3656 Head 0 1.6 6.912154 9.074973 354 -5.403725E-08 0.07900289 -0.05217197 0.00414037 0.9954996
8.3656 FirstCar -6.96904 0.025 2.97 0 90 0 0 0.7071068 0 0.7071068 0 2
8.3656 SecondCar -39.33287 0.025 2.97 0 90 0 0 0.7071068 0 0.7071068 0 2
8.3668 Head 0 1.6 6.913725 9.074973 354 -5.403725E-08 0.07900289 -0.05217197 0.00414037 0.9954996
8.3668 FirstCar -6.96904 0.025 2.97 0 90 0 0 0.7071068 0 0.7071068 0 2
8.3668 SecondCar -39.33287 0.025 2.97 0 90 0 0 0.7071068 0 0.7071068 0 2
8.3680 Head 0 1.6 6.915309 9.074973 354 -5.403725E-08 0.07900289 -0.05217197 0.00414037 0.9954996
8.3680 FirstCar -6.96904 0.025 2.97 0 90 0 0 0.7071068 0 0.7071068 0 2
8.3680 SecondCar -39.33287 0.025 2.97 0 90 0 0 0.7071068 0 0.7071068 0 2
8.3693 Head 0 1.6 6.916825 9.074973 354 -5.403725E-08 0.07900289 -0.05217197 0.00414037 0.9954996
8.3693 FirstCar -6.96904 0.025 2.97 0 90 0 0 0.7071068 0 0.7071068 0 2
8.3693 SecondCar -39.33287 0.025 2.97 0 90 0 0 0.7071068 0 0.7071068 0 2
8.3708 Head 0 1.6 6.918474 9.074973 354 -5.403725E-08 0.07900289 -0.05217197 0.00414037 0.9954996
8.3708 FirstCar -6.96904 0.025 2.97 0 90 0 0 0.7071068 0 0.7071068 0 2
8.3708 SecondCar -39.33287 0.025 2.97 0 90 0 0 0.7071068 0 0.7071068 0 2
8.3722 Head 0 1.6 6.9205 9.074973 354 -5.403725E-08 0.07900289 -0.05217197 0.00414037 0.9954996
8.3722 FirstCar -6.96904 0.025 2.97 0 90 0 0 0.7071068 0 0.7071068 0 2
8.3722 SecondCar -39.33287 0.025 2.97 0 90 0 0 0.7071068 0 0.7071068 0 2
8.3738 Head 0 1.6 6.922358 9.074973 354 -5.403725E-08 0.07900289 -0.05217197 0.00414037 0.9954996
8.3738 FirstCar -6.96904 0.025 2.97 0 90 0 0 0.7071068 0 0.7071068 0 2
8.3738 SecondCar -39.33287 0.025 2.97 0 90 0 0 0.7071068 0 0.7071068 0 2
8.3752 Head 0 1.6 6.92436 9.074973 354 -5.403725E-08 0.07900289 -0.05217197 0.00414037 0.9954996
8.3752 FirstCar -6.96904 0.025 2.97 0 90 0 0 0.7071068 0 0.7071068 0 2
8.3752 SecondCar -39.33287 0.025 2.97 0 90 0 0 0.7071068 0 0.7071068 0 2
8.3766 Head 0 1.6 6.926253 9.074973 354 -5.403725E-08 0.07900289 -0.05217197 0.00414037 0.9954996
8.3766 FirstCar -6.96904 0.025 2.97 0 90 0 0 0.7071068 0 0.7071068 0 2
8.3766 SecondCar -39.33287 0.025 2.97 0 90 0 0 0.7071068 0 0.7071068 0 2
8.3781 Head 0 1.6 6.928034 9.074973 354 -5.403725E-08 0.07900289 -0.05217197 0.00414037 0.9954996
8.3781 FirstCar -6.96904 0.025 2.97 0 90 0 0 0.7071068 0 0.7071068 0 2
8.3781 SecondCar -39.33287 0.025 2.97 0 90 0 0 0.7071068 0 0.7071068 0 2
8.3799 Head 0 1.6 6.930091 9.074973 354 -5.403725E-08 0.07900289 -0.05217197 0.00414037 0.9954996
8.3799 FirstCar -6.96904 0.025 2.97 0 90 0 0 0.7071068 0 0.7071068 0 2
8.3799 SecondCar -39.33287 0.025 2.97 0 90 0 0 0.7071068 0 0.7071068 0 2
8.3814 Head 0 1.6 6.932347 9.074973 354 -5.403725E-08 0.07900289 -0.05217197 0.00414037 0.9954996
8.3814 FirstCar -6.96904 0.025 2.97 0 90 0 0 0.7071068 0 0.7071068 0 2
8.3814 SecondCar -39.33287 0.025 2.97 0 90 0 0 0.7071068 0 0.7071068 0 2
8.3829 Head 0 1.6 6.934366 9.074973 354 -5.403725E-08 0.07900289 -0.05217197 0.00414037 0.9954996
8.3829 FirstCar -6.96904 0.025 2.97 0 90 0 0 0.7071068 0 0.7071068 0 2
8.3829 SecondCar -39.33287 0.025 2.97 0 90 0 0 0.7071068 0 0.7071068 0 2
8.3844 Head 0 1.6 6.936345 9.074973 354 -5.403725E-08 0.07900289 -0.05217197 0.00414037 0.9954996
8.3844 FirstCar -6.96904 0.025 2.97 0 90 0 0 0.7071068 0 0.7071068 0 2
8.3844 SecondCar -39.33287 0.025 2.97 0 90 0 0 0.7071068 0 0.7071068 0 2
8.3857 Head 0 1.6 6.938247 9.074973 354 -5.403725E-08 0.07900289 -0.05217197 0.00414037 0.9954996
8.3857 FirstCar -6.96904 0.025 2.97 0 90 0 0 0.7071068 0 0.7071068 0 2
8.3857 SecondCar -39.33287 0.025 2.97 0 90 0 0 0.7071068 0 0.7071068 0 2
8.3870 Head 0 1.6 6.940062 9.074973 354 -5.403725E-08 0.07900289 -0.05217197 0.00414037 0.9954996
8.3870 FirstCar -6.96904 0.025 2.97 0 90 0 0 0.7071068 0 0.7071068 0 2
8.3870 SecondCar -39.33287 0.025 2.97 0 90 0 0 0.7071068 0 0.7071068 0 2
8.3889 Head 0 1.6 6.941764 9.074973 354 -5.403725E-08 0.07900289 -0.05217197 0.00414037 0.9954996
8.3889 FirstCar -6.96904 0.025 2.97 0 90 0 0 0.7071068 0 0.7071068 0 2
8.3889 SecondCar -39.33287 0.025 2.97 0 90 0 0 0.7071068 0 0.7071068 0 2
8.3909 Head 0 1.6 6.944258 9.074973 354 -5.403725E-08 0.07900289 -0.05217197 0.00414037 0.9954996
8.3909 FirstCar -6.96904 0.025 2.97 0 90 0 0 0.7071068 0 0.7071068 0 2
8.3909 SecondCar -39.33287 0.025 2.97 0 90 0 0 0.7071068 0 0.7071068 0 2
8.3923 Head 0 1.6 6.946865 9.074973 354 -5.403725E-08 0.07900289 -0.05217197 0.00414037 0.9954996
8.3923 FirstCar -6.96904 0.025 2.97 0 90 0 0 0.7071068 0 0.7071068 0 2
8.3923 SecondCar -39.33287 0.025 2.97 0 90 0 0 0.7071068 0 0.7071068 0 2
8.3936 Head 0 1.6 6.948705 9.074973 354 -5.403725E-08 0.07900289 -0.05217197 0.00414037 0.9954996
8.3936 FirstCar -6.96904 0.025 2.97 0 90 0 0 0.7071068 0 0.7071068 0 2
8.3936 SecondCar -39.33287 0.025 2.97 0 90 0 0 0.7071068 0 0.7071068 0 2
8.3948 Head 0 1.6 6.950368 9.074973 354 -5.403725E-08 0.07900289 -0.05217197 0.00414037 0.9954996
8.3948 FirstCar -6.96904 0.025 2.97 0 90 0 0 0.7071068 0 0.7071068 0 2
8.3948 SecondCar -39.33287 0.025 2.97 0 90 0 0 0.7071068 0 0.7071068 0 2
8.3961 Head 0 1.6 6.951973 9.074973 354 -5.403725E-08 0.07900289 -0.05217197 0.00414037 0.9954996
8.3961 FirstCar -6.96904 0.025 2.97 0 90 0 0 0.7071068 0 0.7071068 0 2
8.3961 SecondCar -39.33287 0.025 2.97 0 90 0 0 0.7071068 0 0.7071068 0 2
8.3975 Head 0 1.6 6.953662 9.074973 354 -5.403725E-08 0.07900289 -0.05217197 0.00414037 0.9954996
8.3975 FirstCar -6.96904 0.025 2.97 0 90 0 0 0.7071068 0 0.7071068 0 2
8.3975 SecondCar -39.33287 0.025 2.97 0 90 0 0 0.7071068 0 0.7071068 0 2
8.3988 Head 0 1.6 6.955488 9.074973 354 -5.403725E-08 0.07900289 -0.05217197 0.00414037 0.9954996
8.3988 FirstCar -6.96904 0.025 2.97 0 90 0 0 0.7071068 0 0.7071068 0 2
8.3988 SecondCar -39.33287 0.025 2.97 0 90 0 0 0.7071068 0 0.7071068 0 2
8.4000 Head 0 1.6 6.957153 9.074973 354 -5.403725E-08 0.07900289 -0.05217197 0.00414037 0.9954996
8.4000 FirstCar -6.96904 0.025 2.97 0 90 0 0 0.7071068 0 0.7071068 0 2
8.4000 SecondCar -39.33287 0.025 2.97 0 90 0 0 0.7071068 0 0.7071068 0 2
8.4013 Head 0 1.6 6.958768 9.074973 354 -5.403725E-08 0.07900289 -0.05217197 0.00414037 0.9954996
8.4013 FirstCar -6.96904 0.025 2.97 0 90 0 0 0.7071068 0 0.7071068 0 2
8.4013 SecondCar -39.33287 0.025 2.97 0 90 0 0 0.7071068 0 0.7071068 0 2
8.4025 Head 0 1.6 6.960392 9.074973 354 -5.403725E-08 0.07900289 -0.05217197 0.00414037 0.9954996
8.4025 FirstCar -6.96904 0.025 2.97 0 90 0 0 0.7071068 0 0.7071068 0 2
8.4025 SecondCar -39.33287 0.025 2.97 0 90 0 0 0.7071068 0 0.7071068 0 2
8.4036 Head 0 1.6 6.961955 9.074973 354 -5.403725E-08 0.07900289 -0.05217197 0.00414037 0.9954996
8.4036 FirstCar -6.96904 0.025 2.97 0 90 0 0 0.7071068 0 0.7071068 0 2
8.4036 SecondCar -39.33287 0.025 2.97 0 90 0 0 0.7071068 0 0.7071068 0 2
8.4048 Head 0 1.6 6.963503 9.074973 354 -5.403725E-08 0.07900289 -0.05217197 0.00414037 0.9954996
8.4048 FirstCar -6.96904 0.025 2.97 0 90 0 0 0.7071068 0 0.7071068 0 2
8.4048 SecondCar -39.33287 0.025 2.97 0 90 0 0 0.7071068 0 0.7071068 0 2
8.4061 Head 0 1.6 6.965054 9.074973 354 -5.403725E-08 0.07900289 -0.05217197 0.00414037 0.9954996
8.4061 FirstCar -6.96904 0.025 2.97 0 90 0 0 0.7071068 0 0.7071068 0 2
8.4061 SecondCar -39.33287 0.025 2.97 0 90 0 0 0.7071068 0 0.7071068 0 2
8.4074 Head 0 1.6 6.966722 9.074973 354 -5.403725E-08 0.07900289 -0.05217197 0.00414037 0.9954996
8.4074 FirstCar -6.96904 0.025 2.97 0 90 0 0 0.7071068 0 0.7071068 0 2
8.4074 SecondCar -39.33287 0.025 2.97 0 90 0 0 0.7071068 0 0.7071068 0 2
8.4087 Head 0 1.6 6.968438 9.074973 354 -5.403725E-08 0.07900289 -0.05217197 0.00414037 0.9954996
8.4087 FirstCar -6.96904 0.025 2.97 0 90 0 0 0.7071068 0 0.7071068 0 2
8.4087 SecondCar -39.33287 0.025 2.97 0 90 0 0 0.7071068 0 0.7071068 0 2
8.4105 Head 0 1.6 6.970127 9.074973 354 -5.403725E-08 0.07900289 -0.05217197 0.00414037 0.9954996
8.4105 FirstCar -6.96904 0.025 2.97 0 90 0 0 0.7071068 0 0.7071068 0 2
8.4105 SecondCar -39.33287 0.025 2.97 0 90 0 0 0.7071068 0 0.7071068 0 2
8.4123 Head 0 1.6 6.972464 9.074973 354 -5.403725E-08 0.07900289 -0.05217197 0.00414037 0.9954996
8.4123 FirstCar -6.96904 0.025 2.97 0 90 0 0 0.7071068 0 0.7071068 0 2
8.4123 SecondCar -39.33287 0.025 2.97 0 90 0 0 0.7071068 0 0.7071068 0 2
8.4138 Head 0 1.6 6.974884 9.074973 354 -5.403725E-08 0.07900289 -0.05217197 0.00414037 0.9954996
8.4138 FirstCar -6.96904 0.025 2.97 0 90 0 0 0.7071068 0 0.7071068 0 2
8.4138 SecondCar -39.33287 0.025 2.97 0 90 0 0 0.7071068 0 0.7071068 0 2
8.4152 Head 0 1.6 6.976807 9.074973 354 -5.403725E-08 0.07900289 -0.05217197 0.00414037 0.9954996
8.4152 FirstCar -6.96904 0.025 2.97 0 90 0 0 0.7071068 0 0.7071068 0 2
8.4152 SecondCar -39.33287 0.025 2.97 0 90 0 0 0.7071068 0 0.7071068 0 2
8.4165 Head 0 1.6 6.978647 9.074973 354 -5.403725E-08 0.07900289 -0.05217197 0.00414037 0.9954996
8.4165 FirstCar -6.96904 0.025 2.97 0 90 0 0 0.7071068 0 0.7071068 0 2
8.4165 SecondCar -39.33287 0.025 2.97 0 90 0 0 0.7071068 0 0.7071068 0 2
8.4176 Head 0 1.6 6.980292 9.074973 354 -5.403725E-08 0.07900289 -0.05217197 0.00414037 0.9954996
8.4176 FirstCar -6.96904 0.025 2.97 0 90 0 0 0.7071068 0 0.7071068 0 2
8.4176 SecondCar -39.33287 0.025 2.97 0 90 0 0 0.7071068 0 0.7071068 0 2
8.4188 Head 0 1.6 6.981819 9.074973 354 -5.403725E-08 0.07900289 -0.05217197 0.00414037 0.9954996
8.4188 FirstCar -6.96904 0.025 2.97 0 90 0 0 0.7071068 0 0.7071068 0 2
8.4188 SecondCar -39.33287 0.025 2.97 0 90 0 0 0.7071068 0 0.7071068 0 2
8.4211 Head 0 1.6 6.98336 9.074973 354 -5.403725E-08 0.07900289 -0.05217197 0.00414037 0.9954996
8.4211 FirstCar -6.96904 0.025 2.97 0 90 0 0 0.7071068 0 0.7071068 0 2
8.4211 SecondCar -39.33287 0.025 2.97 0 90 0 0 0.7071068 0 0.7071068 0 2
8.4226 Head 0 1.6 6.986366 9.074973 354 -5.403725E-08 0.07900289 -0.05217197 0.00414037 0.9954996
8.4226 FirstCar -6.96904 0.025 2.97 0 90 0 0 0.7071068 0 0.7071068 0 2
8.4226 SecondCar -39.33287 0.025 2.97 0 90 0 0 0.7071068 0 0.7071068 0 2
8.4239 Head 0 1.6 6.988355 9.074973 354 -5.403725E-08 0.07900289 -0.05217197 0.00414037 0.9954996
8.4239 FirstCar -6.96904 0.025 2.97 0 90 0 0 0.7071068 0 0.7071068 0 2
8.4239 SecondCar -39.33287 0.025 2.97 0 90 0 0 0.7071068 0 0.7071068 0 2
8.4252 Head 0 1.6 6.990069 9.074973 354 -5.403725E-08 0.07900289 -0.05217197 0.00414037 0.9954996
8.4252 FirstCar -6.96904 0.025 2.97 0 90 0 0 0.7071068 0 0.7071068 0 2
8.4252 SecondCar -39.33287 0.025 2.97 0 90 0 0 0.7071068 0 0.7071068 0 2
8.4265 Head 0 1.6 6.991735 9.074973 354 -5.403725E-08 0.07900289 -0.05217197 0.00414037 0.9954996
8.4265 FirstCar -6.96904 0.025 2.97 0 90 0 0 0.7071068 0 0.7071068 0 2
8.4265 SecondCar -39.33287 0.025 2.97 0 90 0 0 0.7071068 0 0.7071068 0 2
8.4278 Head 0 1.6 6.993397 9.074973 354 -5.403725E-08 0.07900289 -0.05217197 0.00414037 0.9954996
8.4278 FirstCar -6.96904 0.025 2.97 0 90 0 0 0.7071068 0 0.7071068 0 2
8.4278 SecondCar -39.33287 0.025 2.97 0 90 0 0 0.7071068 0 0.7071068 0 2
8.4290 Head 0 1.6 6.995124 9.074973 354 -5.403725E-08 0.07900289 -0.05217197 0.00414037 0.9954996
8.4290 FirstCar -6.96904 0.025 2.97 0 90 0 0 0.7071068 0 0.7071068 0 2
8.4290 SecondCar -39.33287 0.025 2.97 0 90 0 0 0.7071068 0 0.7071068 0 2
8.4306 Head 0 1.6 6.996683 9.074973 354 -5.403725E-08 0.07900289 -0.05217197 0.00414037 0.9954996
8.4306 FirstCar -6.96904 0.025 2.97 0 90 0 0 0.7071068 0 0.7071068 0 2
8.4306 SecondCar -39.33287 0.025 2.97 0 90 0 0 0.7071068 0 0.7071068 0 2
8.4319 Head 0 1.6 6.998813 9.074973 354 -5.403725E-08 0.07900289 -0.05217197 0.00414037 0.9954996
8.4319 FirstCar -6.96904 0.025 2.97 0 90 0 0 0.7071068 0 0.7071068 0 2
8.4319 SecondCar -39.33287 0.025 2.97 0 90 0 0 0.7071068 0 0.7071068 0 2
8.4331 Head 0 1.6 7.000466 9.074973 354 -5.403725E-08 0.07900289 -0.05217197 0.00414037 0.9954996
8.4331 FirstCar -6.96904 0.025 2.97 0 90 0 0 0.7071068 0 0.7071068 0 2
8.4331 SecondCar -39.33287 0.025 2.97 0 90 0 0 0.7071068 0 0.7071068 0 2
8.4343 Head 0 1.6 7.002063 9.074973 354 -5.403725E-08 0.07900289 -0.05217197 0.00414037 0.9954996
8.4343 FirstCar -6.96904 0.025 2.97 0 90 0 0 0.7071068 0 0.7071068 0 2
8.4343 SecondCar -39.33287 0.025 2.97 0 90 0 0 0.7071068 0 0.7071068 0 2
8.4356 Head 0 1.6 7.003667 9.074973 354 -5.403725E-08 0.07900289 -0.05217197 0.00414037 0.9954996
8.4356 FirstCar -6.96904 0.025 2.97 0 90 0 0 0.7071068 0 0.7071068 0 2
8.4356 SecondCar -39.33287 0.025 2.97 0 90 0 0 0.7071068 0 0.7071068 0 2
8.4369 Head 0 1.6 7.005334 9.074973 354 -5.403725E-08 0.07900289 -0.05217197 0.00414037 0.9954996
8.4369 FirstCar -6.96904 0.025 2.97 0 90 0 0 0.7071068 0 0.7071068 0 2
8.4369 SecondCar -39.33287 0.025 2.97 0 90 0 0 0.7071068 0 0.7071068 0 2
8.4381 Head 0 1.6 7.007011 9.074973 354 -5.403725E-08 0.07900289 -0.05217197 0.00414037 0.9954996
8.4381 FirstCar -6.96904 0.025 2.97 0 90 0 0 0.7071068 0 0.7071068 0 2
8.4381 SecondCar -39.33287 0.025 2.97 0 90 0 0 0.7071068 0 0.7071068 0 2
8.4394 Head 0 1.6 7.008631 9.074973 354 -5.403725E-08 0.07900289 -0.05217197 0.00414037 0.9954996
8.4394 FirstCar -6.96904 0.025 2.97 0 90 0 0 0.7071068 0 0.7071068 0 2
8.4394 SecondCar -39.33287 0.025 2.97 0 90 0 0 0.7071068 0 0.7071068 0 2
8.4410 Head 0 1.6 7.010413 9.074973 354 -5.403725E-08 0.07900289 -0.05217197 0.00414037 0.9954996
8.4410 FirstCar -6.96904 0.025 2.97 0 90 0 0 0.7071068 0 0.7071068 0 2
8.4410 SecondCar -39.33287 0.025 2.97 0 90 0 0 0.7071068 0 0.7071068 0 2
8.4425 Head 0 1.6 7.012389 9.074973 354 -5.403725E-08 0.07900289 -0.05217197 0.00414037 0.9954996
8.4425 FirstCar -6.96904 0.025 2.97 0 90 0 0 0.7071068 0 0.7071068 0 2
8.4425 SecondCar -39.33287 0.025 2.97 0 90 0 0 0.7071068 0 0.7071068 0 2
8.4438 Head 0 1.6 7.014346 9.074973 354 -5.403725E-08 0.07900289 -0.05217197 0.00414037 0.9954996
8.4438 FirstCar -6.96904 0.025 2.97 0 90 0 0 0.7071068 0 0.7071068 0 2
8.4438 SecondCar -39.33287 0.025 2.97 0 90 0 0 0.7071068 0 0.7071068 0 2
8.4453 Head 0 1.6 7.016176 9.074973 354 -5.403725E-08 0.07900289 -0.05217197 0.00414037 0.9954996
8.4453 FirstCar -6.96904 0.025 2.97 0 90 0 0 0.7071068 0 0.7071068 0 2
8.4453 SecondCar -39.33287 0.025 2.97 0 90 0 0 0.7071068 0 0.7071068 0 2
8.4468 Head 0 1.6 7.018035 9.074973 354 -5.403725E-08 0.07900289 -0.05217197 0.00414037 0.9954996
8.4468 FirstCar -6.96904 0.025 2.97 0 90 0 0 0.7071068 0 0.7071068 0 2
8.4468 SecondCar -39.33287 0.025 2.97 0 90 0 0 0.7071068 0 0.7071068 0 2
8.4485 Head 0 1.6 7.019994 9.074973 354 -5.403725E-08 0.07900289 -0.05217197 0.00414037 0.9954996
8.4485 FirstCar -6.96904 0.025 2.97 0 90 0 0 0.7071068 0 0.7071068 0 2
8.4485 SecondCar -39.33287 0.025 2.97 0 90 0 0 0.7071068 0 0.7071068 0 2
8.4501 Head 0 1.6 7.022227 9.074973 354 -5.403725E-08 0.07900289 -0.05217197 0.00414037 0.9954996
8.4501 FirstCar -6.96904 0.025 2.97 0 90 0 0 0.7071068 0 0.7071068 0 2
8.4501 SecondCar -39.33287 0.025 2.97 0 90 0 0 0.7071068 0 0.7071068 0 2
8.4523 Head 0 1.6 7.024309 9.074973 354 -5.403725E-08 0.07900289 -0.05217197 0.00414037 0.9954996
8.4523 FirstCar -6.96904 0.025 2.97 0 90 0 0 0.7071068 0 0.7071068 0 2
8.4523 SecondCar -39.33287 0.025 2.97 0 90 0 0 0.7071068 0 0.7071068 0 2
8.4540 Head 0 1.6 7.027284 9.074973 354 -5.403725E-08 0.07900289 -0.05217197 0.00414037 0.9954996
8.4540 FirstCar -6.96904 0.025 2.97 0 90 0 0 0.7071068 0 0.7071068 0 2
8.4540 SecondCar -39.33287 0.025 2.97 0 90 0 0 0.7071068 0 0.7071068 0 2
8.4554 Head 0 1.6 7.029467 9.074973 354 -5.403725E-08 0.07900289 -0.05217197 0.00414037 0.9954996
8.4554 FirstCar -6.96904 0.025 2.97 0 90 0 0 0.7071068 0 0.7071068 0 2
8.4554 SecondCar -39.33287 0.025 2.97 0 90 0 0 0.7071068 0 0.7071068 0 2
8.4570 Head 0 1.6 7.031279 9.074973 354 -5.403725E-08 0.07900289 -0.05217197 0.00414037 0.9954996
8.4570 FirstCar -6.96904 0.025 2.97 0 90 0 0 0.7071068 0 0.7071068 0 2
8.4570 SecondCar -39.33287 0.025 2.97 0 90 0 0 0.7071068 0 0.7071068 0 2
8.4589 Head 0 1.6 7.03342 9.074973 354 -5.403725E-08 0.07900289 -0.05217197 0.00414037 0.9954996
8.4589 FirstCar -6.96904 0.025 2.97 0 90 0 0 0.7071068 0 0.7071068 0 2
8.4589 SecondCar -39.33287 0.025 2.97 0 90 0 0 0.7071068 0 0.7071068 0 2
8.4603 Head 0 1.6 7.035844 9.074973 354 -5.403725E-08 0.07900289 -0.05217197 0.00414037 0.9954996
8.4603 FirstCar -6.96904 0.025 2.97 0 90 0 0 0.7071068 0 0.7071068 0 2
8.4603 SecondCar -39.33287 0.025 2.97 0 90 0 0 0.7071068 0 0.7071068 0 2
8.4615 Head 0 1.6 7.037683 9.074973 354 -5.403725E-08 0.07900289 -0.05217197 0.00414037 0.9954996
8.4615 FirstCar -6.96904 0.025 2.97 0 90 0 0 0.7071068 0 0.7071068 0 2
8.4615 SecondCar -39.33287 0.025 2.97 0 90 0 0 0.7071068 0 0.7071068 0 2
8.4627 Head 0 1.6 7.039295 9.074973 354 -5.403725E-08 0.07900289 -0.05217197 0.00414037 0.9954996
8.4627 FirstCar -6.96904 0.025 2.97 0 90 0 0 0.7071068 0 0.7071068 0 2
8.4627 SecondCar -39.33287 0.025 2.97 0 90 0 0 0.7071068 0 0.7071068 0 2
8.4641 Head 0 1.6 7.040935 9.074973 354 -5.403725E-08 0.07900289 -0.05217197 0.00414037 0.9954996
8.4641 FirstCar -6.96904 0.025 2.97 0 90 0 0 0.7071068 0 0.7071068 0 2
8.4641 SecondCar -39.33287 0.025 2.97 0 90 0 0 0.7071068 0 0.7071068 0 2
8.4653 Head 0 1.6 7.042763 9.074973 354 -5.403725E-08 0.07900289 -0.05217197 0.00414037 0.9954996
8.4653 FirstCar -6.96904 0.025 2.97 0 90 0 0 0.7071068 0 0.7071068 0 2
8.4653 SecondCar -39.33287 0.025 2.97 0 90 0 0 0.7071068 0 0.7071068 0 2
8.4665 Head 0 1.6 7.044301 9.074973 354 -5.403725E-08 0.07900289 -0.05217197 0.00414037 0.9954996
8.4665 FirstCar -6.96904 0.025 2.97 0 90 0 0 0.7071068 0 0.7071068 0 2
8.4665 SecondCar -39.33287 0.025 2.97 0 90 0 0 0.7071068 0 0.7071068 0 2
8.4677 Head 0 1.6 7.045811 9.074973 354 -5.403725E-08 0.07900289 -0.05217197 0.00414037 0.9954996
8.4677 FirstCar -6.96904 0.025 2.97 0 90 0 0 0.7071068 0 0.7071068 0 2
8.4677 SecondCar -39.33287 0.025 2.97 0 90 0 0 0.7071068 0 0.7071068 0 2
8.4688 Head 0 1.6 7.047361 9.074973 354 -5.403725E-08 0.07900289 -0.05217197 0.00414037 0.9954996
8.4688 FirstCar -6.96904 0.025 2.97 0 90 0 0 0.7071068 0 0.7071068 0 2
8.4688 SecondCar -39.33287 0.025 2.97 0 90 0 0 0.7071068 0 0.7071068 0 2
8.4712 Head 0 1.6 7.048884 9.074973 354 -5.403725E-08 0.07900289 -0.05217197 0.00414037 0.9954996
8.4712 FirstCar -6.96904 0.025 2.97 0 90 0 0 0.7071068 0 0.7071068 0 2
8.4712 SecondCar -39.33287 0.025 2.97 0 90 0 0 0.7071068 0 0.7071068 0 2
8.4724 Head 0 1.6 7.051983 9.074973 354 -5.403725E-08 0.07900289 -0.05217197 0.00414037 0.9954996
8.4724 FirstCar -6.96904 0.025 2.97 0 90 0 0 0.7071068 0 0.7071068 0 2
8.4724 SecondCar -39.33287 0.025 2.97 0 90 0 0 0.7071068 0 0.7071068 0 2
8.4738 Head 0 1.6 7.053628 9.074973 354 -5.403725E-08 0.07900289 -0.05217197 0.00414037 0.9954996
8.4738 FirstCar -6.96904 0.025 2.97 0 90 0 0 0.7071068 0 0.7071068 0 2
8.4738 SecondCar -39.33287 0.025 2.97 0 90 0 0 0.7071068 0 0.7071068 0 2
8.4751 Head 0 1.6 7.055378 9.074973 354 -5.403725E-08 0.07900289 -0.05217197 0.00414037 0.9954996
8.4751 FirstCar -6.96904 0.025 2.97 0 90 0 0 0.7071068 0 0.7071068 0 2
8.4751 SecondCar -39.33287 0.025 2.97 0 90 0 0 0.7071068 0 0.7071068 0 2
8.4764 Head 0 1.6 7.05708 9.074973 354 -5.403725E-08 0.07900289 -0.05217197 0.00414037 0.9954996
8.4764 FirstCar -6.96904 0.025 2.97 0 90 0 0 0.7071068 0 0.7071068 0 2
8.4764 SecondCar -39.33287 0.025 2.97 0 90 0 0 0.7071068 0 0.7071068 0 2
8.4777 Head 0 1.6 7.058761 9.074973 354 -5.403725E-08 0.07900289 -0.05217197 0.00414037 0.9954996
8.4777 FirstCar -6.96904 0.025 2.97 0 90 0 0 0.7071068 0 0.7071068 0 2
8.4777 SecondCar -39.33287 0.025 2.97 0 90 0 0 0.7071068 0 0.7071068 0 2
8.4791 Head 0 1.6 7.060563 9.074973 354 -5.403725E-08 0.07900289 -0.05217197 0.00414037 0.9954996
8.4791 FirstCar -6.96904 0.025 2.97 0 90 0 0 0.7071068 0 0.7071068 0 2
8.4791 SecondCar -39.33287 0.025 2.97 0 90 0 0 0.7071068 0 0.7071068 0 2
8.4805 Head 0 1.6 7.062369 9.074973 354 -5.403725E-08 0.07900289 -0.05217197 0.00414037 0.9954996
8.4805 FirstCar -6.96904 0.025 2.97 0 90 0 0 0.7071068 0 0.7071068 0 2
8.4805 SecondCar -39.33287 0.025 2.97 0 90 0 0 0.7071068 0 0.7071068 0 2
8.4817 Head 0 1.6 7.06416 9.074973 354 -5.403725E-08 0.07900289 -0.05217197 0.00414037 0.9954996
8.4817 FirstCar -6.96904 0.025 2.97 0 90 0 0 0.7071068 0 0.7071068 0 2
8.4817 SecondCar -39.33287 0.025 2.97 0 90 0 0 0.7071068 0 0.7071068 0 2
8.4834 Head 0 1.6 7.065747 9.074973 354 -5.403725E-08 0.07900289 -0.05217197 0.00414037 0.9954996
8.4834 FirstCar -6.96904 0.025 2.97 0 90 0 0 0.7071068 0 0.7071068 0 2
8.4834 SecondCar -39.33287 0.025 2.97 0 90 0 0 0.7071068 0 0.7071068 0 2
8.4849 Head 0 1.6 7.068019 9.074973 354 -5.403725E-08 0.07900289 -0.05217197 0.00414037 0.9954996
8.4849 FirstCar -6.96904 0.025 2.97 0 90 0 0 0.7071068 0 0.7071068 0 2
8.4849 SecondCar -39.33287 0.025 2.97 0 90 0 0 0.7071068 0 0.7071068 0 2
8.4862 Head 0 1.6 7.069936 9.074973 354 -5.403725E-08 0.07900289 -0.05217197 0.00414037 0.9954996
8.4862 FirstCar -6.96904 0.025 2.97 0 90 0 0 0.7071068 0 0.7071068 0 2
8.4862 SecondCar -39.33287 0.025 2.97 0 90 0 0 0.7071068 0 0.7071068 0 2
8.4874 Head 0 1.6 7.071625 9.074973 354 -5.403725E-08 0.07900289 -0.05217197 0.00414037 0.9954996
8.4874 FirstCar -6.96904 0.025 2.97 0 90 0 0 0.7071068 0 0.7071068 0 2
8.4874 SecondCar -39.33287 0.025 2.97 0 90 0 0 0.7071068 0 0.7071068 0 2
8.4886 Head 0 1.6 7.073229 9.074973 354 -5.403725E-08 0.07900289 -0.05217197 0.00414037 0.9954996
8.4886 FirstCar -6.96904 0.025 2.97 0 90 0 0 0.7071068 0 0.7071068 0 2
8.4886 SecondCar -39.33287 0.025 2.97 0 90 0 0 0.7071068 0 0.7071068 0 2
8.4899 Head 0 1.6 7.074831 9.074973 354 -5.403725E-08 0.07900289 -0.05217197 0.00414037 0.9954996
8.4899 FirstCar -6.96904 0.025 2.97 0 90 0 0 0.7071068 0 0.7071068 0 2
8.4899 SecondCar -39.33287 0.025 2.97 0 90 0 0 0.7071068 0 0.7071068 0 2
8.4915 Head 0 1.6 7.076569 9.074973 354 -5.403725E-08 0.07900289 -0.05217197 0.00414037 0.9954996
8.4915 FirstCar -6.96904 0.025 2.97 0 90 0 0 0.7071068 0 0.7071068 0 2
8.4915 SecondCar -39.33287 0.025 2.97 0 90 0 0 0.7071068 0 0.7071068 0 2
8.4927 Head 0 1.6 7.078569 9.074973 354 -5.403725E-08 0.07900289 -0.05217197 0.00414037 0.9954996
8.4927 FirstCar -6.96904 0.025 2.97 0 90 0 0 0.7071068 0 0.7071068 0 2
8.4927 SecondCar -39.33287 0.025 2.97 0 90 0 0 0.7071068 0 0.7071068 0 2
8.4939 Head 0 1.6 7.08018 9.074973 354 -5.403725E-08 0.07900289 -0.05217197 0.00414037 0.9954996
8.4939 FirstCar -6.96904 0.025 2.97 0 90 0 0 0.7071068 0 0.7071068 0 2
8.4939 SecondCar -39.33287 0.025 2.97 0 90 0 0 0.7071068 0 0.7071068 0 2
8.4951 Head 0 1.6 7.081729 9.074973 354 -5.403725E-08 0.07900289 -0.05217197 0.00414037 0.9954996
8.4951 FirstCar -6.96904 0.025 2.97 0 90 0 0 0.7071068 0 0.7071068 0 2
8.4951 SecondCar -39.33287 0.025 2.97 0 90 0 0 0.7071068 0 0.7071068 0 2
8.4964 Head 0 1.6 7.083311 9.074973 354 -5.403725E-08 0.07900289 -0.05217197 0.00414037 0.9954996
8.4964 FirstCar -6.96904 0.025 2.97 0 90 0 0 0.7071068 0 0.7071068 0 2
8.4964 SecondCar -39.33287 0.025 2.97 0 90 0 0 0.7071068 0 0.7071068 0 2
8.4976 Head 0 1.6 7.08497 9.074973 354 -5.403725E-08 0.07900289 -0.05217197 0.00414037 0.9954996
8.4976 FirstCar -6.96904 0.025 2.97 0 90 0 0 0.7071068 0 0.7071068 0 2
8.4976 SecondCar -39.33287 0.025 2.97 0 90 0 0 0.7071068 0 0.7071068 0 2
8.4989 Head 0 1.6 7.086535 9.074973 354 -5.403725E-08 0.07900289 -0.05217197 0.00414037 0.9954996
8.4989 FirstCar -6.96904 0.025 2.97 0 90 0 0 0.7071068 0 0.7071068 0 2
8.4989 SecondCar -39.33287 0.025 2.97 0 90 0 0 0.7071068 0 0.7071068 0 2
8.5004 Head 0 1.6 7.088318 9.074973 354 -5.403725E-08 0.07900289 -0.05217197 0.00414037 0.9954996
8.5004 FirstCar -6.96904 0.025 2.97 0 90 0 0 0.7071068 0 0.7071068 0 2
8.5004 SecondCar -39.33287 0.025 2.97 0 90 0 0 0.7071068 0 0.7071068 0 2
8.5016 Head 0 1.6 7.090214 9.074973 354 -5.403725E-08 0.07900289 -0.05217197 0.00414037 0.9954996
8.5016 FirstCar -6.96904 0.025 2.97 0 90 0 0 0.7071068 0 0.7071068 0 2
8.5016 SecondCar -39.33287 0.025 2.97 0 90 0 0 0.7071068 0 0.7071068 0 2
8.5028 Head 0 1.6 7.091879 9.074973 354 -5.403725E-08 0.07900289 -0.05217197 0.00414037 0.9954996
8.5028 FirstCar -6.96904 0.025 2.97 0 90 0 0 0.7071068 0 0.7071068 0 2
8.5028 SecondCar -39.33287 0.025 2.97 0 90 0 0 0.7071068 0 0.7071068 0 2
8.5040 Head 0 1.6 7.093413 9.074973 354 -5.403725E-08 0.07900289 -0.05217197 0.00414037 0.9954996
8.5040 FirstCar -6.96904 0.025 2.97 0 90 0 0 0.7071068 0 0.7071068 0 2
8.5040 SecondCar -39.33287 0.025 2.97 0 90 0 0 0.7071068 0 0.7071068 0 2
8.5052 Head 0 1.6 7.094966 9.074973 354 -5.403725E-08 0.07900289 -0.05217197 0.00414037 0.9954996
8.5052 FirstCar -6.96904 0.025 2.97 0 90 0 0 0.7071068 0 0.7071068 0 2
8.5052 SecondCar -39.33287 0.025 2.97 0 90 0 0 0.7071068 0 0.7071068 0 2
8.5066 Head 0 1.6 7.096598 9.074973 354 -5.403725E-08 0.07900289 -0.05217197 0.00414037 0.9954996
8.5066 FirstCar -6.96904 0.025 2.97 0 90 0 0 0.7071068 0 0.7071068 0 2
8.5066 SecondCar -39.33287 0.025 2.97 0 90 0 0 0.7071068 0 0.7071068 0 2
8.5079 Head 0 1.6 7.098351 9.074973 354 -5.403725E-08 0.07900289 -0.05217197 0.00414037 0.9954996
8.5079 FirstCar -6.96904 0.025 2.97 0 90 0 0 0.7071068 0 0.7071068 0 2
8.5079 SecondCar -39.33287 0.025 2.97 0 90 0 0 0.7071068 0 0.7071068 0 2
8.5094 Head 0 1.6 7.100115 9.074973 354 -5.403725E-08 0.07900289 -0.05217197 0.00414037 0.9954996
8.5094 FirstCar -6.96904 0.025 2.97 0 90 0 0 0.7071068 0 0.7071068 0 2
8.5094 SecondCar -39.33287 0.025 2.97 0 90 0 0 0.7071068 0 0.7071068 0 2
8.5114 Head 0 1.6 7.102052 9.074973 354 -5.403725E-08 0.07900289 -0.05217197 0.00414037 0.9954996
8.5114 FirstCar -6.96904 0.025 2.97 0 90 0 0 0.7071068 0 0.7071068 0 2
8.5114 SecondCar -39.33287 0.025 2.97 0 90 0 0 0.7071068 0 0.7071068 0 2
8.5128 Head 0 1.6 7.104682 9.074973 354 -5.403725E-08 0.07900289 -0.05217197 0.00414037 0.9954996
8.5128 FirstCar -6.96904 0.025 2.97 0 90 0 0 0.7071068 0 0.7071068 0 2
8.5128 SecondCar -39.33287 0.025 2.97 0 90 0 0 0.7071068 0 0.7071068 0 2
8.5148 Head 0 1.6 7.106506 9.074973 354 -5.403725E-08 0.07900289 -0.05217197 0.00414037 0.9954996
8.5148 FirstCar -6.96904 0.025 2.97 0 90 0 0 0.7071068 0 0.7071068 0 2
8.5148 SecondCar -39.33287 0.025 2.97 0 90 0 0 0.7071068 0 0.7071068 0 2
8.5165 Head 0 1.6 7.109159 9.074973 354 -5.403725E-08 0.07900289 -0.05217197 0.00414037 0.9954996
8.5165 FirstCar -6.96904 0.025 2.97 0 90 0 0 0.7071068 0 0.7071068 0 2
8.5165 SecondCar -39.33287 0.025 2.97 0 90 0 0 0.7071068 0 0.7071068 0 2
8.5179 Head 0 1.6 7.111341 9.074973 354 -5.403725E-08 0.07900289 -0.05217197 0.00414037 0.9954996
8.5179 FirstCar -6.96904 0.025 2.97 0 90 0 0 0.7071068 0 0.7071068 0 2
8.5179 SecondCar -39.33287 0.025 2.97 0 90 0 0 0.7071068 0 0.7071068 0 2
8.5194 Head 0 1.6 7.113219 9.074973 354 -5.403725E-08 0.07900289 -0.05217197 0.00414037 0.9954996
8.5194 FirstCar -6.96904 0.025 2.97 0 90 0 0 0.7071068 0 0.7071068 0 2
8.5194 SecondCar -39.33287 0.025 2.97 0 90 0 0 0.7071068 0 0.7071068 0 2
8.5211 Head 0 1.6 7.115172 9.074973 354 -5.403725E-08 0.07900289 -0.05217197 0.00414037 0.9954996
8.5211 FirstCar -6.96904 0.025 2.97 0 90 0 0 0.7071068 0 0.7071068 0 2
8.5211 SecondCar -39.33287 0.025 2.97 0 90 0 0 0.7071068 0 0.7071068 0 2
8.5224 Head 0 1.6 7.117311 9.074973 354 -5.403725E-08 0.07900289 -0.05217197 0.00414037 0.9954996
8.5224 FirstCar -6.96904 0.025 2.97 0 90 0 0 0.7071068 0 0.7071068 0 2
8.5224 SecondCar -39.33287 0.025 2.97 0 90 0 0 0.7071068 0 0.7071068 0 2
8.5238 Head 0 1.6 7.119124 9.074973 354 -5.403725E-08 0.07900289 -0.05217197 0.00414037 0.9954996
8.5238 FirstCar -6.96904 0.025 2.97 0 90 0 0 0.7071068 0 0.7071068 0 2
8.5238 SecondCar -39.33287 0.025 2.97 0 90 0 0 0.7071068 0 0.7071068 0 2
8.5252 Head 0 1.6 7.120891 9.074973 354 -5.403725E-08 0.07900289 -0.05217197 0.00414037 0.9954996
8.5252 FirstCar -6.96904 0.025 2.97 0 90 0 0 0.7071068 0 0.7071068 0 2
8.5252 SecondCar -39.33287 0.025 2.97 0 90 0 0 0.7071068 0 0.7071068 0 2
8.5265 Head 0 1.6 7.122786 9.074973 354 -5.403725E-08 0.07900289 -0.05217197 0.00414037 0.9954996
8.5265 FirstCar -6.96904 0.025 2.97 0 90 0 0 0.7071068 0 0.7071068 0 2
8.5265 SecondCar -39.33287 0.025 2.97 0 90 0 0 0.7071068 0 0.7071068 0 2
8.5277 Head 0 1.6 7.124493 9.074973 354 -5.403725E-08 0.07900289 -0.05217197 0.00414037 0.9954996
8.5277 FirstCar -6.96904 0.025 2.97 0 90 0 0 0.7071068 0 0.7071068 0 2
8.5277 SecondCar -39.33287 0.025 2.97 0 90 0 0 0.7071068 0 0.7071068 0 2
8.5291 Head 0 1.6 7.126082 9.074973 354 -5.403725E-08 0.07900289 -0.05217197 0.00414037 0.9954996
8.5291 FirstCar -6.96904 0.025 2.97 0 90 0 0 0.7071068 0 0.7071068 0 2
8.5291 SecondCar -39.33287 0.025 2.97 0 90 0 0 0.7071068 0 0.7071068 0 2
8.5307 Head 0 1.6 7.127866 9.074973 354 -5.403725E-08 0.07900289 -0.05217197 0.00414037 0.9954996
8.5307 FirstCar -6.96904 0.025 2.97 0 90 0 0 0.7071068 0 0.7071068 0 2
8.5307 SecondCar -39.33287 0.025 2.97 0 90 0 0 0.7071068 0 0.7071068 0 2
8.5320 Head 0 1.6 7.12993 9.074973 354 -5.403725E-08 0.07900289 -0.05217197 0.00414037 0.9954996
8.5320 FirstCar -6.96904 0.025 2.97 0 90 0 0 0.7071068 0 0.7071068 0 2
8.5320 SecondCar -39.33287 0.025 2.97 0 90 0 0 0.7071068 0 0.7071068 0 2
8.5332 Head 0 1.6 7.131651 9.074973 354 -5.403725E-08 0.07900289 -0.05217197 0.00414037 0.9954996
8.5332 FirstCar -6.96904 0.025 2.97 0 90 0 0 0.7071068 0 0.7071068 0 2
8.5332 SecondCar -39.33287 0.025 2.97 0 90 0 0 0.7071068 0 0.7071068 0 2
8.5344 Head 0 1.6 7.133276 9.074973 354 -5.403725E-08 0.07900289 -0.05217197 0.00414037 0.9954996
8.5344 FirstCar -6.96904 0.025 2.97 0 90 0 0 0.7071068 0 0.7071068 0 2
8.5344 SecondCar -39.33287 0.025 2.97 0 90 0 0 0.7071068 0 0.7071068 0 2
8.5357 Head 0 1.6 7.13486 9.074973 354 -5.403725E-08 0.07900289 -0.05217197 0.00414037 0.9954996
8.5357 FirstCar -6.96904 0.025 2.97 0 90 0 0 0.7071068 0 0.7071068 0 2
8.5357 SecondCar -39.33287 0.025 2.97 0 90 0 0 0.7071068 0 0.7071068 0 2
8.5369 Head 0 1.6 7.136454 9.074973 354 -5.403725E-08 0.07900289 -0.05217197 0.00414037 0.9954996
8.5369 FirstCar -6.96904 0.025 2.97 0 90 0 0 0.7071068 0 0.7071068 0 2
8.5369 SecondCar -39.33287 0.025 2.97 0 90 0 0 0.7071068 0 0.7071068 0 2
8.5382 Head 0 1.6 7.13809 9.074973 354 -5.403725E-08 0.07900289 -0.05217197 0.00414037 0.9954996
8.5382 FirstCar -6.96904 0.025 2.97 0 90 0 0 0.7071068 0 0.7071068 0 2
8.5382 SecondCar -39.33287 0.025 2.97 0 90 0 0 0.7071068 0 0.7071068 0 2
8.5396 Head 0 1.6 7.139744 9.074973 354 -5.403725E-08 0.07900289 -0.05217197 0.00414037 0.9954996
8.5396 FirstCar -6.96904 0.025 2.97 0 90 0 0 0.7071068 0 0.7071068 0 2
8.5396 SecondCar -39.33287 0.025 2.97 0 90 0 0 0.7071068 0 0.7071068 0 2
8.5410 Head 0 1.6 7.141557 9.074973 354 -5.403725E-08 0.07900289 -0.05217197 0.00414037 0.9954996
8.5410 FirstCar -6.96904 0.025 2.97 0 90 0 0 0.7071068 0 0.7071068 0 2
8.5410 SecondCar -39.33287 0.025 2.97 0 90 0 0 0.7071068 0 0.7071068 0 2
8.5424 Head 0 1.6 7.143395 9.074973 354 -5.403725E-08 0.07900289 -0.05217197 0.00414037 0.9954996
8.5424 FirstCar -6.96904 0.025 2.97 0 90 0 0 0.7071068 0 0.7071068 0 2
8.5424 SecondCar -39.33287 0.025 2.97 0 90 0 0 0.7071068 0 0.7071068 0 2
8.5437 Head 0 1.6 7.145226 9.074973 354 -5.403725E-08 0.07900289 -0.05217197 0.00414037 0.9954996
8.5437 FirstCar -6.96904 0.025 2.97 0 90 0 0 0.7071068 0 0.7071068 0 2
8.5437 SecondCar -39.33287 0.025 2.97 0 90 0 0 0.7071068 0 0.7071068 0 2
8.5451 Head 0 1.6 7.146982 9.074973 354 -5.403725E-08 0.07900289 -0.05217197 0.00414037 0.9954996
8.5451 FirstCar -6.96904 0.025 2.97 0 90 0 0 0.7071068 0 0.7071068 0 2
8.5451 SecondCar -39.33287 0.025 2.97 0 90 0 0 0.7071068 0 0.7071068 0 2
8.5469 Head 0 1.6 7.148844 9.074973 354 -5.403725E-08 0.07900289 -0.05217197 0.00414037 0.9954996
8.5469 FirstCar -6.96904 0.025 2.97 0 90 0 0 0.7071068 0 0.7071068 0 2
8.5469 SecondCar -39.33287 0.025 2.97 0 90 0 0 0.7071068 0 0.7071068 0 2
8.5483 Head 0 1.6 7.151211 9.074973 354 -5.403725E-08 0.07900289 -0.05217197 0.00414037 0.9954996
8.5483 FirstCar -6.96904 0.025 2.97 0 90 0 0 0.7071068 0 0.7071068 0 2
8.5483 SecondCar -39.33287 0.025 2.97 0 90 0 0 0.7071068 0 0.7071068 0 2
8.5496 Head 0 1.6 7.153032 9.074973 354 -5.403725E-08 0.07900289 -0.05217197 0.00414037 0.9954996
8.5496 FirstCar -6.96904 0.025 2.97 0 90 0 0 0.7071068 0 0.7071068 0 2
8.5496 SecondCar -39.33287 0.025 2.97 0 90 0 0 0.7071068 0 0.7071068 0 2
8.5511 Head 0 1.6 7.154699 9.074973 354 -5.403725E-08 0.07900289 -0.05217197 0.00414037 0.9954996
8.5511 FirstCar -6.96904 0.025 2.97 0 90 0 0 0.7071068 0 0.7071068 0 2
8.5511 SecondCar -39.33287 0.025 2.97 0 90 0 0 0.7071068 0 0.7071068 0 2
8.5523 Head 0 1.6 7.156698 9.074973 354 -5.403725E-08 0.07900289 -0.05217197 0.00414037 0.9954996
8.5523 FirstCar -6.96904 0.025 2.97 0 90 0 0 0.7071068 0 0.7071068 0 2
8.5523 SecondCar -39.33287 0.025 2.97 0 90 0 0 0.7071068 0 0.7071068 0 2
8.5535 Head 0 1.6 7.15825 9.074973 354 -5.403725E-08 0.07900289 -0.05217197 0.00414037 0.9954996
8.5535 FirstCar -6.96904 0.025 2.97 0 90 0 0 0.7071068 0 0.7071068 0 2
8.5535 SecondCar -39.33287 0.025 2.97 0 90 0 0 0.7071068 0 0.7071068 0 2
8.5546 Head 0 1.6 7.159818 9.074973 354 -5.403725E-08 0.07900289 -0.05217197 0.00414037 0.9954996
8.5546 FirstCar -6.96904 0.025 2.97 0 90 0 0 0.7071068 0 0.7071068 0 2
8.5546 SecondCar -39.33287 0.025 2.97 0 90 0 0 0.7071068 0 0.7071068 0 2
8.5558 Head 0 1.6 7.161314 9.074973 354 -5.403725E-08 0.07900289 -0.05217197 0.00414037 0.9954996
8.5558 FirstCar -6.96904 0.025 2.97 0 90 0 0 0.7071068 0 0.7071068 0 2
8.5558 SecondCar -39.33287 0.025 2.97 0 90 0 0 0.7071068 0 0.7071068 0 2
8.5571 Head 0 1.6 7.162848 9.074973 354 -5.403725E-08 0.07900289 -0.05217197 0.00414037 0.9954996
8.5571 FirstCar -6.96904 0.025 2.97 0 90 0 0 0.7071068 0 0.7071068 0 2
8.5571 SecondCar -39.33287 0.025 2.97 0 90 0 0 0.7071068 0 0.7071068 0 2
8.5583 Head 0 1.6 7.164522 9.074973 354 -5.403725E-08 0.07900289 -0.05217197 0.00414037 0.9954996
8.5583 FirstCar -6.96904 0.025 2.97 0 90 0 0 0.7071068 0 0.7071068 0 2
8.5583 SecondCar -39.33287 0.025 2.97 0 90 0 0 0.7071068 0 0.7071068 0 2
8.5597 Head 0 1.6 7.166111 9.074973 354 -5.403725E-08 0.07900289 -0.05217197 0.00414037 0.9954996
8.5597 FirstCar -6.96904 0.025 2.97 0 90 0 0 0.7071068 0 0.7071068 0 2
8.5597 SecondCar -39.33287 0.025 2.97 0 90 0 0 0.7071068 0 0.7071068 0 2
8.5610 Head 0 1.6 7.167912 9.074973 354 -5.403725E-08 0.07900289 -0.05217197 0.00414037 0.9954996
8.5610 FirstCar -6.96904 0.025 2.97 0 90 0 0 0.7071068 0 0.7071068 0 2
8.5610 SecondCar -39.33287 0.025 2.97 0 90 0 0 0.7071068 0 0.7071068 0 2
8.5624 Head 0 1.6 7.169663 9.074973 354 -5.403725E-08 0.07900289 -0.05217197 0.00414037 0.9954996
8.5624 FirstCar -6.96904 0.025 2.97 0 90 0 0 0.7071068 0 0.7071068 0 2
8.5624 SecondCar -39.33287 0.025 2.97 0 90 0 0 0.7071068 0 0.7071068 0 2
8.5636 Head 0 1.6 7.171418 9.074973 354 -5.403725E-08 0.07900289 -0.05217197 0.00414037 0.9954996
8.5636 FirstCar -6.96904 0.025 2.97 0 90 0 0 0.7071068 0 0.7071068 0 2
8.5636 SecondCar -39.33287 0.025 2.97 0 90 0 0 0.7071068 0 0.7071068 0 2
8.5648 Head 0 1.6 7.173009 9.074973 354 -5.403725E-08 0.07900289 -0.05217197 0.00414037 0.9954996
8.5648 FirstCar -6.96904 0.025 2.97 0 90 0 0 0.7071068 0 0.7071068 0 2
8.5648 SecondCar -39.33287 0.025 2.97 0 90 0 0 0.7071068 0 0.7071068 0 2
8.5660 Head 0 1.6 7.174587 9.074973 354 -5.403725E-08 0.07900289 -0.05217197 0.00414037 0.9954996
8.5660 FirstCar -6.96904 0.025 2.97 0 90 0 0 0.7071068 0 0.7071068 0 2
8.5660 SecondCar -39.33287 0.025 2.97 0 90 0 0 0.7071068 0 0.7071068 0 2
8.5672 Head 0 1.6 7.176162 9.074973 354 -5.403725E-08 0.07900289 -0.05217197 0.00414037 0.9954996
8.5672 FirstCar -6.96904 0.025 2.97 0 90 0 0 0.7071068 0 0.7071068 0 2
8.5672 SecondCar -39.33287 0.025 2.97 0 90 0 0 0.7071068 0 0.7071068 0 2
8.5684 Head 0 1.6 7.177751 9.074973 354 -5.403725E-08 0.07900289 -0.05217197 0.00414037 0.9954996
8.5684 FirstCar -6.96904 0.025 2.97 0 90 0 0 0.7071068 0 0.7071068 0 2
8.5684 SecondCar -39.33287 0.025 2.97 0 90 0 0 0.7071068 0 0.7071068 0 2
8.5698 Head 0 1.6 7.179328 9.074973 354 -5.403725E-08 0.07900289 -0.05217197 0.00414037 0.9954996
8.5698 FirstCar -6.96904 0.025 2.97 0 90 0 0 0.7071068 0 0.7071068 0 2
8.5698 SecondCar -39.33287 0.025 2.97 0 90 0 0 0.7071068 0 0.7071068 0 2
8.5715 Head 0 1.6 7.181147 9.074973 354 -5.403725E-08 0.07900289 -0.05217197 0.00414037 0.9954996
8.5715 FirstCar -6.96904 0.025 2.97 0 90 0 0 0.7071068 0 0.7071068 0 2
8.5715 SecondCar -39.33287 0.025 2.97 0 90 0 0 0.7071068 0 0.7071068 0 2
8.5729 Head 0 1.6 7.183396 9.074973 354 -5.403725E-08 0.07900289 -0.05217197 0.00414037 0.9954996
8.5729 FirstCar -6.96904 0.025 2.97 0 90 0 0 0.7071068 0 0.7071068 0 2
8.5729 SecondCar -39.33287 0.025 2.97 0 90 0 0 0.7071068 0 0.7071068 0 2
8.5745 Head 0 1.6 7.185231 9.074973 354 -5.403725E-08 0.07900289 -0.05217197 0.00414037 0.9954996
8.5745 FirstCar -6.96904 0.025 2.97 0 90 0 0 0.7071068 0 0.7071068 0 2
8.5745 SecondCar -39.33287 0.025 2.97 0 90 0 0 0.7071068 0 0.7071068 0 2
8.5759 Head 0 1.6 7.187309 9.074973 354 -5.403725E-08 0.07900289 -0.05217197 0.00414037 0.9954996
8.5759 FirstCar -6.96904 0.025 2.97 0 90 0 0 0.7071068 0 0.7071068 0 2
8.5759 SecondCar -39.33287 0.025 2.97 0 90 0 0 0.7071068 0 0.7071068 0 2
8.5778 Head 0 1.6 7.189197 9.074973 354 -5.403725E-08 0.07900289 -0.05217197 0.00414037 0.9954996
8.5778 FirstCar -6.96904 0.025 2.97 0 90 0 0 0.7071068 0 0.7071068 0 2
8.5778 SecondCar -39.33287 0.025 2.97 0 90 0 0 0.7071068 0 0.7071068 0 2
8.5794 Head 0 1.6 7.191602 9.074973 354 -5.403725E-08 0.07900289 -0.05217197 0.00414037 0.9954996
8.5794 FirstCar -6.96904 0.025 2.97 0 90 0 0 0.7071068 0 0.7071068 0 2
8.5794 SecondCar -39.33287 0.025 2.97 0 90 0 0 0.7071068 0 0.7071068 0 2
8.5809 Head 0 1.6 7.193684 9.074973 354 -5.403725E-08 0.07900289 -0.05217197 0.00414037 0.9954996
8.5809 FirstCar -6.96904 0.025 2.97 0 90 0 0 0.7071068 0 0.7071068 0 2
8.5809 SecondCar -39.33287 0.025 2.97 0 90 0 0 0.7071068 0 0.7071068 0 2
8.5822 Head 0 1.6 7.19565 9.074973 354 -5.403725E-08 0.07900289 -0.05217197 0.00414037 0.9954996
8.5822 FirstCar -6.96904 0.025 2.97 0 90 0 0 0.7071068 0 0.7071068 0 2
8.5822 SecondCar -39.33287 0.025 2.97 0 90 0 0 0.7071068 0 0.7071068 0 2
8.5835 Head 0 1.6 7.197428 9.074973 354 -5.403725E-08 0.07900289 -0.05217197 0.00414037 0.9954996
8.5835 FirstCar -6.96904 0.025 2.97 0 90 0 0 0.7071068 0 0.7071068 0 2
8.5835 SecondCar -39.33287 0.025 2.97 0 90 0 0 0.7071068 0 0.7071068 0 2
8.5847 Head 0 1.6 7.19911 9.074973 354 -5.403725E-08 0.07900289 -0.05217197 0.00414037 0.9954996
8.5847 FirstCar -6.96904 0.025 2.97 0 90 0 0 0.7071068 0 0.7071068 0 2
8.5847 SecondCar -39.33287 0.025 2.97 0 90 0 0 0.7071068 0 0.7071068 0 2
8.5862 Other Head Road_Exit
8.5862 Head 0 1.6 7.200749 9.074973 354 -5.403725E-08 0.07900289 -0.05217197 0.00414037 0.9954996
8.5862 FirstCar -6.96904 0.025 2.97 0 90 0 0 0.7071068 0 0.7071068 0 2
8.5862 SecondCar -39.33287 0.025 2.97 0 90 0 0 0.7071068 0 0.7071068 0 2
8.5876 Head 0 1.6 7.202591 9.074973 354 -5.403725E-08 0.07900289 -0.05217197 0.00414037 0.9954996
8.5876 FirstCar -6.96904 0.025 2.97 0 90 0 0 0.7071068 0 0.7071068 0 2
8.5876 SecondCar -39.33287 0.025 2.97 0 90 0 0 0.7071068 0 0.7071068 0 2
8.5892 Head 0 1.6 7.204476 9.074973 354 -5.403725E-08 0.07900289 -0.05217197 0.00414037 0.9954996
8.5892 FirstCar -6.96904 0.025 2.97 0 90 0 0 0.7071068 0 0.7071068 0 2
8.5892 SecondCar -39.33287 0.025 2.97 0 90 0 0 0.7071068 0 0.7071068 0 2
8.5912 Head 0 1.6 7.206563 9.074973 354 -5.403725E-08 0.07900289 -0.05217197 0.00414037 0.9954996
8.5912 FirstCar -6.96904 0.025 2.97 0 90 0 0 0.7071068 0 0.7071068 0 2
8.5912 SecondCar -39.33287 0.025 2.97 0 90 0 0 0.7071068 0 0.7071068 0 2
8.5927 Head 0 1.6 7.209258 9.074973 354 -5.403725E-08 0.07900289 -0.05217197 0.00414037 0.9954996
8.5927 FirstCar -6.96904 0.025 2.97 0 90 0 0 0.7071068 0 0.7071068 0 2
8.5927 SecondCar -39.33287 0.025 2.97 0 90 0 0 0.7071068 0 0.7071068 0 2
8.5940 Head 0 1.6 7.211199 9.074973 354 -5.403725E-08 0.07900289 -0.05217197 0.00414037 0.9954996
8.5940 FirstCar -6.96904 0.025 2.97 0 90 0 0 0.7071068 0 0.7071068 0 2
8.5940 SecondCar -39.33287 0.025 2.97 0 90 0 0 0.7071068 0 0.7071068 0 2
8.5954 Head 0 1.6 7.212916 9.074973 354 -5.403725E-08 0.07900289 -0.05217197 0.00414037 0.9954996
8.5954 FirstCar -6.96904 0.025 2.97 0 90 0 0 0.7071068 0 0.7071068 0 2
8.5954 SecondCar -39.33287 0.025 2.97 0 90 0 0 0.7071068 0 0.7071068 0 2
8.5967 Head 0 1.6 7.214692 9.074973 354 -5.403725E-08 0.07900289 -0.05217197 0.00414037 0.9954996
8.5967 FirstCar -6.96904 0.025 2.97 0 90 0 0 0.7071068 0 0.7071068 0 2
8.5967 SecondCar -39.33287 0.025 2.97 0 90 0 0 0.7071068 0 0.7071068 0 2
8.5979 Head 0 1.6 7.216411 9.074973 354 -5.403725E-08 0.07900289 -0.05217197 0.00414037 0.9954996
8.5979 FirstCar -6.96904 0.025 2.97 0 90 0 0 0.7071068 0 0.7071068 0 2
8.5979 SecondCar -39.33287 0.025 2.97 0 90 0 0 0.7071068 0 0.7071068 0 2
8.5991 Head 0 1.6 7.217967 9.074973 354 -5.403725E-08 0.07900289 -0.05217197 0.00414037 0.9954996
8.5991 FirstCar -6.96904 0.025 2.97 0 90 0 0 0.7071068 0 0.7071068 0 2
8.5991 SecondCar -39.33287 0.025 2.97 0 90 0 0 0.7071068 0 0.7071068 0 2
8.6003 Head 0 1.6 7.219546 9.074973 354 -5.403725E-08 0.07900289 -0.05217197 0.00414037 0.9954996
8.6003 FirstCar -6.96904 0.025 2.97 0 90 0 0 0.7071068 0 0.7071068 0 2
8.6003 SecondCar -39.33287 0.025 2.97 0 90 0 0 0.7071068 0 0.7071068 0 2
8.6016 Head 0 1.6 7.22114 9.074973 354 -5.403725E-08 0.07900289 -0.05217197 0.00414037 0.9954996
8.6016 FirstCar -6.96904 0.025 2.97 0 90 0 0 0.7071068 0 0.7071068 0 2
8.6016 SecondCar -39.33287 0.025 2.97 0 90 0 0 0.7071068 0 0.7071068 0 2
8.6028 Head 0 1.6 7.222785 9.074973 354 -5.403725E-08 0.07900289 -0.05217197 0.00414037 0.9954996
8.6028 FirstCar -6.96904 0.025 2.97 0 90 0 0 0.7071068 0 0.7071068 0 2
8.6028 SecondCar -39.33287 0.025 2.97 0 90 0 0 0.7071068 0 0.7071068 0 2
8.6041 Head 0 1.6 7.224439 9.074973 354 -5.403725E-08 0.07900289 -0.05217197 0.00414037 0.9954996
8.6041 FirstCar -6.96904 0.025 2.97 0 90 0 0 0.7071068 0 0.7071068 0 2
8.6041 SecondCar -39.33287 0.025 2.97 0 90 0 0 0.7071068 0 0.7071068 0 2
8.6055 Head 0 1.6 7.226092 9.074973 354 -5.403725E-08 0.07900289 -0.05217197 0.00414037 0.9954996
8.6055 FirstCar -6.96904 0.025 2.97 0 90 0 0 0.7071068 0 0.7071068 0 2
8.6055 SecondCar -39.33287 0.025 2.97 0 90 0 0 0.7071068 0 0.7071068 0 2
8.6070 Head 0 1.6 7.227946 9.074973 354 -5.403725E-08 0.07900289 -0.05217197 0.00414037 0.9954996
8.6070 FirstCar -6.96904 0.025 2.97 0 90 0 0 0.7071068 0 0.7071068 0 2
8.6070 SecondCar -39.33287 0.025 2.97 0 90 0 0 0.7071068 0 0.7071068 0 2
8.6090 Head 0 1.6 7.229967 9.074973 354 -5.403725E-08 0.07900289 -0.05217197 0.00414037 0.9954996
8.6090 FirstCar -6.96904 0.025 2.97 0 90 0 0 0.7071068 0 0.7071068 0 2
8.6090 SecondCar -39.33287 0.025 2.97 0 90 0 0 0.7071068 0 0.7071068 0 2
8.6114 Head 0 1.6 7.232459 9.074973 354 -5.403725E-08 0.07900289 -0.05217197 0.00414037 0.9954996
8.6114 FirstCar -6.96904 0.025 2.97 0 90 0 0 0.7071068 0 0.7071068 0 2
8.6114 SecondCar -39.33287 0.025 2.97 0 90 0 0 0.7071068 0 0.7071068 0 2
8.6127 Head 0 1.6 7.235679 9.074973 354 -5.403725E-08 0.07900289 -0.05217197 0.00414037 0.9954996
8.6127 FirstCar -6.96904 0.025 2.97 0 90 0 0 0.7071068 0 0.7071068 0 2
8.6127 SecondCar -39.33287 0.025 2.97 0 90 0 0 0.7071068 0 0.7071068 0 2
8.6140 Head 0 1.6 7.237416 9.074973 354 -5.403725E-08 0.07900289 -0.05217197 0.00414037 0.9954996
8.6140 FirstCar -6.96904 0.025 2.97 0 90 0 0 0.7071068 0 0.7071068 0 2
8.6140 SecondCar -39.33287 0.025 2.97 0 90 0 0 0.7071068 0 0.7071068 0 2
8.6152 Head 0 1.6 7.239063 9.074973 354 -5.403725E-08 0.07900289 -0.05217197 0.00414037 0.9954996
8.6152 FirstCar -6.96904 0.025 2.97 0 90 0 0 0.7071068 0 0.7071068 0 2
8.6152 SecondCar -39.33287 0.025 2.97 0 90 0 0 0.7071068 0 0.7071068 0 2
8.6164 Head 0 1.6 7.240633 9.074973 354 -5.403725E-08 0.07900289 -0.05217197 0.00414037 0.9954996
8.6164 FirstCar -6.96904 0.025 2.97 0 90 0 0 0.7071068 0 0.7071068 0 2
8.6164 SecondCar -39.33287 0.025 2.97 0 90 0 0 0.7071068 0 0.7071068 0 2
8.6176 Head 0 1.6 7.242189 9.074973 354 -5.403725E-08 0.07900289 -0.05217197 0.00414037 0.9954996
8.6176 FirstCar -6.96904 0.025 2.97 0 90 0 0 0.7071068 0 0.7071068 0 2
8.6176 SecondCar -39.33287 0.025 2.97 0 90 0 0 0.7071068 0 0.7071068 0 2
8.6188 Head 0 1.6 7.243769 9.074973 354 -5.403725E-08 0.07900289 -0.05217197 0.00414037 0.9954996
8.6188 FirstCar -6.96904 0.025 2.97 0 90 0 0 0.7071068 0 0.7071068 0 2
8.6188 SecondCar -39.33287 0.025 2.97 0 90 0 0 0.7071068 0 0.7071068 0 2
8.6200 Head 0 1.6 7.245378 9.074973 354 -5.403725E-08 0.07900289 -0.05217197 0.00414037 0.9954996
8.6200 FirstCar -6.96904 0.025 2.97 0 90 0 0 0.7071068 0 0.7071068 0 2
8.6200 SecondCar -39.33287 0.025 2.97 0 90 0 0 0.7071068 0 0.7071068 0 2
8.6212 Head 0 1.6 7.246957 9.074973 354 -5.403725E-08 0.07900289 -0.05217197 0.00414037 0.9954996
8.6212 FirstCar -6.96904 0.025 2.97 0 90 0 0 0.7071068 0 0.7071068 0 2
8.6212 SecondCar -39.33287 0.025 2.97 0 90 0 0 0.7071068 0 0.7071068 0 2
8.6225 Head 0 1.6 7.248507 9.074973 354 -5.403725E-08 0.07900289 -0.05217197 0.00414037 0.9954996
8.6225 FirstCar -6.96904 0.025 2.97 0 90 0 0 0.7071068 0 0.7071068 0 2
8.6225 SecondCar -39.33287 0.025 2.97 0 90 0 0 0.7071068 0 0.7071068 0 2
8.6238 Head 0 1.6 7.250215 9.074973 354 -5.403725E-08 0.07900289 -0.05217197 0.00414037 0.9954996
8.6238 FirstCar -6.96904 0.025 2.97 0 90 0 0 0.7071068 0 0.7071068 0 2
8.6238 SecondCar -39.33287 0.025 2.97 0 90 0 0 0.7071068 0 0.7071068 0 2
8.6250 Head 0 1.6 7.251914 9.074973 354 -5.403725E-08 0.07900289 -0.05217197 0.00414037 0.9954996
8.6250 FirstCar -6.96904 0.025 2.97 0 90 0 0 0.7071068 0 0.7071068 0 2
8.6250 SecondCar -39.33287 0.025 2.97 0 90 0 0 0.7071068 0 0.7071068 0 2
8.6262 Head 0 1.6 7.253512 9.074973 354 -5.403725E-08 0.07900289 -0.05217197 0.00414037 0.9954996
8.6262 FirstCar -6.96904 0.025 2.97 0 90 0 0 0.7071068 0 0.7071068 0 2
8.6262 SecondCar -39.33287 0.025 2.97 0 90 0 0 0.7071068 0 0.7071068 0 2
8.6275 Head 0 1.6 7.255071 9.074973 354 -5.403725E-08 0.07900289 -0.05217197 0.00414037 0.9954996
8.6275 FirstCar -6.96904 0.025 2.97 0 90 0 0 0.7071068 0 0.7071068 0 2
8.6275 SecondCar -39.33287 0.025 2.97 0 90 0 0 0.7071068 0 0.7071068 0 2
8.6288 Head 0 1.6 7.256798 9.074973 354 -5.403725E-08 0.07900289 -0.05217197 0.00414037 0.9954996
8.6288 FirstCar -6.96904 0.025 2.97 0 90 0 0 0.7071068 0 0.7071068 0 2
8.6288 SecondCar -39.33287 0.025 2.97 0 90 0 0 0.7071068 0 0.7071068 0 2
8.6311 Head 0 1.6 7.258399 9.074973 354 -5.403725E-08 0.07900289 -0.05217197 0.00414037 0.9954996
8.6311 FirstCar -6.96904 0.025 2.97 0 90 0 0 0.7071068 0 0.7071068 0 2
8.6311 SecondCar -39.33287 0.025 2.97 0 90 0 0 0.7071068 0 0.7071068 0 2
8.6324 Head 0 1.6 7.26143 9.074973 354 -5.403725E-08 0.07900289 -0.05217197 0.00414037 0.9954996
8.6324 FirstCar -6.96904 0.025 2.97 0 90 0 0 0.7071068 0 0.7071068 0 2
8.6324 SecondCar -39.33287 0.025 2.97 0 90 0 0 0.7071068 0 0.7071068 0 2
8.6337 Head 0 1.6 7.263122 9.074973 354 -5.403725E-08 0.07900289 -0.05217197 0.00414037 0.9954996
8.6337 FirstCar -6.96904 0.025 2.97 0 90 0 0 0.7071068 0 0.7071068 0 2
8.6337 SecondCar -39.33287 0.025 2.97 0 90 0 0 0.7071068 0 0.7071068 0 2
8.6354 Head 0 1.6 7.264915 9.074973 354 -5.403725E-08 0.07900289 -0.05217197 0.00414037 0.9954996
8.6354 FirstCar -6.96904 0.025 2.97 0 90 0 0 0.7071068 0 0.7071068 0 2
8.6354 SecondCar -39.33287 0.025 2.97 0 90 0 0 0.7071068 0 0.7071068 0 2
8.6367 Head 0 1.6 7.267049 9.074973 354 -5.403725E-08 0.07900289 -0.05217197 0.00414037 0.9954996
8.6367 FirstCar -6.96904 0.025 2.97 0 90 0 0 0.7071068 0 0.7071068 0 2
8.6367 SecondCar -39.33287 0.025 2.97 0 90 0 0 0.7071068 0 0.7071068 0 2
8.6381 Head 0 1.6 7.268871 9.074973 354 -5.403725E-08 0.07900289 -0.05217197 0.00414037 0.9954996
8.6381 FirstCar -6.96904 0.025 2.97 0 90 0 0 0.7071068 0 0.7071068 0 2
8.6381 SecondCar -39.33287 0.025 2.97 0 90 0 0 0.7071068 0 0.7071068 0 2
8.6403 Head 0 1.6 7.270619 9.074973 354 -5.403725E-08 0.07900289 -0.05217197 0.00414037 0.9954996
8.6403 FirstCar -6.96904 0.025 2.97 0 90 0 0 0.7071068 0 0.7071068 0 2
8.6403 SecondCar -39.33287 0.025 2.97 0 90 0 0 0.7071068 0 0.7071068 0 2
8.6420 Head 0 1.6 7.273479 9.074973 354 -5.403725E-08 0.07900289 -0.05217197 0.00414037 0.9954996
8.6420 FirstCar -6.96904 0.025 2.97 0 90 0 0 0.7071068 0 0.7071068 0 2
8.6420 SecondCar -39.33287 0.025 2.97 0 90 0 0 0.7071068 0 0.7071068 0 2
8.6433 Head 0 1.6 7.275705 9.074973 354 -5.403725E-08 0.07900289 -0.05217197 0.00414037 0.9954996
8.6433 FirstCar -6.96904 0.025 2.97 0 90 0 0 0.7071068 0 0.7071068 0 2
8.6433 SecondCar -39.33287 0.025 2.97 0 90 0 0 0.7071068 0 0.7071068 0 2
8.6446 Head 0 1.6 7.277513 9.074973 354 -5.403725E-08 0.07900289 -0.05217197 0.00414037 0.9954996
8.6446 FirstCar -6.96904 0.025 2.97 0 90 0 0 0.7071068 0 0.7071068 0 2
8.6446 SecondCar -39.33287 0.025 2.97 0 90 0 0 0.7071068 0 0.7071068 0 2
8.6459 Head 0 1.6 7.279175 9.074973 354 -5.403725E-08 0.07900289 -0.05217197 0.00414037 0.9954996
8.6459 FirstCar -6.96904 0.025 2.97 0 90 0 0 0.7071068 0 0.7071068 0 2
8.6459 SecondCar -39.33287 0.025 2.97 0 90 0 0 0.7071068 0 0.7071068 0 2
8.6472 Head 0 1.6 7.280847 9.074973 354 -5.403725E-08 0.07900289 -0.05217197 0.00414037 0.9954996
8.6472 FirstCar -6.96904 0.025 2.97 0 90 0 0 0.7071068 0 0.7071068 0 2
8.6472 SecondCar -39.33287 0.025 2.97 0 90 0 0 0.7071068 0 0.7071068 0 2
8.6486 Head 0 1.6 7.282554 9.074973 354 -5.403725E-08 0.07900289 -0.05217197 0.00414037 0.9954996
8.6486 FirstCar -6.96904 0.025 2.97 0 90 0 0 0.7071068 0 0.7071068 0 2
8.6486 SecondCar -39.33287 0.025 2.97 0 90 0 0 0.7071068 0 0.7071068 0 2
8.6501 Head 0 1.6 7.284359 9.074973 354 -5.403725E-08 0.07900289 -0.05217197 0.00414037 0.9954996
8.6501 FirstCar -6.96904 0.025 2.97 0 90 0 0 0.7071068 0 0.7071068 0 2
8.6501 SecondCar -39.33287 0.025 2.97 0 90 0 0 0.7071068 0 0.7071068 0 2
8.6518 Head 0 1.6 7.28632 9.074973 354 -5.403725E-08 0.07900289 -0.05217197 0.00414037 0.9954996
8.6518 FirstCar -6.96904 0.025 2.97 0 90 0 0 0.7071068 0 0.7071068 0 2
8.6518 SecondCar -39.33287 0.025 2.97 0 90 0 0 0.7071068 0 0.7071068 0 2
8.6531 Head 0 1.6 7.288581 9.074973 354 -5.403725E-08 0.07900289 -0.05217197 0.00414037 0.9954996
8.6531 FirstCar -6.96904 0.025 2.97 0 90 0 0 0.7071068 0 0.7071068 0 2
8.6531 SecondCar -39.33287 0.025 2.97 0 90 0 0 0.7071068 0 0.7071068 0 2
8.6547 Head 0 1.6 7.290343 9.074973 354 -5.403725E-08 0.07900289 -0.05217197 0.00414037 0.9954996
8.6547 FirstCar -6.96904 0.025 2.97 0 90 0 0 0.7071068 0 0.7071068 0 2
8.6547 SecondCar -39.33287 0.025 2.97 0 90 0 0 0.7071068 0 0.7071068 0 2
8.6562 Head 0 1.6 7.29237 9.074973 354 -5.403725E-08 0.07900289 -0.05217197 0.00414037 0.9954996
8.6562 FirstCar -6.96904 0.025 2.97 0 90 0 0 0.7071068 0 0.7071068 0 2
8.6562 SecondCar -39.33287 0.025 2.97 0 90 0 0 0.7071068 0 0.7071068 0 2
8.6578 Head 0 1.6 7.294418 9.074973 354 -5.403725E-08 0.07900289 -0.05217197 0.00414037 0.9954996
8.6578 FirstCar -6.96904 0.025 2.97 0 90 0 0 0.7071068 0 0.7071068 0 2
8.6578 SecondCar -39.33287 0.025 2.97 0 90 0 0 0.7071068 0 0.7071068 0 2
8.6593 Head 0 1.6 7.29639 9.074973 354 -5.403725E-08 0.07900289 -0.05217197 0.00414037 0.9954996
8.6593 FirstCar -6.96904 0.025 2.97 0 90 0 0 0.7071068 0 0.7071068 0 2
8.6593 SecondCar -39.33287 0.025 2.97 0 90 0 0 0.7071068 0 0.7071068 0 2
8.6606 Head 0 1.6 7.298449 9.074973 354 -5.403725E-08 0.07900289 -0.05217197 0.00414037 0.9954996
8.6606 FirstCar -6.96904 0.025 2.97 0 90 0 0 0.7071068 0 0.7071068 0 2
8.6606 SecondCar -39.33287 0.025 2.97 0 90 0 0 0.7071068 0 0.7071068 0 2
8.6619 Head 0 1.6 7.300169 9.074973 354 -5.403725E-08 0.07900289 -0.05217197 0.00414037 0.9954996
8.6619 FirstCar -6.96904 0.025 2.97 0 90 0 0 0.7071068 0 0.7071068 0 2
8.6619 SecondCar -39.33287 0.025 2.97 0 90 0 0 0.7071068 0 0.7071068 0 2
8.6631 Head 0 1.6 7.30179 9.074973 354 -5.403725E-08 0.07900289 -0.05217197 0.00414037 0.9954996
8.6631 FirstCar -6.96904 0.025 2.97 0 90 0 0 0.7071068 0 0.7071068 0 2
8.6631 SecondCar -39.33287 0.025 2.97 0 90 0 0 0.7071068 0 0.7071068 0 2
8.6643 Head 0 1.6 7.303438 9.074973 354 -5.403725E-08 0.07900289 -0.05217197 0.00414037 0.9954996
8.6643 FirstCar -6.96904 0.025 2.97 0 90 0 0 0.7071068 0 0.7071068 0 2
8.6643 SecondCar -39.33287 0.025 2.97 0 90 0 0 0.7071068 0 0.7071068 0 2
8.6656 Head 0 1.6 7.305029 9.074973 354 -5.403725E-08 0.07900289 -0.05217197 0.00414037 0.9954996
8.6656 FirstCar -6.96904 0.025 2.97 0 90 0 0 0.7071068 0 0.7071068 0 2
8.6656 SecondCar -39.33287 0.025 2.97 0 90 0 0 0.7071068 0 0.7071068 0 2
8.6669 Head 0 1.6 7.306629 9.074973 354 -5.403725E-08 0.07900289 -0.05217197 0.00414037 0.9954996
8.6669 FirstCar -6.96904 0.025 2.97 0 90 0 0 0.7071068 0 0.7071068 0 2
8.6669 SecondCar -39.33287 0.025 2.97 0 90 0 0 0.7071068 0 0.7071068 0 2
8.6682 Head 0 1.6 7.308322 9.074973 354 -5.403725E-08 0.07900289 -0.05217197 0.00414037 0.9954996
8.6682 FirstCar -6.96904 0.025 2.97 0 90 0 0 0.7071068 0 0.7071068 0 2
8.6682 SecondCar -39.33287 0.025 2.97 0 90 0 0 0.7071068 0 0.7071068 0 2
8.6696 Head 0 1.6 7.310132 9.074973 354 -5.403725E-08 0.07900289 -0.05217197 0.00414037 0.9954996
8.6696 FirstCar -6.96904 0.025 2.97 0 90 0 0 0.7071068 0 0.7071068 0 2
8.6696 SecondCar -39.33287 0.025 2.97 0 90 0 0 0.7071068 0 0.7071068 0 2
8.6712 Head 0 1.6 7.311955 9.074973 354 -5.403725E-08 0.07900289 -0.05217197 0.00414037 0.9954996
8.6712 FirstCar -6.96904 0.025 2.97 0 90 0 0 0.7071068 0 0.7071068 0 2
8.6712 SecondCar -39.33287 0.025 2.97 0 90 0 0 0.7071068 0 0.7071068 0 2
8.6726 Head 0 1.6 7.314039 9.074973 354 -5.403725E-08 0.07900289 -0.05217197 0.00414037 0.9954996
8.6726 FirstCar -6.96904 0.025 2.97 0 90 0 0 0.7071068 0 0.7071068 0 2
8.6726 SecondCar -39.33287 0.025 2.97 0 90 0 0 0.7071068 0 0.7071068 0 2
8.6739 Head 0 1.6 7.315841 9.074973 354 -5.403725E-08 0.07900289 -0.05217197 0.00414037 0.9954996
8.6739 FirstCar -6.96904 0.025 2.97 0 90 0 0 0.7071068 0 0.7071068 0 2
8.6739 SecondCar -39.33287 0.025 2.97 0 90 0 0 0.7071068 0 0.7071068 0 2
8.6751 Head 0 1.6 7.31757 9.074973 354 -5.403725E-08 0.07900289 -0.05217197 0.00414037 0.9954996
8.6751 FirstCar -6.96904 0.025 2.97 0 90 0 0 0.7071068 0 0.7071068 0 2
8.6751 SecondCar -39.33287 0.025 2.97 0 90 0 0 0.7071068 0 0.7071068 0 2
8.6765 Head 0 1.6 7.31914 9.074973 354 -5.403725E-08 0.07900289 -0.05217197 0.00414037 0.9954996
8.6765 FirstCar -6.96904 0.025 2.97 0 90 0 0 0.7071068 0 0.7071068 0 2
8.6765 SecondCar -39.33287 0.025 2.97 0 90 0 0 0.7071068 0 0.7071068 0 2
8.6777 Head 0 1.6 7.320908 9.074973 354 -5.403725E-08 0.07900289 -0.05217197 0.00414037 0.9954996
8.6777 FirstCar -6.96904 0.025 2.97 0 90 0 0 0.7071068 0 0.7071068 0 2
8.6777 SecondCar -39.33287 0.025 2.97 0 90 0 0 0.7071068 0 0.7071068 0 2
8.6789 Head 0 1.6 7.322474 9.074973 354 -5.403725E-08 0.07900289 -0.05217197 0.00414037 0.9954996
8.6789 FirstCar -6.96904 0.025 2.97 0 90 0 0 0.7071068 0 0.7071068 0 2
8.6789 SecondCar -39.33287 0.025 2.97 0 90 0 0 0.7071068 0 0.7071068 0 2
8.6802 Head 0 1.6 7.324097 9.074973 354 -5.403725E-08 0.07900289 -0.05217197 0.00414037 0.9954996
8.6802 FirstCar -6.96904 0.025 2.97 0 90 0 0 0.7071068 0 0.7071068 0 2
8.6802 SecondCar -39.33287 0.025 2.97 0 90 0 0 0.7071068 0 0.7071068 0 2
8.6815 Head 0 1.6 7.325755 9.074973 354 -5.403725E-08 0.07900289 -0.05217197 0.00414037 0.9954996
8.6815 FirstCar -6.96904 0.025 2.97 0 90 0 0 0.7071068 0 0.7071068 0 2
8.6815 SecondCar -39.33287 0.025 2.97 0 90 0 0 0.7071068 0 0.7071068 0 2
8.6827 Head 0 1.6 7.327495 9.074973 354 -5.403725E-08 0.07900289 -0.05217197 0.00414037 0.9954996
8.6827 FirstCar -6.96904 0.025 2.97 0 90 0 0 0.7071068 0 0.7071068 0 2
8.6827 SecondCar -39.33287 0.025 2.97 0 90 0 0 0.7071068 0 0.7071068 0 2
8.6839 Head 0 1.6 7.329106 9.074973 354 -5.403725E-08 0.07900289 -0.05217197 0.00414037 0.9954996
8.6839 FirstCar -6.96904 0.025 2.97 0 90 0 0 0.7071068 0 0.7071068 0 2
8.6839 SecondCar -39.33287 0.025 2.97 0 90 0 0 0.7071068 0 0.7071068 0 2
8.6855 Head 0 1.6 7.330614 9.074973 354 -5.403725E-08 0.07900289 -0.05217197 0.00414037 0.9954996
8.6855 FirstCar -6.96904 0.025 2.97 0 90 0 0 0.7071068 0 0.7071068 0 2
8.6855 SecondCar -39.33287 0.025 2.97 0 90 0 0 0.7071068 0 0.7071068 0 2
8.6869 Head 0 1.6 7.332789 9.074973 354 -5.403725E-08 0.07900289 -0.05217197 0.00414037 0.9954996
8.6869 FirstCar -6.96904 0.025 2.97 0 90 0 0 0.7071068 0 0.7071068 0 2
8.6869 SecondCar -39.33287 0.025 2.97 0 90 0 0 0.7071068 0 0.7071068 0 2
8.6882 Head 0 1.6 7.334619 9.074973 354 -5.403725E-08 0.07900289 -0.05217197 0.00414037 0.9954996
8.6882 FirstCar -6.96904 0.025 2.97 0 90 0 0 0.7071068 0 0.7071068 0 2
8.6882 SecondCar -39.33287 0.025 2.97 0 90 0 0 0.7071068 0 0.7071068 0 2
8.6895 Head 0 1.6 7.336269 9.074973 354 -5.403725E-08 0.07900289 -0.05217197 0.00414037 0.9954996
8.6895 FirstCar -6.96904 0.025 2.97 0 90 0 0 0.7071068 0 0.7071068 0 2
8.6895 SecondCar -39.33287 0.025 2.97 0 90 0 0 0.7071068 0 0.7071068 0 2
8.6910 Head 0 1.6 7.337937 9.074973 354 -5.403725E-08 0.07900289 -0.05217197 0.00414037 0.9954996
8.6910 FirstCar -6.96904 0.025 2.97 0 90 0 0 0.7071068 0 0.7071068 0 2
8.6910 SecondCar -39.33287 0.025 2.97 0 90 0 0 0.7071068 0 0.7071068 0 2
8.6923 Head 0 1.6 7.339933 9.074973 354 -5.403725E-08 0.07900289 -0.05217197 0.00414037 0.9954996
8.6923 FirstCar -6.96904 0.025 2.97 0 90 0 0 0.7071068 0 0.7071068 0 2
8.6923 SecondCar -39.33287 0.025 2.97 0 90 0 0 0.7071068 0 0.7071068 0 2
8.6936 Head 0 1.6 7.341678 9.074973 354 -5.403725E-08 0.07900289 -0.05217197 0.00414037 0.9954996
8.6936 FirstCar -6.96904 0.025 2.97 0 90 0 0 0.7071068 0 0.7071068 0 2
8.6936 SecondCar -39.33287 0.025 2.97 0 90 0 0 0.7071068 0 0.7071068 0 2
8.6948 Head 0 1.6 7.343352 9.074973 354 -5.403725E-08 0.07900289 -0.05217197 0.00414037 0.9954996
8.6948 FirstCar -6.96904 0.025 2.97 0 90 0 0 0.7071068 0 0.7071068 0 2
8.6948 SecondCar -39.33287 0.025 2.97 0 90 0 0 0.7071068 0 0.7071068 0 2
8.6960 Head 0 1.6 7.344902 9.074973 354 -5.403725E-08 0.07900289 -0.05217197 0.00414037 0.9954996
8.6960 FirstCar -6.96904 0.025 2.97 0 90 0 0 0.7071068 0 0.7071068 0 2
8.6960 SecondCar -39.33287 0.025 2.97 0 90 0 0 0.7071068 0 0.7071068 0 2
8.6972 Head 0 1.6 7.346448 9.074973 354 -5.403725E-08 0.07900289 -0.05217197 0.00414037 0.9954996
8.6972 FirstCar -6.96904 0.025 2.97 0 90 0 0 0.7071068 0 0.7071068 0 2
8.6972 SecondCar -39.33287 0.025 2.97 0 90 0 0 0.7071068 0 0.7071068 0 2
8.6984 Head 0 1.6 7.348014 9.074973 354 -5.403725E-08 0.07900289 -0.05217197 0.00414037 0.9954996
8.6984 FirstCar -6.96904 0.025 2.97 0 90 0 0 0.7071068 0 0.7071068 0 2
8.6984 SecondCar -39.33287 0.025 2.97 0 90 0 0 0.7071068 0 0.7071068 0 2
8.6997 Head 0 1.6 7.34969 9.074973 354 -5.403725E-08 0.07900289 -0.05217197 0.00414037 0.9954996
8.6997 FirstCar -6.96904 0.025 2.97 0 90 0 0 0.7071068 0 0.7071068 0 2
8.6997 SecondCar -39.33287 0.025 2.97 0 90 0 0 0.7071068 0 0.7071068 0 2
8.7009 Head 0 1.6 7.351284 9.074973 354 -5.403725E-08 0.07900289 -0.05217197 0.00414037 0.9954996
8.7009 FirstCar -6.96904 0.025 2.97 0 90 0 0 0.7071068 0 0.7071068 0 2
8.7009 SecondCar -39.33287 0.025 2.97 0 90 0 0 0.7071068 0 0.7071068 0 2
8.7021 Head 0 1.6 7.352896 9.074973 354 -5.403725E-08 0.07900289 -0.05217197 0.00414037 0.9954996
8.7021 FirstCar -6.96904 0.025 2.97 0 90 0 0 0.7071068 0 0.7071068 0 2
8.7021 SecondCar -39.33287 0.025 2.97 0 90 0 0 0.7071068 0 0.7071068 0 2
8.7033 Head 0 1.6 7.354469 9.074973 354 -5.403725E-08 0.07900289 -0.05217197 0.00414037 0.9954996
8.7033 FirstCar -6.96904 0.025 2.97 0 90 0 0 0.7071068 0 0.7071068 0 2
8.7033 SecondCar -39.33287 0.025 2.97 0 90 0 0 0.7071068 0 0.7071068 0 2
8.7045 Head 0 1.6 7.356041 9.074973 354 -5.403725E-08 0.07900289 -0.05217197 0.00414037 0.9954996
8.7045 FirstCar -6.96904 0.025 2.97 0 90 0 0 0.7071068 0 0.7071068 0 2
8.7045 SecondCar -39.33287 0.025 2.97 0 90 0 0 0.7071068 0 0.7071068 0 2
8.7057 Head 0 1.6 7.357605 9.074973 354 -5.403725E-08 0.07900289 -0.05217197 0.00414037 0.9954996
8.7057 FirstCar -6.96904 0.025 2.97 0 90 0 0 0.7071068 0 0.7071068 0 2
8.7057 SecondCar -39.33287 0.025 2.97 0 90 0 0 0.7071068 0 0.7071068 0 2
8.7069 Head 0 1.6 7.35917 9.074973 354 -5.403725E-08 0.07900289 -0.05217197 0.00414037 0.9954996
8.7069 FirstCar -6.96904 0.025 2.97 0 90 0 0 0.7071068 0 0.7071068 0 2
8.7069 SecondCar -39.33287 0.025 2.97 0 90 0 0 0.7071068 0 0.7071068 0 2
8.7082 Head 0 1.6 7.360838 9.074973 354 -5.403725E-08 0.07900289 -0.05217197 0.00414037 0.9954996
8.7082 FirstCar -6.96904 0.025 2.97 0 90 0 0 0.7071068 0 0.7071068 0 2
8.7082 SecondCar -39.33287 0.025 2.97 0 90 0 0 0.7071068 0 0.7071068 0 2
8.7095 Head 0 1.6 7.362439 9.074973 354 -5.403725E-08 0.07900289 -0.05217197 0.00414037 0.9954996
8.7095 FirstCar -6.96904 0.025 2.97 0 90 0 0 0.7071068 0 0.7071068 0 2
8.7095 SecondCar -39.33287 0.025 2.97 0 90 0 0 0.7071068 0 0.7071068 0 2
8.7111 Head 0 1.6 7.364123 9.074973 354 -5.403725E-08 0.07900289 -0.05217197 0.00414037 0.9954996
8.7111 FirstCar -6.96904 0.025 2.97 0 90 0 0 0.7071068 0 0.7071068 0 2
8.7111 SecondCar -39.33287 0.025 2.97 0 90 0 0 0.7071068 0 0.7071068 0 2
8.7126 Head 0 1.6 7.366324 9.074973 354 -5.403725E-08 0.07900289 -0.05217197 0.00414037 0.9954996
8.7126 FirstCar -6.96904 0.025 2.97 0 90 0 0 0.7071068 0 0.7071068 0 2
8.7126 SecondCar -39.33287 0.025 2.97 0 90 0 0 0.7071068 0 0.7071068 0 2
8.7139 Head 0 1.6 7.368295 9.074973 354 -5.403725E-08 0.07900289 -0.05217197 0.00414037 0.9954996
8.7139 FirstCar -6.96904 0.025 2.97 0 90 0 0 0.7071068 0 0.7071068 0 2
8.7139 SecondCar -39.33287 0.025 2.97 0 90 0 0 0.7071068 0 0.7071068 0 2
8.7153 Head 0 1.6 7.369915 9.074973 354 -5.403725E-08 0.07900289 -0.05217197 0.00414037 0.9954996
8.7153 FirstCar -6.96904 0.025 2.97 0 90 0 0 0.7071068 0 0.7071068 0 2
8.7153 SecondCar -39.33287 0.025 2.97 0 90 0 0 0.7071068 0 0.7071068 0 2
8.7175 Head 0 1.6 7.371768 9.074973 354 -5.403725E-08 0.07900289 -0.05217197 0.00414037 0.9954996
8.7175 FirstCar -6.96904 0.025 2.97 0 90 0 0 0.7071068 0 0.7071068 0 2
8.7175 SecondCar -39.33287 0.025 2.97 0 90 0 0 0.7071068 0 0.7071068 0 2
8.7193 Head 0 1.6 7.374671 9.074973 354 -5.403725E-08 0.07900289 -0.05217197 0.00414037 0.9954996
8.7193 FirstCar -6.96904 0.025 2.97 0 90 0 0 0.7071068 0 0.7071068 0 2
8.7193 SecondCar -39.33287 0.025 2.97 0 90 0 0 0.7071068 0 0.7071068 0 2
8.7210 Head 0 1.6 7.37707 9.074973 354 -5.403725E-08 0.07900289 -0.05217197 0.00414037 0.9954996
8.7210 FirstCar -6.96904 0.025 2.97 0 90 0 0 0.7071068 0 0.7071068 0 2
8.7210 SecondCar -39.33287 0.025 2.97 0 90 0 0 0.7071068 0 0.7071068 0 2
8.7225 Head 0 1.6 7.379257 9.074973 354 -5.403725E-08 0.07900289 -0.05217197 0.00414037 0.9954996
8.7225 FirstCar -6.96904 0.025 2.97 0 90 0 0 0.7071068 0 0.7071068 0 2
8.7225 SecondCar -39.33287 0.025 2.97 0 90 0 0 0.7071068 0 0.7071068 0 2
8.7240 Head 0 1.6 7.381168 9.074973 354 -5.403725E-08 0.07900289 -0.05217197 0.00414037 0.9954996
8.7240 FirstCar -6.96904 0.025 2.97 0 90 0 0 0.7071068 0 0.7071068 0 2
8.7240 SecondCar -39.33287 0.025 2.97 0 90 0 0 0.7071068 0 0.7071068 0 2
8.7254 Head 0 1.6 7.383219 9.074973 354 -5.403725E-08 0.07900289 -0.05217197 0.00414037 0.9954996
8.7254 FirstCar -6.96904 0.025 2.97 0 90 0 0 0.7071068 0 0.7071068 0 2
8.7254 SecondCar -39.33287 0.025 2.97 0 90 0 0 0.7071068 0 0.7071068 0 2
8.7268 Head 0 1.6 7.385071 9.074973 354 -5.403725E-08 0.07900289 -0.05217197 0.00414037 0.9954996
8.7268 FirstCar -6.96904 0.025 2.97 0 90 0 0 0.7071068 0 0.7071068 0 2
8.7268 SecondCar -39.33287 0.025 2.97 0 90 0 0 0.7071068 0 0.7071068 0 2
8.7280 Head 0 1.6 7.386846 9.074973 354 -5.403725E-08 0.07900289 -0.05217197 0.00414037 0.9954996
8.7280 FirstCar -6.96904 0.025 2.97 0 90 0 0 0.7071068 0 0.7071068 0 2
8.7280 SecondCar -39.33287 0.025 2.97 0 90 0 0 0.7071068 0 0.7071068 0 2
8.7294 Head 0 1.6 7.388465 9.074973 354 -5.403725E-08 0.07900289 -0.05217197 0.00414037 0.9954996
8.7294 FirstCar -6.96904 0.025 2.97 0 90 0 0 0.7071068 0 0.7071068 0 2
8.7294 SecondCar -39.33287 0.025 2.97 0 90 0 0 0.7071068 0 0.7071068 0 2
8.7319 Head 0 1.6 7.390218 9.074973 354 -5.403725E-08 0.07900289 -0.05217197 0.00414037 0.9954996
8.7319 FirstCar -6.96904 0.025 2.97 0 90 0 0 0.7071068 0 0.7071068 0 2
8.7319 SecondCar -39.33287 0.025 2.97 0 90 0 0 0.7071068 0 0.7071068 0 2
8.7333 Head 0 1.6 7.393537 9.074973 354 -5.403725E-08 0.07900289 -0.05217197 0.00414037 0.9954996
8.7333 FirstCar -6.96904 0.025 2.97 0 90 0 0 0.7071068 0 0.7071068 0 2
8.7333 SecondCar -39.33287 0.025 2.97 0 90 0 0 0.7071068 0 0.7071068 0 2
8.7345 Head 0 1.6 7.395306 9.074973 354 -5.403725E-08 0.07900289 -0.05217197 0.00414037 0.9954996
8.7345 FirstCar -6.96904 0.025 2.97 0 90 0 0 0.7071068 0 0.7071068 0 2
8.7345 SecondCar -39.33287 0.025 2.97 0 90 0 0 0.7071068 0 0.7071068 0 2
8.7357 Head 0 1.6 7.396923 9.074973 354 -5.403725E-08 0.07900289 -0.05217197 0.00414037 0.9954996
8.7357 FirstCar -6.96904 0.025 2.97 0 90 0 0 0.7071068 0 0.7071068 0 2
8.7357 SecondCar -39.33287 0.025 2.97 0 90 0 0 0.7071068 0 0.7071068 0 2
8.7369 Head 0 1.6 7.398453 9.074973 354 -5.403725E-08 0.07900289 -0.05217197 0.00414037 0.9954996
8.7369 FirstCar -6.96904 0.025 2.97 0 90 0 0 0.7071068 0 0.7071068 0 2
8.7369 SecondCar -39.33287 0.025 2.97 0 90 0 0 0.7071068 0 0.7071068 0 2
8.7380 Head 0 1.6 7.400023 9.074973 354 -5.403725E-08 0.07900289 -0.05217197 0.00414037 0.9954996
8.7380 FirstCar -6.96904 0.025 2.97 0 90 0 0 0.7071068 0 0.7071068 0 2
8.7380 SecondCar -39.33287 0.025 2.97 0 90 0 0 0.7071068 0 0.7071068 0 2
8.7393 Head 0 1.6 7.401536 9.074973 354 -5.403725E-08 0.07900289 -0.05217197 0.00414037 0.9954996
8.7393 FirstCar -6.96904 0.025 2.97 0 90 0 0 0.7071068 0 0.7071068 0 2
8.7393 SecondCar -39.33287 0.025 2.97 0 90 0 0 0.7071068 0 0.7071068 0 2
8.7407 Head 0 1.6 7.403212 9.074973 354 -5.403725E-08 0.07900289 -0.05217197 0.00414037 0.9954996
8.7407 FirstCar -6.96904 0.025 2.97 0 90 0 0 0.7071068 0 0.7071068 0 2
8.7407 SecondCar -39.33287 0.025 2.97 0 90 0 0 0.7071068 0 0.7071068 0 2
8.7419 Head 0 1.6 7.405027 9.074973 354 -5.403725E-08 0.07900289 -0.05217197 0.00414037 0.9954996
8.7419 FirstCar -6.96904 0.025 2.97 0 90 0 0 0.7071068 0 0.7071068 0 2
8.7419 SecondCar -39.33287 0.025 2.97 0 90 0 0 0.7071068 0 0.7071068 0 2
8.7431 Head 0 1.6 7.406686 9.074973 354 -5.403725E-08 0.07900289 -0.05217197 0.00414037 0.9954996
8.7431 FirstCar -6.96904 0.025 2.97 0 90 0 0 0.7071068 0 0.7071068 0 2
8.7431 SecondCar -39.33287 0.025 2.97 0 90 0 0 0.7071068 0 0.7071068 0 2
8.7444 Head 0 1.6 7.408237 9.074973 354 -5.403725E-08 0.07900289 -0.05217197 0.00414037 0.9954996
8.7444 FirstCar -6.96904 0.025 2.97 0 90 0 0 0.7071068 0 0.7071068 0 2
8.7444 SecondCar -39.33287 0.025 2.97 0 90 0 0 0.7071068 0 0.7071068 0 2
8.7456 Head 0 1.6 7.409878 9.074973 354 -5.403725E-08 0.07900289 -0.05217197 0.00414037 0.9954996
8.7456 FirstCar -6.96904 0.025 2.97 0 90 0 0 0.7071068 0 0.7071068 0 2
8.7456 SecondCar -39.33287 0.025 2.97 0 90 0 0 0.7071068 0 0.7071068 0 2
8.7475 Head 0 1.6 7.411499 9.074973 354 -5.403725E-08 0.07900289 -0.05217197 0.00414037 0.9954996
8.7475 FirstCar -6.96904 0.025 2.97 0 90 0 0 0.7071068 0 0.7071068 0 2
8.7475 SecondCar -39.33287 0.025 2.97 0 90 0 0 0.7071068 0 0.7071068 0 2
8.7489 Head 0 1.6 7.413939 9.074973 354 -5.403725E-08 0.07900289 -0.05217197 0.00414037 0.9954996
8.7489 FirstCar -6.96904 0.025 2.97 0 90 0 0 0.7071068 0 0.7071068 0 2
8.7489 SecondCar -39.33287 0.025 2.97 0 90 0 0 0.7071068 0 0.7071068 0 2
8.7506 Head 0 1.6 7.415757 9.074973 354 -5.403725E-08 0.07900289 -0.05217197 0.00414037 0.9954996
8.7506 FirstCar -6.96904 0.025 2.97 0 90 0 0 0.7071068 0 0.7071068 0 2
8.7506 SecondCar -39.33287 0.025 2.97 0 90 0 0 0.7071068 0 0.7071068 0 2
8.7521 Head 0 1.6 7.418067 9.074973 354 -5.403725E-08 0.07900289 -0.05217197 0.00414037 0.9954996
8.7521 FirstCar -6.96904 0.025 2.97 0 90 0 0 0.7071068 0 0.7071068 0 2
8.7521 SecondCar -39.33287 0.025 2.97 0 90 0 0 0.7071068 0 0.7071068 0 2
8.7534 Head 0 1.6 7.420014 9.074973 354 -5.403725E-08 0.07900289 -0.05217197 0.00414037 0.9954996
8.7534 FirstCar -6.96904 0.025 2.97 0 90 0 0 0.7071068 0 0.7071068 0 2
8.7534 SecondCar -39.33287 0.025 2.97 0 90 0 0 0.7071068 0 0.7071068 0 2
8.7546 Head 0 1.6 7.421659 9.074973 354 -5.403725E-08 0.07900289 -0.05217197 0.00414037 0.9954996
8.7546 FirstCar -6.96904 0.025 2.97 0 90 0 0 0.7071068 0 0.7071068 0 2
8.7546 SecondCar -39.33287 0.025 2.97 0 90 0 0 0.7071068 0 0.7071068 0 2
8.7558 Head 0 1.6 7.423286 9.074973 354 -5.403725E-08 0.07900289 -0.05217197 0.00414037 0.9954996
8.7558 FirstCar -6.96904 0.025 2.97 0 90 0 0 0.7071068 0 0.7071068 0 2
8.7558 SecondCar -39.33287 0.025 2.97 0 90 0 0 0.7071068 0 0.7071068 0 2
8.7571 Head 0 1.6 7.424887 9.074973 354 -5.403725E-08 0.07900289 -0.05217197 0.00414037 0.9954996
8.7571 FirstCar -6.96904 0.025 2.97 0 90 0 0 0.7071068 0 0.7071068 0 2
8.7571 SecondCar -39.33287 0.025 2.97 0 90 0 0 0.7071068 0 0.7071068 0 2
8.7583 Head 0 1.6 7.426491 9.074973 354 -5.403725E-08 0.07900289 -0.05217197 0.00414037 0.9954996
8.7583 FirstCar -6.96904 0.025 2.97 0 90 0 0 0.7071068 0 0.7071068 0 2
8.7583 SecondCar -39.33287 0.025 2.97 0 90 0 0 0.7071068 0 0.7071068 0 2
8.7595 Head 0 1.6 7.428117 9.074973 354 -5.403725E-08 0.07900289 -0.05217197 0.00414037 0.9954996
8.7595 FirstCar -6.96904 0.025 2.97 0 90 0 0 0.7071068 0 0.7071068 0 2
8.7595 SecondCar -39.33287 0.025 2.97 0 90 0 0 0.7071068 0 0.7071068 0 2
8.7608 Head 0 1.6 7.429677 9.074973 354 -5.403725E-08 0.07900289 -0.05217197 0.00414037 0.9954996
8.7608 FirstCar -6.96904 0.025 2.97 0 90 0 0 0.7071068 0 0.7071068 0 2
8.7608 SecondCar -39.33287 0.025 2.97 0 90 0 0 0.7071068 0 0.7071068 0 2
8.7620 Head 0 1.6 7.431367 9.074973 354 -5.403725E-08 0.07900289 -0.05217197 0.00414037 0.9954996
8.7620 FirstCar -6.96904 0.025 2.97 0 90 0 0 0.7071068 0 0.7071068 0 2
8.7620 SecondCar -39.33287 0.025 2.97 0 90 0 0 0.7071068 0 0.7071068 0 2
8.7632 Head 0 1.6 7.432904 9.074973 354 -5.403725E-08 0.07900289 -0.05217197 0.00414037 0.9954996
8.7632 FirstCar -6.96904 0.025 2.97 0 90 0 0 0.7071068 0 0.7071068 0 2
8.7632 SecondCar -39.33287 0.025 2.97 0 90 0 0 0.7071068 0 0.7071068 0 2
8.7644 Head 0 1.6 7.434556 9.074973 354 -5.403725E-08 0.07900289 -0.05217197 0.00414037 0.9954996
8.7644 FirstCar -6.96904 0.025 2.97 0 90 0 0 0.7071068 0 0.7071068 0 2
8.7644 SecondCar -39.33287 0.025 2.97 0 90 0 0 0.7071068 0 0.7071068 0 2
8.7656 Head 0 1.6 7.436112 9.074973 354 -5.403725E-08 0.07900289 -0.05217197 0.00414037 0.9954996
8.7656 FirstCar -6.96904 0.025 2.97 0 90 0 0 0.7071068 0 0.7071068 0 2
8.7656 SecondCar -39.33287 0.025 2.97 0 90 0 0 0.7071068 0 0.7071068 0 2
8.7668 Head 0 1.6 7.437668 9.074973 354 -5.403725E-08 0.07900289 -0.05217197 0.00414037 0.9954996
8.7668 FirstCar -6.96904 0.025 2.97 0 90 0 0 0.7071068 0 0.7071068 0 2
8.7668 SecondCar -39.33287 0.025 2.97 0 90 0 0 0.7071068 0 0.7071068 0 2
8.7680 Head 0 1.6 7.439227 9.074973 354 -5.403725E-08 0.07900289 -0.05217197 0.00414037 0.9954996
8.7680 FirstCar -6.96904 0.025 2.97 0 90 0 0 0.7071068 0 0.7071068 0 2
8.7680 SecondCar -39.33287 0.025 2.97 0 90 0 0 0.7071068 0 0.7071068 0 2
8.7692 Head 0 1.6 7.440823 9.074973 354 -5.403725E-08 0.07900289 -0.05217197 0.00414037 0.9954996
8.7692 FirstCar -6.96904 0.025 2.97 0 90 0 0 0.7071068 0 0.7071068 0 2
8.7692 SecondCar -39.33287 0.025 2.97 0 90 0 0 0.7071068 0 0.7071068 0 2
8.7708 Head 0 1.6 7.442448 9.074973 354 -5.403725E-08 0.07900289 -0.05217197 0.00414037 0.9954996
8.7708 FirstCar -6.96904 0.025 2.97 0 90 0 0 0.7071068 0 0.7071068 0 2
8.7708 SecondCar -39.33287 0.025 2.97 0 90 0 0 0.7071068 0 0.7071068 0 2
8.7720 Head 0 1.6 7.444425 9.074973 354 -5.403725E-08 0.07900289 -0.05217197 0.00414037 0.9954996
8.7720 FirstCar -6.96904 0.025 2.97 0 90 0 0 0.7071068 0 0.7071068 0 2
8.7720 SecondCar -39.33287 0.025 2.97 0 90 0 0 0.7071068 0 0.7071068 0 2
8.7732 Head 0 1.6 7.446002 9.074973 354 -5.403725E-08 0.07900289 -0.05217197 0.00414037 0.9954996
8.7732 FirstCar -6.96904 0.025 2.97 0 90 0 0 0.7071068 0 0.7071068 0 2
8.7732 SecondCar -39.33287 0.025 2.97 0 90 0 0 0.7071068 0 0.7071068 0 2
8.7745 Head 0 1.6 7.447634 9.074973 354 -5.403725E-08 0.07900289 -0.05217197 0.00414037 0.9954996
8.7745 FirstCar -6.96904 0.025 2.97 0 90 0 0 0.7071068 0 0.7071068 0 2
8.7745 SecondCar -39.33287 0.025 2.97 0 90 0 0 0.7071068 0 0.7071068 0 2
8.7757 Head 0 1.6 7.449287 9.074973 354 -5.403725E-08 0.07900289 -0.05217197 0.00414037 0.9954996
8.7757 FirstCar -6.96904 0.025 2.97 0 90 0 0 0.7071068 0 0.7071068 0 2
8.7757 SecondCar -39.33287 0.025 2.97 0 90 0 0 0.7071068 0 0.7071068 0 2
8.7770 Head 0 1.6 7.450931 9.074973 354 -5.403725E-08 0.07900289 -0.05217197 0.00414037 0.9954996
8.7770 FirstCar -6.96904 0.025 2.97 0 90 0 0 0.7071068 0 0.7071068 0 2
8.7770 SecondCar -39.33287 0.025 2.97 0 90 0 0 0.7071068 0 0.7071068 0 2
8.7791 Head 0 1.6 7.452563 9.074973 354 -5.403725E-08 0.07900289 -0.05217197 0.00414037 0.9954996
8.7791 FirstCar -6.96904 0.025 2.97 0 90 0 0 0.7071068 0 0.7071068 0 2
8.7791 SecondCar -39.33287 0.025 2.97 0 90 0 0 0.7071068 0 0.7071068 0 2
8.7809 Head 0 1.6 7.455307 9.074973 354 -5.403725E-08 0.07900289 -0.05217197 0.00414037 0.9954996
8.7809 FirstCar -6.96904 0.025 2.97 0 90 0 0 0.7071068 0 0.7071068 0 2
8.7809 SecondCar -39.33287 0.025 2.97 0 90 0 0 0.7071068 0 0.7071068 0 2
8.7826 Head 0 1.6 7.457735 9.074973 354 -5.403725E-08 0.07900289 -0.05217197 0.00414037 0.9954996
8.7826 FirstCar -6.96904 0.025 2.97 0 90 0 0 0.7071068 0 0.7071068 0 2
8.7826 SecondCar -39.33287 0.025 2.97 0 90 0 0 0.7071068 0 0.7071068 0 2
8.7840 Head 0 1.6 7.459935 9.074973 354 -5.403725E-08 0.07900289 -0.05217197 0.00414037 0.9954996
8.7840 FirstCar -6.96904 0.025 2.97 0 90 0 0 0.7071068 0 0.7071068 0 2
8.7840 SecondCar -39.33287 0.025 2.97 0 90 0 0 0.7071068 0 0.7071068 0 2
8.7855 Head 0 1.6 7.461824 9.074973 354 -5.403725E-08 0.07900289 -0.05217197 0.00414037 0.9954996
8.7855 FirstCar -6.96904 0.025 2.97 0 90 0 0 0.7071068 0 0.7071068 0 2
8.7855 SecondCar -39.33287 0.025 2.97 0 90 0 0 0.7071068 0 0.7071068 0 2
8.7868 Head 0 1.6 7.463694 9.074973 354 -5.403725E-08 0.07900289 -0.05217197 0.00414037 0.9954996
8.7868 FirstCar -6.96904 0.025 2.97 0 90 0 0 0.7071068 0 0.7071068 0 2
8.7868 SecondCar -39.33287 0.025 2.97 0 90 0 0 0.7071068 0 0.7071068 0 2
8.7882 Head 0 1.6 7.4655 9.074973 354 -5.403725E-08 0.07900289 -0.05217197 0.00414037 0.9954996
8.7882 FirstCar -6.96904 0.025 2.97 0 90 0 0 0.7071068 0 0.7071068 0 2
8.7882 SecondCar -39.33287 0.025 2.97 0 90 0 0 0.7071068 0 0.7071068 0 2
8.7896 Head 0 1.6 7.467291 9.074973 354 -5.403725E-08 0.07900289 -0.05217197 0.00414037 0.9954996
8.7896 FirstCar -6.96904 0.025 2.97 0 90 0 0 0.7071068 0 0.7071068 0 2
8.7896 SecondCar -39.33287 0.025 2.97 0 90 0 0 0.7071068 0 0.7071068 0 2
8.7915 Head 0 1.6 7.469093 9.074973 354 -5.403725E-08 0.07900289 -0.05217197 0.00414037 0.9954996
8.7915 FirstCar -6.96904 0.025 2.97 0 90 0 0 0.7071068 0 0.7071068 0 2
8.7915 SecondCar -39.33287 0.025 2.97 0 90 0 0 0.7071068 0 0.7071068 0 2
8.7932 Head 0 1.6 7.471627 9.074973 354 -5.403725E-08 0.07900289 -0.05217197 0.00414037 0.9954996
8.7932 FirstCar -6.96904 0.025 2.97 0 90 0 0 0.7071068 0 0.7071068 0 2
8.7932 SecondCar -39.33287 0.025 2.97 0 90 0 0 0.7071068 0 0.7071068 0 2
8.7945 Head 0 1.6 7.473845 9.074973 354 -5.403725E-08 0.07900289 -0.05217197 0.00414037 0.9954996
8.7945 FirstCar -6.96904 0.025 2.97 0 90 0 0 0.7071068 0 0.7071068 0 2
8.7945 SecondCar -39.33287 0.025 2.97 0 90 0 0 0.7071068 0 0.7071068 0 2
8.7959 Head 0 1.6 7.47555 9.074973 354 -5.403725E-08 0.07900289 -0.05217197 0.00414037 0.9954996
8.7959 FirstCar -6.96904 0.025 2.97 0 90 0 0 0.7071068 0 0.7071068 0 2
8.7959 SecondCar -39.33287 0.025 2.97 0 90 0 0 0.7071068 0 0.7071068 0 2
8.7971 Head 0 1.6 7.477319 9.074973 354 -5.403725E-08 0.07900289 -0.05217197 0.00414037 0.9954996
8.7971 FirstCar -6.96904 0.025 2.97 0 90 0 0 0.7071068 0 0.7071068 0 2
8.7971 SecondCar -39.33287 0.025 2.97 0 90 0 0 0.7071068 0 0.7071068 0 2
8.7983 Head 0 1.6 7.478934 9.074973 354 -5.403725E-08 0.07900289 -0.05217197 0.00414037 0.9954996
8.7983 FirstCar -6.96904 0.025 2.97 0 90 0 0 0.7071068 0 0.7071068 0 2
8.7983 SecondCar -39.33287 0.025 2.97 0 90 0 0 0.7071068 0 0.7071068 0 2
8.7996 Head 0 1.6 7.480525 9.074973 354 -5.403725E-08 0.07900289 -0.05217197 0.00414037 0.9954996
8.7996 FirstCar -6.96904 0.025 2.97 0 90 0 0 0.7071068 0 0.7071068 0 2
8.7996 SecondCar -39.33287 0.025 2.97 0 90 0 0 0.7071068 0 0.7071068 0 2
8.8012 Head 0 1.6 7.482275 9.074973 354 -5.403725E-08 0.07900289 -0.05217197 0.00414037 0.9954996
8.8012 FirstCar -6.96904 0.025 2.97 0 90 0 0 0.7071068 0 0.7071068 0 2
8.8012 SecondCar -39.33287 0.025 2.97 0 90 0 0 0.7071068 0 0.7071068 0 2
8.8025 Head 0 1.6 7.484323 9.074973 354 -5.403725E-08 0.07900289 -0.05217197 0.00414037 0.9954996
8.8025 FirstCar -6.96904 0.025 2.97 0 90 0 0 0.7071068 0 0.7071068 0 2
8.8025 SecondCar -39.33287 0.025 2.97 0 90 0 0 0.7071068 0 0.7071068 0 2
8.8038 Head 0 1.6 7.485985 9.074973 354 -5.403725E-08 0.07900289 -0.05217197 0.00414037 0.9954996
8.8038 FirstCar -6.96904 0.025 2.97 0 90 0 0 0.7071068 0 0.7071068 0 2
8.8038 SecondCar -39.33287 0.025 2.97 0 90 0 0 0.7071068 0 0.7071068 0 2
8.8050 Head 0 1.6 7.487701 9.074973 354 -5.403725E-08 0.07900289 -0.05217197 0.00414037 0.9954996
8.8050 FirstCar -6.96904 0.025 2.97 0 90 0 0 0.7071068 0 0.7071068 0 2
8.8050 SecondCar -39.33287 0.025 2.97 0 90 0 0 0.7071068 0 0.7071068 0 2
8.8063 Head 0 1.6 7.489286 9.074973 354 -5.403725E-08 0.07900289 -0.05217197 0.00414037 0.9954996
8.8063 FirstCar -6.96904 0.025 2.97 0 90 0 0 0.7071068 0 0.7071068 0 2
8.8063 SecondCar -39.33287 0.025 2.97 0 90 0 0 0.7071068 0 0.7071068 0 2
8.8076 Head 0 1.6 7.49098 9.074973 354 -5.403725E-08 0.07900289 -0.05217197 0.00414037 0.9954996
8.8076 FirstCar -6.96904 0.025 2.97 0 90 0 0 0.7071068 0 0.7071068 0 2
8.8076 SecondCar -39.33287 0.025 2.97 0 90 0 0 0.7071068 0 0.7071068 0 2
8.8088 Head 0 1.6 7.49263 9.074973 354 -5.403725E-08 0.07900289 -0.05217197 0.00414037 0.9954996
8.8088 FirstCar -6.96904 0.025 2.97 0 90 0 0 0.7071068 0 0.7071068 0 2
8.8088 SecondCar -39.33287 0.025 2.97 0 90 0 0 0.7071068 0 0.7071068 0 2
8.8112 Head 0 1.6 7.49428 9.074973 354 -5.403725E-08 0.07900289 -0.05217197 0.00414037 0.9954996
8.8112 FirstCar -6.96904 0.025 2.97 0 90 0 0 0.7071068 0 0.7071068 0 2
8.8112 SecondCar -39.33287 0.025 2.97 0 90 0 0 0.7071068 0 0.7071068 0 2
8.8127 Head 0 1.6 7.497411 9.074973 354 -5.403725E-08 0.07900289 -0.05217197 0.00414037 0.9954996
8.8127 FirstCar -6.96904 0.025 2.97 0 90 0 0 0.7071068 0 0.7071068 0 2
8.8127 SecondCar -39.33287 0.025 2.97 0 90 0 0 0.7071068 0 0.7071068 0 2
8.8141 Head 0 1.6 7.499403 9.074973 354 -5.403725E-08 0.07900289 -0.05217197 0.00414037 0.9954996
8.8141 FirstCar -6.96904 0.025 2.97 0 90 0 0 0.7071068 0 0.7071068 0 2
8.8141 SecondCar -39.33287 0.025 2.97 0 90 0 0 0.7071068 0 0.7071068 0 2
8.8154 Head 0 1.6 7.501239 9.074973 354 -5.403725E-08 0.07900289 -0.05217197 0.00414037 0.9954996
8.8154 FirstCar -6.96904 0.025 2.97 0 90 0 0 0.7071068 0 0.7071068 0 2
8.8154 SecondCar -39.33287 0.025 2.97 0 90 0 0 0.7071068 0 0.7071068 0 2
8.8166 Head 0 1.6 7.502895 9.074973 354 -5.403725E-08 0.07900289 -0.05217197 0.00414037 0.9954996
8.8166 FirstCar -6.96904 0.025 2.97 0 90 0 0 0.7071068 0 0.7071068 0 2
8.8166 SecondCar -39.33287 0.025 2.97 0 90 0 0 0.7071068 0 0.7071068 0 2
8.8178 Head 0 1.6 7.504485 9.074973 354 -5.403725E-08 0.07900289 -0.05217197 0.00414037 0.9954996
8.8178 FirstCar -6.96904 0.025 2.97 0 90 0 0 0.7071068 0 0.7071068 0 2
8.8178 SecondCar -39.33287 0.025 2.97 0 90 0 0 0.7071068 0 0.7071068 0 2
8.8190 Head 0 1.6 7.506028 9.074973 354 -5.403725E-08 0.07900289 -0.05217197 0.00414037 0.9954996
8.8190 FirstCar -6.96904 0.025 2.97 0 90 0 0 0.7071068 0 0.7071068 0 2
8.8190 SecondCar -39.33287 0.025 2.97 0 90 0 0 0.7071068 0 0.7071068 0 2
8.8203 Head 0 1.6 7.507606 9.074973 354 -5.403725E-08 0.07900289 -0.05217197 0.00414037 0.9954996
8.8203 FirstCar -6.96904 0.025 2.97 0 90 0 0 0.7071068 0 0.7071068 0 2
8.8203 SecondCar -39.33287 0.025 2.97 0 90 0 0 0.7071068 0 0.7071068 0 2
8.8215 Head 0 1.6 7.509265 9.074973 354 -5.403725E-08 0.07900289 -0.05217197 0.00414037 0.9954996
8.8215 FirstCar -6.96904 0.025 2.97 0 90 0 0 0.7071068 0 0.7071068 0 2
8.8215 SecondCar -39.33287 0.025 2.97 0 90 0 0 0.7071068 0 0.7071068 0 2
8.8227 Head 0 1.6 7.510882 9.074973 354 -5.403725E-08 0.07900289 -0.05217197 0.00414037 0.9954996
8.8227 FirstCar -6.96904 0.025 2.97 0 90 0 0 0.7071068 0 0.7071068 0 2
8.8227 SecondCar -39.33287 0.025 2.97 0 90 0 0 0.7071068 0 0.7071068 0 2
8.8240 Head 0 1.6 7.512448 9.074973 354 -5.403725E-08 0.07900289 -0.05217197 0.00414037 0.9954996
8.8240 FirstCar -6.96904 0.025 2.97 0 90 0 0 0.7071068 0 0.7071068 0 2
8.8240 SecondCar -39.33287 0.025 2.97 0 90 0 0 0.7071068 0 0.7071068 0 2
8.8253 Head 0 1.6 7.514133 9.074973 354 -5.403725E-08 0.07900289 -0.05217197 0.00414037 0.9954996
8.8253 FirstCar -6.96904 0.025 2.97 0 90 0 0 0.7071068 0 0.7071068 0 2
8.8253 SecondCar -39.33287 0.025 2.97 0 90 0 0 0.7071068 0 0.7071068 0 2
8.8266 Head 0 1.6 7.515911 9.074973 354 -5.403725E-08 0.07900289 -0.05217197 0.00414037 0.9954996
8.8266 FirstCar -6.96904 0.025 2.97 0 90 0 0 0.7071068 0 0.7071068 0 2
8.8266 SecondCar -39.33287 0.025 2.97 0 90 0 0 0.7071068 0 0.7071068 0 2
8.8278 Head 0 1.6 7.51756 9.074973 354 -5.403725E-08 0.07900289 -0.05217197 0.00414037 0.9954996
8.8278 FirstCar -6.96904 0.025 2.97 0 90 0 0 0.7071068 0 0.7071068 0 2
8.8278 SecondCar -39.33287 0.025 2.97 0 90 0 0 0.7071068 0 0.7071068 0 2
8.8290 Head 0 1.6 7.519112 9.074973 354 -5.403725E-08 0.07900289 -0.05217197 0.00414037 0.9954996
8.8290 FirstCar -6.96904 0.025 2.97 0 90 0 0 0.7071068 0 0.7071068 0 2
8.8290 SecondCar -39.33287 0.025 2.97 0 90 0 0 0.7071068 0 0.7071068 0 2
8.8306 Head 0 1.6 7.520734 9.074973 354 -5.403725E-08 0.07900289 -0.05217197 0.00414037 0.9954996
8.8306 FirstCar -6.96904 0.025 2.97 0 90 0 0 0.7071068 0 0.7071068 0 2
8.8306 SecondCar -39.33287 0.025 2.97 0 90 0 0 0.7071068 0 0.7071068 0 2
8.8319 Head 0 1.6 7.522814 9.074973 354 -5.403725E-08 0.07900289 -0.05217197 0.00414037 0.9954996
8.8319 FirstCar -6.96904 0.025 2.97 0 90 0 0 0.7071068 0 0.7071068 0 2
8.8319 SecondCar -39.33287 0.025 2.97 0 90 0 0 0.7071068 0 0.7071068 0 2
8.8331 Head 0 1.6 7.524504 9.074973 354 -5.403725E-08 0.07900289 -0.05217197 0.00414037 0.9954996
8.8331 FirstCar -6.96904 0.025 2.97 0 90 0 0 0.7071068 0 0.7071068 0 2
8.8331 SecondCar -39.33287 0.025 2.97 0 90 0 0 0.7071068 0 0.7071068 0 2
8.8344 Head 0 1.6 7.526097 9.074973 354 -5.403725E-08 0.07900289 -0.05217197 0.00414037 0.9954996
8.8344 FirstCar -6.96904 0.025 2.97 0 90 0 0 0.7071068 0 0.7071068 0 2
8.8344 SecondCar -39.33287 0.025 2.97 0 90 0 0 0.7071068 0 0.7071068 0 2
8.8357 Head 0 1.6 7.527864 9.074973 354 -5.403725E-08 0.07900289 -0.05217197 0.00414037 0.9954996
8.8357 FirstCar -6.96904 0.025 2.97 0 90 0 0 0.7071068 0 0.7071068 0 2
8.8357 SecondCar -39.33287 0.025 2.97 0 90 0 0 0.7071068 0 0.7071068 0 2
8.8369 Head 0 1.6 7.52946 9.074973 354 -5.403725E-08 0.07900289 -0.05217197 0.00414037 0.9954996
8.8369 FirstCar -6.96904 0.025 2.97 0 90 0 0 0.7071068 0 0.7071068 0 2
8.8369 SecondCar -39.33287 0.025 2.97 0 90 0 0 0.7071068 0 0.7071068 0 2
8.8381 Head 0 1.6 7.531029 9.074973 354 -5.403725E-08 0.07900289 -0.05217197 0.00414037 0.9954996
8.8381 FirstCar -6.96904 0.025 2.97 0 90 0 0 0.7071068 0 0.7071068 0 2
8.8381 SecondCar -39.33287 0.025 2.97 0 90 0 0 0.7071068 0 0.7071068 0 2
8.8393 Head 0 1.6 7.532609 9.074973 354 -5.403725E-08 0.07900289 -0.05217197 0.00414037 0.9954996
8.8393 FirstCar -6.96904 0.025 2.97 0 90 0 0 0.7071068 0 0.7071068 0 2
8.8393 SecondCar -39.33287 0.025 2.97 0 90 0 0 0.7071068 0 0.7071068 0 2
8.8414 Head 0 1.6 7.534179 9.074973 354 -5.403725E-08 0.07900289 -0.05217197 0.00414037 0.9954996
8.8414 FirstCar -6.96904 0.025 2.97 0 90 0 0 0.7071068 0 0.7071068 0 2
8.8414 SecondCar -39.33287 0.025 2.97 0 90 0 0 0.7071068 0 0.7071068 0 2
8.8433 Head 0 1.6 7.536911 9.074973 354 -5.403725E-08 0.07900289 -0.05217197 0.00414037 0.9954996
8.8433 FirstCar -6.96904 0.025 2.97 0 90 0 0 0.7071068 0 0.7071068 0 2
8.8433 SecondCar -39.33287 0.025 2.97 0 90 0 0 0.7071068 0 0.7071068 0 2
8.8449 Head 0 1.6 7.539506 9.074973 354 -5.403725E-08 0.07900289 -0.05217197 0.00414037 0.9954996
8.8449 FirstCar -6.96904 0.025 2.97 0 90 0 0 0.7071068 0 0.7071068 0 2
8.8449 SecondCar -39.33287 0.025 2.97 0 90 0 0 0.7071068 0 0.7071068 0 2
8.8464 Head 0 1.6 7.541608 9.074973 354 -5.403725E-08 0.07900289 -0.05217197 0.00414037 0.9954996
8.8464 FirstCar -6.96904 0.025 2.97 0 90 0 0 0.7071068 0 0.7071068 0 2
8.8464 SecondCar -39.33287 0.025 2.97 0 90 0 0 0.7071068 0 0.7071068 0 2
8.8480 Head 0 1.6 7.543481 9.074973 354 -5.403725E-08 0.07900289 -0.05217197 0.00414037 0.9954996
8.8480 FirstCar -6.96904 0.025 2.97 0 90 0 0 0.7071068 0 0.7071068 0 2
8.8480 SecondCar -39.33287 0.025 2.97 0 90 0 0 0.7071068 0 0.7071068 0 2
8.8495 Head 0 1.6 7.545622 9.074973 354 -5.403725E-08 0.07900289 -0.05217197 0.00414037 0.9954996
8.8495 FirstCar -6.96904 0.025 2.97 0 90 0 0 0.7071068 0 0.7071068 0 2
8.8495 SecondCar -39.33287 0.025 2.97 0 90 0 0 0.7071068 0 0.7071068 0 2
8.8512 Head 0 1.6 7.54762 9.074973 354 -5.403725E-08 0.07900289 -0.05217197 0.00414037 0.9954996
8.8512 FirstCar -6.96904 0.025 2.97 0 90 0 0 0.7071068 0 0.7071068 0 2
8.8512 SecondCar -39.33287 0.025 2.97 0 90 0 0 0.7071068 0 0.7071068 0 2
8.8526 Head 0 1.6 7.549768 9.074973 354 -5.403725E-08 0.07900289 -0.05217197 0.00414037 0.9954996
8.8526 FirstCar -6.96904 0.025 2.97 0 90 0 0 0.7071068 0 0.7071068 0 2
8.8526 SecondCar -39.33287 0.025 2.97 0 90 0 0 0.7071068 0 0.7071068 0 2
8.8539 Head 0 1.6 7.551636 9.074973 354 -5.403725E-08 0.07900289 -0.05217197 0.00414037 0.9954996
8.8539 FirstCar -6.96904 0.025 2.97 0 90 0 0 0.7071068 0 0.7071068 0 2
8.8539 SecondCar -39.33287 0.025 2.97 0 90 0 0 0.7071068 0 0.7071068 0 2
8.8551 Head 0 1.6 7.553328 9.074973 354 -5.403725E-08 0.07900289 -0.05217197 0.00414037 0.9954996
8.8551 FirstCar -6.96904 0.025 2.97 0 90 0 0 0.7071068 0 0.7071068 0 2
8.8551 SecondCar -39.33287 0.025 2.97 0 90 0 0 0.7071068 0 0.7071068 0 2
8.8563 Head 0 1.6 7.554923 9.074973 354 -5.403725E-08 0.07900289 -0.05217197 0.00414037 0.9954996
8.8563 FirstCar -6.96904 0.025 2.97 0 90 0 0 0.7071068 0 0.7071068 0 2
8.8563 SecondCar -39.33287 0.025 2.97 0 90 0 0 0.7071068 0 0.7071068 0 2
8.8578 Head 0 1.6 7.556552 9.074973 354 -5.403725E-08 0.07900289 -0.05217197 0.00414037 0.9954996
8.8578 FirstCar -6.96904 0.025 2.97 0 90 0 0 0.7071068 0 0.7071068 0 2
8.8578 SecondCar -39.33287 0.025 2.97 0 90 0 0 0.7071068 0 0.7071068 0 2
8.8594 Head 0 1.6 7.558481 9.074973 354 -5.403725E-08 0.07900289 -0.05217197 0.00414037 0.9954996
8.8594 FirstCar -6.96904 0.025 2.97 0 90 0 0 0.7071068 0 0.7071068 0 2
8.8594 SecondCar -39.33287 0.025 2.97 0 90 0 0 0.7071068 0 0.7071068 0 2
8.8608 Head 0 1.6 7.560557 9.074973 354 -5.403725E-08 0.07900289 -0.05217197 0.00414037 0.9954996
8.8608 FirstCar -6.96904 0.025 2.97 0 90 0 0 0.7071068 0 0.7071068 0 2
8.8608 SecondCar -39.33287 0.025 2.97 0 90 0 0 0.7071068 0 0.7071068 0 2
8.8622 Head 0 1.6 7.562406 9.074973 354 -5.403725E-08 0.07900289 -0.05217197 0.00414037 0.9954996
8.8622 FirstCar -6.96904 0.025 2.97 0 90 0 0 0.7071068 0 0.7071068 0 2
8.8622 SecondCar -39.33287 0.025 2.97 0 90 0 0 0.7071068 0 0.7071068 0 2
8.8635 Head 0 1.6 7.564198 9.074973 354 -5.403725E-08 0.07900289 -0.05217197 0.00414037 0.9954996
8.8635 FirstCar -6.96904 0.025 2.97 0 90 0 0 0.7071068 0 0.7071068 0 2
8.8635 SecondCar -39.33287 0.025 2.97 0 90 0 0 0.7071068 0 0.7071068 0 2
8.8647 Head 0 1.6 7.565892 9.074973 354 -5.403725E-08 0.07900289 -0.05217197 0.00414037 0.9954996
8.8647 FirstCar -6.96904 0.025 2.97 0 90 0 0 0.7071068 0 0.7071068 0 2
8.8647 SecondCar -39.33287 0.025 2.97 0 90 0 0 0.7071068 0 0.7071068 0 2
8.8659 Head 0 1.6 7.567467 9.074973 354 -5.403725E-08 0.07900289 -0.05217197 0.00414037 0.9954996
8.8659 FirstCar -6.96904 0.025 2.97 0 90 0 0 0.7071068 0 0.7071068 0 2
8.8659 SecondCar -39.33287 0.025 2.97 0 90 0 0 0.7071068 0 0.7071068 0 2
8.8671 Head 0 1.6 7.569014 9.074973 354 -5.403725E-08 0.07900289 -0.05217197 0.00414037 0.9954996
8.8671 FirstCar -6.96904 0.025 2.97 0 90 0 0 0.7071068 0 0.7071068 0 2
8.8671 SecondCar -39.33287 0.025 2.97 0 90 0 0 0.7071068 0 0.7071068 0 2
8.8684 Head 0 1.6 7.570671 9.074973 354 -5.403725E-08 0.07900289 -0.05217197 0.00414037 0.9954996
8.8684 FirstCar -6.96904 0.025 2.97 0 90 0 0 0.7071068 0 0.7071068 0 2
8.8684 SecondCar -39.33287 0.025 2.97 0 90 0 0 0.7071068 0 0.7071068 0 2
8.8697 Head 0 1.6 7.572361 9.074973 354 -5.403725E-08 0.07900289 -0.05217197 0.00414037 0.9954996
8.8697 FirstCar -6.96904 0.025 2.97 0 90 0 0 0.7071068 0 0.7071068 0 2
8.8697 SecondCar -39.33287 0.025 2.97 0 90 0 0 0.7071068 0 0.7071068 0 2
8.8717 Head 0 1.6 7.574084 9.074973 354 -5.403725E-08 0.07900289 -0.05217197 0.00414037 0.9954996
8.8717 FirstCar -6.96904 0.025 2.97 0 90 0 0 0.7071068 0 0.7071068 0 2
8.8717 SecondCar -39.33287 0.025 2.97 0 90 0 0 0.7071068 0 0.7071068 0 2
8.8734 Head 0 1.6 7.576705 9.074973 354 -5.403725E-08 0.07900289 -0.05217197 0.00414037 0.9954996
8.8734 FirstCar -6.96904 0.025 2.97 0 90 0 0 0.7071068 0 0.7071068 0 2
8.8734 SecondCar -39.33287 0.025 2.97 0 90 0 0 0.7071068 0 0.7071068 0 2
8.8748 Head 0 1.6 7.578841 9.074973 354 -5.403725E-08 0.07900289 -0.05217197 0.00414037 0.9954996
8.8748 FirstCar -6.96904 0.025 2.97 0 90 0 0 0.7071068 0 0.7071068 0 2
8.8748 SecondCar -39.33287 0.025 2.97 0 90 0 0 0.7071068 0 0.7071068 0 2
8.8762 Head 0 1.6 7.580712 9.074973 354 -5.403725E-08 0.07900289 -0.05217197 0.00414037 0.9954996
8.8762 FirstCar -6.96904 0.025 2.97 0 90 0 0 0.7071068 0 0.7071068 0 2
8.8762 SecondCar -39.33287 0.025 2.97 0 90 0 0 0.7071068 0 0.7071068 0 2
8.8777 Head 0 1.6 7.582562 9.074973 354 -5.403725E-08 0.07900289 -0.05217197 0.00414037 0.9954996
8.8777 FirstCar -6.96904 0.025 2.97 0 90 0 0 0.7071068 0 0.7071068 0 2
8.8777 SecondCar -39.33287 0.025 2.97 0 90 0 0 0.7071068 0 0.7071068 0 2
8.8790 Head 0 1.6 7.584477 9.074973 354 -5.403725E-08 0.07900289 -0.05217197 0.00414037 0.9954996
8.8790 FirstCar -6.96904 0.025 2.97 0 90 0 0 0.7071068 0 0.7071068 0 2
8.8790 SecondCar -39.33287 0.025 2.97 0 90 0 0 0.7071068 0 0.7071068 0 2
8.8803 Head 0 1.6 7.586264 9.074973 354 -5.403725E-08 0.07900289 -0.05217197 0.00414037 0.9954996
8.8803 FirstCar -6.96904 0.025 2.97 0 90 0 0 0.7071068 0 0.7071068 0 2
8.8803 SecondCar -39.33287 0.025 2.97 0 90 0 0 0.7071068 0 0.7071068 0 2
8.8816 Head 0 1.6 7.587984 9.074973 354 -5.403725E-08 0.07900289 -0.05217197 0.00414037 0.9954996
8.8816 FirstCar -6.96904 0.025 2.97 0 90 0 0 0.7071068 0 0.7071068 0 2
8.8816 SecondCar -39.33287 0.025 2.97 0 90 0 0 0.7071068 0 0.7071068 0 2
8.8828 Head 0 1.6 7.589591 9.074973 354 -5.403725E-08 0.07900289 -0.05217197 0.00414037 0.9954996
8.8828 FirstCar -6.96904 0.025 2.97 0 90 0 0 0.7071068 0 0.7071068 0 2
8.8828 SecondCar -39.33287 0.025 2.97 0 90 0 0 0.7071068 0 0.7071068 0 2
8.8840 Head 0 1.6 7.591223 9.074973 354 -5.403725E-08 0.07900289 -0.05217197 0.00414037 0.9954996
8.8840 FirstCar -6.96904 0.025 2.97 0 90 0 0 0.7071068 0 0.7071068 0 2
8.8840 SecondCar -39.33287 0.025 2.97 0 90 0 0 0.7071068 0 0.7071068 0 2
8.8853 Head 0 1.6 7.592836 9.074973 354 -5.403725E-08 0.07900289 -0.05217197 0.00414037 0.9954996
8.8853 FirstCar -6.96904 0.025 2.97 0 90 0 0 0.7071068 0 0.7071068 0 2
8.8853 SecondCar -39.33287 0.025 2.97 0 90 0 0 0.7071068 0 0.7071068 0 2
8.8865 Head 0 1.6 7.594473 9.074973 354 -5.403725E-08 0.07900289 -0.05217197 0.00414037 0.9954996
8.8865 FirstCar -6.96904 0.025 2.97 0 90 0 0 0.7071068 0 0.7071068 0 2
8.8865 SecondCar -39.33287 0.025 2.97 0 90 0 0 0.7071068 0 0.7071068 0 2
8.8877 Head 0 1.6 7.596052 9.074973 354 -5.403725E-08 0.07900289 -0.05217197 0.00414037 0.9954996
8.8877 FirstCar -6.96904 0.025 2.97 0 90 0 0 0.7071068 0 0.7071068 0 2
8.8877 SecondCar -39.33287 0.025 2.97 0 90 0 0 0.7071068 0 0.7071068 0 2
8.8891 Head 0 1.6 7.597683 9.074973 354 -5.403725E-08 0.07900289 -0.05217197 0.00414037 0.9954996
8.8891 FirstCar -6.96904 0.025 2.97 0 90 0 0 0.7071068 0 0.7071068 0 2
8.8891 SecondCar -39.33287 0.025 2.97 0 90 0 0 0.7071068 0 0.7071068 0 2
8.8914 Head 0 1.6 7.599437 9.074973 354 -5.403725E-08 0.07900289 -0.05217197 0.00414037 0.9954996
8.8914 FirstCar -6.96904 0.025 2.97 0 90 0 0 0.7071068 0 0.7071068 0 2
8.8914 SecondCar -39.33287 0.025 2.97 0 90 0 0 0.7071068 0 0.7071068 0 2
8.8926 Head 0 1.6 7.602479 9.074973 354 -5.403725E-08 0.07900289 -0.05217197 0.00414037 0.9954996
8.8926 FirstCar -6.96904 0.025 2.97 0 90 0 0 0.7071068 0 0.7071068 0 2
8.8926 SecondCar -39.33287 0.025 2.97 0 90 0 0 0.7071068 0 0.7071068 0 2
8.8939 Head 0 1.6 7.604085 9.074973 354 -5.403725E-08 0.07900289 -0.05217197 0.00414037 0.9954996
8.8939 FirstCar -6.96904 0.025 2.97 0 90 0 0 0.7071068 0 0.7071068 0 2
8.8939 SecondCar -39.33287 0.025 2.97 0 90 0 0 0.7071068 0 0.7071068 0 2
8.8950 Head 0 1.6 7.6057 9.074973 354 -5.403725E-08 0.07900289 -0.05217197 0.00414037 0.9954996
8.8950 FirstCar -6.96904 0.025 2.97 0 90 0 0 0.7071068 0 0.7071068 0 2
8.8950 SecondCar -39.33287 0.025 2.97 0 90 0 0 0.7071068 0 0.7071068 0 2
8.8962 Head 0 1.6 7.607197 9.074973 354 -5.403725E-08 0.07900289 -0.05217197 0.00414037 0.9954996
8.8962 FirstCar -6.96904 0.025 2.97 0 90 0 0 0.7071068 0 0.7071068 0 2
8.8962 SecondCar -39.33287 0.025 2.97 0 90 0 0 0.7071068 0 0.7071068 0 2
8.8973 Head 0 1.6 7.608717 9.074973 354 -5.403725E-08 0.07900289 -0.05217197 0.00414037 0.9954996
8.8973 FirstCar -6.96904 0.025 2.97 0 90 0 0 0.7071068 0 0.7071068 0 2
8.8973 SecondCar -39.33287 0.025 2.97 0 90 0 0 0.7071068 0 0.7071068 0 2
8.8985 Head 0 1.6 7.610194 9.074973 354 -5.403725E-08 0.07900289 -0.05217197 0.00414037 0.9954996
8.8985 FirstCar -6.96904 0.025 2.97 0 90 0 0 0.7071068 0 0.7071068 0 2
8.8985 SecondCar -39.33287 0.025 2.97 0 90 0 0 0.7071068 0 0.7071068 0 2
8.8997 Head 0 1.6 7.611722 9.074973 354 -5.403725E-08 0.07900289 -0.05217197 0.00414037 0.9954996
8.8997 FirstCar -6.96904 0.025 2.97 0 90 0 0 0.7071068 0 0.7071068 0 2
8.8997 SecondCar -39.33287 0.025 2.97 0 90 0 0 0.7071068 0 0.7071068 0 2
8.9009 Head 0 1.6 7.613324 9.074973 354 -5.403725E-08 0.07900289 -0.05217197 0.00414037 0.9954996
8.9009 FirstCar -6.96904 0.025 2.97 0 90 0 0 0.7071068 0 0.7071068 0 2
8.9009 SecondCar -39.33287 0.025 2.97 0 90 0 0 0.7071068 0 0.7071068 0 2
8.9021 Head 0 1.6 7.614969 9.074973 354 -5.403725E-08 0.07900289 -0.05217197 0.00414037 0.9954996
8.9021 FirstCar -6.96904 0.025 2.97 0 90 0 0 0.7071068 0 0.7071068 0 2
8.9021 SecondCar -39.33287 0.025 2.97 0 90 0 0 0.7071068 0 0.7071068 0 2
8.9033 Head 0 1.6 7.616518 9.074973 354 -5.403725E-08 0.07900289 -0.05217197 0.00414037 0.9954996
8.9033 FirstCar -6.96904 0.025 2.97 0 90 0 0 0.7071068 0 0.7071068 0 2
8.9033 SecondCar -39.33287 0.025 2.97 0 90 0 0 0.7071068 0 0.7071068 0 2
8.9045 Head 0 1.6 7.618069 9.074973 354 -5.403725E-08 0.07900289 -0.05217197 0.00414037 0.9954996
8.9045 FirstCar -6.96904 0.025 2.97 0 90 0 0 0.7071068 0 0.7071068 0 2
8.9045 SecondCar -39.33287 0.025 2.97 0 90 0 0 0.7071068 0 0.7071068 0 2
8.9057 Head 0 1.6 7.619659 9.074973 354 -5.403725E-08 0.07900289 -0.05217197 0.00414037 0.9954996
8.9057 FirstCar -6.96904 0.025 2.97 0 90 0 0 0.7071068 0 0.7071068 0 2
8.9057 SecondCar -39.33287 0.025 2.97 0 90 0 0 0.7071068 0 0.7071068 0 2
8.9070 Head 0 1.6 7.621184 9.074973 354 -5.403725E-08 0.07900289 -0.05217197 0.00414037 0.9954996
8.9070 FirstCar -6.96904 0.025 2.97 0 90 0 0 0.7071068 0 0.7071068 0 2
8.9070 SecondCar -39.33287 0.025 2.97 0 90 0 0 0.7071068 0 0.7071068 0 2
8.9083 Head 0 1.6 7.622918 9.074973 354 -5.403725E-08 0.07900289 -0.05217197 0.00414037 0.9954996
8.9083 FirstCar -6.96904 0.025 2.97 0 90 0 0 0.7071068 0 0.7071068 0 2
8.9083 SecondCar -39.33287 0.025 2.97 0 90 0 0 0.7071068 0 0.7071068 0 2
8.9097 Head 0 1.6 7.624622 9.074973 354 -5.403725E-08 0.07900289 -0.05217197 0.00414037 0.9954996
8.9097 FirstCar -6.96904 0.025 2.97 0 90 0 0 0.7071068 0 0.7071068 0 2
8.9097 SecondCar -39.33287 0.025 2.97 0 90 0 0 0.7071068 0 0.7071068 0 2
8.9124 Head 0 1.6 7.626505 9.074973 354 -5.403725E-08 0.07900289 -0.05217197 0.00414037 0.9954996
8.9124 FirstCar -6.96904 0.025 2.97 0 90 0 0 0.7071068 0 0.7071068 0 2
8.9124 SecondCar -39.33287 0.025 2.97 0 90 0 0 0.7071068 0 0.7071068 0 2
8.9138 Head 0 1.6 7.629937 9.074973 354 -5.403725E-08 0.07900289 -0.05217197 0.00414037 0.9954996
8.9138 FirstCar -6.96904 0.025 2.97 0 90 0 0 0.7071068 0 0.7071068 0 2
8.9138 SecondCar -39.33287 0.025 2.97 0 90 0 0 0.7071068 0 0.7071068 0 2
8.9153 Head 0 1.6 7.631844 9.074973 354 -5.403725E-08 0.07900289 -0.05217197 0.00414037 0.9954996
8.9153 FirstCar -6.96904 0.025 2.97 0 90 0 0 0.7071068 0 0.7071068 0 2
8.9153 SecondCar -39.33287 0.025 2.97 0 90 0 0 0.7071068 0 0.7071068 0 2
8.9166 Head 0 1.6 7.633745 9.074973 354 -5.403725E-08 0.07900289 -0.05217197 0.00414037 0.9954996
8.9166 FirstCar -6.96904 0.025 2.97 0 90 0 0 0.7071068 0 0.7071068 0 2
8.9166 SecondCar -39.33287 0.025 2.97 0 90 0 0 0.7071068 0 0.7071068 0 2
8.9186 Head 0 1.6 7.635497 9.074973 354 -5.403725E-08 0.07900289 -0.05217197 0.00414037 0.9954996
8.9186 FirstCar -6.96904 0.025 2.97 0 90 0 0 0.7071068 0 0.7071068 0 2
8.9186 SecondCar -39.33287 0.025 2.97 0 90 0 0 0.7071068 0 0.7071068 0 2
8.9205 Head 0 1.6 7.638083 9.074973 354 -5.403725E-08 0.07900289 -0.05217197 0.00414037 0.9954996
8.9205 FirstCar -6.96904 0.025 2.97 0 90 0 0 0.7071068 0 0.7071068 0 2
8.9205 SecondCar -39.33287 0.025 2.97 0 90 0 0 0.7071068 0 0.7071068 0 2
8.9220 Head 0 1.6 7.640603 9.074973 354 -5.403725E-08 0.07900289 -0.05217197 0.00414037 0.9954996
8.9220 FirstCar -6.96904 0.025 2.97 0 90 0 0 0.7071068 0 0.7071068 0 2
8.9220 SecondCar -39.33287 0.025 2.97 0 90 0 0 0.7071068 0 0.7071068 0 2
8.9234 Head 0 1.6 7.642594 9.074973 354 -5.403725E-08 0.07900289 -0.05217197 0.00414037 0.9954996
8.9234 FirstCar -6.96904 0.025 2.97 0 90 0 0 0.7071068 0 0.7071068 0 2
8.9234 SecondCar -39.33287 0.025 2.97 0 90 0 0 0.7071068 0 0.7071068 0 2
8.9247 Head 0 1.6 7.644383 9.074973 354 -5.403725E-08 0.07900289 -0.05217197 0.00414037 0.9954996
8.9247 FirstCar -6.96904 0.025 2.97 0 90 0 0 0.7071068 0 0.7071068 0 2
8.9247 SecondCar -39.33287 0.025 2.97 0 90 0 0 0.7071068 0 0.7071068 0 2
8.9262 Head 0 1.6 7.646131 9.074973 354 -5.403725E-08 0.07900289 -0.05217197 0.00414037 0.9954996
8.9262 FirstCar -6.96904 0.025 2.97 0 90 0 0 0.7071068 0 0.7071068 0 2
8.9262 SecondCar -39.33287 0.025 2.97 0 90 0 0 0.7071068 0 0.7071068 0 2
8.9276 Head 0 1.6 7.648012 9.074973 354 -5.403725E-08 0.07900289 -0.05217197 0.00414037 0.9954996
8.9276 FirstCar -6.96904 0.025 2.97 0 90 0 0 0.7071068 0 0.7071068 0 2
8.9276 SecondCar -39.33287 0.025 2.97 0 90 0 0 0.7071068 0 0.7071068 0 2
8.9291 Head 0 1.6 7.649925 9.074973 354 -5.403725E-08 0.07900289 -0.05217197 0.00414037 0.9954996
8.9291 FirstCar -6.96904 0.025 2.97 0 90 0 0 0.7071068 0 0.7071068 0 2
8.9291 SecondCar -39.33287 0.025 2.97 0 90 0 0 0.7071068 0 0.7071068 0 2
8.9308 Head 0 1.6 7.65183 9.074973 354 -5.403725E-08 0.07900289 -0.05217197 0.00414037 0.9954996
8.9308 FirstCar -6.96904 0.025 2.97 0 90 0 0 0.7071068 0 0.7071068 0 2
8.9308 SecondCar -39.33287 0.025 2.97 0 90 0 0 0.7071068 0 0.7071068 0 2
8.9321 Head 0 1.6 7.654083 9.074973 354 -5.403725E-08 0.07900289 -0.05217197 0.00414037 0.9954996
8.9321 FirstCar -6.96904 0.025 2.97 0 90 0 0 0.7071068 0 0.7071068 0 2
8.9321 SecondCar -39.33287 0.025 2.97 0 90 0 0 0.7071068 0 0.7071068 0 2
8.9335 Head 0 1.6 7.655776 9.074973 354 -5.403725E-08 0.07900289 -0.05217197 0.00414037 0.9954996
8.9335 FirstCar -6.96904 0.025 2.97 0 90 0 0 0.7071068 0 0.7071068 0 2
8.9335 SecondCar -39.33287 0.025 2.97 0 90 0 0 0.7071068 0 0.7071068 0 2
8.9350 Head 0 1.6 7.657668 9.074973 354 -5.403725E-08 0.07900289 -0.05217197 0.00414037 0.9954996
8.9350 FirstCar -6.96904 0.025 2.97 0 90 0 0 0.7071068 0 0.7071068 0 2
8.9350 SecondCar -39.33287 0.025 2.97 0 90 0 0 0.7071068 0 0.7071068 0 2
8.9363 Head 0 1.6 7.659527 9.074973 354 -5.403725E-08 0.07900289 -0.05217197 0.00414037 0.9954996
8.9363 FirstCar -6.96904 0.025 2.97 0 90 0 0 0.7071068 0 0.7071068 0 2
8.9363 SecondCar -39.33287 0.025 2.97 0 90 0 0 0.7071068 0 0.7071068 0 2
8.9375 Head 0 1.6 7.661292 9.074973 354 -5.403725E-08 0.07900289 -0.05217197 0.00414037 0.9954996
8.9375 FirstCar -6.96904 0.025 2.97 0 90 0 0 0.7071068 0 0.7071068 0 2
8.9375 SecondCar -39.33287 0.025 2.97 0 90 0 0 0.7071068 0 0.7071068 0 2
8.9389 Head 0 1.6 7.662914 9.074973 354 -5.403725E-08 0.07900289 -0.05217197 0.00414037 0.9954996
8.9389 FirstCar -6.96904 0.025 2.97 0 90 0 0 0.7071068 0 0.7071068 0 2
8.9389 SecondCar -39.33287 0.025 2.97 0 90 0 0 0.7071068 0 0.7071068 0 2
8.9403 Head 0 1.6 7.664649 9.074973 354 -5.403725E-08 0.07900289 -0.05217197 0.00414037 0.9954996
8.9403 FirstCar -6.96904 0.025 2.97 0 90 0 0 0.7071068 0 0.7071068 0 2
8.9403 SecondCar -39.33287 0.025 2.97 0 90 0 0 0.7071068 0 0.7071068 0 2
8.9416 Head 0 1.6 7.666494 9.074973 354 -5.403725E-08 0.07900289 -0.05217197 0.00414037 0.9954996
8.9416 FirstCar -6.96904 0.025 2.97 0 90 0 0 0.7071068 0 0.7071068 0 2
8.9416 SecondCar -39.33287 0.025 2.97 0 90 0 0 0.7071068 0 0.7071068 0 2
8.9430 Head 0 1.6 7.668283 9.074973 354 -5.403725E-08 0.07900289 -0.05217197 0.00414037 0.9954996
8.9430 FirstCar -6.96904 0.025 2.97 0 90 0 0 0.7071068 0 0.7071068 0 2
8.9430 SecondCar -39.33287 0.025 2.97 0 90 0 0 0.7071068 0 0.7071068 0 2
8.9443 Head 0 1.6 7.670088 9.074973 354 -5.403725E-08 0.07900289 -0.05217197 0.00414037 0.9954996
8.9443 FirstCar -6.96904 0.025 2.97 0 90 0 0 0.7071068 0 0.7071068 0 2
8.9443 SecondCar -39.33287 0.025 2.97 0 90 0 0 0.7071068 0 0.7071068 0 2
8.9454 Head 0 1.6 7.671723 9.074973 354 -5.403725E-08 0.07900289 -0.05217197 0.00414037 0.9954996
8.9454 FirstCar -6.96904 0.025 2.97 0 90 0 0 0.7071068 0 0.7071068 0 2
8.9454 SecondCar -39.33287 0.025 2.97 0 90 0 0 0.7071068 0 0.7071068 0 2
8.9466 Head 0 1.6 7.673272 9.074973 354 -5.403725E-08 0.07900289 -0.05217197 0.00414037 0.9954996
8.9466 FirstCar -6.96904 0.025 2.97 0 90 0 0 0.7071068 0 0.7071068 0 2
8.9466 SecondCar -39.33287 0.025 2.97 0 90 0 0 0.7071068 0 0.7071068 0 2
8.9478 Head 0 1.6 7.674815 9.074973 354 -5.403725E-08 0.07900289 -0.05217197 0.00414037 0.9954996
8.9478 FirstCar -6.96904 0.025 2.97 0 90 0 0 0.7071068 0 0.7071068 0 2
8.9478 SecondCar -39.33287 0.025 2.97 0 90 0 0 0.7071068 0 0.7071068 0 2
8.9500 Head 0 1.6 7.676379 9.074973 354 -5.403725E-08 0.07900289 -0.05217197 0.00414037 0.9954996
8.9500 FirstCar -6.96904 0.025 2.97 0 90 0 0 0.7071068 0 0.7071068 0 2
8.9500 SecondCar -39.33287 0.025 2.97 0 90 0 0 0.7071068 0 0.7071068 0 2
8.9518 Head 0 1.6 7.679235 9.074973 354 -5.403725E-08 0.07900289 -0.05217197 0.00414037 0.9954996
8.9518 FirstCar -6.96904 0.025 2.97 0 90 0 0 0.7071068 0 0.7071068 0 2
8.9518 SecondCar -39.33287 0.025 2.97 0 90 0 0 0.7071068 0 0.7071068 0 2
8.9530 Head 0 1.6 7.68154 9.074973 354 -5.403725E-08 0.07900289 -0.05217197 0.00414037 0.9954996
8.9530 FirstCar -6.96904 0.025 2.97 0 90 0 0 0.7071068 0 0.7071068 0 2
8.9530 SecondCar -39.33287 0.025 2.97 0 90 0 0 0.7071068 0 0.7071068 0 2
8.9542 Head 0 1.6 7.683207 9.074973 354 -5.403725E-08 0.07900289 -0.05217197 0.00414037 0.9954996
8.9542 FirstCar -6.96904 0.025 2.97 0 90 0 0 0.7071068 0 0.7071068 0 2
8.9542 SecondCar -39.33287 0.025 2.97 0 90 0 0 0.7071068 0 0.7071068 0 2
8.9555 Head 0 1.6 7.684777 9.074973 354 -5.403725E-08 0.07900289 -0.05217197 0.00414037 0.9954996
8.9555 FirstCar -6.96904 0.025 2.97 0 90 0 0 0.7071068 0 0.7071068 0 2
8.9555 SecondCar -39.33287 0.025 2.97 0 90 0 0 0.7071068 0 0.7071068 0 2
8.9568 Head 0 1.6 7.686443 9.074973 354 -5.403725E-08 0.07900289 -0.05217197 0.00414037 0.9954996
8.9568 FirstCar -6.96904 0.025 2.97 0 90 0 0 0.7071068 0 0.7071068 0 2
8.9568 SecondCar -39.33287 0.025 2.97 0 90 0 0 0.7071068 0 0.7071068 0 2
8.9581 Head 0 1.6 7.688151 9.074973 354 -5.403725E-08 0.07900289 -0.05217197 0.00414037 0.9954996
8.9581 FirstCar -6.96904 0.025 2.97 0 90 0 0 0.7071068 0 0.7071068 0 2
8.9581 SecondCar -39.33287 0.025 2.97 0 90 0 0 0.7071068 0 0.7071068 0 2
8.9593 Head 0 1.6 7.689798 9.074973 354 -5.403725E-08 0.07900289 -0.05217197 0.00414037 0.9954996
8.9593 FirstCar -6.96904 0.025 2.97 0 90 0 0 0.7071068 0 0.7071068 0 2
8.9593 SecondCar -39.33287 0.025 2.97 0 90 0 0 0.7071068 0 0.7071068 0 2
8.9606 Head 0 1.6 7.691476 9.074973 354 -5.403725E-08 0.07900289 -0.05217197 0.00414037 0.9954996
8.9606 FirstCar -6.96904 0.025 2.97 0 90 0 0 0.7071068 0 0.7071068 0 2
8.9606 SecondCar -39.33287 0.025 2.97 0 90 0 0 0.7071068 0 0.7071068 0 2
8.9618 Head 0 1.6 7.693125 9.074973 354 -5.403725E-08 0.07900289 -0.05217197 0.00414037 0.9954996
8.9618 FirstCar -6.96904 0.025 2.97 0 90 0 0 0.7071068 0 0.7071068 0 2
8.9618 SecondCar -39.33287 0.025 2.97 0 90 0 0 0.7071068 0 0.7071068 0 2
8.9630 Head 0 1.6 7.69475 9.074973 354 -5.403725E-08 0.07900289 -0.05217197 0.00414037 0.9954996
8.9630 FirstCar -6.96904 0.025 2.97 0 90 0 0 0.7071068 0 0.7071068 0 2
8.9630 SecondCar -39.33287 0.025 2.97 0 90 0 0 0.7071068 0 0.7071068 0 2
8.9642 Head 0 1.6 7.696282 9.074973 354 -5.403725E-08 0.07900289 -0.05217197 0.00414037 0.9954996
8.9642 FirstCar -6.96904 0.025 2.97 0 90 0 0 0.7071068 0 0.7071068 0 2
8.9642 SecondCar -39.33287 0.025 2.97 0 90 0 0 0.7071068 0 0.7071068 0 2
8.9654 Head 0 1.6 7.697784 9.074973 354 -5.403725E-08 0.07900289 -0.05217197 0.00414037 0.9954996
8.9654 FirstCar -6.96904 0.025 2.97 0 90 0 0 0.7071068 0 0.7071068 0 2
8.9654 SecondCar -39.33287 0.025 2.97 0 90 0 0 0.7071068 0 0.7071068 0 2
8.9666 Head 0 1.6 7.699373 9.074973 354 -5.403725E-08 0.07900289 -0.05217197 0.00414037 0.9954996
8.9666 FirstCar -6.96904 0.025 2.97 0 90 0 0 0.7071068 0 0.7071068 0 2
8.9666 SecondCar -39.33287 0.025 2.97 0 90 0 0 0.7071068 0 0.7071068 0 2
8.9680 Other FirstCar destroyed
8.9680 Other SecondCar destroyed
