5.2023 FirstCar -17.53763 0.025 2.97 0 90 0 0 0.7071068 0 0.7071068 7.036395 0
5.2023 SecondCar -50.07581 0.025 2.97 0 90 0 0 0.7071068 0 0.7071068 7.018363 0
5.2026 Head 0 1.6 0.78 345.15 327.8999 0 -0.124191 -0.2741586 -0.03572864 0.9529623
5.2026 FirstCar -17.53529 0.025 2.97 0 90 0 0 0.7071068 0 0.7071068 7.035595 0
5.2026 SecondCar -50.07347 0.025 2.97 0 90 0 0 0.7071068 0 0.7071068 7.017562 0
5.2029 Head 0 1.6 0.78 345.15 327.8999 0 -0.124191 -0.2741586 -0.03572864 0.9529623
5.2029 FirstCar -17.53295 0.025 2.97 0 90 0 0 0.7071068 0 0.7071068 7.034796 0
5.2029 SecondCar -50.07114 0.025 2.97 0 90 0 0 0.7071068 0 0.7071068 7.016763 0
5.2033 Head 0 1.6 0.78 345.15 327.8999 0 -0.124191 -0.2741586 -0.03572864 0.9529623
5.2033 FirstCar -17.53063 0.025 2.97 0 90 0 0 0.7071068 0 0.7071068 7.034005 0
5.2033 SecondCar -50.06882 0.025 2.97 0 90 0 0 0.7071068 0 0.7071068 7.015973 0
5.2036 Head 0 1.6 0.78 345.15 327.8999 0 -0.124191 -0.2741586 -0.03572864 0.9529623
5.2036 FirstCar -17.52823 0.025 2.97 0 90 0 0 0.7071068 0 0.7071068 7.033187 0
5.2036 SecondCar -50.06643 0.025 2.97 0 90 0 0 0.7071068 0 0.7071068 7.015154 0
5.2039 Head 0 1.6 0.78 345.15 327.8999 0 -0.124191 -0.2741586 -0.03572864 0.9529623
5.2039 FirstCar -17.52586 0.025 2.97 0 90 0 0 0.7071068 0 0.7071068 7.032378 0
5.2039 SecondCar -50.06407 0.025 2.97 0 90 0 0 0.7071068 0 0.7071068 7.014345 0
5.2043 Head 0 1.6 0.78 345.15 327.8999 0 -0.124191 -0.2741586 -0.03572864 0.9529623
5.2043 FirstCar -17.52337 0.025 2.97 0 90 0 0 0.7071068 0 0.7071068 7.031527 0
5.2043 SecondCar -50.06158 0.025 2.97 0 90 0 0 0.7071068 0 0.7071068 7.013494 0
5.2046 Head 0 1.6 0.78 345.15 327.8999 0 -0.124191 -0.2741586 -0.03572864 0.9529623
5.2046 FirstCar -17.52106 0.025 2.97 0 90 0 0 0.7071068 0 0.7071068 7.030739 0
5.2046 SecondCar -50.05928 0.025 2.97 0 90 0 0 0.7071068 0 0.7071068 7.012707 0
5.2049 Head 0 1.6 0.78 345.15 327.8999 0 -0.124191 -0.2741586 -0.03572864 0.9529623
5.2049 FirstCar -17.51879 0.025 2.97 0 90 0 0 0.7071068 0 0.7071068 7.029964 0
5.2049 SecondCar -50.05702 0.025 2.97 0 90 0 0 0.7071068 0 0.7071068 7.011932 0
5.2053 Head 0 1.6 0.78 345.15 327.8999 0 -0.124191 -0.2741586 -0.03572864 0.9529623
5.2053 FirstCar -17.51646 0.025 2.97 0 90 0 0 0.7071068 0 0.7071068 7.029171 0
5.2053 SecondCar -50.0547 0.025 2.97 0 90 0 0 0.7071068 0 0.7071068 7.011138 0
5.2056 Head 0 1.6 0.78 345.15 327.8999 0 -0.124191 -0.2741586 -0.03572864 0.9529623
5.2056 FirstCar -17.51415 0.025 2.97 0 90 0 0 0.7071068 0 0.7071068 7.028379 0
5.2056 SecondCar -50.05239 0.025 2.97 0 90 0 0 0.7071068 0 0.7071068 7.010347 0
5.2059 Head 0 1.6 0.78 345.15 327.8999 0 -0.124191 -0.2741586 -0.03572864 0.9529623
5.2059 FirstCar -17.51184 0.025 2.97 0 90 0 0 0.7071068 0 0.7071068 7.027593 0
5.2059 SecondCar -50.05009 0.025 2.97 0 90 0 0 0.7071068 0 0.7071068 7.00956 0
5.2063 Head 0 1.6 0.78 345.15 327.8999 0 -0.124191 -0.2741586 -0.03572864 0.9529623
5.2063 FirstCar -17.50953 0.025 2.97 0 90 0 0 0.7071068 0 0.7071068 7.026803 0
5.2063 SecondCar -50.04778 0.025 2.97 0 90 0 0 0.7071068 0 0.7071068 7.00877 0
5.2066 Head 0 1.6 0.78 345.15 327.8999 0 -0.124191 -0.2741586 -0.03572864 0.9529623
5.2066 FirstCar -17.50721 0.025 2.97 0 90 0 0 0.7071068 0 0.7071068 7.026011 0
5.2066 SecondCar -50.04547 0.025 2.97 0 90 0 0 0.7071068 0 0.7071068 7.007979 0
5.2069 Head 0 1.6 0.78 345.15 327.8999 0 -0.124191 -0.2741586 -0.03572864 0.9529623
5.2069 FirstCar -17.50488 0.025 2.97 0 90 0 0 0.7071068 0 0.7071068 7.025215 0
5.2069 SecondCar -50.04314 0.025 2.97 0 90 0 0 0.7071068 0 0.7071068 7.007182 0
5.2072 Head 0 1.6 0.78 345.15 327.8999 0 -0.124191 -0.2741586 -0.03572864 0.9529623
5.2072 FirstCar -17.50257 0.025 2.97 0 90 0 0 0.7071068 0 0.7071068 7.024425 0
5.2072 SecondCar -50.04084 0.025 2.97 0 90 0 0 0.7071068 0 0.7071068 7.006392 0
5.2076 Head 0 1.6 0.78 345.15 327.8999 0 -0.124191 -0.2741586 -0.03572864 0.9529623
5.2076 FirstCar -17.50027 0.025 2.97 0 90 0 0 0.7071068 0 0.7071068 7.023642 0
5.2076 SecondCar -50.03855 0.025 2.97 0 90 0 0 0.7071068 0 0.7071068 7.005609 0
5.2079 Head 0 1.6 0.78 345.15 327.8999 0 -0.124191 -0.2741586 -0.03572864 0.9529623
5.2079 FirstCar -17.49767 0.025 2.97 0 90 0 0 0.7071068 0 0.7071068 7.02275 0
5.2079 SecondCar -50.03595 0.025 2.97 0 90 0 0 0.7071068 0 0.7071068 7.004717 0
5.2083 Head 0 1.6 0.78 345.15 327.8999 0 -0.124191 -0.2741586 -0.03572864 0.9529623
5.2083 FirstCar -17.49528 0.025 2.97 0 90 0 0 0.7071068 0 0.7071068 7.021935 0
5.2083 SecondCar -50.03357 0.025 2.97 0 90 0 0 0.7071068 0 0.7071068 7.003903 0
5.2086 Head 0 1.6 0.78 345.15 327.8999 0 -0.124191 -0.2741586 -0.03572864 0.9529623
5.2086 FirstCar -17.493 0.025 2.97 0 90 0 0 0.7071068 0 0.7071068 7.021155 0
5.2086 SecondCar -50.0313 0.025 2.97 0 90 0 0 0.7071068 0 0.7071068 7.003123 0
5.2090 Head 0 1.6 0.78 345.15 327.8999 0 -0.124191 -0.2741586 -0.03572864 0.9529623
5.2090 FirstCar -17.49057 0.025 2.97 0 90 0 0 0.7071068 0 0.7071068 7.020325 0
5.2090 SecondCar -50.02887 0.025 2.97 0 90 0 0 0.7071068 0 0.7071068 7.002293 0
5.2093 Head 0 1.6 0.78 345.15 327.8999 0 -0.124191 -0.2741586 -0.03572864 0.9529623
5.2093 FirstCar -17.48829 0.025 2.97 0 90 0 0 0.7071068 0 0.7071068 7.019543 0
5.2093 SecondCar -50.02659 0.025 2.97 0 90 0 0 0.7071068 0 0.7071068 7.001511 0
5.2096 Head 0 1.6 0.78 345.15 327.8999 0 -0.124191 -0.2741586 -0.03572864 0.9529623
5.2096 FirstCar -17.48601 0.025 2.97 0 90 0 0 0.7071068 0 0.7071068 7.018764 0
5.2096 SecondCar -50.02432 0.025 2.97 0 90 0 0 0.7071068 0 0.7071068 7.000731 0
5.2100 Head 0 1.6 0.78 345.15 327.8999 0 -0.124191 -0.2741586 -0.03572864 0.9529623
5.2100 FirstCar -17.48307 0.025 2.97 0 90 0 0 0.7071068 0 0.7071068 7.017759 0
5.2100 SecondCar -50.02139 0.025 2.97 0 90 0 0 0.7071068 0 0.7071068 6.999727 0
5.2104 Head 0 1.6 0.78 345.15 327.8999 0 -0.124191 -0.2741586 -0.03572864 0.9529623
5.2104 FirstCar -17.48047 0.025 2.97 0 90 0 0 0.7071068 0 0.7071068 7.016869 0
5.2104 SecondCar -50.0188 0.025 2.97 0 90 0 0 0.7071068 0 0.7071068 6.998837 0
5.2110 Head 0 1.6 0.78 345.15 327.8999 0 -0.124191 -0.2741586 -0.03572864 0.9529623
5.2110 FirstCar -17.47614 0.025 2.97 0 90 0 0 0.7071068 0 0.7071068 7.015389 0
5.2110 SecondCar -50.01448 0.025 2.97 0 90 0 0 0.7071068 0 0.7071068 6.997357 0
5.2114 Head 0 1.6 0.78 345.15 327.8999 0 -0.124191 -0.2741586 -0.03572864 0.9529623
5.2114 FirstCar -17.47341 0.025 2.97 0 90 0 0 0.7071068 0 0.7071068 7.014456 0
5.2114 SecondCar -50.01176 0.025 2.97 0 90 0 0 0.7071068 0 0.7071068 6.996423 0
5.2118 Head 0 1.6 0.78 345.15 327.8999 0 -0.124191 -0.2741586 -0.03572864 0.9529623
5.2118 FirstCar -17.47079 0.025 2.97 0 90 0 0 0.7071068 0 0.7071068 7.013559 0
5.2118 SecondCar -50.00915 0.025 2.97 0 90 0 0 0.7071068 0 0.7071068 6.995526 0
5.2121 Head 0 1.6 0.78 345.15 327.8999 0 -0.124191 -0.2741586 -0.03572864 0.9529623
5.2121 FirstCar -17.4683 0.025 2.97 0 90 0 0 0.7071068 0 0.7071068 7.012707 0
5.2121 SecondCar -50.00666 0.025 2.97 0 90 0 0 0.7071068 0 0.7071068 6.994675 0
5.2125 Head 0 1.6 0.78 345.15 327.8999 0 -0.124191 -0.2741586 -0.03572864 0.9529623
5.2125 FirstCar -17.46562 0.025 2.97 0 90 0 0 0.7071068 0 0.7071068 7.011788 0
5.2125 SecondCar -50.00399 0.025 2.97 0 90 0 0 0.7071068 0 0.7071068 6.993756 0
5.2129 Head 0 1.6 0.78 345.15 327.8999 0 -0.124191 -0.2741586 -0.03572864 0.9529623
5.2129 FirstCar -17.46317 0.025 2.97 0 90 0 0 0.7071068 0 0.7071068 7.010949 0
5.2129 SecondCar -50.00154 0.025 2.97 0 90 0 0 0.7071068 0 0.7071068 6.992916 0
5.2132 Head 0 1.6 0.78 345.15 327.8999 0 -0.124191 -0.2741586 -0.03572864 0.9529623
5.2132 FirstCar -17.46073 0.025 2.97 0 90 0 0 0.7071068 0 0.7071068 7.010114 0
5.2132 SecondCar -49.99911 0.025 2.97 0 90 0 0 0.7071068 0 0.7071068 6.992082 0
5.2136 Head 0 1.6 0.78 345.15 327.8999 0 -0.124191 -0.2741586 -0.03572864 0.9529623
5.2136 FirstCar -17.45829 0.025 2.97 0 90 0 0 0.7071068 0 0.7071068 7.009278 0
5.2136 SecondCar -49.99668 0.025 2.97 0 90 0 0 0.7071068 0 0.7071068 6.991246 0
5.2139 Head 0 1.6 0.78 345.15 327.8999 0 -0.124191 -0.2741586 -0.03572864 0.9529623
5.2139 FirstCar -17.45587 0.025 2.97 0 90 0 0 0.7071068 0 0.7071068 7.00845 0
5.2139 SecondCar -49.99427 0.025 2.97 0 90 0 0 0.7071068 0 0.7071068 6.990417 0
5.2143 Head 0 1.6 0.78 345.15 327.8999 0 -0.124191 -0.2741586 -0.03572864 0.9529623
5.2143 FirstCar -17.45337 0.025 2.97 0 90 0 0 0.7071068 0 0.7071068 7.007596 0
5.2143 SecondCar -49.99178 0.025 2.97 0 90 0 0 0.7071068 0 0.7071068 6.989563 0
5.2147 Head 0 1.6 0.78 345.15 327.8999 0 -0.124191 -0.2741586 -0.03572864 0.9529623
5.2147 FirstCar -17.45037 0.025 2.97 0 90 0 0 0.7071068 0 0.7071068 7.006567 0
5.2147 SecondCar -49.98878 0.025 2.97 0 90 0 0 0.7071068 0 0.7071068 6.988534 0
5.2151 Head 0 1.6 0.78 345.15 327.8999 0 -0.124191 -0.2741586 -0.03572864 0.9529623
5.2151 FirstCar -17.44761 0.025 2.97 0 90 0 0 0.7071068 0 0.7071068 7.005622 0
5.2151 SecondCar -49.98603 0.025 2.97 0 90 0 0 0.7071068 0 0.7071068 6.987589 0
5.2155 Head 0 1.6 0.78 345.15 327.8999 0 -0.124191 -0.2741586 -0.03572864 0.9529623
5.2155 FirstCar -17.44493 0.025 2.97 0 90 0 0 0.7071068 0 0.7071068 7.004702 0
5.2155 SecondCar -49.98336 0.025 2.97 0 90 0 0 0.7071068 0 0.7071068 6.986669 0
5.2158 Head 0 1.6 0.78 345.15 327.8999 0 -0.124191 -0.2741586 -0.03572864 0.9529623
5.2158 FirstCar -17.44248 0.025 2.97 0 90 0 0 0.7071068 0 0.7071068 7.003863 0
5.2158 SecondCar -49.98092 0.025 2.97 0 90 0 0 0.7071068 0 0.7071068 6.98583 0
5.2162 Head 0 1.6 0.78 345.15 327.8999 0 -0.124191 -0.2741586 -0.03572864 0.9529623
5.2162 FirstCar -17.44009 0.025 2.97 0 90 0 0 0.7071068 0 0.7071068 7.003046 0
5.2162 SecondCar -49.97853 0.025 2.97 0 90 0 0 0.7071068 0 0.7071068 6.985013 0
5.2165 Head 0 1.6 0.78 345.15 327.8999 0 -0.124191 -0.2741586 -0.03572864 0.9529623
5.2165 FirstCar -17.43775 0.025 2.97 0 90 0 0 0.7071068 0 0.7071068 7.002242 0
5.2165 SecondCar -49.9762 0.025 2.97 0 90 0 0 0.7071068 0 0.7071068 6.984209 0
5.2168 Head 0 1.6 0.78 345.15 327.8999 0 -0.124191 -0.2741586 -0.03572864 0.9529623
5.2168 FirstCar -17.43542 0.025 2.97 0 90 0 0 0.7071068 0 0.7071068 7.001443 0
5.2168 SecondCar -49.97387 0.025 2.97 0 90 0 0 0.7071068 0 0.7071068 6.98341 0
5.2172 Head 0 1.6 0.78 345.15 327.8999 0 -0.124191 -0.2741586 -0.03572864 0.9529623
5.2172 FirstCar -17.43298 0.025 2.97 0 90 0 0 0.7071068 0 0.7071068 7.000606 0
5.2172 SecondCar -49.97144 0.025 2.97 0 90 0 0 0.7071068 0 0.7071068 6.982573 0
5.2175 Head 0 1.6 0.78 345.15 327.8999 0 -0.124191 -0.2741586 -0.03572864 0.9529623
5.2175 FirstCar -17.43069 0.025 2.97 0 90 0 0 0.7071068 0 0.7071068 6.999821 0
5.2175 SecondCar -49.96915 0.025 2.97 0 90 0 0 0.7071068 0 0.7071068 6.981788 0
5.2178 Head 0 1.6 0.78 345.15 327.8999 0 -0.124191 -0.2741586 -0.03572864 0.9529623
5.2178 FirstCar -17.42828 0.025 2.97 0 90 0 0 0.7071068 0 0.7071068 6.998994 0
5.2178 SecondCar -49.96675 0.025 2.97 0 90 0 0 0.7071068 0 0.7071068 6.980962 0
5.2182 Head 0 1.6 0.78 345.15 327.8999 0 -0.124191 -0.2741586 -0.03572864 0.9529623
5.2182 FirstCar -17.42583 0.025 2.97 0 90 0 0 0.7071068 0 0.7071068 6.998157 0
5.2182 SecondCar -49.96431 0.025 2.97 0 90 0 0 0.7071068 0 0.7071068 6.980124 0
5.2186 Head 0 1.6 0.78 345.15 327.8999 0 -0.124191 -0.2741586 -0.03572864 0.9529623
5.2186 FirstCar -17.42317 0.025 2.97 0 90 0 0 0.7071068 0 0.7071068 6.997243 0
5.2186 SecondCar -49.96166 0.025 2.97 0 90 0 0 0.7071068 0 0.7071068 6.979211 0
5.2189 Head 0 1.6 0.78 345.15 327.8999 0 -0.124191 -0.2741586 -0.03572864 0.9529623
5.2189 FirstCar -17.42057 0.025 2.97 0 90 0 0 0.7071068 0 0.7071068 6.996352 0
5.2189 SecondCar -49.95906 0.025 2.97 0 90 0 0 0.7071068 0 0.7071068 6.978319 0
5.2193 Head 0 1.6 0.78 345.15 327.8999 0 -0.124191 -0.2741586 -0.03572864 0.9529623
5.2193 FirstCar -17.41809 0.025 2.97 0 90 0 0 0.7071068 0 0.7071068 6.995502 0
5.2193 SecondCar -49.95659 0.025 2.97 0 90 0 0 0.7071068 0 0.7071068 6.977469 0
5.2196 Head 0 1.6 0.78 345.15 327.8999 0 -0.124191 -0.2741586 -0.03572864 0.9529623
5.2196 FirstCar -17.41569 0.025 2.97 0 90 0 0 0.7071068 0 0.7071068 6.994677 0
5.2196 SecondCar -49.9542 0.025 2.97 0 90 0 0 0.7071068 0 0.7071068 6.976645 0
5.2200 Head 0 1.6 0.78 345.15 327.8999 0 -0.124191 -0.2741586 -0.03572864 0.9529623
5.2200 FirstCar -17.41313 0.025 2.97 0 90 0 0 0.7071068 0 0.7071068 6.993797 0
5.2200 SecondCar -49.95164 0.025 2.97 0 90 0 0 0.7071068 0 0.7071068 6.975765 0
5.2204 Head 0 1.6 0.78 345.15 327.8999 0 -0.124191 -0.2741586 -0.03572864 0.9529623
5.2204 FirstCar -17.41014 0.025 2.97 0 90 0 0 0.7071068 0 0.7071068 6.992774 0
5.2204 SecondCar -49.94867 0.025 2.97 0 90 0 0 0.7071068 0 0.7071068 6.974741 0
5.2208 Head 0 1.6 0.78 345.15 327.8999 0 -0.124191 -0.2741586 -0.03572864 0.9529623
5.2208 FirstCar -17.40762 0.025 2.97 0 90 0 0 0.7071068 0 0.7071068 6.991909 0
5.2208 SecondCar -49.94615 0.025 2.97 0 90 0 0 0.7071068 0 0.7071068 6.973876 0
5.2212 Head 0 1.6 0.78 345.15 327.8999 0 -0.124191 -0.2741586 -0.03572864 0.9529623
5.2212 FirstCar -17.40509 0.025 2.97 0 90 0 0 0.7071068 0 0.7071068 6.991038 0
5.2212 SecondCar -49.94362 0.025 2.97 0 90 0 0 0.7071068 0 0.7071068 6.973005 0
5.2215 Head 0 1.6 0.78 345.15 327.8999 0 -0.124191 -0.2741586 -0.03572864 0.9529623
5.2215 FirstCar -17.40268 0.025 2.97 0 90 0 0 0.7071068 0 0.7071068 6.990211 0
5.2215 SecondCar -49.94122 0.025 2.97 0 90 0 0 0.7071068 0 0.7071068 6.972178 0
5.2218 Head 0 1.6 0.78 345.15 327.8999 0 -0.124191 -0.2741586 -0.03572864 0.9529623
5.2218 FirstCar -17.4004 0.025 2.97 0 90 0 0 0.7071068 0 0.7071068 6.989427 0
5.2218 SecondCar -49.93895 0.025 2.97 0 90 0 0 0.7071068 0 0.7071068 6.971395 0
5.2222 Head 0 1.6 0.78 345.15 327.8999 0 -0.124191 -0.2741586 -0.03572864 0.9529623
5.2222 FirstCar -17.398 0.025 2.97 0 90 0 0 0.7071068 0 0.7071068 6.988604 0
5.2222 SecondCar -49.93655 0.025 2.97 0 90 0 0 0.7071068 0 0.7071068 6.970571 0
5.2225 Head 0 1.6 0.78 345.15 327.8999 0 -0.124191 -0.2741586 -0.03572864 0.9529623
5.2225 FirstCar -17.39557 0.025 2.97 0 90 0 0 0.7071068 0 0.7071068 6.98777 0
5.2225 SecondCar -49.93414 0.025 2.97 0 90 0 0 0.7071068 0 0.7071068 6.969738 0
5.2229 Head 0 1.6 0.78 345.15 327.8999 0 -0.124191 -0.2741586 -0.03572864 0.9529623
5.2229 FirstCar -17.39317 0.025 2.97 0 90 0 0 0.7071068 0 0.7071068 6.986944 0
5.2229 SecondCar -49.93174 0.025 2.97 0 90 0 0 0.7071068 0 0.7071068 6.968912 0
5.2232 Head 0 1.6 0.78 345.15 327.8999 0 -0.124191 -0.2741586 -0.03572864 0.9529623
5.2232 FirstCar -17.39075 0.025 2.97 0 90 0 0 0.7071068 0 0.7071068 6.986115 0
5.2232 SecondCar -49.92933 0.025 2.97 0 90 0 0 0.7071068 0 0.7071068 6.968082 0
5.2235 Head 0 1.6 0.78 345.15 327.8999 0 -0.124191 -0.2741586 -0.03572864 0.9529623
5.2235 FirstCar -17.3884 0.025 2.97 0 90 0 0 0.7071068 0 0.7071068 6.985307 0
5.2235 SecondCar -49.92698 0.025 2.97 0 90 0 0 0.7071068 0 0.7071068 6.967274 0
5.2239 Head 0 1.6 0.78 345.15 327.8999 0 -0.124191 -0.2741586 -0.03572864 0.9529623
5.2239 FirstCar -17.38604 0.025 2.97 0 90 0 0 0.7071068 0 0.7071068 6.984494 0
5.2239 SecondCar -49.92462 0.025 2.97 0 90 0 0 0.7071068 0 0.7071068 6.966461 0
5.2242 Head 0 1.6 0.78 345.15 327.8999 0 -0.124191 -0.2741586 -0.03572864 0.9529623
5.2242 FirstCar -17.38359 0.025 2.97 0 90 0 0 0.7071068 0 0.7071068 6.983652 0
5.2242 SecondCar -49.92218 0.025 2.97 0 90 0 0 0.7071068 0 0.7071068 6.965619 0
5.2246 Head 0 1.6 0.78 345.15 327.8999 0 -0.124191 -0.2741586 -0.03572864 0.9529623
5.2246 FirstCar -17.38113 0.025 2.97 0 90 0 0 0.7071068 0 0.7071068 6.982808 0
5.2246 SecondCar -49.91973 0.025 2.97 0 90 0 0 0.7071068 0 0.7071068 6.964775 0
5.2249 Head 0 1.6 0.78 345.15 327.8999 0 -0.124191 -0.2741586 -0.03572864 0.9529623
5.2249 FirstCar -17.37867 0.025 2.97 0 90 0 0 0.7071068 0 0.7071068 6.981962 0
5.2249 SecondCar -49.91727 0.025 2.97 0 90 0 0 0.7071068 0 0.7071068 6.96393 0
5.2253 Head 0 1.6 0.78 345.15 327.8999 0 -0.124191 -0.2741586 -0.03572864 0.9529623
5.2253 FirstCar -17.37595 0.025 2.97 0 90 0 0 0.7071068 0 0.7071068 6.981026 0
5.2253 SecondCar -49.91456 0.025 2.97 0 90 0 0 0.7071068 0 0.7071068 6.962993 0
5.2257 Head 0 1.6 0.78 345.15 327.8999 0 -0.124191 -0.2741586 -0.03572864 0.9529623
5.2257 FirstCar -17.3735 0.025 2.97 0 90 0 0 0.7071068 0 0.7071068 6.980184 0
5.2257 SecondCar -49.91212 0.025 2.97 0 90 0 0 0.7071068 0 0.7071068 6.962152 0
5.2260 Head 0 1.6 0.78 345.15 327.8999 0 -0.124191 -0.2741586 -0.03572864 0.9529623
5.2260 FirstCar -17.37112 0.025 2.97 0 90 0 0 0.7071068 0 0.7071068 6.979366 0
5.2260 SecondCar -49.90974 0.025 2.97 0 90 0 0 0.7071068 0 0.7071068 6.961333 0
5.2264 Head 0 1.6 0.78 345.15 327.8999 0 -0.124191 -0.2741586 -0.03572864 0.9529623
5.2264 FirstCar -17.36875 0.025 2.97 0 90 0 0 0.7071068 0 0.7071068 6.97855 0
5.2264 SecondCar -49.90738 0.025 2.97 0 90 0 0 0.7071068 0 0.7071068 6.960518 0
5.2267 Head 0 1.6 0.78 345.15 327.8999 0 -0.124191 -0.2741586 -0.03572864 0.9529623
5.2267 FirstCar -17.36614 0.025 2.97 0 90 0 0 0.7071068 0 0.7071068 6.977653 0
5.2267 SecondCar -49.90477 0.025 2.97 0 90 0 0 0.7071068 0 0.7071068 6.95962 0
5.2271 Head 0 1.6 0.78 345.15 327.8999 0 -0.124191 -0.2741586 -0.03572864 0.9529623
5.2271 FirstCar -17.36381 0.025 2.97 0 90 0 0 0.7071068 0 0.7071068 6.97685 0
5.2271 SecondCar -49.90245 0.025 2.97 0 90 0 0 0.7071068 0 0.7071068 6.958817 0
5.2274 Head 0 1.6 0.78 345.15 327.8999 0 -0.124191 -0.2741586 -0.03572864 0.9529623
5.2274 FirstCar -17.36147 0.025 2.97 0 90 0 0 0.7071068 0 0.7071068 6.976044 0
5.2274 SecondCar -49.90011 0.025 2.97 0 90 0 0 0.7071068 0 0.7071068 6.958012 0
5.2277 Head 0 1.6 0.78 345.15 327.8999 0 -0.124191 -0.2741586 -0.03572864 0.9529623
5.2277 FirstCar -17.35912 0.025 2.97 0 90 0 0 0.7071068 0 0.7071068 6.975236 0
5.2277 SecondCar -49.89777 0.025 2.97 0 90 0 0 0.7071068 0 0.7071068 6.957203 0
5.2281 Head 0 1.6 0.78 345.15 327.8999 0 -0.124191 -0.2741586 -0.03572864 0.9529623
5.2281 FirstCar -17.35683 0.025 2.97 0 90 0 0 0.7071068 0 0.7071068 6.97445 0
5.2281 SecondCar -49.89549 0.025 2.97 0 90 0 0 0.7071068 0 0.7071068 6.956417 0
5.2284 Head 0 1.6 0.78 345.15 327.8999 0 -0.124191 -0.2741586 -0.03572864 0.9529623
5.2284 FirstCar -17.35448 0.025 2.97 0 90 0 0 0.7071068 0 0.7071068 6.97364 0
5.2284 SecondCar -49.89315 0.025 2.97 0 90 0 0 0.7071068 0 0.7071068 6.955608 0
5.2287 Head 0 1.6 0.78 345.15 327.8999 0 -0.124191 -0.2741586 -0.03572864 0.9529623
5.2287 FirstCar -17.3522 0.025 2.97 0 90 0 0 0.7071068 0 0.7071068 6.972856 0
5.2287 SecondCar -49.89087 0.025 2.97 0 90 0 0 0.7071068 0 0.7071068 6.954823 0
5.2291 Head 0 1.6 0.78 345.15 327.8999 0 -0.124191 -0.2741586 -0.03572864 0.9529623
5.2291 FirstCar -17.34983 0.025 2.97 0 90 0 0 0.7071068 0 0.7071068 6.97204 0
5.2291 SecondCar -49.88851 0.025 2.97 0 90 0 0 0.7071068 0 0.7071068 6.954008 0
5.2294 Head 0 1.6 0.78 345.15 327.8999 0 -0.124191 -0.2741586 -0.03572864 0.9529623
5.2294 FirstCar -17.34752 0.025 2.97 0 90 0 0 0.7071068 0 0.7071068 6.971246 0
5.2294 SecondCar -49.88621 0.025 2.97 0 90 0 0 0.7071068 0 0.7071068 6.953214 0
5.2298 Head 0 1.6 0.78 345.15 327.8999 0 -0.124191 -0.2741586 -0.03572864 0.9529623
5.2298 FirstCar -17.34507 0.025 2.97 0 90 0 0 0.7071068 0 0.7071068 6.970403 0
5.2298 SecondCar -49.88377 0.025 2.97 0 90 0 0 0.7071068 0 0.7071068 6.952371 0
5.2301 Head 0 1.6 0.78 345.15 327.8999 0 -0.124191 -0.2741586 -0.03572864 0.9529623
5.2301 FirstCar -17.34239 0.025 2.97 0 90 0 0 0.7071068 0 0.7071068 6.969479 0
5.2301 SecondCar -49.88109 0.025 2.97 0 90 0 0 0.7071068 0 0.7071068 6.951447 0
5.2308 Head 0 1.6 0.78 345.15 327.8999 0 -0.124191 -0.2741586 -0.03572864 0.9529623
5.2308 FirstCar -17.33795 0.025 2.97 0 90 0 0 0.7071068 0 0.7071068 6.96795 0
5.2308 SecondCar -49.87666 0.025 2.97 0 90 0 0 0.7071068 0 0.7071068 6.949918 0
5.2312 Head 0 1.6 0.78 345.15 327.8999 0 -0.124191 -0.2741586 -0.03572864 0.9529623
5.2312 FirstCar -17.33515 0.025 2.97 0 90 0 0 0.7071068 0 0.7071068 6.966985 0
5.2312 SecondCar -49.87386 0.025 2.97 0 90 0 0 0.7071068 0 0.7071068 6.948952 0
5.2315 Head 0 1.6 0.78 345.15 327.8999 0 -0.124191 -0.2741586 -0.03572864 0.9529623
5.2315 FirstCar -17.33259 0.025 2.97 0 90 0 0 0.7071068 0 0.7071068 6.966102 0
5.2315 SecondCar -49.87131 0.025 2.97 0 90 0 0 0.7071068 0 0.7071068 6.94807 0
5.2319 Head 0 1.6 0.78 345.15 327.8999 0 -0.124191 -0.2741586 -0.03572864 0.9529623
5.2319 FirstCar -17.33008 0.025 2.97 0 90 0 0 0.7071068 0 0.7071068 6.965238 0
5.2319 SecondCar -49.8688 0.025 2.97 0 90 0 0 0.7071068 0 0.7071068 6.947206 0
5.2323 Head 0 1.6 0.78 345.15 327.8999 0 -0.124191 -0.2741586 -0.03572864 0.9529623
5.2323 FirstCar -17.32747 0.025 2.97 0 90 0 0 0.7071068 0 0.7071068 6.96434 0
5.2323 SecondCar -49.8662 0.025 2.97 0 90 0 0 0.7071068 0 0.7071068 6.946307 0
5.2326 Head 0 1.6 0.78 345.15 327.8999 0 -0.124191 -0.2741586 -0.03572864 0.9529623
5.2326 FirstCar -17.32508 0.025 2.97 0 90 0 0 0.7071068 0 0.7071068 6.963516 0
5.2326 SecondCar -49.86382 0.025 2.97 0 90 0 0 0.7071068 0 0.7071068 6.945483 0
5.2330 Head 0 1.6 0.78 345.15 327.8999 0 -0.124191 -0.2741586 -0.03572864 0.9529623
5.2330 FirstCar -17.32237 0.025 2.97 0 90 0 0 0.7071068 0 0.7071068 6.962583 0
5.2330 SecondCar -49.86112 0.025 2.97 0 90 0 0 0.7071068 0 0.7071068 6.944551 0
5.2333 Head 0 1.6 0.78 345.15 327.8999 0 -0.124191 -0.2741586 -0.03572864 0.9529623
5.2333 FirstCar -17.32004 0.025 2.97 0 90 0 0 0.7071068 0 0.7071068 6.96178 0
5.2333 SecondCar -49.8588 0.025 2.97 0 90 0 0 0.7071068 0 0.7071068 6.943747 0
5.2338 Head 0 1.6 0.78 345.15 327.8999 0 -0.124191 -0.2741586 -0.03572864 0.9529623
5.2338 FirstCar -17.31715 0.025 2.97 0 90 0 0 0.7071068 0 0.7071068 6.960782 0
5.2338 SecondCar -49.85591 0.025 2.97 0 90 0 0 0.7071068 0 0.7071068 6.942749 0
5.2342 Head 0 1.6 0.78 345.15 327.8999 0 -0.124191 -0.2741586 -0.03572864 0.9529623
5.2342 FirstCar -17.31422 0.025 2.97 0 90 0 0 0.7071068 0 0.7071068 6.959771 0
5.2342 SecondCar -49.85299 0.025 2.97 0 90 0 0 0.7071068 0 0.7071068 6.941739 0
5.2346 Head 0 1.6 0.78 345.15 327.8999 0 -0.124191 -0.2741586 -0.03572864 0.9529623
5.2346 FirstCar -17.31146 0.025 2.97 0 90 0 0 0.7071068 0 0.7071068 6.958819 0
5.2346 SecondCar -49.85023 0.025 2.97 0 90 0 0 0.7071068 0 0.7071068 6.940787 0
5.2350 Head 0 1.6 0.78 345.15 327.8999 0 -0.124191 -0.2741586 -0.03572864 0.9529623
5.2350 FirstCar -17.30874 0.025 2.97 0 90 0 0 0.7071068 0 0.7071068 6.95788 0
5.2350 SecondCar -49.84752 0.025 2.97 0 90 0 0 0.7071068 0 0.7071068 6.939848 0
5.2354 Head 0 1.6 0.78 345.15 327.8999 0 -0.124191 -0.2741586 -0.03572864 0.9529623
5.2354 FirstCar -17.3061 0.025 2.97 0 90 0 0 0.7071068 0 0.7071068 6.956972 0
5.2354 SecondCar -49.84489 0.025 2.97 0 90 0 0 0.7071068 0 0.7071068 6.93894 0
5.2358 Head 0 1.6 0.78 345.15 327.8999 0 -0.124191 -0.2741586 -0.03572864 0.9529623
5.2358 FirstCar -17.30328 0.025 2.97 0 90 0 0 0.7071068 0 0.7071068 6.955998 0
5.2358 SecondCar -49.84208 0.025 2.97 0 90 0 0 0.7071068 0 0.7071068 6.937966 0
5.2361 Head 0 1.6 0.78 345.15 327.8999 0 -0.124191 -0.2741586 -0.03572864 0.9529623
5.2361 FirstCar -17.30073 0.025 2.97 0 90 0 0 0.7071068 0 0.7071068 6.955116 0
5.2361 SecondCar -49.83953 0.025 2.97 0 90 0 0 0.7071068 0 0.7071068 6.937084 0
5.2365 Head 0 1.6 0.78 345.15 327.8999 0 -0.124191 -0.2741586 -0.03572864 0.9529623
5.2365 FirstCar -17.29832 0.025 2.97 0 90 0 0 0.7071068 0 0.7071068 6.954288 0
5.2365 SecondCar -49.83713 0.025 2.97 0 90 0 0 0.7071068 0 0.7071068 6.936255 0
5.2368 Head 0 1.6 0.78 345.15 327.8999 0 -0.124191 -0.2741586 -0.03572864 0.9529623
5.2368 FirstCar -17.29586 0.025 2.97 0 90 0 0 0.7071068 0 0.7071068 6.953436 0
5.2368 SecondCar -49.83467 0.025 2.97 0 90 0 0 0.7071068 0 0.7071068 6.935404 0
5.2372 Head 0 1.6 0.78 345.15 327.8999 0 -0.124191 -0.2741586 -0.03572864 0.9529623
5.2372 FirstCar -17.29353 0.025 2.97 0 90 0 0 0.7071068 0 0.7071068 6.952632 0
5.2372 SecondCar -49.83235 0.025 2.97 0 90 0 0 0.7071068 0 0.7071068 6.934599 0
5.2375 Head 0 1.6 0.78 345.15 327.8999 0 -0.124191 -0.2741586 -0.03572864 0.9529623
5.2375 FirstCar -17.29111 0.025 2.97 0 90 0 0 0.7071068 0 0.7071068 6.951797 0
5.2375 SecondCar -49.82994 0.025 2.97 0 90 0 0 0.7071068 0 0.7071068 6.933765 0
5.2379 Head 0 1.6 0.78 345.15 327.8999 0 -0.124191 -0.2741586 -0.03572864 0.9529623
5.2379 FirstCar -17.28836 0.025 2.97 0 90 0 0 0.7071068 0 0.7071068 6.950847 0
5.2379 SecondCar -49.82719 0.025 2.97 0 90 0 0 0.7071068 0 0.7071068 6.932815 0
5.2382 Head 0 1.6 0.78 345.15 327.8999 0 -0.124191 -0.2741586 -0.03572864 0.9529623
5.2382 FirstCar -17.28598 0.025 2.97 0 90 0 0 0.7071068 0 0.7071068 6.950025 0
5.2382 SecondCar -49.82481 0.025 2.97 0 90 0 0 0.7071068 0 0.7071068 6.931993 0
5.2386 Head 0 1.6 0.78 345.15 327.8999 0 -0.124191 -0.2741586 -0.03572864 0.9529623
5.2386 FirstCar -17.28367 0.025 2.97 0 90 0 0 0.7071068 0 0.7071068 6.949228 0
5.2386 SecondCar -49.82251 0.025 2.97 0 90 0 0 0.7071068 0 0.7071068 6.931196 0
5.2389 Head 0 1.6 0.78 345.15 327.8999 0 -0.124191 -0.2741586 -0.03572864 0.9529623
5.2389 FirstCar -17.2814 0.025 2.97 0 90 0 0 0.7071068 0 0.7071068 6.948443 0
5.2389 SecondCar -49.82025 0.025 2.97 0 90 0 0 0.7071068 0 0.7071068 6.930411 0
5.2392 Head 0 1.6 0.78 345.15 327.8999 0 -0.124191 -0.2741586 -0.03572864 0.9529623
5.2392 FirstCar -17.27906 0.025 2.97 0 90 0 0 0.7071068 0 0.7071068 6.947635 0
5.2392 SecondCar -49.81791 0.025 2.97 0 90 0 0 0.7071068 0 0.7071068 6.929602 0
5.2396 Head 0 1.6 0.78 345.15 327.8999 0 -0.124191 -0.2741586 -0.03572864 0.9529623
5.2396 FirstCar -17.27674 0.025 2.97 0 90 0 0 0.7071068 0 0.7071068 6.946835 0
5.2396 SecondCar -49.8156 0.025 2.97 0 90 0 0 0.7071068 0 0.7071068 6.928802 0
5.2399 Head 0 1.6 0.78 345.15 327.8999 0 -0.124191 -0.2741586 -0.03572864 0.9529623
5.2399 FirstCar -17.27434 0.025 2.97 0 90 0 0 0.7071068 0 0.7071068 6.946005 0
5.2399 SecondCar -49.81321 0.025 2.97 0 90 0 0 0.7071068 0 0.7071068 6.927973 0
5.2403 Head 0 1.6 0.78 345.15 327.8999 0 -0.124191 -0.2741586 -0.03572864 0.9529623
5.2403 FirstCar -17.27188 0.025 2.97 0 90 0 0 0.7071068 0 0.7071068 6.945154 0
5.2403 SecondCar -49.81075 0.025 2.97 0 90 0 0 0.7071068 0 0.7071068 6.927121 0
5.2406 Head 0 1.6 0.78 345.15 327.8999 0 -0.124191 -0.2741586 -0.03572864 0.9529623
5.2406 FirstCar -17.26956 0.025 2.97 0 90 0 0 0.7071068 0 0.7071068 6.944351 0
5.2406 SecondCar -49.80844 0.025 2.97 0 90 0 0 0.7071068 0 0.7071068 6.926319 0
5.2409 Head 0 1.6 0.78 345.15 327.8999 0 -0.124191 -0.2741586 -0.03572864 0.9529623
5.2409 FirstCar -17.26726 0.025 2.97 0 90 0 0 0.7071068 0 0.7071068 6.943557 0
5.2409 SecondCar -49.80614 0.025 2.97 0 90 0 0 0.7071068 0 0.7071068 6.925524 0
5.2413 Head 0 1.6 0.78 345.15 327.8999 0 -0.124191 -0.2741586 -0.03572864 0.9529623
5.2413 FirstCar -17.26494 0.025 2.97 0 90 0 0 0.7071068 0 0.7071068 6.942754 0
5.2413 SecondCar -49.80383 0.025 2.97 0 90 0 0 0.7071068 0 0.7071068 6.924721 0
5.2416 Head 0 1.6 0.78 345.15 327.8999 0 -0.124191 -0.2741586 -0.03572864 0.9529623
5.2416 FirstCar -17.2626 0.025 2.97 0 90 0 0 0.7071068 0 0.7071068 6.941945 0
5.2416 SecondCar -49.80149 0.025 2.97 0 90 0 0 0.7071068 0 0.7071068 6.923912 0
5.2419 Head 0 1.6 0.78 345.15 327.8999 0 -0.124191 -0.2741586 -0.03572864 0.9529623
5.2419 FirstCar -17.26026 0.025 2.97 0 90 0 0 0.7071068 0 0.7071068 6.941138 0
5.2419 SecondCar -49.79917 0.025 2.97 0 90 0 0 0.7071068 0 0.7071068 6.923105 0
5.2423 Head 0 1.6 0.78 345.15 327.8999 0 -0.124191 -0.2741586 -0.03572864 0.9529623
5.2423 FirstCar -17.25781 0.025 2.97 0 90 0 0 0.7071068 0 0.7071068 6.940289 0
5.2423 SecondCar -49.79672 0.025 2.97 0 90 0 0 0.7071068 0 0.7071068 6.922257 0
5.2426 Head 0 1.6 0.78 345.15 327.8999 0 -0.124191 -0.2741586 -0.03572864 0.9529623
5.2426 FirstCar -17.25557 0.025 2.97 0 90 0 0 0.7071068 0 0.7071068 6.939513 0
5.2426 SecondCar -49.79448 0.025 2.97 0 90 0 0 0.7071068 0 0.7071068 6.921481 0
5.2429 Head 0 1.6 0.78 345.15 327.8999 0 -0.124191 -0.2741586 -0.03572864 0.9529623
5.2429 FirstCar -17.25334 0.025 2.97 0 90 0 0 0.7071068 0 0.7071068 6.938742 0
5.2429 SecondCar -49.79226 0.025 2.97 0 90 0 0 0.7071068 0 0.7071068 6.92071 0
5.2433 Head 0 1.6 0.78 345.15 327.8999 0 -0.124191 -0.2741586 -0.03572864 0.9529623
5.2433 FirstCar -17.25108 0.025 2.97 0 90 0 0 0.7071068 0 0.7071068 6.93796 0
5.2433 SecondCar -49.79 0.025 2.97 0 90 0 0 0.7071068 0 0.7071068 6.919928 0
5.2436 Head 0 1.6 0.78 345.15 327.8999 0 -0.124191 -0.2741586 -0.03572864 0.9529623
5.2436 FirstCar -17.24881 0.025 2.97 0 90 0 0 0.7071068 0 0.7071068 6.937174 0
5.2436 SecondCar -49.78774 0.025 2.97 0 90 0 0 0.7071068 0 0.7071068 6.919142 0
5.2439 Head 0 1.6 0.78 345.15 327.8999 0 -0.124191 -0.2741586 -0.03572864 0.9529623
5.2439 FirstCar -17.24647 0.025 2.97 0 90 0 0 0.7071068 0 0.7071068 6.936365 0
5.2439 SecondCar -49.7854 0.025 2.97 0 90 0 0 0.7071068 0 0.7071068 6.918333 0
5.2443 Head 0 1.6 0.78 345.15 327.8999 0 -0.124191 -0.2741586 -0.03572864 0.9529623
5.2443 FirstCar -17.24406 0.025 2.97 0 90 0 0 0.7071068 0 0.7071068 6.935533 0
5.2443 SecondCar -49.783 0.025 2.97 0 90 0 0 0.7071068 0 0.7071068 6.9175 0
5.2447 Head 0 1.6 0.78 345.15 327.8999 0 -0.124191 -0.2741586 -0.03572864 0.9529623
5.2447 FirstCar -17.24151 0.025 2.97 0 90 0 0 0.7071068 0 0.7071068 6.934649 0
5.2447 SecondCar -49.78046 0.025 2.97 0 90 0 0 0.7071068 0 0.7071068 6.916617 0
5.2450 Head 0 1.6 0.78 345.15 327.8999 0 -0.124191 -0.2741586 -0.03572864 0.9529623
5.2450 FirstCar -17.2389 0.025 2.97 0 90 0 0 0.7071068 0 0.7071068 6.933747 0
5.2450 SecondCar -49.77786 0.025 2.97 0 90 0 0 0.7071068 0 0.7071068 6.915715 0
5.2454 Head 0 1.6 0.78 345.15 327.8999 0 -0.124191 -0.2741586 -0.03572864 0.9529623
5.2454 FirstCar -17.2366 0.025 2.97 0 90 0 0 0.7071068 0 0.7071068 6.932948 0
5.2454 SecondCar -49.77556 0.025 2.97 0 90 0 0 0.7071068 0 0.7071068 6.914916 0
5.2457 Head 0 1.6 0.78 345.15 327.8999 0 -0.124191 -0.2741586 -0.03572864 0.9529623
5.2457 FirstCar -17.23431 0.025 2.97 0 90 0 0 0.7071068 0 0.7071068 6.932158 0
5.2457 SecondCar -49.77328 0.025 2.97 0 90 0 0 0.7071068 0 0.7071068 6.914125 0
5.2460 Head 0 1.6 0.78 345.15 327.8999 0 -0.124191 -0.2741586 -0.03572864 0.9529623
5.2460 FirstCar -17.23201 0.025 2.97 0 90 0 0 0.7071068 0 0.7071068 6.931361 0
5.2460 SecondCar -49.77099 0.025 2.97 0 90 0 0 0.7071068 0 0.7071068 6.913328 0
5.2463 Head 0 1.6 0.78 345.15 327.8999 0 -0.124191 -0.2741586 -0.03572864 0.9529623
5.2463 FirstCar -17.22973 0.025 2.97 0 90 0 0 0.7071068 0 0.7071068 6.930572 0
5.2463 SecondCar -49.76871 0.025 2.97 0 90 0 0 0.7071068 0 0.7071068 6.912539 0
5.2467 Head 0 1.6 0.78 345.15 327.8999 0 -0.124191 -0.2741586 -0.03572864 0.9529623
5.2467 FirstCar -17.22748 0.025 2.97 0 90 0 0 0.7071068 0 0.7071068 6.92979 0
5.2467 SecondCar -49.76646 0.025 2.97 0 90 0 0 0.7071068 0 0.7071068 6.911758 0
5.2470 Head 0 1.6 0.78 345.15 327.8999 0 -0.124191 -0.2741586 -0.03572864 0.9529623
5.2470 FirstCar -17.22516 0.025 2.97 0 90 0 0 0.7071068 0 0.7071068 6.928989 0
5.2470 SecondCar -49.76416 0.025 2.97 0 90 0 0 0.7071068 0 0.7071068 6.910956 0
5.2473 Head 0 1.6 0.78 345.15 327.8999 0 -0.124191 -0.2741586 -0.03572864 0.9529623
5.2473 FirstCar -17.2229 0.025 2.97 0 90 0 0 0.7071068 0 0.7071068 6.928205 0
5.2473 SecondCar -49.7619 0.025 2.97 0 90 0 0 0.7071068 0 0.7071068 6.910172 0
5.2477 Head 0 1.6 0.78 345.15 327.8999 0 -0.124191 -0.2741586 -0.03572864 0.9529623
5.2477 FirstCar -17.22053 0.025 2.97 0 90 0 0 0.7071068 0 0.7071068 6.927382 0
5.2477 SecondCar -49.75953 0.025 2.97 0 90 0 0 0.7071068 0 0.7071068 6.90935 0
5.2481 Head 0 1.6 0.78 345.15 327.8999 0 -0.124191 -0.2741586 -0.03572864 0.9529623
5.2481 FirstCar -17.21788 0.025 2.97 0 90 0 0 0.7071068 0 0.7071068 6.926466 0
5.2481 SecondCar -49.75689 0.025 2.97 0 90 0 0 0.7071068 0 0.7071068 6.908433 0
5.2484 Head 0 1.6 0.78 345.15 327.8999 0 -0.124191 -0.2741586 -0.03572864 0.9529623
5.2484 FirstCar -17.21543 0.025 2.97 0 90 0 0 0.7071068 0 0.7071068 6.925616 0
5.2484 SecondCar -49.75444 0.025 2.97 0 90 0 0 0.7071068 0 0.7071068 6.907583 0
5.2488 Head 0 1.6 0.78 345.15 327.8999 0 -0.124191 -0.2741586 -0.03572864 0.9529623
5.2488 FirstCar -17.2131 0.025 2.97 0 90 0 0 0.7071068 0 0.7071068 6.92481 0
5.2488 SecondCar -49.75212 0.025 2.97 0 90 0 0 0.7071068 0 0.7071068 6.906778 0
5.2491 Head 0 1.6 0.78 345.15 327.8999 0 -0.124191 -0.2741586 -0.03572864 0.9529623
5.2491 FirstCar -17.2108 0.025 2.97 0 90 0 0 0.7071068 0 0.7071068 6.92401 0
5.2491 SecondCar -49.74982 0.025 2.97 0 90 0 0 0.7071068 0 0.7071068 6.905978 0
5.2494 Head 0 1.6 0.78 345.15 327.8999 0 -0.124191 -0.2741586 -0.03572864 0.9529623
5.2494 FirstCar -17.20852 0.025 2.97 0 90 0 0 0.7071068 0 0.7071068 6.923221 0
5.2494 SecondCar -49.74754 0.025 2.97 0 90 0 0 0.7071068 0 0.7071068 6.905188 0
5.2498 Head 0 1.6 0.78 345.15 327.8999 0 -0.124191 -0.2741586 -0.03572864 0.9529623
5.2498 FirstCar -17.20605 0.025 2.97 0 90 0 0 0.7071068 0 0.7071068 6.922367 0
5.2498 SecondCar -49.74509 0.025 2.97 0 90 0 0 0.7071068 0 0.7071068 6.904335 0
5.2501 Head 0 1.6 0.78 345.15 327.8999 0 -0.124191 -0.2741586 -0.03572864 0.9529623
5.2501 FirstCar -17.20348 0.025 2.97 0 90 0 0 0.7071068 0 0.7071068 6.921474 0
5.2501 SecondCar -49.74252 0.025 2.97 0 90 0 0 0.7071068 0 0.7071068 6.903442 0
5.2508 Head 0 1.6 0.78 345.15 327.8999 0 -0.124191 -0.2741586 -0.03572864 0.9529623
5.2508 FirstCar -17.19889 0.025 2.97 0 90 0 0 0.7071068 0 0.7071068 6.919883 0
5.2508 SecondCar -49.73794 0.025 2.97 0 90 0 0 0.7071068 0 0.7071068 6.90185 0
5.2512 Head 0 1.6 0.78 345.15 327.8999 0 -0.124191 -0.2741586 -0.03572864 0.9529623
5.2512 FirstCar -17.19609 0.025 2.97 0 90 0 0 0.7071068 0 0.7071068 6.91891 0
5.2512 SecondCar -49.73515 0.025 2.97 0 90 0 0 0.7071068 0 0.7071068 6.900877 0
5.2516 Head 0 1.6 0.78 345.15 327.8999 0 -0.124191 -0.2741586 -0.03572864 0.9529623
5.2516 FirstCar -17.19327 0.025 2.97 0 90 0 0 0.7071068 0 0.7071068 6.917934 0
5.2516 SecondCar -49.73234 0.025 2.97 0 90 0 0 0.7071068 0 0.7071068 6.899902 0
5.2520 Head 0 1.6 0.78 345.15 327.8999 0 -0.124191 -0.2741586 -0.03572864 0.9529623
5.2520 FirstCar -17.19039 0.025 2.97 0 90 0 0 0.7071068 0 0.7071068 6.916934 0
5.2520 SecondCar -49.72947 0.025 2.97 0 90 0 0 0.7071068 0 0.7071068 6.898902 0
5.2524 Head 0 1.6 0.78 345.15 327.8999 0 -0.124191 -0.2741586 -0.03572864 0.9529623
5.2524 FirstCar -17.18775 0.025 2.97 0 90 0 0 0.7071068 0 0.7071068 6.916017 0
5.2524 SecondCar -49.72683 0.025 2.97 0 90 0 0 0.7071068 0 0.7071068 6.897984 0
5.2528 Head 0 1.6 0.78 345.15 327.8999 0 -0.124191 -0.2741586 -0.03572864 0.9529623
5.2528 FirstCar -17.18538 0.025 2.97 0 90 0 0 0.7071068 0 0.7071068 6.915196 0
5.2528 SecondCar -49.72447 0.025 2.97 0 90 0 0 0.7071068 0 0.7071068 6.897164 0
5.2531 Head 0 1.6 0.78 345.15 327.8999 0 -0.124191 -0.2741586 -0.03572864 0.9529623
5.2531 FirstCar -17.18303 0.025 2.97 0 90 0 0 0.7071068 0 0.7071068 6.91438 0
5.2531 SecondCar -49.72213 0.025 2.97 0 90 0 0 0.7071068 0 0.7071068 6.896348 0
5.2535 Head 0 1.6 0.78 345.15 327.8999 0 -0.124191 -0.2741586 -0.03572864 0.9529623
5.2535 FirstCar -17.18058 0.025 2.97 0 90 0 0 0.7071068 0 0.7071068 6.913529 0
5.2535 SecondCar -49.71968 0.025 2.97 0 90 0 0 0.7071068 0 0.7071068 6.895496 0
5.2538 Head 0 1.6 0.78 345.15 327.8999 0 -0.124191 -0.2741586 -0.03572864 0.9529623
5.2538 FirstCar -17.17814 0.025 2.97 0 90 0 0 0.7071068 0 0.7071068 6.912683 0
5.2538 SecondCar -49.71725 0.025 2.97 0 90 0 0 0.7071068 0 0.7071068 6.89465 0
5.2542 Head 0 1.6 0.78 345.15 327.8999 0 -0.124191 -0.2741586 -0.03572864 0.9529623
5.2542 FirstCar -17.17529 0.025 2.97 0 90 0 0 0.7071068 0 0.7071068 6.911694 0
5.2542 SecondCar -49.71441 0.025 2.97 0 90 0 0 0.7071068 0 0.7071068 6.893661 0
5.2547 Head 0 1.6 0.78 345.15 327.8999 0 -0.124191 -0.2741586 -0.03572864 0.9529623
5.2547 FirstCar -17.17219 0.025 2.97 0 90 0 0 0.7071068 0 0.7071068 6.910614 0
5.2547 SecondCar -49.71131 0.025 2.97 0 90 0 0 0.7071068 0 0.7071068 6.892581 0
5.2550 Head 0 1.6 0.78 345.15 327.8999 0 -0.124191 -0.2741586 -0.03572864 0.9529623
5.2550 FirstCar -17.16966 0.025 2.97 0 90 0 0 0.7071068 0 0.7071068 6.909738 0
5.2550 SecondCar -49.70879 0.025 2.97 0 90 0 0 0.7071068 0 0.7071068 6.891705 0
5.2554 Head 0 1.6 0.78 345.15 327.8999 0 -0.124191 -0.2741586 -0.03572864 0.9529623
5.2554 FirstCar -17.16693 0.025 2.97 0 90 0 0 0.7071068 0 0.7071068 6.908788 0
5.2554 SecondCar -49.70607 0.025 2.97 0 90 0 0 0.7071068 0 0.7071068 6.890756 0
5.2558 Head 0 1.6 0.78 345.15 327.8999 0 -0.124191 -0.2741586 -0.03572864 0.9529623
5.2558 FirstCar -17.16445 0.025 2.97 0 90 0 0 0.7071068 0 0.7071068 6.907926 0
5.2558 SecondCar -49.70359 0.025 2.97 0 90 0 0 0.7071068 0 0.7071068 6.889893 0
5.2561 Head 0 1.6 0.78 345.15 327.8999 0 -0.124191 -0.2741586 -0.03572864 0.9529623
5.2561 FirstCar -17.16203 0.025 2.97 0 90 0 0 0.7071068 0 0.7071068 6.907086 0
5.2561 SecondCar -49.70118 0.025 2.97 0 90 0 0 0.7071068 0 0.7071068 6.889054 0
5.2565 Head 0 1.6 0.78 345.15 327.8999 0 -0.124191 -0.2741586 -0.03572864 0.9529623
5.2565 FirstCar -17.15965 0.025 2.97 0 90 0 0 0.7071068 0 0.7071068 6.906258 0
5.2565 SecondCar -49.6988 0.025 2.97 0 90 0 0 0.7071068 0 0.7071068 6.888225 0
5.2569 Head 0 1.6 0.78 345.15 327.8999 0 -0.124191 -0.2741586 -0.03572864 0.9529623
5.2569 FirstCar -17.15702 0.025 2.97 0 90 0 0 0.7071068 0 0.7071068 6.905344 0
5.2569 SecondCar -49.69618 0.025 2.97 0 90 0 0 0.7071068 0 0.7071068 6.887312 0
5.2572 Head 0 1.6 0.78 345.15 327.8999 0 -0.124191 -0.2741586 -0.03572864 0.9529623
5.2572 FirstCar -17.15452 0.025 2.97 0 90 0 0 0.7071068 0 0.7071068 6.904477 0
5.2572 SecondCar -49.69369 0.025 2.97 0 90 0 0 0.7071068 0 0.7071068 6.886444 0
5.2576 Head 0 1.6 0.78 345.15 327.8999 0 -0.124191 -0.2741586 -0.03572864 0.9529623
5.2576 FirstCar -17.15208 0.025 2.97 0 90 0 0 0.7071068 0 0.7071068 6.903626 0
5.2576 SecondCar -49.69125 0.025 2.97 0 90 0 0 0.7071068 0 0.7071068 6.885594 0
5.2580 Head 0 1.6 0.78 345.15 327.8999 0 -0.124191 -0.2741586 -0.03572864 0.9529623
5.2580 FirstCar -17.14944 0.025 2.97 0 90 0 0 0.7071068 0 0.7071068 6.902709 0
5.2580 SecondCar -49.68862 0.025 2.97 0 90 0 0 0.7071068 0 0.7071068 6.884676 0
5.2584 Head 0 1.6 0.78 345.15 327.8999 0 -0.124191 -0.2741586 -0.03572864 0.9529623
5.2584 FirstCar -17.14616 0.025 2.97 0 90 0 0 0.7071068 0 0.7071068 6.901569 0
5.2584 SecondCar -49.68535 0.025 2.97 0 90 0 0 0.7071068 0 0.7071068 6.883536 0
5.2589 Head 0 1.6 0.78 345.15 327.8999 0 -0.124191 -0.2741586 -0.03572864 0.9529623
5.2589 FirstCar -17.14327 0.025 2.97 0 90 0 0 0.7071068 0 0.7071068 6.900563 0
5.2589 SecondCar -49.68246 0.025 2.97 0 90 0 0 0.7071068 0 0.7071068 6.88253 0
5.2592 Head 0 1.6 0.78 345.15 327.8999 0 -0.124191 -0.2741586 -0.03572864 0.9529623
5.2592 FirstCar -17.14069 0.025 2.97 0 90 0 0 0.7071068 0 0.7071068 6.899667 0
5.2592 SecondCar -49.6799 0.025 2.97 0 90 0 0 0.7071068 0 0.7071068 6.881635 0
5.2596 Head 0 1.6 0.78 345.15 327.8999 0 -0.124191 -0.2741586 -0.03572864 0.9529623
5.2596 FirstCar -17.13808 0.025 2.97 0 90 0 0 0.7071068 0 0.7071068 6.898759 0
5.2596 SecondCar -49.6773 0.025 2.97 0 90 0 0 0.7071068 0 0.7071068 6.880727 0
5.2600 Head 0 1.6 0.78 345.15 327.8999 0 -0.124191 -0.2741586 -0.03572864 0.9529623
5.2600 FirstCar -17.13554 0.025 2.97 0 90 0 0 0.7071068 0 0.7071068 6.897874 0
5.2600 SecondCar -49.67476 0.025 2.97 0 90 0 0 0.7071068 0 0.7071068 6.879842 0
5.2603 Head 0 1.6 0.78 345.15 327.8999 0 -0.124191 -0.2741586 -0.03572864 0.9529623
5.2603 FirstCar -17.13301 0.025 2.97 0 90 0 0 0.7071068 0 0.7071068 6.896992 0
5.2603 SecondCar -49.67223 0.025 2.97 0 90 0 0 0.7071068 0 0.7071068 6.87896 0
5.2607 Head 0 1.6 0.78 345.15 327.8999 0 -0.124191 -0.2741586 -0.03572864 0.9529623
5.2607 FirstCar -17.13042 0.025 2.97 0 90 0 0 0.7071068 0 0.7071068 6.896092 0
5.2607 SecondCar -49.66965 0.025 2.97 0 90 0 0 0.7071068 0 0.7071068 6.878059 0
5.2611 Head 0 1.6 0.78 345.15 327.8999 0 -0.124191 -0.2741586 -0.03572864 0.9529623
5.2611 FirstCar -17.12792 0.025 2.97 0 90 0 0 0.7071068 0 0.7071068 6.895222 0
5.2611 SecondCar -49.66716 0.025 2.97 0 90 0 0 0.7071068 0 0.7071068 6.87719 0
5.2614 Head 0 1.6 0.78 345.15 327.8999 0 -0.124191 -0.2741586 -0.03572864 0.9529623
5.2614 FirstCar -17.12556 0.025 2.97 0 90 0 0 0.7071068 0 0.7071068 6.8944 0
5.2614 SecondCar -49.6648 0.025 2.97 0 90 0 0 0.7071068 0 0.7071068 6.876368 0
5.2618 Head 0 1.6 0.78 345.15 327.8999 0 -0.124191 -0.2741586 -0.03572864 0.9529623
5.2618 FirstCar -17.12309 0.025 2.97 0 90 0 0 0.7071068 0 0.7071068 6.893541 0
5.2618 SecondCar -49.66234 0.025 2.97 0 90 0 0 0.7071068 0 0.7071068 6.875508 0
5.2622 Head 0 1.6 0.78 345.15 327.8999 0 -0.124191 -0.2741586 -0.03572864 0.9529623
5.2622 FirstCar -17.12017 0.025 2.97 0 90 0 0 0.7071068 0 0.7071068 6.892525 0
5.2622 SecondCar -49.65943 0.025 2.97 0 90 0 0 0.7071068 0 0.7071068 6.874493 0
5.2625 Head 0 1.6 0.78 345.15 327.8999 0 -0.124191 -0.2741586 -0.03572864 0.9529623
5.2625 FirstCar -17.11783 0.025 2.97 0 90 0 0 0.7071068 0 0.7071068 6.891708 0
5.2625 SecondCar -49.65709 0.025 2.97 0 90 0 0 0.7071068 0 0.7071068 6.873676 0
5.2629 Head 0 1.6 0.78 345.15 327.8999 0 -0.124191 -0.2741586 -0.03572864 0.9529623
5.2629 FirstCar -17.11551 0.025 2.97 0 90 0 0 0.7071068 0 0.7071068 6.890902 0
5.2629 SecondCar -49.65478 0.025 2.97 0 90 0 0 0.7071068 0 0.7071068 6.872869 0
5.2632 Head 0 1.6 0.78 345.15 327.8999 0 -0.124191 -0.2741586 -0.03572864 0.9529623
5.2632 FirstCar -17.11321 0.025 2.97 0 90 0 0 0.7071068 0 0.7071068 6.8901 0
5.2632 SecondCar -49.65248 0.025 2.97 0 90 0 0 0.7071068 0 0.7071068 6.872067 0
5.2635 Head 0 1.6 0.78 345.15 327.8999 0 -0.124191 -0.2741586 -0.03572864 0.9529623
5.2635 FirstCar -17.1109 0.025 2.97 0 90 0 0 0.7071068 0 0.7071068 6.889294 0
5.2635 SecondCar -49.65018 0.025 2.97 0 90 0 0 0.7071068 0 0.7071068 6.871261 0
5.2639 Head 0 1.6 0.78 345.15 327.8999 0 -0.124191 -0.2741586 -0.03572864 0.9529623
5.2639 FirstCar -17.10859 0.025 2.97 0 90 0 0 0.7071068 0 0.7071068 6.88849 0
5.2639 SecondCar -49.64788 0.025 2.97 0 90 0 0 0.7071068 0 0.7071068 6.870458 0
5.2642 Head 0 1.6 0.78 345.15 327.8999 0 -0.124191 -0.2741586 -0.03572864 0.9529623
5.2642 FirstCar -17.10625 0.025 2.97 0 90 0 0 0.7071068 0 0.7071068 6.887674 0
5.2642 SecondCar -49.64554 0.025 2.97 0 90 0 0 0.7071068 0 0.7071068 6.869641 0
5.2646 Head 0 1.6 0.78 345.15 327.8999 0 -0.124191 -0.2741586 -0.03572864 0.9529623
5.2646 FirstCar -17.10397 0.025 2.97 0 90 0 0 0.7071068 0 0.7071068 6.88688 0
5.2646 SecondCar -49.64326 0.025 2.97 0 90 0 0 0.7071068 0 0.7071068 6.868847 0
5.2649 Head 0 1.6 0.78 345.15 327.8999 0 -0.124191 -0.2741586 -0.03572864 0.9529623
5.2649 FirstCar -17.10153 0.025 2.97 0 90 0 0 0.7071068 0 0.7071068 6.886031 0
5.2649 SecondCar -49.64083 0.025 2.97 0 90 0 0 0.7071068 0 0.7071068 6.867998 0
5.2652 Head 0 1.6 0.78 345.15 327.8999 0 -0.124191 -0.2741586 -0.03572864 0.9529623
5.2652 FirstCar -17.09921 0.025 2.97 0 90 0 0 0.7071068 0 0.7071068 6.885222 0
5.2652 SecondCar -49.63852 0.025 2.97 0 90 0 0 0.7071068 0 0.7071068 6.86719 0
5.2656 Head 0 1.6 0.78 345.15 327.8999 0 -0.124191 -0.2741586 -0.03572864 0.9529623
5.2656 FirstCar -17.09681 0.025 2.97 0 90 0 0 0.7071068 0 0.7071068 6.884385 0
5.2656 SecondCar -49.63613 0.025 2.97 0 90 0 0 0.7071068 0 0.7071068 6.866352 0
5.2659 Head 0 1.6 0.78 345.15 327.8999 0 -0.124191 -0.2741586 -0.03572864 0.9529623
5.2659 FirstCar -17.09449 0.025 2.97 0 90 0 0 0.7071068 0 0.7071068 6.883577 0
5.2659 SecondCar -49.63382 0.025 2.97 0 90 0 0 0.7071068 0 0.7071068 6.865545 0
5.2663 Head 0 1.6 0.78 345.15 327.8999 0 -0.124191 -0.2741586 -0.03572864 0.9529623
5.2663 FirstCar -17.09221 0.025 2.97 0 90 0 0 0.7071068 0 0.7071068 6.882782 0
5.2663 SecondCar -49.63155 0.025 2.97 0 90 0 0 0.7071068 0 0.7071068 6.86475 0
5.2666 Head 0 1.6 0.78 345.15 327.8999 0 -0.124191 -0.2741586 -0.03572864 0.9529623
5.2666 FirstCar -17.08997 0.025 2.97 0 90 0 0 0.7071068 0 0.7071068 6.882001 0
5.2666 SecondCar -49.62931 0.025 2.97 0 90 0 0 0.7071068 0 0.7071068 6.863969 0
5.2670 Head 0 1.6 0.78 345.15 327.8999 0 -0.124191 -0.2741586 -0.03572864 0.9529623
5.2670 FirstCar -17.08725 0.025 2.97 0 90 0 0 0.7071068 0 0.7071068 6.881052 0
5.2670 SecondCar -49.62659 0.025 2.97 0 90 0 0 0.7071068 0 0.7071068 6.863019 0
5.2673 Head 0 1.6 0.78 345.15 327.8999 0 -0.124191 -0.2741586 -0.03572864 0.9529623
5.2673 FirstCar -17.08496 0.025 2.97 0 90 0 0 0.7071068 0 0.7071068 6.880251 0
5.2673 SecondCar -49.62431 0.025 2.97 0 90 0 0 0.7071068 0 0.7071068 6.862219 0
5.2677 Head 0 1.6 0.78 345.15 327.8999 0 -0.124191 -0.2741586 -0.03572864 0.9529623
5.2677 FirstCar -17.08248 0.025 2.97 0 90 0 0 0.7071068 0 0.7071068 6.879387 0
5.2677 SecondCar -49.62183 0.025 2.97 0 90 0 0 0.7071068 0 0.7071068 6.861355 0
5.2680 Head 0 1.6 0.78 345.15 327.8999 0 -0.124191 -0.2741586 -0.03572864 0.9529623
5.2680 FirstCar -17.08021 0.025 2.97 0 90 0 0 0.7071068 0 0.7071068 6.878594 0
5.2680 SecondCar -49.61957 0.025 2.97 0 90 0 0 0.7071068 0 0.7071068 6.860562 0
5.2683 Head 0 1.6 0.78 345.15 327.8999 0 -0.124191 -0.2741586 -0.03572864 0.9529623
5.2683 FirstCar -17.07792 0.025 2.97 0 90 0 0 0.7071068 0 0.7071068 6.877796 0
5.2683 SecondCar -49.61729 0.025 2.97 0 90 0 0 0.7071068 0 0.7071068 6.859764 0
5.2687 Head 0 1.6 0.78 345.15 327.8999 0 -0.124191 -0.2741586 -0.03572864 0.9529623
5.2687 FirstCar -17.07568 0.025 2.97 0 90 0 0 0.7071068 0 0.7071068 6.877014 0
5.2687 SecondCar -49.61505 0.025 2.97 0 90 0 0 0.7071068 0 0.7071068 6.858982 0
5.2690 Head 0 1.6 0.78 345.15 327.8999 0 -0.124191 -0.2741586 -0.03572864 0.9529623
5.2690 FirstCar -17.07337 0.025 2.97 0 90 0 0 0.7071068 0 0.7071068 6.876209 0
5.2690 SecondCar -49.61275 0.025 2.97 0 90 0 0 0.7071068 0 0.7071068 6.858176 0
5.2693 Head 0 1.6 0.78 345.15 327.8999 0 -0.124191 -0.2741586 -0.03572864 0.9529623
5.2693 FirstCar -17.07105 0.025 2.97 0 90 0 0 0.7071068 0 0.7071068 6.875398 0
5.2693 SecondCar -49.61043 0.025 2.97 0 90 0 0 0.7071068 0 0.7071068 6.857365 0
5.2697 Head 0 1.6 0.78 345.15 327.8999 0 -0.124191 -0.2741586 -0.03572864 0.9529623
5.2697 FirstCar -17.06879 0.025 2.97 0 90 0 0 0.7071068 0 0.7071068 6.87461 0
5.2697 SecondCar -49.60818 0.025 2.97 0 90 0 0 0.7071068 0 0.7071068 6.856577 0
5.2700 Head 0 1.6 0.78 345.15 327.8999 0 -0.124191 -0.2741586 -0.03572864 0.9529623
5.2700 FirstCar -17.06649 0.025 2.97 0 90 0 0 0.7071068 0 0.7071068 6.873808 0
5.2700 SecondCar -49.60589 0.025 2.97 0 90 0 0 0.7071068 0 0.7071068 6.855776 0
5.2704 Head 0 1.6 0.78 345.15 327.8999 0 -0.124191 -0.2741586 -0.03572864 0.9529623
5.2704 FirstCar -17.06383 0.025 2.97 0 90 0 0 0.7071068 0 0.7071068 6.872878 0
5.2704 SecondCar -49.60323 0.025 2.97 0 90 0 0 0.7071068 0 0.7071068 6.854846 0
5.2711 Head 0 1.6 0.78 345.15 327.8999 0 -0.124191 -0.2741586 -0.03572864 0.9529623
5.2711 FirstCar -17.05925 0.025 2.97 0 90 0 0 0.7071068 0 0.7071068 6.871279 0
5.2711 SecondCar -49.59867 0.025 2.97 0 90 0 0 0.7071068 0 0.7071068 6.853246 0
5.2715 Head 0 1.6 0.78 345.15 327.8999 0 -0.124191 -0.2741586 -0.03572864 0.9529623
5.2715 FirstCar -17.05651 0.025 2.97 0 90 0 0 0.7071068 0 0.7071068 6.870321 0
5.2715 SecondCar -49.59593 0.025 2.97 0 90 0 0 0.7071068 0 0.7071068 6.852289 0
5.2718 Head 0 1.6 0.78 345.15 327.8999 0 -0.124191 -0.2741586 -0.03572864 0.9529623
5.2718 FirstCar -17.05397 0.025 2.97 0 90 0 0 0.7071068 0 0.7071068 6.869433 0
5.2718 SecondCar -49.5934 0.025 2.97 0 90 0 0 0.7071068 0 0.7071068 6.851401 0
5.2722 Head 0 1.6 0.78 345.15 327.8999 0 -0.124191 -0.2741586 -0.03572864 0.9529623
5.2722 FirstCar -17.05154 0.025 2.97 0 90 0 0 0.7071068 0 0.7071068 6.868585 0
5.2722 SecondCar -49.59098 0.025 2.97 0 90 0 0 0.7071068 0 0.7071068 6.850553 0
5.2726 Head 0 1.6 0.78 345.15 327.8999 0 -0.124191 -0.2741586 -0.03572864 0.9529623
5.2726 FirstCar -17.04887 0.025 2.97 0 90 0 0 0.7071068 0 0.7071068 6.867651 0
5.2726 SecondCar -49.58831 0.025 2.97 0 90 0 0 0.7071068 0 0.7071068 6.849618 0
5.2730 Head 0 1.6 0.78 345.15 327.8999 0 -0.124191 -0.2741586 -0.03572864 0.9529623
5.2730 FirstCar -17.04607 0.025 2.97 0 90 0 0 0.7071068 0 0.7071068 6.866674 0
5.2730 SecondCar -49.58552 0.025 2.97 0 90 0 0 0.7071068 0 0.7071068 6.848641 0
5.2734 Head 0 1.6 0.78 345.15 327.8999 0 -0.124191 -0.2741586 -0.03572864 0.9529623
5.2734 FirstCar -17.04348 0.025 2.97 0 90 0 0 0.7071068 0 0.7071068 6.865768 0
5.2734 SecondCar -49.58294 0.025 2.97 0 90 0 0 0.7071068 0 0.7071068 6.847736 0
5.2737 Head 0 1.6 0.78 345.15 327.8999 0 -0.124191 -0.2741586 -0.03572864 0.9529623
5.2737 FirstCar -17.04093 0.025 2.97 0 90 0 0 0.7071068 0 0.7071068 6.864878 0
5.2737 SecondCar -49.5804 0.025 2.97 0 90 0 0 0.7071068 0 0.7071068 6.846845 0
5.2741 Head 0 1.6 0.78 345.15 327.8999 0 -0.124191 -0.2741586 -0.03572864 0.9529623
5.2741 FirstCar -17.03851 0.025 2.97 0 90 0 0 0.7071068 0 0.7071068 6.864031 0
5.2741 SecondCar -49.57798 0.025 2.97 0 90 0 0 0.7071068 0 0.7071068 6.845999 0
5.2744 Head 0 1.6 0.78 345.15 327.8999 0 -0.124191 -0.2741586 -0.03572864 0.9529623
5.2744 FirstCar -17.03605 0.025 2.97 0 90 0 0 0.7071068 0 0.7071068 6.863172 0
5.2744 SecondCar -49.57553 0.025 2.97 0 90 0 0 0.7071068 0 0.7071068 6.84514 0
5.2748 Head 0 1.6 0.78 345.15 327.8999 0 -0.124191 -0.2741586 -0.03572864 0.9529623
5.2748 FirstCar -17.03371 0.025 2.97 0 90 0 0 0.7071068 0 0.7071068 6.862353 0
5.2748 SecondCar -49.57319 0.025 2.97 0 90 0 0 0.7071068 0 0.7071068 6.84432 0
5.2751 Head 0 1.6 0.78 345.15 327.8999 0 -0.124191 -0.2741586 -0.03572864 0.9529623
5.2751 FirstCar -17.03139 0.025 2.97 0 90 0 0 0.7071068 0 0.7071068 6.861539 0
5.2751 SecondCar -49.57087 0.025 2.97 0 90 0 0 0.7071068 0 0.7071068 6.843507 0
5.2754 Head 0 1.6 0.78 345.15 327.8999 0 -0.124191 -0.2741586 -0.03572864 0.9529623
5.2754 FirstCar -17.0291 0.025 2.97 0 90 0 0 0.7071068 0 0.7071068 6.860739 0
5.2754 SecondCar -49.56859 0.025 2.97 0 90 0 0 0.7071068 0 0.7071068 6.842706 0
5.2758 Head 0 1.6 0.78 345.15 327.8999 0 -0.124191 -0.2741586 -0.03572864 0.9529623
5.2758 FirstCar -17.02684 0.025 2.97 0 90 0 0 0.7071068 0 0.7071068 6.859948 0
5.2758 SecondCar -49.56634 0.025 2.97 0 90 0 0 0.7071068 0 0.7071068 6.841915 0
5.2761 Head 0 1.6 0.78 345.15 327.8999 0 -0.124191 -0.2741586 -0.03572864 0.9529623
5.2761 FirstCar -17.02454 0.025 2.97 0 90 0 0 0.7071068 0 0.7071068 6.859145 0
5.2761 SecondCar -49.56405 0.025 2.97 0 90 0 0 0.7071068 0 0.7071068 6.841112 0
5.2765 Head 0 1.6 0.78 345.15 327.8999 0 -0.124191 -0.2741586 -0.03572864 0.9529623
5.2765 FirstCar -17.02196 0.025 2.97 0 90 0 0 0.7071068 0 0.7071068 6.858242 0
5.2765 SecondCar -49.56147 0.025 2.97 0 90 0 0 0.7071068 0 0.7071068 6.840209 0
5.2769 Head 0 1.6 0.78 345.15 327.8999 0 -0.124191 -0.2741586 -0.03572864 0.9529623
5.2769 FirstCar -17.01937 0.025 2.97 0 90 0 0 0.7071068 0 0.7071068 6.857335 0
5.2769 SecondCar -49.55889 0.025 2.97 0 90 0 0 0.7071068 0 0.7071068 6.839303 0
5.2772 Head 0 1.6 0.78 345.15 327.8999 0 -0.124191 -0.2741586 -0.03572864 0.9529623
5.2772 FirstCar -17.01711 0.025 2.97 0 90 0 0 0.7071068 0 0.7071068 6.856545 0
5.2772 SecondCar -49.55664 0.025 2.97 0 90 0 0 0.7071068 0 0.7071068 6.838512 0
5.2775 Head 0 1.6 0.78 345.15 327.8999 0 -0.124191 -0.2741586 -0.03572864 0.9529623
5.2775 FirstCar -17.01488 0.025 2.97 0 90 0 0 0.7071068 0 0.7071068 6.855763 0
5.2775 SecondCar -49.55441 0.025 2.97 0 90 0 0 0.7071068 0 0.7071068 6.83773 0
5.2779 Head 0 1.6 0.78 345.15 327.8999 0 -0.124191 -0.2741586 -0.03572864 0.9529623
5.2779 FirstCar -17.01261 0.025 2.97 0 90 0 0 0.7071068 0 0.7071068 6.854967 0
5.2779 SecondCar -49.55214 0.025 2.97 0 90 0 0 0.7071068 0 0.7071068 6.836934 0
5.2782 Head 0 1.6 0.78 345.15 327.8999 0 -0.124191 -0.2741586 -0.03572864 0.9529623
5.2782 FirstCar -17.01017 0.025 2.97 0 90 0 0 0.7071068 0 0.7071068 6.854112 0
5.2782 SecondCar -49.54971 0.025 2.97 0 90 0 0 0.7071068 0 0.7071068 6.836079 0
5.2786 Head 0 1.6 0.78 345.15 327.8999 0 -0.124191 -0.2741586 -0.03572864 0.9529623
5.2786 FirstCar -17.00775 0.025 2.97 0 90 0 0 0.7071068 0 0.7071068 6.853267 0
5.2786 SecondCar -49.5473 0.025 2.97 0 90 0 0 0.7071068 0 0.7071068 6.835234 0
5.2789 Head 0 1.6 0.78 345.15 327.8999 0 -0.124191 -0.2741586 -0.03572864 0.9529623
5.2789 FirstCar -17.00541 0.025 2.97 0 90 0 0 0.7071068 0 0.7071068 6.852445 0
5.2789 SecondCar -49.54496 0.025 2.97 0 90 0 0 0.7071068 0 0.7071068 6.834412 0
5.2792 Head 0 1.6 0.78 345.15 327.8999 0 -0.124191 -0.2741586 -0.03572864 0.9529623
5.2792 FirstCar -17.0031 0.025 2.97 0 90 0 0 0.7071068 0 0.7071068 6.851637 0
5.2792 SecondCar -49.54266 0.025 2.97 0 90 0 0 0.7071068 0 0.7071068 6.833604 0
5.2796 Head 0 1.6 0.78 345.15 327.8999 0 -0.124191 -0.2741586 -0.03572864 0.9529623
5.2796 FirstCar -17.00077 0.025 2.97 0 90 0 0 0.7071068 0 0.7071068 6.850822 0
5.2796 SecondCar -49.54034 0.025 2.97 0 90 0 0 0.7071068 0 0.7071068 6.83279 0
5.2799 Head 0 1.6 0.78 345.15 327.8999 0 -0.124191 -0.2741586 -0.03572864 0.9529623
5.2799 FirstCar -16.99849 0.025 2.97 0 90 0 0 0.7071068 0 0.7071068 6.850021 0
5.2799 SecondCar -49.53806 0.025 2.97 0 90 0 0 0.7071068 0 0.7071068 6.831989 0
5.2803 Head 0 1.6 0.78 345.15 327.8999 0 -0.124191 -0.2741586 -0.03572864 0.9529623
5.2803 FirstCar -16.99571 0.025 2.97 0 90 0 0 0.7071068 0 0.7071068 6.849048 0
5.2803 SecondCar -49.53529 0.025 2.97 0 90 0 0 0.7071068 0 0.7071068 6.831015 0
5.2807 Head 0 1.6 0.78 345.15 327.8999 0 -0.124191 -0.2741586 -0.03572864 0.9529623
5.2807 FirstCar -16.99324 0.025 2.97 0 90 0 0 0.7071068 0 0.7071068 6.848181 0
5.2807 SecondCar -49.53282 0.025 2.97 0 90 0 0 0.7071068 0 0.7071068 6.830148 0
5.2810 Head 0 1.6 0.78 345.15 327.8999 0 -0.124191 -0.2741586 -0.03572864 0.9529623
5.2810 FirstCar -16.99093 0.025 2.97 0 90 0 0 0.7071068 0 0.7071068 6.847371 0
5.2810 SecondCar -49.53052 0.025 2.97 0 90 0 0 0.7071068 0 0.7071068 6.829339 0
5.2813 Head 0 1.6 0.78 345.15 327.8999 0 -0.124191 -0.2741586 -0.03572864 0.9529623
5.2813 FirstCar -16.98868 0.025 2.97 0 90 0 0 0.7071068 0 0.7071068 6.846584 0
5.2813 SecondCar -49.52828 0.025 2.97 0 90 0 0 0.7071068 0 0.7071068 6.828552 0
5.2817 Head 0 1.6 0.78 345.15 327.8999 0 -0.124191 -0.2741586 -0.03572864 0.9529623
5.2817 FirstCar -16.9862 0.025 2.97 0 90 0 0 0.7071068 0 0.7071068 6.845714 0
5.2817 SecondCar -49.5258 0.025 2.97 0 90 0 0 0.7071068 0 0.7071068 6.827682 0
5.2821 Head 0 1.6 0.78 345.15 327.8999 0 -0.124191 -0.2741586 -0.03572864 0.9529623
5.2821 FirstCar -16.98381 0.025 2.97 0 90 0 0 0.7071068 0 0.7071068 6.844878 0
5.2821 SecondCar -49.52342 0.025 2.97 0 90 0 0 0.7071068 0 0.7071068 6.826845 0
5.2824 Head 0 1.6 0.78 345.15 327.8999 0 -0.124191 -0.2741586 -0.03572864 0.9529623
5.2824 FirstCar -16.98137 0.025 2.97 0 90 0 0 0.7071068 0 0.7071068 6.84402 0
5.2824 SecondCar -49.52098 0.025 2.97 0 90 0 0 0.7071068 0 0.7071068 6.825988 0
5.2828 Head 0 1.6 0.78 345.15 327.8999 0 -0.124191 -0.2741586 -0.03572864 0.9529623
5.2828 FirstCar -16.97882 0.025 2.97 0 90 0 0 0.7071068 0 0.7071068 6.843128 0
5.2828 SecondCar -49.51845 0.025 2.97 0 90 0 0 0.7071068 0 0.7071068 6.825096 0
5.2831 Head 0 1.6 0.78 345.15 327.8999 0 -0.124191 -0.2741586 -0.03572864 0.9529623
5.2831 FirstCar -16.97654 0.025 2.97 0 90 0 0 0.7071068 0 0.7071068 6.842326 0
5.2831 SecondCar -49.51617 0.025 2.97 0 90 0 0 0.7071068 0 0.7071068 6.824294 0
5.2835 Head 0 1.6 0.78 345.15 327.8999 0 -0.124191 -0.2741586 -0.03572864 0.9529623
5.2835 FirstCar -16.97425 0.025 2.97 0 90 0 0 0.7071068 0 0.7071068 6.841523 0
5.2835 SecondCar -49.51388 0.025 2.97 0 90 0 0 0.7071068 0 0.7071068 6.82349 0
5.2838 Head 0 1.6 0.78 345.15 327.8999 0 -0.124191 -0.2741586 -0.03572864 0.9529623
5.2838 FirstCar -16.97193 0.025 2.97 0 90 0 0 0.7071068 0 0.7071068 6.840711 0
5.2838 SecondCar -49.51157 0.025 2.97 0 90 0 0 0.7071068 0 0.7071068 6.822679 0
5.2841 Head 0 1.6 0.78 345.15 327.8999 0 -0.124191 -0.2741586 -0.03572864 0.9529623
5.2841 FirstCar -16.96956 0.025 2.97 0 90 0 0 0.7071068 0 0.7071068 6.839877 0
5.2841 SecondCar -49.5092 0.025 2.97 0 90 0 0 0.7071068 0 0.7071068 6.821845 0
5.2845 Head 0 1.6 0.78 345.15 327.8999 0 -0.124191 -0.2741586 -0.03572864 0.9529623
5.2845 FirstCar -16.96724 0.025 2.97 0 90 0 0 0.7071068 0 0.7071068 6.839063 0
5.2845 SecondCar -49.50689 0.025 2.97 0 90 0 0 0.7071068 0 0.7071068 6.821031 0
5.2848 Head 0 1.6 0.78 345.15 327.8999 0 -0.124191 -0.2741586 -0.03572864 0.9529623
5.2848 FirstCar -16.96493 0.025 2.97 0 90 0 0 0.7071068 0 0.7071068 6.838253 0
5.2848 SecondCar -49.50459 0.025 2.97 0 90 0 0 0.7071068 0 0.7071068 6.82022 0
5.2852 Head 0 1.6 0.78 345.15 327.8999 0 -0.124191 -0.2741586 -0.03572864 0.9529623
5.2852 FirstCar -16.96243 0.025 2.97 0 90 0 0 0.7071068 0 0.7071068 6.837375 0
5.2852 SecondCar -49.50209 0.025 2.97 0 90 0 0 0.7071068 0 0.7071068 6.819342 0
5.2855 Head 0 1.6 0.78 345.15 327.8999 0 -0.124191 -0.2741586 -0.03572864 0.9529623
5.2855 FirstCar -16.96015 0.025 2.97 0 90 0 0 0.7071068 0 0.7071068 6.836576 0
5.2855 SecondCar -49.49982 0.025 2.97 0 90 0 0 0.7071068 0 0.7071068 6.818544 0
5.2858 Head 0 1.6 0.78 345.15 327.8999 0 -0.124191 -0.2741586 -0.03572864 0.9529623
5.2858 FirstCar -16.95793 0.025 2.97 0 90 0 0 0.7071068 0 0.7071068 6.835794 0
5.2858 SecondCar -49.4976 0.025 2.97 0 90 0 0 0.7071068 0 0.7071068 6.817761 0
5.2862 Head 0 1.6 0.78 345.15 327.8999 0 -0.124191 -0.2741586 -0.03572864 0.9529623
5.2862 FirstCar -16.95554 0.025 2.97 0 90 0 0 0.7071068 0 0.7071068 6.834957 0
5.2862 SecondCar -49.49522 0.025 2.97 0 90 0 0 0.7071068 0 0.7071068 6.816925 0
5.2865 Head 0 1.6 0.78 345.15 327.8999 0 -0.124191 -0.2741586 -0.03572864 0.9529623
5.2865 FirstCar -16.95322 0.025 2.97 0 90 0 0 0.7071068 0 0.7071068 6.83414 0
5.2865 SecondCar -49.4929 0.025 2.97 0 90 0 0 0.7071068 0 0.7071068 6.816108 0
5.2869 Head 0 1.6 0.78 345.15 327.8999 0 -0.124191 -0.2741586 -0.03572864 0.9529623
5.2869 FirstCar -16.95049 0.025 2.97 0 90 0 0 0.7071068 0 0.7071068 6.833184 0
5.2869 SecondCar -49.49019 0.025 2.97 0 90 0 0 0.7071068 0 0.7071068 6.815151 0
5.2873 Head 0 1.6 0.78 345.15 327.8999 0 -0.124191 -0.2741586 -0.03572864 0.9529623
5.2873 FirstCar -16.94787 0.025 2.97 0 90 0 0 0.7071068 0 0.7071068 6.832263 0
5.2873 SecondCar -49.48758 0.025 2.97 0 90 0 0 0.7071068 0 0.7071068 6.81423 0
5.2877 Head 0 1.6 0.78 345.15 327.8999 0 -0.124191 -0.2741586 -0.03572864 0.9529623
5.2877 FirstCar -16.94502 0.025 2.97 0 90 0 0 0.7071068 0 0.7071068 6.83126 0
5.2877 SecondCar -49.48473 0.025 2.97 0 90 0 0 0.7071068 0 0.7071068 6.813228 0
5.2881 Head 0 1.6 0.78 345.15 327.8999 0 -0.124191 -0.2741586 -0.03572864 0.9529623
5.2881 FirstCar -16.94251 0.025 2.97 0 90 0 0 0.7071068 0 0.7071068 6.83038 0
5.2881 SecondCar -49.48223 0.025 2.97 0 90 0 0 0.7071068 0 0.7071068 6.812348 0
5.2885 Head 0 1.6 0.78 345.15 327.8999 0 -0.124191 -0.2741586 -0.03572864 0.9529623
5.2885 FirstCar -16.93999 0.025 2.97 0 90 0 0 0.7071068 0 0.7071068 6.829492 0
5.2885 SecondCar -49.47971 0.025 2.97 0 90 0 0 0.7071068 0 0.7071068 6.811459 0
5.2888 Head 0 1.6 0.78 345.15 327.8999 0 -0.124191 -0.2741586 -0.03572864 0.9529623
5.2888 FirstCar -16.93759 0.025 2.97 0 90 0 0 0.7071068 0 0.7071068 6.828649 0
5.2888 SecondCar -49.47732 0.025 2.97 0 90 0 0 0.7071068 0 0.7071068 6.810616 0
5.2892 Head 0 1.6 0.78 345.15 327.8999 0 -0.124191 -0.2741586 -0.03572864 0.9529623
5.2892 FirstCar -16.93465 0.025 2.97 0 90 0 0 0.7071068 0 0.7071068 6.827618 0
5.2892 SecondCar -49.47439 0.025 2.97 0 90 0 0 0.7071068 0 0.7071068 6.809586 0
5.2896 Head 0 1.6 0.78 345.15 327.8999 0 -0.124191 -0.2741586 -0.03572864 0.9529623
5.2896 FirstCar -16.93209 0.025 2.97 0 90 0 0 0.7071068 0 0.7071068 6.826718 0
5.2896 SecondCar -49.47184 0.025 2.97 0 90 0 0 0.7071068 0 0.7071068 6.808685 0
5.2900 Head 0 1.6 0.78 345.15 327.8999 0 -0.124191 -0.2741586 -0.03572864 0.9529623
5.2900 FirstCar -16.92966 0.025 2.97 0 90 0 0 0.7071068 0 0.7071068 6.825864 0
5.2900 SecondCar -49.46941 0.025 2.97 0 90 0 0 0.7071068 0 0.7071068 6.807832 0
5.2904 Head 0 1.6 0.78 345.15 327.8999 0 -0.124191 -0.2741586 -0.03572864 0.9529623
5.2904 FirstCar -16.92683 0.025 2.97 0 90 0 0 0.7071068 0 0.7071068 6.824868 0
5.2904 SecondCar -49.46659 0.025 2.97 0 90 0 0 0.7071068 0 0.7071068 6.806835 0
5.2911 Head 0 1.6 0.78 345.15 327.8999 0 -0.124191 -0.2741586 -0.03572864 0.9529623
5.2911 FirstCar -16.92222 0.025 2.97 0 90 0 0 0.7071068 0 0.7071068 6.823247 0
5.2911 SecondCar -49.46199 0.025 2.97 0 90 0 0 0.7071068 0 0.7071068 6.805214 0
5.2915 Head 0 1.6 0.78 345.15 327.8999 0 -0.124191 -0.2741586 -0.03572864 0.9529623
5.2915 FirstCar -16.91961 0.025 2.97 0 90 0 0 0.7071068 0 0.7071068 6.822327 0
5.2915 SecondCar -49.45938 0.025 2.97 0 90 0 0 0.7071068 0 0.7071068 6.804294 0
5.2919 Head 0 1.6 0.78 345.15 327.8999 0 -0.124191 -0.2741586 -0.03572864 0.9529623
5.2919 FirstCar -16.91687 0.025 2.97 0 90 0 0 0.7071068 0 0.7071068 6.821363 0
5.2919 SecondCar -49.45665 0.025 2.97 0 90 0 0 0.7071068 0 0.7071068 6.80333 0
5.2923 Head 0 1.6 0.78 345.15 327.8999 0 -0.124191 -0.2741586 -0.03572864 0.9529623
5.2923 FirstCar -16.91411 0.025 2.97 0 90 0 0 0.7071068 0 0.7071068 6.820392 0
5.2923 SecondCar -49.4539 0.025 2.97 0 90 0 0 0.7071068 0 0.7071068 6.802359 0
5.2927 Head 0 1.6 0.78 345.15 327.8999 0 -0.124191 -0.2741586 -0.03572864 0.9529623
5.2927 FirstCar -16.91115 0.025 2.97 0 90 0 0 0.7071068 0 0.7071068 6.81935 0
5.2927 SecondCar -49.45094 0.025 2.97 0 90 0 0 0.7071068 0 0.7071068 6.801317 0
5.2931 Head 0 1.6 0.78 345.15 327.8999 0 -0.124191 -0.2741586 -0.03572864 0.9529623
5.2931 FirstCar -16.90863 0.025 2.97 0 90 0 0 0.7071068 0 0.7071068 6.818463 0
5.2931 SecondCar -49.44843 0.025 2.97 0 90 0 0 0.7071068 0 0.7071068 6.80043 0
5.2934 Head 0 1.6 0.78 345.15 327.8999 0 -0.124191 -0.2741586 -0.03572864 0.9529623
5.2934 FirstCar -16.90617 0.025 2.97 0 90 0 0 0.7071068 0 0.7071068 6.817599 0
5.2934 SecondCar -49.44598 0.025 2.97 0 90 0 0 0.7071068 0 0.7071068 6.799566 0
5.2938 Head 0 1.6 0.78 345.15 327.8999 0 -0.124191 -0.2741586 -0.03572864 0.9529623
5.2938 FirstCar -16.90374 0.025 2.97 0 90 0 0 0.7071068 0 0.7071068 6.816743 0
5.2938 SecondCar -49.44355 0.025 2.97 0 90 0 0 0.7071068 0 0.7071068 6.79871 0
5.2941 Head 0 1.6 0.78 345.15 327.8999 0 -0.124191 -0.2741586 -0.03572864 0.9529623
5.2941 FirstCar -16.90134 0.025 2.97 0 90 0 0 0.7071068 0 0.7071068 6.815897 0
5.2941 SecondCar -49.44116 0.025 2.97 0 90 0 0 0.7071068 0 0.7071068 6.797864 0
5.2945 Head 0 1.6 0.78 345.15 327.8999 0 -0.124191 -0.2741586 -0.03572864 0.9529623
5.2945 FirstCar -16.89908 0.025 2.97 0 90 0 0 0.7071068 0 0.7071068 6.815102 0
5.2945 SecondCar -49.43891 0.025 2.97 0 90 0 0 0.7071068 0 0.7071068 6.797069 0
5.2948 Head 0 1.6 0.78 345.15 327.8999 0 -0.124191 -0.2741586 -0.03572864 0.9529623
5.2948 FirstCar -16.89678 0.025 2.97 0 90 0 0 0.7071068 0 0.7071068 6.814289 0
5.2948 SecondCar -49.4366 0.025 2.97 0 90 0 0 0.7071068 0 0.7071068 6.796256 0
5.2951 Head 0 1.6 0.78 345.15 327.8999 0 -0.124191 -0.2741586 -0.03572864 0.9529623
5.2951 FirstCar -16.89455 0.025 2.97 0 90 0 0 0.7071068 0 0.7071068 6.813506 0
5.2951 SecondCar -49.43439 0.025 2.97 0 90 0 0 0.7071068 0 0.7071068 6.795474 0
5.2955 Head 0 1.6 0.78 345.15 327.8999 0 -0.124191 -0.2741586 -0.03572864 0.9529623
5.2955 FirstCar -16.89227 0.025 2.97 0 90 0 0 0.7071068 0 0.7071068 6.812703 0
5.2955 SecondCar -49.43211 0.025 2.97 0 90 0 0 0.7071068 0 0.7071068 6.79467 0
5.2958 Head 0 1.6 0.78 345.15 327.8999 0 -0.124191 -0.2741586 -0.03572864 0.9529623
5.2958 FirstCar -16.89002 0.025 2.97 0 90 0 0 0.7071068 0 0.7071068 6.81191 0
5.2958 SecondCar -49.42987 0.025 2.97 0 90 0 0 0.7071068 0 0.7071068 6.793877 0
5.2961 Head 0 1.6 0.78 345.15 327.8999 0 -0.124191 -0.2741586 -0.03572864 0.9529623
5.2961 FirstCar -16.88769 0.025 2.97 0 90 0 0 0.7071068 0 0.7071068 6.811089 0
5.2961 SecondCar -49.42755 0.025 2.97 0 90 0 0 0.7071068 0 0.7071068 6.793056 0
5.2965 Head 0 1.6 0.78 345.15 327.8999 0 -0.124191 -0.2741586 -0.03572864 0.9529623
5.2965 FirstCar -16.88543 0.025 2.97 0 90 0 0 0.7071068 0 0.7071068 6.810291 0
5.2965 SecondCar -49.42529 0.025 2.97 0 90 0 0 0.7071068 0 0.7071068 6.792258 0
5.2968 Head 0 1.6 0.78 345.15 327.8999 0 -0.124191 -0.2741586 -0.03572864 0.9529623
5.2968 FirstCar -16.88316 0.025 2.97 0 90 0 0 0.7071068 0 0.7071068 6.809489 0
5.2968 SecondCar -49.42302 0.025 2.97 0 90 0 0 0.7071068 0 0.7071068 6.791456 0
5.2971 Head 0 1.6 0.78 345.15 327.8999 0 -0.124191 -0.2741586 -0.03572864 0.9529623
5.2971 FirstCar -16.88088 0.025 2.97 0 90 0 0 0.7071068 0 0.7071068 6.808686 0
5.2971 SecondCar -49.42075 0.025 2.97 0 90 0 0 0.7071068 0 0.7071068 6.790653 0
5.2975 Head 0 1.6 0.78 345.15 327.8999 0 -0.124191 -0.2741586 -0.03572864 0.9529623
5.2975 FirstCar -16.87866 0.025 2.97 0 90 0 0 0.7071068 0 0.7071068 6.807904 0
5.2975 SecondCar -49.41854 0.025 2.97 0 90 0 0 0.7071068 0 0.7071068 6.789871 0
5.2978 Head 0 1.6 0.78 345.15 327.8999 0 -0.124191 -0.2741586 -0.03572864 0.9529623
5.2978 FirstCar -16.87605 0.025 2.97 0 90 0 0 0.7071068 0 0.7071068 6.806984 0
5.2978 SecondCar -49.41594 0.025 2.97 0 90 0 0 0.7071068 0 0.7071068 6.788952 0
5.2982 Head 0 1.6 0.78 345.15 327.8999 0 -0.124191 -0.2741586 -0.03572864 0.9529623
5.2982 FirstCar -16.87373 0.025 2.97 0 90 0 0 0.7071068 0 0.7071068 6.806165 0
5.2982 SecondCar -49.41362 0.025 2.97 0 90 0 0 0.7071068 0 0.7071068 6.788133 0
5.2985 Head 0 1.6 0.78 345.15 327.8999 0 -0.124191 -0.2741586 -0.03572864 0.9529623
5.2985 FirstCar -16.87148 0.025 2.97 0 90 0 0 0.7071068 0 0.7071068 6.80537 0
5.2985 SecondCar -49.41137 0.025 2.97 0 90 0 0 0.7071068 0 0.7071068 6.787338 0
5.2988 Head 0 1.6 0.78 345.15 327.8999 0 -0.124191 -0.2741586 -0.03572864 0.9529623
5.2988 FirstCar -16.86922 0.025 2.97 0 90 0 0 0.7071068 0 0.7071068 6.804575 0
5.2988 SecondCar -49.40912 0.025 2.97 0 90 0 0 0.7071068 0 0.7071068 6.786542 0
5.2992 Head 0 1.6 0.78 345.15 327.8999 0 -0.124191 -0.2741586 -0.03572864 0.9529623
5.2992 FirstCar -16.8668 0.025 2.97 0 90 0 0 0.7071068 0 0.7071068 6.803722 0
5.2992 SecondCar -49.40671 0.025 2.97 0 90 0 0 0.7071068 0 0.7071068 6.785689 0
5.2995 Head 0 1.6 0.78 345.15 327.8999 0 -0.124191 -0.2741586 -0.03572864 0.9529623
5.2995 FirstCar -16.86448 0.025 2.97 0 90 0 0 0.7071068 0 0.7071068 6.802903 0
5.2995 SecondCar -49.4044 0.025 2.97 0 90 0 0 0.7071068 0 0.7071068 6.784871 0
5.2999 Head 0 1.6 0.78 345.15 327.8999 0 -0.124191 -0.2741586 -0.03572864 0.9529623
5.2999 FirstCar -16.86208 0.025 2.97 0 90 0 0 0.7071068 0 0.7071068 6.802058 0
5.2999 SecondCar -49.40201 0.025 2.97 0 90 0 0 0.7071068 0 0.7071068 6.784025 0
5.3003 Head 0 1.6 0.78 345.15 327.8999 0 -0.124191 -0.2741586 -0.03572864 0.9529623
5.3003 FirstCar -16.8595 0.025 2.97 0 90 0 0 0.7071068 0 0.7071068 6.801144 0
5.3003 SecondCar -49.39943 0.025 2.97 0 90 0 0 0.7071068 0 0.7071068 6.783112 0
5.3006 Head 0 1.6 0.78 345.15 327.8999 0 -0.124191 -0.2741586 -0.03572864 0.9529623
5.3006 FirstCar -16.85717 0.025 2.97 0 90 0 0 0.7071068 0 0.7071068 6.800324 0
5.3006 SecondCar -49.39711 0.025 2.97 0 90 0 0 0.7071068 0 0.7071068 6.782291 0
5.3010 Head 0 1.6 0.78 345.15 327.8999 0 -0.124191 -0.2741586 -0.03572864 0.9529623
5.3010 FirstCar -16.85491 0.025 2.97 0 90 0 0 0.7071068 0 0.7071068 6.799525 0
5.3010 SecondCar -49.39485 0.025 2.97 0 90 0 0 0.7071068 0 0.7071068 6.781493 0
5.3013 Head 0 1.6 0.78 345.15 327.8999 0 -0.124191 -0.2741586 -0.03572864 0.9529623
5.3013 FirstCar -16.85263 0.025 2.97 0 90 0 0 0.7071068 0 0.7071068 6.798721 0
5.3013 SecondCar -49.39258 0.025 2.97 0 90 0 0 0.7071068 0 0.7071068 6.780689 0
5.3016 Head 0 1.6 0.78 345.15 327.8999 0 -0.124191 -0.2741586 -0.03572864 0.9529623
5.3016 FirstCar -16.85037 0.025 2.97 0 90 0 0 0.7071068 0 0.7071068 6.797924 0
5.3016 SecondCar -49.39032 0.025 2.97 0 90 0 0 0.7071068 0 0.7071068 6.779891 0
5.3020 Head 0 1.6 0.78 345.15 327.8999 0 -0.124191 -0.2741586 -0.03572864 0.9529623
5.3020 FirstCar -16.84797 0.025 2.97 0 90 0 0 0.7071068 0 0.7071068 6.797074 0
5.3020 SecondCar -49.38792 0.025 2.97 0 90 0 0 0.7071068 0 0.7071068 6.779042 0
5.3023 Head 0 1.6 0.78 345.15 327.8999 0 -0.124191 -0.2741586 -0.03572864 0.9529623
5.3023 FirstCar -16.84559 0.025 2.97 0 90 0 0 0.7071068 0 0.7071068 6.796236 0
5.3023 SecondCar -49.38556 0.025 2.97 0 90 0 0 0.7071068 0 0.7071068 6.778203 0
5.3027 Head 0 1.6 0.78 345.15 327.8999 0 -0.124191 -0.2741586 -0.03572864 0.9529623
5.3027 FirstCar -16.84333 0.025 2.97 0 90 0 0 0.7071068 0 0.7071068 6.795435 0
5.3027 SecondCar -49.3833 0.025 2.97 0 90 0 0 0.7071068 0 0.7071068 6.777403 0
5.3030 Head 0 1.6 0.78 345.15 327.8999 0 -0.124191 -0.2741586 -0.03572864 0.9529623
5.3030 FirstCar -16.84078 0.025 2.97 0 90 0 0 0.7071068 0 0.7071068 6.794535 0
5.3030 SecondCar -49.38076 0.025 2.97 0 90 0 0 0.7071068 0 0.7071068 6.776503 0
5.3034 Head 0 1.6 0.78 345.15 327.8999 0 -0.124191 -0.2741586 -0.03572864 0.9529623
5.3034 FirstCar -16.83847 0.025 2.97 0 90 0 0 0.7071068 0 0.7071068 6.793721 0
5.3034 SecondCar -49.37846 0.025 2.97 0 90 0 0 0.7071068 0 0.7071068 6.775688 0
5.3037 Head 0 1.6 0.78 345.15 327.8999 0 -0.124191 -0.2741586 -0.03572864 0.9529623
5.3037 FirstCar -16.83616 0.025 2.97 0 90 0 0 0.7071068 0 0.7071068 6.792904 0
5.3037 SecondCar -49.37615 0.025 2.97 0 90 0 0 0.7071068 0 0.7071068 6.774871 0
5.3041 Head 0 1.6 0.78 345.15 327.8999 0 -0.124191 -0.2741586 -0.03572864 0.9529623
5.3041 FirstCar -16.83357 0.025 2.97 0 90 0 0 0.7071068 0 0.7071068 6.791987 0
5.3041 SecondCar -49.37356 0.025 2.97 0 90 0 0 0.7071068 0 0.7071068 6.773954 0
5.3045 Head 0 1.6 0.78 345.15 327.8999 0 -0.124191 -0.2741586 -0.03572864 0.9529623
5.3045 FirstCar -16.83108 0.025 2.97 0 90 0 0 0.7071068 0 0.7071068 6.791107 0
5.3045 SecondCar -49.37108 0.025 2.97 0 90 0 0 0.7071068 0 0.7071068 6.773075 0
5.3048 Head 0 1.6 0.78 345.15 327.8999 0 -0.124191 -0.2741586 -0.03572864 0.9529623
5.3048 FirstCar -16.82878 0.025 2.97 0 90 0 0 0.7071068 0 0.7071068 6.790296 0
5.3048 SecondCar -49.36879 0.025 2.97 0 90 0 0 0.7071068 0 0.7071068 6.772264 0
5.3051 Head 0 1.6 0.78 345.15 327.8999 0 -0.124191 -0.2741586 -0.03572864 0.9529623
5.3051 FirstCar -16.82657 0.025 2.97 0 90 0 0 0.7071068 0 0.7071068 6.789515 0
5.3051 SecondCar -49.36659 0.025 2.97 0 90 0 0 0.7071068 0 0.7071068 6.771483 0
5.3055 Head 0 1.6 0.78 345.15 327.8999 0 -0.124191 -0.2741586 -0.03572864 0.9529623
5.3055 FirstCar -16.8243 0.025 2.97 0 90 0 0 0.7071068 0 0.7071068 6.788712 0
5.3055 SecondCar -49.36432 0.025 2.97 0 90 0 0 0.7071068 0 0.7071068 6.770679 0
5.3058 Head 0 1.6 0.78 345.15 327.8999 0 -0.124191 -0.2741586 -0.03572864 0.9529623
5.3058 FirstCar -16.82207 0.025 2.97 0 90 0 0 0.7071068 0 0.7071068 6.787922 0
5.3058 SecondCar -49.36209 0.025 2.97 0 90 0 0 0.7071068 0 0.7071068 6.769889 0
5.3061 Head 0 1.6 0.78 345.15 327.8999 0 -0.124191 -0.2741586 -0.03572864 0.9529623
5.3061 FirstCar -16.81969 0.025 2.97 0 90 0 0 0.7071068 0 0.7071068 6.787081 0
5.3061 SecondCar -49.35972 0.025 2.97 0 90 0 0 0.7071068 0 0.7071068 6.769049 0
5.3065 Head 0 1.6 0.78 345.15 327.8999 0 -0.124191 -0.2741586 -0.03572864 0.9529623
5.3065 FirstCar -16.81733 0.025 2.97 0 90 0 0 0.7071068 0 0.7071068 6.786249 0
5.3065 SecondCar -49.35738 0.025 2.97 0 90 0 0 0.7071068 0 0.7071068 6.768217 0
5.3068 Head 0 1.6 0.78 345.15 327.8999 0 -0.124191 -0.2741586 -0.03572864 0.9529623
5.3068 FirstCar -16.81507 0.025 2.97 0 90 0 0 0.7071068 0 0.7071068 6.78545 0
5.3068 SecondCar -49.35512 0.025 2.97 0 90 0 0 0.7071068 0 0.7071068 6.767417 0
5.3071 Head 0 1.6 0.78 345.15 327.8999 0 -0.124191 -0.2741586 -0.03572864 0.9529623
5.3071 FirstCar -16.81284 0.025 2.97 0 90 0 0 0.7071068 0 0.7071068 6.78466 0
5.3071 SecondCar -49.35289 0.025 2.97 0 90 0 0 0.7071068 0 0.7071068 6.766628 0
5.3075 Head 0 1.6 0.78 345.15 327.8999 0 -0.124191 -0.2741586 -0.03572864 0.9529623
5.3075 FirstCar -16.81041 0.025 2.97 0 90 0 0 0.7071068 0 0.7071068 6.783802 0
5.3075 SecondCar -49.35048 0.025 2.97 0 90 0 0 0.7071068 0 0.7071068 6.765769 0
5.3078 Head 0 1.6 0.78 345.15 327.8999 0 -0.124191 -0.2741586 -0.03572864 0.9529623
5.3078 FirstCar -16.80819 0.025 2.97 0 90 0 0 0.7071068 0 0.7071068 6.783016 0
5.3078 SecondCar -49.34826 0.025 2.97 0 90 0 0 0.7071068 0 0.7071068 6.764983 0
5.3082 Head 0 1.6 0.78 345.15 327.8999 0 -0.124191 -0.2741586 -0.03572864 0.9529623
5.3082 FirstCar -16.80593 0.025 2.97 0 90 0 0 0.7071068 0 0.7071068 6.782214 0
5.3082 SecondCar -49.346 0.025 2.97 0 90 0 0 0.7071068 0 0.7071068 6.764181 0
5.3085 Head 0 1.6 0.78 345.15 327.8999 0 -0.124191 -0.2741586 -0.03572864 0.9529623
5.3085 FirstCar -16.80371 0.025 2.97 0 90 0 0 0.7071068 0 0.7071068 6.781429 0
5.3085 SecondCar -49.34379 0.025 2.97 0 90 0 0 0.7071068 0 0.7071068 6.763396 0
5.3089 Head 0 1.6 0.78 345.15 327.8999 0 -0.124191 -0.2741586 -0.03572864 0.9529623
5.3089 FirstCar -16.80124 0.025 2.97 0 90 0 0 0.7071068 0 0.7071068 6.780557 0
5.3089 SecondCar -49.34133 0.025 2.97 0 90 0 0 0.7071068 0 0.7071068 6.762524 0
5.3093 Head 0 1.6 0.78 345.15 327.8999 0 -0.124191 -0.2741586 -0.03572864 0.9529623
5.3093 FirstCar -16.79832 0.025 2.97 0 90 0 0 0.7071068 0 0.7071068 6.779522 0
5.3093 SecondCar -49.33842 0.025 2.97 0 90 0 0 0.7071068 0 0.7071068 6.761489 0
5.3096 Head 0 1.6 0.78 345.15 327.8999 0 -0.124191 -0.2741586 -0.03572864 0.9529623
5.3096 FirstCar -16.79591 0.025 2.97 0 90 0 0 0.7071068 0 0.7071068 6.77867 0
5.3096 SecondCar -49.33602 0.025 2.97 0 90 0 0 0.7071068 0 0.7071068 6.760638 0
5.3100 Head 0 1.6 0.78 345.15 327.8999 0 -0.124191 -0.2741586 -0.03572864 0.9529623
5.3100 FirstCar -16.79357 0.025 2.97 0 90 0 0 0.7071068 0 0.7071068 6.777839 0
5.3100 SecondCar -49.33368 0.025 2.97 0 90 0 0 0.7071068 0 0.7071068 6.759807 0
5.3104 Head 0 1.6 0.78 345.15 327.8999 0 -0.124191 -0.2741586 -0.03572864 0.9529623
5.3104 FirstCar -16.79073 0.025 2.97 0 90 0 0 0.7071068 0 0.7071068 6.776834 0
5.3104 SecondCar -49.33084 0.025 2.97 0 90 0 0 0.7071068 0 0.7071068 6.758801 0
5.3110 Head 0 1.6 0.78 345.15 327.8999 0 -0.124191 -0.2741586 -0.03572864 0.9529623
5.3110 FirstCar -16.78667 0.025 2.97 0 90 0 0 0.7071068 0 0.7071068 6.775397 0
5.3110 SecondCar -49.3268 0.025 2.97 0 90 0 0 0.7071068 0 0.7071068 6.757365 0
5.3115 Head 0 1.6 0.78 345.15 327.8999 0 -0.124191 -0.2741586 -0.03572864 0.9529623
5.3115 FirstCar -16.78364 0.025 2.97 0 90 0 0 0.7071068 0 0.7071068 6.774322 0
5.3115 SecondCar -49.32377 0.025 2.97 0 90 0 0 0.7071068 0 0.7071068 6.756289 0
5.3118 Head 0 1.6 0.78 345.15 327.8999 0 -0.124191 -0.2741586 -0.03572864 0.9529623
5.3118 FirstCar -16.78098 0.025 2.97 0 90 0 0 0.7071068 0 0.7071068 6.77338 0
5.3118 SecondCar -49.32112 0.025 2.97 0 90 0 0 0.7071068 0 0.7071068 6.755347 0
5.3123 Head 0 1.6 0.78 345.15 327.8999 0 -0.124191 -0.2741586 -0.03572864 0.9529623
5.3123 FirstCar -16.77799 0.025 2.97 0 90 0 0 0.7071068 0 0.7071068 6.77232 0
5.3123 SecondCar -49.31814 0.025 2.97 0 90 0 0 0.7071068 0 0.7071068 6.754288 0
5.3127 Head 0 1.6 0.78 345.15 327.8999 0 -0.124191 -0.2741586 -0.03572864 0.9529623
5.3127 FirstCar -16.77532 0.025 2.97 0 90 0 0 0.7071068 0 0.7071068 6.771376 0
5.3127 SecondCar -49.31548 0.025 2.97 0 90 0 0 0.7071068 0 0.7071068 6.753343 0
5.3130 Head 0 1.6 0.78 345.15 327.8999 0 -0.124191 -0.2741586 -0.03572864 0.9529623
5.3130 FirstCar -16.77295 0.025 2.97 0 90 0 0 0.7071068 0 0.7071068 6.770535 0
5.3130 SecondCar -49.31311 0.025 2.97 0 90 0 0 0.7071068 0 0.7071068 6.752502 0
5.3134 Head 0 1.6 0.78 345.15 327.8999 0 -0.124191 -0.2741586 -0.03572864 0.9529623
5.3134 FirstCar -16.77039 0.025 2.97 0 90 0 0 0.7071068 0 0.7071068 6.769627 0
5.3134 SecondCar -49.31056 0.025 2.97 0 90 0 0 0.7071068 0 0.7071068 6.751594 0
5.3138 Head 0 1.6 0.78 345.15 327.8999 0 -0.124191 -0.2741586 -0.03572864 0.9529623
5.3138 FirstCar -16.76784 0.025 2.97 0 90 0 0 0.7071068 0 0.7071068 6.768723 0
5.3138 SecondCar -49.30802 0.025 2.97 0 90 0 0 0.7071068 0 0.7071068 6.750691 0
5.3141 Head 0 1.6 0.78 345.15 327.8999 0 -0.124191 -0.2741586 -0.03572864 0.9529623
5.3141 FirstCar -16.76548 0.025 2.97 0 90 0 0 0.7071068 0 0.7071068 6.767886 0
5.3141 SecondCar -49.30566 0.025 2.97 0 90 0 0 0.7071068 0 0.7071068 6.749853 0
5.3145 Head 0 1.6 0.78 345.15 327.8999 0 -0.124191 -0.2741586 -0.03572864 0.9529623
5.3145 FirstCar -16.76324 0.025 2.97 0 90 0 0 0.7071068 0 0.7071068 6.76709 0
5.3145 SecondCar -49.30342 0.025 2.97 0 90 0 0 0.7071068 0 0.7071068 6.749058 0
5.3148 Head 0 1.6 0.78 345.15 327.8999 0 -0.124191 -0.2741586 -0.03572864 0.9529623
5.3148 FirstCar -16.76097 0.025 2.97 0 90 0 0 0.7071068 0 0.7071068 6.766286 0
5.3148 SecondCar -49.30116 0.025 2.97 0 90 0 0 0.7071068 0 0.7071068 6.748253 0
5.3151 Head 0 1.6 0.78 345.15 327.8999 0 -0.124191 -0.2741586 -0.03572864 0.9529623
5.3151 FirstCar -16.75869 0.025 2.97 0 90 0 0 0.7071068 0 0.7071068 6.765478 0
5.3151 SecondCar -49.29889 0.025 2.97 0 90 0 0 0.7071068 0 0.7071068 6.747445 0
5.3155 Head 0 1.6 0.78 345.15 327.8999 0 -0.124191 -0.2741586 -0.03572864 0.9529623
5.3155 FirstCar -16.75635 0.025 2.97 0 90 0 0 0.7071068 0 0.7071068 6.764647 0
5.3155 SecondCar -49.29655 0.025 2.97 0 90 0 0 0.7071068 0 0.7071068 6.746615 0
5.3158 Head 0 1.6 0.78 345.15 327.8999 0 -0.124191 -0.2741586 -0.03572864 0.9529623
5.3158 FirstCar -16.75406 0.025 2.97 0 90 0 0 0.7071068 0 0.7071068 6.763834 0
5.3158 SecondCar -49.29427 0.025 2.97 0 90 0 0 0.7071068 0 0.7071068 6.745802 0
5.3162 Head 0 1.6 0.78 345.15 327.8999 0 -0.124191 -0.2741586 -0.03572864 0.9529623
5.3162 FirstCar -16.75173 0.025 2.97 0 90 0 0 0.7071068 0 0.7071068 6.76301 0
5.3162 SecondCar -49.29195 0.025 2.97 0 90 0 0 0.7071068 0 0.7071068 6.744977 0
5.3165 Head 0 1.6 0.78 345.15 327.8999 0 -0.124191 -0.2741586 -0.03572864 0.9529623
5.3165 FirstCar -16.74953 0.025 2.97 0 90 0 0 0.7071068 0 0.7071068 6.762226 0
5.3165 SecondCar -49.28975 0.025 2.97 0 90 0 0 0.7071068 0 0.7071068 6.744193 0
5.3168 Head 0 1.6 0.78 345.15 327.8999 0 -0.124191 -0.2741586 -0.03572864 0.9529623
5.3168 FirstCar -16.74731 0.025 2.97 0 90 0 0 0.7071068 0 0.7071068 6.761439 0
5.3168 SecondCar -49.28754 0.025 2.97 0 90 0 0 0.7071068 0 0.7071068 6.743407 0
5.3172 Head 0 1.6 0.78 345.15 327.8999 0 -0.124191 -0.2741586 -0.03572864 0.9529623
5.3172 FirstCar -16.745 0.025 2.97 0 90 0 0 0.7071068 0 0.7071068 6.760619 0
5.3172 SecondCar -49.28523 0.025 2.97 0 90 0 0 0.7071068 0 0.7071068 6.742587 0
5.3175 Head 0 1.6 0.78 345.15 327.8999 0 -0.124191 -0.2741586 -0.03572864 0.9529623
5.3175 FirstCar -16.74271 0.025 2.97 0 90 0 0 0.7071068 0 0.7071068 6.759807 0
5.3175 SecondCar -49.28295 0.025 2.97 0 90 0 0 0.7071068 0 0.7071068 6.741775 0
5.3178 Head 0 1.6 0.78 345.15 327.8999 0 -0.124191 -0.2741586 -0.03572864 0.9529623
5.3178 FirstCar -16.74049 0.025 2.97 0 90 0 0 0.7071068 0 0.7071068 6.75902 0
5.3178 SecondCar -49.28074 0.025 2.97 0 90 0 0 0.7071068 0 0.7071068 6.740987 0
5.3182 Head 0 1.6 0.78 345.15 327.8999 0 -0.124191 -0.2741586 -0.03572864 0.9529623
5.3182 FirstCar -16.73828 0.025 2.97 0 90 0 0 0.7071068 0 0.7071068 6.758235 0
5.3182 SecondCar -49.27853 0.025 2.97 0 90 0 0 0.7071068 0 0.7071068 6.740202 0
5.3185 Head 0 1.6 0.78 345.15 327.8999 0 -0.124191 -0.2741586 -0.03572864 0.9529623
5.3185 FirstCar -16.73604 0.025 2.97 0 90 0 0 0.7071068 0 0.7071068 6.757437 0
5.3185 SecondCar -49.27629 0.025 2.97 0 90 0 0 0.7071068 0 0.7071068 6.739405 0
5.3188 Head 0 1.6 0.78 345.15 327.8999 0 -0.124191 -0.2741586 -0.03572864 0.9529623
5.3188 FirstCar -16.73368 0.025 2.97 0 90 0 0 0.7071068 0 0.7071068 6.756598 0
5.3188 SecondCar -49.27394 0.025 2.97 0 90 0 0 0.7071068 0 0.7071068 6.738566 0
5.3192 Head 0 1.6 0.78 345.15 327.8999 0 -0.124191 -0.2741586 -0.03572864 0.9529623
5.3192 FirstCar -16.7312 0.025 2.97 0 90 0 0 0.7071068 0 0.7071068 6.755721 0
5.3192 SecondCar -49.27148 0.025 2.97 0 90 0 0 0.7071068 0 0.7071068 6.737689 0
5.3195 Head 0 1.6 0.78 345.15 327.8999 0 -0.124191 -0.2741586 -0.03572864 0.9529623
5.3195 FirstCar -16.72887 0.025 2.97 0 90 0 0 0.7071068 0 0.7071068 6.754892 0
5.3195 SecondCar -49.26915 0.025 2.97 0 90 0 0 0.7071068 0 0.7071068 6.73686 0
5.3199 Head 0 1.6 0.78 345.15 327.8999 0 -0.124191 -0.2741586 -0.03572864 0.9529623
5.3199 FirstCar -16.72666 0.025 2.97 0 90 0 0 0.7071068 0 0.7071068 6.754105 0
5.3199 SecondCar -49.26694 0.025 2.97 0 90 0 0 0.7071068 0 0.7071068 6.736073 0
5.3203 Head 0 1.6 0.78 345.15 327.8999 0 -0.124191 -0.2741586 -0.03572864 0.9529623
5.3203 FirstCar -16.72396 0.025 2.97 0 90 0 0 0.7071068 0 0.7071068 6.753146 0
5.3203 SecondCar -49.26425 0.025 2.97 0 90 0 0 0.7071068 0 0.7071068 6.735114 0
5.3206 Head 0 1.6 0.78 345.15 327.8999 0 -0.124191 -0.2741586 -0.03572864 0.9529623
5.3206 FirstCar -16.72147 0.025 2.97 0 90 0 0 0.7071068 0 0.7071068 6.752263 0
5.3206 SecondCar -49.26177 0.025 2.97 0 90 0 0 0.7071068 0 0.7071068 6.734231 0
5.3210 Head 0 1.6 0.78 345.15 327.8999 0 -0.124191 -0.2741586 -0.03572864 0.9529623
5.3210 FirstCar -16.71886 0.025 2.97 0 90 0 0 0.7071068 0 0.7071068 6.751335 0
5.3210 SecondCar -49.25916 0.025 2.97 0 90 0 0 0.7071068 0 0.7071068 6.733302 0
5.3214 Head 0 1.6 0.78 345.15 327.8999 0 -0.124191 -0.2741586 -0.03572864 0.9529623
5.3214 FirstCar -16.71622 0.025 2.97 0 90 0 0 0.7071068 0 0.7071068 6.750395 0
5.3214 SecondCar -49.25653 0.025 2.97 0 90 0 0 0.7071068 0 0.7071068 6.732362 0
5.3218 Head 0 1.6 0.78 345.15 327.8999 0 -0.124191 -0.2741586 -0.03572864 0.9529623
5.3218 FirstCar -16.7137 0.025 2.97 0 90 0 0 0.7071068 0 0.7071068 6.7495 0
5.3218 SecondCar -49.25402 0.025 2.97 0 90 0 0 0.7071068 0 0.7071068 6.731468 0
5.3221 Head 0 1.6 0.78 345.15 327.8999 0 -0.124191 -0.2741586 -0.03572864 0.9529623
5.3221 FirstCar -16.71141 0.025 2.97 0 90 0 0 0.7071068 0 0.7071068 6.748685 0
5.3221 SecondCar -49.25173 0.025 2.97 0 90 0 0 0.7071068 0 0.7071068 6.730652 0
5.3225 Head 0 1.6 0.78 345.15 327.8999 0 -0.124191 -0.2741586 -0.03572864 0.9529623
5.3225 FirstCar -16.709 0.025 2.97 0 90 0 0 0.7071068 0 0.7071068 6.747828 0
5.3225 SecondCar -49.24933 0.025 2.97 0 90 0 0 0.7071068 0 0.7071068 6.729795 0
5.3228 Head 0 1.6 0.78 345.15 327.8999 0 -0.124191 -0.2741586 -0.03572864 0.9529623
5.3228 FirstCar -16.70667 0.025 2.97 0 90 0 0 0.7071068 0 0.7071068 6.747001 0
5.3228 SecondCar -49.24701 0.025 2.97 0 90 0 0 0.7071068 0 0.7071068 6.728968 0
5.3232 Head 0 1.6 0.78 345.15 327.8999 0 -0.124191 -0.2741586 -0.03572864 0.9529623
5.3232 FirstCar -16.70403 0.025 2.97 0 90 0 0 0.7071068 0 0.7071068 6.74606 0
5.3232 SecondCar -49.24437 0.025 2.97 0 90 0 0 0.7071068 0 0.7071068 6.728028 0
5.3236 Head 0 1.6 0.78 345.15 327.8999 0 -0.124191 -0.2741586 -0.03572864 0.9529623
5.3236 FirstCar -16.70167 0.025 2.97 0 90 0 0 0.7071068 0 0.7071068 6.745222 0
5.3236 SecondCar -49.24202 0.025 2.97 0 90 0 0 0.7071068 0 0.7071068 6.72719 0
5.3239 Head 0 1.6 0.78 345.15 327.8999 0 -0.124191 -0.2741586 -0.03572864 0.9529623
5.3239 FirstCar -16.69942 0.025 2.97 0 90 0 0 0.7071068 0 0.7071068 6.744421 0
5.3239 SecondCar -49.23978 0.025 2.97 0 90 0 0 0.7071068 0 0.7071068 6.726388 0
5.3243 Head 0 1.6 0.78 345.15 327.8999 0 -0.124191 -0.2741586 -0.03572864 0.9529623
5.3243 FirstCar -16.69676 0.025 2.97 0 90 0 0 0.7071068 0 0.7071068 6.743472 0
5.3243 SecondCar -49.23712 0.025 2.97 0 90 0 0 0.7071068 0 0.7071068 6.72544 0
5.3247 Head 0 1.6 0.78 345.15 327.8999 0 -0.124191 -0.2741586 -0.03572864 0.9529623
5.3247 FirstCar -16.69432 0.025 2.97 0 90 0 0 0.7071068 0 0.7071068 6.742605 0
5.3247 SecondCar -49.23469 0.025 2.97 0 90 0 0 0.7071068 0 0.7071068 6.724573 0
5.3250 Head 0 1.6 0.78 345.15 327.8999 0 -0.124191 -0.2741586 -0.03572864 0.9529623
5.3250 FirstCar -16.69199 0.025 2.97 0 90 0 0 0.7071068 0 0.7071068 6.741774 0
5.3250 SecondCar -49.23236 0.025 2.97 0 90 0 0 0.7071068 0 0.7071068 6.723742 0
5.3254 Head 0 1.6 0.78 345.15 327.8999 0 -0.124191 -0.2741586 -0.03572864 0.9529623
5.3254 FirstCar -16.68971 0.025 2.97 0 90 0 0 0.7071068 0 0.7071068 6.740963 0
5.3254 SecondCar -49.23009 0.025 2.97 0 90 0 0 0.7071068 0 0.7071068 6.72293 0
5.3257 Head 0 1.6 0.78 345.15 327.8999 0 -0.124191 -0.2741586 -0.03572864 0.9529623
5.3257 FirstCar -16.68746 0.025 2.97 0 90 0 0 0.7071068 0 0.7071068 6.740161 0
5.3257 SecondCar -49.22784 0.025 2.97 0 90 0 0 0.7071068 0 0.7071068 6.722128 0
5.3260 Head 0 1.6 0.78 345.15 327.8999 0 -0.124191 -0.2741586 -0.03572864 0.9529623
5.3260 FirstCar -16.68519 0.025 2.97 0 90 0 0 0.7071068 0 0.7071068 6.739353 0
5.3260 SecondCar -49.22558 0.025 2.97 0 90 0 0 0.7071068 0 0.7071068 6.721321 0
5.3264 Head 0 1.6 0.78 345.15 327.8999 0 -0.124191 -0.2741586 -0.03572864 0.9529623
5.3264 FirstCar -16.68291 0.025 2.97 0 90 0 0 0.7071068 0 0.7071068 6.738542 0
5.3264 SecondCar -49.2233 0.025 2.97 0 90 0 0 0.7071068 0 0.7071068 6.720509 0
5.3267 Head 0 1.6 0.78 345.15 327.8999 0 -0.124191 -0.2741586 -0.03572864 0.9529623
5.3267 FirstCar -16.68068 0.025 2.97 0 90 0 0 0.7071068 0 0.7071068 6.737747 0
5.3267 SecondCar -49.22108 0.025 2.97 0 90 0 0 0.7071068 0 0.7071068 6.719715 0
5.3270 Head 0 1.6 0.78 345.15 327.8999 0 -0.124191 -0.2741586 -0.03572864 0.9529623
5.3270 FirstCar -16.67839 0.025 2.97 0 90 0 0 0.7071068 0 0.7071068 6.736933 0
5.3270 SecondCar -49.2188 0.025 2.97 0 90 0 0 0.7071068 0 0.7071068 6.7189 0
5.3274 Head 0 1.6 0.78 345.15 327.8999 0 -0.124191 -0.2741586 -0.03572864 0.9529623
5.3274 FirstCar -16.67615 0.025 2.97 0 90 0 0 0.7071068 0 0.7071068 6.736135 0
5.3274 SecondCar -49.21656 0.025 2.97 0 90 0 0 0.7071068 0 0.7071068 6.718102 0
5.3277 Head 0 1.6 0.78 345.15 327.8999 0 -0.124191 -0.2741586 -0.03572864 0.9529623
5.3277 FirstCar -16.67389 0.025 2.97 0 90 0 0 0.7071068 0 0.7071068 6.73533 0
5.3277 SecondCar -49.21431 0.025 2.97 0 90 0 0 0.7071068 0 0.7071068 6.717298 0
5.3280 Head 0 1.6 0.78 345.15 327.8999 0 -0.124191 -0.2741586 -0.03572864 0.9529623
5.3280 FirstCar -16.6717 0.025 2.97 0 90 0 0 0.7071068 0 0.7071068 6.734549 0
5.3280 SecondCar -49.21213 0.025 2.97 0 90 0 0 0.7071068 0 0.7071068 6.716516 0
5.3284 Head 0 1.6 0.78 345.15 327.8999 0 -0.124191 -0.2741586 -0.03572864 0.9529623
5.3284 FirstCar -16.66949 0.025 2.97 0 90 0 0 0.7071068 0 0.7071068 6.73376 0
5.3284 SecondCar -49.20992 0.025 2.97 0 90 0 0 0.7071068 0 0.7071068 6.715727 0
5.3287 Head 0 1.6 0.78 345.15 327.8999 0 -0.124191 -0.2741586 -0.03572864 0.9529623
5.3287 FirstCar -16.66722 0.025 2.97 0 90 0 0 0.7071068 0 0.7071068 6.732951 0
5.3287 SecondCar -49.20766 0.025 2.97 0 90 0 0 0.7071068 0 0.7071068 6.714918 0
5.3290 Head 0 1.6 0.78 345.15 327.8999 0 -0.124191 -0.2741586 -0.03572864 0.9529623
5.3290 FirstCar -16.66489 0.025 2.97 0 90 0 0 0.7071068 0 0.7071068 6.732121 0
5.3290 SecondCar -49.20533 0.025 2.97 0 90 0 0 0.7071068 0 0.7071068 6.714088 0
5.3294 Head 0 1.6 0.78 345.15 327.8999 0 -0.124191 -0.2741586 -0.03572864 0.9529623
5.3294 FirstCar -16.66266 0.025 2.97 0 90 0 0 0.7071068 0 0.7071068 6.731327 0
5.3294 SecondCar -49.20311 0.025 2.97 0 90 0 0 0.7071068 0 0.7071068 6.713294 0
5.3297 Head 0 1.6 0.78 345.15 327.8999 0 -0.124191 -0.2741586 -0.03572864 0.9529623
5.3297 FirstCar -16.66042 0.025 2.97 0 90 0 0 0.7071068 0 0.7071068 6.730527 0
5.3297 SecondCar -49.20088 0.025 2.97 0 90 0 0 0.7071068 0 0.7071068 6.712494 0
5.3300 Head 0 1.6 0.78 345.15 327.8999 0 -0.124191 -0.2741586 -0.03572864 0.9529623
5.3300 FirstCar -16.65818 0.025 2.97 0 90 0 0 0.7071068 0 0.7071068 6.729729 0
5.3300 SecondCar -49.19865 0.025 2.97 0 90 0 0 0.7071068 0 0.7071068 6.711697 0
5.3304 Head 0 1.6 0.78 345.15 327.8999 0 -0.124191 -0.2741586 -0.03572864 0.9529623
5.3304 FirstCar -16.65594 0.025 2.97 0 90 0 0 0.7071068 0 0.7071068 6.72893 0
5.3304 SecondCar -49.19641 0.025 2.97 0 90 0 0 0.7071068 0 0.7071068 6.710897 0
5.3310 Head 0 1.6 0.78 345.15 327.8999 0 -0.124191 -0.2741586 -0.03572864 0.9529623
5.3310 FirstCar -16.65166 0.025 2.97 0 90 0 0 0.7071068 0 0.7071068 6.727401 0
5.3310 SecondCar -49.19213 0.025 2.97 0 90 0 0 0.7071068 0 0.7071068 6.709368 0
5.3314 Head 0 1.6 0.78 345.15 327.8999 0 -0.124191 -0.2741586 -0.03572864 0.9529623
5.3314 FirstCar -16.64911 0.025 2.97 0 90 0 0 0.7071068 0 0.7071068 6.726492 0
5.3314 SecondCar -49.18959 0.025 2.97 0 90 0 0 0.7071068 0 0.7071068 6.708459 0
5.3317 Head 0 1.6 0.78 345.15 327.8999 0 -0.124191 -0.2741586 -0.03572864 0.9529623
5.3317 FirstCar -16.64668 0.025 2.97 0 90 0 0 0.7071068 0 0.7071068 6.725625 0
5.3317 SecondCar -49.18717 0.025 2.97 0 90 0 0 0.7071068 0 0.7071068 6.707592 0
5.3321 Head 0 1.6 0.78 345.15 327.8999 0 -0.124191 -0.2741586 -0.03572864 0.9529623
5.3321 FirstCar -16.64429 0.025 2.97 0 90 0 0 0.7071068 0 0.7071068 6.724772 0
5.3321 SecondCar -49.18479 0.025 2.97 0 90 0 0 0.7071068 0 0.7071068 6.706739 0
5.3325 Head 0 1.6 0.78 345.15 327.8999 0 -0.124191 -0.2741586 -0.03572864 0.9529623
5.3325 FirstCar -16.64145 0.025 2.97 0 90 0 0 0.7071068 0 0.7071068 6.723758 0
5.3325 SecondCar -49.18196 0.025 2.97 0 90 0 0 0.7071068 0 0.7071068 6.705726 0
5.3329 Head 0 1.6 0.78 345.15 327.8999 0 -0.124191 -0.2741586 -0.03572864 0.9529623
5.3329 FirstCar -16.63869 0.025 2.97 0 90 0 0 0.7071068 0 0.7071068 6.722774 0
5.3329 SecondCar -49.17921 0.025 2.97 0 90 0 0 0.7071068 0 0.7071068 6.704741 0
5.3333 Head 0 1.6 0.78 345.15 327.8999 0 -0.124191 -0.2741586 -0.03572864 0.9529623
5.3333 FirstCar -16.6362 0.025 2.97 0 90 0 0 0.7071068 0 0.7071068 6.721884 0
5.3333 SecondCar -49.17672 0.025 2.97 0 90 0 0 0.7071068 0 0.7071068 6.703851 0
5.3337 Head 0 1.6 0.78 345.15 327.8999 0 -0.124191 -0.2741586 -0.03572864 0.9529623
5.3337 FirstCar -16.63351 0.025 2.97 0 90 0 0 0.7071068 0 0.7071068 6.720921 0
5.3337 SecondCar -49.17403 0.025 2.97 0 90 0 0 0.7071068 0 0.7071068 6.702888 0
5.3341 Head 0 1.6 0.78 345.15 327.8999 0 -0.124191 -0.2741586 -0.03572864 0.9529623
5.3341 FirstCar -16.63109 0.025 2.97 0 90 0 0 0.7071068 0 0.7071068 6.720059 0
5.3341 SecondCar -49.17163 0.025 2.97 0 90 0 0 0.7071068 0 0.7071068 6.702026 0
5.3344 Head 0 1.6 0.78 345.15 327.8999 0 -0.124191 -0.2741586 -0.03572864 0.9529623
5.3344 FirstCar -16.62877 0.025 2.97 0 90 0 0 0.7071068 0 0.7071068 6.719227 0
5.3344 SecondCar -49.1693 0.025 2.97 0 90 0 0 0.7071068 0 0.7071068 6.701195 0
5.3347 Head 0 1.6 0.78 345.15 327.8999 0 -0.124191 -0.2741586 -0.03572864 0.9529623
5.3347 FirstCar -16.6265 0.025 2.97 0 90 0 0 0.7071068 0 0.7071068 6.718418 0
5.3347 SecondCar -49.16705 0.025 2.97 0 90 0 0 0.7071068 0 0.7071068 6.700386 0
5.3351 Head 0 1.6 0.78 345.15 327.8999 0 -0.124191 -0.2741586 -0.03572864 0.9529623
5.3351 FirstCar -16.62422 0.025 2.97 0 90 0 0 0.7071068 0 0.7071068 6.717605 0
5.3351 SecondCar -49.16478 0.025 2.97 0 90 0 0 0.7071068 0 0.7071068 6.699572 0
5.3354 Head 0 1.6 0.78 345.15 327.8999 0 -0.124191 -0.2741586 -0.03572864 0.9529623
5.3354 FirstCar -16.62195 0.025 2.97 0 90 0 0 0.7071068 0 0.7071068 6.716794 0
5.3354 SecondCar -49.16251 0.025 2.97 0 90 0 0 0.7071068 0 0.7071068 6.698762 0
5.3358 Head 0 1.6 0.78 345.15 327.8999 0 -0.124191 -0.2741586 -0.03572864 0.9529623
5.3358 FirstCar -16.61974 0.025 2.97 0 90 0 0 0.7071068 0 0.7071068 6.716003 0
5.3358 SecondCar -49.16031 0.025 2.97 0 90 0 0 0.7071068 0 0.7071068 6.697971 0
5.3361 Head 0 1.6 0.78 345.15 327.8999 0 -0.124191 -0.2741586 -0.03572864 0.9529623
5.3361 FirstCar -16.61748 0.025 2.97 0 90 0 0 0.7071068 0 0.7071068 6.715197 0
5.3361 SecondCar -49.15805 0.025 2.97 0 90 0 0 0.7071068 0 0.7071068 6.697165 0
5.3364 Head 0 1.6 0.78 345.15 327.8999 0 -0.124191 -0.2741586 -0.03572864 0.9529623
5.3364 FirstCar -16.61517 0.025 2.97 0 90 0 0 0.7071068 0 0.7071068 6.714372 0
5.3364 SecondCar -49.15575 0.025 2.97 0 90 0 0 0.7071068 0 0.7071068 6.696339 0
5.3368 Head 0 1.6 0.78 345.15 327.8999 0 -0.124191 -0.2741586 -0.03572864 0.9529623
5.3368 FirstCar -16.61298 0.025 2.97 0 90 0 0 0.7071068 0 0.7071068 6.713587 0
5.3368 SecondCar -49.15356 0.025 2.97 0 90 0 0 0.7071068 0 0.7071068 6.695554 0
5.3371 Head 0 1.6 0.78 345.15 327.8999 0 -0.124191 -0.2741586 -0.03572864 0.9529623
5.3371 FirstCar -16.61077 0.025 2.97 0 90 0 0 0.7071068 0 0.7071068 6.712799 0
5.3371 SecondCar -49.15136 0.025 2.97 0 90 0 0 0.7071068 0 0.7071068 6.694766 0
5.3374 Head 0 1.6 0.78 345.15 327.8999 0 -0.124191 -0.2741586 -0.03572864 0.9529623
5.3374 FirstCar -16.6086 0.025 2.97 0 90 0 0 0.7071068 0 0.7071068 6.71202 0
5.3374 SecondCar -49.14919 0.025 2.97 0 90 0 0 0.7071068 0 0.7071068 6.693988 0
5.3377 Head 0 1.6 0.78 345.15 327.8999 0 -0.124191 -0.2741586 -0.03572864 0.9529623
5.3377 FirstCar -16.6064 0.025 2.97 0 90 0 0 0.7071068 0 0.7071068 6.711236 0
5.3377 SecondCar -49.147 0.025 2.97 0 90 0 0 0.7071068 0 0.7071068 6.693203 0
5.3381 Head 0 1.6 0.78 345.15 327.8999 0 -0.124191 -0.2741586 -0.03572864 0.9529623
5.3381 FirstCar -16.60419 0.025 2.97 0 90 0 0 0.7071068 0 0.7071068 6.710444 0
5.3381 SecondCar -49.14479 0.025 2.97 0 90 0 0 0.7071068 0 0.7071068 6.692411 0
5.3384 Head 0 1.6 0.78 345.15 327.8999 0 -0.124191 -0.2741586 -0.03572864 0.9529623
5.3384 FirstCar -16.60201 0.025 2.97 0 90 0 0 0.7071068 0 0.7071068 6.709663 0
5.3384 SecondCar -49.14262 0.025 2.97 0 90 0 0 0.7071068 0 0.7071068 6.691631 0
5.3387 Head 0 1.6 0.78 345.15 327.8999 0 -0.124191 -0.2741586 -0.03572864 0.9529623
5.3387 FirstCar -16.59979 0.025 2.97 0 90 0 0 0.7071068 0 0.7071068 6.708871 0
5.3387 SecondCar -49.14041 0.025 2.97 0 90 0 0 0.7071068 0 0.7071068 6.690839 0
5.3391 Head 0 1.6 0.78 345.15 327.8999 0 -0.124191 -0.2741586 -0.03572864 0.9529623
5.3391 FirstCar -16.59742 0.025 2.97 0 90 0 0 0.7071068 0 0.7071068 6.708023 0
5.3391 SecondCar -49.13804 0.025 2.97 0 90 0 0 0.7071068 0 0.7071068 6.689991 0
5.3394 Head 0 1.6 0.78 345.15 327.8999 0 -0.124191 -0.2741586 -0.03572864 0.9529623
5.3394 FirstCar -16.59519 0.025 2.97 0 90 0 0 0.7071068 0 0.7071068 6.707223 0
5.3394 SecondCar -49.13581 0.025 2.97 0 90 0 0 0.7071068 0 0.7071068 6.68919 0
5.3397 Head 0 1.6 0.78 345.15 327.8999 0 -0.124191 -0.2741586 -0.03572864 0.9529623
5.3397 FirstCar -16.59298 0.025 2.97 0 90 0 0 0.7071068 0 0.7071068 6.706433 0
5.3397 SecondCar -49.13361 0.025 2.97 0 90 0 0 0.7071068 0 0.7071068 6.6884 0
5.3401 Head 0 1.6 0.78 345.15 327.8999 0 -0.124191 -0.2741586 -0.03572864 0.9529623
5.3401 FirstCar -16.59063 0.025 2.97 0 90 0 0 0.7071068 0 0.7071068 6.705592 0
5.3401 SecondCar -49.13127 0.025 2.97 0 90 0 0 0.7071068 0 0.7071068 6.687559 0
5.3405 Head 0 1.6 0.78 345.15 327.8999 0 -0.124191 -0.2741586 -0.03572864 0.9529623
5.3405 FirstCar -16.58811 0.025 2.97 0 90 0 0 0.7071068 0 0.7071068 6.70469 0
5.3405 SecondCar -49.12875 0.025 2.97 0 90 0 0 0.7071068 0 0.7071068 6.686657 0
5.3408 Head 0 1.6 0.78 345.15 327.8999 0 -0.124191 -0.2741586 -0.03572864 0.9529623
5.3408 FirstCar -16.58575 0.025 2.97 0 90 0 0 0.7071068 0 0.7071068 6.703845 0
5.3408 SecondCar -49.1264 0.025 2.97 0 90 0 0 0.7071068 0 0.7071068 6.685812 0
5.3412 Head 0 1.6 0.78 345.15 327.8999 0 -0.124191 -0.2741586 -0.03572864 0.9529623
5.3412 FirstCar -16.58345 0.025 2.97 0 90 0 0 0.7071068 0 0.7071068 6.703024 0
5.3412 SecondCar -49.12411 0.025 2.97 0 90 0 0 0.7071068 0 0.7071068 6.684992 0
5.3415 Head 0 1.6 0.78 345.15 327.8999 0 -0.124191 -0.2741586 -0.03572864 0.9529623
5.3415 FirstCar -16.58121 0.025 2.97 0 90 0 0 0.7071068 0 0.7071068 6.702222 0
5.3415 SecondCar -49.12188 0.025 2.97 0 90 0 0 0.7071068 0 0.7071068 6.684189 0
5.3418 Head 0 1.6 0.78 345.15 327.8999 0 -0.124191 -0.2741586 -0.03572864 0.9529623
5.3418 FirstCar -16.57902 0.025 2.97 0 90 0 0 0.7071068 0 0.7071068 6.701437 0
5.3418 SecondCar -49.11969 0.025 2.97 0 90 0 0 0.7071068 0 0.7071068 6.683405 0
5.3422 Head 0 1.6 0.78 345.15 327.8999 0 -0.124191 -0.2741586 -0.03572864 0.9529623
5.3422 FirstCar -16.57672 0.025 2.97 0 90 0 0 0.7071068 0 0.7071068 6.700613 0
5.3422 SecondCar -49.1174 0.025 2.97 0 90 0 0 0.7071068 0 0.7071068 6.682581 0
5.3425 Head 0 1.6 0.78 345.15 327.8999 0 -0.124191 -0.2741586 -0.03572864 0.9529623
5.3425 FirstCar -16.57435 0.025 2.97 0 90 0 0 0.7071068 0 0.7071068 6.699765 0
5.3425 SecondCar -49.11503 0.025 2.97 0 90 0 0 0.7071068 0 0.7071068 6.681732 0
5.3429 Head 0 1.6 0.78 345.15 327.8999 0 -0.124191 -0.2741586 -0.03572864 0.9529623
5.3429 FirstCar -16.57192 0.025 2.97 0 90 0 0 0.7071068 0 0.7071068 6.698893 0
5.3429 SecondCar -49.11261 0.025 2.97 0 90 0 0 0.7071068 0 0.7071068 6.68086 0
5.3432 Head 0 1.6 0.78 345.15 327.8999 0 -0.124191 -0.2741586 -0.03572864 0.9529623
5.3432 FirstCar -16.56967 0.025 2.97 0 90 0 0 0.7071068 0 0.7071068 6.698084 0
5.3432 SecondCar -49.11036 0.025 2.97 0 90 0 0 0.7071068 0 0.7071068 6.680052 0
5.3436 Head 0 1.6 0.78 345.15 327.8999 0 -0.124191 -0.2741586 -0.03572864 0.9529623
5.3436 FirstCar -16.56743 0.025 2.97 0 90 0 0 0.7071068 0 0.7071068 6.697282 0
5.3436 SecondCar -49.10812 0.025 2.97 0 90 0 0 0.7071068 0 0.7071068 6.67925 0
5.3439 Head 0 1.6 0.78 345.15 327.8999 0 -0.124191 -0.2741586 -0.03572864 0.9529623
5.3439 FirstCar -16.56524 0.025 2.97 0 90 0 0 0.7071068 0 0.7071068 6.696496 0
5.3439 SecondCar -49.10594 0.025 2.97 0 90 0 0 0.7071068 0 0.7071068 6.678464 0
5.3442 Head 0 1.6 0.78 345.15 327.8999 0 -0.124191 -0.2741586 -0.03572864 0.9529623
5.3442 FirstCar -16.56301 0.025 2.97 0 90 0 0 0.7071068 0 0.7071068 6.6957 0
5.3442 SecondCar -49.10372 0.025 2.97 0 90 0 0 0.7071068 0 0.7071068 6.677667 0
5.3445 Head 0 1.6 0.78 345.15 327.8999 0 -0.124191 -0.2741586 -0.03572864 0.9529623
5.3445 FirstCar -16.56078 0.025 2.97 0 90 0 0 0.7071068 0 0.7071068 6.694898 0
5.3445 SecondCar -49.10149 0.025 2.97 0 90 0 0 0.7071068 0 0.7071068 6.676865 0
5.3449 Head 0 1.6 0.78 345.15 327.8999 0 -0.124191 -0.2741586 -0.03572864 0.9529623
5.3449 FirstCar -16.55854 0.025 2.97 0 90 0 0 0.7071068 0 0.7071068 6.694097 0
5.3449 SecondCar -49.09926 0.025 2.97 0 90 0 0 0.7071068 0 0.7071068 6.676064 0
5.3452 Head 0 1.6 0.78 345.15 327.8999 0 -0.124191 -0.2741586 -0.03572864 0.9529623
5.3452 FirstCar -16.55636 0.025 2.97 0 90 0 0 0.7071068 0 0.7071068 6.693316 0
5.3452 SecondCar -49.09709 0.025 2.97 0 90 0 0 0.7071068 0 0.7071068 6.675284 0
5.3455 Head 0 1.6 0.78 345.15 327.8999 0 -0.124191 -0.2741586 -0.03572864 0.9529623
5.3455 FirstCar -16.55414 0.025 2.97 0 90 0 0 0.7071068 0 0.7071068 6.69252 0
5.3455 SecondCar -49.09488 0.025 2.97 0 90 0 0 0.7071068 0 0.7071068 6.674487 0
5.3459 Head 0 1.6 0.78 345.15 327.8999 0 -0.124191 -0.2741586 -0.03572864 0.9529623
5.3459 FirstCar -16.55188 0.025 2.97 0 90 0 0 0.7071068 0 0.7071068 6.691708 0
5.3459 SecondCar -49.09262 0.025 2.97 0 90 0 0 0.7071068 0 0.7071068 6.673675 0
5.3462 Head 0 1.6 0.78 345.15 327.8999 0 -0.124191 -0.2741586 -0.03572864 0.9529623
5.3462 FirstCar -16.54962 0.025 2.97 0 90 0 0 0.7071068 0 0.7071068 6.690898 0
5.3462 SecondCar -49.09037 0.025 2.97 0 90 0 0 0.7071068 0 0.7071068 6.672865 0
5.3465 Head 0 1.6 0.78 345.15 327.8999 0 -0.124191 -0.2741586 -0.03572864 0.9529623
5.3465 FirstCar -16.54741 0.025 2.97 0 90 0 0 0.7071068 0 0.7071068 6.690107 0
5.3465 SecondCar -49.08817 0.025 2.97 0 90 0 0 0.7071068 0 0.7071068 6.672074 0
5.3470 Head 0 1.6 0.78 345.15 327.8999 0 -0.124191 -0.2741586 -0.03572864 0.9529623
5.3470 FirstCar -16.54433 0.025 2.97 0 90 0 0 0.7071068 0 0.7071068 6.689001 0
5.3470 SecondCar -49.08509 0.025 2.97 0 90 0 0 0.7071068 0 0.7071068 6.670969 0
5.3474 Head 0 1.6 0.78 345.15 327.8999 0 -0.124191 -0.2741586 -0.03572864 0.9529623
5.3474 FirstCar -16.54137 0.025 2.97 0 90 0 0 0.7071068 0 0.7071068 6.68794 0
5.3474 SecondCar -49.08215 0.025 2.97 0 90 0 0 0.7071068 0 0.7071068 6.669907 0
5.3478 Head 0 1.6 0.78 345.15 327.8999 0 -0.124191 -0.2741586 -0.03572864 0.9529623
5.3478 FirstCar -16.53876 0.025 2.97 0 90 0 0 0.7071068 0 0.7071068 6.687 0
5.3478 SecondCar -49.07954 0.025 2.97 0 90 0 0 0.7071068 0 0.7071068 6.668968 0
5.3482 Head 0 1.6 0.78 345.15 327.8999 0 -0.124191 -0.2741586 -0.03572864 0.9529623
5.3482 FirstCar -16.53628 0.025 2.97 0 90 0 0 0.7071068 0 0.7071068 6.686112 0
5.3482 SecondCar -49.07707 0.025 2.97 0 90 0 0 0.7071068 0 0.7071068 6.66808 0
5.3486 Head 0 1.6 0.78 345.15 327.8999 0 -0.124191 -0.2741586 -0.03572864 0.9529623
5.3486 FirstCar -16.53391 0.025 2.97 0 90 0 0 0.7071068 0 0.7071068 6.685262 0
5.3486 SecondCar -49.07471 0.025 2.97 0 90 0 0 0.7071068 0 0.7071068 6.66723 0
5.3489 Head 0 1.6 0.78 345.15 327.8999 0 -0.124191 -0.2741586 -0.03572864 0.9529623
5.3489 FirstCar -16.53152 0.025 2.97 0 90 0 0 0.7071068 0 0.7071068 6.684404 0
5.3489 SecondCar -49.07232 0.025 2.97 0 90 0 0 0.7071068 0 0.7071068 6.666371 0
5.3493 Head 0 1.6 0.78 345.15 327.8999 0 -0.124191 -0.2741586 -0.03572864 0.9529623
5.3493 FirstCar -16.52916 0.025 2.97 0 90 0 0 0.7071068 0 0.7071068 6.683557 0
5.3493 SecondCar -49.06997 0.025 2.97 0 90 0 0 0.7071068 0 0.7071068 6.665524 0
5.3496 Head 0 1.6 0.78 345.15 327.8999 0 -0.124191 -0.2741586 -0.03572864 0.9529623
5.3496 FirstCar -16.52691 0.025 2.97 0 90 0 0 0.7071068 0 0.7071068 6.682746 0
5.3496 SecondCar -49.06772 0.025 2.97 0 90 0 0 0.7071068 0 0.7071068 6.664714 0
5.3500 Head 0 1.6 0.78 345.15 327.8999 0 -0.124191 -0.2741586 -0.03572864 0.9529623
5.3500 FirstCar -16.52463 0.025 2.97 0 90 0 0 0.7071068 0 0.7071068 6.681928 0
5.3500 SecondCar -49.06544 0.025 2.97 0 90 0 0 0.7071068 0 0.7071068 6.663895 0
5.3504 Head 0 1.6 0.78 345.15 327.8999 0 -0.124191 -0.2741586 -0.03572864 0.9529623
5.3504 FirstCar -16.52187 0.025 2.97 0 90 0 0 0.7071068 0 0.7071068 6.680936 0
5.3504 SecondCar -49.06269 0.025 2.97 0 90 0 0 0.7071068 0 0.7071068 6.662904 0
5.3510 Head 0 1.6 0.78 345.15 327.8999 0 -0.124191 -0.2741586 -0.03572864 0.9529623
5.3510 FirstCar -16.51748 0.025 2.97 0 90 0 0 0.7071068 0 0.7071068 6.679359 0
5.3510 SecondCar -49.05832 0.025 2.97 0 90 0 0 0.7071068 0 0.7071068 6.661327 0
5.3515 Head 0 1.6 0.78 345.15 327.8999 0 -0.124191 -0.2741586 -0.03572864 0.9529623
5.3515 FirstCar -16.51457 0.025 2.97 0 90 0 0 0.7071068 0 0.7071068 6.678315 0
5.3515 SecondCar -49.05542 0.025 2.97 0 90 0 0 0.7071068 0 0.7071068 6.660282 0
5.3518 Head 0 1.6 0.78 345.15 327.8999 0 -0.124191 -0.2741586 -0.03572864 0.9529623
5.3518 FirstCar -16.51198 0.025 2.97 0 90 0 0 0.7071068 0 0.7071068 6.677382 0
5.3518 SecondCar -49.05283 0.025 2.97 0 90 0 0 0.7071068 0 0.7071068 6.659349 0
5.3522 Head 0 1.6 0.78 345.15 327.8999 0 -0.124191 -0.2741586 -0.03572864 0.9529623
5.3522 FirstCar -16.50954 0.025 2.97 0 90 0 0 0.7071068 0 0.7071068 6.676507 0
5.3522 SecondCar -49.0504 0.025 2.97 0 90 0 0 0.7071068 0 0.7071068 6.658475 0
5.3526 Head 0 1.6 0.78 345.15 327.8999 0 -0.124191 -0.2741586 -0.03572864 0.9529623
5.3526 FirstCar -16.50703 0.025 2.97 0 90 0 0 0.7071068 0 0.7071068 6.675606 0
5.3526 SecondCar -49.0479 0.025 2.97 0 90 0 0 0.7071068 0 0.7071068 6.657574 0
5.3530 Head 0 1.6 0.78 345.15 327.8999 0 -0.124191 -0.2741586 -0.03572864 0.9529623
5.3530 FirstCar -16.50452 0.025 2.97 0 90 0 0 0.7071068 0 0.7071068 6.674701 0
5.3530 SecondCar -49.04539 0.025 2.97 0 90 0 0 0.7071068 0 0.7071068 6.656668 0
5.3533 Head 0 1.6 0.78 345.15 327.8999 0 -0.124191 -0.2741586 -0.03572864 0.9529623
5.3533 FirstCar -16.50199 0.025 2.97 0 90 0 0 0.7071068 0 0.7071068 6.67379 0
5.3533 SecondCar -49.04287 0.025 2.97 0 90 0 0 0.7071068 0 0.7071068 6.655758 0
5.3537 Head 0 1.6 0.78 345.15 327.8999 0 -0.124191 -0.2741586 -0.03572864 0.9529623
5.3537 FirstCar -16.49968 0.025 2.97 0 90 0 0 0.7071068 0 0.7071068 6.67296 0
5.3537 SecondCar -49.04056 0.025 2.97 0 90 0 0 0.7071068 0 0.7071068 6.654928 0
5.3540 Head 0 1.6 0.78 345.15 327.8999 0 -0.124191 -0.2741586 -0.03572864 0.9529623
5.3540 FirstCar -16.49743 0.025 2.97 0 90 0 0 0.7071068 0 0.7071068 6.672151 0
5.3540 SecondCar -49.03832 0.025 2.97 0 90 0 0 0.7071068 0 0.7071068 6.654119 0
5.3544 Head 0 1.6 0.78 345.15 327.8999 0 -0.124191 -0.2741586 -0.03572864 0.9529623
5.3544 FirstCar -16.49499 0.025 2.97 0 90 0 0 0.7071068 0 0.7071068 6.671273 0
5.3544 SecondCar -49.03588 0.025 2.97 0 90 0 0 0.7071068 0 0.7071068 6.653241 0
5.3547 Head 0 1.6 0.78 345.15 327.8999 0 -0.124191 -0.2741586 -0.03572864 0.9529623
5.3547 FirstCar -16.49266 0.025 2.97 0 90 0 0 0.7071068 0 0.7071068 6.670436 0
5.3547 SecondCar -49.03357 0.025 2.97 0 90 0 0 0.7071068 0 0.7071068 6.652404 0
5.3551 Head 0 1.6 0.78 345.15 327.8999 0 -0.124191 -0.2741586 -0.03572864 0.9529623
5.3551 FirstCar -16.4903 0.025 2.97 0 90 0 0 0.7071068 0 0.7071068 6.669584 0
5.3551 SecondCar -49.0312 0.025 2.97 0 90 0 0 0.7071068 0 0.7071068 6.651552 0
5.3554 Head 0 1.6 0.78 345.15 327.8999 0 -0.124191 -0.2741586 -0.03572864 0.9529623
5.3554 FirstCar -16.48797 0.025 2.97 0 90 0 0 0.7071068 0 0.7071068 6.668747 0
5.3554 SecondCar -49.02888 0.025 2.97 0 90 0 0 0.7071068 0 0.7071068 6.650715 0
5.3558 Head 0 1.6 0.78 345.15 327.8999 0 -0.124191 -0.2741586 -0.03572864 0.9529623
5.3558 FirstCar -16.48576 0.025 2.97 0 90 0 0 0.7071068 0 0.7071068 6.667953 0
5.3558 SecondCar -49.02668 0.025 2.97 0 90 0 0 0.7071068 0 0.7071068 6.64992 0
5.3561 Head 0 1.6 0.78 345.15 327.8999 0 -0.124191 -0.2741586 -0.03572864 0.9529623
5.3561 FirstCar -16.48342 0.025 2.97 0 90 0 0 0.7071068 0 0.7071068 6.667109 0
5.3561 SecondCar -49.02434 0.025 2.97 0 90 0 0 0.7071068 0 0.7071068 6.649076 0
5.3565 Head 0 1.6 0.78 345.15 327.8999 0 -0.124191 -0.2741586 -0.03572864 0.9529623
5.3565 FirstCar -16.48099 0.025 2.97 0 90 0 0 0.7071068 0 0.7071068 6.666236 0
5.3565 SecondCar -49.02192 0.025 2.97 0 90 0 0 0.7071068 0 0.7071068 6.648203 0
5.3568 Head 0 1.6 0.78 345.15 327.8999 0 -0.124191 -0.2741586 -0.03572864 0.9529623
5.3568 FirstCar -16.47877 0.025 2.97 0 90 0 0 0.7071068 0 0.7071068 6.665436 0
5.3568 SecondCar -49.01971 0.025 2.97 0 90 0 0 0.7071068 0 0.7071068 6.647403 0
5.3572 Head 0 1.6 0.78 345.15 327.8999 0 -0.124191 -0.2741586 -0.03572864 0.9529623
5.3572 FirstCar -16.47648 0.025 2.97 0 90 0 0 0.7071068 0 0.7071068 6.664611 0
5.3572 SecondCar -49.01742 0.025 2.97 0 90 0 0 0.7071068 0 0.7071068 6.646578 0
5.3575 Head 0 1.6 0.78 345.15 327.8999 0 -0.124191 -0.2741586 -0.03572864 0.9529623
5.3575 FirstCar -16.47397 0.025 2.97 0 90 0 0 0.7071068 0 0.7071068 6.663707 0
5.3575 SecondCar -49.01492 0.025 2.97 0 90 0 0 0.7071068 0 0.7071068 6.645674 0
5.3579 Head 0 1.6 0.78 345.15 327.8999 0 -0.124191 -0.2741586 -0.03572864 0.9529623
5.3579 FirstCar -16.47172 0.025 2.97 0 90 0 0 0.7071068 0 0.7071068 6.662898 0
5.3579 SecondCar -49.01268 0.025 2.97 0 90 0 0 0.7071068 0 0.7071068 6.644865 0
5.3582 Head 0 1.6 0.78 345.15 327.8999 0 -0.124191 -0.2741586 -0.03572864 0.9529623
5.3582 FirstCar -16.46933 0.025 2.97 0 90 0 0 0.7071068 0 0.7071068 6.662034 0
5.3582 SecondCar -49.01029 0.025 2.97 0 90 0 0 0.7071068 0 0.7071068 6.644001 0
5.3586 Head 0 1.6 0.78 345.15 327.8999 0 -0.124191 -0.2741586 -0.03572864 0.9529623
5.3586 FirstCar -16.46714 0.025 2.97 0 90 0 0 0.7071068 0 0.7071068 6.661246 0
5.3586 SecondCar -49.00811 0.025 2.97 0 90 0 0 0.7071068 0 0.7071068 6.643213 0
5.3589 Head 0 1.6 0.78 345.15 327.8999 0 -0.124191 -0.2741586 -0.03572864 0.9529623
5.3589 FirstCar -16.46489 0.025 2.97 0 90 0 0 0.7071068 0 0.7071068 6.660435 0
5.3589 SecondCar -49.00586 0.025 2.97 0 90 0 0 0.7071068 0 0.7071068 6.642403 0
5.3592 Head 0 1.6 0.78 345.15 327.8999 0 -0.124191 -0.2741586 -0.03572864 0.9529623
5.3592 FirstCar -16.46262 0.025 2.97 0 90 0 0 0.7071068 0 0.7071068 6.659617 0
5.3592 SecondCar -49.0036 0.025 2.97 0 90 0 0 0.7071068 0 0.7071068 6.641585 0
5.3596 Head 0 1.6 0.78 345.15 327.8999 0 -0.124191 -0.2741586 -0.03572864 0.9529623
5.3596 FirstCar -16.46034 0.025 2.97 0 90 0 0 0.7071068 0 0.7071068 6.658796 0
5.3596 SecondCar -49.00133 0.025 2.97 0 90 0 0 0.7071068 0 0.7071068 6.640763 0
5.3599 Head 0 1.6 0.78 345.15 327.8999 0 -0.124191 -0.2741586 -0.03572864 0.9529623
5.3599 FirstCar -16.45819 0.025 2.97 0 90 0 0 0.7071068 0 0.7071068 6.65802 0
5.3599 SecondCar -48.99918 0.025 2.97 0 90 0 0 0.7071068 0 0.7071068 6.639987 0
5.3603 Head 0 1.6 0.78 345.15 327.8999 0 -0.124191 -0.2741586 -0.03572864 0.9529623
5.3603 FirstCar -16.45554 0.025 2.97 0 90 0 0 0.7071068 0 0.7071068 6.657067 0
5.3603 SecondCar -48.99654 0.025 2.97 0 90 0 0 0.7071068 0 0.7071068 6.639035 0
5.3607 Head 0 1.6 0.78 345.15 327.8999 0 -0.124191 -0.2741586 -0.03572864 0.9529623
5.3607 FirstCar -16.45312 0.025 2.97 0 90 0 0 0.7071068 0 0.7071068 6.656194 0
5.3607 SecondCar -48.99413 0.025 2.97 0 90 0 0 0.7071068 0 0.7071068 6.638162 0
5.3610 Head 0 1.6 0.78 345.15 327.8999 0 -0.124191 -0.2741586 -0.03572864 0.9529623
5.3610 FirstCar -16.45078 0.025 2.97 0 90 0 0 0.7071068 0 0.7071068 6.655352 0
5.3610 SecondCar -48.9918 0.025 2.97 0 90 0 0 0.7071068 0 0.7071068 6.637319 0
5.3614 Head 0 1.6 0.78 345.15 327.8999 0 -0.124191 -0.2741586 -0.03572864 0.9529623
5.3614 FirstCar -16.44858 0.025 2.97 0 90 0 0 0.7071068 0 0.7071068 6.654557 0
5.3614 SecondCar -48.9896 0.025 2.97 0 90 0 0 0.7071068 0 0.7071068 6.636524 0
5.3617 Head 0 1.6 0.78 345.15 327.8999 0 -0.124191 -0.2741586 -0.03572864 0.9529623
5.3617 FirstCar -16.4463 0.025 2.97 0 90 0 0 0.7071068 0 0.7071068 6.653736 0
5.3617 SecondCar -48.98733 0.025 2.97 0 90 0 0 0.7071068 0 0.7071068 6.635704 0
5.3620 Head 0 1.6 0.78 345.15 327.8999 0 -0.124191 -0.2741586 -0.03572864 0.9529623
5.3620 FirstCar -16.44411 0.025 2.97 0 90 0 0 0.7071068 0 0.7071068 6.652946 0
5.3620 SecondCar -48.98515 0.025 2.97 0 90 0 0 0.7071068 0 0.7071068 6.634913 0
5.3624 Head 0 1.6 0.78 345.15 327.8999 0 -0.124191 -0.2741586 -0.03572864 0.9529623
5.3624 FirstCar -16.44189 0.025 2.97 0 90 0 0 0.7071068 0 0.7071068 6.652143 0
5.3624 SecondCar -48.98293 0.025 2.97 0 90 0 0 0.7071068 0 0.7071068 6.63411 0
5.3627 Head 0 1.6 0.78 345.15 327.8999 0 -0.124191 -0.2741586 -0.03572864 0.9529623
5.3627 FirstCar -16.43954 0.025 2.97 0 90 0 0 0.7071068 0 0.7071068 6.651296 0
5.3627 SecondCar -48.98059 0.025 2.97 0 90 0 0 0.7071068 0 0.7071068 6.633264 0
5.3631 Head 0 1.6 0.78 345.15 327.8999 0 -0.124191 -0.2741586 -0.03572864 0.9529623
5.3631 FirstCar -16.43715 0.025 2.97 0 90 0 0 0.7071068 0 0.7071068 6.650433 0
5.3631 SecondCar -48.9782 0.025 2.97 0 90 0 0 0.7071068 0 0.7071068 6.6324 0
5.3634 Head 0 1.6 0.78 345.15 327.8999 0 -0.124191 -0.2741586 -0.03572864 0.9529623
5.3634 FirstCar -16.43486 0.025 2.97 0 90 0 0 0.7071068 0 0.7071068 6.649606 0
5.3634 SecondCar -48.97591 0.025 2.97 0 90 0 0 0.7071068 0 0.7071068 6.631573 0
5.3637 Head 0 1.6 0.78 345.15 327.8999 0 -0.124191 -0.2741586 -0.03572864 0.9529623
5.3637 FirstCar -16.43266 0.025 2.97 0 90 0 0 0.7071068 0 0.7071068 6.648814 0
5.3637 SecondCar -48.97373 0.025 2.97 0 90 0 0 0.7071068 0 0.7071068 6.630782 0
5.3641 Head 0 1.6 0.78 345.15 327.8999 0 -0.124191 -0.2741586 -0.03572864 0.9529623
5.3641 FirstCar -16.4305 0.025 2.97 0 90 0 0 0.7071068 0 0.7071068 6.648032 0
5.3641 SecondCar -48.97157 0.025 2.97 0 90 0 0 0.7071068 0 0.7071068 6.629999 0
5.3644 Head 0 1.6 0.78 345.15 327.8999 0 -0.124191 -0.2741586 -0.03572864 0.9529623
5.3644 FirstCar -16.42824 0.025 2.97 0 90 0 0 0.7071068 0 0.7071068 6.647215 0
5.3644 SecondCar -48.96931 0.025 2.97 0 90 0 0 0.7071068 0 0.7071068 6.629183 0
5.3647 Head 0 1.6 0.78 345.15 327.8999 0 -0.124191 -0.2741586 -0.03572864 0.9529623
5.3647 FirstCar -16.42605 0.025 2.97 0 90 0 0 0.7071068 0 0.7071068 6.646427 0
5.3647 SecondCar -48.96713 0.025 2.97 0 90 0 0 0.7071068 0 0.7071068 6.628394 0
5.3651 Head 0 1.6 0.78 345.15 327.8999 0 -0.124191 -0.2741586 -0.03572864 0.9529623
5.3651 FirstCar -16.4238 0.025 2.97 0 90 0 0 0.7071068 0 0.7071068 6.645612 0
5.3651 SecondCar -48.96488 0.025 2.97 0 90 0 0 0.7071068 0 0.7071068 6.62758 0
5.3654 Head 0 1.6 0.78 345.15 327.8999 0 -0.124191 -0.2741586 -0.03572864 0.9529623
5.3654 FirstCar -16.42163 0.025 2.97 0 90 0 0 0.7071068 0 0.7071068 6.644827 0
5.3654 SecondCar -48.96272 0.025 2.97 0 90 0 0 0.7071068 0 0.7071068 6.626795 0
5.3657 Head 0 1.6 0.78 345.15 327.8999 0 -0.124191 -0.2741586 -0.03572864 0.9529623
5.3657 FirstCar -16.41944 0.025 2.97 0 90 0 0 0.7071068 0 0.7071068 6.644037 0
5.3657 SecondCar -48.96053 0.025 2.97 0 90 0 0 0.7071068 0 0.7071068 6.626005 0
5.3661 Head 0 1.6 0.78 345.15 327.8999 0 -0.124191 -0.2741586 -0.03572864 0.9529623
5.3661 FirstCar -16.41723 0.025 2.97 0 90 0 0 0.7071068 0 0.7071068 6.643239 0
5.3661 SecondCar -48.95833 0.025 2.97 0 90 0 0 0.7071068 0 0.7071068 6.625206 0
5.3664 Head 0 1.6 0.78 345.15 327.8999 0 -0.124191 -0.2741586 -0.03572864 0.9529623
5.3664 FirstCar -16.41492 0.025 2.97 0 90 0 0 0.7071068 0 0.7071068 6.642404 0
5.3664 SecondCar -48.95602 0.025 2.97 0 90 0 0 0.7071068 0 0.7071068 6.624371 0
5.3667 Head 0 1.6 0.78 345.15 327.8999 0 -0.124191 -0.2741586 -0.03572864 0.9529623
5.3667 FirstCar -16.41278 0.025 2.97 0 90 0 0 0.7071068 0 0.7071068 6.641633 0
5.3667 SecondCar -48.9539 0.025 2.97 0 90 0 0 0.7071068 0 0.7071068 6.6236 0
5.3671 Head 0 1.6 0.78 345.15 327.8999 0 -0.124191 -0.2741586 -0.03572864 0.9529623
5.3671 FirstCar -16.41057 0.025 2.97 0 90 0 0 0.7071068 0 0.7071068 6.640835 0
5.3671 SecondCar -48.95169 0.025 2.97 0 90 0 0 0.7071068 0 0.7071068 6.622802 0
5.3674 Head 0 1.6 0.78 345.15 327.8999 0 -0.124191 -0.2741586 -0.03572864 0.9529623
5.3674 FirstCar -16.40844 0.025 2.97 0 90 0 0 0.7071068 0 0.7071068 6.640063 0
5.3674 SecondCar -48.94957 0.025 2.97 0 90 0 0 0.7071068 0 0.7071068 6.62203 0
5.3677 Head 0 1.6 0.78 345.15 327.8999 0 -0.124191 -0.2741586 -0.03572864 0.9529623
5.3677 FirstCar -16.40628 0.025 2.97 0 90 0 0 0.7071068 0 0.7071068 6.639283 0
5.3677 SecondCar -48.94741 0.025 2.97 0 90 0 0 0.7071068 0 0.7071068 6.621251 0
5.3681 Head 0 1.6 0.78 345.15 327.8999 0 -0.124191 -0.2741586 -0.03572864 0.9529623
5.3681 FirstCar -16.40376 0.025 2.97 0 90 0 0 0.7071068 0 0.7071068 6.638373 0
5.3681 SecondCar -48.9449 0.025 2.97 0 90 0 0 0.7071068 0 0.7071068 6.62034 0
5.3685 Head 0 1.6 0.78 345.15 327.8999 0 -0.124191 -0.2741586 -0.03572864 0.9529623
5.3685 FirstCar -16.40143 0.025 2.97 0 90 0 0 0.7071068 0 0.7071068 6.637529 0
5.3685 SecondCar -48.94258 0.025 2.97 0 90 0 0 0.7071068 0 0.7071068 6.619497 0
5.3688 Head 0 1.6 0.78 345.15 327.8999 0 -0.124191 -0.2741586 -0.03572864 0.9529623
5.3688 FirstCar -16.39893 0.025 2.97 0 90 0 0 0.7071068 0 0.7071068 6.636624 0
5.3688 SecondCar -48.94008 0.025 2.97 0 90 0 0 0.7071068 0 0.7071068 6.618591 0
5.3692 Head 0 1.6 0.78 345.15 327.8999 0 -0.124191 -0.2741586 -0.03572864 0.9529623
5.3692 FirstCar -16.39657 0.025 2.97 0 90 0 0 0.7071068 0 0.7071068 6.63577 0
5.3692 SecondCar -48.93773 0.025 2.97 0 90 0 0 0.7071068 0 0.7071068 6.617737 0
5.3695 Head 0 1.6 0.78 345.15 327.8999 0 -0.124191 -0.2741586 -0.03572864 0.9529623
5.3695 FirstCar -16.39429 0.025 2.97 0 90 0 0 0.7071068 0 0.7071068 6.634947 0
5.3695 SecondCar -48.93546 0.025 2.97 0 90 0 0 0.7071068 0 0.7071068 6.616914 0
5.3699 Head 0 1.6 0.78 345.15 327.8999 0 -0.124191 -0.2741586 -0.03572864 0.9529623
5.3699 FirstCar -16.39188 0.025 2.97 0 90 0 0 0.7071068 0 0.7071068 6.634076 0
5.3699 SecondCar -48.93306 0.025 2.97 0 90 0 0 0.7071068 0 0.7071068 6.616043 0
5.3703 Head 0 1.6 0.78 345.15 327.8999 0 -0.124191 -0.2741586 -0.03572864 0.9529623
5.3703 FirstCar -16.38934 0.025 2.97 0 90 0 0 0.7071068 0 0.7071068 6.633156 0
5.3703 SecondCar -48.93053 0.025 2.97 0 90 0 0 0.7071068 0 0.7071068 6.615124 0
5.3709 Head 0 1.6 0.78 345.15 327.8999 0 -0.124191 -0.2741586 -0.03572864 0.9529623
5.3709 FirstCar -16.38527 0.025 2.97 0 90 0 0 0.7071068 0 0.7071068 6.631682 0
5.3709 SecondCar -48.92646 0.025 2.97 0 90 0 0 0.7071068 0 0.7071068 6.613649 0
5.3713 Head 0 1.6 0.78 345.15 327.8999 0 -0.124191 -0.2741586 -0.03572864 0.9529623
5.3713 FirstCar -16.38246 0.025 2.97 0 90 0 0 0.7071068 0 0.7071068 6.630663 0
5.3713 SecondCar -48.92366 0.025 2.97 0 90 0 0 0.7071068 0 0.7071068 6.612631 0
5.3717 Head 0 1.6 0.78 345.15 327.8999 0 -0.124191 -0.2741586 -0.03572864 0.9529623
5.3717 FirstCar -16.37976 0.025 2.97 0 90 0 0 0.7071068 0 0.7071068 6.629687 0
5.3717 SecondCar -48.92097 0.025 2.97 0 90 0 0 0.7071068 0 0.7071068 6.611655 0
5.3721 Head 0 1.6 0.78 345.15 327.8999 0 -0.124191 -0.2741586 -0.03572864 0.9529623
5.3721 FirstCar -16.37731 0.025 2.97 0 90 0 0 0.7071068 0 0.7071068 6.628801 0
5.3721 SecondCar -48.91853 0.025 2.97 0 90 0 0 0.7071068 0 0.7071068 6.610769 0
5.3724 Head 0 1.6 0.78 345.15 327.8999 0 -0.124191 -0.2741586 -0.03572864 0.9529623
5.3724 FirstCar -16.37496 0.025 2.97 0 90 0 0 0.7071068 0 0.7071068 6.62795 0
5.3724 SecondCar -48.91618 0.025 2.97 0 90 0 0 0.7071068 0 0.7071068 6.609917 0
5.3728 Head 0 1.6 0.78 345.15 327.8999 0 -0.124191 -0.2741586 -0.03572864 0.9529623
5.3728 FirstCar -16.37238 0.025 2.97 0 90 0 0 0.7071068 0 0.7071068 6.627017 0
5.3728 SecondCar -48.91361 0.025 2.97 0 90 0 0 0.7071068 0 0.7071068 6.608984 0
5.3732 Head 0 1.6 0.78 345.15 327.8999 0 -0.124191 -0.2741586 -0.03572864 0.9529623
5.3732 FirstCar -16.37015 0.025 2.97 0 90 0 0 0.7071068 0 0.7071068 6.626207 0
5.3732 SecondCar -48.91138 0.025 2.97 0 90 0 0 0.7071068 0 0.7071068 6.608175 0
5.3735 Head 0 1.6 0.78 345.15 327.8999 0 -0.124191 -0.2741586 -0.03572864 0.9529623
5.3735 FirstCar -16.36777 0.025 2.97 0 90 0 0 0.7071068 0 0.7071068 6.625345 0
5.3735 SecondCar -48.90901 0.025 2.97 0 90 0 0 0.7071068 0 0.7071068 6.607313 0
5.3739 Head 0 1.6 0.78 345.15 327.8999 0 -0.124191 -0.2741586 -0.03572864 0.9529623
5.3739 FirstCar -16.36526 0.025 2.97 0 90 0 0 0.7071068 0 0.7071068 6.624436 0
5.3739 SecondCar -48.90651 0.025 2.97 0 90 0 0 0.7071068 0 0.7071068 6.606403 0
5.3742 Head 0 1.6 0.78 345.15 327.8999 0 -0.124191 -0.2741586 -0.03572864 0.9529623
5.3742 FirstCar -16.36309 0.025 2.97 0 90 0 0 0.7071068 0 0.7071068 6.623652 0
5.3742 SecondCar -48.90435 0.025 2.97 0 90 0 0 0.7071068 0 0.7071068 6.605619 0
5.3746 Head 0 1.6 0.78 345.15 327.8999 0 -0.124191 -0.2741586 -0.03572864 0.9529623
5.3746 FirstCar -16.36086 0.025 2.97 0 90 0 0 0.7071068 0 0.7071068 6.622843 0
5.3746 SecondCar -48.90212 0.025 2.97 0 90 0 0 0.7071068 0 0.7071068 6.604811 0
5.3749 Head 0 1.6 0.78 345.15 327.8999 0 -0.124191 -0.2741586 -0.03572864 0.9529623
5.3749 FirstCar -16.35865 0.025 2.97 0 90 0 0 0.7071068 0 0.7071068 6.622042 0
5.3749 SecondCar -48.89992 0.025 2.97 0 90 0 0 0.7071068 0 0.7071068 6.604009 0
5.3752 Head 0 1.6 0.78 345.15 327.8999 0 -0.124191 -0.2741586 -0.03572864 0.9529623
5.3752 FirstCar -16.35641 0.025 2.97 0 90 0 0 0.7071068 0 0.7071068 6.62123 0
5.3752 SecondCar -48.89768 0.025 2.97 0 90 0 0 0.7071068 0 0.7071068 6.603197 0
5.3756 Head 0 1.6 0.78 345.15 327.8999 0 -0.124191 -0.2741586 -0.03572864 0.9529623
5.3756 FirstCar -16.3542 0.025 2.97 0 90 0 0 0.7071068 0 0.7071068 6.620429 0
5.3756 SecondCar -48.89548 0.025 2.97 0 90 0 0 0.7071068 0 0.7071068 6.602396 0
5.3759 Head 0 1.6 0.78 345.15 327.8999 0 -0.124191 -0.2741586 -0.03572864 0.9529623
5.3759 FirstCar -16.35202 0.025 2.97 0 90 0 0 0.7071068 0 0.7071068 6.619638 0
5.3759 SecondCar -48.8933 0.025 2.97 0 90 0 0 0.7071068 0 0.7071068 6.601606 0
5.3762 Head 0 1.6 0.78 345.15 327.8999 0 -0.124191 -0.2741586 -0.03572864 0.9529623
5.3762 FirstCar -16.34986 0.025 2.97 0 90 0 0 0.7071068 0 0.7071068 6.618854 0
5.3762 SecondCar -48.89114 0.025 2.97 0 90 0 0 0.7071068 0 0.7071068 6.600821 0
5.3766 Head 0 1.6 0.78 345.15 327.8999 0 -0.124191 -0.2741586 -0.03572864 0.9529623
5.3766 FirstCar -16.34767 0.025 2.97 0 90 0 0 0.7071068 0 0.7071068 6.61806 0
5.3766 SecondCar -48.88896 0.025 2.97 0 90 0 0 0.7071068 0 0.7071068 6.600028 0
5.3769 Head 0 1.6 0.78 345.15 327.8999 0 -0.124191 -0.2741586 -0.03572864 0.9529623
5.3769 FirstCar -16.34549 0.025 2.97 0 90 0 0 0.7071068 0 0.7071068 6.617269 0
5.3769 SecondCar -48.88678 0.025 2.97 0 90 0 0 0.7071068 0 0.7071068 6.599236 0
5.3772 Head 0 1.6 0.78 345.15 327.8999 0 -0.124191 -0.2741586 -0.03572864 0.9529623
5.3772 FirstCar -16.34332 0.025 2.97 0 90 0 0 0.7071068 0 0.7071068 6.616482 0
5.3772 SecondCar -48.88462 0.025 2.97 0 90 0 0 0.7071068 0 0.7071068 6.59845 0
5.3775 Head 0 1.6 0.78 345.15 327.8999 0 -0.124191 -0.2741586 -0.03572864 0.9529623
5.3775 FirstCar -16.34115 0.025 2.97 0 90 0 0 0.7071068 0 0.7071068 6.615695 0
5.3775 SecondCar -48.88246 0.025 2.97 0 90 0 0 0.7071068 0 0.7071068 6.597662 0
5.3779 Head 0 1.6 0.78 345.15 327.8999 0 -0.124191 -0.2741586 -0.03572864 0.9529623
5.3779 FirstCar -16.33895 0.025 2.97 0 90 0 0 0.7071068 0 0.7071068 6.614895 0
5.3779 SecondCar -48.88026 0.025 2.97 0 90 0 0 0.7071068 0 0.7071068 6.596863 0
5.3782 Head 0 1.6 0.78 345.15 327.8999 0 -0.124191 -0.2741586 -0.03572864 0.9529623
5.3782 FirstCar -16.3367 0.025 2.97 0 90 0 0 0.7071068 0 0.7071068 6.61408 0
5.3782 SecondCar -48.87802 0.025 2.97 0 90 0 0 0.7071068 0 0.7071068 6.596048 0
5.3786 Head 0 1.6 0.78 345.15 327.8999 0 -0.124191 -0.2741586 -0.03572864 0.9529623
5.3786 FirstCar -16.33451 0.025 2.97 0 90 0 0 0.7071068 0 0.7071068 6.613285 0
5.3786 SecondCar -48.87584 0.025 2.97 0 90 0 0 0.7071068 0 0.7071068 6.595253 0
5.3789 Head 0 1.6 0.78 345.15 327.8999 0 -0.124191 -0.2741586 -0.03572864 0.9529623
5.3789 FirstCar -16.33229 0.025 2.97 0 90 0 0 0.7071068 0 0.7071068 6.61248 0
5.3789 SecondCar -48.87362 0.025 2.97 0 90 0 0 0.7071068 0 0.7071068 6.594448 0
5.3792 Head 0 1.6 0.78 345.15 327.8999 0 -0.124191 -0.2741586 -0.03572864 0.9529623
5.3792 FirstCar -16.33006 0.025 2.97 0 90 0 0 0.7071068 0 0.7071068 6.61167 0
5.3792 SecondCar -48.8714 0.025 2.97 0 90 0 0 0.7071068 0 0.7071068 6.593637 0
5.3796 Head 0 1.6 0.78 345.15 327.8999 0 -0.124191 -0.2741586 -0.03572864 0.9529623
5.3796 FirstCar -16.3278 0.025 2.97 0 90 0 0 0.7071068 0 0.7071068 6.610847 0
5.3796 SecondCar -48.86914 0.025 2.97 0 90 0 0 0.7071068 0 0.7071068 6.592815 0
5.3799 Head 0 1.6 0.78 345.15 327.8999 0 -0.124191 -0.2741586 -0.03572864 0.9529623
5.3799 FirstCar -16.32565 0.025 2.97 0 90 0 0 0.7071068 0 0.7071068 6.610069 0
5.3799 SecondCar -48.867 0.025 2.97 0 90 0 0 0.7071068 0 0.7071068 6.592037 0
5.3803 Head 0 1.6 0.78 345.15 327.8999 0 -0.124191 -0.2741586 -0.03572864 0.9529623
5.3803 FirstCar -16.32315 0.025 2.97 0 90 0 0 0.7071068 0 0.7071068 6.609163 0
5.3803 SecondCar -48.86451 0.025 2.97 0 90 0 0 0.7071068 0 0.7071068 6.59113 0
5.3806 Head 0 1.6 0.78 345.15 327.8999 0 -0.124191 -0.2741586 -0.03572864 0.9529623
5.3806 FirstCar -16.3208 0.025 2.97 0 90 0 0 0.7071068 0 0.7071068 6.608307 0
5.3806 SecondCar -48.86216 0.025 2.97 0 90 0 0 0.7071068 0 0.7071068 6.590274 0
5.3810 Head 0 1.6 0.78 345.15 327.8999 0 -0.124191 -0.2741586 -0.03572864 0.9529623
5.3810 FirstCar -16.31855 0.025 2.97 0 90 0 0 0.7071068 0 0.7071068 6.607491 0
5.3810 SecondCar -48.85992 0.025 2.97 0 90 0 0 0.7071068 0 0.7071068 6.589458 0
5.3813 Head 0 1.6 0.78 345.15 327.8999 0 -0.124191 -0.2741586 -0.03572864 0.9529623
5.3813 FirstCar -16.31631 0.025 2.97 0 90 0 0 0.7071068 0 0.7071068 6.606677 0
5.3813 SecondCar -48.85769 0.025 2.97 0 90 0 0 0.7071068 0 0.7071068 6.588644 0
5.3816 Head 0 1.6 0.78 345.15 327.8999 0 -0.124191 -0.2741586 -0.03572864 0.9529623
5.3816 FirstCar -16.31414 0.025 2.97 0 90 0 0 0.7071068 0 0.7071068 6.605888 0
5.3816 SecondCar -48.85552 0.025 2.97 0 90 0 0 0.7071068 0 0.7071068 6.587856 0
5.3820 Head 0 1.6 0.78 345.15 327.8999 0 -0.124191 -0.2741586 -0.03572864 0.9529623
5.3820 FirstCar -16.3119 0.025 2.97 0 90 0 0 0.7071068 0 0.7071068 6.605076 0
5.3820 SecondCar -48.85329 0.025 2.97 0 90 0 0 0.7071068 0 0.7071068 6.587044 0
5.3823 Head 0 1.6 0.78 345.15 327.8999 0 -0.124191 -0.2741586 -0.03572864 0.9529623
5.3823 FirstCar -16.30972 0.025 2.97 0 90 0 0 0.7071068 0 0.7071068 6.604283 0
5.3823 SecondCar -48.85112 0.025 2.97 0 90 0 0 0.7071068 0 0.7071068 6.586251 0
5.3826 Head 0 1.6 0.78 345.15 327.8999 0 -0.124191 -0.2741586 -0.03572864 0.9529623
5.3826 FirstCar -16.30755 0.025 2.97 0 90 0 0 0.7071068 0 0.7071068 6.603492 0
5.3826 SecondCar -48.84895 0.025 2.97 0 90 0 0 0.7071068 0 0.7071068 6.58546 0
5.3830 Head 0 1.6 0.78 345.15 327.8999 0 -0.124191 -0.2741586 -0.03572864 0.9529623
5.3830 FirstCar -16.30531 0.025 2.97 0 90 0 0 0.7071068 0 0.7071068 6.602679 0
5.3830 SecondCar -48.84672 0.025 2.97 0 90 0 0 0.7071068 0 0.7071068 6.584647 0
5.3833 Head 0 1.6 0.78 345.15 327.8999 0 -0.124191 -0.2741586 -0.03572864 0.9529623
5.3833 FirstCar -16.30308 0.025 2.97 0 90 0 0 0.7071068 0 0.7071068 6.601868 0
5.3833 SecondCar -48.84449 0.025 2.97 0 90 0 0 0.7071068 0 0.7071068 6.583836 0
5.3836 Head 0 1.6 0.78 345.15 327.8999 0 -0.124191 -0.2741586 -0.03572864 0.9529623
5.3836 FirstCar -16.30087 0.025 2.97 0 90 0 0 0.7071068 0 0.7071068 6.601067 0
5.3836 SecondCar -48.8423 0.025 2.97 0 90 0 0 0.7071068 0 0.7071068 6.583034 0
5.3840 Head 0 1.6 0.78 345.15 327.8999 0 -0.124191 -0.2741586 -0.03572864 0.9529623
5.3840 FirstCar -16.29861 0.025 2.97 0 90 0 0 0.7071068 0 0.7071068 6.600242 0
5.3840 SecondCar -48.84003 0.025 2.97 0 90 0 0 0.7071068 0 0.7071068 6.58221 0
5.3843 Head 0 1.6 0.78 345.15 327.8999 0 -0.124191 -0.2741586 -0.03572864 0.9529623
5.3843 FirstCar -16.29625 0.025 2.97 0 90 0 0 0.7071068 0 0.7071068 6.599386 0
5.3843 SecondCar -48.83768 0.025 2.97 0 90 0 0 0.7071068 0 0.7071068 6.581353 0
5.3847 Head 0 1.6 0.78 345.15 327.8999 0 -0.124191 -0.2741586 -0.03572864 0.9529623
5.3847 FirstCar -16.29403 0.025 2.97 0 90 0 0 0.7071068 0 0.7071068 6.598579 0
5.3847 SecondCar -48.83547 0.025 2.97 0 90 0 0 0.7071068 0 0.7071068 6.580546 0
5.3850 Head 0 1.6 0.78 345.15 327.8999 0 -0.124191 -0.2741586 -0.03572864 0.9529623
5.3850 FirstCar -16.29178 0.025 2.97 0 90 0 0 0.7071068 0 0.7071068 6.597758 0
5.3850 SecondCar -48.83322 0.025 2.97 0 90 0 0 0.7071068 0 0.7071068 6.579726 0
5.3854 Head 0 1.6 0.78 345.15 327.8999 0 -0.124191 -0.2741586 -0.03572864 0.9529623
5.3854 FirstCar -16.28939 0.025 2.97 0 90 0 0 0.7071068 0 0.7071068 6.59689 0
5.3854 SecondCar -48.83084 0.025 2.97 0 90 0 0 0.7071068 0 0.7071068 6.578858 0
5.3857 Head 0 1.6 0.78 345.15 327.8999 0 -0.124191 -0.2741586 -0.03572864 0.9529623
5.3857 FirstCar -16.2872 0.025 2.97 0 90 0 0 0.7071068 0 0.7071068 6.596094 0
5.3857 SecondCar -48.82866 0.025 2.97 0 90 0 0 0.7071068 0 0.7071068 6.578062 0
5.3860 Head 0 1.6 0.78 345.15 327.8999 0 -0.124191 -0.2741586 -0.03572864 0.9529623
5.3860 FirstCar -16.28503 0.025 2.97 0 90 0 0 0.7071068 0 0.7071068 6.595303 0
5.3860 SecondCar -48.82649 0.025 2.97 0 90 0 0 0.7071068 0 0.7071068 6.577271 0
5.3864 Head 0 1.6 0.78 345.15 327.8999 0 -0.124191 -0.2741586 -0.03572864 0.9529623
5.3864 FirstCar -16.28289 0.025 2.97 0 90 0 0 0.7071068 0 0.7071068 6.594523 0
5.3864 SecondCar -48.82436 0.025 2.97 0 90 0 0 0.7071068 0 0.7071068 6.576491 0
5.3867 Head 0 1.6 0.78 345.15 327.8999 0 -0.124191 -0.2741586 -0.03572864 0.9529623
5.3867 FirstCar -16.28073 0.025 2.97 0 90 0 0 0.7071068 0 0.7071068 6.593739 0
5.3867 SecondCar -48.82221 0.025 2.97 0 90 0 0 0.7071068 0 0.7071068 6.575706 0
5.3870 Head 0 1.6 0.78 345.15 327.8999 0 -0.124191 -0.2741586 -0.03572864 0.9529623
5.3870 FirstCar -16.27857 0.025 2.97 0 90 0 0 0.7071068 0 0.7071068 6.592953 0
5.3870 SecondCar -48.82006 0.025 2.97 0 90 0 0 0.7071068 0 0.7071068 6.574921 0
5.3874 Head 0 1.6 0.78 345.15 327.8999 0 -0.124191 -0.2741586 -0.03572864 0.9529623
5.3874 FirstCar -16.27638 0.025 2.97 0 90 0 0 0.7071068 0 0.7071068 6.592155 0
5.3874 SecondCar -48.81787 0.025 2.97 0 90 0 0 0.7071068 0 0.7071068 6.574123 0
5.3877 Head 0 1.6 0.78 345.15 327.8999 0 -0.124191 -0.2741586 -0.03572864 0.9529623
5.3877 FirstCar -16.27425 0.025 2.97 0 90 0 0 0.7071068 0 0.7071068 6.591378 0
5.3877 SecondCar -48.81574 0.025 2.97 0 90 0 0 0.7071068 0 0.7071068 6.573345 0
5.3880 Head 0 1.6 0.78 345.15 327.8999 0 -0.124191 -0.2741586 -0.03572864 0.9529623
5.3880 FirstCar -16.2721 0.025 2.97 0 90 0 0 0.7071068 0 0.7071068 6.590595 0
5.3880 SecondCar -48.8136 0.025 2.97 0 90 0 0 0.7071068 0 0.7071068 6.572562 0
5.3883 Head 0 1.6 0.78 345.15 327.8999 0 -0.124191 -0.2741586 -0.03572864 0.9529623
5.3883 FirstCar -16.26995 0.025 2.97 0 90 0 0 0.7071068 0 0.7071068 6.589815 0
5.3883 SecondCar -48.81146 0.025 2.97 0 90 0 0 0.7071068 0 0.7071068 6.571782 0
5.3887 Head 0 1.6 0.78 345.15 327.8999 0 -0.124191 -0.2741586 -0.03572864 0.9529623
5.3887 FirstCar -16.26781 0.025 2.97 0 90 0 0 0.7071068 0 0.7071068 6.589035 0
5.3887 SecondCar -48.80933 0.025 2.97 0 90 0 0 0.7071068 0 0.7071068 6.571002 0
5.3890 Head 0 1.6 0.78 345.15 327.8999 0 -0.124191 -0.2741586 -0.03572864 0.9529623
5.3890 FirstCar -16.26563 0.025 2.97 0 90 0 0 0.7071068 0 0.7071068 6.588238 0
5.3890 SecondCar -48.80714 0.025 2.97 0 90 0 0 0.7071068 0 0.7071068 6.570205 0
5.3893 Head 0 1.6 0.78 345.15 327.8999 0 -0.124191 -0.2741586 -0.03572864 0.9529623
5.3893 FirstCar -16.26345 0.025 2.97 0 90 0 0 0.7071068 0 0.7071068 6.587445 0
5.3893 SecondCar -48.80497 0.025 2.97 0 90 0 0 0.7071068 0 0.7071068 6.569412 0
5.3897 Head 0 1.6 0.78 345.15 327.8999 0 -0.124191 -0.2741586 -0.03572864 0.9529623
5.3897 FirstCar -16.2611 0.025 2.97 0 90 0 0 0.7071068 0 0.7071068 6.58659 0
5.3897 SecondCar -48.80264 0.025 2.97 0 90 0 0 0.7071068 0 0.7071068 6.568558 0
5.3900 Head 0 1.6 0.78 345.15 327.8999 0 -0.124191 -0.2741586 -0.03572864 0.9529623
5.3900 FirstCar -16.25897 0.025 2.97 0 90 0 0 0.7071068 0 0.7071068 6.585812 0
5.3900 SecondCar -48.80051 0.025 2.97 0 90 0 0 0.7071068 0 0.7071068 6.56778 0
5.3904 Head 0 1.6 0.78 345.15 327.8999 0 -0.124191 -0.2741586 -0.03572864 0.9529623
5.3904 FirstCar -16.25633 0.025 2.97 0 90 0 0 0.7071068 0 0.7071068 6.584852 0
5.3904 SecondCar -48.79788 0.025 2.97 0 90 0 0 0.7071068 0 0.7071068 6.566819 0
5.3910 Head 0 1.6 0.78 345.15 327.8999 0 -0.124191 -0.2741586 -0.03572864 0.9529623
5.3910 FirstCar -16.25241 0.025 2.97 0 90 0 0 0.7071068 0 0.7071068 6.583423 0
5.3910 SecondCar -48.79397 0.025 2.97 0 90 0 0 0.7071068 0 0.7071068 6.56539 0
5.3914 Head 0 1.6 0.78 345.15 327.8999 0 -0.124191 -0.2741586 -0.03572864 0.9529623
5.3914 FirstCar -16.24996 0.025 2.97 0 90 0 0 0.7071068 0 0.7071068 6.582528 0
5.3914 SecondCar -48.79152 0.025 2.97 0 90 0 0 0.7071068 0 0.7071068 6.564495 0
5.3918 Head 0 1.6 0.78 345.15 327.8999 0 -0.124191 -0.2741586 -0.03572864 0.9529623
5.3918 FirstCar -16.24741 0.025 2.97 0 90 0 0 0.7071068 0 0.7071068 6.581597 0
5.3918 SecondCar -48.78897 0.025 2.97 0 90 0 0 0.7071068 0 0.7071068 6.563564 0
5.3921 Head 0 1.6 0.78 345.15 327.8999 0 -0.124191 -0.2741586 -0.03572864 0.9529623
5.3921 FirstCar -16.24514 0.025 2.97 0 90 0 0 0.7071068 0 0.7071068 6.58077 0
5.3921 SecondCar -48.78672 0.025 2.97 0 90 0 0 0.7071068 0 0.7071068 6.562738 0
5.3925 Head 0 1.6 0.78 345.15 327.8999 0 -0.124191 -0.2741586 -0.03572864 0.9529623
5.3925 FirstCar -16.24244 0.025 2.97 0 90 0 0 0.7071068 0 0.7071068 6.579786 0
5.3925 SecondCar -48.78402 0.025 2.97 0 90 0 0 0.7071068 0 0.7071068 6.561753 0
5.3929 Head 0 1.6 0.78 345.15 327.8999 0 -0.124191 -0.2741586 -0.03572864 0.9529623
5.3929 FirstCar -16.23996 0.025 2.97 0 90 0 0 0.7071068 0 0.7071068 6.578882 0
5.3929 SecondCar -48.78155 0.025 2.97 0 90 0 0 0.7071068 0 0.7071068 6.56085 0
5.3933 Head 0 1.6 0.78 345.15 327.8999 0 -0.124191 -0.2741586 -0.03572864 0.9529623
5.3933 FirstCar -16.23751 0.025 2.97 0 90 0 0 0.7071068 0 0.7071068 6.577989 0
5.3933 SecondCar -48.77911 0.025 2.97 0 90 0 0 0.7071068 0 0.7071068 6.559957 0
5.3936 Head 0 1.6 0.78 345.15 327.8999 0 -0.124191 -0.2741586 -0.03572864 0.9529623
5.3936 FirstCar -16.23513 0.025 2.97 0 90 0 0 0.7071068 0 0.7071068 6.57712 0
5.3936 SecondCar -48.77674 0.025 2.97 0 90 0 0 0.7071068 0 0.7071068 6.559088 0
5.3940 Head 0 1.6 0.78 345.15 327.8999 0 -0.124191 -0.2741586 -0.03572864 0.9529623
5.3940 FirstCar -16.23286 0.025 2.97 0 90 0 0 0.7071068 0 0.7071068 6.576291 0
5.3940 SecondCar -48.77447 0.025 2.97 0 90 0 0 0.7071068 0 0.7071068 6.558258 0
5.3943 Head 0 1.6 0.78 345.15 327.8999 0 -0.124191 -0.2741586 -0.03572864 0.9529623
5.3943 FirstCar -16.23057 0.025 2.97 0 90 0 0 0.7071068 0 0.7071068 6.575456 0
5.3943 SecondCar -48.77219 0.025 2.97 0 90 0 0 0.7071068 0 0.7071068 6.557424 0
5.3947 Head 0 1.6 0.78 345.15 327.8999 0 -0.124191 -0.2741586 -0.03572864 0.9529623
5.3947 FirstCar -16.22829 0.025 2.97 0 90 0 0 0.7071068 0 0.7071068 6.574623 0
5.3947 SecondCar -48.76991 0.025 2.97 0 90 0 0 0.7071068 0 0.7071068 6.55659 0
5.3950 Head 0 1.6 0.78 345.15 327.8999 0 -0.124191 -0.2741586 -0.03572864 0.9529623
5.3950 FirstCar -16.2258 0.025 2.97 0 90 0 0 0.7071068 0 0.7071068 6.573715 0
5.3950 SecondCar -48.76743 0.025 2.97 0 90 0 0 0.7071068 0 0.7071068 6.555682 0
5.3954 Head 0 1.6 0.78 345.15 327.8999 0 -0.124191 -0.2741586 -0.03572864 0.9529623
5.3954 FirstCar -16.22359 0.025 2.97 0 90 0 0 0.7071068 0 0.7071068 6.572906 0
5.3954 SecondCar -48.76522 0.025 2.97 0 90 0 0 0.7071068 0 0.7071068 6.554873 0
5.3957 Head 0 1.6 0.78 345.15 327.8999 0 -0.124191 -0.2741586 -0.03572864 0.9529623
5.3957 FirstCar -16.2214 0.025 2.97 0 90 0 0 0.7071068 0 0.7071068 6.572107 0
5.3957 SecondCar -48.76304 0.025 2.97 0 90 0 0 0.7071068 0 0.7071068 6.554075 0
5.3961 Head 0 1.6 0.78 345.15 327.8999 0 -0.124191 -0.2741586 -0.03572864 0.9529623
5.3961 FirstCar -16.21911 0.025 2.97 0 90 0 0 0.7071068 0 0.7071068 6.571272 0
5.3961 SecondCar -48.76076 0.025 2.97 0 90 0 0 0.7071068 0 0.7071068 6.553239 0
5.3964 Head 0 1.6 0.78 345.15 327.8999 0 -0.124191 -0.2741586 -0.03572864 0.9529623
5.3964 FirstCar -16.21691 0.025 2.97 0 90 0 0 0.7071068 0 0.7071068 6.570467 0
5.3964 SecondCar -48.75856 0.025 2.97 0 90 0 0 0.7071068 0 0.7071068 6.552434 0
5.3967 Head 0 1.6 0.78 345.15 327.8999 0 -0.124191 -0.2741586 -0.03572864 0.9529623
5.3967 FirstCar -16.21472 0.025 2.97 0 90 0 0 0.7071068 0 0.7071068 6.569666 0
5.3967 SecondCar -48.75638 0.025 2.97 0 90 0 0 0.7071068 0 0.7071068 6.551634 0
5.3971 Head 0 1.6 0.78 345.15 327.8999 0 -0.124191 -0.2741586 -0.03572864 0.9529623
5.3971 FirstCar -16.21255 0.025 2.97 0 90 0 0 0.7071068 0 0.7071068 6.568874 0
5.3971 SecondCar -48.75422 0.025 2.97 0 90 0 0 0.7071068 0 0.7071068 6.550841 0
5.3974 Head 0 1.6 0.78 345.15 327.8999 0 -0.124191 -0.2741586 -0.03572864 0.9529623
5.3974 FirstCar -16.21033 0.025 2.97 0 90 0 0 0.7071068 0 0.7071068 6.568062 0
5.3974 SecondCar -48.752 0.025 2.97 0 90 0 0 0.7071068 0 0.7071068 6.55003 0
5.3977 Head 0 1.6 0.78 345.15 327.8999 0 -0.124191 -0.2741586 -0.03572864 0.9529623
5.3977 FirstCar -16.20815 0.025 2.97 0 90 0 0 0.7071068 0 0.7071068 6.567267 0
5.3977 SecondCar -48.74983 0.025 2.97 0 90 0 0 0.7071068 0 0.7071068 6.549235 0
5.3981 Head 0 1.6 0.78 345.15 327.8999 0 -0.124191 -0.2741586 -0.03572864 0.9529623
5.3981 FirstCar -16.20603 0.025 2.97 0 90 0 0 0.7071068 0 0.7071068 6.566491 0
5.3981 SecondCar -48.74771 0.025 2.97 0 90 0 0 0.7071068 0 0.7071068 6.548459 0
5.3984 Head 0 1.6 0.78 345.15 327.8999 0 -0.124191 -0.2741586 -0.03572864 0.9529623
5.3984 FirstCar -16.2036 0.025 2.97 0 90 0 0 0.7071068 0 0.7071068 6.565604 0
5.3984 SecondCar -48.74529 0.025 2.97 0 90 0 0 0.7071068 0 0.7071068 6.547572 0
5.3988 Head 0 1.6 0.78 345.15 327.8999 0 -0.124191 -0.2741586 -0.03572864 0.9529623
5.3988 FirstCar -16.20137 0.025 2.97 0 90 0 0 0.7071068 0 0.7071068 6.564788 0
5.3988 SecondCar -48.74306 0.025 2.97 0 90 0 0 0.7071068 0 0.7071068 6.546755 0
5.3992 Head 0 1.6 0.78 345.15 327.8999 0 -0.124191 -0.2741586 -0.03572864 0.9529623
5.3992 FirstCar -16.19876 0.025 2.97 0 90 0 0 0.7071068 0 0.7071068 6.563836 0
5.3992 SecondCar -48.74047 0.025 2.97 0 90 0 0 0.7071068 0 0.7071068 6.545804 0
5.3996 Head 0 1.6 0.78 345.15 327.8999 0 -0.124191 -0.2741586 -0.03572864 0.9529623
5.3996 FirstCar -16.19589 0.025 2.97 0 90 0 0 0.7071068 0 0.7071068 6.562785 0
5.3996 SecondCar -48.7376 0.025 2.97 0 90 0 0 0.7071068 0 0.7071068 6.544752 0
5.4000 Head 0 1.6 0.78 345.15 327.8999 0 -0.124191 -0.2741586 -0.03572864 0.9529623
5.4000 FirstCar -16.19331 0.025 2.97 0 90 0 0 0.7071068 0 0.7071068 6.561843 0
5.4000 SecondCar -48.73503 0.025 2.97 0 90 0 0 0.7071068 0 0.7071068 6.54381 0
5.4004 Head 0 1.6 0.78 345.15 327.8999 0 -0.124191 -0.2741586 -0.03572864 0.9529623
5.4004 FirstCar -16.19058 0.025 2.97 0 90 0 0 0.7071068 0 0.7071068 6.560843 0
5.4004 SecondCar -48.73231 0.025 2.97 0 90 0 0 0.7071068 0 0.7071068 6.542811 0
5.4008 Head 0 1.6 0.78 345.15 327.8999 0 -0.124191 -0.2741586 -0.03572864 0.9529623
5.4008 FirstCar -16.18823 0.025 2.97 0 90 0 0 0.7071068 0 0.7071068 6.559983 0
5.4008 SecondCar -48.72996 0.025 2.97 0 90 0 0 0.7071068 0 0.7071068 6.54195 0
5.4011 Head 0 1.6 0.78 345.15 327.8999 0 -0.124191 -0.2741586 -0.03572864 0.9529623
5.4011 FirstCar -16.18582 0.025 2.97 0 90 0 0 0.7071068 0 0.7071068 6.559103 0
5.4011 SecondCar -48.72757 0.025 2.97 0 90 0 0 0.7071068 0 0.7071068 6.54107 0
5.4015 Head 0 1.6 0.78 345.15 327.8999 0 -0.124191 -0.2741586 -0.03572864 0.9529623
5.4015 FirstCar -16.18348 0.025 2.97 0 90 0 0 0.7071068 0 0.7071068 6.558244 0
5.4015 SecondCar -48.72522 0.025 2.97 0 90 0 0 0.7071068 0 0.7071068 6.540211 0
5.4018 Head 0 1.6 0.78 345.15 327.8999 0 -0.124191 -0.2741586 -0.03572864 0.9529623
5.4018 FirstCar -16.18112 0.025 2.97 0 90 0 0 0.7071068 0 0.7071068 6.55738 0
5.4018 SecondCar -48.72287 0.025 2.97 0 90 0 0 0.7071068 0 0.7071068 6.539348 0
5.4022 Head 0 1.6 0.78 345.15 327.8999 0 -0.124191 -0.2741586 -0.03572864 0.9529623
5.4022 FirstCar -16.1788 0.025 2.97 0 90 0 0 0.7071068 0 0.7071068 6.556532 0
5.4022 SecondCar -48.72056 0.025 2.97 0 90 0 0 0.7071068 0 0.7071068 6.538499 0
5.4026 Head 0 1.6 0.78 345.15 327.8999 0 -0.124191 -0.2741586 -0.03572864 0.9529623
5.4026 FirstCar -16.17649 0.025 2.97 0 90 0 0 0.7071068 0 0.7071068 6.555687 0
5.4026 SecondCar -48.71826 0.025 2.97 0 90 0 0 0.7071068 0 0.7071068 6.537654 0
5.4029 Head 0 1.6 0.78 345.15 327.8999 0 -0.124191 -0.2741586 -0.03572864 0.9529623
5.4029 FirstCar -16.1742 0.025 2.97 0 90 0 0 0.7071068 0 0.7071068 6.55485 0
5.4029 SecondCar -48.71598 0.025 2.97 0 90 0 0 0.7071068 0 0.7071068 6.536817 0
5.4033 Head 0 1.6 0.78 345.15 327.8999 0 -0.124191 -0.2741586 -0.03572864 0.9529623
5.4033 FirstCar -16.17177 0.025 2.97 0 90 0 0 0.7071068 0 0.7071068 6.553959 0
5.4033 SecondCar -48.71355 0.025 2.97 0 90 0 0 0.7071068 0 0.7071068 6.535926 0
5.4036 Head 0 1.6 0.78 345.15 327.8999 0 -0.124191 -0.2741586 -0.03572864 0.9529623
5.4036 FirstCar -16.16953 0.025 2.97 0 90 0 0 0.7071068 0 0.7071068 6.553136 0
5.4036 SecondCar -48.71131 0.025 2.97 0 90 0 0 0.7071068 0 0.7071068 6.535104 0
5.4040 Head 0 1.6 0.78 345.15 327.8999 0 -0.124191 -0.2741586 -0.03572864 0.9529623
5.4040 FirstCar -16.16732 0.025 2.97 0 90 0 0 0.7071068 0 0.7071068 6.55233 0
5.4040 SecondCar -48.70912 0.025 2.97 0 90 0 0 0.7071068 0 0.7071068 6.534298 0
5.4043 Head 0 1.6 0.78 345.15 327.8999 0 -0.124191 -0.2741586 -0.03572864 0.9529623
5.4043 FirstCar -16.16513 0.025 2.97 0 90 0 0 0.7071068 0 0.7071068 6.551528 0
5.4043 SecondCar -48.70694 0.025 2.97 0 90 0 0 0.7071068 0 0.7071068 6.533496 0
5.4046 Head 0 1.6 0.78 345.15 327.8999 0 -0.124191 -0.2741586 -0.03572864 0.9529623
5.4046 FirstCar -16.16282 0.025 2.97 0 90 0 0 0.7071068 0 0.7071068 6.550682 0
5.4046 SecondCar -48.70463 0.025 2.97 0 90 0 0 0.7071068 0 0.7071068 6.53265 0
5.4050 Head 0 1.6 0.78 345.15 327.8999 0 -0.124191 -0.2741586 -0.03572864 0.9529623
5.4050 FirstCar -16.16064 0.025 2.97 0 90 0 0 0.7071068 0 0.7071068 6.549882 0
5.4050 SecondCar -48.70246 0.025 2.97 0 90 0 0 0.7071068 0 0.7071068 6.53185 0
5.4053 Head 0 1.6 0.78 345.15 327.8999 0 -0.124191 -0.2741586 -0.03572864 0.9529623
5.4053 FirstCar -16.15816 0.025 2.97 0 90 0 0 0.7071068 0 0.7071068 6.548972 0
5.4053 SecondCar -48.69998 0.025 2.97 0 90 0 0 0.7071068 0 0.7071068 6.53094 0
5.4057 Head 0 1.6 0.78 345.15 327.8999 0 -0.124191 -0.2741586 -0.03572864 0.9529623
5.4057 FirstCar -16.15595 0.025 2.97 0 90 0 0 0.7071068 0 0.7071068 6.548163 0
5.4057 SecondCar -48.69778 0.025 2.97 0 90 0 0 0.7071068 0 0.7071068 6.530131 0
5.4060 Head 0 1.6 0.78 345.15 327.8999 0 -0.124191 -0.2741586 -0.03572864 0.9529623
5.4060 FirstCar -16.15377 0.025 2.97 0 90 0 0 0.7071068 0 0.7071068 6.547363 0
5.4060 SecondCar -48.6956 0.025 2.97 0 90 0 0 0.7071068 0 0.7071068 6.52933 0
5.4064 Head 0 1.6 0.78 345.15 327.8999 0 -0.124191 -0.2741586 -0.03572864 0.9529623
5.4064 FirstCar -16.15128 0.025 2.97 0 90 0 0 0.7071068 0 0.7071068 6.546451 0
5.4064 SecondCar -48.69312 0.025 2.97 0 90 0 0 0.7071068 0 0.7071068 6.528418 0
5.4067 Head 0 1.6 0.78 345.15 327.8999 0 -0.124191 -0.2741586 -0.03572864 0.9529623
5.4067 FirstCar -16.14902 0.025 2.97 0 90 0 0 0.7071068 0 0.7071068 6.545621 0
5.4067 SecondCar -48.69087 0.025 2.97 0 90 0 0 0.7071068 0 0.7071068 6.527589 0
5.4071 Head 0 1.6 0.78 345.15 327.8999 0 -0.124191 -0.2741586 -0.03572864 0.9529623
5.4071 FirstCar -16.14689 0.025 2.97 0 90 0 0 0.7071068 0 0.7071068 6.544842 0
5.4071 SecondCar -48.68875 0.025 2.97 0 90 0 0 0.7071068 0 0.7071068 6.526809 0
5.4074 Head 0 1.6 0.78 345.15 327.8999 0 -0.124191 -0.2741586 -0.03572864 0.9529623
5.4074 FirstCar -16.14467 0.025 2.97 0 90 0 0 0.7071068 0 0.7071068 6.544025 0
5.4074 SecondCar -48.68653 0.025 2.97 0 90 0 0 0.7071068 0 0.7071068 6.525993 0
5.4077 Head 0 1.6 0.78 345.15 327.8999 0 -0.124191 -0.2741586 -0.03572864 0.9529623
5.4077 FirstCar -16.14255 0.025 2.97 0 90 0 0 0.7071068 0 0.7071068 6.543249 0
5.4077 SecondCar -48.68441 0.025 2.97 0 90 0 0 0.7071068 0 0.7071068 6.525216 0
5.4081 Head 0 1.6 0.78 345.15 327.8999 0 -0.124191 -0.2741586 -0.03572864 0.9529623
5.4081 FirstCar -16.14041 0.025 2.97 0 90 0 0 0.7071068 0 0.7071068 6.542465 0
5.4081 SecondCar -48.68229 0.025 2.97 0 90 0 0 0.7071068 0 0.7071068 6.524433 0
5.4084 Head 0 1.6 0.78 345.15 327.8999 0 -0.124191 -0.2741586 -0.03572864 0.9529623
5.4084 FirstCar -16.13817 0.025 2.97 0 90 0 0 0.7071068 0 0.7071068 6.541643 0
5.4084 SecondCar -48.68005 0.025 2.97 0 90 0 0 0.7071068 0 0.7071068 6.523611 0
5.4088 Head 0 1.6 0.78 345.15 327.8999 0 -0.124191 -0.2741586 -0.03572864 0.9529623
5.4088 FirstCar -16.13586 0.025 2.97 0 90 0 0 0.7071068 0 0.7071068 6.540793 0
5.4088 SecondCar -48.67774 0.025 2.97 0 90 0 0 0.7071068 0 0.7071068 6.522761 0
5.4091 Head 0 1.6 0.78 345.15 327.8999 0 -0.124191 -0.2741586 -0.03572864 0.9529623
5.4091 FirstCar -16.13366 0.025 2.97 0 90 0 0 0.7071068 0 0.7071068 6.539985 0
5.4091 SecondCar -48.67554 0.025 2.97 0 90 0 0 0.7071068 0 0.7071068 6.521953 0
5.4094 Head 0 1.6 0.78 345.15 327.8999 0 -0.124191 -0.2741586 -0.03572864 0.9529623
5.4094 FirstCar -16.13151 0.025 2.97 0 90 0 0 0.7071068 0 0.7071068 6.539196 0
5.4094 SecondCar -48.6734 0.025 2.97 0 90 0 0 0.7071068 0 0.7071068 6.521164 0
5.4098 Head 0 1.6 0.78 345.15 327.8999 0 -0.124191 -0.2741586 -0.03572864 0.9529623
5.4098 FirstCar -16.12927 0.025 2.97 0 90 0 0 0.7071068 0 0.7071068 6.538378 0
5.4098 SecondCar -48.67118 0.025 2.97 0 90 0 0 0.7071068 0 0.7071068 6.520345 0
5.4101 Head 0 1.6 0.78 345.15 327.8999 0 -0.124191 -0.2741586 -0.03572864 0.9529623
5.4101 FirstCar -16.12715 0.025 2.97 0 90 0 0 0.7071068 0 0.7071068 6.537599 0
5.4101 SecondCar -48.66906 0.025 2.97 0 90 0 0 0.7071068 0 0.7071068 6.519567 0
5.4105 Head 0 1.6 0.78 345.15 327.8999 0 -0.124191 -0.2741586 -0.03572864 0.9529623
5.4105 FirstCar -16.12453 0.025 2.97 0 90 0 0 0.7071068 0 0.7071068 6.536635 0
5.4105 SecondCar -48.66644 0.025 2.97 0 90 0 0 0.7071068 0 0.7071068 6.518602 0
5.4111 Head 0 1.6 0.78 345.15 327.8999 0 -0.124191 -0.2741586 -0.03572864 0.9529623
5.4111 FirstCar -16.12047 0.025 2.97 0 90 0 0 0.7071068 0 0.7071068 6.535145 0
5.4111 SecondCar -48.66239 0.025 2.97 0 90 0 0 0.7071068 0 0.7071068 6.517112 0
5.4115 Head 0 1.6 0.78 345.15 327.8999 0 -0.124191 -0.2741586 -0.03572864 0.9529623
5.4115 FirstCar -16.118 0.025 2.97 0 90 0 0 0.7071068 0 0.7071068 6.534238 0
5.4115 SecondCar -48.65993 0.025 2.97 0 90 0 0 0.7071068 0 0.7071068 6.516205 0
5.4119 Head 0 1.6 0.78 345.15 327.8999 0 -0.124191 -0.2741586 -0.03572864 0.9529623
5.4119 FirstCar -16.11539 0.025 2.97 0 90 0 0 0.7071068 0 0.7071068 6.533279 0
5.4119 SecondCar -48.65733 0.025 2.97 0 90 0 0 0.7071068 0 0.7071068 6.515247 0
5.4122 Head 0 1.6 0.78 345.15 327.8999 0 -0.124191 -0.2741586 -0.03572864 0.9529623
5.4122 FirstCar -16.11304 0.025 2.97 0 90 0 0 0.7071068 0 0.7071068 6.532415 0
5.4122 SecondCar -48.65498 0.025 2.97 0 90 0 0 0.7071068 0 0.7071068 6.514382 0
5.4126 Head 0 1.6 0.78 345.15 327.8999 0 -0.124191 -0.2741586 -0.03572864 0.9529623
5.4126 FirstCar -16.11073 0.025 2.97 0 90 0 0 0.7071068 0 0.7071068 6.531568 0
5.4126 SecondCar -48.65268 0.025 2.97 0 90 0 0 0.7071068 0 0.7071068 6.513535 0
5.4129 Head 0 1.6 0.78 345.15 327.8999 0 -0.124191 -0.2741586 -0.03572864 0.9529623
5.4129 FirstCar -16.10851 0.025 2.97 0 90 0 0 0.7071068 0 0.7071068 6.530749 0
5.4129 SecondCar -48.65046 0.025 2.97 0 90 0 0 0.7071068 0 0.7071068 6.512717 0
5.4134 Head 0 1.6 0.78 345.15 327.8999 0 -0.124191 -0.2741586 -0.03572864 0.9529623
5.4134 FirstCar -16.10548 0.025 2.97 0 90 0 0 0.7071068 0 0.7071068 6.529639 0
5.4134 SecondCar -48.64745 0.025 2.97 0 90 0 0 0.7071068 0 0.7071068 6.511607 0
5.4139 Head 0 1.6 0.78 345.15 327.8999 0 -0.124191 -0.2741586 -0.03572864 0.9529623
5.4139 FirstCar -16.10253 0.025 2.97 0 90 0 0 0.7071068 0 0.7071068 6.528552 0
5.4139 SecondCar -48.6445 0.025 2.97 0 90 0 0 0.7071068 0 0.7071068 6.510519 0
5.4143 Head 0 1.6 0.78 345.15 327.8999 0 -0.124191 -0.2741586 -0.03572864 0.9529623
5.4143 FirstCar -16.09963 0.025 2.97 0 90 0 0 0.7071068 0 0.7071068 6.527488 0
5.4143 SecondCar -48.64162 0.025 2.97 0 90 0 0 0.7071068 0 0.7071068 6.509456 0
5.4147 Head 0 1.6 0.78 345.15 327.8999 0 -0.124191 -0.2741586 -0.03572864 0.9529623
5.4147 FirstCar -16.0968 0.025 2.97 0 90 0 0 0.7071068 0 0.7071068 6.526445 0
5.4147 SecondCar -48.63879 0.025 2.97 0 90 0 0 0.7071068 0 0.7071068 6.508412 0
5.4151 Head 0 1.6 0.78 345.15 327.8999 0 -0.124191 -0.2741586 -0.03572864 0.9529623
5.4151 FirstCar -16.09431 0.025 2.97 0 90 0 0 0.7071068 0 0.7071068 6.52553 0
5.4151 SecondCar -48.63631 0.025 2.97 0 90 0 0 0.7071068 0 0.7071068 6.507498 0
5.4155 Head 0 1.6 0.78 345.15 327.8999 0 -0.124191 -0.2741586 -0.03572864 0.9529623
5.4155 FirstCar -16.09167 0.025 2.97 0 90 0 0 0.7071068 0 0.7071068 6.52456 0
5.4155 SecondCar -48.63367 0.025 2.97 0 90 0 0 0.7071068 0 0.7071068 6.506527 0
5.4159 Head 0 1.6 0.78 345.15 327.8999 0 -0.124191 -0.2741586 -0.03572864 0.9529623
5.4159 FirstCar -16.08907 0.025 2.97 0 90 0 0 0.7071068 0 0.7071068 6.523603 0
5.4159 SecondCar -48.63108 0.025 2.97 0 90 0 0 0.7071068 0 0.7071068 6.50557 0
5.4163 Head 0 1.6 0.78 345.15 327.8999 0 -0.124191 -0.2741586 -0.03572864 0.9529623
5.4163 FirstCar -16.08661 0.025 2.97 0 90 0 0 0.7071068 0 0.7071068 6.522699 0
5.4163 SecondCar -48.62863 0.025 2.97 0 90 0 0 0.7071068 0 0.7071068 6.504667 0
5.4167 Head 0 1.6 0.78 345.15 327.8999 0 -0.124191 -0.2741586 -0.03572864 0.9529623
5.4167 FirstCar -16.08428 0.025 2.97 0 90 0 0 0.7071068 0 0.7071068 6.521842 0
5.4167 SecondCar -48.62631 0.025 2.97 0 90 0 0 0.7071068 0 0.7071068 6.503809 0
5.4170 Head 0 1.6 0.78 345.15 327.8999 0 -0.124191 -0.2741586 -0.03572864 0.9529623
5.4170 FirstCar -16.08194 0.025 2.97 0 90 0 0 0.7071068 0 0.7071068 6.52098 0
5.4170 SecondCar -48.62397 0.025 2.97 0 90 0 0 0.7071068 0 0.7071068 6.502948 0
5.4173 Head 0 1.6 0.78 345.15 327.8999 0 -0.124191 -0.2741586 -0.03572864 0.9529623
5.4173 FirstCar -16.07977 0.025 2.97 0 90 0 0 0.7071068 0 0.7071068 6.520181 0
5.4173 SecondCar -48.62181 0.025 2.97 0 90 0 0 0.7071068 0 0.7071068 6.502148 0
5.4177 Head 0 1.6 0.78 345.15 327.8999 0 -0.124191 -0.2741586 -0.03572864 0.9529623
5.4177 FirstCar -16.07762 0.025 2.97 0 90 0 0 0.7071068 0 0.7071068 6.519389 0
5.4177 SecondCar -48.61966 0.025 2.97 0 90 0 0 0.7071068 0 0.7071068 6.501357 0
5.4180 Head 0 1.6 0.78 345.15 327.8999 0 -0.124191 -0.2741586 -0.03572864 0.9529623
5.4180 FirstCar -16.07547 0.025 2.97 0 90 0 0 0.7071068 0 0.7071068 6.518598 0
5.4180 SecondCar -48.61752 0.025 2.97 0 90 0 0 0.7071068 0 0.7071068 6.500565 0
5.4184 Head 0 1.6 0.78 345.15 327.8999 0 -0.124191 -0.2741586 -0.03572864 0.9529623
5.4184 FirstCar -16.0732 0.025 2.97 0 90 0 0 0.7071068 0 0.7071068 6.517762 0
5.4184 SecondCar -48.61526 0.025 2.97 0 90 0 0 0.7071068 0 0.7071068 6.499729 0
5.4187 Head 0 1.6 0.78 345.15 327.8999 0 -0.124191 -0.2741586 -0.03572864 0.9529623
5.4187 FirstCar -16.07096 0.025 2.97 0 90 0 0 0.7071068 0 0.7071068 6.516936 0
5.4187 SecondCar -48.61302 0.025 2.97 0 90 0 0 0.7071068 0 0.7071068 6.498904 0
5.4190 Head 0 1.6 0.78 345.15 327.8999 0 -0.124191 -0.2741586 -0.03572864 0.9529623
5.4190 FirstCar -16.06879 0.025 2.97 0 90 0 0 0.7071068 0 0.7071068 6.516137 0
5.4190 SecondCar -48.61086 0.025 2.97 0 90 0 0 0.7071068 0 0.7071068 6.498105 0
5.4194 Head 0 1.6 0.78 345.15 327.8999 0 -0.124191 -0.2741586 -0.03572864 0.9529623
5.4194 FirstCar -16.06617 0.025 2.97 0 90 0 0 0.7071068 0 0.7071068 6.515171 0
5.4194 SecondCar -48.60824 0.025 2.97 0 90 0 0 0.7071068 0 0.7071068 6.497138 0
5.4198 Head 0 1.6 0.78 345.15 327.8999 0 -0.124191 -0.2741586 -0.03572864 0.9529623
5.4198 FirstCar -16.06399 0.025 2.97 0 90 0 0 0.7071068 0 0.7071068 6.514368 0
5.4198 SecondCar -48.60607 0.025 2.97 0 90 0 0 0.7071068 0 0.7071068 6.496336 0
5.4201 Head 0 1.6 0.78 345.15 327.8999 0 -0.124191 -0.2741586 -0.03572864 0.9529623
5.4201 FirstCar -16.06177 0.025 2.97 0 90 0 0 0.7071068 0 0.7071068 6.513552 0
5.4201 SecondCar -48.60386 0.025 2.97 0 90 0 0 0.7071068 0 0.7071068 6.49552 0
5.4204 Head 0 1.6 0.78 345.15 327.8999 0 -0.124191 -0.2741586 -0.03572864 0.9529623
5.4204 FirstCar -16.05956 0.025 2.97 0 90 0 0 0.7071068 0 0.7071068 6.512737 0
5.4204 SecondCar -48.60166 0.025 2.97 0 90 0 0 0.7071068 0 0.7071068 6.494705 0
5.4208 Head 0 1.6 0.78 345.15 327.8999 0 -0.124191 -0.2741586 -0.03572864 0.9529623
5.4208 FirstCar -16.0574 0.025 2.97 0 90 0 0 0.7071068 0 0.7071068 6.511941 0
5.4208 SecondCar -48.5995 0.025 2.97 0 90 0 0 0.7071068 0 0.7071068 6.493908 0
5.4211 Head 0 1.6 0.78 345.15 327.8999 0 -0.124191 -0.2741586 -0.03572864 0.9529623
5.4211 FirstCar -16.05521 0.025 2.97 0 90 0 0 0.7071068 0 0.7071068 6.511133 0
5.4211 SecondCar -48.59732 0.025 2.97 0 90 0 0 0.7071068 0 0.7071068 6.493101 0
5.4214 Head 0 1.6 0.78 345.15 327.8999 0 -0.124191 -0.2741586 -0.03572864 0.9529623
5.4214 FirstCar -16.05308 0.025 2.97 0 90 0 0 0.7071068 0 0.7071068 6.510347 0
5.4214 SecondCar -48.59519 0.025 2.97 0 90 0 0 0.7071068 0 0.7071068 6.492315 0
5.4218 Head 0 1.6 0.78 345.15 327.8999 0 -0.124191 -0.2741586 -0.03572864 0.9529623
5.4218 FirstCar -16.05095 0.025 2.97 0 90 0 0 0.7071068 0 0.7071068 6.509562 0
5.4218 SecondCar -48.59307 0.025 2.97 0 90 0 0 0.7071068 0 0.7071068 6.491529 0
5.4221 Head 0 1.6 0.78 345.15 327.8999 0 -0.124191 -0.2741586 -0.03572864 0.9529623
5.4221 FirstCar -16.04881 0.025 2.97 0 90 0 0 0.7071068 0 0.7071068 6.508775 0
5.4221 SecondCar -48.59094 0.025 2.97 0 90 0 0 0.7071068 0 0.7071068 6.490743 0
5.4224 Head 0 1.6 0.78 345.15 327.8999 0 -0.124191 -0.2741586 -0.03572864 0.9529623
5.4224 FirstCar -16.04655 0.025 2.97 0 90 0 0 0.7071068 0 0.7071068 6.507941 0
5.4224 SecondCar -48.58868 0.025 2.97 0 90 0 0 0.7071068 0 0.7071068 6.489908 0
5.4228 Head 0 1.6 0.78 345.15 327.8999 0 -0.124191 -0.2741586 -0.03572864 0.9529623
5.4228 FirstCar -16.04417 0.025 2.97 0 90 0 0 0.7071068 0 0.7071068 6.507063 0
5.4228 SecondCar -48.58631 0.025 2.97 0 90 0 0 0.7071068 0 0.7071068 6.489031 0
5.4231 Head 0 1.6 0.78 345.15 327.8999 0 -0.124191 -0.2741586 -0.03572864 0.9529623
5.4231 FirstCar -16.04198 0.025 2.97 0 90 0 0 0.7071068 0 0.7071068 6.506253 0
5.4231 SecondCar -48.58412 0.025 2.97 0 90 0 0 0.7071068 0 0.7071068 6.488221 0
5.4235 Head 0 1.6 0.78 345.15 327.8999 0 -0.124191 -0.2741586 -0.03572864 0.9529623
5.4235 FirstCar -16.0397 0.025 2.97 0 90 0 0 0.7071068 0 0.7071068 6.505414 0
5.4235 SecondCar -48.58185 0.025 2.97 0 90 0 0 0.7071068 0 0.7071068 6.487381 0
5.4238 Head 0 1.6 0.78 345.15 327.8999 0 -0.124191 -0.2741586 -0.03572864 0.9529623
5.4238 FirstCar -16.03756 0.025 2.97 0 90 0 0 0.7071068 0 0.7071068 6.504623 0
5.4238 SecondCar -48.57971 0.025 2.97 0 90 0 0 0.7071068 0 0.7071068 6.486591 0
5.4242 Head 0 1.6 0.78 345.15 327.8999 0 -0.124191 -0.2741586 -0.03572864 0.9529623
5.4242 FirstCar -16.03541 0.025 2.97 0 90 0 0 0.7071068 0 0.7071068 6.503831 0
5.4242 SecondCar -48.57757 0.025 2.97 0 90 0 0 0.7071068 0 0.7071068 6.485798 0
5.4245 Head 0 1.6 0.78 345.15 327.8999 0 -0.124191 -0.2741586 -0.03572864 0.9529623
5.4245 FirstCar -16.03308 0.025 2.97 0 90 0 0 0.7071068 0 0.7071068 6.502971 0
5.4245 SecondCar -48.57525 0.025 2.97 0 90 0 0 0.7071068 0 0.7071068 6.484939 0
5.4248 Head 0 1.6 0.78 345.15 327.8999 0 -0.124191 -0.2741586 -0.03572864 0.9529623
5.4248 FirstCar -16.03093 0.025 2.97 0 90 0 0 0.7071068 0 0.7071068 6.502178 0
5.4248 SecondCar -48.5731 0.025 2.97 0 90 0 0 0.7071068 0 0.7071068 6.484145 0
5.4252 Head 0 1.6 0.78 345.15 327.8999 0 -0.124191 -0.2741586 -0.03572864 0.9529623
5.4252 FirstCar -16.02863 0.025 2.97 0 90 0 0 0.7071068 0 0.7071068 6.501328 0
5.4252 SecondCar -48.57081 0.025 2.97 0 90 0 0 0.7071068 0 0.7071068 6.483296 0
5.4256 Head 0 1.6 0.78 345.15 327.8999 0 -0.124191 -0.2741586 -0.03572864 0.9529623
5.4256 FirstCar -16.0263 0.025 2.97 0 90 0 0 0.7071068 0 0.7071068 6.500468 0
5.4256 SecondCar -48.56849 0.025 2.97 0 90 0 0 0.7071068 0 0.7071068 6.482435 0
5.4259 Head 0 1.6 0.78 345.15 327.8999 0 -0.124191 -0.2741586 -0.03572864 0.9529623
5.4259 FirstCar -16.02409 0.025 2.97 0 90 0 0 0.7071068 0 0.7071068 6.499652 0
5.4259 SecondCar -48.56628 0.025 2.97 0 90 0 0 0.7071068 0 0.7071068 6.481619 0
5.4262 Head 0 1.6 0.78 345.15 327.8999 0 -0.124191 -0.2741586 -0.03572864 0.9529623
5.4262 FirstCar -16.02185 0.025 2.97 0 90 0 0 0.7071068 0 0.7071068 6.498825 0
5.4262 SecondCar -48.56405 0.025 2.97 0 90 0 0 0.7071068 0 0.7071068 6.480793 0
5.4266 Head 0 1.6 0.78 345.15 327.8999 0 -0.124191 -0.2741586 -0.03572864 0.9529623
5.4266 FirstCar -16.01961 0.025 2.97 0 90 0 0 0.7071068 0 0.7071068 6.497996 0
5.4266 SecondCar -48.56181 0.025 2.97 0 90 0 0 0.7071068 0 0.7071068 6.479964 0
5.4269 Head 0 1.6 0.78 345.15 327.8999 0 -0.124191 -0.2741586 -0.03572864 0.9529623
5.4269 FirstCar -16.01745 0.025 2.97 0 90 0 0 0.7071068 0 0.7071068 6.497198 0
5.4269 SecondCar -48.55965 0.025 2.97 0 90 0 0 0.7071068 0 0.7071068 6.479165 0
5.4273 Head 0 1.6 0.78 345.15 327.8999 0 -0.124191 -0.2741586 -0.03572864 0.9529623
5.4273 FirstCar -16.0152 0.025 2.97 0 90 0 0 0.7071068 0 0.7071068 6.496369 0
5.4273 SecondCar -48.55742 0.025 2.97 0 90 0 0 0.7071068 0 0.7071068 6.478336 0
5.4276 Head 0 1.6 0.78 345.15 327.8999 0 -0.124191 -0.2741586 -0.03572864 0.9529623
5.4276 FirstCar -16.01295 0.025 2.97 0 90 0 0 0.7071068 0 0.7071068 6.495537 0
5.4276 SecondCar -48.55517 0.025 2.97 0 90 0 0 0.7071068 0 0.7071068 6.477505 0
5.4279 Head 0 1.6 0.78 345.15 327.8999 0 -0.124191 -0.2741586 -0.03572864 0.9529623
5.4279 FirstCar -16.01078 0.025 2.97 0 90 0 0 0.7071068 0 0.7071068 6.494736 0
5.4279 SecondCar -48.55301 0.025 2.97 0 90 0 0 0.7071068 0 0.7071068 6.476703 0
5.4283 Head 0 1.6 0.78 345.15 327.8999 0 -0.124191 -0.2741586 -0.03572864 0.9529623
5.4283 FirstCar -16.00866 0.025 2.97 0 90 0 0 0.7071068 0 0.7071068 6.493952 0
5.4283 SecondCar -48.55089 0.025 2.97 0 90 0 0 0.7071068 0 0.7071068 6.47592 0
5.4286 Head 0 1.6 0.78 345.15 327.8999 0 -0.124191 -0.2741586 -0.03572864 0.9529623
5.4286 FirstCar -16.00646 0.025 2.97 0 90 0 0 0.7071068 0 0.7071068 6.493136 0
5.4286 SecondCar -48.54869 0.025 2.97 0 90 0 0 0.7071068 0 0.7071068 6.475104 0
5.4290 Head 0 1.6 0.78 345.15 327.8999 0 -0.124191 -0.2741586 -0.03572864 0.9529623
5.4290 FirstCar -16.00426 0.025 2.97 0 90 0 0 0.7071068 0 0.7071068 6.492324 0
5.4290 SecondCar -48.5465 0.025 2.97 0 90 0 0 0.7071068 0 0.7071068 6.474291 0
5.4293 Head 0 1.6 0.78 345.15 327.8999 0 -0.124191 -0.2741586 -0.03572864 0.9529623
5.4293 FirstCar -16.00173 0.025 2.97 0 90 0 0 0.7071068 0 0.7071068 6.491389 0
5.4293 SecondCar -48.54398 0.025 2.97 0 90 0 0 0.7071068 0 0.7071068 6.473356 0
5.4297 Head 0 1.6 0.78 345.15 327.8999 0 -0.124191 -0.2741586 -0.03572864 0.9529623
5.4297 FirstCar -15.99955 0.025 2.97 0 90 0 0 0.7071068 0 0.7071068 6.490581 0
5.4297 SecondCar -48.5418 0.025 2.97 0 90 0 0 0.7071068 0 0.7071068 6.472548 0
5.4300 Head 0 1.6 0.78 345.15 327.8999 0 -0.124191 -0.2741586 -0.03572864 0.9529623
5.4300 FirstCar -15.99744 0.025 2.97 0 90 0 0 0.7071068 0 0.7071068 6.489802 0
5.4300 SecondCar -48.5397 0.025 2.97 0 90 0 0 0.7071068 0 0.7071068 6.47177 0
5.4305 Head 0 1.6 0.78 345.15 327.8999 0 -0.124191 -0.2741586 -0.03572864 0.9529623
5.4305 FirstCar -15.99453 0.025 2.97 0 90 0 0 0.7071068 0 0.7071068 6.488728 0
5.4305 SecondCar -48.5368 0.025 2.97 0 90 0 0 0.7071068 0 0.7071068 6.470695 0
5.4311 Head 0 1.6 0.78 345.15 327.8999 0 -0.124191 -0.2741586 -0.03572864 0.9529623
5.4311 FirstCar -15.99048 0.025 2.97 0 90 0 0 0.7071068 0 0.7071068 6.487228 0
5.4311 SecondCar -48.53276 0.025 2.97 0 90 0 0 0.7071068 0 0.7071068 6.469195 0
5.4315 Head 0 1.6 0.78 345.15 327.8999 0 -0.124191 -0.2741586 -0.03572864 0.9529623
5.4315 FirstCar -15.98788 0.025 2.97 0 90 0 0 0.7071068 0 0.7071068 6.486267 0
5.4315 SecondCar -48.53017 0.025 2.97 0 90 0 0 0.7071068 0 0.7071068 6.468234 0
5.4318 Head 0 1.6 0.78 345.15 327.8999 0 -0.124191 -0.2741586 -0.03572864 0.9529623
5.4318 FirstCar -15.98557 0.025 2.97 0 90 0 0 0.7071068 0 0.7071068 6.485413 0
5.4318 SecondCar -48.52787 0.025 2.97 0 90 0 0 0.7071068 0 0.7071068 6.467381 0
5.4322 Head 0 1.6 0.78 345.15 327.8999 0 -0.124191 -0.2741586 -0.03572864 0.9529623
5.4322 FirstCar -15.98333 0.025 2.97 0 90 0 0 0.7071068 0 0.7071068 6.484583 0
5.4322 SecondCar -48.52563 0.025 2.97 0 90 0 0 0.7071068 0 0.7071068 6.46655 0
5.4326 Head 0 1.6 0.78 345.15 327.8999 0 -0.124191 -0.2741586 -0.03572864 0.9529623
5.4326 FirstCar -15.98067 0.025 2.97 0 90 0 0 0.7071068 0 0.7071068 6.483597 0
5.4326 SecondCar -48.52297 0.025 2.97 0 90 0 0 0.7071068 0 0.7071068 6.465564 0
5.4330 Head 0 1.6 0.78 345.15 327.8999 0 -0.124191 -0.2741586 -0.03572864 0.9529623
5.4330 FirstCar -15.97802 0.025 2.97 0 90 0 0 0.7071068 0 0.7071068 6.482616 0
5.4330 SecondCar -48.52033 0.025 2.97 0 90 0 0 0.7071068 0 0.7071068 6.464584 0
5.4336 Head 0 1.6 0.78 345.15 327.8999 0 -0.124191 -0.2741586 -0.03572864 0.9529623
5.4336 FirstCar -15.97432 0.025 2.97 0 90 0 0 0.7071068 0 0.7071068 6.481246 0
5.4336 SecondCar -48.51664 0.025 2.97 0 90 0 0 0.7071068 0 0.7071068 6.463214 0
5.4340 Head 0 1.6 0.78 345.15 327.8999 0 -0.124191 -0.2741586 -0.03572864 0.9529623
5.4340 FirstCar -15.97141 0.025 2.97 0 90 0 0 0.7071068 0 0.7071068 6.480168 0
5.4340 SecondCar -48.51374 0.025 2.97 0 90 0 0 0.7071068 0 0.7071068 6.462136 0
5.4344 Head 0 1.6 0.78 345.15 327.8999 0 -0.124191 -0.2741586 -0.03572864 0.9529623
5.4344 FirstCar -15.96893 0.025 2.97 0 90 0 0 0.7071068 0 0.7071068 6.479253 0
5.4344 SecondCar -48.51128 0.025 2.97 0 90 0 0 0.7071068 0 0.7071068 6.46122 0
5.4348 Head 0 1.6 0.78 345.15 327.8999 0 -0.124191 -0.2741586 -0.03572864 0.9529623
5.4348 FirstCar -15.96664 0.025 2.97 0 90 0 0 0.7071068 0 0.7071068 6.478404 0
5.4348 SecondCar -48.50899 0.025 2.97 0 90 0 0 0.7071068 0 0.7071068 6.460371 0
5.4351 Head 0 1.6 0.78 345.15 327.8999 0 -0.124191 -0.2741586 -0.03572864 0.9529623
5.4351 FirstCar -15.96428 0.025 2.97 0 90 0 0 0.7071068 0 0.7071068 6.477529 0
5.4351 SecondCar -48.50664 0.025 2.97 0 90 0 0 0.7071068 0 0.7071068 6.459496 0
5.4355 Head 0 1.6 0.78 345.15 327.8999 0 -0.124191 -0.2741586 -0.03572864 0.9529623
5.4355 FirstCar -15.96204 0.025 2.97 0 90 0 0 0.7071068 0 0.7071068 6.476697 0
5.4355 SecondCar -48.5044 0.025 2.97 0 90 0 0 0.7071068 0 0.7071068 6.458665 0
5.4358 Head 0 1.6 0.78 345.15 327.8999 0 -0.124191 -0.2741586 -0.03572864 0.9529623
5.4358 FirstCar -15.95962 0.025 2.97 0 90 0 0 0.7071068 0 0.7071068 6.475803 0
5.4358 SecondCar -48.502 0.025 2.97 0 90 0 0 0.7071068 0 0.7071068 6.45777 0
5.4362 Head 0 1.6 0.78 345.15 327.8999 0 -0.124191 -0.2741586 -0.03572864 0.9529623
5.4362 FirstCar -15.95743 0.025 2.97 0 90 0 0 0.7071068 0 0.7071068 6.474989 0
5.4362 SecondCar -48.49981 0.025 2.97 0 90 0 0 0.7071068 0 0.7071068 6.456957 0
5.4365 Head 0 1.6 0.78 345.15 327.8999 0 -0.124191 -0.2741586 -0.03572864 0.9529623
5.4365 FirstCar -15.95528 0.025 2.97 0 90 0 0 0.7071068 0 0.7071068 6.474195 0
5.4365 SecondCar -48.49767 0.025 2.97 0 90 0 0 0.7071068 0 0.7071068 6.456162 0
5.4369 Head 0 1.6 0.78 345.15 327.8999 0 -0.124191 -0.2741586 -0.03572864 0.9529623
5.4369 FirstCar -15.95286 0.025 2.97 0 90 0 0 0.7071068 0 0.7071068 6.473298 0
5.4369 SecondCar -48.49525 0.025 2.97 0 90 0 0 0.7071068 0 0.7071068 6.455265 0
5.4373 Head 0 1.6 0.78 345.15 327.8999 0 -0.124191 -0.2741586 -0.03572864 0.9529623
5.4373 FirstCar -15.95046 0.025 2.97 0 90 0 0 0.7071068 0 0.7071068 6.472406 0
5.4373 SecondCar -48.49286 0.025 2.97 0 90 0 0 0.7071068 0 0.7071068 6.454374 0
5.4376 Head 0 1.6 0.78 345.15 327.8999 0 -0.124191 -0.2741586 -0.03572864 0.9529623
5.4376 FirstCar -15.94825 0.025 2.97 0 90 0 0 0.7071068 0 0.7071068 6.471585 0
5.4376 SecondCar -48.49065 0.025 2.97 0 90 0 0 0.7071068 0 0.7071068 6.453553 0
5.4379 Head 0 1.6 0.78 345.15 327.8999 0 -0.124191 -0.2741586 -0.03572864 0.9529623
5.4379 FirstCar -15.94608 0.025 2.97 0 90 0 0 0.7071068 0 0.7071068 6.47078 0
5.4379 SecondCar -48.48848 0.025 2.97 0 90 0 0 0.7071068 0 0.7071068 6.452747 0
5.4383 Head 0 1.6 0.78 345.15 327.8999 0 -0.124191 -0.2741586 -0.03572864 0.9529623
5.4383 FirstCar -15.94388 0.025 2.97 0 90 0 0 0.7071068 0 0.7071068 6.469965 0
5.4383 SecondCar -48.48629 0.025 2.97 0 90 0 0 0.7071068 0 0.7071068 6.451932 0
5.4386 Head 0 1.6 0.78 345.15 327.8999 0 -0.124191 -0.2741586 -0.03572864 0.9529623
5.4386 FirstCar -15.9417 0.025 2.97 0 90 0 0 0.7071068 0 0.7071068 6.469158 0
5.4386 SecondCar -48.48412 0.025 2.97 0 90 0 0 0.7071068 0 0.7071068 6.451126 0
5.4389 Head 0 1.6 0.78 345.15 327.8999 0 -0.124191 -0.2741586 -0.03572864 0.9529623
5.4389 FirstCar -15.93955 0.025 2.97 0 90 0 0 0.7071068 0 0.7071068 6.46836 0
5.4389 SecondCar -48.48198 0.025 2.97 0 90 0 0 0.7071068 0 0.7071068 6.450327 0
5.4393 Head 0 1.6 0.78 345.15 327.8999 0 -0.124191 -0.2741586 -0.03572864 0.9529623
5.4393 FirstCar -15.93722 0.025 2.97 0 90 0 0 0.7071068 0 0.7071068 6.467494 0
5.4393 SecondCar -48.47965 0.025 2.97 0 90 0 0 0.7071068 0 0.7071068 6.449461 0
5.4396 Head 0 1.6 0.78 345.15 327.8999 0 -0.124191 -0.2741586 -0.03572864 0.9529623
5.4396 FirstCar -15.93508 0.025 2.97 0 90 0 0 0.7071068 0 0.7071068 6.466701 0
5.4396 SecondCar -48.47752 0.025 2.97 0 90 0 0 0.7071068 0 0.7071068 6.448668 0
5.4400 Head 0 1.6 0.78 345.15 327.8999 0 -0.124191 -0.2741586 -0.03572864 0.9529623
5.4400 FirstCar -15.93298 0.025 2.97 0 90 0 0 0.7071068 0 0.7071068 6.465919 0
5.4400 SecondCar -48.47542 0.025 2.97 0 90 0 0 0.7071068 0 0.7071068 6.447886 0
5.4404 Head 0 1.6 0.78 345.15 327.8999 0 -0.124191 -0.2741586 -0.03572864 0.9529623
5.4404 FirstCar -15.93016 0.025 2.97 0 90 0 0 0.7071068 0 0.7071068 6.464875 0
5.4404 SecondCar -48.47262 0.025 2.97 0 90 0 0 0.7071068 0 0.7071068 6.446842 0
5.4408 Head 0 1.6 0.78 345.15 327.8999 0 -0.124191 -0.2741586 -0.03572864 0.9529623
5.4408 FirstCar -15.92775 0.025 2.97 0 90 0 0 0.7071068 0 0.7071068 6.463979 0
5.4408 SecondCar -48.47021 0.025 2.97 0 90 0 0 0.7071068 0 0.7071068 6.445946 0
5.4411 Head 0 1.6 0.78 345.15 327.8999 0 -0.124191 -0.2741586 -0.03572864 0.9529623
5.4411 FirstCar -15.92544 0.025 2.97 0 90 0 0 0.7071068 0 0.7071068 6.46312 0
5.4411 SecondCar -48.46791 0.025 2.97 0 90 0 0 0.7071068 0 0.7071068 6.445088 0
5.4415 Head 0 1.6 0.78 345.15 327.8999 0 -0.124191 -0.2741586 -0.03572864 0.9529623
5.4415 FirstCar -15.92326 0.025 2.97 0 90 0 0 0.7071068 0 0.7071068 6.462311 0
5.4415 SecondCar -48.46573 0.025 2.97 0 90 0 0 0.7071068 0 0.7071068 6.444279 0
5.4418 Head 0 1.6 0.78 345.15 327.8999 0 -0.124191 -0.2741586 -0.03572864 0.9529623
5.4418 FirstCar -15.92099 0.025 2.97 0 90 0 0 0.7071068 0 0.7071068 6.461469 0
5.4418 SecondCar -48.46347 0.025 2.97 0 90 0 0 0.7071068 0 0.7071068 6.443436 0
5.4421 Head 0 1.6 0.78 345.15 327.8999 0 -0.124191 -0.2741586 -0.03572864 0.9529623
5.4421 FirstCar -15.91884 0.025 2.97 0 90 0 0 0.7071068 0 0.7071068 6.460668 0
5.4421 SecondCar -48.46132 0.025 2.97 0 90 0 0 0.7071068 0 0.7071068 6.442635 0
5.4425 Head 0 1.6 0.78 345.15 327.8999 0 -0.124191 -0.2741586 -0.03572864 0.9529623
5.4425 FirstCar -15.9166 0.025 2.97 0 90 0 0 0.7071068 0 0.7071068 6.459836 0
5.4425 SecondCar -48.45909 0.025 2.97 0 90 0 0 0.7071068 0 0.7071068 6.441803 0
5.4428 Head 0 1.6 0.78 345.15 327.8999 0 -0.124191 -0.2741586 -0.03572864 0.9529623
5.4428 FirstCar -15.91446 0.025 2.97 0 90 0 0 0.7071068 0 0.7071068 6.459042 0
5.4428 SecondCar -48.45695 0.025 2.97 0 90 0 0 0.7071068 0 0.7071068 6.44101 0
5.4431 Head 0 1.6 0.78 345.15 327.8999 0 -0.124191 -0.2741586 -0.03572864 0.9529623
5.4431 FirstCar -15.91234 0.025 2.97 0 90 0 0 0.7071068 0 0.7071068 6.458254 0
5.4431 SecondCar -48.45484 0.025 2.97 0 90 0 0 0.7071068 0 0.7071068 6.440222 0
5.4435 Head 0 1.6 0.78 345.15 327.8999 0 -0.124191 -0.2741586 -0.03572864 0.9529623
5.4435 FirstCar -15.91019 0.025 2.97 0 90 0 0 0.7071068 0 0.7071068 6.457457 0
5.4435 SecondCar -48.4527 0.025 2.97 0 90 0 0 0.7071068 0 0.7071068 6.439425 0
5.4438 Head 0 1.6 0.78 345.15 327.8999 0 -0.124191 -0.2741586 -0.03572864 0.9529623
5.4438 FirstCar -15.90793 0.025 2.97 0 90 0 0 0.7071068 0 0.7071068 6.456617 0
5.4438 SecondCar -48.45045 0.025 2.97 0 90 0 0 0.7071068 0 0.7071068 6.438584 0
5.4442 Head 0 1.6 0.78 345.15 327.8999 0 -0.124191 -0.2741586 -0.03572864 0.9529623
5.4442 FirstCar -15.90582 0.025 2.97 0 90 0 0 0.7071068 0 0.7071068 6.455831 0
5.4442 SecondCar -48.44834 0.025 2.97 0 90 0 0 0.7071068 0 0.7071068 6.437798 0
5.4445 Head 0 1.6 0.78 345.15 327.8999 0 -0.124191 -0.2741586 -0.03572864 0.9529623
5.4445 FirstCar -15.90353 0.025 2.97 0 90 0 0 0.7071068 0 0.7071068 6.454981 0
5.4445 SecondCar -48.44606 0.025 2.97 0 90 0 0 0.7071068 0 0.7071068 6.436949 0
5.4449 Head 0 1.6 0.78 345.15 327.8999 0 -0.124191 -0.2741586 -0.03572864 0.9529623
5.4449 FirstCar -15.90111 0.025 2.97 0 90 0 0 0.7071068 0 0.7071068 6.45408 0
5.4449 SecondCar -48.44364 0.025 2.97 0 90 0 0 0.7071068 0 0.7071068 6.436048 0
5.4453 Head 0 1.6 0.78 345.15 327.8999 0 -0.124191 -0.2741586 -0.03572864 0.9529623
5.4453 FirstCar -15.89876 0.025 2.97 0 90 0 0 0.7071068 0 0.7071068 6.453206 0
5.4453 SecondCar -48.4413 0.025 2.97 0 90 0 0 0.7071068 0 0.7071068 6.435174 0
5.4456 Head 0 1.6 0.78 345.15 327.8999 0 -0.124191 -0.2741586 -0.03572864 0.9529623
5.4456 FirstCar -15.89656 0.025 2.97 0 90 0 0 0.7071068 0 0.7071068 6.452387 0
5.4456 SecondCar -48.43911 0.025 2.97 0 90 0 0 0.7071068 0 0.7071068 6.434355 0
5.4460 Head 0 1.6 0.78 345.15 327.8999 0 -0.124191 -0.2741586 -0.03572864 0.9529623
5.4460 FirstCar -15.89417 0.025 2.97 0 90 0 0 0.7071068 0 0.7071068 6.451499 0
5.4460 SecondCar -48.43673 0.025 2.97 0 90 0 0 0.7071068 0 0.7071068 6.433467 0
5.4463 Head 0 1.6 0.78 345.15 327.8999 0 -0.124191 -0.2741586 -0.03572864 0.9529623
5.4463 FirstCar -15.89169 0.025 2.97 0 90 0 0 0.7071068 0 0.7071068 6.450577 0
5.4463 SecondCar -48.43425 0.025 2.97 0 90 0 0 0.7071068 0 0.7071068 6.432545 0
5.4468 Head 0 1.6 0.78 345.15 327.8999 0 -0.124191 -0.2741586 -0.03572864 0.9529623
5.4468 FirstCar -15.88909 0.025 2.97 0 90 0 0 0.7071068 0 0.7071068 6.449607 0
5.4468 SecondCar -48.43165 0.025 2.97 0 90 0 0 0.7071068 0 0.7071068 6.431574 0
5.4471 Head 0 1.6 0.78 345.15 327.8999 0 -0.124191 -0.2741586 -0.03572864 0.9529623
5.4471 FirstCar -15.88684 0.025 2.97 0 90 0 0 0.7071068 0 0.7071068 6.44877 0
5.4471 SecondCar -48.42941 0.025 2.97 0 90 0 0 0.7071068 0 0.7071068 6.430737 0
5.4475 Head 0 1.6 0.78 345.15 327.8999 0 -0.124191 -0.2741586 -0.03572864 0.9529623
5.4475 FirstCar -15.88441 0.025 2.97 0 90 0 0 0.7071068 0 0.7071068 6.447867 0
5.4475 SecondCar -48.42699 0.025 2.97 0 90 0 0 0.7071068 0 0.7071068 6.429834 0
5.4479 Head 0 1.6 0.78 345.15 327.8999 0 -0.124191 -0.2741586 -0.03572864 0.9529623
5.4479 FirstCar -15.88196 0.025 2.97 0 90 0 0 0.7071068 0 0.7071068 6.446955 0
5.4479 SecondCar -48.42455 0.025 2.97 0 90 0 0 0.7071068 0 0.7071068 6.428923 0
5.4482 Head 0 1.6 0.78 345.15 327.8999 0 -0.124191 -0.2741586 -0.03572864 0.9529623
5.4482 FirstCar -15.87973 0.025 2.97 0 90 0 0 0.7071068 0 0.7071068 6.446123 0
5.4482 SecondCar -48.42232 0.025 2.97 0 90 0 0 0.7071068 0 0.7071068 6.42809 0
5.4485 Head 0 1.6 0.78 345.15 327.8999 0 -0.124191 -0.2741586 -0.03572864 0.9529623
5.4485 FirstCar -15.87759 0.025 2.97 0 90 0 0 0.7071068 0 0.7071068 6.445328 0
5.4485 SecondCar -48.42019 0.025 2.97 0 90 0 0 0.7071068 0 0.7071068 6.427295 0
5.4489 Head 0 1.6 0.78 345.15 327.8999 0 -0.124191 -0.2741586 -0.03572864 0.9529623
5.4489 FirstCar -15.87545 0.025 2.97 0 90 0 0 0.7071068 0 0.7071068 6.444531 0
5.4489 SecondCar -48.41806 0.025 2.97 0 90 0 0 0.7071068 0 0.7071068 6.426498 0
5.4492 Head 0 1.6 0.78 345.15 327.8999 0 -0.124191 -0.2741586 -0.03572864 0.9529623
5.4492 FirstCar -15.87328 0.025 2.97 0 90 0 0 0.7071068 0 0.7071068 6.443723 0
5.4492 SecondCar -48.41589 0.025 2.97 0 90 0 0 0.7071068 0 0.7071068 6.425691 0
5.4495 Head 0 1.6 0.78 345.15 327.8999 0 -0.124191 -0.2741586 -0.03572864 0.9529623
5.4495 FirstCar -15.87109 0.025 2.97 0 90 0 0 0.7071068 0 0.7071068 6.442907 0
5.4495 SecondCar -48.41371 0.025 2.97 0 90 0 0 0.7071068 0 0.7071068 6.424875 0
5.4499 Head 0 1.6 0.78 345.15 327.8999 0 -0.124191 -0.2741586 -0.03572864 0.9529623
5.4499 FirstCar -15.86886 0.025 2.97 0 90 0 0 0.7071068 0 0.7071068 6.442076 0
5.4499 SecondCar -48.41148 0.025 2.97 0 90 0 0 0.7071068 0 0.7071068 6.424043 0
5.4503 Head 0 1.6 0.78 345.15 327.8999 0 -0.124191 -0.2741586 -0.03572864 0.9529623
5.4503 FirstCar -15.86648 0.025 2.97 0 90 0 0 0.7071068 0 0.7071068 6.441189 0
5.4503 SecondCar -48.40911 0.025 2.97 0 90 0 0 0.7071068 0 0.7071068 6.423156 0
5.4509 Head 0 1.6 0.78 345.15 327.8999 0 -0.124191 -0.2741586 -0.03572864 0.9529623
5.4509 FirstCar -15.86248 0.025 2.97 0 90 0 0 0.7071068 0 0.7071068 6.439699 0
5.4509 SecondCar -48.40512 0.025 2.97 0 90 0 0 0.7071068 0 0.7071068 6.421666 0
5.4512 Head 0 1.6 0.78 345.15 327.8999 0 -0.124191 -0.2741586 -0.03572864 0.9529623
5.4512 FirstCar -15.86012 0.025 2.97 0 90 0 0 0.7071068 0 0.7071068 6.438818 0
5.4512 SecondCar -48.40276 0.025 2.97 0 90 0 0 0.7071068 0 0.7071068 6.420785 0
5.4516 Head 0 1.6 0.78 345.15 327.8999 0 -0.124191 -0.2741586 -0.03572864 0.9529623
5.4516 FirstCar -15.85787 0.025 2.97 0 90 0 0 0.7071068 0 0.7071068 6.437981 0
5.4516 SecondCar -48.40053 0.025 2.97 0 90 0 0 0.7071068 0 0.7071068 6.419949 0
5.4519 Head 0 1.6 0.78 345.15 327.8999 0 -0.124191 -0.2741586 -0.03572864 0.9529623
5.4519 FirstCar -15.85568 0.025 2.97 0 90 0 0 0.7071068 0 0.7071068 6.437165 0
5.4519 SecondCar -48.39835 0.025 2.97 0 90 0 0 0.7071068 0 0.7071068 6.419132 0
5.4523 Head 0 1.6 0.78 345.15 327.8999 0 -0.124191 -0.2741586 -0.03572864 0.9529623
5.4523 FirstCar -15.85343 0.025 2.97 0 90 0 0 0.7071068 0 0.7071068 6.436324 0
5.4523 SecondCar -48.3961 0.025 2.97 0 90 0 0 0.7071068 0 0.7071068 6.418292 0
5.4526 Head 0 1.6 0.78 345.15 327.8999 0 -0.124191 -0.2741586 -0.03572864 0.9529623
5.4526 FirstCar -15.85125 0.025 2.97 0 90 0 0 0.7071068 0 0.7071068 6.435511 0
5.4526 SecondCar -48.39392 0.025 2.97 0 90 0 0 0.7071068 0 0.7071068 6.417478 0
5.4530 Head 0 1.6 0.78 345.15 327.8999 0 -0.124191 -0.2741586 -0.03572864 0.9529623
5.4530 FirstCar -15.8488 0.025 2.97 0 90 0 0 0.7071068 0 0.7071068 6.434595 0
5.4530 SecondCar -48.39148 0.025 2.97 0 90 0 0 0.7071068 0 0.7071068 6.416563 0
5.4534 Head 0 1.6 0.78 345.15 327.8999 0 -0.124191 -0.2741586 -0.03572864 0.9529623
5.4534 FirstCar -15.8465 0.025 2.97 0 90 0 0 0.7071068 0 0.7071068 6.433739 0
5.4534 SecondCar -48.38919 0.025 2.97 0 90 0 0 0.7071068 0 0.7071068 6.415706 0
5.4537 Head 0 1.6 0.78 345.15 327.8999 0 -0.124191 -0.2741586 -0.03572864 0.9529623
5.4537 FirstCar -15.84433 0.025 2.97 0 90 0 0 0.7071068 0 0.7071068 6.43293 0
5.4537 SecondCar -48.38702 0.025 2.97 0 90 0 0 0.7071068 0 0.7071068 6.414897 0
5.4541 Head 0 1.6 0.78 345.15 327.8999 0 -0.124191 -0.2741586 -0.03572864 0.9529623
5.4541 FirstCar -15.842 0.025 2.97 0 90 0 0 0.7071068 0 0.7071068 6.432058 0
5.4541 SecondCar -48.3847 0.025 2.97 0 90 0 0 0.7071068 0 0.7071068 6.414026 0
5.4544 Head 0 1.6 0.78 345.15 327.8999 0 -0.124191 -0.2741586 -0.03572864 0.9529623
5.4544 FirstCar -15.8397 0.025 2.97 0 90 0 0 0.7071068 0 0.7071068 6.431203 0
5.4544 SecondCar -48.38241 0.025 2.97 0 90 0 0 0.7071068 0 0.7071068 6.41317 0
5.4548 Head 0 1.6 0.78 345.15 327.8999 0 -0.124191 -0.2741586 -0.03572864 0.9529623
5.4548 FirstCar -15.83754 0.025 2.97 0 90 0 0 0.7071068 0 0.7071068 6.430396 0
5.4548 SecondCar -48.38026 0.025 2.97 0 90 0 0 0.7071068 0 0.7071068 6.412363 0
5.4551 Head 0 1.6 0.78 345.15 327.8999 0 -0.124191 -0.2741586 -0.03572864 0.9529623
5.4551 FirstCar -15.83545 0.025 2.97 0 90 0 0 0.7071068 0 0.7071068 6.429613 0
5.4551 SecondCar -48.37817 0.025 2.97 0 90 0 0 0.7071068 0 0.7071068 6.411581 0
5.4554 Head 0 1.6 0.78 345.15 327.8999 0 -0.124191 -0.2741586 -0.03572864 0.9529623
5.4554 FirstCar -15.83334 0.025 2.97 0 90 0 0 0.7071068 0 0.7071068 6.428828 0
5.4554 SecondCar -48.37607 0.025 2.97 0 90 0 0 0.7071068 0 0.7071068 6.410795 0
5.4557 Head 0 1.6 0.78 345.15 327.8999 0 -0.124191 -0.2741586 -0.03572864 0.9529623
5.4557 FirstCar -15.83121 0.025 2.97 0 90 0 0 0.7071068 0 0.7071068 6.428033 0
5.4557 SecondCar -48.37395 0.025 2.97 0 90 0 0 0.7071068 0 0.7071068 6.410001 0
5.4561 Head 0 1.6 0.78 345.15 327.8999 0 -0.124191 -0.2741586 -0.03572864 0.9529623
5.4561 FirstCar -15.8291 0.025 2.97 0 90 0 0 0.7071068 0 0.7071068 6.427245 0
5.4561 SecondCar -48.37184 0.025 2.97 0 90 0 0 0.7071068 0 0.7071068 6.409212 0
5.4564 Head 0 1.6 0.78 345.15 327.8999 0 -0.124191 -0.2741586 -0.03572864 0.9529623
5.4564 FirstCar -15.82689 0.025 2.97 0 90 0 0 0.7071068 0 0.7071068 6.426419 0
5.4564 SecondCar -48.36964 0.025 2.97 0 90 0 0 0.7071068 0 0.7071068 6.408387 0
5.4567 Head 0 1.6 0.78 345.15 327.8999 0 -0.124191 -0.2741586 -0.03572864 0.9529623
5.4567 FirstCar -15.82472 0.025 2.97 0 90 0 0 0.7071068 0 0.7071068 6.425609 0
5.4567 SecondCar -48.36747 0.025 2.97 0 90 0 0 0.7071068 0 0.7071068 6.407577 0
5.4571 Head 0 1.6 0.78 345.15 327.8999 0 -0.124191 -0.2741586 -0.03572864 0.9529623
5.4571 FirstCar -15.8226 0.025 2.97 0 90 0 0 0.7071068 0 0.7071068 6.424816 0
5.4571 SecondCar -48.36536 0.025 2.97 0 90 0 0 0.7071068 0 0.7071068 6.406783 0
5.4574 Head 0 1.6 0.78 345.15 327.8999 0 -0.124191 -0.2741586 -0.03572864 0.9529623
5.4574 FirstCar -15.82048 0.025 2.97 0 90 0 0 0.7071068 0 0.7071068 6.424023 0
5.4574 SecondCar -48.36324 0.025 2.97 0 90 0 0 0.7071068 0 0.7071068 6.405991 0
5.4578 Head 0 1.6 0.78 345.15 327.8999 0 -0.124191 -0.2741586 -0.03572864 0.9529623
5.4578 FirstCar -15.81828 0.025 2.97 0 90 0 0 0.7071068 0 0.7071068 6.423202 0
5.4578 SecondCar -48.36105 0.025 2.97 0 90 0 0 0.7071068 0 0.7071068 6.405169 0
5.4581 Head 0 1.6 0.78 345.15 327.8999 0 -0.124191 -0.2741586 -0.03572864 0.9529623
5.4581 FirstCar -15.81605 0.025 2.97 0 90 0 0 0.7071068 0 0.7071068 6.422367 0
5.4581 SecondCar -48.35882 0.025 2.97 0 90 0 0 0.7071068 0 0.7071068 6.404335 0
5.4585 Head 0 1.6 0.78 345.15 327.8999 0 -0.124191 -0.2741586 -0.03572864 0.9529623
5.4585 FirstCar -15.81374 0.025 2.97 0 90 0 0 0.7071068 0 0.7071068 6.421504 0
5.4585 SecondCar -48.35651 0.025 2.97 0 90 0 0 0.7071068 0 0.7071068 6.403471 0
5.4588 Head 0 1.6 0.78 345.15 327.8999 0 -0.124191 -0.2741586 -0.03572864 0.9529623
5.4588 FirstCar -15.81148 0.025 2.97 0 90 0 0 0.7071068 0 0.7071068 6.420661 0
5.4588 SecondCar -48.35427 0.025 2.97 0 90 0 0 0.7071068 0 0.7071068 6.402628 0
5.4592 Head 0 1.6 0.78 345.15 327.8999 0 -0.124191 -0.2741586 -0.03572864 0.9529623
5.4592 FirstCar -15.80893 0.025 2.97 0 90 0 0 0.7071068 0 0.7071068 6.419706 0
5.4592 SecondCar -48.35172 0.025 2.97 0 90 0 0 0.7071068 0 0.7071068 6.401674 0
5.4597 Head 0 1.6 0.78 345.15 327.8999 0 -0.124191 -0.2741586 -0.03572864 0.9529623
5.4597 FirstCar -15.80588 0.025 2.97 0 90 0 0 0.7071068 0 0.7071068 6.418565 0
5.4597 SecondCar -48.34868 0.025 2.97 0 90 0 0 0.7071068 0 0.7071068 6.400533 0
5.4602 Head 0 1.6 0.78 345.15 327.8999 0 -0.124191 -0.2741586 -0.03572864 0.9529623
5.4602 FirstCar -15.80282 0.025 2.97 0 90 0 0 0.7071068 0 0.7071068 6.417423 0
5.4602 SecondCar -48.34563 0.025 2.97 0 90 0 0 0.7071068 0 0.7071068 6.399391 0
5.4605 Head 0 1.6 0.78 345.15 327.8999 0 -0.124191 -0.2741586 -0.03572864 0.9529623
5.4605 FirstCar -15.80039 0.025 2.97 0 90 0 0 0.7071068 0 0.7071068 6.416512 0
5.4605 SecondCar -48.3432 0.025 2.97 0 90 0 0 0.7071068 0 0.7071068 6.39848 0
5.4609 Head 0 1.6 0.78 345.15 327.8999 0 -0.124191 -0.2741586 -0.03572864 0.9529623
5.4609 FirstCar -15.79814 0.025 2.97 0 90 0 0 0.7071068 0 0.7071068 6.41567 0
5.4609 SecondCar -48.34096 0.025 2.97 0 90 0 0 0.7071068 0 0.7071068 6.397638 0
5.4612 Head 0 1.6 0.78 345.15 327.8999 0 -0.124191 -0.2741586 -0.03572864 0.9529623
5.4612 FirstCar -15.7959 0.025 2.97 0 90 0 0 0.7071068 0 0.7071068 6.414833 0
5.4612 SecondCar -48.33873 0.025 2.97 0 90 0 0 0.7071068 0 0.7071068 6.3968 0
5.4616 Head 0 1.6 0.78 345.15 327.8999 0 -0.124191 -0.2741586 -0.03572864 0.9529623
5.4616 FirstCar -15.7935 0.025 2.97 0 90 0 0 0.7071068 0 0.7071068 6.413933 0
5.4616 SecondCar -48.33633 0.025 2.97 0 90 0 0 0.7071068 0 0.7071068 6.395901 0
5.4620 Head 0 1.6 0.78 345.15 327.8999 0 -0.124191 -0.2741586 -0.03572864 0.9529623
5.4620 FirstCar -15.79118 0.025 2.97 0 90 0 0 0.7071068 0 0.7071068 6.413066 0
5.4620 SecondCar -48.33402 0.025 2.97 0 90 0 0 0.7071068 0 0.7071068 6.395033 0
5.4623 Head 0 1.6 0.78 345.15 327.8999 0 -0.124191 -0.2741586 -0.03572864 0.9529623
5.4623 FirstCar -15.78889 0.025 2.97 0 90 0 0 0.7071068 0 0.7071068 6.412211 0
5.4623 SecondCar -48.33175 0.025 2.97 0 90 0 0 0.7071068 0 0.7071068 6.394178 0
5.4627 Head 0 1.6 0.78 345.15 327.8999 0 -0.124191 -0.2741586 -0.03572864 0.9529623
5.4627 FirstCar -15.78662 0.025 2.97 0 90 0 0 0.7071068 0 0.7071068 6.411362 0
5.4627 SecondCar -48.32948 0.025 2.97 0 90 0 0 0.7071068 0 0.7071068 6.39333 0
5.4630 Head 0 1.6 0.78 345.15 327.8999 0 -0.124191 -0.2741586 -0.03572864 0.9529623
5.4630 FirstCar -15.78431 0.025 2.97 0 90 0 0 0.7071068 0 0.7071068 6.410495 0
5.4630 SecondCar -48.32718 0.025 2.97 0 90 0 0 0.7071068 0 0.7071068 6.392463 0
5.4634 Head 0 1.6 0.78 345.15 327.8999 0 -0.124191 -0.2741586 -0.03572864 0.9529623
5.4634 FirstCar -15.78206 0.025 2.97 0 90 0 0 0.7071068 0 0.7071068 6.409652 0
5.4634 SecondCar -48.32493 0.025 2.97 0 90 0 0 0.7071068 0 0.7071068 6.391619 0
5.4638 Head 0 1.6 0.78 345.15 327.8999 0 -0.124191 -0.2741586 -0.03572864 0.9529623
5.4638 FirstCar -15.77977 0.025 2.97 0 90 0 0 0.7071068 0 0.7071068 6.408795 0
5.4638 SecondCar -48.32265 0.025 2.97 0 90 0 0 0.7071068 0 0.7071068 6.390763 0
5.4641 Head 0 1.6 0.78 345.15 327.8999 0 -0.124191 -0.2741586 -0.03572864 0.9529623
5.4641 FirstCar -15.77745 0.025 2.97 0 90 0 0 0.7071068 0 0.7071068 6.407927 0
5.4641 SecondCar -48.32034 0.025 2.97 0 90 0 0 0.7071068 0 0.7071068 6.389894 0
5.4645 Head 0 1.6 0.78 345.15 327.8999 0 -0.124191 -0.2741586 -0.03572864 0.9529623
5.4645 FirstCar -15.77522 0.025 2.97 0 90 0 0 0.7071068 0 0.7071068 6.407091 0
5.4645 SecondCar -48.31811 0.025 2.97 0 90 0 0 0.7071068 0 0.7071068 6.389059 0
5.4648 Head 0 1.6 0.78 345.15 327.8999 0 -0.124191 -0.2741586 -0.03572864 0.9529623
5.4648 FirstCar -15.77309 0.025 2.97 0 90 0 0 0.7071068 0 0.7071068 6.406292 0
5.4648 SecondCar -48.31599 0.025 2.97 0 90 0 0 0.7071068 0 0.7071068 6.388259 0
5.4651 Head 0 1.6 0.78 345.15 327.8999 0 -0.124191 -0.2741586 -0.03572864 0.9529623
5.4651 FirstCar -15.77097 0.025 2.97 0 90 0 0 0.7071068 0 0.7071068 6.405499 0
5.4651 SecondCar -48.31388 0.025 2.97 0 90 0 0 0.7071068 0 0.7071068 6.387467 0
5.4655 Head 0 1.6 0.78 345.15 327.8999 0 -0.124191 -0.2741586 -0.03572864 0.9529623
5.4655 FirstCar -15.76872 0.025 2.97 0 90 0 0 0.7071068 0 0.7071068 6.404656 0
5.4655 SecondCar -48.31163 0.025 2.97 0 90 0 0 0.7071068 0 0.7071068 6.386624 0
5.4658 Head 0 1.6 0.78 345.15 327.8999 0 -0.124191 -0.2741586 -0.03572864 0.9529623
5.4658 FirstCar -15.76641 0.025 2.97 0 90 0 0 0.7071068 0 0.7071068 6.40379 0
5.4658 SecondCar -48.30933 0.025 2.97 0 90 0 0 0.7071068 0 0.7071068 6.385757 0
5.4662 Head 0 1.6 0.78 345.15 327.8999 0 -0.124191 -0.2741586 -0.03572864 0.9529623
5.4662 FirstCar -15.76423 0.025 2.97 0 90 0 0 0.7071068 0 0.7071068 6.402973 0
5.4662 SecondCar -48.30716 0.025 2.97 0 90 0 0 0.7071068 0 0.7071068 6.38494 0
5.4665 Head 0 1.6 0.78 345.15 327.8999 0 -0.124191 -0.2741586 -0.03572864 0.9529623
5.4665 FirstCar -15.76202 0.025 2.97 0 90 0 0 0.7071068 0 0.7071068 6.402143 0
5.4665 SecondCar -48.30495 0.025 2.97 0 90 0 0 0.7071068 0 0.7071068 6.38411 0
5.4669 Head 0 1.6 0.78 345.15 327.8999 0 -0.124191 -0.2741586 -0.03572864 0.9529623
5.4669 FirstCar -15.75989 0.025 2.97 0 90 0 0 0.7071068 0 0.7071068 6.401346 0
5.4669 SecondCar -48.30283 0.025 2.97 0 90 0 0 0.7071068 0 0.7071068 6.383313 0
5.4672 Head 0 1.6 0.78 345.15 327.8999 0 -0.124191 -0.2741586 -0.03572864 0.9529623
5.4672 FirstCar -15.75774 0.025 2.97 0 90 0 0 0.7071068 0 0.7071068 6.400537 0
5.4672 SecondCar -48.30067 0.025 2.97 0 90 0 0 0.7071068 0 0.7071068 6.382504 0
5.4676 Head 0 1.6 0.78 345.15 327.8999 0 -0.124191 -0.2741586 -0.03572864 0.9529623
5.4676 FirstCar -15.75533 0.025 2.97 0 90 0 0 0.7071068 0 0.7071068 6.399635 0
5.4676 SecondCar -48.29827 0.025 2.97 0 90 0 0 0.7071068 0 0.7071068 6.381603 0
5.4679 Head 0 1.6 0.78 345.15 327.8999 0 -0.124191 -0.2741586 -0.03572864 0.9529623
5.4679 FirstCar -15.75317 0.025 2.97 0 90 0 0 0.7071068 0 0.7071068 6.398824 0
5.4679 SecondCar -48.29612 0.025 2.97 0 90 0 0 0.7071068 0 0.7071068 6.380792 0
5.4683 Head 0 1.6 0.78 345.15 327.8999 0 -0.124191 -0.2741586 -0.03572864 0.9529623
5.4683 FirstCar -15.75072 0.025 2.97 0 90 0 0 0.7071068 0 0.7071068 6.397908 0
5.4683 SecondCar -48.29368 0.025 2.97 0 90 0 0 0.7071068 0 0.7071068 6.379875 0
5.4686 Head 0 1.6 0.78 345.15 327.8999 0 -0.124191 -0.2741586 -0.03572864 0.9529623
5.4686 FirstCar -15.74848 0.025 2.97 0 90 0 0 0.7071068 0 0.7071068 6.397064 0
5.4686 SecondCar -48.29144 0.025 2.97 0 90 0 0 0.7071068 0 0.7071068 6.379031 0
5.4690 Head 0 1.6 0.78 345.15 327.8999 0 -0.124191 -0.2741586 -0.03572864 0.9529623
5.4690 FirstCar -15.74634 0.025 2.97 0 90 0 0 0.7071068 0 0.7071068 6.396261 0
5.4690 SecondCar -48.28931 0.025 2.97 0 90 0 0 0.7071068 0 0.7071068 6.378229 0
5.4693 Head 0 1.6 0.78 345.15 327.8999 0 -0.124191 -0.2741586 -0.03572864 0.9529623
5.4693 FirstCar -15.74422 0.025 2.97 0 90 0 0 0.7071068 0 0.7071068 6.395468 0
5.4693 SecondCar -48.2872 0.025 2.97 0 90 0 0 0.7071068 0 0.7071068 6.377435 0
5.4696 Head 0 1.6 0.78 345.15 327.8999 0 -0.124191 -0.2741586 -0.03572864 0.9529623
5.4696 FirstCar -15.74209 0.025 2.97 0 90 0 0 0.7071068 0 0.7071068 6.394669 0
5.4696 SecondCar -48.28508 0.025 2.97 0 90 0 0 0.7071068 0 0.7071068 6.376636 0
5.4700 Head 0 1.6 0.78 345.15 327.8999 0 -0.124191 -0.2741586 -0.03572864 0.9529623
5.4700 FirstCar -15.73996 0.025 2.97 0 90 0 0 0.7071068 0 0.7071068 6.393866 0
5.4700 SecondCar -48.28294 0.025 2.97 0 90 0 0 0.7071068 0 0.7071068 6.375834 0
5.4703 Head 0 1.6 0.78 345.15 327.8999 0 -0.124191 -0.2741586 -0.03572864 0.9529623
5.4703 FirstCar -15.73777 0.025 2.97 0 90 0 0 0.7071068 0 0.7071068 6.393045 0
5.4703 SecondCar -48.28076 0.025 2.97 0 90 0 0 0.7071068 0 0.7071068 6.375012 0
5.4709 Head 0 1.6 0.78 345.15 327.8999 0 -0.124191 -0.2741586 -0.03572864 0.9529623
5.4709 FirstCar -15.73374 0.025 2.97 0 90 0 0 0.7071068 0 0.7071068 6.391532 0
5.4709 SecondCar -48.27674 0.025 2.97 0 90 0 0 0.7071068 0 0.7071068 6.3735 0
5.4713 Head 0 1.6 0.78 345.15 327.8999 0 -0.124191 -0.2741586 -0.03572864 0.9529623
5.4713 FirstCar -15.7313 0.025 2.97 0 90 0 0 0.7071068 0 0.7071068 6.390614 0
5.4713 SecondCar -48.27431 0.025 2.97 0 90 0 0 0.7071068 0 0.7071068 6.372581 0
5.4717 Head 0 1.6 0.78 345.15 327.8999 0 -0.124191 -0.2741586 -0.03572864 0.9529623
5.4717 FirstCar -15.72905 0.025 2.97 0 90 0 0 0.7071068 0 0.7071068 6.389769 0
5.4717 SecondCar -48.27206 0.025 2.97 0 90 0 0 0.7071068 0 0.7071068 6.371737 0
5.4720 Head 0 1.6 0.78 345.15 327.8999 0 -0.124191 -0.2741586 -0.03572864 0.9529623
5.4720 FirstCar -15.72684 0.025 2.97 0 90 0 0 0.7071068 0 0.7071068 6.388942 0
5.4720 SecondCar -48.26987 0.025 2.97 0 90 0 0 0.7071068 0 0.7071068 6.37091 0
5.4724 Head 0 1.6 0.78 345.15 327.8999 0 -0.124191 -0.2741586 -0.03572864 0.9529623
5.4724 FirstCar -15.72449 0.025 2.97 0 90 0 0 0.7071068 0 0.7071068 6.38806 0
5.4724 SecondCar -48.26752 0.025 2.97 0 90 0 0 0.7071068 0 0.7071068 6.370027 0
5.4727 Head 0 1.6 0.78 345.15 327.8999 0 -0.124191 -0.2741586 -0.03572864 0.9529623
5.4727 FirstCar -15.72223 0.025 2.97 0 90 0 0 0.7071068 0 0.7071068 6.38721 0
5.4727 SecondCar -48.26527 0.025 2.97 0 90 0 0 0.7071068 0 0.7071068 6.369177 0
5.4731 Head 0 1.6 0.78 345.15 327.8999 0 -0.124191 -0.2741586 -0.03572864 0.9529623
5.4731 FirstCar -15.7201 0.025 2.97 0 90 0 0 0.7071068 0 0.7071068 6.386407 0
5.4731 SecondCar -48.26314 0.025 2.97 0 90 0 0 0.7071068 0 0.7071068 6.368375 0
5.4734 Head 0 1.6 0.78 345.15 327.8999 0 -0.124191 -0.2741586 -0.03572864 0.9529623
5.4734 FirstCar -15.7179 0.025 2.97 0 90 0 0 0.7071068 0 0.7071068 6.385582 0
5.4734 SecondCar -48.26095 0.025 2.97 0 90 0 0 0.7071068 0 0.7071068 6.367549 0
5.4738 Head 0 1.6 0.78 345.15 327.8999 0 -0.124191 -0.2741586 -0.03572864 0.9529623
5.4738 FirstCar -15.71577 0.025 2.97 0 90 0 0 0.7071068 0 0.7071068 6.384781 0
5.4738 SecondCar -48.25883 0.025 2.97 0 90 0 0 0.7071068 0 0.7071068 6.366748 0
5.4741 Head 0 1.6 0.78 345.15 327.8999 0 -0.124191 -0.2741586 -0.03572864 0.9529623
5.4741 FirstCar -15.71366 0.025 2.97 0 90 0 0 0.7071068 0 0.7071068 6.383989 0
5.4741 SecondCar -48.25673 0.025 2.97 0 90 0 0 0.7071068 0 0.7071068 6.365956 0
5.4745 Head 0 1.6 0.78 345.15 327.8999 0 -0.124191 -0.2741586 -0.03572864 0.9529623
5.4745 FirstCar -15.71095 0.025 2.97 0 90 0 0 0.7071068 0 0.7071068 6.382969 0
5.4745 SecondCar -48.25402 0.025 2.97 0 90 0 0 0.7071068 0 0.7071068 6.364936 0
5.4749 Head 0 1.6 0.78 345.15 327.8999 0 -0.124191 -0.2741586 -0.03572864 0.9529623
5.4749 FirstCar -15.70867 0.025 2.97 0 90 0 0 0.7071068 0 0.7071068 6.382113 0
5.4749 SecondCar -48.25175 0.025 2.97 0 90 0 0 0.7071068 0 0.7071068 6.36408 0
5.4752 Head 0 1.6 0.78 345.15 327.8999 0 -0.124191 -0.2741586 -0.03572864 0.9529623
5.4752 FirstCar -15.70647 0.025 2.97 0 90 0 0 0.7071068 0 0.7071068 6.381285 0
5.4752 SecondCar -48.24956 0.025 2.97 0 90 0 0 0.7071068 0 0.7071068 6.363253 0
5.4756 Head 0 1.6 0.78 345.15 327.8999 0 -0.124191 -0.2741586 -0.03572864 0.9529623
5.4756 FirstCar -15.7043 0.025 2.97 0 90 0 0 0.7071068 0 0.7071068 6.380467 0
5.4756 SecondCar -48.24739 0.025 2.97 0 90 0 0 0.7071068 0 0.7071068 6.362435 0
5.4759 Head 0 1.6 0.78 345.15 327.8999 0 -0.124191 -0.2741586 -0.03572864 0.9529623
5.4759 FirstCar -15.70218 0.025 2.97 0 90 0 0 0.7071068 0 0.7071068 6.379671 0
5.4759 SecondCar -48.24528 0.025 2.97 0 90 0 0 0.7071068 0 0.7071068 6.361638 0
5.4762 Head 0 1.6 0.78 345.15 327.8999 0 -0.124191 -0.2741586 -0.03572864 0.9529623
5.4762 FirstCar -15.70005 0.025 2.97 0 90 0 0 0.7071068 0 0.7071068 6.378869 0
5.4762 SecondCar -48.24315 0.025 2.97 0 90 0 0 0.7071068 0 0.7071068 6.360837 0
5.4766 Head 0 1.6 0.78 345.15 327.8999 0 -0.124191 -0.2741586 -0.03572864 0.9529623
5.4766 FirstCar -15.69734 0.025 2.97 0 90 0 0 0.7071068 0 0.7071068 6.377848 0
5.4766 SecondCar -48.24045 0.025 2.97 0 90 0 0 0.7071068 0 0.7071068 6.359816 0
5.4770 Head 0 1.6 0.78 345.15 327.8999 0 -0.124191 -0.2741586 -0.03572864 0.9529623
5.4770 FirstCar -15.69498 0.025 2.97 0 90 0 0 0.7071068 0 0.7071068 6.37696 0
5.4770 SecondCar -48.23809 0.025 2.97 0 90 0 0 0.7071068 0 0.7071068 6.358927 0
5.4774 Head 0 1.6 0.78 345.15 327.8999 0 -0.124191 -0.2741586 -0.03572864 0.9529623
5.4774 FirstCar -15.69262 0.025 2.97 0 90 0 0 0.7071068 0 0.7071068 6.376073 0
5.4774 SecondCar -48.23574 0.025 2.97 0 90 0 0 0.7071068 0 0.7071068 6.35804 0
5.4778 Head 0 1.6 0.78 345.15 327.8999 0 -0.124191 -0.2741586 -0.03572864 0.9529623
5.4778 FirstCar -15.69013 0.025 2.97 0 90 0 0 0.7071068 0 0.7071068 6.375136 0
5.4778 SecondCar -48.23326 0.025 2.97 0 90 0 0 0.7071068 0 0.7071068 6.357104 0
5.4782 Head 0 1.6 0.78 345.15 327.8999 0 -0.124191 -0.2741586 -0.03572864 0.9529623
5.4782 FirstCar -15.68767 0.025 2.97 0 90 0 0 0.7071068 0 0.7071068 6.37421 0
5.4782 SecondCar -48.23081 0.025 2.97 0 90 0 0 0.7071068 0 0.7071068 6.356177 0
5.4785 Head 0 1.6 0.78 345.15 327.8999 0 -0.124191 -0.2741586 -0.03572864 0.9529623
5.4785 FirstCar -15.6854 0.025 2.97 0 90 0 0 0.7071068 0 0.7071068 6.373353 0
5.4785 SecondCar -48.22854 0.025 2.97 0 90 0 0 0.7071068 0 0.7071068 6.35532 0
5.4789 Head 0 1.6 0.78 345.15 327.8999 0 -0.124191 -0.2741586 -0.03572864 0.9529623
5.4789 FirstCar -15.68326 0.025 2.97 0 90 0 0 0.7071068 0 0.7071068 6.372549 0
5.4789 SecondCar -48.22641 0.025 2.97 0 90 0 0 0.7071068 0 0.7071068 6.354516 0
5.4792 Head 0 1.6 0.78 345.15 327.8999 0 -0.124191 -0.2741586 -0.03572864 0.9529623
5.4792 FirstCar -15.68116 0.025 2.97 0 90 0 0 0.7071068 0 0.7071068 6.371756 0
5.4792 SecondCar -48.22432 0.025 2.97 0 90 0 0 0.7071068 0 0.7071068 6.353724 0
5.4795 Head 0 1.6 0.78 345.15 327.8999 0 -0.124191 -0.2741586 -0.03572864 0.9529623
5.4795 FirstCar -15.6791 0.025 2.97 0 90 0 0 0.7071068 0 0.7071068 6.370981 0
5.4795 SecondCar -48.22226 0.025 2.97 0 90 0 0 0.7071068 0 0.7071068 6.352948 0
5.4798 Head 0 1.6 0.78 345.15 327.8999 0 -0.124191 -0.2741586 -0.03572864 0.9529623
5.4798 FirstCar -15.67699 0.025 2.97 0 90 0 0 0.7071068 0 0.7071068 6.370187 0
5.4798 SecondCar -48.22016 0.025 2.97 0 90 0 0 0.7071068 0 0.7071068 6.352155 0
5.4802 Head 0 1.6 0.78 345.15 327.8999 0 -0.124191 -0.2741586 -0.03572864 0.9529623
5.4802 FirstCar -15.67457 0.025 2.97 0 90 0 0 0.7071068 0 0.7071068 6.369276 0
5.4802 SecondCar -48.21775 0.025 2.97 0 90 0 0 0.7071068 0 0.7071068 6.351243 0
5.4807 Head 0 1.6 0.78 345.15 327.8999 0 -0.124191 -0.2741586 -0.03572864 0.9529623
5.4807 FirstCar -15.67182 0.025 2.97 0 90 0 0 0.7071068 0 0.7071068 6.368237 0
5.4807 SecondCar -48.215 0.025 2.97 0 90 0 0 0.7071068 0 0.7071068 6.350204 0
5.4811 Head 0 1.6 0.78 345.15 327.8999 0 -0.124191 -0.2741586 -0.03572864 0.9529623
5.4811 FirstCar -15.66903 0.025 2.97 0 90 0 0 0.7071068 0 0.7071068 6.367186 0
5.4811 SecondCar -48.21222 0.025 2.97 0 90 0 0 0.7071068 0 0.7071068 6.349154 0
5.4814 Head 0 1.6 0.78 345.15 327.8999 0 -0.124191 -0.2741586 -0.03572864 0.9529623
5.4814 FirstCar -15.66677 0.025 2.97 0 90 0 0 0.7071068 0 0.7071068 6.366334 0
5.4814 SecondCar -48.20996 0.025 2.97 0 90 0 0 0.7071068 0 0.7071068 6.348301 0
5.4818 Head 0 1.6 0.78 345.15 327.8999 0 -0.124191 -0.2741586 -0.03572864 0.9529623
5.4818 FirstCar -15.66458 0.025 2.97 0 90 0 0 0.7071068 0 0.7071068 6.365509 0
5.4818 SecondCar -48.20778 0.025 2.97 0 90 0 0 0.7071068 0 0.7071068 6.347476 0
5.4821 Head 0 1.6 0.78 345.15 327.8999 0 -0.124191 -0.2741586 -0.03572864 0.9529623
5.4821 FirstCar -15.6623 0.025 2.97 0 90 0 0 0.7071068 0 0.7071068 6.364649 0
5.4821 SecondCar -48.20551 0.025 2.97 0 90 0 0 0.7071068 0 0.7071068 6.346617 0
5.4825 Head 0 1.6 0.78 345.15 327.8999 0 -0.124191 -0.2741586 -0.03572864 0.9529623
5.4825 FirstCar -15.6601 0.025 2.97 0 90 0 0 0.7071068 0 0.7071068 6.363821 0
5.4825 SecondCar -48.20332 0.025 2.97 0 90 0 0 0.7071068 0 0.7071068 6.345788 0
5.4828 Head 0 1.6 0.78 345.15 327.8999 0 -0.124191 -0.2741586 -0.03572864 0.9529623
5.4828 FirstCar -15.65793 0.025 2.97 0 90 0 0 0.7071068 0 0.7071068 6.363 0
5.4828 SecondCar -48.20115 0.025 2.97 0 90 0 0 0.7071068 0 0.7071068 6.344968 0
5.4832 Head 0 1.6 0.78 345.15 327.8999 0 -0.124191 -0.2741586 -0.03572864 0.9529623
5.4832 FirstCar -15.65577 0.025 2.97 0 90 0 0 0.7071068 0 0.7071068 6.362188 0
5.4832 SecondCar -48.199 0.025 2.97 0 90 0 0 0.7071068 0 0.7071068 6.344155 0
5.4835 Head 0 1.6 0.78 345.15 327.8999 0 -0.124191 -0.2741586 -0.03572864 0.9529623
5.4835 FirstCar -15.65363 0.025 2.97 0 90 0 0 0.7071068 0 0.7071068 6.361381 0
5.4835 SecondCar -48.19687 0.025 2.97 0 90 0 0 0.7071068 0 0.7071068 6.343348 0
5.4838 Head 0 1.6 0.78 345.15 327.8999 0 -0.124191 -0.2741586 -0.03572864 0.9529623
5.4838 FirstCar -15.65154 0.025 2.97 0 90 0 0 0.7071068 0 0.7071068 6.360589 0
5.4838 SecondCar -48.19478 0.025 2.97 0 90 0 0 0.7071068 0 0.7071068 6.342556 0
5.4842 Head 0 1.6 0.78 345.15 327.8999 0 -0.124191 -0.2741586 -0.03572864 0.9529623
5.4842 FirstCar -15.64923 0.025 2.97 0 90 0 0 0.7071068 0 0.7071068 6.35972 0
5.4842 SecondCar -48.19248 0.025 2.97 0 90 0 0 0.7071068 0 0.7071068 6.341687 0
5.4846 Head 0 1.6 0.78 345.15 327.8999 0 -0.124191 -0.2741586 -0.03572864 0.9529623
5.4846 FirstCar -15.64697 0.025 2.97 0 90 0 0 0.7071068 0 0.7071068 6.358866 0
5.4846 SecondCar -48.19023 0.025 2.97 0 90 0 0 0.7071068 0 0.7071068 6.340833 0
5.4849 Head 0 1.6 0.78 345.15 327.8999 0 -0.124191 -0.2741586 -0.03572864 0.9529623
5.4849 FirstCar -15.64487 0.025 2.97 0 90 0 0 0.7071068 0 0.7071068 6.358073 0
5.4849 SecondCar -48.18813 0.025 2.97 0 90 0 0 0.7071068 0 0.7071068 6.340041 0
5.4852 Head 0 1.6 0.78 345.15 327.8999 0 -0.124191 -0.2741586 -0.03572864 0.9529623
5.4852 FirstCar -15.64272 0.025 2.97 0 90 0 0 0.7071068 0 0.7071068 6.357261 0
5.4852 SecondCar -48.18599 0.025 2.97 0 90 0 0 0.7071068 0 0.7071068 6.339229 0
5.4856 Head 0 1.6 0.78 345.15 327.8999 0 -0.124191 -0.2741586 -0.03572864 0.9529623
5.4856 FirstCar -15.6406 0.025 2.97 0 90 0 0 0.7071068 0 0.7071068 6.356462 0
5.4856 SecondCar -48.18388 0.025 2.97 0 90 0 0 0.7071068 0 0.7071068 6.33843 0
5.4859 Head 0 1.6 0.78 345.15 327.8999 0 -0.124191 -0.2741586 -0.03572864 0.9529623
5.4859 FirstCar -15.63849 0.025 2.97 0 90 0 0 0.7071068 0 0.7071068 6.355664 0
5.4859 SecondCar -48.18177 0.025 2.97 0 90 0 0 0.7071068 0 0.7071068 6.337632 0
5.4862 Head 0 1.6 0.78 345.15 327.8999 0 -0.124191 -0.2741586 -0.03572864 0.9529623
5.4862 FirstCar -15.63637 0.025 2.97 0 90 0 0 0.7071068 0 0.7071068 6.354864 0
5.4862 SecondCar -48.17966 0.025 2.97 0 90 0 0 0.7071068 0 0.7071068 6.336831 0
5.4866 Head 0 1.6 0.78 345.15 327.8999 0 -0.124191 -0.2741586 -0.03572864 0.9529623
5.4866 FirstCar -15.63426 0.025 2.97 0 90 0 0 0.7071068 0 0.7071068 6.354066 0
5.4866 SecondCar -48.17756 0.025 2.97 0 90 0 0 0.7071068 0 0.7071068 6.336034 0
5.4869 Head 0 1.6 0.78 345.15 327.8999 0 -0.124191 -0.2741586 -0.03572864 0.9529623
5.4869 FirstCar -15.63217 0.025 2.97 0 90 0 0 0.7071068 0 0.7071068 6.353276 0
5.4869 SecondCar -48.17547 0.025 2.97 0 90 0 0 0.7071068 0 0.7071068 6.335244 0
5.4872 Head 0 1.6 0.78 345.15 327.8999 0 -0.124191 -0.2741586 -0.03572864 0.9529623
5.4872 FirstCar -15.63007 0.025 2.97 0 90 0 0 0.7071068 0 0.7071068 6.352482 0
5.4872 SecondCar -48.17337 0.025 2.97 0 90 0 0 0.7071068 0 0.7071068 6.33445 0
5.4875 Head 0 1.6 0.78 345.15 327.8999 0 -0.124191 -0.2741586 -0.03572864 0.9529623
5.4875 FirstCar -15.62798 0.025 2.97 0 90 0 0 0.7071068 0 0.7071068 6.351694 0
5.4875 SecondCar -48.1713 0.025 2.97 0 90 0 0 0.7071068 0 0.7071068 6.333662 0
5.4879 Head 0 1.6 0.78 345.15 327.8999 0 -0.124191 -0.2741586 -0.03572864 0.9529623
5.4879 FirstCar -15.62589 0.025 2.97 0 90 0 0 0.7071068 0 0.7071068 6.350905 0
5.4879 SecondCar -48.16921 0.025 2.97 0 90 0 0 0.7071068 0 0.7071068 6.332872 0
5.4883 Head 0 1.6 0.78 345.15 327.8999 0 -0.124191 -0.2741586 -0.03572864 0.9529623
5.4883 FirstCar -15.62337 0.025 2.97 0 90 0 0 0.7071068 0 0.7071068 6.349951 0
5.4883 SecondCar -48.16669 0.025 2.97 0 90 0 0 0.7071068 0 0.7071068 6.331918 0
5.4886 Head 0 1.6 0.78 345.15 327.8999 0 -0.124191 -0.2741586 -0.03572864 0.9529623
5.4886 FirstCar -15.62103 0.025 2.97 0 90 0 0 0.7071068 0 0.7071068 6.349067 0
5.4886 SecondCar -48.16436 0.025 2.97 0 90 0 0 0.7071068 0 0.7071068 6.331035 0
5.4890 Head 0 1.6 0.78 345.15 327.8999 0 -0.124191 -0.2741586 -0.03572864 0.9529623
5.4890 FirstCar -15.6186 0.025 2.97 0 90 0 0 0.7071068 0 0.7071068 6.348149 0
5.4890 SecondCar -48.16194 0.025 2.97 0 90 0 0 0.7071068 0 0.7071068 6.330116 0
5.4894 Head 0 1.6 0.78 345.15 327.8999 0 -0.124191 -0.2741586 -0.03572864 0.9529623
5.4894 FirstCar -15.61638 0.025 2.97 0 90 0 0 0.7071068 0 0.7071068 6.34731 0
5.4894 SecondCar -48.15973 0.025 2.97 0 90 0 0 0.7071068 0 0.7071068 6.329278 0
5.4897 Head 0 1.6 0.78 345.15 327.8999 0 -0.124191 -0.2741586 -0.03572864 0.9529623
5.4897 FirstCar -15.61417 0.025 2.97 0 90 0 0 0.7071068 0 0.7071068 6.346473 0
5.4897 SecondCar -48.15752 0.025 2.97 0 90 0 0 0.7071068 0 0.7071068 6.32844 0
5.4901 Head 0 1.6 0.78 345.15 327.8999 0 -0.124191 -0.2741586 -0.03572864 0.9529623
5.4901 FirstCar -15.61204 0.025 2.97 0 90 0 0 0.7071068 0 0.7071068 6.345666 0
5.4901 SecondCar -48.1554 0.025 2.97 0 90 0 0 0.7071068 0 0.7071068 6.327634 0
5.4905 Head 0 1.6 0.78 345.15 327.8999 0 -0.124191 -0.2741586 -0.03572864 0.9529623
5.4905 FirstCar -15.60948 0.025 2.97 0 90 0 0 0.7071068 0 0.7071068 6.344698 0
5.4905 SecondCar -48.15284 0.025 2.97 0 90 0 0 0.7071068 0 0.7071068 6.326665 0
5.4911 Head 0 1.6 0.78 345.15 327.8999 0 -0.124191 -0.2741586 -0.03572864 0.9529623
5.4911 FirstCar -15.60563 0.025 2.97 0 90 0 0 0.7071068 0 0.7071068 6.343243 0
5.4911 SecondCar -48.14901 0.025 2.97 0 90 0 0 0.7071068 0 0.7071068 6.32521 0
5.4915 Head 0 1.6 0.78 345.15 327.8999 0 -0.124191 -0.2741586 -0.03572864 0.9529623
5.4915 FirstCar -15.60294 0.025 2.97 0 90 0 0 0.7071068 0 0.7071068 6.342225 0
5.4915 SecondCar -48.14633 0.025 2.97 0 90 0 0 0.7071068 0 0.7071068 6.324193 0
5.4919 Head 0 1.6 0.78 345.15 327.8999 0 -0.124191 -0.2741586 -0.03572864 0.9529623
5.4919 FirstCar -15.60027 0.025 2.97 0 90 0 0 0.7071068 0 0.7071068 6.341215 0
5.4919 SecondCar -48.14367 0.025 2.97 0 90 0 0 0.7071068 0 0.7071068 6.323183 0
5.4923 Head 0 1.6 0.78 345.15 327.8999 0 -0.124191 -0.2741586 -0.03572864 0.9529623
5.4923 FirstCar -15.59789 0.025 2.97 0 90 0 0 0.7071068 0 0.7071068 6.340315 0
5.4923 SecondCar -48.14129 0.025 2.97 0 90 0 0 0.7071068 0 0.7071068 6.322282 0
5.4927 Head 0 1.6 0.78 345.15 327.8999 0 -0.124191 -0.2741586 -0.03572864 0.9529623
5.4927 FirstCar -15.59557 0.025 2.97 0 90 0 0 0.7071068 0 0.7071068 6.339437 0
5.4927 SecondCar -48.13898 0.025 2.97 0 90 0 0 0.7071068 0 0.7071068 6.321404 0
5.4930 Head 0 1.6 0.78 345.15 327.8999 0 -0.124191 -0.2741586 -0.03572864 0.9529623
5.4930 FirstCar -15.5933 0.025 2.97 0 90 0 0 0.7071068 0 0.7071068 6.338577 0
5.4930 SecondCar -48.13671 0.025 2.97 0 90 0 0 0.7071068 0 0.7071068 6.320545 0
5.4934 Head 0 1.6 0.78 345.15 327.8999 0 -0.124191 -0.2741586 -0.03572864 0.9529623
5.4934 FirstCar -15.59107 0.025 2.97 0 90 0 0 0.7071068 0 0.7071068 6.337732 0
5.4934 SecondCar -48.13449 0.025 2.97 0 90 0 0 0.7071068 0 0.7071068 6.319699 0
5.4937 Head 0 1.6 0.78 345.15 327.8999 0 -0.124191 -0.2741586 -0.03572864 0.9529623
5.4937 FirstCar -15.58891 0.025 2.97 0 90 0 0 0.7071068 0 0.7071068 6.336913 0
5.4937 SecondCar -48.13233 0.025 2.97 0 90 0 0 0.7071068 0 0.7071068 6.31888 0
5.4940 Head 0 1.6 0.78 345.15 327.8999 0 -0.124191 -0.2741586 -0.03572864 0.9529623
5.4940 FirstCar -15.58675 0.025 2.97 0 90 0 0 0.7071068 0 0.7071068 6.336094 0
5.4940 SecondCar -48.13018 0.025 2.97 0 90 0 0 0.7071068 0 0.7071068 6.318061 0
5.4944 Head 0 1.6 0.78 345.15 327.8999 0 -0.124191 -0.2741586 -0.03572864 0.9529623
5.4944 FirstCar -15.58458 0.025 2.97 0 90 0 0 0.7071068 0 0.7071068 6.335272 0
5.4944 SecondCar -48.12801 0.025 2.97 0 90 0 0 0.7071068 0 0.7071068 6.317239 0
5.4948 Head 0 1.6 0.78 345.15 327.8999 0 -0.124191 -0.2741586 -0.03572864 0.9529623
5.4948 FirstCar -15.5822 0.025 2.97 0 90 0 0 0.7071068 0 0.7071068 6.334372 0
5.4948 SecondCar -48.12564 0.025 2.97 0 90 0 0 0.7071068 0 0.7071068 6.316339 0
5.4951 Head 0 1.6 0.78 345.15 327.8999 0 -0.124191 -0.2741586 -0.03572864 0.9529623
5.4951 FirstCar -15.57997 0.025 2.97 0 90 0 0 0.7071068 0 0.7071068 6.333526 0
5.4951 SecondCar -48.12342 0.025 2.97 0 90 0 0 0.7071068 0 0.7071068 6.315494 0
5.4955 Head 0 1.6 0.78 345.15 327.8999 0 -0.124191 -0.2741586 -0.03572864 0.9529623
5.4955 FirstCar -15.57772 0.025 2.97 0 90 0 0 0.7071068 0 0.7071068 6.332674 0
5.4955 SecondCar -48.12118 0.025 2.97 0 90 0 0 0.7071068 0 0.7071068 6.314641 0
5.4958 Head 0 1.6 0.78 345.15 327.8999 0 -0.124191 -0.2741586 -0.03572864 0.9529623
5.4958 FirstCar -15.57547 0.025 2.97 0 90 0 0 0.7071068 0 0.7071068 6.331821 0
5.4958 SecondCar -48.11893 0.025 2.97 0 90 0 0 0.7071068 0 0.7071068 6.313788 0
5.4962 Head 0 1.6 0.78 345.15 327.8999 0 -0.124191 -0.2741586 -0.03572864 0.9529623
5.4962 FirstCar -15.57309 0.025 2.97 0 90 0 0 0.7071068 0 0.7071068 6.330917 0
5.4962 SecondCar -48.11656 0.025 2.97 0 90 0 0 0.7071068 0 0.7071068 6.312885 0
5.4966 Head 0 1.6 0.78 345.15 327.8999 0 -0.124191 -0.2741586 -0.03572864 0.9529623
5.4966 FirstCar -15.5706 0.025 2.97 0 90 0 0 0.7071068 0 0.7071068 6.329973 0
5.4966 SecondCar -48.11407 0.025 2.97 0 90 0 0 0.7071068 0 0.7071068 6.311941 0
5.4969 Head 0 1.6 0.78 345.15 327.8999 0 -0.124191 -0.2741586 -0.03572864 0.9529623
5.4969 FirstCar -15.56838 0.025 2.97 0 90 0 0 0.7071068 0 0.7071068 6.329134 0
5.4969 SecondCar -48.11187 0.025 2.97 0 90 0 0 0.7071068 0 0.7071068 6.311101 0
5.4974 Head 0 1.6 0.78 345.15 327.8999 0 -0.124191 -0.2741586 -0.03572864 0.9529623
5.4974 FirstCar -15.56572 0.025 2.97 0 90 0 0 0.7071068 0 0.7071068 6.328122 0
5.4974 SecondCar -48.10921 0.025 2.97 0 90 0 0 0.7071068 0 0.7071068 6.31009 0
5.4978 Head 0 1.6 0.78 345.15 327.8999 0 -0.124191 -0.2741586 -0.03572864 0.9529623
5.4978 FirstCar -15.56318 0.025 2.97 0 90 0 0 0.7071068 0 0.7071068 6.327159 0
5.4978 SecondCar -48.10668 0.025 2.97 0 90 0 0 0.7071068 0 0.7071068 6.309127 0
5.4981 Head 0 1.6 0.78 345.15 327.8999 0 -0.124191 -0.2741586 -0.03572864 0.9529623
5.4981 FirstCar -15.56089 0.025 2.97 0 90 0 0 0.7071068 0 0.7071068 6.326293 0
5.4981 SecondCar -48.1044 0.025 2.97 0 90 0 0 0.7071068 0 0.7071068 6.30826 0
5.4985 Head 0 1.6 0.78 345.15 327.8999 0 -0.124191 -0.2741586 -0.03572864 0.9529623
5.4985 FirstCar -15.55868 0.025 2.97 0 90 0 0 0.7071068 0 0.7071068 6.325451 0
5.4985 SecondCar -48.10219 0.025 2.97 0 90 0 0 0.7071068 0 0.7071068 6.307418 0
5.4988 Head 0 1.6 0.78 345.15 327.8999 0 -0.124191 -0.2741586 -0.03572864 0.9529623
5.4988 FirstCar -15.55643 0.025 2.97 0 90 0 0 0.7071068 0 0.7071068 6.324599 0
5.4988 SecondCar -48.09995 0.025 2.97 0 90 0 0 0.7071068 0 0.7071068 6.306566 0
5.4992 Head 0 1.6 0.78 345.15 327.8999 0 -0.124191 -0.2741586 -0.03572864 0.9529623
5.4992 FirstCar -15.55398 0.025 2.97 0 90 0 0 0.7071068 0 0.7071068 6.32367 0
5.4992 SecondCar -48.09751 0.025 2.97 0 90 0 0 0.7071068 0 0.7071068 6.305637 0
5.4996 Head 0 1.6 0.78 345.15 327.8999 0 -0.124191 -0.2741586 -0.03572864 0.9529623
5.4996 FirstCar -15.5518 0.025 2.97 0 90 0 0 0.7071068 0 0.7071068 6.322843 0
5.4996 SecondCar -48.09533 0.025 2.97 0 90 0 0 0.7071068 0 0.7071068 6.304811 0
5.4999 Head 0 1.6 0.78 345.15 327.8999 0 -0.124191 -0.2741586 -0.03572864 0.9529623
5.4999 FirstCar -15.54958 0.025 2.97 0 90 0 0 0.7071068 0 0.7071068 6.321998 0
5.4999 SecondCar -48.09311 0.025 2.97 0 90 0 0 0.7071068 0 0.7071068 6.303965 0
5.5003 Head 0 1.6 0.78 345.15 327.8999 0 -0.124191 -0.2741586 -0.03572864 0.9529623
5.5003 FirstCar -15.54721 0.025 2.97 0 90 0 0 0.7071068 0 0.7071068 6.3211 0
5.5003 SecondCar -48.09076 0.025 2.97 0 90 0 0 0.7071068 0 0.7071068 6.303067 0
5.5006 Head 0 1.6 0.78 345.15 327.8999 0 -0.124191 -0.2741586 -0.03572864 0.9529623
5.5006 FirstCar -15.5451 0.025 2.97 0 90 0 0 0.7071068 0 0.7071068 6.320296 0
5.5006 SecondCar -48.08865 0.025 2.97 0 90 0 0 0.7071068 0 0.7071068 6.302263 0
5.5010 Head 0 1.6 0.78 345.15 327.8999 0 -0.124191 -0.2741586 -0.03572864 0.9529623
5.5010 FirstCar -15.54288 0.025 2.97 0 90 0 0 0.7071068 0 0.7071068 6.319455 0
5.5010 SecondCar -48.08644 0.025 2.97 0 90 0 0 0.7071068 0 0.7071068 6.301422 0
5.5013 Head 0 1.6 0.78 345.15 327.8999 0 -0.124191 -0.2741586 -0.03572864 0.9529623
5.5013 FirstCar -15.54076 0.025 2.97 0 90 0 0 0.7071068 0 0.7071068 6.318648 0
5.5013 SecondCar -48.08432 0.025 2.97 0 90 0 0 0.7071068 0 0.7071068 6.300616 0
5.5016 Head 0 1.6 0.78 345.15 327.8999 0 -0.124191 -0.2741586 -0.03572864 0.9529623
5.5016 FirstCar -15.53867 0.025 2.97 0 90 0 0 0.7071068 0 0.7071068 6.317855 0
5.5016 SecondCar -48.08224 0.025 2.97 0 90 0 0 0.7071068 0 0.7071068 6.299823 0
5.5020 Head 0 1.6 0.78 345.15 327.8999 0 -0.124191 -0.2741586 -0.03572864 0.9529623
5.5020 FirstCar -15.53648 0.025 2.97 0 90 0 0 0.7071068 0 0.7071068 6.317024 0
5.5020 SecondCar -48.08006 0.025 2.97 0 90 0 0 0.7071068 0 0.7071068 6.298992 0
5.5024 Head 0 1.6 0.78 345.15 327.8999 0 -0.124191 -0.2741586 -0.03572864 0.9529623
5.5024 FirstCar -15.53416 0.025 2.97 0 90 0 0 0.7071068 0 0.7071068 6.316143 0
5.5024 SecondCar -48.07774 0.025 2.97 0 90 0 0 0.7071068 0 0.7071068 6.29811 0
5.5027 Head 0 1.6 0.78 345.15 327.8999 0 -0.124191 -0.2741586 -0.03572864 0.9529623
5.5027 FirstCar -15.53204 0.025 2.97 0 90 0 0 0.7071068 0 0.7071068 6.315338 0
5.5027 SecondCar -48.07563 0.025 2.97 0 90 0 0 0.7071068 0 0.7071068 6.297306 0
5.5030 Head 0 1.6 0.78 345.15 327.8999 0 -0.124191 -0.2741586 -0.03572864 0.9529623
5.5030 FirstCar -15.52988 0.025 2.97 0 90 0 0 0.7071068 0 0.7071068 6.314514 0
5.5030 SecondCar -48.07347 0.025 2.97 0 90 0 0 0.7071068 0 0.7071068 6.296482 0
5.5034 Head 0 1.6 0.78 345.15 327.8999 0 -0.124191 -0.2741586 -0.03572864 0.9529623
5.5034 FirstCar -15.52745 0.025 2.97 0 90 0 0 0.7071068 0 0.7071068 6.313593 0
5.5034 SecondCar -48.07105 0.025 2.97 0 90 0 0 0.7071068 0 0.7071068 6.29556 0
5.5038 Head 0 1.6 0.78 345.15 327.8999 0 -0.124191 -0.2741586 -0.03572864 0.9529623
5.5038 FirstCar -15.52536 0.025 2.97 0 90 0 0 0.7071068 0 0.7071068 6.312796 0
5.5038 SecondCar -48.06896 0.025 2.97 0 90 0 0 0.7071068 0 0.7071068 6.294763 0
5.5041 Head 0 1.6 0.78 345.15 327.8999 0 -0.124191 -0.2741586 -0.03572864 0.9529623
5.5041 FirstCar -15.52329 0.025 2.97 0 90 0 0 0.7071068 0 0.7071068 6.312012 0
5.5041 SecondCar -48.06691 0.025 2.97 0 90 0 0 0.7071068 0 0.7071068 6.293979 0
5.5044 Head 0 1.6 0.78 345.15 327.8999 0 -0.124191 -0.2741586 -0.03572864 0.9529623
5.5044 FirstCar -15.52122 0.025 2.97 0 90 0 0 0.7071068 0 0.7071068 6.311222 0
5.5044 SecondCar -48.06483 0.025 2.97 0 90 0 0 0.7071068 0 0.7071068 6.29319 0
5.5047 Head 0 1.6 0.78 345.15 327.8999 0 -0.124191 -0.2741586 -0.03572864 0.9529623
5.5047 FirstCar -15.51913 0.025 2.97 0 90 0 0 0.7071068 0 0.7071068 6.310429 0
5.5047 SecondCar -48.06276 0.025 2.97 0 90 0 0 0.7071068 0 0.7071068 6.292396 0
5.5051 Head 0 1.6 0.78 345.15 327.8999 0 -0.124191 -0.2741586 -0.03572864 0.9529623
5.5051 FirstCar -15.51679 0.025 2.97 0 90 0 0 0.7071068 0 0.7071068 6.30954 0
5.5051 SecondCar -48.06042 0.025 2.97 0 90 0 0 0.7071068 0 0.7071068 6.291507 0
5.5055 Head 0 1.6 0.78 345.15 327.8999 0 -0.124191 -0.2741586 -0.03572864 0.9529623
5.5055 FirstCar -15.5146 0.025 2.97 0 90 0 0 0.7071068 0 0.7071068 6.308704 0
5.5055 SecondCar -48.05824 0.025 2.97 0 90 0 0 0.7071068 0 0.7071068 6.290671 0
5.5058 Head 0 1.6 0.78 345.15 327.8999 0 -0.124191 -0.2741586 -0.03572864 0.9529623
5.5058 FirstCar -15.51246 0.025 2.97 0 90 0 0 0.7071068 0 0.7071068 6.30789 0
5.5058 SecondCar -48.0561 0.025 2.97 0 90 0 0 0.7071068 0 0.7071068 6.289858 0
5.5062 Head 0 1.6 0.78 345.15 327.8999 0 -0.124191 -0.2741586 -0.03572864 0.9529623
5.5062 FirstCar -15.51024 0.025 2.97 0 90 0 0 0.7071068 0 0.7071068 6.307045 0
5.5062 SecondCar -48.05389 0.025 2.97 0 90 0 0 0.7071068 0 0.7071068 6.289012 0
5.5065 Head 0 1.6 0.78 345.15 327.8999 0 -0.124191 -0.2741586 -0.03572864 0.9529623
5.5065 FirstCar -15.50816 0.025 2.97 0 90 0 0 0.7071068 0 0.7071068 6.306257 0
5.5065 SecondCar -48.05182 0.025 2.97 0 90 0 0 0.7071068 0 0.7071068 6.288224 0
5.5068 Head 0 1.6 0.78 345.15 327.8999 0 -0.124191 -0.2741586 -0.03572864 0.9529623
5.5068 FirstCar -15.50607 0.025 2.97 0 90 0 0 0.7071068 0 0.7071068 6.30546 0
5.5068 SecondCar -48.04974 0.025 2.97 0 90 0 0 0.7071068 0 0.7071068 6.287427 0
5.5072 Head 0 1.6 0.78 345.15 327.8999 0 -0.124191 -0.2741586 -0.03572864 0.9529623
5.5072 FirstCar -15.50391 0.025 2.97 0 90 0 0 0.7071068 0 0.7071068 6.304637 0
5.5072 SecondCar -48.04758 0.025 2.97 0 90 0 0 0.7071068 0 0.7071068 6.286605 0
5.5075 Head 0 1.6 0.78 345.15 327.8999 0 -0.124191 -0.2741586 -0.03572864 0.9529623
5.5075 FirstCar -15.50178 0.025 2.97 0 90 0 0 0.7071068 0 0.7071068 6.303827 0
5.5075 SecondCar -48.04546 0.025 2.97 0 90 0 0 0.7071068 0 0.7071068 6.285795 0
5.5078 Head 0 1.6 0.78 345.15 327.8999 0 -0.124191 -0.2741586 -0.03572864 0.9529623
5.5078 FirstCar -15.49971 0.025 2.97 0 90 0 0 0.7071068 0 0.7071068 6.30304 0
5.5078 SecondCar -48.0434 0.025 2.97 0 90 0 0 0.7071068 0 0.7071068 6.285007 0
5.5082 Head 0 1.6 0.78 345.15 327.8999 0 -0.124191 -0.2741586 -0.03572864 0.9529623
5.5082 FirstCar -15.49754 0.025 2.97 0 90 0 0 0.7071068 0 0.7071068 6.302212 0
5.5082 SecondCar -48.04123 0.025 2.97 0 90 0 0 0.7071068 0 0.7071068 6.284179 0
5.5085 Head 0 1.6 0.78 345.15 327.8999 0 -0.124191 -0.2741586 -0.03572864 0.9529623
5.5085 FirstCar -15.49543 0.025 2.97 0 90 0 0 0.7071068 0 0.7071068 6.301407 0
5.5085 SecondCar -48.03912 0.025 2.97 0 90 0 0 0.7071068 0 0.7071068 6.283374 0
5.5089 Head 0 1.6 0.78 345.15 327.8999 0 -0.124191 -0.2741586 -0.03572864 0.9529623
5.5089 FirstCar -15.49321 0.025 2.97 0 90 0 0 0.7071068 0 0.7071068 6.30056 0
5.5089 SecondCar -48.0369 0.025 2.97 0 90 0 0 0.7071068 0 0.7071068 6.282528 0
5.5092 Head 0 1.6 0.78 345.15 327.8999 0 -0.124191 -0.2741586 -0.03572864 0.9529623
5.5092 FirstCar -15.49108 0.025 2.97 0 90 0 0 0.7071068 0 0.7071068 6.299749 0
5.5092 SecondCar -48.03478 0.025 2.97 0 90 0 0 0.7071068 0 0.7071068 6.281716 0
5.5095 Head 0 1.6 0.78 345.15 327.8999 0 -0.124191 -0.2741586 -0.03572864 0.9529623
5.5095 FirstCar -15.48891 0.025 2.97 0 90 0 0 0.7071068 0 0.7071068 6.298922 0
5.5095 SecondCar -48.03262 0.025 2.97 0 90 0 0 0.7071068 0 0.7071068 6.28089 0
5.5099 Head 0 1.6 0.78 345.15 327.8999 0 -0.124191 -0.2741586 -0.03572864 0.9529623
5.5099 FirstCar -15.4868 0.025 2.97 0 90 0 0 0.7071068 0 0.7071068 6.298119 0
5.5099 SecondCar -48.03051 0.025 2.97 0 90 0 0 0.7071068 0 0.7071068 6.280086 0
5.5103 Head 0 1.6 0.78 345.15 327.8999 0 -0.124191 -0.2741586 -0.03572864 0.9529623
5.5103 FirstCar -15.48431 0.025 2.97 0 90 0 0 0.7071068 0 0.7071068 6.297171 0
5.5103 SecondCar -48.02803 0.025 2.97 0 90 0 0 0.7071068 0 0.7071068 6.279138 0
5.5109 Head 0 1.6 0.78 345.15 327.8999 0 -0.124191 -0.2741586 -0.03572864 0.9529623
5.5109 FirstCar -15.48033 0.025 2.97 0 90 0 0 0.7071068 0 0.7071068 6.295651 0
5.5109 SecondCar -48.02406 0.025 2.97 0 90 0 0 0.7071068 0 0.7071068 6.277619 0
5.5113 Head 0 1.6 0.78 345.15 327.8999 0 -0.124191 -0.2741586 -0.03572864 0.9529623
5.5113 FirstCar -15.47785 0.025 2.97 0 90 0 0 0.7071068 0 0.7071068 6.294707 0
5.5113 SecondCar -48.02159 0.025 2.97 0 90 0 0 0.7071068 0 0.7071068 6.276675 0
5.5117 Head 0 1.6 0.78 345.15 327.8999 0 -0.124191 -0.2741586 -0.03572864 0.9529623
5.5117 FirstCar -15.47553 0.025 2.97 0 90 0 0 0.7071068 0 0.7071068 6.293823 0
5.5117 SecondCar -48.01928 0.025 2.97 0 90 0 0 0.7071068 0 0.7071068 6.275791 0
5.5120 Head 0 1.6 0.78 345.15 327.8999 0 -0.124191 -0.2741586 -0.03572864 0.9529623
5.5120 FirstCar -15.47313 0.025 2.97 0 90 0 0 0.7071068 0 0.7071068 6.292907 0
5.5120 SecondCar -48.01688 0.025 2.97 0 90 0 0 0.7071068 0 0.7071068 6.274874 0
5.5124 Head 0 1.6 0.78 345.15 327.8999 0 -0.124191 -0.2741586 -0.03572864 0.9529623
5.5124 FirstCar -15.47089 0.025 2.97 0 90 0 0 0.7071068 0 0.7071068 6.292054 0
5.5124 SecondCar -48.01466 0.025 2.97 0 90 0 0 0.7071068 0 0.7071068 6.274022 0
5.5128 Head 0 1.6 0.78 345.15 327.8999 0 -0.124191 -0.2741586 -0.03572864 0.9529623
5.5128 FirstCar -15.46861 0.025 2.97 0 90 0 0 0.7071068 0 0.7071068 6.291184 0
5.5128 SecondCar -48.01238 0.025 2.97 0 90 0 0 0.7071068 0 0.7071068 6.273152 0
5.5131 Head 0 1.6 0.78 345.15 327.8999 0 -0.124191 -0.2741586 -0.03572864 0.9529623
5.5131 FirstCar -15.46635 0.025 2.97 0 90 0 0 0.7071068 0 0.7071068 6.290322 0
5.5131 SecondCar -48.01013 0.025 2.97 0 90 0 0 0.7071068 0 0.7071068 6.272289 0
5.5135 Head 0 1.6 0.78 345.15 327.8999 0 -0.124191 -0.2741586 -0.03572864 0.9529623
5.5135 FirstCar -15.46413 0.025 2.97 0 90 0 0 0.7071068 0 0.7071068 6.289475 0
5.5135 SecondCar -48.00792 0.025 2.97 0 90 0 0 0.7071068 0 0.7071068 6.271443 0
5.5138 Head 0 1.6 0.78 345.15 327.8999 0 -0.124191 -0.2741586 -0.03572864 0.9529623
5.5138 FirstCar -15.46191 0.025 2.97 0 90 0 0 0.7071068 0 0.7071068 6.288627 0
5.5138 SecondCar -48.0057 0.025 2.97 0 90 0 0 0.7071068 0 0.7071068 6.270595 0
5.5142 Head 0 1.6 0.78 345.15 327.8999 0 -0.124191 -0.2741586 -0.03572864 0.9529623
5.5142 FirstCar -15.45971 0.025 2.97 0 90 0 0 0.7071068 0 0.7071068 6.287788 0
5.5142 SecondCar -48.00351 0.025 2.97 0 90 0 0 0.7071068 0 0.7071068 6.269756 0
5.5146 Head 0 1.6 0.78 345.15 327.8999 0 -0.124191 -0.2741586 -0.03572864 0.9529623
5.5146 FirstCar -15.45703 0.025 2.97 0 90 0 0 0.7071068 0 0.7071068 6.286765 0
5.5146 SecondCar -48.00084 0.025 2.97 0 90 0 0 0.7071068 0 0.7071068 6.268732 0
5.5154 Head 0 1.6 0.78 345.15 327.8999 0 -0.124191 -0.2741586 -0.03572864 0.9529623
5.5154 FirstCar -15.45188 0.025 2.97 0 90 0 0 0.7071068 0 0.7071068 6.284795 0
5.5154 SecondCar -47.99569 0.025 2.97 0 90 0 0 0.7071068 0 0.7071068 6.266763 0
5.5158 Head 0 1.6 0.78 345.15 327.8999 0 -0.124191 -0.2741586 -0.03572864 0.9529623
5.5158 FirstCar -15.44959 0.025 2.97 0 90 0 0 0.7071068 0 0.7071068 6.283922 0
5.5158 SecondCar -47.99341 0.025 2.97 0 90 0 0 0.7071068 0 0.7071068 6.26589 0
5.5162 Head 0 1.6 0.78 345.15 327.8999 0 -0.124191 -0.2741586 -0.03572864 0.9529623
5.5162 FirstCar -15.44729 0.025 2.97 0 90 0 0 0.7071068 0 0.7071068 6.283042 0
5.5162 SecondCar -47.99112 0.025 2.97 0 90 0 0 0.7071068 0 0.7071068 6.26501 0
5.5166 Head 0 1.6 0.78 345.15 327.8999 0 -0.124191 -0.2741586 -0.03572864 0.9529623
5.5166 FirstCar -15.44473 0.025 2.97 0 90 0 0 0.7071068 0 0.7071068 6.282065 0
5.5166 SecondCar -47.98856 0.025 2.97 0 90 0 0 0.7071068 0 0.7071068 6.264032 0
5.5169 Head 0 1.6 0.78 345.15 327.8999 0 -0.124191 -0.2741586 -0.03572864 0.9529623
5.5169 FirstCar -15.44246 0.025 2.97 0 90 0 0 0.7071068 0 0.7071068 6.281199 0
5.5169 SecondCar -47.9863 0.025 2.97 0 90 0 0 0.7071068 0 0.7071068 6.263166 0
5.5173 Head 0 1.6 0.78 345.15 327.8999 0 -0.124191 -0.2741586 -0.03572864 0.9529623
5.5173 FirstCar -15.44025 0.025 2.97 0 90 0 0 0.7071068 0 0.7071068 6.280354 0
5.5173 SecondCar -47.9841 0.025 2.97 0 90 0 0 0.7071068 0 0.7071068 6.262321 0
5.5176 Head 0 1.6 0.78 345.15 327.8999 0 -0.124191 -0.2741586 -0.03572864 0.9529623
5.5176 FirstCar -15.43807 0.025 2.97 0 90 0 0 0.7071068 0 0.7071068 6.27952 0
5.5176 SecondCar -47.98192 0.025 2.97 0 90 0 0 0.7071068 0 0.7071068 6.261487 0
5.5180 Head 0 1.6 0.78 345.15 327.8999 0 -0.124191 -0.2741586 -0.03572864 0.9529623
5.5180 FirstCar -15.43583 0.025 2.97 0 90 0 0 0.7071068 0 0.7071068 6.278665 0
5.5180 SecondCar -47.97969 0.025 2.97 0 90 0 0 0.7071068 0 0.7071068 6.260633 0
5.5183 Head 0 1.6 0.78 345.15 327.8999 0 -0.124191 -0.2741586 -0.03572864 0.9529623
5.5183 FirstCar -15.43368 0.025 2.97 0 90 0 0 0.7071068 0 0.7071068 6.277843 0
5.5183 SecondCar -47.97755 0.025 2.97 0 90 0 0 0.7071068 0 0.7071068 6.25981 0
5.5187 Head 0 1.6 0.78 345.15 327.8999 0 -0.124191 -0.2741586 -0.03572864 0.9529623
5.5187 FirstCar -15.43153 0.025 2.97 0 90 0 0 0.7071068 0 0.7071068 6.277019 0
5.5187 SecondCar -47.9754 0.025 2.97 0 90 0 0 0.7071068 0 0.7071068 6.258986 0
5.5190 Head 0 1.6 0.78 345.15 327.8999 0 -0.124191 -0.2741586 -0.03572864 0.9529623
5.5190 FirstCar -15.42938 0.025 2.97 0 90 0 0 0.7071068 0 0.7071068 6.276199 0
5.5190 SecondCar -47.97326 0.025 2.97 0 90 0 0 0.7071068 0 0.7071068 6.258166 0
5.5194 Head 0 1.6 0.78 345.15 327.8999 0 -0.124191 -0.2741586 -0.03572864 0.9529623
5.5194 FirstCar -15.42714 0.025 2.97 0 90 0 0 0.7071068 0 0.7071068 6.275342 0
5.5194 SecondCar -47.97103 0.025 2.97 0 90 0 0 0.7071068 0 0.7071068 6.25731 0
5.5197 Head 0 1.6 0.78 345.15 327.8999 0 -0.124191 -0.2741586 -0.03572864 0.9529623
5.5197 FirstCar -15.42496 0.025 2.97 0 90 0 0 0.7071068 0 0.7071068 6.27451 0
5.5197 SecondCar -47.96886 0.025 2.97 0 90 0 0 0.7071068 0 0.7071068 6.256477 0
5.5201 Head 0 1.6 0.78 345.15 327.8999 0 -0.124191 -0.2741586 -0.03572864 0.9529623
5.5201 FirstCar -15.42275 0.025 2.97 0 90 0 0 0.7071068 0 0.7071068 6.273662 0
5.5201 SecondCar -47.96665 0.025 2.97 0 90 0 0 0.7071068 0 0.7071068 6.25563 0
5.5204 Head 0 1.6 0.78 345.15 327.8999 0 -0.124191 -0.2741586 -0.03572864 0.9529623
5.5204 FirstCar -15.42045 0.025 2.97 0 90 0 0 0.7071068 0 0.7071068 6.272782 0
5.5204 SecondCar -47.96436 0.025 2.97 0 90 0 0 0.7071068 0 0.7071068 6.25475 0
5.5208 Head 0 1.6 0.78 345.15 327.8999 0 -0.124191 -0.2741586 -0.03572864 0.9529623
5.5208 FirstCar -15.41822 0.025 2.97 0 90 0 0 0.7071068 0 0.7071068 6.271928 0
5.5208 SecondCar -47.96213 0.025 2.97 0 90 0 0 0.7071068 0 0.7071068 6.253895 0
5.5211 Head 0 1.6 0.78 345.15 327.8999 0 -0.124191 -0.2741586 -0.03572864 0.9529623
5.5211 FirstCar -15.41605 0.025 2.97 0 90 0 0 0.7071068 0 0.7071068 6.2711 0
5.5211 SecondCar -47.95997 0.025 2.97 0 90 0 0 0.7071068 0 0.7071068 6.253067 0
5.5215 Head 0 1.6 0.78 345.15 327.8999 0 -0.124191 -0.2741586 -0.03572864 0.9529623
5.5215 FirstCar -15.41342 0.025 2.97 0 90 0 0 0.7071068 0 0.7071068 6.270092 0
5.5215 SecondCar -47.95735 0.025 2.97 0 90 0 0 0.7071068 0 0.7071068 6.25206 0
5.5219 Head 0 1.6 0.78 345.15 327.8999 0 -0.124191 -0.2741586 -0.03572864 0.9529623
5.5219 FirstCar -15.41123 0.025 2.97 0 90 0 0 0.7071068 0 0.7071068 6.269255 0
5.5219 SecondCar -47.95517 0.025 2.97 0 90 0 0 0.7071068 0 0.7071068 6.251222 0
5.5223 Head 0 1.6 0.78 345.15 327.8999 0 -0.124191 -0.2741586 -0.03572864 0.9529623
5.5223 FirstCar -15.40902 0.025 2.97 0 90 0 0 0.7071068 0 0.7071068 6.268409 0
5.5223 SecondCar -47.95296 0.025 2.97 0 90 0 0 0.7071068 0 0.7071068 6.250376 0
5.5226 Head 0 1.6 0.78 345.15 327.8999 0 -0.124191 -0.2741586 -0.03572864 0.9529623
5.5226 FirstCar -15.40686 0.025 2.97 0 90 0 0 0.7071068 0 0.7071068 6.267579 0
5.5226 SecondCar -47.9508 0.025 2.97 0 90 0 0 0.7071068 0 0.7071068 6.249547 0
5.5230 Head 0 1.6 0.78 345.15 327.8999 0 -0.124191 -0.2741586 -0.03572864 0.9529623
5.5230 FirstCar -15.4044 0.025 2.97 0 90 0 0 0.7071068 0 0.7071068 6.26664 0
5.5230 SecondCar -47.94836 0.025 2.97 0 90 0 0 0.7071068 0 0.7071068 6.248607 0
5.5234 Head 0 1.6 0.78 345.15 327.8999 0 -0.124191 -0.2741586 -0.03572864 0.9529623
5.5234 FirstCar -15.40188 0.025 2.97 0 90 0 0 0.7071068 0 0.7071068 6.265673 0
5.5234 SecondCar -47.94584 0.025 2.97 0 90 0 0 0.7071068 0 0.7071068 6.247641 0
5.5238 Head 0 1.6 0.78 345.15 327.8999 0 -0.124191 -0.2741586 -0.03572864 0.9529623
5.5238 FirstCar -15.39939 0.025 2.97 0 90 0 0 0.7071068 0 0.7071068 6.264719 0
5.5238 SecondCar -47.94336 0.025 2.97 0 90 0 0 0.7071068 0 0.7071068 6.246687 0
5.5242 Head 0 1.6 0.78 345.15 327.8999 0 -0.124191 -0.2741586 -0.03572864 0.9529623
5.5242 FirstCar -15.39698 0.025 2.97 0 90 0 0 0.7071068 0 0.7071068 6.263796 0
5.5242 SecondCar -47.94095 0.025 2.97 0 90 0 0 0.7071068 0 0.7071068 6.245763 0
5.5246 Head 0 1.6 0.78 345.15 327.8999 0 -0.124191 -0.2741586 -0.03572864 0.9529623
5.5246 FirstCar -15.39455 0.025 2.97 0 90 0 0 0.7071068 0 0.7071068 6.262863 0
5.5246 SecondCar -47.93853 0.025 2.97 0 90 0 0 0.7071068 0 0.7071068 6.244831 0
5.5250 Head 0 1.6 0.78 345.15 327.8999 0 -0.124191 -0.2741586 -0.03572864 0.9529623
5.5250 FirstCar -15.39165 0.025 2.97 0 90 0 0 0.7071068 0 0.7071068 6.261755 0
5.5250 SecondCar -47.93564 0.025 2.97 0 90 0 0 0.7071068 0 0.7071068 6.243722 0
5.5254 Head 0 1.6 0.78 345.15 327.8999 0 -0.124191 -0.2741586 -0.03572864 0.9529623
5.5254 FirstCar -15.38909 0.025 2.97 0 90 0 0 0.7071068 0 0.7071068 6.260771 0
5.5254 SecondCar -47.93309 0.025 2.97 0 90 0 0 0.7071068 0 0.7071068 6.242739 0
5.5258 Head 0 1.6 0.78 345.15 327.8999 0 -0.124191 -0.2741586 -0.03572864 0.9529623
5.5258 FirstCar -15.38682 0.025 2.97 0 90 0 0 0.7071068 0 0.7071068 6.259902 0
5.5258 SecondCar -47.93082 0.025 2.97 0 90 0 0 0.7071068 0 0.7071068 6.241869 0
5.5262 Head 0 1.6 0.78 345.15 327.8999 0 -0.124191 -0.2741586 -0.03572864 0.9529623
5.5262 FirstCar -15.38455 0.025 2.97 0 90 0 0 0.7071068 0 0.7071068 6.259031 0
5.5262 SecondCar -47.92856 0.025 2.97 0 90 0 0 0.7071068 0 0.7071068 6.240999 0
5.5265 Head 0 1.6 0.78 345.15 327.8999 0 -0.124191 -0.2741586 -0.03572864 0.9529623
5.5265 FirstCar -15.38226 0.025 2.97 0 90 0 0 0.7071068 0 0.7071068 6.258153 0
5.5265 SecondCar -47.92628 0.025 2.97 0 90 0 0 0.7071068 0 0.7071068 6.24012 0
5.5269 Head 0 1.6 0.78 345.15 327.8999 0 -0.124191 -0.2741586 -0.03572864 0.9529623
5.5269 FirstCar -15.37999 0.025 2.97 0 90 0 0 0.7071068 0 0.7071068 6.257283 0
5.5269 SecondCar -47.92402 0.025 2.97 0 90 0 0 0.7071068 0 0.7071068 6.239251 0
5.5272 Head 0 1.6 0.78 345.15 327.8999 0 -0.124191 -0.2741586 -0.03572864 0.9529623
5.5272 FirstCar -15.37776 0.025 2.97 0 90 0 0 0.7071068 0 0.7071068 6.256425 0
5.5272 SecondCar -47.92178 0.025 2.97 0 90 0 0 0.7071068 0 0.7071068 6.238393 0
5.5276 Head 0 1.6 0.78 345.15 327.8999 0 -0.124191 -0.2741586 -0.03572864 0.9529623
5.5276 FirstCar -15.37559 0.025 2.97 0 90 0 0 0.7071068 0 0.7071068 6.255593 0
5.5276 SecondCar -47.91962 0.025 2.97 0 90 0 0 0.7071068 0 0.7071068 6.23756 0
5.5279 Head 0 1.6 0.78 345.15 327.8999 0 -0.124191 -0.2741586 -0.03572864 0.9529623
5.5279 FirstCar -15.37348 0.025 2.97 0 90 0 0 0.7071068 0 0.7071068 6.254783 0
5.5279 SecondCar -47.91751 0.025 2.97 0 90 0 0 0.7071068 0 0.7071068 6.23675 0
5.5284 Head 0 1.6 0.78 345.15 327.8999 0 -0.124191 -0.2741586 -0.03572864 0.9529623
5.5284 FirstCar -15.37073 0.025 2.97 0 90 0 0 0.7071068 0 0.7071068 6.253729 0
5.5284 SecondCar -47.91478 0.025 2.97 0 90 0 0 0.7071068 0 0.7071068 6.235696 0
5.5289 Head 0 1.6 0.78 345.15 327.8999 0 -0.124191 -0.2741586 -0.03572864 0.9529623
5.5289 FirstCar -15.36763 0.025 2.97 0 90 0 0 0.7071068 0 0.7071068 6.25254 0
5.5289 SecondCar -47.91169 0.025 2.97 0 90 0 0 0.7071068 0 0.7071068 6.234507 0
5.5293 Head 0 1.6 0.78 345.15 327.8999 0 -0.124191 -0.2741586 -0.03572864 0.9529623
5.5293 FirstCar -15.36507 0.025 2.97 0 90 0 0 0.7071068 0 0.7071068 6.251556 0
5.5293 SecondCar -47.90913 0.025 2.97 0 90 0 0 0.7071068 0 0.7071068 6.233524 0
5.5296 Head 0 1.6 0.78 345.15 327.8999 0 -0.124191 -0.2741586 -0.03572864 0.9529623
5.5296 FirstCar -15.36285 0.025 2.97 0 90 0 0 0.7071068 0 0.7071068 6.250702 0
5.5296 SecondCar -47.90691 0.025 2.97 0 90 0 0 0.7071068 0 0.7071068 6.232669 0
5.5300 Head 0 1.6 0.78 345.15 327.8999 0 -0.124191 -0.2741586 -0.03572864 0.9529623
5.5300 FirstCar -15.36071 0.025 2.97 0 90 0 0 0.7071068 0 0.7071068 6.249883 0
5.5300 SecondCar -47.90479 0.025 2.97 0 90 0 0 0.7071068 0 0.7071068 6.23185 0
5.5304 Head 0 1.6 0.78 345.15 327.8999 0 -0.124191 -0.2741586 -0.03572864 0.9529623
5.5304 FirstCar -15.35828 0.025 2.97 0 90 0 0 0.7071068 0 0.7071068 6.248949 0
5.5304 SecondCar -47.90236 0.025 2.97 0 90 0 0 0.7071068 0 0.7071068 6.230916 0
5.5310 Head 0 1.6 0.78 345.15 327.8999 0 -0.124191 -0.2741586 -0.03572864 0.9529623
5.5310 FirstCar -15.35427 0.025 2.97 0 90 0 0 0.7071068 0 0.7071068 6.247408 0
5.5310 SecondCar -47.89836 0.025 2.97 0 90 0 0 0.7071068 0 0.7071068 6.229375 0
5.5314 Head 0 1.6 0.78 345.15 327.8999 0 -0.124191 -0.2741586 -0.03572864 0.9529623
5.5314 FirstCar -15.35185 0.025 2.97 0 90 0 0 0.7071068 0 0.7071068 6.246479 0
5.5314 SecondCar -47.89595 0.025 2.97 0 90 0 0 0.7071068 0 0.7071068 6.228446 0
5.5317 Head 0 1.6 0.78 345.15 327.8999 0 -0.124191 -0.2741586 -0.03572864 0.9529623
5.5317 FirstCar -15.3496 0.025 2.97 0 90 0 0 0.7071068 0 0.7071068 6.245614 0
5.5317 SecondCar -47.89371 0.025 2.97 0 90 0 0 0.7071068 0 0.7071068 6.227582 0
5.5321 Head 0 1.6 0.78 345.15 327.8999 0 -0.124191 -0.2741586 -0.03572864 0.9529623
5.5321 FirstCar -15.34729 0.025 2.97 0 90 0 0 0.7071068 0 0.7071068 6.244727 0
5.5321 SecondCar -47.89141 0.025 2.97 0 90 0 0 0.7071068 0 0.7071068 6.226695 0
5.5325 Head 0 1.6 0.78 345.15 327.8999 0 -0.124191 -0.2741586 -0.03572864 0.9529623
5.5325 FirstCar -15.34514 0.025 2.97 0 90 0 0 0.7071068 0 0.7071068 6.2439 0
5.5325 SecondCar -47.88926 0.025 2.97 0 90 0 0 0.7071068 0 0.7071068 6.225867 0
5.5328 Head 0 1.6 0.78 345.15 327.8999 0 -0.124191 -0.2741586 -0.03572864 0.9529623
5.5328 FirstCar -15.34302 0.025 2.97 0 90 0 0 0.7071068 0 0.7071068 6.243083 0
5.5328 SecondCar -47.88714 0.025 2.97 0 90 0 0 0.7071068 0 0.7071068 6.225051 0
5.5332 Head 0 1.6 0.78 345.15 327.8999 0 -0.124191 -0.2741586 -0.03572864 0.9529623
5.5332 FirstCar -15.34052 0.025 2.97 0 90 0 0 0.7071068 0 0.7071068 6.242124 0
5.5332 SecondCar -47.88465 0.025 2.97 0 90 0 0 0.7071068 0 0.7071068 6.224091 0
5.5336 Head 0 1.6 0.78 345.15 327.8999 0 -0.124191 -0.2741586 -0.03572864 0.9529623
5.5336 FirstCar -15.33832 0.025 2.97 0 90 0 0 0.7071068 0 0.7071068 6.241276 0
5.5336 SecondCar -47.88246 0.025 2.97 0 90 0 0 0.7071068 0 0.7071068 6.223244 0
5.5339 Head 0 1.6 0.78 345.15 327.8999 0 -0.124191 -0.2741586 -0.03572864 0.9529623
5.5339 FirstCar -15.33609 0.025 2.97 0 90 0 0 0.7071068 0 0.7071068 6.240421 0
5.5339 SecondCar -47.88024 0.025 2.97 0 90 0 0 0.7071068 0 0.7071068 6.222388 0
5.5343 Head 0 1.6 0.78 345.15 327.8999 0 -0.124191 -0.2741586 -0.03572864 0.9529623
5.5343 FirstCar -15.33397 0.025 2.97 0 90 0 0 0.7071068 0 0.7071068 6.239604 0
5.5343 SecondCar -47.87812 0.025 2.97 0 90 0 0 0.7071068 0 0.7071068 6.221571 0
5.5347 Head 0 1.6 0.78 345.15 327.8999 0 -0.124191 -0.2741586 -0.03572864 0.9529623
5.5347 FirstCar -15.33135 0.025 2.97 0 90 0 0 0.7071068 0 0.7071068 6.238596 0
5.5347 SecondCar -47.87551 0.025 2.97 0 90 0 0 0.7071068 0 0.7071068 6.220564 0
5.5351 Head 0 1.6 0.78 345.15 327.8999 0 -0.124191 -0.2741586 -0.03572864 0.9529623
5.5351 FirstCar -15.329 0.025 2.97 0 90 0 0 0.7071068 0 0.7071068 6.237693 0
5.5351 SecondCar -47.87317 0.025 2.97 0 90 0 0 0.7071068 0 0.7071068 6.21966 0
5.5354 Head 0 1.6 0.78 345.15 327.8999 0 -0.124191 -0.2741586 -0.03572864 0.9529623
5.5354 FirstCar -15.32662 0.025 2.97 0 90 0 0 0.7071068 0 0.7071068 6.236776 0
5.5354 SecondCar -47.87079 0.025 2.97 0 90 0 0 0.7071068 0 0.7071068 6.218743 0
5.5358 Head 0 1.6 0.78 345.15 327.8999 0 -0.124191 -0.2741586 -0.03572864 0.9529623
5.5358 FirstCar -15.32448 0.025 2.97 0 90 0 0 0.7071068 0 0.7071068 6.235955 0
5.5358 SecondCar -47.86867 0.025 2.97 0 90 0 0 0.7071068 0 0.7071068 6.217923 0
5.5361 Head 0 1.6 0.78 345.15 327.8999 0 -0.124191 -0.2741586 -0.03572864 0.9529623
5.5361 FirstCar -15.32219 0.025 2.97 0 90 0 0 0.7071068 0 0.7071068 6.235072 0
5.5361 SecondCar -47.86638 0.025 2.97 0 90 0 0 0.7071068 0 0.7071068 6.217039 0
5.5365 Head 0 1.6 0.78 345.15 327.8999 0 -0.124191 -0.2741586 -0.03572864 0.9529623
5.5365 FirstCar -15.32011 0.025 2.97 0 90 0 0 0.7071068 0 0.7071068 6.23427 0
5.5365 SecondCar -47.8643 0.025 2.97 0 90 0 0 0.7071068 0 0.7071068 6.216237 0
5.5368 Head 0 1.6 0.78 345.15 327.8999 0 -0.124191 -0.2741586 -0.03572864 0.9529623
5.5368 FirstCar -15.31797 0.025 2.97 0 90 0 0 0.7071068 0 0.7071068 6.233447 0
5.5368 SecondCar -47.86217 0.025 2.97 0 90 0 0 0.7071068 0 0.7071068 6.215415 0
5.5372 Head 0 1.6 0.78 345.15 327.8999 0 -0.124191 -0.2741586 -0.03572864 0.9529623
5.5372 FirstCar -15.31588 0.025 2.97 0 90 0 0 0.7071068 0 0.7071068 6.232642 0
5.5372 SecondCar -47.86009 0.025 2.97 0 90 0 0 0.7071068 0 0.7071068 6.214609 0
5.5375 Head 0 1.6 0.78 345.15 327.8999 0 -0.124191 -0.2741586 -0.03572864 0.9529623
5.5375 FirstCar -15.31374 0.025 2.97 0 90 0 0 0.7071068 0 0.7071068 6.231819 0
5.5375 SecondCar -47.85796 0.025 2.97 0 90 0 0 0.7071068 0 0.7071068 6.213786 0
5.5378 Head 0 1.6 0.78 345.15 327.8999 0 -0.124191 -0.2741586 -0.03572864 0.9529623
5.5378 FirstCar -15.31168 0.025 2.97 0 90 0 0 0.7071068 0 0.7071068 6.231024 0
5.5378 SecondCar -47.8559 0.025 2.97 0 90 0 0 0.7071068 0 0.7071068 6.212991 0
5.5382 Head 0 1.6 0.78 345.15 327.8999 0 -0.124191 -0.2741586 -0.03572864 0.9529623
5.5382 FirstCar -15.30957 0.025 2.97 0 90 0 0 0.7071068 0 0.7071068 6.23021 0
5.5382 SecondCar -47.85379 0.025 2.97 0 90 0 0 0.7071068 0 0.7071068 6.212177 0
5.5385 Head 0 1.6 0.78 345.15 327.8999 0 -0.124191 -0.2741586 -0.03572864 0.9529623
5.5385 FirstCar -15.30752 0.025 2.97 0 90 0 0 0.7071068 0 0.7071068 6.22942 0
5.5385 SecondCar -47.85175 0.025 2.97 0 90 0 0 0.7071068 0 0.7071068 6.211387 0
5.5388 Head 0 1.6 0.78 345.15 327.8999 0 -0.124191 -0.2741586 -0.03572864 0.9529623
5.5388 FirstCar -15.30542 0.025 2.97 0 90 0 0 0.7071068 0 0.7071068 6.228613 0
5.5388 SecondCar -47.84966 0.025 2.97 0 90 0 0 0.7071068 0 0.7071068 6.210581 0
5.5392 Head 0 1.6 0.78 345.15 327.8999 0 -0.124191 -0.2741586 -0.03572864 0.9529623
5.5392 FirstCar -15.30328 0.025 2.97 0 90 0 0 0.7071068 0 0.7071068 6.227787 0
5.5392 SecondCar -47.84753 0.025 2.97 0 90 0 0 0.7071068 0 0.7071068 6.209755 0
5.5395 Head 0 1.6 0.78 345.15 327.8999 0 -0.124191 -0.2741586 -0.03572864 0.9529623
5.5395 FirstCar -15.30112 0.025 2.97 0 90 0 0 0.7071068 0 0.7071068 6.226954 0
5.5395 SecondCar -47.84537 0.025 2.97 0 90 0 0 0.7071068 0 0.7071068 6.208922 0
5.5399 Head 0 1.6 0.78 345.15 327.8999 0 -0.124191 -0.2741586 -0.03572864 0.9529623
5.5399 FirstCar -15.29897 0.025 2.97 0 90 0 0 0.7071068 0 0.7071068 6.226128 0
5.5399 SecondCar -47.84323 0.025 2.97 0 90 0 0 0.7071068 0 0.7071068 6.208095 0
5.5402 Head 0 1.6 0.78 345.15 327.8999 0 -0.124191 -0.2741586 -0.03572864 0.9529623
5.5402 FirstCar -15.29664 0.025 2.97 0 90 0 0 0.7071068 0 0.7071068 6.225229 0
5.5402 SecondCar -47.8409 0.025 2.97 0 90 0 0 0.7071068 0 0.7071068 6.207196 0
5.5406 Head 0 1.6 0.78 345.15 327.8999 0 -0.124191 -0.2741586 -0.03572864 0.9529623
5.5406 FirstCar -15.29453 0.025 2.97 0 90 0 0 0.7071068 0 0.7071068 6.224417 0
5.5406 SecondCar -47.8388 0.025 2.97 0 90 0 0 0.7071068 0 0.7071068 6.206384 0
5.5409 Head 0 1.6 0.78 345.15 327.8999 0 -0.124191 -0.2741586 -0.03572864 0.9529623
5.5409 FirstCar -15.29242 0.025 2.97 0 90 0 0 0.7071068 0 0.7071068 6.223602 0
5.5409 SecondCar -47.8367 0.025 2.97 0 90 0 0 0.7071068 0 0.7071068 6.20557 0
5.5413 Head 0 1.6 0.78 345.15 327.8999 0 -0.124191 -0.2741586 -0.03572864 0.9529623
5.5413 FirstCar -15.29035 0.025 2.97 0 90 0 0 0.7071068 0 0.7071068 6.222803 0
5.5413 SecondCar -47.83463 0.025 2.97 0 90 0 0 0.7071068 0 0.7071068 6.204771 0
5.5416 Head 0 1.6 0.78 345.15 327.8999 0 -0.124191 -0.2741586 -0.03572864 0.9529623
5.5416 FirstCar -15.2881 0.025 2.97 0 90 0 0 0.7071068 0 0.7071068 6.221933 0
5.5416 SecondCar -47.83238 0.025 2.97 0 90 0 0 0.7071068 0 0.7071068 6.2039 0
5.5420 Head 0 1.6 0.78 345.15 327.8999 0 -0.124191 -0.2741586 -0.03572864 0.9529623
5.5420 FirstCar -15.28596 0.025 2.97 0 90 0 0 0.7071068 0 0.7071068 6.221107 0
5.5420 SecondCar -47.83025 0.025 2.97 0 90 0 0 0.7071068 0 0.7071068 6.203075 0
5.5424 Head 0 1.6 0.78 345.15 327.8999 0 -0.124191 -0.2741586 -0.03572864 0.9529623
5.5424 FirstCar -15.28331 0.025 2.97 0 90 0 0 0.7071068 0 0.7071068 6.220088 0
5.5424 SecondCar -47.82761 0.025 2.97 0 90 0 0 0.7071068 0 0.7071068 6.202055 0
5.5428 Head 0 1.6 0.78 345.15 327.8999 0 -0.124191 -0.2741586 -0.03572864 0.9529623
5.5428 FirstCar -15.2808 0.025 2.97 0 90 0 0 0.7071068 0 0.7071068 6.219118 0
5.5428 SecondCar -47.82511 0.025 2.97 0 90 0 0 0.7071068 0 0.7071068 6.201086 0
5.5432 Head 0 1.6 0.78 345.15 327.8999 0 -0.124191 -0.2741586 -0.03572864 0.9529623
5.5432 FirstCar -15.27841 0.025 2.97 0 90 0 0 0.7071068 0 0.7071068 6.218194 0
5.5432 SecondCar -47.82272 0.025 2.97 0 90 0 0 0.7071068 0 0.7071068 6.200162 0
5.5437 Head 0 1.6 0.78 345.15 327.8999 0 -0.124191 -0.2741586 -0.03572864 0.9529623
5.5437 FirstCar -15.27491 0.025 2.97 0 90 0 0 0.7071068 0 0.7071068 6.216843 0
5.5437 SecondCar -47.81923 0.025 2.97 0 90 0 0 0.7071068 0 0.7071068 6.19881 0
5.5441 Head 0 1.6 0.78 345.15 327.8999 0 -0.124191 -0.2741586 -0.03572864 0.9529623
5.5441 FirstCar -15.27248 0.025 2.97 0 90 0 0 0.7071068 0 0.7071068 6.215906 0
5.5441 SecondCar -47.81681 0.025 2.97 0 90 0 0 0.7071068 0 0.7071068 6.197873 0
5.5445 Head 0 1.6 0.78 345.15 327.8999 0 -0.124191 -0.2741586 -0.03572864 0.9529623
5.5445 FirstCar -15.27019 0.025 2.97 0 90 0 0 0.7071068 0 0.7071068 6.215022 0
5.5445 SecondCar -47.81453 0.025 2.97 0 90 0 0 0.7071068 0 0.7071068 6.19699 0
5.5449 Head 0 1.6 0.78 345.15 327.8999 0 -0.124191 -0.2741586 -0.03572864 0.9529623
5.5449 FirstCar -15.26794 0.025 2.97 0 90 0 0 0.7071068 0 0.7071068 6.214154 0
5.5449 SecondCar -47.81229 0.025 2.97 0 90 0 0 0.7071068 0 0.7071068 6.196122 0
5.5452 Head 0 1.6 0.78 345.15 327.8999 0 -0.124191 -0.2741586 -0.03572864 0.9529623
5.5452 FirstCar -15.2657 0.025 2.97 0 90 0 0 0.7071068 0 0.7071068 6.213288 0
5.5452 SecondCar -47.81005 0.025 2.97 0 90 0 0 0.7071068 0 0.7071068 6.195256 0
5.5456 Head 0 1.6 0.78 345.15 327.8999 0 -0.124191 -0.2741586 -0.03572864 0.9529623
5.5456 FirstCar -15.26335 0.025 2.97 0 90 0 0 0.7071068 0 0.7071068 6.21238 0
5.5456 SecondCar -47.80771 0.025 2.97 0 90 0 0 0.7071068 0 0.7071068 6.194347 0
5.5459 Head 0 1.6 0.78 345.15 327.8999 0 -0.124191 -0.2741586 -0.03572864 0.9529623
5.5459 FirstCar -15.2612 0.025 2.97 0 90 0 0 0.7071068 0 0.7071068 6.211549 0
5.5459 SecondCar -47.80557 0.025 2.97 0 90 0 0 0.7071068 0 0.7071068 6.193516 0
5.5463 Head 0 1.6 0.78 345.15 327.8999 0 -0.124191 -0.2741586 -0.03572864 0.9529623
5.5463 FirstCar -15.259 0.025 2.97 0 90 0 0 0.7071068 0 0.7071068 6.210701 0
5.5463 SecondCar -47.80338 0.025 2.97 0 90 0 0 0.7071068 0 0.7071068 6.192668 0
5.5467 Head 0 1.6 0.78 345.15 327.8999 0 -0.124191 -0.2741586 -0.03572864 0.9529623
5.5467 FirstCar -15.2568 0.025 2.97 0 90 0 0 0.7071068 0 0.7071068 6.209851 0
5.5467 SecondCar -47.80119 0.025 2.97 0 90 0 0 0.7071068 0 0.7071068 6.191818 0
5.5470 Head 0 1.6 0.78 345.15 327.8999 0 -0.124191 -0.2741586 -0.03572864 0.9529623
5.5470 FirstCar -15.25471 0.025 2.97 0 90 0 0 0.7071068 0 0.7071068 6.209042 0
5.5470 SecondCar -47.7991 0.025 2.97 0 90 0 0 0.7071068 0 0.7071068 6.19101 0
5.5473 Head 0 1.6 0.78 345.15 327.8999 0 -0.124191 -0.2741586 -0.03572864 0.9529623
5.5473 FirstCar -15.25258 0.025 2.97 0 90 0 0 0.7071068 0 0.7071068 6.208219 0
5.5473 SecondCar -47.79697 0.025 2.97 0 90 0 0 0.7071068 0 0.7071068 6.190187 0
5.5477 Head 0 1.6 0.78 345.15 327.8999 0 -0.124191 -0.2741586 -0.03572864 0.9529623
5.5477 FirstCar -15.25005 0.025 2.97 0 90 0 0 0.7071068 0 0.7071068 6.20724 0
5.5477 SecondCar -47.79445 0.025 2.97 0 90 0 0 0.7071068 0 0.7071068 6.189208 0
5.5481 Head 0 1.6 0.78 345.15 327.8999 0 -0.124191 -0.2741586 -0.03572864 0.9529623
5.5481 FirstCar -15.24787 0.025 2.97 0 90 0 0 0.7071068 0 0.7071068 6.206398 0
5.5481 SecondCar -47.79227 0.025 2.97 0 90 0 0 0.7071068 0 0.7071068 6.188365 0
5.5484 Head 0 1.6 0.78 345.15 327.8999 0 -0.124191 -0.2741586 -0.03572864 0.9529623
5.5484 FirstCar -15.24569 0.025 2.97 0 90 0 0 0.7071068 0 0.7071068 6.205554 0
5.5484 SecondCar -47.7901 0.025 2.97 0 90 0 0 0.7071068 0 0.7071068 6.187522 0
5.5488 Head 0 1.6 0.78 345.15 327.8999 0 -0.124191 -0.2741586 -0.03572864 0.9529623
5.5488 FirstCar -15.24359 0.025 2.97 0 90 0 0 0.7071068 0 0.7071068 6.204741 0
5.5488 SecondCar -47.788 0.025 2.97 0 90 0 0 0.7071068 0 0.7071068 6.186708 0
5.5492 Head 0 1.6 0.78 345.15 327.8999 0 -0.124191 -0.2741586 -0.03572864 0.9529623
5.5492 FirstCar -15.24119 0.025 2.97 0 90 0 0 0.7071068 0 0.7071068 6.203812 0
5.5492 SecondCar -47.78561 0.025 2.97 0 90 0 0 0.7071068 0 0.7071068 6.18578 0
5.5495 Head 0 1.6 0.78 345.15 327.8999 0 -0.124191 -0.2741586 -0.03572864 0.9529623
5.5495 FirstCar -15.23905 0.025 2.97 0 90 0 0 0.7071068 0 0.7071068 6.202986 0
5.5495 SecondCar -47.78348 0.025 2.97 0 90 0 0 0.7071068 0 0.7071068 6.184953 0
5.5499 Head 0 1.6 0.78 345.15 327.8999 0 -0.124191 -0.2741586 -0.03572864 0.9529623
5.5499 FirstCar -15.23686 0.025 2.97 0 90 0 0 0.7071068 0 0.7071068 6.202138 0
5.5499 SecondCar -47.7813 0.025 2.97 0 90 0 0 0.7071068 0 0.7071068 6.184106 0
5.5503 Head 0 1.6 0.78 345.15 327.8999 0 -0.124191 -0.2741586 -0.03572864 0.9529623
5.5503 FirstCar -15.23437 0.025 2.97 0 90 0 0 0.7071068 0 0.7071068 6.201173 0
5.5503 SecondCar -47.77881 0.025 2.97 0 90 0 0 0.7071068 0 0.7071068 6.183141 0
5.5509 Head 0 1.6 0.78 345.15 327.8999 0 -0.124191 -0.2741586 -0.03572864 0.9529623
5.5509 FirstCar -15.23037 0.025 2.97 0 90 0 0 0.7071068 0 0.7071068 6.199626 0
5.5509 SecondCar -47.77483 0.025 2.97 0 90 0 0 0.7071068 0 0.7071068 6.181593 0
5.5513 Head 0 1.6 0.78 345.15 327.8999 0 -0.124191 -0.2741586 -0.03572864 0.9529623
5.5513 FirstCar -15.22771 0.025 2.97 0 90 0 0 0.7071068 0 0.7071068 6.198596 0
5.5513 SecondCar -47.77217 0.025 2.97 0 90 0 0 0.7071068 0 0.7071068 6.180564 0
5.5517 Head 0 1.6 0.78 345.15 327.8999 0 -0.124191 -0.2741586 -0.03572864 0.9529623
5.5517 FirstCar -15.22548 0.025 2.97 0 90 0 0 0.7071068 0 0.7071068 6.197733 0
5.5517 SecondCar -47.76995 0.025 2.97 0 90 0 0 0.7071068 0 0.7071068 6.179701 0
5.5521 Head 0 1.6 0.78 345.15 327.8999 0 -0.124191 -0.2741586 -0.03572864 0.9529623
5.5521 FirstCar -15.22328 0.025 2.97 0 90 0 0 0.7071068 0 0.7071068 6.196878 0
5.5521 SecondCar -47.76775 0.025 2.97 0 90 0 0 0.7071068 0 0.7071068 6.178846 0
5.5524 Head 0 1.6 0.78 345.15 327.8999 0 -0.124191 -0.2741586 -0.03572864 0.9529623
5.5524 FirstCar -15.22115 0.025 2.97 0 90 0 0 0.7071068 0 0.7071068 6.196054 0
5.5524 SecondCar -47.76563 0.025 2.97 0 90 0 0 0.7071068 0 0.7071068 6.178022 0
5.5527 Head 0 1.6 0.78 345.15 327.8999 0 -0.124191 -0.2741586 -0.03572864 0.9529623
5.5527 FirstCar -15.21902 0.025 2.97 0 90 0 0 0.7071068 0 0.7071068 6.195231 0
5.5527 SecondCar -47.76351 0.025 2.97 0 90 0 0 0.7071068 0 0.7071068 6.177199 0
5.5531 Head 0 1.6 0.78 345.15 327.8999 0 -0.124191 -0.2741586 -0.03572864 0.9529623
5.5531 FirstCar -15.2169 0.025 2.97 0 90 0 0 0.7071068 0 0.7071068 6.194408 0
5.5531 SecondCar -47.76139 0.025 2.97 0 90 0 0 0.7071068 0 0.7071068 6.176375 0
5.5534 Head 0 1.6 0.78 345.15 327.8999 0 -0.124191 -0.2741586 -0.03572864 0.9529623
5.5534 FirstCar -15.21483 0.025 2.97 0 90 0 0 0.7071068 0 0.7071068 6.193605 0
5.5534 SecondCar -47.75933 0.025 2.97 0 90 0 0 0.7071068 0 0.7071068 6.175573 0
5.5539 Head 0 1.6 0.78 345.15 327.8999 0 -0.124191 -0.2741586 -0.03572864 0.9529623
5.5539 FirstCar -15.21207 0.025 2.97 0 90 0 0 0.7071068 0 0.7071068 6.192536 0
5.5539 SecondCar -47.75658 0.025 2.97 0 90 0 0 0.7071068 0 0.7071068 6.174504 0
5.5543 Head 0 1.6 0.78 345.15 327.8999 0 -0.124191 -0.2741586 -0.03572864 0.9529623
5.5543 FirstCar -15.20909 0.025 2.97 0 90 0 0 0.7071068 0 0.7071068 6.191382 0
5.5543 SecondCar -47.75361 0.025 2.97 0 90 0 0 0.7071068 0 0.7071068 6.17335 0
5.5548 Head 0 1.6 0.78 345.15 327.8999 0 -0.124191 -0.2741586 -0.03572864 0.9529623
5.5548 FirstCar -15.20614 0.025 2.97 0 90 0 0 0.7071068 0 0.7071068 6.190237 0
5.5548 SecondCar -47.75066 0.025 2.97 0 90 0 0 0.7071068 0 0.7071068 6.172204 0
5.5553 Head 0 1.6 0.78 345.15 327.8999 0 -0.124191 -0.2741586 -0.03572864 0.9529623
5.5553 FirstCar -15.20321 0.025 2.97 0 90 0 0 0.7071068 0 0.7071068 6.189102 0
5.5553 SecondCar -47.74774 0.025 2.97 0 90 0 0 0.7071068 0 0.7071068 6.171069 0
5.5558 Head 0 1.6 0.78 345.15 327.8999 0 -0.124191 -0.2741586 -0.03572864 0.9529623
5.5558 FirstCar -15.20018 0.025 2.97 0 90 0 0 0.7071068 0 0.7071068 6.187928 0
5.5558 SecondCar -47.74472 0.025 2.97 0 90 0 0 0.7071068 0 0.7071068 6.169896 0
5.5562 Head 0 1.6 0.78 345.15 327.8999 0 -0.124191 -0.2741586 -0.03572864 0.9529623
5.5562 FirstCar -15.19783 0.025 2.97 0 90 0 0 0.7071068 0 0.7071068 6.187014 0
5.5562 SecondCar -47.74237 0.025 2.97 0 90 0 0 0.7071068 0 0.7071068 6.168981 0
5.5565 Head 0 1.6 0.78 345.15 327.8999 0 -0.124191 -0.2741586 -0.03572864 0.9529623
5.5565 FirstCar -15.19558 0.025 2.97 0 90 0 0 0.7071068 0 0.7071068 6.186142 0
5.5565 SecondCar -47.74014 0.025 2.97 0 90 0 0 0.7071068 0 0.7071068 6.16811 0
5.5569 Head 0 1.6 0.78 345.15 327.8999 0 -0.124191 -0.2741586 -0.03572864 0.9529623
5.5569 FirstCar -15.19335 0.025 2.97 0 90 0 0 0.7071068 0 0.7071068 6.185277 0
5.5569 SecondCar -47.73791 0.025 2.97 0 90 0 0 0.7071068 0 0.7071068 6.167244 0
5.5573 Head 0 1.6 0.78 345.15 327.8999 0 -0.124191 -0.2741586 -0.03572864 0.9529623
5.5573 FirstCar -15.19111 0.025 2.97 0 90 0 0 0.7071068 0 0.7071068 6.18441 0
5.5573 SecondCar -47.73568 0.025 2.97 0 90 0 0 0.7071068 0 0.7071068 6.166377 0
5.5576 Head 0 1.6 0.78 345.15 327.8999 0 -0.124191 -0.2741586 -0.03572864 0.9529623
5.5576 FirstCar -15.18879 0.025 2.97 0 90 0 0 0.7071068 0 0.7071068 6.183509 0
5.5576 SecondCar -47.73337 0.025 2.97 0 90 0 0 0.7071068 0 0.7071068 6.165476 0
5.5580 Head 0 1.6 0.78 345.15 327.8999 0 -0.124191 -0.2741586 -0.03572864 0.9529623
5.5580 FirstCar -15.18671 0.025 2.97 0 90 0 0 0.7071068 0 0.7071068 6.182699 0
5.5580 SecondCar -47.73129 0.025 2.97 0 90 0 0 0.7071068 0 0.7071068 6.164666 0
5.5583 Head 0 1.6 0.78 345.15 327.8999 0 -0.124191 -0.2741586 -0.03572864 0.9529623
5.5583 FirstCar -15.18463 0.025 2.97 0 90 0 0 0.7071068 0 0.7071068 6.181891 0
5.5583 SecondCar -47.72921 0.025 2.97 0 90 0 0 0.7071068 0 0.7071068 6.163859 0
5.5587 Head 0 1.6 0.78 345.15 327.8999 0 -0.124191 -0.2741586 -0.03572864 0.9529623
5.5587 FirstCar -15.18243 0.025 2.97 0 90 0 0 0.7071068 0 0.7071068 6.181037 0
5.5587 SecondCar -47.72702 0.025 2.97 0 90 0 0 0.7071068 0 0.7071068 6.163004 0
5.5590 Head 0 1.6 0.78 345.15 327.8999 0 -0.124191 -0.2741586 -0.03572864 0.9529623
5.5590 FirstCar -15.1803 0.025 2.97 0 90 0 0 0.7071068 0 0.7071068 6.180211 0
5.5590 SecondCar -47.7249 0.025 2.97 0 90 0 0 0.7071068 0 0.7071068 6.162179 0
5.5593 Head 0 1.6 0.78 345.15 327.8999 0 -0.124191 -0.2741586 -0.03572864 0.9529623
5.5593 FirstCar -15.17823 0.025 2.97 0 90 0 0 0.7071068 0 0.7071068 6.179409 0
5.5593 SecondCar -47.72284 0.025 2.97 0 90 0 0 0.7071068 0 0.7071068 6.161376 0
5.5597 Head 0 1.6 0.78 345.15 327.8999 0 -0.124191 -0.2741586 -0.03572864 0.9529623
5.5597 FirstCar -15.17618 0.025 2.97 0 90 0 0 0.7071068 0 0.7071068 6.178612 0
5.5597 SecondCar -47.72079 0.025 2.97 0 90 0 0 0.7071068 0 0.7071068 6.160579 0
5.5600 Head 0 1.6 0.78 345.15 327.8999 0 -0.124191 -0.2741586 -0.03572864 0.9529623
5.5600 FirstCar -15.17415 0.025 2.97 0 90 0 0 0.7071068 0 0.7071068 6.177824 0
5.5600 SecondCar -47.71877 0.025 2.97 0 90 0 0 0.7071068 0 0.7071068 6.159791 0
5.5604 Head 0 1.6 0.78 345.15 327.8999 0 -0.124191 -0.2741586 -0.03572864 0.9529623
5.5604 FirstCar -15.1718 0.025 2.97 0 90 0 0 0.7071068 0 0.7071068 6.176909 0
5.5604 SecondCar -47.71643 0.025 2.97 0 90 0 0 0.7071068 0 0.7071068 6.158877 0
5.5607 Head 0 1.6 0.78 345.15 327.8999 0 -0.124191 -0.2741586 -0.03572864 0.9529623
5.5607 FirstCar -15.16966 0.025 2.97 0 90 0 0 0.7071068 0 0.7071068 6.176077 0
5.5607 SecondCar -47.71429 0.025 2.97 0 90 0 0 0.7071068 0 0.7071068 6.158044 0
5.5611 Head 0 1.6 0.78 345.15 327.8999 0 -0.124191 -0.2741586 -0.03572864 0.9529623
5.5611 FirstCar -15.16716 0.025 2.97 0 90 0 0 0.7071068 0 0.7071068 6.175105 0
5.5611 SecondCar -47.7118 0.025 2.97 0 90 0 0 0.7071068 0 0.7071068 6.157072 0
5.5615 Head 0 1.6 0.78 345.15 327.8999 0 -0.124191 -0.2741586 -0.03572864 0.9529623
5.5615 FirstCar -15.16496 0.025 2.97 0 90 0 0 0.7071068 0 0.7071068 6.174253 0
5.5615 SecondCar -47.70961 0.025 2.97 0 90 0 0 0.7071068 0 0.7071068 6.15622 0
5.5618 Head 0 1.6 0.78 345.15 327.8999 0 -0.124191 -0.2741586 -0.03572864 0.9529623
5.5618 FirstCar -15.16283 0.025 2.97 0 90 0 0 0.7071068 0 0.7071068 6.173423 0
5.5618 SecondCar -47.70748 0.025 2.97 0 90 0 0 0.7071068 0 0.7071068 6.15539 0
5.5622 Head 0 1.6 0.78 345.15 327.8999 0 -0.124191 -0.2741586 -0.03572864 0.9529623
5.5622 FirstCar -15.16055 0.025 2.97 0 90 0 0 0.7071068 0 0.7071068 6.172538 0
5.5622 SecondCar -47.70521 0.025 2.97 0 90 0 0 0.7071068 0 0.7071068 6.154506 0
5.5625 Head 0 1.6 0.78 345.15 327.8999 0 -0.124191 -0.2741586 -0.03572864 0.9529623
5.5625 FirstCar -15.15851 0.025 2.97 0 90 0 0 0.7071068 0 0.7071068 6.171743 0
5.5625 SecondCar -47.70317 0.025 2.97 0 90 0 0 0.7071068 0 0.7071068 6.15371 0
5.5629 Head 0 1.6 0.78 345.15 327.8999 0 -0.124191 -0.2741586 -0.03572864 0.9529623
5.5629 FirstCar -15.15638 0.025 2.97 0 90 0 0 0.7071068 0 0.7071068 6.170914 0
5.5629 SecondCar -47.70105 0.025 2.97 0 90 0 0 0.7071068 0 0.7071068 6.152881 0
5.5632 Head 0 1.6 0.78 345.15 327.8999 0 -0.124191 -0.2741586 -0.03572864 0.9529623
5.5632 FirstCar -15.15428 0.025 2.97 0 90 0 0 0.7071068 0 0.7071068 6.170099 0
5.5632 SecondCar -47.69896 0.025 2.97 0 90 0 0 0.7071068 0 0.7071068 6.152067 0
5.5636 Head 0 1.6 0.78 345.15 327.8999 0 -0.124191 -0.2741586 -0.03572864 0.9529623
5.5636 FirstCar -15.15216 0.025 2.97 0 90 0 0 0.7071068 0 0.7071068 6.169272 0
5.5636 SecondCar -47.69684 0.025 2.97 0 90 0 0 0.7071068 0 0.7071068 6.15124 0
5.5639 Head 0 1.6 0.78 345.15 327.8999 0 -0.124191 -0.2741586 -0.03572864 0.9529623
5.5639 FirstCar -15.15001 0.025 2.97 0 90 0 0 0.7071068 0 0.7071068 6.168439 0
5.5639 SecondCar -47.6947 0.025 2.97 0 90 0 0 0.7071068 0 0.7071068 6.150406 0
5.5642 Head 0 1.6 0.78 345.15 327.8999 0 -0.124191 -0.2741586 -0.03572864 0.9529623
5.5642 FirstCar -15.14796 0.025 2.97 0 90 0 0 0.7071068 0 0.7071068 6.16764 0
5.5642 SecondCar -47.69265 0.025 2.97 0 90 0 0 0.7071068 0 0.7071068 6.149608 0
5.5646 Head 0 1.6 0.78 345.15 327.8999 0 -0.124191 -0.2741586 -0.03572864 0.9529623
5.5646 FirstCar -15.14592 0.025 2.97 0 90 0 0 0.7071068 0 0.7071068 6.166848 0
5.5646 SecondCar -47.69062 0.025 2.97 0 90 0 0 0.7071068 0 0.7071068 6.148815 0
5.5649 Head 0 1.6 0.78 345.15 327.8999 0 -0.124191 -0.2741586 -0.03572864 0.9529623
5.5649 FirstCar -15.14385 0.025 2.97 0 90 0 0 0.7071068 0 0.7071068 6.166041 0
5.5649 SecondCar -47.68856 0.025 2.97 0 90 0 0 0.7071068 0 0.7071068 6.148009 0
5.5652 Head 0 1.6 0.78 345.15 327.8999 0 -0.124191 -0.2741586 -0.03572864 0.9529623
5.5652 FirstCar -15.14181 0.025 2.97 0 90 0 0 0.7071068 0 0.7071068 6.165247 0
5.5652 SecondCar -47.68653 0.025 2.97 0 90 0 0 0.7071068 0 0.7071068 6.147215 0
5.5656 Head 0 1.6 0.78 345.15 327.8999 0 -0.124191 -0.2741586 -0.03572864 0.9529623
5.5656 FirstCar -15.13978 0.025 2.97 0 90 0 0 0.7071068 0 0.7071068 6.164454 0
5.5656 SecondCar -47.6845 0.025 2.97 0 90 0 0 0.7071068 0 0.7071068 6.146422 0
5.5659 Head 0 1.6 0.78 345.15 327.8999 0 -0.124191 -0.2741586 -0.03572864 0.9529623
5.5659 FirstCar -15.13763 0.025 2.97 0 90 0 0 0.7071068 0 0.7071068 6.163618 0
5.5659 SecondCar -47.68235 0.025 2.97 0 90 0 0 0.7071068 0 0.7071068 6.145585 0
5.5663 Head 0 1.6 0.78 345.15 327.8999 0 -0.124191 -0.2741586 -0.03572864 0.9529623
5.5663 FirstCar -15.13528 0.025 2.97 0 90 0 0 0.7071068 0 0.7071068 6.162704 0
5.5663 SecondCar -47.68002 0.025 2.97 0 90 0 0 0.7071068 0 0.7071068 6.144672 0
5.5667 Head 0 1.6 0.78 345.15 327.8999 0 -0.124191 -0.2741586 -0.03572864 0.9529623
5.5667 FirstCar -15.13304 0.025 2.97 0 90 0 0 0.7071068 0 0.7071068 6.16183 0
5.5667 SecondCar -47.67778 0.025 2.97 0 90 0 0 0.7071068 0 0.7071068 6.143798 0
5.5670 Head 0 1.6 0.78 345.15 327.8999 0 -0.124191 -0.2741586 -0.03572864 0.9529623
5.5670 FirstCar -15.13087 0.025 2.97 0 90 0 0 0.7071068 0 0.7071068 6.160984 0
5.5670 SecondCar -47.67561 0.025 2.97 0 90 0 0 0.7071068 0 0.7071068 6.142951 0
5.5674 Head 0 1.6 0.78 345.15 327.8999 0 -0.124191 -0.2741586 -0.03572864 0.9529623
5.5674 FirstCar -15.12864 0.025 2.97 0 90 0 0 0.7071068 0 0.7071068 6.160114 0
5.5674 SecondCar -47.67339 0.025 2.97 0 90 0 0 0.7071068 0 0.7071068 6.142082 0
5.5677 Head 0 1.6 0.78 345.15 327.8999 0 -0.124191 -0.2741586 -0.03572864 0.9529623
5.5677 FirstCar -15.12651 0.025 2.97 0 90 0 0 0.7071068 0 0.7071068 6.159285 0
5.5677 SecondCar -47.67127 0.025 2.97 0 90 0 0 0.7071068 0 0.7071068 6.141253 0
5.5680 Head 0 1.6 0.78 345.15 327.8999 0 -0.124191 -0.2741586 -0.03572864 0.9529623
5.5680 FirstCar -15.12447 0.025 2.97 0 90 0 0 0.7071068 0 0.7071068 6.158493 0
5.5680 SecondCar -47.66924 0.025 2.97 0 90 0 0 0.7071068 0 0.7071068 6.14046 0
5.5684 Head 0 1.6 0.78 345.15 327.8999 0 -0.124191 -0.2741586 -0.03572864 0.9529623
5.5684 FirstCar -15.12238 0.025 2.97 0 90 0 0 0.7071068 0 0.7071068 6.157677 0
5.5684 SecondCar -47.66715 0.025 2.97 0 90 0 0 0.7071068 0 0.7071068 6.139644 0
5.5688 Head 0 1.6 0.78 345.15 327.8999 0 -0.124191 -0.2741586 -0.03572864 0.9529623
5.5688 FirstCar -15.12003 0.025 2.97 0 90 0 0 0.7071068 0 0.7071068 6.156759 0
5.5688 SecondCar -47.66481 0.025 2.97 0 90 0 0 0.7071068 0 0.7071068 6.138727 0
5.5691 Head 0 1.6 0.78 345.15 327.8999 0 -0.124191 -0.2741586 -0.03572864 0.9529623
5.5691 FirstCar -15.11802 0.025 2.97 0 90 0 0 0.7071068 0 0.7071068 6.155974 0
5.5691 SecondCar -47.6628 0.025 2.97 0 90 0 0 0.7071068 0 0.7071068 6.137942 0
5.5694 Head 0 1.6 0.78 345.15 327.8999 0 -0.124191 -0.2741586 -0.03572864 0.9529623
5.5694 FirstCar -15.11599 0.025 2.97 0 90 0 0 0.7071068 0 0.7071068 6.155187 0
5.5694 SecondCar -47.66079 0.025 2.97 0 90 0 0 0.7071068 0 0.7071068 6.137154 0
5.5698 Head 0 1.6 0.78 345.15 327.8999 0 -0.124191 -0.2741586 -0.03572864 0.9529623
5.5698 FirstCar -15.11393 0.025 2.97 0 90 0 0 0.7071068 0 0.7071068 6.154382 0
5.5698 SecondCar -47.65873 0.025 2.97 0 90 0 0 0.7071068 0 0.7071068 6.13635 0
5.5701 Head 0 1.6 0.78 345.15 327.8999 0 -0.124191 -0.2741586 -0.03572864 0.9529623
5.5701 FirstCar -15.11185 0.025 2.97 0 90 0 0 0.7071068 0 0.7071068 6.153572 0
5.5701 SecondCar -47.65666 0.025 2.97 0 90 0 0 0.7071068 0 0.7071068 6.13554 0
5.5708 Head 0 1.6 0.78 345.15 327.8999 0 -0.124191 -0.2741586 -0.03572864 0.9529623
5.5708 FirstCar -15.1077 0.025 2.97 0 90 0 0 0.7071068 0 0.7071068 6.151953 0
5.5708 SecondCar -47.65252 0.025 2.97 0 90 0 0 0.7071068 0 0.7071068 6.133921 0
5.5712 Head 0 1.6 0.78 345.15 327.8999 0 -0.124191 -0.2741586 -0.03572864 0.9529623
5.5712 FirstCar -15.10525 0.025 2.97 0 90 0 0 0.7071068 0 0.7071068 6.150995 0
5.5712 SecondCar -47.65007 0.025 2.97 0 90 0 0 0.7071068 0 0.7071068 6.132962 0
5.5715 Head 0 1.6 0.78 345.15 327.8999 0 -0.124191 -0.2741586 -0.03572864 0.9529623
5.5715 FirstCar -15.10294 0.025 2.97 0 90 0 0 0.7071068 0 0.7071068 6.150095 0
5.5715 SecondCar -47.64777 0.025 2.97 0 90 0 0 0.7071068 0 0.7071068 6.132062 0
5.5719 Head 0 1.6 0.78 345.15 327.8999 0 -0.124191 -0.2741586 -0.03572864 0.9529623
5.5719 FirstCar -15.10074 0.025 2.97 0 90 0 0 0.7071068 0 0.7071068 6.149235 0
5.5719 SecondCar -47.64558 0.025 2.97 0 90 0 0 0.7071068 0 0.7071068 6.131203 0
5.5723 Head 0 1.6 0.78 345.15 327.8999 0 -0.124191 -0.2741586 -0.03572864 0.9529623
5.5723 FirstCar -15.0985 0.025 2.97 0 90 0 0 0.7071068 0 0.7071068 6.148362 0
5.5723 SecondCar -47.64334 0.025 2.97 0 90 0 0 0.7071068 0 0.7071068 6.13033 0
5.5726 Head 0 1.6 0.78 345.15 327.8999 0 -0.124191 -0.2741586 -0.03572864 0.9529623
5.5726 FirstCar -15.09617 0.025 2.97 0 90 0 0 0.7071068 0 0.7071068 6.147451 0
5.5726 SecondCar -47.64102 0.025 2.97 0 90 0 0 0.7071068 0 0.7071068 6.129418 0
5.5730 Head 0 1.6 0.78 345.15 327.8999 0 -0.124191 -0.2741586 -0.03572864 0.9529623
5.5730 FirstCar -15.09385 0.025 2.97 0 90 0 0 0.7071068 0 0.7071068 6.146545 0
5.5730 SecondCar -47.63871 0.025 2.97 0 90 0 0 0.7071068 0 0.7071068 6.128513 0
5.5734 Head 0 1.6 0.78 345.15 327.8999 0 -0.124191 -0.2741586 -0.03572864 0.9529623
5.5734 FirstCar -15.09145 0.025 2.97 0 90 0 0 0.7071068 0 0.7071068 6.145607 0
5.5734 SecondCar -47.63631 0.025 2.97 0 90 0 0 0.7071068 0 0.7071068 6.127574 0
5.5738 Head 0 1.6 0.78 345.15 327.8999 0 -0.124191 -0.2741586 -0.03572864 0.9529623
5.5738 FirstCar -15.08896 0.025 2.97 0 90 0 0 0.7071068 0 0.7071068 6.144634 0
5.5738 SecondCar -47.63383 0.025 2.97 0 90 0 0 0.7071068 0 0.7071068 6.126602 0
5.5743 Head 0 1.6 0.78 345.15 327.8999 0 -0.124191 -0.2741586 -0.03572864 0.9529623
5.5743 FirstCar -15.08631 0.025 2.97 0 90 0 0 0.7071068 0 0.7071068 6.143599 0
5.5743 SecondCar -47.63118 0.025 2.97 0 90 0 0 0.7071068 0 0.7071068 6.125566 0
5.5746 Head 0 1.6 0.78 345.15 327.8999 0 -0.124191 -0.2741586 -0.03572864 0.9529623
5.5746 FirstCar -15.08394 0.025 2.97 0 90 0 0 0.7071068 0 0.7071068 6.142675 0
5.5746 SecondCar -47.62883 0.025 2.97 0 90 0 0 0.7071068 0 0.7071068 6.124643 0
5.5750 Head 0 1.6 0.78 345.15 327.8999 0 -0.124191 -0.2741586 -0.03572864 0.9529623
5.5750 FirstCar -15.08176 0.025 2.97 0 90 0 0 0.7071068 0 0.7071068 6.141822 0
5.5750 SecondCar -47.62665 0.025 2.97 0 90 0 0 0.7071068 0 0.7071068 6.12379 0
5.5754 Head 0 1.6 0.78 345.15 327.8999 0 -0.124191 -0.2741586 -0.03572864 0.9529623
5.5754 FirstCar -15.07955 0.025 2.97 0 90 0 0 0.7071068 0 0.7071068 6.140958 0
5.5754 SecondCar -47.62444 0.025 2.97 0 90 0 0 0.7071068 0 0.7071068 6.122926 0
5.5757 Head 0 1.6 0.78 345.15 327.8999 0 -0.124191 -0.2741586 -0.03572864 0.9529623
5.5757 FirstCar -15.07751 0.025 2.97 0 90 0 0 0.7071068 0 0.7071068 6.140161 0
5.5757 SecondCar -47.62241 0.025 2.97 0 90 0 0 0.7071068 0 0.7071068 6.122128 0
5.5760 Head 0 1.6 0.78 345.15 327.8999 0 -0.124191 -0.2741586 -0.03572864 0.9529623
5.5760 FirstCar -15.0753 0.025 2.97 0 90 0 0 0.7071068 0 0.7071068 6.1393 0
5.5760 SecondCar -47.62021 0.025 2.97 0 90 0 0 0.7071068 0 0.7071068 6.121267 0
5.5764 Head 0 1.6 0.78 345.15 327.8999 0 -0.124191 -0.2741586 -0.03572864 0.9529623
5.5764 FirstCar -15.07308 0.025 2.97 0 90 0 0 0.7071068 0 0.7071068 6.138431 0
5.5764 SecondCar -47.618 0.025 2.97 0 90 0 0 0.7071068 0 0.7071068 6.120398 0
5.5768 Head 0 1.6 0.78 345.15 327.8999 0 -0.124191 -0.2741586 -0.03572864 0.9529623
5.5768 FirstCar -15.07075 0.025 2.97 0 90 0 0 0.7071068 0 0.7071068 6.137518 0
5.5768 SecondCar -47.61567 0.025 2.97 0 90 0 0 0.7071068 0 0.7071068 6.119485 0
5.5771 Head 0 1.6 0.78 345.15 327.8999 0 -0.124191 -0.2741586 -0.03572864 0.9529623
5.5771 FirstCar -15.06868 0.025 2.97 0 90 0 0 0.7071068 0 0.7071068 6.136708 0
5.5771 SecondCar -47.61361 0.025 2.97 0 90 0 0 0.7071068 0 0.7071068 6.118676 0
5.5775 Head 0 1.6 0.78 345.15 327.8999 0 -0.124191 -0.2741586 -0.03572864 0.9529623
5.5775 FirstCar -15.06655 0.025 2.97 0 90 0 0 0.7071068 0 0.7071068 6.135876 0
5.5775 SecondCar -47.61148 0.025 2.97 0 90 0 0 0.7071068 0 0.7071068 6.117843 0
5.5778 Head 0 1.6 0.78 345.15 327.8999 0 -0.124191 -0.2741586 -0.03572864 0.9529623
5.5778 FirstCar -15.06451 0.025 2.97 0 90 0 0 0.7071068 0 0.7071068 6.135076 0
5.5778 SecondCar -47.60945 0.025 2.97 0 90 0 0 0.7071068 0 0.7071068 6.117043 0
5.5781 Head 0 1.6 0.78 345.15 327.8999 0 -0.124191 -0.2741586 -0.03572864 0.9529623
5.5781 FirstCar -15.06243 0.025 2.97 0 90 0 0 0.7071068 0 0.7071068 6.134264 0
5.5781 SecondCar -47.60738 0.025 2.97 0 90 0 0 0.7071068 0 0.7071068 6.116231 0
5.5785 Head 0 1.6 0.78 345.15 327.8999 0 -0.124191 -0.2741586 -0.03572864 0.9529623
5.5785 FirstCar -15.06016 0.025 2.97 0 90 0 0 0.7071068 0 0.7071068 6.133374 0
5.5785 SecondCar -47.60511 0.025 2.97 0 90 0 0 0.7071068 0 0.7071068 6.115342 0
5.5789 Head 0 1.6 0.78 345.15 327.8999 0 -0.124191 -0.2741586 -0.03572864 0.9529623
5.5789 FirstCar -15.05793 0.025 2.97 0 90 0 0 0.7071068 0 0.7071068 6.132502 0
5.5789 SecondCar -47.60289 0.025 2.97 0 90 0 0 0.7071068 0 0.7071068 6.11447 0
5.5792 Head 0 1.6 0.78 345.15 327.8999 0 -0.124191 -0.2741586 -0.03572864 0.9529623
5.5792 FirstCar -15.05588 0.025 2.97 0 90 0 0 0.7071068 0 0.7071068 6.131702 0
5.5792 SecondCar -47.60085 0.025 2.97 0 90 0 0 0.7071068 0 0.7071068 6.11367 0
5.5795 Head 0 1.6 0.78 345.15 327.8999 0 -0.124191 -0.2741586 -0.03572864 0.9529623
5.5795 FirstCar -15.05387 0.025 2.97 0 90 0 0 0.7071068 0 0.7071068 6.130915 0
5.5795 SecondCar -47.59885 0.025 2.97 0 90 0 0 0.7071068 0 0.7071068 6.112883 0
5.5799 Head 0 1.6 0.78 345.15 327.8999 0 -0.124191 -0.2741586 -0.03572864 0.9529623
5.5799 FirstCar -15.05182 0.025 2.97 0 90 0 0 0.7071068 0 0.7071068 6.130109 0
5.5799 SecondCar -47.59679 0.025 2.97 0 90 0 0 0.7071068 0 0.7071068 6.112077 0
5.5803 Head 0 1.6 0.78 345.15 327.8999 0 -0.124191 -0.2741586 -0.03572864 0.9529623
5.5803 FirstCar -15.04948 0.025 2.97 0 90 0 0 0.7071068 0 0.7071068 6.129197 0
5.5803 SecondCar -47.59447 0.025 2.97 0 90 0 0 0.7071068 0 0.7071068 6.111164 0
5.5806 Head 0 1.6 0.78 345.15 327.8999 0 -0.124191 -0.2741586 -0.03572864 0.9529623
5.5806 FirstCar -15.04734 0.025 2.97 0 90 0 0 0.7071068 0 0.7071068 6.128356 0
5.5806 SecondCar -47.59233 0.025 2.97 0 90 0 0 0.7071068 0 0.7071068 6.110323 0
5.5809 Head 0 1.6 0.78 345.15 327.8999 0 -0.124191 -0.2741586 -0.03572864 0.9529623
5.5809 FirstCar -15.04528 0.025 2.97 0 90 0 0 0.7071068 0 0.7071068 6.127549 0
5.5809 SecondCar -47.59027 0.025 2.97 0 90 0 0 0.7071068 0 0.7071068 6.109516 0
5.5813 Head 0 1.6 0.78 345.15 327.8999 0 -0.124191 -0.2741586 -0.03572864 0.9529623
5.5813 FirstCar -15.0432 0.025 2.97 0 90 0 0 0.7071068 0 0.7071068 6.126736 0
5.5813 SecondCar -47.58821 0.025 2.97 0 90 0 0 0.7071068 0 0.7071068 6.108704 0
5.5817 Head 0 1.6 0.78 345.15 327.8999 0 -0.124191 -0.2741586 -0.03572864 0.9529623
5.5817 FirstCar -15.04087 0.025 2.97 0 90 0 0 0.7071068 0 0.7071068 6.125822 0
5.5817 SecondCar -47.58588 0.025 2.97 0 90 0 0 0.7071068 0 0.7071068 6.10779 0
5.5820 Head 0 1.6 0.78 345.15 327.8999 0 -0.124191 -0.2741586 -0.03572864 0.9529623
5.5820 FirstCar -15.03864 0.025 2.97 0 90 0 0 0.7071068 0 0.7071068 6.12495 0
5.5820 SecondCar -47.58366 0.025 2.97 0 90 0 0 0.7071068 0 0.7071068 6.106917 0
5.5824 Head 0 1.6 0.78 345.15 327.8999 0 -0.124191 -0.2741586 -0.03572864 0.9529623
5.5824 FirstCar -15.03656 0.025 2.97 0 90 0 0 0.7071068 0 0.7071068 6.124133 0
5.5824 SecondCar -47.58158 0.025 2.97 0 90 0 0 0.7071068 0 0.7071068 6.106101 0
5.5827 Head 0 1.6 0.78 345.15 327.8999 0 -0.124191 -0.2741586 -0.03572864 0.9529623
5.5827 FirstCar -15.03442 0.025 2.97 0 90 0 0 0.7071068 0 0.7071068 6.123296 0
5.5827 SecondCar -47.57945 0.025 2.97 0 90 0 0 0.7071068 0 0.7071068 6.105263 0
5.5830 Head 0 1.6 0.78 345.15 327.8999 0 -0.124191 -0.2741586 -0.03572864 0.9529623
5.5830 FirstCar -15.03241 0.025 2.97 0 90 0 0 0.7071068 0 0.7071068 6.122508 0
5.5830 SecondCar -47.57745 0.025 2.97 0 90 0 0 0.7071068 0 0.7071068 6.104475 0
5.5834 Head 0 1.6 0.78 345.15 327.8999 0 -0.124191 -0.2741586 -0.03572864 0.9529623
5.5834 FirstCar -15.03037 0.025 2.97 0 90 0 0 0.7071068 0 0.7071068 6.121706 0
5.5834 SecondCar -47.57541 0.025 2.97 0 90 0 0 0.7071068 0 0.7071068 6.103674 0
5.5837 Head 0 1.6 0.78 345.15 327.8999 0 -0.124191 -0.2741586 -0.03572864 0.9529623
5.5837 FirstCar -15.02839 0.025 2.97 0 90 0 0 0.7071068 0 0.7071068 6.120929 0
5.5837 SecondCar -47.57343 0.025 2.97 0 90 0 0 0.7071068 0 0.7071068 6.102896 0
5.5840 Head 0 1.6 0.78 345.15 327.8999 0 -0.124191 -0.2741586 -0.03572864 0.9529623
5.5840 FirstCar -15.02635 0.025 2.97 0 90 0 0 0.7071068 0 0.7071068 6.120131 0
5.5840 SecondCar -47.5714 0.025 2.97 0 90 0 0 0.7071068 0 0.7071068 6.102098 0
5.5844 Head 0 1.6 0.78 345.15 327.8999 0 -0.124191 -0.2741586 -0.03572864 0.9529623
5.5844 FirstCar -15.02432 0.025 2.97 0 90 0 0 0.7071068 0 0.7071068 6.119333 0
5.5844 SecondCar -47.56937 0.025 2.97 0 90 0 0 0.7071068 0 0.7071068 6.1013 0
5.5847 Head 0 1.6 0.78 345.15 327.8999 0 -0.124191 -0.2741586 -0.03572864 0.9529623
5.5847 FirstCar -15.02222 0.025 2.97 0 90 0 0 0.7071068 0 0.7071068 6.118512 0
5.5847 SecondCar -47.56729 0.025 2.97 0 90 0 0 0.7071068 0 0.7071068 6.100479 0
5.5851 Head 0 1.6 0.78 345.15 327.8999 0 -0.124191 -0.2741586 -0.03572864 0.9529623
5.5851 FirstCar -15.0201 0.025 2.97 0 90 0 0 0.7071068 0 0.7071068 6.117677 0
5.5851 SecondCar -47.56517 0.025 2.97 0 90 0 0 0.7071068 0 0.7071068 6.099644 0
5.5854 Head 0 1.6 0.78 345.15 327.8999 0 -0.124191 -0.2741586 -0.03572864 0.9529623
5.5854 FirstCar -15.01807 0.025 2.97 0 90 0 0 0.7071068 0 0.7071068 6.116882 0
5.5854 SecondCar -47.56315 0.025 2.97 0 90 0 0 0.7071068 0 0.7071068 6.09885 0
5.5857 Head 0 1.6 0.78 345.15 327.8999 0 -0.124191 -0.2741586 -0.03572864 0.9529623
5.5857 FirstCar -15.01605 0.025 2.97 0 90 0 0 0.7071068 0 0.7071068 6.116089 0
5.5857 SecondCar -47.56113 0.025 2.97 0 90 0 0 0.7071068 0 0.7071068 6.098056 0
5.5861 Head 0 1.6 0.78 345.15 327.8999 0 -0.124191 -0.2741586 -0.03572864 0.9529623
5.5861 FirstCar -15.01386 0.025 2.97 0 90 0 0 0.7071068 0 0.7071068 6.115231 0
5.5861 SecondCar -47.55895 0.025 2.97 0 90 0 0 0.7071068 0 0.7071068 6.097198 0
5.5864 Head 0 1.6 0.78 345.15 327.8999 0 -0.124191 -0.2741586 -0.03572864 0.9529623
5.5864 FirstCar -15.01158 0.025 2.97 0 90 0 0 0.7071068 0 0.7071068 6.114336 0
5.5864 SecondCar -47.55668 0.025 2.97 0 90 0 0 0.7071068 0 0.7071068 6.096303 0
5.5868 Head 0 1.6 0.78 345.15 327.8999 0 -0.124191 -0.2741586 -0.03572864 0.9529623
5.5868 FirstCar -15.00943 0.025 2.97 0 90 0 0 0.7071068 0 0.7071068 6.113493 0
5.5868 SecondCar -47.55454 0.025 2.97 0 90 0 0 0.7071068 0 0.7071068 6.09546 0
5.5871 Head 0 1.6 0.78 345.15 327.8999 0 -0.124191 -0.2741586 -0.03572864 0.9529623
5.5871 FirstCar -15.00742 0.025 2.97 0 90 0 0 0.7071068 0 0.7071068 6.112702 0
5.5871 SecondCar -47.55253 0.025 2.97 0 90 0 0 0.7071068 0 0.7071068 6.09467 0
5.5875 Head 0 1.6 0.78 345.15 327.8999 0 -0.124191 -0.2741586 -0.03572864 0.9529623
5.5875 FirstCar -15.00531 0.025 2.97 0 90 0 0 0.7071068 0 0.7071068 6.111874 0
5.5875 SecondCar -47.55043 0.025 2.97 0 90 0 0 0.7071068 0 0.7071068 6.093842 0
5.5878 Head 0 1.6 0.78 345.15 327.8999 0 -0.124191 -0.2741586 -0.03572864 0.9529623
5.5878 FirstCar -15.00314 0.025 2.97 0 90 0 0 0.7071068 0 0.7071068 6.111021 0
5.5878 SecondCar -47.54826 0.025 2.97 0 90 0 0 0.7071068 0 0.7071068 6.092988 0
5.5882 Head 0 1.6 0.78 345.15 327.8999 0 -0.124191 -0.2741586 -0.03572864 0.9529623
5.5882 FirstCar -15.00107 0.025 2.97 0 90 0 0 0.7071068 0 0.7071068 6.110207 0
5.5882 SecondCar -47.5462 0.025 2.97 0 90 0 0 0.7071068 0 0.7071068 6.092175 0
5.5885 Head 0 1.6 0.78 345.15 327.8999 0 -0.124191 -0.2741586 -0.03572864 0.9529623
5.5885 FirstCar -14.99897 0.025 2.97 0 90 0 0 0.7071068 0 0.7071068 6.109385 0
5.5885 SecondCar -47.54411 0.025 2.97 0 90 0 0 0.7071068 0 0.7071068 6.091352 0
5.5888 Head 0 1.6 0.78 345.15 327.8999 0 -0.124191 -0.2741586 -0.03572864 0.9529623
5.5888 FirstCar -14.99697 0.025 2.97 0 90 0 0 0.7071068 0 0.7071068 6.108598 0
5.5888 SecondCar -47.54211 0.025 2.97 0 90 0 0 0.7071068 0 0.7071068 6.090566 0
5.5892 Head 0 1.6 0.78 345.15 327.8999 0 -0.124191 -0.2741586 -0.03572864 0.9529623
5.5892 FirstCar -14.99497 0.025 2.97 0 90 0 0 0.7071068 0 0.7071068 6.107812 0
5.5892 SecondCar -47.54012 0.025 2.97 0 90 0 0 0.7071068 0 0.7071068 6.08978 0
5.5895 Head 0 1.6 0.78 345.15 327.8999 0 -0.124191 -0.2741586 -0.03572864 0.9529623
5.5895 FirstCar -14.9929 0.025 2.97 0 90 0 0 0.7071068 0 0.7071068 6.106999 0
5.5895 SecondCar -47.53805 0.025 2.97 0 90 0 0 0.7071068 0 0.7071068 6.088967 0
5.5898 Head 0 1.6 0.78 345.15 327.8999 0 -0.124191 -0.2741586 -0.03572864 0.9529623
5.5898 FirstCar -14.99088 0.025 2.97 0 90 0 0 0.7071068 0 0.7071068 6.106203 0
5.5898 SecondCar -47.53603 0.025 2.97 0 90 0 0 0.7071068 0 0.7071068 6.08817 0
5.5902 Head 0 1.6 0.78 345.15 327.8999 0 -0.124191 -0.2741586 -0.03572864 0.9529623
5.5902 FirstCar -14.98876 0.025 2.97 0 90 0 0 0.7071068 0 0.7071068 6.105372 0
5.5902 SecondCar -47.53392 0.025 2.97 0 90 0 0 0.7071068 0 0.7071068 6.087339 0
5.5908 Head 0 1.6 0.78 345.15 327.8999 0 -0.124191 -0.2741586 -0.03572864 0.9529623
5.5908 FirstCar -14.98494 0.025 2.97 0 90 0 0 0.7071068 0 0.7071068 6.103869 0
5.5908 SecondCar -47.53011 0.025 2.97 0 90 0 0 0.7071068 0 0.7071068 6.085837 0
5.5912 Head 0 1.6 0.78 345.15 327.8999 0 -0.124191 -0.2741586 -0.03572864 0.9529623
5.5912 FirstCar -14.98247 0.025 2.97 0 90 0 0 0.7071068 0 0.7071068 6.102899 0
5.5912 SecondCar -47.52765 0.025 2.97 0 90 0 0 0.7071068 0 0.7071068 6.084866 0
5.5916 Head 0 1.6 0.78 345.15 327.8999 0 -0.124191 -0.2741586 -0.03572864 0.9529623
5.5916 FirstCar -14.98025 0.025 2.97 0 90 0 0 0.7071068 0 0.7071068 6.102026 0
5.5916 SecondCar -47.52544 0.025 2.97 0 90 0 0 0.7071068 0 0.7071068 6.083993 0
5.5919 Head 0 1.6 0.78 345.15 327.8999 0 -0.124191 -0.2741586 -0.03572864 0.9529623
5.5919 FirstCar -14.97809 0.025 2.97 0 90 0 0 0.7071068 0 0.7071068 6.101177 0
5.5919 SecondCar -47.52329 0.025 2.97 0 90 0 0 0.7071068 0 0.7071068 6.083144 0
5.5923 Head 0 1.6 0.78 345.15 327.8999 0 -0.124191 -0.2741586 -0.03572864 0.9529623
5.5923 FirstCar -14.97565 0.025 2.97 0 90 0 0 0.7071068 0 0.7071068 6.100214 0
5.5923 SecondCar -47.52085 0.025 2.97 0 90 0 0 0.7071068 0 0.7071068 6.082181 0
5.5927 Head 0 1.6 0.78 345.15 327.8999 0 -0.124191 -0.2741586 -0.03572864 0.9529623
5.5927 FirstCar -14.97313 0.025 2.97 0 90 0 0 0.7071068 0 0.7071068 6.099224 0
5.5927 SecondCar -47.51834 0.025 2.97 0 90 0 0 0.7071068 0 0.7071068 6.081191 0
5.5931 Head 0 1.6 0.78 345.15 327.8999 0 -0.124191 -0.2741586 -0.03572864 0.9529623
5.5931 FirstCar -14.97074 0.025 2.97 0 90 0 0 0.7071068 0 0.7071068 6.098282 0
5.5931 SecondCar -47.51595 0.025 2.97 0 90 0 0 0.7071068 0 0.7071068 6.080249 0
5.5936 Head 0 1.6 0.78 345.15 327.8999 0 -0.124191 -0.2741586 -0.03572864 0.9529623
5.5936 FirstCar -14.96821 0.025 2.97 0 90 0 0 0.7071068 0 0.7071068 6.09729 0
5.5936 SecondCar -47.51344 0.025 2.97 0 90 0 0 0.7071068 0 0.7071068 6.079257 0
5.5940 Head 0 1.6 0.78 345.15 327.8999 0 -0.124191 -0.2741586 -0.03572864 0.9529623
5.5940 FirstCar -14.96572 0.025 2.97 0 90 0 0 0.7071068 0 0.7071068 6.096308 0
5.5940 SecondCar -47.51095 0.025 2.97 0 90 0 0 0.7071068 0 0.7071068 6.078275 0
5.5943 Head 0 1.6 0.78 345.15 327.8999 0 -0.124191 -0.2741586 -0.03572864 0.9529623
5.5943 FirstCar -14.96337 0.025 2.97 0 90 0 0 0.7071068 0 0.7071068 6.095384 0
5.5943 SecondCar -47.50861 0.025 2.97 0 90 0 0 0.7071068 0 0.7071068 6.077351 0
5.5947 Head 0 1.6 0.78 345.15 327.8999 0 -0.124191 -0.2741586 -0.03572864 0.9529623
5.5947 FirstCar -14.96093 0.025 2.97 0 90 0 0 0.7071068 0 0.7071068 6.094421 0
5.5947 SecondCar -47.50617 0.025 2.97 0 90 0 0 0.7071068 0 0.7071068 6.076388 0
5.5951 Head 0 1.6 0.78 345.15 327.8999 0 -0.124191 -0.2741586 -0.03572864 0.9529623
5.5951 FirstCar -14.95868 0.025 2.97 0 90 0 0 0.7071068 0 0.7071068 6.093536 0
5.5951 SecondCar -47.50393 0.025 2.97 0 90 0 0 0.7071068 0 0.7071068 6.075504 0
5.5955 Head 0 1.6 0.78 345.15 327.8999 0 -0.124191 -0.2741586 -0.03572864 0.9529623
5.5955 FirstCar -14.95652 0.025 2.97 0 90 0 0 0.7071068 0 0.7071068 6.092685 0
5.5955 SecondCar -47.50178 0.025 2.97 0 90 0 0 0.7071068 0 0.7071068 6.074652 0
5.5958 Head 0 1.6 0.78 345.15 327.8999 0 -0.124191 -0.2741586 -0.03572864 0.9529623
5.5958 FirstCar -14.95441 0.025 2.97 0 90 0 0 0.7071068 0 0.7071068 6.091854 0
5.5958 SecondCar -47.49967 0.025 2.97 0 90 0 0 0.7071068 0 0.7071068 6.073821 0
5.5962 Head 0 1.6 0.78 345.15 327.8999 0 -0.124191 -0.2741586 -0.03572864 0.9529623
5.5962 FirstCar -14.9522 0.025 2.97 0 90 0 0 0.7071068 0 0.7071068 6.090984 0
5.5962 SecondCar -47.49747 0.025 2.97 0 90 0 0 0.7071068 0 0.7071068 6.072951 0
5.5965 Head 0 1.6 0.78 345.15 327.8999 0 -0.124191 -0.2741586 -0.03572864 0.9529623
5.5965 FirstCar -14.95012 0.025 2.97 0 90 0 0 0.7071068 0 0.7071068 6.09016 0
5.5965 SecondCar -47.49539 0.025 2.97 0 90 0 0 0.7071068 0 0.7071068 6.072128 0
5.5969 Head 0 1.6 0.78 345.15 327.8999 0 -0.124191 -0.2741586 -0.03572864 0.9529623
5.5969 FirstCar -14.94806 0.025 2.97 0 90 0 0 0.7071068 0 0.7071068 6.089352 0
5.5969 SecondCar -47.49334 0.025 2.97 0 90 0 0 0.7071068 0 0.7071068 6.07132 0
5.5972 Head 0 1.6 0.78 345.15 327.8999 0 -0.124191 -0.2741586 -0.03572864 0.9529623
5.5972 FirstCar -14.94604 0.025 2.97 0 90 0 0 0.7071068 0 0.7071068 6.088555 0
5.5972 SecondCar -47.49133 0.025 2.97 0 90 0 0 0.7071068 0 0.7071068 6.070522 0
5.5975 Head 0 1.6 0.78 345.15 327.8999 0 -0.124191 -0.2741586 -0.03572864 0.9529623
5.5975 FirstCar -14.94394 0.025 2.97 0 90 0 0 0.7071068 0 0.7071068 6.087727 0
5.5975 SecondCar -47.48923 0.025 2.97 0 90 0 0 0.7071068 0 0.7071068 6.069695 0
5.5979 Head 0 1.6 0.78 345.15 327.8999 0 -0.124191 -0.2741586 -0.03572864 0.9529623
5.5979 FirstCar -14.94193 0.025 2.97 0 90 0 0 0.7071068 0 0.7071068 6.086934 0
5.5979 SecondCar -47.48723 0.025 2.97 0 90 0 0 0.7071068 0 0.7071068 6.068902 0
5.5982 Head 0 1.6 0.78 345.15 327.8999 0 -0.124191 -0.2741586 -0.03572864 0.9529623
5.5982 FirstCar -14.93977 0.025 2.97 0 90 0 0 0.7071068 0 0.7071068 6.086081 0
5.5982 SecondCar -47.48507 0.025 2.97 0 90 0 0 0.7071068 0 0.7071068 6.068048 0
5.5986 Head 0 1.6 0.78 345.15 327.8999 0 -0.124191 -0.2741586 -0.03572864 0.9529623
5.5986 FirstCar -14.93768 0.025 2.97 0 90 0 0 0.7071068 0 0.7071068 6.085257 0
5.5986 SecondCar -47.48299 0.025 2.97 0 90 0 0 0.7071068 0 0.7071068 6.067224 0
5.5989 Head 0 1.6 0.78 345.15 327.8999 0 -0.124191 -0.2741586 -0.03572864 0.9529623
5.5989 FirstCar -14.93554 0.025 2.97 0 90 0 0 0.7071068 0 0.7071068 6.084413 0
5.5989 SecondCar -47.48086 0.025 2.97 0 90 0 0 0.7071068 0 0.7071068 6.06638 0
5.5993 Head 0 1.6 0.78 345.15 327.8999 0 -0.124191 -0.2741586 -0.03572864 0.9529623
5.5993 FirstCar -14.93303 0.025 2.97 0 90 0 0 0.7071068 0 0.7071068 6.083421 0
5.5993 SecondCar -47.47835 0.025 2.97 0 90 0 0 0.7071068 0 0.7071068 6.065389 0
5.5997 Head 0 1.6 0.78 345.15 327.8999 0 -0.124191 -0.2741586 -0.03572864 0.9529623
5.5997 FirstCar -14.93093 0.025 2.97 0 90 0 0 0.7071068 0 0.7071068 6.082593 0
5.5997 SecondCar -47.47626 0.025 2.97 0 90 0 0 0.7071068 0 0.7071068 6.064561 0
5.6000 Head 0 1.6 0.78 345.15 327.8999 0 -0.124191 -0.2741586 -0.03572864 0.9529623
5.6000 FirstCar -14.92881 0.025 2.97 0 90 0 0 0.7071068 0 0.7071068 6.081758 0
5.6000 SecondCar -47.47415 0.025 2.97 0 90 0 0 0.7071068 0 0.7071068 6.063725 0
5.6004 Head 0 1.6 0.78 345.15 327.8999 0 -0.124191 -0.2741586 -0.03572864 0.9529623
5.6004 FirstCar -14.92679 0.025 2.97 0 90 0 0 0.7071068 0 0.7071068 6.080961 0
5.6004 SecondCar -47.47214 0.025 2.97 0 90 0 0 0.7071068 0 0.7071068 6.062929 0
5.6007 Head 0 1.6 0.78 345.15 327.8999 0 -0.124191 -0.2741586 -0.03572864 0.9529623
5.6007 FirstCar -14.92481 0.025 2.97 0 90 0 0 0.7071068 0 0.7071068 6.08018 0
5.6007 SecondCar -47.47016 0.025 2.97 0 90 0 0 0.7071068 0 0.7071068 6.062147 0
5.6010 Head 0 1.6 0.78 345.15 327.8999 0 -0.124191 -0.2741586 -0.03572864 0.9529623
5.6010 FirstCar -14.92273 0.025 2.97 0 90 0 0 0.7071068 0 0.7071068 6.079359 0
5.6010 SecondCar -47.46809 0.025 2.97 0 90 0 0 0.7071068 0 0.7071068 6.061327 0
5.6014 Head 0 1.6 0.78 345.15 327.8999 0 -0.124191 -0.2741586 -0.03572864 0.9529623
5.6014 FirstCar -14.9206 0.025 2.97 0 90 0 0 0.7071068 0 0.7071068 6.078516 0
5.6014 SecondCar -47.46596 0.025 2.97 0 90 0 0 0.7071068 0 0.7071068 6.060483 0
5.6017 Head 0 1.6 0.78 345.15 327.8999 0 -0.124191 -0.2741586 -0.03572864 0.9529623
5.6017 FirstCar -14.91845 0.025 2.97 0 90 0 0 0.7071068 0 0.7071068 6.07767 0
5.6017 SecondCar -47.46383 0.025 2.97 0 90 0 0 0.7071068 0 0.7071068 6.059637 0
5.6021 Head 0 1.6 0.78 345.15 327.8999 0 -0.124191 -0.2741586 -0.03572864 0.9529623
5.6021 FirstCar -14.91639 0.025 2.97 0 90 0 0 0.7071068 0 0.7071068 6.076854 0
5.6021 SecondCar -47.46177 0.025 2.97 0 90 0 0 0.7071068 0 0.7071068 6.058821 0
5.6024 Head 0 1.6 0.78 345.15 327.8999 0 -0.124191 -0.2741586 -0.03572864 0.9529623
5.6024 FirstCar -14.91437 0.025 2.97 0 90 0 0 0.7071068 0 0.7071068 6.076056 0
5.6024 SecondCar -47.45975 0.025 2.97 0 90 0 0 0.7071068 0 0.7071068 6.058024 0
5.6028 Head 0 1.6 0.78 345.15 327.8999 0 -0.124191 -0.2741586 -0.03572864 0.9529623
5.6028 FirstCar -14.91219 0.025 2.97 0 90 0 0 0.7071068 0 0.7071068 6.075195 0
5.6028 SecondCar -47.45758 0.025 2.97 0 90 0 0 0.7071068 0 0.7071068 6.057163 0
5.6031 Head 0 1.6 0.78 345.15 327.8999 0 -0.124191 -0.2741586 -0.03572864 0.9529623
5.6031 FirstCar -14.90997 0.025 2.97 0 90 0 0 0.7071068 0 0.7071068 6.07432 0
5.6031 SecondCar -47.45537 0.025 2.97 0 90 0 0 0.7071068 0 0.7071068 6.056288 0
5.6035 Head 0 1.6 0.78 345.15 327.8999 0 -0.124191 -0.2741586 -0.03572864 0.9529623
5.6035 FirstCar -14.90766 0.025 2.97 0 90 0 0 0.7071068 0 0.7071068 6.073407 0
5.6035 SecondCar -47.45306 0.025 2.97 0 90 0 0 0.7071068 0 0.7071068 6.055375 0
5.6038 Head 0 1.6 0.78 345.15 327.8999 0 -0.124191 -0.2741586 -0.03572864 0.9529623
5.6038 FirstCar -14.90556 0.025 2.97 0 90 0 0 0.7071068 0 0.7071068 6.072575 0
5.6038 SecondCar -47.45096 0.025 2.97 0 90 0 0 0.7071068 0 0.7071068 6.054542 0
5.6042 Head 0 1.6 0.78 345.15 327.8999 0 -0.124191 -0.2741586 -0.03572864 0.9529623
5.6042 FirstCar -14.90337 0.025 2.97 0 90 0 0 0.7071068 0 0.7071068 6.071709 0
5.6042 SecondCar -47.44878 0.025 2.97 0 90 0 0 0.7071068 0 0.7071068 6.053676 0
5.6046 Head 0 1.6 0.78 345.15 327.8999 0 -0.124191 -0.2741586 -0.03572864 0.9529623
5.6046 FirstCar -14.90123 0.025 2.97 0 90 0 0 0.7071068 0 0.7071068 6.070865 0
5.6046 SecondCar -47.44665 0.025 2.97 0 90 0 0 0.7071068 0 0.7071068 6.052833 0
5.6049 Head 0 1.6 0.78 345.15 327.8999 0 -0.124191 -0.2741586 -0.03572864 0.9529623
5.6049 FirstCar -14.89897 0.025 2.97 0 90 0 0 0.7071068 0 0.7071068 6.069969 0
5.6049 SecondCar -47.44439 0.025 2.97 0 90 0 0 0.7071068 0 0.7071068 6.051936 0
5.6053 Head 0 1.6 0.78 345.15 327.8999 0 -0.124191 -0.2741586 -0.03572864 0.9529623
5.6053 FirstCar -14.8969 0.025 2.97 0 90 0 0 0.7071068 0 0.7071068 6.06915 0
5.6053 SecondCar -47.44232 0.025 2.97 0 90 0 0 0.7071068 0 0.7071068 6.051118 0
5.6057 Head 0 1.6 0.78 345.15 327.8999 0 -0.124191 -0.2741586 -0.03572864 0.9529623
5.6057 FirstCar -14.89449 0.025 2.97 0 90 0 0 0.7071068 0 0.7071068 6.0682 0
5.6057 SecondCar -47.43993 0.025 2.97 0 90 0 0 0.7071068 0 0.7071068 6.050167 0
5.6060 Head 0 1.6 0.78 345.15 327.8999 0 -0.124191 -0.2741586 -0.03572864 0.9529623
5.6060 FirstCar -14.89234 0.025 2.97 0 90 0 0 0.7071068 0 0.7071068 6.067348 0
5.6060 SecondCar -47.43778 0.025 2.97 0 90 0 0 0.7071068 0 0.7071068 6.049315 0
5.6064 Head 0 1.6 0.78 345.15 327.8999 0 -0.124191 -0.2741586 -0.03572864 0.9529623
5.6064 FirstCar -14.89011 0.025 2.97 0 90 0 0 0.7071068 0 0.7071068 6.066464 0
5.6064 SecondCar -47.43555 0.025 2.97 0 90 0 0 0.7071068 0 0.7071068 6.048432 0
5.6068 Head 0 1.6 0.78 345.15 327.8999 0 -0.124191 -0.2741586 -0.03572864 0.9529623
5.6068 FirstCar -14.88779 0.025 2.97 0 90 0 0 0.7071068 0 0.7071068 6.065549 0
5.6068 SecondCar -47.43325 0.025 2.97 0 90 0 0 0.7071068 0 0.7071068 6.047517 0
5.6071 Head 0 1.6 0.78 345.15 327.8999 0 -0.124191 -0.2741586 -0.03572864 0.9529623
5.6071 FirstCar -14.88568 0.025 2.97 0 90 0 0 0.7071068 0 0.7071068 6.064712 0
5.6071 SecondCar -47.43114 0.025 2.97 0 90 0 0 0.7071068 0 0.7071068 6.046679 0
5.6075 Head 0 1.6 0.78 345.15 327.8999 0 -0.124191 -0.2741586 -0.03572864 0.9529623
5.6075 FirstCar -14.88362 0.025 2.97 0 90 0 0 0.7071068 0 0.7071068 6.063898 0
5.6075 SecondCar -47.42908 0.025 2.97 0 90 0 0 0.7071068 0 0.7071068 6.045865 0
5.6078 Head 0 1.6 0.78 345.15 327.8999 0 -0.124191 -0.2741586 -0.03572864 0.9529623
5.6078 FirstCar -14.88164 0.025 2.97 0 90 0 0 0.7071068 0 0.7071068 6.063112 0
5.6078 SecondCar -47.4271 0.025 2.97 0 90 0 0 0.7071068 0 0.7071068 6.04508 0
5.6081 Head 0 1.6 0.78 345.15 327.8999 0 -0.124191 -0.2741586 -0.03572864 0.9529623
5.6081 FirstCar -14.87964 0.025 2.97 0 90 0 0 0.7071068 0 0.7071068 6.062323 0
5.6081 SecondCar -47.42512 0.025 2.97 0 90 0 0 0.7071068 0 0.7071068 6.044291 0
5.6085 Head 0 1.6 0.78 345.15 327.8999 0 -0.124191 -0.2741586 -0.03572864 0.9529623
5.6085 FirstCar -14.87757 0.025 2.97 0 90 0 0 0.7071068 0 0.7071068 6.061503 0
5.6085 SecondCar -47.42305 0.025 2.97 0 90 0 0 0.7071068 0 0.7071068 6.04347 0
5.6088 Head 0 1.6 0.78 345.15 327.8999 0 -0.124191 -0.2741586 -0.03572864 0.9529623
5.6088 FirstCar -14.87534 0.025 2.97 0 90 0 0 0.7071068 0 0.7071068 6.060621 0
5.6088 SecondCar -47.42083 0.025 2.97 0 90 0 0 0.7071068 0 0.7071068 6.042589 0
5.6092 Head 0 1.6 0.78 345.15 327.8999 0 -0.124191 -0.2741586 -0.03572864 0.9529623
5.6092 FirstCar -14.87294 0.025 2.97 0 90 0 0 0.7071068 0 0.7071068 6.05967 0
5.6092 SecondCar -47.41844 0.025 2.97 0 90 0 0 0.7071068 0 0.7071068 6.041637 0
5.6096 Head 0 1.6 0.78 345.15 327.8999 0 -0.124191 -0.2741586 -0.03572864 0.9529623
5.6096 FirstCar -14.87067 0.025 2.97 0 90 0 0 0.7071068 0 0.7071068 6.058771 0
5.6096 SecondCar -47.41618 0.025 2.97 0 90 0 0 0.7071068 0 0.7071068 6.040739 0
5.6099 Head 0 1.6 0.78 345.15 327.8999 0 -0.124191 -0.2741586 -0.03572864 0.9529623
5.6099 FirstCar -14.86867 0.025 2.97 0 90 0 0 0.7071068 0 0.7071068 6.057978 0
5.6099 SecondCar -47.41418 0.025 2.97 0 90 0 0 0.7071068 0 0.7071068 6.039946 0
5.6103 Head 0 1.6 0.78 345.15 327.8999 0 -0.124191 -0.2741586 -0.03572864 0.9529623
5.6103 FirstCar -14.86665 0.025 2.97 0 90 0 0 0.7071068 0 0.7071068 6.057178 0
5.6103 SecondCar -47.41217 0.025 2.97 0 90 0 0 0.7071068 0 0.7071068 6.039145 0
5.6109 Head 0 1.6 0.78 345.15 327.8999 0 -0.124191 -0.2741586 -0.03572864 0.9529623
5.6109 FirstCar -14.86282 0.025 2.97 0 90 0 0 0.7071068 0 0.7071068 6.055661 0
5.6109 SecondCar -47.40835 0.025 2.97 0 90 0 0 0.7071068 0 0.7071068 6.037628 0
5.6113 Head 0 1.6 0.78 345.15 327.8999 0 -0.124191 -0.2741586 -0.03572864 0.9529623
5.6113 FirstCar -14.86059 0.025 2.97 0 90 0 0 0.7071068 0 0.7071068 6.054777 0
5.6113 SecondCar -47.40612 0.025 2.97 0 90 0 0 0.7071068 0 0.7071068 6.036745 0
5.6116 Head 0 1.6 0.78 345.15 327.8999 0 -0.124191 -0.2741586 -0.03572864 0.9529623
5.6116 FirstCar -14.85845 0.025 2.97 0 90 0 0 0.7071068 0 0.7071068 6.053928 0
5.6116 SecondCar -47.40399 0.025 2.97 0 90 0 0 0.7071068 0 0.7071068 6.035896 0
5.6120 Head 0 1.6 0.78 345.15 327.8999 0 -0.124191 -0.2741586 -0.03572864 0.9529623
5.6120 FirstCar -14.85637 0.025 2.97 0 90 0 0 0.7071068 0 0.7071068 6.0531 0
5.6120 SecondCar -47.40191 0.025 2.97 0 90 0 0 0.7071068 0 0.7071068 6.035068 0
5.6123 Head 0 1.6 0.78 345.15 327.8999 0 -0.124191 -0.2741586 -0.03572864 0.9529623
5.6123 FirstCar -14.85415 0.025 2.97 0 90 0 0 0.7071068 0 0.7071068 6.052221 0
5.6123 SecondCar -47.3997 0.025 2.97 0 90 0 0 0.7071068 0 0.7071068 6.034189 0
5.6127 Head 0 1.6 0.78 345.15 327.8999 0 -0.124191 -0.2741586 -0.03572864 0.9529623
5.6127 FirstCar -14.85205 0.025 2.97 0 90 0 0 0.7071068 0 0.7071068 6.051389 0
5.6127 SecondCar -47.39761 0.025 2.97 0 90 0 0 0.7071068 0 0.7071068 6.033357 0
5.6130 Head 0 1.6 0.78 345.15 327.8999 0 -0.124191 -0.2741586 -0.03572864 0.9529623
5.6130 FirstCar -14.85003 0.025 2.97 0 90 0 0 0.7071068 0 0.7071068 6.050589 0
5.6130 SecondCar -47.39559 0.025 2.97 0 90 0 0 0.7071068 0 0.7071068 6.032556 0
5.6133 Head 0 1.6 0.78 345.15 327.8999 0 -0.124191 -0.2741586 -0.03572864 0.9529623
5.6133 FirstCar -14.848 0.025 2.97 0 90 0 0 0.7071068 0 0.7071068 6.049781 0
5.6133 SecondCar -47.39356 0.025 2.97 0 90 0 0 0.7071068 0 0.7071068 6.031748 0
5.6137 Head 0 1.6 0.78 345.15 327.8999 0 -0.124191 -0.2741586 -0.03572864 0.9529623
5.6137 FirstCar -14.846 0.025 2.97 0 90 0 0 0.7071068 0 0.7071068 6.048989 0
5.6137 SecondCar -47.39157 0.025 2.97 0 90 0 0 0.7071068 0 0.7071068 6.030957 0
5.6140 Head 0 1.6 0.78 345.15 327.8999 0 -0.124191 -0.2741586 -0.03572864 0.9529623
5.6140 FirstCar -14.84399 0.025 2.97 0 90 0 0 0.7071068 0 0.7071068 6.048192 0
5.6140 SecondCar -47.38957 0.025 2.97 0 90 0 0 0.7071068 0 0.7071068 6.030159 0
5.6144 Head 0 1.6 0.78 345.15 327.8999 0 -0.124191 -0.2741586 -0.03572864 0.9529623
5.6144 FirstCar -14.84176 0.025 2.97 0 90 0 0 0.7071068 0 0.7071068 6.047306 0
5.6144 SecondCar -47.38734 0.025 2.97 0 90 0 0 0.7071068 0 0.7071068 6.029274 0
5.6147 Head 0 1.6 0.78 345.15 327.8999 0 -0.124191 -0.2741586 -0.03572864 0.9529623
5.6147 FirstCar -14.83972 0.025 2.97 0 90 0 0 0.7071068 0 0.7071068 6.046497 0
5.6147 SecondCar -47.38531 0.025 2.97 0 90 0 0 0.7071068 0 0.7071068 6.028464 0
5.6151 Head 0 1.6 0.78 345.15 327.8999 0 -0.124191 -0.2741586 -0.03572864 0.9529623
5.6151 FirstCar -14.83762 0.025 2.97 0 90 0 0 0.7071068 0 0.7071068 6.045665 0
5.6151 SecondCar -47.38322 0.025 2.97 0 90 0 0 0.7071068 0 0.7071068 6.027632 0
5.6154 Head 0 1.6 0.78 345.15 327.8999 0 -0.124191 -0.2741586 -0.03572864 0.9529623
5.6154 FirstCar -14.83562 0.025 2.97 0 90 0 0 0.7071068 0 0.7071068 6.04487 0
5.6154 SecondCar -47.38122 0.025 2.97 0 90 0 0 0.7071068 0 0.7071068 6.026837 0
5.6158 Head 0 1.6 0.78 345.15 327.8999 0 -0.124191 -0.2741586 -0.03572864 0.9529623
5.6158 FirstCar -14.83286 0.025 2.97 0 90 0 0 0.7071068 0 0.7071068 6.043774 0
5.6158 SecondCar -47.37847 0.025 2.97 0 90 0 0 0.7071068 0 0.7071068 6.025741 0
5.6164 Head 0 1.6 0.78 345.15 327.8999 0 -0.124191 -0.2741586 -0.03572864 0.9529623
5.6164 FirstCar -14.82969 0.025 2.97 0 90 0 0 0.7071068 0 0.7071068 6.042516 0
5.6164 SecondCar -47.37531 0.025 2.97 0 90 0 0 0.7071068 0 0.7071068 6.024483 0
5.6169 Head 0 1.6 0.78 345.15 327.8999 0 -0.124191 -0.2741586 -0.03572864 0.9529623
5.6169 FirstCar -14.82669 0.025 2.97 0 90 0 0 0.7071068 0 0.7071068 6.041323 0
5.6169 SecondCar -47.37231 0.025 2.97 0 90 0 0 0.7071068 0 0.7071068 6.02329 0
5.6172 Head 0 1.6 0.78 345.15 327.8999 0 -0.124191 -0.2741586 -0.03572864 0.9529623
5.6172 FirstCar -14.82446 0.025 2.97 0 90 0 0 0.7071068 0 0.7071068 6.040438 0
5.6172 SecondCar -47.37009 0.025 2.97 0 90 0 0 0.7071068 0 0.7071068 6.022406 0
5.6176 Head 0 1.6 0.78 345.15 327.8999 0 -0.124191 -0.2741586 -0.03572864 0.9529623
5.6176 FirstCar -14.8222 0.025 2.97 0 90 0 0 0.7071068 0 0.7071068 6.03954 0
5.6176 SecondCar -47.36784 0.025 2.97 0 90 0 0 0.7071068 0 0.7071068 6.021508 0
5.6180 Head 0 1.6 0.78 345.15 327.8999 0 -0.124191 -0.2741586 -0.03572864 0.9529623
5.6180 FirstCar -14.81997 0.025 2.97 0 90 0 0 0.7071068 0 0.7071068 6.038651 0
5.6180 SecondCar -47.36561 0.025 2.97 0 90 0 0 0.7071068 0 0.7071068 6.020618 0
5.6184 Head 0 1.6 0.78 345.15 327.8999 0 -0.124191 -0.2741586 -0.03572864 0.9529623
5.6184 FirstCar -14.81764 0.025 2.97 0 90 0 0 0.7071068 0 0.7071068 6.037725 0
5.6184 SecondCar -47.36329 0.025 2.97 0 90 0 0 0.7071068 0 0.7071068 6.019692 0
5.6187 Head 0 1.6 0.78 345.15 327.8999 0 -0.124191 -0.2741586 -0.03572864 0.9529623
5.6187 FirstCar -14.81549 0.025 2.97 0 90 0 0 0.7071068 0 0.7071068 6.036872 0
5.6187 SecondCar -47.36115 0.025 2.97 0 90 0 0 0.7071068 0 0.7071068 6.01884 0
5.6191 Head 0 1.6 0.78 345.15 327.8999 0 -0.124191 -0.2741586 -0.03572864 0.9529623
5.6191 FirstCar -14.81326 0.025 2.97 0 90 0 0 0.7071068 0 0.7071068 6.035984 0
5.6191 SecondCar -47.35892 0.025 2.97 0 90 0 0 0.7071068 0 0.7071068 6.017951 0
5.6194 Head 0 1.6 0.78 345.15 327.8999 0 -0.124191 -0.2741586 -0.03572864 0.9529623
5.6194 FirstCar -14.81121 0.025 2.97 0 90 0 0 0.7071068 0 0.7071068 6.03517 0
5.6194 SecondCar -47.35688 0.025 2.97 0 90 0 0 0.7071068 0 0.7071068 6.017137 0
5.6198 Head 0 1.6 0.78 345.15 327.8999 0 -0.124191 -0.2741586 -0.03572864 0.9529623
5.6198 FirstCar -14.80887 0.025 2.97 0 90 0 0 0.7071068 0 0.7071068 6.034238 0
5.6198 SecondCar -47.35454 0.025 2.97 0 90 0 0 0.7071068 0 0.7071068 6.016205 0
5.6202 Head 0 1.6 0.78 345.15 327.8999 0 -0.124191 -0.2741586 -0.03572864 0.9529623
5.6202 FirstCar -14.80663 0.025 2.97 0 90 0 0 0.7071068 0 0.7071068 6.033348 0
5.6202 SecondCar -47.35231 0.025 2.97 0 90 0 0 0.7071068 0 0.7071068 6.015316 0
5.6206 Head 0 1.6 0.78 345.15 327.8999 0 -0.124191 -0.2741586 -0.03572864 0.9529623
5.6206 FirstCar -14.80441 0.025 2.97 0 90 0 0 0.7071068 0 0.7071068 6.032466 0
5.6206 SecondCar -47.3501 0.025 2.97 0 90 0 0 0.7071068 0 0.7071068 6.014433 0
5.6209 Head 0 1.6 0.78 345.15 327.8999 0 -0.124191 -0.2741586 -0.03572864 0.9529623
5.6209 FirstCar -14.80226 0.025 2.97 0 90 0 0 0.7071068 0 0.7071068 6.031608 0
5.6209 SecondCar -47.34795 0.025 2.97 0 90 0 0 0.7071068 0 0.7071068 6.013576 0
5.6213 Head 0 1.6 0.78 345.15 327.8999 0 -0.124191 -0.2741586 -0.03572864 0.9529623
5.6213 FirstCar -14.80018 0.025 2.97 0 90 0 0 0.7071068 0 0.7071068 6.030782 0
5.6213 SecondCar -47.34588 0.025 2.97 0 90 0 0 0.7071068 0 0.7071068 6.012749 0
5.6217 Head 0 1.6 0.78 345.15 327.8999 0 -0.124191 -0.2741586 -0.03572864 0.9529623
5.6217 FirstCar -14.7978 0.025 2.97 0 90 0 0 0.7071068 0 0.7071068 6.029836 0
5.6217 SecondCar -47.34351 0.025 2.97 0 90 0 0 0.7071068 0 0.7071068 6.011804 0
5.6220 Head 0 1.6 0.78 345.15 327.8999 0 -0.124191 -0.2741586 -0.03572864 0.9529623
5.6220 FirstCar -14.79559 0.025 2.97 0 90 0 0 0.7071068 0 0.7071068 6.028955 0
5.6220 SecondCar -47.34131 0.025 2.97 0 90 0 0 0.7071068 0 0.7071068 6.010923 0
5.6225 Head 0 1.6 0.78 345.15 327.8999 0 -0.124191 -0.2741586 -0.03572864 0.9529623
5.6225 FirstCar -14.79302 0.025 2.97 0 90 0 0 0.7071068 0 0.7071068 6.027931 0
5.6225 SecondCar -47.33874 0.025 2.97 0 90 0 0 0.7071068 0 0.7071068 6.009898 0
5.6228 Head 0 1.6 0.78 345.15 327.8999 0 -0.124191 -0.2741586 -0.03572864 0.9529623
5.6228 FirstCar -14.79084 0.025 2.97 0 90 0 0 0.7071068 0 0.7071068 6.027061 0
5.6228 SecondCar -47.33656 0.025 2.97 0 90 0 0 0.7071068 0 0.7071068 6.009028 0
5.6232 Head 0 1.6 0.78 345.15 327.8999 0 -0.124191 -0.2741586 -0.03572864 0.9529623
5.6232 FirstCar -14.78878 0.025 2.97 0 90 0 0 0.7071068 0 0.7071068 6.026242 0
5.6232 SecondCar -47.33451 0.025 2.97 0 90 0 0 0.7071068 0 0.7071068 6.00821 0
5.6235 Head 0 1.6 0.78 345.15 327.8999 0 -0.124191 -0.2741586 -0.03572864 0.9529623
5.6235 FirstCar -14.7867 0.025 2.97 0 90 0 0 0.7071068 0 0.7071068 6.025414 0
5.6235 SecondCar -47.33244 0.025 2.97 0 90 0 0 0.7071068 0 0.7071068 6.007381 0
5.6239 Head 0 1.6 0.78 345.15 327.8999 0 -0.124191 -0.2741586 -0.03572864 0.9529623
5.6239 FirstCar -14.78402 0.025 2.97 0 90 0 0 0.7071068 0 0.7071068 6.024348 0
5.6239 SecondCar -47.32977 0.025 2.97 0 90 0 0 0.7071068 0 0.7071068 6.006315 0
5.6244 Head 0 1.6 0.78 345.15 327.8999 0 -0.124191 -0.2741586 -0.03572864 0.9529623
5.6244 FirstCar -14.78108 0.025 2.97 0 90 0 0 0.7071068 0 0.7071068 6.023175 0
5.6244 SecondCar -47.32684 0.025 2.97 0 90 0 0 0.7071068 0 0.7071068 6.005142 0
5.6250 Head 0 1.6 0.78 345.15 327.8999 0 -0.124191 -0.2741586 -0.03572864 0.9529623
5.6250 FirstCar -14.7777 0.025 2.97 0 90 0 0 0.7071068 0 0.7071068 6.021829 0
5.6250 SecondCar -47.32347 0.025 2.97 0 90 0 0 0.7071068 0 0.7071068 6.003797 0
5.6254 Head 0 1.6 0.78 345.15 327.8999 0 -0.124191 -0.2741586 -0.03572864 0.9529623
5.6254 FirstCar -14.77537 0.025 2.97 0 90 0 0 0.7071068 0 0.7071068 6.020898 0
5.6254 SecondCar -47.32115 0.025 2.97 0 90 0 0 0.7071068 0 0.7071068 6.002866 0
5.6258 Head 0 1.6 0.78 345.15 327.8999 0 -0.124191 -0.2741586 -0.03572864 0.9529623
5.6258 FirstCar -14.77309 0.025 2.97 0 90 0 0 0.7071068 0 0.7071068 6.019989 0
5.6258 SecondCar -47.31887 0.025 2.97 0 90 0 0 0.7071068 0 0.7071068 6.001957 0
5.6261 Head 0 1.6 0.78 345.15 327.8999 0 -0.124191 -0.2741586 -0.03572864 0.9529623
5.6261 FirstCar -14.77082 0.025 2.97 0 90 0 0 0.7071068 0 0.7071068 6.019084 0
5.6261 SecondCar -47.31661 0.025 2.97 0 90 0 0 0.7071068 0 0.7071068 6.001052 0
5.6265 Head 0 1.6 0.78 345.15 327.8999 0 -0.124191 -0.2741586 -0.03572864 0.9529623
5.6265 FirstCar -14.76861 0.025 2.97 0 90 0 0 0.7071068 0 0.7071068 6.018203 0
5.6265 SecondCar -47.31441 0.025 2.97 0 90 0 0 0.7071068 0 0.7071068 6.000171 0
5.6269 Head 0 1.6 0.78 345.15 327.8999 0 -0.124191 -0.2741586 -0.03572864 0.9529623
5.6269 FirstCar -14.76639 0.025 2.97 0 90 0 0 0.7071068 0 0.7071068 6.01732 0
5.6269 SecondCar -47.3122 0.025 2.97 0 90 0 0 0.7071068 0 0.7071068 5.999287 0
5.6272 Head 0 1.6 0.78 345.15 327.8999 0 -0.124191 -0.2741586 -0.03572864 0.9529623
5.6272 FirstCar -14.76418 0.025 2.97 0 90 0 0 0.7071068 0 0.7071068 6.016436 0
5.6272 SecondCar -47.30999 0.025 2.97 0 90 0 0 0.7071068 0 0.7071068 5.998403 0
5.6276 Head 0 1.6 0.78 345.15 327.8999 0 -0.124191 -0.2741586 -0.03572864 0.9529623
5.6276 FirstCar -14.76194 0.025 2.97 0 90 0 0 0.7071068 0 0.7071068 6.015544 0
5.6276 SecondCar -47.30776 0.025 2.97 0 90 0 0 0.7071068 0 0.7071068 5.997511 0
5.6280 Head 0 1.6 0.78 345.15 327.8999 0 -0.124191 -0.2741586 -0.03572864 0.9529623
5.6280 FirstCar -14.75991 0.025 2.97 0 90 0 0 0.7071068 0 0.7071068 6.014731 0
5.6280 SecondCar -47.30573 0.025 2.97 0 90 0 0 0.7071068 0 0.7071068 5.996698 0
5.6283 Head 0 1.6 0.78 345.15 327.8999 0 -0.124191 -0.2741586 -0.03572864 0.9529623
5.6283 FirstCar -14.75783 0.025 2.97 0 90 0 0 0.7071068 0 0.7071068 6.013902 0
5.6283 SecondCar -47.30366 0.025 2.97 0 90 0 0 0.7071068 0 0.7071068 5.99587 0
5.6286 Head 0 1.6 0.78 345.15 327.8999 0 -0.124191 -0.2741586 -0.03572864 0.9529623
5.6286 FirstCar -14.75579 0.025 2.97 0 90 0 0 0.7071068 0 0.7071068 6.013086 0
5.6286 SecondCar -47.30162 0.025 2.97 0 90 0 0 0.7071068 0 0.7071068 5.995054 0
5.6290 Head 0 1.6 0.78 345.15 327.8999 0 -0.124191 -0.2741586 -0.03572864 0.9529623
5.6290 FirstCar -14.75363 0.025 2.97 0 90 0 0 0.7071068 0 0.7071068 6.012224 0
5.6290 SecondCar -47.29947 0.025 2.97 0 90 0 0 0.7071068 0 0.7071068 5.994192 0
5.6293 Head 0 1.6 0.78 345.15 327.8999 0 -0.124191 -0.2741586 -0.03572864 0.9529623
5.6293 FirstCar -14.75164 0.025 2.97 0 90 0 0 0.7071068 0 0.7071068 6.011429 0
5.6293 SecondCar -47.29749 0.025 2.97 0 90 0 0 0.7071068 0 0.7071068 5.993396 0
5.6297 Head 0 1.6 0.78 345.15 327.8999 0 -0.124191 -0.2741586 -0.03572864 0.9529623
5.6297 FirstCar -14.74956 0.025 2.97 0 90 0 0 0.7071068 0 0.7071068 6.010601 0
5.6297 SecondCar -47.29542 0.025 2.97 0 90 0 0 0.7071068 0 0.7071068 5.992568 0
5.6300 Head 0 1.6 0.78 345.15 327.8999 0 -0.124191 -0.2741586 -0.03572864 0.9529623
5.6300 FirstCar -14.74736 0.025 2.97 0 90 0 0 0.7071068 0 0.7071068 6.009723 0
5.6300 SecondCar -47.29323 0.025 2.97 0 90 0 0 0.7071068 0 0.7071068 5.991691 0
5.6304 Head 0 1.6 0.78 345.15 327.8999 0 -0.124191 -0.2741586 -0.03572864 0.9529623
5.6304 FirstCar -14.74532 0.025 2.97 0 90 0 0 0.7071068 0 0.7071068 6.008906 0
5.6304 SecondCar -47.29119 0.025 2.97 0 90 0 0 0.7071068 0 0.7071068 5.990873 0
5.6310 Head 0 1.6 0.78 345.15 327.8999 0 -0.124191 -0.2741586 -0.03572864 0.9529623
5.6310 FirstCar -14.74156 0.025 2.97 0 90 0 0 0.7071068 0 0.7071068 6.007404 0
5.6310 SecondCar -47.28744 0.025 2.97 0 90 0 0 0.7071068 0 0.7071068 5.989371 0
5.6314 Head 0 1.6 0.78 345.15 327.8999 0 -0.124191 -0.2741586 -0.03572864 0.9529623
5.6314 FirstCar -14.73929 0.025 2.97 0 90 0 0 0.7071068 0 0.7071068 6.006496 0
5.6314 SecondCar -47.28518 0.025 2.97 0 90 0 0 0.7071068 0 0.7071068 5.988464 0
5.6318 Head 0 1.6 0.78 345.15 327.8999 0 -0.124191 -0.2741586 -0.03572864 0.9529623
5.6318 FirstCar -14.73684 0.025 2.97 0 90 0 0 0.7071068 0 0.7071068 6.005518 0
5.6318 SecondCar -47.28273 0.025 2.97 0 90 0 0 0.7071068 0 0.7071068 5.987486 0
5.6322 Head 0 1.6 0.78 345.15 327.8999 0 -0.124191 -0.2741586 -0.03572864 0.9529623
5.6322 FirstCar -14.73462 0.025 2.97 0 90 0 0 0.7071068 0 0.7071068 6.00463 0
5.6322 SecondCar -47.28052 0.025 2.97 0 90 0 0 0.7071068 0 0.7071068 5.986598 0
5.6325 Head 0 1.6 0.78 345.15 327.8999 0 -0.124191 -0.2741586 -0.03572864 0.9529623
5.6325 FirstCar -14.73241 0.025 2.97 0 90 0 0 0.7071068 0 0.7071068 6.003749 0
5.6325 SecondCar -47.27832 0.025 2.97 0 90 0 0 0.7071068 0 0.7071068 5.985717 0
5.6329 Head 0 1.6 0.78 345.15 327.8999 0 -0.124191 -0.2741586 -0.03572864 0.9529623
5.6329 FirstCar -14.73025 0.025 2.97 0 90 0 0 0.7071068 0 0.7071068 6.002883 0
5.6329 SecondCar -47.27616 0.025 2.97 0 90 0 0 0.7071068 0 0.7071068 5.984851 0
5.6332 Head 0 1.6 0.78 345.15 327.8999 0 -0.124191 -0.2741586 -0.03572864 0.9529623
5.6332 FirstCar -14.72814 0.025 2.97 0 90 0 0 0.7071068 0 0.7071068 6.002039 0
5.6332 SecondCar -47.27406 0.025 2.97 0 90 0 0 0.7071068 0 0.7071068 5.984006 0
5.6336 Head 0 1.6 0.78 345.15 327.8999 0 -0.124191 -0.2741586 -0.03572864 0.9529623
5.6336 FirstCar -14.72592 0.025 2.97 0 90 0 0 0.7071068 0 0.7071068 6.001152 0
5.6336 SecondCar -47.27184 0.025 2.97 0 90 0 0 0.7071068 0 0.7071068 5.983119 0
5.6340 Head 0 1.6 0.78 345.15 327.8999 0 -0.124191 -0.2741586 -0.03572864 0.9529623
5.6340 FirstCar -14.72351 0.025 2.97 0 90 0 0 0.7071068 0 0.7071068 6.00019 0
5.6340 SecondCar -47.26944 0.025 2.97 0 90 0 0 0.7071068 0 0.7071068 5.982157 0
5.6344 Head 0 1.6 0.78 345.15 327.8999 0 -0.124191 -0.2741586 -0.03572864 0.9529623
5.6344 FirstCar -14.7213 0.025 2.97 0 90 0 0 0.7071068 0 0.7071068 5.999307 0
5.6344 SecondCar -47.26724 0.025 2.97 0 90 0 0 0.7071068 0 0.7071068 5.981274 0
5.6347 Head 0 1.6 0.78 345.15 327.8999 0 -0.124191 -0.2741586 -0.03572864 0.9529623
5.6347 FirstCar -14.7192 0.025 2.97 0 90 0 0 0.7071068 0 0.7071068 5.998463 0
5.6347 SecondCar -47.26514 0.025 2.97 0 90 0 0 0.7071068 0 0.7071068 5.98043 0
5.6351 Head 0 1.6 0.78 345.15 327.8999 0 -0.124191 -0.2741586 -0.03572864 0.9529623
5.6351 FirstCar -14.71689 0.025 2.97 0 90 0 0 0.7071068 0 0.7071068 5.997541 0
5.6351 SecondCar -47.26284 0.025 2.97 0 90 0 0 0.7071068 0 0.7071068 5.979508 0
5.6355 Head 0 1.6 0.78 345.15 327.8999 0 -0.124191 -0.2741586 -0.03572864 0.9529623
5.6355 FirstCar -14.71477 0.025 2.97 0 90 0 0 0.7071068 0 0.7071068 5.996691 0
5.6355 SecondCar -47.26073 0.025 2.97 0 90 0 0 0.7071068 0 0.7071068 5.978659 0
5.6358 Head 0 1.6 0.78 345.15 327.8999 0 -0.124191 -0.2741586 -0.03572864 0.9529623
5.6358 FirstCar -14.7127 0.025 2.97 0 90 0 0 0.7071068 0 0.7071068 5.995862 0
5.6358 SecondCar -47.25866 0.025 2.97 0 90 0 0 0.7071068 0 0.7071068 5.97783 0
5.6361 Head 0 1.6 0.78 345.15 327.8999 0 -0.124191 -0.2741586 -0.03572864 0.9529623
5.6361 FirstCar -14.71068 0.025 2.97 0 90 0 0 0.7071068 0 0.7071068 5.995056 0
5.6361 SecondCar -47.25666 0.025 2.97 0 90 0 0 0.7071068 0 0.7071068 5.977024 0
5.6365 Head 0 1.6 0.78 345.15 327.8999 0 -0.124191 -0.2741586 -0.03572864 0.9529623
5.6365 FirstCar -14.70861 0.025 2.97 0 90 0 0 0.7071068 0 0.7071068 5.994226 0
5.6365 SecondCar -47.25459 0.025 2.97 0 90 0 0 0.7071068 0 0.7071068 5.976193 0
5.6368 Head 0 1.6 0.78 345.15 327.8999 0 -0.124191 -0.2741586 -0.03572864 0.9529623
5.6368 FirstCar -14.70652 0.025 2.97 0 90 0 0 0.7071068 0 0.7071068 5.993391 0
5.6368 SecondCar -47.25251 0.025 2.97 0 90 0 0 0.7071068 0 0.7071068 5.975358 0
5.6372 Head 0 1.6 0.78 345.15 327.8999 0 -0.124191 -0.2741586 -0.03572864 0.9529623
5.6372 FirstCar -14.70409 0.025 2.97 0 90 0 0 0.7071068 0 0.7071068 5.992416 0
5.6372 SecondCar -47.25008 0.025 2.97 0 90 0 0 0.7071068 0 0.7071068 5.974384 0
5.6376 Head 0 1.6 0.78 345.15 327.8999 0 -0.124191 -0.2741586 -0.03572864 0.9529623
5.6376 FirstCar -14.70184 0.025 2.97 0 90 0 0 0.7071068 0 0.7071068 5.991516 0
5.6376 SecondCar -47.24784 0.025 2.97 0 90 0 0 0.7071068 0 0.7071068 5.973484 0
5.6380 Head 0 1.6 0.78 345.15 327.8999 0 -0.124191 -0.2741586 -0.03572864 0.9529623
5.6380 FirstCar -14.69966 0.025 2.97 0 90 0 0 0.7071068 0 0.7071068 5.99064 0
5.6380 SecondCar -47.24566 0.025 2.97 0 90 0 0 0.7071068 0 0.7071068 5.972607 0
5.6383 Head 0 1.6 0.78 345.15 327.8999 0 -0.124191 -0.2741586 -0.03572864 0.9529623
5.6383 FirstCar -14.69762 0.025 2.97 0 90 0 0 0.7071068 0 0.7071068 5.989823 0
5.6383 SecondCar -47.24363 0.025 2.97 0 90 0 0 0.7071068 0 0.7071068 5.97179 0
5.6387 Head 0 1.6 0.78 345.15 327.8999 0 -0.124191 -0.2741586 -0.03572864 0.9529623
5.6387 FirstCar -14.69554 0.025 2.97 0 90 0 0 0.7071068 0 0.7071068 5.988989 0
5.6387 SecondCar -47.24155 0.025 2.97 0 90 0 0 0.7071068 0 0.7071068 5.970957 0
5.6390 Head 0 1.6 0.78 345.15 327.8999 0 -0.124191 -0.2741586 -0.03572864 0.9529623
5.6390 FirstCar -14.69349 0.025 2.97 0 90 0 0 0.7071068 0 0.7071068 5.988169 0
5.6390 SecondCar -47.23951 0.025 2.97 0 90 0 0 0.7071068 0 0.7071068 5.970137 0
5.6394 Head 0 1.6 0.78 345.15 327.8999 0 -0.124191 -0.2741586 -0.03572864 0.9529623
5.6394 FirstCar -14.69141 0.025 2.97 0 90 0 0 0.7071068 0 0.7071068 5.987334 0
5.6394 SecondCar -47.23743 0.025 2.97 0 90 0 0 0.7071068 0 0.7071068 5.969302 0
5.6397 Head 0 1.6 0.78 345.15 327.8999 0 -0.124191 -0.2741586 -0.03572864 0.9529623
5.6397 FirstCar -14.68934 0.025 2.97 0 90 0 0 0.7071068 0 0.7071068 5.986503 0
5.6397 SecondCar -47.23537 0.025 2.97 0 90 0 0 0.7071068 0 0.7071068 5.968471 0
5.6401 Head 0 1.6 0.78 345.15 327.8999 0 -0.124191 -0.2741586 -0.03572864 0.9529623
5.6401 FirstCar -14.68715 0.025 2.97 0 90 0 0 0.7071068 0 0.7071068 5.985628 0
5.6401 SecondCar -47.23319 0.025 2.97 0 90 0 0 0.7071068 0 0.7071068 5.967596 0
5.6404 Head 0 1.6 0.78 345.15 327.8999 0 -0.124191 -0.2741586 -0.03572864 0.9529623
5.6404 FirstCar -14.68505 0.025 2.97 0 90 0 0 0.7071068 0 0.7071068 5.984783 0
5.6404 SecondCar -47.23109 0.025 2.97 0 90 0 0 0.7071068 0 0.7071068 5.96675 0
5.6408 Head 0 1.6 0.78 345.15 327.8999 0 -0.124191 -0.2741586 -0.03572864 0.9529623
5.6408 FirstCar -14.68291 0.025 2.97 0 90 0 0 0.7071068 0 0.7071068 5.983928 0
5.6408 SecondCar -47.22897 0.025 2.97 0 90 0 0 0.7071068 0 0.7071068 5.965895 0
5.6411 Head 0 1.6 0.78 345.15 327.8999 0 -0.124191 -0.2741586 -0.03572864 0.9529623
5.6411 FirstCar -14.6808 0.025 2.97 0 90 0 0 0.7071068 0 0.7071068 5.983081 0
5.6411 SecondCar -47.22686 0.025 2.97 0 90 0 0 0.7071068 0 0.7071068 5.965048 0
5.6415 Head 0 1.6 0.78 345.15 327.8999 0 -0.124191 -0.2741586 -0.03572864 0.9529623
5.6415 FirstCar -14.67872 0.025 2.97 0 90 0 0 0.7071068 0 0.7071068 5.982245 0
5.6415 SecondCar -47.22478 0.025 2.97 0 90 0 0 0.7071068 0 0.7071068 5.964212 0
5.6419 Head 0 1.6 0.78 345.15 327.8999 0 -0.124191 -0.2741586 -0.03572864 0.9529623
5.6419 FirstCar -14.67644 0.025 2.97 0 90 0 0 0.7071068 0 0.7071068 5.981331 0
5.6419 SecondCar -47.22251 0.025 2.97 0 90 0 0 0.7071068 0 0.7071068 5.963298 0
5.6422 Head 0 1.6 0.78 345.15 327.8999 0 -0.124191 -0.2741586 -0.03572864 0.9529623
5.6422 FirstCar -14.67441 0.025 2.97 0 90 0 0 0.7071068 0 0.7071068 5.980516 0
5.6422 SecondCar -47.22049 0.025 2.97 0 90 0 0 0.7071068 0 0.7071068 5.962483 0
5.6425 Head 0 1.6 0.78 345.15 327.8999 0 -0.124191 -0.2741586 -0.03572864 0.9529623
5.6425 FirstCar -14.67237 0.025 2.97 0 90 0 0 0.7071068 0 0.7071068 5.979696 0
5.6425 SecondCar -47.21845 0.025 2.97 0 90 0 0 0.7071068 0 0.7071068 5.961664 0
5.6429 Head 0 1.6 0.78 345.15 327.8999 0 -0.124191 -0.2741586 -0.03572864 0.9529623
5.6429 FirstCar -14.67036 0.025 2.97 0 90 0 0 0.7071068 0 0.7071068 5.978889 0
5.6429 SecondCar -47.21645 0.025 2.97 0 90 0 0 0.7071068 0 0.7071068 5.960857 0
5.6432 Head 0 1.6 0.78 345.15 327.8999 0 -0.124191 -0.2741586 -0.03572864 0.9529623
5.6432 FirstCar -14.66837 0.025 2.97 0 90 0 0 0.7071068 0 0.7071068 5.97809 0
5.6432 SecondCar -47.21446 0.025 2.97 0 90 0 0 0.7071068 0 0.7071068 5.960058 0
5.6436 Head 0 1.6 0.78 345.15 327.8999 0 -0.124191 -0.2741586 -0.03572864 0.9529623
5.6436 FirstCar -14.66609 0.025 2.97 0 90 0 0 0.7071068 0 0.7071068 5.977174 0
5.6436 SecondCar -47.21219 0.025 2.97 0 90 0 0 0.7071068 0 0.7071068 5.959142 0
5.6439 Head 0 1.6 0.78 345.15 327.8999 0 -0.124191 -0.2741586 -0.03572864 0.9529623
5.6439 FirstCar -14.66411 0.025 2.97 0 90 0 0 0.7071068 0 0.7071068 5.976382 0
5.6439 SecondCar -47.21022 0.025 2.97 0 90 0 0 0.7071068 0 0.7071068 5.95835 0
5.6443 Head 0 1.6 0.78 345.15 327.8999 0 -0.124191 -0.2741586 -0.03572864 0.9529623
5.6443 FirstCar -14.66211 0.025 2.97 0 90 0 0 0.7071068 0 0.7071068 5.975579 0
5.6443 SecondCar -47.20823 0.025 2.97 0 90 0 0 0.7071068 0 0.7071068 5.957546 0
5.6446 Head 0 1.6 0.78 345.15 327.8999 0 -0.124191 -0.2741586 -0.03572864 0.9529623
5.6446 FirstCar -14.66015 0.025 2.97 0 90 0 0 0.7071068 0 0.7071068 5.974789 0
5.6446 SecondCar -47.20626 0.025 2.97 0 90 0 0 0.7071068 0 0.7071068 5.956756 0
5.6449 Head 0 1.6 0.78 345.15 327.8999 0 -0.124191 -0.2741586 -0.03572864 0.9529623
5.6449 FirstCar -14.65811 0.025 2.97 0 90 0 0 0.7071068 0 0.7071068 5.97397 0
5.6449 SecondCar -47.20424 0.025 2.97 0 90 0 0 0.7071068 0 0.7071068 5.955938 0
5.6453 Head 0 1.6 0.78 345.15 327.8999 0 -0.124191 -0.2741586 -0.03572864 0.9529623
5.6453 FirstCar -14.65618 0.025 2.97 0 90 0 0 0.7071068 0 0.7071068 5.973195 0
5.6453 SecondCar -47.20231 0.025 2.97 0 90 0 0 0.7071068 0 0.7071068 5.955162 0
5.6456 Head 0 1.6 0.78 345.15 327.8999 0 -0.124191 -0.2741586 -0.03572864 0.9529623
5.6456 FirstCar -14.65389 0.025 2.97 0 90 0 0 0.7071068 0 0.7071068 5.972274 0
5.6456 SecondCar -47.20002 0.025 2.97 0 90 0 0 0.7071068 0 0.7071068 5.954242 0
5.6460 Head 0 1.6 0.78 345.15 327.8999 0 -0.124191 -0.2741586 -0.03572864 0.9529623
5.6460 FirstCar -14.65184 0.025 2.97 0 90 0 0 0.7071068 0 0.7071068 5.97145 0
5.6460 SecondCar -47.19798 0.025 2.97 0 90 0 0 0.7071068 0 0.7071068 5.953417 0
5.6463 Head 0 1.6 0.78 345.15 327.8999 0 -0.124191 -0.2741586 -0.03572864 0.9529623
5.6463 FirstCar -14.64989 0.025 2.97 0 90 0 0 0.7071068 0 0.7071068 5.970669 0
5.6463 SecondCar -47.19604 0.025 2.97 0 90 0 0 0.7071068 0 0.7071068 5.952637 0
5.6466 Head 0 1.6 0.78 345.15 327.8999 0 -0.124191 -0.2741586 -0.03572864 0.9529623
5.6466 FirstCar -14.64793 0.025 2.97 0 90 0 0 0.7071068 0 0.7071068 5.969879 0
5.6466 SecondCar -47.19408 0.025 2.97 0 90 0 0 0.7071068 0 0.7071068 5.951846 0
5.6470 Head 0 1.6 0.78 345.15 327.8999 0 -0.124191 -0.2741586 -0.03572864 0.9529623
5.6470 FirstCar -14.64597 0.025 2.97 0 90 0 0 0.7071068 0 0.7071068 5.96909 0
5.6470 SecondCar -47.19213 0.025 2.97 0 90 0 0 0.7071068 0 0.7071068 5.951058 0
5.6473 Head 0 1.6 0.78 345.15 327.8999 0 -0.124191 -0.2741586 -0.03572864 0.9529623
5.6473 FirstCar -14.64384 0.025 2.97 0 90 0 0 0.7071068 0 0.7071068 5.968235 0
5.6473 SecondCar -47.19001 0.025 2.97 0 90 0 0 0.7071068 0 0.7071068 5.950202 0
5.6477 Head 0 1.6 0.78 345.15 327.8999 0 -0.124191 -0.2741586 -0.03572864 0.9529623
5.6477 FirstCar -14.64182 0.025 2.97 0 90 0 0 0.7071068 0 0.7071068 5.967422 0
5.6477 SecondCar -47.18799 0.025 2.97 0 90 0 0 0.7071068 0 0.7071068 5.94939 0
5.6480 Head 0 1.6 0.78 345.15 327.8999 0 -0.124191 -0.2741586 -0.03572864 0.9529623
5.6480 FirstCar -14.63982 0.025 2.97 0 90 0 0 0.7071068 0 0.7071068 5.966619 0
5.6480 SecondCar -47.186 0.025 2.97 0 90 0 0 0.7071068 0 0.7071068 5.948586 0
5.6484 Head 0 1.6 0.78 345.15 327.8999 0 -0.124191 -0.2741586 -0.03572864 0.9529623
5.6484 FirstCar -14.63767 0.025 2.97 0 90 0 0 0.7071068 0 0.7071068 5.965753 0
5.6484 SecondCar -47.18386 0.025 2.97 0 90 0 0 0.7071068 0 0.7071068 5.947721 0
5.6487 Head 0 1.6 0.78 345.15 327.8999 0 -0.124191 -0.2741586 -0.03572864 0.9529623
5.6487 FirstCar -14.6356 0.025 2.97 0 90 0 0 0.7071068 0 0.7071068 5.964922 0
5.6487 SecondCar -47.1818 0.025 2.97 0 90 0 0 0.7071068 0 0.7071068 5.94689 0
5.6490 Head 0 1.6 0.78 345.15 327.8999 0 -0.124191 -0.2741586 -0.03572864 0.9529623
5.6490 FirstCar -14.63361 0.025 2.97 0 90 0 0 0.7071068 0 0.7071068 5.964119 0
5.6490 SecondCar -47.17981 0.025 2.97 0 90 0 0 0.7071068 0 0.7071068 5.946086 0
5.6494 Head 0 1.6 0.78 345.15 327.8999 0 -0.124191 -0.2741586 -0.03572864 0.9529623
5.6494 FirstCar -14.63117 0.025 2.97 0 90 0 0 0.7071068 0 0.7071068 5.963138 0
5.6494 SecondCar -47.17738 0.025 2.97 0 90 0 0 0.7071068 0 0.7071068 5.945105 0
5.6498 Head 0 1.6 0.78 345.15 327.8999 0 -0.124191 -0.2741586 -0.03572864 0.9529623
5.6498 FirstCar -14.62919 0.025 2.97 0 90 0 0 0.7071068 0 0.7071068 5.962339 0
5.6498 SecondCar -47.1754 0.025 2.97 0 90 0 0 0.7071068 0 0.7071068 5.944306 0
5.6502 Head 0 1.6 0.78 345.15 327.8999 0 -0.124191 -0.2741586 -0.03572864 0.9529623
5.6502 FirstCar -14.62685 0.025 2.97 0 90 0 0 0.7071068 0 0.7071068 5.961399 0
5.6502 SecondCar -47.17307 0.025 2.97 0 90 0 0 0.7071068 0 0.7071068 5.943367 0
5.6508 Head 0 1.6 0.78 345.15 327.8999 0 -0.124191 -0.2741586 -0.03572864 0.9529623
5.6508 FirstCar -14.62314 0.025 2.97 0 90 0 0 0.7071068 0 0.7071068 5.959903 0
5.6508 SecondCar -47.16937 0.025 2.97 0 90 0 0 0.7071068 0 0.7071068 5.94187 0
5.6512 Head 0 1.6 0.78 345.15 327.8999 0 -0.124191 -0.2741586 -0.03572864 0.9529623
5.6512 FirstCar -14.62092 0.025 2.97 0 90 0 0 0.7071068 0 0.7071068 5.959013 0
5.6512 SecondCar -47.16716 0.025 2.97 0 90 0 0 0.7071068 0 0.7071068 5.94098 0
5.6515 Head 0 1.6 0.78 345.15 327.8999 0 -0.124191 -0.2741586 -0.03572864 0.9529623
5.6515 FirstCar -14.61875 0.025 2.97 0 90 0 0 0.7071068 0 0.7071068 5.958136 0
5.6515 SecondCar -47.16499 0.025 2.97 0 90 0 0 0.7071068 0 0.7071068 5.940103 0
5.6519 Head 0 1.6 0.78 345.15 327.8999 0 -0.124191 -0.2741586 -0.03572864 0.9529623
5.6519 FirstCar -14.61638 0.025 2.97 0 90 0 0 0.7071068 0 0.7071068 5.957181 0
5.6519 SecondCar -47.16263 0.025 2.97 0 90 0 0 0.7071068 0 0.7071068 5.939148 0
5.6523 Head 0 1.6 0.78 345.15 327.8999 0 -0.124191 -0.2741586 -0.03572864 0.9529623
5.6523 FirstCar -14.61414 0.025 2.97 0 90 0 0 0.7071068 0 0.7071068 5.956278 0
5.6523 SecondCar -47.1604 0.025 2.97 0 90 0 0 0.7071068 0 0.7071068 5.938246 0
5.6527 Head 0 1.6 0.78 345.15 327.8999 0 -0.124191 -0.2741586 -0.03572864 0.9529623
5.6527 FirstCar -14.61201 0.025 2.97 0 90 0 0 0.7071068 0 0.7071068 5.955419 0
5.6527 SecondCar -47.15828 0.025 2.97 0 90 0 0 0.7071068 0 0.7071068 5.937387 0
5.6530 Head 0 1.6 0.78 345.15 327.8999 0 -0.124191 -0.2741586 -0.03572864 0.9529623
5.6530 FirstCar -14.6099 0.025 2.97 0 90 0 0 0.7071068 0 0.7071068 5.954572 0
5.6530 SecondCar -47.15618 0.025 2.97 0 90 0 0 0.7071068 0 0.7071068 5.936539 0
5.6534 Head 0 1.6 0.78 345.15 327.8999 0 -0.124191 -0.2741586 -0.03572864 0.9529623
5.6534 FirstCar -14.60784 0.025 2.97 0 90 0 0 0.7071068 0 0.7071068 5.953741 0
5.6534 SecondCar -47.15412 0.025 2.97 0 90 0 0 0.7071068 0 0.7071068 5.935709 0
5.6537 Head 0 1.6 0.78 345.15 327.8999 0 -0.124191 -0.2741586 -0.03572864 0.9529623
5.6537 FirstCar -14.60558 0.025 2.97 0 90 0 0 0.7071068 0 0.7071068 5.952827 0
5.6537 SecondCar -47.15186 0.025 2.97 0 90 0 0 0.7071068 0 0.7071068 5.934795 0
5.6541 Head 0 1.6 0.78 345.15 327.8999 0 -0.124191 -0.2741586 -0.03572864 0.9529623
5.6541 FirstCar -14.60354 0.025 2.97 0 90 0 0 0.7071068 0 0.7071068 5.952008 0
5.6541 SecondCar -47.14984 0.025 2.97 0 90 0 0 0.7071068 0 0.7071068 5.933976 0
5.6544 Head 0 1.6 0.78 345.15 327.8999 0 -0.124191 -0.2741586 -0.03572864 0.9529623
5.6544 FirstCar -14.60147 0.025 2.97 0 90 0 0 0.7071068 0 0.7071068 5.951173 0
5.6544 SecondCar -47.14777 0.025 2.97 0 90 0 0 0.7071068 0 0.7071068 5.933141 0
5.6548 Head 0 1.6 0.78 345.15 327.8999 0 -0.124191 -0.2741586 -0.03572864 0.9529623
5.6548 FirstCar -14.5995 0.025 2.97 0 90 0 0 0.7071068 0 0.7071068 5.950377 0
5.6548 SecondCar -47.14581 0.025 2.97 0 90 0 0 0.7071068 0 0.7071068 5.932345 0
5.6551 Head 0 1.6 0.78 345.15 327.8999 0 -0.124191 -0.2741586 -0.03572864 0.9529623
5.6551 FirstCar -14.59744 0.025 2.97 0 90 0 0 0.7071068 0 0.7071068 5.949544 0
5.6551 SecondCar -47.14375 0.025 2.97 0 90 0 0 0.7071068 0 0.7071068 5.931511 0
5.6555 Head 0 1.6 0.78 345.15 327.8999 0 -0.124191 -0.2741586 -0.03572864 0.9529623
5.6555 FirstCar -14.59539 0.025 2.97 0 90 0 0 0.7071068 0 0.7071068 5.948719 0
5.6555 SecondCar -47.14171 0.025 2.97 0 90 0 0 0.7071068 0 0.7071068 5.930686 0
5.6558 Head 0 1.6 0.78 345.15 327.8999 0 -0.124191 -0.2741586 -0.03572864 0.9529623
5.6558 FirstCar -14.59338 0.025 2.97 0 90 0 0 0.7071068 0 0.7071068 5.947907 0
5.6558 SecondCar -47.1397 0.025 2.97 0 90 0 0 0.7071068 0 0.7071068 5.929874 0
5.6562 Head 0 1.6 0.78 345.15 327.8999 0 -0.124191 -0.2741586 -0.03572864 0.9529623
5.6562 FirstCar -14.59118 0.025 2.97 0 90 0 0 0.7071068 0 0.7071068 5.947021 0
5.6562 SecondCar -47.13752 0.025 2.97 0 90 0 0 0.7071068 0 0.7071068 5.928989 0
5.6566 Head 0 1.6 0.78 345.15 327.8999 0 -0.124191 -0.2741586 -0.03572864 0.9529623
5.6566 FirstCar -14.58875 0.025 2.97 0 90 0 0 0.7071068 0 0.7071068 5.946038 0
5.6566 SecondCar -47.13509 0.025 2.97 0 90 0 0 0.7071068 0 0.7071068 5.928006 0
5.6570 Head 0 1.6 0.78 345.15 327.8999 0 -0.124191 -0.2741586 -0.03572864 0.9529623
5.6570 FirstCar -14.58648 0.025 2.97 0 90 0 0 0.7071068 0 0.7071068 5.945123 0
5.6570 SecondCar -47.13283 0.025 2.97 0 90 0 0 0.7071068 0 0.7071068 5.927091 0
5.6574 Head 0 1.6 0.78 345.15 327.8999 0 -0.124191 -0.2741586 -0.03572864 0.9529623
5.6574 FirstCar -14.58412 0.025 2.97 0 90 0 0 0.7071068 0 0.7071068 5.94417 0
5.6574 SecondCar -47.13047 0.025 2.97 0 90 0 0 0.7071068 0 0.7071068 5.926137 0
5.6577 Head 0 1.6 0.78 345.15 327.8999 0 -0.124191 -0.2741586 -0.03572864 0.9529623
5.6577 FirstCar -14.58211 0.025 2.97 0 90 0 0 0.7071068 0 0.7071068 5.943357 0
5.6577 SecondCar -47.12847 0.025 2.97 0 90 0 0 0.7071068 0 0.7071068 5.925325 0
5.6580 Head 0 1.6 0.78 345.15 327.8999 0 -0.124191 -0.2741586 -0.03572864 0.9529623
5.6580 FirstCar -14.58002 0.025 2.97 0 90 0 0 0.7071068 0 0.7071068 5.942515 0
5.6580 SecondCar -47.12639 0.025 2.97 0 90 0 0 0.7071068 0 0.7071068 5.924482 0
5.6584 Head 0 1.6 0.78 345.15 327.8999 0 -0.124191 -0.2741586 -0.03572864 0.9529623
5.6584 FirstCar -14.578 0.025 2.97 0 90 0 0 0.7071068 0 0.7071068 5.941696 0
5.6584 SecondCar -47.12437 0.025 2.97 0 90 0 0 0.7071068 0 0.7071068 5.923663 0
5.6587 Head 0 1.6 0.78 345.15 327.8999 0 -0.124191 -0.2741586 -0.03572864 0.9529623
5.6587 FirstCar -14.57596 0.025 2.97 0 90 0 0 0.7071068 0 0.7071068 5.940874 0
5.6587 SecondCar -47.12234 0.025 2.97 0 90 0 0 0.7071068 0 0.7071068 5.922842 0
5.6591 Head 0 1.6 0.78 345.15 327.8999 0 -0.124191 -0.2741586 -0.03572864 0.9529623
5.6591 FirstCar -14.57394 0.025 2.97 0 90 0 0 0.7071068 0 0.7071068 5.940058 0
5.6591 SecondCar -47.12032 0.025 2.97 0 90 0 0 0.7071068 0 0.7071068 5.922026 0
5.6594 Head 0 1.6 0.78 345.15 327.8999 0 -0.124191 -0.2741586 -0.03572864 0.9529623
5.6594 FirstCar -14.57199 0.025 2.97 0 90 0 0 0.7071068 0 0.7071068 5.939271 0
5.6594 SecondCar -47.11838 0.025 2.97 0 90 0 0 0.7071068 0 0.7071068 5.921238 0
5.6597 Head 0 1.6 0.78 345.15 327.8999 0 -0.124191 -0.2741586 -0.03572864 0.9529623
5.6597 FirstCar -14.57003 0.025 2.97 0 90 0 0 0.7071068 0 0.7071068 5.938477 0
5.6597 SecondCar -47.11642 0.025 2.97 0 90 0 0 0.7071068 0 0.7071068 5.920444 0
5.6601 Head 0 1.6 0.78 345.15 327.8999 0 -0.124191 -0.2741586 -0.03572864 0.9529623
5.6601 FirstCar -14.56803 0.025 2.97 0 90 0 0 0.7071068 0 0.7071068 5.937669 0
5.6601 SecondCar -47.11443 0.025 2.97 0 90 0 0 0.7071068 0 0.7071068 5.919636 0
5.6604 Head 0 1.6 0.78 345.15 327.8999 0 -0.124191 -0.2741586 -0.03572864 0.9529623
5.6604 FirstCar -14.56588 0.025 2.97 0 90 0 0 0.7071068 0 0.7071068 5.936799 0
5.6604 SecondCar -47.11229 0.025 2.97 0 90 0 0 0.7071068 0 0.7071068 5.918766 0
5.6608 Head 0 1.6 0.78 345.15 327.8999 0 -0.124191 -0.2741586 -0.03572864 0.9529623
5.6608 FirstCar -14.56389 0.025 2.97 0 90 0 0 0.7071068 0 0.7071068 5.935996 0
5.6608 SecondCar -47.11031 0.025 2.97 0 90 0 0 0.7071068 0 0.7071068 5.917964 0
5.6611 Head 0 1.6 0.78 345.15 327.8999 0 -0.124191 -0.2741586 -0.03572864 0.9529623
5.6611 FirstCar -14.5617 0.025 2.97 0 90 0 0 0.7071068 0 0.7071068 5.935109 0
5.6611 SecondCar -47.10812 0.025 2.97 0 90 0 0 0.7071068 0 0.7071068 5.917077 0
5.6615 Head 0 1.6 0.78 345.15 327.8999 0 -0.124191 -0.2741586 -0.03572864 0.9529623
5.6615 FirstCar -14.5596 0.025 2.97 0 90 0 0 0.7071068 0 0.7071068 5.934261 0
5.6615 SecondCar -47.10603 0.025 2.97 0 90 0 0 0.7071068 0 0.7071068 5.916229 0
5.6618 Head 0 1.6 0.78 345.15 327.8999 0 -0.124191 -0.2741586 -0.03572864 0.9529623
5.6618 FirstCar -14.55744 0.025 2.97 0 90 0 0 0.7071068 0 0.7071068 5.933388 0
5.6618 SecondCar -47.10388 0.025 2.97 0 90 0 0 0.7071068 0 0.7071068 5.915355 0
5.6622 Head 0 1.6 0.78 345.15 327.8999 0 -0.124191 -0.2741586 -0.03572864 0.9529623
5.6622 FirstCar -14.55516 0.025 2.97 0 90 0 0 0.7071068 0 0.7071068 5.932464 0
5.6622 SecondCar -47.1016 0.025 2.97 0 90 0 0 0.7071068 0 0.7071068 5.914432 0
5.6626 Head 0 1.6 0.78 345.15 327.8999 0 -0.124191 -0.2741586 -0.03572864 0.9529623
5.6626 FirstCar -14.55321 0.025 2.97 0 90 0 0 0.7071068 0 0.7071068 5.931673 0
5.6626 SecondCar -47.09966 0.025 2.97 0 90 0 0 0.7071068 0 0.7071068 5.91364 0
5.6629 Head 0 1.6 0.78 345.15 327.8999 0 -0.124191 -0.2741586 -0.03572864 0.9529623
5.6629 FirstCar -14.55129 0.025 2.97 0 90 0 0 0.7071068 0 0.7071068 5.930896 0
5.6629 SecondCar -47.09774 0.025 2.97 0 90 0 0 0.7071068 0 0.7071068 5.912863 0
5.6632 Head 0 1.6 0.78 345.15 327.8999 0 -0.124191 -0.2741586 -0.03572864 0.9529623
5.6632 FirstCar -14.54933 0.025 2.97 0 90 0 0 0.7071068 0 0.7071068 5.930105 0
5.6632 SecondCar -47.09579 0.025 2.97 0 90 0 0 0.7071068 0 0.7071068 5.912072 0
5.6635 Head 0 1.6 0.78 345.15 327.8999 0 -0.124191 -0.2741586 -0.03572864 0.9529623
5.6635 FirstCar -14.54735 0.025 2.97 0 90 0 0 0.7071068 0 0.7071068 5.929304 0
5.6635 SecondCar -47.09382 0.025 2.97 0 90 0 0 0.7071068 0 0.7071068 5.911271 0
5.6639 Head 0 1.6 0.78 345.15 327.8999 0 -0.124191 -0.2741586 -0.03572864 0.9529623
5.6639 FirstCar -14.54533 0.025 2.97 0 90 0 0 0.7071068 0 0.7071068 5.928486 0
5.6639 SecondCar -47.0918 0.025 2.97 0 90 0 0 0.7071068 0 0.7071068 5.910454 0
5.6642 Head 0 1.6 0.78 345.15 327.8999 0 -0.124191 -0.2741586 -0.03572864 0.9529623
5.6642 FirstCar -14.54331 0.025 2.97 0 90 0 0 0.7071068 0 0.7071068 5.927668 0
5.6642 SecondCar -47.08979 0.025 2.97 0 90 0 0 0.7071068 0 0.7071068 5.909636 0
5.6646 Head 0 1.6 0.78 345.15 327.8999 0 -0.124191 -0.2741586 -0.03572864 0.9529623
5.6646 FirstCar -14.54134 0.025 2.97 0 90 0 0 0.7071068 0 0.7071068 5.926871 0
5.6646 SecondCar -47.08783 0.025 2.97 0 90 0 0 0.7071068 0 0.7071068 5.908839 0
5.6649 Head 0 1.6 0.78 345.15 327.8999 0 -0.124191 -0.2741586 -0.03572864 0.9529623
5.6649 FirstCar -14.53938 0.025 2.97 0 90 0 0 0.7071068 0 0.7071068 5.926078 0
5.6649 SecondCar -47.08588 0.025 2.97 0 90 0 0 0.7071068 0 0.7071068 5.908046 0
5.6653 Head 0 1.6 0.78 345.15 327.8999 0 -0.124191 -0.2741586 -0.03572864 0.9529623
5.6653 FirstCar -14.53717 0.025 2.97 0 90 0 0 0.7071068 0 0.7071068 5.925179 0
5.6653 SecondCar -47.08366 0.025 2.97 0 90 0 0 0.7071068 0 0.7071068 5.907147 0
5.6656 Head 0 1.6 0.78 345.15 327.8999 0 -0.124191 -0.2741586 -0.03572864 0.9529623
5.6656 FirstCar -14.53519 0.025 2.97 0 90 0 0 0.7071068 0 0.7071068 5.924379 0
5.6656 SecondCar -47.0817 0.025 2.97 0 90 0 0 0.7071068 0 0.7071068 5.906346 0
5.6659 Head 0 1.6 0.78 345.15 327.8999 0 -0.124191 -0.2741586 -0.03572864 0.9529623
5.6659 FirstCar -14.53315 0.025 2.97 0 90 0 0 0.7071068 0 0.7071068 5.923551 0
5.6659 SecondCar -47.07966 0.025 2.97 0 90 0 0 0.7071068 0 0.7071068 5.905519 0
5.6663 Head 0 1.6 0.78 345.15 327.8999 0 -0.124191 -0.2741586 -0.03572864 0.9529623
5.6663 FirstCar -14.53117 0.025 2.97 0 90 0 0 0.7071068 0 0.7071068 5.922748 0
5.6663 SecondCar -47.07768 0.025 2.97 0 90 0 0 0.7071068 0 0.7071068 5.904716 0
5.6666 Head 0 1.6 0.78 345.15 327.8999 0 -0.124191 -0.2741586 -0.03572864 0.9529623
5.6666 FirstCar -14.52903 0.025 2.97 0 90 0 0 0.7071068 0 0.7071068 5.921881 0
5.6666 SecondCar -47.07555 0.025 2.97 0 90 0 0 0.7071068 0 0.7071068 5.903848 0
5.6670 Head 0 1.6 0.78 345.15 327.8999 0 -0.124191 -0.2741586 -0.03572864 0.9529623
5.6670 FirstCar -14.52711 0.025 2.97 0 90 0 0 0.7071068 0 0.7071068 5.921103 0
5.6670 SecondCar -47.07364 0.025 2.97 0 90 0 0 0.7071068 0 0.7071068 5.90307 0
5.6673 Head 0 1.6 0.78 345.15 327.8999 0 -0.124191 -0.2741586 -0.03572864 0.9529623
5.6673 FirstCar -14.52517 0.025 2.97 0 90 0 0 0.7071068 0 0.7071068 5.920317 0
5.6673 SecondCar -47.0717 0.025 2.97 0 90 0 0 0.7071068 0 0.7071068 5.902285 0
5.6676 Head 0 1.6 0.78 345.15 327.8999 0 -0.124191 -0.2741586 -0.03572864 0.9529623
5.6676 FirstCar -14.52307 0.025 2.97 0 90 0 0 0.7071068 0 0.7071068 5.919465 0
5.6676 SecondCar -47.06961 0.025 2.97 0 90 0 0 0.7071068 0 0.7071068 5.901433 0
5.6680 Head 0 1.6 0.78 345.15 327.8999 0 -0.124191 -0.2741586 -0.03572864 0.9529623
5.6680 FirstCar -14.5211 0.025 2.97 0 90 0 0 0.7071068 0 0.7071068 5.918667 0
5.6680 SecondCar -47.06765 0.025 2.97 0 90 0 0 0.7071068 0 0.7071068 5.900635 0
5.6683 Head 0 1.6 0.78 345.15 327.8999 0 -0.124191 -0.2741586 -0.03572864 0.9529623
5.6683 FirstCar -14.51908 0.025 2.97 0 90 0 0 0.7071068 0 0.7071068 5.917848 0
5.6683 SecondCar -47.06564 0.025 2.97 0 90 0 0 0.7071068 0 0.7071068 5.899815 0
5.6686 Head 0 1.6 0.78 345.15 327.8999 0 -0.124191 -0.2741586 -0.03572864 0.9529623
5.6686 FirstCar -14.51714 0.025 2.97 0 90 0 0 0.7071068 0 0.7071068 5.917061 0
5.6686 SecondCar -47.0637 0.025 2.97 0 90 0 0 0.7071068 0 0.7071068 5.899028 0
5.6690 Head 0 1.6 0.78 345.15 327.8999 0 -0.124191 -0.2741586 -0.03572864 0.9529623
5.6690 FirstCar -14.51511 0.025 2.97 0 90 0 0 0.7071068 0 0.7071068 5.916239 0
5.6690 SecondCar -47.06168 0.025 2.97 0 90 0 0 0.7071068 0 0.7071068 5.898206 0
5.6693 Head 0 1.6 0.78 345.15 327.8999 0 -0.124191 -0.2741586 -0.03572864 0.9529623
5.6693 FirstCar -14.5132 0.025 2.97 0 90 0 0 0.7071068 0 0.7071068 5.915463 0
5.6693 SecondCar -47.05977 0.025 2.97 0 90 0 0 0.7071068 0 0.7071068 5.89743 0
5.6696 Head 0 1.6 0.78 345.15 327.8999 0 -0.124191 -0.2741586 -0.03572864 0.9529623
5.6696 FirstCar -14.51122 0.025 2.97 0 90 0 0 0.7071068 0 0.7071068 5.914661 0
5.6696 SecondCar -47.0578 0.025 2.97 0 90 0 0 0.7071068 0 0.7071068 5.896629 0
5.6700 Head 0 1.6 0.78 345.15 327.8999 0 -0.124191 -0.2741586 -0.03572864 0.9529623
5.6700 FirstCar -14.50925 0.025 2.97 0 90 0 0 0.7071068 0 0.7071068 5.91386 0
5.6700 SecondCar -47.05584 0.025 2.97 0 90 0 0 0.7071068 0 0.7071068 5.895828 0
5.6703 Head 0 1.6 0.78 345.15 327.8999 0 -0.124191 -0.2741586 -0.03572864 0.9529623
5.6703 FirstCar -14.50729 0.025 2.97 0 90 0 0 0.7071068 0 0.7071068 5.913064 0
5.6703 SecondCar -47.05388 0.025 2.97 0 90 0 0 0.7071068 0 0.7071068 5.895031 0
5.6709 Head 0 1.6 0.78 345.15 327.8999 0 -0.124191 -0.2741586 -0.03572864 0.9529623
5.6709 FirstCar -14.50373 0.025 2.97 0 90 0 0 0.7071068 0 0.7071068 5.911617 0
5.6709 SecondCar -47.05033 0.025 2.97 0 90 0 0 0.7071068 0 0.7071068 5.893585 0
5.6713 Head 0 1.6 0.78 345.15 327.8999 0 -0.124191 -0.2741586 -0.03572864 0.9529623
5.6713 FirstCar -14.50149 0.025 2.97 0 90 0 0 0.7071068 0 0.7071068 5.91071 0
5.6713 SecondCar -47.0481 0.025 2.97 0 90 0 0 0.7071068 0 0.7071068 5.892678 0
5.6717 Head 0 1.6 0.78 345.15 327.8999 0 -0.124191 -0.2741586 -0.03572864 0.9529623
5.6717 FirstCar -14.49929 0.025 2.97 0 90 0 0 0.7071068 0 0.7071068 5.909816 0
5.6717 SecondCar -47.04591 0.025 2.97 0 90 0 0 0.7071068 0 0.7071068 5.891784 0
5.6720 Head 0 1.6 0.78 345.15 327.8999 0 -0.124191 -0.2741586 -0.03572864 0.9529623
5.6720 FirstCar -14.49727 0.025 2.97 0 90 0 0 0.7071068 0 0.7071068 5.908994 0
5.6720 SecondCar -47.04389 0.025 2.97 0 90 0 0 0.7071068 0 0.7071068 5.890962 0
5.6724 Head 0 1.6 0.78 345.15 327.8999 0 -0.124191 -0.2741586 -0.03572864 0.9529623
5.6724 FirstCar -14.49483 0.025 2.97 0 90 0 0 0.7071068 0 0.7071068 5.908004 0
5.6724 SecondCar -47.04146 0.025 2.97 0 90 0 0 0.7071068 0 0.7071068 5.889972 0
5.6728 Head 0 1.6 0.78 345.15 327.8999 0 -0.124191 -0.2741586 -0.03572864 0.9529623
5.6728 FirstCar -14.4925 0.025 2.97 0 90 0 0 0.7071068 0 0.7071068 5.907057 0
5.6728 SecondCar -47.03913 0.025 2.97 0 90 0 0 0.7071068 0 0.7071068 5.889025 0
5.6732 Head 0 1.6 0.78 345.15 327.8999 0 -0.124191 -0.2741586 -0.03572864 0.9529623
5.6732 FirstCar -14.49036 0.025 2.97 0 90 0 0 0.7071068 0 0.7071068 5.906188 0
5.6732 SecondCar -47.037 0.025 2.97 0 90 0 0 0.7071068 0 0.7071068 5.888156 0
5.6736 Head 0 1.6 0.78 345.15 327.8999 0 -0.124191 -0.2741586 -0.03572864 0.9529623
5.6736 FirstCar -14.4881 0.025 2.97 0 90 0 0 0.7071068 0 0.7071068 5.905269 0
5.6736 SecondCar -47.03475 0.025 2.97 0 90 0 0 0.7071068 0 0.7071068 5.887237 0
5.6739 Head 0 1.6 0.78 345.15 327.8999 0 -0.124191 -0.2741586 -0.03572864 0.9529623
5.6739 FirstCar -14.486 0.025 2.97 0 90 0 0 0.7071068 0 0.7071068 5.904416 0
5.6739 SecondCar -47.03265 0.025 2.97 0 90 0 0 0.7071068 0 0.7071068 5.886383 0
5.6743 Head 0 1.6 0.78 345.15 327.8999 0 -0.124191 -0.2741586 -0.03572864 0.9529623
5.6743 FirstCar -14.48395 0.025 2.97 0 90 0 0 0.7071068 0 0.7071068 5.903583 0
5.6743 SecondCar -47.03061 0.025 2.97 0 90 0 0 0.7071068 0 0.7071068 5.88555 0
5.6746 Head 0 1.6 0.78 345.15 327.8999 0 -0.124191 -0.2741586 -0.03572864 0.9529623
5.6746 FirstCar -14.48201 0.025 2.97 0 90 0 0 0.7071068 0 0.7071068 5.902792 0
5.6746 SecondCar -47.02868 0.025 2.97 0 90 0 0 0.7071068 0 0.7071068 5.88476 0
5.6749 Head 0 1.6 0.78 345.15 327.8999 0 -0.124191 -0.2741586 -0.03572864 0.9529623
5.6749 FirstCar -14.48006 0.025 2.97 0 90 0 0 0.7071068 0 0.7071068 5.902003 0
5.6749 SecondCar -47.02674 0.025 2.97 0 90 0 0 0.7071068 0 0.7071068 5.88397 0
5.6752 Head 0 1.6 0.78 345.15 327.8999 0 -0.124191 -0.2741586 -0.03572864 0.9529623
5.6752 FirstCar -14.47811 0.025 2.97 0 90 0 0 0.7071068 0 0.7071068 5.901209 0
5.6752 SecondCar -47.02479 0.025 2.97 0 90 0 0 0.7071068 0 0.7071068 5.883177 0
5.6756 Head 0 1.6 0.78 345.15 327.8999 0 -0.124191 -0.2741586 -0.03572864 0.9529623
5.6756 FirstCar -14.47614 0.025 2.97 0 90 0 0 0.7071068 0 0.7071068 5.900407 0
5.6756 SecondCar -47.02283 0.025 2.97 0 90 0 0 0.7071068 0 0.7071068 5.882375 0
5.6759 Head 0 1.6 0.78 345.15 327.8999 0 -0.124191 -0.2741586 -0.03572864 0.9529623
5.6759 FirstCar -14.47399 0.025 2.97 0 90 0 0 0.7071068 0 0.7071068 5.899531 0
5.6759 SecondCar -47.02068 0.025 2.97 0 90 0 0 0.7071068 0 0.7071068 5.881498 0
5.6763 Head 0 1.6 0.78 345.15 327.8999 0 -0.124191 -0.2741586 -0.03572864 0.9529623
5.6763 FirstCar -14.47192 0.025 2.97 0 90 0 0 0.7071068 0 0.7071068 5.89869 0
5.6763 SecondCar -47.01862 0.025 2.97 0 90 0 0 0.7071068 0 0.7071068 5.880658 0
5.6767 Head 0 1.6 0.78 345.15 327.8999 0 -0.124191 -0.2741586 -0.03572864 0.9529623
5.6767 FirstCar -14.46972 0.025 2.97 0 90 0 0 0.7071068 0 0.7071068 5.897793 0
5.6767 SecondCar -47.01642 0.025 2.97 0 90 0 0 0.7071068 0 0.7071068 5.87976 0
5.6770 Head 0 1.6 0.78 345.15 327.8999 0 -0.124191 -0.2741586 -0.03572864 0.9529623
5.6770 FirstCar -14.4678 0.025 2.97 0 90 0 0 0.7071068 0 0.7071068 5.897014 0
5.6770 SecondCar -47.01451 0.025 2.97 0 90 0 0 0.7071068 0 0.7071068 5.878981 0
5.6773 Head 0 1.6 0.78 345.15 327.8999 0 -0.124191 -0.2741586 -0.03572864 0.9529623
5.6773 FirstCar -14.46586 0.025 2.97 0 90 0 0 0.7071068 0 0.7071068 5.896226 0
5.6773 SecondCar -47.01258 0.025 2.97 0 90 0 0 0.7071068 0 0.7071068 5.878193 0
5.6777 Head 0 1.6 0.78 345.15 327.8999 0 -0.124191 -0.2741586 -0.03572864 0.9529623
5.6777 FirstCar -14.46379 0.025 2.97 0 90 0 0 0.7071068 0 0.7071068 5.89538 0
5.6777 SecondCar -47.01051 0.025 2.97 0 90 0 0 0.7071068 0 0.7071068 5.877348 0
5.6780 Head 0 1.6 0.78 345.15 327.8999 0 -0.124191 -0.2741586 -0.03572864 0.9529623
5.6780 FirstCar -14.46176 0.025 2.97 0 90 0 0 0.7071068 0 0.7071068 5.894553 0
5.6780 SecondCar -47.00849 0.025 2.97 0 90 0 0 0.7071068 0 0.7071068 5.876521 0
5.6784 Head 0 1.6 0.78 345.15 327.8999 0 -0.124191 -0.2741586 -0.03572864 0.9529623
5.6784 FirstCar -14.45972 0.025 2.97 0 90 0 0 0.7071068 0 0.7071068 5.893723 0
5.6784 SecondCar -47.00645 0.025 2.97 0 90 0 0 0.7071068 0 0.7071068 5.87569 0
5.6787 Head 0 1.6 0.78 345.15 327.8999 0 -0.124191 -0.2741586 -0.03572864 0.9529623
5.6787 FirstCar -14.45778 0.025 2.97 0 90 0 0 0.7071068 0 0.7071068 5.892933 0
5.6787 SecondCar -47.00452 0.025 2.97 0 90 0 0 0.7071068 0 0.7071068 5.8749 0
5.6790 Head 0 1.6 0.78 345.15 327.8999 0 -0.124191 -0.2741586 -0.03572864 0.9529623
5.6790 FirstCar -14.45587 0.025 2.97 0 90 0 0 0.7071068 0 0.7071068 5.892155 0
5.6790 SecondCar -47.00262 0.025 2.97 0 90 0 0 0.7071068 0 0.7071068 5.874123 0
5.6794 Head 0 1.6 0.78 345.15 327.8999 0 -0.124191 -0.2741586 -0.03572864 0.9529623
5.6794 FirstCar -14.4539 0.025 2.97 0 90 0 0 0.7071068 0 0.7071068 5.891356 0
5.6794 SecondCar -47.00066 0.025 2.97 0 90 0 0 0.7071068 0 0.7071068 5.873323 0
5.6797 Head 0 1.6 0.78 345.15 327.8999 0 -0.124191 -0.2741586 -0.03572864 0.9529623
5.6797 FirstCar -14.45164 0.025 2.97 0 90 0 0 0.7071068 0 0.7071068 5.890431 0
5.6797 SecondCar -46.9984 0.025 2.97 0 90 0 0 0.7071068 0 0.7071068 5.872399 0
5.6801 Head 0 1.6 0.78 345.15 327.8999 0 -0.124191 -0.2741586 -0.03572864 0.9529623
5.6801 FirstCar -14.4495 0.025 2.97 0 90 0 0 0.7071068 0 0.7071068 5.88956 0
5.6801 SecondCar -46.99627 0.025 2.97 0 90 0 0 0.7071068 0 0.7071068 5.871528 0
5.6805 Head 0 1.6 0.78 345.15 327.8999 0 -0.124191 -0.2741586 -0.03572864 0.9529623
5.6805 FirstCar -14.44744 0.025 2.97 0 90 0 0 0.7071068 0 0.7071068 5.888722 0
5.6805 SecondCar -46.99422 0.025 2.97 0 90 0 0 0.7071068 0 0.7071068 5.87069 0
5.6808 Head 0 1.6 0.78 345.15 327.8999 0 -0.124191 -0.2741586 -0.03572864 0.9529623
5.6808 FirstCar -14.44546 0.025 2.97 0 90 0 0 0.7071068 0 0.7071068 5.887914 0
5.6808 SecondCar -46.99224 0.025 2.97 0 90 0 0 0.7071068 0 0.7071068 5.869882 0
5.6811 Head 0 1.6 0.78 345.15 327.8999 0 -0.124191 -0.2741586 -0.03572864 0.9529623
5.6811 FirstCar -14.44348 0.025 2.97 0 90 0 0 0.7071068 0 0.7071068 5.887107 0
5.6811 SecondCar -46.99026 0.025 2.97 0 90 0 0 0.7071068 0 0.7071068 5.869074 0
5.6815 Head 0 1.6 0.78 345.15 327.8999 0 -0.124191 -0.2741586 -0.03572864 0.9529623
5.6815 FirstCar -14.44146 0.025 2.97 0 90 0 0 0.7071068 0 0.7071068 5.886282 0
5.6815 SecondCar -46.98825 0.025 2.97 0 90 0 0 0.7071068 0 0.7071068 5.86825 0
5.6818 Head 0 1.6 0.78 345.15 327.8999 0 -0.124191 -0.2741586 -0.03572864 0.9529623
5.6818 FirstCar -14.43935 0.025 2.97 0 90 0 0 0.7071068 0 0.7071068 5.885421 0
5.6818 SecondCar -46.98614 0.025 2.97 0 90 0 0 0.7071068 0 0.7071068 5.867389 0
5.6822 Head 0 1.6 0.78 345.15 327.8999 0 -0.124191 -0.2741586 -0.03572864 0.9529623
5.6822 FirstCar -14.43732 0.025 2.97 0 90 0 0 0.7071068 0 0.7071068 5.884597 0
5.6822 SecondCar -46.98413 0.025 2.97 0 90 0 0 0.7071068 0 0.7071068 5.866564 0
5.6825 Head 0 1.6 0.78 345.15 327.8999 0 -0.124191 -0.2741586 -0.03572864 0.9529623
5.6825 FirstCar -14.43514 0.025 2.97 0 90 0 0 0.7071068 0 0.7071068 5.883706 0
5.6825 SecondCar -46.98195 0.025 2.97 0 90 0 0 0.7071068 0 0.7071068 5.865673 0
5.6829 Head 0 1.6 0.78 345.15 327.8999 0 -0.124191 -0.2741586 -0.03572864 0.9529623
5.6829 FirstCar -14.43297 0.025 2.97 0 90 0 0 0.7071068 0 0.7071068 5.88282 0
5.6829 SecondCar -46.97979 0.025 2.97 0 90 0 0 0.7071068 0 0.7071068 5.864787 0
5.6833 Head 0 1.6 0.78 345.15 327.8999 0 -0.124191 -0.2741586 -0.03572864 0.9529623
5.6833 FirstCar -14.43061 0.025 2.97 0 90 0 0 0.7071068 0 0.7071068 5.881856 0
5.6833 SecondCar -46.97743 0.025 2.97 0 90 0 0 0.7071068 0 0.7071068 5.863824 0
5.6839 Head 0 1.6 0.78 345.15 327.8999 0 -0.124191 -0.2741586 -0.03572864 0.9529623
5.6839 FirstCar -14.42726 0.025 2.97 0 90 0 0 0.7071068 0 0.7071068 5.880492 0
5.6839 SecondCar -46.9741 0.025 2.97 0 90 0 0 0.7071068 0 0.7071068 5.86246 0
5.6845 Head 0 1.6 0.78 345.15 327.8999 0 -0.124191 -0.2741586 -0.03572864 0.9529623
5.6845 FirstCar -14.42392 0.025 2.97 0 90 0 0 0.7071068 0 0.7071068 5.879125 0
5.6845 SecondCar -46.97076 0.025 2.97 0 90 0 0 0.7071068 0 0.7071068 5.861093 0
5.6849 Head 0 1.6 0.78 345.15 327.8999 0 -0.124191 -0.2741586 -0.03572864 0.9529623
5.6849 FirstCar -14.42115 0.025 2.97 0 90 0 0 0.7071068 0 0.7071068 5.877997 0
5.6849 SecondCar -46.96801 0.025 2.97 0 90 0 0 0.7071068 0 0.7071068 5.859965 0
5.6853 Head 0 1.6 0.78 345.15 327.8999 0 -0.124191 -0.2741586 -0.03572864 0.9529623
5.6853 FirstCar -14.41887 0.025 2.97 0 90 0 0 0.7071068 0 0.7071068 5.877063 0
5.6853 SecondCar -46.96572 0.025 2.97 0 90 0 0 0.7071068 0 0.7071068 5.85903 0
5.6857 Head 0 1.6 0.78 345.15 327.8999 0 -0.124191 -0.2741586 -0.03572864 0.9529623
5.6857 FirstCar -14.41675 0.025 2.97 0 90 0 0 0.7071068 0 0.7071068 5.876201 0
5.6857 SecondCar -46.96362 0.025 2.97 0 90 0 0 0.7071068 0 0.7071068 5.858168 0
5.6860 Head 0 1.6 0.78 345.15 327.8999 0 -0.124191 -0.2741586 -0.03572864 0.9529623
5.6860 FirstCar -14.41458 0.025 2.97 0 90 0 0 0.7071068 0 0.7071068 5.875311 0
5.6860 SecondCar -46.96145 0.025 2.97 0 90 0 0 0.7071068 0 0.7071068 5.857279 0
5.6864 Head 0 1.6 0.78 345.15 327.8999 0 -0.124191 -0.2741586 -0.03572864 0.9529623
5.6864 FirstCar -14.41249 0.025 2.97 0 90 0 0 0.7071068 0 0.7071068 5.874458 0
5.6864 SecondCar -46.95937 0.025 2.97 0 90 0 0 0.7071068 0 0.7071068 5.856426 0
5.6867 Head 0 1.6 0.78 345.15 327.8999 0 -0.124191 -0.2741586 -0.03572864 0.9529623
5.6867 FirstCar -14.41049 0.025 2.97 0 90 0 0 0.7071068 0 0.7071068 5.873641 0
5.6867 SecondCar -46.95737 0.025 2.97 0 90 0 0 0.7071068 0 0.7071068 5.855609 0
5.6871 Head 0 1.6 0.78 345.15 327.8999 0 -0.124191 -0.2741586 -0.03572864 0.9529623
5.6871 FirstCar -14.40846 0.025 2.97 0 90 0 0 0.7071068 0 0.7071068 5.872814 0
5.6871 SecondCar -46.95535 0.025 2.97 0 90 0 0 0.7071068 0 0.7071068 5.854781 0
5.6874 Head 0 1.6 0.78 345.15 327.8999 0 -0.124191 -0.2741586 -0.03572864 0.9529623
5.6874 FirstCar -14.40646 0.025 2.97 0 90 0 0 0.7071068 0 0.7071068 5.871995 0
5.6874 SecondCar -46.95336 0.025 2.97 0 90 0 0 0.7071068 0 0.7071068 5.853963 0
5.6878 Head 0 1.6 0.78 345.15 327.8999 0 -0.124191 -0.2741586 -0.03572864 0.9529623
5.6878 FirstCar -14.40405 0.025 2.97 0 90 0 0 0.7071068 0 0.7071068 5.871011 0
5.6878 SecondCar -46.95096 0.025 2.97 0 90 0 0 0.7071068 0 0.7071068 5.852978 0
5.6882 Head 0 1.6 0.78 345.15 327.8999 0 -0.124191 -0.2741586 -0.03572864 0.9529623
5.6882 FirstCar -14.40176 0.025 2.97 0 90 0 0 0.7071068 0 0.7071068 5.870072 0
5.6882 SecondCar -46.94867 0.025 2.97 0 90 0 0 0.7071068 0 0.7071068 5.85204 0
5.6886 Head 0 1.6 0.78 345.15 327.8999 0 -0.124191 -0.2741586 -0.03572864 0.9529623
5.6886 FirstCar -14.39953 0.025 2.97 0 90 0 0 0.7071068 0 0.7071068 5.869161 0
5.6886 SecondCar -46.94645 0.025 2.97 0 90 0 0 0.7071068 0 0.7071068 5.851129 0
5.6890 Head 0 1.6 0.78 345.15 327.8999 0 -0.124191 -0.2741586 -0.03572864 0.9529623
5.6890 FirstCar -14.39741 0.025 2.97 0 90 0 0 0.7071068 0 0.7071068 5.868295 0
5.6890 SecondCar -46.94434 0.025 2.97 0 90 0 0 0.7071068 0 0.7071068 5.850263 0
5.6893 Head 0 1.6 0.78 345.15 327.8999 0 -0.124191 -0.2741586 -0.03572864 0.9529623
5.6893 FirstCar -14.39526 0.025 2.97 0 90 0 0 0.7071068 0 0.7071068 5.867416 0
5.6893 SecondCar -46.9422 0.025 2.97 0 90 0 0 0.7071068 0 0.7071068 5.849383 0
5.6897 Head 0 1.6 0.78 345.15 327.8999 0 -0.124191 -0.2741586 -0.03572864 0.9529623
5.6897 FirstCar -14.3932 0.025 2.97 0 90 0 0 0.7071068 0 0.7071068 5.866571 0
5.6897 SecondCar -46.94014 0.025 2.97 0 90 0 0 0.7071068 0 0.7071068 5.848538 0
5.6900 Head 0 1.6 0.78 345.15 327.8999 0 -0.124191 -0.2741586 -0.03572864 0.9529623
5.6900 FirstCar -14.39118 0.025 2.97 0 90 0 0 0.7071068 0 0.7071068 5.865744 0
5.6900 SecondCar -46.93812 0.025 2.97 0 90 0 0 0.7071068 0 0.7071068 5.847712 0
5.6904 Head 0 1.6 0.78 345.15 327.8999 0 -0.124191 -0.2741586 -0.03572864 0.9529623
5.6904 FirstCar -14.38912 0.025 2.97 0 90 0 0 0.7071068 0 0.7071068 5.864902 0
5.6904 SecondCar -46.93607 0.025 2.97 0 90 0 0 0.7071068 0 0.7071068 5.846869 0
5.6910 Head 0 1.6 0.78 345.15 327.8999 0 -0.124191 -0.2741586 -0.03572864 0.9529623
5.6910 FirstCar -14.38553 0.025 2.97 0 90 0 0 0.7071068 0 0.7071068 5.863433 0
5.6910 SecondCar -46.93249 0.025 2.97 0 90 0 0 0.7071068 0 0.7071068 5.845401 0
5.6914 Head 0 1.6 0.78 345.15 327.8999 0 -0.124191 -0.2741586 -0.03572864 0.9529623
5.6914 FirstCar -14.38338 0.025 2.97 0 90 0 0 0.7071068 0 0.7071068 5.862552 0
5.6914 SecondCar -46.93034 0.025 2.97 0 90 0 0 0.7071068 0 0.7071068 5.84452 0
5.6917 Head 0 1.6 0.78 345.15 327.8999 0 -0.124191 -0.2741586 -0.03572864 0.9529623
5.6917 FirstCar -14.38131 0.025 2.97 0 90 0 0 0.7071068 0 0.7071068 5.861706 0
5.6917 SecondCar -46.92828 0.025 2.97 0 90 0 0 0.7071068 0 0.7071068 5.843674 0
5.6921 Head 0 1.6 0.78 345.15 327.8999 0 -0.124191 -0.2741586 -0.03572864 0.9529623
5.6921 FirstCar -14.37929 0.025 2.97 0 90 0 0 0.7071068 0 0.7071068 5.860879 0
5.6921 SecondCar -46.92627 0.025 2.97 0 90 0 0 0.7071068 0 0.7071068 5.842847 0
5.6924 Head 0 1.6 0.78 345.15 327.8999 0 -0.124191 -0.2741586 -0.03572864 0.9529623
5.6924 FirstCar -14.37727 0.025 2.97 0 90 0 0 0.7071068 0 0.7071068 5.860051 0
5.6924 SecondCar -46.92425 0.025 2.97 0 90 0 0 0.7071068 0 0.7071068 5.842018 0
5.6928 Head 0 1.6 0.78 345.15 327.8999 0 -0.124191 -0.2741586 -0.03572864 0.9529623
5.6928 FirstCar -14.37506 0.025 2.97 0 90 0 0 0.7071068 0 0.7071068 5.859149 0
5.6928 SecondCar -46.92205 0.025 2.97 0 90 0 0 0.7071068 0 0.7071068 5.841116 0
5.6931 Head 0 1.6 0.78 345.15 327.8999 0 -0.124191 -0.2741586 -0.03572864 0.9529623
5.6931 FirstCar -14.37299 0.025 2.97 0 90 0 0 0.7071068 0 0.7071068 5.858299 0
5.6931 SecondCar -46.91999 0.025 2.97 0 90 0 0 0.7071068 0 0.7071068 5.840267 0
5.6935 Head 0 1.6 0.78 345.15 327.8999 0 -0.124191 -0.2741586 -0.03572864 0.9529623
5.6935 FirstCar -14.37098 0.025 2.97 0 90 0 0 0.7071068 0 0.7071068 5.857476 0
5.6935 SecondCar -46.91798 0.025 2.97 0 90 0 0 0.7071068 0 0.7071068 5.839443 0
5.6938 Head 0 1.6 0.78 345.15 327.8999 0 -0.124191 -0.2741586 -0.03572864 0.9529623
5.6938 FirstCar -14.3688 0.025 2.97 0 90 0 0 0.7071068 0 0.7071068 5.856579 0
5.6938 SecondCar -46.9158 0.025 2.97 0 90 0 0 0.7071068 0 0.7071068 5.838547 0
5.6942 Head 0 1.6 0.78 345.15 327.8999 0 -0.124191 -0.2741586 -0.03572864 0.9529623
5.6942 FirstCar -14.36663 0.025 2.97 0 90 0 0 0.7071068 0 0.7071068 5.855691 0
5.6942 SecondCar -46.91364 0.025 2.97 0 90 0 0 0.7071068 0 0.7071068 5.837658 0
5.6946 Head 0 1.6 0.78 345.15 327.8999 0 -0.124191 -0.2741586 -0.03572864 0.9529623
5.6946 FirstCar -14.36453 0.025 2.97 0 90 0 0 0.7071068 0 0.7071068 5.854829 0
5.6946 SecondCar -46.91154 0.025 2.97 0 90 0 0 0.7071068 0 0.7071068 5.836797 0
5.6949 Head 0 1.6 0.78 345.15 327.8999 0 -0.124191 -0.2741586 -0.03572864 0.9529623
5.6949 FirstCar -14.36251 0.025 2.97 0 90 0 0 0.7071068 0 0.7071068 5.854003 0
5.6949 SecondCar -46.90953 0.025 2.97 0 90 0 0 0.7071068 0 0.7071068 5.83597 0
5.6953 Head 0 1.6 0.78 345.15 327.8999 0 -0.124191 -0.2741586 -0.03572864 0.9529623
5.6953 FirstCar -14.3603 0.025 2.97 0 90 0 0 0.7071068 0 0.7071068 5.853096 0
5.6953 SecondCar -46.90733 0.025 2.97 0 90 0 0 0.7071068 0 0.7071068 5.835063 0
5.6956 Head 0 1.6 0.78 345.15 327.8999 0 -0.124191 -0.2741586 -0.03572864 0.9529623
5.6956 FirstCar -14.35826 0.025 2.97 0 90 0 0 0.7071068 0 0.7071068 5.852261 0
5.6956 SecondCar -46.9053 0.025 2.97 0 90 0 0 0.7071068 0 0.7071068 5.834228 0
5.6960 Head 0 1.6 0.78 345.15 327.8999 0 -0.124191 -0.2741586 -0.03572864 0.9529623
5.6960 FirstCar -14.35627 0.025 2.97 0 90 0 0 0.7071068 0 0.7071068 5.851443 0
5.6960 SecondCar -46.90331 0.025 2.97 0 90 0 0 0.7071068 0 0.7071068 5.83341 0
5.6963 Head 0 1.6 0.78 345.15 327.8999 0 -0.124191 -0.2741586 -0.03572864 0.9529623
5.6963 FirstCar -14.35428 0.025 2.97 0 90 0 0 0.7071068 0 0.7071068 5.850626 0
5.6963 SecondCar -46.90133 0.025 2.97 0 90 0 0 0.7071068 0 0.7071068 5.832593 0
5.6967 Head 0 1.6 0.78 345.15 327.8999 0 -0.124191 -0.2741586 -0.03572864 0.9529623
5.6967 FirstCar -14.35231 0.025 2.97 0 90 0 0 0.7071068 0 0.7071068 5.849819 0
5.6967 SecondCar -46.89936 0.025 2.97 0 90 0 0 0.7071068 0 0.7071068 5.831787 0
5.6970 Head 0 1.6 0.78 345.15 327.8999 0 -0.124191 -0.2741586 -0.03572864 0.9529623
5.6970 FirstCar -14.35035 0.025 2.97 0 90 0 0 0.7071068 0 0.7071068 5.849014 0
5.6970 SecondCar -46.89741 0.025 2.97 0 90 0 0 0.7071068 0 0.7071068 5.830982 0
5.6974 Head 0 1.6 0.78 345.15 327.8999 0 -0.124191 -0.2741586 -0.03572864 0.9529623
5.6974 FirstCar -14.34824 0.025 2.97 0 90 0 0 0.7071068 0 0.7071068 5.848147 0
5.6974 SecondCar -46.8953 0.025 2.97 0 90 0 0 0.7071068 0 0.7071068 5.830115 0
5.6977 Head 0 1.6 0.78 345.15 327.8999 0 -0.124191 -0.2741586 -0.03572864 0.9529623
5.6977 FirstCar -14.34629 0.025 2.97 0 90 0 0 0.7071068 0 0.7071068 5.84735 0
5.6977 SecondCar -46.89337 0.025 2.97 0 90 0 0 0.7071068 0 0.7071068 5.829318 0
5.6981 Head 0 1.6 0.78 345.15 327.8999 0 -0.124191 -0.2741586 -0.03572864 0.9529623
5.6981 FirstCar -14.34417 0.025 2.97 0 90 0 0 0.7071068 0 0.7071068 5.846478 0
5.6981 SecondCar -46.89125 0.025 2.97 0 90 0 0 0.7071068 0 0.7071068 5.828445 0
5.6984 Head 0 1.6 0.78 345.15 327.8999 0 -0.124191 -0.2741586 -0.03572864 0.9529623
5.6984 FirstCar -14.34216 0.025 2.97 0 90 0 0 0.7071068 0 0.7071068 5.845652 0
5.6984 SecondCar -46.88924 0.025 2.97 0 90 0 0 0.7071068 0 0.7071068 5.827619 0
5.6988 Head 0 1.6 0.78 345.15 327.8999 0 -0.124191 -0.2741586 -0.03572864 0.9529623
5.6988 FirstCar -14.33999 0.025 2.97 0 90 0 0 0.7071068 0 0.7071068 5.844764 0
5.6988 SecondCar -46.88709 0.025 2.97 0 90 0 0 0.7071068 0 0.7071068 5.826731 0
5.6991 Head 0 1.6 0.78 345.15 327.8999 0 -0.124191 -0.2741586 -0.03572864 0.9529623
5.6991 FirstCar -14.33804 0.025 2.97 0 90 0 0 0.7071068 0 0.7071068 5.843963 0
5.6991 SecondCar -46.88514 0.025 2.97 0 90 0 0 0.7071068 0 0.7071068 5.82593 0
5.6994 Head 0 1.6 0.78 345.15 327.8999 0 -0.124191 -0.2741586 -0.03572864 0.9529623
5.6994 FirstCar -14.33613 0.025 2.97 0 90 0 0 0.7071068 0 0.7071068 5.843177 0
5.6994 SecondCar -46.88324 0.025 2.97 0 90 0 0 0.7071068 0 0.7071068 5.825144 0
5.6998 Head 0 1.6 0.78 345.15 327.8999 0 -0.124191 -0.2741586 -0.03572864 0.9529623
5.6998 FirstCar -14.33414 0.025 2.97 0 90 0 0 0.7071068 0 0.7071068 5.84236 0
5.6998 SecondCar -46.88125 0.025 2.97 0 90 0 0 0.7071068 0 0.7071068 5.824327 0
5.7001 Head 0 1.6 0.78 345.15 327.8999 0 -0.124191 -0.2741586 -0.03572864 0.9529623
5.7001 FirstCar -14.33199 0.025 2.97 0 90 0 0 0.7071068 0 0.7071068 5.841477 0
5.7001 SecondCar -46.87911 0.025 2.97 0 90 0 0 0.7071068 0 0.7071068 5.823444 0
5.7005 Head 0 1.6 0.78 345.15 327.8999 0 -0.124191 -0.2741586 -0.03572864 0.9529623
5.7005 FirstCar -14.33003 0.025 2.97 0 90 0 0 0.7071068 0 0.7071068 5.840669 0
5.7005 SecondCar -46.87715 0.025 2.97 0 90 0 0 0.7071068 0 0.7071068 5.822637 0
5.7009 Head 0 1.6 0.78 345.15 327.8999 0 -0.124191 -0.2741586 -0.03572864 0.9529623
5.7009 FirstCar -14.32776 0.025 2.97 0 90 0 0 0.7071068 0 0.7071068 5.839739 0
5.7009 SecondCar -46.87489 0.025 2.97 0 90 0 0 0.7071068 0 0.7071068 5.821707 0
5.7012 Head 0 1.6 0.78 345.15 327.8999 0 -0.124191 -0.2741586 -0.03572864 0.9529623
5.7012 FirstCar -14.32572 0.025 2.97 0 90 0 0 0.7071068 0 0.7071068 5.838898 0
5.7012 SecondCar -46.87285 0.025 2.97 0 90 0 0 0.7071068 0 0.7071068 5.820865 0
5.7015 Head 0 1.6 0.78 345.15 327.8999 0 -0.124191 -0.2741586 -0.03572864 0.9529623
5.7015 FirstCar -14.32377 0.025 2.97 0 90 0 0 0.7071068 0 0.7071068 5.838097 0
5.7015 SecondCar -46.87091 0.025 2.97 0 90 0 0 0.7071068 0 0.7071068 5.820065 0
5.7019 Head 0 1.6 0.78 345.15 327.8999 0 -0.124191 -0.2741586 -0.03572864 0.9529623
5.7019 FirstCar -14.32181 0.025 2.97 0 90 0 0 0.7071068 0 0.7071068 5.83729 0
5.7019 SecondCar -46.86895 0.025 2.97 0 90 0 0 0.7071068 0 0.7071068 5.819258 0
5.7022 Head 0 1.6 0.78 345.15 327.8999 0 -0.124191 -0.2741586 -0.03572864 0.9529623
5.7022 FirstCar -14.31984 0.025 2.97 0 90 0 0 0.7071068 0 0.7071068 5.836482 0
5.7022 SecondCar -46.86699 0.025 2.97 0 90 0 0 0.7071068 0 0.7071068 5.818449 0
5.7026 Head 0 1.6 0.78 345.15 327.8999 0 -0.124191 -0.2741586 -0.03572864 0.9529623
5.7026 FirstCar -14.31789 0.025 2.97 0 90 0 0 0.7071068 0 0.7071068 5.83568 0
5.7026 SecondCar -46.86505 0.025 2.97 0 90 0 0 0.7071068 0 0.7071068 5.817648 0
5.7029 Head 0 1.6 0.78 345.15 327.8999 0 -0.124191 -0.2741586 -0.03572864 0.9529623
5.7029 FirstCar -14.31588 0.025 2.97 0 90 0 0 0.7071068 0 0.7071068 5.834851 0
5.7029 SecondCar -46.86304 0.025 2.97 0 90 0 0 0.7071068 0 0.7071068 5.816819 0
5.7032 Head 0 1.6 0.78 345.15 327.8999 0 -0.124191 -0.2741586 -0.03572864 0.9529623
5.7032 FirstCar -14.31397 0.025 2.97 0 90 0 0 0.7071068 0 0.7071068 5.834067 0
5.7032 SecondCar -46.86114 0.025 2.97 0 90 0 0 0.7071068 0 0.7071068 5.816035 0
5.7035 Head 0 1.6 0.78 345.15 327.8999 0 -0.124191 -0.2741586 -0.03572864 0.9529623
5.7035 FirstCar -14.31207 0.025 2.97 0 90 0 0 0.7071068 0 0.7071068 5.833286 0
5.7035 SecondCar -46.85925 0.025 2.97 0 90 0 0 0.7071068 0 0.7071068 5.815254 0
5.7039 Head 0 1.6 0.78 345.15 327.8999 0 -0.124191 -0.2741586 -0.03572864 0.9529623
5.7039 FirstCar -14.31005 0.025 2.97 0 90 0 0 0.7071068 0 0.7071068 5.832456 0
5.7039 SecondCar -46.85724 0.025 2.97 0 90 0 0 0.7071068 0 0.7071068 5.814424 0
5.7042 Head 0 1.6 0.78 345.15 327.8999 0 -0.124191 -0.2741586 -0.03572864 0.9529623
5.7042 FirstCar -14.3081 0.025 2.97 0 90 0 0 0.7071068 0 0.7071068 5.831654 0
5.7042 SecondCar -46.8553 0.025 2.97 0 90 0 0 0.7071068 0 0.7071068 5.813622 0
5.7046 Head 0 1.6 0.78 345.15 327.8999 0 -0.124191 -0.2741586 -0.03572864 0.9529623
5.7046 FirstCar -14.30611 0.025 2.97 0 90 0 0 0.7071068 0 0.7071068 5.830833 0
5.7046 SecondCar -46.85331 0.025 2.97 0 90 0 0 0.7071068 0 0.7071068 5.812801 0
5.7049 Head 0 1.6 0.78 345.15 327.8999 0 -0.124191 -0.2741586 -0.03572864 0.9529623
5.7049 FirstCar -14.30416 0.025 2.97 0 90 0 0 0.7071068 0 0.7071068 5.830032 0
5.7049 SecondCar -46.85137 0.025 2.97 0 90 0 0 0.7071068 0 0.7071068 5.812 0
5.7053 Head 0 1.6 0.78 345.15 327.8999 0 -0.124191 -0.2741586 -0.03572864 0.9529623
5.7053 FirstCar -14.30201 0.025 2.97 0 90 0 0 0.7071068 0 0.7071068 5.829146 0
5.7053 SecondCar -46.84922 0.025 2.97 0 90 0 0 0.7071068 0 0.7071068 5.811113 0
5.7056 Head 0 1.6 0.78 345.15 327.8999 0 -0.124191 -0.2741586 -0.03572864 0.9529623
5.7056 FirstCar -14.30008 0.025 2.97 0 90 0 0 0.7071068 0 0.7071068 5.828352 0
5.7056 SecondCar -46.8473 0.025 2.97 0 90 0 0 0.7071068 0 0.7071068 5.810319 0
5.7059 Head 0 1.6 0.78 345.15 327.8999 0 -0.124191 -0.2741586 -0.03572864 0.9529623
5.7059 FirstCar -14.29814 0.025 2.97 0 90 0 0 0.7071068 0 0.7071068 5.827553 0
5.7059 SecondCar -46.84537 0.025 2.97 0 90 0 0 0.7071068 0 0.7071068 5.80952 0
5.7063 Head 0 1.6 0.78 345.15 327.8999 0 -0.124191 -0.2741586 -0.03572864 0.9529623
5.7063 FirstCar -14.29623 0.025 2.97 0 90 0 0 0.7071068 0 0.7071068 5.826764 0
5.7063 SecondCar -46.84346 0.025 2.97 0 90 0 0 0.7071068 0 0.7071068 5.808731 0
5.7066 Head 0 1.6 0.78 345.15 327.8999 0 -0.124191 -0.2741586 -0.03572864 0.9529623
5.7066 FirstCar -14.29426 0.025 2.97 0 90 0 0 0.7071068 0 0.7071068 5.825953 0
5.7066 SecondCar -46.8415 0.025 2.97 0 90 0 0 0.7071068 0 0.7071068 5.807921 0
5.7070 Head 0 1.6 0.78 345.15 327.8999 0 -0.124191 -0.2741586 -0.03572864 0.9529623
5.7070 FirstCar -14.29223 0.025 2.97 0 90 0 0 0.7071068 0 0.7071068 5.825118 0
5.7070 SecondCar -46.83947 0.025 2.97 0 90 0 0 0.7071068 0 0.7071068 5.807085 0
5.7073 Head 0 1.6 0.78 345.15 327.8999 0 -0.124191 -0.2741586 -0.03572864 0.9529623
5.7073 FirstCar -14.29033 0.025 2.97 0 90 0 0 0.7071068 0 0.7071068 5.824334 0
5.7073 SecondCar -46.83758 0.025 2.97 0 90 0 0 0.7071068 0 0.7071068 5.806302 0
5.7076 Head 0 1.6 0.78 345.15 327.8999 0 -0.124191 -0.2741586 -0.03572864 0.9529623
5.7076 FirstCar -14.28838 0.025 2.97 0 90 0 0 0.7071068 0 0.7071068 5.823531 0
5.7076 SecondCar -46.83564 0.025 2.97 0 90 0 0 0.7071068 0 0.7071068 5.805499 0
5.7079 Head 0 1.6 0.78 345.15 327.8999 0 -0.124191 -0.2741586 -0.03572864 0.9529623
5.7079 FirstCar -14.28647 0.025 2.97 0 90 0 0 0.7071068 0 0.7071068 5.822745 0
5.7079 SecondCar -46.83374 0.025 2.97 0 90 0 0 0.7071068 0 0.7071068 5.804712 0
5.7083 Head 0 1.6 0.78 345.15 327.8999 0 -0.124191 -0.2741586 -0.03572864 0.9529623
5.7083 FirstCar -14.28446 0.025 2.97 0 90 0 0 0.7071068 0 0.7071068 5.821914 0
5.7083 SecondCar -46.83173 0.025 2.97 0 90 0 0 0.7071068 0 0.7071068 5.803881 0
5.7086 Head 0 1.6 0.78 345.15 327.8999 0 -0.124191 -0.2741586 -0.03572864 0.9529623
5.7086 FirstCar -14.28238 0.025 2.97 0 90 0 0 0.7071068 0 0.7071068 5.821056 0
5.7086 SecondCar -46.82965 0.025 2.97 0 90 0 0 0.7071068 0 0.7071068 5.803024 0
5.7090 Head 0 1.6 0.78 345.15 327.8999 0 -0.124191 -0.2741586 -0.03572864 0.9529623
5.7090 FirstCar -14.28032 0.025 2.97 0 90 0 0 0.7071068 0 0.7071068 5.820206 0
5.7090 SecondCar -46.8276 0.025 2.97 0 90 0 0 0.7071068 0 0.7071068 5.802173 0
5.7093 Head 0 1.6 0.78 345.15 327.8999 0 -0.124191 -0.2741586 -0.03572864 0.9529623
5.7093 FirstCar -14.27836 0.025 2.97 0 90 0 0 0.7071068 0 0.7071068 5.8194 0
5.7093 SecondCar -46.82565 0.025 2.97 0 90 0 0 0.7071068 0 0.7071068 5.801368 0
5.7097 Head 0 1.6 0.78 345.15 327.8999 0 -0.124191 -0.2741586 -0.03572864 0.9529623
5.7097 FirstCar -14.2764 0.025 2.97 0 90 0 0 0.7071068 0 0.7071068 5.818591 0
5.7097 SecondCar -46.8237 0.025 2.97 0 90 0 0 0.7071068 0 0.7071068 5.800558 0
5.7100 Head 0 1.6 0.78 345.15 327.8999 0 -0.124191 -0.2741586 -0.03572864 0.9529623
5.7100 FirstCar -14.27441 0.025 2.97 0 90 0 0 0.7071068 0 0.7071068 5.81777 0
5.7100 SecondCar -46.82171 0.025 2.97 0 90 0 0 0.7071068 0 0.7071068 5.799738 0
5.7104 Head 0 1.6 0.78 345.15 327.8999 0 -0.124191 -0.2741586 -0.03572864 0.9529623
5.7104 FirstCar -14.27238 0.025 2.97 0 90 0 0 0.7071068 0 0.7071068 5.816931 0
5.7104 SecondCar -46.81968 0.025 2.97 0 90 0 0 0.7071068 0 0.7071068 5.798899 0
5.7110 Head 0 1.6 0.78 345.15 327.8999 0 -0.124191 -0.2741586 -0.03572864 0.9529623
5.7110 FirstCar -14.26885 0.025 2.97 0 90 0 0 0.7071068 0 0.7071068 5.815475 0
5.7110 SecondCar -46.81617 0.025 2.97 0 90 0 0 0.7071068 0 0.7071068 5.797442 0
5.7114 Head 0 1.6 0.78 345.15 327.8999 0 -0.124191 -0.2741586 -0.03572864 0.9529623
5.7114 FirstCar -14.26656 0.025 2.97 0 90 0 0 0.7071068 0 0.7071068 5.814528 0
5.7114 SecondCar -46.81388 0.025 2.97 0 90 0 0 0.7071068 0 0.7071068 5.796495 0
5.7117 Head 0 1.6 0.78 345.15 327.8999 0 -0.124191 -0.2741586 -0.03572864 0.9529623
5.7117 FirstCar -14.26443 0.025 2.97 0 90 0 0 0.7071068 0 0.7071068 5.813648 0
5.7117 SecondCar -46.81176 0.025 2.97 0 90 0 0 0.7071068 0 0.7071068 5.795616 0
5.7121 Head 0 1.6 0.78 345.15 327.8999 0 -0.124191 -0.2741586 -0.03572864 0.9529623
5.7121 FirstCar -14.26231 0.025 2.97 0 90 0 0 0.7071068 0 0.7071068 5.812775 0
5.7121 SecondCar -46.80965 0.025 2.97 0 90 0 0 0.7071068 0 0.7071068 5.794742 0
5.7125 Head 0 1.6 0.78 345.15 327.8999 0 -0.124191 -0.2741586 -0.03572864 0.9529623
5.7125 FirstCar -14.26004 0.025 2.97 0 90 0 0 0.7071068 0 0.7071068 5.811836 0
5.7125 SecondCar -46.80738 0.025 2.97 0 90 0 0 0.7071068 0 0.7071068 5.793803 0
5.7129 Head 0 1.6 0.78 345.15 327.8999 0 -0.124191 -0.2741586 -0.03572864 0.9529623
5.7129 FirstCar -14.25779 0.025 2.97 0 90 0 0 0.7071068 0 0.7071068 5.81091 0
5.7129 SecondCar -46.80515 0.025 2.97 0 90 0 0 0.7071068 0 0.7071068 5.792877 0
5.7132 Head 0 1.6 0.78 345.15 327.8999 0 -0.124191 -0.2741586 -0.03572864 0.9529623
5.7132 FirstCar -14.2557 0.025 2.97 0 90 0 0 0.7071068 0 0.7071068 5.810044 0
5.7132 SecondCar -46.80305 0.025 2.97 0 90 0 0 0.7071068 0 0.7071068 5.792012 0
5.7136 Head 0 1.6 0.78 345.15 327.8999 0 -0.124191 -0.2741586 -0.03572864 0.9529623
5.7136 FirstCar -14.25351 0.025 2.97 0 90 0 0 0.7071068 0 0.7071068 5.809141 0
5.7136 SecondCar -46.80088 0.025 2.97 0 90 0 0 0.7071068 0 0.7071068 5.791109 0
5.7140 Head 0 1.6 0.78 345.15 327.8999 0 -0.124191 -0.2741586 -0.03572864 0.9529623
5.7140 FirstCar -14.2514 0.025 2.97 0 90 0 0 0.7071068 0 0.7071068 5.808266 0
5.7140 SecondCar -46.79877 0.025 2.97 0 90 0 0 0.7071068 0 0.7071068 5.790234 0
5.7143 Head 0 1.6 0.78 345.15 327.8999 0 -0.124191 -0.2741586 -0.03572864 0.9529623
5.7143 FirstCar -14.24935 0.025 2.97 0 90 0 0 0.7071068 0 0.7071068 5.807419 0
5.7143 SecondCar -46.79673 0.025 2.97 0 90 0 0 0.7071068 0 0.7071068 5.789387 0
5.7147 Head 0 1.6 0.78 345.15 327.8999 0 -0.124191 -0.2741586 -0.03572864 0.9529623
5.7147 FirstCar -14.24737 0.025 2.97 0 90 0 0 0.7071068 0 0.7071068 5.806602 0
5.7147 SecondCar -46.79475 0.025 2.97 0 90 0 0 0.7071068 0 0.7071068 5.788569 0
5.7150 Head 0 1.6 0.78 345.15 327.8999 0 -0.124191 -0.2741586 -0.03572864 0.9529623
5.7150 FirstCar -14.24543 0.025 2.97 0 90 0 0 0.7071068 0 0.7071068 5.8058 0
5.7150 SecondCar -46.79282 0.025 2.97 0 90 0 0 0.7071068 0 0.7071068 5.787767 0
5.7154 Head 0 1.6 0.78 345.15 327.8999 0 -0.124191 -0.2741586 -0.03572864 0.9529623
5.7154 FirstCar -14.2434 0.025 2.97 0 90 0 0 0.7071068 0 0.7071068 5.80496 0
5.7154 SecondCar -46.79079 0.025 2.97 0 90 0 0 0.7071068 0 0.7071068 5.786928 0
5.7157 Head 0 1.6 0.78 345.15 327.8999 0 -0.124191 -0.2741586 -0.03572864 0.9529623
5.7157 FirstCar -14.24138 0.025 2.97 0 90 0 0 0.7071068 0 0.7071068 5.804127 0
5.7157 SecondCar -46.78879 0.025 2.97 0 90 0 0 0.7071068 0 0.7071068 5.786095 0
5.7161 Head 0 1.6 0.78 345.15 327.8999 0 -0.124191 -0.2741586 -0.03572864 0.9529623
5.7161 FirstCar -14.23935 0.025 2.97 0 90 0 0 0.7071068 0 0.7071068 5.803284 0
5.7161 SecondCar -46.78675 0.025 2.97 0 90 0 0 0.7071068 0 0.7071068 5.785251 0
5.7164 Head 0 1.6 0.78 345.15 327.8999 0 -0.124191 -0.2741586 -0.03572864 0.9529623
5.7164 FirstCar -14.23736 0.025 2.97 0 90 0 0 0.7071068 0 0.7071068 5.802462 0
5.7164 SecondCar -46.78477 0.025 2.97 0 90 0 0 0.7071068 0 0.7071068 5.784429 0
5.7167 Head 0 1.6 0.78 345.15 327.8999 0 -0.124191 -0.2741586 -0.03572864 0.9529623
5.7167 FirstCar -14.23538 0.025 2.97 0 90 0 0 0.7071068 0 0.7071068 5.801643 0
5.7167 SecondCar -46.7828 0.025 2.97 0 90 0 0 0.7071068 0 0.7071068 5.78361 0
5.7171 Head 0 1.6 0.78 345.15 327.8999 0 -0.124191 -0.2741586 -0.03572864 0.9529623
5.7171 FirstCar -14.23315 0.025 2.97 0 90 0 0 0.7071068 0 0.7071068 5.800722 0
5.7171 SecondCar -46.78059 0.025 2.97 0 90 0 0 0.7071068 0 0.7071068 5.78269 0
5.7175 Head 0 1.6 0.78 345.15 327.8999 0 -0.124191 -0.2741586 -0.03572864 0.9529623
5.7175 FirstCar -14.23107 0.025 2.97 0 90 0 0 0.7071068 0 0.7071068 5.799861 0
5.7175 SecondCar -46.77851 0.025 2.97 0 90 0 0 0.7071068 0 0.7071068 5.781829 0
5.7178 Head 0 1.6 0.78 345.15 327.8999 0 -0.124191 -0.2741586 -0.03572864 0.9529623
5.7178 FirstCar -14.22918 0.025 2.97 0 90 0 0 0.7071068 0 0.7071068 5.799077 0
5.7178 SecondCar -46.77662 0.025 2.97 0 90 0 0 0.7071068 0 0.7071068 5.781044 0
5.7181 Head 0 1.6 0.78 345.15 327.8999 0 -0.124191 -0.2741586 -0.03572864 0.9529623
5.7181 FirstCar -14.22725 0.025 2.97 0 90 0 0 0.7071068 0 0.7071068 5.79828 0
5.7181 SecondCar -46.7747 0.025 2.97 0 90 0 0 0.7071068 0 0.7071068 5.780247 0
5.7186 Head 0 1.6 0.78 345.15 327.8999 0 -0.124191 -0.2741586 -0.03572864 0.9529623
5.7186 FirstCar -14.22481 0.025 2.97 0 90 0 0 0.7071068 0 0.7071068 5.79727 0
5.7186 SecondCar -46.77227 0.025 2.97 0 90 0 0 0.7071068 0 0.7071068 5.779238 0
5.7189 Head 0 1.6 0.78 345.15 327.8999 0 -0.124191 -0.2741586 -0.03572864 0.9529623
5.7189 FirstCar -14.22271 0.025 2.97 0 90 0 0 0.7071068 0 0.7071068 5.796401 0
5.7189 SecondCar -46.77018 0.025 2.97 0 90 0 0 0.7071068 0 0.7071068 5.778368 0
5.7193 Head 0 1.6 0.78 345.15 327.8999 0 -0.124191 -0.2741586 -0.03572864 0.9529623
5.7193 FirstCar -14.22044 0.025 2.97 0 90 0 0 0.7071068 0 0.7071068 5.795461 0
5.7193 SecondCar -46.76791 0.025 2.97 0 90 0 0 0.7071068 0 0.7071068 5.777428 0
5.7196 Head 0 1.6 0.78 345.15 327.8999 0 -0.124191 -0.2741586 -0.03572864 0.9529623
5.7196 FirstCar -14.21852 0.025 2.97 0 90 0 0 0.7071068 0 0.7071068 5.794664 0
5.7196 SecondCar -46.766 0.025 2.97 0 90 0 0 0.7071068 0 0.7071068 5.776631 0
5.7200 Head 0 1.6 0.78 345.15 327.8999 0 -0.124191 -0.2741586 -0.03572864 0.9529623
5.7200 FirstCar -14.21663 0.025 2.97 0 90 0 0 0.7071068 0 0.7071068 5.79388 0
5.7200 SecondCar -46.76411 0.025 2.97 0 90 0 0 0.7071068 0 0.7071068 5.775848 0
5.7203 Head 0 1.6 0.78 345.15 327.8999 0 -0.124191 -0.2741586 -0.03572864 0.9529623
5.7203 FirstCar -14.21467 0.025 2.97 0 90 0 0 0.7071068 0 0.7071068 5.793068 0
5.7203 SecondCar -46.76215 0.025 2.97 0 90 0 0 0.7071068 0 0.7071068 5.775035 0
5.7207 Head 0 1.6 0.78 345.15 327.8999 0 -0.124191 -0.2741586 -0.03572864 0.9529623
5.7207 FirstCar -14.21266 0.025 2.97 0 90 0 0 0.7071068 0 0.7071068 5.792235 0
5.7207 SecondCar -46.76015 0.025 2.97 0 90 0 0 0.7071068 0 0.7071068 5.774202 0
5.7210 Head 0 1.6 0.78 345.15 327.8999 0 -0.124191 -0.2741586 -0.03572864 0.9529623
5.7210 FirstCar -14.21048 0.025 2.97 0 90 0 0 0.7071068 0 0.7071068 5.791335 0
5.7210 SecondCar -46.75798 0.025 2.97 0 90 0 0 0.7071068 0 0.7071068 5.773302 0
5.7214 Head 0 1.6 0.78 345.15 327.8999 0 -0.124191 -0.2741586 -0.03572864 0.9529623
5.7214 FirstCar -14.20842 0.025 2.97 0 90 0 0 0.7071068 0 0.7071068 5.79048 0
5.7214 SecondCar -46.75593 0.025 2.97 0 90 0 0 0.7071068 0 0.7071068 5.772447 0
5.7218 Head 0 1.6 0.78 345.15 327.8999 0 -0.124191 -0.2741586 -0.03572864 0.9529623
5.7218 FirstCar -14.20626 0.025 2.97 0 90 0 0 0.7071068 0 0.7071068 5.789584 0
5.7218 SecondCar -46.75377 0.025 2.97 0 90 0 0 0.7071068 0 0.7071068 5.771551 0
5.7221 Head 0 1.6 0.78 345.15 327.8999 0 -0.124191 -0.2741586 -0.03572864 0.9529623
5.7221 FirstCar -14.20418 0.025 2.97 0 90 0 0 0.7071068 0 0.7071068 5.78872 0
5.7221 SecondCar -46.7517 0.025 2.97 0 90 0 0 0.7071068 0 0.7071068 5.770688 0
5.7225 Head 0 1.6 0.78 345.15 327.8999 0 -0.124191 -0.2741586 -0.03572864 0.9529623
5.7225 FirstCar -14.20215 0.025 2.97 0 90 0 0 0.7071068 0 0.7071068 5.78788 0
5.7225 SecondCar -46.74968 0.025 2.97 0 90 0 0 0.7071068 0 0.7071068 5.769847 0
5.7228 Head 0 1.6 0.78 345.15 327.8999 0 -0.124191 -0.2741586 -0.03572864 0.9529623
5.7228 FirstCar -14.2002 0.025 2.97 0 90 0 0 0.7071068 0 0.7071068 5.78707 0
5.7228 SecondCar -46.74773 0.025 2.97 0 90 0 0 0.7071068 0 0.7071068 5.769038 0
5.7231 Head 0 1.6 0.78 345.15 327.8999 0 -0.124191 -0.2741586 -0.03572864 0.9529623
5.7231 FirstCar -14.19826 0.025 2.97 0 90 0 0 0.7071068 0 0.7071068 5.786268 0
5.7231 SecondCar -46.74581 0.025 2.97 0 90 0 0 0.7071068 0 0.7071068 5.768236 0
5.7235 Head 0 1.6 0.78 345.15 327.8999 0 -0.124191 -0.2741586 -0.03572864 0.9529623
5.7235 FirstCar -14.19633 0.025 2.97 0 90 0 0 0.7071068 0 0.7071068 5.785466 0
5.7235 SecondCar -46.74388 0.025 2.97 0 90 0 0 0.7071068 0 0.7071068 5.767434 0
5.7238 Head 0 1.6 0.78 345.15 327.8999 0 -0.124191 -0.2741586 -0.03572864 0.9529623
5.7238 FirstCar -14.19426 0.025 2.97 0 90 0 0 0.7071068 0 0.7071068 5.784609 0
5.7238 SecondCar -46.74182 0.025 2.97 0 90 0 0 0.7071068 0 0.7071068 5.766576 0
5.7242 Head 0 1.6 0.78 345.15 327.8999 0 -0.124191 -0.2741586 -0.03572864 0.9529623
5.7242 FirstCar -14.19211 0.025 2.97 0 90 0 0 0.7071068 0 0.7071068 5.783717 0
5.7242 SecondCar -46.73968 0.025 2.97 0 90 0 0 0.7071068 0 0.7071068 5.765684 0
5.7245 Head 0 1.6 0.78 345.15 327.8999 0 -0.124191 -0.2741586 -0.03572864 0.9529623
5.7245 FirstCar -14.19013 0.025 2.97 0 90 0 0 0.7071068 0 0.7071068 5.782894 0
5.7245 SecondCar -46.7377 0.025 2.97 0 90 0 0 0.7071068 0 0.7071068 5.764862 0
5.7249 Head 0 1.6 0.78 345.15 327.8999 0 -0.124191 -0.2741586 -0.03572864 0.9529623
5.7249 FirstCar -14.18801 0.025 2.97 0 90 0 0 0.7071068 0 0.7071068 5.782013 0
5.7249 SecondCar -46.73558 0.025 2.97 0 90 0 0 0.7071068 0 0.7071068 5.76398 0
5.7253 Head 0 1.6 0.78 345.15 327.8999 0 -0.124191 -0.2741586 -0.03572864 0.9529623
5.7253 FirstCar -14.18581 0.025 2.97 0 90 0 0 0.7071068 0 0.7071068 5.781098 0
5.7253 SecondCar -46.73339 0.025 2.97 0 90 0 0 0.7071068 0 0.7071068 5.763065 0
5.7256 Head 0 1.6 0.78 345.15 327.8999 0 -0.124191 -0.2741586 -0.03572864 0.9529623
5.7256 FirstCar -14.18391 0.025 2.97 0 90 0 0 0.7071068 0 0.7071068 5.780313 0
5.7256 SecondCar -46.7315 0.025 2.97 0 90 0 0 0.7071068 0 0.7071068 5.76228 0
5.7259 Head 0 1.6 0.78 345.15 327.8999 0 -0.124191 -0.2741586 -0.03572864 0.9529623
5.7259 FirstCar -14.18202 0.025 2.97 0 90 0 0 0.7071068 0 0.7071068 5.779525 0
5.7259 SecondCar -46.72961 0.025 2.97 0 90 0 0 0.7071068 0 0.7071068 5.761493 0
5.7263 Head 0 1.6 0.78 345.15 327.8999 0 -0.124191 -0.2741586 -0.03572864 0.9529623
5.7263 FirstCar -14.18003 0.025 2.97 0 90 0 0 0.7071068 0 0.7071068 5.778698 0
5.7263 SecondCar -46.72763 0.025 2.97 0 90 0 0 0.7071068 0 0.7071068 5.760666 0
5.7266 Head 0 1.6 0.78 345.15 327.8999 0 -0.124191 -0.2741586 -0.03572864 0.9529623
5.7266 FirstCar -14.17807 0.025 2.97 0 90 0 0 0.7071068 0 0.7071068 5.777884 0
5.7266 SecondCar -46.72567 0.025 2.97 0 90 0 0 0.7071068 0 0.7071068 5.759852 0
5.7270 Head 0 1.6 0.78 345.15 327.8999 0 -0.124191 -0.2741586 -0.03572864 0.9529623
5.7270 FirstCar -14.17604 0.025 2.97 0 90 0 0 0.7071068 0 0.7071068 5.777043 0
5.7270 SecondCar -46.72366 0.025 2.97 0 90 0 0 0.7071068 0 0.7071068 5.75901 0
5.7273 Head 0 1.6 0.78 345.15 327.8999 0 -0.124191 -0.2741586 -0.03572864 0.9529623
5.7273 FirstCar -14.17407 0.025 2.97 0 90 0 0 0.7071068 0 0.7071068 5.776226 0
5.7273 SecondCar -46.72169 0.025 2.97 0 90 0 0 0.7071068 0 0.7071068 5.758193 0
5.7277 Head 0 1.6 0.78 345.15 327.8999 0 -0.124191 -0.2741586 -0.03572864 0.9529623
5.7277 FirstCar -14.17208 0.025 2.97 0 90 0 0 0.7071068 0 0.7071068 5.775399 0
5.7277 SecondCar -46.71971 0.025 2.97 0 90 0 0 0.7071068 0 0.7071068 5.757367 0
5.7280 Head 0 1.6 0.78 345.15 327.8999 0 -0.124191 -0.2741586 -0.03572864 0.9529623
5.7280 FirstCar -14.17018 0.025 2.97 0 90 0 0 0.7071068 0 0.7071068 5.774607 0
5.7280 SecondCar -46.71781 0.025 2.97 0 90 0 0 0.7071068 0 0.7071068 5.756574 0
5.7284 Head 0 1.6 0.78 345.15 327.8999 0 -0.124191 -0.2741586 -0.03572864 0.9529623
5.7284 FirstCar -14.16765 0.025 2.97 0 90 0 0 0.7071068 0 0.7071068 5.773558 0
5.7284 SecondCar -46.7153 0.025 2.97 0 90 0 0 0.7071068 0 0.7071068 5.755526 0
5.7288 Head 0 1.6 0.78 345.15 327.8999 0 -0.124191 -0.2741586 -0.03572864 0.9529623
5.7288 FirstCar -14.16548 0.025 2.97 0 90 0 0 0.7071068 0 0.7071068 5.772653 0
5.7288 SecondCar -46.71313 0.025 2.97 0 90 0 0 0.7071068 0 0.7071068 5.75462 0
5.7292 Head 0 1.6 0.78 345.15 327.8999 0 -0.124191 -0.2741586 -0.03572864 0.9529623
5.7292 FirstCar -14.1635 0.025 2.97 0 90 0 0 0.7071068 0 0.7071068 5.77183 0
5.7292 SecondCar -46.71115 0.025 2.97 0 90 0 0 0.7071068 0 0.7071068 5.753797 0
5.7295 Head 0 1.6 0.78 345.15 327.8999 0 -0.124191 -0.2741586 -0.03572864 0.9529623
5.7295 FirstCar -14.16144 0.025 2.97 0 90 0 0 0.7071068 0 0.7071068 5.770976 0
5.7295 SecondCar -46.70911 0.025 2.97 0 90 0 0 0.7071068 0 0.7071068 5.752944 0
5.7298 Head 0 1.6 0.78 345.15 327.8999 0 -0.124191 -0.2741586 -0.03572864 0.9529623
5.7298 FirstCar -14.15954 0.025 2.97 0 90 0 0 0.7071068 0 0.7071068 5.770185 0
5.7298 SecondCar -46.70721 0.025 2.97 0 90 0 0 0.7071068 0 0.7071068 5.752153 0
5.7302 Head 0 1.6 0.78 345.15 327.8999 0 -0.124191 -0.2741586 -0.03572864 0.9529623
5.7302 FirstCar -14.15755 0.025 2.97 0 90 0 0 0.7071068 0 0.7071068 5.769355 0
5.7302 SecondCar -46.70522 0.025 2.97 0 90 0 0 0.7071068 0 0.7071068 5.751322 0
5.7308 Head 0 1.6 0.78 345.15 327.8999 0 -0.124191 -0.2741586 -0.03572864 0.9529623
5.7308 FirstCar -14.15402 0.025 2.97 0 90 0 0 0.7071068 0 0.7071068 5.767886 0
5.7308 SecondCar -46.7017 0.025 2.97 0 90 0 0 0.7071068 0 0.7071068 5.749853 0
5.7312 Head 0 1.6 0.78 345.15 327.8999 0 -0.124191 -0.2741586 -0.03572864 0.9529623
5.7312 FirstCar -14.15176 0.025 2.97 0 90 0 0 0.7071068 0 0.7071068 5.766948 0
5.7312 SecondCar -46.69946 0.025 2.97 0 90 0 0 0.7071068 0 0.7071068 5.748915 0
5.7316 Head 0 1.6 0.78 345.15 327.8999 0 -0.124191 -0.2741586 -0.03572864 0.9529623
5.7316 FirstCar -14.14961 0.025 2.97 0 90 0 0 0.7071068 0 0.7071068 5.766052 0
5.7316 SecondCar -46.69731 0.025 2.97 0 90 0 0 0.7071068 0 0.7071068 5.74802 0
5.7320 Head 0 1.6 0.78 345.15 327.8999 0 -0.124191 -0.2741586 -0.03572864 0.9529623
5.7320 FirstCar -14.14731 0.025 2.97 0 90 0 0 0.7071068 0 0.7071068 5.765094 0
5.7320 SecondCar -46.69502 0.025 2.97 0 90 0 0 0.7071068 0 0.7071068 5.747062 0
5.7324 Head 0 1.6 0.78 345.15 327.8999 0 -0.124191 -0.2741586 -0.03572864 0.9529623
5.7324 FirstCar -14.14507 0.025 2.97 0 90 0 0 0.7071068 0 0.7071068 5.764163 0
5.7324 SecondCar -46.69279 0.025 2.97 0 90 0 0 0.7071068 0 0.7071068 5.746131 0
5.7327 Head 0 1.6 0.78 345.15 327.8999 0 -0.124191 -0.2741586 -0.03572864 0.9529623
5.7327 FirstCar -14.14304 0.025 2.97 0 90 0 0 0.7071068 0 0.7071068 5.763316 0
5.7327 SecondCar -46.69076 0.025 2.97 0 90 0 0 0.7071068 0 0.7071068 5.745284 0
5.7330 Head 0 1.6 0.78 345.15 327.8999 0 -0.124191 -0.2741586 -0.03572864 0.9529623
5.7330 FirstCar -14.1411 0.025 2.97 0 90 0 0 0.7071068 0 0.7071068 5.762509 0
5.7330 SecondCar -46.68883 0.025 2.97 0 90 0 0 0.7071068 0 0.7071068 5.744476 0
5.7334 Head 0 1.6 0.78 345.15 327.8999 0 -0.124191 -0.2741586 -0.03572864 0.9529623
5.7334 FirstCar -14.13915 0.025 2.97 0 90 0 0 0.7071068 0 0.7071068 5.761696 0
5.7334 SecondCar -46.68689 0.025 2.97 0 90 0 0 0.7071068 0 0.7071068 5.743663 0
5.7337 Head 0 1.6 0.78 345.15 327.8999 0 -0.124191 -0.2741586 -0.03572864 0.9529623
5.7337 FirstCar -14.13726 0.025 2.97 0 90 0 0 0.7071068 0 0.7071068 5.760908 0
5.7337 SecondCar -46.685 0.025 2.97 0 90 0 0 0.7071068 0 0.7071068 5.742875 0
5.7340 Head 0 1.6 0.78 345.15 327.8999 0 -0.124191 -0.2741586 -0.03572864 0.9529623
5.7340 FirstCar -14.13533 0.025 2.97 0 90 0 0 0.7071068 0 0.7071068 5.760105 0
5.7340 SecondCar -46.68308 0.025 2.97 0 90 0 0 0.7071068 0 0.7071068 5.742073 0
5.7345 Head 0 1.6 0.78 345.15 327.8999 0 -0.124191 -0.2741586 -0.03572864 0.9529623
5.7345 FirstCar -14.13292 0.025 2.97 0 90 0 0 0.7071068 0 0.7071068 5.759101 0
5.7345 SecondCar -46.68068 0.025 2.97 0 90 0 0 0.7071068 0 0.7071068 5.741068 0
5.7349 Head 0 1.6 0.78 345.15 327.8999 0 -0.124191 -0.2741586 -0.03572864 0.9529623
5.7349 FirstCar -14.13063 0.025 2.97 0 90 0 0 0.7071068 0 0.7071068 5.758147 0
5.7349 SecondCar -46.67839 0.025 2.97 0 90 0 0 0.7071068 0 0.7071068 5.740115 0
5.7352 Head 0 1.6 0.78 345.15 327.8999 0 -0.124191 -0.2741586 -0.03572864 0.9529623
5.7352 FirstCar -14.12848 0.025 2.97 0 90 0 0 0.7071068 0 0.7071068 5.75725 0
5.7352 SecondCar -46.67625 0.025 2.97 0 90 0 0 0.7071068 0 0.7071068 5.739218 0
5.7356 Head 0 1.6 0.78 345.15 327.8999 0 -0.124191 -0.2741586 -0.03572864 0.9529623
5.7356 FirstCar -14.12645 0.025 2.97 0 90 0 0 0.7071068 0 0.7071068 5.756403 0
5.7356 SecondCar -46.67422 0.025 2.97 0 90 0 0 0.7071068 0 0.7071068 5.73837 0
5.7360 Head 0 1.6 0.78 345.15 327.8999 0 -0.124191 -0.2741586 -0.03572864 0.9529623
5.7360 FirstCar -14.12429 0.025 2.97 0 90 0 0 0.7071068 0 0.7071068 5.755502 0
5.7360 SecondCar -46.67207 0.025 2.97 0 90 0 0 0.7071068 0 0.7071068 5.73747 0
5.7363 Head 0 1.6 0.78 345.15 327.8999 0 -0.124191 -0.2741586 -0.03572864 0.9529623
5.7363 FirstCar -14.12236 0.025 2.97 0 90 0 0 0.7071068 0 0.7071068 5.754697 0
5.7363 SecondCar -46.67015 0.025 2.97 0 90 0 0 0.7071068 0 0.7071068 5.736665 0
5.7366 Head 0 1.6 0.78 345.15 327.8999 0 -0.124191 -0.2741586 -0.03572864 0.9529623
5.7366 FirstCar -14.12043 0.025 2.97 0 90 0 0 0.7071068 0 0.7071068 5.753893 0
5.7366 SecondCar -46.66822 0.025 2.97 0 90 0 0 0.7071068 0 0.7071068 5.735861 0
5.7370 Head 0 1.6 0.78 345.15 327.8999 0 -0.124191 -0.2741586 -0.03572864 0.9529623
5.7370 FirstCar -14.11842 0.025 2.97 0 90 0 0 0.7071068 0 0.7071068 5.753055 0
5.7370 SecondCar -46.66622 0.025 2.97 0 90 0 0 0.7071068 0 0.7071068 5.735022 0
5.7373 Head 0 1.6 0.78 345.15 327.8999 0 -0.124191 -0.2741586 -0.03572864 0.9529623
5.7373 FirstCar -14.11652 0.025 2.97 0 90 0 0 0.7071068 0 0.7071068 5.752261 0
5.7373 SecondCar -46.66433 0.025 2.97 0 90 0 0 0.7071068 0 0.7071068 5.734229 0
5.7377 Head 0 1.6 0.78 345.15 327.8999 0 -0.124191 -0.2741586 -0.03572864 0.9529623
5.7377 FirstCar -14.11448 0.025 2.97 0 90 0 0 0.7071068 0 0.7071068 5.751409 0
5.7377 SecondCar -46.66229 0.025 2.97 0 90 0 0 0.7071068 0 0.7071068 5.733376 0
5.7380 Head 0 1.6 0.78 345.15 327.8999 0 -0.124191 -0.2741586 -0.03572864 0.9529623
5.7380 FirstCar -14.11254 0.025 2.97 0 90 0 0 0.7071068 0 0.7071068 5.7506 0
5.7380 SecondCar -46.66036 0.025 2.97 0 90 0 0 0.7071068 0 0.7071068 5.732568 0
5.7384 Head 0 1.6 0.78 345.15 327.8999 0 -0.124191 -0.2741586 -0.03572864 0.9529623
5.7384 FirstCar -14.11034 0.025 2.97 0 90 0 0 0.7071068 0 0.7071068 5.749681 0
5.7384 SecondCar -46.65816 0.025 2.97 0 90 0 0 0.7071068 0 0.7071068 5.731649 0
5.7387 Head 0 1.6 0.78 345.15 327.8999 0 -0.124191 -0.2741586 -0.03572864 0.9529623
5.7387 FirstCar -14.10829 0.025 2.97 0 90 0 0 0.7071068 0 0.7071068 5.748827 0
5.7387 SecondCar -46.65612 0.025 2.97 0 90 0 0 0.7071068 0 0.7071068 5.730794 0
5.7391 Head 0 1.6 0.78 345.15 327.8999 0 -0.124191 -0.2741586 -0.03572864 0.9529623
5.7391 FirstCar -14.10625 0.025 2.97 0 90 0 0 0.7071068 0 0.7071068 5.747976 0
5.7391 SecondCar -46.65409 0.025 2.97 0 90 0 0 0.7071068 0 0.7071068 5.729944 0
5.7394 Head 0 1.6 0.78 345.15 327.8999 0 -0.124191 -0.2741586 -0.03572864 0.9529623
5.7394 FirstCar -14.10431 0.025 2.97 0 90 0 0 0.7071068 0 0.7071068 5.747165 0
5.7394 SecondCar -46.65216 0.025 2.97 0 90 0 0 0.7071068 0 0.7071068 5.729133 0
5.7398 Head 0 1.6 0.78 345.15 327.8999 0 -0.124191 -0.2741586 -0.03572864 0.9529623
5.7398 FirstCar -14.10242 0.025 2.97 0 90 0 0 0.7071068 0 0.7071068 5.746375 0
5.7398 SecondCar -46.65027 0.025 2.97 0 90 0 0 0.7071068 0 0.7071068 5.728342 0
5.7401 Head 0 1.6 0.78 345.15 327.8999 0 -0.124191 -0.2741586 -0.03572864 0.9529623
5.7401 FirstCar -14.10045 0.025 2.97 0 90 0 0 0.7071068 0 0.7071068 5.745551 0
5.7401 SecondCar -46.64831 0.025 2.97 0 90 0 0 0.7071068 0 0.7071068 5.727519 0
5.7404 Head 0 1.6 0.78 345.15 327.8999 0 -0.124191 -0.2741586 -0.03572864 0.9529623
5.7404 FirstCar -14.09851 0.025 2.97 0 90 0 0 0.7071068 0 0.7071068 5.744741 0
5.7404 SecondCar -46.64637 0.025 2.97 0 90 0 0 0.7071068 0 0.7071068 5.726708 0
5.7408 Head 0 1.6 0.78 345.15 327.8999 0 -0.124191 -0.2741586 -0.03572864 0.9529623
5.7408 FirstCar -14.09642 0.025 2.97 0 90 0 0 0.7071068 0 0.7071068 5.743867 0
5.7408 SecondCar -46.64429 0.025 2.97 0 90 0 0 0.7071068 0 0.7071068 5.725834 0
5.7412 Head 0 1.6 0.78 345.15 327.8999 0 -0.124191 -0.2741586 -0.03572864 0.9529623
5.7412 FirstCar -14.09443 0.025 2.97 0 90 0 0 0.7071068 0 0.7071068 5.743038 0
5.7412 SecondCar -46.64231 0.025 2.97 0 90 0 0 0.7071068 0 0.7071068 5.725006 0
5.7415 Head 0 1.6 0.78 345.15 327.8999 0 -0.124191 -0.2741586 -0.03572864 0.9529623
5.7415 FirstCar -14.09253 0.025 2.97 0 90 0 0 0.7071068 0 0.7071068 5.742241 0
5.7415 SecondCar -46.64041 0.025 2.97 0 90 0 0 0.7071068 0 0.7071068 5.724209 0
5.7418 Head 0 1.6 0.78 345.15 327.8999 0 -0.124191 -0.2741586 -0.03572864 0.9529623
5.7418 FirstCar -14.09066 0.025 2.97 0 90 0 0 0.7071068 0 0.7071068 5.741459 0
5.7418 SecondCar -46.63855 0.025 2.97 0 90 0 0 0.7071068 0 0.7071068 5.723427 0
5.7421 Head 0 1.6 0.78 345.15 327.8999 0 -0.124191 -0.2741586 -0.03572864 0.9529623
5.7421 FirstCar -14.08872 0.025 2.97 0 90 0 0 0.7071068 0 0.7071068 5.740652 0
5.7421 SecondCar -46.63662 0.025 2.97 0 90 0 0 0.7071068 0 0.7071068 5.722619 0
5.7425 Head 0 1.6 0.78 345.15 327.8999 0 -0.124191 -0.2741586 -0.03572864 0.9529623
5.7425 FirstCar -14.08687 0.025 2.97 0 90 0 0 0.7071068 0 0.7071068 5.739876 0
5.7425 SecondCar -46.63477 0.025 2.97 0 90 0 0 0.7071068 0 0.7071068 5.721844 0
5.7428 Head 0 1.6 0.78 345.15 327.8999 0 -0.124191 -0.2741586 -0.03572864 0.9529623
5.7428 FirstCar -14.08481 0.025 2.97 0 90 0 0 0.7071068 0 0.7071068 5.739016 0
5.7428 SecondCar -46.63272 0.025 2.97 0 90 0 0 0.7071068 0 0.7071068 5.720983 0
5.7432 Head 0 1.6 0.78 345.15 327.8999 0 -0.124191 -0.2741586 -0.03572864 0.9529623
5.7432 FirstCar -14.08295 0.025 2.97 0 90 0 0 0.7071068 0 0.7071068 5.738238 0
5.7432 SecondCar -46.63087 0.025 2.97 0 90 0 0 0.7071068 0 0.7071068 5.720206 0
5.7435 Head 0 1.6 0.78 345.15 327.8999 0 -0.124191 -0.2741586 -0.03572864 0.9529623
5.7435 FirstCar -14.08109 0.025 2.97 0 90 0 0 0.7071068 0 0.7071068 5.73746 0
5.7435 SecondCar -46.62901 0.025 2.97 0 90 0 0 0.7071068 0 0.7071068 5.719427 0
5.7438 Head 0 1.6 0.78 345.15 327.8999 0 -0.124191 -0.2741586 -0.03572864 0.9529623
5.7438 FirstCar -14.0792 0.025 2.97 0 90 0 0 0.7071068 0 0.7071068 5.736666 0
5.7438 SecondCar -46.62712 0.025 2.97 0 90 0 0 0.7071068 0 0.7071068 5.718634 0
5.7441 Head 0 1.6 0.78 345.15 327.8999 0 -0.124191 -0.2741586 -0.03572864 0.9529623
5.7441 FirstCar -14.07726 0.025 2.97 0 90 0 0 0.7071068 0 0.7071068 5.735855 0
5.7441 SecondCar -46.62519 0.025 2.97 0 90 0 0 0.7071068 0 0.7071068 5.717823 0
5.7445 Head 0 1.6 0.78 345.15 327.8999 0 -0.124191 -0.2741586 -0.03572864 0.9529623
5.7445 FirstCar -14.07532 0.025 2.97 0 90 0 0 0.7071068 0 0.7071068 5.735044 0
5.7445 SecondCar -46.62325 0.025 2.97 0 90 0 0 0.7071068 0 0.7071068 5.717011 0
5.7448 Head 0 1.6 0.78 345.15 327.8999 0 -0.124191 -0.2741586 -0.03572864 0.9529623
5.7448 FirstCar -14.07341 0.025 2.97 0 90 0 0 0.7071068 0 0.7071068 5.734244 0
5.7448 SecondCar -46.62135 0.025 2.97 0 90 0 0 0.7071068 0 0.7071068 5.716211 0
5.7451 Head 0 1.6 0.78 345.15 327.8999 0 -0.124191 -0.2741586 -0.03572864 0.9529623
5.7451 FirstCar -14.07153 0.025 2.97 0 90 0 0 0.7071068 0 0.7071068 5.733457 0
5.7451 SecondCar -46.61948 0.025 2.97 0 90 0 0 0.7071068 0 0.7071068 5.715425 0
5.7455 Head 0 1.6 0.78 345.15 327.8999 0 -0.124191 -0.2741586 -0.03572864 0.9529623
5.7455 FirstCar -14.06958 0.025 2.97 0 90 0 0 0.7071068 0 0.7071068 5.732644 0
5.7455 SecondCar -46.61754 0.025 2.97 0 90 0 0 0.7071068 0 0.7071068 5.714611 0
5.7458 Head 0 1.6 0.78 345.15 327.8999 0 -0.124191 -0.2741586 -0.03572864 0.9529623
5.7458 FirstCar -14.06772 0.025 2.97 0 90 0 0 0.7071068 0 0.7071068 5.731864 0
5.7458 SecondCar -46.61568 0.025 2.97 0 90 0 0 0.7071068 0 0.7071068 5.713831 0
5.7462 Head 0 1.6 0.78 345.15 327.8999 0 -0.124191 -0.2741586 -0.03572864 0.9529623
5.7462 FirstCar -14.06571 0.025 2.97 0 90 0 0 0.7071068 0 0.7071068 5.731022 0
5.7462 SecondCar -46.61368 0.025 2.97 0 90 0 0 0.7071068 0 0.7071068 5.71299 0
5.7465 Head 0 1.6 0.78 345.15 327.8999 0 -0.124191 -0.2741586 -0.03572864 0.9529623
5.7465 FirstCar -14.06376 0.025 2.97 0 90 0 0 0.7071068 0 0.7071068 5.730206 0
5.7465 SecondCar -46.61173 0.025 2.97 0 90 0 0 0.7071068 0 0.7071068 5.712173 0
5.7469 Head 0 1.6 0.78 345.15 327.8999 0 -0.124191 -0.2741586 -0.03572864 0.9529623
5.7469 FirstCar -14.06167 0.025 2.97 0 90 0 0 0.7071068 0 0.7071068 5.729328 0
5.7469 SecondCar -46.60964 0.025 2.97 0 90 0 0 0.7071068 0 0.7071068 5.711295 0
5.7472 Head 0 1.6 0.78 345.15 327.8999 0 -0.124191 -0.2741586 -0.03572864 0.9529623
5.7472 FirstCar -14.05969 0.025 2.97 0 90 0 0 0.7071068 0 0.7071068 5.728499 0
5.7472 SecondCar -46.60767 0.025 2.97 0 90 0 0 0.7071068 0 0.7071068 5.710466 0
5.7476 Head 0 1.6 0.78 345.15 327.8999 0 -0.124191 -0.2741586 -0.03572864 0.9529623
5.7476 FirstCar -14.05771 0.025 2.97 0 90 0 0 0.7071068 0 0.7071068 5.72767 0
5.7476 SecondCar -46.6057 0.025 2.97 0 90 0 0 0.7071068 0 0.7071068 5.709637 0
5.7479 Head 0 1.6 0.78 345.15 327.8999 0 -0.124191 -0.2741586 -0.03572864 0.9529623
5.7479 FirstCar -14.05579 0.025 2.97 0 90 0 0 0.7071068 0 0.7071068 5.726868 0
5.7479 SecondCar -46.60379 0.025 2.97 0 90 0 0 0.7071068 0 0.7071068 5.708835 0
5.7482 Head 0 1.6 0.78 345.15 327.8999 0 -0.124191 -0.2741586 -0.03572864 0.9529623
5.7482 FirstCar -14.05393 0.025 2.97 0 90 0 0 0.7071068 0 0.7071068 5.726085 0
5.7482 SecondCar -46.60193 0.025 2.97 0 90 0 0 0.7071068 0 0.7071068 5.708053 0
5.7485 Head 0 1.6 0.78 345.15 327.8999 0 -0.124191 -0.2741586 -0.03572864 0.9529623
5.7485 FirstCar -14.05206 0.025 2.97 0 90 0 0 0.7071068 0 0.7071068 5.725301 0
5.7485 SecondCar -46.60006 0.025 2.97 0 90 0 0 0.7071068 0 0.7071068 5.707269 0
5.7489 Head 0 1.6 0.78 345.15 327.8999 0 -0.124191 -0.2741586 -0.03572864 0.9529623
5.7489 FirstCar -14.05017 0.025 2.97 0 90 0 0 0.7071068 0 0.7071068 5.724508 0
5.7489 SecondCar -46.59818 0.025 2.97 0 90 0 0 0.7071068 0 0.7071068 5.706476 0
5.7492 Head 0 1.6 0.78 345.15 327.8999 0 -0.124191 -0.2741586 -0.03572864 0.9529623
5.7492 FirstCar -14.04818 0.025 2.97 0 90 0 0 0.7071068 0 0.7071068 5.723674 0
5.7492 SecondCar -46.5962 0.025 2.97 0 90 0 0 0.7071068 0 0.7071068 5.705641 0
5.7496 Head 0 1.6 0.78 345.15 327.8999 0 -0.124191 -0.2741586 -0.03572864 0.9529623
5.7496 FirstCar -14.04614 0.025 2.97 0 90 0 0 0.7071068 0 0.7071068 5.722818 0
5.7496 SecondCar -46.59416 0.025 2.97 0 90 0 0 0.7071068 0 0.7071068 5.704785 0
5.7499 Head 0 1.6 0.78 345.15 327.8999 0 -0.124191 -0.2741586 -0.03572864 0.9529623
5.7499 FirstCar -14.04425 0.025 2.97 0 90 0 0 0.7071068 0 0.7071068 5.722026 0
5.7499 SecondCar -46.59228 0.025 2.97 0 90 0 0 0.7071068 0 0.7071068 5.703993 0
5.7503 Head 0 1.6 0.78 345.15 327.8999 0 -0.124191 -0.2741586 -0.03572864 0.9529623
5.7503 FirstCar -14.04191 0.025 2.97 0 90 0 0 0.7071068 0 0.7071068 5.721045 0
5.7503 SecondCar -46.58995 0.025 2.97 0 90 0 0 0.7071068 0 0.7071068 5.703012 0
5.7509 Head 0 1.6 0.78 345.15 327.8999 0 -0.124191 -0.2741586 -0.03572864 0.9529623
5.7509 FirstCar -14.03838 0.025 2.97 0 90 0 0 0.7071068 0 0.7071068 5.719565 0
5.7509 SecondCar -46.58643 0.025 2.97 0 90 0 0 0.7071068 0 0.7071068 5.701532 0
5.7513 Head 0 1.6 0.78 345.15 327.8999 0 -0.124191 -0.2741586 -0.03572864 0.9529623
5.7513 FirstCar -14.0363 0.025 2.97 0 90 0 0 0.7071068 0 0.7071068 5.71869 0
5.7513 SecondCar -46.58435 0.025 2.97 0 90 0 0 0.7071068 0 0.7071068 5.700657 0
5.7517 Head 0 1.6 0.78 345.15 327.8999 0 -0.124191 -0.2741586 -0.03572864 0.9529623
5.7517 FirstCar -14.03428 0.025 2.97 0 90 0 0 0.7071068 0 0.7071068 5.717842 0
5.7517 SecondCar -46.58234 0.025 2.97 0 90 0 0 0.7071068 0 0.7071068 5.69981 0
5.7520 Head 0 1.6 0.78 345.15 327.8999 0 -0.124191 -0.2741586 -0.03572864 0.9529623
5.7520 FirstCar -14.03226 0.025 2.97 0 90 0 0 0.7071068 0 0.7071068 5.716994 0
5.7520 SecondCar -46.58033 0.025 2.97 0 90 0 0 0.7071068 0 0.7071068 5.698962 0
5.7524 Head 0 1.6 0.78 345.15 327.8999 0 -0.124191 -0.2741586 -0.03572864 0.9529623
5.7524 FirstCar -14.03023 0.025 2.97 0 90 0 0 0.7071068 0 0.7071068 5.716143 0
5.7524 SecondCar -46.5783 0.025 2.97 0 90 0 0 0.7071068 0 0.7071068 5.698111 0
5.7527 Head 0 1.6 0.78 345.15 327.8999 0 -0.124191 -0.2741586 -0.03572864 0.9529623
5.7527 FirstCar -14.02829 0.025 2.97 0 90 0 0 0.7071068 0 0.7071068 5.715326 0
5.7527 SecondCar -46.57637 0.025 2.97 0 90 0 0 0.7071068 0 0.7071068 5.697294 0
5.7530 Head 0 1.6 0.78 345.15 327.8999 0 -0.124191 -0.2741586 -0.03572864 0.9529623
5.7530 FirstCar -14.02639 0.025 2.97 0 90 0 0 0.7071068 0 0.7071068 5.714527 0
5.7530 SecondCar -46.57447 0.025 2.97 0 90 0 0 0.7071068 0 0.7071068 5.696495 0
5.7534 Head 0 1.6 0.78 345.15 327.8999 0 -0.124191 -0.2741586 -0.03572864 0.9529623
5.7534 FirstCar -14.02443 0.025 2.97 0 90 0 0 0.7071068 0 0.7071068 5.713705 0
5.7534 SecondCar -46.57252 0.025 2.97 0 90 0 0 0.7071068 0 0.7071068 5.695673 0
5.7537 Head 0 1.6 0.78 345.15 327.8999 0 -0.124191 -0.2741586 -0.03572864 0.9529623
5.7537 FirstCar -14.02253 0.025 2.97 0 90 0 0 0.7071068 0 0.7071068 5.712906 0
5.7537 SecondCar -46.57063 0.025 2.97 0 90 0 0 0.7071068 0 0.7071068 5.694873 0
5.7541 Head 0 1.6 0.78 345.15 327.8999 0 -0.124191 -0.2741586 -0.03572864 0.9529623
5.7541 FirstCar -14.02041 0.025 2.97 0 90 0 0 0.7071068 0 0.7071068 5.712017 0
5.7541 SecondCar -46.56852 0.025 2.97 0 90 0 0 0.7071068 0 0.7071068 5.693984 0
5.7544 Head 0 1.6 0.78 345.15 327.8999 0 -0.124191 -0.2741586 -0.03572864 0.9529623
5.7544 FirstCar -14.01839 0.025 2.97 0 90 0 0 0.7071068 0 0.7071068 5.711166 0
5.7544 SecondCar -46.5665 0.025 2.97 0 90 0 0 0.7071068 0 0.7071068 5.693134 0
5.7548 Head 0 1.6 0.78 345.15 327.8999 0 -0.124191 -0.2741586 -0.03572864 0.9529623
5.7548 FirstCar -14.01648 0.025 2.97 0 90 0 0 0.7071068 0 0.7071068 5.710364 0
5.7548 SecondCar -46.56459 0.025 2.97 0 90 0 0 0.7071068 0 0.7071068 5.692332 0
5.7551 Head 0 1.6 0.78 345.15 327.8999 0 -0.124191 -0.2741586 -0.03572864 0.9529623
5.7551 FirstCar -14.01459 0.025 2.97 0 90 0 0 0.7071068 0 0.7071068 5.709569 0
5.7551 SecondCar -46.56271 0.025 2.97 0 90 0 0 0.7071068 0 0.7071068 5.691536 0
5.7554 Head 0 1.6 0.78 345.15 327.8999 0 -0.124191 -0.2741586 -0.03572864 0.9529623
5.7554 FirstCar -14.01263 0.025 2.97 0 90 0 0 0.7071068 0 0.7071068 5.708748 0
5.7554 SecondCar -46.56076 0.025 2.97 0 90 0 0 0.7071068 0 0.7071068 5.690716 0
5.7558 Head 0 1.6 0.78 345.15 327.8999 0 -0.124191 -0.2741586 -0.03572864 0.9529623
5.7558 FirstCar -14.01074 0.025 2.97 0 90 0 0 0.7071068 0 0.7071068 5.70795 0
5.7558 SecondCar -46.55887 0.025 2.97 0 90 0 0 0.7071068 0 0.7071068 5.689918 0
5.7561 Head 0 1.6 0.78 345.15 327.8999 0 -0.124191 -0.2741586 -0.03572864 0.9529623
5.7561 FirstCar -14.00886 0.025 2.97 0 90 0 0 0.7071068 0 0.7071068 5.707161 0
5.7561 SecondCar -46.557 0.025 2.97 0 90 0 0 0.7071068 0 0.7071068 5.689129 0
5.7564 Head 0 1.6 0.78 345.15 327.8999 0 -0.124191 -0.2741586 -0.03572864 0.9529623
5.7564 FirstCar -14.00691 0.025 2.97 0 90 0 0 0.7071068 0 0.7071068 5.70634 0
5.7564 SecondCar -46.55505 0.025 2.97 0 90 0 0 0.7071068 0 0.7071068 5.688308 0
5.7568 Head 0 1.6 0.78 345.15 327.8999 0 -0.124191 -0.2741586 -0.03572864 0.9529623
5.7568 FirstCar -14.00501 0.025 2.97 0 90 0 0 0.7071068 0 0.7071068 5.705542 0
5.7568 SecondCar -46.55316 0.025 2.97 0 90 0 0 0.7071068 0 0.7071068 5.687509 0
5.7572 Head 0 1.6 0.78 345.15 327.8999 0 -0.124191 -0.2741586 -0.03572864 0.9529623
5.7572 FirstCar -14.00281 0.025 2.97 0 90 0 0 0.7071068 0 0.7071068 5.704617 0
5.7572 SecondCar -46.55097 0.025 2.97 0 90 0 0 0.7071068 0 0.7071068 5.686584 0
5.7575 Head 0 1.6 0.78 345.15 327.8999 0 -0.124191 -0.2741586 -0.03572864 0.9529623
5.7575 FirstCar -14.00063 0.025 2.97 0 90 0 0 0.7071068 0 0.7071068 5.703698 0
5.7575 SecondCar -46.54879 0.025 2.97 0 90 0 0 0.7071068 0 0.7071068 5.685665 0
5.7579 Head 0 1.6 0.78 345.15 327.8999 0 -0.124191 -0.2741586 -0.03572864 0.9529623
5.7579 FirstCar -13.99875 0.025 2.97 0 90 0 0 0.7071068 0 0.7071068 5.702909 0
5.7579 SecondCar -46.54692 0.025 2.97 0 90 0 0 0.7071068 0 0.7071068 5.684876 0
5.7582 Head 0 1.6 0.78 345.15 327.8999 0 -0.124191 -0.2741586 -0.03572864 0.9529623
5.7582 FirstCar -13.99684 0.025 2.97 0 90 0 0 0.7071068 0 0.7071068 5.702103 0
5.7582 SecondCar -46.54501 0.025 2.97 0 90 0 0 0.7071068 0 0.7071068 5.68407 0
5.7586 Head 0 1.6 0.78 345.15 327.8999 0 -0.124191 -0.2741586 -0.03572864 0.9529623
5.7586 FirstCar -13.99462 0.025 2.97 0 90 0 0 0.7071068 0 0.7071068 5.701171 0
5.7586 SecondCar -46.5428 0.025 2.97 0 90 0 0 0.7071068 0 0.7071068 5.683138 0
5.7590 Head 0 1.6 0.78 345.15 327.8999 0 -0.124191 -0.2741586 -0.03572864 0.9529623
5.7590 FirstCar -13.99261 0.025 2.97 0 90 0 0 0.7071068 0 0.7071068 5.700321 0
5.7590 SecondCar -46.54079 0.025 2.97 0 90 0 0 0.7071068 0 0.7071068 5.682288 0
5.7593 Head 0 1.6 0.78 345.15 327.8999 0 -0.124191 -0.2741586 -0.03572864 0.9529623
5.7593 FirstCar -13.99042 0.025 2.97 0 90 0 0 0.7071068 0 0.7071068 5.6994 0
5.7593 SecondCar -46.53861 0.025 2.97 0 90 0 0 0.7071068 0 0.7071068 5.681368 0
5.7597 Head 0 1.6 0.78 345.15 327.8999 0 -0.124191 -0.2741586 -0.03572864 0.9529623
5.7597 FirstCar -13.98834 0.025 2.97 0 90 0 0 0.7071068 0 0.7071068 5.698526 0
5.7597 SecondCar -46.53654 0.025 2.97 0 90 0 0 0.7071068 0 0.7071068 5.680494 0
5.7601 Head 0 1.6 0.78 345.15 327.8999 0 -0.124191 -0.2741586 -0.03572864 0.9529623
5.7601 FirstCar -13.98631 0.025 2.97 0 90 0 0 0.7071068 0 0.7071068 5.697671 0
5.7601 SecondCar -46.53452 0.025 2.97 0 90 0 0 0.7071068 0 0.7071068 5.679638 0
5.7604 Head 0 1.6 0.78 345.15 327.8999 0 -0.124191 -0.2741586 -0.03572864 0.9529623
5.7604 FirstCar -13.98423 0.025 2.97 0 90 0 0 0.7071068 0 0.7071068 5.696794 0
5.7604 SecondCar -46.53244 0.025 2.97 0 90 0 0 0.7071068 0 0.7071068 5.678761 0
5.7608 Head 0 1.6 0.78 345.15 327.8999 0 -0.124191 -0.2741586 -0.03572864 0.9529623
5.7608 FirstCar -13.98232 0.025 2.97 0 90 0 0 0.7071068 0 0.7071068 5.695988 0
5.7608 SecondCar -46.53054 0.025 2.97 0 90 0 0 0.7071068 0 0.7071068 5.677955 0
5.7611 Head 0 1.6 0.78 345.15 327.8999 0 -0.124191 -0.2741586 -0.03572864 0.9529623
5.7611 FirstCar -13.98037 0.025 2.97 0 90 0 0 0.7071068 0 0.7071068 5.695166 0
5.7611 SecondCar -46.52859 0.025 2.97 0 90 0 0 0.7071068 0 0.7071068 5.677133 0
5.7614 Head 0 1.6 0.78 345.15 327.8999 0 -0.124191 -0.2741586 -0.03572864 0.9529623
5.7614 FirstCar -13.97838 0.025 2.97 0 90 0 0 0.7071068 0 0.7071068 5.694329 0
5.7614 SecondCar -46.52661 0.025 2.97 0 90 0 0 0.7071068 0 0.7071068 5.676297 0
5.7618 Head 0 1.6 0.78 345.15 327.8999 0 -0.124191 -0.2741586 -0.03572864 0.9529623
5.7618 FirstCar -13.97647 0.025 2.97 0 90 0 0 0.7071068 0 0.7071068 5.693524 0
5.7618 SecondCar -46.52471 0.025 2.97 0 90 0 0 0.7071068 0 0.7071068 5.675491 0
5.7621 Head 0 1.6 0.78 345.15 327.8999 0 -0.124191 -0.2741586 -0.03572864 0.9529623
5.7621 FirstCar -13.97455 0.025 2.97 0 90 0 0 0.7071068 0 0.7071068 5.692714 0
5.7621 SecondCar -46.52279 0.025 2.97 0 90 0 0 0.7071068 0 0.7071068 5.674682 0
5.7625 Head 0 1.6 0.78 345.15 327.8999 0 -0.124191 -0.2741586 -0.03572864 0.9529623
5.7625 FirstCar -13.97261 0.025 2.97 0 90 0 0 0.7071068 0 0.7071068 5.691897 0
5.7625 SecondCar -46.52086 0.025 2.97 0 90 0 0 0.7071068 0 0.7071068 5.673865 0
5.7628 Head 0 1.6 0.78 345.15 327.8999 0 -0.124191 -0.2741586 -0.03572864 0.9529623
5.7628 FirstCar -13.97069 0.025 2.97 0 90 0 0 0.7071068 0 0.7071068 5.691088 0
5.7628 SecondCar -46.51895 0.025 2.97 0 90 0 0 0.7071068 0 0.7071068 5.673055 0
5.7631 Head 0 1.6 0.78 345.15 327.8999 0 -0.124191 -0.2741586 -0.03572864 0.9529623
5.7631 FirstCar -13.9688 0.025 2.97 0 90 0 0 0.7071068 0 0.7071068 5.690287 0
5.7631 SecondCar -46.51706 0.025 2.97 0 90 0 0 0.7071068 0 0.7071068 5.672254 0
5.7635 Head 0 1.6 0.78 345.15 327.8999 0 -0.124191 -0.2741586 -0.03572864 0.9529623
5.7635 FirstCar -13.96688 0.025 2.97 0 90 0 0 0.7071068 0 0.7071068 5.68948 0
5.7635 SecondCar -46.51515 0.025 2.97 0 90 0 0 0.7071068 0 0.7071068 5.671447 0
5.7638 Head 0 1.6 0.78 345.15 327.8999 0 -0.124191 -0.2741586 -0.03572864 0.9529623
5.7638 FirstCar -13.96493 0.025 2.97 0 90 0 0 0.7071068 0 0.7071068 5.688658 0
5.7638 SecondCar -46.51321 0.025 2.97 0 90 0 0 0.7071068 0 0.7071068 5.670625 0
5.7642 Head 0 1.6 0.78 345.15 327.8999 0 -0.124191 -0.2741586 -0.03572864 0.9529623
5.7642 FirstCar -13.963 0.025 2.97 0 90 0 0 0.7071068 0 0.7071068 5.687842 0
5.7642 SecondCar -46.51128 0.025 2.97 0 90 0 0 0.7071068 0 0.7071068 5.66981 0
5.7645 Head 0 1.6 0.78 345.15 327.8999 0 -0.124191 -0.2741586 -0.03572864 0.9529623
5.7645 FirstCar -13.96109 0.025 2.97 0 90 0 0 0.7071068 0 0.7071068 5.687035 0
5.7645 SecondCar -46.50937 0.025 2.97 0 90 0 0 0.7071068 0 0.7071068 5.669002 0
5.7648 Head 0 1.6 0.78 345.15 327.8999 0 -0.124191 -0.2741586 -0.03572864 0.9529623
5.7648 FirstCar -13.9592 0.025 2.97 0 90 0 0 0.7071068 0 0.7071068 5.686239 0
5.7648 SecondCar -46.5075 0.025 2.97 0 90 0 0 0.7071068 0 0.7071068 5.668207 0
5.7651 Head 0 1.6 0.78 345.15 327.8999 0 -0.124191 -0.2741586 -0.03572864 0.9529623
5.7651 FirstCar -13.95735 0.025 2.97 0 90 0 0 0.7071068 0 0.7071068 5.685457 0
5.7651 SecondCar -46.50565 0.025 2.97 0 90 0 0 0.7071068 0 0.7071068 5.667424 0
5.7655 Head 0 1.6 0.78 345.15 327.8999 0 -0.124191 -0.2741586 -0.03572864 0.9529623
5.7655 FirstCar -13.95548 0.025 2.97 0 90 0 0 0.7071068 0 0.7071068 5.684669 0
5.7655 SecondCar -46.50379 0.025 2.97 0 90 0 0 0.7071068 0 0.7071068 5.666637 0
5.7658 Head 0 1.6 0.78 345.15 327.8999 0 -0.124191 -0.2741586 -0.03572864 0.9529623
5.7658 FirstCar -13.95358 0.025 2.97 0 90 0 0 0.7071068 0 0.7071068 5.683867 0
5.7658 SecondCar -46.5019 0.025 2.97 0 90 0 0 0.7071068 0 0.7071068 5.665834 0
5.7661 Head 0 1.6 0.78 345.15 327.8999 0 -0.124191 -0.2741586 -0.03572864 0.9529623
5.7661 FirstCar -13.95169 0.025 2.97 0 90 0 0 0.7071068 0 0.7071068 5.683069 0
5.7661 SecondCar -46.50002 0.025 2.97 0 90 0 0 0.7071068 0 0.7071068 5.665036 0
5.7665 Head 0 1.6 0.78 345.15 327.8999 0 -0.124191 -0.2741586 -0.03572864 0.9529623
5.7665 FirstCar -13.94967 0.025 2.97 0 90 0 0 0.7071068 0 0.7071068 5.682212 0
5.7665 SecondCar -46.49799 0.025 2.97 0 90 0 0 0.7071068 0 0.7071068 5.66418 0
5.7669 Head 0 1.6 0.78 345.15 327.8999 0 -0.124191 -0.2741586 -0.03572864 0.9529623
5.7669 FirstCar -13.94759 0.025 2.97 0 90 0 0 0.7071068 0 0.7071068 5.681337 0
5.7669 SecondCar -46.49593 0.025 2.97 0 90 0 0 0.7071068 0 0.7071068 5.663304 0
5.7672 Head 0 1.6 0.78 345.15 327.8999 0 -0.124191 -0.2741586 -0.03572864 0.9529623
5.7672 FirstCar -13.94566 0.025 2.97 0 90 0 0 0.7071068 0 0.7071068 5.680519 0
5.7672 SecondCar -46.494 0.025 2.97 0 90 0 0 0.7071068 0 0.7071068 5.662487 0
5.7675 Head 0 1.6 0.78 345.15 327.8999 0 -0.124191 -0.2741586 -0.03572864 0.9529623
5.7675 FirstCar -13.94375 0.025 2.97 0 90 0 0 0.7071068 0 0.7071068 5.679711 0
5.7675 SecondCar -46.49209 0.025 2.97 0 90 0 0 0.7071068 0 0.7071068 5.661678 0
5.7679 Head 0 1.6 0.78 345.15 327.8999 0 -0.124191 -0.2741586 -0.03572864 0.9529623
5.7679 FirstCar -13.94186 0.025 2.97 0 90 0 0 0.7071068 0 0.7071068 5.678915 0
5.7679 SecondCar -46.49021 0.025 2.97 0 90 0 0 0.7071068 0 0.7071068 5.660882 0
5.7682 Head 0 1.6 0.78 345.15 327.8999 0 -0.124191 -0.2741586 -0.03572864 0.9529623
5.7682 FirstCar -13.93988 0.025 2.97 0 90 0 0 0.7071068 0 0.7071068 5.678075 0
5.7682 SecondCar -46.48823 0.025 2.97 0 90 0 0 0.7071068 0 0.7071068 5.660043 0
5.7686 Head 0 1.6 0.78 345.15 327.8999 0 -0.124191 -0.2741586 -0.03572864 0.9529623
5.7686 FirstCar -13.93778 0.025 2.97 0 90 0 0 0.7071068 0 0.7071068 5.67719 0
5.7686 SecondCar -46.48615 0.025 2.97 0 90 0 0 0.7071068 0 0.7071068 5.659157 0
5.7689 Head 0 1.6 0.78 345.15 327.8999 0 -0.124191 -0.2741586 -0.03572864 0.9529623
5.7689 FirstCar -13.93581 0.025 2.97 0 90 0 0 0.7071068 0 0.7071068 5.676357 0
5.7689 SecondCar -46.48418 0.025 2.97 0 90 0 0 0.7071068 0 0.7071068 5.658324 0
5.7693 Head 0 1.6 0.78 345.15 327.8999 0 -0.124191 -0.2741586 -0.03572864 0.9529623
5.7693 FirstCar -13.93382 0.025 2.97 0 90 0 0 0.7071068 0 0.7071068 5.675515 0
5.7693 SecondCar -46.4822 0.025 2.97 0 90 0 0 0.7071068 0 0.7071068 5.657483 0
5.7696 Head 0 1.6 0.78 345.15 327.8999 0 -0.124191 -0.2741586 -0.03572864 0.9529623
5.7696 FirstCar -13.9318 0.025 2.97 0 90 0 0 0.7071068 0 0.7071068 5.674659 0
5.7696 SecondCar -46.48018 0.025 2.97 0 90 0 0 0.7071068 0 0.7071068 5.656627 0
5.7700 Head 0 1.6 0.78 345.15 327.8999 0 -0.124191 -0.2741586 -0.03572864 0.9529623
5.7700 FirstCar -13.92964 0.025 2.97 0 90 0 0 0.7071068 0 0.7071068 5.673746 0
5.7700 SecondCar -46.47803 0.025 2.97 0 90 0 0 0.7071068 0 0.7071068 5.655714 0
5.7704 Head 0 1.6 0.78 345.15 327.8999 0 -0.124191 -0.2741586 -0.03572864 0.9529623
5.7704 FirstCar -13.92752 0.025 2.97 0 90 0 0 0.7071068 0 0.7071068 5.672849 0
5.7704 SecondCar -46.47591 0.025 2.97 0 90 0 0 0.7071068 0 0.7071068 5.654816 0
5.7710 Head 0 1.6 0.78 345.15 327.8999 0 -0.124191 -0.2741586 -0.03572864 0.9529623
5.7710 FirstCar -13.92397 0.025 2.97 0 90 0 0 0.7071068 0 0.7071068 5.671345 0
5.7710 SecondCar -46.47237 0.025 2.97 0 90 0 0 0.7071068 0 0.7071068 5.653313 0
5.7714 Head 0 1.6 0.78 345.15 327.8999 0 -0.124191 -0.2741586 -0.03572864 0.9529623
5.7714 FirstCar -13.92182 0.025 2.97 0 90 0 0 0.7071068 0 0.7071068 5.670435 0
5.7714 SecondCar -46.47023 0.025 2.97 0 90 0 0 0.7071068 0 0.7071068 5.652402 0
5.7718 Head 0 1.6 0.78 345.15 327.8999 0 -0.124191 -0.2741586 -0.03572864 0.9529623
5.7718 FirstCar -13.91976 0.025 2.97 0 90 0 0 0.7071068 0 0.7071068 5.669564 0
5.7718 SecondCar -46.46818 0.025 2.97 0 90 0 0 0.7071068 0 0.7071068 5.651532 0
5.7721 Head 0 1.6 0.78 345.15 327.8999 0 -0.124191 -0.2741586 -0.03572864 0.9529623
5.7721 FirstCar -13.91771 0.025 2.97 0 90 0 0 0.7071068 0 0.7071068 5.668697 0
5.7721 SecondCar -46.46614 0.025 2.97 0 90 0 0 0.7071068 0 0.7071068 5.650664 0
5.7725 Head 0 1.6 0.78 345.15 327.8999 0 -0.124191 -0.2741586 -0.03572864 0.9529623
5.7725 FirstCar -13.91535 0.025 2.97 0 90 0 0 0.7071068 0 0.7071068 5.667695 0
5.7725 SecondCar -46.46378 0.025 2.97 0 90 0 0 0.7071068 0 0.7071068 5.649662 0
5.7729 Head 0 1.6 0.78 345.15 327.8999 0 -0.124191 -0.2741586 -0.03572864 0.9529623
5.7729 FirstCar -13.91317 0.025 2.97 0 90 0 0 0.7071068 0 0.7071068 5.666775 0
5.7729 SecondCar -46.46162 0.025 2.97 0 90 0 0 0.7071068 0 0.7071068 5.648742 0
5.7733 Head 0 1.6 0.78 345.15 327.8999 0 -0.124191 -0.2741586 -0.03572864 0.9529623
5.7733 FirstCar -13.9111 0.025 2.97 0 90 0 0 0.7071068 0 0.7071068 5.665897 0
5.7733 SecondCar -46.45955 0.025 2.97 0 90 0 0 0.7071068 0 0.7071068 5.647865 0
5.7736 Head 0 1.6 0.78 345.15 327.8999 0 -0.124191 -0.2741586 -0.03572864 0.9529623
5.7736 FirstCar -13.90911 0.025 2.97 0 90 0 0 0.7071068 0 0.7071068 5.665056 0
5.7736 SecondCar -46.45757 0.025 2.97 0 90 0 0 0.7071068 0 0.7071068 5.647024 0
5.7740 Head 0 1.6 0.78 345.15 327.8999 0 -0.124191 -0.2741586 -0.03572864 0.9529623
5.7740 FirstCar -13.9071 0.025 2.97 0 90 0 0 0.7071068 0 0.7071068 5.664201 0
5.7740 SecondCar -46.45556 0.025 2.97 0 90 0 0 0.7071068 0 0.7071068 5.646168 0
5.7743 Head 0 1.6 0.78 345.15 327.8999 0 -0.124191 -0.2741586 -0.03572864 0.9529623
5.7743 FirstCar -13.90515 0.025 2.97 0 90 0 0 0.7071068 0 0.7071068 5.663378 0
5.7743 SecondCar -46.45362 0.025 2.97 0 90 0 0 0.7071068 0 0.7071068 5.645345 0
5.7747 Head 0 1.6 0.78 345.15 327.8999 0 -0.124191 -0.2741586 -0.03572864 0.9529623
5.7747 FirstCar -13.90315 0.025 2.97 0 90 0 0 0.7071068 0 0.7071068 5.662529 0
5.7747 SecondCar -46.45163 0.025 2.97 0 90 0 0 0.7071068 0 0.7071068 5.644496 0
5.7751 Head 0 1.6 0.78 345.15 327.8999 0 -0.124191 -0.2741586 -0.03572864 0.9529623
5.7751 FirstCar -13.90071 0.025 2.97 0 90 0 0 0.7071068 0 0.7071068 5.661493 0
5.7751 SecondCar -46.44919 0.025 2.97 0 90 0 0 0.7071068 0 0.7071068 5.643461 0
5.7755 Head 0 1.6 0.78 345.15 327.8999 0 -0.124191 -0.2741586 -0.03572864 0.9529623
5.7755 FirstCar -13.89869 0.025 2.97 0 90 0 0 0.7071068 0 0.7071068 5.660636 0
5.7755 SecondCar -46.44718 0.025 2.97 0 90 0 0 0.7071068 0 0.7071068 5.642604 0
5.7759 Head 0 1.6 0.78 345.15 327.8999 0 -0.124191 -0.2741586 -0.03572864 0.9529623
5.7759 FirstCar -13.89653 0.025 2.97 0 90 0 0 0.7071068 0 0.7071068 5.659719 0
5.7759 SecondCar -46.44502 0.025 2.97 0 90 0 0 0.7071068 0 0.7071068 5.641687 0
5.7762 Head 0 1.6 0.78 345.15 327.8999 0 -0.124191 -0.2741586 -0.03572864 0.9529623
5.7762 FirstCar -13.8946 0.025 2.97 0 90 0 0 0.7071068 0 0.7071068 5.658905 0
5.7762 SecondCar -46.44311 0.025 2.97 0 90 0 0 0.7071068 0 0.7071068 5.640872 0
5.7765 Head 0 1.6 0.78 345.15 327.8999 0 -0.124191 -0.2741586 -0.03572864 0.9529623
5.7765 FirstCar -13.8927 0.025 2.97 0 90 0 0 0.7071068 0 0.7071068 5.658095 0
5.7765 SecondCar -46.4412 0.025 2.97 0 90 0 0 0.7071068 0 0.7071068 5.640062 0
5.7769 Head 0 1.6 0.78 345.15 327.8999 0 -0.124191 -0.2741586 -0.03572864 0.9529623
5.7769 FirstCar -13.89078 0.025 2.97 0 90 0 0 0.7071068 0 0.7071068 5.657282 0
5.7769 SecondCar -46.43929 0.025 2.97 0 90 0 0 0.7071068 0 0.7071068 5.63925 0
5.7772 Head 0 1.6 0.78 345.15 327.8999 0 -0.124191 -0.2741586 -0.03572864 0.9529623
5.7772 FirstCar -13.8889 0.025 2.97 0 90 0 0 0.7071068 0 0.7071068 5.656486 0
5.7772 SecondCar -46.43742 0.025 2.97 0 90 0 0 0.7071068 0 0.7071068 5.638453 0
5.7776 Head 0 1.6 0.78 345.15 327.8999 0 -0.124191 -0.2741586 -0.03572864 0.9529623
5.7776 FirstCar -13.88702 0.025 2.97 0 90 0 0 0.7071068 0 0.7071068 5.655687 0
5.7776 SecondCar -46.43555 0.025 2.97 0 90 0 0 0.7071068 0 0.7071068 5.637654 0
5.7779 Head 0 1.6 0.78 345.15 327.8999 0 -0.124191 -0.2741586 -0.03572864 0.9529623
5.7779 FirstCar -13.88515 0.025 2.97 0 90 0 0 0.7071068 0 0.7071068 5.654894 0
5.7779 SecondCar -46.43369 0.025 2.97 0 90 0 0 0.7071068 0 0.7071068 5.636862 0
5.7782 Head 0 1.6 0.78 345.15 327.8999 0 -0.124191 -0.2741586 -0.03572864 0.9529623
5.7782 FirstCar -13.88327 0.025 2.97 0 90 0 0 0.7071068 0 0.7071068 5.654094 0
5.7782 SecondCar -46.43181 0.025 2.97 0 90 0 0 0.7071068 0 0.7071068 5.636062 0
5.7786 Head 0 1.6 0.78 345.15 327.8999 0 -0.124191 -0.2741586 -0.03572864 0.9529623
5.7786 FirstCar -13.88137 0.025 2.97 0 90 0 0 0.7071068 0 0.7071068 5.653287 0
5.7786 SecondCar -46.42991 0.025 2.97 0 90 0 0 0.7071068 0 0.7071068 5.635254 0
5.7789 Head 0 1.6 0.78 345.15 327.8999 0 -0.124191 -0.2741586 -0.03572864 0.9529623
5.7789 FirstCar -13.87945 0.025 2.97 0 90 0 0 0.7071068 0 0.7071068 5.652474 0
5.7789 SecondCar -46.42801 0.025 2.97 0 90 0 0 0.7071068 0 0.7071068 5.634441 0
5.7792 Head 0 1.6 0.78 345.15 327.8999 0 -0.124191 -0.2741586 -0.03572864 0.9529623
5.7792 FirstCar -13.87758 0.025 2.97 0 90 0 0 0.7071068 0 0.7071068 5.65168 0
5.7792 SecondCar -46.42614 0.025 2.97 0 90 0 0 0.7071068 0 0.7071068 5.633648 0
5.7796 Head 0 1.6 0.78 345.15 327.8999 0 -0.124191 -0.2741586 -0.03572864 0.9529623
5.7796 FirstCar -13.87567 0.025 2.97 0 90 0 0 0.7071068 0 0.7071068 5.650869 0
5.7796 SecondCar -46.42424 0.025 2.97 0 90 0 0 0.7071068 0 0.7071068 5.632836 0
5.7799 Head 0 1.6 0.78 345.15 327.8999 0 -0.124191 -0.2741586 -0.03572864 0.9529623
5.7799 FirstCar -13.87372 0.025 2.97 0 90 0 0 0.7071068 0 0.7071068 5.65004 0
5.7799 SecondCar -46.42229 0.025 2.97 0 90 0 0 0.7071068 0 0.7071068 5.632008 0
5.7803 Head 0 1.6 0.78 345.15 327.8999 0 -0.124191 -0.2741586 -0.03572864 0.9529623
5.7803 FirstCar -13.87164 0.025 2.97 0 90 0 0 0.7071068 0 0.7071068 5.649158 0
5.7803 SecondCar -46.42022 0.025 2.97 0 90 0 0 0.7071068 0 0.7071068 5.631125 0
5.7806 Head 0 1.6 0.78 345.15 327.8999 0 -0.124191 -0.2741586 -0.03572864 0.9529623
5.7806 FirstCar -13.86972 0.025 2.97 0 90 0 0 0.7071068 0 0.7071068 5.64834 0
5.7806 SecondCar -46.4183 0.025 2.97 0 90 0 0 0.7071068 0 0.7071068 5.630308 0
5.7809 Head 0 1.6 0.78 345.15 327.8999 0 -0.124191 -0.2741586 -0.03572864 0.9529623
5.7809 FirstCar -13.86786 0.025 2.97 0 90 0 0 0.7071068 0 0.7071068 5.647549 0
5.7809 SecondCar -46.41645 0.025 2.97 0 90 0 0 0.7071068 0 0.7071068 5.629516 0
5.7813 Head 0 1.6 0.78 345.15 327.8999 0 -0.124191 -0.2741586 -0.03572864 0.9529623
5.7813 FirstCar -13.86589 0.025 2.97 0 90 0 0 0.7071068 0 0.7071068 5.646712 0
5.7813 SecondCar -46.41449 0.025 2.97 0 90 0 0 0.7071068 0 0.7071068 5.62868 0
5.7816 Head 0 1.6 0.78 345.15 327.8999 0 -0.124191 -0.2741586 -0.03572864 0.9529623
5.7816 FirstCar -13.86403 0.025 2.97 0 90 0 0 0.7071068 0 0.7071068 5.645924 0
5.7816 SecondCar -46.41264 0.025 2.97 0 90 0 0 0.7071068 0 0.7071068 5.627891 0
5.7820 Head 0 1.6 0.78 345.15 327.8999 0 -0.124191 -0.2741586 -0.03572864 0.9529623
5.7820 FirstCar -13.86209 0.025 2.97 0 90 0 0 0.7071068 0 0.7071068 5.645098 0
5.7820 SecondCar -46.4107 0.025 2.97 0 90 0 0 0.7071068 0 0.7071068 5.627065 0
5.7823 Head 0 1.6 0.78 345.15 327.8999 0 -0.124191 -0.2741586 -0.03572864 0.9529623
5.7823 FirstCar -13.86016 0.025 2.97 0 90 0 0 0.7071068 0 0.7071068 5.644275 0
5.7823 SecondCar -46.40877 0.025 2.97 0 90 0 0 0.7071068 0 0.7071068 5.626242 0
5.7826 Head 0 1.6 0.78 345.15 327.8999 0 -0.124191 -0.2741586 -0.03572864 0.9529623
5.7826 FirstCar -13.85823 0.025 2.97 0 90 0 0 0.7071068 0 0.7071068 5.643457 0
5.7826 SecondCar -46.40685 0.025 2.97 0 90 0 0 0.7071068 0 0.7071068 5.625424 0
5.7830 Head 0 1.6 0.78 345.15 327.8999 0 -0.124191 -0.2741586 -0.03572864 0.9529623
5.7830 FirstCar -13.85633 0.025 2.97 0 90 0 0 0.7071068 0 0.7071068 5.642646 0
5.7830 SecondCar -46.40495 0.025 2.97 0 90 0 0 0.7071068 0 0.7071068 5.624613 0
5.7833 Head 0 1.6 0.78 345.15 327.8999 0 -0.124191 -0.2741586 -0.03572864 0.9529623
5.7833 FirstCar -13.85445 0.025 2.97 0 90 0 0 0.7071068 0 0.7071068 5.641847 0
5.7833 SecondCar -46.40308 0.025 2.97 0 90 0 0 0.7071068 0 0.7071068 5.623815 0
5.7836 Head 0 1.6 0.78 345.15 327.8999 0 -0.124191 -0.2741586 -0.03572864 0.9529623
5.7836 FirstCar -13.8526 0.025 2.97 0 90 0 0 0.7071068 0 0.7071068 5.641062 0
5.7836 SecondCar -46.40125 0.025 2.97 0 90 0 0 0.7071068 0 0.7071068 5.62303 0
5.7840 Head 0 1.6 0.78 345.15 327.8999 0 -0.124191 -0.2741586 -0.03572864 0.9529623
5.7840 FirstCar -13.85078 0.025 2.97 0 90 0 0 0.7071068 0 0.7071068 5.640285 0
5.7840 SecondCar -46.39942 0.025 2.97 0 90 0 0 0.7071068 0 0.7071068 5.622252 0
5.7843 Head 0 1.6 0.78 345.15 327.8999 0 -0.124191 -0.2741586 -0.03572864 0.9529623
5.7843 FirstCar -13.84889 0.025 2.97 0 90 0 0 0.7071068 0 0.7071068 5.639481 0
5.7843 SecondCar -46.39754 0.025 2.97 0 90 0 0 0.7071068 0 0.7071068 5.621449 0
5.7846 Head 0 1.6 0.78 345.15 327.8999 0 -0.124191 -0.2741586 -0.03572864 0.9529623
5.7846 FirstCar -13.84703 0.025 2.97 0 90 0 0 0.7071068 0 0.7071068 5.638692 0
5.7846 SecondCar -46.39569 0.025 2.97 0 90 0 0 0.7071068 0 0.7071068 5.620659 0
5.7850 Head 0 1.6 0.78 345.15 327.8999 0 -0.124191 -0.2741586 -0.03572864 0.9529623
5.7850 FirstCar -13.84516 0.025 2.97 0 90 0 0 0.7071068 0 0.7071068 5.637897 0
5.7850 SecondCar -46.39383 0.025 2.97 0 90 0 0 0.7071068 0 0.7071068 5.619864 0
5.7853 Head 0 1.6 0.78 345.15 327.8999 0 -0.124191 -0.2741586 -0.03572864 0.9529623
5.7853 FirstCar -13.84334 0.025 2.97 0 90 0 0 0.7071068 0 0.7071068 5.637121 0
5.7853 SecondCar -46.39201 0.025 2.97 0 90 0 0 0.7071068 0 0.7071068 5.619089 0
5.7856 Head 0 1.6 0.78 345.15 327.8999 0 -0.124191 -0.2741586 -0.03572864 0.9529623
5.7856 FirstCar -13.84149 0.025 2.97 0 90 0 0 0.7071068 0 0.7071068 5.636334 0
5.7856 SecondCar -46.39017 0.025 2.97 0 90 0 0 0.7071068 0 0.7071068 5.618302 0
5.7859 Head 0 1.6 0.78 345.15 327.8999 0 -0.124191 -0.2741586 -0.03572864 0.9529623
5.7859 FirstCar -13.83963 0.025 2.97 0 90 0 0 0.7071068 0 0.7071068 5.635542 0
5.7859 SecondCar -46.38832 0.025 2.97 0 90 0 0 0.7071068 0 0.7071068 5.61751 0
5.7863 Head 0 1.6 0.78 345.15 327.8999 0 -0.124191 -0.2741586 -0.03572864 0.9529623
5.7863 FirstCar -13.83771 0.025 2.97 0 90 0 0 0.7071068 0 0.7071068 5.634722 0
5.7863 SecondCar -46.3864 0.025 2.97 0 90 0 0 0.7071068 0 0.7071068 5.61669 0
5.7867 Head 0 1.6 0.78 345.15 327.8999 0 -0.124191 -0.2741586 -0.03572864 0.9529623
5.7867 FirstCar -13.83559 0.025 2.97 0 90 0 0 0.7071068 0 0.7071068 5.633821 0
5.7867 SecondCar -46.38429 0.025 2.97 0 90 0 0 0.7071068 0 0.7071068 5.615788 0
5.7870 Head 0 1.6 0.78 345.15 327.8999 0 -0.124191 -0.2741586 -0.03572864 0.9529623
5.7870 FirstCar -13.83366 0.025 2.97 0 90 0 0 0.7071068 0 0.7071068 5.632999 0
5.7870 SecondCar -46.38237 0.025 2.97 0 90 0 0 0.7071068 0 0.7071068 5.614967 0
5.7873 Head 0 1.6 0.78 345.15 327.8999 0 -0.124191 -0.2741586 -0.03572864 0.9529623
5.7873 FirstCar -13.83178 0.025 2.97 0 90 0 0 0.7071068 0 0.7071068 5.632195 0
5.7873 SecondCar -46.38049 0.025 2.97 0 90 0 0 0.7071068 0 0.7071068 5.614163 0
5.7877 Head 0 1.6 0.78 345.15 327.8999 0 -0.124191 -0.2741586 -0.03572864 0.9529623
5.7877 FirstCar -13.8299 0.025 2.97 0 90 0 0 0.7071068 0 0.7071068 5.631394 0
5.7877 SecondCar -46.37861 0.025 2.97 0 90 0 0 0.7071068 0 0.7071068 5.613362 0
5.7880 Head 0 1.6 0.78 345.15 327.8999 0 -0.124191 -0.2741586 -0.03572864 0.9529623
5.7880 FirstCar -13.82798 0.025 2.97 0 90 0 0 0.7071068 0 0.7071068 5.630577 0
5.7880 SecondCar -46.3767 0.025 2.97 0 90 0 0 0.7071068 0 0.7071068 5.612545 0
5.7884 Head 0 1.6 0.78 345.15 327.8999 0 -0.124191 -0.2741586 -0.03572864 0.9529623
5.7884 FirstCar -13.8258 0.025 2.97 0 90 0 0 0.7071068 0 0.7071068 5.629646 0
5.7884 SecondCar -46.37453 0.025 2.97 0 90 0 0 0.7071068 0 0.7071068 5.611614 0
5.7887 Head 0 1.6 0.78 345.15 327.8999 0 -0.124191 -0.2741586 -0.03572864 0.9529623
5.7887 FirstCar -13.82385 0.025 2.97 0 90 0 0 0.7071068 0 0.7071068 5.628815 0
5.7887 SecondCar -46.37258 0.025 2.97 0 90 0 0 0.7071068 0 0.7071068 5.610782 0
5.7891 Head 0 1.6 0.78 345.15 327.8999 0 -0.124191 -0.2741586 -0.03572864 0.9529623
5.7891 FirstCar -13.8219 0.025 2.97 0 90 0 0 0.7071068 0 0.7071068 5.627984 0
5.7891 SecondCar -46.37064 0.025 2.97 0 90 0 0 0.7071068 0 0.7071068 5.609951 0
5.7894 Head 0 1.6 0.78 345.15 327.8999 0 -0.124191 -0.2741586 -0.03572864 0.9529623
5.7894 FirstCar -13.82005 0.025 2.97 0 90 0 0 0.7071068 0 0.7071068 5.627193 0
5.7894 SecondCar -46.36879 0.025 2.97 0 90 0 0 0.7071068 0 0.7071068 5.609161 0
5.7897 Head 0 1.6 0.78 345.15 327.8999 0 -0.124191 -0.2741586 -0.03572864 0.9529623
5.7897 FirstCar -13.81822 0.025 2.97 0 90 0 0 0.7071068 0 0.7071068 5.626414 0
5.7897 SecondCar -46.36697 0.025 2.97 0 90 0 0 0.7071068 0 0.7071068 5.608382 0
5.7901 Head 0 1.6 0.78 345.15 327.8999 0 -0.124191 -0.2741586 -0.03572864 0.9529623
5.7901 FirstCar -13.81626 0.025 2.97 0 90 0 0 0.7071068 0 0.7071068 5.625577 0
5.7901 SecondCar -46.36502 0.025 2.97 0 90 0 0 0.7071068 0 0.7071068 5.607545 0
5.7907 Head 0 1.6 0.78 345.15 327.8999 0 -0.124191 -0.2741586 -0.03572864 0.9529623
5.7907 FirstCar -13.81279 0.025 2.97 0 90 0 0 0.7071068 0 0.7071068 5.624096 0
5.7907 SecondCar -46.36156 0.025 2.97 0 90 0 0 0.7071068 0 0.7071068 5.606063 0
5.7911 Head 0 1.6 0.78 345.15 327.8999 0 -0.124191 -0.2741586 -0.03572864 0.9529623
5.7911 FirstCar -13.81063 0.025 2.97 0 90 0 0 0.7071068 0 0.7071068 5.623175 0
5.7911 SecondCar -46.35941 0.025 2.97 0 90 0 0 0.7071068 0 0.7071068 5.605142 0
5.7915 Head 0 1.6 0.78 345.15 327.8999 0 -0.124191 -0.2741586 -0.03572864 0.9529623
5.7915 FirstCar -13.80855 0.025 2.97 0 90 0 0 0.7071068 0 0.7071068 5.622287 0
5.7915 SecondCar -46.35733 0.025 2.97 0 90 0 0 0.7071068 0 0.7071068 5.604255 0
5.7918 Head 0 1.6 0.78 345.15 327.8999 0 -0.124191 -0.2741586 -0.03572864 0.9529623
5.7918 FirstCar -13.80641 0.025 2.97 0 90 0 0 0.7071068 0 0.7071068 5.621372 0
5.7918 SecondCar -46.3552 0.025 2.97 0 90 0 0 0.7071068 0 0.7071068 5.60334 0
5.7922 Head 0 1.6 0.78 345.15 327.8999 0 -0.124191 -0.2741586 -0.03572864 0.9529623
5.7922 FirstCar -13.80436 0.025 2.97 0 90 0 0 0.7071068 0 0.7071068 5.620498 0
5.7922 SecondCar -46.35316 0.025 2.97 0 90 0 0 0.7071068 0 0.7071068 5.602466 0
5.7926 Head 0 1.6 0.78 345.15 327.8999 0 -0.124191 -0.2741586 -0.03572864 0.9529623
5.7926 FirstCar -13.80232 0.025 2.97 0 90 0 0 0.7071068 0 0.7071068 5.619626 0
5.7926 SecondCar -46.35112 0.025 2.97 0 90 0 0 0.7071068 0 0.7071068 5.601593 0
5.7929 Head 0 1.6 0.78 345.15 327.8999 0 -0.124191 -0.2741586 -0.03572864 0.9529623
5.7929 FirstCar -13.80034 0.025 2.97 0 90 0 0 0.7071068 0 0.7071068 5.618782 0
5.7929 SecondCar -46.34915 0.025 2.97 0 90 0 0 0.7071068 0 0.7071068 5.600749 0
5.7933 Head 0 1.6 0.78 345.15 327.8999 0 -0.124191 -0.2741586 -0.03572864 0.9529623
5.7933 FirstCar -13.79821 0.025 2.97 0 90 0 0 0.7071068 0 0.7071068 5.617873 0
5.7933 SecondCar -46.34703 0.025 2.97 0 90 0 0 0.7071068 0 0.7071068 5.59984 0
5.7937 Head 0 1.6 0.78 345.15 327.8999 0 -0.124191 -0.2741586 -0.03572864 0.9529623
5.7937 FirstCar -13.79623 0.025 2.97 0 90 0 0 0.7071068 0 0.7071068 5.617026 0
5.7937 SecondCar -46.34505 0.025 2.97 0 90 0 0 0.7071068 0 0.7071068 5.598993 0
5.7940 Head 0 1.6 0.78 345.15 327.8999 0 -0.124191 -0.2741586 -0.03572864 0.9529623
5.7940 FirstCar -13.79431 0.025 2.97 0 90 0 0 0.7071068 0 0.7071068 5.616203 0
5.7940 SecondCar -46.34314 0.025 2.97 0 90 0 0 0.7071068 0 0.7071068 5.598171 0
5.7944 Head 0 1.6 0.78 345.15 327.8999 0 -0.124191 -0.2741586 -0.03572864 0.9529623
5.7944 FirstCar -13.7919 0.025 2.97 0 90 0 0 0.7071068 0 0.7071068 5.615175 0
5.7944 SecondCar -46.34074 0.025 2.97 0 90 0 0 0.7071068 0 0.7071068 5.597143 0
5.7948 Head 0 1.6 0.78 345.15 327.8999 0 -0.124191 -0.2741586 -0.03572864 0.9529623
5.7948 FirstCar -13.78977 0.025 2.97 0 90 0 0 0.7071068 0 0.7071068 5.614266 0
5.7948 SecondCar -46.33862 0.025 2.97 0 90 0 0 0.7071068 0 0.7071068 5.596233 0
5.7952 Head 0 1.6 0.78 345.15 327.8999 0 -0.124191 -0.2741586 -0.03572864 0.9529623
5.7952 FirstCar -13.78785 0.025 2.97 0 90 0 0 0.7071068 0 0.7071068 5.613443 0
5.7952 SecondCar -46.3367 0.025 2.97 0 90 0 0 0.7071068 0 0.7071068 5.59541 0
5.7955 Head 0 1.6 0.78 345.15 327.8999 0 -0.124191 -0.2741586 -0.03572864 0.9529623
5.7955 FirstCar -13.78591 0.025 2.97 0 90 0 0 0.7071068 0 0.7071068 5.612614 0
5.7955 SecondCar -46.33477 0.025 2.97 0 90 0 0 0.7071068 0 0.7071068 5.594582 0
5.7959 Head 0 1.6 0.78 345.15 327.8999 0 -0.124191 -0.2741586 -0.03572864 0.9529623
5.7959 FirstCar -13.78391 0.025 2.97 0 90 0 0 0.7071068 0 0.7071068 5.611757 0
5.7959 SecondCar -46.33277 0.025 2.97 0 90 0 0 0.7071068 0 0.7071068 5.593725 0
5.7962 Head 0 1.6 0.78 345.15 327.8999 0 -0.124191 -0.2741586 -0.03572864 0.9529623
5.7962 FirstCar -13.78201 0.025 2.97 0 90 0 0 0.7071068 0 0.7071068 5.610945 0
5.7962 SecondCar -46.33088 0.025 2.97 0 90 0 0 0.7071068 0 0.7071068 5.592913 0
5.7965 Head 0 1.6 0.78 345.15 327.8999 0 -0.124191 -0.2741586 -0.03572864 0.9529623
5.7965 FirstCar -13.78013 0.025 2.97 0 90 0 0 0.7071068 0 0.7071068 5.610142 0
5.7965 SecondCar -46.32901 0.025 2.97 0 90 0 0 0.7071068 0 0.7071068 5.59211 0
5.7969 Head 0 1.6 0.78 345.15 327.8999 0 -0.124191 -0.2741586 -0.03572864 0.9529623
5.7969 FirstCar -13.77818 0.025 2.97 0 90 0 0 0.7071068 0 0.7071068 5.609306 0
5.7969 SecondCar -46.32706 0.025 2.97 0 90 0 0 0.7071068 0 0.7071068 5.591273 0
5.7972 Head 0 1.6 0.78 345.15 327.8999 0 -0.124191 -0.2741586 -0.03572864 0.9529623
5.7972 FirstCar -13.77626 0.025 2.97 0 90 0 0 0.7071068 0 0.7071068 5.608487 0
5.7972 SecondCar -46.32515 0.025 2.97 0 90 0 0 0.7071068 0 0.7071068 5.590454 0
5.7976 Head 0 1.6 0.78 345.15 327.8999 0 -0.124191 -0.2741586 -0.03572864 0.9529623
5.7976 FirstCar -13.77433 0.025 2.97 0 90 0 0 0.7071068 0 0.7071068 5.607658 0
5.7976 SecondCar -46.32322 0.025 2.97 0 90 0 0 0.7071068 0 0.7071068 5.589626 0
5.7979 Head 0 1.6 0.78 345.15 327.8999 0 -0.124191 -0.2741586 -0.03572864 0.9529623
5.7979 FirstCar -13.77235 0.025 2.97 0 90 0 0 0.7071068 0 0.7071068 5.606813 0
5.7979 SecondCar -46.32125 0.025 2.97 0 90 0 0 0.7071068 0 0.7071068 5.588781 0
5.7982 Head 0 1.6 0.78 345.15 327.8999 0 -0.124191 -0.2741586 -0.03572864 0.9529623
5.7982 FirstCar -13.77049 0.025 2.97 0 90 0 0 0.7071068 0 0.7071068 5.606015 0
5.7982 SecondCar -46.3194 0.025 2.97 0 90 0 0 0.7071068 0 0.7071068 5.587983 0
5.7986 Head 0 1.6 0.78 345.15 327.8999 0 -0.124191 -0.2741586 -0.03572864 0.9529623
5.7986 FirstCar -13.76847 0.025 2.97 0 90 0 0 0.7071068 0 0.7071068 5.605152 0
5.7986 SecondCar -46.31739 0.025 2.97 0 90 0 0 0.7071068 0 0.7071068 5.58712 0
5.7989 Head 0 1.6 0.78 345.15 327.8999 0 -0.124191 -0.2741586 -0.03572864 0.9529623
5.7989 FirstCar -13.76658 0.025 2.97 0 90 0 0 0.7071068 0 0.7071068 5.604343 0
5.7989 SecondCar -46.3155 0.025 2.97 0 90 0 0 0.7071068 0 0.7071068 5.58631 0
5.7993 Head 0 1.6 0.78 345.15 327.8999 0 -0.124191 -0.2741586 -0.03572864 0.9529623
5.7993 FirstCar -13.7647 0.025 2.97 0 90 0 0 0.7071068 0 0.7071068 5.603536 0
5.7993 SecondCar -46.31363 0.025 2.97 0 90 0 0 0.7071068 0 0.7071068 5.585503 0
5.7996 Head 0 1.6 0.78 345.15 327.8999 0 -0.124191 -0.2741586 -0.03572864 0.9529623
5.7996 FirstCar -13.76276 0.025 2.97 0 90 0 0 0.7071068 0 0.7071068 5.602705 0
5.7996 SecondCar -46.3117 0.025 2.97 0 90 0 0 0.7071068 0 0.7071068 5.584673 0
5.8000 Head 0 1.6 0.78 345.15 327.8999 0 -0.124191 -0.2741586 -0.03572864 0.9529623
5.8000 FirstCar -13.76086 0.025 2.97 0 90 0 0 0.7071068 0 0.7071068 5.601889 0
5.8000 SecondCar -46.3098 0.025 2.97 0 90 0 0 0.7071068 0 0.7071068 5.583857 0
5.8003 Head 0 1.6 0.78 345.15 327.8999 0 -0.124191 -0.2741586 -0.03572864 0.9529623
5.8003 FirstCar -13.75876 0.025 2.97 0 90 0 0 0.7071068 0 0.7071068 5.600989 0
5.8003 SecondCar -46.3077 0.025 2.97 0 90 0 0 0.7071068 0 0.7071068 5.582957 0
5.8007 Head 0 1.6 0.78 345.15 327.8999 0 -0.124191 -0.2741586 -0.03572864 0.9529623
5.8007 FirstCar -13.75684 0.025 2.97 0 90 0 0 0.7071068 0 0.7071068 5.600167 0
5.8007 SecondCar -46.30579 0.025 2.97 0 90 0 0 0.7071068 0 0.7071068 5.582135 0
5.8010 Head 0 1.6 0.78 345.15 327.8999 0 -0.124191 -0.2741586 -0.03572864 0.9529623
5.8010 FirstCar -13.75493 0.025 2.97 0 90 0 0 0.7071068 0 0.7071068 5.599351 0
5.8010 SecondCar -46.30389 0.025 2.97 0 90 0 0 0.7071068 0 0.7071068 5.581319 0
5.8014 Head 0 1.6 0.78 345.15 327.8999 0 -0.124191 -0.2741586 -0.03572864 0.9529623
5.8014 FirstCar -13.75287 0.025 2.97 0 90 0 0 0.7071068 0 0.7071068 5.598465 0
5.8014 SecondCar -46.30183 0.025 2.97 0 90 0 0 0.7071068 0 0.7071068 5.580432 0
5.8018 Head 0 1.6 0.78 345.15 327.8999 0 -0.124191 -0.2741586 -0.03572864 0.9529623
5.8018 FirstCar -13.75084 0.025 2.97 0 90 0 0 0.7071068 0 0.7071068 5.597598 0
5.8018 SecondCar -46.29982 0.025 2.97 0 90 0 0 0.7071068 0 0.7071068 5.579565 0
5.8021 Head 0 1.6 0.78 345.15 327.8999 0 -0.124191 -0.2741586 -0.03572864 0.9529623
5.8021 FirstCar -13.74877 0.025 2.97 0 90 0 0 0.7071068 0 0.7071068 5.596709 0
5.8021 SecondCar -46.29775 0.025 2.97 0 90 0 0 0.7071068 0 0.7071068 5.578676 0
5.8025 Head 0 1.6 0.78 345.15 327.8999 0 -0.124191 -0.2741586 -0.03572864 0.9529623
5.8025 FirstCar -13.74685 0.025 2.97 0 90 0 0 0.7071068 0 0.7071068 5.595887 0
5.8025 SecondCar -46.29584 0.025 2.97 0 90 0 0 0.7071068 0 0.7071068 5.577855 0
5.8028 Head 0 1.6 0.78 345.15 327.8999 0 -0.124191 -0.2741586 -0.03572864 0.9529623
5.8028 FirstCar -13.74489 0.025 2.97 0 90 0 0 0.7071068 0 0.7071068 5.595046 0
5.8028 SecondCar -46.29388 0.025 2.97 0 90 0 0 0.7071068 0 0.7071068 5.577013 0
5.8032 Head 0 1.6 0.78 345.15 327.8999 0 -0.124191 -0.2741586 -0.03572864 0.9529623
5.8032 FirstCar -13.74293 0.025 2.97 0 90 0 0 0.7071068 0 0.7071068 5.594204 0
5.8032 SecondCar -46.29193 0.025 2.97 0 90 0 0 0.7071068 0 0.7071068 5.576172 0
5.8035 Head 0 1.6 0.78 345.15 327.8999 0 -0.124191 -0.2741586 -0.03572864 0.9529623
5.8035 FirstCar -13.74087 0.025 2.97 0 90 0 0 0.7071068 0 0.7071068 5.593319 0
5.8035 SecondCar -46.28987 0.025 2.97 0 90 0 0 0.7071068 0 0.7071068 5.575287 0
5.8039 Head 0 1.6 0.78 345.15 327.8999 0 -0.124191 -0.2741586 -0.03572864 0.9529623
5.8039 FirstCar -13.73895 0.025 2.97 0 90 0 0 0.7071068 0 0.7071068 5.592495 0
5.8039 SecondCar -46.28796 0.025 2.97 0 90 0 0 0.7071068 0 0.7071068 5.574462 0
5.8042 Head 0 1.6 0.78 345.15 327.8999 0 -0.124191 -0.2741586 -0.03572864 0.9529623
5.8042 FirstCar -13.73704 0.025 2.97 0 90 0 0 0.7071068 0 0.7071068 5.591677 0
5.8042 SecondCar -46.28606 0.025 2.97 0 90 0 0 0.7071068 0 0.7071068 5.573645 0
5.8046 Head 0 1.6 0.78 345.15 327.8999 0 -0.124191 -0.2741586 -0.03572864 0.9529623
5.8046 FirstCar -13.73519 0.025 2.97 0 90 0 0 0.7071068 0 0.7071068 5.590883 0
5.8046 SecondCar -46.28421 0.025 2.97 0 90 0 0 0.7071068 0 0.7071068 5.57285 0
5.8049 Head 0 1.6 0.78 345.15 327.8999 0 -0.124191 -0.2741586 -0.03572864 0.9529623
5.8049 FirstCar -13.73317 0.025 2.97 0 90 0 0 0.7071068 0 0.7071068 5.590015 0
5.8049 SecondCar -46.2822 0.025 2.97 0 90 0 0 0.7071068 0 0.7071068 5.571983 0
5.8052 Head 0 1.6 0.78 345.15 327.8999 0 -0.124191 -0.2741586 -0.03572864 0.9529623
5.8052 FirstCar -13.73129 0.025 2.97 0 90 0 0 0.7071068 0 0.7071068 5.589206 0
5.8052 SecondCar -46.28032 0.025 2.97 0 90 0 0 0.7071068 0 0.7071068 5.571173 0
5.8056 Head 0 1.6 0.78 345.15 327.8999 0 -0.124191 -0.2741586 -0.03572864 0.9529623
5.8056 FirstCar -13.72942 0.025 2.97 0 90 0 0 0.7071068 0 0.7071068 5.588407 0
5.8056 SecondCar -46.27846 0.025 2.97 0 90 0 0 0.7071068 0 0.7071068 5.570374 0
5.8059 Head 0 1.6 0.78 345.15 327.8999 0 -0.124191 -0.2741586 -0.03572864 0.9529623
5.8059 FirstCar -13.72754 0.025 2.97 0 90 0 0 0.7071068 0 0.7071068 5.587596 0
5.8059 SecondCar -46.27658 0.025 2.97 0 90 0 0 0.7071068 0 0.7071068 5.569564 0
5.8063 Head 0 1.6 0.78 345.15 327.8999 0 -0.124191 -0.2741586 -0.03572864 0.9529623
5.8063 FirstCar -13.7257 0.025 2.97 0 90 0 0 0.7071068 0 0.7071068 5.586805 0
5.8063 SecondCar -46.27474 0.025 2.97 0 90 0 0 0.7071068 0 0.7071068 5.568772 0
5.8066 Head 0 1.6 0.78 345.15 327.8999 0 -0.124191 -0.2741586 -0.03572864 0.9529623
5.8066 FirstCar -13.72384 0.025 2.97 0 90 0 0 0.7071068 0 0.7071068 5.586007 0
5.8066 SecondCar -46.27289 0.025 2.97 0 90 0 0 0.7071068 0 0.7071068 5.567974 0
5.8069 Head 0 1.6 0.78 345.15 327.8999 0 -0.124191 -0.2741586 -0.03572864 0.9529623
5.8069 FirstCar -13.72196 0.025 2.97 0 90 0 0 0.7071068 0 0.7071068 5.585199 0
5.8069 SecondCar -46.27102 0.025 2.97 0 90 0 0 0.7071068 0 0.7071068 5.567166 0
5.8072 Head 0 1.6 0.78 345.15 327.8999 0 -0.124191 -0.2741586 -0.03572864 0.9529623
5.8072 FirstCar -13.72013 0.025 2.97 0 90 0 0 0.7071068 0 0.7071068 5.584414 0
5.8072 SecondCar -46.2692 0.025 2.97 0 90 0 0 0.7071068 0 0.7071068 5.566381 0
5.8076 Head 0 1.6 0.78 345.15 327.8999 0 -0.124191 -0.2741586 -0.03572864 0.9529623
5.8076 FirstCar -13.71831 0.025 2.97 0 90 0 0 0.7071068 0 0.7071068 5.583633 0
5.8076 SecondCar -46.26739 0.025 2.97 0 90 0 0 0.7071068 0 0.7071068 5.5656 0
5.8080 Head 0 1.6 0.78 345.15 327.8999 0 -0.124191 -0.2741586 -0.03572864 0.9529623
5.8080 FirstCar -13.7161 0.025 2.97 0 90 0 0 0.7071068 0 0.7071068 5.582679 0
5.8080 SecondCar -46.26517 0.025 2.97 0 90 0 0 0.7071068 0 0.7071068 5.564647 0
5.8083 Head 0 1.6 0.78 345.15 327.8999 0 -0.124191 -0.2741586 -0.03572864 0.9529623
5.8083 FirstCar -13.71417 0.025 2.97 0 90 0 0 0.7071068 0 0.7071068 5.581853 0
5.8083 SecondCar -46.26326 0.025 2.97 0 90 0 0 0.7071068 0 0.7071068 5.56382 0
5.8087 Head 0 1.6 0.78 345.15 327.8999 0 -0.124191 -0.2741586 -0.03572864 0.9529623
5.8087 FirstCar -13.71219 0.025 2.97 0 90 0 0 0.7071068 0 0.7071068 5.581002 0
5.8087 SecondCar -46.26129 0.025 2.97 0 90 0 0 0.7071068 0 0.7071068 5.562969 0
5.8090 Head 0 1.6 0.78 345.15 327.8999 0 -0.124191 -0.2741586 -0.03572864 0.9529623
5.8090 FirstCar -13.71025 0.025 2.97 0 90 0 0 0.7071068 0 0.7071068 5.580166 0
5.8090 SecondCar -46.25935 0.025 2.97 0 90 0 0 0.7071068 0 0.7071068 5.562134 0
5.8094 Head 0 1.6 0.78 345.15 327.8999 0 -0.124191 -0.2741586 -0.03572864 0.9529623
5.8094 FirstCar -13.70801 0.025 2.97 0 90 0 0 0.7071068 0 0.7071068 5.579202 0
5.8094 SecondCar -46.25712 0.025 2.97 0 90 0 0 0.7071068 0 0.7071068 5.56117 0
5.8097 Head 0 1.6 0.78 345.15 327.8999 0 -0.124191 -0.2741586 -0.03572864 0.9529623
5.8097 FirstCar -13.70618 0.025 2.97 0 90 0 0 0.7071068 0 0.7071068 5.578415 0
5.8097 SecondCar -46.25529 0.025 2.97 0 90 0 0 0.7071068 0 0.7071068 5.560383 0
5.8101 Head 0 1.6 0.78 345.15 327.8999 0 -0.124191 -0.2741586 -0.03572864 0.9529623
5.8101 FirstCar -13.70431 0.025 2.97 0 90 0 0 0.7071068 0 0.7071068 5.577608 0
5.8101 SecondCar -46.25343 0.025 2.97 0 90 0 0 0.7071068 0 0.7071068 5.559576 0
5.8105 Head 0 1.6 0.78 345.15 327.8999 0 -0.124191 -0.2741586 -0.03572864 0.9529623
5.8105 FirstCar -13.70221 0.025 2.97 0 90 0 0 0.7071068 0 0.7071068 5.576707 0
5.8105 SecondCar -46.25134 0.025 2.97 0 90 0 0 0.7071068 0 0.7071068 5.558675 0
5.8111 Head 0 1.6 0.78 345.15 327.8999 0 -0.124191 -0.2741586 -0.03572864 0.9529623
5.8111 FirstCar -13.69879 0.025 2.97 0 90 0 0 0.7071068 0 0.7071068 5.575233 0
5.8111 SecondCar -46.24792 0.025 2.97 0 90 0 0 0.7071068 0 0.7071068 5.5572 0
5.8115 Head 0 1.6 0.78 345.15 327.8999 0 -0.124191 -0.2741586 -0.03572864 0.9529623
5.8115 FirstCar -13.69661 0.025 2.97 0 90 0 0 0.7071068 0 0.7071068 5.574295 0
5.8115 SecondCar -46.24575 0.025 2.97 0 90 0 0 0.7071068 0 0.7071068 5.556262 0
5.8118 Head 0 1.6 0.78 345.15 327.8999 0 -0.124191 -0.2741586 -0.03572864 0.9529623
5.8118 FirstCar -13.69461 0.025 2.97 0 90 0 0 0.7071068 0 0.7071068 5.573434 0
5.8118 SecondCar -46.24376 0.025 2.97 0 90 0 0 0.7071068 0 0.7071068 5.555402 0
5.8122 Head 0 1.6 0.78 345.15 327.8999 0 -0.124191 -0.2741586 -0.03572864 0.9529623
5.8122 FirstCar -13.69265 0.025 2.97 0 90 0 0 0.7071068 0 0.7071068 5.572591 0
5.8122 SecondCar -46.24181 0.025 2.97 0 90 0 0 0.7071068 0 0.7071068 5.554558 0
5.8126 Head 0 1.6 0.78 345.15 327.8999 0 -0.124191 -0.2741586 -0.03572864 0.9529623
5.8126 FirstCar -13.69029 0.025 2.97 0 90 0 0 0.7071068 0 0.7071068 5.571575 0
5.8126 SecondCar -46.23946 0.025 2.97 0 90 0 0 0.7071068 0 0.7071068 5.553543 0
5.8130 Head 0 1.6 0.78 345.15 327.8999 0 -0.124191 -0.2741586 -0.03572864 0.9529623
5.8130 FirstCar -13.68814 0.025 2.97 0 90 0 0 0.7071068 0 0.7071068 5.570648 0
5.8130 SecondCar -46.23732 0.025 2.97 0 90 0 0 0.7071068 0 0.7071068 5.552616 0
5.8133 Head 0 1.6 0.78 345.15 327.8999 0 -0.124191 -0.2741586 -0.03572864 0.9529623
5.8133 FirstCar -13.68615 0.025 2.97 0 90 0 0 0.7071068 0 0.7071068 5.569788 0
5.8133 SecondCar -46.23532 0.025 2.97 0 90 0 0 0.7071068 0 0.7071068 5.551755 0
5.8137 Head 0 1.6 0.78 345.15 327.8999 0 -0.124191 -0.2741586 -0.03572864 0.9529623
5.8137 FirstCar -13.68415 0.025 2.97 0 90 0 0 0.7071068 0 0.7071068 5.568928 0
5.8137 SecondCar -46.23334 0.025 2.97 0 90 0 0 0.7071068 0 0.7071068 5.550896 0
5.8141 Head 0 1.6 0.78 345.15 327.8999 0 -0.124191 -0.2741586 -0.03572864 0.9529623
5.8141 FirstCar -13.68208 0.025 2.97 0 90 0 0 0.7071068 0 0.7071068 5.568034 0
5.8141 SecondCar -46.23127 0.025 2.97 0 90 0 0 0.7071068 0 0.7071068 5.550002 0
5.8144 Head 0 1.6 0.78 345.15 327.8999 0 -0.124191 -0.2741586 -0.03572864 0.9529623
5.8144 FirstCar -13.67997 0.025 2.97 0 90 0 0 0.7071068 0 0.7071068 5.567128 0
5.8144 SecondCar -46.22918 0.025 2.97 0 90 0 0 0.7071068 0 0.7071068 5.549095 0
5.8148 Head 0 1.6 0.78 345.15 327.8999 0 -0.124191 -0.2741586 -0.03572864 0.9529623
5.8148 FirstCar -13.67811 0.025 2.97 0 90 0 0 0.7071068 0 0.7071068 5.566323 0
5.8148 SecondCar -46.22731 0.025 2.97 0 90 0 0 0.7071068 0 0.7071068 5.548291 0
5.8151 Head 0 1.6 0.78 345.15 327.8999 0 -0.124191 -0.2741586 -0.03572864 0.9529623
5.8151 FirstCar -13.67628 0.025 2.97 0 90 0 0 0.7071068 0 0.7071068 5.565533 0
5.8151 SecondCar -46.22549 0.025 2.97 0 90 0 0 0.7071068 0 0.7071068 5.547501 0
5.8154 Head 0 1.6 0.78 345.15 327.8999 0 -0.124191 -0.2741586 -0.03572864 0.9529623
5.8154 FirstCar -13.67448 0.025 2.97 0 90 0 0 0.7071068 0 0.7071068 5.564757 0
5.8154 SecondCar -46.22369 0.025 2.97 0 90 0 0 0.7071068 0 0.7071068 5.546725 0
5.8158 Head 0 1.6 0.78 345.15 327.8999 0 -0.124191 -0.2741586 -0.03572864 0.9529623
5.8158 FirstCar -13.67262 0.025 2.97 0 90 0 0 0.7071068 0 0.7071068 5.563955 0
5.8158 SecondCar -46.22184 0.025 2.97 0 90 0 0 0.7071068 0 0.7071068 5.545922 0
5.8161 Head 0 1.6 0.78 345.15 327.8999 0 -0.124191 -0.2741586 -0.03572864 0.9529623
5.8161 FirstCar -13.67073 0.025 2.97 0 90 0 0 0.7071068 0 0.7071068 5.563139 0
5.8161 SecondCar -46.21996 0.025 2.97 0 90 0 0 0.7071068 0 0.7071068 5.545107 0
5.8165 Head 0 1.6 0.78 345.15 327.8999 0 -0.124191 -0.2741586 -0.03572864 0.9529623
5.8165 FirstCar -13.6688 0.025 2.97 0 90 0 0 0.7071068 0 0.7071068 5.562308 0
5.8165 SecondCar -46.21804 0.025 2.97 0 90 0 0 0.7071068 0 0.7071068 5.544276 0
5.8168 Head 0 1.6 0.78 345.15 327.8999 0 -0.124191 -0.2741586 -0.03572864 0.9529623
5.8168 FirstCar -13.66697 0.025 2.97 0 90 0 0 0.7071068 0 0.7071068 5.561517 0
5.8168 SecondCar -46.21621 0.025 2.97 0 90 0 0 0.7071068 0 0.7071068 5.543485 0
5.8171 Head 0 1.6 0.78 345.15 327.8999 0 -0.124191 -0.2741586 -0.03572864 0.9529623
5.8171 FirstCar -13.66515 0.025 2.97 0 90 0 0 0.7071068 0 0.7071068 5.560733 0
5.8171 SecondCar -46.2144 0.025 2.97 0 90 0 0 0.7071068 0 0.7071068 5.5427 0
5.8176 Head 0 1.6 0.78 345.15 327.8999 0 -0.124191 -0.2741586 -0.03572864 0.9529623
5.8176 FirstCar -13.66262 0.025 2.97 0 90 0 0 0.7071068 0 0.7071068 5.559639 0
5.8176 SecondCar -46.21187 0.025 2.97 0 90 0 0 0.7071068 0 0.7071068 5.541607 0
5.8180 Head 0 1.6 0.78 345.15 327.8999 0 -0.124191 -0.2741586 -0.03572864 0.9529623
5.8180 FirstCar -13.66011 0.025 2.97 0 90 0 0 0.7071068 0 0.7071068 5.558556 0
5.8180 SecondCar -46.20937 0.025 2.97 0 90 0 0 0.7071068 0 0.7071068 5.540523 0
5.8184 Head 0 1.6 0.78 345.15 327.8999 0 -0.124191 -0.2741586 -0.03572864 0.9529623
5.8184 FirstCar -13.65788 0.025 2.97 0 90 0 0 0.7071068 0 0.7071068 5.557595 0
5.8184 SecondCar -46.20715 0.025 2.97 0 90 0 0 0.7071068 0 0.7071068 5.539563 0
5.8188 Head 0 1.6 0.78 345.15 327.8999 0 -0.124191 -0.2741586 -0.03572864 0.9529623
5.8188 FirstCar -13.65591 0.025 2.97 0 90 0 0 0.7071068 0 0.7071068 5.556743 0
5.8188 SecondCar -46.20518 0.025 2.97 0 90 0 0 0.7071068 0 0.7071068 5.53871 0
5.8191 Head 0 1.6 0.78 345.15 327.8999 0 -0.124191 -0.2741586 -0.03572864 0.9529623
5.8191 FirstCar -13.65396 0.025 2.97 0 90 0 0 0.7071068 0 0.7071068 5.555901 0
5.8191 SecondCar -46.20324 0.025 2.97 0 90 0 0 0.7071068 0 0.7071068 5.537868 0
5.8195 Head 0 1.6 0.78 345.15 327.8999 0 -0.124191 -0.2741586 -0.03572864 0.9529623
5.8195 FirstCar -13.65205 0.025 2.97 0 90 0 0 0.7071068 0 0.7071068 5.555078 0
5.8195 SecondCar -46.20134 0.025 2.97 0 90 0 0 0.7071068 0 0.7071068 5.537045 0
5.8198 Head 0 1.6 0.78 345.15 327.8999 0 -0.124191 -0.2741586 -0.03572864 0.9529623
5.8198 FirstCar -13.65014 0.025 2.97 0 90 0 0 0.7071068 0 0.7071068 5.554248 0
5.8198 SecondCar -46.19943 0.025 2.97 0 90 0 0 0.7071068 0 0.7071068 5.536215 0
5.8202 Head 0 1.6 0.78 345.15 327.8999 0 -0.124191 -0.2741586 -0.03572864 0.9529623
5.8202 FirstCar -13.64816 0.025 2.97 0 90 0 0 0.7071068 0 0.7071068 5.553392 0
5.8202 SecondCar -46.19746 0.025 2.97 0 90 0 0 0.7071068 0 0.7071068 5.53536 0
5.8206 Head 0 1.6 0.78 345.15 327.8999 0 -0.124191 -0.2741586 -0.03572864 0.9529623
5.8206 FirstCar -13.6457 0.025 2.97 0 90 0 0 0.7071068 0 0.7071068 5.552331 0
5.8206 SecondCar -46.19501 0.025 2.97 0 90 0 0 0.7071068 0 0.7071068 5.534299 0
5.8210 Head 0 1.6 0.78 345.15 327.8999 0 -0.124191 -0.2741586 -0.03572864 0.9529623
5.8210 FirstCar -13.64377 0.025 2.97 0 90 0 0 0.7071068 0 0.7071068 5.551496 0
5.8210 SecondCar -46.19308 0.025 2.97 0 90 0 0 0.7071068 0 0.7071068 5.533463 0
5.8213 Head 0 1.6 0.78 345.15 327.8999 0 -0.124191 -0.2741586 -0.03572864 0.9529623
5.8213 FirstCar -13.64187 0.025 2.97 0 90 0 0 0.7071068 0 0.7071068 5.550676 0
5.8213 SecondCar -46.1912 0.025 2.97 0 90 0 0 0.7071068 0 0.7071068 5.532644 0
5.8216 Head 0 1.6 0.78 345.15 327.8999 0 -0.124191 -0.2741586 -0.03572864 0.9529623
5.8216 FirstCar -13.63999 0.025 2.97 0 90 0 0 0.7071068 0 0.7071068 5.54986 0
5.8216 SecondCar -46.18932 0.025 2.97 0 90 0 0 0.7071068 0 0.7071068 5.531827 0
5.8220 Head 0 1.6 0.78 345.15 327.8999 0 -0.124191 -0.2741586 -0.03572864 0.9529623
5.8220 FirstCar -13.6381 0.025 2.97 0 90 0 0 0.7071068 0 0.7071068 5.549045 0
5.8220 SecondCar -46.18744 0.025 2.97 0 90 0 0 0.7071068 0 0.7071068 5.531012 0
5.8223 Head 0 1.6 0.78 345.15 327.8999 0 -0.124191 -0.2741586 -0.03572864 0.9529623
5.8223 FirstCar -13.63619 0.025 2.97 0 90 0 0 0.7071068 0 0.7071068 5.548217 0
5.8223 SecondCar -46.18553 0.025 2.97 0 90 0 0 0.7071068 0 0.7071068 5.530185 0
5.8227 Head 0 1.6 0.78 345.15 327.8999 0 -0.124191 -0.2741586 -0.03572864 0.9529623
5.8227 FirstCar -13.63437 0.025 2.97 0 90 0 0 0.7071068 0 0.7071068 5.547431 0
5.8227 SecondCar -46.18372 0.025 2.97 0 90 0 0 0.7071068 0 0.7071068 5.529398 0
5.8230 Head 0 1.6 0.78 345.15 327.8999 0 -0.124191 -0.2741586 -0.03572864 0.9529623
5.8230 FirstCar -13.63233 0.025 2.97 0 90 0 0 0.7071068 0 0.7071068 5.546547 0
5.8230 SecondCar -46.18168 0.025 2.97 0 90 0 0 0.7071068 0 0.7071068 5.528514 0
5.8233 Head 0 1.6 0.78 345.15 327.8999 0 -0.124191 -0.2741586 -0.03572864 0.9529623
5.8233 FirstCar -13.63052 0.025 2.97 0 90 0 0 0.7071068 0 0.7071068 5.545764 0
5.8233 SecondCar -46.17988 0.025 2.97 0 90 0 0 0.7071068 0 0.7071068 5.527732 0
5.8237 Head 0 1.6 0.78 345.15 327.8999 0 -0.124191 -0.2741586 -0.03572864 0.9529623
5.8237 FirstCar -13.62869 0.025 2.97 0 90 0 0 0.7071068 0 0.7071068 5.544973 0
5.8237 SecondCar -46.17805 0.025 2.97 0 90 0 0 0.7071068 0 0.7071068 5.52694 0
5.8240 Head 0 1.6 0.78 345.15 327.8999 0 -0.124191 -0.2741586 -0.03572864 0.9529623
5.8240 FirstCar -13.62687 0.025 2.97 0 90 0 0 0.7071068 0 0.7071068 5.544184 0
5.8240 SecondCar -46.17624 0.025 2.97 0 90 0 0 0.7071068 0 0.7071068 5.526152 0
5.8244 Head 0 1.6 0.78 345.15 327.8999 0 -0.124191 -0.2741586 -0.03572864 0.9529623
5.8244 FirstCar -13.62492 0.025 2.97 0 90 0 0 0.7071068 0 0.7071068 5.54334 0
5.8244 SecondCar -46.17429 0.025 2.97 0 90 0 0 0.7071068 0 0.7071068 5.525307 0
5.8248 Head 0 1.6 0.78 345.15 327.8999 0 -0.124191 -0.2741586 -0.03572864 0.9529623
5.8248 FirstCar -13.62274 0.025 2.97 0 90 0 0 0.7071068 0 0.7071068 5.542397 0
5.8248 SecondCar -46.17212 0.025 2.97 0 90 0 0 0.7071068 0 0.7071068 5.524365 0
5.8251 Head 0 1.6 0.78 345.15 327.8999 0 -0.124191 -0.2741586 -0.03572864 0.9529623
5.8251 FirstCar -13.62085 0.025 2.97 0 90 0 0 0.7071068 0 0.7071068 5.541578 0
5.8251 SecondCar -46.17024 0.025 2.97 0 90 0 0 0.7071068 0 0.7071068 5.523545 0
5.8254 Head 0 1.6 0.78 345.15 327.8999 0 -0.124191 -0.2741586 -0.03572864 0.9529623
5.8254 FirstCar -13.61898 0.025 2.97 0 90 0 0 0.7071068 0 0.7071068 5.54077 0
5.8254 SecondCar -46.16838 0.025 2.97 0 90 0 0 0.7071068 0 0.7071068 5.522737 0
5.8258 Head 0 1.6 0.78 345.15 327.8999 0 -0.124191 -0.2741586 -0.03572864 0.9529623
5.8258 FirstCar -13.61711 0.025 2.97 0 90 0 0 0.7071068 0 0.7071068 5.539957 0
5.8258 SecondCar -46.16651 0.025 2.97 0 90 0 0 0.7071068 0 0.7071068 5.521924 0
5.8261 Head 0 1.6 0.78 345.15 327.8999 0 -0.124191 -0.2741586 -0.03572864 0.9529623
5.8261 FirstCar -13.61529 0.025 2.97 0 90 0 0 0.7071068 0 0.7071068 5.53917 0
5.8261 SecondCar -46.1647 0.025 2.97 0 90 0 0 0.7071068 0 0.7071068 5.521137 0
5.8264 Head 0 1.6 0.78 345.15 327.8999 0 -0.124191 -0.2741586 -0.03572864 0.9529623
5.8264 FirstCar -13.61335 0.025 2.97 0 90 0 0 0.7071068 0 0.7071068 5.538328 0
5.8264 SecondCar -46.16276 0.025 2.97 0 90 0 0 0.7071068 0 0.7071068 5.520295 0
5.8268 Head 0 1.6 0.78 345.15 327.8999 0 -0.124191 -0.2741586 -0.03572864 0.9529623
5.8268 FirstCar -13.61141 0.025 2.97 0 90 0 0 0.7071068 0 0.7071068 5.537487 0
5.8268 SecondCar -46.16082 0.025 2.97 0 90 0 0 0.7071068 0 0.7071068 5.519454 0
5.8271 Head 0 1.6 0.78 345.15 327.8999 0 -0.124191 -0.2741586 -0.03572864 0.9529623
5.8271 FirstCar -13.60957 0.025 2.97 0 90 0 0 0.7071068 0 0.7071068 5.536691 0
5.8271 SecondCar -46.15899 0.025 2.97 0 90 0 0 0.7071068 0 0.7071068 5.518659 0
5.8275 Head 0 1.6 0.78 345.15 327.8999 0 -0.124191 -0.2741586 -0.03572864 0.9529623
5.8275 FirstCar -13.60768 0.025 2.97 0 90 0 0 0.7071068 0 0.7071068 5.53587 0
5.8275 SecondCar -46.1571 0.025 2.97 0 90 0 0 0.7071068 0 0.7071068 5.517837 0
5.8278 Head 0 1.6 0.78 345.15 327.8999 0 -0.124191 -0.2741586 -0.03572864 0.9529623
5.8278 FirstCar -13.60583 0.025 2.97 0 90 0 0 0.7071068 0 0.7071068 5.535068 0
5.8278 SecondCar -46.15526 0.025 2.97 0 90 0 0 0.7071068 0 0.7071068 5.517035 0
5.8282 Head 0 1.6 0.78 345.15 327.8999 0 -0.124191 -0.2741586 -0.03572864 0.9529623
5.8282 FirstCar -13.60388 0.025 2.97 0 90 0 0 0.7071068 0 0.7071068 5.534225 0
5.8282 SecondCar -46.15332 0.025 2.97 0 90 0 0 0.7071068 0 0.7071068 5.516192 0
5.8285 Head 0 1.6 0.78 345.15 327.8999 0 -0.124191 -0.2741586 -0.03572864 0.9529623
5.8285 FirstCar -13.60201 0.025 2.97 0 90 0 0 0.7071068 0 0.7071068 5.533412 0
5.8285 SecondCar -46.15145 0.025 2.97 0 90 0 0 0.7071068 0 0.7071068 5.51538 0
5.8288 Head 0 1.6 0.78 345.15 327.8999 0 -0.124191 -0.2741586 -0.03572864 0.9529623
5.8288 FirstCar -13.60017 0.025 2.97 0 90 0 0 0.7071068 0 0.7071068 5.532615 0
5.8288 SecondCar -46.14962 0.025 2.97 0 90 0 0 0.7071068 0 0.7071068 5.514583 0
5.8292 Head 0 1.6 0.78 345.15 327.8999 0 -0.124191 -0.2741586 -0.03572864 0.9529623
5.8292 FirstCar -13.59836 0.025 2.97 0 90 0 0 0.7071068 0 0.7071068 5.531827 0
5.8292 SecondCar -46.14781 0.025 2.97 0 90 0 0 0.7071068 0 0.7071068 5.513795 0
5.8295 Head 0 1.6 0.78 345.15 327.8999 0 -0.124191 -0.2741586 -0.03572864 0.9529623
5.8295 FirstCar -13.59656 0.025 2.97 0 90 0 0 0.7071068 0 0.7071068 5.531049 0
5.8295 SecondCar -46.14602 0.025 2.97 0 90 0 0 0.7071068 0 0.7071068 5.513016 0
5.8298 Head 0 1.6 0.78 345.15 327.8999 0 -0.124191 -0.2741586 -0.03572864 0.9529623
5.8298 FirstCar -13.59474 0.025 2.97 0 90 0 0 0.7071068 0 0.7071068 5.53026 0
5.8298 SecondCar -46.14421 0.025 2.97 0 90 0 0 0.7071068 0 0.7071068 5.512227 0
5.8301 Head 0 1.6 0.78 345.15 327.8999 0 -0.124191 -0.2741586 -0.03572864 0.9529623
5.8301 FirstCar -13.59295 0.025 2.97 0 90 0 0 0.7071068 0 0.7071068 5.52948 0
5.8301 SecondCar -46.14242 0.025 2.97 0 90 0 0 0.7071068 0 0.7071068 5.511448 0
5.8308 Head 0 1.6 0.78 345.15 327.8999 0 -0.124191 -0.2741586 -0.03572864 0.9529623
5.8308 FirstCar -13.58933 0.025 2.97 0 90 0 0 0.7071068 0 0.7071068 5.527909 0
5.8308 SecondCar -46.13881 0.025 2.97 0 90 0 0 0.7071068 0 0.7071068 5.509877 0
5.8313 Head 0 1.6 0.78 345.15 327.8999 0 -0.124191 -0.2741586 -0.03572864 0.9529623
5.8313 FirstCar -13.58665 0.025 2.97 0 90 0 0 0.7071068 0 0.7071068 5.526747 0
5.8313 SecondCar -46.13615 0.025 2.97 0 90 0 0 0.7071068 0 0.7071068 5.508714 0
5.8317 Head 0 1.6 0.78 345.15 327.8999 0 -0.124191 -0.2741586 -0.03572864 0.9529623
5.8317 FirstCar -13.58448 0.025 2.97 0 90 0 0 0.7071068 0 0.7071068 5.525805 0
5.8317 SecondCar -46.13398 0.025 2.97 0 90 0 0 0.7071068 0 0.7071068 5.507772 0
5.8320 Head 0 1.6 0.78 345.15 327.8999 0 -0.124191 -0.2741586 -0.03572864 0.9529623
5.8320 FirstCar -13.58245 0.025 2.97 0 90 0 0 0.7071068 0 0.7071068 5.524922 0
5.8320 SecondCar -46.13196 0.025 2.97 0 90 0 0 0.7071068 0 0.7071068 5.50689 0
5.8325 Head 0 1.6 0.78 345.15 327.8999 0 -0.124191 -0.2741586 -0.03572864 0.9529623
5.8325 FirstCar -13.58001 0.025 2.97 0 90 0 0 0.7071068 0 0.7071068 5.523861 0
5.8325 SecondCar -46.12952 0.025 2.97 0 90 0 0 0.7071068 0 0.7071068 5.505829 0
5.8329 Head 0 1.6 0.78 345.15 327.8999 0 -0.124191 -0.2741586 -0.03572864 0.9529623
5.8329 FirstCar -13.57786 0.025 2.97 0 90 0 0 0.7071068 0 0.7071068 5.522928 0
5.8329 SecondCar -46.12738 0.025 2.97 0 90 0 0 0.7071068 0 0.7071068 5.504896 0
5.8333 Head 0 1.6 0.78 345.15 327.8999 0 -0.124191 -0.2741586 -0.03572864 0.9529623
5.8333 FirstCar -13.57571 0.025 2.97 0 90 0 0 0.7071068 0 0.7071068 5.521994 0
5.8333 SecondCar -46.12524 0.025 2.97 0 90 0 0 0.7071068 0 0.7071068 5.503962 0
5.8336 Head 0 1.6 0.78 345.15 327.8999 0 -0.124191 -0.2741586 -0.03572864 0.9529623
5.8336 FirstCar -13.57365 0.025 2.97 0 90 0 0 0.7071068 0 0.7071068 5.521098 0
5.8336 SecondCar -46.12318 0.025 2.97 0 90 0 0 0.7071068 0 0.7071068 5.503065 0
5.8340 Head 0 1.6 0.78 345.15 327.8999 0 -0.124191 -0.2741586 -0.03572864 0.9529623
5.8340 FirstCar -13.57163 0.025 2.97 0 90 0 0 0.7071068 0 0.7071068 5.520218 0
5.8340 SecondCar -46.12117 0.025 2.97 0 90 0 0 0.7071068 0 0.7071068 5.502185 0
5.8344 Head 0 1.6 0.78 345.15 327.8999 0 -0.124191 -0.2741586 -0.03572864 0.9529623
5.8344 FirstCar -13.56948 0.025 2.97 0 90 0 0 0.7071068 0 0.7071068 5.519283 0
5.8344 SecondCar -46.11902 0.025 2.97 0 90 0 0 0.7071068 0 0.7071068 5.50125 0
5.8347 Head 0 1.6 0.78 345.15 327.8999 0 -0.124191 -0.2741586 -0.03572864 0.9529623
5.8347 FirstCar -13.56754 0.025 2.97 0 90 0 0 0.7071068 0 0.7071068 5.518443 0
5.8347 SecondCar -46.1171 0.025 2.97 0 90 0 0 0.7071068 0 0.7071068 5.50041 0
5.8351 Head 0 1.6 0.78 345.15 327.8999 0 -0.124191 -0.2741586 -0.03572864 0.9529623
5.8351 FirstCar -13.56544 0.025 2.97 0 90 0 0 0.7071068 0 0.7071068 5.517527 0
5.8351 SecondCar -46.115 0.025 2.97 0 90 0 0 0.7071068 0 0.7071068 5.499494 0
5.8355 Head 0 1.6 0.78 345.15 327.8999 0 -0.124191 -0.2741586 -0.03572864 0.9529623
5.8355 FirstCar -13.5635 0.025 2.97 0 90 0 0 0.7071068 0 0.7071068 5.516683 0
5.8355 SecondCar -46.11306 0.025 2.97 0 90 0 0 0.7071068 0 0.7071068 5.498651 0
5.8358 Head 0 1.6 0.78 345.15 327.8999 0 -0.124191 -0.2741586 -0.03572864 0.9529623
5.8358 FirstCar -13.5616 0.025 2.97 0 90 0 0 0.7071068 0 0.7071068 5.515857 0
5.8358 SecondCar -46.11117 0.025 2.97 0 90 0 0 0.7071068 0 0.7071068 5.497825 0
5.8361 Head 0 1.6 0.78 345.15 327.8999 0 -0.124191 -0.2741586 -0.03572864 0.9529623
5.8361 FirstCar -13.55976 0.025 2.97 0 90 0 0 0.7071068 0 0.7071068 5.515054 0
5.8361 SecondCar -46.10933 0.025 2.97 0 90 0 0 0.7071068 0 0.7071068 5.497021 0
5.8365 Head 0 1.6 0.78 345.15 327.8999 0 -0.124191 -0.2741586 -0.03572864 0.9529623
5.8365 FirstCar -13.55755 0.025 2.97 0 90 0 0 0.7071068 0 0.7071068 5.514092 0
5.8365 SecondCar -46.10713 0.025 2.97 0 90 0 0 0.7071068 0 0.7071068 5.49606 0
5.8369 Head 0 1.6 0.78 345.15 327.8999 0 -0.124191 -0.2741586 -0.03572864 0.9529623
5.8369 FirstCar -13.55567 0.025 2.97 0 90 0 0 0.7071068 0 0.7071068 5.513277 0
5.8369 SecondCar -46.10527 0.025 2.97 0 90 0 0 0.7071068 0 0.7071068 5.495245 0
5.8372 Head 0 1.6 0.78 345.15 327.8999 0 -0.124191 -0.2741586 -0.03572864 0.9529623
5.8372 FirstCar -13.55384 0.025 2.97 0 90 0 0 0.7071068 0 0.7071068 5.512476 0
5.8372 SecondCar -46.10344 0.025 2.97 0 90 0 0 0.7071068 0 0.7071068 5.494444 0
5.8375 Head 0 1.6 0.78 345.15 327.8999 0 -0.124191 -0.2741586 -0.03572864 0.9529623
5.8375 FirstCar -13.55202 0.025 2.97 0 90 0 0 0.7071068 0 0.7071068 5.511685 0
5.8375 SecondCar -46.10162 0.025 2.97 0 90 0 0 0.7071068 0 0.7071068 5.493652 0
5.8379 Head 0 1.6 0.78 345.15 327.8999 0 -0.124191 -0.2741586 -0.03572864 0.9529623
5.8379 FirstCar -13.55015 0.025 2.97 0 90 0 0 0.7071068 0 0.7071068 5.51087 0
5.8379 SecondCar -46.09976 0.025 2.97 0 90 0 0 0.7071068 0 0.7071068 5.492838 0
5.8382 Head 0 1.6 0.78 345.15 327.8999 0 -0.124191 -0.2741586 -0.03572864 0.9529623
5.8382 FirstCar -13.54833 0.025 2.97 0 90 0 0 0.7071068 0 0.7071068 5.51008 0
5.8382 SecondCar -46.09795 0.025 2.97 0 90 0 0 0.7071068 0 0.7071068 5.492047 0
5.8386 Head 0 1.6 0.78 345.15 327.8999 0 -0.124191 -0.2741586 -0.03572864 0.9529623
5.8386 FirstCar -13.54649 0.025 2.97 0 90 0 0 0.7071068 0 0.7071068 5.509279 0
5.8386 SecondCar -46.09612 0.025 2.97 0 90 0 0 0.7071068 0 0.7071068 5.491246 0
5.8389 Head 0 1.6 0.78 345.15 327.8999 0 -0.124191 -0.2741586 -0.03572864 0.9529623
5.8389 FirstCar -13.54453 0.025 2.97 0 90 0 0 0.7071068 0 0.7071068 5.508424 0
5.8389 SecondCar -46.09416 0.025 2.97 0 90 0 0 0.7071068 0 0.7071068 5.490391 0
5.8392 Head 0 1.6 0.78 345.15 327.8999 0 -0.124191 -0.2741586 -0.03572864 0.9529623
5.8392 FirstCar -13.54272 0.025 2.97 0 90 0 0 0.7071068 0 0.7071068 5.507636 0
5.8392 SecondCar -46.09236 0.025 2.97 0 90 0 0 0.7071068 0 0.7071068 5.489604 0
5.8396 Head 0 1.6 0.78 345.15 327.8999 0 -0.124191 -0.2741586 -0.03572864 0.9529623
5.8396 FirstCar -13.54088 0.025 2.97 0 90 0 0 0.7071068 0 0.7071068 5.506834 0
5.8396 SecondCar -46.09053 0.025 2.97 0 90 0 0 0.7071068 0 0.7071068 5.488801 0
5.8399 Head 0 1.6 0.78 345.15 327.8999 0 -0.124191 -0.2741586 -0.03572864 0.9529623
5.8399 FirstCar -13.53896 0.025 2.97 0 90 0 0 0.7071068 0 0.7071068 5.505997 0
5.8399 SecondCar -46.08861 0.025 2.97 0 90 0 0 0.7071068 0 0.7071068 5.487965 0
5.8404 Head 0 1.6 0.78 345.15 327.8999 0 -0.124191 -0.2741586 -0.03572864 0.9529623
5.8404 FirstCar -13.53658 0.025 2.97 0 90 0 0 0.7071068 0 0.7071068 5.504958 0
5.8404 SecondCar -46.08624 0.025 2.97 0 90 0 0 0.7071068 0 0.7071068 5.486926 0
5.8407 Head 0 1.6 0.78 345.15 327.8999 0 -0.124191 -0.2741586 -0.03572864 0.9529623
5.8407 FirstCar -13.53451 0.025 2.97 0 90 0 0 0.7071068 0 0.7071068 5.504057 0
5.8407 SecondCar -46.08418 0.025 2.97 0 90 0 0 0.7071068 0 0.7071068 5.486024 0
5.8411 Head 0 1.6 0.78 345.15 327.8999 0 -0.124191 -0.2741586 -0.03572864 0.9529623
5.8411 FirstCar -13.53233 0.025 2.97 0 90 0 0 0.7071068 0 0.7071068 5.503106 0
5.8411 SecondCar -46.082 0.025 2.97 0 90 0 0 0.7071068 0 0.7071068 5.485074 0
5.8415 Head 0 1.6 0.78 345.15 327.8999 0 -0.124191 -0.2741586 -0.03572864 0.9529623
5.8415 FirstCar -13.53031 0.025 2.97 0 90 0 0 0.7071068 0 0.7071068 5.502223 0
5.8415 SecondCar -46.07998 0.025 2.97 0 90 0 0 0.7071068 0 0.7071068 5.484191 0
5.8418 Head 0 1.6 0.78 345.15 327.8999 0 -0.124191 -0.2741586 -0.03572864 0.9529623
5.8418 FirstCar -13.52842 0.025 2.97 0 90 0 0 0.7071068 0 0.7071068 5.501399 0
5.8418 SecondCar -46.0781 0.025 2.97 0 90 0 0 0.7071068 0 0.7071068 5.483366 0
5.8422 Head 0 1.6 0.78 345.15 327.8999 0 -0.124191 -0.2741586 -0.03572864 0.9529623
5.8422 FirstCar -13.52652 0.025 2.97 0 90 0 0 0.7071068 0 0.7071068 5.500569 0
5.8422 SecondCar -46.0762 0.025 2.97 0 90 0 0 0.7071068 0 0.7071068 5.482537 0
5.8425 Head 0 1.6 0.78 345.15 327.8999 0 -0.124191 -0.2741586 -0.03572864 0.9529623
5.8425 FirstCar -13.5246 0.025 2.97 0 90 0 0 0.7071068 0 0.7071068 5.499734 0
5.8425 SecondCar -46.0743 0.025 2.97 0 90 0 0 0.7071068 0 0.7071068 5.481701 0
5.8429 Head 0 1.6 0.78 345.15 327.8999 0 -0.124191 -0.2741586 -0.03572864 0.9529623
5.8429 FirstCar -13.52275 0.025 2.97 0 90 0 0 0.7071068 0 0.7071068 5.498925 0
5.8429 SecondCar -46.07245 0.025 2.97 0 90 0 0 0.7071068 0 0.7071068 5.480892 0
5.8432 Head 0 1.6 0.78 345.15 327.8999 0 -0.124191 -0.2741586 -0.03572864 0.9529623
5.8432 FirstCar -13.52086 0.025 2.97 0 90 0 0 0.7071068 0 0.7071068 5.498098 0
5.8432 SecondCar -46.07056 0.025 2.97 0 90 0 0 0.7071068 0 0.7071068 5.480066 0
5.8436 Head 0 1.6 0.78 345.15 327.8999 0 -0.124191 -0.2741586 -0.03572864 0.9529623
5.8436 FirstCar -13.51888 0.025 2.97 0 90 0 0 0.7071068 0 0.7071068 5.497233 0
5.8436 SecondCar -46.06858 0.025 2.97 0 90 0 0 0.7071068 0 0.7071068 5.479201 0
5.8442 Head 0 1.6 0.78 345.15 327.8999 0 -0.124191 -0.2741586 -0.03572864 0.9529623
5.8442 FirstCar -13.51521 0.025 2.97 0 90 0 0 0.7071068 0 0.7071068 5.495634 0
5.8442 SecondCar -46.06493 0.025 2.97 0 90 0 0 0.7071068 0 0.7071068 5.477601 0
5.8446 Head 0 1.6 0.78 345.15 327.8999 0 -0.124191 -0.2741586 -0.03572864 0.9529623
5.8446 FirstCar -13.5131 0.025 2.97 0 90 0 0 0.7071068 0 0.7071068 5.49471 0
5.8446 SecondCar -46.06283 0.025 2.97 0 90 0 0 0.7071068 0 0.7071068 5.476677 0
5.8450 Head 0 1.6 0.78 345.15 327.8999 0 -0.124191 -0.2741586 -0.03572864 0.9529623
5.8450 FirstCar -13.51118 0.025 2.97 0 90 0 0 0.7071068 0 0.7071068 5.493871 0
5.8450 SecondCar -46.06091 0.025 2.97 0 90 0 0 0.7071068 0 0.7071068 5.475839 0
5.8453 Head 0 1.6 0.78 345.15 327.8999 0 -0.124191 -0.2741586 -0.03572864 0.9529623
5.8453 FirstCar -13.50928 0.025 2.97 0 90 0 0 0.7071068 0 0.7071068 5.493042 0
5.8453 SecondCar -46.05902 0.025 2.97 0 90 0 0 0.7071068 0 0.7071068 5.475009 0
5.8457 Head 0 1.6 0.78 345.15 327.8999 0 -0.124191 -0.2741586 -0.03572864 0.9529623
5.8457 FirstCar -13.50745 0.025 2.97 0 90 0 0 0.7071068 0 0.7071068 5.49224 0
5.8457 SecondCar -46.05719 0.025 2.97 0 90 0 0 0.7071068 0 0.7071068 5.474207 0
5.8460 Head 0 1.6 0.78 345.15 327.8999 0 -0.124191 -0.2741586 -0.03572864 0.9529623
5.8460 FirstCar -13.50548 0.025 2.97 0 90 0 0 0.7071068 0 0.7071068 5.49138 0
5.8460 SecondCar -46.05523 0.025 2.97 0 90 0 0 0.7071068 0 0.7071068 5.473347 0
5.8464 Head 0 1.6 0.78 345.15 327.8999 0 -0.124191 -0.2741586 -0.03572864 0.9529623
5.8464 FirstCar -13.50355 0.025 2.97 0 90 0 0 0.7071068 0 0.7071068 5.490537 0
5.8464 SecondCar -46.05331 0.025 2.97 0 90 0 0 0.7071068 0 0.7071068 5.472504 0
5.8467 Head 0 1.6 0.78 345.15 327.8999 0 -0.124191 -0.2741586 -0.03572864 0.9529623
5.8467 FirstCar -13.50169 0.025 2.97 0 90 0 0 0.7071068 0 0.7071068 5.489724 0
5.8467 SecondCar -46.05146 0.025 2.97 0 90 0 0 0.7071068 0 0.7071068 5.471692 0
5.8470 Head 0 1.6 0.78 345.15 327.8999 0 -0.124191 -0.2741586 -0.03572864 0.9529623
5.8470 FirstCar -13.49989 0.025 2.97 0 90 0 0 0.7071068 0 0.7071068 5.488938 0
5.8470 SecondCar -46.04966 0.025 2.97 0 90 0 0 0.7071068 0 0.7071068 5.470905 0
5.8474 Head 0 1.6 0.78 345.15 327.8999 0 -0.124191 -0.2741586 -0.03572864 0.9529623
5.8474 FirstCar -13.49803 0.025 2.97 0 90 0 0 0.7071068 0 0.7071068 5.488126 0
5.8474 SecondCar -46.04781 0.025 2.97 0 90 0 0 0.7071068 0 0.7071068 5.470093 0
5.8477 Head 0 1.6 0.78 345.15 327.8999 0 -0.124191 -0.2741586 -0.03572864 0.9529623
5.8477 FirstCar -13.49617 0.025 2.97 0 90 0 0 0.7071068 0 0.7071068 5.48731 0
5.8477 SecondCar -46.04596 0.025 2.97 0 90 0 0 0.7071068 0 0.7071068 5.469277 0
5.8480 Head 0 1.6 0.78 345.15 327.8999 0 -0.124191 -0.2741586 -0.03572864 0.9529623
5.8480 FirstCar -13.49435 0.025 2.97 0 90 0 0 0.7071068 0 0.7071068 5.486513 0
5.8480 SecondCar -46.04414 0.025 2.97 0 90 0 0 0.7071068 0 0.7071068 5.468481 0
5.8484 Head 0 1.6 0.78 345.15 327.8999 0 -0.124191 -0.2741586 -0.03572864 0.9529623
5.8484 FirstCar -13.49238 0.025 2.97 0 90 0 0 0.7071068 0 0.7071068 5.485653 0
5.8484 SecondCar -46.04218 0.025 2.97 0 90 0 0 0.7071068 0 0.7071068 5.467621 0
5.8487 Head 0 1.6 0.78 345.15 327.8999 0 -0.124191 -0.2741586 -0.03572864 0.9529623
5.8487 FirstCar -13.49053 0.025 2.97 0 90 0 0 0.7071068 0 0.7071068 5.484842 0
5.8487 SecondCar -46.04033 0.025 2.97 0 90 0 0 0.7071068 0 0.7071068 5.46681 0
5.8491 Head 0 1.6 0.78 345.15 327.8999 0 -0.124191 -0.2741586 -0.03572864 0.9529623
5.8491 FirstCar -13.48871 0.025 2.97 0 90 0 0 0.7071068 0 0.7071068 5.484048 0
5.8491 SecondCar -46.03852 0.025 2.97 0 90 0 0 0.7071068 0 0.7071068 5.466015 0
5.8494 Head 0 1.6 0.78 345.15 327.8999 0 -0.124191 -0.2741586 -0.03572864 0.9529623
5.8494 FirstCar -13.4869 0.025 2.97 0 90 0 0 0.7071068 0 0.7071068 5.483255 0
5.8494 SecondCar -46.03672 0.025 2.97 0 90 0 0 0.7071068 0 0.7071068 5.465222 0
5.8497 Head 0 1.6 0.78 345.15 327.8999 0 -0.124191 -0.2741586 -0.03572864 0.9529623
5.8497 FirstCar -13.48509 0.025 2.97 0 90 0 0 0.7071068 0 0.7071068 5.48246 0
5.8497 SecondCar -46.03491 0.025 2.97 0 90 0 0 0.7071068 0 0.7071068 5.464427 0
5.8501 Head 0 1.6 0.78 345.15 327.8999 0 -0.124191 -0.2741586 -0.03572864 0.9529623
5.8501 FirstCar -13.4832 0.025 2.97 0 90 0 0 0.7071068 0 0.7071068 5.481634 0
5.8501 SecondCar -46.03303 0.025 2.97 0 90 0 0 0.7071068 0 0.7071068 5.463601 0
5.8505 Head 0 1.6 0.78 345.15 327.8999 0 -0.124191 -0.2741586 -0.03572864 0.9529623
5.8505 FirstCar -13.48094 0.025 2.97 0 90 0 0 0.7071068 0 0.7071068 5.480644 0
5.8505 SecondCar -46.03078 0.025 2.97 0 90 0 0 0.7071068 0 0.7071068 5.462612 0
5.8511 Head 0 1.6 0.78 345.15 327.8999 0 -0.124191 -0.2741586 -0.03572864 0.9529623
5.8511 FirstCar -13.47768 0.025 2.97 0 90 0 0 0.7071068 0 0.7071068 5.479218 0
5.8511 SecondCar -46.02754 0.025 2.97 0 90 0 0 0.7071068 0 0.7071068 5.461186 0
5.8515 Head 0 1.6 0.78 345.15 327.8999 0 -0.124191 -0.2741586 -0.03572864 0.9529623
5.8515 FirstCar -13.47551 0.025 2.97 0 90 0 0 0.7071068 0 0.7071068 5.478268 0
5.8515 SecondCar -46.02538 0.025 2.97 0 90 0 0 0.7071068 0 0.7071068 5.460235 0
5.8518 Head 0 1.6 0.78 345.15 327.8999 0 -0.124191 -0.2741586 -0.03572864 0.9529623
5.8518 FirstCar -13.47352 0.025 2.97 0 90 0 0 0.7071068 0 0.7071068 5.477395 0
5.8518 SecondCar -46.02339 0.025 2.97 0 90 0 0 0.7071068 0 0.7071068 5.459362 0
5.8522 Head 0 1.6 0.78 345.15 327.8999 0 -0.124191 -0.2741586 -0.03572864 0.9529623
5.8522 FirstCar -13.47141 0.025 2.97 0 90 0 0 0.7071068 0 0.7071068 5.47647 0
5.8522 SecondCar -46.02129 0.025 2.97 0 90 0 0 0.7071068 0 0.7071068 5.458437 0
5.8526 Head 0 1.6 0.78 345.15 327.8999 0 -0.124191 -0.2741586 -0.03572864 0.9529623
5.8526 FirstCar -13.46925 0.025 2.97 0 90 0 0 0.7071068 0 0.7071068 5.475523 0
5.8526 SecondCar -46.01913 0.025 2.97 0 90 0 0 0.7071068 0 0.7071068 5.457491 0
5.8530 Head 0 1.6 0.78 345.15 327.8999 0 -0.124191 -0.2741586 -0.03572864 0.9529623
5.8530 FirstCar -13.46711 0.025 2.97 0 90 0 0 0.7071068 0 0.7071068 5.474584 0
5.8530 SecondCar -46.017 0.025 2.97 0 90 0 0 0.7071068 0 0.7071068 5.456552 0
5.8534 Head 0 1.6 0.78 345.15 327.8999 0 -0.124191 -0.2741586 -0.03572864 0.9529623
5.8534 FirstCar -13.46506 0.025 2.97 0 90 0 0 0.7071068 0 0.7071068 5.473686 0
5.8534 SecondCar -46.01496 0.025 2.97 0 90 0 0 0.7071068 0 0.7071068 5.455653 0
5.8538 Head 0 1.6 0.78 345.15 327.8999 0 -0.124191 -0.2741586 -0.03572864 0.9529623
5.8538 FirstCar -13.46302 0.025 2.97 0 90 0 0 0.7071068 0 0.7071068 5.472792 0
5.8538 SecondCar -46.01293 0.025 2.97 0 90 0 0 0.7071068 0 0.7071068 5.45476 0
5.8541 Head 0 1.6 0.78 345.15 327.8999 0 -0.124191 -0.2741586 -0.03572864 0.9529623
5.8541 FirstCar -13.46115 0.025 2.97 0 90 0 0 0.7071068 0 0.7071068 5.471969 0
5.8541 SecondCar -46.01106 0.025 2.97 0 90 0 0 0.7071068 0 0.7071068 5.453937 0
5.8545 Head 0 1.6 0.78 345.15 327.8999 0 -0.124191 -0.2741586 -0.03572864 0.9529623
5.8545 FirstCar -13.45909 0.025 2.97 0 90 0 0 0.7071068 0 0.7071068 5.471066 0
5.8545 SecondCar -46.00901 0.025 2.97 0 90 0 0 0.7071068 0 0.7071068 5.453034 0
5.8548 Head 0 1.6 0.78 345.15 327.8999 0 -0.124191 -0.2741586 -0.03572864 0.9529623
5.8548 FirstCar -13.45728 0.025 2.97 0 90 0 0 0.7071068 0 0.7071068 5.470272 0
5.8548 SecondCar -46.0072 0.025 2.97 0 90 0 0 0.7071068 0 0.7071068 5.452239 0
5.8552 Head 0 1.6 0.78 345.15 327.8999 0 -0.124191 -0.2741586 -0.03572864 0.9529623
5.8552 FirstCar -13.45522 0.025 2.97 0 90 0 0 0.7071068 0 0.7071068 5.469369 0
5.8552 SecondCar -46.00515 0.025 2.97 0 90 0 0 0.7071068 0 0.7071068 5.451337 0
5.8555 Head 0 1.6 0.78 345.15 327.8999 0 -0.124191 -0.2741586 -0.03572864 0.9529623
5.8555 FirstCar -13.45323 0.025 2.97 0 90 0 0 0.7071068 0 0.7071068 5.468497 0
5.8555 SecondCar -46.00317 0.025 2.97 0 90 0 0 0.7071068 0 0.7071068 5.450465 0
5.8559 Head 0 1.6 0.78 345.15 327.8999 0 -0.124191 -0.2741586 -0.03572864 0.9529623
5.8559 FirstCar -13.45143 0.025 2.97 0 90 0 0 0.7071068 0 0.7071068 5.467708 0
5.8559 SecondCar -46.00138 0.025 2.97 0 90 0 0 0.7071068 0 0.7071068 5.449675 0
5.8562 Head 0 1.6 0.78 345.15 327.8999 0 -0.124191 -0.2741586 -0.03572864 0.9529623
5.8562 FirstCar -13.44958 0.025 2.97 0 90 0 0 0.7071068 0 0.7071068 5.466894 0
5.8562 SecondCar -45.99953 0.025 2.97 0 90 0 0 0.7071068 0 0.7071068 5.448862 0
5.8566 Head 0 1.6 0.78 345.15 327.8999 0 -0.124191 -0.2741586 -0.03572864 0.9529623
5.8566 FirstCar -13.44764 0.025 2.97 0 90 0 0 0.7071068 0 0.7071068 5.466041 0
5.8566 SecondCar -45.99759 0.025 2.97 0 90 0 0 0.7071068 0 0.7071068 5.448009 0
5.8569 Head 0 1.6 0.78 345.15 327.8999 0 -0.124191 -0.2741586 -0.03572864 0.9529623
5.8569 FirstCar -13.44561 0.025 2.97 0 90 0 0 0.7071068 0 0.7071068 5.465151 0
5.8569 SecondCar -45.99557 0.025 2.97 0 90 0 0 0.7071068 0 0.7071068 5.447118 0
5.8573 Head 0 1.6 0.78 345.15 327.8999 0 -0.124191 -0.2741586 -0.03572864 0.9529623
5.8573 FirstCar -13.4438 0.025 2.97 0 90 0 0 0.7071068 0 0.7071068 5.464357 0
5.8573 SecondCar -45.99377 0.025 2.97 0 90 0 0 0.7071068 0 0.7071068 5.446325 0
5.8576 Head 0 1.6 0.78 345.15 327.8999 0 -0.124191 -0.2741586 -0.03572864 0.9529623
5.8576 FirstCar -13.44198 0.025 2.97 0 90 0 0 0.7071068 0 0.7071068 5.463557 0
5.8576 SecondCar -45.99195 0.025 2.97 0 90 0 0 0.7071068 0 0.7071068 5.445524 0
5.8579 Head 0 1.6 0.78 345.15 327.8999 0 -0.124191 -0.2741586 -0.03572864 0.9529623
5.8579 FirstCar -13.44019 0.025 2.97 0 90 0 0 0.7071068 0 0.7071068 5.46277 0
5.8579 SecondCar -45.99017 0.025 2.97 0 90 0 0 0.7071068 0 0.7071068 5.444737 0
5.8583 Head 0 1.6 0.78 345.15 327.8999 0 -0.124191 -0.2741586 -0.03572864 0.9529623
5.8583 FirstCar -13.43834 0.025 2.97 0 90 0 0 0.7071068 0 0.7071068 5.461957 0
5.8583 SecondCar -45.98833 0.025 2.97 0 90 0 0 0.7071068 0 0.7071068 5.443924 0
5.8586 Head 0 1.6 0.78 345.15 327.8999 0 -0.124191 -0.2741586 -0.03572864 0.9529623
5.8586 FirstCar -13.43655 0.025 2.97 0 90 0 0 0.7071068 0 0.7071068 5.461172 0
5.8586 SecondCar -45.98655 0.025 2.97 0 90 0 0 0.7071068 0 0.7071068 5.44314 0
5.8589 Head 0 1.6 0.78 345.15 327.8999 0 -0.124191 -0.2741586 -0.03572864 0.9529623
5.8589 FirstCar -13.43473 0.025 2.97 0 90 0 0 0.7071068 0 0.7071068 5.460371 0
5.8589 SecondCar -45.98473 0.025 2.97 0 90 0 0 0.7071068 0 0.7071068 5.442338 0
5.8593 Head 0 1.6 0.78 345.15 327.8999 0 -0.124191 -0.2741586 -0.03572864 0.9529623
5.8593 FirstCar -13.43286 0.025 2.97 0 90 0 0 0.7071068 0 0.7071068 5.45955 0
5.8593 SecondCar -45.98287 0.025 2.97 0 90 0 0 0.7071068 0 0.7071068 5.441517 0
5.8596 Head 0 1.6 0.78 345.15 327.8999 0 -0.124191 -0.2741586 -0.03572864 0.9529623
5.8596 FirstCar -13.43105 0.025 2.97 0 90 0 0 0.7071068 0 0.7071068 5.458753 0
5.8596 SecondCar -45.98106 0.025 2.97 0 90 0 0 0.7071068 0 0.7071068 5.44072 0
5.8599 Head 0 1.6 0.78 345.15 327.8999 0 -0.124191 -0.2741586 -0.03572864 0.9529623
5.8599 FirstCar -13.42927 0.025 2.97 0 90 0 0 0.7071068 0 0.7071068 5.457968 0
5.8599 SecondCar -45.97928 0.025 2.97 0 90 0 0 0.7071068 0 0.7071068 5.439935 0
5.8603 Head 0 1.6 0.78 345.15 327.8999 0 -0.124191 -0.2741586 -0.03572864 0.9529623
5.8603 FirstCar -13.42717 0.025 2.97 0 90 0 0 0.7071068 0 0.7071068 5.457047 0
5.8603 SecondCar -45.9772 0.025 2.97 0 90 0 0 0.7071068 0 0.7071068 5.439014 0
5.8607 Head 0 1.6 0.78 345.15 327.8999 0 -0.124191 -0.2741586 -0.03572864 0.9529623
5.8607 FirstCar -13.42528 0.025 2.97 0 90 0 0 0.7071068 0 0.7071068 5.456213 0
5.8607 SecondCar -45.97531 0.025 2.97 0 90 0 0 0.7071068 0 0.7071068 5.438181 0
5.8610 Head 0 1.6 0.78 345.15 327.8999 0 -0.124191 -0.2741586 -0.03572864 0.9529623
5.8610 FirstCar -13.42338 0.025 2.97 0 90 0 0 0.7071068 0 0.7071068 5.455379 0
5.8610 SecondCar -45.97342 0.025 2.97 0 90 0 0 0.7071068 0 0.7071068 5.437347 0
5.8613 Head 0 1.6 0.78 345.15 327.8999 0 -0.124191 -0.2741586 -0.03572864 0.9529623
5.8613 FirstCar -13.42155 0.025 2.97 0 90 0 0 0.7071068 0 0.7071068 5.454572 0
5.8613 SecondCar -45.97159 0.025 2.97 0 90 0 0 0.7071068 0 0.7071068 5.436539 0
5.8617 Head 0 1.6 0.78 345.15 327.8999 0 -0.124191 -0.2741586 -0.03572864 0.9529623
5.8617 FirstCar -13.41961 0.025 2.97 0 90 0 0 0.7071068 0 0.7071068 5.45372 0
5.8617 SecondCar -45.96966 0.025 2.97 0 90 0 0 0.7071068 0 0.7071068 5.435687 0
5.8620 Head 0 1.6 0.78 345.15 327.8999 0 -0.124191 -0.2741586 -0.03572864 0.9529623
5.8620 FirstCar -13.41778 0.025 2.97 0 90 0 0 0.7071068 0 0.7071068 5.452912 0
5.8620 SecondCar -45.96783 0.025 2.97 0 90 0 0 0.7071068 0 0.7071068 5.43488 0
5.8624 Head 0 1.6 0.78 345.15 327.8999 0 -0.124191 -0.2741586 -0.03572864 0.9529623
5.8624 FirstCar -13.41593 0.025 2.97 0 90 0 0 0.7071068 0 0.7071068 5.452101 0
5.8624 SecondCar -45.96599 0.025 2.97 0 90 0 0 0.7071068 0 0.7071068 5.434068 0
5.8627 Head 0 1.6 0.78 345.15 327.8999 0 -0.124191 -0.2741586 -0.03572864 0.9529623
5.8627 FirstCar -13.41411 0.025 2.97 0 90 0 0 0.7071068 0 0.7071068 5.4513 0
5.8627 SecondCar -45.96418 0.025 2.97 0 90 0 0 0.7071068 0 0.7071068 5.433267 0
5.8631 Head 0 1.6 0.78 345.15 327.8999 0 -0.124191 -0.2741586 -0.03572864 0.9529623
5.8631 FirstCar -13.41216 0.025 2.97 0 90 0 0 0.7071068 0 0.7071068 5.45044 0
5.8631 SecondCar -45.96223 0.025 2.97 0 90 0 0 0.7071068 0 0.7071068 5.432408 0
5.8634 Head 0 1.6 0.78 345.15 327.8999 0 -0.124191 -0.2741586 -0.03572864 0.9529623
5.8634 FirstCar -13.4103 0.025 2.97 0 90 0 0 0.7071068 0 0.7071068 5.44962 0
5.8634 SecondCar -45.96038 0.025 2.97 0 90 0 0 0.7071068 0 0.7071068 5.431588 0
5.8638 Head 0 1.6 0.78 345.15 327.8999 0 -0.124191 -0.2741586 -0.03572864 0.9529623
5.8638 FirstCar -13.40838 0.025 2.97 0 90 0 0 0.7071068 0 0.7071068 5.448776 0
5.8638 SecondCar -45.95847 0.025 2.97 0 90 0 0 0.7071068 0 0.7071068 5.430743 0
5.8641 Head 0 1.6 0.78 345.15 327.8999 0 -0.124191 -0.2741586 -0.03572864 0.9529623
5.8641 FirstCar -13.40657 0.025 2.97 0 90 0 0 0.7071068 0 0.7071068 5.447976 0
5.8641 SecondCar -45.95666 0.025 2.97 0 90 0 0 0.7071068 0 0.7071068 5.429944 0
5.8645 Head 0 1.6 0.78 345.15 327.8999 0 -0.124191 -0.2741586 -0.03572864 0.9529623
5.8645 FirstCar -13.4046 0.025 2.97 0 90 0 0 0.7071068 0 0.7071068 5.447109 0
5.8645 SecondCar -45.9547 0.025 2.97 0 90 0 0 0.7071068 0 0.7071068 5.429076 0
5.8648 Head 0 1.6 0.78 345.15 327.8999 0 -0.124191 -0.2741586 -0.03572864 0.9529623
5.8648 FirstCar -13.40265 0.025 2.97 0 90 0 0 0.7071068 0 0.7071068 5.446249 0
5.8648 SecondCar -45.95275 0.025 2.97 0 90 0 0 0.7071068 0 0.7071068 5.428217 0
5.8652 Head 0 1.6 0.78 345.15 327.8999 0 -0.124191 -0.2741586 -0.03572864 0.9529623
5.8652 FirstCar -13.40071 0.025 2.97 0 90 0 0 0.7071068 0 0.7071068 5.445395 0
5.8652 SecondCar -45.95082 0.025 2.97 0 90 0 0 0.7071068 0 0.7071068 5.427362 0
5.8655 Head 0 1.6 0.78 345.15 327.8999 0 -0.124191 -0.2741586 -0.03572864 0.9529623
5.8655 FirstCar -13.39881 0.025 2.97 0 90 0 0 0.7071068 0 0.7071068 5.444558 0
5.8655 SecondCar -45.94893 0.025 2.97 0 90 0 0 0.7071068 0 0.7071068 5.426525 0
5.8659 Head 0 1.6 0.78 345.15 327.8999 0 -0.124191 -0.2741586 -0.03572864 0.9529623
5.8659 FirstCar -13.39663 0.025 2.97 0 90 0 0 0.7071068 0 0.7071068 5.443598 0
5.8659 SecondCar -45.94675 0.025 2.97 0 90 0 0 0.7071068 0 0.7071068 5.425566 0
5.8663 Head 0 1.6 0.78 345.15 327.8999 0 -0.124191 -0.2741586 -0.03572864 0.9529623
5.8663 FirstCar -13.39461 0.025 2.97 0 90 0 0 0.7071068 0 0.7071068 5.442708 0
5.8663 SecondCar -45.94474 0.025 2.97 0 90 0 0 0.7071068 0 0.7071068 5.424675 0
5.8666 Head 0 1.6 0.78 345.15 327.8999 0 -0.124191 -0.2741586 -0.03572864 0.9529623
5.8666 FirstCar -13.39276 0.025 2.97 0 90 0 0 0.7071068 0 0.7071068 5.44189 0
5.8666 SecondCar -45.94289 0.025 2.97 0 90 0 0 0.7071068 0 0.7071068 5.423858 0
5.8670 Head 0 1.6 0.78 345.15 327.8999 0 -0.124191 -0.2741586 -0.03572864 0.9529623
5.8670 FirstCar -13.39089 0.025 2.97 0 90 0 0 0.7071068 0 0.7071068 5.441065 0
5.8670 SecondCar -45.94103 0.025 2.97 0 90 0 0 0.7071068 0 0.7071068 5.423033 0
5.8673 Head 0 1.6 0.78 345.15 327.8999 0 -0.124191 -0.2741586 -0.03572864 0.9529623
5.8673 FirstCar -13.3891 0.025 2.97 0 90 0 0 0.7071068 0 0.7071068 5.440277 0
5.8673 SecondCar -45.93925 0.025 2.97 0 90 0 0 0.7071068 0 0.7071068 5.422245 0
5.8676 Head 0 1.6 0.78 345.15 327.8999 0 -0.124191 -0.2741586 -0.03572864 0.9529623
5.8676 FirstCar -13.38733 0.025 2.97 0 90 0 0 0.7071068 0 0.7071068 5.439493 0
5.8676 SecondCar -45.93748 0.025 2.97 0 90 0 0 0.7071068 0 0.7071068 5.42146 0
5.8680 Head 0 1.6 0.78 345.15 327.8999 0 -0.124191 -0.2741586 -0.03572864 0.9529623
5.8680 FirstCar -13.38551 0.025 2.97 0 90 0 0 0.7071068 0 0.7071068 5.438692 0
5.8680 SecondCar -45.93567 0.025 2.97 0 90 0 0 0.7071068 0 0.7071068 5.420659 0
5.8683 Head 0 1.6 0.78 345.15 327.8999 0 -0.124191 -0.2741586 -0.03572864 0.9529623
5.8683 FirstCar -13.38367 0.025 2.97 0 90 0 0 0.7071068 0 0.7071068 5.43788 0
5.8683 SecondCar -45.93384 0.025 2.97 0 90 0 0 0.7071068 0 0.7071068 5.419847 0
5.8686 Head 0 1.6 0.78 345.15 327.8999 0 -0.124191 -0.2741586 -0.03572864 0.9529623
5.8686 FirstCar -13.38186 0.025 2.97 0 90 0 0 0.7071068 0 0.7071068 5.437079 0
5.8686 SecondCar -45.93203 0.025 2.97 0 90 0 0 0.7071068 0 0.7071068 5.419047 0
5.8690 Head 0 1.6 0.78 345.15 327.8999 0 -0.124191 -0.2741586 -0.03572864 0.9529623
5.8690 FirstCar -13.38008 0.025 2.97 0 90 0 0 0.7071068 0 0.7071068 5.436296 0
5.8690 SecondCar -45.93026 0.025 2.97 0 90 0 0 0.7071068 0 0.7071068 5.418264 0
5.8693 Head 0 1.6 0.78 345.15 327.8999 0 -0.124191 -0.2741586 -0.03572864 0.9529623
5.8693 FirstCar -13.37826 0.025 2.97 0 90 0 0 0.7071068 0 0.7071068 5.43549 0
5.8693 SecondCar -45.92844 0.025 2.97 0 90 0 0 0.7071068 0 0.7071068 5.417458 0
5.8696 Head 0 1.6 0.78 345.15 327.8999 0 -0.124191 -0.2741586 -0.03572864 0.9529623
5.8696 FirstCar -13.37646 0.025 2.97 0 90 0 0 0.7071068 0 0.7071068 5.434698 0
5.8696 SecondCar -45.92665 0.025 2.97 0 90 0 0 0.7071068 0 0.7071068 5.416665 0
5.8700 Head 0 1.6 0.78 345.15 327.8999 0 -0.124191 -0.2741586 -0.03572864 0.9529623
5.8700 FirstCar -13.37469 0.025 2.97 0 90 0 0 0.7071068 0 0.7071068 5.433912 0
5.8700 SecondCar -45.92488 0.025 2.97 0 90 0 0 0.7071068 0 0.7071068 5.41588 0
5.8703 Head 0 1.6 0.78 345.15 327.8999 0 -0.124191 -0.2741586 -0.03572864 0.9529623
5.8703 FirstCar -13.37279 0.025 2.97 0 90 0 0 0.7071068 0 0.7071068 5.433074 0
5.8703 SecondCar -45.92299 0.025 2.97 0 90 0 0 0.7071068 0 0.7071068 5.415042 0
5.8709 Head 0 1.6 0.78 345.15 327.8999 0 -0.124191 -0.2741586 -0.03572864 0.9529623
5.8709 FirstCar -13.36939 0.025 2.97 0 90 0 0 0.7071068 0 0.7071068 5.431574 0
5.8709 SecondCar -45.91961 0.025 2.97 0 90 0 0 0.7071068 0 0.7071068 5.413541 0
5.8714 Head 0 1.6 0.78 345.15 327.8999 0 -0.124191 -0.2741586 -0.03572864 0.9529623
5.8714 FirstCar -13.36684 0.025 2.97 0 90 0 0 0.7071068 0 0.7071068 5.430447 0
5.8714 SecondCar -45.91706 0.025 2.97 0 90 0 0 0.7071068 0 0.7071068 5.412415 0
5.8718 Head 0 1.6 0.78 345.15 327.8999 0 -0.124191 -0.2741586 -0.03572864 0.9529623
5.8718 FirstCar -13.36479 0.025 2.97 0 90 0 0 0.7071068 0 0.7071068 5.429539 0
5.8718 SecondCar -45.91502 0.025 2.97 0 90 0 0 0.7071068 0 0.7071068 5.411507 0
5.8721 Head 0 1.6 0.78 345.15 327.8999 0 -0.124191 -0.2741586 -0.03572864 0.9529623
5.8721 FirstCar -13.36291 0.025 2.97 0 90 0 0 0.7071068 0 0.7071068 5.428708 0
5.8721 SecondCar -45.91314 0.025 2.97 0 90 0 0 0.7071068 0 0.7071068 5.410675 0
5.8725 Head 0 1.6 0.78 345.15 327.8999 0 -0.124191 -0.2741586 -0.03572864 0.9529623
5.8725 FirstCar -13.36102 0.025 2.97 0 90 0 0 0.7071068 0 0.7071068 5.427873 0
5.8725 SecondCar -45.91126 0.025 2.97 0 90 0 0 0.7071068 0 0.7071068 5.409841 0
5.8728 Head 0 1.6 0.78 345.15 327.8999 0 -0.124191 -0.2741586 -0.03572864 0.9529623
5.8728 FirstCar -13.35897 0.025 2.97 0 90 0 0 0.7071068 0 0.7071068 5.426966 0
5.8728 SecondCar -45.90921 0.025 2.97 0 90 0 0 0.7071068 0 0.7071068 5.408934 0
5.8732 Head 0 1.6 0.78 345.15 327.8999 0 -0.124191 -0.2741586 -0.03572864 0.9529623
5.8732 FirstCar -13.35694 0.025 2.97 0 90 0 0 0.7071068 0 0.7071068 5.426067 0
5.8732 SecondCar -45.90719 0.025 2.97 0 90 0 0 0.7071068 0 0.7071068 5.408034 0
5.8736 Head 0 1.6 0.78 345.15 327.8999 0 -0.124191 -0.2741586 -0.03572864 0.9529623
5.8736 FirstCar -13.35494 0.025 2.97 0 90 0 0 0.7071068 0 0.7071068 5.425184 0
5.8736 SecondCar -45.9052 0.025 2.97 0 90 0 0 0.7071068 0 0.7071068 5.407152 0
5.8739 Head 0 1.6 0.78 345.15 327.8999 0 -0.124191 -0.2741586 -0.03572864 0.9529623
5.8739 FirstCar -13.3531 0.025 2.97 0 90 0 0 0.7071068 0 0.7071068 5.42437 0
5.8739 SecondCar -45.90337 0.025 2.97 0 90 0 0 0.7071068 0 0.7071068 5.406338 0
5.8743 Head 0 1.6 0.78 345.15 327.8999 0 -0.124191 -0.2741586 -0.03572864 0.9529623
5.8743 FirstCar -13.35122 0.025 2.97 0 90 0 0 0.7071068 0 0.7071068 5.423538 0
5.8743 SecondCar -45.90149 0.025 2.97 0 90 0 0 0.7071068 0 0.7071068 5.405505 0
5.8746 Head 0 1.6 0.78 345.15 327.8999 0 -0.124191 -0.2741586 -0.03572864 0.9529623
5.8746 FirstCar -13.34935 0.025 2.97 0 90 0 0 0.7071068 0 0.7071068 5.422708 0
5.8746 SecondCar -45.89962 0.025 2.97 0 90 0 0 0.7071068 0 0.7071068 5.404675 0
5.8750 Head 0 1.6 0.78 345.15 327.8999 0 -0.124191 -0.2741586 -0.03572864 0.9529623
5.8750 FirstCar -13.34756 0.025 2.97 0 90 0 0 0.7071068 0 0.7071068 5.421918 0
5.8750 SecondCar -45.89785 0.025 2.97 0 90 0 0 0.7071068 0 0.7071068 5.403885 0
5.8753 Head 0 1.6 0.78 345.15 327.8999 0 -0.124191 -0.2741586 -0.03572864 0.9529623
5.8753 FirstCar -13.34563 0.025 2.97 0 90 0 0 0.7071068 0 0.7071068 5.421064 0
5.8753 SecondCar -45.89592 0.025 2.97 0 90 0 0 0.7071068 0 0.7071068 5.403032 0
5.8757 Head 0 1.6 0.78 345.15 327.8999 0 -0.124191 -0.2741586 -0.03572864 0.9529623
5.8757 FirstCar -13.34358 0.025 2.97 0 90 0 0 0.7071068 0 0.7071068 5.420154 0
5.8757 SecondCar -45.89388 0.025 2.97 0 90 0 0 0.7071068 0 0.7071068 5.402122 0
5.8760 Head 0 1.6 0.78 345.15 327.8999 0 -0.124191 -0.2741586 -0.03572864 0.9529623
5.8760 FirstCar -13.3418 0.025 2.97 0 90 0 0 0.7071068 0 0.7071068 5.419369 0
5.8760 SecondCar -45.89211 0.025 2.97 0 90 0 0 0.7071068 0 0.7071068 5.401336 0
5.8764 Head 0 1.6 0.78 345.15 327.8999 0 -0.124191 -0.2741586 -0.03572864 0.9529623
5.8764 FirstCar -13.33994 0.025 2.97 0 90 0 0 0.7071068 0 0.7071068 5.418543 0
5.8764 SecondCar -45.89025 0.025 2.97 0 90 0 0 0.7071068 0 0.7071068 5.40051 0
5.8767 Head 0 1.6 0.78 345.15 327.8999 0 -0.124191 -0.2741586 -0.03572864 0.9529623
5.8767 FirstCar -13.33783 0.025 2.97 0 90 0 0 0.7071068 0 0.7071068 5.417608 0
5.8767 SecondCar -45.88815 0.025 2.97 0 90 0 0 0.7071068 0 0.7071068 5.399576 0
5.8771 Head 0 1.6 0.78 345.15 327.8999 0 -0.124191 -0.2741586 -0.03572864 0.9529623
5.8771 FirstCar -13.33601 0.025 2.97 0 90 0 0 0.7071068 0 0.7071068 5.416802 0
5.8771 SecondCar -45.88633 0.025 2.97 0 90 0 0 0.7071068 0 0.7071068 5.398769 0
5.8774 Head 0 1.6 0.78 345.15 327.8999 0 -0.124191 -0.2741586 -0.03572864 0.9529623
5.8774 FirstCar -13.3342 0.025 2.97 0 90 0 0 0.7071068 0 0.7071068 5.415999 0
5.8774 SecondCar -45.88453 0.025 2.97 0 90 0 0 0.7071068 0 0.7071068 5.397966 0
5.8778 Head 0 1.6 0.78 345.15 327.8999 0 -0.124191 -0.2741586 -0.03572864 0.9529623
5.8778 FirstCar -13.33236 0.025 2.97 0 90 0 0 0.7071068 0 0.7071068 5.415183 0
5.8778 SecondCar -45.88269 0.025 2.97 0 90 0 0 0.7071068 0 0.7071068 5.39715 0
5.8781 Head 0 1.6 0.78 345.15 327.8999 0 -0.124191 -0.2741586 -0.03572864 0.9529623
5.8781 FirstCar -13.33056 0.025 2.97 0 90 0 0 0.7071068 0 0.7071068 5.414386 0
5.8781 SecondCar -45.88091 0.025 2.97 0 90 0 0 0.7071068 0 0.7071068 5.396354 0
5.8784 Head 0 1.6 0.78 345.15 327.8999 0 -0.124191 -0.2741586 -0.03572864 0.9529623
5.8784 FirstCar -13.32867 0.025 2.97 0 90 0 0 0.7071068 0 0.7071068 5.413548 0
5.8784 SecondCar -45.87902 0.025 2.97 0 90 0 0 0.7071068 0 0.7071068 5.395516 0
5.8788 Head 0 1.6 0.78 345.15 327.8999 0 -0.124191 -0.2741586 -0.03572864 0.9529623
5.8788 FirstCar -13.32681 0.025 2.97 0 90 0 0 0.7071068 0 0.7071068 5.412725 0
5.8788 SecondCar -45.87717 0.025 2.97 0 90 0 0 0.7071068 0 0.7071068 5.394692 0
5.8791 Head 0 1.6 0.78 345.15 327.8999 0 -0.124191 -0.2741586 -0.03572864 0.9529623
5.8791 FirstCar -13.32496 0.025 2.97 0 90 0 0 0.7071068 0 0.7071068 5.411901 0
5.8791 SecondCar -45.87532 0.025 2.97 0 90 0 0 0.7071068 0 0.7071068 5.393869 0
5.8795 Head 0 1.6 0.78 345.15 327.8999 0 -0.124191 -0.2741586 -0.03572864 0.9529623
5.8795 FirstCar -13.32299 0.025 2.97 0 90 0 0 0.7071068 0 0.7071068 5.411029 0
5.8795 SecondCar -45.87336 0.025 2.97 0 90 0 0 0.7071068 0 0.7071068 5.392997 0
5.8798 Head 0 1.6 0.78 345.15 327.8999 0 -0.124191 -0.2741586 -0.03572864 0.9529623
5.8798 FirstCar -13.32119 0.025 2.97 0 90 0 0 0.7071068 0 0.7071068 5.41023 0
5.8798 SecondCar -45.87156 0.025 2.97 0 90 0 0 0.7071068 0 0.7071068 5.392198 0
5.8802 Head 0 1.6 0.78 345.15 327.8999 0 -0.124191 -0.2741586 -0.03572864 0.9529623
5.8802 FirstCar -13.31937 0.025 2.97 0 90 0 0 0.7071068 0 0.7071068 5.409425 0
5.8802 SecondCar -45.86975 0.025 2.97 0 90 0 0 0.7071068 0 0.7071068 5.391392 0
5.8805 Head 0 1.6 0.78 345.15 327.8999 0 -0.124191 -0.2741586 -0.03572864 0.9529623
5.8805 FirstCar -13.31757 0.025 2.97 0 90 0 0 0.7071068 0 0.7071068 5.408626 0
5.8805 SecondCar -45.86796 0.025 2.97 0 90 0 0 0.7071068 0 0.7071068 5.390594 0
5.8808 Head 0 1.6 0.78 345.15 327.8999 0 -0.124191 -0.2741586 -0.03572864 0.9529623
5.8808 FirstCar -13.31578 0.025 2.97 0 90 0 0 0.7071068 0 0.7071068 5.407828 0
5.8808 SecondCar -45.86617 0.025 2.97 0 90 0 0 0.7071068 0 0.7071068 5.389796 0
5.8812 Head 0 1.6 0.78 345.15 327.8999 0 -0.124191 -0.2741586 -0.03572864 0.9529623
5.8812 FirstCar -13.31375 0.025 2.97 0 90 0 0 0.7071068 0 0.7071068 5.406928 0
5.8812 SecondCar -45.86415 0.025 2.97 0 90 0 0 0.7071068 0 0.7071068 5.388896 0
5.8816 Head 0 1.6 0.78 345.15 327.8999 0 -0.124191 -0.2741586 -0.03572864 0.9529623
5.8816 FirstCar -13.3118 0.025 2.97 0 90 0 0 0.7071068 0 0.7071068 5.406064 0
5.8816 SecondCar -45.86221 0.025 2.97 0 90 0 0 0.7071068 0 0.7071068 5.388031 0
5.8819 Head 0 1.6 0.78 345.15 327.8999 0 -0.124191 -0.2741586 -0.03572864 0.9529623
5.8819 FirstCar -13.30979 0.025 2.97 0 90 0 0 0.7071068 0 0.7071068 5.405172 0
5.8819 SecondCar -45.8602 0.025 2.97 0 90 0 0 0.7071068 0 0.7071068 5.387139 0
5.8823 Head 0 1.6 0.78 345.15 327.8999 0 -0.124191 -0.2741586 -0.03572864 0.9529623
5.8823 FirstCar -13.30797 0.025 2.97 0 90 0 0 0.7071068 0 0.7071068 5.404364 0
5.8823 SecondCar -45.85839 0.025 2.97 0 90 0 0 0.7071068 0 0.7071068 5.386332 0
5.8826 Head 0 1.6 0.78 345.15 327.8999 0 -0.124191 -0.2741586 -0.03572864 0.9529623
5.8826 FirstCar -13.30605 0.025 2.97 0 90 0 0 0.7071068 0 0.7071068 5.403512 0
5.8826 SecondCar -45.85648 0.025 2.97 0 90 0 0 0.7071068 0 0.7071068 5.385479 0
5.8830 Head 0 1.6 0.78 345.15 327.8999 0 -0.124191 -0.2741586 -0.03572864 0.9529623
5.8830 FirstCar -13.30426 0.025 2.97 0 90 0 0 0.7071068 0 0.7071068 5.402716 0
5.8830 SecondCar -45.85469 0.025 2.97 0 90 0 0 0.7071068 0 0.7071068 5.384684 0
5.8833 Head 0 1.6 0.78 345.15 327.8999 0 -0.124191 -0.2741586 -0.03572864 0.9529623
5.8833 FirstCar -13.30247 0.025 2.97 0 90 0 0 0.7071068 0 0.7071068 5.401919 0
5.8833 SecondCar -45.85291 0.025 2.97 0 90 0 0 0.7071068 0 0.7071068 5.383887 0
5.8836 Head 0 1.6 0.78 345.15 327.8999 0 -0.124191 -0.2741586 -0.03572864 0.9529623
5.8836 FirstCar -13.30069 0.025 2.97 0 90 0 0 0.7071068 0 0.7071068 5.401128 0
5.8836 SecondCar -45.85113 0.025 2.97 0 90 0 0 0.7071068 0 0.7071068 5.383095 0
5.8840 Head 0 1.6 0.78 345.15 327.8999 0 -0.124191 -0.2741586 -0.03572864 0.9529623
5.8840 FirstCar -13.29878 0.025 2.97 0 90 0 0 0.7071068 0 0.7071068 5.400279 0
5.8840 SecondCar -45.84922 0.025 2.97 0 90 0 0 0.7071068 0 0.7071068 5.382246 0
5.8843 Head 0 1.6 0.78 345.15 327.8999 0 -0.124191 -0.2741586 -0.03572864 0.9529623
5.8843 FirstCar -13.29694 0.025 2.97 0 90 0 0 0.7071068 0 0.7071068 5.399462 0
5.8843 SecondCar -45.84739 0.025 2.97 0 90 0 0 0.7071068 0 0.7071068 5.381429 0
5.8846 Head 0 1.6 0.78 345.15 327.8999 0 -0.124191 -0.2741586 -0.03572864 0.9529623
5.8846 FirstCar -13.29512 0.025 2.97 0 90 0 0 0.7071068 0 0.7071068 5.398651 0
5.8846 SecondCar -45.84557 0.025 2.97 0 90 0 0 0.7071068 0 0.7071068 5.380618 0
5.8850 Head 0 1.6 0.78 345.15 327.8999 0 -0.124191 -0.2741586 -0.03572864 0.9529623
5.8850 FirstCar -13.29318 0.025 2.97 0 90 0 0 0.7071068 0 0.7071068 5.39779 0
5.8850 SecondCar -45.84364 0.025 2.97 0 90 0 0 0.7071068 0 0.7071068 5.379758 0
5.8854 Head 0 1.6 0.78 345.15 327.8999 0 -0.124191 -0.2741586 -0.03572864 0.9529623
5.8854 FirstCar -13.29133 0.025 2.97 0 90 0 0 0.7071068 0 0.7071068 5.396966 0
5.8854 SecondCar -45.84179 0.025 2.97 0 90 0 0 0.7071068 0 0.7071068 5.378933 0
5.8857 Head 0 1.6 0.78 345.15 327.8999 0 -0.124191 -0.2741586 -0.03572864 0.9529623
5.8857 FirstCar -13.28948 0.025 2.97 0 90 0 0 0.7071068 0 0.7071068 5.396144 0
5.8857 SecondCar -45.83995 0.025 2.97 0 90 0 0 0.7071068 0 0.7071068 5.378112 0
5.8860 Head 0 1.6 0.78 345.15 327.8999 0 -0.124191 -0.2741586 -0.03572864 0.9529623
5.8860 FirstCar -13.28756 0.025 2.97 0 90 0 0 0.7071068 0 0.7071068 5.395289 0
5.8860 SecondCar -45.83804 0.025 2.97 0 90 0 0 0.7071068 0 0.7071068 5.377256 0
5.8864 Head 0 1.6 0.78 345.15 327.8999 0 -0.124191 -0.2741586 -0.03572864 0.9529623
5.8864 FirstCar -13.2855 0.025 2.97 0 90 0 0 0.7071068 0 0.7071068 5.394376 0
5.8864 SecondCar -45.83599 0.025 2.97 0 90 0 0 0.7071068 0 0.7071068 5.376343 0
5.8868 Head 0 1.6 0.78 345.15 327.8999 0 -0.124191 -0.2741586 -0.03572864 0.9529623
5.8868 FirstCar -13.28344 0.025 2.97 0 90 0 0 0.7071068 0 0.7071068 5.393455 0
5.8868 SecondCar -45.83393 0.025 2.97 0 90 0 0 0.7071068 0 0.7071068 5.375422 0
5.8872 Head 0 1.6 0.78 345.15 327.8999 0 -0.124191 -0.2741586 -0.03572864 0.9529623
5.8872 FirstCar -13.28161 0.025 2.97 0 90 0 0 0.7071068 0 0.7071068 5.392642 0
5.8872 SecondCar -45.83211 0.025 2.97 0 90 0 0 0.7071068 0 0.7071068 5.374609 0
5.8875 Head 0 1.6 0.78 345.15 327.8999 0 -0.124191 -0.2741586 -0.03572864 0.9529623
5.8875 FirstCar -13.27979 0.025 2.97 0 90 0 0 0.7071068 0 0.7071068 5.391832 0
5.8875 SecondCar -45.83029 0.025 2.97 0 90 0 0 0.7071068 0 0.7071068 5.373799 0
5.8878 Head 0 1.6 0.78 345.15 327.8999 0 -0.124191 -0.2741586 -0.03572864 0.9529623
5.8878 FirstCar -13.27787 0.025 2.97 0 90 0 0 0.7071068 0 0.7071068 5.390977 0
5.8878 SecondCar -45.82838 0.025 2.97 0 90 0 0 0.7071068 0 0.7071068 5.372944 0
5.8882 Head 0 1.6 0.78 345.15 327.8999 0 -0.124191 -0.2741586 -0.03572864 0.9529623
5.8882 FirstCar -13.27609 0.025 2.97 0 90 0 0 0.7071068 0 0.7071068 5.390185 0
5.8882 SecondCar -45.8266 0.025 2.97 0 90 0 0 0.7071068 0 0.7071068 5.372152 0
5.8886 Head 0 1.6 0.78 345.15 327.8999 0 -0.124191 -0.2741586 -0.03572864 0.9529623
5.8886 FirstCar -13.27396 0.025 2.97 0 90 0 0 0.7071068 0 0.7071068 5.389237 0
5.8886 SecondCar -45.82448 0.025 2.97 0 90 0 0 0.7071068 0 0.7071068 5.371204 0
5.8890 Head 0 1.6 0.78 345.15 327.8999 0 -0.124191 -0.2741586 -0.03572864 0.9529623
5.8890 FirstCar -13.27191 0.025 2.97 0 90 0 0 0.7071068 0 0.7071068 5.388325 0
5.8890 SecondCar -45.82244 0.025 2.97 0 90 0 0 0.7071068 0 0.7071068 5.370292 0
5.8894 Head 0 1.6 0.78 345.15 327.8999 0 -0.124191 -0.2741586 -0.03572864 0.9529623
5.8894 FirstCar -13.2697 0.025 2.97 0 90 0 0 0.7071068 0 0.7071068 5.38734 0
5.8894 SecondCar -45.82024 0.025 2.97 0 90 0 0 0.7071068 0 0.7071068 5.369308 0
5.8897 Head 0 1.6 0.78 345.15 327.8999 0 -0.124191 -0.2741586 -0.03572864 0.9529623
5.8897 FirstCar -13.26774 0.025 2.97 0 90 0 0 0.7071068 0 0.7071068 5.386467 0
5.8897 SecondCar -45.81829 0.025 2.97 0 90 0 0 0.7071068 0 0.7071068 5.368435 0
5.8901 Head 0 1.6 0.78 345.15 327.8999 0 -0.124191 -0.2741586 -0.03572864 0.9529623
5.8901 FirstCar -13.26578 0.025 2.97 0 90 0 0 0.7071068 0 0.7071068 5.385592 0
5.8901 SecondCar -45.81633 0.025 2.97 0 90 0 0 0.7071068 0 0.7071068 5.367559 0
5.8905 Head 0 1.6 0.78 345.15 327.8999 0 -0.124191 -0.2741586 -0.03572864 0.9529623
5.8905 FirstCar -13.26363 0.025 2.97 0 90 0 0 0.7071068 0 0.7071068 5.384635 0
5.8905 SecondCar -45.81419 0.025 2.97 0 90 0 0 0.7071068 0 0.7071068 5.366603 0
5.8911 Head 0 1.6 0.78 345.15 327.8999 0 -0.124191 -0.2741586 -0.03572864 0.9529623
5.8911 FirstCar -13.26015 0.025 2.97 0 90 0 0 0.7071068 0 0.7071068 5.383081 0
5.8911 SecondCar -45.81071 0.025 2.97 0 90 0 0 0.7071068 0 0.7071068 5.365048 0
5.8916 Head 0 1.6 0.78 345.15 327.8999 0 -0.124191 -0.2741586 -0.03572864 0.9529623
5.8916 FirstCar -13.2574 0.025 2.97 0 90 0 0 0.7071068 0 0.7071068 5.381857 0
5.8916 SecondCar -45.80798 0.025 2.97 0 90 0 0 0.7071068 0 0.7071068 5.363824 0
5.8921 Head 0 1.6 0.78 345.15 327.8999 0 -0.124191 -0.2741586 -0.03572864 0.9529623
5.8921 FirstCar -13.2548 0.025 2.97 0 90 0 0 0.7071068 0 0.7071068 5.380695 0
5.8921 SecondCar -45.80539 0.025 2.97 0 90 0 0 0.7071068 0 0.7071068 5.362663 0
5.8925 Head 0 1.6 0.78 345.15 327.8999 0 -0.124191 -0.2741586 -0.03572864 0.9529623
5.8925 FirstCar -13.25276 0.025 2.97 0 90 0 0 0.7071068 0 0.7071068 5.379784 0
5.8925 SecondCar -45.80335 0.025 2.97 0 90 0 0 0.7071068 0 0.7071068 5.361752 0
5.8929 Head 0 1.6 0.78 345.15 327.8999 0 -0.124191 -0.2741586 -0.03572864 0.9529623
5.8929 FirstCar -13.25064 0.025 2.97 0 90 0 0 0.7071068 0 0.7071068 5.378839 0
5.8929 SecondCar -45.80124 0.025 2.97 0 90 0 0 0.7071068 0 0.7071068 5.360806 0
5.8933 Head 0 1.6 0.78 345.15 327.8999 0 -0.124191 -0.2741586 -0.03572864 0.9529623
5.8933 FirstCar -13.2486 0.025 2.97 0 90 0 0 0.7071068 0 0.7071068 5.377931 0
5.8933 SecondCar -45.79921 0.025 2.97 0 90 0 0 0.7071068 0 0.7071068 5.359899 0
5.8936 Head 0 1.6 0.78 345.15 327.8999 0 -0.124191 -0.2741586 -0.03572864 0.9529623
5.8936 FirstCar -13.24669 0.025 2.97 0 90 0 0 0.7071068 0 0.7071068 5.377077 0
5.8936 SecondCar -45.79731 0.025 2.97 0 90 0 0 0.7071068 0 0.7071068 5.359045 0
5.8940 Head 0 1.6 0.78 345.15 327.8999 0 -0.124191 -0.2741586 -0.03572864 0.9529623
5.8940 FirstCar -13.24488 0.025 2.97 0 90 0 0 0.7071068 0 0.7071068 5.376271 0
5.8940 SecondCar -45.79551 0.025 2.97 0 90 0 0 0.7071068 0 0.7071068 5.358239 0
5.8944 Head 0 1.6 0.78 345.15 327.8999 0 -0.124191 -0.2741586 -0.03572864 0.9529623
5.8944 FirstCar -13.24282 0.025 2.97 0 90 0 0 0.7071068 0 0.7071068 5.37535 0
5.8944 SecondCar -45.79345 0.025 2.97 0 90 0 0 0.7071068 0 0.7071068 5.357317 0
5.8947 Head 0 1.6 0.78 345.15 327.8999 0 -0.124191 -0.2741586 -0.03572864 0.9529623
5.8947 FirstCar -13.24098 0.025 2.97 0 90 0 0 0.7071068 0 0.7071068 5.37453 0
5.8947 SecondCar -45.79162 0.025 2.97 0 90 0 0 0.7071068 0 0.7071068 5.356497 0
5.8951 Head 0 1.6 0.78 345.15 327.8999 0 -0.124191 -0.2741586 -0.03572864 0.9529623
5.8951 FirstCar -13.2391 0.025 2.97 0 90 0 0 0.7071068 0 0.7071068 5.373687 0
5.8951 SecondCar -45.78974 0.025 2.97 0 90 0 0 0.7071068 0 0.7071068 5.355654 0
5.8954 Head 0 1.6 0.78 345.15 327.8999 0 -0.124191 -0.2741586 -0.03572864 0.9529623
5.8954 FirstCar -13.23725 0.025 2.97 0 90 0 0 0.7071068 0 0.7071068 5.372861 0
5.8954 SecondCar -45.7879 0.025 2.97 0 90 0 0 0.7071068 0 0.7071068 5.354829 0
5.8957 Head 0 1.6 0.78 345.15 327.8999 0 -0.124191 -0.2741586 -0.03572864 0.9529623
5.8957 FirstCar -13.23546 0.025 2.97 0 90 0 0 0.7071068 0 0.7071068 5.37206 0
5.8957 SecondCar -45.78611 0.025 2.97 0 90 0 0 0.7071068 0 0.7071068 5.354028 0
5.8961 Head 0 1.6 0.78 345.15 327.8999 0 -0.124191 -0.2741586 -0.03572864 0.9529623
5.8961 FirstCar -13.23364 0.025 2.97 0 90 0 0 0.7071068 0 0.7071068 5.371247 0
5.8961 SecondCar -45.78429 0.025 2.97 0 90 0 0 0.7071068 0 0.7071068 5.353214 0
5.8964 Head 0 1.6 0.78 345.15 327.8999 0 -0.124191 -0.2741586 -0.03572864 0.9529623
5.8964 FirstCar -13.23181 0.025 2.97 0 90 0 0 0.7071068 0 0.7071068 5.370429 0
5.8964 SecondCar -45.78247 0.025 2.97 0 90 0 0 0.7071068 0 0.7071068 5.352396 0
5.8968 Head 0 1.6 0.78 345.15 327.8999 0 -0.124191 -0.2741586 -0.03572864 0.9529623
5.8968 FirstCar -13.22986 0.025 2.97 0 90 0 0 0.7071068 0 0.7071068 5.36956 0
5.8968 SecondCar -45.78053 0.025 2.97 0 90 0 0 0.7071068 0 0.7071068 5.351528 0
5.8971 Head 0 1.6 0.78 345.15 327.8999 0 -0.124191 -0.2741586 -0.03572864 0.9529623
5.8971 FirstCar -13.22792 0.025 2.97 0 90 0 0 0.7071068 0 0.7071068 5.368693 0
5.8971 SecondCar -45.7786 0.025 2.97 0 90 0 0 0.7071068 0 0.7071068 5.35066 0
5.8975 Head 0 1.6 0.78 345.15 327.8999 0 -0.124191 -0.2741586 -0.03572864 0.9529623
5.8975 FirstCar -13.22598 0.025 2.97 0 90 0 0 0.7071068 0 0.7071068 5.367822 0
5.8975 SecondCar -45.77666 0.025 2.97 0 90 0 0 0.7071068 0 0.7071068 5.34979 0
5.8978 Head 0 1.6 0.78 345.15 327.8999 0 -0.124191 -0.2741586 -0.03572864 0.9529623
5.8978 FirstCar -13.22411 0.025 2.97 0 90 0 0 0.7071068 0 0.7071068 5.366987 0
5.8978 SecondCar -45.7748 0.025 2.97 0 90 0 0 0.7071068 0 0.7071068 5.348955 0
5.8982 Head 0 1.6 0.78 345.15 327.8999 0 -0.124191 -0.2741586 -0.03572864 0.9529623
5.8982 FirstCar -13.22232 0.025 2.97 0 90 0 0 0.7071068 0 0.7071068 5.366187 0
5.8982 SecondCar -45.77301 0.025 2.97 0 90 0 0 0.7071068 0 0.7071068 5.348155 0
5.8985 Head 0 1.6 0.78 345.15 327.8999 0 -0.124191 -0.2741586 -0.03572864 0.9529623
5.8985 FirstCar -13.22052 0.025 2.97 0 90 0 0 0.7071068 0 0.7071068 5.36538 0
5.8985 SecondCar -45.77122 0.025 2.97 0 90 0 0 0.7071068 0 0.7071068 5.347347 0
5.8989 Head 0 1.6 0.78 345.15 327.8999 0 -0.124191 -0.2741586 -0.03572864 0.9529623
5.8989 FirstCar -13.21869 0.025 2.97 0 90 0 0 0.7071068 0 0.7071068 5.364562 0
5.8989 SecondCar -45.76939 0.025 2.97 0 90 0 0 0.7071068 0 0.7071068 5.346529 0
5.8992 Head 0 1.6 0.78 345.15 327.8999 0 -0.124191 -0.2741586 -0.03572864 0.9529623
5.8992 FirstCar -13.21685 0.025 2.97 0 90 0 0 0.7071068 0 0.7071068 5.36374 0
5.8992 SecondCar -45.76757 0.025 2.97 0 90 0 0 0.7071068 0 0.7071068 5.345708 0
5.8995 Head 0 1.6 0.78 345.15 327.8999 0 -0.124191 -0.2741586 -0.03572864 0.9529623
5.8995 FirstCar -13.21507 0.025 2.97 0 90 0 0 0.7071068 0 0.7071068 5.362941 0
5.8995 SecondCar -45.76579 0.025 2.97 0 90 0 0 0.7071068 0 0.7071068 5.344909 0
5.8999 Head 0 1.6 0.78 345.15 327.8999 0 -0.124191 -0.2741586 -0.03572864 0.9529623
5.8999 FirstCar -13.2133 0.025 2.97 0 90 0 0 0.7071068 0 0.7071068 5.362152 0
5.8999 SecondCar -45.76403 0.025 2.97 0 90 0 0 0.7071068 0 0.7071068 5.34412 0
5.9002 Head 0 1.6 0.78 345.15 327.8999 0 -0.124191 -0.2741586 -0.03572864 0.9529623
5.9002 FirstCar -13.21142 0.025 2.97 0 90 0 0 0.7071068 0 0.7071068 5.361308 0
5.9002 SecondCar -45.76215 0.025 2.97 0 90 0 0 0.7071068 0 0.7071068 5.343276 0
5.9006 Head 0 1.6 0.78 345.15 327.8999 0 -0.124191 -0.2741586 -0.03572864 0.9529623
5.9006 FirstCar -13.20955 0.025 2.97 0 90 0 0 0.7071068 0 0.7071068 5.360473 0
5.9006 SecondCar -45.76029 0.025 2.97 0 90 0 0 0.7071068 0 0.7071068 5.342441 0
5.9009 Head 0 1.6 0.78 345.15 327.8999 0 -0.124191 -0.2741586 -0.03572864 0.9529623
5.9009 FirstCar -13.20772 0.025 2.97 0 90 0 0 0.7071068 0 0.7071068 5.359654 0
5.9009 SecondCar -45.75847 0.025 2.97 0 90 0 0 0.7071068 0 0.7071068 5.341622 0
5.9012 Head 0 1.6 0.78 345.15 327.8999 0 -0.124191 -0.2741586 -0.03572864 0.9529623
5.9012 FirstCar -13.20585 0.025 2.97 0 90 0 0 0.7071068 0 0.7071068 5.358816 0
5.9012 SecondCar -45.7566 0.025 2.97 0 90 0 0 0.7071068 0 0.7071068 5.340783 0
5.9016 Head 0 1.6 0.78 345.15 327.8999 0 -0.124191 -0.2741586 -0.03572864 0.9529623
5.9016 FirstCar -13.20376 0.025 2.97 0 90 0 0 0.7071068 0 0.7071068 5.357877 0
5.9016 SecondCar -45.75452 0.025 2.97 0 90 0 0 0.7071068 0 0.7071068 5.339845 0
5.9020 Head 0 1.6 0.78 345.15 327.8999 0 -0.124191 -0.2741586 -0.03572864 0.9529623
5.9020 FirstCar -13.20195 0.025 2.97 0 90 0 0 0.7071068 0 0.7071068 5.357066 0
5.9020 SecondCar -45.75271 0.025 2.97 0 90 0 0 0.7071068 0 0.7071068 5.339034 0
5.9023 Head 0 1.6 0.78 345.15 327.8999 0 -0.124191 -0.2741586 -0.03572864 0.9529623
5.9023 FirstCar -13.19998 0.025 2.97 0 90 0 0 0.7071068 0 0.7071068 5.356185 0
5.9023 SecondCar -45.75075 0.025 2.97 0 90 0 0 0.7071068 0 0.7071068 5.338152 0
5.9028 Head 0 1.6 0.78 345.15 327.8999 0 -0.124191 -0.2741586 -0.03572864 0.9529623
5.9028 FirstCar -13.19777 0.025 2.97 0 90 0 0 0.7071068 0 0.7071068 5.355194 0
5.9028 SecondCar -45.74855 0.025 2.97 0 90 0 0 0.7071068 0 0.7071068 5.337162 0
5.9031 Head 0 1.6 0.78 345.15 327.8999 0 -0.124191 -0.2741586 -0.03572864 0.9529623
5.9031 FirstCar -13.19593 0.025 2.97 0 90 0 0 0.7071068 0 0.7071068 5.354372 0
5.9031 SecondCar -45.74672 0.025 2.97 0 90 0 0 0.7071068 0 0.7071068 5.336339 0
5.9035 Head 0 1.6 0.78 345.15 327.8999 0 -0.124191 -0.2741586 -0.03572864 0.9529623
5.9035 FirstCar -13.19403 0.025 2.97 0 90 0 0 0.7071068 0 0.7071068 5.35352 0
5.9035 SecondCar -45.74482 0.025 2.97 0 90 0 0 0.7071068 0 0.7071068 5.335488 0
5.9038 Head 0 1.6 0.78 345.15 327.8999 0 -0.124191 -0.2741586 -0.03572864 0.9529623
5.9038 FirstCar -13.19212 0.025 2.97 0 90 0 0 0.7071068 0 0.7071068 5.352664 0
5.9038 SecondCar -45.74292 0.025 2.97 0 90 0 0 0.7071068 0 0.7071068 5.334631 0
5.9042 Head 0 1.6 0.78 345.15 327.8999 0 -0.124191 -0.2741586 -0.03572864 0.9529623
5.9042 FirstCar -13.1903 0.025 2.97 0 90 0 0 0.7071068 0 0.7071068 5.351844 0
5.9042 SecondCar -45.7411 0.025 2.97 0 90 0 0 0.7071068 0 0.7071068 5.333812 0
5.9045 Head 0 1.6 0.78 345.15 327.8999 0 -0.124191 -0.2741586 -0.03572864 0.9529623
5.9045 FirstCar -13.18831 0.025 2.97 0 90 0 0 0.7071068 0 0.7071068 5.350952 0
5.9045 SecondCar -45.73911 0.025 2.97 0 90 0 0 0.7071068 0 0.7071068 5.33292 0
5.9049 Head 0 1.6 0.78 345.15 327.8999 0 -0.124191 -0.2741586 -0.03572864 0.9529623
5.9049 FirstCar -13.18653 0.025 2.97 0 90 0 0 0.7071068 0 0.7071068 5.350156 0
5.9049 SecondCar -45.73734 0.025 2.97 0 90 0 0 0.7071068 0 0.7071068 5.332124 0
5.9052 Head 0 1.6 0.78 345.15 327.8999 0 -0.124191 -0.2741586 -0.03572864 0.9529623
5.9052 FirstCar -13.18473 0.025 2.97 0 90 0 0 0.7071068 0 0.7071068 5.349348 0
5.9052 SecondCar -45.73555 0.025 2.97 0 90 0 0 0.7071068 0 0.7071068 5.331315 0
5.9055 Head 0 1.6 0.78 345.15 327.8999 0 -0.124191 -0.2741586 -0.03572864 0.9529623
5.9055 FirstCar -13.18298 0.025 2.97 0 90 0 0 0.7071068 0 0.7071068 5.348561 0
5.9055 SecondCar -45.7338 0.025 2.97 0 90 0 0 0.7071068 0 0.7071068 5.330529 0
5.9058 Head 0 1.6 0.78 345.15 327.8999 0 -0.124191 -0.2741586 -0.03572864 0.9529623
5.9058 FirstCar -13.18122 0.025 2.97 0 90 0 0 0.7071068 0 0.7071068 5.347773 0
5.9058 SecondCar -45.73205 0.025 2.97 0 90 0 0 0.7071068 0 0.7071068 5.329741 0
5.9062 Head 0 1.6 0.78 345.15 327.8999 0 -0.124191 -0.2741586 -0.03572864 0.9529623
5.9062 FirstCar -13.17942 0.025 2.97 0 90 0 0 0.7071068 0 0.7071068 5.346966 0
5.9062 SecondCar -45.73026 0.025 2.97 0 90 0 0 0.7071068 0 0.7071068 5.328934 0
5.9065 Head 0 1.6 0.78 345.15 327.8999 0 -0.124191 -0.2741586 -0.03572864 0.9529623
5.9065 FirstCar -13.17765 0.025 2.97 0 90 0 0 0.7071068 0 0.7071068 5.346172 0
5.9065 SecondCar -45.72849 0.025 2.97 0 90 0 0 0.7071068 0 0.7071068 5.32814 0
5.9068 Head 0 1.6 0.78 345.15 327.8999 0 -0.124191 -0.2741586 -0.03572864 0.9529623
5.9068 FirstCar -13.17587 0.025 2.97 0 90 0 0 0.7071068 0 0.7071068 5.345372 0
5.9068 SecondCar -45.72672 0.025 2.97 0 90 0 0 0.7071068 0 0.7071068 5.327339 0
5.9072 Head 0 1.6 0.78 345.15 327.8999 0 -0.124191 -0.2741586 -0.03572864 0.9529623
5.9072 FirstCar -13.1741 0.025 2.97 0 90 0 0 0.7071068 0 0.7071068 5.344577 0
5.9072 SecondCar -45.72495 0.025 2.97 0 90 0 0 0.7071068 0 0.7071068 5.326544 0
5.9075 Head 0 1.6 0.78 345.15 327.8999 0 -0.124191 -0.2741586 -0.03572864 0.9529623
5.9075 FirstCar -13.17236 0.025 2.97 0 90 0 0 0.7071068 0 0.7071068 5.343796 0
5.9075 SecondCar -45.72322 0.025 2.97 0 90 0 0 0.7071068 0 0.7071068 5.325763 0
5.9078 Head 0 1.6 0.78 345.15 327.8999 0 -0.124191 -0.2741586 -0.03572864 0.9529623
5.9078 FirstCar -13.17058 0.025 2.97 0 90 0 0 0.7071068 0 0.7071068 5.342996 0
5.9078 SecondCar -45.72144 0.025 2.97 0 90 0 0 0.7071068 0 0.7071068 5.324963 0
5.9082 Head 0 1.6 0.78 345.15 327.8999 0 -0.124191 -0.2741586 -0.03572864 0.9529623
5.9082 FirstCar -13.16884 0.025 2.97 0 90 0 0 0.7071068 0 0.7071068 5.342213 0
5.9082 SecondCar -45.71971 0.025 2.97 0 90 0 0 0.7071068 0 0.7071068 5.32418 0
5.9085 Head 0 1.6 0.78 345.15 327.8999 0 -0.124191 -0.2741586 -0.03572864 0.9529623
5.9085 FirstCar -13.16699 0.025 2.97 0 90 0 0 0.7071068 0 0.7071068 5.341384 0
5.9085 SecondCar -45.71787 0.025 2.97 0 90 0 0 0.7071068 0 0.7071068 5.323351 0
5.9088 Head 0 1.6 0.78 345.15 327.8999 0 -0.124191 -0.2741586 -0.03572864 0.9529623
5.9088 FirstCar -13.16523 0.025 2.97 0 90 0 0 0.7071068 0 0.7071068 5.340591 0
5.9088 SecondCar -45.71611 0.025 2.97 0 90 0 0 0.7071068 0 0.7071068 5.322558 0
5.9092 Head 0 1.6 0.78 345.15 327.8999 0 -0.124191 -0.2741586 -0.03572864 0.9529623
5.9092 FirstCar -13.16344 0.025 2.97 0 90 0 0 0.7071068 0 0.7071068 5.339787 0
5.9092 SecondCar -45.71433 0.025 2.97 0 90 0 0 0.7071068 0 0.7071068 5.321755 0
5.9095 Head 0 1.6 0.78 345.15 327.8999 0 -0.124191 -0.2741586 -0.03572864 0.9529623
5.9095 FirstCar -13.16163 0.025 2.97 0 90 0 0 0.7071068 0 0.7071068 5.338975 0
5.9095 SecondCar -45.71253 0.025 2.97 0 90 0 0 0.7071068 0 0.7071068 5.320942 0
5.9099 Head 0 1.6 0.78 345.15 327.8999 0 -0.124191 -0.2741586 -0.03572864 0.9529623
5.9099 FirstCar -13.15981 0.025 2.97 0 90 0 0 0.7071068 0 0.7071068 5.338159 0
5.9099 SecondCar -45.71072 0.025 2.97 0 90 0 0 0.7071068 0 0.7071068 5.320126 0
5.9102 Head 0 1.6 0.78 345.15 327.8999 0 -0.124191 -0.2741586 -0.03572864 0.9529623
5.9102 FirstCar -13.15783 0.025 2.97 0 90 0 0 0.7071068 0 0.7071068 5.337268 0
5.9102 SecondCar -45.70875 0.025 2.97 0 90 0 0 0.7071068 0 0.7071068 5.319235 0
5.9109 Head 0 1.6 0.78 345.15 327.8999 0 -0.124191 -0.2741586 -0.03572864 0.9529623
5.9109 FirstCar -13.15443 0.025 2.97 0 90 0 0 0.7071068 0 0.7071068 5.335739 0
5.9109 SecondCar -45.70536 0.025 2.97 0 90 0 0 0.7071068 0 0.7071068 5.317706 0
5.9114 Head 0 1.6 0.78 345.15 327.8999 0 -0.124191 -0.2741586 -0.03572864 0.9529623
5.9114 FirstCar -13.15179 0.025 2.97 0 90 0 0 0.7071068 0 0.7071068 5.334551 0
5.9114 SecondCar -45.70273 0.025 2.97 0 90 0 0 0.7071068 0 0.7071068 5.316519 0
5.9118 Head 0 1.6 0.78 345.15 327.8999 0 -0.124191 -0.2741586 -0.03572864 0.9529623
5.9118 FirstCar -13.14969 0.025 2.97 0 90 0 0 0.7071068 0 0.7071068 5.333606 0
5.9118 SecondCar -45.70063 0.025 2.97 0 90 0 0 0.7071068 0 0.7071068 5.315574 0
5.9121 Head 0 1.6 0.78 345.15 327.8999 0 -0.124191 -0.2741586 -0.03572864 0.9529623
5.9121 FirstCar -13.14771 0.025 2.97 0 90 0 0 0.7071068 0 0.7071068 5.332712 0
5.9121 SecondCar -45.69865 0.025 2.97 0 90 0 0 0.7071068 0 0.7071068 5.314679 0
5.9125 Head 0 1.6 0.78 345.15 327.8999 0 -0.124191 -0.2741586 -0.03572864 0.9529623
5.9125 FirstCar -13.14551 0.025 2.97 0 90 0 0 0.7071068 0 0.7071068 5.331724 0
5.9125 SecondCar -45.69647 0.025 2.97 0 90 0 0 0.7071068 0 0.7071068 5.313691 0
5.9129 Head 0 1.6 0.78 345.15 327.8999 0 -0.124191 -0.2741586 -0.03572864 0.9529623
5.9129 FirstCar -13.14366 0.025 2.97 0 90 0 0 0.7071068 0 0.7071068 5.330892 0
5.9129 SecondCar -45.69463 0.025 2.97 0 90 0 0 0.7071068 0 0.7071068 5.312859 0
5.9132 Head 0 1.6 0.78 345.15 327.8999 0 -0.124191 -0.2741586 -0.03572864 0.9529623
5.9132 FirstCar -13.14185 0.025 2.97 0 90 0 0 0.7071068 0 0.7071068 5.330074 0
5.9132 SecondCar -45.69282 0.025 2.97 0 90 0 0 0.7071068 0 0.7071068 5.312041 0
5.9136 Head 0 1.6 0.78 345.15 327.8999 0 -0.124191 -0.2741586 -0.03572864 0.9529623
5.9136 FirstCar -13.14007 0.025 2.97 0 90 0 0 0.7071068 0 0.7071068 5.329272 0
5.9136 SecondCar -45.69104 0.025 2.97 0 90 0 0 0.7071068 0 0.7071068 5.311239 0
5.9139 Head 0 1.6 0.78 345.15 327.8999 0 -0.124191 -0.2741586 -0.03572864 0.9529623
5.9139 FirstCar -13.13833 0.025 2.97 0 90 0 0 0.7071068 0 0.7071068 5.328491 0
5.9139 SecondCar -45.68932 0.025 2.97 0 90 0 0 0.7071068 0 0.7071068 5.310458 0
5.9142 Head 0 1.6 0.78 345.15 327.8999 0 -0.124191 -0.2741586 -0.03572864 0.9529623
5.9142 FirstCar -13.13653 0.025 2.97 0 90 0 0 0.7071068 0 0.7071068 5.327679 0
5.9142 SecondCar -45.68752 0.025 2.97 0 90 0 0 0.7071068 0 0.7071068 5.309647 0
5.9146 Head 0 1.6 0.78 345.15 327.8999 0 -0.124191 -0.2741586 -0.03572864 0.9529623
5.9146 FirstCar -13.13463 0.025 2.97 0 90 0 0 0.7071068 0 0.7071068 5.326825 0
5.9146 SecondCar -45.68563 0.025 2.97 0 90 0 0 0.7071068 0 0.7071068 5.308793 0
5.9149 Head 0 1.6 0.78 345.15 327.8999 0 -0.124191 -0.2741586 -0.03572864 0.9529623
5.9149 FirstCar -13.13279 0.025 2.97 0 90 0 0 0.7071068 0 0.7071068 5.325995 0
5.9149 SecondCar -45.6838 0.025 2.97 0 90 0 0 0.7071068 0 0.7071068 5.307962 0
5.9153 Head 0 1.6 0.78 345.15 327.8999 0 -0.124191 -0.2741586 -0.03572864 0.9529623
5.9153 FirstCar -13.13103 0.025 2.97 0 90 0 0 0.7071068 0 0.7071068 5.325203 0
5.9153 SecondCar -45.68204 0.025 2.97 0 90 0 0 0.7071068 0 0.7071068 5.30717 0
5.9156 Head 0 1.6 0.78 345.15 327.8999 0 -0.124191 -0.2741586 -0.03572864 0.9529623
5.9156 FirstCar -13.12911 0.025 2.97 0 90 0 0 0.7071068 0 0.7071068 5.324334 0
5.9156 SecondCar -45.68013 0.025 2.97 0 90 0 0 0.7071068 0 0.7071068 5.306302 0
5.9160 Head 0 1.6 0.78 345.15 327.8999 0 -0.124191 -0.2741586 -0.03572864 0.9529623
5.9160 FirstCar -13.12726 0.025 2.97 0 90 0 0 0.7071068 0 0.7071068 5.323501 0
5.9160 SecondCar -45.67828 0.025 2.97 0 90 0 0 0.7071068 0 0.7071068 5.305468 0
5.9163 Head 0 1.6 0.78 345.15 327.8999 0 -0.124191 -0.2741586 -0.03572864 0.9529623
5.9163 FirstCar -13.12545 0.025 2.97 0 90 0 0 0.7071068 0 0.7071068 5.322683 0
5.9163 SecondCar -45.67648 0.025 2.97 0 90 0 0 0.7071068 0 0.7071068 5.304651 0
5.9166 Head 0 1.6 0.78 345.15 327.8999 0 -0.124191 -0.2741586 -0.03572864 0.9529623
5.9166 FirstCar -13.12361 0.025 2.97 0 90 0 0 0.7071068 0 0.7071068 5.321857 0
5.9166 SecondCar -45.67465 0.025 2.97 0 90 0 0 0.7071068 0 0.7071068 5.303824 0
5.9170 Head 0 1.6 0.78 345.15 327.8999 0 -0.124191 -0.2741586 -0.03572864 0.9529623
5.9170 FirstCar -13.12176 0.025 2.97 0 90 0 0 0.7071068 0 0.7071068 5.32102 0
5.9170 SecondCar -45.6728 0.025 2.97 0 90 0 0 0.7071068 0 0.7071068 5.302988 0
5.9173 Head 0 1.6 0.78 345.15 327.8999 0 -0.124191 -0.2741586 -0.03572864 0.9529623
5.9173 FirstCar -13.11999 0.025 2.97 0 90 0 0 0.7071068 0 0.7071068 5.320223 0
5.9173 SecondCar -45.67104 0.025 2.97 0 90 0 0 0.7071068 0 0.7071068 5.30219 0
5.9177 Head 0 1.6 0.78 345.15 327.8999 0 -0.124191 -0.2741586 -0.03572864 0.9529623
5.9177 FirstCar -13.11824 0.025 2.97 0 90 0 0 0.7071068 0 0.7071068 5.31943 0
5.9177 SecondCar -45.66929 0.025 2.97 0 90 0 0 0.7071068 0 0.7071068 5.301398 0
5.9180 Head 0 1.6 0.78 345.15 327.8999 0 -0.124191 -0.2741586 -0.03572864 0.9529623
5.9180 FirstCar -13.11646 0.025 2.97 0 90 0 0 0.7071068 0 0.7071068 5.318628 0
5.9180 SecondCar -45.66752 0.025 2.97 0 90 0 0 0.7071068 0 0.7071068 5.300596 0
5.9183 Head 0 1.6 0.78 345.15 327.8999 0 -0.124191 -0.2741586 -0.03572864 0.9529623
5.9183 FirstCar -13.11471 0.025 2.97 0 90 0 0 0.7071068 0 0.7071068 5.317838 0
5.9183 SecondCar -45.66577 0.025 2.97 0 90 0 0 0.7071068 0 0.7071068 5.299805 0
5.9186 Head 0 1.6 0.78 345.15 327.8999 0 -0.124191 -0.2741586 -0.03572864 0.9529623
5.9186 FirstCar -13.11298 0.025 2.97 0 90 0 0 0.7071068 0 0.7071068 5.317058 0
5.9186 SecondCar -45.66405 0.025 2.97 0 90 0 0 0.7071068 0 0.7071068 5.299026 0
5.9190 Head 0 1.6 0.78 345.15 327.8999 0 -0.124191 -0.2741586 -0.03572864 0.9529623
5.9190 FirstCar -13.11103 0.025 2.97 0 90 0 0 0.7071068 0 0.7071068 5.316177 0
5.9190 SecondCar -45.66211 0.025 2.97 0 90 0 0 0.7071068 0 0.7071068 5.298144 0
5.9193 Head 0 1.6 0.78 345.15 327.8999 0 -0.124191 -0.2741586 -0.03572864 0.9529623
5.9193 FirstCar -13.10924 0.025 2.97 0 90 0 0 0.7071068 0 0.7071068 5.315371 0
5.9193 SecondCar -45.66033 0.025 2.97 0 90 0 0 0.7071068 0 0.7071068 5.297338 0
5.9197 Head 0 1.6 0.78 345.15 327.8999 0 -0.124191 -0.2741586 -0.03572864 0.9529623
5.9197 FirstCar -13.10729 0.025 2.97 0 90 0 0 0.7071068 0 0.7071068 5.314488 0
5.9197 SecondCar -45.65838 0.025 2.97 0 90 0 0 0.7071068 0 0.7071068 5.296456 0
5.9201 Head 0 1.6 0.78 345.15 327.8999 0 -0.124191 -0.2741586 -0.03572864 0.9529623
5.9201 FirstCar -13.10524 0.025 2.97 0 90 0 0 0.7071068 0 0.7071068 5.313563 0
5.9201 SecondCar -45.65634 0.025 2.97 0 90 0 0 0.7071068 0 0.7071068 5.295531 0
5.9204 Head 0 1.6 0.78 345.15 327.8999 0 -0.124191 -0.2741586 -0.03572864 0.9529623
5.9204 FirstCar -13.10348 0.025 2.97 0 90 0 0 0.7071068 0 0.7071068 5.312766 0
5.9204 SecondCar -45.65458 0.025 2.97 0 90 0 0 0.7071068 0 0.7071068 5.294734 0
5.9208 Head 0 1.6 0.78 345.15 327.8999 0 -0.124191 -0.2741586 -0.03572864 0.9529623
5.9208 FirstCar -13.10167 0.025 2.97 0 90 0 0 0.7071068 0 0.7071068 5.311949 0
5.9208 SecondCar -45.65278 0.025 2.97 0 90 0 0 0.7071068 0 0.7071068 5.293917 0
5.9211 Head 0 1.6 0.78 345.15 327.8999 0 -0.124191 -0.2741586 -0.03572864 0.9529623
5.9211 FirstCar -13.0999 0.025 2.97 0 90 0 0 0.7071068 0 0.7071068 5.311152 0
5.9211 SecondCar -45.65102 0.025 2.97 0 90 0 0 0.7071068 0 0.7071068 5.293119 0
5.9215 Head 0 1.6 0.78 345.15 327.8999 0 -0.124191 -0.2741586 -0.03572864 0.9529623
5.9215 FirstCar -13.09798 0.025 2.97 0 90 0 0 0.7071068 0 0.7071068 5.310284 0
5.9215 SecondCar -45.64911 0.025 2.97 0 90 0 0 0.7071068 0 0.7071068 5.292251 0
5.9218 Head 0 1.6 0.78 345.15 327.8999 0 -0.124191 -0.2741586 -0.03572864 0.9529623
5.9218 FirstCar -13.09601 0.025 2.97 0 90 0 0 0.7071068 0 0.7071068 5.30939 0
5.9218 SecondCar -45.64714 0.025 2.97 0 90 0 0 0.7071068 0 0.7071068 5.291358 0
5.9222 Head 0 1.6 0.78 345.15 327.8999 0 -0.124191 -0.2741586 -0.03572864 0.9529623
5.9222 FirstCar -13.09408 0.025 2.97 0 90 0 0 0.7071068 0 0.7071068 5.308518 0
5.9222 SecondCar -45.64521 0.025 2.97 0 90 0 0 0.7071068 0 0.7071068 5.290486 0
5.9226 Head 0 1.6 0.78 345.15 327.8999 0 -0.124191 -0.2741586 -0.03572864 0.9529623
5.9226 FirstCar -13.09183 0.025 2.97 0 90 0 0 0.7071068 0 0.7071068 5.307502 0
5.9226 SecondCar -45.64297 0.025 2.97 0 90 0 0 0.7071068 0 0.7071068 5.289469 0
5.9230 Head 0 1.6 0.78 345.15 327.8999 0 -0.124191 -0.2741586 -0.03572864 0.9529623
5.9230 FirstCar -13.0898 0.025 2.97 0 90 0 0 0.7071068 0 0.7071068 5.306583 0
5.9230 SecondCar -45.64095 0.025 2.97 0 90 0 0 0.7071068 0 0.7071068 5.28855 0
5.9234 Head 0 1.6 0.78 345.15 327.8999 0 -0.124191 -0.2741586 -0.03572864 0.9529623
5.9234 FirstCar -13.08796 0.025 2.97 0 90 0 0 0.7071068 0 0.7071068 5.305751 0
5.9234 SecondCar -45.63912 0.025 2.97 0 90 0 0 0.7071068 0 0.7071068 5.287719 0
5.9237 Head 0 1.6 0.78 345.15 327.8999 0 -0.124191 -0.2741586 -0.03572864 0.9529623
5.9237 FirstCar -13.0861 0.025 2.97 0 90 0 0 0.7071068 0 0.7071068 5.304912 0
5.9237 SecondCar -45.63727 0.025 2.97 0 90 0 0 0.7071068 0 0.7071068 5.286879 0
5.9240 Head 0 1.6 0.78 345.15 327.8999 0 -0.124191 -0.2741586 -0.03572864 0.9529623
5.9240 FirstCar -13.0843 0.025 2.97 0 90 0 0 0.7071068 0 0.7071068 5.304095 0
5.9240 SecondCar -45.63547 0.025 2.97 0 90 0 0 0.7071068 0 0.7071068 5.286063 0
5.9244 Head 0 1.6 0.78 345.15 327.8999 0 -0.124191 -0.2741586 -0.03572864 0.9529623
5.9244 FirstCar -13.08244 0.025 2.97 0 90 0 0 0.7071068 0 0.7071068 5.303252 0
5.9244 SecondCar -45.63361 0.025 2.97 0 90 0 0 0.7071068 0 0.7071068 5.28522 0
5.9248 Head 0 1.6 0.78 345.15 327.8999 0 -0.124191 -0.2741586 -0.03572864 0.9529623
5.9248 FirstCar -13.08056 0.025 2.97 0 90 0 0 0.7071068 0 0.7071068 5.302402 0
5.9248 SecondCar -45.63174 0.025 2.97 0 90 0 0 0.7071068 0 0.7071068 5.284369 0
5.9252 Head 0 1.6 0.78 345.15 327.8999 0 -0.124191 -0.2741586 -0.03572864 0.9529623
5.9252 FirstCar -13.07845 0.025 2.97 0 90 0 0 0.7071068 0 0.7071068 5.301448 0
5.9252 SecondCar -45.62964 0.025 2.97 0 90 0 0 0.7071068 0 0.7071068 5.283416 0
5.9255 Head 0 1.6 0.78 345.15 327.8999 0 -0.124191 -0.2741586 -0.03572864 0.9529623
5.9255 FirstCar -13.07659 0.025 2.97 0 90 0 0 0.7071068 0 0.7071068 5.300605 0
5.9255 SecondCar -45.62778 0.025 2.97 0 90 0 0 0.7071068 0 0.7071068 5.282572 0
5.9259 Head 0 1.6 0.78 345.15 327.8999 0 -0.124191 -0.2741586 -0.03572864 0.9529623
5.9259 FirstCar -13.07472 0.025 2.97 0 90 0 0 0.7071068 0 0.7071068 5.299757 0
5.9259 SecondCar -45.62592 0.025 2.97 0 90 0 0 0.7071068 0 0.7071068 5.281724 0
5.9262 Head 0 1.6 0.78 345.15 327.8999 0 -0.124191 -0.2741586 -0.03572864 0.9529623
5.9262 FirstCar -13.07297 0.025 2.97 0 90 0 0 0.7071068 0 0.7071068 5.298965 0
5.9262 SecondCar -45.62418 0.025 2.97 0 90 0 0 0.7071068 0 0.7071068 5.280933 0
5.9265 Head 0 1.6 0.78 345.15 327.8999 0 -0.124191 -0.2741586 -0.03572864 0.9529623
5.9265 FirstCar -13.0712 0.025 2.97 0 90 0 0 0.7071068 0 0.7071068 5.298165 0
5.9265 SecondCar -45.62242 0.025 2.97 0 90 0 0 0.7071068 0 0.7071068 5.280133 0
5.9269 Head 0 1.6 0.78 345.15 327.8999 0 -0.124191 -0.2741586 -0.03572864 0.9529623
5.9269 FirstCar -13.0694 0.025 2.97 0 90 0 0 0.7071068 0 0.7071068 5.297349 0
5.9269 SecondCar -45.62062 0.025 2.97 0 90 0 0 0.7071068 0 0.7071068 5.279316 0
5.9272 Head 0 1.6 0.78 345.15 327.8999 0 -0.124191 -0.2741586 -0.03572864 0.9529623
5.9272 FirstCar -13.06759 0.025 2.97 0 90 0 0 0.7071068 0 0.7071068 5.296526 0
5.9272 SecondCar -45.61881 0.025 2.97 0 90 0 0 0.7071068 0 0.7071068 5.278494 0
5.9276 Head 0 1.6 0.78 345.15 327.8999 0 -0.124191 -0.2741586 -0.03572864 0.9529623
5.9276 FirstCar -13.06574 0.025 2.97 0 90 0 0 0.7071068 0 0.7071068 5.295688 0
5.9276 SecondCar -45.61697 0.025 2.97 0 90 0 0 0.7071068 0 0.7071068 5.277656 0
5.9279 Head 0 1.6 0.78 345.15 327.8999 0 -0.124191 -0.2741586 -0.03572864 0.9529623
5.9279 FirstCar -13.06383 0.025 2.97 0 90 0 0 0.7071068 0 0.7071068 5.294822 0
5.9279 SecondCar -45.61507 0.025 2.97 0 90 0 0 0.7071068 0 0.7071068 5.276789 0
5.9282 Head 0 1.6 0.78 345.15 327.8999 0 -0.124191 -0.2741586 -0.03572864 0.9529623
5.9282 FirstCar -13.06204 0.025 2.97 0 90 0 0 0.7071068 0 0.7071068 5.294011 0
5.9282 SecondCar -45.61329 0.025 2.97 0 90 0 0 0.7071068 0 0.7071068 5.275979 0
5.9286 Head 0 1.6 0.78 345.15 327.8999 0 -0.124191 -0.2741586 -0.03572864 0.9529623
5.9286 FirstCar -13.06025 0.025 2.97 0 90 0 0 0.7071068 0 0.7071068 5.293201 0
5.9286 SecondCar -45.61151 0.025 2.97 0 90 0 0 0.7071068 0 0.7071068 5.275169 0
5.9289 Head 0 1.6 0.78 345.15 327.8999 0 -0.124191 -0.2741586 -0.03572864 0.9529623
5.9289 FirstCar -13.05843 0.025 2.97 0 90 0 0 0.7071068 0 0.7071068 5.292377 0
5.9289 SecondCar -45.6097 0.025 2.97 0 90 0 0 0.7071068 0 0.7071068 5.274344 0
5.9293 Head 0 1.6 0.78 345.15 327.8999 0 -0.124191 -0.2741586 -0.03572864 0.9529623
5.9293 FirstCar -13.05654 0.025 2.97 0 90 0 0 0.7071068 0 0.7071068 5.291517 0
5.9293 SecondCar -45.60781 0.025 2.97 0 90 0 0 0.7071068 0 0.7071068 5.273484 0
5.9296 Head 0 1.6 0.78 345.15 327.8999 0 -0.124191 -0.2741586 -0.03572864 0.9529623
5.9296 FirstCar -13.05467 0.025 2.97 0 90 0 0 0.7071068 0 0.7071068 5.29067 0
5.9296 SecondCar -45.60595 0.025 2.97 0 90 0 0 0.7071068 0 0.7071068 5.272638 0
5.9300 Head 0 1.6 0.78 345.15 327.8999 0 -0.124191 -0.2741586 -0.03572864 0.9529623
5.9300 FirstCar -13.05286 0.025 2.97 0 90 0 0 0.7071068 0 0.7071068 5.289849 0
5.9300 SecondCar -45.60415 0.025 2.97 0 90 0 0 0.7071068 0 0.7071068 5.271817 0
5.9303 Head 0 1.6 0.78 345.15 327.8999 0 -0.124191 -0.2741586 -0.03572864 0.9529623
5.9303 FirstCar -13.051 0.025 2.97 0 90 0 0 0.7071068 0 0.7071068 5.289005 0
5.9303 SecondCar -45.60229 0.025 2.97 0 90 0 0 0.7071068 0 0.7071068 5.270972 0
5.9310 Head 0 1.6 0.78 345.15 327.8999 0 -0.124191 -0.2741586 -0.03572864 0.9529623
5.9310 FirstCar -13.04775 0.025 2.97 0 90 0 0 0.7071068 0 0.7071068 5.28753 0
5.9310 SecondCar -45.59905 0.025 2.97 0 90 0 0 0.7071068 0 0.7071068 5.269497 0
5.9314 Head 0 1.6 0.78 345.15 327.8999 0 -0.124191 -0.2741586 -0.03572864 0.9529623
5.9314 FirstCar -13.04533 0.025 2.97 0 90 0 0 0.7071068 0 0.7071068 5.286431 0
5.9314 SecondCar -45.59664 0.025 2.97 0 90 0 0 0.7071068 0 0.7071068 5.268399 0
5.9318 Head 0 1.6 0.78 345.15 327.8999 0 -0.124191 -0.2741586 -0.03572864 0.9529623
5.9318 FirstCar -13.04329 0.025 2.97 0 90 0 0 0.7071068 0 0.7071068 5.285506 0
5.9318 SecondCar -45.59461 0.025 2.97 0 90 0 0 0.7071068 0 0.7071068 5.267474 0
5.9322 Head 0 1.6 0.78 345.15 327.8999 0 -0.124191 -0.2741586 -0.03572864 0.9529623
5.9322 FirstCar -13.04118 0.025 2.97 0 90 0 0 0.7071068 0 0.7071068 5.284546 0
5.9322 SecondCar -45.5925 0.025 2.97 0 90 0 0 0.7071068 0 0.7071068 5.266513 0
5.9326 Head 0 1.6 0.78 345.15 327.8999 0 -0.124191 -0.2741586 -0.03572864 0.9529623
5.9326 FirstCar -13.03924 0.025 2.97 0 90 0 0 0.7071068 0 0.7071068 5.283664 0
5.9326 SecondCar -45.59057 0.025 2.97 0 90 0 0 0.7071068 0 0.7071068 5.265631 0
5.9329 Head 0 1.6 0.78 345.15 327.8999 0 -0.124191 -0.2741586 -0.03572864 0.9529623
5.9329 FirstCar -13.03737 0.025 2.97 0 90 0 0 0.7071068 0 0.7071068 5.282816 0
5.9329 SecondCar -45.58871 0.025 2.97 0 90 0 0 0.7071068 0 0.7071068 5.264784 0
5.9333 Head 0 1.6 0.78 345.15 327.8999 0 -0.124191 -0.2741586 -0.03572864 0.9529623
5.9333 FirstCar -13.03554 0.025 2.97 0 90 0 0 0.7071068 0 0.7071068 5.281985 0
5.9333 SecondCar -45.58689 0.025 2.97 0 90 0 0 0.7071068 0 0.7071068 5.263953 0
5.9336 Head 0 1.6 0.78 345.15 327.8999 0 -0.124191 -0.2741586 -0.03572864 0.9529623
5.9336 FirstCar -13.03363 0.025 2.97 0 90 0 0 0.7071068 0 0.7071068 5.281119 0
5.9336 SecondCar -45.58499 0.025 2.97 0 90 0 0 0.7071068 0 0.7071068 5.263086 0
5.9340 Head 0 1.6 0.78 345.15 327.8999 0 -0.124191 -0.2741586 -0.03572864 0.9529623
5.9340 FirstCar -13.03177 0.025 2.97 0 90 0 0 0.7071068 0 0.7071068 5.280274 0
5.9340 SecondCar -45.58314 0.025 2.97 0 90 0 0 0.7071068 0 0.7071068 5.262242 0
5.9343 Head 0 1.6 0.78 345.15 327.8999 0 -0.124191 -0.2741586 -0.03572864 0.9529623
5.9343 FirstCar -13.02996 0.025 2.97 0 90 0 0 0.7071068 0 0.7071068 5.279448 0
5.9343 SecondCar -45.58133 0.025 2.97 0 90 0 0 0.7071068 0 0.7071068 5.261415 0
5.9347 Head 0 1.6 0.78 345.15 327.8999 0 -0.124191 -0.2741586 -0.03572864 0.9529623
5.9347 FirstCar -13.02813 0.025 2.97 0 90 0 0 0.7071068 0 0.7071068 5.278618 0
5.9347 SecondCar -45.57951 0.025 2.97 0 90 0 0 0.7071068 0 0.7071068 5.260586 0
5.9350 Head 0 1.6 0.78 345.15 327.8999 0 -0.124191 -0.2741586 -0.03572864 0.9529623
5.9350 FirstCar -13.02635 0.025 2.97 0 90 0 0 0.7071068 0 0.7071068 5.277808 0
5.9350 SecondCar -45.57773 0.025 2.97 0 90 0 0 0.7071068 0 0.7071068 5.259776 0
5.9353 Head 0 1.6 0.78 345.15 327.8999 0 -0.124191 -0.2741586 -0.03572864 0.9529623
5.9353 FirstCar -13.0246 0.025 2.97 0 90 0 0 0.7071068 0 0.7071068 5.27701 0
5.9353 SecondCar -45.57598 0.025 2.97 0 90 0 0 0.7071068 0 0.7071068 5.258978 0
5.9357 Head 0 1.6 0.78 345.15 327.8999 0 -0.124191 -0.2741586 -0.03572864 0.9529623
5.9357 FirstCar -13.02284 0.025 2.97 0 90 0 0 0.7071068 0 0.7071068 5.276209 0
5.9357 SecondCar -45.57423 0.025 2.97 0 90 0 0 0.7071068 0 0.7071068 5.258177 0
5.9360 Head 0 1.6 0.78 345.15 327.8999 0 -0.124191 -0.2741586 -0.03572864 0.9529623
5.9360 FirstCar -13.02107 0.025 2.97 0 90 0 0 0.7071068 0 0.7071068 5.275406 0
5.9360 SecondCar -45.57247 0.025 2.97 0 90 0 0 0.7071068 0 0.7071068 5.257373 0
5.9363 Head 0 1.6 0.78 345.15 327.8999 0 -0.124191 -0.2741586 -0.03572864 0.9529623
5.9363 FirstCar -13.01933 0.025 2.97 0 90 0 0 0.7071068 0 0.7071068 5.274615 0
5.9363 SecondCar -45.57074 0.025 2.97 0 90 0 0 0.7071068 0 0.7071068 5.256582 0
5.9367 Head 0 1.6 0.78 345.15 327.8999 0 -0.124191 -0.2741586 -0.03572864 0.9529623
5.9367 FirstCar -13.01759 0.025 2.97 0 90 0 0 0.7071068 0 0.7071068 5.273822 0
5.9367 SecondCar -45.569 0.025 2.97 0 90 0 0 0.7071068 0 0.7071068 5.25579 0
5.9370 Head 0 1.6 0.78 345.15 327.8999 0 -0.124191 -0.2741586 -0.03572864 0.9529623
5.9370 FirstCar -13.01583 0.025 2.97 0 90 0 0 0.7071068 0 0.7071068 5.273022 0
5.9370 SecondCar -45.56725 0.025 2.97 0 90 0 0 0.7071068 0 0.7071068 5.254989 0
5.9373 Head 0 1.6 0.78 345.15 327.8999 0 -0.124191 -0.2741586 -0.03572864 0.9529623
5.9373 FirstCar -13.01399 0.025 2.97 0 90 0 0 0.7071068 0 0.7071068 5.272183 0
5.9373 SecondCar -45.56542 0.025 2.97 0 90 0 0 0.7071068 0 0.7071068 5.25415 0
5.9377 Head 0 1.6 0.78 345.15 327.8999 0 -0.124191 -0.2741586 -0.03572864 0.9529623
5.9377 FirstCar -13.01215 0.025 2.97 0 90 0 0 0.7071068 0 0.7071068 5.271348 0
5.9377 SecondCar -45.56359 0.025 2.97 0 90 0 0 0.7071068 0 0.7071068 5.253315 0
5.9380 Head 0 1.6 0.78 345.15 327.8999 0 -0.124191 -0.2741586 -0.03572864 0.9529623
5.9380 FirstCar -13.01037 0.025 2.97 0 90 0 0 0.7071068 0 0.7071068 5.270533 0
5.9380 SecondCar -45.56181 0.025 2.97 0 90 0 0 0.7071068 0 0.7071068 5.252501 0
5.9384 Head 0 1.6 0.78 345.15 327.8999 0 -0.124191 -0.2741586 -0.03572864 0.9529623
5.9384 FirstCar -13.00861 0.025 2.97 0 90 0 0 0.7071068 0 0.7071068 5.269732 0
5.9384 SecondCar -45.56005 0.025 2.97 0 90 0 0 0.7071068 0 0.7071068 5.251699 0
5.9387 Head 0 1.6 0.78 345.15 327.8999 0 -0.124191 -0.2741586 -0.03572864 0.9529623
5.9387 FirstCar -13.00685 0.025 2.97 0 90 0 0 0.7071068 0 0.7071068 5.26893 0
5.9387 SecondCar -45.5583 0.025 2.97 0 90 0 0 0.7071068 0 0.7071068 5.250898 0
5.9390 Head 0 1.6 0.78 345.15 327.8999 0 -0.124191 -0.2741586 -0.03572864 0.9529623
5.9390 FirstCar -13.00506 0.025 2.97 0 90 0 0 0.7071068 0 0.7071068 5.268117 0
5.9390 SecondCar -45.55652 0.025 2.97 0 90 0 0 0.7071068 0 0.7071068 5.250085 0
5.9394 Head 0 1.6 0.78 345.15 327.8999 0 -0.124191 -0.2741586 -0.03572864 0.9529623
5.9394 FirstCar -13.00307 0.025 2.97 0 90 0 0 0.7071068 0 0.7071068 5.267209 0
5.9394 SecondCar -45.55453 0.025 2.97 0 90 0 0 0.7071068 0 0.7071068 5.249176 0
5.9398 Head 0 1.6 0.78 345.15 327.8999 0 -0.124191 -0.2741586 -0.03572864 0.9529623
5.9398 FirstCar -13.00126 0.025 2.97 0 90 0 0 0.7071068 0 0.7071068 5.266384 0
5.9398 SecondCar -45.55273 0.025 2.97 0 90 0 0 0.7071068 0 0.7071068 5.248352 0
5.9401 Head 0 1.6 0.78 345.15 327.8999 0 -0.124191 -0.2741586 -0.03572864 0.9529623
5.9401 FirstCar -12.9993 0.025 2.97 0 90 0 0 0.7071068 0 0.7071068 5.265489 0
5.9401 SecondCar -45.55077 0.025 2.97 0 90 0 0 0.7071068 0 0.7071068 5.247456 0
5.9405 Head 0 1.6 0.78 345.15 327.8999 0 -0.124191 -0.2741586 -0.03572864 0.9529623
5.9405 FirstCar -12.99724 0.025 2.97 0 90 0 0 0.7071068 0 0.7071068 5.264551 0
5.9405 SecondCar -45.54873 0.025 2.97 0 90 0 0 0.7071068 0 0.7071068 5.246519 0
5.9409 Head 0 1.6 0.78 345.15 327.8999 0 -0.124191 -0.2741586 -0.03572864 0.9529623
5.9409 FirstCar -12.99535 0.025 2.97 0 90 0 0 0.7071068 0 0.7071068 5.263692 0
5.9409 SecondCar -45.54685 0.025 2.97 0 90 0 0 0.7071068 0 0.7071068 5.245659 0
5.9412 Head 0 1.6 0.78 345.15 327.8999 0 -0.124191 -0.2741586 -0.03572864 0.9529623
5.9412 FirstCar -12.99354 0.025 2.97 0 90 0 0 0.7071068 0 0.7071068 5.262864 0
5.9412 SecondCar -45.54504 0.025 2.97 0 90 0 0 0.7071068 0 0.7071068 5.244831 0
5.9416 Head 0 1.6 0.78 345.15 327.8999 0 -0.124191 -0.2741586 -0.03572864 0.9529623
5.9416 FirstCar -12.99178 0.025 2.97 0 90 0 0 0.7071068 0 0.7071068 5.262061 0
5.9416 SecondCar -45.54329 0.025 2.97 0 90 0 0 0.7071068 0 0.7071068 5.244029 0
5.9419 Head 0 1.6 0.78 345.15 327.8999 0 -0.124191 -0.2741586 -0.03572864 0.9529623
5.9419 FirstCar -12.98994 0.025 2.97 0 90 0 0 0.7071068 0 0.7071068 5.261224 0
5.9419 SecondCar -45.54146 0.025 2.97 0 90 0 0 0.7071068 0 0.7071068 5.243191 0
5.9422 Head 0 1.6 0.78 345.15 327.8999 0 -0.124191 -0.2741586 -0.03572864 0.9529623
5.9422 FirstCar -12.98818 0.025 2.97 0 90 0 0 0.7071068 0 0.7071068 5.26042 0
5.9422 SecondCar -45.5397 0.025 2.97 0 90 0 0 0.7071068 0 0.7071068 5.242388 0
5.9426 Head 0 1.6 0.78 345.15 327.8999 0 -0.124191 -0.2741586 -0.03572864 0.9529623
5.9426 FirstCar -12.98618 0.025 2.97 0 90 0 0 0.7071068 0 0.7071068 5.259504 0
5.9426 SecondCar -45.5377 0.025 2.97 0 90 0 0 0.7071068 0 0.7071068 5.241472 0
5.9430 Head 0 1.6 0.78 345.15 327.8999 0 -0.124191 -0.2741586 -0.03572864 0.9529623
5.9430 FirstCar -12.98438 0.025 2.97 0 90 0 0 0.7071068 0 0.7071068 5.258685 0
5.9430 SecondCar -45.53592 0.025 2.97 0 90 0 0 0.7071068 0 0.7071068 5.240652 0
5.9433 Head 0 1.6 0.78 345.15 327.8999 0 -0.124191 -0.2741586 -0.03572864 0.9529623
5.9433 FirstCar -12.98247 0.025 2.97 0 90 0 0 0.7071068 0 0.7071068 5.257812 0
5.9433 SecondCar -45.53401 0.025 2.97 0 90 0 0 0.7071068 0 0.7071068 5.239779 0
5.9437 Head 0 1.6 0.78 345.15 327.8999 0 -0.124191 -0.2741586 -0.03572864 0.9529623
5.9437 FirstCar -12.98064 0.025 2.97 0 90 0 0 0.7071068 0 0.7071068 5.256978 0
5.9437 SecondCar -45.53219 0.025 2.97 0 90 0 0 0.7071068 0 0.7071068 5.238945 0
5.9440 Head 0 1.6 0.78 345.15 327.8999 0 -0.124191 -0.2741586 -0.03572864 0.9529623
5.9440 FirstCar -12.97886 0.025 2.97 0 90 0 0 0.7071068 0 0.7071068 5.256165 0
5.9440 SecondCar -45.53042 0.025 2.97 0 90 0 0 0.7071068 0 0.7071068 5.238132 0
5.9444 Head 0 1.6 0.78 345.15 327.8999 0 -0.124191 -0.2741586 -0.03572864 0.9529623
5.9444 FirstCar -12.97708 0.025 2.97 0 90 0 0 0.7071068 0 0.7071068 5.255351 0
5.9444 SecondCar -45.52864 0.025 2.97 0 90 0 0 0.7071068 0 0.7071068 5.237319 0
5.9447 Head 0 1.6 0.78 345.15 327.8999 0 -0.124191 -0.2741586 -0.03572864 0.9529623
5.9447 FirstCar -12.97535 0.025 2.97 0 90 0 0 0.7071068 0 0.7071068 5.254561 0
5.9447 SecondCar -45.52692 0.025 2.97 0 90 0 0 0.7071068 0 0.7071068 5.236529 0
5.9450 Head 0 1.6 0.78 345.15 327.8999 0 -0.124191 -0.2741586 -0.03572864 0.9529623
5.9450 FirstCar -12.97357 0.025 2.97 0 90 0 0 0.7071068 0 0.7071068 5.253747 0
5.9450 SecondCar -45.52514 0.025 2.97 0 90 0 0 0.7071068 0 0.7071068 5.235715 0
5.9454 Head 0 1.6 0.78 345.15 327.8999 0 -0.124191 -0.2741586 -0.03572864 0.9529623
5.9454 FirstCar -12.97176 0.025 2.97 0 90 0 0 0.7071068 0 0.7071068 5.25292 0
5.9454 SecondCar -45.52333 0.025 2.97 0 90 0 0 0.7071068 0 0.7071068 5.234888 0
5.9457 Head 0 1.6 0.78 345.15 327.8999 0 -0.124191 -0.2741586 -0.03572864 0.9529623
5.9457 FirstCar -12.97001 0.025 2.97 0 90 0 0 0.7071068 0 0.7071068 5.252124 0
5.9457 SecondCar -45.5216 0.025 2.97 0 90 0 0 0.7071068 0 0.7071068 5.234091 0
5.9460 Head 0 1.6 0.78 345.15 327.8999 0 -0.124191 -0.2741586 -0.03572864 0.9529623
5.9460 FirstCar -12.96826 0.025 2.97 0 90 0 0 0.7071068 0 0.7071068 5.25132 0
5.9460 SecondCar -45.51985 0.025 2.97 0 90 0 0 0.7071068 0 0.7071068 5.233288 0
5.9464 Head 0 1.6 0.78 345.15 327.8999 0 -0.124191 -0.2741586 -0.03572864 0.9529623
5.9464 FirstCar -12.9664 0.025 2.97 0 90 0 0 0.7071068 0 0.7071068 5.25047 0
5.9464 SecondCar -45.51799 0.025 2.97 0 90 0 0 0.7071068 0 0.7071068 5.232438 0
5.9467 Head 0 1.6 0.78 345.15 327.8999 0 -0.124191 -0.2741586 -0.03572864 0.9529623
5.9467 FirstCar -12.96459 0.025 2.97 0 90 0 0 0.7071068 0 0.7071068 5.249645 0
5.9467 SecondCar -45.51619 0.025 2.97 0 90 0 0 0.7071068 0 0.7071068 5.231612 0
5.9471 Head 0 1.6 0.78 345.15 327.8999 0 -0.124191 -0.2741586 -0.03572864 0.9529623
5.9471 FirstCar -12.96282 0.025 2.97 0 90 0 0 0.7071068 0 0.7071068 5.248835 0
5.9471 SecondCar -45.51443 0.025 2.97 0 90 0 0 0.7071068 0 0.7071068 5.230803 0
5.9474 Head 0 1.6 0.78 345.15 327.8999 0 -0.124191 -0.2741586 -0.03572864 0.9529623
5.9474 FirstCar -12.96105 0.025 2.97 0 90 0 0 0.7071068 0 0.7071068 5.248028 0
5.9474 SecondCar -45.51267 0.025 2.97 0 90 0 0 0.7071068 0 0.7071068 5.229995 0
5.9477 Head 0 1.6 0.78 345.15 327.8999 0 -0.124191 -0.2741586 -0.03572864 0.9529623
5.9477 FirstCar -12.95932 0.025 2.97 0 90 0 0 0.7071068 0 0.7071068 5.247236 0
5.9477 SecondCar -45.51094 0.025 2.97 0 90 0 0 0.7071068 0 0.7071068 5.229203 0
5.9481 Head 0 1.6 0.78 345.15 327.8999 0 -0.124191 -0.2741586 -0.03572864 0.9529623
5.9481 FirstCar -12.9576 0.025 2.97 0 90 0 0 0.7071068 0 0.7071068 5.246449 0
5.9481 SecondCar -45.50923 0.025 2.97 0 90 0 0 0.7071068 0 0.7071068 5.228416 0
5.9484 Head 0 1.6 0.78 345.15 327.8999 0 -0.124191 -0.2741586 -0.03572864 0.9529623
5.9484 FirstCar -12.9559 0.025 2.97 0 90 0 0 0.7071068 0 0.7071068 5.245669 0
5.9484 SecondCar -45.50753 0.025 2.97 0 90 0 0 0.7071068 0 0.7071068 5.227636 0
5.9487 Head 0 1.6 0.78 345.15 327.8999 0 -0.124191 -0.2741586 -0.03572864 0.9529623
5.9487 FirstCar -12.95413 0.025 2.97 0 90 0 0 0.7071068 0 0.7071068 5.244862 0
5.9487 SecondCar -45.50577 0.025 2.97 0 90 0 0 0.7071068 0 0.7071068 5.22683 0
5.9491 Head 0 1.6 0.78 345.15 327.8999 0 -0.124191 -0.2741586 -0.03572864 0.9529623
5.9491 FirstCar -12.95227 0.025 2.97 0 90 0 0 0.7071068 0 0.7071068 5.244009 0
5.9491 SecondCar -45.50391 0.025 2.97 0 90 0 0 0.7071068 0 0.7071068 5.225977 0
5.9499 Head 0 1.6 0.78 345.15 327.8999 0 -0.124191 -0.2741586 -0.03572864 0.9529623
5.9499 FirstCar -12.9481 0.025 2.97 0 90 0 0 0.7071068 0 0.7071068 5.242098 0
5.9499 SecondCar -45.49975 0.025 2.97 0 90 0 0 0.7071068 0 0.7071068 5.224065 0
5.9503 Head 0 1.6 0.78 345.15 327.8999 0 -0.124191 -0.2741586 -0.03572864 0.9529623
5.9503 FirstCar -12.94578 0.025 2.97 0 90 0 0 0.7071068 0 0.7071068 5.241038 0
5.9503 SecondCar -45.49744 0.025 2.97 0 90 0 0 0.7071068 0 0.7071068 5.223005 0
5.9510 Head 0 1.6 0.78 345.15 327.8999 0 -0.124191 -0.2741586 -0.03572864 0.9529623
5.9510 FirstCar -12.94229 0.025 2.97 0 90 0 0 0.7071068 0 0.7071068 5.239439 0
5.9510 SecondCar -45.49397 0.025 2.97 0 90 0 0 0.7071068 0 0.7071068 5.221406 0
5.9514 Head 0 1.6 0.78 345.15 327.8999 0 -0.124191 -0.2741586 -0.03572864 0.9529623
5.9514 FirstCar -12.94009 0.025 2.97 0 90 0 0 0.7071068 0 0.7071068 5.23843 0
5.9514 SecondCar -45.49177 0.025 2.97 0 90 0 0 0.7071068 0 0.7071068 5.220397 0
5.9518 Head 0 1.6 0.78 345.15 327.8999 0 -0.124191 -0.2741586 -0.03572864 0.9529623
5.9518 FirstCar -12.93813 0.025 2.97 0 90 0 0 0.7071068 0 0.7071068 5.237531 0
5.9518 SecondCar -45.48982 0.025 2.97 0 90 0 0 0.7071068 0 0.7071068 5.219499 0
5.9521 Head 0 1.6 0.78 345.15 327.8999 0 -0.124191 -0.2741586 -0.03572864 0.9529623
5.9521 FirstCar -12.93625 0.025 2.97 0 90 0 0 0.7071068 0 0.7071068 5.236672 0
5.9521 SecondCar -45.48795 0.025 2.97 0 90 0 0 0.7071068 0 0.7071068 5.21864 0
5.9525 Head 0 1.6 0.78 345.15 327.8999 0 -0.124191 -0.2741586 -0.03572864 0.9529623
5.9525 FirstCar -12.93435 0.025 2.97 0 90 0 0 0.7071068 0 0.7071068 5.235803 0
5.9525 SecondCar -45.48606 0.025 2.97 0 90 0 0 0.7071068 0 0.7071068 5.21777 0
5.9529 Head 0 1.6 0.78 345.15 327.8999 0 -0.124191 -0.2741586 -0.03572864 0.9529623
5.9529 FirstCar -12.93243 0.025 2.97 0 90 0 0 0.7071068 0 0.7071068 5.23492 0
5.9529 SecondCar -45.48414 0.025 2.97 0 90 0 0 0.7071068 0 0.7071068 5.216887 0
5.9532 Head 0 1.6 0.78 345.15 327.8999 0 -0.124191 -0.2741586 -0.03572864 0.9529623
5.9532 FirstCar -12.9306 0.025 2.97 0 90 0 0 0.7071068 0 0.7071068 5.23408 0
5.9532 SecondCar -45.48232 0.025 2.97 0 90 0 0 0.7071068 0 0.7071068 5.216047 0
5.9536 Head 0 1.6 0.78 345.15 327.8999 0 -0.124191 -0.2741586 -0.03572864 0.9529623
5.9536 FirstCar -12.9288 0.025 2.97 0 90 0 0 0.7071068 0 0.7071068 5.233255 0
5.9536 SecondCar -45.48053 0.025 2.97 0 90 0 0 0.7071068 0 0.7071068 5.215223 0
5.9539 Head 0 1.6 0.78 345.15 327.8999 0 -0.124191 -0.2741586 -0.03572864 0.9529623
5.9539 FirstCar -12.927 0.025 2.97 0 90 0 0 0.7071068 0 0.7071068 5.232431 0
5.9539 SecondCar -45.47874 0.025 2.97 0 90 0 0 0.7071068 0 0.7071068 5.214399 0
5.9543 Head 0 1.6 0.78 345.15 327.8999 0 -0.124191 -0.2741586 -0.03572864 0.9529623
5.9543 FirstCar -12.92519 0.025 2.97 0 90 0 0 0.7071068 0 0.7071068 5.231601 0
5.9543 SecondCar -45.47693 0.025 2.97 0 90 0 0 0.7071068 0 0.7071068 5.213569 0
5.9546 Head 0 1.6 0.78 345.15 327.8999 0 -0.124191 -0.2741586 -0.03572864 0.9529623
5.9546 FirstCar -12.92337 0.025 2.97 0 90 0 0 0.7071068 0 0.7071068 5.230765 0
5.9546 SecondCar -45.47512 0.025 2.97 0 90 0 0 0.7071068 0 0.7071068 5.212733 0
5.9549 Head 0 1.6 0.78 345.15 327.8999 0 -0.124191 -0.2741586 -0.03572864 0.9529623
5.9549 FirstCar -12.92157 0.025 2.97 0 90 0 0 0.7071068 0 0.7071068 5.229937 0
5.9549 SecondCar -45.47332 0.025 2.97 0 90 0 0 0.7071068 0 0.7071068 5.211905 0
5.9553 Head 0 1.6 0.78 345.15 327.8999 0 -0.124191 -0.2741586 -0.03572864 0.9529623
5.9553 FirstCar -12.91975 0.025 2.97 0 90 0 0 0.7071068 0 0.7071068 5.229102 0
5.9553 SecondCar -45.47151 0.025 2.97 0 90 0 0 0.7071068 0 0.7071068 5.21107 0
5.9556 Head 0 1.6 0.78 345.15 327.8999 0 -0.124191 -0.2741586 -0.03572864 0.9529623
5.9556 FirstCar -12.91792 0.025 2.97 0 90 0 0 0.7071068 0 0.7071068 5.228262 0
5.9556 SecondCar -45.46968 0.025 2.97 0 90 0 0 0.7071068 0 0.7071068 5.210229 0
5.9560 Head 0 1.6 0.78 345.15 327.8999 0 -0.124191 -0.2741586 -0.03572864 0.9529623
5.9560 FirstCar -12.91605 0.025 2.97 0 90 0 0 0.7071068 0 0.7071068 5.227406 0
5.9560 SecondCar -45.46783 0.025 2.97 0 90 0 0 0.7071068 0 0.7071068 5.209373 0
5.9563 Head 0 1.6 0.78 345.15 327.8999 0 -0.124191 -0.2741586 -0.03572864 0.9529623
5.9563 FirstCar -12.91422 0.025 2.97 0 90 0 0 0.7071068 0 0.7071068 5.226565 0
5.9563 SecondCar -45.466 0.025 2.97 0 90 0 0 0.7071068 0 0.7071068 5.208533 0
5.9567 Head 0 1.6 0.78 345.15 327.8999 0 -0.124191 -0.2741586 -0.03572864 0.9529623
5.9567 FirstCar -12.91242 0.025 2.97 0 90 0 0 0.7071068 0 0.7071068 5.225739 0
5.9567 SecondCar -45.46421 0.025 2.97 0 90 0 0 0.7071068 0 0.7071068 5.207707 0
5.9570 Head 0 1.6 0.78 345.15 327.8999 0 -0.124191 -0.2741586 -0.03572864 0.9529623
5.9570 FirstCar -12.91063 0.025 2.97 0 90 0 0 0.7071068 0 0.7071068 5.224918 0
5.9570 SecondCar -45.46243 0.025 2.97 0 90 0 0 0.7071068 0 0.7071068 5.206885 0
5.9575 Head 0 1.6 0.78 345.15 327.8999 0 -0.124191 -0.2741586 -0.03572864 0.9529623
5.9575 FirstCar -12.90832 0.025 2.97 0 90 0 0 0.7071068 0 0.7071068 5.223856 0
5.9575 SecondCar -45.46012 0.025 2.97 0 90 0 0 0.7071068 0 0.7071068 5.205823 0
5.9582 Head 0 1.6 0.78 345.15 327.8999 0 -0.124191 -0.2741586 -0.03572864 0.9529623
5.9582 FirstCar -12.9046 0.025 2.97 0 90 0 0 0.7071068 0 0.7071068 5.222144 0
5.9582 SecondCar -45.45641 0.025 2.97 0 90 0 0 0.7071068 0 0.7071068 5.204111 0
5.9586 Head 0 1.6 0.78 345.15 327.8999 0 -0.124191 -0.2741586 -0.03572864 0.9529623
5.9586 FirstCar -12.9025 0.025 2.97 0 90 0 0 0.7071068 0 0.7071068 5.221182 0
5.9586 SecondCar -45.45433 0.025 2.97 0 90 0 0 0.7071068 0 0.7071068 5.203149 0
5.9590 Head 0 1.6 0.78 345.15 327.8999 0 -0.124191 -0.2741586 -0.03572864 0.9529623
5.9590 FirstCar -12.90052 0.025 2.97 0 90 0 0 0.7071068 0 0.7071068 5.220271 0
5.9590 SecondCar -45.45235 0.025 2.97 0 90 0 0 0.7071068 0 0.7071068 5.202239 0
5.9593 Head 0 1.6 0.78 345.15 327.8999 0 -0.124191 -0.2741586 -0.03572864 0.9529623
5.9593 FirstCar -12.89865 0.025 2.97 0 90 0 0 0.7071068 0 0.7071068 5.219411 0
5.9593 SecondCar -45.45049 0.025 2.97 0 90 0 0 0.7071068 0 0.7071068 5.201379 0
5.9597 Head 0 1.6 0.78 345.15 327.8999 0 -0.124191 -0.2741586 -0.03572864 0.9529623
5.9597 FirstCar -12.89684 0.025 2.97 0 90 0 0 0.7071068 0 0.7071068 5.218576 0
5.9597 SecondCar -45.44868 0.025 2.97 0 90 0 0 0.7071068 0 0.7071068 5.200544 0
5.9600 Head 0 1.6 0.78 345.15 327.8999 0 -0.124191 -0.2741586 -0.03572864 0.9529623
5.9600 FirstCar -12.8949 0.025 2.97 0 90 0 0 0.7071068 0 0.7071068 5.217688 0
5.9600 SecondCar -45.44675 0.025 2.97 0 90 0 0 0.7071068 0 0.7071068 5.199655 0
5.9605 Head 0 1.6 0.78 345.15 327.8999 0 -0.124191 -0.2741586 -0.03572864 0.9529623
5.9605 FirstCar -12.89271 0.025 2.97 0 90 0 0 0.7071068 0 0.7071068 5.21668 0
5.9605 SecondCar -45.44457 0.025 2.97 0 90 0 0 0.7071068 0 0.7071068 5.198647 0
5.9608 Head 0 1.6 0.78 345.15 327.8999 0 -0.124191 -0.2741586 -0.03572864 0.9529623
5.9608 FirstCar -12.89084 0.025 2.97 0 90 0 0 0.7071068 0 0.7071068 5.215818 0
5.9608 SecondCar -45.44271 0.025 2.97 0 90 0 0 0.7071068 0 0.7071068 5.197786 0
5.9612 Head 0 1.6 0.78 345.15 327.8999 0 -0.124191 -0.2741586 -0.03572864 0.9529623
5.9612 FirstCar -12.88902 0.025 2.97 0 90 0 0 0.7071068 0 0.7071068 5.214981 0
5.9612 SecondCar -45.4409 0.025 2.97 0 90 0 0 0.7071068 0 0.7071068 5.196949 0
5.9615 Head 0 1.6 0.78 345.15 327.8999 0 -0.124191 -0.2741586 -0.03572864 0.9529623
5.9615 FirstCar -12.88719 0.025 2.97 0 90 0 0 0.7071068 0 0.7071068 5.214137 0
5.9615 SecondCar -45.43907 0.025 2.97 0 90 0 0 0.7071068 0 0.7071068 5.196105 0
5.9619 Head 0 1.6 0.78 345.15 327.8999 0 -0.124191 -0.2741586 -0.03572864 0.9529623
5.9619 FirstCar -12.88528 0.025 2.97 0 90 0 0 0.7071068 0 0.7071068 5.213258 0
5.9619 SecondCar -45.43716 0.025 2.97 0 90 0 0 0.7071068 0 0.7071068 5.195226 0
5.9623 Head 0 1.6 0.78 345.15 327.8999 0 -0.124191 -0.2741586 -0.03572864 0.9529623
5.9623 FirstCar -12.88324 0.025 2.97 0 90 0 0 0.7071068 0 0.7071068 5.212318 0
5.9623 SecondCar -45.43513 0.025 2.97 0 90 0 0 0.7071068 0 0.7071068 5.194285 0
5.9626 Head 0 1.6 0.78 345.15 327.8999 0 -0.124191 -0.2741586 -0.03572864 0.9529623
5.9626 FirstCar -12.88146 0.025 2.97 0 90 0 0 0.7071068 0 0.7071068 5.211502 0
5.9626 SecondCar -45.43336 0.025 2.97 0 90 0 0 0.7071068 0 0.7071068 5.193469 0
5.9630 Head 0 1.6 0.78 345.15 327.8999 0 -0.124191 -0.2741586 -0.03572864 0.9529623
5.9630 FirstCar -12.87954 0.025 2.97 0 90 0 0 0.7071068 0 0.7071068 5.210617 0
5.9630 SecondCar -45.43145 0.025 2.97 0 90 0 0 0.7071068 0 0.7071068 5.192585 0
5.9634 Head 0 1.6 0.78 345.15 327.8999 0 -0.124191 -0.2741586 -0.03572864 0.9529623
5.9634 FirstCar -12.87768 0.025 2.97 0 90 0 0 0.7071068 0 0.7071068 5.209759 0
5.9634 SecondCar -45.42959 0.025 2.97 0 90 0 0 0.7071068 0 0.7071068 5.191726 0
5.9637 Head 0 1.6 0.78 345.15 327.8999 0 -0.124191 -0.2741586 -0.03572864 0.9529623
5.9637 FirstCar -12.87577 0.025 2.97 0 90 0 0 0.7071068 0 0.7071068 5.20888 0
5.9637 SecondCar -45.42769 0.025 2.97 0 90 0 0 0.7071068 0 0.7071068 5.190848 0
5.9641 Head 0 1.6 0.78 345.15 327.8999 0 -0.124191 -0.2741586 -0.03572864 0.9529623
5.9641 FirstCar -12.87387 0.025 2.97 0 90 0 0 0.7071068 0 0.7071068 5.208001 0
5.9641 SecondCar -45.42579 0.025 2.97 0 90 0 0 0.7071068 0 0.7071068 5.189969 0
5.9644 Head 0 1.6 0.78 345.15 327.8999 0 -0.124191 -0.2741586 -0.03572864 0.9529623
5.9644 FirstCar -12.87203 0.025 2.97 0 90 0 0 0.7071068 0 0.7071068 5.207153 0
5.9644 SecondCar -45.42395 0.025 2.97 0 90 0 0 0.7071068 0 0.7071068 5.18912 0
5.9648 Head 0 1.6 0.78 345.15 327.8999 0 -0.124191 -0.2741586 -0.03572864 0.9529623
5.9648 FirstCar -12.87022 0.025 2.97 0 90 0 0 0.7071068 0 0.7071068 5.206319 0
5.9648 SecondCar -45.42215 0.025 2.97 0 90 0 0 0.7071068 0 0.7071068 5.188287 0
5.9651 Head 0 1.6 0.78 345.15 327.8999 0 -0.124191 -0.2741586 -0.03572864 0.9529623
5.9651 FirstCar -12.86848 0.025 2.97 0 90 0 0 0.7071068 0 0.7071068 5.205519 0
5.9651 SecondCar -45.42042 0.025 2.97 0 90 0 0 0.7071068 0 0.7071068 5.187486 0
5.9658 Head 0 1.6 0.78 345.15 327.8999 0 -0.124191 -0.2741586 -0.03572864 0.9529623
5.9658 FirstCar -12.86485 0.025 2.97 0 90 0 0 0.7071068 0 0.7071068 5.203844 0
5.9658 SecondCar -45.4168 0.025 2.97 0 90 0 0 0.7071068 0 0.7071068 5.185812 0
5.9662 Head 0 1.6 0.78 345.15 327.8999 0 -0.124191 -0.2741586 -0.03572864 0.9529623
5.9662 FirstCar -12.86282 0.025 2.97 0 90 0 0 0.7071068 0 0.7071068 5.202906 0
5.9662 SecondCar -45.41478 0.025 2.97 0 90 0 0 0.7071068 0 0.7071068 5.184874 0
5.9666 Head 0 1.6 0.78 345.15 327.8999 0 -0.124191 -0.2741586 -0.03572864 0.9529623
5.9666 FirstCar -12.86096 0.025 2.97 0 90 0 0 0.7071068 0 0.7071068 5.202049 0
5.9666 SecondCar -45.41292 0.025 2.97 0 90 0 0 0.7071068 0 0.7071068 5.184016 0
5.9669 Head 0 1.6 0.78 345.15 327.8999 0 -0.124191 -0.2741586 -0.03572864 0.9529623
5.9669 FirstCar -12.85909 0.025 2.97 0 90 0 0 0.7071068 0 0.7071068 5.201187 0
5.9669 SecondCar -45.41106 0.025 2.97 0 90 0 0 0.7071068 0 0.7071068 5.183155 0
5.9673 Head 0 1.6 0.78 345.15 327.8999 0 -0.124191 -0.2741586 -0.03572864 0.9529623
5.9673 FirstCar -12.85726 0.025 2.97 0 90 0 0 0.7071068 0 0.7071068 5.200343 0
5.9673 SecondCar -45.40924 0.025 2.97 0 90 0 0 0.7071068 0 0.7071068 5.182311 0
5.9676 Head 0 1.6 0.78 345.15 327.8999 0 -0.124191 -0.2741586 -0.03572864 0.9529623
5.9676 FirstCar -12.85541 0.025 2.97 0 90 0 0 0.7071068 0 0.7071068 5.19949 0
5.9676 SecondCar -45.40739 0.025 2.97 0 90 0 0 0.7071068 0 0.7071068 5.181457 0
5.9680 Head 0 1.6 0.78 345.15 327.8999 0 -0.124191 -0.2741586 -0.03572864 0.9529623
5.9680 FirstCar -12.85362 0.025 2.97 0 90 0 0 0.7071068 0 0.7071068 5.19866 0
5.9680 SecondCar -45.40561 0.025 2.97 0 90 0 0 0.7071068 0 0.7071068 5.180628 0
5.9683 Head 0 1.6 0.78 345.15 327.8999 0 -0.124191 -0.2741586 -0.03572864 0.9529623
5.9683 FirstCar -12.85184 0.025 2.97 0 90 0 0 0.7071068 0 0.7071068 5.197841 0
5.9683 SecondCar -45.40384 0.025 2.97 0 90 0 0 0.7071068 0 0.7071068 5.179808 0
5.9687 Head 0 1.6 0.78 345.15 327.8999 0 -0.124191 -0.2741586 -0.03572864 0.9529623
5.9687 FirstCar -12.84997 0.025 2.97 0 90 0 0 0.7071068 0 0.7071068 5.196977 0
5.9687 SecondCar -45.40197 0.025 2.97 0 90 0 0 0.7071068 0 0.7071068 5.178944 0
5.9690 Head 0 1.6 0.78 345.15 327.8999 0 -0.124191 -0.2741586 -0.03572864 0.9529623
5.9690 FirstCar -12.84824 0.025 2.97 0 90 0 0 0.7071068 0 0.7071068 5.196179 0
5.9690 SecondCar -45.40025 0.025 2.97 0 90 0 0 0.7071068 0 0.7071068 5.178146 0
5.9693 Head 0 1.6 0.78 345.15 327.8999 0 -0.124191 -0.2741586 -0.03572864 0.9529623
5.9693 FirstCar -12.84649 0.025 2.97 0 90 0 0 0.7071068 0 0.7071068 5.195371 0
5.9693 SecondCar -45.39851 0.025 2.97 0 90 0 0 0.7071068 0 0.7071068 5.177338 0
5.9697 Head 0 1.6 0.78 345.15 327.8999 0 -0.124191 -0.2741586 -0.03572864 0.9529623
5.9697 FirstCar -12.84472 0.025 2.97 0 90 0 0 0.7071068 0 0.7071068 5.194549 0
5.9697 SecondCar -45.39673 0.025 2.97 0 90 0 0 0.7071068 0 0.7071068 5.176516 0
5.9700 Head 0 1.6 0.78 345.15 327.8999 0 -0.124191 -0.2741586 -0.03572864 0.9529623
5.9700 FirstCar -12.84289 0.025 2.97 0 90 0 0 0.7071068 0 0.7071068 5.193705 0
5.9700 SecondCar -45.39491 0.025 2.97 0 90 0 0 0.7071068 0 0.7071068 5.175672 0
5.9704 Head 0 1.6 0.78 345.15 327.8999 0 -0.124191 -0.2741586 -0.03572864 0.9529623
5.9704 FirstCar -12.84104 0.025 2.97 0 90 0 0 0.7071068 0 0.7071068 5.192849 0
5.9704 SecondCar -45.39307 0.025 2.97 0 90 0 0 0.7071068 0 0.7071068 5.174816 0
5.9710 Head 0 1.6 0.78 345.15 327.8999 0 -0.124191 -0.2741586 -0.03572864 0.9529623
5.9710 FirstCar -12.83781 0.025 2.97 0 90 0 0 0.7071068 0 0.7071068 5.191357 0
5.9710 SecondCar -45.38985 0.025 2.97 0 90 0 0 0.7071068 0 0.7071068 5.173325 0
5.9714 Head 0 1.6 0.78 345.15 327.8999 0 -0.124191 -0.2741586 -0.03572864 0.9529623
5.9714 FirstCar -12.83558 0.025 2.97 0 90 0 0 0.7071068 0 0.7071068 5.190324 0
5.9714 SecondCar -45.38763 0.025 2.97 0 90 0 0 0.7071068 0 0.7071068 5.172292 0
5.9718 Head 0 1.6 0.78 345.15 327.8999 0 -0.124191 -0.2741586 -0.03572864 0.9529623
5.9718 FirstCar -12.83353 0.025 2.97 0 90 0 0 0.7071068 0 0.7071068 5.189377 0
5.9718 SecondCar -45.38559 0.025 2.97 0 90 0 0 0.7071068 0 0.7071068 5.171344 0
5.9722 Head 0 1.6 0.78 345.15 327.8999 0 -0.124191 -0.2741586 -0.03572864 0.9529623
5.9722 FirstCar -12.83151 0.025 2.97 0 90 0 0 0.7071068 0 0.7071068 5.188443 0
5.9722 SecondCar -45.38357 0.025 2.97 0 90 0 0 0.7071068 0 0.7071068 5.17041 0
5.9726 Head 0 1.6 0.78 345.15 327.8999 0 -0.124191 -0.2741586 -0.03572864 0.9529623
5.9726 FirstCar -12.82978 0.025 2.97 0 90 0 0 0.7071068 0 0.7071068 5.187644 0
5.9726 SecondCar -45.38185 0.025 2.97 0 90 0 0 0.7071068 0 0.7071068 5.169611 0
5.9729 Head 0 1.6 0.78 345.15 327.8999 0 -0.124191 -0.2741586 -0.03572864 0.9529623
5.9729 FirstCar -12.82797 0.025 2.97 0 90 0 0 0.7071068 0 0.7071068 5.186806 0
5.9729 SecondCar -45.38005 0.025 2.97 0 90 0 0 0.7071068 0 0.7071068 5.168773 0
5.9733 Head 0 1.6 0.78 345.15 327.8999 0 -0.124191 -0.2741586 -0.03572864 0.9529623
5.9733 FirstCar -12.82578 0.025 2.97 0 90 0 0 0.7071068 0 0.7071068 5.185793 0
5.9733 SecondCar -45.37787 0.025 2.97 0 90 0 0 0.7071068 0 0.7071068 5.167761 0
5.9740 Head 0 1.6 0.78 345.15 327.8999 0 -0.124191 -0.2741586 -0.03572864 0.9529623
5.9740 FirstCar -12.82243 0.025 2.97 0 90 0 0 0.7071068 0 0.7071068 5.184239 0
5.9740 SecondCar -45.37452 0.025 2.97 0 90 0 0 0.7071068 0 0.7071068 5.166206 0
5.9744 Head 0 1.6 0.78 345.15 327.8999 0 -0.124191 -0.2741586 -0.03572864 0.9529623
5.9744 FirstCar -12.82051 0.025 2.97 0 90 0 0 0.7071068 0 0.7071068 5.18335 0
5.9744 SecondCar -45.37261 0.025 2.97 0 90 0 0 0.7071068 0 0.7071068 5.165318 0
5.9747 Head 0 1.6 0.78 345.15 327.8999 0 -0.124191 -0.2741586 -0.03572864 0.9529623
5.9747 FirstCar -12.81849 0.025 2.97 0 90 0 0 0.7071068 0 0.7071068 5.182414 0
5.9747 SecondCar -45.37059 0.025 2.97 0 90 0 0 0.7071068 0 0.7071068 5.164382 0
5.9751 Head 0 1.6 0.78 345.15 327.8999 0 -0.124191 -0.2741586 -0.03572864 0.9529623
5.9751 FirstCar -12.81673 0.025 2.97 0 90 0 0 0.7071068 0 0.7071068 5.181601 0
5.9751 SecondCar -45.36884 0.025 2.97 0 90 0 0 0.7071068 0 0.7071068 5.163568 0
5.9754 Head 0 1.6 0.78 345.15 327.8999 0 -0.124191 -0.2741586 -0.03572864 0.9529623
5.9754 FirstCar -12.815 0.025 2.97 0 90 0 0 0.7071068 0 0.7071068 5.180801 0
5.9754 SecondCar -45.36712 0.025 2.97 0 90 0 0 0.7071068 0 0.7071068 5.162768 0
5.9758 Head 0 1.6 0.78 345.15 327.8999 0 -0.124191 -0.2741586 -0.03572864 0.9529623
5.9758 FirstCar -12.81321 0.025 2.97 0 90 0 0 0.7071068 0 0.7071068 5.179969 0
5.9758 SecondCar -45.36533 0.025 2.97 0 90 0 0 0.7071068 0 0.7071068 5.161937 0
5.9761 Head 0 1.6 0.78 345.15 327.8999 0 -0.124191 -0.2741586 -0.03572864 0.9529623
5.9761 FirstCar -12.81149 0.025 2.97 0 90 0 0 0.7071068 0 0.7071068 5.179174 0
5.9761 SecondCar -45.36362 0.025 2.97 0 90 0 0 0.7071068 0 0.7071068 5.161141 0
5.9765 Head 0 1.6 0.78 345.15 327.8999 0 -0.124191 -0.2741586 -0.03572864 0.9529623
5.9765 FirstCar -12.80954 0.025 2.97 0 90 0 0 0.7071068 0 0.7071068 5.178267 0
5.9765 SecondCar -45.36167 0.025 2.97 0 90 0 0 0.7071068 0 0.7071068 5.160235 0
5.9768 Head 0 1.6 0.78 345.15 327.8999 0 -0.124191 -0.2741586 -0.03572864 0.9529623
5.9768 FirstCar -12.80767 0.025 2.97 0 90 0 0 0.7071068 0 0.7071068 5.177404 0
5.9768 SecondCar -45.35982 0.025 2.97 0 90 0 0 0.7071068 0 0.7071068 5.159372 0
5.9772 Head 0 1.6 0.78 345.15 327.8999 0 -0.124191 -0.2741586 -0.03572864 0.9529623
5.9772 FirstCar -12.80593 0.025 2.97 0 90 0 0 0.7071068 0 0.7071068 5.176597 0
5.9772 SecondCar -45.35808 0.025 2.97 0 90 0 0 0.7071068 0 0.7071068 5.158565 0
5.9775 Head 0 1.6 0.78 345.15 327.8999 0 -0.124191 -0.2741586 -0.03572864 0.9529623
5.9775 FirstCar -12.80412 0.025 2.97 0 90 0 0 0.7071068 0 0.7071068 5.175757 0
5.9775 SecondCar -45.35628 0.025 2.97 0 90 0 0 0.7071068 0 0.7071068 5.157724 0
5.9779 Head 0 1.6 0.78 345.15 327.8999 0 -0.124191 -0.2741586 -0.03572864 0.9529623
5.9779 FirstCar -12.80233 0.025 2.97 0 90 0 0 0.7071068 0 0.7071068 5.174925 0
5.9779 SecondCar -45.35449 0.025 2.97 0 90 0 0 0.7071068 0 0.7071068 5.156892 0
5.9782 Head 0 1.6 0.78 345.15 327.8999 0 -0.124191 -0.2741586 -0.03572864 0.9529623
5.9782 FirstCar -12.80056 0.025 2.97 0 90 0 0 0.7071068 0 0.7071068 5.174104 0
5.9782 SecondCar -45.35273 0.025 2.97 0 90 0 0 0.7071068 0 0.7071068 5.156072 0
5.9785 Head 0 1.6 0.78 345.15 327.8999 0 -0.124191 -0.2741586 -0.03572864 0.9529623
5.9785 FirstCar -12.79881 0.025 2.97 0 90 0 0 0.7071068 0 0.7071068 5.173295 0
5.9785 SecondCar -45.35099 0.025 2.97 0 90 0 0 0.7071068 0 0.7071068 5.155262 0
5.9789 Head 0 1.6 0.78 345.15 327.8999 0 -0.124191 -0.2741586 -0.03572864 0.9529623
5.9789 FirstCar -12.79711 0.025 2.97 0 90 0 0 0.7071068 0 0.7071068 5.172505 0
5.9789 SecondCar -45.34929 0.025 2.97 0 90 0 0 0.7071068 0 0.7071068 5.154473 0
5.9792 Head 0 1.6 0.78 345.15 327.8999 0 -0.124191 -0.2741586 -0.03572864 0.9529623
5.9792 FirstCar -12.79538 0.025 2.97 0 90 0 0 0.7071068 0 0.7071068 5.171702 0
5.9792 SecondCar -45.34756 0.025 2.97 0 90 0 0 0.7071068 0 0.7071068 5.153669 0
5.9795 Head 0 1.6 0.78 345.15 327.8999 0 -0.124191 -0.2741586 -0.03572864 0.9529623
5.9795 FirstCar -12.7937 0.025 2.97 0 90 0 0 0.7071068 0 0.7071068 5.170921 0
5.9795 SecondCar -45.34589 0.025 2.97 0 90 0 0 0.7071068 0 0.7071068 5.152888 0
5.9799 Head 0 1.6 0.78 345.15 327.8999 0 -0.124191 -0.2741586 -0.03572864 0.9529623
5.9799 FirstCar -12.79189 0.025 2.97 0 90 0 0 0.7071068 0 0.7071068 5.170084 0
5.9799 SecondCar -45.34409 0.025 2.97 0 90 0 0 0.7071068 0 0.7071068 5.152051 0
5.9802 Head 0 1.6 0.78 345.15 327.8999 0 -0.124191 -0.2741586 -0.03572864 0.9529623
5.9802 FirstCar -12.79002 0.025 2.97 0 90 0 0 0.7071068 0 0.7071068 5.169215 0
5.9802 SecondCar -45.34222 0.025 2.97 0 90 0 0 0.7071068 0 0.7071068 5.151182 0
5.9806 Head 0 1.6 0.78 345.15 327.8999 0 -0.124191 -0.2741586 -0.03572864 0.9529623
5.9806 FirstCar -12.78817 0.025 2.97 0 90 0 0 0.7071068 0 0.7071068 5.168355 0
5.9806 SecondCar -45.34038 0.025 2.97 0 90 0 0 0.7071068 0 0.7071068 5.150323 0
5.9810 Head 0 1.6 0.78 345.15 327.8999 0 -0.124191 -0.2741586 -0.03572864 0.9529623
5.9810 FirstCar -12.78633 0.025 2.97 0 90 0 0 0.7071068 0 0.7071068 5.1675 0
5.9810 SecondCar -45.33855 0.025 2.97 0 90 0 0 0.7071068 0 0.7071068 5.149467 0
5.9813 Head 0 1.6 0.78 345.15 327.8999 0 -0.124191 -0.2741586 -0.03572864 0.9529623
5.9813 FirstCar -12.78445 0.025 2.97 0 90 0 0 0.7071068 0 0.7071068 5.166626 0
5.9813 SecondCar -45.33667 0.025 2.97 0 90 0 0 0.7071068 0 0.7071068 5.148593 0
5.9820 Head 0 1.6 0.78 345.15 327.8999 0 -0.124191 -0.2741586 -0.03572864 0.9529623
5.9820 FirstCar -12.78088 0.025 2.97 0 90 0 0 0.7071068 0 0.7071068 5.164966 0
5.9820 SecondCar -45.33311 0.025 2.97 0 90 0 0 0.7071068 0 0.7071068 5.146934 0
5.9825 Head 0 1.6 0.78 345.15 327.8999 0 -0.124191 -0.2741586 -0.03572864 0.9529623
5.9825 FirstCar -12.7786 0.025 2.97 0 90 0 0 0.7071068 0 0.7071068 5.163909 0
5.9825 SecondCar -45.33084 0.025 2.97 0 90 0 0 0.7071068 0 0.7071068 5.145877 0
5.9828 Head 0 1.6 0.78 345.15 327.8999 0 -0.124191 -0.2741586 -0.03572864 0.9529623
5.9828 FirstCar -12.77669 0.025 2.97 0 90 0 0 0.7071068 0 0.7071068 5.163018 0
5.9828 SecondCar -45.32893 0.025 2.97 0 90 0 0 0.7071068 0 0.7071068 5.144986 0
5.9832 Head 0 1.6 0.78 345.15 327.8999 0 -0.124191 -0.2741586 -0.03572864 0.9529623
5.9832 FirstCar -12.7748 0.025 2.97 0 90 0 0 0.7071068 0 0.7071068 5.162142 0
5.9832 SecondCar -45.32706 0.025 2.97 0 90 0 0 0.7071068 0 0.7071068 5.144109 0
5.9836 Head 0 1.6 0.78 345.15 327.8999 0 -0.124191 -0.2741586 -0.03572864 0.9529623
5.9836 FirstCar -12.7727 0.025 2.97 0 90 0 0 0.7071068 0 0.7071068 5.161162 0
5.9836 SecondCar -45.32496 0.025 2.97 0 90 0 0 0.7071068 0 0.7071068 5.143129 0
5.9840 Head 0 1.6 0.78 345.15 327.8999 0 -0.124191 -0.2741586 -0.03572864 0.9529623
5.9840 FirstCar -12.77087 0.025 2.97 0 90 0 0 0.7071068 0 0.7071068 5.160312 0
5.9840 SecondCar -45.32314 0.025 2.97 0 90 0 0 0.7071068 0 0.7071068 5.142279 0
5.9843 Head 0 1.6 0.78 345.15 327.8999 0 -0.124191 -0.2741586 -0.03572864 0.9529623
5.9843 FirstCar -12.76894 0.025 2.97 0 90 0 0 0.7071068 0 0.7071068 5.159414 0
5.9843 SecondCar -45.32121 0.025 2.97 0 90 0 0 0.7071068 0 0.7071068 5.141381 0
5.9847 Head 0 1.6 0.78 345.15 327.8999 0 -0.124191 -0.2741586 -0.03572864 0.9529623
5.9847 FirstCar -12.76712 0.025 2.97 0 90 0 0 0.7071068 0 0.7071068 5.158568 0
5.9847 SecondCar -45.3194 0.025 2.97 0 90 0 0 0.7071068 0 0.7071068 5.140535 0
5.9851 Head 0 1.6 0.78 345.15 327.8999 0 -0.124191 -0.2741586 -0.03572864 0.9529623
5.9851 FirstCar -12.76517 0.025 2.97 0 90 0 0 0.7071068 0 0.7071068 5.157661 0
5.9851 SecondCar -45.31746 0.025 2.97 0 90 0 0 0.7071068 0 0.7071068 5.139629 0
5.9854 Head 0 1.6 0.78 345.15 327.8999 0 -0.124191 -0.2741586 -0.03572864 0.9529623
5.9854 FirstCar -12.76339 0.025 2.97 0 90 0 0 0.7071068 0 0.7071068 5.156832 0
5.9854 SecondCar -45.31569 0.025 2.97 0 90 0 0 0.7071068 0 0.7071068 5.1388 0
5.9858 Head 0 1.6 0.78 345.15 327.8999 0 -0.124191 -0.2741586 -0.03572864 0.9529623
5.9858 FirstCar -12.76143 0.025 2.97 0 90 0 0 0.7071068 0 0.7071068 5.155922 0
5.9858 SecondCar -45.31374 0.025 2.97 0 90 0 0 0.7071068 0 0.7071068 5.137889 0
5.9861 Head 0 1.6 0.78 345.15 327.8999 0 -0.124191 -0.2741586 -0.03572864 0.9529623
5.9861 FirstCar -12.75964 0.025 2.97 0 90 0 0 0.7071068 0 0.7071068 5.155085 0
5.9861 SecondCar -45.31194 0.025 2.97 0 90 0 0 0.7071068 0 0.7071068 5.137052 0
5.9865 Head 0 1.6 0.78 345.15 327.8999 0 -0.124191 -0.2741586 -0.03572864 0.9529623
5.9865 FirstCar -12.75774 0.025 2.97 0 90 0 0 0.7071068 0 0.7071068 5.154203 0
5.9865 SecondCar -45.31006 0.025 2.97 0 90 0 0 0.7071068 0 0.7071068 5.136171 0
5.9869 Head 0 1.6 0.78 345.15 327.8999 0 -0.124191 -0.2741586 -0.03572864 0.9529623
5.9869 FirstCar -12.75589 0.025 2.97 0 90 0 0 0.7071068 0 0.7071068 5.153338 0
5.9869 SecondCar -45.30821 0.025 2.97 0 90 0 0 0.7071068 0 0.7071068 5.135306 0
5.9872 Head 0 1.6 0.78 345.15 327.8999 0 -0.124191 -0.2741586 -0.03572864 0.9529623
5.9872 FirstCar -12.75413 0.025 2.97 0 90 0 0 0.7071068 0 0.7071068 5.152521 0
5.9872 SecondCar -45.30646 0.025 2.97 0 90 0 0 0.7071068 0 0.7071068 5.134489 0
5.9876 Head 0 1.6 0.78 345.15 327.8999 0 -0.124191 -0.2741586 -0.03572864 0.9529623
5.9876 FirstCar -12.75226 0.025 2.97 0 90 0 0 0.7071068 0 0.7071068 5.151649 0
5.9876 SecondCar -45.3046 0.025 2.97 0 90 0 0 0.7071068 0 0.7071068 5.133617 0
5.9879 Head 0 1.6 0.78 345.15 327.8999 0 -0.124191 -0.2741586 -0.03572864 0.9529623
5.9879 FirstCar -12.75038 0.025 2.97 0 90 0 0 0.7071068 0 0.7071068 5.150775 0
5.9879 SecondCar -45.30273 0.025 2.97 0 90 0 0 0.7071068 0 0.7071068 5.132742 0
5.9883 Head 0 1.6 0.78 345.15 327.8999 0 -0.124191 -0.2741586 -0.03572864 0.9529623
5.9883 FirstCar -12.74863 0.025 2.97 0 90 0 0 0.7071068 0 0.7071068 5.149959 0
5.9883 SecondCar -45.30098 0.025 2.97 0 90 0 0 0.7071068 0 0.7071068 5.131926 0
5.9886 Head 0 1.6 0.78 345.15 327.8999 0 -0.124191 -0.2741586 -0.03572864 0.9529623
5.9886 FirstCar -12.74692 0.025 2.97 0 90 0 0 0.7071068 0 0.7071068 5.149162 0
5.9886 SecondCar -45.29928 0.025 2.97 0 90 0 0 0.7071068 0 0.7071068 5.13113 0
5.9889 Head 0 1.6 0.78 345.15 327.8999 0 -0.124191 -0.2741586 -0.03572864 0.9529623
5.9889 FirstCar -12.74519 0.025 2.97 0 90 0 0 0.7071068 0 0.7071068 5.148353 0
5.9889 SecondCar -45.29755 0.025 2.97 0 90 0 0 0.7071068 0 0.7071068 5.13032 0
5.9893 Head 0 1.6 0.78 345.15 327.8999 0 -0.124191 -0.2741586 -0.03572864 0.9529623
5.9893 FirstCar -12.74348 0.025 2.97 0 90 0 0 0.7071068 0 0.7071068 5.147556 0
5.9893 SecondCar -45.29585 0.025 2.97 0 90 0 0 0.7071068 0 0.7071068 5.129524 0
5.9899 Head 0 1.6 0.78 345.15 327.8999 0 -0.124191 -0.2741586 -0.03572864 0.9529623
5.9899 FirstCar -12.74005 0.025 2.97 0 90 0 0 0.7071068 0 0.7071068 5.145955 0
5.9899 SecondCar -45.29242 0.025 2.97 0 90 0 0 0.7071068 0 0.7071068 5.127922 0
5.9904 Head 0 1.6 0.78 345.15 327.8999 0 -0.124191 -0.2741586 -0.03572864 0.9529623
5.9904 FirstCar -12.73789 0.025 2.97 0 90 0 0 0.7071068 0 0.7071068 5.144949 0
5.9904 SecondCar -45.29028 0.025 2.97 0 90 0 0 0.7071068 0 0.7071068 5.126917 0
5.9910 Head 0 1.6 0.78 345.15 327.8999 0 -0.124191 -0.2741586 -0.03572864 0.9529623
5.9910 FirstCar -12.73434 0.025 2.97 0 90 0 0 0.7071068 0 0.7071068 5.143291 0
5.9910 SecondCar -45.28674 0.025 2.97 0 90 0 0 0.7071068 0 0.7071068 5.125259 0
5.9915 Head 0 1.6 0.78 345.15 327.8999 0 -0.124191 -0.2741586 -0.03572864 0.9529623
5.9915 FirstCar -12.73224 0.025 2.97 0 90 0 0 0.7071068 0 0.7071068 5.14231 0
5.9915 SecondCar -45.28464 0.025 2.97 0 90 0 0 0.7071068 0 0.7071068 5.124277 0
5.9918 Head 0 1.6 0.78 345.15 327.8999 0 -0.124191 -0.2741586 -0.03572864 0.9529623
5.9918 FirstCar -12.73033 0.025 2.97 0 90 0 0 0.7071068 0 0.7071068 5.14142 0
5.9918 SecondCar -45.28274 0.025 2.97 0 90 0 0 0.7071068 0 0.7071068 5.123387 0
5.9922 Head 0 1.6 0.78 345.15 327.8999 0 -0.124191 -0.2741586 -0.03572864 0.9529623
5.9922 FirstCar -12.7285 0.025 2.97 0 90 0 0 0.7071068 0 0.7071068 5.140566 0
5.9922 SecondCar -45.28092 0.025 2.97 0 90 0 0 0.7071068 0 0.7071068 5.122533 0
5.9925 Head 0 1.6 0.78 345.15 327.8999 0 -0.124191 -0.2741586 -0.03572864 0.9529623
5.9925 FirstCar -12.72667 0.025 2.97 0 90 0 0 0.7071068 0 0.7071068 5.13971 0
5.9925 SecondCar -45.27909 0.025 2.97 0 90 0 0 0.7071068 0 0.7071068 5.121678 0
5.9929 Head 0 1.6 0.78 345.15 327.8999 0 -0.124191 -0.2741586 -0.03572864 0.9529623
5.9929 FirstCar -12.72461 0.025 2.97 0 90 0 0 0.7071068 0 0.7071068 5.13875 0
5.9929 SecondCar -45.27704 0.025 2.97 0 90 0 0 0.7071068 0 0.7071068 5.120717 0
5.9934 Head 0 1.6 0.78 345.15 327.8999 0 -0.124191 -0.2741586 -0.03572864 0.9529623
5.9934 FirstCar -12.72237 0.025 2.97 0 90 0 0 0.7071068 0 0.7071068 5.137705 0
5.9934 SecondCar -45.27481 0.025 2.97 0 90 0 0 0.7071068 0 0.7071068 5.119672 0
5.9938 Head 0 1.6 0.78 345.15 327.8999 0 -0.124191 -0.2741586 -0.03572864 0.9529623
5.9938 FirstCar -12.72027 0.025 2.97 0 90 0 0 0.7071068 0 0.7071068 5.13672 0
5.9938 SecondCar -45.27272 0.025 2.97 0 90 0 0 0.7071068 0 0.7071068 5.118688 0
5.9941 Head 0 1.6 0.78 345.15 327.8999 0 -0.124191 -0.2741586 -0.03572864 0.9529623
5.9941 FirstCar -12.71843 0.025 2.97 0 90 0 0 0.7071068 0 0.7071068 5.135863 0
5.9941 SecondCar -45.27089 0.025 2.97 0 90 0 0 0.7071068 0 0.7071068 5.11783 0
5.9945 Head 0 1.6 0.78 345.15 327.8999 0 -0.124191 -0.2741586 -0.03572864 0.9529623
5.9945 FirstCar -12.71656 0.025 2.97 0 90 0 0 0.7071068 0 0.7071068 5.134988 0
5.9945 SecondCar -45.26902 0.025 2.97 0 90 0 0 0.7071068 0 0.7071068 5.116955 0
5.9948 Head 0 1.6 0.78 345.15 327.8999 0 -0.124191 -0.2741586 -0.03572864 0.9529623
5.9948 FirstCar -12.71484 0.025 2.97 0 90 0 0 0.7071068 0 0.7071068 5.134184 0
5.9948 SecondCar -45.26731 0.025 2.97 0 90 0 0 0.7071068 0 0.7071068 5.116152 0
5.9952 Head 0 1.6 0.78 345.15 327.8999 0 -0.124191 -0.2741586 -0.03572864 0.9529623
5.9952 FirstCar -12.71311 0.025 2.97 0 90 0 0 0.7071068 0 0.7071068 5.133376 0
5.9952 SecondCar -45.26559 0.025 2.97 0 90 0 0 0.7071068 0 0.7071068 5.115344 0
5.9955 Head 0 1.6 0.78 345.15 327.8999 0 -0.124191 -0.2741586 -0.03572864 0.9529623
5.9955 FirstCar -12.71138 0.025 2.97 0 90 0 0 0.7071068 0 0.7071068 5.132567 0
5.9955 SecondCar -45.26386 0.025 2.97 0 90 0 0 0.7071068 0 0.7071068 5.114534 0
5.9959 Head 0 1.6 0.78 345.15 327.8999 0 -0.124191 -0.2741586 -0.03572864 0.9529623
5.9959 FirstCar -12.70965 0.025 2.97 0 90 0 0 0.7071068 0 0.7071068 5.131759 0
5.9959 SecondCar -45.26214 0.025 2.97 0 90 0 0 0.7071068 0 0.7071068 5.113727 0
5.9962 Head 0 1.6 0.78 345.15 327.8999 0 -0.124191 -0.2741586 -0.03572864 0.9529623
5.9962 FirstCar -12.70799 0.025 2.97 0 90 0 0 0.7071068 0 0.7071068 5.130979 0
5.9962 SecondCar -45.26048 0.025 2.97 0 90 0 0 0.7071068 0 0.7071068 5.112947 0
5.9965 Head 0 1.6 0.78 345.15 327.8999 0 -0.124191 -0.2741586 -0.03572864 0.9529623
5.9965 FirstCar -12.7063 0.025 2.97 0 90 0 0 0.7071068 0 0.7071068 5.130191 0
5.9965 SecondCar -45.2588 0.025 2.97 0 90 0 0 0.7071068 0 0.7071068 5.112158 0
5.9968 Head 0 1.6 0.78 345.15 327.8999 0 -0.124191 -0.2741586 -0.03572864 0.9529623
5.9968 FirstCar -12.70464 0.025 2.97 0 90 0 0 0.7071068 0 0.7071068 5.129412 0
5.9968 SecondCar -45.25714 0.025 2.97 0 90 0 0 0.7071068 0 0.7071068 5.11138 0
5.9972 Head 0 1.6 0.78 345.15 327.8999 0 -0.124191 -0.2741586 -0.03572864 0.9529623
5.9972 FirstCar -12.70294 0.025 2.97 0 90 0 0 0.7071068 0 0.7071068 5.12862 0
5.9972 SecondCar -45.25546 0.025 2.97 0 90 0 0 0.7071068 0 0.7071068 5.110587 0
5.9979 Head 0 1.6 0.78 345.15 327.8999 0 -0.124191 -0.2741586 -0.03572864 0.9529623
5.9979 FirstCar -12.69928 0.025 2.97 0 90 0 0 0.7071068 0 0.7071068 5.126904 0
5.9979 SecondCar -45.2518 0.025 2.97 0 90 0 0 0.7071068 0 0.7071068 5.108871 0
5.9983 Head 0 1.6 0.78 345.15 327.8999 0 -0.124191 -0.2741586 -0.03572864 0.9529623
5.9983 FirstCar -12.697 0.025 2.97 0 90 0 0 0.7071068 0 0.7071068 5.125836 0
5.9983 SecondCar -45.24953 0.025 2.97 0 90 0 0 0.7071068 0 0.7071068 5.107803 0
5.9987 Head 0 1.6 0.78 345.15 327.8999 0 -0.124191 -0.2741586 -0.03572864 0.9529623
5.9987 FirstCar -12.69483 0.025 2.97 0 90 0 0 0.7071068 0 0.7071068 5.124822 0
5.9987 SecondCar -45.24737 0.025 2.97 0 90 0 0 0.7071068 0 0.7071068 5.106789 0
5.9991 Head 0 1.6 0.78 345.15 327.8999 0 -0.124191 -0.2741586 -0.03572864 0.9529623
5.9991 FirstCar -12.69298 0.025 2.97 0 90 0 0 0.7071068 0 0.7071068 5.123952 0
5.9991 SecondCar -45.24552 0.025 2.97 0 90 0 0 0.7071068 0 0.7071068 5.105919 0
5.9994 Head 0 1.6 0.78 345.15 327.8999 0 -0.124191 -0.2741586 -0.03572864 0.9529623
5.9994 FirstCar -12.6912 0.025 2.97 0 90 0 0 0.7071068 0 0.7071068 5.12312 0
5.9994 SecondCar -45.24375 0.025 2.97 0 90 0 0 0.7071068 0 0.7071068 5.105088 0
5.9998 Head 0 1.6 0.78 345.15 327.8999 0 -0.124191 -0.2741586 -0.03572864 0.9529623
5.9998 FirstCar -12.68931 0.025 2.97 0 90 0 0 0.7071068 0 0.7071068 5.122233 0
5.9998 SecondCar -45.24186 0.025 2.97 0 90 0 0 0.7071068 0 0.7071068 5.1042 0
6.0002 Head 0 1.6 0.78 345.15 327.8999 0 -0.124191 -0.2741586 -0.03572864 0.9529623
6.0002 FirstCar -12.68726 0.025 2.97 0 90 0 0 0.7071068 0 0.7071068 5.121276 0
6.0002 SecondCar -45.23983 0.025 2.97 0 90 0 0 0.7071068 0 0.7071068 5.103244 0
6.0006 Head 0 1.6 0.78 345.15 327.8999 0 -0.124191 -0.2741586 -0.03572864 0.9529623
6.0006 FirstCar -12.68542 0.025 2.97 0 90 0 0 0.7071068 0 0.7071068 5.120414 0
6.0006 SecondCar -45.23799 0.025 2.97 0 90 0 0 0.7071068 0 0.7071068 5.102381 0
6.0009 Head 0 1.6 0.78 345.15 327.8999 0 -0.124191 -0.2741586 -0.03572864 0.9529623
6.0009 FirstCar -12.68364 0.025 2.97 0 90 0 0 0.7071068 0 0.7071068 5.119576 0
6.0009 SecondCar -45.23621 0.025 2.97 0 90 0 0 0.7071068 0 0.7071068 5.101544 0
6.0013 Head 0 1.6 0.78 345.15 327.8999 0 -0.124191 -0.2741586 -0.03572864 0.9529623
6.0013 FirstCar -12.68188 0.025 2.97 0 90 0 0 0.7071068 0 0.7071068 5.118752 0
6.0013 SecondCar -45.23446 0.025 2.97 0 90 0 0 0.7071068 0 0.7071068 5.100719 0
6.0017 Head 0 1.6 0.78 345.15 327.8999 0 -0.124191 -0.2741586 -0.03572864 0.9529623
6.0017 FirstCar -12.67991 0.025 2.97 0 90 0 0 0.7071068 0 0.7071068 5.117831 0
6.0017 SecondCar -45.2325 0.025 2.97 0 90 0 0 0.7071068 0 0.7071068 5.099798 0
6.0020 Head 0 1.6 0.78 345.15 327.8999 0 -0.124191 -0.2741586 -0.03572864 0.9529623
6.0020 FirstCar -12.67815 0.025 2.97 0 90 0 0 0.7071068 0 0.7071068 5.117005 0
6.0020 SecondCar -45.23075 0.025 2.97 0 90 0 0 0.7071068 0 0.7071068 5.098972 0
6.0024 Head 0 1.6 0.78 345.15 327.8999 0 -0.124191 -0.2741586 -0.03572864 0.9529623
6.0024 FirstCar -12.6762 0.025 2.97 0 90 0 0 0.7071068 0 0.7071068 5.116088 0
6.0024 SecondCar -45.2288 0.025 2.97 0 90 0 0 0.7071068 0 0.7071068 5.098055 0
6.0027 Head 0 1.6 0.78 345.15 327.8999 0 -0.124191 -0.2741586 -0.03572864 0.9529623
6.0027 FirstCar -12.67442 0.025 2.97 0 90 0 0 0.7071068 0 0.7071068 5.115252 0
6.0027 SecondCar -45.22702 0.025 2.97 0 90 0 0 0.7071068 0 0.7071068 5.097219 0
6.0031 Head 0 1.6 0.78 345.15 327.8999 0 -0.124191 -0.2741586 -0.03572864 0.9529623
6.0031 FirstCar -12.6727 0.025 2.97 0 90 0 0 0.7071068 0 0.7071068 5.114447 0
6.0031 SecondCar -45.22531 0.025 2.97 0 90 0 0 0.7071068 0 0.7071068 5.096415 0
6.0034 Head 0 1.6 0.78 345.15 327.8999 0 -0.124191 -0.2741586 -0.03572864 0.9529623
6.0034 FirstCar -12.67091 0.025 2.97 0 90 0 0 0.7071068 0 0.7071068 5.113605 0
6.0034 SecondCar -45.22353 0.025 2.97 0 90 0 0 0.7071068 0 0.7071068 5.095573 0
6.0038 Head 0 1.6 0.78 345.15 327.8999 0 -0.124191 -0.2741586 -0.03572864 0.9529623
6.0038 FirstCar -12.66904 0.025 2.97 0 90 0 0 0.7071068 0 0.7071068 5.112727 0
6.0038 SecondCar -45.22166 0.025 2.97 0 90 0 0 0.7071068 0 0.7071068 5.094695 0
6.0041 Head 0 1.6 0.78 345.15 327.8999 0 -0.124191 -0.2741586 -0.03572864 0.9529623
6.0041 FirstCar -12.66723 0.025 2.97 0 90 0 0 0.7071068 0 0.7071068 5.111877 0
6.0041 SecondCar -45.21986 0.025 2.97 0 90 0 0 0.7071068 0 0.7071068 5.093845 0
6.0045 Head 0 1.6 0.78 345.15 327.8999 0 -0.124191 -0.2741586 -0.03572864 0.9529623
6.0045 FirstCar -12.66543 0.025 2.97 0 90 0 0 0.7071068 0 0.7071068 5.111032 0
6.0045 SecondCar -45.21806 0.025 2.97 0 90 0 0 0.7071068 0 0.7071068 5.093 0
6.0048 Head 0 1.6 0.78 345.15 327.8999 0 -0.124191 -0.2741586 -0.03572864 0.9529623
6.0048 FirstCar -12.66368 0.025 2.97 0 90 0 0 0.7071068 0 0.7071068 5.110214 0
6.0048 SecondCar -45.21633 0.025 2.97 0 90 0 0 0.7071068 0 0.7071068 5.092181 0
6.0052 Head 0 1.6 0.78 345.15 327.8999 0 -0.124191 -0.2741586 -0.03572864 0.9529623
6.0052 FirstCar -12.66196 0.025 2.97 0 90 0 0 0.7071068 0 0.7071068 5.109404 0
6.0052 SecondCar -45.21461 0.025 2.97 0 90 0 0 0.7071068 0 0.7071068 5.091371 0
6.0058 Head 0 1.6 0.78 345.15 327.8999 0 -0.124191 -0.2741586 -0.03572864 0.9529623
6.0058 FirstCar -12.65869 0.025 2.97 0 90 0 0 0.7071068 0 0.7071068 5.107865 0
6.0058 SecondCar -45.21135 0.025 2.97 0 90 0 0 0.7071068 0 0.7071068 5.089833 0
6.0062 Head 0 1.6 0.78 345.15 327.8999 0 -0.124191 -0.2741586 -0.03572864 0.9529623
6.0062 FirstCar -12.65661 0.025 2.97 0 90 0 0 0.7071068 0 0.7071068 5.106891 0
6.0062 SecondCar -45.20928 0.025 2.97 0 90 0 0 0.7071068 0 0.7071068 5.088858 0
6.0066 Head 0 1.6 0.78 345.15 327.8999 0 -0.124191 -0.2741586 -0.03572864 0.9529623
6.0066 FirstCar -12.65482 0.025 2.97 0 90 0 0 0.7071068 0 0.7071068 5.106046 0
6.0066 SecondCar -45.20749 0.025 2.97 0 90 0 0 0.7071068 0 0.7071068 5.088014 0
6.0069 Head 0 1.6 0.78 345.15 327.8999 0 -0.124191 -0.2741586 -0.03572864 0.9529623
6.0069 FirstCar -12.65296 0.025 2.97 0 90 0 0 0.7071068 0 0.7071068 5.105176 0
6.0069 SecondCar -45.20565 0.025 2.97 0 90 0 0 0.7071068 0 0.7071068 5.087143 0
6.0073 Head 0 1.6 0.78 345.15 327.8999 0 -0.124191 -0.2741586 -0.03572864 0.9529623
6.0073 FirstCar -12.65112 0.025 2.97 0 90 0 0 0.7071068 0 0.7071068 5.104309 0
6.0073 SecondCar -45.20381 0.025 2.97 0 90 0 0 0.7071068 0 0.7071068 5.086276 0
6.0076 Head 0 1.6 0.78 345.15 327.8999 0 -0.124191 -0.2741586 -0.03572864 0.9529623
6.0076 FirstCar -12.64932 0.025 2.97 0 90 0 0 0.7071068 0 0.7071068 5.10346 0
6.0076 SecondCar -45.20201 0.025 2.97 0 90 0 0 0.7071068 0 0.7071068 5.085428 0
6.0080 Head 0 1.6 0.78 345.15 327.8999 0 -0.124191 -0.2741586 -0.03572864 0.9529623
6.0080 FirstCar -12.6476 0.025 2.97 0 90 0 0 0.7071068 0 0.7071068 5.102653 0
6.0080 SecondCar -45.20031 0.025 2.97 0 90 0 0 0.7071068 0 0.7071068 5.08462 0
6.0083 Head 0 1.6 0.78 345.15 327.8999 0 -0.124191 -0.2741586 -0.03572864 0.9529623
6.0083 FirstCar -12.64586 0.025 2.97 0 90 0 0 0.7071068 0 0.7071068 5.101835 0
6.0083 SecondCar -45.19857 0.025 2.97 0 90 0 0 0.7071068 0 0.7071068 5.083803 0
6.0087 Head 0 1.6 0.78 345.15 327.8999 0 -0.124191 -0.2741586 -0.03572864 0.9529623
6.0087 FirstCar -12.64404 0.025 2.97 0 90 0 0 0.7071068 0 0.7071068 5.100981 0
6.0087 SecondCar -45.19677 0.025 2.97 0 90 0 0 0.7071068 0 0.7071068 5.082948 0
6.0090 Head 0 1.6 0.78 345.15 327.8999 0 -0.124191 -0.2741586 -0.03572864 0.9529623
6.0090 FirstCar -12.64227 0.025 2.97 0 90 0 0 0.7071068 0 0.7071068 5.100143 0
6.0090 SecondCar -45.19499 0.025 2.97 0 90 0 0 0.7071068 0 0.7071068 5.082111 0
6.0094 Head 0 1.6 0.78 345.15 327.8999 0 -0.124191 -0.2741586 -0.03572864 0.9529623
6.0094 FirstCar -12.64044 0.025 2.97 0 90 0 0 0.7071068 0 0.7071068 5.099285 0
6.0094 SecondCar -45.19318 0.025 2.97 0 90 0 0 0.7071068 0 0.7071068 5.081253 0
6.0097 Head 0 1.6 0.78 345.15 327.8999 0 -0.124191 -0.2741586 -0.03572864 0.9529623
6.0097 FirstCar -12.63867 0.025 2.97 0 90 0 0 0.7071068 0 0.7071068 5.098452 0
6.0097 SecondCar -45.19141 0.025 2.97 0 90 0 0 0.7071068 0 0.7071068 5.080419 0
6.0101 Head 0 1.6 0.78 345.15 327.8999 0 -0.124191 -0.2741586 -0.03572864 0.9529623
6.0101 FirstCar -12.63689 0.025 2.97 0 90 0 0 0.7071068 0 0.7071068 5.097612 0
6.0101 SecondCar -45.18964 0.025 2.97 0 90 0 0 0.7071068 0 0.7071068 5.07958 0
6.0105 Head 0 1.6 0.78 345.15 327.8999 0 -0.124191 -0.2741586 -0.03572864 0.9529623
6.0105 FirstCar -12.63489 0.025 2.97 0 90 0 0 0.7071068 0 0.7071068 5.09667 0
6.0105 SecondCar -45.18764 0.025 2.97 0 90 0 0 0.7071068 0 0.7071068 5.078638 0
6.0111 Head 0 1.6 0.78 345.15 327.8999 0 -0.124191 -0.2741586 -0.03572864 0.9529623
6.0111 FirstCar -12.63188 0.025 2.97 0 90 0 0 0.7071068 0 0.7071068 5.095255 0
6.0111 SecondCar -45.18465 0.025 2.97 0 90 0 0 0.7071068 0 0.7071068 5.077223 0
6.0114 Head 0 1.6 0.78 345.15 327.8999 0 -0.124191 -0.2741586 -0.03572864 0.9529623
6.0114 FirstCar -12.62996 0.025 2.97 0 90 0 0 0.7071068 0 0.7071068 5.09435 0
6.0114 SecondCar -45.18273 0.025 2.97 0 90 0 0 0.7071068 0 0.7071068 5.076318 0
6.0118 Head 0 1.6 0.78 345.15 327.8999 0 -0.124191 -0.2741586 -0.03572864 0.9529623
6.0118 FirstCar -12.6281 0.025 2.97 0 90 0 0 0.7071068 0 0.7071068 5.093473 0
6.0118 SecondCar -45.18088 0.025 2.97 0 90 0 0 0.7071068 0 0.7071068 5.075441 0
6.0122 Head 0 1.6 0.78 345.15 327.8999 0 -0.124191 -0.2741586 -0.03572864 0.9529623
6.0122 FirstCar -12.62608 0.025 2.97 0 90 0 0 0.7071068 0 0.7071068 5.092523 0
6.0122 SecondCar -45.17887 0.025 2.97 0 90 0 0 0.7071068 0 0.7071068 5.07449 0
6.0126 Head 0 1.6 0.78 345.15 327.8999 0 -0.124191 -0.2741586 -0.03572864 0.9529623
6.0126 FirstCar -12.62407 0.025 2.97 0 90 0 0 0.7071068 0 0.7071068 5.091576 0
6.0126 SecondCar -45.17686 0.025 2.97 0 90 0 0 0.7071068 0 0.7071068 5.073543 0
6.0130 Head 0 1.6 0.78 345.15 327.8999 0 -0.124191 -0.2741586 -0.03572864 0.9529623
6.0130 FirstCar -12.62205 0.025 2.97 0 90 0 0 0.7071068 0 0.7071068 5.090621 0
6.0130 SecondCar -45.17485 0.025 2.97 0 90 0 0 0.7071068 0 0.7071068 5.072589 0
6.0139 Head 0 1.6 0.78 345.15 327.8999 0 -0.124191 -0.2741586 -0.03572864 0.9529623
6.0139 FirstCar -12.61762 0.025 2.97 0 90 0 0 0.7071068 0 0.7071068 5.088531 0
6.0139 SecondCar -45.17043 0.025 2.97 0 90 0 0 0.7071068 0 0.7071068 5.070498 0
6.0143 Head 0 1.6 0.78 345.15 327.8999 0 -0.124191 -0.2741586 -0.03572864 0.9529623
6.0143 FirstCar -12.61553 0.025 2.97 0 90 0 0 0.7071068 0 0.7071068 5.087546 0
6.0143 SecondCar -45.16835 0.025 2.97 0 90 0 0 0.7071068 0 0.7071068 5.069514 0
6.0146 Head 0 1.6 0.78 345.15 327.8999 0 -0.124191 -0.2741586 -0.03572864 0.9529623
6.0146 FirstCar -12.61363 0.025 2.97 0 90 0 0 0.7071068 0 0.7071068 5.086649 0
6.0146 SecondCar -45.16645 0.025 2.97 0 90 0 0 0.7071068 0 0.7071068 5.068617 0
6.0150 Head 0 1.6 0.78 345.15 327.8999 0 -0.124191 -0.2741586 -0.03572864 0.9529623
6.0150 FirstCar -12.61187 0.025 2.97 0 90 0 0 0.7071068 0 0.7071068 5.085819 0
6.0150 SecondCar -45.1647 0.025 2.97 0 90 0 0 0.7071068 0 0.7071068 5.067787 0
6.0153 Head 0 1.6 0.78 345.15 327.8999 0 -0.124191 -0.2741586 -0.03572864 0.9529623
6.0153 FirstCar -12.61008 0.025 2.97 0 90 0 0 0.7071068 0 0.7071068 5.084973 0
6.0153 SecondCar -45.16291 0.025 2.97 0 90 0 0 0.7071068 0 0.7071068 5.066941 0
6.0157 Head 0 1.6 0.78 345.15 327.8999 0 -0.124191 -0.2741586 -0.03572864 0.9529623
6.0157 FirstCar -12.60828 0.025 2.97 0 90 0 0 0.7071068 0 0.7071068 5.084125 0
6.0157 SecondCar -45.16113 0.025 2.97 0 90 0 0 0.7071068 0 0.7071068 5.066092 0
6.0160 Head 0 1.6 0.78 345.15 327.8999 0 -0.124191 -0.2741586 -0.03572864 0.9529623
6.0160 FirstCar -12.60655 0.025 2.97 0 90 0 0 0.7071068 0 0.7071068 5.083309 0
6.0160 SecondCar -45.1594 0.025 2.97 0 90 0 0 0.7071068 0 0.7071068 5.065277 0
6.0164 Head 0 1.6 0.78 345.15 327.8999 0 -0.124191 -0.2741586 -0.03572864 0.9529623
6.0164 FirstCar -12.60463 0.025 2.97 0 90 0 0 0.7071068 0 0.7071068 5.0824 0
6.0164 SecondCar -45.15749 0.025 2.97 0 90 0 0 0.7071068 0 0.7071068 5.064368 0
6.0168 Head 0 1.6 0.78 345.15 327.8999 0 -0.124191 -0.2741586 -0.03572864 0.9529623
6.0168 FirstCar -12.60277 0.025 2.97 0 90 0 0 0.7071068 0 0.7071068 5.081523 0
6.0168 SecondCar -45.15564 0.025 2.97 0 90 0 0 0.7071068 0 0.7071068 5.06349 0
6.0171 Head 0 1.6 0.78 345.15 327.8999 0 -0.124191 -0.2741586 -0.03572864 0.9529623
6.0171 FirstCar -12.60109 0.025 2.97 0 90 0 0 0.7071068 0 0.7071068 5.080729 0
6.0171 SecondCar -45.15396 0.025 2.97 0 90 0 0 0.7071068 0 0.7071068 5.062696 0
6.0175 Head 0 1.6 0.78 345.15 327.8999 0 -0.124191 -0.2741586 -0.03572864 0.9529623
6.0175 FirstCar -12.59931 0.025 2.97 0 90 0 0 0.7071068 0 0.7071068 5.07989 0
6.0175 SecondCar -45.15219 0.025 2.97 0 90 0 0 0.7071068 0 0.7071068 5.061858 0
6.0178 Head 0 1.6 0.78 345.15 327.8999 0 -0.124191 -0.2741586 -0.03572864 0.9529623
6.0178 FirstCar -12.59754 0.025 2.97 0 90 0 0 0.7071068 0 0.7071068 5.079054 0
6.0178 SecondCar -45.15043 0.025 2.97 0 90 0 0 0.7071068 0 0.7071068 5.061021 0
6.0182 Head 0 1.6 0.78 345.15 327.8999 0 -0.124191 -0.2741586 -0.03572864 0.9529623
6.0182 FirstCar -12.59579 0.025 2.97 0 90 0 0 0.7071068 0 0.7071068 5.078225 0
6.0182 SecondCar -45.14869 0.025 2.97 0 90 0 0 0.7071068 0 0.7071068 5.060193 0
6.0185 Head 0 1.6 0.78 345.15 327.8999 0 -0.124191 -0.2741586 -0.03572864 0.9529623
6.0185 FirstCar -12.59412 0.025 2.97 0 90 0 0 0.7071068 0 0.7071068 5.077439 0
6.0185 SecondCar -45.14703 0.025 2.97 0 90 0 0 0.7071068 0 0.7071068 5.059407 0
6.0188 Head 0 1.6 0.78 345.15 327.8999 0 -0.124191 -0.2741586 -0.03572864 0.9529623
6.0188 FirstCar -12.59246 0.025 2.97 0 90 0 0 0.7071068 0 0.7071068 5.076651 0
6.0188 SecondCar -45.14537 0.025 2.97 0 90 0 0 0.7071068 0 0.7071068 5.058619 0
6.0192 Head 0 1.6 0.78 345.15 327.8999 0 -0.124191 -0.2741586 -0.03572864 0.9529623
6.0192 FirstCar -12.59072 0.025 2.97 0 90 0 0 0.7071068 0 0.7071068 5.075829 0
6.0192 SecondCar -45.14364 0.025 2.97 0 90 0 0 0.7071068 0 0.7071068 5.057796 0
6.0196 Head 0 1.6 0.78 345.15 327.8999 0 -0.124191 -0.2741586 -0.03572864 0.9529623
6.0196 FirstCar -12.58857 0.025 2.97 0 90 0 0 0.7071068 0 0.7071068 5.074811 0
6.0196 SecondCar -45.14149 0.025 2.97 0 90 0 0 0.7071068 0 0.7071068 5.056778 0
6.0200 Head 0 1.6 0.78 345.15 327.8999 0 -0.124191 -0.2741586 -0.03572864 0.9529623
6.0200 FirstCar -12.58632 0.025 2.97 0 90 0 0 0.7071068 0 0.7071068 5.073749 0
6.0200 SecondCar -45.13926 0.025 2.97 0 90 0 0 0.7071068 0 0.7071068 5.055717 0
6.0206 Head 0 1.6 0.78 345.15 327.8999 0 -0.124191 -0.2741586 -0.03572864 0.9529623
6.0206 FirstCar -12.58355 0.025 2.97 0 90 0 0 0.7071068 0 0.7071068 5.072438 0
6.0206 SecondCar -45.1365 0.025 2.97 0 90 0 0 0.7071068 0 0.7071068 5.054406 0
6.0210 Head 0 1.6 0.78 345.15 327.8999 0 -0.124191 -0.2741586 -0.03572864 0.9529623
6.0210 FirstCar -12.58155 0.025 2.97 0 90 0 0 0.7071068 0 0.7071068 5.071493 0
6.0210 SecondCar -45.13451 0.025 2.97 0 90 0 0 0.7071068 0 0.7071068 5.05346 0
6.0213 Head 0 1.6 0.78 345.15 327.8999 0 -0.124191 -0.2741586 -0.03572864 0.9529623
6.0213 FirstCar -12.57964 0.025 2.97 0 90 0 0 0.7071068 0 0.7071068 5.070588 0
6.0213 SecondCar -45.1326 0.025 2.97 0 90 0 0 0.7071068 0 0.7071068 5.052556 0
6.0241 Head 0 1.6 0.78 345.15 327.8999 0 -0.124191 -0.2741586 -0.03572864 0.9529623
6.0241 FirstCar -12.56549 0.025 2.97 0 90 0 0 0.7071068 0 0.7071068 5.063882 0
6.0241 SecondCar -45.1185 0.025 2.97 0 90 0 0 0.7071068 0 0.7071068 5.04585 0
6.0246 Head 0 1.6 0.78 345.15 327.8999 0 -0.124191 -0.2741586 -0.03572864 0.9529623
6.0246 FirstCar -12.56293 0.025 2.97 0 90 0 0 0.7071068 0 0.7071068 5.062667 0
6.0246 SecondCar -45.11595 0.025 2.97 0 90 0 0 0.7071068 0 0.7071068 5.044634 0
6.0251 Head 0 1.6 0.78 345.15 327.8999 0 -0.124191 -0.2741586 -0.03572864 0.9529623
6.0251 FirstCar -12.56081 0.025 2.97 0 90 0 0 0.7071068 0 0.7071068 5.061664 0
6.0251 SecondCar -45.11384 0.025 2.97 0 90 0 0 0.7071068 0 0.7071068 5.043631 0
6.0254 Head 0 1.6 0.78 345.15 327.8999 0 -0.124191 -0.2741586 -0.03572864 0.9529623
6.0254 FirstCar -12.55893 0.025 2.97 0 90 0 0 0.7071068 0 0.7071068 5.060772 0
6.0254 SecondCar -45.11197 0.025 2.97 0 90 0 0 0.7071068 0 0.7071068 5.04274 0
6.0258 Head 0 1.6 0.78 345.15 327.8999 0 -0.124191 -0.2741586 -0.03572864 0.9529623
6.0258 FirstCar -12.55706 0.025 2.97 0 90 0 0 0.7071068 0 0.7071068 5.059882 0
6.0258 SecondCar -45.1101 0.025 2.97 0 90 0 0 0.7071068 0 0.7071068 5.041849 0
6.0262 Head 0 1.6 0.78 345.15 327.8999 0 -0.124191 -0.2741586 -0.03572864 0.9529623
6.0262 FirstCar -12.55526 0.025 2.97 0 90 0 0 0.7071068 0 0.7071068 5.059029 0
6.0262 SecondCar -45.1083 0.025 2.97 0 90 0 0 0.7071068 0 0.7071068 5.040997 0
6.0265 Head 0 1.6 0.78 345.15 327.8999 0 -0.124191 -0.2741586 -0.03572864 0.9529623
6.0265 FirstCar -12.55346 0.025 2.97 0 90 0 0 0.7071068 0 0.7071068 5.058177 0
6.0265 SecondCar -45.10651 0.025 2.97 0 90 0 0 0.7071068 0 0.7071068 5.040144 0
6.0269 Head 0 1.6 0.78 345.15 327.8999 0 -0.124191 -0.2741586 -0.03572864 0.9529623
6.0269 FirstCar -12.55171 0.025 2.97 0 90 0 0 0.7071068 0 0.7071068 5.057344 0
6.0269 SecondCar -45.10477 0.025 2.97 0 90 0 0 0.7071068 0 0.7071068 5.039311 0
6.0272 Head 0 1.6 0.78 345.15 327.8999 0 -0.124191 -0.2741586 -0.03572864 0.9529623
6.0272 FirstCar -12.54994 0.025 2.97 0 90 0 0 0.7071068 0 0.7071068 5.056507 0
6.0272 SecondCar -45.10301 0.025 2.97 0 90 0 0 0.7071068 0 0.7071068 5.038474 0
6.0276 Head 0 1.6 0.78 345.15 327.8999 0 -0.124191 -0.2741586 -0.03572864 0.9529623
6.0276 FirstCar -12.54817 0.025 2.97 0 90 0 0 0.7071068 0 0.7071068 5.055664 0
6.0276 SecondCar -45.10124 0.025 2.97 0 90 0 0 0.7071068 0 0.7071068 5.037632 0
6.0280 Head 0 1.6 0.78 345.15 327.8999 0 -0.124191 -0.2741586 -0.03572864 0.9529623
6.0280 FirstCar -12.546 0.025 2.97 0 90 0 0 0.7071068 0 0.7071068 5.054633 0
6.0280 SecondCar -45.09908 0.025 2.97 0 90 0 0 0.7071068 0 0.7071068 5.036601 0
6.0284 Head 0 1.6 0.78 345.15 327.8999 0 -0.124191 -0.2741586 -0.03572864 0.9529623
6.0284 FirstCar -12.54397 0.025 2.97 0 90 0 0 0.7071068 0 0.7071068 5.053671 0
6.0284 SecondCar -45.09706 0.025 2.97 0 90 0 0 0.7071068 0 0.7071068 5.035638 0
6.0288 Head 0 1.6 0.78 345.15 327.8999 0 -0.124191 -0.2741586 -0.03572864 0.9529623
6.0288 FirstCar -12.5421 0.025 2.97 0 90 0 0 0.7071068 0 0.7071068 5.052783 0
6.0288 SecondCar -45.09519 0.025 2.97 0 90 0 0 0.7071068 0 0.7071068 5.03475 0
6.0291 Head 0 1.6 0.78 345.15 327.8999 0 -0.124191 -0.2741586 -0.03572864 0.9529623
6.0291 FirstCar -12.5403 0.025 2.97 0 90 0 0 0.7071068 0 0.7071068 5.051927 0
6.0291 SecondCar -45.0934 0.025 2.97 0 90 0 0 0.7071068 0 0.7071068 5.033894 0
6.0299 Head 0 1.6 0.78 345.15 327.8999 0 -0.124191 -0.2741586 -0.03572864 0.9529623
6.0299 FirstCar -12.53646 0.025 2.97 0 90 0 0 0.7071068 0 0.7071068 5.0501 0
6.0299 SecondCar -45.08957 0.025 2.97 0 90 0 0 0.7071068 0 0.7071068 5.032067 0
6.0304 Head 0 1.6 0.78 345.15 327.8999 0 -0.124191 -0.2741586 -0.03572864 0.9529623
6.0304 FirstCar -12.53384 0.025 2.97 0 90 0 0 0.7071068 0 0.7071068 5.048856 0
6.0304 SecondCar -45.08696 0.025 2.97 0 90 0 0 0.7071068 0 0.7071068 5.030824 0
6.0312 Head 0 1.6 0.78 345.15 327.8999 0 -0.124191 -0.2741586 -0.03572864 0.9529623
6.0312 FirstCar -12.52997 0.025 2.97 0 90 0 0 0.7071068 0 0.7071068 5.047014 0
6.0312 SecondCar -45.0831 0.025 2.97 0 90 0 0 0.7071068 0 0.7071068 5.028981 0
6.0316 Head 0 1.6 0.78 345.15 327.8999 0 -0.124191 -0.2741586 -0.03572864 0.9529623
6.0316 FirstCar -12.52789 0.025 2.97 0 90 0 0 0.7071068 0 0.7071068 5.046027 0
6.0316 SecondCar -45.08103 0.025 2.97 0 90 0 0 0.7071068 0 0.7071068 5.027994 0
6.0320 Head 0 1.6 0.78 345.15 327.8999 0 -0.124191 -0.2741586 -0.03572864 0.9529623
6.0320 FirstCar -12.52598 0.025 2.97 0 90 0 0 0.7071068 0 0.7071068 5.045116 0
6.0320 SecondCar -45.07912 0.025 2.97 0 90 0 0 0.7071068 0 0.7071068 5.027084 0
6.0323 Head 0 1.6 0.78 345.15 327.8999 0 -0.124191 -0.2741586 -0.03572864 0.9529623
6.0323 FirstCar -12.52397 0.025 2.97 0 90 0 0 0.7071068 0 0.7071068 5.044163 0
6.0323 SecondCar -45.07713 0.025 2.97 0 90 0 0 0.7071068 0 0.7071068 5.026131 0
6.0328 Head 0 1.6 0.78 345.15 327.8999 0 -0.124191 -0.2741586 -0.03572864 0.9529623
6.0328 FirstCar -12.52176 0.025 2.97 0 90 0 0 0.7071068 0 0.7071068 5.04311 0
6.0328 SecondCar -45.07492 0.025 2.97 0 90 0 0 0.7071068 0 0.7071068 5.025078 0
6.0332 Head 0 1.6 0.78 345.15 327.8999 0 -0.124191 -0.2741586 -0.03572864 0.9529623
6.0332 FirstCar -12.51974 0.025 2.97 0 90 0 0 0.7071068 0 0.7071068 5.042149 0
6.0332 SecondCar -45.07291 0.025 2.97 0 90 0 0 0.7071068 0 0.7071068 5.024117 0
6.0336 Head 0 1.6 0.78 345.15 327.8999 0 -0.124191 -0.2741586 -0.03572864 0.9529623
6.0336 FirstCar -12.51791 0.025 2.97 0 90 0 0 0.7071068 0 0.7071068 5.041275 0
6.0336 SecondCar -45.07108 0.025 2.97 0 90 0 0 0.7071068 0 0.7071068 5.023242 0
6.0339 Head 0 1.6 0.78 345.15 327.8999 0 -0.124191 -0.2741586 -0.03572864 0.9529623
6.0339 FirstCar -12.51607 0.025 2.97 0 90 0 0 0.7071068 0 0.7071068 5.040401 0
6.0339 SecondCar -45.06925 0.025 2.97 0 90 0 0 0.7071068 0 0.7071068 5.022368 0
6.0343 Head 0 1.6 0.78 345.15 327.8999 0 -0.124191 -0.2741586 -0.03572864 0.9529623
6.0343 FirstCar -12.51408 0.025 2.97 0 90 0 0 0.7071068 0 0.7071068 5.039454 0
6.0343 SecondCar -45.06727 0.025 2.97 0 90 0 0 0.7071068 0 0.7071068 5.021421 0
6.0347 Head 0 1.6 0.78 345.15 327.8999 0 -0.124191 -0.2741586 -0.03572864 0.9529623
6.0347 FirstCar -12.51233 0.025 2.97 0 90 0 0 0.7071068 0 0.7071068 5.038617 0
6.0347 SecondCar -45.06552 0.025 2.97 0 90 0 0 0.7071068 0 0.7071068 5.020585 0
6.0351 Head 0 1.6 0.78 345.15 327.8999 0 -0.124191 -0.2741586 -0.03572864 0.9529623
6.0351 FirstCar -12.5103 0.025 2.97 0 90 0 0 0.7071068 0 0.7071068 5.037651 0
6.0351 SecondCar -45.0635 0.025 2.97 0 90 0 0 0.7071068 0 0.7071068 5.019619 0
6.0354 Head 0 1.6 0.78 345.15 327.8999 0 -0.124191 -0.2741586 -0.03572864 0.9529623
6.0354 FirstCar -12.50853 0.025 2.97 0 90 0 0 0.7071068 0 0.7071068 5.03681 0
6.0354 SecondCar -45.06174 0.025 2.97 0 90 0 0 0.7071068 0 0.7071068 5.018777 0
6.0358 Head 0 1.6 0.78 345.15 327.8999 0 -0.124191 -0.2741586 -0.03572864 0.9529623
6.0358 FirstCar -12.50671 0.025 2.97 0 90 0 0 0.7071068 0 0.7071068 5.035939 0
6.0358 SecondCar -45.05992 0.025 2.97 0 90 0 0 0.7071068 0 0.7071068 5.017906 0
6.0361 Head 0 1.6 0.78 345.15 327.8999 0 -0.124191 -0.2741586 -0.03572864 0.9529623
6.0361 FirstCar -12.50488 0.025 2.97 0 90 0 0 0.7071068 0 0.7071068 5.035068 0
6.0361 SecondCar -45.0581 0.025 2.97 0 90 0 0 0.7071068 0 0.7071068 5.017035 0
6.0365 Head 0 1.6 0.78 345.15 327.8999 0 -0.124191 -0.2741586 -0.03572864 0.9529623
6.0365 FirstCar -12.50304 0.025 2.97 0 90 0 0 0.7071068 0 0.7071068 5.03419 0
6.0365 SecondCar -45.05627 0.025 2.97 0 90 0 0 0.7071068 0 0.7071068 5.016158 0
6.0368 Head 0 1.6 0.78 345.15 327.8999 0 -0.124191 -0.2741586 -0.03572864 0.9529623
6.0368 FirstCar -12.5013 0.025 2.97 0 90 0 0 0.7071068 0 0.7071068 5.033362 0
6.0368 SecondCar -45.05453 0.025 2.97 0 90 0 0 0.7071068 0 0.7071068 5.015329 0
6.0372 Head 0 1.6 0.78 345.15 327.8999 0 -0.124191 -0.2741586 -0.03572864 0.9529623
6.0372 FirstCar -12.49956 0.025 2.97 0 90 0 0 0.7071068 0 0.7071068 5.032533 0
6.0372 SecondCar -45.0528 0.025 2.97 0 90 0 0 0.7071068 0 0.7071068 5.0145 0
6.0379 Head 0 1.6 0.78 345.15 327.8999 0 -0.124191 -0.2741586 -0.03572864 0.9529623
6.0379 FirstCar -12.49615 0.025 2.97 0 90 0 0 0.7071068 0 0.7071068 5.030905 0
6.0379 SecondCar -45.0494 0.025 2.97 0 90 0 0 0.7071068 0 0.7071068 5.012873 0
6.0383 Head 0 1.6 0.78 345.15 327.8999 0 -0.124191 -0.2741586 -0.03572864 0.9529623
6.0383 FirstCar -12.49411 0.025 2.97 0 90 0 0 0.7071068 0 0.7071068 5.029932 0
6.0383 SecondCar -45.04737 0.025 2.97 0 90 0 0 0.7071068 0 0.7071068 5.011899 0
6.0387 Head 0 1.6 0.78 345.15 327.8999 0 -0.124191 -0.2741586 -0.03572864 0.9529623
6.0387 FirstCar -12.49217 0.025 2.97 0 90 0 0 0.7071068 0 0.7071068 5.029007 0
6.0387 SecondCar -45.04544 0.025 2.97 0 90 0 0 0.7071068 0 0.7071068 5.010974 0
6.0390 Head 0 1.6 0.78 345.15 327.8999 0 -0.124191 -0.2741586 -0.03572864 0.9529623
6.0390 FirstCar -12.49028 0.025 2.97 0 90 0 0 0.7071068 0 0.7071068 5.028104 0
6.0390 SecondCar -45.04356 0.025 2.97 0 90 0 0 0.7071068 0 0.7071068 5.010071 0
6.0394 Head 0 1.6 0.78 345.15 327.8999 0 -0.124191 -0.2741586 -0.03572864 0.9529623
6.0394 FirstCar -12.48847 0.025 2.97 0 90 0 0 0.7071068 0 0.7071068 5.027242 0
6.0394 SecondCar -45.04176 0.025 2.97 0 90 0 0 0.7071068 0 0.7071068 5.009209 0
6.0398 Head 0 1.6 0.78 345.15 327.8999 0 -0.124191 -0.2741586 -0.03572864 0.9529623
6.0398 FirstCar -12.48663 0.025 2.97 0 90 0 0 0.7071068 0 0.7071068 5.026363 0
6.0398 SecondCar -45.03992 0.025 2.97 0 90 0 0 0.7071068 0 0.7071068 5.00833 0
6.0401 Head 0 1.6 0.78 345.15 327.8999 0 -0.124191 -0.2741586 -0.03572864 0.9529623
6.0401 FirstCar -12.48472 0.025 2.97 0 90 0 0 0.7071068 0 0.7071068 5.02545 0
6.0401 SecondCar -45.03802 0.025 2.97 0 90 0 0 0.7071068 0 0.7071068 5.007417 0
6.0405 Head 0 1.6 0.78 345.15 327.8999 0 -0.124191 -0.2741586 -0.03572864 0.9529623
6.0405 FirstCar -12.48289 0.025 2.97 0 90 0 0 0.7071068 0 0.7071068 5.024574 0
6.0405 SecondCar -45.03619 0.025 2.97 0 90 0 0 0.7071068 0 0.7071068 5.006542 0
6.0409 Head 0 1.6 0.78 345.15 327.8999 0 -0.124191 -0.2741586 -0.03572864 0.9529623
6.0409 FirstCar -12.48114 0.025 2.97 0 90 0 0 0.7071068 0 0.7071068 5.023736 0
6.0409 SecondCar -45.03444 0.025 2.97 0 90 0 0 0.7071068 0 0.7071068 5.005704 0
6.0413 Head 0 1.6 0.78 345.15 327.8999 0 -0.124191 -0.2741586 -0.03572864 0.9529623
6.0413 FirstCar -12.47916 0.025 2.97 0 90 0 0 0.7071068 0 0.7071068 5.022794 0
6.0413 SecondCar -45.03248 0.025 2.97 0 90 0 0 0.7071068 0 0.7071068 5.004762 0
6.0416 Head 0 1.6 0.78 345.15 327.8999 0 -0.124191 -0.2741586 -0.03572864 0.9529623
6.0416 FirstCar -12.47724 0.025 2.97 0 90 0 0 0.7071068 0 0.7071068 5.021875 0
6.0416 SecondCar -45.03056 0.025 2.97 0 90 0 0 0.7071068 0 0.7071068 5.003843 0
6.0420 Head 0 1.6 0.78 345.15 327.8999 0 -0.124191 -0.2741586 -0.03572864 0.9529623
6.0420 FirstCar -12.47547 0.025 2.97 0 90 0 0 0.7071068 0 0.7071068 5.021027 0
6.0420 SecondCar -45.02879 0.025 2.97 0 90 0 0 0.7071068 0 0.7071068 5.002995 0
6.0424 Head 0 1.6 0.78 345.15 327.8999 0 -0.124191 -0.2741586 -0.03572864 0.9529623
6.0424 FirstCar -12.47334 0.025 2.97 0 90 0 0 0.7071068 0 0.7071068 5.020011 0
6.0424 SecondCar -45.02668 0.025 2.97 0 90 0 0 0.7071068 0 0.7071068 5.001979 0
6.0428 Head 0 1.6 0.78 345.15 327.8999 0 -0.124191 -0.2741586 -0.03572864 0.9529623
6.0428 FirstCar -12.47126 0.025 2.97 0 90 0 0 0.7071068 0 0.7071068 5.019016 0
6.0428 SecondCar -45.0246 0.025 2.97 0 90 0 0 0.7071068 0 0.7071068 5.000983 0
6.0432 Head 0 1.6 0.78 345.15 327.8999 0 -0.124191 -0.2741586 -0.03572864 0.9529623
6.0432 FirstCar -12.46946 0.025 2.97 0 90 0 0 0.7071068 0 0.7071068 5.018154 0
6.0432 SecondCar -45.0228 0.025 2.97 0 90 0 0 0.7071068 0 0.7071068 5.000121 0
6.0435 Head 0 1.6 0.78 345.15 327.8999 0 -0.124191 -0.2741586 -0.03572864 0.9529623
6.0435 FirstCar -12.46768 0.025 2.97 0 90 0 0 0.7071068 0 0.7071068 5.017304 0
6.0435 SecondCar -45.02103 0.025 2.97 0 90 0 0 0.7071068 0 0.7071068 4.999272 0
6.0439 Head 0 1.6 0.78 345.15 327.8999 0 -0.124191 -0.2741586 -0.03572864 0.9529623
6.0439 FirstCar -12.46595 0.025 2.97 0 90 0 0 0.7071068 0 0.7071068 5.016476 0
6.0439 SecondCar -45.01931 0.025 2.97 0 90 0 0 0.7071068 0 0.7071068 4.998443 0
6.0444 Head 0 1.6 0.78 345.15 327.8999 0 -0.124191 -0.2741586 -0.03572864 0.9529623
6.0444 FirstCar -12.4634 0.025 2.97 0 90 0 0 0.7071068 0 0.7071068 5.015254 0
6.0444 SecondCar -45.01677 0.025 2.97 0 90 0 0 0.7071068 0 0.7071068 4.997221 0
6.0448 Head 0 1.6 0.78 345.15 327.8999 0 -0.124191 -0.2741586 -0.03572864 0.9529623
6.0448 FirstCar -12.46138 0.025 2.97 0 90 0 0 0.7071068 0 0.7071068 5.014287 0
6.0448 SecondCar -45.01475 0.025 2.97 0 90 0 0 0.7071068 0 0.7071068 4.996254 0
6.0451 Head 0 1.6 0.78 345.15 327.8999 0 -0.124191 -0.2741586 -0.03572864 0.9529623
6.0451 FirstCar -12.4597 0.025 2.97 0 90 0 0 0.7071068 0 0.7071068 5.013484 0
6.0451 SecondCar -45.01308 0.025 2.97 0 90 0 0 0.7071068 0 0.7071068 4.995451 0
6.0458 Head 0 1.6 0.78 345.15 327.8999 0 -0.124191 -0.2741586 -0.03572864 0.9529623
6.0458 FirstCar -12.45611 0.025 2.97 0 90 0 0 0.7071068 0 0.7071068 5.011766 0
6.0458 SecondCar -45.00951 0.025 2.97 0 90 0 0 0.7071068 0 0.7071068 4.993734 0
6.0462 Head 0 1.6 0.78 345.15 327.8999 0 -0.124191 -0.2741586 -0.03572864 0.9529623
6.0462 FirstCar -12.45413 0.025 2.97 0 90 0 0 0.7071068 0 0.7071068 5.010817 0
6.0462 SecondCar -45.00753 0.025 2.97 0 90 0 0 0.7071068 0 0.7071068 4.992785 0
6.0466 Head 0 1.6 0.78 345.15 327.8999 0 -0.124191 -0.2741586 -0.03572864 0.9529623
6.0466 FirstCar -12.45217 0.025 2.97 0 90 0 0 0.7071068 0 0.7071068 5.009877 0
6.0466 SecondCar -45.00557 0.025 2.97 0 90 0 0 0.7071068 0 0.7071068 4.991845 0
6.0470 Head 0 1.6 0.78 345.15 327.8999 0 -0.124191 -0.2741586 -0.03572864 0.9529623
6.0470 FirstCar -12.45038 0.025 2.97 0 90 0 0 0.7071068 0 0.7071068 5.009019 0
6.0470 SecondCar -45.00379 0.025 2.97 0 90 0 0 0.7071068 0 0.7071068 4.990987 0
6.0473 Head 0 1.6 0.78 345.15 327.8999 0 -0.124191 -0.2741586 -0.03572864 0.9529623
6.0473 FirstCar -12.44858 0.025 2.97 0 90 0 0 0.7071068 0 0.7071068 5.008161 0
6.0473 SecondCar -45.002 0.025 2.97 0 90 0 0 0.7071068 0 0.7071068 4.990128 0
6.0477 Head 0 1.6 0.78 345.15 327.8999 0 -0.124191 -0.2741586 -0.03572864 0.9529623
6.0477 FirstCar -12.44673 0.025 2.97 0 90 0 0 0.7071068 0 0.7071068 5.007272 0
6.0477 SecondCar -45.00016 0.025 2.97 0 90 0 0 0.7071068 0 0.7071068 4.98924 0
6.0481 Head 0 1.6 0.78 345.15 327.8999 0 -0.124191 -0.2741586 -0.03572864 0.9529623
6.0481 FirstCar -12.44499 0.025 2.97 0 90 0 0 0.7071068 0 0.7071068 5.006438 0
6.0481 SecondCar -44.99842 0.025 2.97 0 90 0 0 0.7071068 0 0.7071068 4.988406 0
6.0484 Head 0 1.6 0.78 345.15 327.8999 0 -0.124191 -0.2741586 -0.03572864 0.9529623
6.0484 FirstCar -12.4432 0.025 2.97 0 90 0 0 0.7071068 0 0.7071068 5.005578 0
6.0484 SecondCar -44.99664 0.025 2.97 0 90 0 0 0.7071068 0 0.7071068 4.987545 0
6.0488 Head 0 1.6 0.78 345.15 327.8999 0 -0.124191 -0.2741586 -0.03572864 0.9529623
6.0488 FirstCar -12.44144 0.025 2.97 0 90 0 0 0.7071068 0 0.7071068 5.004734 0
6.0488 SecondCar -44.99488 0.025 2.97 0 90 0 0 0.7071068 0 0.7071068 4.986701 0
6.0491 Head 0 1.6 0.78 345.15 327.8999 0 -0.124191 -0.2741586 -0.03572864 0.9529623
6.0491 FirstCar -12.43974 0.025 2.97 0 90 0 0 0.7071068 0 0.7071068 5.003921 0
6.0491 SecondCar -44.99319 0.025 2.97 0 90 0 0 0.7071068 0 0.7071068 4.985888 0
6.0495 Head 0 1.6 0.78 345.15 327.8999 0 -0.124191 -0.2741586 -0.03572864 0.9529623
6.0495 FirstCar -12.43799 0.025 2.97 0 90 0 0 0.7071068 0 0.7071068 5.00308 0
6.0495 SecondCar -44.99145 0.025 2.97 0 90 0 0 0.7071068 0 0.7071068 4.985047 0
6.0498 Head 0 1.6 0.78 345.15 327.8999 0 -0.124191 -0.2741586 -0.03572864 0.9529623
6.0498 FirstCar -12.4363 0.025 2.97 0 90 0 0 0.7071068 0 0.7071068 5.002272 0
6.0498 SecondCar -44.98977 0.025 2.97 0 90 0 0 0.7071068 0 0.7071068 4.98424 0
6.0502 Head 0 1.6 0.78 345.15 327.8999 0 -0.124191 -0.2741586 -0.03572864 0.9529623
6.0502 FirstCar -12.4344 0.025 2.97 0 90 0 0 0.7071068 0 0.7071068 5.001356 0
6.0502 SecondCar -44.98787 0.025 2.97 0 90 0 0 0.7071068 0 0.7071068 4.983324 0
6.0508 Head 0 1.6 0.78 345.15 327.8999 0 -0.124191 -0.2741586 -0.03572864 0.9529623
6.0508 FirstCar -12.43116 0.025 2.97 0 90 0 0 0.7071068 0 0.7071068 4.999803 0
6.0508 SecondCar -44.98464 0.025 2.97 0 90 0 0 0.7071068 0 0.7071068 4.981771 0
6.0512 Head 0 1.6 0.78 345.15 327.8999 0 -0.124191 -0.2741586 -0.03572864 0.9529623
6.0512 FirstCar -12.42922 0.025 2.97 0 90 0 0 0.7071068 0 0.7071068 4.998872 0
6.0512 SecondCar -44.98271 0.025 2.97 0 90 0 0 0.7071068 0 0.7071068 4.98084 0
6.0516 Head 0 1.6 0.78 345.15 327.8999 0 -0.124191 -0.2741586 -0.03572864 0.9529623
6.0516 FirstCar -12.42725 0.025 2.97 0 90 0 0 0.7071068 0 0.7071068 4.997925 0
6.0516 SecondCar -44.98075 0.025 2.97 0 90 0 0 0.7071068 0 0.7071068 4.979892 0
6.0520 Head 0 1.6 0.78 345.15 327.8999 0 -0.124191 -0.2741586 -0.03572864 0.9529623
6.0520 FirstCar -12.4254 0.025 2.97 0 90 0 0 0.7071068 0 0.7071068 4.997037 0
6.0520 SecondCar -44.9789 0.025 2.97 0 90 0 0 0.7071068 0 0.7071068 4.979004 0
6.0523 Head 0 1.6 0.78 345.15 327.8999 0 -0.124191 -0.2741586 -0.03572864 0.9529623
6.0523 FirstCar -12.4236 0.025 2.97 0 90 0 0 0.7071068 0 0.7071068 4.996172 0
6.0523 SecondCar -44.97711 0.025 2.97 0 90 0 0 0.7071068 0 0.7071068 4.978139 0
6.0527 Head 0 1.6 0.78 345.15 327.8999 0 -0.124191 -0.2741586 -0.03572864 0.9529623
6.0527 FirstCar -12.42175 0.025 2.97 0 90 0 0 0.7071068 0 0.7071068 4.995285 0
6.0527 SecondCar -44.97527 0.025 2.97 0 90 0 0 0.7071068 0 0.7071068 4.977252 0
6.0531 Head 0 1.6 0.78 345.15 327.8999 0 -0.124191 -0.2741586 -0.03572864 0.9529623
6.0531 FirstCar -12.41993 0.025 2.97 0 90 0 0 0.7071068 0 0.7071068 4.994408 0
6.0531 SecondCar -44.97346 0.025 2.97 0 90 0 0 0.7071068 0 0.7071068 4.976376 0
6.0538 Head 0 1.6 0.78 345.15 327.8999 0 -0.124191 -0.2741586 -0.03572864 0.9529623
6.0538 FirstCar -12.4161 0.025 2.97 0 90 0 0 0.7071068 0 0.7071068 4.992566 0
6.0538 SecondCar -44.96964 0.025 2.97 0 90 0 0 0.7071068 0 0.7071068 4.974534 0
6.0543 Head 0 1.6 0.78 345.15 327.8999 0 -0.124191 -0.2741586 -0.03572864 0.9529623
6.0543 FirstCar -12.41391 0.025 2.97 0 90 0 0 0.7071068 0 0.7071068 4.991516 0
6.0543 SecondCar -44.96746 0.025 2.97 0 90 0 0 0.7071068 0 0.7071068 4.973484 0
6.0547 Head 0 1.6 0.78 345.15 327.8999 0 -0.124191 -0.2741586 -0.03572864 0.9529623
6.0547 FirstCar -12.41184 0.025 2.97 0 90 0 0 0.7071068 0 0.7071068 4.990519 0
6.0547 SecondCar -44.9654 0.025 2.97 0 90 0 0 0.7071068 0 0.7071068 4.972486 0
6.0552 Head 0 1.6 0.78 345.15 327.8999 0 -0.124191 -0.2741586 -0.03572864 0.9529623
6.0552 FirstCar -12.4095 0.025 2.97 0 90 0 0 0.7071068 0 0.7071068 4.989395 0
6.0552 SecondCar -44.96307 0.025 2.97 0 90 0 0 0.7071068 0 0.7071068 4.971362 0
6.0556 Head 0 1.6 0.78 345.15 327.8999 0 -0.124191 -0.2741586 -0.03572864 0.9529623
6.0556 FirstCar -12.40737 0.025 2.97 0 90 0 0 0.7071068 0 0.7071068 4.988369 0
6.0556 SecondCar -44.96095 0.025 2.97 0 90 0 0 0.7071068 0 0.7071068 4.970337 0
6.0560 Head 0 1.6 0.78 345.15 327.8999 0 -0.124191 -0.2741586 -0.03572864 0.9529623
6.0560 FirstCar -12.40552 0.025 2.97 0 90 0 0 0.7071068 0 0.7071068 4.987477 0
6.0560 SecondCar -44.9591 0.025 2.97 0 90 0 0 0.7071068 0 0.7071068 4.969444 0
6.0563 Head 0 1.6 0.78 345.15 327.8999 0 -0.124191 -0.2741586 -0.03572864 0.9529623
6.0563 FirstCar -12.40373 0.025 2.97 0 90 0 0 0.7071068 0 0.7071068 4.986619 0
6.0563 SecondCar -44.95732 0.025 2.97 0 90 0 0 0.7071068 0 0.7071068 4.968586 0
6.0567 Head 0 1.6 0.78 345.15 327.8999 0 -0.124191 -0.2741586 -0.03572864 0.9529623
6.0567 FirstCar -12.40166 0.025 2.97 0 90 0 0 0.7071068 0 0.7071068 4.98562 0
6.0567 SecondCar -44.95525 0.025 2.97 0 90 0 0 0.7071068 0 0.7071068 4.967587 0
6.0572 Head 0 1.6 0.78 345.15 327.8999 0 -0.124191 -0.2741586 -0.03572864 0.9529623
6.0572 FirstCar -12.39961 0.025 2.97 0 90 0 0 0.7071068 0 0.7071068 4.984633 0
6.0572 SecondCar -44.95321 0.025 2.97 0 90 0 0 0.7071068 0 0.7071068 4.966601 0
6.0576 Head 0 1.6 0.78 345.15 327.8999 0 -0.124191 -0.2741586 -0.03572864 0.9529623
6.0576 FirstCar -12.39752 0.025 2.97 0 90 0 0 0.7071068 0 0.7071068 4.983629 0
6.0576 SecondCar -44.95113 0.025 2.97 0 90 0 0 0.7071068 0 0.7071068 4.965597 0
6.0579 Head 0 1.6 0.78 345.15 327.8999 0 -0.124191 -0.2741586 -0.03572864 0.9529623
6.0579 FirstCar -12.39569 0.025 2.97 0 90 0 0 0.7071068 0 0.7071068 4.982749 0
6.0579 SecondCar -44.94931 0.025 2.97 0 90 0 0 0.7071068 0 0.7071068 4.964716 0
6.0583 Head 0 1.6 0.78 345.15 327.8999 0 -0.124191 -0.2741586 -0.03572864 0.9529623
6.0583 FirstCar -12.39374 0.025 2.97 0 90 0 0 0.7071068 0 0.7071068 4.981809 0
6.0583 SecondCar -44.94736 0.025 2.97 0 90 0 0 0.7071068 0 0.7071068 4.963777 0
6.0587 Head 0 1.6 0.78 345.15 327.8999 0 -0.124191 -0.2741586 -0.03572864 0.9529623
6.0587 FirstCar -12.39194 0.025 2.97 0 90 0 0 0.7071068 0 0.7071068 4.980941 0
6.0587 SecondCar -44.94557 0.025 2.97 0 90 0 0 0.7071068 0 0.7071068 4.962909 0
6.0591 Head 0 1.6 0.78 345.15 327.8999 0 -0.124191 -0.2741586 -0.03572864 0.9529623
6.0591 FirstCar -12.39013 0.025 2.97 0 90 0 0 0.7071068 0 0.7071068 4.980067 0
6.0591 SecondCar -44.94376 0.025 2.97 0 90 0 0 0.7071068 0 0.7071068 4.962035 0
6.0594 Head 0 1.6 0.78 345.15 327.8999 0 -0.124191 -0.2741586 -0.03572864 0.9529623
6.0594 FirstCar -12.38828 0.025 2.97 0 90 0 0 0.7071068 0 0.7071068 4.979175 0
6.0594 SecondCar -44.94191 0.025 2.97 0 90 0 0 0.7071068 0 0.7071068 4.961142 0
6.0598 Head 0 1.6 0.78 345.15 327.8999 0 -0.124191 -0.2741586 -0.03572864 0.9529623
6.0598 FirstCar -12.38646 0.025 2.97 0 90 0 0 0.7071068 0 0.7071068 4.978297 0
6.0598 SecondCar -44.9401 0.025 2.97 0 90 0 0 0.7071068 0 0.7071068 4.960265 0
6.0602 Head 0 1.6 0.78 345.15 327.8999 0 -0.124191 -0.2741586 -0.03572864 0.9529623
6.0602 FirstCar -12.38468 0.025 2.97 0 90 0 0 0.7071068 0 0.7071068 4.977439 0
6.0602 SecondCar -44.93833 0.025 2.97 0 90 0 0 0.7071068 0 0.7071068 4.959406 0
6.0605 Head 0 1.6 0.78 345.15 327.8999 0 -0.124191 -0.2741586 -0.03572864 0.9529623
6.0605 FirstCar -12.3828 0.025 2.97 0 90 0 0 0.7071068 0 0.7071068 4.976532 0
6.0605 SecondCar -44.93645 0.025 2.97 0 90 0 0 0.7071068 0 0.7071068 4.958499 0
6.0609 Head 0 1.6 0.78 345.15 327.8999 0 -0.124191 -0.2741586 -0.03572864 0.9529623
6.0609 FirstCar -12.38103 0.025 2.97 0 90 0 0 0.7071068 0 0.7071068 4.975678 0
6.0609 SecondCar -44.93469 0.025 2.97 0 90 0 0 0.7071068 0 0.7071068 4.957645 0
6.0612 Head 0 1.6 0.78 345.15 327.8999 0 -0.124191 -0.2741586 -0.03572864 0.9529623
6.0612 FirstCar -12.37922 0.025 2.97 0 90 0 0 0.7071068 0 0.7071068 4.974807 0
6.0612 SecondCar -44.9329 0.025 2.97 0 90 0 0 0.7071068 0 0.7071068 4.956775 0
6.0620 Head 0 1.6 0.78 345.15 327.8999 0 -0.124191 -0.2741586 -0.03572864 0.9529623
6.0620 FirstCar -12.37545 0.025 2.97 0 90 0 0 0.7071068 0 0.7071068 4.972987 0
6.0620 SecondCar -44.92914 0.025 2.97 0 90 0 0 0.7071068 0 0.7071068 4.954954 0
6.0634 Head 0 1.6 0.78 345.15 327.8999 0 -0.124191 -0.2741586 -0.03572864 0.9529623
6.0634 FirstCar -12.36867 0.025 2.97 0 90 0 0 0.7071068 0 0.7071068 4.969713 0
6.0634 SecondCar -44.92238 0.025 2.97 0 90 0 0 0.7071068 0 0.7071068 4.951681 0
6.0638 Head 0 1.6 0.78 345.15 327.8999 0 -0.124191 -0.2741586 -0.03572864 0.9529623
6.0638 FirstCar -12.36654 0.025 2.97 0 90 0 0 0.7071068 0 0.7071068 4.968682 0
6.0638 SecondCar -44.92025 0.025 2.97 0 90 0 0 0.7071068 0 0.7071068 4.95065 0
6.0642 Head 0 1.6 0.78 345.15 327.8999 0 -0.124191 -0.2741586 -0.03572864 0.9529623
6.0642 FirstCar -12.36464 0.025 2.97 0 90 0 0 0.7071068 0 0.7071068 4.967764 0
6.0642 SecondCar -44.91836 0.025 2.97 0 90 0 0 0.7071068 0 0.7071068 4.949732 0
6.0646 Head 0 1.6 0.78 345.15 327.8999 0 -0.124191 -0.2741586 -0.03572864 0.9529623
6.0646 FirstCar -12.3628 0.025 2.97 0 90 0 0 0.7071068 0 0.7071068 4.966876 0
6.0646 SecondCar -44.91653 0.025 2.97 0 90 0 0 0.7071068 0 0.7071068 4.948843 0
6.0649 Head 0 1.6 0.78 345.15 327.8999 0 -0.124191 -0.2741586 -0.03572864 0.9529623
6.0649 FirstCar -12.36091 0.025 2.97 0 90 0 0 0.7071068 0 0.7071068 4.965965 0
6.0649 SecondCar -44.91465 0.025 2.97 0 90 0 0 0.7071068 0 0.7071068 4.947933 0
6.0653 Head 0 1.6 0.78 345.15 327.8999 0 -0.124191 -0.2741586 -0.03572864 0.9529623
6.0653 FirstCar -12.35901 0.025 2.97 0 90 0 0 0.7071068 0 0.7071068 4.965047 0
6.0653 SecondCar -44.91276 0.025 2.97 0 90 0 0 0.7071068 0 0.7071068 4.947014 0
6.0657 Head 0 1.6 0.78 345.15 327.8999 0 -0.124191 -0.2741586 -0.03572864 0.9529623
6.0657 FirstCar -12.35711 0.025 2.97 0 90 0 0 0.7071068 0 0.7071068 4.964128 0
6.0657 SecondCar -44.91087 0.025 2.97 0 90 0 0 0.7071068 0 0.7071068 4.946096 0
6.0660 Head 0 1.6 0.78 345.15 327.8999 0 -0.124191 -0.2741586 -0.03572864 0.9529623
6.0660 FirstCar -12.35538 0.025 2.97 0 90 0 0 0.7071068 0 0.7071068 4.963292 0
6.0660 SecondCar -44.90914 0.025 2.97 0 90 0 0 0.7071068 0 0.7071068 4.94526 0
6.0664 Head 0 1.6 0.78 345.15 327.8999 0 -0.124191 -0.2741586 -0.03572864 0.9529623
6.0664 FirstCar -12.3537 0.025 2.97 0 90 0 0 0.7071068 0 0.7071068 4.962478 0
6.0664 SecondCar -44.90746 0.025 2.97 0 90 0 0 0.7071068 0 0.7071068 4.944445 0
6.0667 Head 0 1.6 0.78 345.15 327.8999 0 -0.124191 -0.2741586 -0.03572864 0.9529623
6.0667 FirstCar -12.35198 0.025 2.97 0 90 0 0 0.7071068 0 0.7071068 4.961646 0
6.0667 SecondCar -44.90575 0.025 2.97 0 90 0 0 0.7071068 0 0.7071068 4.943614 0
6.0671 Head 0 1.6 0.78 345.15 327.8999 0 -0.124191 -0.2741586 -0.03572864 0.9529623
6.0671 FirstCar -12.35028 0.025 2.97 0 90 0 0 0.7071068 0 0.7071068 4.960825 0
6.0671 SecondCar -44.90406 0.025 2.97 0 90 0 0 0.7071068 0 0.7071068 4.942793 0
6.0674 Head 0 1.6 0.78 345.15 327.8999 0 -0.124191 -0.2741586 -0.03572864 0.9529623
6.0674 FirstCar -12.34853 0.025 2.97 0 90 0 0 0.7071068 0 0.7071068 4.959979 0
6.0674 SecondCar -44.90232 0.025 2.97 0 90 0 0 0.7071068 0 0.7071068 4.941946 0
6.0678 Head 0 1.6 0.78 345.15 327.8999 0 -0.124191 -0.2741586 -0.03572864 0.9529623
6.0678 FirstCar -12.34677 0.025 2.97 0 90 0 0 0.7071068 0 0.7071068 4.959122 0
6.0678 SecondCar -44.90055 0.025 2.97 0 90 0 0 0.7071068 0 0.7071068 4.94109 0
6.0681 Head 0 1.6 0.78 345.15 327.8999 0 -0.124191 -0.2741586 -0.03572864 0.9529623
6.0681 FirstCar -12.34496 0.025 2.97 0 90 0 0 0.7071068 0 0.7071068 4.958251 0
6.0681 SecondCar -44.89876 0.025 2.97 0 90 0 0 0.7071068 0 0.7071068 4.940218 0
6.0685 Head 0 1.6 0.78 345.15 327.8999 0 -0.124191 -0.2741586 -0.03572864 0.9529623
6.0685 FirstCar -12.34325 0.025 2.97 0 90 0 0 0.7071068 0 0.7071068 4.957418 0
6.0685 SecondCar -44.89705 0.025 2.97 0 90 0 0 0.7071068 0 0.7071068 4.939385 0
6.0688 Head 0 1.6 0.78 345.15 327.8999 0 -0.124191 -0.2741586 -0.03572864 0.9529623
6.0688 FirstCar -12.34151 0.025 2.97 0 90 0 0 0.7071068 0 0.7071068 4.956579 0
6.0688 SecondCar -44.89532 0.025 2.97 0 90 0 0 0.7071068 0 0.7071068 4.938546 0
6.0692 Head 0 1.6 0.78 345.15 327.8999 0 -0.124191 -0.2741586 -0.03572864 0.9529623
6.0692 FirstCar -12.33981 0.025 2.97 0 90 0 0 0.7071068 0 0.7071068 4.955757 0
6.0692 SecondCar -44.89363 0.025 2.97 0 90 0 0 0.7071068 0 0.7071068 4.937724 0
6.0702 Head 0 1.6 0.78 345.15 327.8999 0 -0.124191 -0.2741586 -0.03572864 0.9529623
6.0702 FirstCar -12.33502 0.025 2.97 0 90 0 0 0.7071068 0 0.7071068 4.953432 0
6.0702 SecondCar -44.88885 0.025 2.97 0 90 0 0 0.7071068 0 0.7071068 4.935399 0
6.0710 Head 0 1.6 0.78 345.15 327.8999 0 -0.124191 -0.2741586 -0.03572864 0.9529623
6.0710 FirstCar -12.33078 0.025 2.97 0 90 0 0 0.7071068 0 0.7071068 4.95138 0
6.0710 SecondCar -44.88464 0.025 2.97 0 90 0 0 0.7071068 0 0.7071068 4.933348 0
6.0714 Head 0 1.6 0.78 345.15 327.8999 0 -0.124191 -0.2741586 -0.03572864 0.9529623
6.0714 FirstCar -12.32876 0.025 2.97 0 90 0 0 0.7071068 0 0.7071068 4.950399 0
6.0714 SecondCar -44.88262 0.025 2.97 0 90 0 0 0.7071068 0 0.7071068 4.932366 0
6.0718 Head 0 1.6 0.78 345.15 327.8999 0 -0.124191 -0.2741586 -0.03572864 0.9529623
6.0718 FirstCar -12.32688 0.025 2.97 0 90 0 0 0.7071068 0 0.7071068 4.949488 0
6.0718 SecondCar -44.88074 0.025 2.97 0 90 0 0 0.7071068 0 0.7071068 4.931455 0
6.0722 Head 0 1.6 0.78 345.15 327.8999 0 -0.124191 -0.2741586 -0.03572864 0.9529623
6.0722 FirstCar -12.32503 0.025 2.97 0 90 0 0 0.7071068 0 0.7071068 4.94859 0
6.0722 SecondCar -44.8789 0.025 2.97 0 90 0 0 0.7071068 0 0.7071068 4.930557 0
6.0725 Head 0 1.6 0.78 345.15 327.8999 0 -0.124191 -0.2741586 -0.03572864 0.9529623
6.0725 FirstCar -12.32316 0.025 2.97 0 90 0 0 0.7071068 0 0.7071068 4.947685 0
6.0725 SecondCar -44.87704 0.025 2.97 0 90 0 0 0.7071068 0 0.7071068 4.929652 0
6.0729 Head 0 1.6 0.78 345.15 327.8999 0 -0.124191 -0.2741586 -0.03572864 0.9529623
6.0729 FirstCar -12.32138 0.025 2.97 0 90 0 0 0.7071068 0 0.7071068 4.946818 0
6.0729 SecondCar -44.87526 0.025 2.97 0 90 0 0 0.7071068 0 0.7071068 4.928785 0
6.0733 Head 0 1.6 0.78 345.15 327.8999 0 -0.124191 -0.2741586 -0.03572864 0.9529623
6.0733 FirstCar -12.31962 0.025 2.97 0 90 0 0 0.7071068 0 0.7071068 4.945967 0
6.0733 SecondCar -44.87351 0.025 2.97 0 90 0 0 0.7071068 0 0.7071068 4.927934 0
6.0736 Head 0 1.6 0.78 345.15 327.8999 0 -0.124191 -0.2741586 -0.03572864 0.9529623
6.0736 FirstCar -12.31792 0.025 2.97 0 90 0 0 0.7071068 0 0.7071068 4.945139 0
6.0736 SecondCar -44.87181 0.025 2.97 0 90 0 0 0.7071068 0 0.7071068 4.927106 0
6.0740 Head 0 1.6 0.78 345.15 327.8999 0 -0.124191 -0.2741586 -0.03572864 0.9529623
6.0740 FirstCar -12.31621 0.025 2.97 0 90 0 0 0.7071068 0 0.7071068 4.944312 0
6.0740 SecondCar -44.87011 0.025 2.97 0 90 0 0 0.7071068 0 0.7071068 4.92628 0
6.0743 Head 0 1.6 0.78 345.15 327.8999 0 -0.124191 -0.2741586 -0.03572864 0.9529623
6.0743 FirstCar -12.31445 0.025 2.97 0 90 0 0 0.7071068 0 0.7071068 4.943458 0
6.0743 SecondCar -44.86836 0.025 2.97 0 90 0 0 0.7071068 0 0.7071068 4.925425 0
6.0747 Head 0 1.6 0.78 345.15 327.8999 0 -0.124191 -0.2741586 -0.03572864 0.9529623
6.0747 FirstCar -12.31274 0.025 2.97 0 90 0 0 0.7071068 0 0.7071068 4.942624 0
6.0747 SecondCar -44.86665 0.025 2.97 0 90 0 0 0.7071068 0 0.7071068 4.924592 0
6.0751 Head 0 1.6 0.78 345.15 327.8999 0 -0.124191 -0.2741586 -0.03572864 0.9529623
6.0751 FirstCar -12.31071 0.025 2.97 0 90 0 0 0.7071068 0 0.7071068 4.941641 0
6.0751 SecondCar -44.86463 0.025 2.97 0 90 0 0 0.7071068 0 0.7071068 4.923608 0
6.0755 Head 0 1.6 0.78 345.15 327.8999 0 -0.124191 -0.2741586 -0.03572864 0.9529623
6.0755 FirstCar -12.30862 0.025 2.97 0 90 0 0 0.7071068 0 0.7071068 4.940624 0
6.0755 SecondCar -44.86255 0.025 2.97 0 90 0 0 0.7071068 0 0.7071068 4.922591 0
6.0758 Head 0 1.6 0.78 345.15 327.8999 0 -0.124191 -0.2741586 -0.03572864 0.9529623
6.0758 FirstCar -12.30689 0.025 2.97 0 90 0 0 0.7071068 0 0.7071068 4.939785 0
6.0758 SecondCar -44.86082 0.025 2.97 0 90 0 0 0.7071068 0 0.7071068 4.921753 0
6.0762 Head 0 1.6 0.78 345.15 327.8999 0 -0.124191 -0.2741586 -0.03572864 0.9529623
6.0762 FirstCar -12.30495 0.025 2.97 0 90 0 0 0.7071068 0 0.7071068 4.938842 0
6.0762 SecondCar -44.85889 0.025 2.97 0 90 0 0 0.7071068 0 0.7071068 4.92081 0
6.0766 Head 0 1.6 0.78 345.15 327.8999 0 -0.124191 -0.2741586 -0.03572864 0.9529623
6.0766 FirstCar -12.3029 0.025 2.97 0 90 0 0 0.7071068 0 0.7071068 4.937846 0
6.0766 SecondCar -44.85685 0.025 2.97 0 90 0 0 0.7071068 0 0.7071068 4.919814 0
6.0770 Head 0 1.6 0.78 345.15 327.8999 0 -0.124191 -0.2741586 -0.03572864 0.9529623
6.0770 FirstCar -12.30107 0.025 2.97 0 90 0 0 0.7071068 0 0.7071068 4.936953 0
6.0770 SecondCar -44.85502 0.025 2.97 0 90 0 0 0.7071068 0 0.7071068 4.918921 0
6.0779 Head 0 1.6 0.78 345.15 327.8999 0 -0.124191 -0.2741586 -0.03572864 0.9529623
6.0779 FirstCar -12.29692 0.025 2.97 0 90 0 0 0.7071068 0 0.7071068 4.934936 0
6.0779 SecondCar -44.85089 0.025 2.97 0 90 0 0 0.7071068 0 0.7071068 4.916903 0
6.0783 Head 0 1.6 0.78 345.15 327.8999 0 -0.124191 -0.2741586 -0.03572864 0.9529623
6.0783 FirstCar -12.29482 0.025 2.97 0 90 0 0 0.7071068 0 0.7071068 4.933917 0
6.0783 SecondCar -44.8488 0.025 2.97 0 90 0 0 0.7071068 0 0.7071068 4.915884 0
6.0786 Head 0 1.6 0.78 345.15 327.8999 0 -0.124191 -0.2741586 -0.03572864 0.9529623
6.0786 FirstCar -12.29304 0.025 2.97 0 90 0 0 0.7071068 0 0.7071068 4.933051 0
6.0786 SecondCar -44.84703 0.025 2.97 0 90 0 0 0.7071068 0 0.7071068 4.915018 0
6.0790 Head 0 1.6 0.78 345.15 327.8999 0 -0.124191 -0.2741586 -0.03572864 0.9529623
6.0790 FirstCar -12.29131 0.025 2.97 0 90 0 0 0.7071068 0 0.7071068 4.932207 0
6.0790 SecondCar -44.8453 0.025 2.97 0 90 0 0 0.7071068 0 0.7071068 4.914174 0
6.0793 Head 0 1.6 0.78 345.15 327.8999 0 -0.124191 -0.2741586 -0.03572864 0.9529623
6.0793 FirstCar -12.2896 0.025 2.97 0 90 0 0 0.7071068 0 0.7071068 4.931377 0
6.0793 SecondCar -44.8436 0.025 2.97 0 90 0 0 0.7071068 0 0.7071068 4.913344 0
6.0797 Head 0 1.6 0.78 345.15 327.8999 0 -0.124191 -0.2741586 -0.03572864 0.9529623
6.0797 FirstCar -12.28791 0.025 2.97 0 90 0 0 0.7071068 0 0.7071068 4.93055 0
6.0797 SecondCar -44.84191 0.025 2.97 0 90 0 0 0.7071068 0 0.7071068 4.912518 0
6.0800 Head 0 1.6 0.78 345.15 327.8999 0 -0.124191 -0.2741586 -0.03572864 0.9529623
6.0800 FirstCar -12.28624 0.025 2.97 0 90 0 0 0.7071068 0 0.7071068 4.92974 0
6.0800 SecondCar -44.84025 0.025 2.97 0 90 0 0 0.7071068 0 0.7071068 4.911708 0
6.0804 Head 0 1.6 0.78 345.15 327.8999 0 -0.124191 -0.2741586 -0.03572864 0.9529623
6.0804 FirstCar -12.28451 0.025 2.97 0 90 0 0 0.7071068 0 0.7071068 4.928897 0
6.0804 SecondCar -44.83853 0.025 2.97 0 90 0 0 0.7071068 0 0.7071068 4.910865 0
6.0807 Head 0 1.6 0.78 345.15 327.8999 0 -0.124191 -0.2741586 -0.03572864 0.9529623
6.0807 FirstCar -12.2828 0.025 2.97 0 90 0 0 0.7071068 0 0.7071068 4.928064 0
6.0807 SecondCar -44.83682 0.025 2.97 0 90 0 0 0.7071068 0 0.7071068 4.910031 0
6.0811 Head 0 1.6 0.78 345.15 327.8999 0 -0.124191 -0.2741586 -0.03572864 0.9529623
6.0811 FirstCar -12.28102 0.025 2.97 0 90 0 0 0.7071068 0 0.7071068 4.927195 0
6.0811 SecondCar -44.83504 0.025 2.97 0 90 0 0 0.7071068 0 0.7071068 4.909163 0
6.0814 Head 0 1.6 0.78 345.15 327.8999 0 -0.124191 -0.2741586 -0.03572864 0.9529623
6.0814 FirstCar -12.27931 0.025 2.97 0 90 0 0 0.7071068 0 0.7071068 4.926362 0
6.0814 SecondCar -44.83334 0.025 2.97 0 90 0 0 0.7071068 0 0.7071068 4.908329 0
6.0818 Head 0 1.6 0.78 345.15 327.8999 0 -0.124191 -0.2741586 -0.03572864 0.9529623
6.0818 FirstCar -12.27749 0.025 2.97 0 90 0 0 0.7071068 0 0.7071068 4.925477 0
6.0818 SecondCar -44.83153 0.025 2.97 0 90 0 0 0.7071068 0 0.7071068 4.907444 0
6.0821 Head 0 1.6 0.78 345.15 327.8999 0 -0.124191 -0.2741586 -0.03572864 0.9529623
6.0821 FirstCar -12.27582 0.025 2.97 0 90 0 0 0.7071068 0 0.7071068 4.924662 0
6.0821 SecondCar -44.82986 0.025 2.97 0 90 0 0 0.7071068 0 0.7071068 4.906629 0
6.0825 Head 0 1.6 0.78 345.15 327.8999 0 -0.124191 -0.2741586 -0.03572864 0.9529623
6.0825 FirstCar -12.27415 0.025 2.97 0 90 0 0 0.7071068 0 0.7071068 4.923851 0
6.0825 SecondCar -44.82821 0.025 2.97 0 90 0 0 0.7071068 0 0.7071068 4.905819 0
6.0828 Head 0 1.6 0.78 345.15 327.8999 0 -0.124191 -0.2741586 -0.03572864 0.9529623
6.0828 FirstCar -12.27249 0.025 2.97 0 90 0 0 0.7071068 0 0.7071068 4.92304 0
6.0828 SecondCar -44.82655 0.025 2.97 0 90 0 0 0.7071068 0 0.7071068 4.905007 0
6.0832 Head 0 1.6 0.78 345.15 327.8999 0 -0.124191 -0.2741586 -0.03572864 0.9529623
6.0832 FirstCar -12.27083 0.025 2.97 0 90 0 0 0.7071068 0 0.7071068 4.922231 0
6.0832 SecondCar -44.8249 0.025 2.97 0 90 0 0 0.7071068 0 0.7071068 4.904199 0
6.0836 Head 0 1.6 0.78 345.15 327.8999 0 -0.124191 -0.2741586 -0.03572864 0.9529623
6.0836 FirstCar -12.26882 0.025 2.97 0 90 0 0 0.7071068 0 0.7071068 4.921248 0
6.0836 SecondCar -44.82289 0.025 2.97 0 90 0 0 0.7071068 0 0.7071068 4.903216 0
6.0839 Head 0 1.6 0.78 345.15 327.8999 0 -0.124191 -0.2741586 -0.03572864 0.9529623
6.0839 FirstCar -12.26702 0.025 2.97 0 90 0 0 0.7071068 0 0.7071068 4.920373 0
6.0839 SecondCar -44.8211 0.025 2.97 0 90 0 0 0.7071068 0 0.7071068 4.902341 0
6.0843 Head 0 1.6 0.78 345.15 327.8999 0 -0.124191 -0.2741586 -0.03572864 0.9529623
6.0843 FirstCar -12.26528 0.025 2.97 0 90 0 0 0.7071068 0 0.7071068 4.919525 0
6.0843 SecondCar -44.81937 0.025 2.97 0 90 0 0 0.7071068 0 0.7071068 4.901493 0
6.0846 Head 0 1.6 0.78 345.15 327.8999 0 -0.124191 -0.2741586 -0.03572864 0.9529623
6.0846 FirstCar -12.26352 0.025 2.97 0 90 0 0 0.7071068 0 0.7071068 4.918667 0
6.0846 SecondCar -44.81762 0.025 2.97 0 90 0 0 0.7071068 0 0.7071068 4.900634 0
6.0850 Head 0 1.6 0.78 345.15 327.8999 0 -0.124191 -0.2741586 -0.03572864 0.9529623
6.0850 FirstCar -12.26181 0.025 2.97 0 90 0 0 0.7071068 0 0.7071068 4.917833 0
6.0850 SecondCar -44.81591 0.025 2.97 0 90 0 0 0.7071068 0 0.7071068 4.8998 0
6.0854 Head 0 1.6 0.78 345.15 327.8999 0 -0.124191 -0.2741586 -0.03572864 0.9529623
6.0854 FirstCar -12.26002 0.025 2.97 0 90 0 0 0.7071068 0 0.7071068 4.916958 0
6.0854 SecondCar -44.81413 0.025 2.97 0 90 0 0 0.7071068 0 0.7071068 4.898926 0
6.0860 Head 0 1.6 0.78 345.15 327.8999 0 -0.124191 -0.2741586 -0.03572864 0.9529623
6.0860 FirstCar -12.25691 0.025 2.97 0 90 0 0 0.7071068 0 0.7071068 4.915438 0
6.0860 SecondCar -44.81103 0.025 2.97 0 90 0 0 0.7071068 0 0.7071068 4.897406 0
6.0864 Head 0 1.6 0.78 345.15 327.8999 0 -0.124191 -0.2741586 -0.03572864 0.9529623
6.0864 FirstCar -12.25488 0.025 2.97 0 90 0 0 0.7071068 0 0.7071068 4.914447 0
6.0864 SecondCar -44.80901 0.025 2.97 0 90 0 0 0.7071068 0 0.7071068 4.896414 0
6.0868 Head 0 1.6 0.78 345.15 327.8999 0 -0.124191 -0.2741586 -0.03572864 0.9529623
6.0868 FirstCar -12.25289 0.025 2.97 0 90 0 0 0.7071068 0 0.7071068 4.913476 0
6.0868 SecondCar -44.80703 0.025 2.97 0 90 0 0 0.7071068 0 0.7071068 4.895444 0
6.0872 Head 0 1.6 0.78 345.15 327.8999 0 -0.124191 -0.2741586 -0.03572864 0.9529623
6.0872 FirstCar -12.25109 0.025 2.97 0 90 0 0 0.7071068 0 0.7071068 4.912598 0
6.0872 SecondCar -44.80523 0.025 2.97 0 90 0 0 0.7071068 0 0.7071068 4.894566 0
6.0875 Head 0 1.6 0.78 345.15 327.8999 0 -0.124191 -0.2741586 -0.03572864 0.9529623
6.0875 FirstCar -12.24935 0.025 2.97 0 90 0 0 0.7071068 0 0.7071068 4.911747 0
6.0875 SecondCar -44.8035 0.025 2.97 0 90 0 0 0.7071068 0 0.7071068 4.893714 0
6.0879 Head 0 1.6 0.78 345.15 327.8999 0 -0.124191 -0.2741586 -0.03572864 0.9529623
6.0879 FirstCar -12.24762 0.025 2.97 0 90 0 0 0.7071068 0 0.7071068 4.910901 0
6.0879 SecondCar -44.80177 0.025 2.97 0 90 0 0 0.7071068 0 0.7071068 4.892868 0
6.0882 Head 0 1.6 0.78 345.15 327.8999 0 -0.124191 -0.2741586 -0.03572864 0.9529623
6.0882 FirstCar -12.24594 0.025 2.97 0 90 0 0 0.7071068 0 0.7071068 4.91008 0
6.0882 SecondCar -44.8001 0.025 2.97 0 90 0 0 0.7071068 0 0.7071068 4.892048 0
6.0886 Head 0 1.6 0.78 345.15 327.8999 0 -0.124191 -0.2741586 -0.03572864 0.9529623
6.0886 FirstCar -12.24428 0.025 2.97 0 90 0 0 0.7071068 0 0.7071068 4.909267 0
6.0886 SecondCar -44.79844 0.025 2.97 0 90 0 0 0.7071068 0 0.7071068 4.891234 0
6.0889 Head 0 1.6 0.78 345.15 327.8999 0 -0.124191 -0.2741586 -0.03572864 0.9529623
6.0889 FirstCar -12.24258 0.025 2.97 0 90 0 0 0.7071068 0 0.7071068 4.908436 0
6.0889 SecondCar -44.79675 0.025 2.97 0 90 0 0 0.7071068 0 0.7071068 4.890404 0
6.0893 Head 0 1.6 0.78 345.15 327.8999 0 -0.124191 -0.2741586 -0.03572864 0.9529623
6.0893 FirstCar -12.2408 0.025 2.97 0 90 0 0 0.7071068 0 0.7071068 4.907564 0
6.0893 SecondCar -44.79497 0.025 2.97 0 90 0 0 0.7071068 0 0.7071068 4.889532 0
6.0896 Head 0 1.6 0.78 345.15 327.8999 0 -0.124191 -0.2741586 -0.03572864 0.9529623
6.0896 FirstCar -12.23897 0.025 2.97 0 90 0 0 0.7071068 0 0.7071068 4.906673 0
6.0896 SecondCar -44.79316 0.025 2.97 0 90 0 0 0.7071068 0 0.7071068 4.88864 0
6.0900 Head 0 1.6 0.78 345.15 327.8999 0 -0.124191 -0.2741586 -0.03572864 0.9529623
6.0900 FirstCar -12.2372 0.025 2.97 0 90 0 0 0.7071068 0 0.7071068 4.905807 0
6.0900 SecondCar -44.79139 0.025 2.97 0 90 0 0 0.7071068 0 0.7071068 4.887775 0
6.0904 Head 0 1.6 0.78 345.15 327.8999 0 -0.124191 -0.2741586 -0.03572864 0.9529623
6.0904 FirstCar -12.23544 0.025 2.97 0 90 0 0 0.7071068 0 0.7071068 4.904945 0
6.0904 SecondCar -44.78963 0.025 2.97 0 90 0 0 0.7071068 0 0.7071068 4.886912 0
6.0910 Head 0 1.6 0.78 345.15 327.8999 0 -0.124191 -0.2741586 -0.03572864 0.9529623
6.0910 FirstCar -12.2322 0.025 2.97 0 90 0 0 0.7071068 0 0.7071068 4.903359 0
6.0910 SecondCar -44.78641 0.025 2.97 0 90 0 0 0.7071068 0 0.7071068 4.885327 0
6.0914 Head 0 1.6 0.78 345.15 327.8999 0 -0.124191 -0.2741586 -0.03572864 0.9529623
6.0914 FirstCar -12.23029 0.025 2.97 0 90 0 0 0.7071068 0 0.7071068 4.902422 0
6.0914 SecondCar -44.7845 0.025 2.97 0 90 0 0 0.7071068 0 0.7071068 4.88439 0
6.0918 Head 0 1.6 0.78 345.15 327.8999 0 -0.124191 -0.2741586 -0.03572864 0.9529623
6.0918 FirstCar -12.22828 0.025 2.97 0 90 0 0 0.7071068 0 0.7071068 4.901437 0
6.0918 SecondCar -44.78249 0.025 2.97 0 90 0 0 0.7071068 0 0.7071068 4.883404 0
6.0922 Head 0 1.6 0.78 345.15 327.8999 0 -0.124191 -0.2741586 -0.03572864 0.9529623
6.0922 FirstCar -12.22655 0.025 2.97 0 90 0 0 0.7071068 0 0.7071068 4.900589 0
6.0922 SecondCar -44.78077 0.025 2.97 0 90 0 0 0.7071068 0 0.7071068 4.882557 0
6.0925 Head 0 1.6 0.78 345.15 327.8999 0 -0.124191 -0.2741586 -0.03572864 0.9529623
6.0925 FirstCar -12.22483 0.025 2.97 0 90 0 0 0.7071068 0 0.7071068 4.899748 0
6.0925 SecondCar -44.77906 0.025 2.97 0 90 0 0 0.7071068 0 0.7071068 4.881716 0
6.0929 Head 0 1.6 0.78 345.15 327.8999 0 -0.124191 -0.2741586 -0.03572864 0.9529623
6.0929 FirstCar -12.22311 0.025 2.97 0 90 0 0 0.7071068 0 0.7071068 4.898905 0
6.0929 SecondCar -44.77734 0.025 2.97 0 90 0 0 0.7071068 0 0.7071068 4.880873 0
6.0932 Head 0 1.6 0.78 345.15 327.8999 0 -0.124191 -0.2741586 -0.03572864 0.9529623
6.0932 FirstCar -12.22141 0.025 2.97 0 90 0 0 0.7071068 0 0.7071068 4.898075 0
6.0932 SecondCar -44.77565 0.025 2.97 0 90 0 0 0.7071068 0 0.7071068 4.880042 0
6.0939 Head 0 1.6 0.78 345.15 327.8999 0 -0.124191 -0.2741586 -0.03572864 0.9529623
6.0939 FirstCar -12.2182 0.025 2.97 0 90 0 0 0.7071068 0 0.7071068 4.896501 0
6.0939 SecondCar -44.77245 0.025 2.97 0 90 0 0 0.7071068 0 0.7071068 4.878468 0
6.0943 Head 0 1.6 0.78 345.15 327.8999 0 -0.124191 -0.2741586 -0.03572864 0.9529623
6.0943 FirstCar -12.21616 0.025 2.97 0 90 0 0 0.7071068 0 0.7071068 4.895502 0
6.0943 SecondCar -44.77042 0.025 2.97 0 90 0 0 0.7071068 0 0.7071068 4.877469 0
6.0947 Head 0 1.6 0.78 345.15 327.8999 0 -0.124191 -0.2741586 -0.03572864 0.9529623
6.0947 FirstCar -12.2143 0.025 2.97 0 90 0 0 0.7071068 0 0.7071068 4.894587 0
6.0947 SecondCar -44.76857 0.025 2.97 0 90 0 0 0.7071068 0 0.7071068 4.876554 0
6.0950 Head 0 1.6 0.78 345.15 327.8999 0 -0.124191 -0.2741586 -0.03572864 0.9529623
6.0950 FirstCar -12.21252 0.025 2.97 0 90 0 0 0.7071068 0 0.7071068 4.893715 0
6.0950 SecondCar -44.7668 0.025 2.97 0 90 0 0 0.7071068 0 0.7071068 4.875683 0
6.0954 Head 0 1.6 0.78 345.15 327.8999 0 -0.124191 -0.2741586 -0.03572864 0.9529623
6.0954 FirstCar -12.21061 0.025 2.97 0 90 0 0 0.7071068 0 0.7071068 4.89278 0
6.0954 SecondCar -44.7649 0.025 2.97 0 90 0 0 0.7071068 0 0.7071068 4.874748 0
6.0958 Head 0 1.6 0.78 345.15 327.8999 0 -0.124191 -0.2741586 -0.03572864 0.9529623
6.0958 FirstCar -12.20873 0.025 2.97 0 90 0 0 0.7071068 0 0.7071068 4.891855 0
6.0958 SecondCar -44.76302 0.025 2.97 0 90 0 0 0.7071068 0 0.7071068 4.873823 0
6.0962 Head 0 1.6 0.78 345.15 327.8999 0 -0.124191 -0.2741586 -0.03572864 0.9529623
6.0962 FirstCar -12.20694 0.025 2.97 0 90 0 0 0.7071068 0 0.7071068 4.890976 0
6.0962 SecondCar -44.76123 0.025 2.97 0 90 0 0 0.7071068 0 0.7071068 4.872943 0
6.0965 Head 0 1.6 0.78 345.15 327.8999 0 -0.124191 -0.2741586 -0.03572864 0.9529623
6.0965 FirstCar -12.20517 0.025 2.97 0 90 0 0 0.7071068 0 0.7071068 4.890108 0
6.0965 SecondCar -44.75947 0.025 2.97 0 90 0 0 0.7071068 0 0.7071068 4.872076 0
6.0969 Head 0 1.6 0.78 345.15 327.8999 0 -0.124191 -0.2741586 -0.03572864 0.9529623
6.0969 FirstCar -12.20345 0.025 2.97 0 90 0 0 0.7071068 0 0.7071068 4.889263 0
6.0969 SecondCar -44.75776 0.025 2.97 0 90 0 0 0.7071068 0 0.7071068 4.871231 0
6.0973 Head 0 1.6 0.78 345.15 327.8999 0 -0.124191 -0.2741586 -0.03572864 0.9529623
6.0973 FirstCar -12.20165 0.025 2.97 0 90 0 0 0.7071068 0 0.7071068 4.888381 0
6.0973 SecondCar -44.75597 0.025 2.97 0 90 0 0 0.7071068 0 0.7071068 4.870348 0
6.0977 Head 0 1.6 0.78 345.15 327.8999 0 -0.124191 -0.2741586 -0.03572864 0.9529623
6.0977 FirstCar -12.19973 0.025 2.97 0 90 0 0 0.7071068 0 0.7071068 4.88744 0
6.0977 SecondCar -44.75406 0.025 2.97 0 90 0 0 0.7071068 0 0.7071068 4.869407 0
6.0980 Head 0 1.6 0.78 345.15 327.8999 0 -0.124191 -0.2741586 -0.03572864 0.9529623
6.0980 FirstCar -12.19793 0.025 2.97 0 90 0 0 0.7071068 0 0.7071068 4.886555 0
6.0980 SecondCar -44.75226 0.025 2.97 0 90 0 0 0.7071068 0 0.7071068 4.868523 0
6.0985 Head 0 1.6 0.78 345.15 327.8999 0 -0.124191 -0.2741586 -0.03572864 0.9529623
6.0985 FirstCar -12.1957 0.025 2.97 0 90 0 0 0.7071068 0 0.7071068 4.88546 0
6.0985 SecondCar -44.75004 0.025 2.97 0 90 0 0 0.7071068 0 0.7071068 4.867428 0
6.0989 Head 0 1.6 0.78 345.15 327.8999 0 -0.124191 -0.2741586 -0.03572864 0.9529623
6.0989 FirstCar -12.1936 0.025 2.97 0 90 0 0 0.7071068 0 0.7071068 4.884426 0
6.0989 SecondCar -44.74794 0.025 2.97 0 90 0 0 0.7071068 0 0.7071068 4.866394 0
6.0993 Head 0 1.6 0.78 345.15 327.8999 0 -0.124191 -0.2741586 -0.03572864 0.9529623
6.0993 FirstCar -12.19176 0.025 2.97 0 90 0 0 0.7071068 0 0.7071068 4.883523 0
6.0993 SecondCar -44.74611 0.025 2.97 0 90 0 0 0.7071068 0 0.7071068 4.86549 0
6.0996 Head 0 1.6 0.78 345.15 327.8999 0 -0.124191 -0.2741586 -0.03572864 0.9529623
6.0996 FirstCar -12.19002 0.025 2.97 0 90 0 0 0.7071068 0 0.7071068 4.882666 0
6.0996 SecondCar -44.74438 0.025 2.97 0 90 0 0 0.7071068 0 0.7071068 4.864634 0
6.1000 Head 0 1.6 0.78 345.15 327.8999 0 -0.124191 -0.2741586 -0.03572864 0.9529623
6.1000 FirstCar -12.18835 0.025 2.97 0 90 0 0 0.7071068 0 0.7071068 4.881846 0
6.1000 SecondCar -44.74271 0.025 2.97 0 90 0 0 0.7071068 0 0.7071068 4.863813 0
6.1003 Head 0 1.6 0.78 345.15 327.8999 0 -0.124191 -0.2741586 -0.03572864 0.9529623
6.1003 FirstCar -12.18661 0.025 2.97 0 90 0 0 0.7071068 0 0.7071068 4.880991 0
6.1003 SecondCar -44.74098 0.025 2.97 0 90 0 0 0.7071068 0 0.7071068 4.862958 0
6.1007 Head 0 1.6 0.78 345.15 327.8999 0 -0.124191 -0.2741586 -0.03572864 0.9529623
6.1007 FirstCar -12.18492 0.025 2.97 0 90 0 0 0.7071068 0 0.7071068 4.88016 0
6.1007 SecondCar -44.7393 0.025 2.97 0 90 0 0 0.7071068 0 0.7071068 4.862127 0
6.1010 Head 0 1.6 0.78 345.15 327.8999 0 -0.124191 -0.2741586 -0.03572864 0.9529623
6.1010 FirstCar -12.18322 0.025 2.97 0 90 0 0 0.7071068 0 0.7071068 4.879324 0
6.1010 SecondCar -44.73761 0.025 2.97 0 90 0 0 0.7071068 0 0.7071068 4.861291 0
6.1017 Head 0 1.6 0.78 345.15 327.8999 0 -0.124191 -0.2741586 -0.03572864 0.9529623
6.1017 FirstCar -12.17975 0.025 2.97 0 90 0 0 0.7071068 0 0.7071068 4.877616 0
6.1017 SecondCar -44.73415 0.025 2.97 0 90 0 0 0.7071068 0 0.7071068 4.859583 0
6.1022 Head 0 1.6 0.78 345.15 327.8999 0 -0.124191 -0.2741586 -0.03572864 0.9529623
6.1022 FirstCar -12.17757 0.025 2.97 0 90 0 0 0.7071068 0 0.7071068 4.876543 0
6.1022 SecondCar -44.73197 0.025 2.97 0 90 0 0 0.7071068 0 0.7071068 4.85851 0
6.1026 Head 0 1.6 0.78 345.15 327.8999 0 -0.124191 -0.2741586 -0.03572864 0.9529623
6.1026 FirstCar -12.1758 0.025 2.97 0 90 0 0 0.7071068 0 0.7071068 4.875673 0
6.1026 SecondCar -44.73021 0.025 2.97 0 90 0 0 0.7071068 0 0.7071068 4.85764 0
6.1030 Head 0 1.6 0.78 345.15 327.8999 0 -0.124191 -0.2741586 -0.03572864 0.9529623
6.1030 FirstCar -12.17373 0.025 2.97 0 90 0 0 0.7071068 0 0.7071068 4.874652 0
6.1030 SecondCar -44.72815 0.025 2.97 0 90 0 0 0.7071068 0 0.7071068 4.85662 0
6.1035 Head 0 1.6 0.78 345.15 327.8999 0 -0.124191 -0.2741586 -0.03572864 0.9529623
6.1035 FirstCar -12.17133 0.025 2.97 0 90 0 0 0.7071068 0 0.7071068 4.873471 0
6.1035 SecondCar -44.72576 0.025 2.97 0 90 0 0 0.7071068 0 0.7071068 4.855439 0
6.1040 Head 0 1.6 0.78 345.15 327.8999 0 -0.124191 -0.2741586 -0.03572864 0.9529623
6.1040 FirstCar -12.16885 0.025 2.97 0 90 0 0 0.7071068 0 0.7071068 4.872248 0
6.1040 SecondCar -44.72329 0.025 2.97 0 90 0 0 0.7071068 0 0.7071068 4.854215 0
6.1044 Head 0 1.6 0.78 345.15 327.8999 0 -0.124191 -0.2741586 -0.03572864 0.9529623
6.1044 FirstCar -12.16688 0.025 2.97 0 90 0 0 0.7071068 0 0.7071068 4.87128 0
6.1044 SecondCar -44.72133 0.025 2.97 0 90 0 0 0.7071068 0 0.7071068 4.853247 0
6.1048 Head 0 1.6 0.78 345.15 327.8999 0 -0.124191 -0.2741586 -0.03572864 0.9529623
6.1048 FirstCar -12.16502 0.025 2.97 0 90 0 0 0.7071068 0 0.7071068 4.870361 0
6.1048 SecondCar -44.71947 0.025 2.97 0 90 0 0 0.7071068 0 0.7071068 4.852329 0
6.1051 Head 0 1.6 0.78 345.15 327.8999 0 -0.124191 -0.2741586 -0.03572864 0.9529623
6.1051 FirstCar -12.1632 0.025 2.97 0 90 0 0 0.7071068 0 0.7071068 4.869464 0
6.1051 SecondCar -44.71766 0.025 2.97 0 90 0 0 0.7071068 0 0.7071068 4.851431 0
6.1055 Head 0 1.6 0.78 345.15 327.8999 0 -0.124191 -0.2741586 -0.03572864 0.9529623
6.1055 FirstCar -12.16133 0.025 2.97 0 90 0 0 0.7071068 0 0.7071068 4.868545 0
6.1055 SecondCar -44.7158 0.025 2.97 0 90 0 0 0.7071068 0 0.7071068 4.850513 0
6.1059 Head 0 1.6 0.78 345.15 327.8999 0 -0.124191 -0.2741586 -0.03572864 0.9529623
6.1059 FirstCar -12.15965 0.025 2.97 0 90 0 0 0.7071068 0 0.7071068 4.867714 0
6.1059 SecondCar -44.71412 0.025 2.97 0 90 0 0 0.7071068 0 0.7071068 4.849681 0
6.1062 Head 0 1.6 0.78 345.15 327.8999 0 -0.124191 -0.2741586 -0.03572864 0.9529623
6.1062 FirstCar -12.15798 0.025 2.97 0 90 0 0 0.7071068 0 0.7071068 4.86689 0
6.1062 SecondCar -44.71246 0.025 2.97 0 90 0 0 0.7071068 0 0.7071068 4.848857 0
6.1066 Head 0 1.6 0.78 345.15 327.8999 0 -0.124191 -0.2741586 -0.03572864 0.9529623
6.1066 FirstCar -12.15618 0.025 2.97 0 90 0 0 0.7071068 0 0.7071068 4.866002 0
6.1066 SecondCar -44.71066 0.025 2.97 0 90 0 0 0.7071068 0 0.7071068 4.84797 0
6.1070 Head 0 1.6 0.78 345.15 327.8999 0 -0.124191 -0.2741586 -0.03572864 0.9529623
6.1070 FirstCar -12.15414 0.025 2.97 0 90 0 0 0.7071068 0 0.7071068 4.865 0
6.1070 SecondCar -44.70864 0.025 2.97 0 90 0 0 0.7071068 0 0.7071068 4.846968 0
6.1074 Head 0 1.6 0.78 345.15 327.8999 0 -0.124191 -0.2741586 -0.03572864 0.9529623
6.1074 FirstCar -12.15232 0.025 2.97 0 90 0 0 0.7071068 0 0.7071068 4.864101 0
6.1074 SecondCar -44.70683 0.025 2.97 0 90 0 0 0.7071068 0 0.7071068 4.846068 0
6.1077 Head 0 1.6 0.78 345.15 327.8999 0 -0.124191 -0.2741586 -0.03572864 0.9529623
6.1077 FirstCar -12.15051 0.025 2.97 0 90 0 0 0.7071068 0 0.7071068 4.863206 0
6.1077 SecondCar -44.70502 0.025 2.97 0 90 0 0 0.7071068 0 0.7071068 4.845174 0
6.1081 Head 0 1.6 0.78 345.15 327.8999 0 -0.124191 -0.2741586 -0.03572864 0.9529623
6.1081 FirstCar -12.1488 0.025 2.97 0 90 0 0 0.7071068 0 0.7071068 4.862362 0
6.1081 SecondCar -44.70331 0.025 2.97 0 90 0 0 0.7071068 0 0.7071068 4.844329 0
6.1084 Head 0 1.6 0.78 345.15 327.8999 0 -0.124191 -0.2741586 -0.03572864 0.9529623
6.1084 FirstCar -12.14713 0.025 2.97 0 90 0 0 0.7071068 0 0.7071068 4.861539 0
6.1084 SecondCar -44.70165 0.025 2.97 0 90 0 0 0.7071068 0 0.7071068 4.843507 0
6.1088 Head 0 1.6 0.78 345.15 327.8999 0 -0.124191 -0.2741586 -0.03572864 0.9529623
6.1088 FirstCar -12.14547 0.025 2.97 0 90 0 0 0.7071068 0 0.7071068 4.860719 0
6.1088 SecondCar -44.7 0.025 2.97 0 90 0 0 0.7071068 0 0.7071068 4.842687 0
6.1091 Head 0 1.6 0.78 345.15 327.8999 0 -0.124191 -0.2741586 -0.03572864 0.9529623
6.1091 FirstCar -12.14378 0.025 2.97 0 90 0 0 0.7071068 0 0.7071068 4.859885 0
6.1091 SecondCar -44.69831 0.025 2.97 0 90 0 0 0.7071068 0 0.7071068 4.841852 0
6.1098 Head 0 1.6 0.78 345.15 327.8999 0 -0.124191 -0.2741586 -0.03572864 0.9529623
6.1098 FirstCar -12.14049 0.025 2.97 0 90 0 0 0.7071068 0 0.7071068 4.858256 0
