0.0000 Other FirstCar created 
0.0045 Head 0 1.6 0.78 0 0 0 0 0 0 1
0.0045 FirstCar -79.9371 0.025 2.97 0 90 0 0 0.7071068 0 0.7071068 13.8889 0
0.0062 Head 0 1.6 0.78 12.97501 358.2 0 0.1129725 -0.01560683 0.001774725 0.9934739
0.0062 FirstCar -79.91403 0.025 2.97 0 90 0 0 0.7071068 0 0.7071068 13.8889 0
0.0082 Head 0 1.6 0.78 12.97501 358.2 0 0.1129725 -0.01560683 0.001774725 0.9934739
0.0082 FirstCar -79.88658 0.025 2.97 0 90 0 0 0.7071068 0 0.7071068 13.8889 0
0.0098 Head 0 1.6 0.78 12.97501 358.2 0 0.1129725 -0.01560683 0.001774725 0.9934739
0.0098 FirstCar -79.86436 0.025 2.97 0 90 0 0 0.7071068 0 0.7071068 13.8889 0
0.0113 Head 0 1.6 0.78 12.97501 358.2 0 0.1129725 -0.01560683 0.001774725 0.9934739
0.0113 FirstCar -79.84253 0.025 2.97 0 90 0 0 0.7071068 0 0.7071068 13.8889 0
0.0129 Head 0 1.6 0.78 12.97501 358.2 0 0.1129725 -0.01560683 0.001774725 0.9934739
0.0129 FirstCar -79.82027 0.025 2.97 0 90 0 0 0.7071068 0 0.7071068 13.8889 0
0.0146 Head 0 1.6 0.78 12.97501 358.2 0 0.1129725 -0.01560683 0.001774725 0.9934739
0.0146 FirstCar -79.79684 0.025 2.97 0 90 0 0 0.7071068 0 0.7071068 13.8889 0
0.0164 Head 0 1.6 0.78 12.97501 358.2 0 0.1129725 -0.01560683 0.001774725 0.9934739
0.0164 FirstCar -79.77184 0.025 2.97 0 90 0 0 0.7071068 0 0.7071068 13.8889 0
0.0180 Head 0 1.6 0.78 12.97501 358.2 0 0.1129725 -0.01560683 0.001774725 0.9934739
0.0180 FirstCar -79.74976 0.025 2.97 0 90 0 0 0.7071068 0 0.7071068 13.8889 0
0.0195 Head 0 1.6 0.78 12.97501 358.2 0 0.1129725 -0.01560683 0.001774725 0.9934739
0.0195 FirstCar -79.72869 0.025 2.97 0 90 0 0 0.7071068 0 0.7071068 13.8889 0
0.0211 Head 0 1.6 0.78 12.97501 358.2 0 0.1129725 -0.01560683 0.001774725 0.9934739
0.0211 FirstCar -79.70718 0.025 2.97 0 90 0 0 0.7071068 0 0.7071068 13.8889 0
0.0226 Head 0 1.6 0.78 12.97501 358.2 0 0.1129725 -0.01560683 0.001774725 0.9934739
0.0226 FirstCar -79.68601 0.025 2.97 0 90 0 0 0.7071068 0 0.7071068 13.8889 0
0.0242 Head 0 1.6 0.78 12.97501 358.2 0 0.1129725 -0.01560683 0.001774725 0.9934739
0.0242 FirstCar -79.66357 0.025 2.97 0 90 0 0 0.7071068 0 0.7071068 13.8889 0
0.0260 Head 0 1.6 0.78 12.97501 358.2 0 0.1129725 -0.01560683 0.001774725 0.9934739
0.0260 FirstCar -79.63935 0.025 2.97 0 90 0 0 0.7071068 0 0.7071068 13.8889 0
0.0278 Head 0 1.6 0.78 12.97501 358.2 0 0.1129725 -0.01560683 0.001774725 0.9934739
0.0278 FirstCar -79.61376 0.025 2.97 0 90 0 0 0.7071068 0 0.7071068 13.8889 0
0.0296 Head 0 1.6 0.78 12.97501 358.2 0 0.1129725 -0.01560683 0.001774725 0.9934739
0.0296 FirstCar -79.58946 0.025 2.97 0 90 0 0 0.7071068 0 0.7071068 13.8889 0
0.0312 Head 0 1.6 0.78 12.97501 358.2 0 0.1129725 -0.01560683 0.001774725 0.9934739
0.0312 FirstCar -79.56616 0.025 2.97 0 90 0 0 0.7071068 0 0.7071068 13.8889 0
0.0329 Head 0 1.6 0.78 12.97501 358.2 0 0.1129725 -0.01560683 0.001774725 0.9934739
0.0329 FirstCar -79.54354 0.025 2.97 0 90 0 0 0.7071068 0 0.7071068 13.8889 0
0.0347 Head 0 1.6 0.78 12.97501 358.2 0 0.1129725 -0.01560683 0.001774725 0.9934739
0.0347 FirstCar -79.51809 0.025 2.97 0 90 0 0 0.7071068 0 0.7071068 13.8889 0
0.0367 Head 0 1.6 0.78 12.97501 358.2 0 0.1129725 -0.01560683 0.001774725 0.9934739
0.0367 FirstCar -79.48993 0.025 2.97 0 90 0 0 0.7071068 0 0.7071068 13.8889 0
0.0385 Head 0 1.6 0.78 12.97501 358.2 0 0.1129725 -0.01560683 0.001774725 0.9934739
0.0385 FirstCar -79.4659 0.025 2.97 0 90 0 0 0.7071068 0 0.7071068 13.8889 0
0.0402 Head 0 1.6 0.78 12.97501 358.2 0 0.1129725 -0.01560683 0.001774725 0.9934739
0.0402 FirstCar -79.44168 0.025 2.97 0 90 0 0 0.7071068 0 0.7071068 13.8889 0
0.0423 Head 0 1.6 0.78 12.97501 358.2 0 0.1129725 -0.01560683 0.001774725 0.9934739
0.0423 FirstCar -79.41245 0.025 2.97 0 90 0 0 0.7071068 0 0.7071068 13.8889 0
0.0444 Head 0 1.6 0.78 12.97501 358.2 0 0.1129725 -0.01560683 0.001774725 0.9934739
0.0444 FirstCar -79.38298 0.025 2.97 0 90 0 0 0.7071068 0 0.7071068 13.8889 0
0.0463 Head 0 1.6 0.78 12.97501 358.2 0 0.1129725 -0.01560683 0.001774725 0.9934739
0.0463 FirstCar -79.35713 0.025 2.97 0 90 0 0 0.7071068 0 0.7071068 13.8889 0
0.0484 Head 0 1.6 0.78 12.97501 358.2 0 0.1129725 -0.01560683 0.001774725 0.9934739
0.0484 FirstCar -79.3284 0.025 2.97 0 90 0 0 0.7071068 0 0.7071068 13.8889 0
0.0500 Head 0 1.6 0.78 12.97501 358.2 0 0.1129725 -0.01560683 0.001774725 0.9934739
0.0500 FirstCar -79.30492 0.025 2.97 0 90 0 0 0.7071068 0 0.7071068 13.8889 0
0.0518 Head 0 1.6 0.78 12.97501 358.2 0 0.1129725 -0.01560683 0.001774725 0.9934739
0.0518 FirstCar -79.27999 0.025 2.97 0 90 0 0 0.7071068 0 0.7071068 13.8889 0
0.0534 Head 0 1.6 0.78 12.97501 358.2 0 0.1129725 -0.01560683 0.001774725 0.9934739
0.0534 FirstCar -79.25786 0.025 2.97 0 90 0 0 0.7071068 0 0.7071068 13.8889 0
0.0550 Head 0 1.6 0.78 12.97501 358.2 0 0.1129725 -0.01560683 0.001774725 0.9934739
0.0550 FirstCar -79.23546 0.025 2.97 0 90 0 0 0.7071068 0 0.7071068 13.8889 0
0.0567 Head 0 1.6 0.78 12.97501 358.2 0 0.1129725 -0.01560683 0.001774725 0.9934739
0.0567 FirstCar -79.21286 0.025 2.97 0 90 0 0 0.7071068 0 0.7071068 13.8889 0
0.0581 Head 0 1.6 0.78 12.97501 358.2 0 0.1129725 -0.01560683 0.001774725 0.9934739
0.0581 FirstCar -79.19263 0.025 2.97 0 90 0 0 0.7071068 0 0.7071068 13.8889 0
0.0596 Head 0 1.6 0.78 12.97501 358.2 0 0.1129725 -0.01560683 0.001774725 0.9934739
0.0596 FirstCar -79.17239 0.025 2.97 0 90 0 0 0.7071068 0 0.7071068 13.8889 0
0.0610 Head 0 1.6 0.78 12.97501 358.2 0 0.1129725 -0.01560683 0.001774725 0.9934739
0.0610 FirstCar -79.15256 0.025 2.97 0 90 0 0 0.7071068 0 0.7071068 13.8889 0
0.0625 Head 0 1.6 0.78 12.97501 358.2 0 0.1129725 -0.01560683 0.001774725 0.9934739
0.0625 FirstCar -79.13151 0.025 2.97 0 90 0 0 0.7071068 0 0.7071068 13.8889 0
0.0641 Head 0 1.6 0.78 12.97501 358.2 0 0.1129725 -0.01560683 0.001774725 0.9934739
0.0641 FirstCar -79.11015 0.025 2.97 0 90 0 0 0.7071068 0 0.7071068 13.8889 0
0.0658 Head 0 1.6 0.78 12.97501 358.2 0 0.1129725 -0.01560683 0.001774725 0.9934739
0.0658 FirstCar -79.08589 0.025 2.97 0 90 0 0 0.7071068 0 0.7071068 13.8889 0
0.0676 Head 0 1.6 0.78 12.97501 358.2 0 0.1129725 -0.01560683 0.001774725 0.9934739
0.0676 FirstCar -79.06043 0.025 2.97 0 90 0 0 0.7071068 0 0.7071068 13.8889 0
0.0693 Head 0 1.6 0.78 12.97501 358.2 0 0.1129725 -0.01560683 0.001774725 0.9934739
0.0693 FirstCar -79.03757 0.025 2.97 0 90 0 0 0.7071068 0 0.7071068 13.8889 0
0.0708 Head 0 1.6 0.78 12.97501 358.2 0 0.1129725 -0.01560683 0.001774725 0.9934739
0.0708 FirstCar -79.01659 0.025 2.97 0 90 0 0 0.7071068 0 0.7071068 13.8889 0
0.0724 Head 0 1.6 0.78 12.97501 358.2 0 0.1129725 -0.01560683 0.001774725 0.9934739
0.0724 FirstCar -78.99442 0.025 2.97 0 90 0 0 0.7071068 0 0.7071068 13.8889 0
0.0739 Head 0 1.6 0.78 12.97501 358.2 0 0.1129725 -0.01560683 0.001774725 0.9934739
0.0739 FirstCar -78.9736 0.025 2.97 0 90 0 0 0.7071068 0 0.7071068 13.8889 0
0.0755 Head 0 1.6 0.78 12.97501 358.2 0 0.1129725 -0.01560683 0.001774725 0.9934739
0.0755 FirstCar -78.95073 0.025 2.97 0 90 0 0 0.7071068 0 0.7071068 13.8889 0
0.0773 Head 0 1.6 0.78 12.97501 358.2 0 0.1129725 -0.01560683 0.001774725 0.9934739
0.0773 FirstCar -78.92691 0.025 2.97 0 90 0 0 0.7071068 0 0.7071068 13.8889 0
0.0791 Head 0 1.6 0.78 12.97501 358.2 0 0.1129725 -0.01560683 0.001774725 0.9934739
0.0791 FirstCar -78.9017 0.025 2.97 0 90 0 0 0.7071068 0 0.7071068 13.8889 0
0.0809 Head 0 1.6 0.78 12.97501 358.2 0 0.1129725 -0.01560683 0.001774725 0.9934739
0.0809 FirstCar -78.87636 0.025 2.97 0 90 0 0 0.7071068 0 0.7071068 13.8889 0
0.0826 Head 0 1.6 0.78 12.97501 358.2 0 0.1129725 -0.01560683 0.001774725 0.9934739
0.0826 FirstCar -78.85334 0.025 2.97 0 90 0 0 0.7071068 0 0.7071068 13.8889 0
0.0841 Head 0 1.6 0.78 12.97501 358.2 0 0.1129725 -0.01560683 0.001774725 0.9934739
0.0841 FirstCar -78.83233 0.025 2.97 0 90 0 0 0.7071068 0 0.7071068 13.8889 0
0.0861 Head 0 1.6 0.78 12.97501 358.2 0 0.1129725 -0.01560683 0.001774725 0.9934739
0.0861 FirstCar -78.80386 0.025 2.97 0 90 0 0 0.7071068 0 0.7071068 13.8889 0
0.0881 Head 0 1.6 0.78 12.97501 358.2 0 0.1129725 -0.01560683 0.001774725 0.9934739
0.0881 FirstCar -78.77628 0.025 2.97 0 90 0 0 0.7071068 0 0.7071068 13.8889 0
0.0897 Head 0 1.6 0.78 12.97501 358.2 0 0.1129725 -0.01560683 0.001774725 0.9934739
0.0897 FirstCar -78.75427 0.025 2.97 0 90 0 0 0.7071068 0 0.7071068 13.8889 0
0.0916 Head 0 1.6 0.78 12.97501 358.2 0 0.1129725 -0.01560683 0.001774725 0.9934739
0.0916 FirstCar -78.72843 0.025 2.97 0 90 0 0 0.7071068 0 0.7071068 13.8889 0
0.0966 Head 0 1.6 0.78 12.97501 358.2 0 0.1129725 -0.01560683 0.001774725 0.9934739
0.0966 FirstCar -78.65898 0.025 2.97 0 90 0 0 0.7071068 0 0.7071068 13.8889 0
0.1023 Head 0 1.6 0.78 12.97501 358.2 0 0.1129725 -0.01560683 0.001774725 0.9934739
0.1023 FirstCar -78.5789 0.025 2.97 0 90 0 0 0.7071068 0 0.7071068 13.8889 0
0.1052 Head 0 1.6 0.78 12.97501 358.2 0 0.1129725 -0.01560683 0.001774725 0.9934739
0.1052 FirstCar -78.53955 0.025 2.97 0 90 0 0 0.7071068 0 0.7071068 13.8889 0
0.1072 Head 0 1.6 0.78 12.97501 358.2 0 0.1129725 -0.01560683 0.001774725 0.9934739
0.1072 FirstCar -78.51163 0.025 2.97 0 90 0 0 0.7071068 0 0.7071068 13.8889 0
0.1088 Head 0 1.6 0.78 12.97501 358.2 0 0.1129725 -0.01560683 0.001774725 0.9934739
0.1088 FirstCar -78.48907 0.025 2.97 0 90 0 0 0.7071068 0 0.7071068 13.8889 0
0.1102 Head 0 1.6 0.78 12.97501 358.2 0 0.1129725 -0.01560683 0.001774725 0.9934739
0.1102 FirstCar -78.46881 0.025 2.97 0 90 0 0 0.7071068 0 0.7071068 13.8889 0
0.1117 Head 0 1.6 0.78 12.97501 358.2 0 0.1129725 -0.01560683 0.001774725 0.9934739
0.1117 FirstCar -78.44863 0.025 2.97 0 90 0 0 0.7071068 0 0.7071068 13.8889 0
0.1131 Head 0 1.6 0.78 12.97501 358.2 0 0.1129725 -0.01560683 0.001774725 0.9934739
0.1131 FirstCar -78.42923 0.025 2.97 0 90 0 0 0.7071068 0 0.7071068 13.8889 0
0.1144 Head 0 1.6 0.78 12.97501 358.2 0 0.1129725 -0.01560683 0.001774725 0.9934739
0.1144 FirstCar -78.41055 0.025 2.97 0 90 0 0 0.7071068 0 0.7071068 13.8889 0
0.1158 Head 0 1.6 0.78 12.97501 358.2 0 0.1129725 -0.01560683 0.001774725 0.9934739
0.1158 FirstCar -78.39116 0.025 2.97 0 90 0 0 0.7071068 0 0.7071068 13.8889 0
0.1172 Head 0 1.6 0.78 12.97501 358.2 0 0.1129725 -0.01560683 0.001774725 0.9934739
0.1172 FirstCar -78.37171 0.025 2.97 0 90 0 0 0.7071068 0 0.7071068 13.8889 0
0.1186 Head 0 1.6 0.78 12.97501 358.2 0 0.1129725 -0.01560683 0.001774725 0.9934739
0.1186 FirstCar -78.3522 0.025 2.97 0 90 0 0 0.7071068 0 0.7071068 13.8889 0
0.1200 Head 0 1.6 0.78 12.97501 358.2 0 0.1129725 -0.01560683 0.001774725 0.9934739
0.1200 FirstCar -78.33281 0.025 2.97 0 90 0 0 0.7071068 0 0.7071068 13.8889 0
0.1215 Head 0 1.6 0.78 12.97501 358.2 0 0.1129725 -0.01560683 0.001774725 0.9934739
0.1215 FirstCar -78.31283 0.025 2.97 0 90 0 0 0.7071068 0 0.7071068 13.8889 0
0.1230 Head 0 1.6 0.78 12.97501 358.2 0 0.1129725 -0.01560683 0.001774725 0.9934739
0.1230 FirstCar -78.29155 0.025 2.97 0 90 0 0 0.7071068 0 0.7071068 13.8889 0
0.1246 Head 0 1.6 0.78 12.97501 358.2 0 0.1129725 -0.01560683 0.001774725 0.9934739
0.1246 FirstCar -78.26939 0.025 2.97 0 90 0 0 0.7071068 0 0.7071068 13.8889 0
0.1264 Head 0 1.6 0.78 12.97501 358.2 0 0.1129725 -0.01560683 0.001774725 0.9934739
0.1264 FirstCar -78.24431 0.025 2.97 0 90 0 0 0.7071068 0 0.7071068 13.8889 0
0.1282 Head 0 1.6 0.78 12.97501 358.2 0 0.1129725 -0.01560683 0.001774725 0.9934739
0.1282 FirstCar -78.21991 0.025 2.97 0 90 0 0 0.7071068 0 0.7071068 13.8889 0
0.1296 Head 0 1.6 0.78 12.97501 358.2 0 0.1129725 -0.01560683 0.001774725 0.9934739
0.1296 FirstCar -78.19976 0.025 2.97 0 90 0 0 0.7071068 0 0.7071068 13.8889 0
0.1310 Head 0 1.6 0.78 12.97501 358.2 0 0.1129725 -0.01560683 0.001774725 0.9934739
0.1310 FirstCar -78.18044 0.025 2.97 0 90 0 0 0.7071068 0 0.7071068 13.8889 0
0.1324 Head 0 1.6 0.78 12.97501 358.2 0 0.1129725 -0.01560683 0.001774725 0.9934739
0.1324 FirstCar -78.16054 0.025 2.97 0 90 0 0 0.7071068 0 0.7071068 13.8889 0
0.1338 Head 0 1.6 0.78 12.97501 358.2 0 0.1129725 -0.01560683 0.001774725 0.9934739
0.1338 FirstCar -78.14165 0.025 2.97 0 90 0 0 0.7071068 0 0.7071068 13.8889 0
0.1353 Head 0 1.6 0.78 12.97501 358.2 0 0.1129725 -0.01560683 0.001774725 0.9934739
0.1353 FirstCar -78.12094 0.025 2.97 0 90 0 0 0.7071068 0 0.7071068 13.8889 0
0.1369 Head 0 1.6 0.78 12.97501 358.2 0 0.1129725 -0.01560683 0.001774725 0.9934739
0.1369 FirstCar -78.09858 0.025 2.97 0 90 0 0 0.7071068 0 0.7071068 13.8889 0
0.1383 Head 0 1.6 0.78 12.97501 358.2 0 0.1129725 -0.01560683 0.001774725 0.9934739
0.1383 FirstCar -78.07912 0.025 2.97 0 90 0 0 0.7071068 0 0.7071068 13.8889 0
0.1398 Head 0 1.6 0.78 12.97501 358.2 0 0.1129725 -0.01560683 0.001774725 0.9934739
0.1398 FirstCar -78.05862 0.025 2.97 0 90 0 0 0.7071068 0 0.7071068 13.8889 0
0.1413 Head 0 1.6 0.78 12.97501 358.2 0 0.1129725 -0.01560683 0.001774725 0.9934739
0.1413 FirstCar -78.03816 0.025 2.97 0 90 0 0 0.7071068 0 0.7071068 13.8889 0
0.1427 Head 0 1.6 0.78 12.97501 358.2 0 0.1129725 -0.01560683 0.001774725 0.9934739
0.1427 FirstCar -78.01826 0.025 2.97 0 90 0 0 0.7071068 0 0.7071068 13.8889 0
0.1441 Head 0 1.6 0.78 12.97501 358.2 0 0.1129725 -0.01560683 0.001774725 0.9934739
0.1441 FirstCar -77.99887 0.025 2.97 0 90 0 0 0.7071068 0 0.7071068 13.8889 0
0.1455 Head 0 1.6 0.78 12.97501 358.2 0 0.1129725 -0.01560683 0.001774725 0.9934739
0.1455 FirstCar -77.97881 0.025 2.97 0 90 0 0 0.7071068 0 0.7071068 13.8889 0
0.1471 Head 0 1.6 0.78 12.97501 358.2 0 0.1129725 -0.01560683 0.001774725 0.9934739
0.1471 FirstCar -77.95631 0.025 2.97 0 90 0 0 0.7071068 0 0.7071068 13.8889 0
0.1486 Head 0 1.6 0.78 12.97501 358.2 0 0.1129725 -0.01560683 0.001774725 0.9934739
0.1486 FirstCar -77.93592 0.025 2.97 0 90 0 0 0.7071068 0 0.7071068 13.8889 0
0.1500 Head 0 1.6 0.78 12.97501 358.2 0 0.1129725 -0.01560683 0.001774725 0.9934739
0.1500 FirstCar -77.91673 0.025 2.97 0 90 0 0 0.7071068 0 0.7071068 13.8889 0
0.1514 Head 0 1.6 0.78 12.97501 358.2 0 0.1129725 -0.01560683 0.001774725 0.9934739
0.1514 FirstCar -77.89687 0.025 2.97 0 90 0 0 0.7071068 0 0.7071068 13.8889 0
0.1529 Head 0 1.6 0.78 12.97501 358.2 0 0.1129725 -0.01560683 0.001774725 0.9934739
0.1529 FirstCar -77.87697 0.025 2.97 0 90 0 0 0.7071068 0 0.7071068 13.8889 0
0.1543 Head 0 1.6 0.78 12.97501 358.2 0 0.1129725 -0.01560683 0.001774725 0.9934739
0.1543 FirstCar -77.85744 0.025 2.97 0 90 0 0 0.7071068 0 0.7071068 13.8889 0
0.1557 Head 0 1.6 0.78 12.97501 358.2 0 0.1129725 -0.01560683 0.001774725 0.9934739
0.1557 FirstCar -77.83706 0.025 2.97 0 90 0 0 0.7071068 0 0.7071068 13.8889 0
0.1573 Head 0 1.6 0.78 12.97501 358.2 0 0.1129725 -0.01560683 0.001774725 0.9934739
0.1573 FirstCar -77.81587 0.025 2.97 0 90 0 0 0.7071068 0 0.7071068 13.8889 0
0.1590 Head 0 1.6 0.78 12.97501 358.2 0 0.1129725 -0.01560683 0.001774725 0.9934739
0.1590 FirstCar -77.79204 0.025 2.97 0 90 0 0 0.7071068 0 0.7071068 13.8889 0
0.1605 Head 0 1.6 0.78 12.97501 358.2 0 0.1129725 -0.01560683 0.001774725 0.9934739
0.1605 FirstCar -77.77015 0.025 2.97 0 90 0 0 0.7071068 0 0.7071068 13.8889 0
0.1620 Head 0 1.6 0.78 12.97501 358.2 0 0.1129725 -0.01560683 0.001774725 0.9934739
0.1620 FirstCar -77.74991 0.025 2.97 0 90 0 0 0.7071068 0 0.7071068 13.8889 0
0.1634 Head 0 1.6 0.78 12.97501 358.2 0 0.1129725 -0.01560683 0.001774725 0.9934739
0.1634 FirstCar -77.73116 0.025 2.97 0 90 0 0 0.7071068 0 0.7071068 13.8889 0
0.1648 Head 0 1.6 0.78 12.97501 358.2 0 0.1129725 -0.01560683 0.001774725 0.9934739
0.1648 FirstCar -77.71076 0.025 2.97 0 90 0 0 0.7071068 0 0.7071068 13.8889 0
0.1666 Head 0 1.6 0.78 12.97501 358.2 0 0.1129725 -0.01560683 0.001774725 0.9934739
0.1666 FirstCar -77.68552 0.025 2.97 0 90 0 0 0.7071068 0 0.7071068 13.8889 0
0.1682 Head 0 1.6 0.78 12.97501 358.2 0 0.1129725 -0.01560683 0.001774725 0.9934739
0.1682 FirstCar -77.66393 0.025 2.97 0 90 0 0 0.7071068 0 0.7071068 13.8889 0
0.1698 Head 0 1.6 0.78 12.97501 358.2 0 0.1129725 -0.01560683 0.001774725 0.9934739
0.1698 FirstCar -77.64234 0.025 2.97 0 90 0 0 0.7071068 0 0.7071068 13.8889 0
0.1714 Head 0 1.6 0.78 12.97501 358.2 0 0.1129725 -0.01560683 0.001774725 0.9934739
0.1714 FirstCar -77.61887 0.025 2.97 0 90 0 0 0.7071068 0 0.7071068 13.8889 0
0.1731 Head 0 1.6 0.78 12.97501 358.2 0 0.1129725 -0.01560683 0.001774725 0.9934739
0.1731 FirstCar -77.59586 0.025 2.97 0 90 0 0 0.7071068 0 0.7071068 13.8889 0
0.1746 Head 0 1.6 0.78 12.97501 358.2 0 0.1129725 -0.01560683 0.001774725 0.9934739
0.1746 FirstCar -77.57446 0.025 2.97 0 90 0 0 0.7071068 0 0.7071068 13.8889 0
0.1765 Head 0 1.6 0.78 12.97501 358.2 0 0.1129725 -0.01560683 0.001774725 0.9934739
0.1765 FirstCar -77.54895 0.025 2.97 0 90 0 0 0.7071068 0 0.7071068 13.8889 0
0.1779 Head 0 1.6 0.78 12.97501 358.2 0 0.1129725 -0.01560683 0.001774725 0.9934739
0.1779 FirstCar -77.52898 0.025 2.97 0 90 0 0 0.7071068 0 0.7071068 13.8889 0
0.1793 Head 0 1.6 0.78 12.97501 358.2 0 0.1129725 -0.01560683 0.001774725 0.9934739
0.1793 FirstCar -77.5094 0.025 2.97 0 90 0 0 0.7071068 0 0.7071068 13.8889 0
0.1808 Head 0 1.6 0.78 12.97501 358.2 0 0.1129725 -0.01560683 0.001774725 0.9934739
0.1808 FirstCar -77.48865 0.025 2.97 0 90 0 0 0.7071068 0 0.7071068 13.8889 0
0.1823 Head 0 1.6 0.78 12.97501 358.2 0 0.1129725 -0.01560683 0.001774725 0.9934739
0.1823 FirstCar -77.4679 0.025 2.97 0 90 0 0 0.7071068 0 0.7071068 13.8889 0
0.1841 Head 0 1.6 0.78 12.97501 358.2 0 0.1129725 -0.01560683 0.001774725 0.9934739
0.1841 FirstCar -77.44302 0.025 2.97 0 90 0 0 0.7071068 0 0.7071068 13.8889 0
0.1860 Head 0 1.6 0.78 12.97501 358.2 0 0.1129725 -0.01560683 0.001774725 0.9934739
0.1860 FirstCar -77.41597 0.025 2.97 0 90 0 0 0.7071068 0 0.7071068 13.8889 0
0.1879 Head 0 1.6 0.78 12.97501 358.2 0 0.1129725 -0.01560683 0.001774725 0.9934739
0.1879 FirstCar -77.39054 0.025 2.97 0 90 0 0 0.7071068 0 0.7071068 13.8889 0
0.1894 Head 0 1.6 0.78 12.97501 358.2 0 0.1129725 -0.01560683 0.001774725 0.9934739
0.1894 FirstCar -77.36983 0.025 2.97 0 90 0 0 0.7071068 0 0.7071068 13.8889 0
0.1910 Head 0 1.6 0.78 12.97501 358.2 0 0.1129725 -0.01560683 0.001774725 0.9934739
0.1910 FirstCar -77.3478 0.025 2.97 0 90 0 0 0.7071068 0 0.7071068 13.8889 0
0.1924 Head 0 1.6 0.78 12.97501 358.2 0 0.1129725 -0.01560683 0.001774725 0.9934739
0.1924 FirstCar -77.32722 0.025 2.97 0 90 0 0 0.7071068 0 0.7071068 13.8889 0
0.1938 Head 0 1.6 0.78 12.97501 358.2 0 0.1129725 -0.01560683 0.001774725 0.9934739
0.1938 FirstCar -77.30827 0.025 2.97 0 90 0 0 0.7071068 0 0.7071068 13.8889 0
0.1952 Head 0 1.6 0.78 12.97501 358.2 0 0.1129725 -0.01560683 0.001774725 0.9934739
0.1952 FirstCar -77.28925 0.025 2.97 0 90 0 0 0.7071068 0 0.7071068 13.8889 0
0.1965 Head 0 1.6 0.78 12.97501 358.2 0 0.1129725 -0.01560683 0.001774725 0.9934739
0.1965 FirstCar -77.27029 0.025 2.97 0 90 0 0 0.7071068 0 0.7071068 13.8889 0
0.1979 Head 0 1.6 0.78 12.97501 358.2 0 0.1129725 -0.01560683 0.001774725 0.9934739
0.1979 FirstCar -77.25156 0.025 2.97 0 90 0 0 0.7071068 0 0.7071068 13.8889 0
0.1992 Head 0 1.6 0.78 12.97501 358.2 0 0.1129725 -0.01560683 0.001774725 0.9934739
0.1992 FirstCar -77.23346 0.025 2.97 0 90 0 0 0.7071068 0 0.7071068 13.8889 0
0.2007 Head 0 1.6 0.78 12.97501 358.2 0 0.1129725 -0.01560683 0.001774725 0.9934739
0.2007 FirstCar -77.21296 0.025 2.97 0 90 0 0 0.7071068 0 0.7071068 13.8889 0
0.2021 Head 0 1.6 0.78 12.97501 358.2 0 0.1129725 -0.01560683 0.001774725 0.9934739
0.2021 FirstCar -77.19338 0.025 2.97 0 90 0 0 0.7071068 0 0.7071068 13.8889 0
0.2034 Head 0 1.6 0.78 12.97501 358.2 0 0.1129725 -0.01560683 0.001774725 0.9934739
0.2034 FirstCar -77.17464 0.025 2.97 0 90 0 0 0.7071068 0 0.7071068 13.8889 0
0.2048 Head 0 1.6 0.78 12.97501 358.2 0 0.1129725 -0.01560683 0.001774725 0.9934739
0.2048 FirstCar -77.15597 0.025 2.97 0 90 0 0 0.7071068 0 0.7071068 13.8889 0
0.2062 Head 0 1.6 0.78 12.97501 358.2 0 0.1129725 -0.01560683 0.001774725 0.9934739
0.2062 FirstCar -77.13653 0.025 2.97 0 90 0 0 0.7071068 0 0.7071068 13.8889 0
0.2077 Head 0 1.6 0.78 12.97501 358.2 0 0.1129725 -0.01560683 0.001774725 0.9934739
0.2077 FirstCar -77.11524 0.025 2.97 0 90 0 0 0.7071068 0 0.7071068 13.8889 0
0.2092 Head 0 1.6 0.78 12.97501 358.2 0 0.1129725 -0.01560683 0.001774725 0.9934739
0.2092 FirstCar -77.09467 0.025 2.97 0 90 0 0 0.7071068 0 0.7071068 13.8889 0
0.2105 Head 0 1.6 0.78 12.97501 358.2 0 0.1129725 -0.01560683 0.001774725 0.9934739
0.2105 FirstCar -77.0761 0.025 2.97 0 90 0 0 0.7071068 0 0.7071068 13.8889 0
0.2119 Head 0 1.6 0.78 12.97501 358.2 0 0.1129725 -0.01560683 0.001774725 0.9934739
0.2119 FirstCar -77.05647 0.025 2.97 0 90 0 0 0.7071068 0 0.7071068 13.8889 0
0.2133 Head 0 1.6 0.78 12.97501 358.2 0 0.1129725 -0.01560683 0.001774725 0.9934739
0.2133 FirstCar -77.03741 0.025 2.97 0 90 0 0 0.7071068 0 0.7071068 13.8889 0
0.2147 Head 0 1.6 0.78 12.97501 358.2 0 0.1129725 -0.01560683 0.001774725 0.9934739
0.2147 FirstCar -77.01844 0.025 2.97 0 90 0 0 0.7071068 0 0.7071068 13.8889 0
0.2161 Head 0 1.6 0.78 12.97501 358.2 0 0.1129725 -0.01560683 0.001774725 0.9934739
0.2161 FirstCar -76.99849 0.025 2.97 0 90 0 0 0.7071068 0 0.7071068 13.8889 0
0.2175 Head 0 1.6 0.78 12.97501 358.2 0 0.1129725 -0.01560683 0.001774725 0.9934739
0.2175 FirstCar -76.97852 0.025 2.97 0 90 0 0 0.7071068 0 0.7071068 13.8889 0
0.2191 Head 0 1.6 0.78 12.97501 358.2 0 0.1129725 -0.01560683 0.001774725 0.9934739
0.2191 FirstCar -76.9576 0.025 2.97 0 90 0 0 0.7071068 0 0.7071068 13.8889 0
0.2206 Head 0 1.6 0.78 12.97501 358.2 0 0.1129725 -0.01560683 0.001774725 0.9934739
0.2206 FirstCar -76.93652 0.025 2.97 0 90 0 0 0.7071068 0 0.7071068 13.8889 0
0.2220 Head 0 1.6 0.78 12.97501 358.2 0 0.1129725 -0.01560683 0.001774725 0.9934739
0.2220 FirstCar -76.91704 0.025 2.97 0 90 0 0 0.7071068 0 0.7071068 13.8889 0
0.2235 Head 0 1.6 0.78 12.97501 358.2 0 0.1129725 -0.01560683 0.001774725 0.9934739
0.2235 FirstCar -76.89567 0.025 2.97 0 90 0 0 0.7071068 0 0.7071068 13.8889 0
0.2252 Head 0 1.6 0.78 12.97501 358.2 0 0.1129725 -0.01560683 0.001774725 0.9934739
0.2252 FirstCar -76.87225 0.025 2.97 0 90 0 0 0.7071068 0 0.7071068 13.8889 0
0.2270 Head 0 1.6 0.78 12.97501 358.2 0 0.1129725 -0.01560683 0.001774725 0.9934739
0.2270 FirstCar -76.84701 0.025 2.97 0 90 0 0 0.7071068 0 0.7071068 13.8889 0
0.2285 Head 0 1.6 0.78 12.97501 358.2 0 0.1129725 -0.01560683 0.001774725 0.9934739
0.2285 FirstCar -76.82621 0.025 2.97 0 90 0 0 0.7071068 0 0.7071068 13.8889 0
0.2299 Head 0 1.6 0.78 12.97501 358.2 0 0.1129725 -0.01560683 0.001774725 0.9934739
0.2299 FirstCar -76.80647 0.025 2.97 0 90 0 0 0.7071068 0 0.7071068 13.8889 0
0.2313 Head 0 1.6 0.78 12.97501 358.2 0 0.1129725 -0.01560683 0.001774725 0.9934739
0.2313 FirstCar -76.78813 0.025 2.97 0 90 0 0 0.7071068 0 0.7071068 13.8889 0
0.2328 Head 0 1.6 0.78 12.97501 358.2 0 0.1129725 -0.01560683 0.001774725 0.9934739
0.2328 FirstCar -76.7672 0.025 2.97 0 90 0 0 0.7071068 0 0.7071068 13.8889 0
0.2343 Head 0 1.6 0.78 12.97501 358.2 0 0.1129725 -0.01560683 0.001774725 0.9934739
0.2343 FirstCar -76.7463 0.025 2.97 0 90 0 0 0.7071068 0 0.7071068 13.8889 0
0.2359 Head 0 1.6 0.78 12.97501 358.2 0 0.1129725 -0.01560683 0.001774725 0.9934739
0.2359 FirstCar -76.7241 0.025 2.97 0 90 0 0 0.7071068 0 0.7071068 13.8889 0
0.2375 Head 0 1.6 0.78 12.97501 358.2 0 0.1129725 -0.01560683 0.001774725 0.9934739
0.2375 FirstCar -76.7018 0.025 2.97 0 90 0 0 0.7071068 0 0.7071068 13.8889 0
0.2456 Head 0 1.6 0.78 12.97501 358.2 0 0.1129725 -0.01560683 0.001774725 0.9934739
0.2456 FirstCar -76.58856 0.025 2.97 0 90 0 0 0.7071068 0 0.7071068 13.8889 0
0.2509 Head 0 1.6 0.78 12.97501 358.2 0 0.1129725 -0.01560683 0.001774725 0.9934739
0.2509 FirstCar -76.5152 0.025 2.97 0 90 0 0 0.7071068 0 0.7071068 13.8889 0
0.2565 Head 0 1.6 0.78 12.97501 358.2 0 0.1129725 -0.01560683 0.001774725 0.9934739
0.2565 FirstCar -76.43756 0.025 2.97 0 90 0 0 0.7071068 0 0.7071068 13.8889 0
0.2618 Head 0 1.6 0.78 12.97501 358.2 0 0.1129725 -0.01560683 0.001774725 0.9934739
0.2618 FirstCar -76.36413 0.025 2.97 0 90 0 0 0.7071068 0 0.7071068 13.8889 0
0.2670 Head 0 1.6 0.78 12.97501 358.2 0 0.1129725 -0.01560683 0.001774725 0.9934739
0.2670 FirstCar -76.29156 0.025 2.97 0 90 0 0 0.7071068 0 0.7071068 13.8889 0
0.2770 Head 0 1.6 0.78 12.97501 358.2 0 0.1129725 -0.01560683 0.001774725 0.9934739
0.2770 FirstCar -76.15276 0.025 2.97 0 90 0 0 0.7071068 0 0.7071068 13.8889 0
0.2797 Head 0 1.6 0.78 12.97501 358.2 0 0.1129725 -0.01560683 0.001774725 0.9934739
0.2797 FirstCar -76.11533 0.025 2.97 0 90 0 0 0.7071068 0 0.7071068 13.8889 0
0.2816 Head 0 1.6 0.78 12.97501 358.2 0 0.1129725 -0.01560683 0.001774725 0.9934739
0.2816 FirstCar -76.08891 0.025 2.97 0 90 0 0 0.7071068 0 0.7071068 13.8889 0
0.2833 Head 0 1.6 0.78 12.97501 358.2 0 0.1129725 -0.01560683 0.001774725 0.9934739
0.2833 FirstCar -76.06501 0.025 2.97 0 90 0 0 0.7071068 0 0.7071068 13.8889 0
0.2852 Head 0 1.6 0.78 12.97501 358.2 0 0.1129725 -0.01560683 0.001774725 0.9934739
0.2852 FirstCar -76.03951 0.025 2.97 0 90 0 0 0.7071068 0 0.7071068 13.8889 0
0.2873 Head 0 1.6 0.78 12.97501 358.2 0 0.1129725 -0.01560683 0.001774725 0.9934739
0.2873 FirstCar -76.00975 0.025 2.97 0 90 0 0 0.7071068 0 0.7071068 13.8889 0
0.2890 Head 0 1.6 0.78 12.97501 358.2 0 0.1129725 -0.01560683 0.001774725 0.9934739
0.2890 FirstCar -75.98576 0.025 2.97 0 90 0 0 0.7071068 0 0.7071068 13.8889 0
0.2906 Head 0 1.6 0.78 12.97501 358.2 0 0.1129725 -0.01560683 0.001774725 0.9934739
0.2906 FirstCar -75.96338 0.025 2.97 0 90 0 0 0.7071068 0 0.7071068 13.8889 0
0.2922 Head 0 1.6 0.78 12.97501 358.2 0 0.1129725 -0.01560683 0.001774725 0.9934739
0.2922 FirstCar -75.94101 0.025 2.97 0 90 0 0 0.7071068 0 0.7071068 13.8889 0
0.2940 Head 0 1.6 0.78 12.97501 358.2 0 0.1129725 -0.01560683 0.001774725 0.9934739
0.2940 FirstCar -75.91702 0.025 2.97 0 90 0 0 0.7071068 0 0.7071068 13.8889 0
0.2957 Head 0 1.6 0.78 12.97501 358.2 0 0.1129725 -0.01560683 0.001774725 0.9934739
0.2957 FirstCar -75.89312 0.025 2.97 0 90 0 0 0.7071068 0 0.7071068 13.8889 0
0.2974 Head 0 1.6 0.78 12.97501 358.2 0 0.1129725 -0.01560683 0.001774725 0.9934739
0.2974 FirstCar -75.86944 0.025 2.97 0 90 0 0 0.7071068 0 0.7071068 13.8889 0
0.2992 Head 0 1.6 0.78 12.97501 358.2 0 0.1129725 -0.01560683 0.001774725 0.9934739
0.2992 FirstCar -75.84496 0.025 2.97 0 90 0 0 0.7071068 0 0.7071068 13.8889 0
0.3009 Head 0 1.6 0.78 12.97501 358.2 0 0.1129725 -0.01560683 0.001774725 0.9934739
0.3009 FirstCar -75.82071 0.025 2.97 0 90 0 0 0.7071068 0 0.7071068 13.8889 0
0.3026 Head 0 1.6 0.78 12.97501 358.2 0 0.1129725 -0.01560683 0.001774725 0.9934739
0.3026 FirstCar -75.79683 0.025 2.97 0 90 0 0 0.7071068 0 0.7071068 13.8889 0
0.3044 Head 0 1.6 0.78 12.97501 358.2 0 0.1129725 -0.01560683 0.001774725 0.9934739
0.3044 FirstCar -75.7717 0.025 2.97 0 90 0 0 0.7071068 0 0.7071068 13.8889 0
0.3064 Head 0 1.6 0.78 12.97501 358.2 0 0.1129725 -0.01560683 0.001774725 0.9934739
0.3064 FirstCar -75.74493 0.025 2.97 0 90 0 0 0.7071068 0 0.7071068 13.8889 0
0.3081 Head 0 1.6 0.78 12.97501 358.2 0 0.1129725 -0.01560683 0.001774725 0.9934739
0.3081 FirstCar -75.72014 0.025 2.97 0 90 0 0 0.7071068 0 0.7071068 13.8889 0
0.3096 Head 0 1.6 0.78 12.97501 358.2 0 0.1129725 -0.01560683 0.001774725 0.9934739
0.3096 FirstCar -75.69966 0.025 2.97 0 90 0 0 0.7071068 0 0.7071068 13.8889 0
0.3111 Head 0 1.6 0.78 12.97501 358.2 0 0.1129725 -0.01560683 0.001774725 0.9934739
0.3111 FirstCar -75.67901 0.025 2.97 0 90 0 0 0.7071068 0 0.7071068 13.8889 0
0.3125 Head 0 1.6 0.78 12.97501 358.2 0 0.1129725 -0.01560683 0.001774725 0.9934739
0.3125 FirstCar -75.65958 0.025 2.97 0 90 0 0 0.7071068 0 0.7071068 13.8889 0
0.3139 Head 0 1.6 0.78 12.97501 358.2 0 0.1129725 -0.01560683 0.001774725 0.9934739
0.3139 FirstCar -75.64029 0.025 2.97 0 90 0 0 0.7071068 0 0.7071068 13.8889 0
0.3157 Head 0 1.6 0.78 12.97501 358.2 0 0.1129725 -0.01560683 0.001774725 0.9934739
0.3157 FirstCar -75.61534 0.025 2.97 0 90 0 0 0.7071068 0 0.7071068 13.8889 0
0.3173 Head 0 1.6 0.78 12.97501 358.2 0 0.1129725 -0.01560683 0.001774725 0.9934739
0.3173 FirstCar -75.59344 0.025 2.97 0 90 0 0 0.7071068 0 0.7071068 13.8889 0
0.3190 Head 0 1.6 0.78 12.97501 358.2 0 0.1129725 -0.01560683 0.001774725 0.9934739
0.3190 FirstCar -75.56944 0.025 2.97 0 90 0 0 0.7071068 0 0.7071068 13.8889 0
0.3206 Head 0 1.6 0.78 12.97501 358.2 0 0.1129725 -0.01560683 0.001774725 0.9934739
0.3206 FirstCar -75.54745 0.025 2.97 0 90 0 0 0.7071068 0 0.7071068 13.8889 0
0.3220 Head 0 1.6 0.78 12.97501 358.2 0 0.1129725 -0.01560683 0.001774725 0.9934739
0.3220 FirstCar -75.52729 0.025 2.97 0 90 0 0 0.7071068 0 0.7071068 13.8889 0
0.3235 Head 0 1.6 0.78 12.97501 358.2 0 0.1129725 -0.01560683 0.001774725 0.9934739
0.3235 FirstCar -75.50685 0.025 2.97 0 90 0 0 0.7071068 0 0.7071068 13.8889 0
0.3249 Head 0 1.6 0.78 12.97501 358.2 0 0.1129725 -0.01560683 0.001774725 0.9934739
0.3249 FirstCar -75.48702 0.025 2.97 0 90 0 0 0.7071068 0 0.7071068 13.8889 0
0.3265 Head 0 1.6 0.78 12.97501 358.2 0 0.1129725 -0.01560683 0.001774725 0.9934739
0.3265 FirstCar -75.46465 0.025 2.97 0 90 0 0 0.7071068 0 0.7071068 13.8889 0
0.3280 Head 0 1.6 0.78 12.97501 358.2 0 0.1129725 -0.01560683 0.001774725 0.9934739
0.3280 FirstCar -75.44443 0.025 2.97 0 90 0 0 0.7071068 0 0.7071068 13.8889 0
0.3294 Head 0 1.6 0.78 12.97501 358.2 0 0.1129725 -0.01560683 0.001774725 0.9934739
0.3294 FirstCar -75.42555 0.025 2.97 0 90 0 0 0.7071068 0 0.7071068 13.8889 0
0.3308 Head 0 1.6 0.78 12.97501 358.2 0 0.1129725 -0.01560683 0.001774725 0.9934739
0.3308 FirstCar -75.40607 0.025 2.97 0 90 0 0 0.7071068 0 0.7071068 13.8889 0
0.3321 Head 0 1.6 0.78 12.97501 358.2 0 0.1129725 -0.01560683 0.001774725 0.9934739
0.3321 FirstCar -75.38739 0.025 2.97 0 90 0 0 0.7071068 0 0.7071068 13.8889 0
0.3335 Head 0 1.6 0.78 12.97501 358.2 0 0.1129725 -0.01560683 0.001774725 0.9934739
0.3335 FirstCar -75.36865 0.025 2.97 0 90 0 0 0.7071068 0 0.7071068 13.8889 0
0.3349 Head 0 1.6 0.78 12.97501 358.2 0 0.1129725 -0.01560683 0.001774725 0.9934739
0.3349 FirstCar -75.34912 0.025 2.97 0 90 0 0 0.7071068 0 0.7071068 13.8889 0
0.3364 Head 0 1.6 0.78 12.97501 358.2 0 0.1129725 -0.01560683 0.001774725 0.9934739
0.3364 FirstCar -75.32806 0.025 2.97 0 90 0 0 0.7071068 0 0.7071068 13.8889 0
0.3378 Head 0 1.6 0.78 12.97501 358.2 0 0.1129725 -0.01560683 0.001774725 0.9934739
0.3378 FirstCar -75.30836 0.025 2.97 0 90 0 0 0.7071068 0 0.7071068 13.8889 0
0.3392 Head 0 1.6 0.78 12.97501 358.2 0 0.1129725 -0.01560683 0.001774725 0.9934739
0.3392 FirstCar -75.28952 0.025 2.97 0 90 0 0 0.7071068 0 0.7071068 13.8889 0
0.3405 Head 0 1.6 0.78 12.97501 358.2 0 0.1129725 -0.01560683 0.001774725 0.9934739
0.3405 FirstCar -75.27089 0.025 2.97 0 90 0 0 0.7071068 0 0.7071068 13.8889 0
0.3418 Head 0 1.6 0.78 12.97501 358.2 0 0.1129725 -0.01560683 0.001774725 0.9934739
0.3418 FirstCar -75.25228 0.025 2.97 0 90 0 0 0.7071068 0 0.7071068 13.8889 0
0.3433 Head 0 1.6 0.78 12.97501 358.2 0 0.1129725 -0.01560683 0.001774725 0.9934739
0.3433 FirstCar -75.23164 0.025 2.97 0 90 0 0 0.7071068 0 0.7071068 13.8889 0
0.3448 Head 0 1.6 0.78 12.97501 358.2 0 0.1129725 -0.01560683 0.001774725 0.9934739
0.3448 FirstCar -75.21149 0.025 2.97 0 90 0 0 0.7071068 0 0.7071068 13.8889 0
0.3465 Head 0 1.6 0.78 12.97501 358.2 0 0.1129725 -0.01560683 0.001774725 0.9934739
0.3465 FirstCar -75.18768 0.025 2.97 0 90 0 0 0.7071068 0 0.7071068 13.8889 0
0.3482 Head 0 1.6 0.78 12.97501 358.2 0 0.1129725 -0.01560683 0.001774725 0.9934739
0.3482 FirstCar -75.16335 0.025 2.97 0 90 0 0 0.7071068 0 0.7071068 13.8889 0
0.3499 Head 0 1.6 0.78 12.97501 358.2 0 0.1129725 -0.01560683 0.001774725 0.9934739
0.3499 FirstCar -75.14013 0.025 2.97 0 90 0 0 0.7071068 0 0.7071068 13.8889 0
0.3517 Head 0 1.6 0.78 12.97501 358.2 0 0.1129725 -0.01560683 0.001774725 0.9934739
0.3517 FirstCar -75.11532 0.025 2.97 0 90 0 0 0.7071068 0 0.7071068 13.8889 0
0.3533 Head 0 1.6 0.78 12.97501 358.2 0 0.1129725 -0.01560683 0.001774725 0.9934739
0.3533 FirstCar -75.0928 0.025 2.97 0 90 0 0 0.7071068 0 0.7071068 13.8889 0
0.3547 Head 0 1.6 0.78 12.97501 358.2 0 0.1129725 -0.01560683 0.001774725 0.9934739
0.3547 FirstCar -75.07317 0.025 2.97 0 90 0 0 0.7071068 0 0.7071068 13.8889 0
0.3562 Head 0 1.6 0.78 12.97501 358.2 0 0.1129725 -0.01560683 0.001774725 0.9934739
0.3562 FirstCar -75.05287 0.025 2.97 0 90 0 0 0.7071068 0 0.7071068 13.8889 0
0.3576 Head 0 1.6 0.78 12.97501 358.2 0 0.1129725 -0.01560683 0.001774725 0.9934739
0.3576 FirstCar -75.03267 0.025 2.97 0 90 0 0 0.7071068 0 0.7071068 13.8889 0
0.3592 Head 0 1.6 0.78 12.97501 358.2 0 0.1129725 -0.01560683 0.001774725 0.9934739
0.3592 FirstCar -75.01108 0.025 2.97 0 90 0 0 0.7071068 0 0.7071068 13.8889 0
0.3609 Head 0 1.6 0.78 12.97501 358.2 0 0.1129725 -0.01560683 0.001774725 0.9934739
0.3609 FirstCar -74.98787 0.025 2.97 0 90 0 0 0.7071068 0 0.7071068 13.8889 0
0.3625 Head 0 1.6 0.78 12.97501 358.2 0 0.1129725 -0.01560683 0.001774725 0.9934739
0.3625 FirstCar -74.96496 0.025 2.97 0 90 0 0 0.7071068 0 0.7071068 13.8889 0
0.3640 Head 0 1.6 0.78 12.97501 358.2 0 0.1129725 -0.01560683 0.001774725 0.9934739
0.3640 FirstCar -74.94381 0.025 2.97 0 90 0 0 0.7071068 0 0.7071068 13.8889 0
0.3657 Head 0 1.6 0.78 12.97501 358.2 0 0.1129725 -0.01560683 0.001774725 0.9934739
0.3657 FirstCar -74.92107 0.025 2.97 0 90 0 0 0.7071068 0 0.7071068 13.8889 0
0.3681 Head 0 1.6 0.78 12.97501 358.2 0 0.1129725 -0.01560683 0.001774725 0.9934739
0.3681 FirstCar -74.88764 0.025 2.97 0 90 0 0 0.7071068 0 0.7071068 13.8889 0
0.3698 Head 0 1.6 0.78 12.97501 358.2 0 0.1129725 -0.01560683 0.001774725 0.9934739
0.3698 FirstCar -74.86381 0.025 2.97 0 90 0 0 0.7071068 0 0.7071068 13.8889 0
0.3714 Head 0 1.6 0.78 12.97501 358.2 0 0.1129725 -0.01560683 0.001774725 0.9934739
0.3714 FirstCar -74.84161 0.025 2.97 0 90 0 0 0.7071068 0 0.7071068 13.8889 0
0.3731 Head 0 1.6 0.78 12.97501 358.2 0 0.1129725 -0.01560683 0.001774725 0.9934739
0.3731 FirstCar -74.81755 0.025 2.97 0 90 0 0 0.7071068 0 0.7071068 13.8889 0
0.3749 Head 0 1.6 0.78 12.97501 358.2 0 0.1129725 -0.01560683 0.001774725 0.9934739
0.3749 FirstCar -74.7929 0.025 2.97 0 90 0 0 0.7071068 0 0.7071068 13.8889 0
0.3770 Head 0 1.6 0.78 12.97501 358.2 0 0.1129725 -0.01560683 0.001774725 0.9934739
0.3770 FirstCar -74.76414 0.025 2.97 0 90 0 0 0.7071068 0 0.7071068 13.8889 0
0.3788 Head 0 1.6 0.78 12.97501 358.2 0 0.1129725 -0.01560683 0.001774725 0.9934739
0.3788 FirstCar -74.73946 0.025 2.97 0 90 0 0 0.7071068 0 0.7071068 13.8889 0
0.3805 Head 0 1.6 0.78 12.97501 358.2 0 0.1129725 -0.01560683 0.001774725 0.9934739
0.3805 FirstCar -74.71508 0.025 2.97 0 90 0 0 0.7071068 0 0.7071068 13.8889 0
0.3823 Head 0 1.6 0.78 12.97501 358.2 0 0.1129725 -0.01560683 0.001774725 0.9934739
0.3823 FirstCar -74.68965 0.025 2.97 0 90 0 0 0.7071068 0 0.7071068 13.8889 0
0.3844 Head 0 1.6 0.78 12.97501 358.2 0 0.1129725 -0.01560683 0.001774725 0.9934739
0.3844 FirstCar -74.66103 0.025 2.97 0 90 0 0 0.7071068 0 0.7071068 13.8889 0
0.3862 Head 0 1.6 0.78 12.97501 358.2 0 0.1129725 -0.01560683 0.001774725 0.9934739
0.3862 FirstCar -74.63644 0.025 2.97 0 90 0 0 0.7071068 0 0.7071068 13.8889 0
0.3881 Head 0 1.6 0.78 12.97501 358.2 0 0.1129725 -0.01560683 0.001774725 0.9934739
0.3881 FirstCar -74.60915 0.025 2.97 0 90 0 0 0.7071068 0 0.7071068 13.8889 0
0.3897 Head 0 1.6 0.78 12.97501 358.2 0 0.1129725 -0.01560683 0.001774725 0.9934739
0.3897 FirstCar -74.58687 0.025 2.97 0 90 0 0 0.7071068 0 0.7071068 13.8889 0
0.3913 Head 0 1.6 0.78 12.97501 358.2 0 0.1129725 -0.01560683 0.001774725 0.9934739
0.3913 FirstCar -74.56487 0.025 2.97 0 90 0 0 0.7071068 0 0.7071068 13.8889 0
0.3929 Head 0 1.6 0.78 12.97501 358.2 0 0.1129725 -0.01560683 0.001774725 0.9934739
0.3929 FirstCar -74.54346 0.025 2.97 0 90 0 0 0.7071068 0 0.7071068 13.8889 0
0.3944 Head 0 1.6 0.78 12.97501 358.2 0 0.1129725 -0.01560683 0.001774725 0.9934739
0.3944 FirstCar -74.52161 0.025 2.97 0 90 0 0 0.7071068 0 0.7071068 13.8889 0
0.3960 Head 0 1.6 0.78 12.97501 358.2 0 0.1129725 -0.01560683 0.001774725 0.9934739
0.3960 FirstCar -74.49971 0.025 2.97 0 90 0 0 0.7071068 0 0.7071068 13.8889 0
0.3976 Head 0 1.6 0.78 12.97501 358.2 0 0.1129725 -0.01560683 0.001774725 0.9934739
0.3976 FirstCar -74.47729 0.025 2.97 0 90 0 0 0.7071068 0 0.7071068 13.8889 0
0.3993 Head 0 1.6 0.78 12.97501 358.2 0 0.1129725 -0.01560683 0.001774725 0.9934739
0.3993 FirstCar -74.45376 0.025 2.97 0 90 0 0 0.7071068 0 0.7071068 13.8889 0
0.4009 Head 0 1.6 0.78 12.97501 358.2 0 0.1129725 -0.01560683 0.001774725 0.9934739
0.4009 FirstCar -74.432 0.025 2.97 0 90 0 0 0.7071068 0 0.7071068 13.8889 0
0.4026 Head 0 1.6 0.78 12.97501 358.2 0 0.1129725 -0.01560683 0.001774725 0.9934739
0.4026 FirstCar -74.40839 0.025 2.97 0 90 0 0 0.7071068 0 0.7071068 13.8889 0
0.4042 Head 0 1.6 0.78 12.97501 358.2 0 0.1129725 -0.01560683 0.001774725 0.9934739
0.4042 FirstCar -74.38566 0.025 2.97 0 90 0 0 0.7071068 0 0.7071068 13.8889 0
0.4060 Head 0 1.6 0.78 12.97501 358.2 0 0.1129725 -0.01560683 0.001774725 0.9934739
0.4060 FirstCar -74.36089 0.025 2.97 0 90 0 0 0.7071068 0 0.7071068 13.8889 0
0.4081 Head 0 1.6 0.78 12.97501 358.2 0 0.1129725 -0.01560683 0.001774725 0.9934739
0.4081 FirstCar -74.33224 0.025 2.97 0 90 0 0 0.7071068 0 0.7071068 13.8889 0
0.4099 Head 0 1.6 0.78 12.97501 358.2 0 0.1129725 -0.01560683 0.001774725 0.9934739
0.4099 FirstCar -74.30666 0.025 2.97 0 90 0 0 0.7071068 0 0.7071068 13.8889 0
0.4117 Head 0 1.6 0.78 12.97501 358.2 0 0.1129725 -0.01560683 0.001774725 0.9934739
0.4117 FirstCar -74.28234 0.025 2.97 0 90 0 0 0.7071068 0 0.7071068 13.8889 0
0.4134 Head 0 1.6 0.78 12.97501 358.2 0 0.1129725 -0.01560683 0.001774725 0.9934739
0.4134 FirstCar -74.25848 0.025 2.97 0 90 0 0 0.7071068 0 0.7071068 13.8889 0
0.4154 Head 0 1.6 0.78 12.97501 358.2 0 0.1129725 -0.01560683 0.001774725 0.9934739
0.4154 FirstCar -74.23029 0.025 2.97 0 90 0 0 0.7071068 0 0.7071068 13.8889 0
0.4173 Head 0 1.6 0.78 12.97501 358.2 0 0.1129725 -0.01560683 0.001774725 0.9934739
0.4173 FirstCar -74.20399 0.025 2.97 0 90 0 0 0.7071068 0 0.7071068 13.8889 0
0.4191 Head 0 1.6 0.78 12.97501 358.2 0 0.1129725 -0.01560683 0.001774725 0.9934739
0.4191 FirstCar -74.17907 0.025 2.97 0 90 0 0 0.7071068 0 0.7071068 13.8889 0
0.4206 Head 0 1.6 0.78 12.97501 358.2 0 0.1129725 -0.01560683 0.001774725 0.9934739
0.4206 FirstCar -74.15879 0.025 2.97 0 90 0 0 0.7071068 0 0.7071068 13.8889 0
0.4220 Head 0 1.6 0.78 12.97501 358.125 -1.368974E-08 0.1129714 -0.01625705 0.001848665 0.9934635
0.4220 FirstCar -74.13832 0.025 2.97 0 90 0 0 0.7071068 0 0.7071068 13.8889 0
0.4235 Head 0 1.6 0.78 12.97501 358.125 -1.368974E-08 0.1129714 -0.01625705 0.001848665 0.9934635
0.4235 FirstCar -74.11861 0.025 2.97 0 90 0 0 0.7071068 0 0.7071068 13.8889 0
0.4248 Head 0 1.6 0.78 12.97501 358.125 -1.368974E-08 0.1129714 -0.01625705 0.001848665 0.9934635
0.4248 FirstCar -74.09991 0.025 2.97 0 90 0 0 0.7071068 0 0.7071068 13.8889 0
0.4266 Head 0 1.6 0.78 12.97501 358.125 -1.368974E-08 0.1129714 -0.01625705 0.001848665 0.9934635
0.4266 FirstCar -74.07529 0.025 2.97 0 90 0 0 0.7071068 0 0.7071068 13.8889 0
0.4282 Head 0 1.6 0.78 12.97501 358.125 -1.368974E-08 0.1129714 -0.01625705 0.001848665 0.9934635
0.4282 FirstCar -74.05286 0.025 2.97 0 90 0 0 0.7071068 0 0.7071068 13.8889 0
0.4303 Head 0 1.6 0.78 12.97501 357.6 0 0.1129617 -0.0208084 0.00236622 0.9933786
0.4303 FirstCar -74.02303 0.025 2.97 0 90 0 0 0.7071068 0 0.7071068 13.8889 0
0.4318 Head 0 1.6 0.78 12.97501 357.6 0 0.1129617 -0.0208084 0.00236622 0.9933786
0.4318 FirstCar -74.00214 0.025 2.97 0 90 0 0 0.7071068 0 0.7071068 13.8889 0
0.4334 Head 0 1.6 0.78 12.97501 357.6 0 0.1129617 -0.0208084 0.00236622 0.9933786
0.4334 FirstCar -73.97997 0.025 2.97 0 90 0 0 0.7071068 0 0.7071068 13.8889 0
0.4350 Head 0 1.6 0.78 12.97501 357.6 0 0.1129617 -0.0208084 0.00236622 0.9933786
0.4350 FirstCar -73.95811 0.025 2.97 0 90 0 0 0.7071068 0 0.7071068 13.8889 0
0.4370 Head 0 1.6 0.78 12.97501 357.6 0 0.1129617 -0.0208084 0.00236622 0.9933786
0.4370 FirstCar -73.92997 0.025 2.97 0 90 0 0 0.7071068 0 0.7071068 13.8889 0
0.4389 Head 0 1.6 0.78 12.975 357.15 -2.737948E-08 0.1129515 -0.02470922 0.002809801 0.9932892
0.4389 FirstCar -73.90379 0.025 2.97 0 90 0 0 0.7071068 0 0.7071068 13.8889 0
0.4406 Head 0 1.6 0.78 12.975 357.15 -2.737948E-08 0.1129515 -0.02470922 0.002809801 0.9932892
0.4406 FirstCar -73.88084 0.025 2.97 0 90 0 0 0.7071068 0 0.7071068 13.8889 0
0.4423 Head 0 1.6 0.78 12.975 357.15 -2.737948E-08 0.1129515 -0.02470922 0.002809801 0.9932892
0.4423 FirstCar -73.8569 0.025 2.97 0 90 0 0 0.7071068 0 0.7071068 13.8889 0
0.4441 Head 0 1.6 0.78 12.975 357.15 -2.737948E-08 0.1129515 -0.02470922 0.002809801 0.9932892
0.4441 FirstCar -73.83254 0.025 2.97 0 90 0 0 0.7071068 0 0.7071068 13.8889 0
0.4462 Head 0 1.6 0.78 12.975 357.15 -2.737948E-08 0.1129515 -0.02470922 0.002809801 0.9932892
0.4462 FirstCar -73.80284 0.025 2.97 0 90 0 0 0.7071068 0 0.7071068 13.8889 0
0.4483 Head 0 1.6 0.78 12.97501 356.775 2.737947E-08 0.1129417 -0.02795962 0.003179418 0.9932031
0.4483 FirstCar -73.77368 0.025 2.97 0 90 0 0 0.7071068 0 0.7071068 13.8889 0
0.4500 Head 0 1.6 0.78 12.97501 356.775 2.737947E-08 0.1129417 -0.02795962 0.003179418 0.9932031
0.4500 FirstCar -73.74962 0.025 2.97 0 90 0 0 0.7071068 0 0.7071068 13.8889 0
0.4514 Head 0 1.6 0.78 12.97501 356.775 2.737947E-08 0.1129417 -0.02795962 0.003179418 0.9932031
0.4514 FirstCar -73.73034 0.025 2.97 0 90 0 0 0.7071068 0 0.7071068 13.8889 0
0.4532 Head 0 1.6 0.78 12.97501 356.775 2.737947E-08 0.1129417 -0.02795962 0.003179418 0.9932031
0.4532 FirstCar -73.70618 0.025 2.97 0 90 0 0 0.7071068 0 0.7071068 13.8889 0
0.4548 Head 0 1.6 0.78 12.97501 356.4 0 0.1129307 -0.03120971 0.003549002 0.9931062
0.4548 FirstCar -73.68401 0.025 2.97 0 90 0 0 0.7071068 0 0.7071068 13.8889 0
0.4564 Head 0 1.6 0.78 12.97501 356.4 0 0.1129307 -0.03120971 0.003549002 0.9931062
0.4564 FirstCar -73.66121 0.025 2.97 0 90 0 0 0.7071068 0 0.7071068 13.8889 0
0.4579 Head 0 1.6 0.78 12.97501 356.4 0 0.1129307 -0.03120971 0.003549002 0.9931062
0.4579 FirstCar -73.6405 0.025 2.97 0 90 0 0 0.7071068 0 0.7071068 13.8889 0
0.4593 Head 0 1.6 0.78 12.97501 356.4 0 0.1129307 -0.03120971 0.003549002 0.9931062
0.4593 FirstCar -73.6208 0.025 2.97 0 90 0 0 0.7071068 0 0.7071068 13.8889 0
0.4611 Head 0 1.6 0.78 12.97501 356.4 0 0.1129307 -0.03120971 0.003549002 0.9931062
0.4611 FirstCar -73.59641 0.025 2.97 0 90 0 0 0.7071068 0 0.7071068 13.8889 0
0.4626 Head 0 1.6 0.78 12.97501 355.95 5.475895E-08 0.1129159 -0.03510938 0.003992451 0.9929761
0.4626 FirstCar -73.57501 0.025 2.97 0 90 0 0 0.7071068 0 0.7071068 13.8889 0
0.4640 Head 0 1.6 0.78 12.97501 355.95 5.475895E-08 0.1129159 -0.03510938 0.003992451 0.9929761
0.4640 FirstCar -73.55544 0.025 2.97 0 90 0 0 0.7071068 0 0.7071068 13.8889 0
0.4654 Head 0 1.6 0.78 12.97501 355.95 5.475895E-08 0.1129159 -0.03510938 0.003992451 0.9929761
0.4654 FirstCar -73.53645 0.025 2.97 0 90 0 0 0.7071068 0 0.7071068 13.8889 0
0.4672 Head 0 1.6 0.78 12.97501 355.95 5.475895E-08 0.1129159 -0.03510938 0.003992451 0.9929761
0.4672 FirstCar -73.51177 0.025 2.97 0 90 0 0 0.7071068 0 0.7071068 13.8889 0
0.4692 Head 0 1.6 0.78 12.97501 355.95 5.475895E-08 0.1129159 -0.03510938 0.003992451 0.9929761
0.4692 FirstCar -73.48388 0.025 2.97 0 90 0 0 0.7071068 0 0.7071068 13.8889 0
0.4709 Head 0 1.6 0.78 12.97501 355.725 0 0.1129079 -0.03705901 0.004214153 0.9929052
0.4709 FirstCar -73.45967 0.025 2.97 0 90 0 0 0.7071068 0 0.7071068 13.8889 0
0.4725 Head 0 1.6 0.78 12.97501 355.725 0 0.1129079 -0.03705901 0.004214153 0.9929052
0.4725 FirstCar -73.43806 0.025 2.97 0 90 0 0 0.7071068 0 0.7071068 13.8889 0
0.4740 Head 0 1.6 0.78 12.97501 355.725 0 0.1129079 -0.03705901 0.004214153 0.9929052
0.4740 FirstCar -73.417 0.025 2.97 0 90 0 0 0.7071068 0 0.7071068 13.8889 0
0.4755 Head 0 1.6 0.78 12.97501 355.725 0 0.1129079 -0.03705901 0.004214153 0.9929052
0.4755 FirstCar -73.39643 0.025 2.97 0 90 0 0 0.7071068 0 0.7071068 13.8889 0
0.4772 Head 0 1.6 0.78 12.97501 355.725 0 0.1129079 -0.03705901 0.004214153 0.9929052
0.4772 FirstCar -73.37273 0.025 2.97 0 90 0 0 0.7071068 0 0.7071068 13.8889 0
0.4786 Head 0 1.6 0.78 12.90001 355.35 5.474249E-08 0.1122437 -0.04031107 0.004557237 0.9928523
0.4786 FirstCar -73.35287 0.025 2.97 0 90 0 0 0.7071068 0 0.7071068 13.8889 0
0.4799 Head 0 1.6 0.78 12.90001 355.35 5.474249E-08 0.1122437 -0.04031107 0.004557237 0.9928523
0.4799 FirstCar -73.33405 0.025 2.97 0 90 0 0 0.7071068 0 0.7071068 13.8889 0
0.4812 Head 0 1.6 0.78 12.90001 355.35 5.474249E-08 0.1122437 -0.04031107 0.004557237 0.9928523
0.4812 FirstCar -73.31603 0.025 2.97 0 90 0 0 0.7071068 0 0.7071068 13.8889 0
0.4826 Head 0 1.6 0.78 12.90001 355.35 5.474249E-08 0.1122437 -0.04031107 0.004557237 0.9928523
0.4826 FirstCar -73.2978 0.025 2.97 0 90 0 0 0.7071068 0 0.7071068 13.8889 0
0.4840 Head 0 1.6 0.78 12.90001 355.35 5.474249E-08 0.1122437 -0.04031107 0.004557237 0.9928523
0.4840 FirstCar -73.27833 0.025 2.97 0 90 0 0 0.7071068 0 0.7071068 13.8889 0
0.4859 Head 0 1.6 0.78 12.90001 355.35 5.474249E-08 0.1122437 -0.04031107 0.004557237 0.9928523
0.4859 FirstCar -73.25186 0.025 2.97 0 90 0 0 0.7071068 0 0.7071068 13.8889 0
0.4877 Head 0 1.6 0.78 12.9 355.125 5.474249E-08 0.1122345 -0.04226046 0.004777618 0.9927712
0.4877 FirstCar -73.22612 0.025 2.97 0 90 0 0 0.7071068 0 0.7071068 13.8889 0
0.4893 Head 0 1.6 0.78 12.9 355.125 5.474249E-08 0.1122345 -0.04226046 0.004777618 0.9927712
0.4893 FirstCar -73.2036 0.025 2.97 0 90 0 0 0.7071068 0 0.7071068 13.8889 0
0.4913 Head 0 1.6 0.78 12.9 355.125 5.474249E-08 0.1122345 -0.04226046 0.004777618 0.9927712
0.4913 FirstCar -73.17707 0.025 2.97 0 90 0 0 0.7071068 0 0.7071068 13.8889 0
0.4933 Head 0 1.6 0.78 12.9 355.125 5.474249E-08 0.1122345 -0.04226046 0.004777618 0.9927712
0.4933 FirstCar -73.14845 0.025 2.97 0 90 0 0 0.7071068 0 0.7071068 13.8889 0
0.4952 Head 0 1.6 0.78 12.90001 354.975 -5.474249E-08 0.1122282 -0.04355995 0.004924528 0.9927151
0.4952 FirstCar -73.1222 0.025 2.97 0 90 0 0 0.7071068 0 0.7071068 13.8889 0
0.4969 Head 0 1.6 0.78 12.90001 354.975 -5.474249E-08 0.1122282 -0.04355995 0.004924528 0.9927151
0.4969 FirstCar -73.09908 0.025 2.97 0 90 0 0 0.7071068 0 0.7071068 13.8889 0
0.4983 Head 0 1.6 0.78 12.90001 354.975 -5.474249E-08 0.1122282 -0.04355995 0.004924528 0.9927151
0.4983 FirstCar -73.07926 0.025 2.97 0 90 0 0 0.7071068 0 0.7071068 13.8889 0
0.4998 Head 0 1.6 0.78 12.90001 354.975 -5.474249E-08 0.1122282 -0.04355995 0.004924528 0.9927151
0.4998 FirstCar -73.05898 0.025 2.97 0 90 0 0 0.7071068 0 0.7071068 13.8889 0
0.5015 Head 0 1.6 0.78 12.90001 354.975 -5.474249E-08 0.1122282 -0.04355995 0.004924528 0.9927151
0.5015 FirstCar -73.03502 0.025 2.97 0 90 0 0 0.7071068 0 0.7071068 13.8889 0
0.5033 Head 0 1.6 0.78 12.825 354.75 5.472613E-08 0.1115686 -0.04551242 0.005115092 0.9927008
0.5033 FirstCar -73.00999 0.025 2.97 0 90 0 0 0.7071068 0 0.7071068 13.8889 0
0.5049 Head 0 1.6 0.78 12.825 354.75 5.472613E-08 0.1115686 -0.04551242 0.005115092 0.9927008
0.5049 FirstCar -72.98753 0.025 2.97 0 90 0 0 0.7071068 0 0.7071068 13.8889 0
0.5069 Head 0 1.6 0.78 12.825 354.75 5.472613E-08 0.1115686 -0.04551242 0.005115092 0.9927008
0.5069 FirstCar -72.96037 0.025 2.97 0 90 0 0 0.7071068 0 0.7071068 13.8889 0
0.5088 Head 0 1.6 0.78 12.825 354.75 5.472613E-08 0.1115686 -0.04551242 0.005115092 0.9927008
0.5088 FirstCar -72.93307 0.025 2.97 0 90 0 0 0.7071068 0 0.7071068 13.8889 0
0.5109 Head 0 1.6 0.78 12.825 354.525 1.094523E-07 0.1115583 -0.04746149 0.005334146 0.9926096
0.5109 FirstCar -72.90439 0.025 2.97 0 90 0 0 0.7071068 0 0.7071068 13.8889 0
0.5127 Head 0 1.6 0.78 12.825 354.525 1.094523E-07 0.1115583 -0.04746149 0.005334146 0.9926096
0.5127 FirstCar -72.87852 0.025 2.97 0 90 0 0 0.7071068 0 0.7071068 13.8889 0
0.5142 Head 0 1.6 0.78 12.825 354.525 1.094523E-07 0.1115583 -0.04746149 0.005334146 0.9926096
0.5142 FirstCar -72.85804 0.025 2.97 0 90 0 0 0.7071068 0 0.7071068 13.8889 0
0.5156 Head 0 1.6 0.78 12.825 354.525 1.094523E-07 0.1115583 -0.04746149 0.005334146 0.9926096
0.5156 FirstCar -72.83839 0.025 2.97 0 90 0 0 0.7071068 0 0.7071068 13.8889 0
0.5175 Head 0 1.6 0.78 12.825 354.525 1.094523E-07 0.1115583 -0.04746149 0.005334146 0.9926096
0.5175 FirstCar -72.81315 0.025 2.97 0 90 0 0 0.7071068 0 0.7071068 13.8889 0
0.5191 Head 0 1.6 0.78 12.825 354.375 0 0.1115512 -0.04876078 0.005480171 0.9925466
0.5191 FirstCar -72.79077 0.025 2.97 0 90 0 0 0.7071068 0 0.7071068 13.8889 0
0.5206 Head 0 1.6 0.78 12.825 354.375 0 0.1115512 -0.04876078 0.005480171 0.9925466
0.5206 FirstCar -72.76959 0.025 2.97 0 90 0 0 0.7071068 0 0.7071068 13.8889 0
0.5221 Head 0 1.6 0.78 12.825 354.375 0 0.1115512 -0.04876078 0.005480171 0.9925466
0.5221 FirstCar -72.74927 0.025 2.97 0 90 0 0 0.7071068 0 0.7071068 13.8889 0
0.5234 Head 0 1.6 0.78 12.825 354.375 0 0.1115512 -0.04876078 0.005480171 0.9925466
0.5234 FirstCar -72.7299 0.025 2.97 0 90 0 0 0.7071068 0 0.7071068 13.8889 0
0.5253 Head 0 1.6 0.78 12.825 354.375 0 0.1115512 -0.04876078 0.005480171 0.9925466
0.5253 FirstCar -72.704 0.025 2.97 0 90 0 0 0.7071068 0 0.7071068 13.8889 0
0.5276 Head 0 1.6 0.78 12.75001 354.15 0 0.1108907 -0.05071326 0.005666 0.9925217
0.5276 FirstCar -72.67275 0.025 2.97 0 90 0 0 0.7071068 0 0.7071068 13.8889 0
0.5291 Head 0 1.6 0.78 12.75001 354.15 0 0.1108907 -0.05071326 0.005666 0.9925217
0.5291 FirstCar -72.65095 0.025 2.97 0 90 0 0 0.7071068 0 0.7071068 13.8889 0
0.5305 Head 0 1.6 0.78 12.75001 354.15 0 0.1108907 -0.05071326 0.005666 0.9925217
0.5305 FirstCar -72.63204 0.025 2.97 0 90 0 0 0.7071068 0 0.7071068 13.8889 0
0.5319 Head 0 1.6 0.78 12.75001 354.15 0 0.1108907 -0.05071326 0.005666 0.9925217
0.5319 FirstCar -72.61292 0.025 2.97 0 90 0 0 0.7071068 0 0.7071068 13.8889 0
0.5336 Head 0 1.6 0.78 12.75001 354.15 0 0.1108907 -0.05071326 0.005666 0.9925217
0.5336 FirstCar -72.58868 0.025 2.97 0 90 0 0 0.7071068 0 0.7071068 13.8889 0
0.5352 Head 0 1.6 0.78 12.75001 353.85 0 0.1108755 -0.05331149 0.005956292 0.9923855
0.5352 FirstCar -72.56694 0.025 2.97 0 90 0 0 0.7071068 0 0.7071068 13.8889 0
0.5367 Head 0 1.6 0.78 12.75001 353.85 0 0.1108755 -0.05331149 0.005956292 0.9923855
0.5367 FirstCar -72.54568 0.025 2.97 0 90 0 0 0.7071068 0 0.7071068 13.8889 0
0.5381 Head 0 1.6 0.78 12.75001 353.85 0 0.1108755 -0.05331149 0.005956292 0.9923855
0.5381 FirstCar -72.52569 0.025 2.97 0 90 0 0 0.7071068 0 0.7071068 13.8889 0
0.5395 Head 0 1.6 0.78 12.75001 353.85 0 0.1108755 -0.05331149 0.005956292 0.9923855
0.5395 FirstCar -72.50711 0.025 2.97 0 90 0 0 0.7071068 0 0.7071068 13.8889 0
0.5411 Head 0 1.6 0.78 12.75001 353.85 0 0.1108755 -0.05331149 0.005956292 0.9923855
0.5411 FirstCar -72.48486 0.025 2.97 0 90 0 0 0.7071068 0 0.7071068 13.8889 0
0.5425 Head 0 1.6 0.78 12.75001 353.55 0 0.1108595 -0.05590937 0.006246543 0.9922426
0.5425 FirstCar -72.46528 0.025 2.97 0 90 0 0 0.7071068 0 0.7071068 13.8889 0
0.5438 Head 0 1.6 0.78 12.75001 353.55 0 0.1108595 -0.05590937 0.006246543 0.9922426
0.5438 FirstCar -72.44682 0.025 2.97 0 90 0 0 0.7071068 0 0.7071068 13.8889 0
0.5452 Head 0 1.6 0.78 12.75001 353.55 0 0.1108595 -0.05590937 0.006246543 0.9922426
0.5452 FirstCar -72.42806 0.025 2.97 0 90 0 0 0.7071068 0 0.7071068 13.8889 0
0.5468 Head 0 1.6 0.78 12.75001 353.55 0 0.1108595 -0.05590937 0.006246543 0.9922426
0.5468 FirstCar -72.4051 0.025 2.97 0 90 0 0 0.7071068 0 0.7071068 13.8889 0
0.5486 Head 0 1.6 0.78 12.75001 353.55 0 0.1108595 -0.05590937 0.006246543 0.9922426
0.5486 FirstCar -72.38103 0.025 2.97 0 90 0 0 0.7071068 0 0.7071068 13.8889 0
0.5501 Head 0 1.6 0.78 12.75001 353.175 1.094197E-07 0.1108385 -0.05915617 0.006609295 0.9920543
0.5501 FirstCar -72.35937 0.025 2.97 0 90 0 0 0.7071068 0 0.7071068 13.8889 0
0.5516 Head 0 1.6 0.78 12.75001 353.175 1.094197E-07 0.1108385 -0.05915617 0.006609295 0.9920543
0.5516 FirstCar -72.33926 0.025 2.97 0 90 0 0 0.7071068 0 0.7071068 13.8889 0
0.5531 Head 0 1.6 0.78 12.75001 353.175 1.094197E-07 0.1108385 -0.05915617 0.006609295 0.9920543
0.5531 FirstCar -72.31821 0.025 2.97 0 90 0 0 0.7071068 0 0.7071068 13.8889 0
0.5546 Head 0 1.6 0.78 12.75001 353.175 1.094197E-07 0.1108385 -0.05915617 0.006609295 0.9920543
0.5546 FirstCar -72.29707 0.025 2.97 0 90 0 0 0.7071068 0 0.7071068 13.8889 0
0.5566 Head 0 1.6 0.78 12.75001 353.175 1.094197E-07 0.1108385 -0.05915617 0.006609295 0.9920543
0.5566 FirstCar -72.26975 0.025 2.97 0 90 0 0 0.7071068 0 0.7071068 13.8889 0
0.5583 Head 0 1.6 0.78 12.75001 352.875 -5.470987E-08 0.1108208 -0.06175316 0.006899447 0.991896
0.5583 FirstCar -72.24589 0.025 2.97 0 90 0 0 0.7071068 0 0.7071068 13.8889 0
0.5599 Head 0 1.6 0.78 12.75001 352.875 -5.470987E-08 0.1108208 -0.06175316 0.006899447 0.991896
0.5599 FirstCar -72.22422 0.025 2.97 0 90 0 0 0.7071068 0 0.7071068 13.8889 0
0.5612 Head 0 1.6 0.78 12.75001 352.875 -5.470987E-08 0.1108208 -0.06175316 0.006899447 0.991896
0.5612 FirstCar -72.20579 0.025 2.97 0 90 0 0 0.7071068 0 0.7071068 13.8889 0
0.5625 Head 0 1.6 0.78 12.75001 352.875 -5.470987E-08 0.1108208 -0.06175316 0.006899447 0.991896
0.5625 FirstCar -72.1872 0.025 2.97 0 90 0 0 0.7071068 0 0.7071068 13.8889 0
0.5639 Head 0 1.6 0.78 12.75001 352.875 -5.470987E-08 0.1108208 -0.06175316 0.006899447 0.991896
0.5639 FirstCar -72.16756 0.025 2.97 0 90 0 0 0.7071068 0 0.7071068 13.8889 0
0.5659 Head 0 1.6 0.78 12.75001 352.875 -5.470987E-08 0.1108208 -0.06175316 0.006899447 0.991896
0.5659 FirstCar -72.14075 0.025 2.97 0 90 0 0 0.7071068 0 0.7071068 13.8889 0
0.5681 Head 0 1.6 0.78 12.75 352.5 0 0.1107976 -0.0649988 0.00726207 0.9916886
0.5681 FirstCar -72.10931 0.025 2.97 0 90 0 0 0.7071068 0 0.7071068 13.8889 0
0.5701 Head 0 1.6 0.78 12.75 352.5 0 0.1107976 -0.0649988 0.00726207 0.9916886
0.5701 FirstCar -72.0817 0.025 2.97 0 90 0 0 0.7071068 0 0.7071068 13.8889 0
0.5717 Head 0 1.6 0.78 12.75 352.5 0 0.1107976 -0.0649988 0.00726207 0.9916886
0.5717 FirstCar -72.05979 0.025 2.97 0 90 0 0 0.7071068 0 0.7071068 13.8889 0
0.5735 Head 0 1.6 0.78 12.75 352.5 0 0.1107976 -0.0649988 0.00726207 0.9916886
0.5735 FirstCar -72.03522 0.025 2.97 0 90 0 0 0.7071068 0 0.7071068 13.8889 0
0.5753 Head 0 1.6 0.78 12.75001 352.125 -5.470987E-08 0.1107733 -0.06824373 0.007624614 0.9914706
0.5753 FirstCar -72.00964 0.025 2.97 0 90 0 0 0.7071068 0 0.7071068 13.8889 0
0.5769 Head 0 1.6 0.78 12.75001 352.125 -5.470987E-08 0.1107733 -0.06824373 0.007624614 0.9914706
0.5769 FirstCar -71.9869 0.025 2.97 0 90 0 0 0.7071068 0 0.7071068 13.8889 0
0.5784 Head 0 1.6 0.78 12.75001 352.125 -5.470987E-08 0.1107733 -0.06824373 0.007624614 0.9914706
0.5784 FirstCar -71.9661 0.025 2.97 0 90 0 0 0.7071068 0 0.7071068 13.8889 0
0.5799 Head 0 1.6 0.78 12.75001 352.125 -5.470987E-08 0.1107733 -0.06824373 0.007624614 0.9914706
0.5799 FirstCar -71.94566 0.025 2.97 0 90 0 0 0.7071068 0 0.7071068 13.8889 0
0.5817 Head 0 1.6 0.78 12.75001 352.125 -5.470987E-08 0.1107733 -0.06824373 0.007624614 0.9914706
0.5817 FirstCar -71.92071 0.025 2.97 0 90 0 0 0.7071068 0 0.7071068 13.8889 0
0.5833 Head 0 1.6 0.78 12.75001 351.75 0 0.1107477 -0.07148796 0.007987078 0.991242
0.5833 FirstCar -71.89847 0.025 2.97 0 90 0 0 0.7071068 0 0.7071068 13.8889 0
0.5852 Head 0 1.6 0.78 12.75001 351.75 0 0.1107477 -0.07148796 0.007987078 0.991242
0.5852 FirstCar -71.87241 0.025 2.97 0 90 0 0 0.7071068 0 0.7071068 13.8889 0
0.5873 Head 0 1.6 0.78 12.75001 351.75 0 0.1107477 -0.07148796 0.007987078 0.991242
0.5873 FirstCar -71.84339 0.025 2.97 0 90 0 0 0.7071068 0 0.7071068 13.8889 0
0.5893 Head 0 1.6 0.78 12.75001 351.75 0 0.1107477 -0.07148796 0.007987078 0.991242
0.5893 FirstCar -71.81555 0.025 2.97 0 90 0 0 0.7071068 0 0.7071068 13.8889 0
0.5910 Head 0 1.6 0.78 12.75001 351.375 0 0.110721 -0.07473139 0.008349455 0.9910027
0.5910 FirstCar -71.79102 0.025 2.97 0 90 0 0 0.7071068 0 0.7071068 13.8889 0
0.5925 Head 0 1.6 0.78 12.75001 351.375 0 0.110721 -0.07473139 0.008349455 0.9910027
0.5925 FirstCar -71.77042 0.025 2.97 0 90 0 0 0.7071068 0 0.7071068 13.8889 0
0.5940 Head 0 1.6 0.78 12.75001 351.375 0 0.110721 -0.07473139 0.008349455 0.9910027
0.5940 FirstCar -71.74947 0.025 2.97 0 90 0 0 0.7071068 0 0.7071068 13.8889 0
0.5955 Head 0 1.6 0.78 12.75001 351.375 0 0.110721 -0.07473139 0.008349455 0.9910027
0.5955 FirstCar -71.72972 0.025 2.97 0 90 0 0 0.7071068 0 0.7071068 13.8889 0
0.5972 Head 0 1.6 0.78 12.75001 351.375 0 0.110721 -0.07473139 0.008349455 0.9910027
0.5972 FirstCar -71.70608 0.025 2.97 0 90 0 0 0.7071068 0 0.7071068 13.8889 0
0.5986 Head 0 1.6 0.78 12.67501 350.925 0 0.1100389 -0.0786282 0.008732731 0.9907739
0.5986 FirstCar -71.68576 0.025 2.97 0 90 0 0 0.7071068 0 0.7071068 13.8889 0
0.6000 Head 0 1.6 0.78 12.67501 350.925 0 0.1100389 -0.0786282 0.008732731 0.9907739
0.6000 FirstCar -71.66689 0.025 2.97 0 90 0 0 0.7071068 0 0.7071068 13.8889 0
0.6013 Head 0 1.6 0.78 12.67501 350.925 0 0.1100389 -0.0786282 0.008732731 0.9907739
0.6013 FirstCar -71.64834 0.025 2.97 0 90 0 0 0.7071068 0 0.7071068 13.8889 0
0.6027 Head 0 1.6 0.78 12.67501 350.925 0 0.1100389 -0.0786282 0.008732731 0.9907739
0.6027 FirstCar -71.62969 0.025 2.97 0 90 0 0 0.7071068 0 0.7071068 13.8889 0
0.6040 Head 0 1.6 0.78 12.67501 350.925 0 0.1100389 -0.0786282 0.008732731 0.9907739
0.6040 FirstCar -71.61046 0.025 2.97 0 90 0 0 0.7071068 0 0.7071068 13.8889 0
0.6058 Head 0 1.6 0.78 12.67501 350.925 0 0.1100389 -0.0786282 0.008732731 0.9907739
0.6058 FirstCar -71.58598 0.025 2.97 0 90 0 0 0.7071068 0 0.7071068 13.8889 0
0.6076 Head 0 1.6 0.78 12.675 350.55 0 0.1100097 -0.08187006 0.009092784 0.9905112
0.6076 FirstCar -71.56143 0.025 2.97 0 90 0 0 0.7071068 0 0.7071068 13.8889 0
0.6091 Head 0 1.6 0.78 12.675 350.55 0 0.1100097 -0.08187006 0.009092784 0.9905112
0.6091 FirstCar -71.54056 0.025 2.97 0 90 0 0 0.7071068 0 0.7071068 13.8889 0
0.6104 Head 0 1.6 0.78 12.675 350.55 0 0.1100097 -0.08187006 0.009092784 0.9905112
0.6104 FirstCar -71.52175 0.025 2.97 0 90 0 0 0.7071068 0 0.7071068 13.8889 0
0.6118 Head 0 1.6 0.78 12.675 350.55 0 0.1100097 -0.08187006 0.009092784 0.9905112
0.6118 FirstCar -71.50323 0.025 2.97 0 90 0 0 0.7071068 0 0.7071068 13.8889 0
0.6135 Head 0 1.6 0.78 12.675 350.55 0 0.1100097 -0.08187006 0.009092784 0.9905112
0.6135 FirstCar -71.47875 0.025 2.97 0 90 0 0 0.7071068 0 0.7071068 13.8889 0
0.6150 Head 0 1.6 0.78 12.675 350.175 1.093874E-07 0.1099794 -0.08511106 0.009452741 0.990238
0.6150 FirstCar -71.45804 0.025 2.97 0 90 0 0 0.7071068 0 0.7071068 13.8889 0
0.6165 Head 0 1.6 0.78 12.675 350.175 1.093874E-07 0.1099794 -0.08511106 0.009452741 0.990238
0.6165 FirstCar -71.43796 0.025 2.97 0 90 0 0 0.7071068 0 0.7071068 13.8889 0
0.6179 Head 0 1.6 0.78 12.675 350.175 1.093874E-07 0.1099794 -0.08511106 0.009452741 0.990238
0.6179 FirstCar -71.41847 0.025 2.97 0 90 0 0 0.7071068 0 0.7071068 13.8889 0
0.6194 Head 0 1.6 0.78 12.675 350.175 1.093874E-07 0.1099794 -0.08511106 0.009452741 0.990238
0.6194 FirstCar -71.39774 0.025 2.97 0 90 0 0 0.7071068 0 0.7071068 13.8889 0
0.6211 Head 0 1.6 0.78 12.675 350.175 1.093874E-07 0.1099794 -0.08511106 0.009452741 0.990238
0.6211 FirstCar -71.37341 0.025 2.97 0 90 0 0 0.7071068 0 0.7071068 13.8889 0
0.6227 Head 0 1.6 0.78 12.675 349.725 1.093874E-07 0.1099414 -0.08899906 0.009884555 0.9898961
0.6227 FirstCar -71.35082 0.025 2.97 0 90 0 0 0.7071068 0 0.7071068 13.8889 0
0.6244 Head 0 1.6 0.78 12.675 349.725 1.093874E-07 0.1099414 -0.08899906 0.009884555 0.9898961
0.6244 FirstCar -71.32838 0.025 2.97 0 90 0 0 0.7071068 0 0.7071068 13.8889 0
0.6258 Head 0 1.6 0.78 12.675 349.725 1.093874E-07 0.1099414 -0.08899906 0.009884555 0.9898961
0.6258 FirstCar -71.30798 0.025 2.97 0 90 0 0 0.7071068 0 0.7071068 13.8889 0
0.6275 Head 0 1.6 0.78 12.675 349.725 1.093874E-07 0.1099414 -0.08899906 0.009884555 0.9898961
0.6275 FirstCar -71.28465 0.025 2.97 0 90 0 0 0.7071068 0 0.7071068 13.8889 0
0.6292 Head 0 1.6 0.78 12.675 349.725 1.093874E-07 0.1099414 -0.08899906 0.009884555 0.9898961
0.6292 FirstCar -71.26145 0.025 2.97 0 90 0 0 0.7071068 0 0.7071068 13.8889 0
0.6307 Head 0 1.6 0.78 12.60001 349.35 1.093553E-07 0.1092608 -0.09224468 0.01018391 0.9896713
0.6307 FirstCar -71.24043 0.025 2.97 0 90 0 0 0.7071068 0 0.7071068 13.8889 0
0.6322 Head 0 1.6 0.78 12.60001 349.35 1.093553E-07 0.1092608 -0.09224468 0.01018391 0.9896713
0.6322 FirstCar -71.21954 0.025 2.97 0 90 0 0 0.7071068 0 0.7071068 13.8889 0
0.6336 Head 0 1.6 0.78 12.60001 349.35 1.093553E-07 0.1092608 -0.09224468 0.01018391 0.9896713
0.6336 FirstCar -71.20004 0.025 2.97 0 90 0 0 0.7071068 0 0.7071068 13.8889 0
0.6351 Head 0 1.6 0.78 12.60001 349.35 1.093553E-07 0.1092608 -0.09224468 0.01018391 0.9896713
0.6351 FirstCar -71.17876 0.025 2.97 0 90 0 0 0.7071068 0 0.7071068 13.8889 0
0.6370 Head 0 1.6 0.78 12.60001 349.35 1.093553E-07 0.1092608 -0.09224468 0.01018391 0.9896713
0.6370 FirstCar -71.15316 0.025 2.97 0 90 0 0 0.7071068 0 0.7071068 13.8889 0
0.6388 Head 0 1.6 0.78 12.60001 348.75 -1.093553E-07 0.109206 -0.0974253 0.01075586 0.9891748
0.6388 FirstCar -71.12822 0.025 2.97 0 90 0 0 0.7071068 0 0.7071068 13.8889 0
0.6403 Head 0 1.6 0.78 12.60001 348.75 -1.093553E-07 0.109206 -0.0974253 0.01075586 0.9891748
0.6403 FirstCar -71.10629 0.025 2.97 0 90 0 0 0.7071068 0 0.7071068 13.8889 0
0.6417 Head 0 1.6 0.78 12.60001 348.75 -1.093553E-07 0.109206 -0.0974253 0.01075586 0.9891748
0.6417 FirstCar -71.08723 0.025 2.97 0 90 0 0 0.7071068 0 0.7071068 13.8889 0
0.6433 Head 0 1.6 0.78 12.60001 348.75 -1.093553E-07 0.109206 -0.0974253 0.01075586 0.9891748
0.6433 FirstCar -71.06568 0.025 2.97 0 90 0 0 0.7071068 0 0.7071068 13.8889 0
0.6452 Head 0 1.6 0.78 12.60001 348.75 -1.093553E-07 0.109206 -0.0974253 0.01075586 0.9891748
0.6452 FirstCar -71.03909 0.025 2.97 0 90 0 0 0.7071068 0 0.7071068 13.8889 0
0.6473 Head 0 1.6 0.78 12.60001 348.15 0 0.1091481 -0.1026033 0.01132751 0.9886511
0.6473 FirstCar -71.00954 0.025 2.97 0 90 0 0 0.7071068 0 0.7071068 13.8889 0
0.6490 Head 0 1.6 0.78 12.60001 348.15 0 0.1091481 -0.1026033 0.01132751 0.9886511
0.6490 FirstCar -70.98559 0.025 2.97 0 90 0 0 0.7071068 0 0.7071068 13.8889 0
0.6506 Head 0 1.6 0.78 12.60001 348.15 0 0.1091481 -0.1026033 0.01132751 0.9886511
0.6506 FirstCar -70.96354 0.025 2.97 0 90 0 0 0.7071068 0 0.7071068 13.8889 0
0.6526 Head 0 1.6 0.78 12.60001 348.15 0 0.1091481 -0.1026033 0.01132751 0.9886511
0.6526 FirstCar -70.93587 0.025 2.97 0 90 0 0 0.7071068 0 0.7071068 13.8889 0
0.6544 Head 0 1.6 0.78 12.60001 347.475 0 0.1090795 -0.1084251 0.01197025 0.9880296
0.6544 FirstCar -70.91061 0.025 2.97 0 90 0 0 0.7071068 0 0.7071068 13.8889 0
0.6563 Head 0 1.6 0.78 12.60001 347.475 0 0.1090795 -0.1084251 0.01197025 0.9880296
0.6563 FirstCar -70.88509 0.025 2.97 0 90 0 0 0.7071068 0 0.7071068 13.8889 0
0.6579 Head 0 1.6 0.78 12.60001 347.475 0 0.1090795 -0.1084251 0.01197025 0.9880296
0.6579 FirstCar -70.86279 0.025 2.97 0 90 0 0 0.7071068 0 0.7071068 13.8889 0
0.6593 Head 0 1.6 0.78 12.60001 347.475 0 0.1090795 -0.1084251 0.01197025 0.9880296
0.6593 FirstCar -70.8431 0.025 2.97 0 90 0 0 0.7071068 0 0.7071068 13.8889 0
0.6610 Head 0 1.6 0.78 12.60001 347.475 0 0.1090795 -0.1084251 0.01197025 0.9880296
0.6610 FirstCar -70.81972 0.025 2.97 0 90 0 0 0.7071068 0 0.7071068 13.8889 0
0.6625 Head 0 1.6 0.78 12.60001 346.875 1.093553E-07 0.1090154 -0.1135969 0.01254122 0.9874483
0.6625 FirstCar -70.79871 0.025 2.97 0 90 0 0 0.7071068 0 0.7071068 13.8889 0
0.6639 Head 0 1.6 0.78 12.60001 346.875 1.093553E-07 0.1090154 -0.1135969 0.01254122 0.9874483
0.6639 FirstCar -70.77866 0.025 2.97 0 90 0 0 0.7071068 0 0.7071068 13.8889 0
0.6653 Head 0 1.6 0.78 12.60001 346.875 1.093553E-07 0.1090154 -0.1135969 0.01254122 0.9874483
0.6653 FirstCar -70.75984 0.025 2.97 0 90 0 0 0.7071068 0 0.7071068 13.8889 0
0.6669 Head 0 1.6 0.78 12.60001 346.875 1.093553E-07 0.1090154 -0.1135969 0.01254122 0.9874483
0.6669 FirstCar -70.73704 0.025 2.97 0 90 0 0 0.7071068 0 0.7071068 13.8889 0
0.6686 Head 0 1.6 0.78 12.60001 346.875 1.093553E-07 0.1090154 -0.1135969 0.01254122 0.9874483
0.6686 FirstCar -70.71368 0.025 2.97 0 90 0 0 0.7071068 0 0.7071068 13.8889 0
0.6701 Head 0 1.6 0.78 12.52501 346.2 0 0.1082937 -0.11942 0.01310499 0.9868331
0.6701 FirstCar -70.69334 0.025 2.97 0 90 0 0 0.7071068 0 0.7071068 13.8889 0
0.6714 Head 0 1.6 0.78 12.52501 346.2 0 0.1082937 -0.11942 0.01310499 0.9868331
0.6714 FirstCar -70.67435 0.025 2.97 0 90 0 0 0.7071068 0 0.7071068 13.8889 0
0.6729 Head 0 1.6 0.78 12.52501 346.2 0 0.1082937 -0.11942 0.01310499 0.9868331
0.6729 FirstCar -70.65412 0.025 2.97 0 90 0 0 0.7071068 0 0.7071068 13.8889 0
0.6746 Head 0 1.6 0.78 12.52501 346.2 0 0.1082937 -0.11942 0.01310499 0.9868331
0.6746 FirstCar -70.62991 0.025 2.97 0 90 0 0 0.7071068 0 0.7071068 13.8889 0
0.6765 Head 0 1.6 0.78 12.52501 346.2 0 0.1082937 -0.11942 0.01310499 0.9868331
0.6765 FirstCar -70.60397 0.025 2.97 0 90 0 0 0.7071068 0 0.7071068 13.8889 0
0.6780 Head 0 1.6 0.78 12.52501 345.525 0 0.1082147 -0.1252308 0.01374266 0.9861126
0.6780 FirstCar -70.5829 0.025 2.97 0 90 0 0 0.7071068 0 0.7071068 13.8889 0
0.6794 Head 0 1.6 0.78 12.52501 345.525 0 0.1082147 -0.1252308 0.01374266 0.9861126
0.6794 FirstCar -70.56387 0.025 2.97 0 90 0 0 0.7071068 0 0.7071068 13.8889 0
0.6807 Head 0 1.6 0.78 12.52501 345.525 0 0.1082147 -0.1252308 0.01374266 0.9861126
0.6807 FirstCar -70.54535 0.025 2.97 0 90 0 0 0.7071068 0 0.7071068 13.8889 0
0.6823 Head 0 1.6 0.78 12.52501 345.525 0 0.1082147 -0.1252308 0.01374266 0.9861126
0.6823 FirstCar -70.52351 0.025 2.97 0 90 0 0 0.7071068 0 0.7071068 13.8889 0
0.6839 Head 0 1.6 0.78 12.52501 345.525 0 0.1082147 -0.1252308 0.01374266 0.9861126
0.6839 FirstCar -70.50079 0.025 2.97 0 90 0 0 0.7071068 0 0.7071068 13.8889 0
0.6860 Head 0 1.6 0.78 12.52501 345.525 0 0.1082147 -0.1252308 0.01374266 0.9861126
0.6860 FirstCar -70.47161 0.025 2.97 0 90 0 0 0.7071068 0 0.7071068 13.8889 0
0.6883 Head 0 1.6 0.78 12.52501 344.925 -1.093234E-07 0.1081412 -0.1303924 0.01430908 0.9854434
0.6883 FirstCar -70.44086 0.025 2.97 0 90 0 0 0.7071068 0 0.7071068 13.8889 0
0.6898 Head 0 1.6 0.78 12.52501 344.925 -1.093234E-07 0.1081412 -0.1303924 0.01430908 0.9854434
0.6898 FirstCar -70.42012 0.025 2.97 0 90 0 0 0.7071068 0 0.7071068 13.8889 0
0.6911 Head 0 1.6 0.78 12.52501 344.925 -1.093234E-07 0.1081412 -0.1303924 0.01430908 0.9854434
0.6911 FirstCar -70.4017 0.025 2.97 0 90 0 0 0.7071068 0 0.7071068 13.8889 0
0.6927 Head 0 1.6 0.78 12.52501 344.925 -1.093234E-07 0.1081412 -0.1303924 0.01430908 0.9854434
0.6927 FirstCar -70.37894 0.025 2.97 0 90 0 0 0.7071068 0 0.7071068 13.8889 0
0.6942 Head 0 1.6 0.78 12.45001 344.175 -1.092917E-07 0.1074008 -0.1368491 0.01492699 0.9846393
0.6942 FirstCar -70.35883 0.025 2.97 0 90 0 0 0.7071068 0 0.7071068 13.8889 0
0.6956 Head 0 1.6 0.78 12.45001 344.175 -1.092917E-07 0.1074008 -0.1368491 0.01492699 0.9846393
0.6956 FirstCar -70.3387 0.025 2.97 0 90 0 0 0.7071068 0 0.7071068 13.8889 0
0.6970 Head 0 1.6 0.78 12.45001 344.175 -1.092917E-07 0.1074008 -0.1368491 0.01492699 0.9846393
0.6970 FirstCar -70.31927 0.025 2.97 0 90 0 0 0.7071068 0 0.7071068 13.8889 0
0.6984 Head 0 1.6 0.78 12.45001 344.175 -1.092917E-07 0.1074008 -0.1368491 0.01492699 0.9846393
0.6984 FirstCar -70.29988 0.025 2.97 0 90 0 0 0.7071068 0 0.7071068 13.8889 0
0.6998 Head 0 1.6 0.78 12.45001 344.175 -1.092917E-07 0.1074008 -0.1368491 0.01492699 0.9846393
0.6998 FirstCar -70.28116 0.025 2.97 0 90 0 0 0.7071068 0 0.7071068 13.8889 0
0.7015 Head 0 1.6 0.78 12.45001 344.175 -1.092917E-07 0.1074008 -0.1368491 0.01492699 0.9846393
0.7015 FirstCar -70.25729 0.025 2.97 0 90 0 0 0.7071068 0 0.7071068 13.8889 0
0.7030 Head 0 1.6 0.78 12.45001 343.275 0 0.1072803 -0.1445781 0.01577005 0.9835342
0.7030 FirstCar -70.23544 0.025 2.97 0 90 0 0 0.7071068 0 0.7071068 13.8889 0
0.7046 Head 0 1.6 0.78 12.45001 343.275 0 0.1072803 -0.1445781 0.01577005 0.9835342
0.7046 FirstCar -70.21362 0.025 2.97 0 90 0 0 0.7071068 0 0.7071068 13.8889 0
0.7062 Head 0 1.6 0.78 12.45001 343.275 0 0.1072803 -0.1445781 0.01577005 0.9835342
0.7062 FirstCar -70.19166 0.025 2.97 0 90 0 0 0.7071068 0 0.7071068 13.8889 0
0.7085 Head 0 1.6 0.78 12.45001 343.275 0 0.1072803 -0.1445781 0.01577005 0.9835342
0.7085 FirstCar -70.15936 0.025 2.97 0 90 0 0 0.7071068 0 0.7071068 13.8889 0
0.7102 Head 0 1.6 0.78 12.45001 342.45 -2.185835E-07 0.107164 -0.1516552 0.01654199 0.9824678
0.7102 FirstCar -70.13618 0.025 2.97 0 90 0 0 0.7071068 0 0.7071068 13.8889 0
0.7118 Head 0 1.6 0.78 12.45001 342.45 -2.185835E-07 0.107164 -0.1516552 0.01654199 0.9824678
0.7118 FirstCar -70.11402 0.025 2.97 0 90 0 0 0.7071068 0 0.7071068 13.8889 0
0.7133 Head 0 1.6 0.78 12.45001 342.45 -2.185835E-07 0.107164 -0.1516552 0.01654199 0.9824678
0.7133 FirstCar -70.0936 0.025 2.97 0 90 0 0 0.7071068 0 0.7071068 13.8889 0
0.7148 Head 0 1.6 0.78 12.45001 342.45 -2.185835E-07 0.107164 -0.1516552 0.01654199 0.9824678
0.7148 FirstCar -70.07156 0.025 2.97 0 90 0 0 0.7071068 0 0.7071068 13.8889 0
0.7169 Head 0 1.6 0.78 12.45001 342.45 -2.185835E-07 0.107164 -0.1516552 0.01654199 0.9824678
0.7169 FirstCar -70.04238 0.025 2.97 0 90 0 0 0.7071068 0 0.7071068 13.8889 0
0.7188 Head 0 1.6 0.78 12.45001 341.55 -2.185835E-07 0.1070307 -0.1593668 0.01738314 0.9812464
0.7188 FirstCar -70.01607 0.025 2.97 0 90 0 0 0.7071068 0 0.7071068 13.8889 0
0.7207 Head 0 1.6 0.78 12.45001 341.55 -2.185835E-07 0.1070307 -0.1593668 0.01738314 0.9812464
0.7207 FirstCar -69.99081 0.025 2.97 0 90 0 0 0.7071068 0 0.7071068 13.8889 0
0.7221 Head 0 1.6 0.78 12.45001 341.55 -2.185835E-07 0.1070307 -0.1593668 0.01738314 0.9812464
0.7221 FirstCar -69.97116 0.025 2.97 0 90 0 0 0.7071068 0 0.7071068 13.8889 0
0.7236 Head 0 1.6 0.78 12.45001 341.55 -2.185835E-07 0.1070307 -0.1593668 0.01738314 0.9812464
0.7236 FirstCar -69.95068 0.025 2.97 0 90 0 0 0.7071068 0 0.7071068 13.8889 0
0.7255 Head 0 1.6 0.78 12.45001 341.55 -2.185835E-07 0.1070307 -0.1593668 0.01738314 0.9812464
0.7255 FirstCar -69.92397 0.025 2.97 0 90 0 0 0.7071068 0 0.7071068 13.8889 0
0.7273 Head 0 1.6 0.78 12.45001 340.65 -2.185835E-07 0.1068909 -0.1670684 0.01822321 0.9799645
0.7273 FirstCar -69.89851 0.025 2.97 0 90 0 0 0.7071068 0 0.7071068 13.8889 0
0.7288 Head 0 1.6 0.78 12.45001 340.65 -2.185835E-07 0.1068909 -0.1670684 0.01822321 0.9799645
0.7288 FirstCar -69.87831 0.025 2.97 0 90 0 0 0.7071068 0 0.7071068 13.8889 0
0.7301 Head 0 1.6 0.78 12.45001 340.65 -2.185835E-07 0.1068909 -0.1670684 0.01822321 0.9799645
0.7301 FirstCar -69.85923 0.025 2.97 0 90 0 0 0.7071068 0 0.7071068 13.8889 0
0.7314 Head 0 1.6 0.78 12.45001 340.65 -2.185835E-07 0.1068909 -0.1670684 0.01822321 0.9799645
0.7314 FirstCar -69.84114 0.025 2.97 0 90 0 0 0.7071068 0 0.7071068 13.8889 0
0.7331 Head 0 1.6 0.78 12.45001 340.65 -2.185835E-07 0.1068909 -0.1670684 0.01822321 0.9799645
0.7331 FirstCar -69.81803 0.025 2.97 0 90 0 0 0.7071068 0 0.7071068 13.8889 0
0.7346 Head 0 1.6 0.78 12.45001 339.75 0 0.1067445 -0.1747598 0.01906216 0.9786221
0.7346 FirstCar -69.79719 0.025 2.97 0 90 0 0 0.7071068 0 0.7071068 13.8889 0
0.7361 Head 0 1.6 0.78 12.45001 339.75 0 0.1067445 -0.1747598 0.01906216 0.9786221
0.7361 FirstCar -69.77588 0.025 2.97 0 90 0 0 0.7071068 0 0.7071068 13.8889 0
0.7375 Head 0 1.6 0.78 12.45001 339.75 0 0.1067445 -0.1747598 0.01906216 0.9786221
0.7375 FirstCar -69.75687 0.025 2.97 0 90 0 0 0.7071068 0 0.7071068 13.8889 0
0.7388 Head 0 1.6 0.78 12.45001 339.75 0 0.1067445 -0.1747598 0.01906216 0.9786221
0.7388 FirstCar -69.73835 0.025 2.97 0 90 0 0 0.7071068 0 0.7071068 13.8889 0
0.7406 Head 0 1.6 0.78 12.45001 339.75 0 0.1067445 -0.1747598 0.01906216 0.9786221
0.7406 FirstCar -69.71381 0.025 2.97 0 90 0 0 0.7071068 0 0.7071068 13.8889 0
0.7421 Head 0 1.6 0.78 12.45001 338.7 0 0.1065653 -0.1837195 0.02003944 0.9769797
0.7421 FirstCar -69.69315 0.025 2.97 0 90 0 0 0.7071068 0 0.7071068 13.8889 0
0.7435 Head 0 1.6 0.78 12.45001 338.7 0 0.1065653 -0.1837195 0.02003944 0.9769797
0.7435 FirstCar -69.67428 0.025 2.97 0 90 0 0 0.7071068 0 0.7071068 13.8889 0
0.7448 Head 0 1.6 0.78 12.45001 338.7 0 0.1065653 -0.1837195 0.02003944 0.9769797
0.7448 FirstCar -69.6559 0.025 2.97 0 90 0 0 0.7071068 0 0.7071068 13.8889 0
0.7462 Head 0 1.6 0.78 12.45001 338.7 0 0.1065653 -0.1837195 0.02003944 0.9769797
0.7462 FirstCar -69.63644 0.025 2.97 0 90 0 0 0.7071068 0 0.7071068 13.8889 0
0.7479 Head 0 1.6 0.78 12.45001 338.7 0 0.1065653 -0.1837195 0.02003944 0.9769797
0.7479 FirstCar -69.61254 0.025 2.97 0 90 0 0 0.7071068 0 0.7071068 13.8889 0
0.7497 Head 0 1.6 0.78 12.45001 338.7 0 0.1065653 -0.1837195 0.02003944 0.9769797
0.7497 FirstCar -69.58732 0.025 2.97 0 90 0 0 0.7071068 0 0.7071068 13.8889 0
0.7515 Head 0 1.6 0.78 12.37501 337.8 -2.185205E-07 0.1057662 -0.1914005 0.02075051 0.9755762
0.7515 FirstCar -69.56261 0.025 2.97 0 90 0 0 0.7071068 0 0.7071068 13.8889 0
0.7530 Head 0 1.6 0.78 12.37501 337.8 -2.185205E-07 0.1057662 -0.1914005 0.02075051 0.9755762
0.7530 FirstCar -69.54099 0.025 2.97 0 90 0 0 0.7071068 0 0.7071068 13.8889 0
0.7544 Head 0 1.6 0.78 12.37501 337.8 -2.185205E-07 0.1057662 -0.1914005 0.02075051 0.9755762
0.7544 FirstCar -69.52158 0.025 2.97 0 90 0 0 0.7071068 0 0.7071068 13.8889 0
0.7558 Head 0 1.6 0.78 12.37501 337.8 -2.185205E-07 0.1057662 -0.1914005 0.02075051 0.9755762
0.7558 FirstCar -69.50239 0.025 2.97 0 90 0 0 0.7071068 0 0.7071068 13.8889 0
0.7575 Head 0 1.6 0.78 12.37501 337.8 -2.185205E-07 0.1057662 -0.1914005 0.02075051 0.9755762
0.7575 FirstCar -69.4791 0.025 2.97 0 90 0 0 0.7071068 0 0.7071068 13.8889 0
0.7590 Head 0 1.6 0.78 12.37501 336.825 0 0.1055858 -0.1996942 0.02164966 0.9739124
0.7590 FirstCar -69.45866 0.025 2.97 0 90 0 0 0.7071068 0 0.7071068 13.8889 0
0.7604 Head 0 1.6 0.78 12.37501 336.825 0 0.1055858 -0.1996942 0.02164966 0.9739124
0.7604 FirstCar -69.4388 0.025 2.97 0 90 0 0 0.7071068 0 0.7071068 13.8889 0
0.7617 Head 0 1.6 0.78 12.37501 336.825 0 0.1055858 -0.1996942 0.02164966 0.9739124
0.7617 FirstCar -69.42023 0.025 2.97 0 90 0 0 0.7071068 0 0.7071068 13.8889 0
0.7630 Head 0 1.6 0.78 12.37501 336.825 0 0.1055858 -0.1996942 0.02164966 0.9739124
0.7630 FirstCar -69.40263 0.025 2.97 0 90 0 0 0.7071068 0 0.7071068 13.8889 0
0.7647 Head 0 1.6 0.78 12.37501 336.825 0 0.1055858 -0.1996942 0.02164966 0.9739124
0.7647 FirstCar -69.37983 0.025 2.97 0 90 0 0 0.7071068 0 0.7071068 13.8889 0
0.7664 Head 0 1.6 0.78 12.37501 335.775 0 0.105383 -0.2086096 0.02261622 0.9720417
0.7664 FirstCar -69.35587 0.025 2.97 0 90 0 0 0.7071068 0 0.7071068 13.8889 0
0.7683 Head 0 1.6 0.78 12.37501 335.775 0 0.105383 -0.2086096 0.02261622 0.9720417
0.7683 FirstCar -69.32922 0.025 2.97 0 90 0 0 0.7071068 0 0.7071068 13.8889 0
0.7698 Head 0 1.6 0.78 12.37501 335.775 0 0.105383 -0.2086096 0.02261622 0.9720417
0.7698 FirstCar -69.30891 0.025 2.97 0 90 0 0 0.7071068 0 0.7071068 13.8889 0
0.7712 Head 0 1.6 0.78 12.37501 335.775 0 0.105383 -0.2086096 0.02261622 0.9720417
0.7712 FirstCar -69.28925 0.025 2.97 0 90 0 0 0.7071068 0 0.7071068 13.8889 0
0.7731 Head 0 1.6 0.78 12.37501 335.775 0 0.105383 -0.2086096 0.02261622 0.9720417
0.7731 FirstCar -69.26266 0.025 2.97 0 90 0 0 0.7071068 0 0.7071068 13.8889 0
0.7747 Head 0 1.6 0.78 12.375 334.725 2.185205E-07 0.1051713 -0.2175075 0.02358088 0.9700894
0.7747 FirstCar -69.24005 0.025 2.97 0 90 0 0 0.7071068 0 0.7071068 13.8889 0
0.7762 Head 0 1.6 0.78 12.375 334.725 2.185205E-07 0.1051713 -0.2175075 0.02358088 0.9700894
0.7762 FirstCar -69.21914 0.025 2.97 0 90 0 0 0.7071068 0 0.7071068 13.8889 0
0.7778 Head 0 1.6 0.78 12.375 334.725 2.185205E-07 0.1051713 -0.2175075 0.02358088 0.9700894
0.7778 FirstCar -69.19749 0.025 2.97 0 90 0 0 0.7071068 0 0.7071068 13.8889 0
0.7794 Head 0 1.6 0.78 12.375 334.725 2.185205E-07 0.1051713 -0.2175075 0.02358088 0.9700894
0.7794 FirstCar -69.17429 0.025 2.97 0 90 0 0 0.7071068 0 0.7071068 13.8889 0
0.7815 Head 0 1.6 0.78 12.375 334.725 2.185205E-07 0.1051713 -0.2175075 0.02358088 0.9700894
0.7815 FirstCar -69.14628 0.025 2.97 0 90 0 0 0.7071068 0 0.7071068 13.8889 0
0.7834 Head 0 1.6 0.78 12.30001 333.6 0 0.1043013 -0.2270368 0.02446365 0.9679758
0.7834 FirstCar -69.11886 0.025 2.97 0 90 0 0 0.7071068 0 0.7071068 13.8889 0
0.7851 Head 0 1.6 0.78 12.30001 333.6 0 0.1043013 -0.2270368 0.02446365 0.9679758
0.7851 FirstCar -69.09534 0.025 2.97 0 90 0 0 0.7071068 0 0.7071068 13.8889 0
0.7871 Head 0 1.6 0.78 12.30001 333.6 0 0.1043013 -0.2270368 0.02446365 0.9679758
0.7871 FirstCar -69.06808 0.025 2.97 0 90 0 0 0.7071068 0 0.7071068 13.8889 0
0.7893 Head 0 1.6 0.78 12.30001 333.6 0 0.1043013 -0.2270368 0.02446365 0.9679758
0.7893 FirstCar -69.03752 0.025 2.97 0 90 0 0 0.7071068 0 0.7071068 13.8889 0
0.7909 Head 0 1.6 0.78 12.30001 332.4 -2.18458E-07 0.1040394 -0.2371607 0.02555453 0.9655452
0.7909 FirstCar -69.01539 0.025 2.97 0 90 0 0 0.7071068 0 0.7071068 13.8889 0
0.7923 Head 0 1.6 0.78 12.30001 332.4 -2.18458E-07 0.1040394 -0.2371607 0.02555453 0.9655452
0.7923 FirstCar -68.99528 0.025 2.97 0 90 0 0 0.7071068 0 0.7071068 13.8889 0
0.7938 Head 0 1.6 0.78 12.30001 332.4 -2.18458E-07 0.1040394 -0.2371607 0.02555453 0.9655452
0.7938 FirstCar -68.97474 0.025 2.97 0 90 0 0 0.7071068 0 0.7071068 13.8889 0
0.7952 Head 0 1.6 0.78 12.30001 332.4 -2.18458E-07 0.1040394 -0.2371607 0.02555453 0.9655452
0.7952 FirstCar -68.95515 0.025 2.97 0 90 0 0 0.7071068 0 0.7071068 13.8889 0
0.7970 Head 0 1.6 0.78 12.30001 332.4 -2.18458E-07 0.1040394 -0.2371607 0.02555453 0.9655452
0.7970 FirstCar -68.93076 0.025 2.97 0 90 0 0 0.7071068 0 0.7071068 13.8889 0
0.7985 Head 0 1.6 0.78 12.30001 331.2 0 0.1037661 -0.2472587 0.02664261 0.9630088
0.7985 FirstCar -68.90992 0.025 2.97 0 90 0 0 0.7071068 0 0.7071068 13.8889 0
0.7999 Head 0 1.6 0.78 12.30001 331.2 0 0.1037661 -0.2472587 0.02664261 0.9630088
0.7999 FirstCar -68.88988 0.025 2.97 0 90 0 0 0.7071068 0 0.7071068 13.8889 0
0.8013 Head 0 1.6 0.78 12.30001 331.2 0 0.1037661 -0.2472587 0.02664261 0.9630088
0.8013 FirstCar -68.87094 0.025 2.97 0 90 0 0 0.7071068 0 0.7071068 13.8889 0
0.8027 Head 0 1.6 0.78 12.30001 331.2 0 0.1037661 -0.2472587 0.02664261 0.9630088
0.8027 FirstCar -68.85193 0.025 2.97 0 90 0 0 0.7071068 0 0.7071068 13.8889 0
0.8040 Head 0 1.6 0.78 12.30001 331.2 0 0.1037661 -0.2472587 0.02664261 0.9630088
0.8040 FirstCar -68.83268 0.025 2.97 0 90 0 0 0.7071068 0 0.7071068 13.8889 0
0.8057 Head 0 1.6 0.78 12.30001 331.2 0 0.1037661 -0.2472587 0.02664261 0.9630088
0.8057 FirstCar -68.80904 0.025 2.97 0 90 0 0 0.7071068 0 0.7071068 13.8889 0
0.8075 Head 0 1.6 0.78 12.22501 329.925 -2.183958E-07 0.1028347 -0.2579763 0.02762665 0.9602656
0.8075 FirstCar -68.78501 0.025 2.97 0 90 0 0 0.7071068 0 0.7071068 13.8889 0
0.8090 Head 0 1.6 0.78 12.22501 329.925 -2.183958E-07 0.1028347 -0.2579763 0.02762665 0.9602656
0.8090 FirstCar -68.76412 0.025 2.97 0 90 0 0 0.7071068 0 0.7071068 13.8889 0
0.8104 Head 0 1.6 0.78 12.22501 329.925 -2.183958E-07 0.1028347 -0.2579763 0.02762665 0.9602656
0.8104 FirstCar -68.74454 0.025 2.97 0 90 0 0 0.7071068 0 0.7071068 13.8889 0
0.8118 Head 0 1.6 0.78 12.22501 329.925 -2.183958E-07 0.1028347 -0.2579763 0.02762665 0.9602656
0.8118 FirstCar -68.72484 0.025 2.97 0 90 0 0 0.7071068 0 0.7071068 13.8889 0
0.8137 Head 0 1.6 0.78 12.22501 329.925 -2.183958E-07 0.1028347 -0.2579763 0.02762665 0.9602656
0.8137 FirstCar -68.69899 0.025 2.97 0 90 0 0 0.7071068 0 0.7071068 13.8889 0
0.8156 Head 0 1.6 0.78 12.22501 328.725 -2.183958E-07 0.1025398 -0.2680178 0.02870199 0.9575115
0.8156 FirstCar -68.67204 0.025 2.97 0 90 0 0 0.7071068 0 0.7071068 13.8889 0
0.8172 Head 0 1.6 0.78 12.22501 328.725 -2.183958E-07 0.1025398 -0.2680178 0.02870199 0.9575115
0.8172 FirstCar -68.64988 0.025 2.97 0 90 0 0 0.7071068 0 0.7071068 13.8889 0
0.8187 Head 0 1.6 0.78 12.22501 328.725 -2.183958E-07 0.1025398 -0.2680178 0.02870199 0.9575115
0.8187 FirstCar -68.62928 0.025 2.97 0 90 0 0 0.7071068 0 0.7071068 13.8889 0
0.8205 Head 0 1.6 0.78 12.22501 328.725 -2.183958E-07 0.1025398 -0.2680178 0.02870199 0.9575115
0.8205 FirstCar -68.60381 0.025 2.97 0 90 0 0 0.7071068 0 0.7071068 13.8889 0
0.8220 Head 0 1.6 0.78 12.22501 327.525 2.183958E-07 0.1022336 -0.2780299 0.02977419 0.9546524
0.8220 FirstCar -68.58358 0.025 2.97 0 90 0 0 0.7071068 0 0.7071068 13.8889 0
0.8234 Head 0 1.6 0.78 12.22501 327.525 2.183958E-07 0.1022336 -0.2780299 0.02977419 0.9546524
0.8234 FirstCar -68.56452 0.025 2.97 0 90 0 0 0.7071068 0 0.7071068 13.8889 0
0.8247 Head 0 1.6 0.78 12.22501 327.525 2.183958E-07 0.1022336 -0.2780299 0.02977419 0.9546524
0.8247 FirstCar -68.54588 0.025 2.97 0 90 0 0 0.7071068 0 0.7071068 13.8889 0
0.8261 Head 0 1.6 0.78 12.22501 327.525 2.183958E-07 0.1022336 -0.2780299 0.02977419 0.9546524
0.8261 FirstCar -68.5268 0.025 2.97 0 90 0 0 0.7071068 0 0.7071068 13.8889 0
0.8277 Head 0 1.6 0.78 12.22501 327.525 2.183958E-07 0.1022336 -0.2780299 0.02977419 0.9546524
0.8277 FirstCar -68.50392 0.025 2.97 0 90 0 0 0.7071068 0 0.7071068 13.8889 0
0.8294 Head 0 1.6 0.78 12.22501 327.525 2.183958E-07 0.1022336 -0.2780299 0.02977419 0.9546524
0.8294 FirstCar -68.48001 0.025 2.97 0 90 0 0 0.7071068 0 0.7071068 13.8889 0
0.8310 Head 0 1.6 0.78 12.22501 326.4 -2.183958E-07 0.1019364 -0.2873887 0.03077642 0.9518769
0.8310 FirstCar -68.45889 0.025 2.97 0 90 0 0 0.7071068 0 0.7071068 13.8889 0
0.8324 Head 0 1.6 0.78 12.22501 326.4 -2.183958E-07 0.1019364 -0.2873887 0.03077642 0.9518769
0.8324 FirstCar -68.43932 0.025 2.97 0 90 0 0 0.7071068 0 0.7071068 13.8889 0
0.8337 Head 0 1.6 0.78 12.22501 326.4 -2.183958E-07 0.1019364 -0.2873887 0.03077642 0.9518769
0.8337 FirstCar -68.42032 0.025 2.97 0 90 0 0 0.7071068 0 0.7071068 13.8889 0
0.8352 Head 0 1.6 0.78 12.22501 326.4 -2.183958E-07 0.1019364 -0.2873887 0.03077642 0.9518769
0.8352 FirstCar -68.39948 0.025 2.97 0 90 0 0 0.7071068 0 0.7071068 13.8889 0
0.8372 Head 0 1.6 0.78 12.22501 326.4 -2.183958E-07 0.1019364 -0.2873887 0.03077642 0.9518769
0.8372 FirstCar -68.37284 0.025 2.97 0 90 0 0 0.7071068 0 0.7071068 13.8889 0
0.8387 Head 0 1.6 0.78 12.22501 325.2 0 0.1016085 -0.2973408 0.03184219 0.9488152
0.8387 FirstCar -68.35102 0.025 2.97 0 90 0 0 0.7071068 0 0.7071068 13.8889 0
0.8402 Head 0 1.6 0.78 12.22501 325.2 0 0.1016085 -0.2973408 0.03184219 0.9488152
0.8402 FirstCar -68.33112 0.025 2.97 0 90 0 0 0.7071068 0 0.7071068 13.8889 0
0.8417 Head 0 1.6 0.78 12.22501 325.2 0 0.1016085 -0.2973408 0.03184219 0.9488152
0.8417 FirstCar -68.30904 0.025 2.97 0 90 0 0 0.7071068 0 0.7071068 13.8889 0
0.8432 Head 0 1.6 0.78 12.22501 325.2 0 0.1016085 -0.2973408 0.03184219 0.9488152
0.8432 FirstCar -68.28838 0.025 2.97 0 90 0 0 0.7071068 0 0.7071068 13.8889 0
0.8452 Head 0 1.6 0.78 12.22501 325.2 0 0.1016085 -0.2973408 0.03184219 0.9488152
0.8452 FirstCar -68.26093 0.025 2.97 0 90 0 0 0.7071068 0 0.7071068 13.8889 0
0.8475 Head 0 1.6 0.78 12.22501 324.075 2.183958E-07 0.101291 -0.3066413 0.03283818 0.9458504
0.8475 FirstCar -68.22938 0.025 2.97 0 90 0 0 0.7071068 0 0.7071068 13.8889 0
0.8491 Head 0 1.6 0.78 12.22501 324.075 2.183958E-07 0.101291 -0.3066413 0.03283818 0.9458504
0.8491 FirstCar -68.20629 0.025 2.97 0 90 0 0 0.7071068 0 0.7071068 13.8889 0
0.8507 Head 0 1.6 0.78 12.22501 324.075 2.183958E-07 0.101291 -0.3066413 0.03283818 0.9458504
0.8507 FirstCar -68.18527 0.025 2.97 0 90 0 0 0.7071068 0 0.7071068 13.8889 0
0.8526 Head 0 1.6 0.78 12.22501 324.075 2.183958E-07 0.101291 -0.3066413 0.03283818 0.9458504
0.8526 FirstCar -68.15782 0.025 2.97 0 90 0 0 0.7071068 0 0.7071068 13.8889 0
0.8544 Head 0 1.6 0.78 12.22501 322.875 0 0.1009416 -0.3165292 0.03389708 0.9425874
0.8544 FirstCar -68.13376 0.025 2.97 0 90 0 0 0.7071068 0 0.7071068 13.8889 0
0.8559 Head 0 1.6 0.78 12.22501 322.875 0 0.1009416 -0.3165292 0.03389708 0.9425874
0.8559 FirstCar -68.11242 0.025 2.97 0 90 0 0 0.7071068 0 0.7071068 13.8889 0
0.8574 Head 0 1.6 0.78 12.22501 322.875 0 0.1009416 -0.3165292 0.03389708 0.9425874
0.8574 FirstCar -68.0918 0.025 2.97 0 90 0 0 0.7071068 0 0.7071068 13.8889 0
0.8590 Head 0 1.6 0.78 12.22501 322.875 0 0.1009416 -0.3165292 0.03389708 0.9425874
0.8590 FirstCar -68.06898 0.025 2.97 0 90 0 0 0.7071068 0 0.7071068 13.8889 0
0.8609 Head 0 1.6 0.78 12.22501 322.875 0 0.1009416 -0.3165292 0.03389708 0.9425874
0.8609 FirstCar -68.04288 0.025 2.97 0 90 0 0 0.7071068 0 0.7071068 13.8889 0
0.8629 Head 0 1.6 0.78 12.22501 321.825 0 0.1006268 -0.3251527 0.03482056 0.9396476
0.8629 FirstCar -68.01548 0.025 2.97 0 90 0 0 0.7071068 0 0.7071068 13.8889 0
0.8645 Head 0 1.6 0.78 12.22501 321.825 0 0.1006268 -0.3251527 0.03482056 0.9396476
0.8645 FirstCar -67.99345 0.025 2.97 0 90 0 0 0.7071068 0 0.7071068 13.8889 0
0.8660 Head 0 1.6 0.78 12.22501 321.825 0 0.1006268 -0.3251527 0.03482056 0.9396476
0.8660 FirstCar -67.9724 0.025 2.97 0 90 0 0 0.7071068 0 0.7071068 13.8889 0
0.8677 Head 0 1.6 0.78 12.22501 321.825 0 0.1006268 -0.3251527 0.03482056 0.9396476
0.8677 FirstCar -67.94813 0.025 2.97 0 90 0 0 0.7071068 0 0.7071068 13.8889 0
0.8696 Head 0 1.6 0.78 12.22501 321.825 0 0.1006268 -0.3251527 0.03482056 0.9396476
0.8696 FirstCar -67.92264 0.025 2.97 0 90 0 0 0.7071068 0 0.7071068 13.8889 0
0.8711 Head 0 1.6 0.78 12.22501 320.7 0 0.1002801 -0.3343618 0.03580677 0.9364102
0.8711 FirstCar -67.9012 0.025 2.97 0 90 0 0 0.7071068 0 0.7071068 13.8889 0
0.8725 Head 0 1.6 0.78 12.22501 320.7 0 0.1002801 -0.3343618 0.03580677 0.9364102
0.8725 FirstCar -67.8815 0.025 2.97 0 90 0 0 0.7071068 0 0.7071068 13.8889 0
0.8739 Head 0 1.6 0.78 12.22501 320.7 0 0.1002801 -0.3343618 0.03580677 0.9364102
0.8739 FirstCar -67.86252 0.025 2.97 0 90 0 0 0.7071068 0 0.7071068 13.8889 0
0.8753 Head 0 1.6 0.78 12.22501 320.7 0 0.1002801 -0.3343618 0.03580677 0.9364102
0.8753 FirstCar -67.84257 0.025 2.97 0 90 0 0 0.7071068 0 0.7071068 13.8889 0
0.8771 Head 0 1.6 0.78 12.22501 320.7 0 0.1002801 -0.3343618 0.03580677 0.9364102
0.8771 FirstCar -67.81768 0.025 2.97 0 90 0 0 0.7071068 0 0.7071068 13.8889 0
0.8787 Head 0 1.6 0.78 12.22501 319.725 0 0.09997177 -0.342317 0.03665869 0.9335314
0.8787 FirstCar -67.79603 0.025 2.97 0 90 0 0 0.7071068 0 0.7071068 13.8889 0
0.8801 Head 0 1.6 0.78 12.22501 319.725 0 0.09997177 -0.342317 0.03665869 0.9335314
0.8801 FirstCar -67.77668 0.025 2.97 0 90 0 0 0.7071068 0 0.7071068 13.8889 0
0.8815 Head 0 1.6 0.78 12.22501 319.725 0 0.09997177 -0.342317 0.03665869 0.9335314
0.8815 FirstCar -67.75735 0.025 2.97 0 90 0 0 0.7071068 0 0.7071068 13.8889 0
0.8828 Head 0 1.6 0.78 12.22501 319.725 0 0.09997177 -0.342317 0.03665869 0.9335314
0.8828 FirstCar -67.73822 0.025 2.97 0 90 0 0 0.7071068 0 0.7071068 13.8889 0
0.8846 Head 0 1.6 0.78 12.22501 319.725 0 0.09997177 -0.342317 0.03665869 0.9335314
0.8846 FirstCar -67.71452 0.025 2.97 0 90 0 0 0.7071068 0 0.7071068 13.8889 0
0.8862 Head 0 1.6 0.78 12.22501 318.825 -4.367917E-07 0.09968077 -0.3496384 0.03744273 0.9308141
0.8862 FirstCar -67.69207 0.025 2.97 0 90 0 0 0.7071068 0 0.7071068 13.8889 0
0.8880 Head 0 1.6 0.78 12.22501 318.825 -4.367917E-07 0.09968077 -0.3496384 0.03744273 0.9308141
0.8880 FirstCar -67.66732 0.025 2.97 0 90 0 0 0.7071068 0 0.7071068 13.8889 0
0.8894 Head 0 1.6 0.78 12.22501 318.825 -4.367917E-07 0.09968077 -0.3496384 0.03744273 0.9308141
0.8894 FirstCar -67.64671 0.025 2.97 0 90 0 0 0.7071068 0 0.7071068 13.8889 0
0.8912 Head 0 1.6 0.78 12.22501 318.825 -4.367917E-07 0.09968077 -0.3496384 0.03744273 0.9308141
0.8912 FirstCar -67.62286 0.025 2.97 0 90 0 0 0.7071068 0 0.7071068 13.8889 0
0.8933 Head 0 1.6 0.78 12.22501 318.825 -4.367917E-07 0.09968077 -0.3496384 0.03744273 0.9308141
0.8933 FirstCar -67.59351 0.025 2.97 0 90 0 0 0.7071068 0 0.7071068 13.8889 0
0.8952 Head 0 1.6 0.78 12.22501 318.075 0 0.09943358 -0.355723 0.03809433 0.9285058
0.8952 FirstCar -67.5665 0.025 2.97 0 90 0 0 0.7071068 0 0.7071068 13.8889 0
0.8968 Head 0 1.6 0.78 12.22501 318.075 0 0.09943358 -0.355723 0.03809433 0.9285058
0.8968 FirstCar -67.54381 0.025 2.97 0 90 0 0 0.7071068 0 0.7071068 13.8889 0
0.8983 Head 0 1.6 0.78 12.22501 318.075 0 0.09943358 -0.355723 0.03809433 0.9285058
0.8983 FirstCar -67.52416 0.025 2.97 0 90 0 0 0.7071068 0 0.7071068 13.8889 0
0.8996 Head 0 1.6 0.78 12.22501 318.075 0 0.09943358 -0.355723 0.03809433 0.9285058
0.8996 FirstCar -67.50518 0.025 2.97 0 90 0 0 0.7071068 0 0.7071068 13.8889 0
0.9014 Head 0 1.6 0.78 12.22501 318.075 0 0.09943358 -0.355723 0.03809433 0.9285058
0.9014 FirstCar -67.48115 0.025 2.97 0 90 0 0 0.7071068 0 0.7071068 13.8889 0
0.9031 Head 0 1.6 0.78 12.22501 317.4 0 0.09920745 -0.3611861 0.03867938 0.9263943
0.9031 FirstCar -67.45695 0.025 2.97 0 90 0 0 0.7071068 0 0.7071068 13.8889 0
0.9048 Head 0 1.6 0.78 12.22501 317.4 0 0.09920745 -0.3611861 0.03867938 0.9263943
0.9048 FirstCar -67.43374 0.025 2.97 0 90 0 0 0.7071068 0 0.7071068 13.8889 0
0.9066 Head 0 1.6 0.78 12.22501 317.4 0 0.09920745 -0.3611861 0.03867938 0.9263943
0.9066 FirstCar -67.4082 0.025 2.97 0 90 0 0 0.7071068 0 0.7071068 13.8889 0
0.9095 Head 0 1.6 0.78 12.22501 317.4 0 0.09920745 -0.3611861 0.03867938 0.9263943
0.9095 FirstCar -67.36782 0.025 2.97 0 90 0 0 0.7071068 0 0.7071068 13.8889 0
0.9113 Head 0 1.6 0.78 12.22501 316.95 -4.367917E-07 0.09905481 -0.3648213 0.03906867 0.9249688
0.9113 FirstCar -67.34261 0.025 2.97 0 90 0 0 0.7071068 0 0.7071068 13.8889 0
0.9132 Head 0 1.6 0.78 12.22501 316.95 -4.367917E-07 0.09905481 -0.3648213 0.03906867 0.9249688
0.9132 FirstCar -67.31709 0.025 2.97 0 90 0 0 0.7071068 0 0.7071068 13.8889 0
0.9147 Head 0 1.6 0.78 12.22501 316.95 -4.367917E-07 0.09905481 -0.3648213 0.03906867 0.9249688
0.9147 FirstCar -67.29598 0.025 2.97 0 90 0 0 0.7071068 0 0.7071068 13.8889 0
0.9166 Head 0 1.6 0.78 12.22501 316.95 -4.367917E-07 0.09905481 -0.3648213 0.03906867 0.9249688
0.9166 FirstCar -67.26885 0.025 2.97 0 90 0 0 0.7071068 0 0.7071068 13.8889 0
0.9184 Head 0 1.6 0.78 12.22501 316.5 0 0.09890062 -0.3684508 0.03945736 0.923529
0.9184 FirstCar -67.24471 0.025 2.97 0 90 0 0 0.7071068 0 0.7071068 13.8889 0
0.9201 Head 0 1.6 0.78 12.22501 316.5 0 0.09890062 -0.3684508 0.03945736 0.923529
0.9201 FirstCar -67.22147 0.025 2.97 0 90 0 0 0.7071068 0 0.7071068 13.8889 0
0.9216 Head 0 1.6 0.78 12.22501 316.5 0 0.09890062 -0.3684508 0.03945736 0.923529
0.9216 FirstCar -67.19936 0.025 2.97 0 90 0 0 0.7071068 0 0.7071068 13.8889 0
0.9233 Head 0 1.6 0.78 12.22501 316.5 0 0.09890062 -0.3684508 0.03945736 0.923529
0.9233 FirstCar -67.17629 0.025 2.97 0 90 0 0 0.7071068 0 0.7071068 13.8889 0
0.9258 Head 0 1.6 0.78 12.22501 316.5 0 0.09890062 -0.3684508 0.03945736 0.923529
0.9258 FirstCar -67.14144 0.025 2.97 0 90 0 0 0.7071068 0 0.7071068 13.8889 0
0.9288 Head 0 1.6 0.78 12.22501 316.2 -4.367917E-07 0.09879698 -0.3708673 0.03971614 0.9225612
0.9288 FirstCar -67.10053 0.025 2.97 0 90 0 0 0.7071068 0 0.7071068 13.8889 0
0.9304 Head 0 1.6 0.78 12.22501 316.2 -4.367917E-07 0.09879698 -0.3708673 0.03971614 0.9225612
0.9304 FirstCar -67.07774 0.025 2.97 0 90 0 0 0.7071068 0 0.7071068 13.8889 0
0.9318 Head 0 1.6 0.78 12.22501 316.2 -4.367917E-07 0.09879698 -0.3708673 0.03971614 0.9225612
0.9318 FirstCar -67.05764 0.025 2.97 0 90 0 0 0.7071068 0 0.7071068 13.8889 0
0.9336 Head 0 1.6 0.78 12.22501 316.2 -4.367917E-07 0.09879698 -0.3708673 0.03971614 0.9225612
0.9336 FirstCar -67.03313 0.025 2.97 0 90 0 0 0.7071068 0 0.7071068 13.8889 0
0.9352 Head 0 1.6 0.78 12.22501 315.975 4.367917E-07 0.09871881 -0.372678 0.03991005 0.9218313
0.9352 FirstCar -67.01053 0.025 2.97 0 90 0 0 0.7071068 0 0.7071068 13.8889 0
0.9368 Head 0 1.6 0.78 12.22501 315.975 4.367917E-07 0.09871881 -0.372678 0.03991005 0.9218313
0.9368 FirstCar -66.98902 0.025 2.97 0 90 0 0 0.7071068 0 0.7071068 13.8889 0
0.9382 Head 0 1.6 0.78 12.22501 315.975 4.367917E-07 0.09871881 -0.372678 0.03991005 0.9218313
0.9382 FirstCar -66.96894 0.025 2.97 0 90 0 0 0.7071068 0 0.7071068 13.8889 0
0.9396 Head 0 1.6 0.78 12.22501 315.975 4.367917E-07 0.09871881 -0.372678 0.03991005 0.9218313
0.9396 FirstCar -66.94935 0.025 2.97 0 90 0 0 0.7071068 0 0.7071068 13.8889 0
0.9410 Head 0 1.6 0.78 12.22501 315.975 4.367917E-07 0.09871881 -0.372678 0.03991005 0.9218313
0.9410 FirstCar -66.92989 0.025 2.97 0 90 0 0 0.7071068 0 0.7071068 13.8889 0
0.9425 Head 0 1.6 0.78 12.22501 315.9 0 0.09869266 -0.3732813 0.03997465 0.9215872
0.9425 FirstCar -66.90991 0.025 2.97 0 90 0 0 0.7071068 0 0.7071068 13.8889 0
0.9439 Head 0 1.6 0.78 12.22501 315.9 0 0.09869266 -0.3732813 0.03997465 0.9215872
0.9439 FirstCar -66.89037 0.025 2.97 0 90 0 0 0.7071068 0 0.7071068 13.8889 0
0.9452 Head 0 1.6 0.78 12.22501 315.9 0 0.09869266 -0.3732813 0.03997465 0.9215872
0.9452 FirstCar -66.87185 0.025 2.97 0 90 0 0 0.7071068 0 0.7071068 13.8889 0
0.9469 Head 0 1.6 0.78 12.22501 315.9 0 0.09869266 -0.3732813 0.03997465 0.9215872
0.9469 FirstCar -66.84901 0.025 2.97 0 90 0 0 0.7071068 0 0.7071068 13.8889 0
0.9483 Head 0 1.6 0.78 12.22501 315.9 0 0.09869266 -0.3732813 0.03997465 0.9215872
0.9483 FirstCar -66.82861 0.025 2.97 0 90 0 0 0.7071068 0 0.7071068 13.8889 0
0.9497 Head 0 1.6 0.78 12.22501 315.9 0 0.09869266 -0.3732813 0.03997465 0.9215872
0.9497 FirstCar -66.80997 0.025 2.97 0 90 0 0 0.7071068 0 0.7071068 13.8889 0
0.9510 Head 0 1.6 0.78 12.22501 315.9 0 0.09869266 -0.3732813 0.03997465 0.9215872
0.9510 FirstCar -66.79182 0.025 2.97 0 90 0 0 0.7071068 0 0.7071068 13.8889 0
0.9526 Head 0 1.6 0.78 12.22501 315.9 0 0.09869266 -0.3732813 0.03997465 0.9215872
0.9526 FirstCar -66.76941 0.025 2.97 0 90 0 0 0.7071068 0 0.7071068 13.8889 0
0.9541 Head 0 1.6 0.78 12.22501 315.9 0 0.09869266 -0.3732813 0.03997465 0.9215872
0.9541 FirstCar -66.74804 0.025 2.97 0 90 0 0 0.7071068 0 0.7071068 13.8889 0
0.9557 Head 0 1.6 0.78 12.22501 315.9 0 0.09869266 -0.3732813 0.03997465 0.9215872
0.9557 FirstCar -66.72653 0.025 2.97 0 90 0 0 0.7071068 0 0.7071068 13.8889 0
0.9577 Head 0 1.6 0.78 12.22501 315.9 0 0.09869266 -0.3732813 0.03997465 0.9215872
0.9577 FirstCar -66.69905 0.025 2.97 0 90 0 0 0.7071068 0 0.7071068 13.8889 0
0.9594 Head 0 1.6 0.78 12.22501 315.825 0 0.09866648 -0.3738844 0.04003924 0.9213427
0.9594 FirstCar -66.67499 0.025 2.97 0 90 0 0 0.7071068 0 0.7071068 13.8889 0
0.9609 Head 0 1.6 0.78 12.22501 315.825 0 0.09866648 -0.3738844 0.04003924 0.9213427
0.9609 FirstCar -66.65475 0.025 2.97 0 90 0 0 0.7071068 0 0.7071068 13.8889 0
0.9622 Head 0 1.6 0.78 12.22501 315.825 0 0.09866648 -0.3738844 0.04003924 0.9213427
0.9622 FirstCar -66.63564 0.025 2.97 0 90 0 0 0.7071068 0 0.7071068 13.8889 0
0.9637 Head 0 1.6 0.78 12.22501 315.825 0 0.09866648 -0.3738844 0.04003924 0.9213427
0.9637 FirstCar -66.61581 0.025 2.97 0 90 0 0 0.7071068 0 0.7071068 13.8889 0
0.9651 Head 0 1.6 0.78 12.22501 315.825 0 0.09866648 -0.3738844 0.04003924 0.9213427
0.9651 FirstCar -66.59629 0.025 2.97 0 90 0 0 0.7071068 0 0.7071068 13.8889 0
0.9668 Head 0 1.6 0.78 12.22501 315.825 0 0.09866648 -0.3738844 0.04003924 0.9213427
0.9668 FirstCar -66.57236 0.025 2.97 0 90 0 0 0.7071068 0 0.7071068 13.8889 0
0.9683 Head 0 1.6 0.78 12.22501 315.825 0 0.09866648 -0.3738844 0.04003924 0.9213427
0.9683 FirstCar -66.55103 0.025 2.97 0 90 0 0 0.7071068 0 0.7071068 13.8889 0
0.9700 Head 0 1.6 0.78 12.22501 315.825 0 0.09866648 -0.3738844 0.04003924 0.9213427
0.9700 FirstCar -66.52776 0.025 2.97 0 90 0 0 0.7071068 0 0.7071068 13.8889 0
0.9716 Head 0 1.6 0.78 12.22501 315.825 0 0.09866648 -0.3738844 0.04003924 0.9213427
0.9716 FirstCar -66.50616 0.025 2.97 0 90 0 0 0.7071068 0 0.7071068 13.8889 0
0.9730 Head 0 1.6 0.78 12.22501 315.825 0 0.09866648 -0.3738844 0.04003924 0.9213427
0.9730 FirstCar -66.48618 0.025 2.97 0 90 0 0 0.7071068 0 0.7071068 13.8889 0
0.9746 Head 0 1.6 0.78 12.22501 315.825 0 0.09866648 -0.3738844 0.04003924 0.9213427
0.9746 FirstCar -66.46394 0.025 2.97 0 90 0 0 0.7071068 0 0.7071068 13.8889 0
0.9763 Head 0 1.6 0.78 12.22501 315.825 0 0.09866648 -0.3738844 0.04003924 0.9213427
0.9763 FirstCar -66.44061 0.025 2.97 0 90 0 0 0.7071068 0 0.7071068 13.8889 0
0.9778 Head 0 1.6 0.78 12.22501 315.825 0 0.09866648 -0.3738844 0.04003924 0.9213427
0.9778 FirstCar -66.41985 0.025 2.97 0 90 0 0 0.7071068 0 0.7071068 13.8889 0
0.9793 Head 0 1.6 0.78 12.22501 315.825 0 0.09866648 -0.3738844 0.04003924 0.9213427
0.9793 FirstCar -66.39836 0.025 2.97 0 90 0 0 0.7071068 0 0.7071068 13.8889 0
0.9809 Head 0 1.6 0.78 12.22501 315.825 0 0.09866648 -0.3738844 0.04003924 0.9213427
0.9809 FirstCar -66.37603 0.025 2.97 0 90 0 0 0.7071068 0 0.7071068 13.8889 0
0.9824 Head 0 1.6 0.78 12.22501 315.825 0 0.09866648 -0.3738844 0.04003924 0.9213427
0.9824 FirstCar -66.35559 0.025 2.97 0 90 0 0 0.7071068 0 0.7071068 13.8889 0
0.9838 Head 0 1.6 0.78 12.22501 315.825 0 0.09866648 -0.3738844 0.04003924 0.9213427
0.9838 FirstCar -66.33538 0.025 2.97 0 90 0 0 0.7071068 0 0.7071068 13.8889 0
0.9854 Head 0 1.6 0.78 12.22501 315.825 0 0.09866648 -0.3738844 0.04003924 0.9213427
0.9854 FirstCar -66.31326 0.025 2.97 0 90 0 0 0.7071068 0 0.7071068 13.8889 0
0.9874 Head 0 1.6 0.78 12.22501 315.825 0 0.09866648 -0.3738844 0.04003924 0.9213427
0.9874 FirstCar -66.28589 0.025 2.97 0 90 0 0 0.7071068 0 0.7071068 13.8889 0
0.9889 Head 0 1.6 0.78 12.22501 315.825 0 0.09866648 -0.3738844 0.04003924 0.9213427
0.9889 FirstCar -66.26479 0.025 2.97 0 90 0 0 0.7071068 0 0.7071068 13.8889 0
0.9906 Head 0 1.6 0.78 12.22501 315.825 0 0.09866648 -0.3738844 0.04003924 0.9213427
0.9906 FirstCar -66.24194 0.025 2.97 0 90 0 0 0.7071068 0 0.7071068 13.8889 0
0.9923 Head 0 1.6 0.78 12.22501 315.825 0 0.09866648 -0.3738844 0.04003924 0.9213427
0.9923 FirstCar -66.21813 0.025 2.97 0 90 0 0 0.7071068 0 0.7071068 13.8889 0
0.9939 Head 0 1.6 0.78 12.22501 315.825 0 0.09866648 -0.3738844 0.04003924 0.9213427
0.9939 FirstCar -66.19588 0.025 2.97 0 90 0 0 0.7071068 0 0.7071068 13.8889 0
0.9954 Head 0 1.6 0.78 12.22501 315.825 0 0.09866648 -0.3738844 0.04003924 0.9213427
0.9954 FirstCar -66.17512 0.025 2.97 0 90 0 0 0.7071068 0 0.7071068 13.8889 0
0.9972 Head 0 1.6 0.78 12.22501 315.825 0 0.09866648 -0.3738844 0.04003924 0.9213427
0.9972 FirstCar -66.14964 0.025 2.97 0 90 0 0 0.7071068 0 0.7071068 13.8889 0
0.9987 Head 0 1.6 0.78 12.22501 315.825 0 0.09866648 -0.3738844 0.04003924 0.9213427
0.9987 FirstCar -66.12864 0.025 2.97 0 90 0 0 0.7071068 0 0.7071068 13.8889 0
1.0002 Head 0 1.6 0.78 12.22501 315.825 0 0.09866648 -0.3738844 0.04003924 0.9213427
1.0002 FirstCar -66.1088 0.025 2.97 0 90 0 0 0.7071068 0 0.7071068 13.8889 0
1.0019 Head 0 1.6 0.78 12.22501 315.825 0 0.09866648 -0.3738844 0.04003924 0.9213427
1.0019 FirstCar -66.08533 0.025 2.97 0 90 0 0 0.7071068 0 0.7071068 13.8889 0
1.0035 Head 0 1.6 0.78 12.22501 315.825 0 0.09866648 -0.3738844 0.04003924 0.9213427
1.0035 FirstCar -66.06298 0.025 2.97 0 90 0 0 0.7071068 0 0.7071068 13.8889 0
1.0048 Head 0 1.6 0.78 12.22501 315.825 0 0.09866648 -0.3738844 0.04003924 0.9213427
1.0048 FirstCar -66.04381 0.025 2.97 0 90 0 0 0.7071068 0 0.7071068 13.8889 0
1.0066 Head 0 1.6 0.78 12.22501 315.825 0 0.09866648 -0.3738844 0.04003924 0.9213427
1.0066 FirstCar -66.01923 0.025 2.97 0 90 0 0 0.7071068 0 0.7071068 13.8889 0
1.0080 Head 0 1.6 0.78 12.22501 315.825 0 0.09866648 -0.3738844 0.04003924 0.9213427
1.0080 FirstCar -65.99974 0.025 2.97 0 90 0 0 0.7071068 0 0.7071068 13.8889 0
1.0094 Head 0 1.6 0.78 12.22501 315.825 0 0.09866648 -0.3738844 0.04003924 0.9213427
1.0094 FirstCar -65.98099 0.025 2.97 0 90 0 0 0.7071068 0 0.7071068 13.8889 0
1.0107 Head 0 1.6 0.78 12.22501 315.825 0 0.09866648 -0.3738844 0.04003924 0.9213427
1.0107 FirstCar -65.96201 0.025 2.97 0 90 0 0 0.7071068 0 0.7071068 13.8889 0
1.0121 Head 0 1.6 0.78 12.22501 315.825 0 0.09866648 -0.3738844 0.04003924 0.9213427
1.0121 FirstCar -65.94289 0.025 2.97 0 90 0 0 0.7071068 0 0.7071068 13.8889 0
1.0135 Head 0 1.6 0.78 12.22501 315.825 0 0.09866648 -0.3738844 0.04003924 0.9213427
1.0135 FirstCar -65.92403 0.025 2.97 0 90 0 0 0.7071068 0 0.7071068 13.8889 0
1.0148 Head 0 1.6 0.78 12.22501 315.825 0 0.09866648 -0.3738844 0.04003924 0.9213427
1.0148 FirstCar -65.90491 0.025 2.97 0 90 0 0 0.7071068 0 0.7071068 13.8889 0
1.0163 Head 0 1.6 0.78 12.22501 315.825 0 0.09866648 -0.3738844 0.04003924 0.9213427
1.0163 FirstCar -65.88422 0.025 2.97 0 90 0 0 0.7071068 0 0.7071068 13.8889 0
1.0178 Head 0 1.6 0.78 12.22501 315.825 0 0.09866648 -0.3738844 0.04003924 0.9213427
1.0178 FirstCar -65.86319 0.025 2.97 0 90 0 0 0.7071068 0 0.7071068 13.8889 0
1.0194 Head 0 1.6 0.78 12.22501 315.825 0 0.09866648 -0.3738844 0.04003924 0.9213427
1.0194 FirstCar -65.84105 0.025 2.97 0 90 0 0 0.7071068 0 0.7071068 13.8889 0
1.0209 Head 0 1.6 0.78 12.22501 315.825 0 0.09866648 -0.3738844 0.04003924 0.9213427
1.0209 FirstCar -65.82111 0.025 2.97 0 90 0 0 0.7071068 0 0.7071068 13.8889 0
1.0224 Head 0 1.6 0.78 12.22501 315.825 0 0.09866648 -0.3738844 0.04003924 0.9213427
1.0224 FirstCar -65.79974 0.025 2.97 0 90 0 0 0.7071068 0 0.7071068 13.8889 0
1.0241 Head 0 1.6 0.78 12.22501 315.825 0 0.09866648 -0.3738844 0.04003924 0.9213427
1.0241 FirstCar -65.77676 0.025 2.97 0 90 0 0 0.7071068 0 0.7071068 13.8889 0
1.0256 Head 0 1.6 0.78 12.22501 315.825 0 0.09866648 -0.3738844 0.04003924 0.9213427
1.0256 FirstCar -65.7555 0.025 2.97 0 90 0 0 0.7071068 0 0.7071068 13.8889 0
1.0273 Head 0 1.6 0.78 12.22501 315.825 0 0.09866648 -0.3738844 0.04003924 0.9213427
1.0273 FirstCar -65.73199 0.025 2.97 0 90 0 0 0.7071068 0 0.7071068 13.8889 0
1.0286 Head 0 1.6 0.78 12.22501 315.825 0 0.09866648 -0.3738844 0.04003924 0.9213427
1.0286 FirstCar -65.71347 0.025 2.97 0 90 0 0 0.7071068 0 0.7071068 13.8889 0
1.0300 Head 0 1.6 0.78 12.22501 315.825 0 0.09866648 -0.3738844 0.04003924 0.9213427
1.0300 FirstCar -65.69457 0.025 2.97 0 90 0 0 0.7071068 0 0.7071068 13.8889 0
1.0314 Head 0 1.6 0.78 12.22501 315.825 0 0.09866648 -0.3738844 0.04003924 0.9213427
1.0314 FirstCar -65.67502 0.025 2.97 0 90 0 0 0.7071068 0 0.7071068 13.8889 0
1.0328 Head 0 1.6 0.78 12.22501 315.825 0 0.09866648 -0.3738844 0.04003924 0.9213427
1.0328 FirstCar -65.6562 0.025 2.97 0 90 0 0 0.7071068 0 0.7071068 13.8889 0
1.0341 Head 0 1.6 0.78 12.22501 315.825 0 0.09866648 -0.3738844 0.04003924 0.9213427
1.0341 FirstCar -65.63735 0.025 2.97 0 90 0 0 0.7071068 0 0.7071068 13.8889 0
1.0356 Head 0 1.6 0.78 12.22501 315.825 0 0.09866648 -0.3738844 0.04003924 0.9213427
1.0356 FirstCar -65.61646 0.025 2.97 0 90 0 0 0.7071068 0 0.7071068 13.8889 0
1.0372 Head 0 1.6 0.78 12.22501 315.825 0 0.09866648 -0.3738844 0.04003924 0.9213427
1.0372 FirstCar -65.59418 0.025 2.97 0 90 0 0 0.7071068 0 0.7071068 13.8889 0
1.0387 Head 0 1.6 0.78 12.22501 315.825 0 0.09866648 -0.3738844 0.04003924 0.9213427
1.0387 FirstCar -65.5732 0.025 2.97 0 90 0 0 0.7071068 0 0.7071068 13.8889 0
1.0401 Head 0 1.6 0.78 12.22501 315.825 0 0.09866648 -0.3738844 0.04003924 0.9213427
1.0401 FirstCar -65.55376 0.025 2.97 0 90 0 0 0.7071068 0 0.7071068 13.8889 0
1.0415 Head 0 1.6 0.78 12.22501 315.825 0 0.09866648 -0.3738844 0.04003924 0.9213427
1.0415 FirstCar -65.53422 0.025 2.97 0 90 0 0 0.7071068 0 0.7071068 13.8889 0
1.0431 Head 0 1.6 0.78 12.22501 315.825 0 0.09866648 -0.3738844 0.04003924 0.9213427
1.0431 FirstCar -65.51309 0.025 2.97 0 90 0 0 0.7071068 0 0.7071068 13.8889 0
1.0449 Head 0 1.6 0.78 12.22501 315.825 0 0.09866648 -0.3738844 0.04003924 0.9213427
1.0449 FirstCar -65.48699 0.025 2.97 0 90 0 0 0.7071068 0 0.7071068 13.8889 0
1.0467 Head 0 1.6 0.78 12.22501 315.825 0 0.09866648 -0.3738844 0.04003924 0.9213427
1.0467 FirstCar -65.46238 0.025 2.97 0 90 0 0 0.7071068 0 0.7071068 13.8889 0
1.0483 Head 0 1.6 0.78 12.22501 315.825 0 0.09866648 -0.3738844 0.04003924 0.9213427
1.0483 FirstCar -65.43989 0.025 2.97 0 90 0 0 0.7071068 0 0.7071068 13.8889 0
1.0502 Head 0 1.6 0.78 12.22501 315.825 0 0.09866648 -0.3738844 0.04003924 0.9213427
1.0502 FirstCar -65.41426 0.025 2.97 0 90 0 0 0.7071068 0 0.7071068 13.8889 0
1.0519 Head 0 1.6 0.78 12.22501 315.825 0 0.09866648 -0.3738844 0.04003924 0.9213427
1.0519 FirstCar -65.3904 0.025 2.97 0 90 0 0 0.7071068 0 0.7071068 13.8889 0
1.0536 Head 0 1.6 0.78 12.22501 315.825 0 0.09866648 -0.3738844 0.04003924 0.9213427
1.0536 FirstCar -65.36611 0.025 2.97 0 90 0 0 0.7071068 0 0.7071068 13.8889 0
1.0553 Head 0 1.6 0.78 12.22501 315.825 0 0.09866648 -0.3738844 0.04003924 0.9213427
1.0553 FirstCar -65.34241 0.025 2.97 0 90 0 0 0.7071068 0 0.7071068 13.8889 0
1.0570 Head 0 1.6 0.78 12.22501 315.825 0 0.09866648 -0.3738844 0.04003924 0.9213427
1.0570 FirstCar -65.31899 0.025 2.97 0 90 0 0 0.7071068 0 0.7071068 13.8889 0
1.0586 Head 0 1.6 0.78 12.22501 315.825 0 0.09866648 -0.3738844 0.04003924 0.9213427
1.0586 FirstCar -65.29768 0.025 2.97 0 90 0 0 0.7071068 0 0.7071068 13.8889 0
1.0600 Head 0 1.6 0.78 12.22501 315.825 0 0.09866648 -0.3738844 0.04003924 0.9213427
1.0600 FirstCar -65.27798 0.025 2.97 0 90 0 0 0.7071068 0 0.7071068 13.8889 0
1.0615 Head 0 1.6 0.78 12.22501 315.825 0 0.09866648 -0.3738844 0.04003924 0.9213427
1.0615 FirstCar -65.2572 0.025 2.97 0 90 0 0 0.7071068 0 0.7071068 13.8889 0
1.0630 Head 0 1.6 0.78 12.22501 315.825 0 0.09866648 -0.3738844 0.04003924 0.9213427
1.0630 FirstCar -65.23647 0.025 2.97 0 90 0 0 0.7071068 0 0.7071068 13.8889 0
1.0645 Head 0 1.6 0.78 12.22501 315.825 0 0.09866648 -0.3738844 0.04003924 0.9213427
1.0645 FirstCar -65.21532 0.025 2.97 0 90 0 0 0.7071068 0 0.7071068 13.8889 0
1.0660 Head 0 1.6 0.78 12.22501 315.825 0 0.09866648 -0.3738844 0.04003924 0.9213427
1.0660 FirstCar -65.19403 0.025 2.97 0 90 0 0 0.7071068 0 0.7071068 13.8889 0
1.0679 Head 0 1.6 0.78 12.22501 315.825 0 0.09866648 -0.3738844 0.04003924 0.9213427
1.0679 FirstCar -65.16801 0.025 2.97 0 90 0 0 0.7071068 0 0.7071068 13.8889 0
1.0694 Head 0 1.6 0.78 12.22501 315.825 0 0.09866648 -0.3738844 0.04003924 0.9213427
1.0694 FirstCar -65.1474 0.025 2.97 0 90 0 0 0.7071068 0 0.7071068 13.8889 0
1.0708 Head 0 1.6 0.78 12.22501 315.825 0 0.09866648 -0.3738844 0.04003924 0.9213427
1.0708 FirstCar -65.12788 0.025 2.97 0 90 0 0 0.7071068 0 0.7071068 13.8889 0
1.0722 Head 0 1.6 0.78 12.22501 315.825 0 0.09866648 -0.3738844 0.04003924 0.9213427
1.0722 FirstCar -65.1086 0.025 2.97 0 90 0 0 0.7071068 0 0.7071068 13.8889 0
1.0735 Head 0 1.6 0.78 12.22501 315.825 0 0.09866648 -0.3738844 0.04003924 0.9213427
1.0735 FirstCar -65.09052 0.025 2.97 0 90 0 0 0.7071068 0 0.7071068 13.8889 0
1.0748 Head 0 1.6 0.78 12.22501 315.825 0 0.09866648 -0.3738844 0.04003924 0.9213427
1.0748 FirstCar -65.07193 0.025 2.97 0 90 0 0 0.7071068 0 0.7071068 13.8889 0
1.0762 Head 0 1.6 0.78 12.22501 315.825 0 0.09866648 -0.3738844 0.04003924 0.9213427
1.0762 FirstCar -65.05229 0.025 2.97 0 90 0 0 0.7071068 0 0.7071068 13.8889 0
1.0777 Head 0 1.6 0.78 12.22501 315.825 0 0.09866648 -0.3738844 0.04003924 0.9213427
1.0777 FirstCar -65.03127 0.025 2.97 0 90 0 0 0.7071068 0 0.7071068 13.8889 0
1.0791 Head 0 1.6 0.78 12.22501 315.825 0 0.09866648 -0.3738844 0.04003924 0.9213427
1.0791 FirstCar -65.01183 0.025 2.97 0 90 0 0 0.7071068 0 0.7071068 13.8889 0
1.0806 Head 0 1.6 0.78 12.22501 315.825 0 0.09866648 -0.3738844 0.04003924 0.9213427
1.0806 FirstCar -64.99212 0.025 2.97 0 90 0 0 0.7071068 0 0.7071068 13.8889 0
1.0820 Head 0 1.6 0.78 12.22501 315.825 0 0.09866648 -0.3738844 0.04003924 0.9213427
1.0820 FirstCar -64.97207 0.025 2.97 0 90 0 0 0.7071068 0 0.7071068 13.8889 0
1.0835 Head 0 1.6 0.78 12.22501 315.825 0 0.09866648 -0.3738844 0.04003924 0.9213427
1.0835 FirstCar -64.95116 0.025 2.97 0 90 0 0 0.7071068 0 0.7071068 13.8889 0
1.0851 Head 0 1.6 0.78 12.22501 315.825 0 0.09866648 -0.3738844 0.04003924 0.9213427
1.0851 FirstCar -64.92905 0.025 2.97 0 90 0 0 0.7071068 0 0.7071068 13.8889 0
1.0871 Head 0 1.6 0.78 12.22501 315.825 0 0.09866648 -0.3738844 0.04003924 0.9213427
1.0871 FirstCar -64.90077 0.025 2.97 0 90 0 0 0.7071068 0 0.7071068 13.8889 0
1.0887 Head 0 1.6 0.78 12.22501 315.825 0 0.09866648 -0.3738844 0.04003924 0.9213427
1.0887 FirstCar -64.87861 0.025 2.97 0 90 0 0 0.7071068 0 0.7071068 13.8889 0
1.0902 Head 0 1.6 0.78 12.22501 315.825 0 0.09866648 -0.3738844 0.04003924 0.9213427
1.0902 FirstCar -64.85866 0.025 2.97 0 90 0 0 0.7071068 0 0.7071068 13.8889 0
1.0916 Head 0 1.6 0.78 12.22501 315.825 0 0.09866648 -0.3738844 0.04003924 0.9213427
1.0916 FirstCar -64.83855 0.025 2.97 0 90 0 0 0.7071068 0 0.7071068 13.8889 0
1.0930 Head 0 1.6 0.78 12.22501 315.825 0 0.09866648 -0.3738844 0.04003924 0.9213427
1.0930 FirstCar -64.81879 0.025 2.97 0 90 0 0 0.7071068 0 0.7071068 13.8889 0
1.0944 Head 0 1.6 0.78 12.22501 315.825 0 0.09866648 -0.3738844 0.04003924 0.9213427
1.0944 FirstCar -64.79973 0.025 2.97 0 90 0 0 0.7071068 0 0.7071068 13.8889 0
1.0958 Head 0 1.6 0.78 12.22501 315.825 0 0.09866648 -0.3738844 0.04003924 0.9213427
1.0958 FirstCar -64.78056 0.025 2.97 0 90 0 0 0.7071068 0 0.7071068 13.8889 0
1.0972 Head 0 1.6 0.78 12.22501 315.825 0 0.09866648 -0.3738844 0.04003924 0.9213427
1.0972 FirstCar -64.76085 0.025 2.97 0 90 0 0 0.7071068 0 0.7071068 13.8889 0
1.0986 Head 0 1.6 0.78 12.22501 315.825 0 0.09866648 -0.3738844 0.04003924 0.9213427
1.0986 FirstCar -64.74113 0.025 2.97 0 90 0 0 0.7071068 0 0.7071068 13.8889 0
1.1000 Head 0 1.6 0.78 12.22501 315.825 0 0.09866648 -0.3738844 0.04003924 0.9213427
1.1000 FirstCar -64.7221 0.025 2.97 0 90 0 0 0.7071068 0 0.7071068 13.8889 0
1.1014 Head 0 1.6 0.78 12.22501 315.825 0 0.09866648 -0.3738844 0.04003924 0.9213427
1.1014 FirstCar -64.70299 0.025 2.97 0 90 0 0 0.7071068 0 0.7071068 13.8889 0
1.1027 Head 0 1.6 0.78 12.22501 315.825 0 0.09866648 -0.3738844 0.04003924 0.9213427
1.1027 FirstCar -64.68453 0.025 2.97 0 90 0 0 0.7071068 0 0.7071068 13.8889 0
1.1041 Head 0 1.6 0.78 12.22501 315.825 0 0.09866648 -0.3738844 0.04003924 0.9213427
1.1041 FirstCar -64.66556 0.025 2.97 0 90 0 0 0.7071068 0 0.7071068 13.8889 0
1.1056 Head 0 1.6 0.78 12.22501 315.825 0 0.09866648 -0.3738844 0.04003924 0.9213427
1.1056 FirstCar -64.64415 0.025 2.97 0 90 0 0 0.7071068 0 0.7071068 13.8889 0
1.1074 Head 0 1.6 0.78 12.22501 315.825 0 0.09866648 -0.3738844 0.04003924 0.9213427
1.1074 FirstCar -64.61889 0.025 2.97 0 90 0 0 0.7071068 0 0.7071068 13.8889 0
1.1089 Head 0 1.6 0.78 12.22501 315.825 0 0.09866648 -0.3738844 0.04003924 0.9213427
1.1089 FirstCar -64.59795 0.025 2.97 0 90 0 0 0.7071068 0 0.7071068 13.8889 0
1.1106 Head 0 1.6 0.78 12.22501 315.825 0 0.09866648 -0.3738844 0.04003924 0.9213427
1.1106 FirstCar -64.57567 0.025 2.97 0 90 0 0 0.7071068 0 0.7071068 13.8889 0
1.1122 Head 0 1.6 0.78 12.22501 315.825 0 0.09866648 -0.3738844 0.04003924 0.9213427
1.1122 FirstCar -64.55271 0.025 2.97 0 90 0 0 0.7071068 0 0.7071068 13.8889 0
1.1140 Head 0 1.6 0.78 12.22501 315.825 0 0.09866648 -0.3738844 0.04003924 0.9213427
1.1140 FirstCar -64.52754 0.025 2.97 0 90 0 0 0.7071068 0 0.7071068 13.8889 0
1.1161 Head 0 1.6 0.78 12.22501 315.825 0 0.09866648 -0.3738844 0.04003924 0.9213427
1.1161 FirstCar -64.49907 0.025 2.97 0 90 0 0 0.7071068 0 0.7071068 13.8889 0
1.1180 Head 0 1.6 0.78 12.22501 315.825 0 0.09866648 -0.3738844 0.04003924 0.9213427
1.1180 FirstCar -64.47212 0.025 2.97 0 90 0 0 0.7071068 0 0.7071068 13.8889 0
1.1199 Head 0 1.6 0.78 12.22501 315.825 0 0.09866648 -0.3738844 0.04003924 0.9213427
1.1199 FirstCar -64.44619 0.025 2.97 0 90 0 0 0.7071068 0 0.7071068 13.8889 0
1.1215 Head 0 1.6 0.78 12.22501 315.825 0 0.09866648 -0.3738844 0.04003924 0.9213427
1.1215 FirstCar -64.42349 0.025 2.97 0 90 0 0 0.7071068 0 0.7071068 13.8889 0
1.1230 Head 0 1.6 0.78 12.22501 315.825 0 0.09866648 -0.3738844 0.04003924 0.9213427
1.1230 FirstCar -64.40314 0.025 2.97 0 90 0 0 0.7071068 0 0.7071068 13.8889 0
1.1245 Head 0 1.6 0.78 12.22501 315.825 0 0.09866648 -0.3738844 0.04003924 0.9213427
1.1245 FirstCar -64.38218 0.025 2.97 0 90 0 0 0.7071068 0 0.7071068 13.8889 0
1.1260 Head 0 1.6 0.78 12.22501 315.825 0 0.09866648 -0.3738844 0.04003924 0.9213427
1.1260 FirstCar -64.36157 0.025 2.97 0 90 0 0 0.7071068 0 0.7071068 13.8889 0
1.1276 Head 0 1.6 0.78 12.22501 315.825 0 0.09866648 -0.3738844 0.04003924 0.9213427
1.1276 FirstCar -64.33861 0.025 2.97 0 90 0 0 0.7071068 0 0.7071068 13.8889 0
1.1291 Head 0 1.6 0.78 12.22501 315.825 0 0.09866648 -0.3738844 0.04003924 0.9213427
1.1291 FirstCar -64.31778 0.025 2.97 0 90 0 0 0.7071068 0 0.7071068 13.8889 0
1.1305 Head 0 1.6 0.78 12.22501 315.825 0 0.09866648 -0.3738844 0.04003924 0.9213427
1.1305 FirstCar -64.29877 0.025 2.97 0 90 0 0 0.7071068 0 0.7071068 13.8889 0
1.1318 Head 0 1.6 0.78 12.22501 315.825 0 0.09866648 -0.3738844 0.04003924 0.9213427
1.1318 FirstCar -64.28014 0.025 2.97 0 90 0 0 0.7071068 0 0.7071068 13.8889 0
1.1336 Head 0 1.6 0.78 12.22501 315.825 0 0.09866648 -0.3738844 0.04003924 0.9213427
1.1336 FirstCar -64.25594 0.025 2.97 0 90 0 0 0.7071068 0 0.7071068 13.8889 0
1.1354 Head 0 1.6 0.78 12.30001 315.375 0 0.09911052 -0.3774731 0.04067346 0.9198026
1.1354 FirstCar -64.23068 0.025 2.97 0 90 0 0 0.7071068 0 0.7071068 13.8889 0
1.1370 Head 0 1.6 0.78 12.30001 315.375 0 0.09911052 -0.3774731 0.04067346 0.9198026
1.1370 FirstCar -64.2086 0.025 2.97 0 90 0 0 0.7071068 0 0.7071068 13.8889 0
1.1384 Head 0 1.6 0.78 12.30001 315.375 0 0.09911052 -0.3774731 0.04067346 0.9198026
1.1384 FirstCar -64.18842 0.025 2.97 0 90 0 0 0.7071068 0 0.7071068 13.8889 0
1.1398 Head 0 1.6 0.78 12.30001 315.375 0 0.09911052 -0.3774731 0.04067346 0.9198026
1.1398 FirstCar -64.16908 0.025 2.97 0 90 0 0 0.7071068 0 0.7071068 13.8889 0
1.1416 Head 0 1.6 0.78 12.30001 315.375 0 0.09911052 -0.3774731 0.04067346 0.9198026
1.1416 FirstCar -64.14436 0.025 2.97 0 90 0 0 0.7071068 0 0.7071068 13.8889 0
1.1431 Head 0 1.6 0.78 12.30001 315 0 0.09897688 -0.3804811 0.04099758 0.9185624
1.1431 FirstCar -64.12306 0.025 2.97 0 90 0 0 0.7071068 0 0.7071068 13.8889 0
1.1446 Head 0 1.6 0.78 12.30001 315 0 0.09897688 -0.3804811 0.04099758 0.9185624
1.1446 FirstCar -64.10241 0.025 2.97 0 90 0 0 0.7071068 0 0.7071068 13.8889 0
1.1462 Head 0 1.6 0.78 12.30001 315 0 0.09897688 -0.3804811 0.04099758 0.9185624
1.1462 FirstCar -64.07999 0.025 2.97 0 90 0 0 0.7071068 0 0.7071068 13.8889 0
1.1481 Head 0 1.6 0.78 12.30001 315 0 0.09897688 -0.3804811 0.04099758 0.9185624
1.1481 FirstCar -64.05457 0.025 2.97 0 90 0 0 0.7071068 0 0.7071068 13.8889 0
1.1500 Head 0 1.6 0.78 12.30001 315 0 0.09897688 -0.3804811 0.04099758 0.9185624
1.1500 FirstCar -64.02717 0.025 2.97 0 90 0 0 0.7071068 0 0.7071068 13.8889 0
1.1519 Head 0 1.6 0.78 12.30001 314.775 0 0.0988962 -0.3822839 0.04119183 0.9178136
1.1519 FirstCar -64.00133 0.025 2.97 0 90 0 0 0.7071068 0 0.7071068 13.8889 0
1.1535 Head 0 1.6 0.78 12.30001 314.775 0 0.0988962 -0.3822839 0.04119183 0.9178136
1.1535 FirstCar -63.97917 0.025 2.97 0 90 0 0 0.7071068 0 0.7071068 13.8889 0
1.1549 Head 0 1.6 0.78 12.30001 314.775 0 0.0988962 -0.3822839 0.04119183 0.9178136
1.1549 FirstCar -63.95981 0.025 2.97 0 90 0 0 0.7071068 0 0.7071068 13.8889 0
1.1566 Head 0 1.6 0.78 12.30001 314.775 0 0.0988962 -0.3822839 0.04119183 0.9178136
1.1566 FirstCar -63.93657 0.025 2.97 0 90 0 0 0.7071068 0 0.7071068 13.8889 0
1.1581 Head 0 1.6 0.78 12.30001 314.55 4.36916E-07 0.09881512 -0.3840853 0.04138594 0.9170612
1.1581 FirstCar -63.91562 0.025 2.97 0 90 0 0 0.7071068 0 0.7071068 13.8889 0
1.1595 Head 0 1.6 0.78 12.30001 314.55 4.36916E-07 0.09881512 -0.3840853 0.04138594 0.9170612
1.1595 FirstCar -63.89555 0.025 2.97 0 90 0 0 0.7071068 0 0.7071068 13.8889 0
1.1609 Head 0 1.6 0.78 12.30001 314.55 4.36916E-07 0.09881512 -0.3840853 0.04138594 0.9170612
1.1609 FirstCar -63.87626 0.025 2.97 0 90 0 0 0.7071068 0 0.7071068 13.8889 0
1.1623 Head 0 1.6 0.78 12.30001 314.55 4.36916E-07 0.09881512 -0.3840853 0.04138594 0.9170612
1.1623 FirstCar -63.85748 0.025 2.97 0 90 0 0 0.7071068 0 0.7071068 13.8889 0
1.1636 Head 0 1.6 0.78 12.30001 314.55 4.36916E-07 0.09881512 -0.3840853 0.04138594 0.9170612
1.1636 FirstCar -63.83894 0.025 2.97 0 90 0 0 0.7071068 0 0.7071068 13.8889 0
1.1653 Head 0 1.6 0.78 12.30001 314.55 4.36916E-07 0.09881512 -0.3840853 0.04138594 0.9170612
1.1653 FirstCar -63.8157 0.025 2.97 0 90 0 0 0.7071068 0 0.7071068 13.8889 0
1.1671 Head 0 1.6 0.78 12.30001 314.4 0 0.09876087 -0.3852854 0.04151525 0.9165577
1.1671 FirstCar -63.79088 0.025 2.97 0 90 0 0 0.7071068 0 0.7071068 13.8889 0
1.1685 Head 0 1.6 0.78 12.30001 314.4 0 0.09876087 -0.3852854 0.04151525 0.9165577
1.1685 FirstCar -63.77045 0.025 2.97 0 90 0 0 0.7071068 0 0.7071068 13.8889 0
1.1700 Head 0 1.6 0.78 12.30001 314.4 0 0.09876087 -0.3852854 0.04151525 0.9165577
1.1700 FirstCar -63.7506 0.025 2.97 0 90 0 0 0.7071068 0 0.7071068 13.8889 0
1.1715 Head 0 1.6 0.78 12.30001 314.4 0 0.09876087 -0.3852854 0.04151525 0.9165577
1.1715 FirstCar -63.72897 0.025 2.97 0 90 0 0 0.7071068 0 0.7071068 13.8889 0
1.1736 Head 0 1.6 0.78 12.30001 314.4 0 0.09876087 -0.3852854 0.04151525 0.9165577
1.1736 FirstCar -63.70005 0.025 2.97 0 90 0 0 0.7071068 0 0.7071068 13.8889 0
1.1756 Head 0 1.6 0.78 12.30001 314.25 4.36916E-07 0.09870643 -0.3864849 0.0416445 0.9160525
1.1756 FirstCar -63.67228 0.025 2.97 0 90 0 0 0.7071068 0 0.7071068 13.8889 0
1.1775 Head 0 1.6 0.78 12.30001 314.25 4.36916E-07 0.09870643 -0.3864849 0.0416445 0.9160525
1.1775 FirstCar -63.64649 0.025 2.97 0 90 0 0 0.7071068 0 0.7071068 13.8889 0
1.1792 Head 0 1.6 0.78 12.30001 314.25 4.36916E-07 0.09870643 -0.3864849 0.0416445 0.9160525
1.1792 FirstCar -63.62181 0.025 2.97 0 90 0 0 0.7071068 0 0.7071068 13.8889 0
1.1813 Head 0 1.6 0.78 12.30001 314.25 4.36916E-07 0.09870643 -0.3864849 0.0416445 0.9160525
1.1813 FirstCar -63.59339 0.025 2.97 0 90 0 0 0.7071068 0 0.7071068 13.8889 0
1.1832 Head 0 1.6 0.78 12.30001 314.175 0 0.09867916 -0.3870844 0.0417091 0.9157994
1.1832 FirstCar -63.56713 0.025 2.97 0 90 0 0 0.7071068 0 0.7071068 13.8889 0
1.1849 Head 0 1.6 0.78 12.30001 314.175 0 0.09867916 -0.3870844 0.0417091 0.9157994
1.1849 FirstCar -63.54308 0.025 2.97 0 90 0 0 0.7071068 0 0.7071068 13.8889 0
1.1877 Head 0 1.6 0.78 12.30001 314.175 0 0.09867916 -0.3870844 0.0417091 0.9157994
1.1877 FirstCar -63.50416 0.025 2.97 0 90 0 0 0.7071068 0 0.7071068 13.8889 0
1.1898 Head 0 1.6 0.78 12.30001 314.175 0 0.09867916 -0.3870844 0.0417091 0.9157994
1.1898 FirstCar -63.47467 0.025 2.97 0 90 0 0 0.7071068 0 0.7071068 13.8889 0
1.1915 Head 0 1.6 0.78 12.30001 314.1 0 0.09865184 -0.3876837 0.04177367 0.9155458
1.1915 FirstCar -63.45184 0.025 2.97 0 90 0 0 0.7071068 0 0.7071068 13.8889 0
1.1929 Head 0 1.6 0.78 12.30001 314.1 0 0.09865184 -0.3876837 0.04177367 0.9155458
1.1929 FirstCar -63.43197 0.025 2.97 0 90 0 0 0.7071068 0 0.7071068 13.8889 0
1.1943 Head 0 1.6 0.78 12.30001 314.1 0 0.09865184 -0.3876837 0.04177367 0.9155458
1.1943 FirstCar -63.4125 0.025 2.97 0 90 0 0 0.7071068 0 0.7071068 13.8889 0
1.1957 Head 0 1.6 0.78 12.30001 314.1 0 0.09865184 -0.3876837 0.04177367 0.9155458
1.1957 FirstCar -63.39288 0.025 2.97 0 90 0 0 0.7071068 0 0.7071068 13.8889 0
1.1971 Head 0 1.6 0.78 12.30001 314.1 0 0.09865184 -0.3876837 0.04177367 0.9155458
1.1971 FirstCar -63.37304 0.025 2.97 0 90 0 0 0.7071068 0 0.7071068 13.8889 0
1.1985 Head 0 1.6 0.78 12.30001 314.1 0 0.09865184 -0.3876837 0.04177367 0.9155458
1.1985 FirstCar -63.35408 0.025 2.97 0 90 0 0 0.7071068 0 0.7071068 13.8889 0
1.1999 Head 0 1.6 0.78 12.30001 314.1 0 0.09865184 -0.3876837 0.04177367 0.9155458
1.1999 FirstCar -63.33414 0.025 2.97 0 90 0 0 0.7071068 0 0.7071068 13.8889 0
1.2013 Head 0 1.6 0.78 12.30001 314.1 0 0.09865184 -0.3876837 0.04177367 0.9155458
1.2013 FirstCar -63.31473 0.025 2.97 0 90 0 0 0.7071068 0 0.7071068 13.8889 0
1.2028 Head 0 1.6 0.78 12.30001 314.1 0 0.09865184 -0.3876837 0.04177367 0.9155458
1.2028 FirstCar -63.29464 0.025 2.97 0 90 0 0 0.7071068 0 0.7071068 13.8889 0
1.2043 Head 0 1.6 0.78 12.30001 314.1 0 0.09865184 -0.3876837 0.04177367 0.9155458
1.2043 FirstCar -63.27396 0.025 2.97 0 90 0 0 0.7071068 0 0.7071068 13.8889 0
1.2059 Head 0 1.6 0.78 12.30001 314.1 0 0.09865184 -0.3876837 0.04177367 0.9155458
1.2059 FirstCar -63.25204 0.025 2.97 0 90 0 0 0.7071068 0 0.7071068 13.8889 0
1.2076 Head 0 1.6 0.78 12.30001 314.1 0 0.09865184 -0.3876837 0.04177367 0.9155458
1.2076 FirstCar -63.22818 0.025 2.97 0 90 0 0 0.7071068 0 0.7071068 13.8889 0
1.2090 Head 0 1.6 0.78 12.30001 314.1 0 0.09865184 -0.3876837 0.04177367 0.9155458
1.2090 FirstCar -63.20805 0.025 2.97 0 90 0 0 0.7071068 0 0.7071068 13.8889 0
1.2105 Head 0 1.6 0.78 12.30001 314.1 0 0.09865184 -0.3876837 0.04177367 0.9155458
1.2105 FirstCar -63.18809 0.025 2.97 0 90 0 0 0.7071068 0 0.7071068 13.8889 0
1.2119 Head 0 1.6 0.78 12.30001 314.1 0 0.09865184 -0.3876837 0.04177367 0.9155458
1.2119 FirstCar -63.16773 0.025 2.97 0 90 0 0 0.7071068 0 0.7071068 13.8889 0
1.2134 Head 0 1.6 0.78 12.30001 314.1 0 0.09865184 -0.3876837 0.04177367 0.9155458
1.2134 FirstCar -63.14742 0.025 2.97 0 90 0 0 0.7071068 0 0.7071068 13.8889 0
1.2150 Head 0 1.6 0.78 12.30001 314.1 0 0.09865184 -0.3876837 0.04177367 0.9155458
1.2150 FirstCar -63.12516 0.025 2.97 0 90 0 0 0.7071068 0 0.7071068 13.8889 0
1.2166 Head 0 1.6 0.78 12.30001 314.1 0 0.09865184 -0.3876837 0.04177367 0.9155458
1.2166 FirstCar -63.10308 0.025 2.97 0 90 0 0 0.7071068 0 0.7071068 13.8889 0
1.2180 Head 0 1.6 0.78 12.30001 314.1 0 0.09865184 -0.3876837 0.04177367 0.9155458
1.2180 FirstCar -63.08403 0.025 2.97 0 90 0 0 0.7071068 0 0.7071068 13.8889 0
1.2194 Head 0 1.6 0.78 12.30001 314.1 0 0.09865184 -0.3876837 0.04177367 0.9155458
1.2194 FirstCar -63.06434 0.025 2.97 0 90 0 0 0.7071068 0 0.7071068 13.8889 0
1.2209 Head 0 1.6 0.78 12.30001 314.1 0 0.09865184 -0.3876837 0.04177367 0.9155458
1.2209 FirstCar -63.04369 0.025 2.97 0 90 0 0 0.7071068 0 0.7071068 13.8889 0
1.2223 Head 0 1.6 0.78 12.30001 314.1 0 0.09865184 -0.3876837 0.04177367 0.9155458
1.2223 FirstCar -63.0242 0.025 2.97 0 90 0 0 0.7071068 0 0.7071068 13.8889 0
1.2236 Head 0 1.6 0.78 12.30001 314.1 0 0.09865184 -0.3876837 0.04177367 0.9155458
1.2236 FirstCar -63.00531 0.025 2.97 0 90 0 0 0.7071068 0 0.7071068 13.8889 0
1.2250 Head 0 1.6 0.78 12.30001 314.1 0 0.09865184 -0.3876837 0.04177367 0.9155458
1.2250 FirstCar -62.986 0.025 2.97 0 90 0 0 0.7071068 0 0.7071068 13.8889 0
1.2267 Head 0 1.6 0.78 12.30001 314.1 0 0.09865184 -0.3876837 0.04177367 0.9155458
1.2267 FirstCar -62.96283 0.025 2.97 0 90 0 0 0.7071068 0 0.7071068 13.8889 0
1.2280 Head 0 1.6 0.78 12.30001 314.1 0 0.09865184 -0.3876837 0.04177367 0.9155458
1.2280 FirstCar -62.94378 0.025 2.97 0 90 0 0 0.7071068 0 0.7071068 13.8889 0
1.2294 Head 0 1.6 0.78 12.30001 314.1 0 0.09865184 -0.3876837 0.04177367 0.9155458
1.2294 FirstCar -62.92454 0.025 2.97 0 90 0 0 0.7071068 0 0.7071068 13.8889 0
1.2308 Head 0 1.6 0.78 12.30001 314.1 0 0.09865184 -0.3876837 0.04177367 0.9155458
1.2308 FirstCar -62.90533 0.025 2.97 0 90 0 0 0.7071068 0 0.7071068 13.8889 0
1.2322 Head 0 1.6 0.78 12.30001 314.1 0 0.09865184 -0.3876837 0.04177367 0.9155458
1.2322 FirstCar -62.88666 0.025 2.97 0 90 0 0 0.7071068 0 0.7071068 13.8889 0
1.2335 Head 0 1.6 0.78 12.30001 314.1 0 0.09865184 -0.3876837 0.04177367 0.9155458
1.2335 FirstCar -62.86865 0.025 2.97 0 90 0 0 0.7071068 0 0.7071068 13.8889 0
1.2349 Head 0 1.6 0.78 12.30001 314.1 0 0.09865184 -0.3876837 0.04177367 0.9155458
1.2349 FirstCar -62.84871 0.025 2.97 0 90 0 0 0.7071068 0 0.7071068 13.8889 0
1.2364 Head 0 1.6 0.78 12.30001 314.1 0 0.09865184 -0.3876837 0.04177367 0.9155458
1.2364 FirstCar -62.82784 0.025 2.97 0 90 0 0 0.7071068 0 0.7071068 13.8889 0
1.2378 Head 0 1.6 0.78 12.30001 314.1 0 0.09865184 -0.3876837 0.04177367 0.9155458
1.2378 FirstCar -62.80827 0.025 2.97 0 90 0 0 0.7071068 0 0.7071068 13.8889 0
1.2392 Head 0 1.6 0.78 12.30001 314.1 0 0.09865184 -0.3876837 0.04177367 0.9155458
1.2392 FirstCar -62.78894 0.025 2.97 0 90 0 0 0.7071068 0 0.7071068 13.8889 0
1.2407 Head 0 1.6 0.78 12.30001 314.1 0 0.09865184 -0.3876837 0.04177367 0.9155458
1.2407 FirstCar -62.76814 0.025 2.97 0 90 0 0 0.7071068 0 0.7071068 13.8889 0
1.2421 Head 0 1.6 0.78 12.30001 314.1 0 0.09865184 -0.3876837 0.04177367 0.9155458
1.2421 FirstCar -62.74877 0.025 2.97 0 90 0 0 0.7071068 0 0.7071068 13.8889 0
1.2434 Head 0 1.6 0.78 12.30001 314.1 0 0.09865184 -0.3876837 0.04177367 0.9155458
1.2434 FirstCar -62.72994 0.025 2.97 0 90 0 0 0.7071068 0 0.7071068 13.8889 0
1.2449 Head 0 1.6 0.78 12.30001 314.1 0 0.09865184 -0.3876837 0.04177367 0.9155458
1.2449 FirstCar -62.71 0.025 2.97 0 90 0 0 0.7071068 0 0.7071068 13.8889 0
1.2469 Head 0 1.6 0.78 12.30001 314.1 0 0.09865184 -0.3876837 0.04177367 0.9155458
1.2469 FirstCar -62.6817 0.025 2.97 0 90 0 0 0.7071068 0 0.7071068 13.8889 0
1.2485 Head 0 1.6 0.78 12.30001 314.1 0 0.09865184 -0.3876837 0.04177367 0.9155458
1.2485 FirstCar -62.65946 0.025 2.97 0 90 0 0 0.7071068 0 0.7071068 13.8889 0
1.2501 Head 0 1.6 0.78 12.30001 314.1 0 0.09865184 -0.3876837 0.04177367 0.9155458
1.2501 FirstCar -62.63795 0.025 2.97 0 90 0 0 0.7071068 0 0.7071068 13.8889 0
1.2517 Head 0 1.6 0.78 12.30001 314.1 0 0.09865184 -0.3876837 0.04177367 0.9155458
1.2517 FirstCar -62.61476 0.025 2.97 0 90 0 0 0.7071068 0 0.7071068 13.8889 0
1.2535 Head 0 1.6 0.78 12.30001 314.1 0 0.09865184 -0.3876837 0.04177367 0.9155458
1.2535 FirstCar -62.59078 0.025 2.97 0 90 0 0 0.7071068 0 0.7071068 13.8889 0
1.2551 Head 0 1.6 0.78 12.30001 314.1 0 0.09865184 -0.3876837 0.04177367 0.9155458
1.2551 FirstCar -62.56799 0.025 2.97 0 90 0 0 0.7071068 0 0.7071068 13.8889 0
1.2568 Head 0 1.6 0.78 12.30001 314.1 0 0.09865184 -0.3876837 0.04177367 0.9155458
1.2568 FirstCar -62.54512 0.025 2.97 0 90 0 0 0.7071068 0 0.7071068 13.8889 0
1.2583 Head 0 1.6 0.78 12.30001 314.1 0 0.09865184 -0.3876837 0.04177367 0.9155458
1.2583 FirstCar -62.5235 0.025 2.97 0 90 0 0 0.7071068 0 0.7071068 13.8889 0
1.2602 Head 0 1.6 0.78 12.30001 314.1 0 0.09865184 -0.3876837 0.04177367 0.9155458
1.2602 FirstCar -62.49767 0.025 2.97 0 90 0 0 0.7071068 0 0.7071068 13.8889 0
1.2617 Head 0 1.6 0.78 12.30001 314.1 0 0.09865184 -0.3876837 0.04177367 0.9155458
1.2617 FirstCar -62.47612 0.025 2.97 0 90 0 0 0.7071068 0 0.7071068 13.8889 0
1.2633 Head 0 1.6 0.78 12.30001 314.1 0 0.09865184 -0.3876837 0.04177367 0.9155458
1.2633 FirstCar -62.45352 0.025 2.97 0 90 0 0 0.7071068 0 0.7071068 13.8889 0
1.2649 Head 0 1.6 0.78 12.30001 314.1 0 0.09865184 -0.3876837 0.04177367 0.9155458
1.2649 FirstCar -62.4316 0.025 2.97 0 90 0 0 0.7071068 0 0.7071068 13.8889 0
1.2666 Head 0 1.6 0.78 12.30001 314.1 0 0.09865184 -0.3876837 0.04177367 0.9155458
1.2666 FirstCar -62.40827 0.025 2.97 0 90 0 0 0.7071068 0 0.7071068 13.8889 0
1.2681 Head 0 1.6 0.78 12.30001 314.1 0 0.09865184 -0.3876837 0.04177367 0.9155458
1.2681 FirstCar -62.38749 0.025 2.97 0 90 0 0 0.7071068 0 0.7071068 13.8889 0
1.2696 Head 0 1.6 0.78 12.30001 314.1 0 0.09865184 -0.3876837 0.04177367 0.9155458
1.2696 FirstCar -62.3672 0.025 2.97 0 90 0 0 0.7071068 0 0.7071068 13.8889 0
1.2711 Head 0 1.6 0.78 12.30001 314.1 0 0.09865184 -0.3876837 0.04177367 0.9155458
1.2711 FirstCar -62.34521 0.025 2.97 0 90 0 0 0.7071068 0 0.7071068 13.8889 0
1.2725 Head 0 1.6 0.78 12.30001 314.1 0 0.09865184 -0.3876837 0.04177367 0.9155458
1.2725 FirstCar -62.32627 0.025 2.97 0 90 0 0 0.7071068 0 0.7071068 13.8889 0
1.2738 Head 0 1.6 0.78 12.30001 314.1 0 0.09865184 -0.3876837 0.04177367 0.9155458
1.2738 FirstCar -62.30772 0.025 2.97 0 90 0 0 0.7071068 0 0.7071068 13.8889 0
1.2752 Head 0 1.6 0.78 12.30001 314.1 0 0.09865184 -0.3876837 0.04177367 0.9155458
1.2752 FirstCar -62.28897 0.025 2.97 0 90 0 0 0.7071068 0 0.7071068 13.8889 0
1.2765 Head 0 1.6 0.78 12.30001 314.1 0 0.09865184 -0.3876837 0.04177367 0.9155458
1.2765 FirstCar -62.27018 0.025 2.97 0 90 0 0 0.7071068 0 0.7071068 13.8889 0
1.2779 Head 0 1.6 0.78 12.30001 314.1 0 0.09865184 -0.3876837 0.04177367 0.9155458
1.2779 FirstCar -62.25185 0.025 2.97 0 90 0 0 0.7071068 0 0.7071068 13.8889 0
1.2792 Head 0 1.6 0.78 12.30001 314.1 0 0.09865184 -0.3876837 0.04177367 0.9155458
1.2792 FirstCar -62.23354 0.025 2.97 0 90 0 0 0.7071068 0 0.7071068 13.8889 0
1.2805 Head 0 1.6 0.78 12.30001 314.1 0 0.09865184 -0.3876837 0.04177367 0.9155458
1.2805 FirstCar -62.21526 0.025 2.97 0 90 0 0 0.7071068 0 0.7071068 13.8889 0
1.2819 Head 0 1.6 0.78 12.30001 314.1 0 0.09865184 -0.3876837 0.04177367 0.9155458
1.2819 FirstCar -62.19526 0.025 2.97 0 90 0 0 0.7071068 0 0.7071068 13.8889 0
1.2834 Head 0 1.6 0.78 12.30001 314.1 0 0.09865184 -0.3876837 0.04177367 0.9155458
1.2834 FirstCar -62.17558 0.025 2.97 0 90 0 0 0.7071068 0 0.7071068 13.8889 0
1.2850 Head 0 1.6 0.78 12.30001 314.1 0 0.09865184 -0.3876837 0.04177367 0.9155458
1.2850 FirstCar -62.15213 0.025 2.97 0 90 0 0 0.7071068 0 0.7071068 13.8889 0
1.2868 Head 0 1.6 0.78 12.30001 314.1 0 0.09865184 -0.3876837 0.04177367 0.9155458
1.2868 FirstCar -62.1278 0.025 2.97 0 90 0 0 0.7071068 0 0.7071068 13.8889 0
1.2882 Head 0 1.6 0.78 12.30001 314.1 0 0.09865184 -0.3876837 0.04177367 0.9155458
1.2882 FirstCar -62.10799 0.025 2.97 0 90 0 0 0.7071068 0 0.7071068 13.8889 0
1.2896 Head 0 1.6 0.78 12.30001 314.1 0 0.09865184 -0.3876837 0.04177367 0.9155458
1.2896 FirstCar -62.08847 0.025 2.97 0 90 0 0 0.7071068 0 0.7071068 13.8889 0
1.2911 Head 0 1.6 0.78 12.30001 314.1 0 0.09865184 -0.3876837 0.04177367 0.9155458
1.2911 FirstCar -62.06863 0.025 2.97 0 90 0 0 0.7071068 0 0.7071068 13.8889 0
1.2926 Head 0 1.6 0.78 12.30001 314.1 0 0.09865184 -0.3876837 0.04177367 0.9155458
1.2926 FirstCar -62.04788 0.025 2.97 0 90 0 0 0.7071068 0 0.7071068 13.8889 0
1.2941 Head 0 1.6 0.78 12.30001 314.1 0 0.09865184 -0.3876837 0.04177367 0.9155458
1.2941 FirstCar -62.02622 0.025 2.97 0 90 0 0 0.7071068 0 0.7071068 13.8889 0
1.2956 Head 0 1.6 0.78 12.30001 314.1 0 0.09865184 -0.3876837 0.04177367 0.9155458
1.2956 FirstCar -62.00489 0.025 2.97 0 90 0 0 0.7071068 0 0.7071068 13.8889 0
1.2972 Head 0 1.6 0.78 12.30001 314.1 0 0.09865184 -0.3876837 0.04177367 0.9155458
1.2972 FirstCar -61.98397 0.025 2.97 0 90 0 0 0.7071068 0 0.7071068 13.8889 0
1.2986 Head 0 1.6 0.78 12.30001 314.1 0 0.09865184 -0.3876837 0.04177367 0.9155458
1.2986 FirstCar -61.96349 0.025 2.97 0 90 0 0 0.7071068 0 0.7071068 13.8889 0
1.3000 Head 0 1.6 0.78 12.30001 314.1 0 0.09865184 -0.3876837 0.04177367 0.9155458
1.3000 FirstCar -61.94454 0.025 2.97 0 90 0 0 0.7071068 0 0.7071068 13.8889 0
1.3014 Head 0 1.6 0.78 12.30001 314.1 0 0.09865184 -0.3876837 0.04177367 0.9155458
1.3014 FirstCar -61.92477 0.025 2.97 0 90 0 0 0.7071068 0 0.7071068 13.8889 0
1.3028 Head 0 1.6 0.78 12.30001 314.1 0 0.09865184 -0.3876837 0.04177367 0.9155458
1.3028 FirstCar -61.90503 0.025 2.97 0 90 0 0 0.7071068 0 0.7071068 13.8889 0
1.3044 Head 0 1.6 0.78 12.30001 314.1 0 0.09865184 -0.3876837 0.04177367 0.9155458
1.3044 FirstCar -61.88388 0.025 2.97 0 90 0 0 0.7071068 0 0.7071068 13.8889 0
1.3058 Head 0 1.6 0.78 12.30001 314.1 0 0.09865184 -0.3876837 0.04177367 0.9155458
1.3058 FirstCar -61.86362 0.025 2.97 0 90 0 0 0.7071068 0 0.7071068 13.8889 0
1.3075 Head 0 1.6 0.78 12.30001 314.1 0 0.09865184 -0.3876837 0.04177367 0.9155458
1.3075 FirstCar -61.8403 0.025 2.97 0 90 0 0 0.7071068 0 0.7071068 13.8889 0
1.3090 Head 0 1.6 0.78 12.30001 314.1 0 0.09865184 -0.3876837 0.04177367 0.9155458
1.3090 FirstCar -61.81929 0.025 2.97 0 90 0 0 0.7071068 0 0.7071068 13.8889 0
1.3105 Head 0 1.6 0.78 12.30001 314.1 0 0.09865184 -0.3876837 0.04177367 0.9155458
1.3105 FirstCar -61.79926 0.025 2.97 0 90 0 0 0.7071068 0 0.7071068 13.8889 0
1.3118 Head 0 1.6 0.78 12.30001 314.1 0 0.09865184 -0.3876837 0.04177367 0.9155458
1.3118 FirstCar -61.77991 0.025 2.97 0 90 0 0 0.7071068 0 0.7071068 13.8889 0
1.3135 Head 0 1.6 0.78 12.30001 314.1 0 0.09865184 -0.3876837 0.04177367 0.9155458
1.3135 FirstCar -61.75676 0.025 2.97 0 90 0 0 0.7071068 0 0.7071068 13.8889 0
1.3152 Head 0 1.6 0.78 12.30001 314.1 0 0.09865184 -0.3876837 0.04177367 0.9155458
1.3152 FirstCar -61.73332 0.025 2.97 0 90 0 0 0.7071068 0 0.7071068 13.8889 0
1.3168 Head 0 1.6 0.78 12.30001 314.1 0 0.09865184 -0.3876837 0.04177367 0.9155458
1.3168 FirstCar -61.71101 0.025 2.97 0 90 0 0 0.7071068 0 0.7071068 13.8889 0
1.3184 Head 0 1.6 0.78 12.30001 314.1 0 0.09865184 -0.3876837 0.04177367 0.9155458
1.3184 FirstCar -61.68842 0.025 2.97 0 90 0 0 0.7071068 0 0.7071068 13.8889 0
1.3202 Head 0 1.6 0.78 12.30001 314.1 0 0.09865184 -0.3876837 0.04177367 0.9155458
1.3202 FirstCar -61.66327 0.025 2.97 0 90 0 0 0.7071068 0 0.7071068 13.8889 0
1.3222 Head 0 1.6 0.78 12.30001 314.1 0 0.09865184 -0.3876837 0.04177367 0.9155458
1.3222 FirstCar -61.63593 0.025 2.97 0 90 0 0 0.7071068 0 0.7071068 13.8889 0
1.3242 Head 0 1.6 0.78 12.30001 314.1 0 0.09865184 -0.3876837 0.04177367 0.9155458
1.3242 FirstCar -61.60788 0.025 2.97 0 90 0 0 0.7071068 0 0.7071068 13.8889 0
1.3262 Head 0 1.6 0.78 12.30001 314.1 0 0.09865184 -0.3876837 0.04177367 0.9155458
1.3262 FirstCar -61.58091 0.025 2.97 0 90 0 0 0.7071068 0 0.7071068 13.8889 0
1.3282 Head 0 1.6 0.78 12.30001 314.1 0 0.09865184 -0.3876837 0.04177367 0.9155458
1.3282 FirstCar -61.55251 0.025 2.97 0 90 0 0 0.7071068 0 0.7071068 13.8889 0
1.3299 Head 0 1.6 0.78 12.30001 314.1 0 0.09865184 -0.3876837 0.04177367 0.9155458
1.3299 FirstCar -61.52853 0.025 2.97 0 90 0 0 0.7071068 0 0.7071068 13.8889 0
1.3314 Head 0 1.6 0.78 12.30001 314.1 0 0.09865184 -0.3876837 0.04177367 0.9155458
1.3314 FirstCar -61.50779 0.025 2.97 0 90 0 0 0.7071068 0 0.7071068 13.8889 0
1.3329 Head 0 1.6 0.78 12.30001 314.1 0 0.09865184 -0.3876837 0.04177367 0.9155458
1.3329 FirstCar -61.48763 0.025 2.97 0 90 0 0 0.7071068 0 0.7071068 13.8889 0
1.3344 Head 0 1.6 0.78 12.30001 314.1 0 0.09865184 -0.3876837 0.04177367 0.9155458
1.3344 FirstCar -61.46699 0.025 2.97 0 90 0 0 0.7071068 0 0.7071068 13.8889 0
1.3358 Head 0 1.6 0.78 12.30001 314.1 0 0.09865184 -0.3876837 0.04177367 0.9155458
1.3358 FirstCar -61.44656 0.025 2.97 0 90 0 0 0.7071068 0 0.7071068 13.8889 0
1.3373 Head 0 1.6 0.78 12.30001 314.1 0 0.09865184 -0.3876837 0.04177367 0.9155458
1.3373 FirstCar -61.42675 0.025 2.97 0 90 0 0 0.7071068 0 0.7071068 13.8889 0
1.3386 Head 0 1.6 0.78 12.30001 314.1 0 0.09865184 -0.3876837 0.04177367 0.9155458
1.3386 FirstCar -61.40812 0.025 2.97 0 90 0 0 0.7071068 0 0.7071068 13.8889 0
1.3399 Head 0 1.6 0.78 12.30001 314.1 0 0.09865184 -0.3876837 0.04177367 0.9155458
1.3399 FirstCar -61.38977 0.025 2.97 0 90 0 0 0.7071068 0 0.7071068 13.8889 0
1.3413 Head 0 1.6 0.78 12.30001 314.1 0 0.09865184 -0.3876837 0.04177367 0.9155458
1.3413 FirstCar -61.37141 0.025 2.97 0 90 0 0 0.7071068 0 0.7071068 13.8889 0
1.3426 Head 0 1.6 0.78 12.30001 314.1 0 0.09865184 -0.3876837 0.04177367 0.9155458
1.3426 FirstCar -61.35289 0.025 2.97 0 90 0 0 0.7071068 0 0.7071068 13.8889 0
1.3439 Head 0 1.6 0.78 12.30001 314.1 0 0.09865184 -0.3876837 0.04177367 0.9155458
1.3439 FirstCar -61.33468 0.025 2.97 0 90 0 0 0.7071068 0 0.7071068 13.8889 0
1.3455 Head 0 1.6 0.78 12.30001 314.1 0 0.09865184 -0.3876837 0.04177367 0.9155458
1.3455 FirstCar -61.31299 0.025 2.97 0 90 0 0 0.7071068 0 0.7071068 13.8889 0
1.3472 Head 0 1.6 0.78 12.30001 314.1 0 0.09865184 -0.3876837 0.04177367 0.9155458
1.3472 FirstCar -61.2888 0.025 2.97 0 90 0 0 0.7071068 0 0.7071068 13.8889 0
1.3486 Head 0 1.6 0.78 12.30001 314.1 0 0.09865184 -0.3876837 0.04177367 0.9155458
1.3486 FirstCar -61.26957 0.025 2.97 0 90 0 0 0.7071068 0 0.7071068 13.8889 0
1.3499 Head 0 1.6 0.78 12.30001 314.1 0 0.09865184 -0.3876837 0.04177367 0.9155458
1.3499 FirstCar -61.25109 0.025 2.97 0 90 0 0 0.7071068 0 0.7071068 13.8889 0
1.3513 Head 0 1.6 0.78 12.30001 314.1 0 0.09865184 -0.3876837 0.04177367 0.9155458
1.3513 FirstCar -61.23211 0.025 2.97 0 90 0 0 0.7071068 0 0.7071068 13.8889 0
1.3528 Head 0 1.6 0.78 12.30001 314.1 0 0.09865184 -0.3876837 0.04177367 0.9155458
1.3528 FirstCar -61.21082 0.025 2.97 0 90 0 0 0.7071068 0 0.7071068 13.8889 0
1.3543 Head 0 1.6 0.78 12.30001 314.1 0 0.09865184 -0.3876837 0.04177367 0.9155458
1.3543 FirstCar -61.18977 0.025 2.97 0 90 0 0 0.7071068 0 0.7071068 13.8889 0
1.3559 Head 0 1.6 0.78 12.30001 314.1 0 0.09865184 -0.3876837 0.04177367 0.9155458
1.3559 FirstCar -61.16757 0.025 2.97 0 90 0 0 0.7071068 0 0.7071068 13.8889 0
1.3575 Head 0 1.6 0.78 12.30001 314.1 0 0.09865184 -0.3876837 0.04177367 0.9155458
1.3575 FirstCar -61.14524 0.025 2.97 0 90 0 0 0.7071068 0 0.7071068 13.8889 0
1.3592 Head 0 1.6 0.78 12.30001 314.1 0 0.09865184 -0.3876837 0.04177367 0.9155458
1.3592 FirstCar -61.1221 0.025 2.97 0 90 0 0 0.7071068 0 0.7071068 13.8889 0
1.3609 Head 0 1.6 0.78 12.30001 314.1 0 0.09865184 -0.3876837 0.04177367 0.9155458
1.3609 FirstCar -61.09921 0.025 2.97 0 90 0 0 0.7071068 0 0.7071068 13.8889 0
1.3623 Head 0 1.6 0.78 12.30001 314.1 0 0.09865184 -0.3876837 0.04177367 0.9155458
1.3623 FirstCar -61.07882 0.025 2.97 0 90 0 0 0.7071068 0 0.7071068 13.8889 0
1.3637 Head 0 1.6 0.78 12.30001 314.1 0 0.09865184 -0.3876837 0.04177367 0.9155458
1.3637 FirstCar -61.05991 0.025 2.97 0 90 0 0 0.7071068 0 0.7071068 13.8889 0
1.3651 Head 0 1.6 0.78 12.30001 314.1 0 0.09865184 -0.3876837 0.04177367 0.9155458
1.3651 FirstCar -61.03991 0.025 2.97 0 90 0 0 0.7071068 0 0.7071068 13.8889 0
1.3669 Head 0 1.6 0.78 12.30001 314.1 0 0.09865184 -0.3876837 0.04177367 0.9155458
1.3669 FirstCar -61.01472 0.025 2.97 0 90 0 0 0.7071068 0 0.7071068 13.8889 0
1.3683 Head 0 1.6 0.78 12.30001 314.1 0 0.09865184 -0.3876837 0.04177367 0.9155458
1.3683 FirstCar -60.99537 0.025 2.97 0 90 0 0 0.7071068 0 0.7071068 13.8889 0
1.3698 Head 0 1.6 0.78 12.30001 314.1 0 0.09865184 -0.3876837 0.04177367 0.9155458
1.3698 FirstCar -60.97548 0.025 2.97 0 90 0 0 0.7071068 0 0.7071068 13.8889 0
1.3711 Head 0 1.6 0.78 12.30001 314.1 0 0.09865184 -0.3876837 0.04177367 0.9155458
1.3711 FirstCar -60.95649 0.025 2.97 0 90 0 0 0.7071068 0 0.7071068 13.8889 0
1.3724 Head 0 1.6 0.78 12.30001 314.1 0 0.09865184 -0.3876837 0.04177367 0.9155458
1.3724 FirstCar -60.93832 0.025 2.97 0 90 0 0 0.7071068 0 0.7071068 13.8889 0
1.3738 Head 0 1.6 0.78 12.30001 314.1 0 0.09865184 -0.3876837 0.04177367 0.9155458
1.3738 FirstCar -60.91936 0.025 2.97 0 90 0 0 0.7071068 0 0.7071068 13.8889 0
1.3753 Head 0 1.6 0.78 12.30001 314.1 0 0.09865184 -0.3876837 0.04177367 0.9155458
1.3753 FirstCar -60.89819 0.025 2.97 0 90 0 0 0.7071068 0 0.7071068 13.8889 0
1.3771 Head 0 1.6 0.78 12.30001 314.1 0 0.09865184 -0.3876837 0.04177367 0.9155458
1.3771 FirstCar -60.87426 0.025 2.97 0 90 0 0 0.7071068 0 0.7071068 13.8889 0
1.3787 Head 0 1.6 0.78 12.30001 314.1 0 0.09865184 -0.3876837 0.04177367 0.9155458
1.3787 FirstCar -60.85137 0.025 2.97 0 90 0 0 0.7071068 0 0.7071068 13.8889 0
1.3807 Head 0 1.6 0.78 12.30001 314.1 0 0.09865184 -0.3876837 0.04177367 0.9155458
1.3807 FirstCar -60.82321 0.025 2.97 0 90 0 0 0.7071068 0 0.7071068 13.8889 0
1.3826 Head 0 1.6 0.78 12.30001 314.1 0 0.09865184 -0.3876837 0.04177367 0.9155458
1.3826 FirstCar -60.79655 0.025 2.97 0 90 0 0 0.7071068 0 0.7071068 13.8889 0
1.3843 Head 0 1.6 0.78 12.30001 314.1 0 0.09865184 -0.3876837 0.04177367 0.9155458
1.3843 FirstCar -60.77335 0.025 2.97 0 90 0 0 0.7071068 0 0.7071068 13.8889 0
1.3861 Head 0 1.6 0.78 12.30001 314.1 0 0.09865184 -0.3876837 0.04177367 0.9155458
1.3861 FirstCar -60.74879 0.025 2.97 0 90 0 0 0.7071068 0 0.7071068 13.8889 0
1.3882 Head 0 1.6 0.78 12.30001 314.1 0 0.09865184 -0.3876837 0.04177367 0.9155458
1.3882 FirstCar -60.71889 0.025 2.97 0 90 0 0 0.7071068 0 0.7071068 13.8889 0
1.3899 Head 0 1.6 0.78 12.30001 314.1 0 0.09865184 -0.3876837 0.04177367 0.9155458
1.3899 FirstCar -60.69604 0.025 2.97 0 90 0 0 0.7071068 0 0.7071068 13.8889 0
1.3920 Head 0 1.6 0.78 12.30001 314.1 0 0.09865184 -0.3876837 0.04177367 0.9155458
1.3920 FirstCar -60.6668 0.025 2.97 0 90 0 0 0.7071068 0 0.7071068 13.8889 0
1.3936 Head 0 1.6 0.78 12.30001 314.1 0 0.09865184 -0.3876837 0.04177367 0.9155458
1.3936 FirstCar -60.64445 0.025 2.97 0 90 0 0 0.7071068 0 0.7071068 13.8889 0
1.3952 Head 0 1.6 0.78 12.30001 314.1 0 0.09865184 -0.3876837 0.04177367 0.9155458
1.3952 FirstCar -60.62274 0.025 2.97 0 90 0 0 0.7071068 0 0.7071068 13.8889 0
1.3967 Head 0 1.6 0.78 12.30001 314.1 0 0.09865184 -0.3876837 0.04177367 0.9155458
1.3967 FirstCar -60.60141 0.025 2.97 0 90 0 0 0.7071068 0 0.7071068 13.8889 0
1.3981 Head 0 1.6 0.78 12.30001 314.1 0 0.09865184 -0.3876837 0.04177367 0.9155458
1.3981 FirstCar -60.58195 0.025 2.97 0 90 0 0 0.7071068 0 0.7071068 13.8889 0
1.3995 Head 0 1.6 0.78 12.30001 314.1 0 0.09865184 -0.3876837 0.04177367 0.9155458
1.3995 FirstCar -60.56289 0.025 2.97 0 90 0 0 0.7071068 0 0.7071068 13.8889 0
1.4008 Head 0 1.6 0.78 12.30001 314.1 0 0.09865184 -0.3876837 0.04177367 0.9155458
1.4008 FirstCar -60.54488 0.025 2.97 0 90 0 0 0.7071068 0 0.7071068 13.8889 0
1.4021 Head 0 1.6 0.78 12.30001 314.1 0 0.09865184 -0.3876837 0.04177367 0.9155458
1.4021 FirstCar -60.52646 0.025 2.97 0 90 0 0 0.7071068 0 0.7071068 13.8889 0
1.4035 Head 0 1.6 0.78 12.30001 314.1 0 0.09865184 -0.3876837 0.04177367 0.9155458
1.4035 FirstCar -60.5069 0.025 2.97 0 90 0 0 0.7071068 0 0.7071068 13.8889 0
1.4049 Head 0 1.6 0.78 12.30001 314.1 0 0.09865184 -0.3876837 0.04177367 0.9155458
1.4049 FirstCar -60.48781 0.025 2.97 0 90 0 0 0.7071068 0 0.7071068 13.8889 0
1.4066 Head 0 1.6 0.78 12.30001 314.1 0 0.09865184 -0.3876837 0.04177367 0.9155458
1.4066 FirstCar -60.46442 0.025 2.97 0 90 0 0 0.7071068 0 0.7071068 13.8889 0
1.4080 Head 0 1.6 0.78 12.30001 314.1 0 0.09865184 -0.3876837 0.04177367 0.9155458
1.4080 FirstCar -60.44448 0.025 2.97 0 90 0 0 0.7071068 0 0.7071068 13.8889 0
1.4094 Head 0 1.6 0.78 12.30001 314.1 0 0.09865184 -0.3876837 0.04177367 0.9155458
1.4094 FirstCar -60.42495 0.025 2.97 0 90 0 0 0.7071068 0 0.7071068 13.8889 0
1.4108 Head 0 1.6 0.78 12.30001 314.1 0 0.09865184 -0.3876837 0.04177367 0.9155458
1.4108 FirstCar -60.4051 0.025 2.97 0 90 0 0 0.7071068 0 0.7071068 13.8889 0
1.4122 Head 0 1.6 0.78 12.30001 314.1 0 0.09865184 -0.3876837 0.04177367 0.9155458
1.4122 FirstCar -60.38596 0.025 2.97 0 90 0 0 0.7071068 0 0.7071068 13.8889 0
1.4136 Head 0 1.6 0.78 12.30001 314.1 0 0.09865184 -0.3876837 0.04177367 0.9155458
1.4136 FirstCar -60.36731 0.025 2.97 0 90 0 0 0.7071068 0 0.7071068 13.8889 0
1.4149 Head 0 1.6 0.78 12.30001 314.1 0 0.09865184 -0.3876837 0.04177367 0.9155458
1.4149 FirstCar -60.34848 0.025 2.97 0 90 0 0 0.7071068 0 0.7071068 13.8889 0
1.4163 Head 0 1.6 0.78 12.30001 314.1 0 0.09865184 -0.3876837 0.04177367 0.9155458
1.4163 FirstCar -60.32884 0.025 2.97 0 90 0 0 0.7071068 0 0.7071068 13.8889 0
1.4178 Head 0 1.6 0.78 12.30001 314.1 0 0.09865184 -0.3876837 0.04177367 0.9155458
1.4178 FirstCar -60.30864 0.025 2.97 0 90 0 0 0.7071068 0 0.7071068 13.8889 0
1.4193 Head 0 1.6 0.78 12.30001 314.1 0 0.09865184 -0.3876837 0.04177367 0.9155458
1.4193 FirstCar -60.28762 0.025 2.97 0 90 0 0 0.7071068 0 0.7071068 13.8889 0
1.4207 Head 0 1.6 0.78 12.30001 314.1 0 0.09865184 -0.3876837 0.04177367 0.9155458
1.4207 FirstCar -60.268 0.025 2.97 0 90 0 0 0.7071068 0 0.7071068 13.8889 0
1.4222 Head 0 1.6 0.78 12.30001 314.1 0 0.09865184 -0.3876837 0.04177367 0.9155458
1.4222 FirstCar -60.24759 0.025 2.97 0 90 0 0 0.7071068 0 0.7071068 13.8889 0
1.4238 Head 0 1.6 0.78 12.30001 314.1 0 0.09865184 -0.3876837 0.04177367 0.9155458
1.4238 FirstCar -60.22547 0.025 2.97 0 90 0 0 0.7071068 0 0.7071068 13.8889 0
1.4253 Head 0 1.6 0.78 12.30001 314.1 0 0.09865184 -0.3876837 0.04177367 0.9155458
1.4253 FirstCar -60.20453 0.025 2.97 0 90 0 0 0.7071068 0 0.7071068 13.8889 0
1.4269 Head 0 1.6 0.78 12.30001 314.1 0 0.09865184 -0.3876837 0.04177367 0.9155458
1.4269 FirstCar -60.18195 0.025 2.97 0 90 0 0 0.7071068 0 0.7071068 13.8889 0
1.4282 Head 0 1.6 0.78 12.30001 314.1 0 0.09865184 -0.3876837 0.04177367 0.9155458
1.4282 FirstCar -60.16327 0.025 2.97 0 90 0 0 0.7071068 0 0.7071068 13.8889 0
1.4296 Head 0 1.6 0.78 12.30001 314.1 0 0.09865184 -0.3876837 0.04177367 0.9155458
1.4296 FirstCar -60.14432 0.025 2.97 0 90 0 0 0.7071068 0 0.7071068 13.8889 0
1.4310 Head 0 1.6 0.78 12.30001 314.1 0 0.09865184 -0.3876837 0.04177367 0.9155458
1.4310 FirstCar -60.1255 0.025 2.97 0 90 0 0 0.7071068 0 0.7071068 13.8889 0
1.4323 Head 0 1.6 0.78 12.30001 314.1 0 0.09865184 -0.3876837 0.04177367 0.9155458
1.4323 FirstCar -60.10666 0.025 2.97 0 90 0 0 0.7071068 0 0.7071068 13.8889 0
1.4337 Head 0 1.6 0.78 12.30001 314.1 0 0.09865184 -0.3876837 0.04177367 0.9155458
1.4337 FirstCar -60.08815 0.025 2.97 0 90 0 0 0.7071068 0 0.7071068 13.8889 0
1.4350 Head 0 1.6 0.78 12.30001 314.1 0 0.09865184 -0.3876837 0.04177367 0.9155458
1.4350 FirstCar -60.06903 0.025 2.97 0 90 0 0 0.7071068 0 0.7071068 13.8889 0
1.4365 Head 0 1.6 0.78 12.30001 314.1 0 0.09865184 -0.3876837 0.04177367 0.9155458
1.4365 FirstCar -60.04845 0.025 2.97 0 90 0 0 0.7071068 0 0.7071068 13.8889 0
1.4379 Head 0 1.6 0.78 12.30001 314.1 0 0.09865184 -0.3876837 0.04177367 0.9155458
1.4379 FirstCar -60.02913 0.025 2.97 0 90 0 0 0.7071068 0 0.7071068 13.8889 0
1.4393 Head 0 1.6 0.78 12.30001 314.1 0 0.09865184 -0.3876837 0.04177367 0.9155458
1.4393 FirstCar -60.00903 0.025 2.97 0 90 0 0 0.7071068 0 0.7071068 13.8889 0
1.4408 Head 0 1.6 0.78 12.30001 314.1 0 0.09865184 -0.3876837 0.04177367 0.9155458
1.4408 FirstCar -59.98878 0.025 2.97 0 90 0 0 0.7071068 0 0.7071068 13.8889 0
1.4424 Head 0 1.6 0.78 12.30001 314.1 0 0.09865184 -0.3876837 0.04177367 0.9155458
1.4424 FirstCar -59.96734 0.025 2.97 0 90 0 0 0.7071068 0 0.7071068 13.8889 0
1.4439 Head 0 1.6 0.78 12.30001 314.1 0 0.09865184 -0.3876837 0.04177367 0.9155458
1.4439 FirstCar -59.94564 0.025 2.97 0 90 0 0 0.7071068 0 0.7071068 13.8889 0
1.4455 Head 0 1.6 0.78 12.30001 314.1 0 0.09865184 -0.3876837 0.04177367 0.9155458
1.4455 FirstCar -59.92426 0.025 2.97 0 90 0 0 0.7071068 0 0.7071068 13.8889 0
1.4473 Head 0 1.6 0.78 12.30001 314.1 0 0.09865184 -0.3876837 0.04177367 0.9155458
1.4473 FirstCar -59.8979 0.025 2.97 0 90 0 0 0.7071068 0 0.7071068 13.8889 0
1.4490 Head 0 1.6 0.78 12.30001 314.1 0 0.09865184 -0.3876837 0.04177367 0.9155458
1.4490 FirstCar -59.87469 0.025 2.97 0 90 0 0 0.7071068 0 0.7071068 13.8889 0
1.4506 Head 0 1.6 0.78 12.30001 314.1 0 0.09865184 -0.3876837 0.04177367 0.9155458
1.4506 FirstCar -59.85231 0.025 2.97 0 90 0 0 0.7071068 0 0.7071068 13.8889 0
1.4524 Head 0 1.6 0.78 12.30001 314.1 0 0.09865184 -0.3876837 0.04177367 0.9155458
1.4524 FirstCar -59.82758 0.025 2.97 0 90 0 0 0.7071068 0 0.7071068 13.8889 0
1.4545 Head 0 1.6 0.78 12.30001 314.1 0 0.09865184 -0.3876837 0.04177367 0.9155458
1.4545 FirstCar -59.79857 0.025 2.97 0 90 0 0 0.7071068 0 0.7071068 13.8889 0
1.4562 Head 0 1.6 0.78 12.30001 314.1 0 0.09865184 -0.3876837 0.04177367 0.9155458
1.4562 FirstCar -59.7743 0.025 2.97 0 90 0 0 0.7071068 0 0.7071068 13.8889 0
1.4578 Head 0 1.6 0.78 12.30001 314.1 0 0.09865184 -0.3876837 0.04177367 0.9155458
1.4578 FirstCar -59.75245 0.025 2.97 0 90 0 0 0.7071068 0 0.7071068 13.8889 0
1.4594 Head 0 1.6 0.78 12.30001 314.1 0 0.09865184 -0.3876837 0.04177367 0.9155458
1.4594 FirstCar -59.73111 0.025 2.97 0 90 0 0 0.7071068 0 0.7071068 13.8889 0
1.4609 Head 0 1.6 0.78 12.30001 314.1 0 0.09865184 -0.3876837 0.04177367 0.9155458
1.4609 FirstCar -59.71027 0.025 2.97 0 90 0 0 0.7071068 0 0.7071068 13.8889 0
1.4622 Head 0 1.6 0.78 12.30001 314.1 0 0.09865184 -0.3876837 0.04177367 0.9155458
1.4622 FirstCar -59.69136 0.025 2.97 0 90 0 0 0.7071068 0 0.7071068 13.8889 0
1.4637 Head 0 1.6 0.78 12.30001 314.1 0 0.09865184 -0.3876837 0.04177367 0.9155458
1.4637 FirstCar -59.67092 0.025 2.97 0 90 0 0 0.7071068 0 0.7071068 13.8889 0
1.4651 Head 0 1.6 0.78 12.30001 314.1 0 0.09865184 -0.3876837 0.04177367 0.9155458
1.4651 FirstCar -59.65165 0.025 2.97 0 90 0 0 0.7071068 0 0.7071068 13.8889 0
1.4668 Head 0 1.6 0.78 12.30001 314.1 0 0.09865184 -0.3876837 0.04177367 0.9155458
1.4668 FirstCar -59.62833 0.025 2.97 0 90 0 0 0.7071068 0 0.7071068 13.8889 0
1.4682 Head 0 1.6 0.78 12.30001 314.1 0 0.09865184 -0.3876837 0.04177367 0.9155458
1.4682 FirstCar -59.60823 0.025 2.97 0 90 0 0 0.7071068 0 0.7071068 13.8889 0
1.4696 Head 0 1.6 0.78 12.30001 314.1 0 0.09865184 -0.3876837 0.04177367 0.9155458
1.4696 FirstCar -59.58856 0.025 2.97 0 90 0 0 0.7071068 0 0.7071068 13.8889 0
1.4711 Head 0 1.6 0.78 12.30001 314.1 0 0.09865184 -0.3876837 0.04177367 0.9155458
1.4711 FirstCar -59.56844 0.025 2.97 0 90 0 0 0.7071068 0 0.7071068 13.8889 0
1.4724 Head 0 1.6 0.78 12.30001 314.1 0 0.09865184 -0.3876837 0.04177367 0.9155458
1.4724 FirstCar -59.54959 0.025 2.97 0 90 0 0 0.7071068 0 0.7071068 13.8889 0
1.4738 Head 0 1.6 0.78 12.30001 314.1 0 0.09865184 -0.3876837 0.04177367 0.9155458
1.4738 FirstCar -59.53097 0.025 2.97 0 90 0 0 0.7071068 0 0.7071068 13.8889 0
1.4751 Head 0 1.6 0.78 12.30001 314.1 0 0.09865184 -0.3876837 0.04177367 0.9155458
1.4751 FirstCar -59.51262 0.025 2.97 0 90 0 0 0.7071068 0 0.7071068 13.8889 0
1.4765 Head 0 1.6 0.78 12.30001 314.1 0 0.09865184 -0.3876837 0.04177367 0.9155458
1.4765 FirstCar -59.49371 0.025 2.97 0 90 0 0 0.7071068 0 0.7071068 13.8889 0
1.4778 Head 0 1.6 0.78 12.30001 314.1 0 0.09865184 -0.3876837 0.04177367 0.9155458
1.4778 FirstCar -59.47522 0.025 2.97 0 90 0 0 0.7071068 0 0.7071068 13.8889 0
1.4791 Head 0 1.6 0.78 12.30001 314.1 0 0.09865184 -0.3876837 0.04177367 0.9155458
1.4791 FirstCar -59.45681 0.025 2.97 0 90 0 0 0.7071068 0 0.7071068 13.8889 0
1.4805 Head 0 1.6 0.78 12.30001 314.1 0 0.09865184 -0.3876837 0.04177367 0.9155458
1.4805 FirstCar -59.43802 0.025 2.97 0 90 0 0 0.7071068 0 0.7071068 13.8889 0
1.4819 Head 0 1.6 0.78 12.30001 314.1 0 0.09865184 -0.3876837 0.04177367 0.9155458
1.4819 FirstCar -59.41862 0.025 2.97 0 90 0 0 0.7071068 0 0.7071068 13.8889 0
1.4833 Head 0 1.6 0.78 12.30001 314.1 0 0.09865184 -0.3876837 0.04177367 0.9155458
1.4833 FirstCar -59.39829 0.025 2.97 0 90 0 0 0.7071068 0 0.7071068 13.8889 0
1.4852 Head 0 1.6 0.78 12.30001 314.1 0 0.09865184 -0.3876837 0.04177367 0.9155458
1.4852 FirstCar -59.37283 0.025 2.97 0 90 0 0 0.7071068 0 0.7071068 13.8889 0
1.4875 Head 0 1.6 0.78 12.30001 314.1 0 0.09865184 -0.3876837 0.04177367 0.9155458
1.4875 FirstCar -59.33969 0.025 2.97 0 90 0 0 0.7071068 0 0.7071068 13.8889 0
1.4893 Head 0 1.6 0.78 12.30001 314.1 0 0.09865184 -0.3876837 0.04177367 0.9155458
1.4893 FirstCar -59.31567 0.025 2.97 0 90 0 0 0.7071068 0 0.7071068 13.8889 0
1.4909 Head 0 1.6 0.78 12.30001 314.1 0 0.09865184 -0.3876837 0.04177367 0.9155458
1.4909 FirstCar -59.29318 0.025 2.97 0 90 0 0 0.7071068 0 0.7071068 13.8889 0
1.4924 Head 0 1.6 0.78 12.30001 314.1 0 0.09865184 -0.3876837 0.04177367 0.9155458
1.4924 FirstCar -59.27214 0.025 2.97 0 90 0 0 0.7071068 0 0.7071068 13.8889 0
1.4939 Head 0 1.6 0.78 12.30001 314.1 0 0.09865184 -0.3876837 0.04177367 0.9155458
1.4939 FirstCar -59.2517 0.025 2.97 0 90 0 0 0.7071068 0 0.7071068 13.8889 0
1.4954 Head 0 1.6 0.78 12.30001 314.1 0 0.09865184 -0.3876837 0.04177367 0.9155458
1.4954 FirstCar -59.23054 0.025 2.97 0 90 0 0 0.7071068 0 0.7071068 13.8889 0
1.4969 Head 0 1.6 0.78 12.30001 314.1 0 0.09865184 -0.3876837 0.04177367 0.9155458
1.4969 FirstCar -59.20987 0.025 2.97 0 90 0 0 0.7071068 0 0.7071068 13.8889 0
1.4984 Head 0 1.6 0.78 12.30001 314.1 0 0.09865184 -0.3876837 0.04177367 0.9155458
1.4984 FirstCar -59.18919 0.025 2.97 0 90 0 0 0.7071068 0 0.7071068 13.8889 0
1.4999 Head 0 1.6 0.78 12.30001 314.1 0 0.09865184 -0.3876837 0.04177367 0.9155458
1.4999 FirstCar -59.16866 0.025 2.97 0 90 0 0 0.7071068 0 0.7071068 13.8889 0
1.5012 Head 0 1.6 0.78 12.30001 314.1 0 0.09865184 -0.3876837 0.04177367 0.9155458
1.5012 FirstCar -59.14974 0.025 2.97 0 90 0 0 0.7071068 0 0.7071068 13.8889 0
1.5027 Head 0 1.6 0.78 12.30001 314.1 0 0.09865184 -0.3876837 0.04177367 0.9155458
1.5027 FirstCar -59.12975 0.025 2.97 0 90 0 0 0.7071068 0 0.7071068 13.8889 0
1.5041 Head 0 1.6 0.78 12.30001 314.1 0 0.09865184 -0.3876837 0.04177367 0.9155458
1.5041 FirstCar -59.10962 0.025 2.97 0 90 0 0 0.7071068 0 0.7071068 13.8889 0
1.5056 Head 0 1.6 0.78 12.30001 314.1 0 0.09865184 -0.3876837 0.04177367 0.9155458
1.5056 FirstCar -59.08952 0.025 2.97 0 90 0 0 0.7071068 0 0.7071068 13.8889 0
1.5072 Head 0 1.6 0.78 12.30001 314.1 0 0.09865184 -0.3876837 0.04177367 0.9155458
1.5072 FirstCar -59.06635 0.025 2.97 0 90 0 0 0.7071068 0 0.7071068 13.8889 0
1.5087 Head 0 1.6 0.78 12.30001 314.1 0 0.09865184 -0.3876837 0.04177367 0.9155458
1.5087 FirstCar -59.04641 0.025 2.97 0 90 0 0 0.7071068 0 0.7071068 13.8889 0
1.5101 Head 0 1.6 0.78 12.30001 314.1 0 0.09865184 -0.3876837 0.04177367 0.9155458
1.5101 FirstCar -59.02581 0.025 2.97 0 90 0 0 0.7071068 0 0.7071068 13.8889 0
1.5118 Head 0 1.6 0.78 12.30001 314.1 0 0.09865184 -0.3876837 0.04177367 0.9155458
1.5118 FirstCar -59.00301 0.025 2.97 0 90 0 0 0.7071068 0 0.7071068 13.8889 0
1.5135 Head 0 1.6 0.78 12.30001 314.1 0 0.09865184 -0.3876837 0.04177367 0.9155458
1.5135 FirstCar -58.97962 0.025 2.97 0 90 0 0 0.7071068 0 0.7071068 13.8889 0
1.5153 Head 0 1.6 0.78 12.30001 314.1 0 0.09865184 -0.3876837 0.04177367 0.9155458
1.5153 FirstCar -58.95389 0.025 2.97 0 90 0 0 0.7071068 0 0.7071068 13.8889 0
1.5171 Head 0 1.6 0.78 12.30001 314.1 0 0.09865184 -0.3876837 0.04177367 0.9155458
1.5171 FirstCar -58.92865 0.025 2.97 0 90 0 0 0.7071068 0 0.7071068 13.8889 0
1.5189 Head 0 1.6 0.78 12.30001 314.1 0 0.09865184 -0.3876837 0.04177367 0.9155458
1.5189 FirstCar -58.90437 0.025 2.97 0 90 0 0 0.7071068 0 0.7071068 13.8889 0
1.5207 Head 0 1.6 0.78 12.30001 314.1 0 0.09865184 -0.3876837 0.04177367 0.9155458
1.5207 FirstCar -58.87944 0.025 2.97 0 90 0 0 0.7071068 0 0.7071068 13.8889 0
1.5224 Head 0 1.6 0.78 12.30001 314.1 0 0.09865184 -0.3876837 0.04177367 0.9155458
1.5224 FirstCar -58.85609 0.025 2.97 0 90 0 0 0.7071068 0 0.7071068 13.8889 0
1.5239 Head 0 1.6 0.78 12.30001 314.1 0 0.09865184 -0.3876837 0.04177367 0.9155458
1.5239 FirstCar -58.8353 0.025 2.97 0 90 0 0 0.7071068 0 0.7071068 13.8889 0
1.5253 Head 0 1.6 0.78 12.30001 314.1 0 0.09865184 -0.3876837 0.04177367 0.9155458
1.5253 FirstCar -58.81475 0.025 2.97 0 90 0 0 0.7071068 0 0.7071068 13.8889 0
1.5271 Head 0 1.6 0.78 12.30001 314.1 0 0.09865184 -0.3876837 0.04177367 0.9155458
1.5271 FirstCar -58.79016 0.025 2.97 0 90 0 0 0.7071068 0 0.7071068 13.8889 0
1.5286 Head 0 1.6 0.78 12.30001 314.1 0 0.09865184 -0.3876837 0.04177367 0.9155458
1.5286 FirstCar -58.76957 0.025 2.97 0 90 0 0 0.7071068 0 0.7071068 13.8889 0
1.5300 Head 0 1.6 0.78 12.30001 314.1 0 0.09865184 -0.3876837 0.04177367 0.9155458
1.5300 FirstCar -58.75005 0.025 2.97 0 90 0 0 0.7071068 0 0.7071068 13.8889 0
1.5313 Head 0 1.6 0.78 12.30001 314.1 0 0.09865184 -0.3876837 0.04177367 0.9155458
1.5313 FirstCar -58.73148 0.025 2.97 0 90 0 0 0.7071068 0 0.7071068 13.8889 0
1.5328 Head 0 1.6 0.78 12.30001 314.1 0 0.09865184 -0.3876837 0.04177367 0.9155458
1.5328 FirstCar -58.71134 0.025 2.97 0 90 0 0 0.7071068 0 0.7071068 13.8889 0
1.5342 Head 0 1.6 0.78 12.30001 314.1 0 0.09865184 -0.3876837 0.04177367 0.9155458
1.5342 FirstCar -58.69129 0.025 2.97 0 90 0 0 0.7071068 0 0.7071068 13.8889 0
1.5357 Head 0 1.6 0.78 12.30001 314.1 0 0.09865184 -0.3876837 0.04177367 0.9155458
1.5357 FirstCar -58.67091 0.025 2.97 0 90 0 0 0.7071068 0 0.7071068 13.8889 0
1.5372 Head 0 1.6 0.78 12.30001 314.1 0 0.09865184 -0.3876837 0.04177367 0.9155458
1.5372 FirstCar -58.65022 0.025 2.97 0 90 0 0 0.7071068 0 0.7071068 13.8889 0
1.5386 Head 0 1.6 0.78 12.30001 314.1 0 0.09865184 -0.3876837 0.04177367 0.9155458
1.5386 FirstCar -58.63063 0.025 2.97 0 90 0 0 0.7071068 0 0.7071068 13.8889 0
1.5400 Head 0 1.6 0.78 12.30001 314.1 0 0.09865184 -0.3876837 0.04177367 0.9155458
1.5400 FirstCar -58.61114 0.025 2.97 0 90 0 0 0.7071068 0 0.7071068 13.8889 0
1.5414 Head 0 1.6 0.78 12.30001 314.1 0 0.09865184 -0.3876837 0.04177367 0.9155458
1.5414 FirstCar -58.59179 0.025 2.97 0 90 0 0 0.7071068 0 0.7071068 13.8889 0
1.5428 Head 0 1.6 0.78 12.30001 314.1 0 0.09865184 -0.3876837 0.04177367 0.9155458
1.5428 FirstCar -58.57285 0.025 2.97 0 90 0 0 0.7071068 0 0.7071068 13.8889 0
1.5441 Head 0 1.6 0.78 12.30001 314.1 0 0.09865184 -0.3876837 0.04177367 0.9155458
1.5441 FirstCar -58.55398 0.025 2.97 0 90 0 0 0.7071068 0 0.7071068 13.8889 0
1.5459 Head 0 1.6 0.78 12.30001 314.1 0 0.09865184 -0.3876837 0.04177367 0.9155458
1.5459 FirstCar -58.52982 0.025 2.97 0 90 0 0 0.7071068 0 0.7071068 13.8889 0
1.5480 Head 0 1.6 0.78 12.30001 314.1 0 0.09865184 -0.3876837 0.04177367 0.9155458
1.5480 FirstCar -58.50041 0.025 2.97 0 90 0 0 0.7071068 0 0.7071068 13.8889 0
1.5497 Head 0 1.6 0.78 12.30001 314.1 0 0.09865184 -0.3876837 0.04177367 0.9155458
1.5497 FirstCar -58.47695 0.025 2.97 0 90 0 0 0.7071068 0 0.7071068 13.8889 0
1.5515 Head 0 1.6 0.78 12.30001 314.1 0 0.09865184 -0.3876837 0.04177367 0.9155458
1.5515 FirstCar -58.45069 0.025 2.97 0 90 0 0 0.7071068 0 0.7071068 13.8889 0
1.5532 Head 0 1.6 0.78 12.30001 314.1 0 0.09865184 -0.3876837 0.04177367 0.9155458
1.5532 FirstCar -58.42804 0.025 2.97 0 90 0 0 0.7071068 0 0.7071068 13.8889 0
1.5546 Head 0 1.6 0.78 12.30001 314.1 0 0.09865184 -0.3876837 0.04177367 0.9155458
1.5546 FirstCar -58.40804 0.025 2.97 0 90 0 0 0.7071068 0 0.7071068 13.8889 0
1.5560 Head 0 1.6 0.78 12.30001 314.1 0 0.09865184 -0.3876837 0.04177367 0.9155458
1.5560 FirstCar -58.38839 0.025 2.97 0 90 0 0 0.7071068 0 0.7071068 13.8889 0
1.5575 Head 0 1.6 0.78 12.30001 314.1 0 0.09865184 -0.3876837 0.04177367 0.9155458
1.5575 FirstCar -58.36851 0.025 2.97 0 90 0 0 0.7071068 0 0.7071068 13.8889 0
1.5589 Head 0 1.6 0.78 12.30001 314.1 0 0.09865184 -0.3876837 0.04177367 0.9155458
1.5589 FirstCar -58.34889 0.025 2.97 0 90 0 0 0.7071068 0 0.7071068 13.8889 0
1.5602 Head 0 1.6 0.78 12.30001 314.1 0 0.09865184 -0.3876837 0.04177367 0.9155458
1.5602 FirstCar -58.33004 0.025 2.97 0 90 0 0 0.7071068 0 0.7071068 13.8889 0
1.5616 Head 0 1.6 0.78 12.30001 314.1 0 0.09865184 -0.3876837 0.04177367 0.9155458
1.5616 FirstCar -58.31137 0.025 2.97 0 90 0 0 0.7071068 0 0.7071068 13.8889 0
1.5630 Head 0 1.6 0.78 12.30001 314.1 0 0.09865184 -0.3876837 0.04177367 0.9155458
1.5630 FirstCar -58.29226 0.025 2.97 0 90 0 0 0.7071068 0 0.7071068 13.8889 0
1.5644 Head 0 1.6 0.78 12.30001 314.1 0 0.09865184 -0.3876837 0.04177367 0.9155458
1.5644 FirstCar -58.27202 0.025 2.97 0 90 0 0 0.7071068 0 0.7071068 13.8889 0
1.5660 Head 0 1.6 0.78 12.30001 314.1 0 0.09865184 -0.3876837 0.04177367 0.9155458
1.5660 FirstCar -58.24996 0.025 2.97 0 90 0 0 0.7071068 0 0.7071068 13.8889 0
1.5677 Head 0 1.6 0.78 12.30001 314.1 0 0.09865184 -0.3876837 0.04177367 0.9155458
1.5677 FirstCar -58.22663 0.025 2.97 0 90 0 0 0.7071068 0 0.7071068 13.8889 0
1.5692 Head 0 1.6 0.78 12.30001 314.1 0 0.09865184 -0.3876837 0.04177367 0.9155458
1.5692 FirstCar -58.20575 0.025 2.97 0 90 0 0 0.7071068 0 0.7071068 13.8889 0
1.5706 Head 0 1.6 0.78 12.30001 314.1 0 0.09865184 -0.3876837 0.04177367 0.9155458
1.5706 FirstCar -58.18581 0.025 2.97 0 90 0 0 0.7071068 0 0.7071068 13.8889 0
1.5720 Head 0 1.6 0.78 12.30001 314.1 0 0.09865184 -0.3876837 0.04177367 0.9155458
1.5720 FirstCar -58.16687 0.025 2.97 0 90 0 0 0.7071068 0 0.7071068 13.8889 0
1.5733 Head 0 1.6 0.78 12.30001 314.1 0 0.09865184 -0.3876837 0.04177367 0.9155458
1.5733 FirstCar -58.14792 0.025 2.97 0 90 0 0 0.7071068 0 0.7071068 13.8889 0
1.5747 Head 0 1.6 0.78 12.30001 314.1 0 0.09865184 -0.3876837 0.04177367 0.9155458
1.5747 FirstCar -58.12948 0.025 2.97 0 90 0 0 0.7071068 0 0.7071068 13.8889 0
1.5762 Head 0 1.6 0.78 12.30001 314.1 0 0.09865184 -0.3876837 0.04177367 0.9155458
1.5762 FirstCar -58.10818 0.025 2.97 0 90 0 0 0.7071068 0 0.7071068 13.8889 0
1.5777 Head 0 1.6 0.78 12.30001 314.1 0 0.09865184 -0.3876837 0.04177367 0.9155458
1.5777 FirstCar -58.08682 0.025 2.97 0 90 0 0 0.7071068 0 0.7071068 13.8889 0
1.5793 Head 0 1.6 0.78 12.30001 314.1 0 0.09865184 -0.3876837 0.04177367 0.9155458
1.5793 FirstCar -58.06567 0.025 2.97 0 90 0 0 0.7071068 0 0.7071068 13.8889 0
1.5809 Head 0 1.6 0.78 12.30001 314.1 0 0.09865184 -0.3876837 0.04177367 0.9155458
1.5809 FirstCar -58.04348 0.025 2.97 0 90 0 0 0.7071068 0 0.7071068 13.8889 0
1.5823 Head 0 1.6 0.78 12.30001 314.1 0 0.09865184 -0.3876837 0.04177367 0.9155458
1.5823 FirstCar -58.02427 0.025 2.97 0 90 0 0 0.7071068 0 0.7071068 13.8889 0
1.5839 Head 0 1.6 0.78 12.30001 314.1 0 0.09865184 -0.3876837 0.04177367 0.9155458
1.5839 FirstCar -58.00156 0.025 2.97 0 90 0 0 0.7071068 0 0.7071068 13.8889 0
1.5859 Head 0 1.6 0.78 12.30001 314.1 0 0.09865184 -0.3876837 0.04177367 0.9155458
1.5859 FirstCar -57.97292 0.025 2.97 0 90 0 0 0.7071068 0 0.7071068 13.8889 0
1.5880 Head 0 1.6 0.78 12.30001 314.1 0 0.09865184 -0.3876837 0.04177367 0.9155458
1.5880 FirstCar -57.9442 0.025 2.97 0 90 0 0 0.7071068 0 0.7071068 13.8889 0
1.5898 Head 0 1.6 0.78 12.30001 314.1 0 0.09865184 -0.3876837 0.04177367 0.9155458
1.5898 FirstCar -57.91994 0.025 2.97 0 90 0 0 0.7071068 0 0.7071068 13.8889 0
1.5914 Head 0 1.6 0.78 12.30001 314.1 0 0.09865184 -0.3876837 0.04177367 0.9155458
1.5914 FirstCar -57.89751 0.025 2.97 0 90 0 0 0.7071068 0 0.7071068 13.8889 0
1.5929 Head 0 1.6 0.78 12.30001 314.1 0 0.09865184 -0.3876837 0.04177367 0.9155458
1.5929 FirstCar -57.87688 0.025 2.97 0 90 0 0 0.7071068 0 0.7071068 13.8889 0
1.5944 Head 0 1.6 0.78 12.30001 314.1 0 0.09865184 -0.3876837 0.04177367 0.9155458
1.5944 FirstCar -57.85606 0.025 2.97 0 90 0 0 0.7071068 0 0.7071068 13.8889 0
1.5959 Head 0 1.6 0.78 12.30001 314.1 0 0.09865184 -0.3876837 0.04177367 0.9155458
1.5959 FirstCar -57.8342 0.025 2.97 0 90 0 0 0.7071068 0 0.7071068 13.8889 0
1.5974 Head 0 1.6 0.78 12.30001 314.1 0 0.09865184 -0.3876837 0.04177367 0.9155458
1.5974 FirstCar -57.81359 0.025 2.97 0 90 0 0 0.7071068 0 0.7071068 13.8889 0
1.5988 Head 0 1.6 0.78 12.30001 314.1 0 0.09865184 -0.3876837 0.04177367 0.9155458
1.5988 FirstCar -57.79454 0.025 2.97 0 90 0 0 0.7071068 0 0.7071068 13.8889 0
1.6002 Head 0 1.6 0.78 12.30001 314.1 0 0.09865184 -0.3876837 0.04177367 0.9155458
1.6002 FirstCar -57.77432 0.025 2.97 0 90 0 0 0.7071068 0 0.7071068 13.8889 0
1.6017 Head 0 1.6 0.78 12.30001 314.1 0 0.09865184 -0.3876837 0.04177367 0.9155458
1.6017 FirstCar -57.75476 0.025 2.97 0 90 0 0 0.7071068 0 0.7071068 13.8889 0
1.6031 Head 0 1.6 0.78 12.30001 314.1 0 0.09865184 -0.3876837 0.04177367 0.9155458
1.6031 FirstCar -57.73464 0.025 2.97 0 90 0 0 0.7071068 0 0.7071068 13.8889 0
1.6046 Head 0 1.6 0.78 12.30001 314.1 0 0.09865184 -0.3876837 0.04177367 0.9155458
1.6046 FirstCar -57.71449 0.025 2.97 0 90 0 0 0.7071068 0 0.7071068 13.8889 0
1.6060 Head 0 1.6 0.78 12.30001 314.1 0 0.09865184 -0.3876837 0.04177367 0.9155458
1.6060 FirstCar -57.69383 0.025 2.97 0 90 0 0 0.7071068 0 0.7071068 13.8889 0
1.6076 Head 0 1.6 0.78 12.30001 314.1 0 0.09865184 -0.3876837 0.04177367 0.9155458
1.6076 FirstCar -57.67215 0.025 2.97 0 90 0 0 0.7071068 0 0.7071068 13.8889 0
1.6090 Head 0 1.6 0.78 12.30001 314.1 0 0.09865184 -0.3876837 0.04177367 0.9155458
1.6090 FirstCar -57.65219 0.025 2.97 0 90 0 0 0.7071068 0 0.7071068 13.8889 0
1.6104 Head 0 1.6 0.78 12.30001 314.1 0 0.09865184 -0.3876837 0.04177367 0.9155458
1.6104 FirstCar -57.63307 0.025 2.97 0 90 0 0 0.7071068 0 0.7071068 13.8889 0
1.6118 Head 0 1.6 0.78 12.30001 314.1 0 0.09865184 -0.3876837 0.04177367 0.9155458
1.6118 FirstCar -57.61374 0.025 2.97 0 90 0 0 0.7071068 0 0.7071068 13.8889 0
1.6131 Head 0 1.6 0.78 12.30001 314.1 0 0.09865184 -0.3876837 0.04177367 0.9155458
1.6131 FirstCar -57.59526 0.025 2.97 0 90 0 0 0.7071068 0 0.7071068 13.8889 0
1.6145 Head 0 1.6 0.78 12.30001 314.1 0 0.09865184 -0.3876837 0.04177367 0.9155458
1.6145 FirstCar -57.57671 0.025 2.97 0 90 0 0 0.7071068 0 0.7071068 13.8889 0
1.6159 Head 0 1.6 0.78 12.30001 314.1 0 0.09865184 -0.3876837 0.04177367 0.9155458
1.6159 FirstCar -57.5574 0.025 2.97 0 90 0 0 0.7071068 0 0.7071068 13.8889 0
1.6172 Head 0 1.6 0.78 12.30001 314.1 0 0.09865184 -0.3876837 0.04177367 0.9155458
1.6172 FirstCar -57.53848 0.025 2.97 0 90 0 0 0.7071068 0 0.7071068 13.8889 0
1.6186 Head 0 1.6 0.78 12.30001 314.1 0 0.09865184 -0.3876837 0.04177367 0.9155458
1.6186 FirstCar -57.51939 0.025 2.97 0 90 0 0 0.7071068 0 0.7071068 13.8889 0
1.6200 Head 0 1.6 0.78 12.30001 314.1 0 0.09865184 -0.3876837 0.04177367 0.9155458
1.6200 FirstCar -57.50033 0.025 2.97 0 90 0 0 0.7071068 0 0.7071068 13.8889 0
1.6214 Head 0 1.6 0.78 12.30001 314.1 0 0.09865184 -0.3876837 0.04177367 0.9155458
1.6214 FirstCar -57.48075 0.025 2.97 0 90 0 0 0.7071068 0 0.7071068 13.8889 0
1.6227 Head 0 1.6 0.78 12.30001 314.1 0 0.09865184 -0.3876837 0.04177367 0.9155458
1.6227 FirstCar -57.46238 0.025 2.97 0 90 0 0 0.7071068 0 0.7071068 13.8889 0
1.6240 Head 0 1.6 0.78 12.30001 314.1 0 0.09865184 -0.3876837 0.04177367 0.9155458
1.6240 FirstCar -57.44426 0.025 2.97 0 90 0 0 0.7071068 0 0.7071068 13.8889 0
1.6256 Head 0 1.6 0.78 12.30001 314.1 0 0.09865184 -0.3876837 0.04177367 0.9155458
1.6256 FirstCar -57.42206 0.025 2.97 0 90 0 0 0.7071068 0 0.7071068 13.8889 0
1.6274 Head 0 1.6 0.78 12.30001 314.1 0 0.09865184 -0.3876837 0.04177367 0.9155458
1.6274 FirstCar -57.39671 0.025 2.97 0 90 0 0 0.7071068 0 0.7071068 13.8889 0
1.6290 Head 0 1.6 0.78 12.30001 314.1 0 0.09865184 -0.3876837 0.04177367 0.9155458
1.6290 FirstCar -57.3744 0.025 2.97 0 90 0 0 0.7071068 0 0.7071068 13.8889 0
1.6307 Head 0 1.6 0.78 12.30001 314.1 0 0.09865184 -0.3876837 0.04177367 0.9155458
1.6307 FirstCar -57.35152 0.025 2.97 0 90 0 0 0.7071068 0 0.7071068 13.8889 0
1.6322 Head 0 1.6 0.78 12.30001 314.1 0 0.09865184 -0.3876837 0.04177367 0.9155458
1.6322 FirstCar -57.33061 0.025 2.97 0 90 0 0 0.7071068 0 0.7071068 13.8889 0
1.6336 Head 0 1.6 0.78 12.30001 314.1 0 0.09865184 -0.3876837 0.04177367 0.9155458
1.6336 FirstCar -57.31144 0.025 2.97 0 90 0 0 0.7071068 0 0.7071068 13.8889 0
1.6350 Head 0 1.6 0.78 12.30001 314.1 0 0.09865184 -0.3876837 0.04177367 0.9155458
1.6350 FirstCar -57.29191 0.025 2.97 0 90 0 0 0.7071068 0 0.7071068 13.8889 0
1.6364 Head 0 1.6 0.78 12.30001 314.1 0 0.09865184 -0.3876837 0.04177367 0.9155458
1.6364 FirstCar -57.27162 0.025 2.97 0 90 0 0 0.7071068 0 0.7071068 13.8889 0
1.6379 Head 0 1.6 0.78 12.30001 314.1 0 0.09865184 -0.3876837 0.04177367 0.9155458
1.6379 FirstCar -57.25202 0.025 2.97 0 90 0 0 0.7071068 0 0.7071068 13.8889 0
1.6392 Head 0 1.6 0.78 12.30001 314.1 0 0.09865184 -0.3876837 0.04177367 0.9155458
1.6392 FirstCar -57.23292 0.025 2.97 0 90 0 0 0.7071068 0 0.7071068 13.8889 0
1.6406 Head 0 1.6 0.78 12.30001 314.1 0 0.09865184 -0.3876837 0.04177367 0.9155458
1.6406 FirstCar -57.21352 0.025 2.97 0 90 0 0 0.7071068 0 0.7071068 13.8889 0
1.6420 Head 0 1.6 0.78 12.30001 314.1 0 0.09865184 -0.3876837 0.04177367 0.9155458
1.6420 FirstCar -57.19474 0.025 2.97 0 90 0 0 0.7071068 0 0.7071068 13.8889 0
1.6434 Head 0 1.6 0.78 12.30001 314.1 0 0.09865184 -0.3876837 0.04177367 0.9155458
1.6434 FirstCar -57.17455 0.025 2.97 0 90 0 0 0.7071068 0 0.7071068 13.8889 0
1.6449 Head 0 1.6 0.78 12.30001 314.1 0 0.09865184 -0.3876837 0.04177367 0.9155458
1.6449 FirstCar -57.15427 0.025 2.97 0 90 0 0 0.7071068 0 0.7071068 13.8889 0
1.6467 Head 0 1.6 0.78 12.30001 314.1 0 0.09865184 -0.3876837 0.04177367 0.9155458
1.6467 FirstCar -57.12936 0.025 2.97 0 90 0 0 0.7071068 0 0.7071068 13.8889 0
1.6482 Head 0 1.6 0.78 12.30001 314.1 0 0.09865184 -0.3876837 0.04177367 0.9155458
1.6482 FirstCar -57.10888 0.025 2.97 0 90 0 0 0.7071068 0 0.7071068 13.8889 0
1.6497 Head 0 1.6 0.78 12.30001 314.1 0 0.09865184 -0.3876837 0.04177367 0.9155458
1.6497 FirstCar -57.08707 0.025 2.97 0 90 0 0 0.7071068 0 0.7071068 13.8889 0
1.6512 Head 0 1.6 0.78 12.30001 314.1 0 0.09865184 -0.3876837 0.04177367 0.9155458
1.6512 FirstCar -57.06638 0.025 2.97 0 90 0 0 0.7071068 0 0.7071068 13.8889 0
1.6527 Head 0 1.6 0.78 12.30001 314.1 0 0.09865184 -0.3876837 0.04177367 0.9155458
1.6527 FirstCar -57.04558 0.025 2.97 0 90 0 0 0.7071068 0 0.7071068 13.8889 0
1.6543 Head 0 1.6 0.78 12.30001 314.1 0 0.09865184 -0.3876837 0.04177367 0.9155458
1.6543 FirstCar -57.02391 0.025 2.97 0 90 0 0 0.7071068 0 0.7071068 13.8889 0
1.6560 Head 0 1.6 0.78 12.30001 314.1 0 0.09865184 -0.3876837 0.04177367 0.9155458
1.6560 FirstCar -57.00037 0.025 2.97 0 90 0 0 0.7071068 0 0.7071068 13.8889 0
1.6576 Head 0 1.6 0.78 12.30001 314.1 0 0.09865184 -0.3876837 0.04177367 0.9155458
1.6576 FirstCar -56.97821 0.025 2.97 0 90 0 0 0.7071068 0 0.7071068 13.8889 0
1.6593 Head 0 1.6 0.78 12.30001 314.1 0 0.09865184 -0.3876837 0.04177367 0.9155458
1.6593 FirstCar -56.95447 0.025 2.97 0 90 0 0 0.7071068 0 0.7071068 13.8889 0
1.6611 Head 0 1.6 0.78 12.30001 314.1 0 0.09865184 -0.3876837 0.04177367 0.9155458
1.6611 FirstCar -56.92979 0.025 2.97 0 90 0 0 0.7071068 0 0.7071068 13.8889 0
1.6628 Head 0 1.6 0.78 12.30001 314.1 0 0.09865184 -0.3876837 0.04177367 0.9155458
1.6628 FirstCar -56.90532 0.025 2.97 0 90 0 0 0.7071068 0 0.7071068 13.8889 0
1.6643 Head 0 1.6 0.78 12.30001 314.1 0 0.09865184 -0.3876837 0.04177367 0.9155458
1.6643 FirstCar -56.88451 0.025 2.97 0 90 0 0 0.7071068 0 0.7071068 13.8889 0
1.6657 Head 0 1.6 0.78 12.30001 314.1 0 0.09865184 -0.3876837 0.04177367 0.9155458
1.6657 FirstCar -56.86517 0.025 2.97 0 90 0 0 0.7071068 0 0.7071068 13.8889 0
1.6674 Head 0 1.6 0.78 12.30001 314.1 0 0.09865184 -0.3876837 0.04177367 0.9155458
1.6674 FirstCar -56.84169 0.025 2.97 0 90 0 0 0.7071068 0 0.7071068 13.8889 0
1.6688 Head 0 1.6 0.78 12.30001 314.1 0 0.09865184 -0.3876837 0.04177367 0.9155458
1.6688 FirstCar -56.82204 0.025 2.97 0 90 0 0 0.7071068 0 0.7071068 13.8889 0
1.6702 Head 0 1.6 0.78 12.30001 314.1 0 0.09865184 -0.3876837 0.04177367 0.9155458
1.6702 FirstCar -56.80209 0.025 2.97 0 90 0 0 0.7071068 0 0.7071068 13.8889 0
1.6716 Head 0 1.6 0.78 12.30001 314.1 0 0.09865184 -0.3876837 0.04177367 0.9155458
1.6716 FirstCar -56.78319 0.025 2.97 0 90 0 0 0.7071068 0 0.7071068 13.8889 0
1.6729 Head 0 1.6 0.78 12.30001 314.1 0 0.09865184 -0.3876837 0.04177367 0.9155458
1.6729 FirstCar -56.76459 0.025 2.97 0 90 0 0 0.7071068 0 0.7071068 13.8889 0
1.6743 Head 0 1.6 0.78 12.30001 314.1 0 0.09865184 -0.3876837 0.04177367 0.9155458
1.6743 FirstCar -56.74555 0.025 2.97 0 90 0 0 0.7071068 0 0.7071068 13.8889 0
1.6757 Head 0 1.6 0.78 12.30001 314.1 0 0.09865184 -0.3876837 0.04177367 0.9155458
1.6757 FirstCar -56.72646 0.025 2.97 0 90 0 0 0.7071068 0 0.7071068 13.8889 0
1.6771 Head 0 1.6 0.78 12.30001 314.1 0 0.09865184 -0.3876837 0.04177367 0.9155458
1.6771 FirstCar -56.70741 0.025 2.97 0 90 0 0 0.7071068 0 0.7071068 13.8889 0
1.6784 Head 0 1.6 0.78 12.30001 314.1 0 0.09865184 -0.3876837 0.04177367 0.9155458
1.6784 FirstCar -56.68855 0.025 2.97 0 90 0 0 0.7071068 0 0.7071068 13.8889 0
1.6798 Head 0 1.6 0.78 12.30001 314.1 0 0.09865184 -0.3876837 0.04177367 0.9155458
1.6798 FirstCar -56.6699 0.025 2.97 0 90 0 0 0.7071068 0 0.7071068 13.8889 0
1.6811 Head 0 1.6 0.78 12.30001 314.1 0 0.09865184 -0.3876837 0.04177367 0.9155458
1.6811 FirstCar -56.65174 0.025 2.97 0 90 0 0 0.7071068 0 0.7071068 13.8889 0
1.6824 Head 0 1.6 0.78 12.30001 314.1 0 0.09865184 -0.3876837 0.04177367 0.9155458
1.6824 FirstCar -56.63306 0.025 2.97 0 90 0 0 0.7071068 0 0.7071068 13.8889 0
1.6838 Head 0 1.6 0.78 12.30001 314.1 0 0.09865184 -0.3876837 0.04177367 0.9155458
1.6838 FirstCar -56.61416 0.025 2.97 0 90 0 0 0.7071068 0 0.7071068 13.8889 0
1.6852 Head 0 1.6 0.78 12.30001 314.1 0 0.09865184 -0.3876837 0.04177367 0.9155458
1.6852 FirstCar -56.59494 0.025 2.97 0 90 0 0 0.7071068 0 0.7071068 13.8889 0
1.6868 Head 0 1.6 0.78 12.30001 314.1 0 0.09865184 -0.3876837 0.04177367 0.9155458
1.6868 FirstCar -56.57173 0.025 2.97 0 90 0 0 0.7071068 0 0.7071068 13.8889 0
1.6884 Head 0 1.6 0.78 12.30001 314.1 0 0.09865184 -0.3876837 0.04177367 0.9155458
1.6884 FirstCar -56.5499 0.025 2.97 0 90 0 0 0.7071068 0 0.7071068 13.8889 0
1.6900 Head 0 1.6 0.78 12.30001 314.1 0 0.09865184 -0.3876837 0.04177367 0.9155458
1.6900 FirstCar -56.52748 0.025 2.97 0 90 0 0 0.7071068 0 0.7071068 13.8889 0
1.6916 Head 0 1.6 0.78 12.30001 314.1 0 0.09865184 -0.3876837 0.04177367 0.9155458
1.6916 FirstCar -56.50591 0.025 2.97 0 90 0 0 0.7071068 0 0.7071068 13.8889 0
1.6930 Head 0 1.6 0.78 12.30001 314.1 0 0.09865184 -0.3876837 0.04177367 0.9155458
1.6930 FirstCar -56.48552 0.025 2.97 0 90 0 0 0.7071068 0 0.7071068 13.8889 0
1.6947 Head 0 1.6 0.78 12.30001 314.1 0 0.09865184 -0.3876837 0.04177367 0.9155458
1.6947 FirstCar -56.46264 0.025 2.97 0 90 0 0 0.7071068 0 0.7071068 13.8889 0
1.6963 Head 0 1.6 0.78 12.30001 314.1 0 0.09865184 -0.3876837 0.04177367 0.9155458
1.6963 FirstCar -56.44082 0.025 2.97 0 90 0 0 0.7071068 0 0.7071068 13.8889 0
1.6977 Head 0 1.6 0.78 12.30001 314.1 0 0.09865184 -0.3876837 0.04177367 0.9155458
1.6977 FirstCar -56.42033 0.025 2.97 0 90 0 0 0.7071068 0 0.7071068 13.8889 0
1.6991 Head 0 1.6 0.78 12.30001 314.1 0 0.09865184 -0.3876837 0.04177367 0.9155458
1.6991 FirstCar -56.4012 0.025 2.97 0 90 0 0 0.7071068 0 0.7071068 13.8889 0
1.7005 Head 0 1.6 0.78 12.30001 314.1 0 0.09865184 -0.3876837 0.04177367 0.9155458
1.7005 FirstCar -56.38245 0.025 2.97 0 90 0 0 0.7071068 0 0.7071068 13.8889 0
1.7018 Head 0 1.6 0.78 12.30001 314.1 0 0.09865184 -0.3876837 0.04177367 0.9155458
1.7018 FirstCar -56.36349 0.025 2.97 0 90 0 0 0.7071068 0 0.7071068 13.8889 0
1.7032 Head 0 1.6 0.78 12.30001 314.1 0 0.09865184 -0.3876837 0.04177367 0.9155458
1.7032 FirstCar -56.34412 0.025 2.97 0 90 0 0 0.7071068 0 0.7071068 13.8889 0
1.7047 Head 0 1.6 0.78 12.30001 314.1 0 0.09865184 -0.3876837 0.04177367 0.9155458
1.7047 FirstCar -56.32406 0.025 2.97 0 90 0 0 0.7071068 0 0.7071068 13.8889 0
1.7061 Head 0 1.6 0.78 12.30001 314.1 0 0.09865184 -0.3876837 0.04177367 0.9155458
1.7061 FirstCar -56.30371 0.025 2.97 0 90 0 0 0.7071068 0 0.7071068 13.8889 0
1.7078 Head 0 1.6 0.78 12.30001 314.1 0 0.09865184 -0.3876837 0.04177367 0.9155458
1.7078 FirstCar -56.28038 0.025 2.97 0 90 0 0 0.7071068 0 0.7071068 13.8889 0
1.7092 Head 0 1.6 0.78 12.30001 314.1 0 0.09865184 -0.3876837 0.04177367 0.9155458
1.7092 FirstCar -56.2605 0.025 2.97 0 90 0 0 0.7071068 0 0.7071068 13.8889 0
1.7107 Head 0 1.6 0.78 12.30001 314.1 0 0.09865184 -0.3876837 0.04177367 0.9155458
1.7107 FirstCar -56.24005 0.025 2.97 0 90 0 0 0.7071068 0 0.7071068 13.8889 0
1.7121 Head 0 1.6 0.78 12.30001 314.1 0 0.09865184 -0.3876837 0.04177367 0.9155458
1.7121 FirstCar -56.22024 0.025 2.97 0 90 0 0 0.7071068 0 0.7071068 13.8889 0
1.7135 Head 0 1.6 0.78 12.30001 314.1 0 0.09865184 -0.3876837 0.04177367 0.9155458
1.7135 FirstCar -56.20081 0.025 2.97 0 90 0 0 0.7071068 0 0.7071068 13.8889 0
1.7149 Head 0 1.6 0.78 12.30001 314.1 0 0.09865184 -0.3876837 0.04177367 0.9155458
1.7149 FirstCar -56.18201 0.025 2.97 0 90 0 0 0.7071068 0 0.7071068 13.8889 0
1.7163 Head 0 1.6 0.78 12.30001 314.1 0 0.09865184 -0.3876837 0.04177367 0.9155458
1.7163 FirstCar -56.16232 0.025 2.97 0 90 0 0 0.7071068 0 0.7071068 13.8889 0
1.7180 Head 0 1.6 0.78 12.30001 314.1 0 0.09865184 -0.3876837 0.04177367 0.9155458
1.7180 FirstCar -56.1386 0.025 2.97 0 90 0 0 0.7071068 0 0.7071068 13.8889 0
1.7200 Head 0 1.6 0.78 12.30001 314.1 0 0.09865184 -0.3876837 0.04177367 0.9155458
1.7200 FirstCar -56.11113 0.025 2.97 0 90 0 0 0.7071068 0 0.7071068 13.8889 0
1.7217 Head 0 1.6 0.78 12.30001 314.1 0 0.09865184 -0.3876837 0.04177367 0.9155458
1.7217 FirstCar -56.087 0.025 2.97 0 90 0 0 0.7071068 0 0.7071068 13.8889 0
1.7235 Head 0 1.6 0.78 12.30001 314.1 0 0.09865184 -0.3876837 0.04177367 0.9155458
1.7235 FirstCar -56.06316 0.025 2.97 0 90 0 0 0.7071068 0 0.7071068 13.8889 0
1.7253 Head 0 1.6 0.78 12.30001 314.1 0 0.09865184 -0.3876837 0.04177367 0.9155458
1.7253 FirstCar -56.03759 0.025 2.97 0 90 0 0 0.7071068 0 0.7071068 13.8889 0
1.7274 Head 0 1.6 0.78 12.30001 314.1 0 0.09865184 -0.3876837 0.04177367 0.9155458
1.7274 FirstCar -56.00827 0.025 2.97 0 90 0 0 0.7071068 0 0.7071068 13.8889 0
1.7290 Head 0 1.6 0.78 12.30001 314.1 0 0.09865184 -0.3876837 0.04177367 0.9155458
1.7290 FirstCar -55.98547 0.025 2.97 0 90 0 0 0.7071068 0 0.7071068 13.8889 0
1.7305 Head 0 1.6 0.78 12.30001 314.1 0 0.09865184 -0.3876837 0.04177367 0.9155458
1.7305 FirstCar -55.96513 0.025 2.97 0 90 0 0 0.7071068 0 0.7071068 13.8889 0
1.7319 Head 0 1.6 0.78 12.30001 314.1 0 0.09865184 -0.3876837 0.04177367 0.9155458
1.7319 FirstCar -55.94554 0.025 2.97 0 90 0 0 0.7071068 0 0.7071068 13.8889 0
1.7333 Head 0 1.6 0.78 12.30001 314.1 0 0.09865184 -0.3876837 0.04177367 0.9155458
1.7333 FirstCar -55.92681 0.025 2.97 0 90 0 0 0.7071068 0 0.7071068 13.8889 0
1.7346 Head 0 1.6 0.78 12.30001 314.1 0 0.09865184 -0.3876837 0.04177367 0.9155458
1.7346 FirstCar -55.90829 0.025 2.97 0 90 0 0 0.7071068 0 0.7071068 13.8889 0
1.7360 Head 0 1.6 0.78 12.30001 314.1 0 0.09865184 -0.3876837 0.04177367 0.9155458
1.7360 FirstCar -55.88844 0.025 2.97 0 90 0 0 0.7071068 0 0.7071068 13.8889 0
1.7374 Head 0 1.6 0.78 12.30001 314.1 0 0.09865184 -0.3876837 0.04177367 0.9155458
1.7374 FirstCar -55.86903 0.025 2.97 0 90 0 0 0.7071068 0 0.7071068 13.8889 0
1.7388 Head 0 1.6 0.78 12.30001 314.1 0 0.09865184 -0.3876837 0.04177367 0.9155458
1.7388 FirstCar -55.85062 0.025 2.97 0 90 0 0 0.7071068 0 0.7071068 13.8889 0
1.7402 Head 0 1.6 0.78 12.30001 314.1 0 0.09865184 -0.3876837 0.04177367 0.9155458
1.7402 FirstCar -55.83096 0.025 2.97 0 90 0 0 0.7071068 0 0.7071068 13.8889 0
1.7416 Head 0 1.6 0.78 12.30001 314.1 0 0.09865184 -0.3876837 0.04177367 0.9155458
1.7416 FirstCar -55.81114 0.025 2.97 0 90 0 0 0.7071068 0 0.7071068 13.8889 0
1.7430 Head 0 1.6 0.78 12.30001 314.1 0 0.09865184 -0.3876837 0.04177367 0.9155458
1.7430 FirstCar -55.79222 0.025 2.97 0 90 0 0 0.7071068 0 0.7071068 13.8889 0
1.7443 Head 0 1.6 0.78 12.30001 314.1 0 0.09865184 -0.3876837 0.04177367 0.9155458
1.7443 FirstCar -55.77393 0.025 2.97 0 90 0 0 0.7071068 0 0.7071068 13.8889 0
1.7457 Head 0 1.6 0.78 12.30001 314.1 0 0.09865184 -0.3876837 0.04177367 0.9155458
1.7457 FirstCar -55.75388 0.025 2.97 0 90 0 0 0.7071068 0 0.7071068 13.8889 0
1.7475 Head 0 1.6 0.78 12.30001 314.1 0 0.09865184 -0.3876837 0.04177367 0.9155458
1.7475 FirstCar -55.72935 0.025 2.97 0 90 0 0 0.7071068 0 0.7071068 13.8889 0
1.7489 Head 0 1.6 0.78 12.30001 314.1 0 0.09865184 -0.3876837 0.04177367 0.9155458
1.7489 FirstCar -55.70958 0.025 2.97 0 90 0 0 0.7071068 0 0.7071068 13.8889 0
1.7503 Head 0 1.6 0.78 12.30001 314.1 0 0.09865184 -0.3876837 0.04177367 0.9155458
1.7503 FirstCar -55.69069 0.025 2.97 0 90 0 0 0.7071068 0 0.7071068 13.8889 0
1.7516 Head 0 1.6 0.78 12.30001 314.1 0 0.09865184 -0.3876837 0.04177367 0.9155458
1.7516 FirstCar -55.67156 0.025 2.97 0 90 0 0 0.7071068 0 0.7071068 13.8889 0
1.7532 Head 0 1.6 0.78 12.30001 314.1 0 0.09865184 -0.3876837 0.04177367 0.9155458
1.7532 FirstCar -55.64991 0.025 2.97 0 90 0 0 0.7071068 0 0.7071068 13.8889 0
1.7553 Head 0 1.6 0.78 12.30001 314.1 0 0.09865184 -0.3876837 0.04177367 0.9155458
1.7553 FirstCar -55.62127 0.025 2.97 0 90 0 0 0.7071068 0 0.7071068 13.8889 0
1.7571 Head 0 1.6 0.78 12.30001 314.1 0 0.09865184 -0.3876837 0.04177367 0.9155458
1.7571 FirstCar -55.59608 0.025 2.97 0 90 0 0 0.7071068 0 0.7071068 13.8889 0
1.7588 Head 0 1.6 0.78 12.30001 314.1 0 0.09865184 -0.3876837 0.04177367 0.9155458
1.7588 FirstCar -55.57264 0.025 2.97 0 90 0 0 0.7071068 0 0.7071068 13.8889 0
1.7602 Head 0 1.6 0.78 12.30001 314.1 0 0.09865184 -0.3876837 0.04177367 0.9155458
1.7602 FirstCar -55.55256 0.025 2.97 0 90 0 0 0.7071068 0 0.7071068 13.8889 0
1.7616 Head 0 1.6 0.78 12.30001 314.1 0 0.09865184 -0.3876837 0.04177367 0.9155458
1.7616 FirstCar -55.5331 0.025 2.97 0 90 0 0 0.7071068 0 0.7071068 13.8889 0
1.7629 Head 0 1.6 0.78 12.30001 314.1 0 0.09865184 -0.3876837 0.04177367 0.9155458
1.7629 FirstCar -55.51475 0.025 2.97 0 90 0 0 0.7071068 0 0.7071068 13.8889 0
1.7643 Head 0 1.6 0.78 12.30001 314.1 0 0.09865184 -0.3876837 0.04177367 0.9155458
1.7643 FirstCar -55.49648 0.025 2.97 0 90 0 0 0.7071068 0 0.7071068 13.8889 0
1.7656 Head 0 1.6 0.78 12.30001 314.1 0 0.09865184 -0.3876837 0.04177367 0.9155458
1.7656 FirstCar -55.4771 0.025 2.97 0 90 0 0 0.7071068 0 0.7071068 13.8889 0
1.7673 Head 0 1.6 0.78 12.30001 314.1 0 0.09865184 -0.3876837 0.04177367 0.9155458
1.7673 FirstCar -55.45459 0.025 2.97 0 90 0 0 0.7071068 0 0.7071068 13.8889 0
1.7687 Head 0 1.6 0.78 12.30001 314.1 0 0.09865184 -0.3876837 0.04177367 0.9155458
1.7687 FirstCar -55.43462 0.025 2.97 0 90 0 0 0.7071068 0 0.7071068 13.8889 0
1.7702 Head 0 1.6 0.78 12.30001 314.1 0 0.09865184 -0.3876837 0.04177367 0.9155458
1.7702 FirstCar -55.41435 0.025 2.97 0 90 0 0 0.7071068 0 0.7071068 13.8889 0
1.7715 Head 0 1.6 0.78 12.30001 314.1 0 0.09865184 -0.3876837 0.04177367 0.9155458
1.7715 FirstCar -55.39522 0.025 2.97 0 90 0 0 0.7071068 0 0.7071068 13.8889 0
1.7729 Head 0 1.6 0.78 12.30001 314.1 0 0.09865184 -0.3876837 0.04177367 0.9155458
1.7729 FirstCar -55.3761 0.025 2.97 0 90 0 0 0.7071068 0 0.7071068 13.8889 0
1.7743 Head 0 1.6 0.78 12.30001 314.1 0 0.09865184 -0.3876837 0.04177367 0.9155458
1.7743 FirstCar -55.35744 0.025 2.97 0 90 0 0 0.7071068 0 0.7071068 13.8889 0
1.7756 Head 0 1.6 0.78 12.30001 314.1 0 0.09865184 -0.3876837 0.04177367 0.9155458
1.7756 FirstCar -55.33854 0.025 2.97 0 90 0 0 0.7071068 0 0.7071068 13.8889 0
1.7770 Head 0 1.6 0.78 12.30001 314.1 0 0.09865184 -0.3876837 0.04177367 0.9155458
1.7770 FirstCar -55.31961 0.025 2.97 0 90 0 0 0.7071068 0 0.7071068 13.8889 0
1.7784 Head 0 1.6 0.78 12.30001 314.1 0 0.09865184 -0.3876837 0.04177367 0.9155458
1.7784 FirstCar -55.30035 0.025 2.97 0 90 0 0 0.7071068 0 0.7071068 13.8889 0
1.7798 Head 0 1.6 0.78 12.30001 314.1 0 0.09865184 -0.3876837 0.04177367 0.9155458
1.7798 FirstCar -55.28057 0.025 2.97 0 90 0 0 0.7071068 0 0.7071068 13.8889 0
1.7812 Head 0 1.6 0.78 12.30001 314.1 0 0.09865184 -0.3876837 0.04177367 0.9155458
1.7812 FirstCar -55.26048 0.025 2.97 0 90 0 0 0.7071068 0 0.7071068 13.8889 0
1.7827 Head 0 1.6 0.78 12.30001 314.1 0 0.09865184 -0.3876837 0.04177367 0.9155458
1.7827 FirstCar -55.24008 0.025 2.97 0 90 0 0 0.7071068 0 0.7071068 13.8889 0
1.7844 Head 0 1.6 0.78 12.30001 314.1 0 0.09865184 -0.3876837 0.04177367 0.9155458
1.7844 FirstCar -55.21697 0.025 2.97 0 90 0 0 0.7071068 0 0.7071068 13.8889 0
1.7862 Head 0 1.6 0.78 12.30001 314.1 0 0.09865184 -0.3876837 0.04177367 0.9155458
1.7862 FirstCar -55.19102 0.025 2.97 0 90 0 0 0.7071068 0 0.7071068 13.8889 0
1.7885 Head 0 1.6 0.78 12.30001 314.1 0 0.09865184 -0.3876837 0.04177367 0.9155458
1.7885 FirstCar -55.15939 0.025 2.97 0 90 0 0 0.7071068 0 0.7071068 13.8889 0
1.7902 Head 0 1.6 0.78 12.30001 314.1 0 0.09865184 -0.3876837 0.04177367 0.9155458
1.7902 FirstCar -55.13672 0.025 2.97 0 90 0 0 0.7071068 0 0.7071068 13.8889 0
1.7921 Head 0 1.6 0.78 12.30001 314.1 0 0.09865184 -0.3876837 0.04177367 0.9155458
1.7921 FirstCar -55.11013 0.025 2.97 0 90 0 0 0.7071068 0 0.7071068 13.8889 0
1.7937 Head 0 1.6 0.78 12.30001 314.1 0 0.09865184 -0.3876837 0.04177367 0.9155458
1.7937 FirstCar -55.08686 0.025 2.97 0 90 0 0 0.7071068 0 0.7071068 13.8889 0
1.7954 Head 0 1.6 0.78 12.30001 314.1 0 0.09865184 -0.3876837 0.04177367 0.9155458
1.7954 FirstCar -55.06368 0.025 2.97 0 90 0 0 0.7071068 0 0.7071068 13.8889 0
1.7971 Head 0 1.6 0.78 12.30001 314.1 0 0.09865184 -0.3876837 0.04177367 0.9155458
1.7971 FirstCar -55.04045 0.025 2.97 0 90 0 0 0.7071068 0 0.7071068 13.8889 0
1.7986 Head 0 1.6 0.78 12.30001 314.1 0 0.09865184 -0.3876837 0.04177367 0.9155458
1.7986 FirstCar -55.01964 0.025 2.97 0 90 0 0 0.7071068 0 0.7071068 13.8889 0
1.8000 Head 0 1.6 0.78 12.30001 314.1 0 0.09865184 -0.3876837 0.04177367 0.9155458
1.8000 FirstCar -54.99934 0.025 2.97 0 90 0 0 0.7071068 0 0.7071068 13.8889 0
1.8015 Head 0 1.6 0.78 12.30001 314.1 0 0.09865184 -0.3876837 0.04177367 0.9155458
1.8015 FirstCar -54.97976 0.025 2.97 0 90 0 0 0.7071068 0 0.7071068 13.8889 0
1.8029 Head 0 1.6 0.78 12.30001 314.1 0 0.09865184 -0.3876837 0.04177367 0.9155458
1.8029 FirstCar -54.95981 0.025 2.97 0 90 0 0 0.7071068 0 0.7071068 13.8889 0
1.8043 Head 0 1.6 0.78 12.30001 314.1 0 0.09865184 -0.3876837 0.04177367 0.9155458
1.8043 FirstCar -54.93978 0.025 2.97 0 90 0 0 0.7071068 0 0.7071068 13.8889 0
1.8058 Head 0 1.6 0.78 12.30001 314.1 0 0.09865184 -0.3876837 0.04177367 0.9155458
1.8058 FirstCar -54.91922 0.025 2.97 0 90 0 0 0.7071068 0 0.7071068 13.8889 0
1.8074 Head 0 1.6 0.78 12.30001 314.1 0 0.09865184 -0.3876837 0.04177367 0.9155458
1.8074 FirstCar -54.8972 0.025 2.97 0 90 0 0 0.7071068 0 0.7071068 13.8889 0
1.8088 Head 0 1.6 0.78 12.30001 314.1 0 0.09865184 -0.3876837 0.04177367 0.9155458
1.8088 FirstCar -54.87722 0.025 2.97 0 90 0 0 0.7071068 0 0.7071068 13.8889 0
1.8102 Head 0 1.6 0.78 12.30001 314.1 0 0.09865184 -0.3876837 0.04177367 0.9155458
1.8102 FirstCar -54.85818 0.025 2.97 0 90 0 0 0.7071068 0 0.7071068 13.8889 0
1.8116 Head 0 1.6 0.78 12.30001 314.1 0 0.09865184 -0.3876837 0.04177367 0.9155458
1.8116 FirstCar -54.83932 0.025 2.97 0 90 0 0 0.7071068 0 0.7071068 13.8889 0
1.8130 Head 0 1.6 0.78 12.30001 314.1 0 0.09865184 -0.3876837 0.04177367 0.9155458
1.8130 FirstCar -54.82005 0.025 2.97 0 90 0 0 0.7071068 0 0.7071068 13.8889 0
1.8144 Head 0 1.6 0.78 12.30001 314.1 0 0.09865184 -0.3876837 0.04177367 0.9155458
1.8144 FirstCar -54.80047 0.025 2.97 0 90 0 0 0.7071068 0 0.7071068 13.8889 0
1.8159 Head 0 1.6 0.78 12.30001 314.1 0 0.09865184 -0.3876837 0.04177367 0.9155458
1.8159 FirstCar -54.779 0.025 2.97 0 90 0 0 0.7071068 0 0.7071068 13.8889 0
1.8174 Head 0 1.6 0.78 12.30001 314.1 0 0.09865184 -0.3876837 0.04177367 0.9155458
1.8174 FirstCar -54.75813 0.025 2.97 0 90 0 0 0.7071068 0 0.7071068 13.8889 0
1.8189 Head 0 1.6 0.78 12.30001 314.1 0 0.09865184 -0.3876837 0.04177367 0.9155458
1.8189 FirstCar -54.73767 0.025 2.97 0 90 0 0 0.7071068 0 0.7071068 13.8889 0
1.8204 Head 0 1.6 0.78 12.30001 314.1 0 0.09865184 -0.3876837 0.04177367 0.9155458
1.8204 FirstCar -54.71679 0.025 2.97 0 90 0 0 0.7071068 0 0.7071068 13.8889 0
1.8218 Head 0 1.6 0.78 12.30001 314.1 0 0.09865184 -0.3876837 0.04177367 0.9155458
1.8218 FirstCar -54.69674 0.025 2.97 0 90 0 0 0.7071068 0 0.7071068 13.8889 0
1.8234 Head 0 1.6 0.78 12.30001 314.1 0 0.09865184 -0.3876837 0.04177367 0.9155458
1.8234 FirstCar -54.67455 0.025 2.97 0 90 0 0 0.7071068 0 0.7071068 13.8889 0
1.8249 Head 0 1.6 0.78 12.30001 314.1 0 0.09865184 -0.3876837 0.04177367 0.9155458
1.8249 FirstCar -54.65413 0.025 2.97 0 90 0 0 0.7071068 0 0.7071068 13.8889 0
1.8267 Head 0 1.6 0.78 12.30001 314.1 0 0.09865184 -0.3876837 0.04177367 0.9155458
1.8267 FirstCar -54.62918 0.025 2.97 0 90 0 0 0.7071068 0 0.7071068 13.8889 0
1.8282 Head 0 1.6 0.78 12.30001 314.1 0 0.09865184 -0.3876837 0.04177367 0.9155458
1.8282 FirstCar -54.60876 0.025 2.97 0 90 0 0 0.7071068 0 0.7071068 13.8889 0
1.8297 Head 0 1.6 0.78 12.30001 314.1 0 0.09865184 -0.3876837 0.04177367 0.9155458
1.8297 FirstCar -54.58777 0.025 2.97 0 90 0 0 0.7071068 0 0.7071068 13.8889 0
1.8311 Head 0 1.6 0.78 12.30001 314.1 0 0.09865184 -0.3876837 0.04177367 0.9155458
1.8311 FirstCar -54.56743 0.025 2.97 0 90 0 0 0.7071068 0 0.7071068 13.8889 0
1.8325 Head 0 1.6 0.78 12.30001 314.1 0 0.09865184 -0.3876837 0.04177367 0.9155458
1.8325 FirstCar -54.54817 0.025 2.97 0 90 0 0 0.7071068 0 0.7071068 13.8889 0
1.8340 Head 0 1.6 0.78 12.30001 314.1 0 0.09865184 -0.3876837 0.04177367 0.9155458
1.8340 FirstCar -54.52739 0.025 2.97 0 90 0 0 0.7071068 0 0.7071068 13.8889 0
1.8355 Head 0 1.6 0.78 12.30001 314.1 0 0.09865184 -0.3876837 0.04177367 0.9155458
1.8355 FirstCar -54.50646 0.025 2.97 0 90 0 0 0.7071068 0 0.7071068 13.8889 0
1.8371 Head 0 1.6 0.78 12.30001 314.1 0 0.09865184 -0.3876837 0.04177367 0.9155458
1.8371 FirstCar -54.48503 0.025 2.97 0 90 0 0 0.7071068 0 0.7071068 13.8889 0
1.8385 Head 0 1.6 0.78 12.30001 314.1 0 0.09865184 -0.3876837 0.04177367 0.9155458
1.8385 FirstCar -54.46529 0.025 2.97 0 90 0 0 0.7071068 0 0.7071068 13.8889 0
1.8398 Head 0 1.6 0.78 12.30001 314.1 0 0.09865184 -0.3876837 0.04177367 0.9155458
1.8398 FirstCar -54.44675 0.025 2.97 0 90 0 0 0.7071068 0 0.7071068 13.8889 0
1.8412 Head 0 1.6 0.78 12.30001 314.1 0 0.09865184 -0.3876837 0.04177367 0.9155458
1.8412 FirstCar -54.42825 0.025 2.97 0 90 0 0 0.7071068 0 0.7071068 13.8889 0
1.8425 Head 0 1.6 0.78 12.30001 314.1 0 0.09865184 -0.3876837 0.04177367 0.9155458
1.8425 FirstCar -54.40971 0.025 2.97 0 90 0 0 0.7071068 0 0.7071068 13.8889 0
1.8438 Head 0 1.6 0.78 12.30001 314.1 0 0.09865184 -0.3876837 0.04177367 0.9155458
1.8438 FirstCar -54.39151 0.025 2.97 0 90 0 0 0.7071068 0 0.7071068 13.8889 0
1.8452 Head 0 1.6 0.78 12.30001 314.1 0 0.09865184 -0.3876837 0.04177367 0.9155458
1.8452 FirstCar -54.37206 0.025 2.97 0 90 0 0 0.7071068 0 0.7071068 13.8889 0
1.8470 Head 0 1.6 0.78 12.30001 314.1 0 0.09865184 -0.3876837 0.04177367 0.9155458
1.8470 FirstCar -54.34761 0.025 2.97 0 90 0 0 0.7071068 0 0.7071068 13.8889 0
1.8485 Head 0 1.6 0.78 12.30001 314.1 0 0.09865184 -0.3876837 0.04177367 0.9155458
1.8485 FirstCar -54.32602 0.025 2.97 0 90 0 0 0.7071068 0 0.7071068 13.8889 0
1.8501 Head 0 1.6 0.78 12.30001 314.1 0 0.09865184 -0.3876837 0.04177367 0.9155458
1.8501 FirstCar -54.30442 0.025 2.97 0 90 0 0 0.7071068 0 0.7071068 13.8889 0
1.8516 Head 0 1.6 0.78 12.30001 314.1 0 0.09865184 -0.3876837 0.04177367 0.9155458
1.8516 FirstCar -54.28329 0.025 2.97 0 90 0 0 0.7071068 0 0.7071068 13.8889 0
1.8532 Head 0 1.6 0.78 12.30001 314.1 0 0.09865184 -0.3876837 0.04177367 0.9155458
1.8532 FirstCar -54.26059 0.025 2.97 0 90 0 0 0.7071068 0 0.7071068 13.8889 0
1.8548 Head 0 1.6 0.78 12.30001 314.1 0 0.09865184 -0.3876837 0.04177367 0.9155458
1.8548 FirstCar -54.23905 0.025 2.97 0 90 0 0 0.7071068 0 0.7071068 13.8889 0
1.8564 Head 0 1.6 0.78 12.30001 314.1 0 0.09865184 -0.3876837 0.04177367 0.9155458
1.8564 FirstCar -54.21626 0.025 2.97 0 90 0 0 0.7071068 0 0.7071068 13.8889 0
1.8584 Head 0 1.6 0.78 12.30001 314.1 0 0.09865184 -0.3876837 0.04177367 0.9155458
1.8584 FirstCar -54.18927 0.025 2.97 0 90 0 0 0.7071068 0 0.7071068 13.8889 0
1.8602 Head 0 1.6 0.78 12.30001 314.1 0 0.09865184 -0.3876837 0.04177367 0.9155458
1.8602 FirstCar -54.16437 0.025 2.97 0 90 0 0 0.7071068 0 0.7071068 13.8889 0
1.8617 Head 0 1.6 0.78 12.30001 314.1 0 0.09865184 -0.3876837 0.04177367 0.9155458
1.8617 FirstCar -54.14342 0.025 2.97 0 90 0 0 0.7071068 0 0.7071068 13.8889 0
1.8631 Head 0 1.6 0.78 12.30001 314.1 0 0.09865184 -0.3876837 0.04177367 0.9155458
1.8631 FirstCar -54.12297 0.025 2.97 0 90 0 0 0.7071068 0 0.7071068 13.8889 0
1.8646 Head 0 1.6 0.78 12.30001 314.1 0 0.09865184 -0.3876837 0.04177367 0.9155458
1.8646 FirstCar -54.10209 0.025 2.97 0 90 0 0 0.7071068 0 0.7071068 13.8889 0
1.8662 Head 0 1.6 0.78 12.30001 314.1 0 0.09865184 -0.3876837 0.04177367 0.9155458
1.8662 FirstCar -54.08113 0.025 2.97 0 90 0 0 0.7071068 0 0.7071068 13.8889 0
1.8678 Head 0 1.6 0.78 12.30001 314.1 0 0.09865184 -0.3876837 0.04177367 0.9155458
1.8678 FirstCar -54.05845 0.025 2.97 0 90 0 0 0.7071068 0 0.7071068 13.8889 0
1.8692 Head 0 1.6 0.78 12.30001 314.1 0 0.09865184 -0.3876837 0.04177367 0.9155458
1.8692 FirstCar -54.03856 0.025 2.97 0 90 0 0 0.7071068 0 0.7071068 13.8889 0
1.8707 Head 0 1.6 0.78 12.30001 314.1 0 0.09865184 -0.3876837 0.04177367 0.9155458
1.8707 FirstCar -54.01776 0.025 2.97 0 90 0 0 0.7071068 0 0.7071068 13.8889 0
1.8721 Head 0 1.6 0.78 12.30001 314.1 0 0.09865184 -0.3876837 0.04177367 0.9155458
1.8721 FirstCar -53.99794 0.025 2.97 0 90 0 0 0.7071068 0 0.7071068 13.8889 0
1.8736 Head 0 1.6 0.78 12.30001 314.1 0 0.09865184 -0.3876837 0.04177367 0.9155458
1.8736 FirstCar -53.97798 0.025 2.97 0 90 0 0 0.7071068 0 0.7071068 13.8889 0
1.8749 Head 0 1.6 0.78 12.30001 314.1 0 0.09865184 -0.3876837 0.04177367 0.9155458
1.8749 FirstCar -53.95932 0.025 2.97 0 90 0 0 0.7071068 0 0.7071068 13.8889 0
1.8764 Head 0 1.6 0.78 12.30001 314.1 0 0.09865184 -0.3876837 0.04177367 0.9155458
1.8764 FirstCar -53.93905 0.025 2.97 0 90 0 0 0.7071068 0 0.7071068 13.8889 0
1.8778 Head 0 1.6 0.78 12.30001 314.1 0 0.09865184 -0.3876837 0.04177367 0.9155458
1.8778 FirstCar -53.91951 0.025 2.97 0 90 0 0 0.7071068 0 0.7071068 13.8889 0
1.8792 Head 0 1.6 0.78 12.30001 314.1 0 0.09865184 -0.3876837 0.04177367 0.9155458
1.8792 FirstCar -53.90046 0.025 2.97 0 90 0 0 0.7071068 0 0.7071068 13.8889 0
1.8806 Head 0 1.6 0.78 12.30001 314.1 0 0.09865184 -0.3876837 0.04177367 0.9155458
1.8806 FirstCar -53.8807 0.025 2.97 0 90 0 0 0.7071068 0 0.7071068 13.8889 0
1.8821 Head 0 1.6 0.78 12.30001 314.1 0 0.09865184 -0.3876837 0.04177367 0.9155458
1.8821 FirstCar -53.85973 0.025 2.97 0 90 0 0 0.7071068 0 0.7071068 13.8889 0
1.8836 Head 0 1.6 0.78 12.30001 314.1 0 0.09865184 -0.3876837 0.04177367 0.9155458
1.8836 FirstCar -53.8394 0.025 2.97 0 90 0 0 0.7071068 0 0.7071068 13.8889 0
1.8851 Head 0 1.6 0.78 12.30001 314.1 0 0.09865184 -0.3876837 0.04177367 0.9155458
1.8851 FirstCar -53.8179 0.025 2.97 0 90 0 0 0.7071068 0 0.7071068 13.8889 0
1.8870 Head 0 1.6 0.78 12.30001 314.1 0 0.09865184 -0.3876837 0.04177367 0.9155458
1.8870 FirstCar -53.79153 0.025 2.97 0 90 0 0 0.7071068 0 0.7071068 13.8889 0
1.8886 Head 0 1.6 0.78 12.30001 314.1 0 0.09865184 -0.3876837 0.04177367 0.9155458
1.8886 FirstCar -53.76903 0.025 2.97 0 90 0 0 0.7071068 0 0.7071068 13.8889 0
1.8901 Head 0 1.6 0.78 12.30001 314.1 0 0.09865184 -0.3876837 0.04177367 0.9155458
1.8901 FirstCar -53.7492 0.025 2.97 0 90 0 0 0.7071068 0 0.7071068 13.8889 0
1.8915 Head 0 1.6 0.78 12.30001 314.1 0 0.09865184 -0.3876837 0.04177367 0.9155458
1.8915 FirstCar -53.72958 0.025 2.97 0 90 0 0 0.7071068 0 0.7071068 13.8889 0
1.8928 Head 0 1.6 0.78 12.30001 314.1 0 0.09865184 -0.3876837 0.04177367 0.9155458
1.8928 FirstCar -53.71067 0.025 2.97 0 90 0 0 0.7071068 0 0.7071068 13.8889 0
1.8942 Head 0 1.6 0.78 12.30001 314.1 0 0.09865184 -0.3876837 0.04177367 0.9155458
1.8942 FirstCar -53.69141 0.025 2.97 0 90 0 0 0.7071068 0 0.7071068 13.8889 0
1.8956 Head 0 1.6 0.78 12.30001 314.1 0 0.09865184 -0.3876837 0.04177367 0.9155458
1.8956 FirstCar -53.67221 0.025 2.97 0 90 0 0 0.7071068 0 0.7071068 13.8889 0
1.8970 Head 0 1.6 0.78 12.30001 314.1 0 0.09865184 -0.3876837 0.04177367 0.9155458
1.8970 FirstCar -53.65292 0.025 2.97 0 90 0 0 0.7071068 0 0.7071068 13.8889 0
1.8983 Head 0 1.6 0.78 12.30001 314.1 0 0.09865184 -0.3876837 0.04177367 0.9155458
1.8983 FirstCar -53.63435 0.025 2.97 0 90 0 0 0.7071068 0 0.7071068 13.8889 0
1.8996 Head 0 1.6 0.78 12.30001 314.1 0 0.09865184 -0.3876837 0.04177367 0.9155458
1.8996 FirstCar -53.61594 0.025 2.97 0 90 0 0 0.7071068 0 0.7071068 13.8889 0
1.9010 Head 0 1.6 0.78 12.30001 314.1 0 0.09865184 -0.3876837 0.04177367 0.9155458
1.9010 FirstCar -53.59747 0.025 2.97 0 90 0 0 0.7071068 0 0.7071068 13.8889 0
1.9024 Head 0 1.6 0.78 12.30001 314.1 0 0.09865184 -0.3876837 0.04177367 0.9155458
1.9024 FirstCar -53.57788 0.025 2.97 0 90 0 0 0.7071068 0 0.7071068 13.8889 0
1.9038 Head 0 1.6 0.78 12.30001 314.1 0 0.09865184 -0.3876837 0.04177367 0.9155458
1.9038 FirstCar -53.55805 0.025 2.97 0 90 0 0 0.7071068 0 0.7071068 13.8889 0
1.9053 Head 0 1.6 0.78 12.30001 314.1 0 0.09865184 -0.3876837 0.04177367 0.9155458
1.9053 FirstCar -53.53751 0.025 2.97 0 90 0 0 0.7071068 0 0.7071068 13.8889 0
1.9068 Head 0 1.6 0.78 12.30001 314.1 0 0.09865184 -0.3876837 0.04177367 0.9155458
1.9068 FirstCar -53.51595 0.025 2.97 0 90 0 0 0.7071068 0 0.7071068 13.8889 0
1.9083 Head 0 1.6 0.78 12.30001 314.1 0 0.09865184 -0.3876837 0.04177367 0.9155458
1.9083 FirstCar -53.49636 0.025 2.97 0 90 0 0 0.7071068 0 0.7071068 13.8889 0
1.9097 Head 0 1.6 0.78 12.30001 314.1 0 0.09865184 -0.3876837 0.04177367 0.9155458
1.9097 FirstCar -53.47622 0.025 2.97 0 90 0 0 0.7071068 0 0.7071068 13.8889 0
1.9111 Head 0 1.6 0.78 12.30001 314.1 0 0.09865184 -0.3876837 0.04177367 0.9155458
1.9111 FirstCar -53.45663 0.025 2.97 0 90 0 0 0.7071068 0 0.7071068 13.8889 0
1.9126 Head 0 1.6 0.78 12.30001 314.1 0 0.09865184 -0.3876837 0.04177367 0.9155458
1.9126 FirstCar -53.43639 0.025 2.97 0 90 0 0 0.7071068 0 0.7071068 13.8889 0
1.9141 Head 0 1.6 0.78 12.30001 314.1 0 0.09865184 -0.3876837 0.04177367 0.9155458
1.9141 FirstCar -53.41571 0.025 2.97 0 90 0 0 0.7071068 0 0.7071068 13.8889 0
1.9157 Head 0 1.6 0.78 12.30001 314.1 0 0.09865184 -0.3876837 0.04177367 0.9155458
1.9157 FirstCar -53.39236 0.025 2.97 0 90 0 0 0.7071068 0 0.7071068 13.8889 0
1.9175 Head 0 1.6 0.78 12.30001 314.1 0 0.09865184 -0.3876837 0.04177367 0.9155458
1.9175 FirstCar -53.36809 0.025 2.97 0 90 0 0 0.7071068 0 0.7071068 13.8889 0
1.9191 Head 0 1.6 0.78 12.30001 314.1 0 0.09865184 -0.3876837 0.04177367 0.9155458
1.9191 FirstCar -53.34566 0.025 2.97 0 90 0 0 0.7071068 0 0.7071068 13.8889 0
1.9207 Head 0 1.6 0.78 12.30001 314.1 0 0.09865184 -0.3876837 0.04177367 0.9155458
1.9207 FirstCar -53.32399 0.025 2.97 0 90 0 0 0.7071068 0 0.7071068 13.8889 0
1.9222 Head 0 1.6 0.78 12.30001 314.1 0 0.09865184 -0.3876837 0.04177367 0.9155458
1.9222 FirstCar -53.30267 0.025 2.97 0 90 0 0 0.7071068 0 0.7071068 13.8889 0
1.9237 Head 0 1.6 0.78 12.30001 314.1 0 0.09865184 -0.3876837 0.04177367 0.9155458
1.9237 FirstCar -53.28172 0.025 2.97 0 90 0 0 0.7071068 0 0.7071068 13.8889 0
1.9254 Head 0 1.6 0.78 12.30001 314.1 0 0.09865184 -0.3876837 0.04177367 0.9155458
1.9254 FirstCar -53.25812 0.025 2.97 0 90 0 0 0.7071068 0 0.7071068 13.8889 0
1.9273 Head 0 1.6 0.78 12.30001 314.1 0 0.09865184 -0.3876837 0.04177367 0.9155458
1.9273 FirstCar -53.2322 0.025 2.97 0 90 0 0 0.7071068 0 0.7071068 13.8889 0
1.9289 Head 0 1.6 0.78 12.30001 314.1 0 0.09865184 -0.3876837 0.04177367 0.9155458
1.9289 FirstCar -53.20912 0.025 2.97 0 90 0 0 0.7071068 0 0.7071068 13.8889 0
1.9305 Head 0 1.6 0.78 12.30001 314.1 0 0.09865184 -0.3876837 0.04177367 0.9155458
1.9305 FirstCar -53.18762 0.025 2.97 0 90 0 0 0.7071068 0 0.7071068 13.8889 0
1.9320 Head 0 1.6 0.78 12.30001 314.1 0 0.09865184 -0.3876837 0.04177367 0.9155458
1.9320 FirstCar -53.16676 0.025 2.97 0 90 0 0 0.7071068 0 0.7071068 13.8889 0
1.9335 Head 0 1.6 0.78 12.30001 314.1 0 0.09865184 -0.3876837 0.04177367 0.9155458
1.9335 FirstCar -53.1462 0.025 2.97 0 90 0 0 0.7071068 0 0.7071068 13.8889 0
1.9350 Head 0 1.6 0.78 12.30001 314.1 0 0.09865184 -0.3876837 0.04177367 0.9155458
1.9350 FirstCar -53.1256 0.025 2.97 0 90 0 0 0.7071068 0 0.7071068 13.8889 0
1.9366 Head 0 1.6 0.78 12.30001 314.1 0 0.09865184 -0.3876837 0.04177367 0.9155458
1.9366 FirstCar -53.10254 0.025 2.97 0 90 0 0 0.7071068 0 0.7071068 13.8889 0
1.9381 Head 0 1.6 0.78 12.30001 314.1 0 0.09865184 -0.3876837 0.04177367 0.9155458
1.9381 FirstCar -53.08183 0.025 2.97 0 90 0 0 0.7071068 0 0.7071068 13.8889 0
1.9396 Head 0 1.6 0.78 12.30001 314.1 0 0.09865184 -0.3876837 0.04177367 0.9155458
1.9396 FirstCar -53.0616 0.025 2.97 0 90 0 0 0.7071068 0 0.7071068 13.8889 0
1.9410 Head 0 1.6 0.78 12.30001 314.1 0 0.09865184 -0.3876837 0.04177367 0.9155458
1.9410 FirstCar -53.04189 0.025 2.97 0 90 0 0 0.7071068 0 0.7071068 13.8889 0
1.9423 Head 0 1.6 0.78 12.30001 314.1 0 0.09865184 -0.3876837 0.04177367 0.9155458
1.9423 FirstCar -53.02299 0.025 2.97 0 90 0 0 0.7071068 0 0.7071068 13.8889 0
1.9437 Head 0 1.6 0.78 12.30001 314.1 0 0.09865184 -0.3876837 0.04177367 0.9155458
1.9437 FirstCar -53.0046 0.025 2.97 0 90 0 0 0.7071068 0 0.7071068 13.8889 0
1.9451 Head 0 1.6 0.78 12.30001 314.1 0 0.09865184 -0.3876837 0.04177367 0.9155458
1.9451 FirstCar -52.98471 0.025 2.97 0 90 0 0 0.7071068 0 0.7071068 13.8889 0
1.9472 Head 0 1.6 0.78 12.30001 314.1 0 0.09865184 -0.3876837 0.04177367 0.9155458
1.9472 FirstCar -52.95615 0.025 2.97 0 90 0 0 0.7071068 0 0.7071068 13.8889 0
1.9487 Head 0 1.6 0.78 12.30001 314.1 0 0.09865184 -0.3876837 0.04177367 0.9155458
1.9487 FirstCar -52.93422 0.025 2.97 0 90 0 0 0.7071068 0 0.7071068 13.8889 0
1.9505 Head 0 1.6 0.78 12.30001 314.1 0 0.09865184 -0.3876837 0.04177367 0.9155458
1.9505 FirstCar -52.90915 0.025 2.97 0 90 0 0 0.7071068 0 0.7071068 13.8889 0
1.9521 Head 0 1.6 0.78 12.30001 314.1 0 0.09865184 -0.3876837 0.04177367 0.9155458
1.9521 FirstCar -52.88794 0.025 2.97 0 90 0 0 0.7071068 0 0.7071068 13.8889 0
1.9535 Head 0 1.6 0.78 12.30001 314.1 0 0.09865184 -0.3876837 0.04177367 0.9155458
1.9535 FirstCar -52.86753 0.025 2.97 0 90 0 0 0.7071068 0 0.7071068 13.8889 0
1.9549 Head 0 1.6 0.78 12.30001 314.1 0 0.09865184 -0.3876837 0.04177367 0.9155458
1.9549 FirstCar -52.84877 0.025 2.97 0 90 0 0 0.7071068 0 0.7071068 13.8889 0
1.9563 Head 0 1.6 0.78 12.30001 314.1 0 0.09865184 -0.3876837 0.04177367 0.9155458
1.9563 FirstCar -52.82917 0.025 2.97 0 90 0 0 0.7071068 0 0.7071068 13.8889 0
1.9576 Head 0 1.6 0.78 12.30001 314.1 0 0.09865184 -0.3876837 0.04177367 0.9155458
1.9576 FirstCar -52.81057 0.025 2.97 0 90 0 0 0.7071068 0 0.7071068 13.8889 0
1.9590 Head 0 1.6 0.78 12.30001 314.1 0 0.09865184 -0.3876837 0.04177367 0.9155458
1.9590 FirstCar -52.79189 0.025 2.97 0 90 0 0 0.7071068 0 0.7071068 13.8889 0
1.9603 Head 0 1.6 0.78 12.30001 314.1 0 0.09865184 -0.3876837 0.04177367 0.9155458
1.9603 FirstCar -52.77356 0.025 2.97 0 90 0 0 0.7071068 0 0.7071068 13.8889 0
1.9616 Head 0 1.6 0.78 12.30001 314.1 0 0.09865184 -0.3876837 0.04177367 0.9155458
1.9616 FirstCar -52.75511 0.025 2.97 0 90 0 0 0.7071068 0 0.7071068 13.8889 0
1.9630 Head 0 1.6 0.78 12.30001 314.1 0 0.09865184 -0.3876837 0.04177367 0.9155458
1.9630 FirstCar -52.73645 0.025 2.97 0 90 0 0 0.7071068 0 0.7071068 13.8889 0
1.9643 Head 0 1.6 0.78 12.30001 314.1 0 0.09865184 -0.3876837 0.04177367 0.9155458
1.9643 FirstCar -52.71757 0.025 2.97 0 90 0 0 0.7071068 0 0.7071068 13.8889 0
1.9658 Head 0 1.6 0.78 12.30001 314.1 0 0.09865184 -0.3876837 0.04177367 0.9155458
1.9658 FirstCar -52.69737 0.025 2.97 0 90 0 0 0.7071068 0 0.7071068 13.8889 0
1.9673 Head 0 1.6 0.78 12.30001 314.1 0 0.09865184 -0.3876837 0.04177367 0.9155458
1.9673 FirstCar -52.67582 0.025 2.97 0 90 0 0 0.7071068 0 0.7071068 13.8889 0
1.9687 Head 0 1.6 0.78 12.30001 314.1 0 0.09865184 -0.3876837 0.04177367 0.9155458
1.9687 FirstCar -52.65647 0.025 2.97 0 90 0 0 0.7071068 0 0.7071068 13.8889 0
1.9702 Head 0 1.6 0.78 12.30001 314.1 0 0.09865184 -0.3876837 0.04177367 0.9155458
1.9702 FirstCar -52.63561 0.025 2.97 0 90 0 0 0.7071068 0 0.7071068 13.8889 0
1.9717 Head 0 1.6 0.78 12.30001 314.1 0 0.09865184 -0.3876837 0.04177367 0.9155458
1.9717 FirstCar -52.61576 0.025 2.97 0 90 0 0 0.7071068 0 0.7071068 13.8889 0
1.9730 Head 0 1.6 0.78 12.30001 314.1 0 0.09865184 -0.3876837 0.04177367 0.9155458
1.9730 FirstCar -52.59684 0.025 2.97 0 90 0 0 0.7071068 0 0.7071068 13.8889 0
1.9744 Head 0 1.6 0.78 12.30001 314.1 0 0.09865184 -0.3876837 0.04177367 0.9155458
1.9744 FirstCar -52.57773 0.025 2.97 0 90 0 0 0.7071068 0 0.7071068 13.8889 0
1.9758 Head 0 1.6 0.78 12.30001 314.1 0 0.09865184 -0.3876837 0.04177367 0.9155458
1.9758 FirstCar -52.5582 0.025 2.97 0 90 0 0 0.7071068 0 0.7071068 13.8889 0
1.9773 Head 0 1.6 0.78 12.30001 314.1 0 0.09865184 -0.3876837 0.04177367 0.9155458
1.9773 FirstCar -52.53764 0.025 2.97 0 90 0 0 0.7071068 0 0.7071068 13.8889 0
1.9793 Head 0 1.6 0.78 12.30001 314.1 0 0.09865184 -0.3876837 0.04177367 0.9155458
1.9793 FirstCar -52.51021 0.025 2.97 0 90 0 0 0.7071068 0 0.7071068 13.8889 0
1.9812 Head 0 1.6 0.78 12.30001 314.1 0 0.09865184 -0.3876837 0.04177367 0.9155458
1.9812 FirstCar -52.48386 0.025 2.97 0 90 0 0 0.7071068 0 0.7071068 13.8889 0
1.9830 Head 0 1.6 0.78 12.30001 314.1 0 0.09865184 -0.3876837 0.04177367 0.9155458
1.9830 FirstCar -52.45845 0.025 2.97 0 90 0 0 0.7071068 0 0.7071068 13.8889 0
1.9846 Head 0 1.6 0.78 12.30001 314.1 0 0.09865184 -0.3876837 0.04177367 0.9155458
1.9846 FirstCar -52.4364 0.025 2.97 0 90 0 0 0.7071068 0 0.7071068 13.8889 0
1.9861 Head 0 1.6 0.78 12.30001 314.1 0 0.09865184 -0.3876837 0.04177367 0.9155458
1.9861 FirstCar -52.41502 0.025 2.97 0 90 0 0 0.7071068 0 0.7071068 13.8889 0
1.9879 Head 0 1.6 0.78 12.30001 314.1 0 0.09865184 -0.3876837 0.04177367 0.9155458
1.9879 FirstCar -52.39057 0.025 2.97 0 90 0 0 0.7071068 0 0.7071068 13.8889 0
1.9895 Head 0 1.6 0.78 12.30001 314.1 0 0.09865184 -0.3876837 0.04177367 0.9155458
1.9895 FirstCar -52.36754 0.025 2.97 0 90 0 0 0.7071068 0 0.7071068 13.8889 0
1.9911 Head 0 1.6 0.78 12.30001 314.1 0 0.09865184 -0.3876837 0.04177367 0.9155458
1.9911 FirstCar -52.34576 0.025 2.97 0 90 0 0 0.7071068 0 0.7071068 13.8889 0
1.9928 Head 0 1.6 0.78 12.30001 314.1 0 0.09865184 -0.3876837 0.04177367 0.9155458
1.9928 FirstCar -52.32208 0.025 2.97 0 90 0 0 0.7071068 0 0.7071068 13.8889 0
1.9945 Head 0 1.6 0.78 12.30001 314.1 0 0.09865184 -0.3876837 0.04177367 0.9155458
1.9945 FirstCar -52.29837 0.025 2.97 0 90 0 0 0.7071068 0 0.7071068 13.8889 0
1.9961 Head 0 1.6 0.78 12.30001 314.1 0 0.09865184 -0.3876837 0.04177367 0.9155458
1.9961 FirstCar -52.27617 0.025 2.97 0 90 0 0 0.7071068 0 0.7071068 13.8889 0
1.9976 Head 0 1.6 0.78 12.30001 314.1 0 0.09865184 -0.3876837 0.04177367 0.9155458
1.9976 FirstCar -52.25555 0.025 2.97 0 90 0 0 0.7071068 0 0.7071068 13.8889 0
1.9991 Head 0 1.6 0.78 12.30001 314.1 0 0.09865184 -0.3876837 0.04177367 0.9155458
1.9991 FirstCar -52.23508 0.025 2.97 0 90 0 0 0.7071068 0 0.7071068 13.8889 0
2.0005 Head 0 1.6 0.78 12.30001 314.1 0 0.09865184 -0.3876837 0.04177367 0.9155458
2.0005 FirstCar -52.2148 0.025 2.97 0 90 0 0 0.7071068 0 0.7071068 13.8889 0
2.0020 Head 0 1.6 0.78 12.30001 314.1 0 0.09865184 -0.3876837 0.04177367 0.9155458
2.0020 FirstCar -52.19451 0.025 2.97 0 90 0 0 0.7071068 0 0.7071068 13.8889 0
2.0034 Head 0 1.6 0.78 12.30001 314.1 0 0.09865184 -0.3876837 0.04177367 0.9155458
2.0034 FirstCar -52.17453 0.025 2.97 0 90 0 0 0.7071068 0 0.7071068 13.8889 0
2.0049 Head 0 1.6 0.78 12.30001 314.1 0 0.09865184 -0.3876837 0.04177367 0.9155458
2.0049 FirstCar -52.15408 0.025 2.97 0 90 0 0 0.7071068 0 0.7071068 13.8889 0
2.0066 Head 0 1.6 0.78 12.30001 314.1 0 0.09865184 -0.3876837 0.04177367 0.9155458
2.0066 FirstCar -52.13053 0.025 2.97 0 90 0 0 0.7071068 0 0.7071068 13.8889 0
2.0080 Head 0 1.6 0.78 12.30001 314.1 0 0.09865184 -0.3876837 0.04177367 0.9155458
2.0080 FirstCar -52.11102 0.025 2.97 0 90 0 0 0.7071068 0 0.7071068 13.8889 0
2.0094 Head 0 1.6 0.78 12.30001 314.1 0 0.09865184 -0.3876837 0.04177367 0.9155458
2.0094 FirstCar -52.092 0.025 2.97 0 90 0 0 0.7071068 0 0.7071068 13.8889 0
2.0107 Head 0 1.6 0.78 12.30001 314.1 0 0.09865184 -0.3876837 0.04177367 0.9155458
2.0107 FirstCar -52.07355 0.025 2.97 0 90 0 0 0.7071068 0 0.7071068 13.8889 0
2.0120 Head 0 1.6 0.78 12.30001 314.1 0 0.09865184 -0.3876837 0.04177367 0.9155458
2.0120 FirstCar -52.055 0.025 2.97 0 90 0 0 0.7071068 0 0.7071068 13.8889 0
2.0134 Head 0 1.6 0.78 12.30001 314.1 0 0.09865184 -0.3876837 0.04177367 0.9155458
2.0134 FirstCar -52.03653 0.025 2.97 0 90 0 0 0.7071068 0 0.7071068 13.8889 0
2.0147 Head 0 1.6 0.78 12.30001 314.1 0 0.09865184 -0.3876837 0.04177367 0.9155458
2.0147 FirstCar -52.0175 0.025 2.97 0 90 0 0 0.7071068 0 0.7071068 13.8889 0
2.0161 Head 0 1.6 0.78 12.30001 314.1 0 0.09865184 -0.3876837 0.04177367 0.9155458
2.0161 FirstCar -51.99832 0.025 2.97 0 90 0 0 0.7071068 0 0.7071068 13.8889 0
2.0174 Head 0 1.6 0.78 12.30001 314.1 0 0.09865184 -0.3876837 0.04177367 0.9155458
2.0174 FirstCar -51.97983 0.025 2.97 0 90 0 0 0.7071068 0 0.7071068 13.8889 0
2.0188 Head 0 1.6 0.78 12.30001 314.1 0 0.09865184 -0.3876837 0.04177367 0.9155458
2.0188 FirstCar -51.96151 0.025 2.97 0 90 0 0 0.7071068 0 0.7071068 13.8889 0
2.0201 Head 0 1.6 0.78 12.30001 314.1 0 0.09865184 -0.3876837 0.04177367 0.9155458
2.0201 FirstCar -51.94312 0.025 2.97 0 90 0 0 0.7071068 0 0.7071068 13.8889 0
2.0214 Head 0 1.6 0.78 12.30001 314.1 0 0.09865184 -0.3876837 0.04177367 0.9155458
2.0214 FirstCar -51.92466 0.025 2.97 0 90 0 0 0.7071068 0 0.7071068 13.8889 0
2.0228 Head 0 1.6 0.78 12.30001 314.1 0 0.09865184 -0.3876837 0.04177367 0.9155458
2.0228 FirstCar -51.90587 0.025 2.97 0 90 0 0 0.7071068 0 0.7071068 13.8889 0
2.0241 Head 0 1.6 0.78 12.30001 314.1 0 0.09865184 -0.3876837 0.04177367 0.9155458
2.0241 FirstCar -51.88751 0.025 2.97 0 90 0 0 0.7071068 0 0.7071068 13.8889 0
2.0257 Head 0 1.6 0.78 12.30001 314.1 0 0.09865184 -0.3876837 0.04177367 0.9155458
2.0257 FirstCar -51.8646 0.025 2.97 0 90 0 0 0.7071068 0 0.7071068 13.8889 0
2.0277 Head 0 1.6 0.78 12.30001 314.1 0 0.09865184 -0.3876837 0.04177367 0.9155458
2.0277 FirstCar -51.83683 0.025 2.97 0 90 0 0 0.7071068 0 0.7071068 13.8889 0
2.0293 Head 0 1.6 0.78 12.30001 314.1 0 0.09865184 -0.3876837 0.04177367 0.9155458
2.0293 FirstCar -51.81532 0.025 2.97 0 90 0 0 0.7071068 0 0.7071068 13.8889 0
2.0309 Head 0 1.6 0.78 12.30001 314.1 0 0.09865184 -0.3876837 0.04177367 0.9155458
2.0309 FirstCar -51.79243 0.025 2.97 0 90 0 0 0.7071068 0 0.7071068 13.8889 0
2.0325 Head 0 1.6 0.78 12.30001 314.1 0 0.09865184 -0.3876837 0.04177367 0.9155458
2.0325 FirstCar -51.77108 0.025 2.97 0 90 0 0 0.7071068 0 0.7071068 13.8889 0
2.0339 Head 0 1.6 0.78 12.30001 314.1 0 0.09865184 -0.3876837 0.04177367 0.9155458
2.0339 FirstCar -51.7515 0.025 2.97 0 90 0 0 0.7071068 0 0.7071068 13.8889 0
2.0353 Head 0 1.6 0.78 12.30001 314.1 0 0.09865184 -0.3876837 0.04177367 0.9155458
2.0353 FirstCar -51.73163 0.025 2.97 0 90 0 0 0.7071068 0 0.7071068 13.8889 0
2.0369 Head 0 1.6 0.78 12.30001 314.1 0 0.09865184 -0.3876837 0.04177367 0.9155458
2.0369 FirstCar -51.71029 0.025 2.97 0 90 0 0 0.7071068 0 0.7071068 13.8889 0
2.0382 Head 0 1.6 0.78 12.30001 314.1 0 0.09865184 -0.3876837 0.04177367 0.9155458
2.0382 FirstCar -51.69105 0.025 2.97 0 90 0 0 0.7071068 0 0.7071068 13.8889 0
2.0396 Head 0 1.6 0.78 12.30001 314.1 0 0.09865184 -0.3876837 0.04177367 0.9155458
2.0396 FirstCar -51.67239 0.025 2.97 0 90 0 0 0.7071068 0 0.7071068 13.8889 0
2.0409 Head 0 1.6 0.78 12.30001 314.1 0 0.09865184 -0.3876837 0.04177367 0.9155458
2.0409 FirstCar -51.65361 0.025 2.97 0 90 0 0 0.7071068 0 0.7071068 13.8889 0
2.0423 Head 0 1.6 0.78 12.30001 314.1 0 0.09865184 -0.3876837 0.04177367 0.9155458
2.0423 FirstCar -51.63491 0.025 2.97 0 90 0 0 0.7071068 0 0.7071068 13.8889 0
2.0437 Head 0 1.6 0.78 12.30001 314.1 0 0.09865184 -0.3876837 0.04177367 0.9155458
2.0437 FirstCar -51.61553 0.025 2.97 0 90 0 0 0.7071068 0 0.7071068 13.8889 0
2.0450 Head 0 1.6 0.78 12.30001 314.1 0 0.09865184 -0.3876837 0.04177367 0.9155458
2.0450 FirstCar -51.59663 0.025 2.97 0 90 0 0 0.7071068 0 0.7071068 13.8889 0
2.0467 Head 0 1.6 0.78 12.30001 314.1 0 0.09865184 -0.3876837 0.04177367 0.9155458
2.0467 FirstCar -51.57338 0.025 2.97 0 90 0 0 0.7071068 0 0.7071068 13.8889 0
2.0481 Head 0 1.6 0.78 12.30001 314.1 0 0.09865184 -0.3876837 0.04177367 0.9155458
2.0481 FirstCar -51.55368 0.025 2.97 0 90 0 0 0.7071068 0 0.7071068 13.8889 0
2.0496 Head 0 1.6 0.78 12.30001 314.1 0 0.09865184 -0.3876837 0.04177367 0.9155458
2.0496 FirstCar -51.53365 0.025 2.97 0 90 0 0 0.7071068 0 0.7071068 13.8889 0
2.0511 Head 0 1.6 0.78 12.30001 314.1 0 0.09865184 -0.3876837 0.04177367 0.9155458
2.0511 FirstCar -51.51302 0.025 2.97 0 90 0 0 0.7071068 0 0.7071068 13.8889 0
2.0525 Head 0 1.6 0.78 12.30001 314.1 0 0.09865184 -0.3876837 0.04177367 0.9155458
2.0525 FirstCar -51.49297 0.025 2.97 0 90 0 0 0.7071068 0 0.7071068 13.8889 0
2.0539 Head 0 1.6 0.78 12.30001 314.1 0 0.09865184 -0.3876837 0.04177367 0.9155458
2.0539 FirstCar -51.47324 0.025 2.97 0 90 0 0 0.7071068 0 0.7071068 13.8889 0
2.0555 Head 0 1.6 0.78 12.30001 314.1 0 0.09865184 -0.3876837 0.04177367 0.9155458
2.0555 FirstCar -51.45204 0.025 2.97 0 90 0 0 0.7071068 0 0.7071068 13.8889 0
2.0571 Head 0 1.6 0.78 12.30001 314.1 0 0.09865184 -0.3876837 0.04177367 0.9155458
2.0571 FirstCar -51.42879 0.025 2.97 0 90 0 0 0.7071068 0 0.7071068 13.8889 0
2.0591 Head 0 1.6 0.78 12.30001 314.1 0 0.09865184 -0.3876837 0.04177367 0.9155458
2.0591 FirstCar -51.40181 0.025 2.97 0 90 0 0 0.7071068 0 0.7071068 13.8889 0
2.0609 Head 0 1.6 0.78 12.30001 314.1 0 0.09865184 -0.3876837 0.04177367 0.9155458
2.0609 FirstCar -51.37611 0.025 2.97 0 90 0 0 0.7071068 0 0.7071068 13.8889 0
2.0629 Head 0 1.6 0.78 12.30001 314.1 0 0.09865184 -0.3876837 0.04177367 0.9155458
2.0629 FirstCar -51.34882 0.025 2.97 0 90 0 0 0.7071068 0 0.7071068 13.8889 0
2.0646 Head 0 1.6 0.78 12.30001 314.1 0 0.09865184 -0.3876837 0.04177367 0.9155458
2.0646 FirstCar -51.32486 0.025 2.97 0 90 0 0 0.7071068 0 0.7071068 13.8889 0
2.0662 Head 0 1.6 0.78 12.30001 314.1 0 0.09865184 -0.3876837 0.04177367 0.9155458
2.0662 FirstCar -51.30276 0.025 2.97 0 90 0 0 0.7071068 0 0.7071068 13.8889 0
2.0682 Head 0 1.6 0.78 12.30001 314.1 0 0.09865184 -0.3876837 0.04177367 0.9155458
2.0682 FirstCar -51.27565 0.025 2.97 0 90 0 0 0.7071068 0 0.7071068 13.8889 0
2.0699 Head 0 1.6 0.78 12.30001 314.1 0 0.09865184 -0.3876837 0.04177367 0.9155458
2.0699 FirstCar -51.25194 0.025 2.97 0 90 0 0 0.7071068 0 0.7071068 13.8889 0
2.0713 Head 0 1.6 0.78 12.30001 314.1 0 0.09865184 -0.3876837 0.04177367 0.9155458
2.0713 FirstCar -51.23198 0.025 2.97 0 90 0 0 0.7071068 0 0.7071068 13.8889 0
2.0727 Head 0 1.6 0.78 12.30001 314.1 0 0.09865184 -0.3876837 0.04177367 0.9155458
2.0727 FirstCar -51.21272 0.025 2.97 0 90 0 0 0.7071068 0 0.7071068 13.8889 0
2.0741 Head 0 1.6 0.78 12.30001 314.1 0 0.09865184 -0.3876837 0.04177367 0.9155458
2.0741 FirstCar -51.19367 0.025 2.97 0 90 0 0 0.7071068 0 0.7071068 13.8889 0
2.0756 Head 0 1.6 0.78 12.30001 314.1 0 0.09865184 -0.3876837 0.04177367 0.9155458
2.0756 FirstCar -51.17235 0.025 2.97 0 90 0 0 0.7071068 0 0.7071068 13.8889 0
2.0771 Head 0 1.6 0.78 12.30001 314.1 0 0.09865184 -0.3876837 0.04177367 0.9155458
2.0771 FirstCar -51.15144 0.025 2.97 0 90 0 0 0.7071068 0 0.7071068 13.8889 0
2.0785 Head 0 1.6 0.78 12.30001 314.1 0 0.09865184 -0.3876837 0.04177367 0.9155458
2.0785 FirstCar -51.13165 0.025 2.97 0 90 0 0 0.7071068 0 0.7071068 13.8889 0
2.0799 Head 0 1.6 0.78 12.30001 314.1 0 0.09865184 -0.3876837 0.04177367 0.9155458
2.0799 FirstCar -51.11219 0.025 2.97 0 90 0 0 0.7071068 0 0.7071068 13.8889 0
2.0813 Head 0 1.6 0.78 12.30001 314.1 0 0.09865184 -0.3876837 0.04177367 0.9155458
2.0813 FirstCar -51.09331 0.025 2.97 0 90 0 0 0.7071068 0 0.7071068 13.8889 0
2.0827 Head 0 1.6 0.78 12.30001 314.1 0 0.09865184 -0.3876837 0.04177367 0.9155458
2.0827 FirstCar -51.07389 0.025 2.97 0 90 0 0 0.7071068 0 0.7071068 13.8889 0
2.0841 Head 0 1.6 0.78 12.30001 314.1 0 0.09865184 -0.3876837 0.04177367 0.9155458
2.0841 FirstCar -51.05431 0.025 2.97 0 90 0 0 0.7071068 0 0.7071068 13.8889 0
2.0855 Head 0 1.6 0.78 12.30001 314.1 0 0.09865184 -0.3876837 0.04177367 0.9155458
2.0855 FirstCar -51.0344 0.025 2.97 0 90 0 0 0.7071068 0 0.7071068 13.8889 0
2.0872 Head 0 1.6 0.78 12.30001 314.1 0 0.09865184 -0.3876837 0.04177367 0.9155458
2.0872 FirstCar -51.01086 0.025 2.97 0 90 0 0 0.7071068 0 0.7071068 13.8889 0
2.0887 Head 0 1.6 0.78 12.30001 314.1 0 0.09865184 -0.3876837 0.04177367 0.9155458
2.0887 FirstCar -50.98968 0.025 2.97 0 90 0 0 0.7071068 0 0.7071068 13.8889 0
2.0903 Head 0 1.6 0.78 12.30001 314.1 0 0.09865184 -0.3876837 0.04177367 0.9155458
2.0903 FirstCar -50.96734 0.025 2.97 0 90 0 0 0.7071068 0 0.7071068 13.8889 0
2.0919 Head 0 1.6 0.78 12.30001 314.1 0 0.09865184 -0.3876837 0.04177367 0.9155458
2.0919 FirstCar -50.94612 0.025 2.97 0 90 0 0 0.7071068 0 0.7071068 13.8889 0
2.0934 Head 0 1.6 0.78 12.30001 314.1 0 0.09865184 -0.3876837 0.04177367 0.9155458
2.0934 FirstCar -50.92445 0.025 2.97 0 90 0 0 0.7071068 0 0.7071068 13.8889 0
2.0951 Head 0 1.6 0.78 12.30001 314.1 0 0.09865184 -0.3876837 0.04177367 0.9155458
2.0951 FirstCar -50.90108 0.025 2.97 0 90 0 0 0.7071068 0 0.7071068 13.8889 0
2.0967 Head 0 1.6 0.78 12.30001 314.1 0 0.09865184 -0.3876837 0.04177367 0.9155458
2.0967 FirstCar -50.87932 0.025 2.97 0 90 0 0 0.7071068 0 0.7071068 13.8889 0
2.0982 Head 0 1.6 0.78 12.30001 314.1 0 0.09865184 -0.3876837 0.04177367 0.9155458
2.0982 FirstCar -50.85897 0.025 2.97 0 90 0 0 0.7071068 0 0.7071068 13.8889 0
2.0996 Head 0 1.6 0.78 12.30001 314.1 0 0.09865184 -0.3876837 0.04177367 0.9155458
2.0996 FirstCar -50.83918 0.025 2.97 0 90 0 0 0.7071068 0 0.7071068 13.8889 0
2.1010 Head 0 1.6 0.78 12.30001 314.1 0 0.09865184 -0.3876837 0.04177367 0.9155458
2.1010 FirstCar -50.82009 0.025 2.97 0 90 0 0 0.7071068 0 0.7071068 13.8889 0
2.1023 Head 0 1.6 0.78 12.30001 314.1 0 0.09865184 -0.3876837 0.04177367 0.9155458
2.1023 FirstCar -50.80088 0.025 2.97 0 90 0 0 0.7071068 0 0.7071068 13.8889 0
2.1037 Head 0 1.6 0.78 12.30001 314.1 0 0.09865184 -0.3876837 0.04177367 0.9155458
2.1037 FirstCar -50.78184 0.025 2.97 0 90 0 0 0.7071068 0 0.7071068 13.8889 0
2.1052 Head 0 1.6 0.78 12.30001 314.1 0 0.09865184 -0.3876837 0.04177367 0.9155458
2.1052 FirstCar -50.76178 0.025 2.97 0 90 0 0 0.7071068 0 0.7071068 13.8889 0
2.1069 Head 0 1.6 0.78 12.30001 314.1 0 0.09865184 -0.3876837 0.04177367 0.9155458
2.1069 FirstCar -50.73812 0.025 2.97 0 90 0 0 0.7071068 0 0.7071068 13.8889 0
2.1083 Head 0 1.6 0.78 12.30001 314.1 0 0.09865184 -0.3876837 0.04177367 0.9155458
2.1083 FirstCar -50.7178 0.025 2.97 0 90 0 0 0.7071068 0 0.7071068 13.8889 0
2.1097 Head 0 1.6 0.78 12.30001 314.1 0 0.09865184 -0.3876837 0.04177367 0.9155458
2.1097 FirstCar -50.69857 0.025 2.97 0 90 0 0 0.7071068 0 0.7071068 13.8889 0
2.1111 Head 0 1.6 0.78 12.30001 314.1 0 0.09865184 -0.3876837 0.04177367 0.9155458
2.1111 FirstCar -50.67897 0.025 2.97 0 90 0 0 0.7071068 0 0.7071068 13.8889 0
2.1126 Head 0 1.6 0.78 12.30001 314.1 0 0.09865184 -0.3876837 0.04177367 0.9155458
2.1126 FirstCar -50.65889 0.025 2.97 0 90 0 0 0.7071068 0 0.7071068 13.8889 0
2.1140 Head 0 1.6 0.78 12.30001 314.1 0 0.09865184 -0.3876837 0.04177367 0.9155458
2.1140 FirstCar -50.63906 0.025 2.97 0 90 0 0 0.7071068 0 0.7071068 13.8889 0
2.1155 Head 0 1.6 0.78 12.30001 314.1 0 0.09865184 -0.3876837 0.04177367 0.9155458
2.1155 FirstCar -50.61782 0.025 2.97 0 90 0 0 0.7071068 0 0.7071068 13.8889 0
2.1170 Head 0 1.6 0.78 12.30001 314.1 0 0.09865184 -0.3876837 0.04177367 0.9155458
2.1170 FirstCar -50.5975 0.025 2.97 0 90 0 0 0.7071068 0 0.7071068 13.8889 0
2.1184 Head 0 1.6 0.78 12.30001 314.1 0 0.09865184 -0.3876837 0.04177367 0.9155458
2.1184 FirstCar -50.57721 0.025 2.97 0 90 0 0 0.7071068 0 0.7071068 13.8889 0
2.1199 Head 0 1.6 0.78 12.30001 314.1 0 0.09865184 -0.3876837 0.04177367 0.9155458
2.1199 FirstCar -50.55698 0.025 2.97 0 90 0 0 0.7071068 0 0.7071068 13.8889 0
2.1213 Head 0 1.6 0.78 12.30001 314.1 0 0.09865184 -0.3876837 0.04177367 0.9155458
2.1213 FirstCar -50.53681 0.025 2.97 0 90 0 0 0.7071068 0 0.7071068 13.8889 0
2.1229 Head 0 1.6 0.78 12.30001 314.1 0 0.09865184 -0.3876837 0.04177367 0.9155458
2.1229 FirstCar -50.51559 0.025 2.97 0 90 0 0 0.7071068 0 0.7071068 13.8889 0
2.1244 Head 0 1.6 0.78 12.30001 314.1 0 0.09865184 -0.3876837 0.04177367 0.9155458
2.1244 FirstCar -50.49464 0.025 2.97 0 90 0 0 0.7071068 0 0.7071068 13.8889 0
2.1261 Head 0 1.6 0.78 12.30001 314.1 0 0.09865184 -0.3876837 0.04177367 0.9155458
2.1261 FirstCar -50.47095 0.025 2.97 0 90 0 0 0.7071068 0 0.7071068 13.8889 0
2.1280 Head 0 1.6 0.78 12.30001 314.1 0 0.09865184 -0.3876837 0.04177367 0.9155458
2.1280 FirstCar -50.44439 0.025 2.97 0 90 0 0 0.7071068 0 0.7071068 13.8889 0
2.1300 Head 0 1.6 0.78 12.30001 314.1 0 0.09865184 -0.3876837 0.04177367 0.9155458
2.1300 FirstCar -50.41655 0.025 2.97 0 90 0 0 0.7071068 0 0.7071068 13.8889 0
2.1317 Head 0 1.6 0.78 12.30001 314.1 0 0.09865184 -0.3876837 0.04177367 0.9155458
2.1317 FirstCar -50.39261 0.025 2.97 0 90 0 0 0.7071068 0 0.7071068 13.8889 0
2.1334 Head 0 1.6 0.78 12.30001 314.1 0 0.09865184 -0.3876837 0.04177367 0.9155458
2.1334 FirstCar -50.3699 0.025 2.97 0 90 0 0 0.7071068 0 0.7071068 13.8889 0
2.1349 Head 0 1.6 0.78 12.30001 314.1 0 0.09865184 -0.3876837 0.04177367 0.9155458
2.1349 FirstCar -50.34867 0.025 2.97 0 90 0 0 0.7071068 0 0.7071068 13.8889 0
2.1366 Head 0 1.6 0.78 12.30001 314.1 0 0.09865184 -0.3876837 0.04177367 0.9155458
2.1366 FirstCar -50.32464 0.025 2.97 0 90 0 0 0.7071068 0 0.7071068 13.8889 0
2.1382 Head 0 1.6 0.78 12.30001 314.1 0 0.09865184 -0.3876837 0.04177367 0.9155458
2.1382 FirstCar -50.30221 0.025 2.97 0 90 0 0 0.7071068 0 0.7071068 13.8889 0
2.1397 Head 0 1.6 0.78 12.30001 314.1 0 0.09865184 -0.3876837 0.04177367 0.9155458
2.1397 FirstCar -50.28183 0.025 2.97 0 90 0 0 0.7071068 0 0.7071068 13.8889 0
2.1412 Head 0 1.6 0.78 12.30001 314.1 0 0.09865184 -0.3876837 0.04177367 0.9155458
2.1412 FirstCar -50.26105 0.025 2.97 0 90 0 0 0.7071068 0 0.7071068 13.8889 0
2.1426 Head 0 1.6 0.78 12.30001 314.1 0 0.09865184 -0.3876837 0.04177367 0.9155458
2.1426 FirstCar -50.24191 0.025 2.97 0 90 0 0 0.7071068 0 0.7071068 13.8889 0
2.1439 Head 0 1.6 0.78 12.30001 314.1 0 0.09865184 -0.3876837 0.04177367 0.9155458
2.1439 FirstCar -50.2231 0.025 2.97 0 90 0 0 0.7071068 0 0.7071068 13.8889 0
2.1453 Head 0 1.6 0.78 12.30001 314.1 0 0.09865184 -0.3876837 0.04177367 0.9155458
2.1453 FirstCar -50.20469 0.025 2.97 0 90 0 0 0.7071068 0 0.7071068 13.8889 0
2.1469 Head 0 1.6 0.78 12.30001 314.1 0 0.09865184 -0.3876837 0.04177367 0.9155458
2.1469 FirstCar -50.18227 0.025 2.97 0 90 0 0 0.7071068 0 0.7071068 13.8889 0
2.1483 Head 0 1.6 0.78 12.30001 314.1 0 0.09865184 -0.3876837 0.04177367 0.9155458
2.1483 FirstCar -50.16271 0.025 2.97 0 90 0 0 0.7071068 0 0.7071068 13.8889 0
2.1497 Head 0 1.6 0.78 12.30001 314.1 0 0.09865184 -0.3876837 0.04177367 0.9155458
2.1497 FirstCar -50.14372 0.025 2.97 0 90 0 0 0.7071068 0 0.7071068 13.8889 0
2.1510 Head 0 1.6 0.78 12.30001 314.1 0 0.09865184 -0.3876837 0.04177367 0.9155458
2.1510 FirstCar -50.12545 0.025 2.97 0 90 0 0 0.7071068 0 0.7071068 13.8889 0
2.1524 Head 0 1.6 0.78 12.30001 314.1 0 0.09865184 -0.3876837 0.04177367 0.9155458
2.1524 FirstCar -50.10611 0.025 2.97 0 90 0 0 0.7071068 0 0.7071068 13.8889 0
2.1539 Head 0 1.6 0.78 12.30001 314.1 0 0.09865184 -0.3876837 0.04177367 0.9155458
2.1539 FirstCar -50.08498 0.025 2.97 0 90 0 0 0.7071068 0 0.7071068 13.8889 0
2.1555 Head 0 1.6 0.78 12.30001 314.1 0 0.09865184 -0.3876837 0.04177367 0.9155458
2.1555 FirstCar -50.06266 0.025 2.97 0 90 0 0 0.7071068 0 0.7071068 13.8889 0
2.1571 Head 0 1.6 0.78 12.30001 314.1 0 0.09865184 -0.3876837 0.04177367 0.9155458
2.1571 FirstCar -50.04011 0.025 2.97 0 90 0 0 0.7071068 0 0.7071068 13.8889 0
2.1588 Head 0 1.6 0.78 12.30001 314.1 0 0.09865184 -0.3876837 0.04177367 0.9155458
2.1588 FirstCar -50.01725 0.025 2.97 0 90 0 0 0.7071068 0 0.7071068 13.8889 0
2.1602 Head 0 1.6 0.78 12.30001 314.1 0 0.09865184 -0.3876837 0.04177367 0.9155458
2.1602 FirstCar -49.99703 0.025 2.97 0 90 0 0 0.7071068 0 0.7071068 13.8889 0
2.1616 Head 0 1.6 0.78 12.30001 314.1 0 0.09865184 -0.3876837 0.04177367 0.9155458
2.1616 FirstCar -49.9776 0.025 2.97 0 90 0 0 0.7071068 0 0.7071068 13.8889 0
2.1630 Head 0 1.6 0.78 12.30001 314.1 0 0.09865184 -0.3876837 0.04177367 0.9155458
2.1630 FirstCar -49.95846 0.025 2.97 0 90 0 0 0.7071068 0 0.7071068 13.8889 0
2.1643 Head 0 1.6 0.78 12.30001 314.1 0 0.09865184 -0.3876837 0.04177367 0.9155458
2.1643 FirstCar -49.93973 0.025 2.97 0 90 0 0 0.7071068 0 0.7071068 13.8889 0
2.1658 Head 0 1.6 0.78 12.30001 314.1 0 0.09865184 -0.3876837 0.04177367 0.9155458
2.1658 FirstCar -49.9193 0.025 2.97 0 90 0 0 0.7071068 0 0.7071068 13.8889 0
2.1675 Head 0 1.6 0.78 12.30001 314.1 0 0.09865184 -0.3876837 0.04177367 0.9155458
2.1675 FirstCar -49.89641 0.025 2.97 0 90 0 0 0.7071068 0 0.7071068 13.8889 0
2.1689 Head 0 1.6 0.78 12.30001 314.1 0 0.09865184 -0.3876837 0.04177367 0.9155458
2.1689 FirstCar -49.87568 0.025 2.97 0 90 0 0 0.7071068 0 0.7071068 13.8889 0
2.1704 Head 0 1.6 0.78 12.30001 314.1 0 0.09865184 -0.3876837 0.04177367 0.9155458
2.1704 FirstCar -49.85551 0.025 2.97 0 90 0 0 0.7071068 0 0.7071068 13.8889 0
2.1717 Head 0 1.6 0.78 12.30001 314.1 0 0.09865184 -0.3876837 0.04177367 0.9155458
2.1717 FirstCar -49.83706 0.025 2.97 0 90 0 0 0.7071068 0 0.7071068 13.8889 0
2.1731 Head 0 1.6 0.78 12.30001 314.1 0 0.09865184 -0.3876837 0.04177367 0.9155458
2.1731 FirstCar -49.81738 0.025 2.97 0 90 0 0 0.7071068 0 0.7071068 13.8889 0
2.1745 Head 0 1.6 0.78 12.30001 314.1 0 0.09865184 -0.3876837 0.04177367 0.9155458
2.1745 FirstCar -49.79839 0.025 2.97 0 90 0 0 0.7071068 0 0.7071068 13.8889 0
2.1759 Head 0 1.6 0.78 12.30001 314.1 0 0.09865184 -0.3876837 0.04177367 0.9155458
2.1759 FirstCar -49.77859 0.025 2.97 0 90 0 0 0.7071068 0 0.7071068 13.8889 0
2.1773 Head 0 1.6 0.78 12.30001 314.1 0 0.09865184 -0.3876837 0.04177367 0.9155458
2.1773 FirstCar -49.75909 0.025 2.97 0 90 0 0 0.7071068 0 0.7071068 13.8889 0
2.1787 Head 0 1.6 0.78 12.30001 314.1 0 0.09865184 -0.3876837 0.04177367 0.9155458
2.1787 FirstCar -49.74047 0.025 2.97 0 90 0 0 0.7071068 0 0.7071068 13.8889 0
2.1800 Head 0 1.6 0.78 12.30001 314.1 0 0.09865184 -0.3876837 0.04177367 0.9155458
2.1800 FirstCar -49.7217 0.025 2.97 0 90 0 0 0.7071068 0 0.7071068 13.8889 0
2.1814 Head 0 1.6 0.78 12.30001 314.1 0 0.09865184 -0.3876837 0.04177367 0.9155458
2.1814 FirstCar -49.70323 0.025 2.97 0 90 0 0 0.7071068 0 0.7071068 13.8889 0
2.1828 Head 0 1.6 0.78 12.30001 314.1 0 0.09865184 -0.3876837 0.04177367 0.9155458
2.1828 FirstCar -49.68387 0.025 2.97 0 90 0 0 0.7071068 0 0.7071068 13.8889 0
2.1844 Head 0 1.6 0.78 12.30001 314.1 0 0.09865184 -0.3876837 0.04177367 0.9155458
2.1844 FirstCar -49.66137 0.025 2.97 0 90 0 0 0.7071068 0 0.7071068 13.8889 0
2.1867 Head 0 1.6 0.78 12.30001 314.1 0 0.09865184 -0.3876837 0.04177367 0.9155458
2.1867 FirstCar -49.62968 0.025 2.97 0 90 0 0 0.7071068 0 0.7071068 13.8889 0
2.1890 Head 0 1.6 0.78 12.30001 314.1 0 0.09865184 -0.3876837 0.04177367 0.9155458
2.1890 FirstCar -49.59762 0.025 2.97 0 90 0 0 0.7071068 0 0.7071068 13.8889 0
2.1906 Head 0 1.6 0.78 12.30001 314.1 0 0.09865184 -0.3876837 0.04177367 0.9155458
2.1906 FirstCar -49.57518 0.025 2.97 0 90 0 0 0.7071068 0 0.7071068 13.8889 0
2.1924 Head 0 1.6 0.78 12.30001 314.1 0 0.09865184 -0.3876837 0.04177367 0.9155458
2.1924 FirstCar -49.55048 0.025 2.97 0 90 0 0 0.7071068 0 0.7071068 13.8889 0
2.1941 Head 0 1.6 0.78 12.30001 314.1 0 0.09865184 -0.3876837 0.04177367 0.9155458
2.1941 FirstCar -49.52575 0.025 2.97 0 90 0 0 0.7071068 0 0.7071068 13.8889 0
2.1960 Head 0 1.6 0.78 12.30001 314.1 0 0.09865184 -0.3876837 0.04177367 0.9155458
2.1960 FirstCar -49.50024 0.025 2.97 0 90 0 0 0.7071068 0 0.7071068 13.8889 0
2.1977 Head 0 1.6 0.78 12.30001 314.1 0 0.09865184 -0.3876837 0.04177367 0.9155458
2.1977 FirstCar -49.47653 0.025 2.97 0 90 0 0 0.7071068 0 0.7071068 13.8889 0
2.1993 Head 0 1.6 0.78 12.30001 314.1 0 0.09865184 -0.3876837 0.04177367 0.9155458
2.1993 FirstCar -49.45432 0.025 2.97 0 90 0 0 0.7071068 0 0.7071068 13.8889 0
2.2010 Head 0 1.6 0.78 12.30001 314.1 0 0.09865184 -0.3876837 0.04177367 0.9155458
2.2010 FirstCar -49.43034 0.025 2.97 0 90 0 0 0.7071068 0 0.7071068 13.8889 0
2.2026 Head 0 1.6 0.78 12.30001 314.1 0 0.09865184 -0.3876837 0.04177367 0.9155458
2.2026 FirstCar -49.40769 0.025 2.97 0 90 0 0 0.7071068 0 0.7071068 13.8889 0
2.2043 Head 0 1.6 0.78 12.30001 314.1 0 0.09865184 -0.3876837 0.04177367 0.9155458
2.2043 FirstCar -49.38467 0.025 2.97 0 90 0 0 0.7071068 0 0.7071068 13.8889 0
2.2059 Head 0 1.6 0.78 12.30001 314.1 0 0.09865184 -0.3876837 0.04177367 0.9155458
2.2059 FirstCar -49.36266 0.025 2.97 0 90 0 0 0.7071068 0 0.7071068 13.8889 0
2.2075 Head 0 1.6 0.78 12.30001 314.1 0 0.09865184 -0.3876837 0.04177367 0.9155458
2.2075 FirstCar -49.33981 0.025 2.97 0 90 0 0 0.7071068 0 0.7071068 13.8889 0
2.2089 Head 0 1.6 0.78 12.30001 314.1 0 0.09865184 -0.3876837 0.04177367 0.9155458
2.2089 FirstCar -49.32036 0.025 2.97 0 90 0 0 0.7071068 0 0.7071068 13.8889 0
2.2103 Head 0 1.6 0.78 12.30001 314.1 0 0.09865184 -0.3876837 0.04177367 0.9155458
2.2103 FirstCar -49.30101 0.025 2.97 0 90 0 0 0.7071068 0 0.7071068 13.8889 0
2.2117 Head 0 1.6 0.78 12.30001 314.1 0 0.09865184 -0.3876837 0.04177367 0.9155458
2.2117 FirstCar -49.28174 0.025 2.97 0 90 0 0 0.7071068 0 0.7071068 13.8889 0
2.2131 Head 0 1.6 0.78 12.30001 314.1 0 0.09865184 -0.3876837 0.04177367 0.9155458
2.2131 FirstCar -49.26314 0.025 2.97 0 90 0 0 0.7071068 0 0.7071068 13.8889 0
2.2144 Head 0 1.6 0.78 12.30001 314.1 0 0.09865184 -0.3876837 0.04177367 0.9155458
2.2144 FirstCar -49.24423 0.025 2.97 0 90 0 0 0.7071068 0 0.7071068 13.8889 0
2.2158 Head 0 1.6 0.78 12.30001 314.1 0 0.09865184 -0.3876837 0.04177367 0.9155458
2.2158 FirstCar -49.22431 0.025 2.97 0 90 0 0 0.7071068 0 0.7071068 13.8889 0
2.2173 Head 0 1.6 0.78 12.30001 314.1 0 0.09865184 -0.3876837 0.04177367 0.9155458
2.2173 FirstCar -49.20375 0.025 2.97 0 90 0 0 0.7071068 0 0.7071068 13.8889 0
2.2189 Head 0 1.6 0.78 12.30001 314.1 0 0.09865184 -0.3876837 0.04177367 0.9155458
2.2189 FirstCar -49.18151 0.025 2.97 0 90 0 0 0.7071068 0 0.7071068 13.8889 0
2.2205 Head 0 1.6 0.78 12.30001 314.1 0 0.09865184 -0.3876837 0.04177367 0.9155458
2.2205 FirstCar -49.1601 0.025 2.97 0 90 0 0 0.7071068 0 0.7071068 13.8889 0
2.2221 Head 0 1.6 0.78 12.30001 314.1 0 0.09865184 -0.3876837 0.04177367 0.9155458
2.2221 FirstCar -49.13731 0.025 2.97 0 90 0 0 0.7071068 0 0.7071068 13.8889 0
2.2237 Head 0 1.6 0.78 12.30001 314.1 0 0.09865184 -0.3876837 0.04177367 0.9155458
2.2237 FirstCar -49.11584 0.025 2.97 0 90 0 0 0.7071068 0 0.7071068 13.8889 0
2.2251 Head 0 1.6 0.78 12.30001 314.1 0 0.09865184 -0.3876837 0.04177367 0.9155458
2.2251 FirstCar -49.09634 0.025 2.97 0 90 0 0 0.7071068 0 0.7071068 13.8889 0
2.2268 Head 0 1.6 0.78 12.30001 314.1 0 0.09865184 -0.3876837 0.04177367 0.9155458
2.2268 FirstCar -49.07182 0.025 2.97 0 90 0 0 0.7071068 0 0.7071068 13.8889 0
2.2282 Head 0 1.6 0.78 12.30001 314.1 0 0.09865184 -0.3876837 0.04177367 0.9155458
2.2282 FirstCar -49.05239 0.025 2.97 0 90 0 0 0.7071068 0 0.7071068 13.8889 0
2.2296 Head 0 1.6 0.78 12.30001 314.1 0 0.09865184 -0.3876837 0.04177367 0.9155458
2.2296 FirstCar -49.03304 0.025 2.97 0 90 0 0 0.7071068 0 0.7071068 13.8889 0
2.2310 Head 0 1.6 0.78 12.30001 314.1 0 0.09865184 -0.3876837 0.04177367 0.9155458
2.2310 FirstCar -49.01385 0.025 2.97 0 90 0 0 0.7071068 0 0.7071068 13.8889 0
2.2324 Head 0 1.6 0.78 12.30001 314.1 0 0.09865184 -0.3876837 0.04177367 0.9155458
2.2324 FirstCar -48.99421 0.025 2.97 0 90 0 0 0.7071068 0 0.7071068 13.8889 0
2.2338 Head 0 1.6 0.78 12.30001 314.1 0 0.09865184 -0.3876837 0.04177367 0.9155458
2.2338 FirstCar -48.97517 0.025 2.97 0 90 0 0 0.7071068 0 0.7071068 13.8889 0
2.2352 Head 0 1.6 0.78 12.30001 314.1 0 0.09865184 -0.3876837 0.04177367 0.9155458
2.2352 FirstCar -48.95575 0.025 2.97 0 90 0 0 0.7071068 0 0.7071068 13.8889 0
2.2367 Head 0 1.6 0.78 12.30001 314.1 0 0.09865184 -0.3876837 0.04177367 0.9155458
2.2367 FirstCar -48.93439 0.025 2.97 0 90 0 0 0.7071068 0 0.7071068 13.8889 0
2.2381 Head 0 1.6 0.78 12.30001 314.1 0 0.09865184 -0.3876837 0.04177367 0.9155458
2.2381 FirstCar -48.91491 0.025 2.97 0 90 0 0 0.7071068 0 0.7071068 13.8889 0
2.2395 Head 0 1.6 0.78 12.30001 314.1 0 0.09865184 -0.3876837 0.04177367 0.9155458
2.2395 FirstCar -48.89566 0.025 2.97 0 90 0 0 0.7071068 0 0.7071068 13.8889 0
2.2409 Head 0 1.6 0.78 12.30001 314.1 0 0.09865184 -0.3876837 0.04177367 0.9155458
2.2409 FirstCar -48.87633 0.025 2.97 0 90 0 0 0.7071068 0 0.7071068 13.8889 0
2.2423 Head 0 1.6 0.78 12.30001 314.1 0 0.09865184 -0.3876837 0.04177367 0.9155458
2.2423 FirstCar -48.85673 0.025 2.97 0 90 0 0 0.7071068 0 0.7071068 13.8889 0
2.2436 Head 0 1.6 0.78 12.30001 314.1 0 0.09865184 -0.3876837 0.04177367 0.9155458
2.2436 FirstCar -48.83839 0.025 2.97 0 90 0 0 0.7071068 0 0.7071068 13.8889 0
2.2450 Head 0 1.6 0.78 12.30001 314.1 0 0.09865184 -0.3876837 0.04177367 0.9155458
2.2450 FirstCar -48.81876 0.025 2.97 0 90 0 0 0.7071068 0 0.7071068 13.8889 0
2.2467 Head 0 1.6 0.78 12.30001 314.1 0 0.09865184 -0.3876837 0.04177367 0.9155458
2.2467 FirstCar -48.79623 0.025 2.97 0 90 0 0 0.7071068 0 0.7071068 13.8889 0
2.2481 Head 0 1.6 0.78 12.30001 314.1 0 0.09865184 -0.3876837 0.04177367 0.9155458
2.2481 FirstCar -48.77617 0.025 2.97 0 90 0 0 0.7071068 0 0.7071068 13.8889 0
2.2496 Head 0 1.6 0.78 12.30001 314.1 0 0.09865184 -0.3876837 0.04177367 0.9155458
2.2496 FirstCar -48.75608 0.025 2.97 0 90 0 0 0.7071068 0 0.7071068 13.8889 0
2.2511 Head 0 1.6 0.78 12.30001 314.1 0 0.09865184 -0.3876837 0.04177367 0.9155458
2.2511 FirstCar -48.7341 0.025 2.97 0 90 0 0 0.7071068 0 0.7071068 13.8889 0
2.2529 Head 0 1.6 0.78 12.30001 314.1 0 0.09865184 -0.3876837 0.04177367 0.9155458
2.2529 FirstCar -48.71023 0.025 2.97 0 90 0 0 0.7071068 0 0.7071068 13.8889 0
2.2549 Head 0 1.6 0.78 12.30001 314.1 0 0.09865184 -0.3876837 0.04177367 0.9155458
2.2549 FirstCar -48.68259 0.025 2.97 0 90 0 0 0.7071068 0 0.7071068 13.8889 0
2.2566 Head 0 1.6 0.78 12.30001 314.1 0 0.09865184 -0.3876837 0.04177367 0.9155458
2.2566 FirstCar -48.658 0.025 2.97 0 90 0 0 0.7071068 0 0.7071068 13.8889 0
2.2581 Head 0 1.6 0.78 12.30001 314.1 0 0.09865184 -0.3876837 0.04177367 0.9155458
2.2581 FirstCar -48.63697 0.025 2.97 0 90 0 0 0.7071068 0 0.7071068 13.8889 0
2.2599 Head 0 1.6 0.78 12.30001 314.1 0 0.09865184 -0.3876837 0.04177367 0.9155458
2.2599 FirstCar -48.6131 0.025 2.97 0 90 0 0 0.7071068 0 0.7071068 13.8889 0
2.2614 Head 0 1.6 0.78 12.30001 314.1 0 0.09865184 -0.3876837 0.04177367 0.9155458
2.2614 FirstCar -48.59194 0.025 2.97 0 90 0 0 0.7071068 0 0.7071068 13.8889 0
2.2628 Head 0 1.6 0.78 12.30001 314.1 0 0.09865184 -0.3876837 0.04177367 0.9155458
2.2628 FirstCar -48.57163 0.025 2.97 0 90 0 0 0.7071068 0 0.7071068 13.8889 0
2.2643 Head 0 1.6 0.78 12.30001 314.1 0 0.09865184 -0.3876837 0.04177367 0.9155458
2.2643 FirstCar -48.55113 0.025 2.97 0 90 0 0 0.7071068 0 0.7071068 13.8889 0
2.2660 Head 0 1.6 0.78 12.30001 314.1 0 0.09865184 -0.3876837 0.04177367 0.9155458
2.2660 FirstCar -48.52752 0.025 2.97 0 90 0 0 0.7071068 0 0.7071068 13.8889 0
2.2683 Head 0 1.6 0.78 12.30001 314.1 0 0.09865184 -0.3876837 0.04177367 0.9155458
2.2683 FirstCar -48.49604 0.025 2.97 0 90 0 0 0.7071068 0 0.7071068 13.8889 0
2.2700 Head 0 1.6 0.78 12.30001 314.1 0 0.09865184 -0.3876837 0.04177367 0.9155458
2.2700 FirstCar -48.47154 0.025 2.97 0 90 0 0 0.7071068 0 0.7071068 13.8889 0
2.2717 Head 0 1.6 0.78 12.30001 314.1 0 0.09865184 -0.3876837 0.04177367 0.9155458
2.2717 FirstCar -48.44855 0.025 2.97 0 90 0 0 0.7071068 0 0.7071068 13.8889 0
2.2732 Head 0 1.6 0.78 12.30001 314.1 0 0.09865184 -0.3876837 0.04177367 0.9155458
2.2732 FirstCar -48.42747 0.025 2.97 0 90 0 0 0.7071068 0 0.7071068 13.8889 0
2.2746 Head 0 1.6 0.78 12.30001 314.1 0 0.09865184 -0.3876837 0.04177367 0.9155458
2.2746 FirstCar -48.40773 0.025 2.97 0 90 0 0 0.7071068 0 0.7071068 13.8889 0
2.2760 Head 0 1.6 0.78 12.30001 314.1 0 0.09865184 -0.3876837 0.04177367 0.9155458
2.2760 FirstCar -48.3886 0.025 2.97 0 90 0 0 0.7071068 0 0.7071068 13.8889 0
2.2774 Head 0 1.6 0.78 12.30001 314.1 0 0.09865184 -0.3876837 0.04177367 0.9155458
2.2774 FirstCar -48.36935 0.025 2.97 0 90 0 0 0.7071068 0 0.7071068 13.8889 0
2.2787 Head 0 1.6 0.78 12.30001 314.1 0 0.09865184 -0.3876837 0.04177367 0.9155458
2.2787 FirstCar -48.35076 0.025 2.97 0 90 0 0 0.7071068 0 0.7071068 13.8889 0
2.2801 Head 0 1.6 0.78 12.30001 314.1 0 0.09865184 -0.3876837 0.04177367 0.9155458
2.2801 FirstCar -48.33231 0.025 2.97 0 90 0 0 0.7071068 0 0.7071068 13.8889 0
2.2814 Head 0 1.6 0.78 12.30001 314.1 0 0.09865184 -0.3876837 0.04177367 0.9155458
2.2814 FirstCar -48.31362 0.025 2.97 0 90 0 0 0.7071068 0 0.7071068 13.8889 0
2.2829 Head 0 1.6 0.78 12.30001 314.1 0 0.09865184 -0.3876837 0.04177367 0.9155458
2.2829 FirstCar -48.29352 0.025 2.97 0 90 0 0 0.7071068 0 0.7071068 13.8889 0
2.2843 Head 0 1.6 0.78 12.30001 314.1 0 0.09865184 -0.3876837 0.04177367 0.9155458
2.2843 FirstCar -48.27304 0.025 2.97 0 90 0 0 0.7071068 0 0.7071068 13.8889 0
2.2859 Head 0 1.6 0.78 12.30001 314.1 0 0.09865184 -0.3876837 0.04177367 0.9155458
2.2859 FirstCar -48.2512 0.025 2.97 0 90 0 0 0.7071068 0 0.7071068 13.8889 0
2.2878 Head 0 1.6 0.78 12.30001 314.1 0 0.09865184 -0.3876837 0.04177367 0.9155458
2.2878 FirstCar -48.22471 0.025 2.97 0 90 0 0 0.7071068 0 0.7071068 13.8889 0
2.2894 Head 0 1.6 0.78 12.30001 314.1 0 0.09865184 -0.3876837 0.04177367 0.9155458
2.2894 FirstCar -48.20303 0.025 2.97 0 90 0 0 0.7071068 0 0.7071068 13.8889 0
2.2908 Head 0 1.6 0.78 12.30001 314.1 0 0.09865184 -0.3876837 0.04177367 0.9155458
2.2908 FirstCar -48.18395 0.025 2.97 0 90 0 0 0.7071068 0 0.7071068 13.8889 0
2.2921 Head 0 1.6 0.78 12.30001 314.1 0 0.09865184 -0.3876837 0.04177367 0.9155458
2.2921 FirstCar -48.1653 0.025 2.97 0 90 0 0 0.7071068 0 0.7071068 13.8889 0
2.2935 Head 0 1.6 0.78 12.30001 314.1 0 0.09865184 -0.3876837 0.04177367 0.9155458
2.2935 FirstCar -48.14638 0.025 2.97 0 90 0 0 0.7071068 0 0.7071068 13.8889 0
2.2948 Head 0 1.6 0.78 12.30001 314.1 0 0.09865184 -0.3876837 0.04177367 0.9155458
2.2948 FirstCar -48.12788 0.025 2.97 0 90 0 0 0.7071068 0 0.7071068 13.8889 0
2.2962 Head 0 1.6 0.78 12.30001 314.1 0 0.09865184 -0.3876837 0.04177367 0.9155458
2.2962 FirstCar -48.10816 0.025 2.97 0 90 0 0 0.7071068 0 0.7071068 13.8889 0
2.2976 Head 0 1.6 0.78 12.30001 314.1 0 0.09865184 -0.3876837 0.04177367 0.9155458
2.2976 FirstCar -48.08943 0.025 2.97 0 90 0 0 0.7071068 0 0.7071068 13.8889 0
2.2989 Head 0 1.6 0.78 12.30001 314.1 0 0.09865184 -0.3876837 0.04177367 0.9155458
2.2989 FirstCar -48.07104 0.025 2.97 0 90 0 0 0.7071068 0 0.7071068 13.8889 0
2.3002 Head 0 1.6 0.78 12.30001 314.1 0 0.09865184 -0.3876837 0.04177367 0.9155458
2.3002 FirstCar -48.05267 0.025 2.97 0 90 0 0 0.7071068 0 0.7071068 13.8889 0
2.3015 Head 0 1.6 0.78 12.30001 314.1 0 0.09865184 -0.3876837 0.04177367 0.9155458
2.3015 FirstCar -48.03407 0.025 2.97 0 90 0 0 0.7071068 0 0.7071068 13.8889 0
2.3030 Head 0 1.6 0.78 12.30001 314.1 0 0.09865184 -0.3876837 0.04177367 0.9155458
2.3030 FirstCar -48.01431 0.025 2.97 0 90 0 0 0.7071068 0 0.7071068 13.8889 0
2.3044 Head 0 1.6 0.78 12.30001 314.1 0 0.09865184 -0.3876837 0.04177367 0.9155458
2.3044 FirstCar -47.99463 0.025 2.97 0 90 0 0 0.7071068 0 0.7071068 13.8889 0
2.3058 Head 0 1.6 0.78 12.30001 314.1 0 0.09865184 -0.3876837 0.04177367 0.9155458
2.3058 FirstCar -47.97528 0.025 2.97 0 90 0 0 0.7071068 0 0.7071068 13.8889 0
2.3074 Head 0 1.6 0.78 12.30001 314.1 0 0.09865184 -0.3876837 0.04177367 0.9155458
2.3074 FirstCar -47.95285 0.025 2.97 0 90 0 0 0.7071068 0 0.7071068 13.8889 0
2.3088 Head 0 1.6 0.78 12.30001 314.1 0 0.09865184 -0.3876837 0.04177367 0.9155458
2.3088 FirstCar -47.93385 0.025 2.97 0 90 0 0 0.7071068 0 0.7071068 13.8889 0
2.3102 Head 0 1.6 0.78 12.30001 314.1 0 0.09865184 -0.3876837 0.04177367 0.9155458
2.3102 FirstCar -47.91414 0.025 2.97 0 90 0 0 0.7071068 0 0.7071068 13.8889 0
2.3116 Head 0 1.6 0.78 12.30001 314.1 0 0.09865184 -0.3876837 0.04177367 0.9155458
2.3116 FirstCar -47.89488 0.025 2.97 0 90 0 0 0.7071068 0 0.7071068 13.8889 0
2.3129 Head 0 1.6 0.78 12.30001 314.1 0 0.09865184 -0.3876837 0.04177367 0.9155458
2.3129 FirstCar -47.87577 0.025 2.97 0 90 0 0 0.7071068 0 0.7071068 13.8889 0
2.3144 Head 0 1.6 0.78 12.30001 314.1 0 0.09865184 -0.3876837 0.04177367 0.9155458
2.3144 FirstCar -47.85496 0.025 2.97 0 90 0 0 0.7071068 0 0.7071068 13.8889 0
2.3161 Head 0 1.6 0.78 12.30001 314.1 0 0.09865184 -0.3876837 0.04177367 0.9155458
2.3161 FirstCar -47.83252 0.025 2.97 0 90 0 0 0.7071068 0 0.7071068 13.8889 0
2.3176 Head 0 1.6 0.78 12.30001 314.1 0 0.09865184 -0.3876837 0.04177367 0.9155458
2.3176 FirstCar -47.81062 0.025 2.97 0 90 0 0 0.7071068 0 0.7071068 13.8889 0
2.3193 Head 0 1.6 0.78 12.30001 314.1 0 0.09865184 -0.3876837 0.04177367 0.9155458
2.3193 FirstCar -47.7871 0.025 2.97 0 90 0 0 0.7071068 0 0.7071068 13.8889 0
2.3209 Head 0 1.6 0.78 12.30001 314.1 0 0.09865184 -0.3876837 0.04177367 0.9155458
2.3209 FirstCar -47.76474 0.025 2.97 0 90 0 0 0.7071068 0 0.7071068 13.8889 0
2.3224 Head 0 1.6 0.78 12.30001 314.1 0 0.09865184 -0.3876837 0.04177367 0.9155458
2.3224 FirstCar -47.74405 0.025 2.97 0 90 0 0 0.7071068 0 0.7071068 13.8889 0
2.3239 Head 0 1.6 0.78 12.30001 314.1 0 0.09865184 -0.3876837 0.04177367 0.9155458
2.3239 FirstCar -47.72408 0.025 2.97 0 90 0 0 0.7071068 0 0.7071068 13.8889 0
2.3255 Head 0 1.6 0.78 12.30001 314.1 0 0.09865184 -0.3876837 0.04177367 0.9155458
2.3255 FirstCar -47.70164 0.025 2.97 0 90 0 0 0.7071068 0 0.7071068 13.8889 0
2.3275 Head 0 1.6 0.78 12.30001 314.1 0 0.09865184 -0.3876837 0.04177367 0.9155458
2.3275 FirstCar -47.67328 0.025 2.97 0 90 0 0 0.7071068 0 0.7071068 13.8889 0
2.3290 Head 0 1.6 0.78 12.30001 314.1 0 0.09865184 -0.3876837 0.04177367 0.9155458
2.3290 FirstCar -47.65213 0.025 2.97 0 90 0 0 0.7071068 0 0.7071068 13.8889 0
2.3306 Head 0 1.6 0.78 12.30001 314.1 0 0.09865184 -0.3876837 0.04177367 0.9155458
2.3306 FirstCar -47.63061 0.025 2.97 0 90 0 0 0.7071068 0 0.7071068 13.8889 0
2.3322 Head 0 1.6 0.78 12.30001 314.1 0 0.09865184 -0.3876837 0.04177367 0.9155458
2.3322 FirstCar -47.60785 0.025 2.97 0 90 0 0 0.7071068 0 0.7071068 13.8889 0
2.3338 Head 0 1.6 0.78 12.30001 314.1 0 0.09865184 -0.3876837 0.04177367 0.9155458
2.3338 FirstCar -47.58607 0.025 2.97 0 90 0 0 0.7071068 0 0.7071068 13.8889 0
2.3353 Head 0 1.6 0.78 12.30001 314.1 0 0.09865184 -0.3876837 0.04177367 0.9155458
2.3353 FirstCar -47.56483 0.025 2.97 0 90 0 0 0.7071068 0 0.7071068 13.8889 0
2.3370 Head 0 1.6 0.78 12.30001 314.1 0 0.09865184 -0.3876837 0.04177367 0.9155458
2.3370 FirstCar -47.54177 0.025 2.97 0 90 0 0 0.7071068 0 0.7071068 13.8889 0
2.3385 Head 0 1.6 0.78 12.30001 314.1 0 0.09865184 -0.3876837 0.04177367 0.9155458
2.3385 FirstCar -47.52025 0.025 2.97 0 90 0 0 0.7071068 0 0.7071068 13.8889 0
2.3400 Head 0 1.6 0.78 12.30001 314.1 0 0.09865184 -0.3876837 0.04177367 0.9155458
2.3400 FirstCar -47.50037 0.025 2.97 0 90 0 0 0.7071068 0 0.7071068 13.8889 0
2.3414 Head 0 1.6 0.78 12.30001 314.1 0 0.09865184 -0.3876837 0.04177367 0.9155458
2.3414 FirstCar -47.48061 0.025 2.97 0 90 0 0 0.7071068 0 0.7071068 13.8889 0
2.3428 Head 0 1.6 0.78 12.30001 314.1 0 0.09865184 -0.3876837 0.04177367 0.9155458
2.3428 FirstCar -47.46121 0.025 2.97 0 90 0 0 0.7071068 0 0.7071068 13.8889 0
2.3443 Head 0 1.6 0.78 12.30001 314.1 0 0.09865184 -0.3876837 0.04177367 0.9155458
2.3443 FirstCar -47.44053 0.025 2.97 0 90 0 0 0.7071068 0 0.7071068 13.8889 0
2.3458 Head 0 1.6 0.78 12.30001 314.1 0 0.09865184 -0.3876837 0.04177367 0.9155458
2.3458 FirstCar -47.41967 0.025 2.97 0 90 0 0 0.7071068 0 0.7071068 13.8889 0
2.3475 Head 0 1.6 0.78 12.30001 314.1 0 0.09865184 -0.3876837 0.04177367 0.9155458
2.3475 FirstCar -47.39523 0.025 2.97 0 90 0 0 0.7071068 0 0.7071068 13.8889 0
2.3492 Head 0 1.6 0.78 12.30001 314.1 0 0.09865184 -0.3876837 0.04177367 0.9155458
2.3492 FirstCar -47.37228 0.025 2.97 0 90 0 0 0.7071068 0 0.7071068 13.8889 0
2.3508 Head 0 1.6 0.78 12.30001 314.1 0 0.09865184 -0.3876837 0.04177367 0.9155458
2.3508 FirstCar -47.34927 0.025 2.97 0 90 0 0 0.7071068 0 0.7071068 13.8889 0
2.3524 Head 0 1.6 0.78 12.30001 314.1 0 0.09865184 -0.3876837 0.04177367 0.9155458
2.3524 FirstCar -47.32798 0.025 2.97 0 90 0 0 0.7071068 0 0.7071068 13.8889 0
2.3538 Head 0 1.6 0.78 12.30001 314.1 0 0.09865184 -0.3876837 0.04177367 0.9155458
2.3538 FirstCar -47.30814 0.025 2.97 0 90 0 0 0.7071068 0 0.7071068 13.8889 0
2.3552 Head 0 1.6 0.78 12.30001 314.1 0 0.09865184 -0.3876837 0.04177367 0.9155458
2.3552 FirstCar -47.28867 0.025 2.97 0 90 0 0 0.7071068 0 0.7071068 13.8889 0
2.3566 Head 0 1.6 0.78 12.30001 314.1 0 0.09865184 -0.3876837 0.04177367 0.9155458
2.3566 FirstCar -47.26881 0.025 2.97 0 90 0 0 0.7071068 0 0.7071068 13.8889 0
2.3581 Head 0 1.6 0.78 12.30001 314.1 0 0.09865184 -0.3876837 0.04177367 0.9155458
2.3581 FirstCar -47.2489 0.025 2.97 0 90 0 0 0.7071068 0 0.7071068 13.8889 0
2.3595 Head 0 1.6 0.78 12.30001 314.1 0 0.09865184 -0.3876837 0.04177367 0.9155458
2.3595 FirstCar -47.2298 0.025 2.97 0 90 0 0 0.7071068 0 0.7071068 13.8889 0
2.3608 Head 0 1.6 0.78 12.30001 314.1 0 0.09865184 -0.3876837 0.04177367 0.9155458
2.3608 FirstCar -47.21086 0.025 2.97 0 90 0 0 0.7071068 0 0.7071068 13.8889 0
2.3622 Head 0 1.6 0.78 12.30001 314.1 0 0.09865184 -0.3876837 0.04177367 0.9155458
2.3622 FirstCar -47.19165 0.025 2.97 0 90 0 0 0.7071068 0 0.7071068 13.8889 0
2.3635 Head 0 1.6 0.78 12.30001 314.1 0 0.09865184 -0.3876837 0.04177367 0.9155458
2.3635 FirstCar -47.17291 0.025 2.97 0 90 0 0 0.7071068 0 0.7071068 13.8889 0
2.3649 Head 0 1.6 0.78 12.30001 314.1 0 0.09865184 -0.3876837 0.04177367 0.9155458
2.3649 FirstCar -47.15421 0.025 2.97 0 90 0 0 0.7071068 0 0.7071068 13.8889 0
2.3666 Head 0 1.6 0.78 12.30001 314.1 0 0.09865184 -0.3876837 0.04177367 0.9155458
2.3666 FirstCar -47.12981 0.025 2.97 0 90 0 0 0.7071068 0 0.7071068 13.8889 0
2.3681 Head 0 1.6 0.78 12.30001 314.1 0 0.09865184 -0.3876837 0.04177367 0.9155458
2.3681 FirstCar -47.11027 0.025 2.97 0 90 0 0 0.7071068 0 0.7071068 13.8889 0
2.3694 Head 0 1.6 0.78 12.30001 314.1 0 0.09865184 -0.3876837 0.04177367 0.9155458
2.3694 FirstCar -47.09131 0.025 2.97 0 90 0 0 0.7071068 0 0.7071068 13.8889 0
2.3709 Head 0 1.6 0.78 12.30001 314.1 0 0.09865184 -0.3876837 0.04177367 0.9155458
2.3709 FirstCar -47.07061 0.025 2.97 0 90 0 0 0.7071068 0 0.7071068 13.8889 0
2.3723 Head 0 1.6 0.78 12.30001 314.1 0 0.09865184 -0.3876837 0.04177367 0.9155458
2.3723 FirstCar -47.05174 0.025 2.97 0 90 0 0 0.7071068 0 0.7071068 13.8889 0
2.3737 Head 0 1.6 0.78 12.30001 314.1 0 0.09865184 -0.3876837 0.04177367 0.9155458
2.3737 FirstCar -47.03211 0.025 2.97 0 90 0 0 0.7071068 0 0.7071068 13.8889 0
2.3751 Head 0 1.6 0.78 12.30001 314.1 0 0.09865184 -0.3876837 0.04177367 0.9155458
2.3751 FirstCar -47.01303 0.025 2.97 0 90 0 0 0.7071068 0 0.7071068 13.8889 0
2.3764 Head 0 1.6 0.78 12.30001 314.1 0 0.09865184 -0.3876837 0.04177367 0.9155458
2.3764 FirstCar -46.99413 0.025 2.97 0 90 0 0 0.7071068 0 0.7071068 13.8889 0
2.3778 Head 0 1.6 0.78 12.30001 314.1 0 0.09865184 -0.3876837 0.04177367 0.9155458
2.3778 FirstCar -46.97559 0.025 2.97 0 90 0 0 0.7071068 0 0.7071068 13.8889 0
2.3791 Head 0 1.6 0.78 12.30001 314.1 0 0.09865184 -0.3876837 0.04177367 0.9155458
2.3791 FirstCar -46.95687 0.025 2.97 0 90 0 0 0.7071068 0 0.7071068 13.8889 0
2.3804 Head 0 1.6 0.78 12.30001 314.1 0 0.09865184 -0.3876837 0.04177367 0.9155458
2.3804 FirstCar -46.93847 0.025 2.97 0 90 0 0 0.7071068 0 0.7071068 13.8889 0
2.3818 Head 0 1.6 0.78 12.30001 314.1 0 0.09865184 -0.3876837 0.04177367 0.9155458
2.3818 FirstCar -46.91983 0.025 2.97 0 90 0 0 0.7071068 0 0.7071068 13.8889 0
2.3831 Head 0 1.6 0.78 12.30001 314.1 0 0.09865184 -0.3876837 0.04177367 0.9155458
2.3831 FirstCar -46.90139 0.025 2.97 0 90 0 0 0.7071068 0 0.7071068 13.8889 0
2.3844 Head 0 1.6 0.78 12.30001 314.1 0 0.09865184 -0.3876837 0.04177367 0.9155458
2.3844 FirstCar -46.88316 0.025 2.97 0 90 0 0 0.7071068 0 0.7071068 13.8889 0
2.3859 Head 0 1.6 0.78 12.30001 314.1 0 0.09865184 -0.3876837 0.04177367 0.9155458
2.3859 FirstCar -46.86305 0.025 2.97 0 90 0 0 0.7071068 0 0.7071068 13.8889 0
2.3876 Head 0 1.6 0.78 12.30001 314.1 0 0.09865184 -0.3876837 0.04177367 0.9155458
2.3876 FirstCar -46.83852 0.025 2.97 0 90 0 0 0.7071068 0 0.7071068 13.8889 0
2.3894 Head 0 1.6 0.78 12.30001 314.1 0 0.09865184 -0.3876837 0.04177367 0.9155458
2.3894 FirstCar -46.8141 0.025 2.97 0 90 0 0 0.7071068 0 0.7071068 13.8889 0
2.3910 Head 0 1.6 0.78 12.30001 314.1 0 0.09865184 -0.3876837 0.04177367 0.9155458
2.3910 FirstCar -46.79173 0.025 2.97 0 90 0 0 0.7071068 0 0.7071068 13.8889 0
2.3926 Head 0 1.6 0.78 12.30001 314.1 0 0.09865184 -0.3876837 0.04177367 0.9155458
2.3926 FirstCar -46.76942 0.025 2.97 0 90 0 0 0.7071068 0 0.7071068 13.8889 0
2.3946 Head 0 1.6 0.78 12.30001 314.1 0 0.09865184 -0.3876837 0.04177367 0.9155458
2.3946 FirstCar -46.74189 0.025 2.97 0 90 0 0 0.7071068 0 0.7071068 13.8889 0
2.3964 Head 0 1.6 0.78 12.30001 314.1 0 0.09865184 -0.3876837 0.04177367 0.9155458
2.3964 FirstCar -46.71651 0.025 2.97 0 90 0 0 0.7071068 0 0.7071068 13.8889 0
2.3980 Head 0 1.6 0.78 12.30001 314.1 0 0.09865184 -0.3876837 0.04177367 0.9155458
2.3980 FirstCar -46.69375 0.025 2.97 0 90 0 0 0.7071068 0 0.7071068 13.8889 0
2.3999 Head 0 1.6 0.78 12.30001 314.1 0 0.09865184 -0.3876837 0.04177367 0.9155458
2.3999 FirstCar -46.66746 0.025 2.97 0 90 0 0 0.7071068 0 0.7071068 13.8889 0
2.4016 Head 0 1.6 0.78 12.30001 314.1 0 0.09865184 -0.3876837 0.04177367 0.9155458
2.4016 FirstCar -46.64418 0.025 2.97 0 90 0 0 0.7071068 0 0.7071068 13.8889 0
2.4033 Head 0 1.6 0.78 12.30001 314.1 0 0.09865184 -0.3876837 0.04177367 0.9155458
2.4033 FirstCar -46.62116 0.025 2.97 0 90 0 0 0.7071068 0 0.7071068 13.8889 0
2.4049 Head 0 1.6 0.78 12.30001 314.1 0 0.09865184 -0.3876837 0.04177367 0.9155458
2.4049 FirstCar -46.59841 0.025 2.97 0 90 0 0 0.7071068 0 0.7071068 13.8889 0
2.4068 Head 0 1.6 0.78 12.30001 314.1 0 0.09865184 -0.3876837 0.04177367 0.9155458
2.4068 FirstCar -46.57283 0.025 2.97 0 90 0 0 0.7071068 0 0.7071068 13.8889 0
2.4082 Head 0 1.6 0.78 12.30001 314.1 0 0.09865184 -0.3876837 0.04177367 0.9155458
2.4082 FirstCar -46.55213 0.025 2.97 0 90 0 0 0.7071068 0 0.7071068 13.8889 0
2.4096 Head 0 1.6 0.78 12.30001 314.1 0 0.09865184 -0.3876837 0.04177367 0.9155458
2.4096 FirstCar -46.53264 0.025 2.97 0 90 0 0 0.7071068 0 0.7071068 13.8889 0
2.4110 Head 0 1.6 0.78 12.30001 314.1 0 0.09865184 -0.3876837 0.04177367 0.9155458
2.4110 FirstCar -46.51367 0.025 2.97 0 90 0 0 0.7071068 0 0.7071068 13.8889 0
2.4123 Head 0 1.6 0.78 12.30001 314.1 0 0.09865184 -0.3876837 0.04177367 0.9155458
2.4123 FirstCar -46.49532 0.025 2.97 0 90 0 0 0.7071068 0 0.7071068 13.8889 0
2.4137 Head 0 1.6 0.78 12.30001 314.1 0 0.09865184 -0.3876837 0.04177367 0.9155458
2.4137 FirstCar -46.47631 0.025 2.97 0 90 0 0 0.7071068 0 0.7071068 13.8889 0
2.4150 Head 0 1.6 0.78 12.30001 314.1 0 0.09865184 -0.3876837 0.04177367 0.9155458
2.4150 FirstCar -46.45771 0.025 2.97 0 90 0 0 0.7071068 0 0.7071068 13.8889 0
2.4164 Head 0 1.6 0.78 12.30001 314.1 0 0.09865184 -0.3876837 0.04177367 0.9155458
2.4164 FirstCar -46.43853 0.025 2.97 0 90 0 0 0.7071068 0 0.7071068 13.8889 0
2.4177 Head 0 1.6 0.78 12.30001 314.1 0 0.09865184 -0.3876837 0.04177367 0.9155458
2.4177 FirstCar -46.42013 0.025 2.97 0 90 0 0 0.7071068 0 0.7071068 13.8889 0
2.4192 Head 0 1.6 0.78 12.30001 314.1 0 0.09865184 -0.3876837 0.04177367 0.9155458
2.4192 FirstCar -46.40004 0.025 2.97 0 90 0 0 0.7071068 0 0.7071068 13.8889 0
2.4207 Head 0 1.6 0.78 12.30001 314.1 0 0.09865184 -0.3876837 0.04177367 0.9155458
2.4207 FirstCar -46.37921 0.025 2.97 0 90 0 0 0.7071068 0 0.7071068 13.8889 0
2.4221 Head 0 1.6 0.78 12.30001 314.1 0 0.09865184 -0.3876837 0.04177367 0.9155458
2.4221 FirstCar -46.35934 0.025 2.97 0 90 0 0 0.7071068 0 0.7071068 13.8889 0
2.4235 Head 0 1.6 0.78 12.30001 314.1 0 0.09865184 -0.3876837 0.04177367 0.9155458
2.4235 FirstCar -46.34044 0.025 2.97 0 90 0 0 0.7071068 0 0.7071068 13.8889 0
2.4250 Head 0 1.6 0.78 12.30001 314.1 0 0.09865184 -0.3876837 0.04177367 0.9155458
2.4250 FirstCar -46.31887 0.025 2.97 0 90 0 0 0.7071068 0 0.7071068 13.8889 0
2.4272 Head 0 1.6 0.78 12.30001 314.1 0 0.09865184 -0.3876837 0.04177367 0.9155458
2.4272 FirstCar -46.28819 0.025 2.97 0 90 0 0 0.7071068 0 0.7071068 13.8889 0
2.4290 Head 0 1.6 0.78 12.30001 314.1 0 0.09865184 -0.3876837 0.04177367 0.9155458
2.4290 FirstCar -46.26445 0.025 2.97 0 90 0 0 0.7071068 0 0.7071068 13.8889 0
2.4306 Head 0 1.6 0.78 12.30001 314.1 0 0.09865184 -0.3876837 0.04177367 0.9155458
2.4306 FirstCar -46.24174 0.025 2.97 0 90 0 0 0.7071068 0 0.7071068 13.8889 0
2.4321 Head 0 1.6 0.78 12.30001 314.1 0 0.09865184 -0.3876837 0.04177367 0.9155458
2.4321 FirstCar -46.22076 0.025 2.97 0 90 0 0 0.7071068 0 0.7071068 13.8889 0
2.4336 Head 0 1.6 0.78 12.30001 314.1 0 0.09865184 -0.3876837 0.04177367 0.9155458
2.4336 FirstCar -46.20057 0.025 2.97 0 90 0 0 0.7071068 0 0.7071068 13.8889 0
2.4350 Head 0 1.6 0.78 12.30001 314.1 0 0.09865184 -0.3876837 0.04177367 0.9155458
2.4350 FirstCar -46.18066 0.025 2.97 0 90 0 0 0.7071068 0 0.7071068 13.8889 0
2.4365 Head 0 1.6 0.78 12.30001 314.1 0 0.09865184 -0.3876837 0.04177367 0.9155458
2.4365 FirstCar -46.15993 0.025 2.97 0 90 0 0 0.7071068 0 0.7071068 13.8889 0
2.4379 Head 0 1.6 0.78 12.30001 314.1 0 0.09865184 -0.3876837 0.04177367 0.9155458
2.4379 FirstCar -46.14035 0.025 2.97 0 90 0 0 0.7071068 0 0.7071068 13.8889 0
2.4393 Head 0 1.6 0.78 12.30001 314.1 0 0.09865184 -0.3876837 0.04177367 0.9155458
2.4393 FirstCar -46.12114 0.025 2.97 0 90 0 0 0.7071068 0 0.7071068 13.8889 0
2.4407 Head 0 1.6 0.78 12.30001 314.1 0 0.09865184 -0.3876837 0.04177367 0.9155458
2.4407 FirstCar -46.10098 0.025 2.97 0 90 0 0 0.7071068 0 0.7071068 13.8889 0
2.4421 Head 0 1.6 0.78 12.30001 314.1 0 0.09865184 -0.3876837 0.04177367 0.9155458
2.4421 FirstCar -46.08189 0.025 2.97 0 90 0 0 0.7071068 0 0.7071068 13.8889 0
2.4434 Head 0 1.6 0.78 12.30001 314.1 0 0.09865184 -0.3876837 0.04177367 0.9155458
2.4434 FirstCar -46.06369 0.025 2.97 0 90 0 0 0.7071068 0 0.7071068 13.8889 0
2.4448 Head 0 1.6 0.78 12.30001 314.1 0 0.09865184 -0.3876837 0.04177367 0.9155458
2.4448 FirstCar -46.0449 0.025 2.97 0 90 0 0 0.7071068 0 0.7071068 13.8889 0
2.4461 Head 0 1.6 0.78 12.30001 314.1 0 0.09865184 -0.3876837 0.04177367 0.9155458
2.4461 FirstCar -46.02591 0.025 2.97 0 90 0 0 0.7071068 0 0.7071068 13.8889 0
2.4477 Head 0 1.6 0.78 12.30001 314.1 0 0.09865184 -0.3876837 0.04177367 0.9155458
2.4477 FirstCar -46.00386 0.025 2.97 0 90 0 0 0.7071068 0 0.7071068 13.8889 0
2.4492 Head 0 1.6 0.78 12.30001 314.1 0 0.09865184 -0.3876837 0.04177367 0.9155458
2.4492 FirstCar -45.98371 0.025 2.97 0 90 0 0 0.7071068 0 0.7071068 13.8889 0
2.4505 Head 0 1.6 0.78 12.30001 314.1 0 0.09865184 -0.3876837 0.04177367 0.9155458
2.4505 FirstCar -45.96515 0.025 2.97 0 90 0 0 0.7071068 0 0.7071068 13.8889 0
2.4518 Head 0 1.6 0.78 12.30001 314.1 0 0.09865184 -0.3876837 0.04177367 0.9155458
2.4518 FirstCar -45.94668 0.025 2.97 0 90 0 0 0.7071068 0 0.7071068 13.8889 0
2.4532 Head 0 1.6 0.78 12.30001 314.1 0 0.09865184 -0.3876837 0.04177367 0.9155458
2.4532 FirstCar -45.92815 0.025 2.97 0 90 0 0 0.7071068 0 0.7071068 13.8889 0
2.4545 Head 0 1.6 0.78 12.30001 314.1 0 0.09865184 -0.3876837 0.04177367 0.9155458
2.4545 FirstCar -45.90898 0.025 2.97 0 90 0 0 0.7071068 0 0.7071068 13.8889 0
2.4561 Head 0 1.6 0.78 12.30001 314.1 0 0.09865184 -0.3876837 0.04177367 0.9155458
2.4561 FirstCar -45.8878 0.025 2.97 0 90 0 0 0.7071068 0 0.7071068 13.8889 0
2.4577 Head 0 1.6 0.78 12.30001 314.1 0 0.09865184 -0.3876837 0.04177367 0.9155458
2.4577 FirstCar -45.86498 0.025 2.97 0 90 0 0 0.7071068 0 0.7071068 13.8889 0
2.4593 Head 0 1.6 0.78 12.30001 314.1 0 0.09865184 -0.3876837 0.04177367 0.9155458
2.4593 FirstCar -45.84341 0.025 2.97 0 90 0 0 0.7071068 0 0.7071068 13.8889 0
2.4607 Head 0 1.6 0.78 12.30001 314.1 0 0.09865184 -0.3876837 0.04177367 0.9155458
2.4607 FirstCar -45.82336 0.025 2.97 0 90 0 0 0.7071068 0 0.7071068 13.8889 0
2.4621 Head 0 1.6 0.78 12.30001 314.1 0 0.09865184 -0.3876837 0.04177367 0.9155458
2.4621 FirstCar -45.80435 0.025 2.97 0 90 0 0 0.7071068 0 0.7071068 13.8889 0
2.4636 Head 0 1.6 0.78 12.30001 314.1 0 0.09865184 -0.3876837 0.04177367 0.9155458
2.4636 FirstCar -45.78336 0.025 2.97 0 90 0 0 0.7071068 0 0.7071068 13.8889 0
2.4655 Head 0 1.6 0.78 12.30001 314.1 0 0.09865184 -0.3876837 0.04177367 0.9155458
2.4655 FirstCar -45.75677 0.025 2.97 0 90 0 0 0.7071068 0 0.7071068 13.8889 0
2.4677 Head 0 1.6 0.78 12.30001 314.1 0 0.09865184 -0.3876837 0.04177367 0.9155458
2.4677 FirstCar -45.72683 0.025 2.97 0 90 0 0 0.7071068 0 0.7071068 13.8889 0
2.4692 Head 0 1.6 0.78 12.30001 314.1 0 0.09865184 -0.3876837 0.04177367 0.9155458
2.4692 FirstCar -45.7051 0.025 2.97 0 90 0 0 0.7071068 0 0.7071068 13.8889 0
2.4710 Head 0 1.6 0.78 12.30001 314.1 0 0.09865184 -0.3876837 0.04177367 0.9155458
2.4710 FirstCar -45.68084 0.025 2.97 0 90 0 0 0.7071068 0 0.7071068 13.8889 0
2.4727 Head 0 1.6 0.78 12.30001 314.1 0 0.09865184 -0.3876837 0.04177367 0.9155458
2.4727 FirstCar -45.65717 0.025 2.97 0 90 0 0 0.7071068 0 0.7071068 13.8889 0
2.4746 Head 0 1.6 0.78 12.30001 314.1 0 0.09865184 -0.3876837 0.04177367 0.9155458
2.4746 FirstCar -45.63005 0.025 2.97 0 90 0 0 0.7071068 0 0.7071068 13.8889 0
2.4765 Head 0 1.6 0.78 12.30001 314.1 0 0.09865184 -0.3876837 0.04177367 0.9155458
2.4765 FirstCar -45.60466 0.025 2.97 0 90 0 0 0.7071068 0 0.7071068 13.8889 0
2.4780 Head 0 1.6 0.78 12.30001 314.1 0 0.09865184 -0.3876837 0.04177367 0.9155458
2.4780 FirstCar -45.58302 0.025 2.97 0 90 0 0 0.7071068 0 0.7071068 13.8889 0
2.4794 Head 0 1.6 0.78 12.30001 314.1 0 0.09865184 -0.3876837 0.04177367 0.9155458
2.4794 FirstCar -45.56392 0.025 2.97 0 90 0 0 0.7071068 0 0.7071068 13.8889 0
2.4808 Head 0 1.6 0.78 12.30001 314.1 0 0.09865184 -0.3876837 0.04177367 0.9155458
2.4808 FirstCar -45.54406 0.025 2.97 0 90 0 0 0.7071068 0 0.7071068 13.8889 0
2.4822 Head 0 1.6 0.78 12.30001 314.1 0 0.09865184 -0.3876837 0.04177367 0.9155458
2.4822 FirstCar -45.52529 0.025 2.97 0 90 0 0 0.7071068 0 0.7071068 13.8889 0
2.4835 Head 0 1.6 0.78 12.30001 314.1 0 0.09865184 -0.3876837 0.04177367 0.9155458
2.4835 FirstCar -45.5069 0.025 2.97 0 90 0 0 0.7071068 0 0.7071068 13.8889 0
2.4849 Head 0 1.6 0.78 12.30001 314.1 0 0.09865184 -0.3876837 0.04177367 0.9155458
2.4849 FirstCar -45.48805 0.025 2.97 0 90 0 0 0.7071068 0 0.7071068 13.8889 0
2.4866 Head 0 1.6 0.78 12.30001 314.1 0 0.09865184 -0.3876837 0.04177367 0.9155458
2.4866 FirstCar -45.46347 0.025 2.97 0 90 0 0 0.7071068 0 0.7071068 13.8889 0
2.4881 Head 0 1.6 0.78 12.30001 314.1 0 0.09865184 -0.3876837 0.04177367 0.9155458
2.4881 FirstCar -45.44365 0.025 2.97 0 90 0 0 0.7071068 0 0.7071068 13.8889 0
2.4895 Head 0 1.6 0.78 12.30001 314.1 0 0.09865184 -0.3876837 0.04177367 0.9155458
2.4895 FirstCar -45.42352 0.025 2.97 0 90 0 0 0.7071068 0 0.7071068 13.8889 0
2.4910 Head 0 1.6 0.78 12.30001 314.1 0 0.09865184 -0.3876837 0.04177367 0.9155458
2.4910 FirstCar -45.40308 0.025 2.97 0 90 0 0 0.7071068 0 0.7071068 13.8889 0
2.4924 Head 0 1.6 0.78 12.30001 314.1 0 0.09865184 -0.3876837 0.04177367 0.9155458
2.4924 FirstCar -45.3835 0.025 2.97 0 90 0 0 0.7071068 0 0.7071068 13.8889 0
2.4939 Head 0 1.6 0.78 12.30001 314.1 0 0.09865184 -0.3876837 0.04177367 0.9155458
2.4939 FirstCar -45.36253 0.025 2.97 0 90 0 0 0.7071068 0 0.7071068 13.8889 0
2.4955 Head 0 1.6 0.78 12.30001 314.1 0 0.09865184 -0.3876837 0.04177367 0.9155458
2.4955 FirstCar -45.33979 0.025 2.97 0 90 0 0 0.7071068 0 0.7071068 13.8889 0
2.4970 Head 0 1.6 0.78 12.30001 314.1 0 0.09865184 -0.3876837 0.04177367 0.9155458
2.4970 FirstCar -45.31887 0.025 2.97 0 90 0 0 0.7071068 0 0.7071068 13.8889 0
2.4986 Head 0 1.6 0.78 12.30001 314.1 0 0.09865184 -0.3876837 0.04177367 0.9155458
2.4986 FirstCar -45.29782 0.025 2.97 0 90 0 0 0.7071068 0 0.7071068 13.8889 0
2.5000 Head 0 1.6 0.78 12.30001 314.1 0 0.09865184 -0.3876837 0.04177367 0.9155458
2.5000 FirstCar -45.27787 0.025 2.97 0 90 0 0 0.7071068 0 0.7071068 13.8889 0
2.5013 Head 0 1.6 0.78 12.30001 314.1 0 0.09865184 -0.3876837 0.04177367 0.9155458
2.5013 FirstCar -45.25965 0.025 2.97 0 90 0 0 0.7071068 0 0.7071068 13.8889 0
2.5027 Head 0 1.6 0.78 12.30001 314.1 0 0.09865184 -0.3876837 0.04177367 0.9155458
2.5027 FirstCar -45.24035 0.025 2.97 0 90 0 0 0.7071068 0 0.7071068 13.8889 0
2.5041 Head 0 1.6 0.78 12.30001 314.1 0 0.09865184 -0.3876837 0.04177367 0.9155458
2.5041 FirstCar -45.22103 0.025 2.97 0 90 0 0 0.7071068 0 0.7071068 13.8889 0
2.5055 Head 0 1.6 0.78 12.30001 314.1 0 0.09865184 -0.3876837 0.04177367 0.9155458
2.5055 FirstCar -45.20148 0.025 2.97 0 90 0 0 0.7071068 0 0.7071068 13.8889 0
2.5071 Head 0 1.6 0.78 12.30001 314.1 0 0.09865184 -0.3876837 0.04177367 0.9155458
2.5071 FirstCar -45.17884 0.025 2.97 0 90 0 0 0.7071068 0 0.7071068 13.8889 0
2.5086 Head 0 1.6 0.78 12.30001 314.1 0 0.09865184 -0.3876837 0.04177367 0.9155458
2.5086 FirstCar -45.15893 0.025 2.97 0 90 0 0 0.7071068 0 0.7071068 13.8889 0
2.5099 Head 0 1.6 0.78 12.30001 314.1 0 0.09865184 -0.3876837 0.04177367 0.9155458
2.5099 FirstCar -45.14006 0.025 2.97 0 90 0 0 0.7071068 0 0.7071068 13.8889 0
2.5112 Head 0 1.6 0.78 12.30001 314.1 0 0.09865184 -0.3876837 0.04177367 0.9155458
2.5112 FirstCar -45.1216 0.025 2.97 0 90 0 0 0.7071068 0 0.7071068 13.8889 0
2.5127 Head 0 1.6 0.78 12.30001 314.1 0 0.09865184 -0.3876837 0.04177367 0.9155458
2.5127 FirstCar -45.10077 0.025 2.97 0 90 0 0 0.7071068 0 0.7071068 13.8889 0
2.5141 Head 0 1.6 0.78 12.30001 314.1 0 0.09865184 -0.3876837 0.04177367 0.9155458
2.5141 FirstCar -45.08245 0.025 2.97 0 90 0 0 0.7071068 0 0.7071068 13.8889 0
2.5154 Head 0 1.6 0.78 12.30001 314.1 0 0.09865184 -0.3876837 0.04177367 0.9155458
2.5154 FirstCar -45.06335 0.025 2.97 0 90 0 0 0.7071068 0 0.7071068 13.8889 0
2.5168 Head 0 1.6 0.78 12.30001 314.1 0 0.09865184 -0.3876837 0.04177367 0.9155458
2.5168 FirstCar -45.04407 0.025 2.97 0 90 0 0 0.7071068 0 0.7071068 13.8889 0
2.5182 Head 0 1.6 0.78 12.30001 314.1 0 0.09865184 -0.3876837 0.04177367 0.9155458
2.5182 FirstCar -45.02481 0.025 2.97 0 90 0 0 0.7071068 0 0.7071068 13.8889 0
2.5196 Head 0 1.6 0.78 12.30001 314.1 0 0.09865184 -0.3876837 0.04177367 0.9155458
2.5196 FirstCar -45.00484 0.025 2.97 0 90 0 0 0.7071068 0 0.7071068 13.8889 0
2.5211 Head 0 1.6 0.78 12.30001 314.1 0 0.09865184 -0.3876837 0.04177367 0.9155458
2.5211 FirstCar -44.98498 0.025 2.97 0 90 0 0 0.7071068 0 0.7071068 13.8889 0
2.5225 Head 0 1.6 0.78 12.30001 314.1 0 0.09865184 -0.3876837 0.04177367 0.9155458
2.5225 FirstCar -44.96493 0.025 2.97 0 90 0 0 0.7071068 0 0.7071068 13.8889 0
2.5242 Head 0 1.6 0.78 12.30001 314.1 0 0.09865184 -0.3876837 0.04177367 0.9155458
2.5242 FirstCar -44.94144 0.025 2.97 0 90 0 0 0.7071068 0 0.7071068 13.8889 0
2.5261 Head 0 1.6 0.78 12.30001 314.1 0 0.09865184 -0.3876837 0.04177367 0.9155458
2.5261 FirstCar -44.91553 0.025 2.97 0 90 0 0 0.7071068 0 0.7071068 13.8889 0
2.5280 Head 0 1.6 0.78 12.30001 314.1 0 0.09865184 -0.3876837 0.04177367 0.9155458
2.5280 FirstCar -44.889 0.025 2.97 0 90 0 0 0.7071068 0 0.7071068 13.8889 0
2.5297 Head 0 1.6 0.78 12.30001 314.1 0 0.09865184 -0.3876837 0.04177367 0.9155458
2.5297 FirstCar -44.86496 0.025 2.97 0 90 0 0 0.7071068 0 0.7071068 13.8889 0
2.5313 Head 0 1.6 0.78 12.30001 314.1 0 0.09865184 -0.3876837 0.04177367 0.9155458
2.5313 FirstCar -44.84309 0.025 2.97 0 90 0 0 0.7071068 0 0.7071068 13.8889 0
2.5328 Head 0 1.6 0.78 12.30001 314.1 0 0.09865184 -0.3876837 0.04177367 0.9155458
2.5328 FirstCar -44.82236 0.025 2.97 0 90 0 0 0.7071068 0 0.7071068 13.8889 0
2.5343 Head 0 1.6 0.78 12.30001 314.1 0 0.09865184 -0.3876837 0.04177367 0.9155458
2.5343 FirstCar -44.80139 0.025 2.97 0 90 0 0 0.7071068 0 0.7071068 13.8889 0
2.5359 Head 0 1.6 0.78 12.30001 314.1 0 0.09865184 -0.3876837 0.04177367 0.9155458
2.5359 FirstCar -44.77849 0.025 2.97 0 90 0 0 0.7071068 0 0.7071068 13.8889 0
2.5376 Head 0 1.6 0.78 12.30001 314.1 0 0.09865184 -0.3876837 0.04177367 0.9155458
2.5376 FirstCar -44.75504 0.025 2.97 0 90 0 0 0.7071068 0 0.7071068 13.8889 0
2.5392 Head 0 1.6 0.78 12.30001 314.1 0 0.09865184 -0.3876837 0.04177367 0.9155458
2.5392 FirstCar -44.73329 0.025 2.97 0 90 0 0 0.7071068 0 0.7071068 13.8889 0
2.5407 Head 0 1.6 0.78 12.30001 314.1 0 0.09865184 -0.3876837 0.04177367 0.9155458
2.5407 FirstCar -44.71233 0.025 2.97 0 90 0 0 0.7071068 0 0.7071068 13.8889 0
2.5421 Head 0 1.6 0.78 12.30001 314.1 0 0.09865184 -0.3876837 0.04177367 0.9155458
2.5421 FirstCar -44.69232 0.025 2.97 0 90 0 0 0.7071068 0 0.7071068 13.8889 0
2.5435 Head 0 1.6 0.78 12.30001 314.1 0 0.09865184 -0.3876837 0.04177367 0.9155458
2.5435 FirstCar -44.6729 0.025 2.97 0 90 0 0 0.7071068 0 0.7071068 13.8889 0
2.5451 Head 0 1.6 0.78 12.30001 314.1 0 0.09865184 -0.3876837 0.04177367 0.9155458
2.5451 FirstCar -44.6519 0.025 2.97 0 90 0 0 0.7071068 0 0.7071068 13.8889 0
2.5467 Head 0 1.6 0.78 12.30001 314.1 0 0.09865184 -0.3876837 0.04177367 0.9155458
2.5467 FirstCar -44.62974 0.025 2.97 0 90 0 0 0.7071068 0 0.7071068 13.8889 0
2.5481 Head 0 1.6 0.78 12.30001 314.1 0 0.09865184 -0.3876837 0.04177367 0.9155458
2.5481 FirstCar -44.60933 0.025 2.97 0 90 0 0 0.7071068 0 0.7071068 13.8889 0
2.5495 Head 0 1.6 0.78 12.30001 314.1 0 0.09865184 -0.3876837 0.04177367 0.9155458
2.5495 FirstCar -44.58973 0.025 2.97 0 90 0 0 0.7071068 0 0.7071068 13.8889 0
2.5510 Head 0 1.6 0.78 12.30001 314.1 0 0.09865184 -0.3876837 0.04177367 0.9155458
2.5510 FirstCar -44.57008 0.025 2.97 0 90 0 0 0.7071068 0 0.7071068 13.8889 0
2.5523 Head 0 1.6 0.78 12.30001 314.1 0 0.09865184 -0.3876837 0.04177367 0.9155458
2.5523 FirstCar -44.55079 0.025 2.97 0 90 0 0 0.7071068 0 0.7071068 13.8889 0
2.5538 Head 0 1.6 0.78 12.30001 314.1 0 0.09865184 -0.3876837 0.04177367 0.9155458
2.5538 FirstCar -44.52993 0.025 2.97 0 90 0 0 0.7071068 0 0.7071068 13.8889 0
2.5554 Head 0 1.6 0.78 12.30001 314.1 0 0.09865184 -0.3876837 0.04177367 0.9155458
2.5554 FirstCar -44.50856 0.025 2.97 0 90 0 0 0.7071068 0 0.7071068 13.8889 0
2.5569 Head 0 1.6 0.78 12.30001 314.1 0 0.09865184 -0.3876837 0.04177367 0.9155458
2.5569 FirstCar -44.4871 0.025 2.97 0 90 0 0 0.7071068 0 0.7071068 13.8889 0
2.5585 Head 0 1.6 0.78 12.30001 314.1 0 0.09865184 -0.3876837 0.04177367 0.9155458
2.5585 FirstCar -44.46455 0.025 2.97 0 90 0 0 0.7071068 0 0.7071068 13.8889 0
2.5601 Head 0 1.6 0.78 12.30001 314.1 0 0.09865184 -0.3876837 0.04177367 0.9155458
2.5601 FirstCar -44.44307 0.025 2.97 0 90 0 0 0.7071068 0 0.7071068 13.8889 0
2.5615 Head 0 1.6 0.78 12.30001 314.1 0 0.09865184 -0.3876837 0.04177367 0.9155458
2.5615 FirstCar -44.4234 0.025 2.97 0 90 0 0 0.7071068 0 0.7071068 13.8889 0
2.5629 Head 0 1.6 0.78 12.30001 314.1 0 0.09865184 -0.3876837 0.04177367 0.9155458
2.5629 FirstCar -44.40482 0.025 2.97 0 90 0 0 0.7071068 0 0.7071068 13.8889 0
2.5642 Head 0 1.6 0.78 12.30001 314.1 0 0.09865184 -0.3876837 0.04177367 0.9155458
2.5642 FirstCar -44.38609 0.025 2.97 0 90 0 0 0.7071068 0 0.7071068 13.8889 0
2.5657 Head 0 1.6 0.78 12.30001 314.1 0 0.09865184 -0.3876837 0.04177367 0.9155458
2.5657 FirstCar -44.36506 0.025 2.97 0 90 0 0 0.7071068 0 0.7071068 13.8889 0
2.5675 Head 0 1.6 0.78 12.30001 314.1 0 0.09865184 -0.3876837 0.04177367 0.9155458
2.5675 FirstCar -44.34035 0.025 2.97 0 90 0 0 0.7071068 0 0.7071068 13.8889 0
2.5689 Head 0 1.6 0.78 12.30001 314.1 0 0.09865184 -0.3876837 0.04177367 0.9155458
2.5689 FirstCar -44.32045 0.025 2.97 0 90 0 0 0.7071068 0 0.7071068 13.8889 0
2.5704 Head 0 1.6 0.78 12.30001 314.1 0 0.09865184 -0.3876837 0.04177367 0.9155458
2.5704 FirstCar -44.30035 0.025 2.97 0 90 0 0 0.7071068 0 0.7071068 13.8889 0
2.5718 Head 0 1.6 0.78 12.30001 314.1 0 0.09865184 -0.3876837 0.04177367 0.9155458
2.5718 FirstCar -44.28026 0.025 2.97 0 90 0 0 0.7071068 0 0.7071068 13.8889 0
2.5731 Head 0 1.6 0.78 12.30001 314.1 0 0.09865184 -0.3876837 0.04177367 0.9155458
2.5731 FirstCar -44.26179 0.025 2.97 0 90 0 0 0.7071068 0 0.7071068 13.8889 0
2.5745 Head 0 1.6 0.78 12.30001 314.1 0 0.09865184 -0.3876837 0.04177367 0.9155458
2.5745 FirstCar -44.24293 0.025 2.97 0 90 0 0 0.7071068 0 0.7071068 13.8889 0
2.5759 Head 0 1.6 0.78 12.30001 314.1 0 0.09865184 -0.3876837 0.04177367 0.9155458
2.5759 FirstCar -44.22302 0.025 2.97 0 90 0 0 0.7071068 0 0.7071068 13.8889 0
2.5773 Head 0 1.6 0.78 12.30001 314.1 0 0.09865184 -0.3876837 0.04177367 0.9155458
2.5773 FirstCar -44.20412 0.025 2.97 0 90 0 0 0.7071068 0 0.7071068 13.8889 0
2.5786 Head 0 1.6 0.78 12.30001 314.1 0 0.09865184 -0.3876837 0.04177367 0.9155458
2.5786 FirstCar -44.18578 0.025 2.97 0 90 0 0 0.7071068 0 0.7071068 13.8889 0
2.5800 Head 0 1.6 0.78 12.30001 314.1 0 0.09865184 -0.3876837 0.04177367 0.9155458
2.5800 FirstCar -44.16732 0.025 2.97 0 90 0 0 0.7071068 0 0.7071068 13.8889 0
2.5813 Head 0 1.6 0.78 12.30001 314.1 0 0.09865184 -0.3876837 0.04177367 0.9155458
2.5813 FirstCar -44.1491 0.025 2.97 0 90 0 0 0.7071068 0 0.7071068 13.8889 0
2.5826 Head 0 1.6 0.78 12.30001 314.1 0 0.09865184 -0.3876837 0.04177367 0.9155458
2.5826 FirstCar -44.13029 0.025 2.97 0 90 0 0 0.7071068 0 0.7071068 13.8889 0
2.5840 Head 0 1.6 0.78 12.30001 314.1 0 0.09865184 -0.3876837 0.04177367 0.9155458
2.5840 FirstCar -44.11135 0.025 2.97 0 90 0 0 0.7071068 0 0.7071068 13.8889 0
2.5854 Head 0 1.6 0.78 12.30001 314.1 0 0.09865184 -0.3876837 0.04177367 0.9155458
2.5854 FirstCar -44.09104 0.025 2.97 0 90 0 0 0.7071068 0 0.7071068 13.8889 0
2.5872 Head 0 1.6 0.78 12.30001 314.1 0 0.09865184 -0.3876837 0.04177367 0.9155458
2.5872 FirstCar -44.06607 0.025 2.97 0 90 0 0 0.7071068 0 0.7071068 13.8889 0
2.5888 Head 0 1.6 0.78 12.30001 314.1 0 0.09865184 -0.3876837 0.04177367 0.9155458
2.5888 FirstCar -44.04467 0.025 2.97 0 90 0 0 0.7071068 0 0.7071068 13.8889 0
2.5905 Head 0 1.6 0.78 12.30001 314.1 0 0.09865184 -0.3876837 0.04177367 0.9155458
2.5905 FirstCar -44.02096 0.025 2.97 0 90 0 0 0.7071068 0 0.7071068 13.8889 0
2.5922 Head 0 1.6 0.78 12.30001 314.1 0 0.09865184 -0.3876837 0.04177367 0.9155458
2.5922 FirstCar -43.99741 0.025 2.97 0 90 0 0 0.7071068 0 0.7071068 13.8889 0
2.5937 Head 0 1.6 0.78 12.30001 314.1 0 0.09865184 -0.3876837 0.04177367 0.9155458
2.5937 FirstCar -43.97658 0.025 2.97 0 90 0 0 0.7071068 0 0.7071068 13.8889 0
2.5951 Head 0 1.6 0.78 12.30001 314.1 0 0.09865184 -0.3876837 0.04177367 0.9155458
2.5951 FirstCar -43.95662 0.025 2.97 0 90 0 0 0.7071068 0 0.7071068 13.8889 0
2.5967 Head 0 1.6 0.78 12.30001 314.1 0 0.09865184 -0.3876837 0.04177367 0.9155458
2.5967 FirstCar -43.93494 0.025 2.97 0 90 0 0 0.7071068 0 0.7071068 13.8889 0
2.5983 Head 0 1.6 0.78 12.30001 314.1 0 0.09865184 -0.3876837 0.04177367 0.9155458
2.5983 FirstCar -43.91224 0.025 2.97 0 90 0 0 0.7071068 0 0.7071068 13.8889 0
2.5998 Head 0 1.6 0.78 12.30001 314.1 0 0.09865184 -0.3876837 0.04177367 0.9155458
2.5998 FirstCar -43.89151 0.025 2.97 0 90 0 0 0.7071068 0 0.7071068 13.8889 0
2.6012 Head 0 1.6 0.78 12.30001 314.1 0 0.09865184 -0.3876837 0.04177367 0.9155458
2.6012 FirstCar -43.87154 0.025 2.97 0 90 0 0 0.7071068 0 0.7071068 13.8889 0
2.6029 Head 0 1.6 0.78 12.30001 314.1 0 0.09865184 -0.3876837 0.04177367 0.9155458
2.6029 FirstCar -43.84905 0.025 2.97 0 90 0 0 0.7071068 0 0.7071068 13.8889 0
2.6046 Head 0 1.6 0.78 12.30001 314.1 0 0.09865184 -0.3876837 0.04177367 0.9155458
2.6046 FirstCar -43.82486 0.025 2.97 0 90 0 0 0.7071068 0 0.7071068 13.8889 0
2.6063 Head 0 1.6 0.78 12.30001 314.1 0 0.09865184 -0.3876837 0.04177367 0.9155458
2.6063 FirstCar -43.80094 0.025 2.97 0 90 0 0 0.7071068 0 0.7071068 13.8889 0
2.6082 Head 0 1.6 0.78 12.30001 314.1 0 0.09865184 -0.3876837 0.04177367 0.9155458
2.6082 FirstCar -43.77557 0.025 2.97 0 90 0 0 0.7071068 0 0.7071068 13.8889 0
2.6097 Head 0 1.6 0.78 12.30001 314.1 0 0.09865184 -0.3876837 0.04177367 0.9155458
2.6097 FirstCar -43.75369 0.025 2.97 0 90 0 0 0.7071068 0 0.7071068 13.8889 0
2.6112 Head 0 1.6 0.78 12.30001 314.1 0 0.09865184 -0.3876837 0.04177367 0.9155458
2.6112 FirstCar -43.73372 0.025 2.97 0 90 0 0 0.7071068 0 0.7071068 13.8889 0
2.6125 Head 0 1.6 0.78 12.30001 314.1 0 0.09865184 -0.3876837 0.04177367 0.9155458
2.6125 FirstCar -43.71476 0.025 2.97 0 90 0 0 0.7071068 0 0.7071068 13.8889 0
2.6139 Head 0 1.6 0.78 12.30001 314.1 0 0.09865184 -0.3876837 0.04177367 0.9155458
2.6139 FirstCar -43.69585 0.025 2.97 0 90 0 0 0.7071068 0 0.7071068 13.8889 0
2.6153 Head 0 1.6 0.78 12.30001 314.1 0 0.09865184 -0.3876837 0.04177367 0.9155458
2.6153 FirstCar -43.67583 0.025 2.97 0 90 0 0 0.7071068 0 0.7071068 13.8889 0
2.6168 Head 0 1.6 0.78 12.30001 314.1 0 0.09865184 -0.3876837 0.04177367 0.9155458
2.6168 FirstCar -43.65586 0.025 2.97 0 90 0 0 0.7071068 0 0.7071068 13.8889 0
2.6182 Head 0 1.6 0.78 12.30001 314.1 0 0.09865184 -0.3876837 0.04177367 0.9155458
2.6182 FirstCar -43.63646 0.025 2.97 0 90 0 0 0.7071068 0 0.7071068 13.8889 0
2.6197 Head 0 1.6 0.78 12.30001 314.1 0 0.09865184 -0.3876837 0.04177367 0.9155458
2.6197 FirstCar -43.61574 0.025 2.97 0 90 0 0 0.7071068 0 0.7071068 13.8889 0
2.6210 Head 0 1.6 0.78 12.30001 314.1 0 0.09865184 -0.3876837 0.04177367 0.9155458
2.6210 FirstCar -43.59669 0.025 2.97 0 90 0 0 0.7071068 0 0.7071068 13.8889 0
2.6225 Head 0 1.6 0.78 12.30001 314.1 0 0.09865184 -0.3876837 0.04177367 0.9155458
2.6225 FirstCar -43.57595 0.025 2.97 0 90 0 0 0.7071068 0 0.7071068 13.8889 0
2.6242 Head 0 1.6 0.78 12.30001 314.1 0 0.09865184 -0.3876837 0.04177367 0.9155458
2.6242 FirstCar -43.55299 0.025 2.97 0 90 0 0 0.7071068 0 0.7071068 13.8889 0
2.6257 Head 0 1.6 0.78 12.30001 314.1 0 0.09865184 -0.3876837 0.04177367 0.9155458
2.6257 FirstCar -43.53193 0.025 2.97 0 90 0 0 0.7071068 0 0.7071068 13.8889 0
2.6273 Head 0 1.6 0.78 12.30001 314.1 0 0.09865184 -0.3876837 0.04177367 0.9155458
2.6273 FirstCar -43.5091 0.025 2.97 0 90 0 0 0.7071068 0 0.7071068 13.8889 0
2.6287 Head 0 1.6 0.78 12.30001 314.1 0 0.09865184 -0.3876837 0.04177367 0.9155458
2.6287 FirstCar -43.48956 0.025 2.97 0 90 0 0 0.7071068 0 0.7071068 13.8889 0
2.6301 Head 0 1.6 0.78 12.30001 314.1 0 0.09865184 -0.3876837 0.04177367 0.9155458
2.6301 FirstCar -43.47062 0.025 2.97 0 90 0 0 0.7071068 0 0.7071068 13.8889 0
2.6314 Head 0 1.6 0.78 12.30001 314.1 0 0.09865184 -0.3876837 0.04177367 0.9155458
2.6314 FirstCar -43.45214 0.025 2.97 0 90 0 0 0.7071068 0 0.7071068 13.8889 0
2.6328 Head 0 1.6 0.78 12.30001 314.1 0 0.09865184 -0.3876837 0.04177367 0.9155458
2.6328 FirstCar -43.43378 0.025 2.97 0 90 0 0 0.7071068 0 0.7071068 13.8889 0
2.6341 Head 0 1.6 0.78 12.30001 314.1 0 0.09865184 -0.3876837 0.04177367 0.9155458
2.6341 FirstCar -43.41474 0.025 2.97 0 90 0 0 0.7071068 0 0.7071068 13.8889 0
2.6358 Head 0 1.6 0.78 12.30001 314.1 0 0.09865184 -0.3876837 0.04177367 0.9155458
2.6358 FirstCar -43.39178 0.025 2.97 0 90 0 0 0.7071068 0 0.7071068 13.8889 0
2.6374 Head 0 1.6 0.78 12.30001 314.1 0 0.09865184 -0.3876837 0.04177367 0.9155458
2.6374 FirstCar -43.36885 0.025 2.97 0 90 0 0 0.7071068 0 0.7071068 13.8889 0
2.6388 Head 0 1.6 0.78 12.30001 314.1 0 0.09865184 -0.3876837 0.04177367 0.9155458
2.6388 FirstCar -43.34985 0.025 2.97 0 90 0 0 0.7071068 0 0.7071068 13.8889 0
2.6402 Head 0 1.6 0.78 12.30001 314.1 0 0.09865184 -0.3876837 0.04177367 0.9155458
2.6402 FirstCar -43.33062 0.025 2.97 0 90 0 0 0.7071068 0 0.7071068 13.8889 0
2.6415 Head 0 1.6 0.78 12.30001 314.1 0 0.09865184 -0.3876837 0.04177367 0.9155458
2.6415 FirstCar -43.31204 0.025 2.97 0 90 0 0 0.7071068 0 0.7071068 13.8889 0
2.6429 Head 0 1.6 0.78 12.30001 314.1 0 0.09865184 -0.3876837 0.04177367 0.9155458
2.6429 FirstCar -43.29242 0.025 2.97 0 90 0 0 0.7071068 0 0.7071068 13.8889 0
2.6443 Head 0 1.6 0.78 12.30001 314.1 0 0.09865184 -0.3876837 0.04177367 0.9155458
2.6443 FirstCar -43.27334 0.025 2.97 0 90 0 0 0.7071068 0 0.7071068 13.8889 0
2.6457 Head 0 1.6 0.78 12.30001 314.1 0 0.09865184 -0.3876837 0.04177367 0.9155458
2.6457 FirstCar -43.25388 0.025 2.97 0 90 0 0 0.7071068 0 0.7071068 13.8889 0
2.6475 Head 0 1.6 0.78 12.30001 314.1 0 0.09865184 -0.3876837 0.04177367 0.9155458
2.6475 FirstCar -43.22951 0.025 2.97 0 90 0 0 0.7071068 0 0.7071068 13.8889 0
2.6489 Head 0 1.6 0.78 12.30001 314.1 0 0.09865184 -0.3876837 0.04177367 0.9155458
2.6489 FirstCar -43.20911 0.025 2.97 0 90 0 0 0.7071068 0 0.7071068 13.8889 0
2.6509 Head 0 1.6 0.78 12.30001 314.1 0 0.09865184 -0.3876837 0.04177367 0.9155458
2.6509 FirstCar -43.1819 0.025 2.97 0 90 0 0 0.7071068 0 0.7071068 13.8889 0
2.6529 Head 0 1.6 0.78 12.30001 314.1 0 0.09865184 -0.3876837 0.04177367 0.9155458
2.6529 FirstCar -43.15479 0.025 2.97 0 90 0 0 0.7071068 0 0.7071068 13.8889 0
2.6546 Head 0 1.6 0.78 12.30001 314.1 0 0.09865184 -0.3876837 0.04177367 0.9155458
2.6546 FirstCar -43.13084 0.025 2.97 0 90 0 0 0.7071068 0 0.7071068 13.8889 0
2.6561 Head 0 1.6 0.78 12.30001 314.1 0 0.09865184 -0.3876837 0.04177367 0.9155458
2.6561 FirstCar -43.10969 0.025 2.97 0 90 0 0 0.7071068 0 0.7071068 13.8889 0
2.6577 Head 0 1.6 0.78 12.30001 314.1 0 0.09865184 -0.3876837 0.04177367 0.9155458
2.6577 FirstCar -43.08813 0.025 2.97 0 90 0 0 0.7071068 0 0.7071068 13.8889 0
2.6592 Head 0 1.6 0.78 12.30001 314.1 0 0.09865184 -0.3876837 0.04177367 0.9155458
2.6592 FirstCar -43.06652 0.025 2.97 0 90 0 0 0.7071068 0 0.7071068 13.8889 0
2.6606 Head 0 1.6 0.78 12.30001 314.1 0 0.09865184 -0.3876837 0.04177367 0.9155458
2.6606 FirstCar -43.04667 0.025 2.97 0 90 0 0 0.7071068 0 0.7071068 13.8889 0
2.6620 Head 0 1.6 0.78 12.30001 314.1 0 0.09865184 -0.3876837 0.04177367 0.9155458
2.6620 FirstCar -43.02744 0.025 2.97 0 90 0 0 0.7071068 0 0.7071068 13.8889 0
2.6634 Head 0 1.6 0.78 12.30001 314.1 0 0.09865184 -0.3876837 0.04177367 0.9155458
2.6634 FirstCar -43.008 0.025 2.97 0 90 0 0 0.7071068 0 0.7071068 13.8889 0
2.6650 Head 0 1.6 0.78 12.30001 314.1 0 0.09865184 -0.3876837 0.04177367 0.9155458
2.6650 FirstCar -42.98619 0.025 2.97 0 90 0 0 0.7071068 0 0.7071068 13.8889 0
2.6669 Head 0 1.6 0.78 12.30001 314.1 0 0.09865184 -0.3876837 0.04177367 0.9155458
2.6669 FirstCar -42.96031 0.025 2.97 0 90 0 0 0.7071068 0 0.7071068 13.8889 0
2.6684 Head 0 1.6 0.78 12.30001 314.1 0 0.09865184 -0.3876837 0.04177367 0.9155458
2.6684 FirstCar -42.93833 0.025 2.97 0 90 0 0 0.7071068 0 0.7071068 13.8889 0
2.6701 Head 0 1.6 0.78 12.30001 314.1 0 0.09865184 -0.3876837 0.04177367 0.9155458
2.6701 FirstCar -42.91484 0.025 2.97 0 90 0 0 0.7071068 0 0.7071068 13.8889 0
2.6719 Head 0 1.6 0.78 12.30001 314.1 0 0.09865184 -0.3876837 0.04177367 0.9155458
2.6719 FirstCar -42.89062 0.025 2.97 0 90 0 0 0.7071068 0 0.7071068 13.8889 0
2.6735 Head 0 1.6 0.78 12.30001 314.1 0 0.09865184 -0.3876837 0.04177367 0.9155458
2.6735 FirstCar -42.86846 0.025 2.97 0 90 0 0 0.7071068 0 0.7071068 13.8889 0
2.6751 Head 0 1.6 0.78 12.30001 314.1 0 0.09865184 -0.3876837 0.04177367 0.9155458
2.6751 FirstCar -42.84646 0.025 2.97 0 90 0 0 0.7071068 0 0.7071068 13.8889 0
2.6766 Head 0 1.6 0.78 12.30001 314.1 0 0.09865184 -0.3876837 0.04177367 0.9155458
2.6766 FirstCar -42.82447 0.025 2.97 0 90 0 0 0.7071068 0 0.7071068 13.8889 0
2.6781 Head 0 1.6 0.78 12.30001 314.1 0 0.09865184 -0.3876837 0.04177367 0.9155458
2.6781 FirstCar -42.80468 0.025 2.97 0 90 0 0 0.7071068 0 0.7071068 13.8889 0
2.6795 Head 0 1.6 0.78 12.30001 314.1 0 0.09865184 -0.3876837 0.04177367 0.9155458
2.6795 FirstCar -42.78442 0.025 2.97 0 90 0 0 0.7071068 0 0.7071068 13.8889 0
2.6809 Head 0 1.6 0.78 12.30001 314.1 0 0.09865184 -0.3876837 0.04177367 0.9155458
2.6809 FirstCar -42.7657 0.025 2.97 0 90 0 0 0.7071068 0 0.7071068 13.8889 0
2.6822 Head 0 1.6 0.78 12.30001 314.1 0 0.09865184 -0.3876837 0.04177367 0.9155458
2.6822 FirstCar -42.74665 0.025 2.97 0 90 0 0 0.7071068 0 0.7071068 13.8889 0
2.6836 Head 0 1.6 0.78 12.30001 314.1 0 0.09865184 -0.3876837 0.04177367 0.9155458
2.6836 FirstCar -42.72707 0.025 2.97 0 90 0 0 0.7071068 0 0.7071068 13.8889 0
2.6853 Head 0 1.6 0.78 12.30001 314.1 0 0.09865184 -0.3876837 0.04177367 0.9155458
2.6853 FirstCar -42.70427 0.025 2.97 0 90 0 0 0.7071068 0 0.7071068 13.8889 0
2.6878 Head 0 1.6 0.78 12.30001 314.1 0 0.09865184 -0.3876837 0.04177367 0.9155458
2.6878 FirstCar -42.66941 0.025 2.97 0 90 0 0 0.7071068 0 0.7071068 13.8889 0
2.6895 Head 0 1.6 0.78 12.30001 314.1 0 0.09865184 -0.3876837 0.04177367 0.9155458
2.6895 FirstCar -42.64567 0.025 2.97 0 90 0 0 0.7071068 0 0.7071068 13.8889 0
2.6910 Head 0 1.6 0.78 12.30001 314.1 0 0.09865184 -0.3876837 0.04177367 0.9155458
2.6910 FirstCar -42.62563 0.025 2.97 0 90 0 0 0.7071068 0 0.7071068 13.8889 0
2.6924 Head 0 1.6 0.78 12.30001 314.1 0 0.09865184 -0.3876837 0.04177367 0.9155458
2.6924 FirstCar -42.60595 0.025 2.97 0 90 0 0 0.7071068 0 0.7071068 13.8889 0
2.6938 Head 0 1.6 0.78 12.30001 314.1 0 0.09865184 -0.3876837 0.04177367 0.9155458
2.6938 FirstCar -42.58644 0.025 2.97 0 90 0 0 0.7071068 0 0.7071068 13.8889 0
2.6953 Head 0 1.6 0.78 12.30001 314.1 0 0.09865184 -0.3876837 0.04177367 0.9155458
2.6953 FirstCar -42.56581 0.025 2.97 0 90 0 0 0.7071068 0 0.7071068 13.8889 0
2.6969 Head 0 1.6 0.78 12.30001 314.1 0 0.09865184 -0.3876837 0.04177367 0.9155458
2.6969 FirstCar -42.54302 0.025 2.97 0 90 0 0 0.7071068 0 0.7071068 13.8889 0
2.6985 Head 0 1.6 0.78 12.30001 314.1 0 0.09865184 -0.3876837 0.04177367 0.9155458
2.6985 FirstCar -42.52062 0.025 2.97 0 90 0 0 0.7071068 0 0.7071068 13.8889 0
2.7001 Head 0 1.6 0.78 12.30001 314.1 0 0.09865184 -0.3876837 0.04177367 0.9155458
2.7001 FirstCar -42.4992 0.025 2.97 0 90 0 0 0.7071068 0 0.7071068 13.8889 0
2.7016 Head 0 1.6 0.78 12.30001 314.1 0 0.09865184 -0.3876837 0.04177367 0.9155458
2.7016 FirstCar -42.4782 0.025 2.97 0 90 0 0 0.7071068 0 0.7071068 13.8889 0
2.7031 Head 0 1.6 0.78 12.30001 314.1 0 0.09865184 -0.3876837 0.04177367 0.9155458
2.7031 FirstCar -42.45633 0.025 2.97 0 90 0 0 0.7071068 0 0.7071068 13.8889 0
2.7046 Head 0 1.6 0.78 12.30001 314.1 0 0.09865184 -0.3876837 0.04177367 0.9155458
2.7046 FirstCar -42.43639 0.025 2.97 0 90 0 0 0.7071068 0 0.7071068 13.8889 0
2.7061 Head 0 1.6 0.78 12.30001 314.1 0 0.09865184 -0.3876837 0.04177367 0.9155458
2.7061 FirstCar -42.41537 0.025 2.97 0 90 0 0 0.7071068 0 0.7071068 13.8889 0
2.7078 Head 0 1.6 0.78 12.30001 314.1 0 0.09865184 -0.3876837 0.04177367 0.9155458
2.7078 FirstCar -42.3911 0.025 2.97 0 90 0 0 0.7071068 0 0.7071068 13.8889 0
2.7095 Head 0 1.6 0.78 12.30001 314.1 0 0.09865184 -0.3876837 0.04177367 0.9155458
2.7095 FirstCar -42.36851 0.025 2.97 0 90 0 0 0.7071068 0 0.7071068 13.8889 0
2.7111 Head 0 1.6 0.78 12.30001 314.1 0 0.09865184 -0.3876837 0.04177367 0.9155458
2.7111 FirstCar -42.34584 0.025 2.97 0 90 0 0 0.7071068 0 0.7071068 13.8889 0
2.7127 Head 0 1.6 0.78 12.30001 314.1 0 0.09865184 -0.3876837 0.04177367 0.9155458
2.7127 FirstCar -42.32335 0.025 2.97 0 90 0 0 0.7071068 0 0.7071068 13.8889 0
2.7144 Head 0 1.6 0.78 12.30001 314.1 0 0.09865184 -0.3876837 0.04177367 0.9155458
2.7144 FirstCar -42.30041 0.025 2.97 0 90 0 0 0.7071068 0 0.7071068 13.8889 0
2.7162 Head 0 1.6 0.78 12.30001 314.1 0 0.09865184 -0.3876837 0.04177367 0.9155458
2.7162 FirstCar -42.27473 0.025 2.97 0 90 0 0 0.7071068 0 0.7071068 13.8889 0
2.7181 Head 0 1.6 0.78 12.30001 314.1 0 0.09865184 -0.3876837 0.04177367 0.9155458
2.7181 FirstCar -42.24799 0.025 2.97 0 90 0 0 0.7071068 0 0.7071068 13.8889 0
2.7201 Head 0 1.6 0.78 12.30001 314.1 0 0.09865184 -0.3876837 0.04177367 0.9155458
2.7201 FirstCar -42.22059 0.025 2.97 0 90 0 0 0.7071068 0 0.7071068 13.8889 0
2.7219 Head 0 1.6 0.78 12.30001 314.1 0 0.09865184 -0.3876837 0.04177367 0.9155458
2.7219 FirstCar -42.19581 0.025 2.97 0 90 0 0 0.7071068 0 0.7071068 13.8889 0
2.7235 Head 0 1.6 0.78 12.30001 314.1 0 0.09865184 -0.3876837 0.04177367 0.9155458
2.7235 FirstCar -42.17346 0.025 2.97 0 90 0 0 0.7071068 0 0.7071068 13.8889 0
2.7252 Head 0 1.6 0.78 12.30001 314.1 0 0.09865184 -0.3876837 0.04177367 0.9155458
2.7252 FirstCar -42.15043 0.025 2.97 0 90 0 0 0.7071068 0 0.7071068 13.8889 0
2.7274 Head 0 1.6 0.78 12.30001 314.1 0 0.09865184 -0.3876837 0.04177367 0.9155458
2.7274 FirstCar -42.11982 0.025 2.97 0 90 0 0 0.7071068 0 0.7071068 13.8889 0
2.7292 Head 0 1.6 0.78 12.30001 314.1 0 0.09865184 -0.3876837 0.04177367 0.9155458
2.7292 FirstCar -42.09502 0.025 2.97 0 90 0 0 0.7071068 0 0.7071068 13.8889 0
2.7309 Head 0 1.6 0.78 12.30001 314.1 0 0.09865184 -0.3876837 0.04177367 0.9155458
2.7309 FirstCar -42.07056 0.025 2.97 0 90 0 0 0.7071068 0 0.7071068 13.8889 0
2.7329 Head 0 1.6 0.78 12.30001 314.1 0 0.09865184 -0.3876837 0.04177367 0.9155458
2.7329 FirstCar -42.04348 0.025 2.97 0 90 0 0 0.7071068 0 0.7071068 13.8889 0
2.7348 Head 0 1.6 0.78 12.30001 314.1 0 0.09865184 -0.3876837 0.04177367 0.9155458
2.7348 FirstCar -42.01714 0.025 2.97 0 90 0 0 0.7071068 0 0.7071068 13.8889 0
2.7368 Head 0 1.6 0.78 12.30001 314.1 0 0.09865184 -0.3876837 0.04177367 0.9155458
2.7368 FirstCar -41.98956 0.025 2.97 0 90 0 0 0.7071068 0 0.7071068 13.8889 0
2.7388 Head 0 1.6 0.78 12.30001 314.1 0 0.09865184 -0.3876837 0.04177367 0.9155458
2.7388 FirstCar -41.96043 0.025 2.97 0 90 0 0 0.7071068 0 0.7071068 13.8889 0
2.7406 Head 0 1.6 0.78 12.30001 314.1 0 0.09865184 -0.3876837 0.04177367 0.9155458
2.7406 FirstCar -41.93552 0.025 2.97 0 90 0 0 0.7071068 0 0.7071068 13.8889 0
2.7422 Head 0 1.6 0.78 12.30001 314.1 0 0.09865184 -0.3876837 0.04177367 0.9155458
2.7422 FirstCar -41.9139 0.025 2.97 0 90 0 0 0.7071068 0 0.7071068 13.8889 0
2.7437 Head 0 1.6 0.78 12.30001 314.1 0 0.09865184 -0.3876837 0.04177367 0.9155458
2.7437 FirstCar -41.89296 0.025 2.97 0 90 0 0 0.7071068 0 0.7071068 13.8889 0
2.7452 Head 0 1.6 0.78 12.30001 314.1 0 0.09865184 -0.3876837 0.04177367 0.9155458
2.7452 FirstCar -41.87171 0.025 2.97 0 90 0 0 0.7071068 0 0.7071068 13.8889 0
2.7470 Head 0 1.6 0.78 12.30001 314.1 0 0.09865184 -0.3876837 0.04177367 0.9155458
2.7470 FirstCar -41.8477 0.025 2.97 0 90 0 0 0.7071068 0 0.7071068 13.8889 0
2.7485 Head 0 1.6 0.78 12.30001 314.1 0 0.09865184 -0.3876837 0.04177367 0.9155458
2.7485 FirstCar -41.82665 0.025 2.97 0 90 0 0 0.7071068 0 0.7071068 13.8889 0
2.7500 Head 0 1.6 0.78 12.30001 314.1 0 0.09865184 -0.3876837 0.04177367 0.9155458
2.7500 FirstCar -41.80623 0.025 2.97 0 90 0 0 0.7071068 0 0.7071068 13.8889 0
2.7516 Head 0 1.6 0.78 12.30001 314.1 0 0.09865184 -0.3876837 0.04177367 0.9155458
2.7516 FirstCar -41.78342 0.025 2.97 0 90 0 0 0.7071068 0 0.7071068 13.8889 0
2.7531 Head 0 1.6 0.78 12.30001 314.1 0 0.09865184 -0.3876837 0.04177367 0.9155458
2.7531 FirstCar -41.76237 0.025 2.97 0 90 0 0 0.7071068 0 0.7071068 13.8889 0
2.7545 Head 0 1.6 0.78 12.30001 314.1 0 0.09865184 -0.3876837 0.04177367 0.9155458
2.7545 FirstCar -41.74258 0.025 2.97 0 90 0 0 0.7071068 0 0.7071068 13.8889 0
2.7560 Head 0 1.6 0.78 12.30001 314.1 0 0.09865184 -0.3876837 0.04177367 0.9155458
2.7560 FirstCar -41.72271 0.025 2.97 0 90 0 0 0.7071068 0 0.7071068 13.8889 0
2.7573 Head 0 1.6 0.78 12.30001 314.1 0 0.09865184 -0.3876837 0.04177367 0.9155458
2.7573 FirstCar -41.70407 0.025 2.97 0 90 0 0 0.7071068 0 0.7071068 13.8889 0
2.7587 Head 0 1.6 0.78 12.30001 314.1 0 0.09865184 -0.3876837 0.04177367 0.9155458
2.7587 FirstCar -41.68519 0.025 2.97 0 90 0 0 0.7071068 0 0.7071068 13.8889 0
2.7600 Head 0 1.6 0.78 12.30001 314.1 0 0.09865184 -0.3876837 0.04177367 0.9155458
2.7600 FirstCar -41.66662 0.025 2.97 0 90 0 0 0.7071068 0 0.7071068 13.8889 0
2.7613 Head 0 1.6 0.78 12.30001 314.1 0 0.09865184 -0.3876837 0.04177367 0.9155458
2.7613 FirstCar -41.64799 0.025 2.97 0 90 0 0 0.7071068 0 0.7071068 13.8889 0
2.7627 Head 0 1.6 0.78 12.30001 314.1 0 0.09865184 -0.3876837 0.04177367 0.9155458
2.7627 FirstCar -41.62954 0.025 2.97 0 90 0 0 0.7071068 0 0.7071068 13.8889 0
2.7641 Head 0 1.6 0.78 12.30001 314.1 0 0.09865184 -0.3876837 0.04177367 0.9155458
2.7641 FirstCar -41.61021 0.025 2.97 0 90 0 0 0.7071068 0 0.7071068 13.8889 0
2.7657 Head 0 1.6 0.78 12.30001 314.1 0 0.09865184 -0.3876837 0.04177367 0.9155458
2.7657 FirstCar -41.58817 0.025 2.97 0 90 0 0 0.7071068 0 0.7071068 13.8889 0
2.7673 Head 0 1.6 0.78 12.30001 314.1 0 0.09865184 -0.3876837 0.04177367 0.9155458
2.7673 FirstCar -41.56532 0.025 2.97 0 90 0 0 0.7071068 0 0.7071068 13.8889 0
2.7687 Head 0 1.6 0.78 12.30001 314.1 0 0.09865184 -0.3876837 0.04177367 0.9155458
2.7687 FirstCar -41.54584 0.025 2.97 0 90 0 0 0.7071068 0 0.7071068 13.8889 0
2.7701 Head 0 1.6 0.78 12.30001 314.1 0 0.09865184 -0.3876837 0.04177367 0.9155458
2.7701 FirstCar -41.52577 0.025 2.97 0 90 0 0 0.7071068 0 0.7071068 13.8889 0
2.7715 Head 0 1.6 0.78 12.30001 314.1 0 0.09865184 -0.3876837 0.04177367 0.9155458
2.7715 FirstCar -41.50638 0.025 2.97 0 90 0 0 0.7071068 0 0.7071068 13.8889 0
2.7729 Head 0 1.6 0.78 12.30001 314.1 0 0.09865184 -0.3876837 0.04177367 0.9155458
2.7729 FirstCar -41.48737 0.025 2.97 0 90 0 0 0.7071068 0 0.7071068 13.8889 0
2.7742 Head 0 1.6 0.78 12.30001 314.1 0 0.09865184 -0.3876837 0.04177367 0.9155458
2.7742 FirstCar -41.46911 0.025 2.97 0 90 0 0 0.7071068 0 0.7071068 13.8889 0
2.7758 Head 0 1.6 0.78 12.30001 314.1 0 0.09865184 -0.3876837 0.04177367 0.9155458
2.7758 FirstCar -41.44679 0.025 2.97 0 90 0 0 0.7071068 0 0.7071068 13.8889 0
2.7775 Head 0 1.6 0.78 12.30001 314.1 0 0.09865184 -0.3876837 0.04177367 0.9155458
2.7775 FirstCar -41.42422 0.025 2.97 0 90 0 0 0.7071068 0 0.7071068 13.8889 0
2.7790 Head 0 1.6 0.78 12.30001 314.1 0 0.09865184 -0.3876837 0.04177367 0.9155458
2.7790 FirstCar -41.40283 0.025 2.97 0 90 0 0 0.7071068 0 0.7071068 13.8889 0
2.7805 Head 0 1.6 0.78 12.30001 314.1 0 0.09865184 -0.3876837 0.04177367 0.9155458
2.7805 FirstCar -41.38142 0.025 2.97 0 90 0 0 0.7071068 0 0.7071068 13.8889 0
2.7820 Head 0 1.6 0.78 12.30001 314.1 0 0.09865184 -0.3876837 0.04177367 0.9155458
2.7820 FirstCar -41.36088 0.025 2.97 0 90 0 0 0.7071068 0 0.7071068 13.8889 0
2.7835 Head 0 1.6 0.78 12.30001 314.1 0 0.09865184 -0.3876837 0.04177367 0.9155458
2.7835 FirstCar -41.34076 0.025 2.97 0 90 0 0 0.7071068 0 0.7071068 13.8889 0
2.7849 Head 0 1.6 0.78 12.30001 314.1 0 0.09865184 -0.3876837 0.04177367 0.9155458
2.7849 FirstCar -41.32044 0.025 2.97 0 90 0 0 0.7071068 0 0.7071068 13.8889 0
2.7870 Head 0 1.6 0.78 12.30001 314.1 0 0.09865184 -0.3876837 0.04177367 0.9155458
2.7870 FirstCar -41.29147 0.025 2.97 0 90 0 0 0.7071068 0 0.7071068 13.8889 0
2.7885 Head 0 1.6 0.78 12.30001 314.1 0 0.09865184 -0.3876837 0.04177367 0.9155458
2.7885 FirstCar -41.27103 0.025 2.97 0 90 0 0 0.7071068 0 0.7071068 13.8889 0
2.7898 Head 0 1.6 0.78 12.30001 314.1 0 0.09865184 -0.3876837 0.04177367 0.9155458
2.7898 FirstCar -41.2526 0.025 2.97 0 90 0 0 0.7071068 0 0.7071068 13.8889 0
2.7911 Head 0 1.6 0.78 12.30001 314.1 0 0.09865184 -0.3876837 0.04177367 0.9155458
2.7911 FirstCar -41.23435 0.025 2.97 0 90 0 0 0.7071068 0 0.7071068 13.8889 0
2.7925 Head 0 1.6 0.78 12.30001 314.1 0 0.09865184 -0.3876837 0.04177367 0.9155458
2.7925 FirstCar -41.21468 0.025 2.97 0 90 0 0 0.7071068 0 0.7071068 13.8889 0
2.7941 Head 0 1.6 0.78 12.30001 314.1 0 0.09865184 -0.3876837 0.04177367 0.9155458
2.7941 FirstCar -41.19265 0.025 2.97 0 90 0 0 0.7071068 0 0.7071068 13.8889 0
2.7961 Head 0 1.6 0.78 12.30001 314.1 0 0.09865184 -0.3876837 0.04177367 0.9155458
2.7961 FirstCar -41.16555 0.025 2.97 0 90 0 0 0.7071068 0 0.7071068 13.8889 0
2.7977 Head 0 1.6 0.78 12.30001 314.1 0 0.09865184 -0.3876837 0.04177367 0.9155458
2.7977 FirstCar -41.14284 0.025 2.97 0 90 0 0 0.7071068 0 0.7071068 13.8889 0
2.7993 Head 0 1.6 0.78 12.30001 314.1 0 0.09865184 -0.3876837 0.04177367 0.9155458
2.7993 FirstCar -41.12077 0.025 2.97 0 90 0 0 0.7071068 0 0.7071068 13.8889 0
2.8011 Head 0 1.6 0.78 12.30001 314.1 0 0.09865184 -0.3876837 0.04177367 0.9155458
2.8011 FirstCar -41.09545 0.025 2.97 0 90 0 0 0.7071068 0 0.7071068 13.8889 0
2.8027 Head 0 1.6 0.78 12.30001 314.1 0 0.09865184 -0.3876837 0.04177367 0.9155458
2.8027 FirstCar -41.07335 0.025 2.97 0 90 0 0 0.7071068 0 0.7071068 13.8889 0
2.8043 Head 0 1.6 0.78 12.30001 314.1 0 0.09865184 -0.3876837 0.04177367 0.9155458
2.8043 FirstCar -41.05123 0.025 2.97 0 90 0 0 0.7071068 0 0.7071068 13.8889 0
2.8060 Head 0 1.6 0.78 12.30001 314.1 0 0.09865184 -0.3876837 0.04177367 0.9155458
2.8060 FirstCar -41.02823 0.025 2.97 0 90 0 0 0.7071068 0 0.7071068 13.8889 0
2.8078 Head 0 1.6 0.78 12.30001 314.1 0 0.09865184 -0.3876837 0.04177367 0.9155458
2.8078 FirstCar -41.00248 0.025 2.97 0 90 0 0 0.7071068 0 0.7071068 13.8889 0
2.8095 Head 0 1.6 0.78 12.30001 314.1 0 0.09865184 -0.3876837 0.04177367 0.9155458
2.8095 FirstCar -40.97978 0.025 2.97 0 90 0 0 0.7071068 0 0.7071068 13.8889 0
2.8109 Head 0 1.6 0.78 12.30001 314.1 0 0.09865184 -0.3876837 0.04177367 0.9155458
2.8109 FirstCar -40.95944 0.025 2.97 0 90 0 0 0.7071068 0 0.7071068 13.8889 0
2.8124 Head 0 1.6 0.78 12.30001 314.1 0 0.09865184 -0.3876837 0.04177367 0.9155458
2.8124 FirstCar -40.93881 0.025 2.97 0 90 0 0 0.7071068 0 0.7071068 13.8889 0
2.8139 Head 0 1.6 0.78 12.30001 314.1 0 0.09865184 -0.3876837 0.04177367 0.9155458
2.8139 FirstCar -40.91786 0.025 2.97 0 90 0 0 0.7071068 0 0.7071068 13.8889 0
2.8154 Head 0 1.6 0.78 12.30001 314.1 0 0.09865184 -0.3876837 0.04177367 0.9155458
2.8154 FirstCar -40.89765 0.025 2.97 0 90 0 0 0.7071068 0 0.7071068 13.8889 0
2.8168 Head 0 1.6 0.78 12.30001 314.1 0 0.09865184 -0.3876837 0.04177367 0.9155458
2.8168 FirstCar -40.87826 0.025 2.97 0 90 0 0 0.7071068 0 0.7071068 13.8889 0
2.8182 Head 0 1.6 0.78 12.30001 314.1 0 0.09865184 -0.3876837 0.04177367 0.9155458
2.8182 FirstCar -40.85873 0.025 2.97 0 90 0 0 0.7071068 0 0.7071068 13.8889 0
2.8196 Head 0 1.6 0.78 12.30001 314.1 0 0.09865184 -0.3876837 0.04177367 0.9155458
2.8196 FirstCar -40.83935 0.025 2.97 0 90 0 0 0.7071068 0 0.7071068 13.8889 0
2.8210 Head 0 1.6 0.78 12.30001 314.1 0 0.09865184 -0.3876837 0.04177367 0.9155458
2.8210 FirstCar -40.81934 0.025 2.97 0 90 0 0 0.7071068 0 0.7071068 13.8889 0
2.8224 Head 0 1.6 0.78 12.30001 314.1 0 0.09865184 -0.3876837 0.04177367 0.9155458
2.8224 FirstCar -40.80062 0.025 2.97 0 90 0 0 0.7071068 0 0.7071068 13.8889 0
2.8237 Head 0 1.6 0.78 12.30001 314.1 0 0.09865184 -0.3876837 0.04177367 0.9155458
2.8237 FirstCar -40.78171 0.025 2.97 0 90 0 0 0.7071068 0 0.7071068 13.8889 0
2.8252 Head 0 1.6 0.78 12.30001 314.1 0 0.09865184 -0.3876837 0.04177367 0.9155458
2.8252 FirstCar -40.7606 0.025 2.97 0 90 0 0 0.7071068 0 0.7071068 13.8889 0
2.8271 Head 0 1.6 0.78 12.30001 314.1 0 0.09865184 -0.3876837 0.04177367 0.9155458
2.8271 FirstCar -40.73534 0.025 2.97 0 90 0 0 0.7071068 0 0.7071068 13.8889 0
2.8287 Head 0 1.6 0.78 12.30001 314.1 0 0.09865184 -0.3876837 0.04177367 0.9155458
2.8287 FirstCar -40.71275 0.025 2.97 0 90 0 0 0.7071068 0 0.7071068 13.8889 0
2.8304 Head 0 1.6 0.78 12.30001 314.1 0 0.09865184 -0.3876837 0.04177367 0.9155458
2.8304 FirstCar -40.68942 0.025 2.97 0 90 0 0 0.7071068 0 0.7071068 13.8889 0
2.8319 Head 0 1.6 0.78 12.30001 314.1 0 0.09865184 -0.3876837 0.04177367 0.9155458
2.8319 FirstCar -40.66852 0.025 2.97 0 90 0 0 0.7071068 0 0.7071068 13.8889 0
2.8333 Head 0 1.6 0.78 12.30001 314.1 0 0.09865184 -0.3876837 0.04177367 0.9155458
2.8333 FirstCar -40.6489 0.025 2.97 0 90 0 0 0.7071068 0 0.7071068 13.8889 0
2.8348 Head 0 1.6 0.78 12.30001 314.1 0 0.09865184 -0.3876837 0.04177367 0.9155458
2.8348 FirstCar -40.62823 0.025 2.97 0 90 0 0 0.7071068 0 0.7071068 13.8889 0
2.8363 Head 0 1.6 0.78 12.30001 314.1 0 0.09865184 -0.3876837 0.04177367 0.9155458
2.8363 FirstCar -40.60698 0.025 2.97 0 90 0 0 0.7071068 0 0.7071068 13.8889 0
2.8378 Head 0 1.6 0.78 12.30001 314.1 0 0.09865184 -0.3876837 0.04177367 0.9155458
2.8378 FirstCar -40.58591 0.025 2.97 0 90 0 0 0.7071068 0 0.7071068 13.8889 0
2.8392 Head 0 1.6 0.78 12.30001 314.1 0 0.09865184 -0.3876837 0.04177367 0.9155458
2.8392 FirstCar -40.56621 0.025 2.97 0 90 0 0 0.7071068 0 0.7071068 13.8889 0
2.8406 Head 0 1.6 0.78 12.30001 314.1 0 0.09865184 -0.3876837 0.04177367 0.9155458
2.8406 FirstCar -40.5467 0.025 2.97 0 90 0 0 0.7071068 0 0.7071068 13.8889 0
2.8420 Head 0 1.6 0.78 12.30001 314.1 0 0.09865184 -0.3876837 0.04177367 0.9155458
2.8420 FirstCar -40.52713 0.025 2.97 0 90 0 0 0.7071068 0 0.7071068 13.8889 0
2.8435 Head 0 1.6 0.78 12.30001 314.1 0 0.09865184 -0.3876837 0.04177367 0.9155458
2.8435 FirstCar -40.50742 0.025 2.97 0 90 0 0 0.7071068 0 0.7071068 13.8889 0
2.8448 Head 0 1.6 0.78 12.30001 314.1 0 0.09865184 -0.3876837 0.04177367 0.9155458
2.8448 FirstCar -40.48853 0.025 2.97 0 90 0 0 0.7071068 0 0.7071068 13.8889 0
2.8468 Head 0 1.6 0.78 12.30001 314.1 0 0.09865184 -0.3876837 0.04177367 0.9155458
2.8468 FirstCar -40.46148 0.025 2.97 0 90 0 0 0.7071068 0 0.7071068 13.8889 0
2.8482 Head 0 1.6 0.78 12.30001 314.1 0 0.09865184 -0.3876837 0.04177367 0.9155458
2.8482 FirstCar -40.44144 0.025 2.97 0 90 0 0 0.7071068 0 0.7071068 13.8889 0
2.8500 Head 0 1.6 0.78 12.30001 314.1 0 0.09865184 -0.3876837 0.04177367 0.9155458
2.8500 FirstCar -40.41707 0.025 2.97 0 90 0 0 0.7071068 0 0.7071068 13.8889 0
2.8517 Head 0 1.6 0.78 12.30001 314.1 0 0.09865184 -0.3876837 0.04177367 0.9155458
2.8517 FirstCar -40.39288 0.025 2.97 0 90 0 0 0.7071068 0 0.7071068 13.8889 0
2.8532 Head 0 1.6 0.78 12.30001 314.1 0 0.09865184 -0.3876837 0.04177367 0.9155458
2.8532 FirstCar -40.37243 0.025 2.97 0 90 0 0 0.7071068 0 0.7071068 13.8889 0
2.8546 Head 0 1.6 0.78 12.30001 314.1 0 0.09865184 -0.3876837 0.04177367 0.9155458
2.8546 FirstCar -40.35256 0.025 2.97 0 90 0 0 0.7071068 0 0.7071068 13.8889 0
2.8560 Head 0 1.6 0.78 12.30001 314.1 0 0.09865184 -0.3876837 0.04177367 0.9155458
2.8560 FirstCar -40.33303 0.025 2.97 0 90 0 0 0.7071068 0 0.7071068 13.8889 0
2.8576 Head 0 1.6 0.78 12.30001 314.1 0 0.09865184 -0.3876837 0.04177367 0.9155458
2.8576 FirstCar -40.31151 0.025 2.97 0 90 0 0 0.7071068 0 0.7071068 13.8889 0
2.8595 Head 0 1.6 0.78 12.30001 314.1 0 0.09865184 -0.3876837 0.04177367 0.9155458
2.8595 FirstCar -40.28535 0.025 2.97 0 90 0 0 0.7071068 0 0.7071068 13.8889 0
2.8612 Head 0 1.6 0.78 12.30001 314.1 0 0.09865184 -0.3876837 0.04177367 0.9155458
2.8612 FirstCar -40.26111 0.025 2.97 0 90 0 0 0.7071068 0 0.7071068 13.8889 0
2.8634 Head 0 1.6 0.78 12.30001 314.1 0 0.09865184 -0.3876837 0.04177367 0.9155458
2.8634 FirstCar -40.23087 0.025 2.97 0 90 0 0 0.7071068 0 0.7071068 13.8889 0
2.8651 Head 0 1.6 0.78 12.30001 314.1 0 0.09865184 -0.3876837 0.04177367 0.9155458
2.8651 FirstCar -40.20745 0.025 2.97 0 90 0 0 0.7071068 0 0.7071068 13.8889 0
2.8669 Head 0 1.6 0.78 12.30001 314.1 0 0.09865184 -0.3876837 0.04177367 0.9155458
2.8669 FirstCar -40.18244 0.025 2.97 0 90 0 0 0.7071068 0 0.7071068 13.8889 0
2.8685 Head 0 1.6 0.78 12.30001 314.1 0 0.09865184 -0.3876837 0.04177367 0.9155458
2.8685 FirstCar -40.15952 0.025 2.97 0 90 0 0 0.7071068 0 0.7071068 13.8889 0
2.8701 Head 0 1.6 0.78 12.30001 314.1 0 0.09865184 -0.3876837 0.04177367 0.9155458
2.8701 FirstCar -40.13715 0.025 2.97 0 90 0 0 0.7071068 0 0.7071068 13.8889 0
2.8718 Head 0 1.6 0.78 12.30001 314.1 0 0.09865184 -0.3876837 0.04177367 0.9155458
2.8718 FirstCar -40.11359 0.025 2.97 0 90 0 0 0.7071068 0 0.7071068 13.8889 0
2.8734 Head 0 1.6 0.78 12.30001 314.1 0 0.09865184 -0.3876837 0.04177367 0.9155458
2.8734 FirstCar -40.0915 0.025 2.97 0 90 0 0 0.7071068 0 0.7071068 13.8889 0
2.8750 Head 0 1.6 0.78 12.30001 314.1 0 0.09865184 -0.3876837 0.04177367 0.9155458
2.8750 FirstCar -40.06895 0.025 2.97 0 90 0 0 0.7071068 0 0.7071068 13.8889 0
2.8766 Head 0 1.6 0.78 12.30001 314.1 0 0.09865184 -0.3876837 0.04177367 0.9155458
2.8766 FirstCar -40.04688 0.025 2.97 0 90 0 0 0.7071068 0 0.7071068 13.8889 0
2.8781 Head 0 1.6 0.78 12.30001 314.1 0 0.09865184 -0.3876837 0.04177367 0.9155458
2.8781 FirstCar -40.02622 0.025 2.97 0 90 0 0 0.7071068 0 0.7071068 13.8889 0
2.8796 Head 0 1.6 0.78 12.30001 314.1 0 0.09865184 -0.3876837 0.04177367 0.9155458
2.8796 FirstCar -40.00573 0.025 2.97 0 90 0 0 0.7071068 0 0.7071068 13.8889 0
2.8810 Head 0 1.6 0.78 12.30001 314.1 0 0.09865184 -0.3876837 0.04177367 0.9155458
2.8810 FirstCar -39.98571 0.025 2.97 0 90 0 0 0.7071068 0 0.7071068 13.8889 0
2.8825 Head 0 1.6 0.78 12.30001 314.1 0 0.09865184 -0.3876837 0.04177367 0.9155458
2.8825 FirstCar -39.96587 0.025 2.97 0 90 0 0 0.7071068 0 0.7071068 13.8889 0
2.8839 Head 0 1.6 0.78 12.30001 314.1 0 0.09865184 -0.3876837 0.04177367 0.9155458
2.8839 FirstCar -39.94637 0.025 2.97 0 90 0 0 0.7071068 0 0.7071068 13.8889 0
2.8853 Head 0 1.6 0.78 12.30001 314.1 0 0.09865184 -0.3876837 0.04177367 0.9155458
2.8853 FirstCar -39.92683 0.025 2.97 0 90 0 0 0.7071068 0 0.7071068 13.8889 0
2.8869 Head 0 1.6 0.78 12.30001 314.1 0 0.09865184 -0.3876837 0.04177367 0.9155458
2.8869 FirstCar -39.90358 0.025 2.97 0 90 0 0 0.7071068 0 0.7071068 13.8889 0
2.8884 Head 0 1.6 0.78 12.30001 314.1 0 0.09865184 -0.3876837 0.04177367 0.9155458
2.8884 FirstCar -39.88328 0.025 2.97 0 90 0 0 0.7071068 0 0.7071068 13.8889 0
2.8898 Head 0 1.6 0.78 12.30001 314.1 0 0.09865184 -0.3876837 0.04177367 0.9155458
2.8898 FirstCar -39.8632 0.025 2.97 0 90 0 0 0.7071068 0 0.7071068 13.8889 0
2.8913 Head 0 1.6 0.78 12.30001 314.1 0 0.09865184 -0.3876837 0.04177367 0.9155458
2.8913 FirstCar -39.84286 0.025 2.97 0 90 0 0 0.7071068 0 0.7071068 13.8889 0
2.8930 Head 0 1.6 0.78 12.30001 314.1 0 0.09865184 -0.3876837 0.04177367 0.9155458
2.8930 FirstCar -39.81975 0.025 2.97 0 90 0 0 0.7071068 0 0.7071068 13.8889 0
2.8946 Head 0 1.6 0.78 12.30001 314.1 0 0.09865184 -0.3876837 0.04177367 0.9155458
2.8946 FirstCar -39.79737 0.025 2.97 0 90 0 0 0.7071068 0 0.7071068 13.8889 0
2.8962 Head 0 1.6 0.78 12.30001 314.1 0 0.09865184 -0.3876837 0.04177367 0.9155458
2.8962 FirstCar -39.77494 0.025 2.97 0 90 0 0 0.7071068 0 0.7071068 13.8889 0
2.8977 Head 0 1.6 0.78 12.30001 314.1 0 0.09865184 -0.3876837 0.04177367 0.9155458
2.8977 FirstCar -39.75427 0.025 2.97 0 90 0 0 0.7071068 0 0.7071068 13.8889 0
2.8992 Head 0 1.6 0.78 12.30001 314.1 0 0.09865184 -0.3876837 0.04177367 0.9155458
2.8992 FirstCar -39.73391 0.025 2.97 0 90 0 0 0.7071068 0 0.7071068 13.8889 0
2.9005 Head 0 1.6 0.78 12.30001 314.1 0 0.09865184 -0.3876837 0.04177367 0.9155458
2.9005 FirstCar -39.7151 0.025 2.97 0 90 0 0 0.7071068 0 0.7071068 13.8889 0
2.9019 Head 0 1.6 0.78 12.30001 314.1 0 0.09865184 -0.3876837 0.04177367 0.9155458
2.9019 FirstCar -39.69577 0.025 2.97 0 90 0 0 0.7071068 0 0.7071068 13.8889 0
2.9033 Head 0 1.6 0.78 12.30001 314.1 0 0.09865184 -0.3876837 0.04177367 0.9155458
2.9033 FirstCar -39.67629 0.025 2.97 0 90 0 0 0.7071068 0 0.7071068 13.8889 0
2.9047 Head 0 1.6 0.78 12.30001 314.1 0 0.09865184 -0.3876837 0.04177367 0.9155458
2.9047 FirstCar -39.65625 0.025 2.97 0 90 0 0 0.7071068 0 0.7071068 13.8889 0
2.9062 Head 0 1.6 0.78 12.30001 314.1 0 0.09865184 -0.3876837 0.04177367 0.9155458
2.9062 FirstCar -39.63614 0.025 2.97 0 90 0 0 0.7071068 0 0.7071068 13.8889 0
2.9080 Head 0 1.6 0.78 12.30001 314.1 0 0.09865184 -0.3876837 0.04177367 0.9155458
2.9080 FirstCar -39.61088 0.025 2.97 0 90 0 0 0.7071068 0 0.7071068 13.8889 0
2.9094 Head 0 1.6 0.78 12.30001 314.1 0 0.09865184 -0.3876837 0.04177367 0.9155458
2.9094 FirstCar -39.59137 0.025 2.97 0 90 0 0 0.7071068 0 0.7071068 13.8889 0
2.9108 Head 0 1.6 0.78 12.30001 314.1 0 0.09865184 -0.3876837 0.04177367 0.9155458
2.9108 FirstCar -39.57271 0.025 2.97 0 90 0 0 0.7071068 0 0.7071068 13.8889 0
2.9121 Head 0 1.6 0.78 12.30001 314.1 0 0.09865184 -0.3876837 0.04177367 0.9155458
2.9121 FirstCar -39.55377 0.025 2.97 0 90 0 0 0.7071068 0 0.7071068 13.8889 0
2.9135 Head 0 1.6 0.78 12.30001 314.1 0 0.09865184 -0.3876837 0.04177367 0.9155458
2.9135 FirstCar -39.53434 0.025 2.97 0 90 0 0 0.7071068 0 0.7071068 13.8889 0
2.9148 Head 0 1.6 0.78 12.30001 314.1 0 0.09865184 -0.3876837 0.04177367 0.9155458
2.9148 FirstCar -39.51596 0.025 2.97 0 90 0 0 0.7071068 0 0.7071068 13.8889 0
2.9162 Head 0 1.6 0.78 12.30001 314.1 0 0.09865184 -0.3876837 0.04177367 0.9155458
2.9162 FirstCar -39.49653 0.025 2.97 0 90 0 0 0.7071068 0 0.7071068 13.8889 0
2.9176 Head 0 1.6 0.78 12.30001 314.1 0 0.09865184 -0.3876837 0.04177367 0.9155458
2.9176 FirstCar -39.47726 0.025 2.97 0 90 0 0 0.7071068 0 0.7071068 13.8889 0
2.9190 Head 0 1.6 0.78 12.30001 314.1 0 0.09865184 -0.3876837 0.04177367 0.9155458
2.9190 FirstCar -39.45847 0.025 2.97 0 90 0 0 0.7071068 0 0.7071068 13.8889 0
2.9204 Head 0 1.6 0.78 12.30001 314.1 0 0.09865184 -0.3876837 0.04177367 0.9155458
2.9204 FirstCar -39.43865 0.025 2.97 0 90 0 0 0.7071068 0 0.7071068 13.8889 0
2.9219 Head 0 1.6 0.78 12.30001 314.1 0 0.09865184 -0.3876837 0.04177367 0.9155458
2.9219 FirstCar -39.41808 0.025 2.97 0 90 0 0 0.7071068 0 0.7071068 13.8889 0
2.9233 Head 0 1.6 0.78 12.30001 314.1 0 0.09865184 -0.3876837 0.04177367 0.9155458
2.9233 FirstCar -39.39856 0.025 2.97 0 90 0 0 0.7071068 0 0.7071068 13.8889 0
2.9248 Head 0 1.6 0.78 12.30001 314.1 0 0.09865184 -0.3876837 0.04177367 0.9155458
2.9248 FirstCar -39.37729 0.025 2.97 0 90 0 0 0.7071068 0 0.7071068 13.8889 0
2.9268 Head 0 1.6 0.78 12.30001 314.1 0 0.09865184 -0.3876837 0.04177367 0.9155458
2.9268 FirstCar -39.35011 0.025 2.97 0 90 0 0 0.7071068 0 0.7071068 13.8889 0
2.9286 Head 0 1.6 0.78 12.30001 314.1 0 0.09865184 -0.3876837 0.04177367 0.9155458
2.9286 FirstCar -39.32547 0.025 2.97 0 90 0 0 0.7071068 0 0.7071068 13.8889 0
2.9301 Head 0 1.6 0.78 12.30001 314.1 0 0.09865184 -0.3876837 0.04177367 0.9155458
2.9301 FirstCar -39.30399 0.025 2.97 0 90 0 0 0.7071068 0 0.7071068 13.8889 0
2.9315 Head 0 1.6 0.78 12.30001 314.1 0 0.09865184 -0.3876837 0.04177367 0.9155458
2.9315 FirstCar -39.28424 0.025 2.97 0 90 0 0 0.7071068 0 0.7071068 13.8889 0
2.9329 Head 0 1.6 0.78 12.30001 314.1 0 0.09865184 -0.3876837 0.04177367 0.9155458
2.9329 FirstCar -39.26565 0.025 2.97 0 90 0 0 0.7071068 0 0.7071068 13.8889 0
2.9343 Head 0 1.6 0.78 12.30001 314.1 0 0.09865184 -0.3876837 0.04177367 0.9155458
2.9343 FirstCar -39.24651 0.025 2.97 0 90 0 0 0.7071068 0 0.7071068 13.8889 0
2.9363 Head 0 1.6 0.78 12.30001 314.1 0 0.09865184 -0.3876837 0.04177367 0.9155458
2.9363 FirstCar -39.21762 0.025 2.97 0 90 0 0 0.7071068 0 0.7071068 13.8889 0
2.9380 Head 0 1.6 0.78 12.30001 314.1 0 0.09865184 -0.3876837 0.04177367 0.9155458
2.9380 FirstCar -39.19495 0.025 2.97 0 90 0 0 0.7071068 0 0.7071068 13.8889 0
2.9394 Head 0 1.6 0.78 12.30001 314.1 0 0.09865184 -0.3876837 0.04177367 0.9155458
2.9394 FirstCar -39.17515 0.025 2.97 0 90 0 0 0.7071068 0 0.7071068 13.8889 0
2.9409 Head 0 1.6 0.78 12.30001 314.1 0 0.09865184 -0.3876837 0.04177367 0.9155458
2.9409 FirstCar -39.15407 0.025 2.97 0 90 0 0 0.7071068 0 0.7071068 13.8889 0
2.9426 Head 0 1.6 0.78 12.30001 314.1 0 0.09865184 -0.3876837 0.04177367 0.9155458
2.9426 FirstCar -39.13088 0.025 2.97 0 90 0 0 0.7071068 0 0.7071068 13.8889 0
2.9441 Head 0 1.6 0.78 12.30001 314.1 0 0.09865184 -0.3876837 0.04177367 0.9155458
2.9441 FirstCar -39.10945 0.025 2.97 0 90 0 0 0.7071068 0 0.7071068 13.8889 0
2.9458 Head 0 1.6 0.78 12.30001 314.1 0 0.09865184 -0.3876837 0.04177367 0.9155458
2.9458 FirstCar -39.08607 0.025 2.97 0 90 0 0 0.7071068 0 0.7071068 13.8889 0
2.9476 Head 0 1.6 0.78 12.30001 314.1 0 0.09865184 -0.3876837 0.04177367 0.9155458
2.9476 FirstCar -39.06049 0.025 2.97 0 90 0 0 0.7071068 0 0.7071068 13.8889 0
2.9491 Head 0 1.6 0.78 12.30001 314.1 0 0.09865184 -0.3876837 0.04177367 0.9155458
2.9491 FirstCar -39.04086 0.025 2.97 0 90 0 0 0.7071068 0 0.7071068 13.8889 0
2.9504 Head 0 1.6 0.78 12.30001 314.1 0 0.09865184 -0.3876837 0.04177367 0.9155458
2.9504 FirstCar -39.02216 0.025 2.97 0 90 0 0 0.7071068 0 0.7071068 13.8889 0
2.9518 Head 0 1.6 0.78 12.30001 314.1 0 0.09865184 -0.3876837 0.04177367 0.9155458
2.9518 FirstCar -39.00333 0.025 2.97 0 90 0 0 0.7071068 0 0.7071068 13.8889 0
2.9532 Head 0 1.6 0.78 12.30001 314.1 0 0.09865184 -0.3876837 0.04177367 0.9155458
2.9532 FirstCar -38.98269 0.025 2.97 0 90 0 0 0.7071068 0 0.7071068 13.8889 0
2.9549 Head 0 1.6 0.78 12.30001 314.1 0 0.09865184 -0.3876837 0.04177367 0.9155458
2.9549 FirstCar -38.95934 0.025 2.97 0 90 0 0 0.7071068 0 0.7071068 13.8889 0
2.9567 Head 0 1.6 0.78 12.30001 314.1 0 0.09865184 -0.3876837 0.04177367 0.9155458
2.9567 FirstCar -38.93488 0.025 2.97 0 90 0 0 0.7071068 0 0.7071068 13.8889 0
2.9583 Head 0 1.6 0.78 12.30001 314.1 0 0.09865184 -0.3876837 0.04177367 0.9155458
2.9583 FirstCar -38.91239 0.025 2.97 0 90 0 0 0.7071068 0 0.7071068 13.8889 0
2.9600 Head 0 1.6 0.78 12.30001 314.1 0 0.09865184 -0.3876837 0.04177367 0.9155458
2.9600 FirstCar -38.88868 0.025 2.97 0 90 0 0 0.7071068 0 0.7071068 13.8889 0
2.9615 Head 0 1.6 0.78 12.30001 314.1 0 0.09865184 -0.3876837 0.04177367 0.9155458
2.9615 FirstCar -38.86761 0.025 2.97 0 90 0 0 0.7071068 0 0.7071068 13.8889 0
2.9629 Head 0 1.6 0.78 12.30001 314.1 0 0.09865184 -0.3876837 0.04177367 0.9155458
2.9629 FirstCar -38.8486 0.025 2.97 0 90 0 0 0.7071068 0 0.7071068 13.8889 0
2.9642 Head 0 1.6 0.78 12.30001 314.1 0 0.09865184 -0.3876837 0.04177367 0.9155458
2.9642 FirstCar -38.83001 0.025 2.97 0 90 0 0 0.7071068 0 0.7071068 13.8889 0
2.9656 Head 0 1.6 0.78 12.30001 314.1 0 0.09865184 -0.3876837 0.04177367 0.9155458
2.9656 FirstCar -38.81111 0.025 2.97 0 90 0 0 0.7071068 0 0.7071068 13.8889 0
2.9674 Head 0 1.6 0.78 12.30001 314.1 0 0.09865184 -0.3876837 0.04177367 0.9155458
2.9674 FirstCar -38.78646 0.025 2.97 0 90 0 0 0.7071068 0 0.7071068 13.8889 0
2.9689 Head 0 1.6 0.78 12.30001 314.1 0 0.09865184 -0.3876837 0.04177367 0.9155458
2.9689 FirstCar -38.76585 0.025 2.97 0 90 0 0 0.7071068 0 0.7071068 13.8889 0
2.9703 Head 0 1.6 0.78 12.30001 314.1 0 0.09865184 -0.3876837 0.04177367 0.9155458
2.9703 FirstCar -38.74545 0.025 2.97 0 90 0 0 0.7071068 0 0.7071068 13.8889 0
2.9718 Head 0 1.6 0.78 12.30001 314.1 0 0.09865184 -0.3876837 0.04177367 0.9155458
2.9718 FirstCar -38.72514 0.025 2.97 0 90 0 0 0.7071068 0 0.7071068 13.8889 0
2.9732 Head 0 1.6 0.78 12.30001 314.1 0 0.09865184 -0.3876837 0.04177367 0.9155458
2.9732 FirstCar -38.70606 0.025 2.97 0 90 0 0 0.7071068 0 0.7071068 13.8889 0
2.9746 Head 0 1.6 0.78 12.30001 314.1 0 0.09865184 -0.3876837 0.04177367 0.9155458
2.9746 FirstCar -38.68627 0.025 2.97 0 90 0 0 0.7071068 0 0.7071068 13.8889 0
2.9760 Head 0 1.6 0.78 12.30001 314.1 0 0.09865184 -0.3876837 0.04177367 0.9155458
2.9760 FirstCar -38.6672 0.025 2.97 0 90 0 0 0.7071068 0 0.7071068 13.8889 0
2.9773 Head 0 1.6 0.78 12.30001 314.1 0 0.09865184 -0.3876837 0.04177367 0.9155458
2.9773 FirstCar -38.64837 0.025 2.97 0 90 0 0 0.7071068 0 0.7071068 13.8889 0
2.9786 Head 0 1.6 0.78 12.30001 314.1 0 0.09865184 -0.3876837 0.04177367 0.9155458
2.9786 FirstCar -38.62993 0.025 2.97 0 90 0 0 0.7071068 0 0.7071068 13.8889 0
2.9800 Head 0 1.6 0.78 12.30001 314.1 0 0.09865184 -0.3876837 0.04177367 0.9155458
2.9800 FirstCar -38.61159 0.025 2.97 0 90 0 0 0.7071068 0 0.7071068 13.8889 0
2.9813 Head 0 1.6 0.78 12.30001 314.1 0 0.09865184 -0.3876837 0.04177367 0.9155458
2.9813 FirstCar -38.59237 0.025 2.97 0 90 0 0 0.7071068 0 0.7071068 13.8889 0
2.9827 Head 0 1.6 0.78 12.30001 314.1 0 0.09865184 -0.3876837 0.04177367 0.9155458
2.9827 FirstCar -38.57352 0.025 2.97 0 90 0 0 0.7071068 0 0.7071068 13.8889 0
2.9841 Head 0 1.6 0.78 12.30001 314.1 0 0.09865184 -0.3876837 0.04177367 0.9155458
2.9841 FirstCar -38.5546 0.025 2.97 0 90 0 0 0.7071068 0 0.7071068 13.8889 0
2.9858 Head 0 1.6 0.78 12.30001 314.1 0 0.09865184 -0.3876837 0.04177367 0.9155458
2.9858 FirstCar -38.53027 0.025 2.97 0 90 0 0 0.7071068 0 0.7071068 13.8889 0
2.9876 Head 0 1.6 0.78 12.30001 314.1 0 0.09865184 -0.3876837 0.04177367 0.9155458
2.9876 FirstCar -38.50578 0.025 2.97 0 90 0 0 0.7071068 0 0.7071068 13.8889 0
2.9891 Head 0 1.6 0.78 12.30001 314.1 0 0.09865184 -0.3876837 0.04177367 0.9155458
2.9891 FirstCar -38.48486 0.025 2.97 0 90 0 0 0.7071068 0 0.7071068 13.8889 0
2.9907 Head 0 1.6 0.78 12.30001 314.1 0 0.09865184 -0.3876837 0.04177367 0.9155458
2.9907 FirstCar -38.4626 0.025 2.97 0 90 0 0 0.7071068 0 0.7071068 13.8889 0
2.9922 Head 0 1.6 0.78 12.30001 314.1 0 0.09865184 -0.3876837 0.04177367 0.9155458
2.9922 FirstCar -38.44121 0.025 2.97 0 90 0 0 0.7071068 0 0.7071068 13.8889 0
2.9936 Head 0 1.6 0.78 12.30001 314.1 0 0.09865184 -0.3876837 0.04177367 0.9155458
2.9936 FirstCar -38.42196 0.025 2.97 0 90 0 0 0.7071068 0 0.7071068 13.8889 0
2.9950 Head 0 1.6 0.78 12.30001 314.1 0 0.09865184 -0.3876837 0.04177367 0.9155458
2.9950 FirstCar -38.40218 0.025 2.97 0 90 0 0 0.7071068 0 0.7071068 13.8889 0
2.9966 Head 0 1.6 0.78 12.30001 314.1 0 0.09865184 -0.3876837 0.04177367 0.9155458
2.9966 FirstCar -38.38122 0.025 2.97 0 90 0 0 0.7071068 0 0.7071068 13.8889 0
2.9980 Head 0 1.6 0.78 12.30001 314.1 0 0.09865184 -0.3876837 0.04177367 0.9155458
2.9980 FirstCar -38.36055 0.025 2.97 0 90 0 0 0.7071068 0 0.7071068 13.8889 0
2.9995 Head 0 1.6 0.78 12.30001 314.1 0 0.09865184 -0.3876837 0.04177367 0.9155458
2.9995 FirstCar -38.33969 0.025 2.97 0 90 0 0 0.7071068 0 0.7071068 13.8889 0
3.0010 Head 0 1.6 0.78 12.30001 314.1 0 0.09865184 -0.3876837 0.04177367 0.9155458
3.0010 FirstCar -38.31895 0.025 2.97 0 90 0 0 0.7071068 0 0.7071068 13.8889 0
3.0027 Head 0 1.6 0.78 12.30001 314.1 0 0.09865184 -0.3876837 0.04177367 0.9155458
3.0027 FirstCar -38.29571 0.025 2.97 0 90 0 0 0.7071068 0 0.7071068 13.8889 0
3.0044 Head 0 1.6 0.78 12.30001 314.1 0 0.09865184 -0.3876837 0.04177367 0.9155458
3.0044 FirstCar -38.27247 0.025 2.97 0 90 0 0 0.7071068 0 0.7071068 13.8889 0
3.0059 Head 0 1.6 0.78 12.30001 314.1 0 0.09865184 -0.3876837 0.04177367 0.9155458
3.0059 FirstCar -38.25094 0.025 2.97 0 90 0 0 0.7071068 0 0.7071068 13.8889 0
3.0081 Head 0 1.6 0.78 12.30001 314.1 0 0.09865184 -0.3876837 0.04177367 0.9155458
3.0081 FirstCar -38.22025 0.025 2.97 0 90 0 0 0.7071068 0 0.7071068 13.8889 0
3.0097 Head 0 1.6 0.78 12.30001 314.1 0 0.09865184 -0.3876837 0.04177367 0.9155458
3.0097 FirstCar -38.1981 0.025 2.97 0 90 0 0 0.7071068 0 0.7071068 13.8889 0
3.0112 Head 0 1.6 0.78 12.30001 314.1 0 0.09865184 -0.3876837 0.04177367 0.9155458
3.0112 FirstCar -38.17717 0.025 2.97 0 90 0 0 0.7071068 0 0.7071068 13.8889 0
3.0128 Head 0 1.6 0.78 12.30001 314.1 0 0.09865184 -0.3876837 0.04177367 0.9155458
3.0128 FirstCar -38.15538 0.025 2.97 0 90 0 0 0.7071068 0 0.7071068 13.8889 0
3.0143 Head 0 1.6 0.78 12.30001 314.1 0 0.09865184 -0.3876837 0.04177367 0.9155458
3.0143 FirstCar -38.13501 0.025 2.97 0 90 0 0 0.7071068 0 0.7071068 13.8889 0
3.0157 Head 0 1.6 0.78 12.30001 314.1 0 0.09865184 -0.3876837 0.04177367 0.9155458
3.0157 FirstCar -38.11475 0.025 2.97 0 90 0 0 0.7071068 0 0.7071068 13.8889 0
3.0172 Head 0 1.6 0.78 12.30001 314.1 0 0.09865184 -0.3876837 0.04177367 0.9155458
3.0172 FirstCar -38.09447 0.025 2.97 0 90 0 0 0.7071068 0 0.7071068 13.8889 0
3.0187 Head 0 1.6 0.78 12.30001 314.1 0 0.09865184 -0.3876837 0.04177367 0.9155458
3.0187 FirstCar -38.07414 0.025 2.97 0 90 0 0 0.7071068 0 0.7071068 13.8889 0
3.0201 Head 0 1.6 0.78 12.30001 314.1 0 0.09865184 -0.3876837 0.04177367 0.9155458
3.0201 FirstCar -38.05372 0.025 2.97 0 90 0 0 0.7071068 0 0.7071068 13.8889 0
3.0216 Head 0 1.6 0.78 12.30001 314.1 0 0.09865184 -0.3876837 0.04177367 0.9155458
3.0216 FirstCar -38.03262 0.025 2.97 0 90 0 0 0.7071068 0 0.7071068 13.8889 0
3.0231 Head 0 1.6 0.78 12.30001 314.1 0 0.09865184 -0.3876837 0.04177367 0.9155458
3.0231 FirstCar -38.01285 0.025 2.97 0 90 0 0 0.7071068 0 0.7071068 13.8889 0
3.0246 Head 0 1.6 0.78 12.30001 314.1 0 0.09865184 -0.3876837 0.04177367 0.9155458
3.0246 FirstCar -37.99197 0.025 2.97 0 90 0 0 0.7071068 0 0.7071068 13.8889 0
3.0262 Head 0 1.6 0.78 12.30001 314.1 0 0.09865184 -0.3876837 0.04177367 0.9155458
3.0262 FirstCar -37.9692 0.025 2.97 0 90 0 0 0.7071068 0 0.7071068 13.8889 0
3.0279 Head 0 1.6 0.78 12.30001 314.1 0 0.09865184 -0.3876837 0.04177367 0.9155458
3.0279 FirstCar -37.94601 0.025 2.97 0 90 0 0 0.7071068 0 0.7071068 13.8889 0
3.0294 Head 0 1.6 0.78 12.30001 314.1 0 0.09865184 -0.3876837 0.04177367 0.9155458
3.0294 FirstCar -37.92561 0.025 2.97 0 90 0 0 0.7071068 0 0.7071068 13.8889 0
3.0307 Head 0 1.6 0.78 12.30001 314.1 0 0.09865184 -0.3876837 0.04177367 0.9155458
3.0307 FirstCar -37.90662 0.025 2.97 0 90 0 0 0.7071068 0 0.7071068 13.8889 0
3.0321 Head 0 1.6 0.78 12.30001 314.1 0 0.09865184 -0.3876837 0.04177367 0.9155458
3.0321 FirstCar -37.88771 0.025 2.97 0 90 0 0 0.7071068 0 0.7071068 13.8889 0
3.0334 Head 0 1.6 0.78 12.30001 314.1 0 0.09865184 -0.3876837 0.04177367 0.9155458
3.0334 FirstCar -37.86875 0.025 2.97 0 90 0 0 0.7071068 0 0.7071068 13.8889 0
3.0348 Head 0 1.6 0.78 12.30001 314.1 0 0.09865184 -0.3876837 0.04177367 0.9155458
3.0348 FirstCar -37.84969 0.025 2.97 0 90 0 0 0.7071068 0 0.7071068 13.8889 0
3.0363 Head 0 1.6 0.78 12.30001 314.1 0 0.09865184 -0.3876837 0.04177367 0.9155458
3.0363 FirstCar -37.82908 0.025 2.97 0 90 0 0 0.7071068 0 0.7071068 13.8889 0
3.0378 Head 0 1.6 0.78 12.30001 314.1 0 0.09865184 -0.3876837 0.04177367 0.9155458
3.0378 FirstCar -37.80792 0.025 2.97 0 90 0 0 0.7071068 0 0.7071068 13.8889 0
3.0392 Head 0 1.6 0.78 12.30001 314.1 0 0.09865184 -0.3876837 0.04177367 0.9155458
3.0392 FirstCar -37.78844 0.025 2.97 0 90 0 0 0.7071068 0 0.7071068 13.8889 0
3.0406 Head 0 1.6 0.78 12.30001 314.1 0 0.09865184 -0.3876837 0.04177367 0.9155458
3.0406 FirstCar -37.76954 0.025 2.97 0 90 0 0 0.7071068 0 0.7071068 13.8889 0
3.0419 Head 0 1.6 0.78 12.30001 314.1 0 0.09865184 -0.3876837 0.04177367 0.9155458
3.0419 FirstCar -37.75113 0.025 2.97 0 90 0 0 0.7071068 0 0.7071068 13.8889 0
3.0433 Head 0 1.6 0.78 12.30001 314.1 0 0.09865184 -0.3876837 0.04177367 0.9155458
3.0433 FirstCar -37.73151 0.025 2.97 0 90 0 0 0.7071068 0 0.7071068 13.8889 0
3.0447 Head 0 1.6 0.78 12.30001 314.1 0 0.09865184 -0.3876837 0.04177367 0.9155458
3.0447 FirstCar -37.71204 0.025 2.97 0 90 0 0 0.7071068 0 0.7071068 13.8889 0
3.0462 Head 0 1.6 0.78 12.30001 314.1 0 0.09865184 -0.3876837 0.04177367 0.9155458
3.0462 FirstCar -37.69195 0.025 2.97 0 90 0 0 0.7071068 0 0.7071068 13.8889 0
3.0478 Head 0 1.6 0.78 12.30001 314.1 0 0.09865184 -0.3876837 0.04177367 0.9155458
3.0478 FirstCar -37.66942 0.025 2.97 0 90 0 0 0.7071068 0 0.7071068 13.8889 0
3.0493 Head 0 1.6 0.78 12.30001 314.1 0 0.09865184 -0.3876837 0.04177367 0.9155458
3.0493 FirstCar -37.64923 0.025 2.97 0 90 0 0 0.7071068 0 0.7071068 13.8889 0
3.0508 Head 0 1.6 0.78 12.30001 314.1 0 0.09865184 -0.3876837 0.04177367 0.9155458
3.0508 FirstCar -37.62817 0.025 2.97 0 90 0 0 0.7071068 0 0.7071068 13.8889 0
3.0524 Head 0 1.6 0.78 12.30001 314.1 0 0.09865184 -0.3876837 0.04177367 0.9155458
3.0524 FirstCar -37.60522 0.025 2.97 0 90 0 0 0.7071068 0 0.7071068 13.8889 0
3.0542 Head 0 1.6 0.78 12.30001 314.1 0 0.09865184 -0.3876837 0.04177367 0.9155458
3.0542 FirstCar -37.58046 0.025 2.97 0 90 0 0 0.7071068 0 0.7071068 13.8889 0
3.0558 Head 0 1.6 0.78 12.30001 314.1 0 0.09865184 -0.3876837 0.04177367 0.9155458
3.0558 FirstCar -37.55847 0.025 2.97 0 90 0 0 0.7071068 0 0.7071068 13.8889 0
3.0572 Head 0 1.6 0.78 12.30001 314.1 0 0.09865184 -0.3876837 0.04177367 0.9155458
3.0572 FirstCar -37.5387 0.025 2.97 0 90 0 0 0.7071068 0 0.7071068 13.8889 0
3.0586 Head 0 1.6 0.78 12.30001 314.1 0 0.09865184 -0.3876837 0.04177367 0.9155458
3.0586 FirstCar -37.51895 0.025 2.97 0 90 0 0 0.7071068 0 0.7071068 13.8889 0
3.0600 Head 0 1.6 0.78 12.30001 314.1 0 0.09865184 -0.3876837 0.04177367 0.9155458
3.0600 FirstCar -37.50038 0.025 2.97 0 90 0 0 0.7071068 0 0.7071068 13.8889 0
3.0614 Head 0 1.6 0.78 12.30001 314.1 0 0.09865184 -0.3876837 0.04177367 0.9155458
3.0614 FirstCar -37.48089 0.025 2.97 0 90 0 0 0.7071068 0 0.7071068 13.8889 0
3.0628 Head 0 1.6 0.78 12.30001 314.1 0 0.09865184 -0.3876837 0.04177367 0.9155458
3.0628 FirstCar -37.46065 0.025 2.97 0 90 0 0 0.7071068 0 0.7071068 13.8889 0
3.0644 Head 0 1.6 0.78 12.30001 314.1 0 0.09865184 -0.3876837 0.04177367 0.9155458
3.0644 FirstCar -37.43932 0.025 2.97 0 90 0 0 0.7071068 0 0.7071068 13.8889 0
3.0659 Head 0 1.6 0.78 12.30001 314.1 0 0.09865184 -0.3876837 0.04177367 0.9155458
3.0659 FirstCar -37.41738 0.025 2.97 0 90 0 0 0.7071068 0 0.7071068 13.8889 0
3.0676 Head 0 1.6 0.78 12.30001 314.1 0 0.09865184 -0.3876837 0.04177367 0.9155458
3.0676 FirstCar -37.39412 0.025 2.97 0 90 0 0 0.7071068 0 0.7071068 13.8889 0
3.0692 Head 0 1.6 0.78 12.30001 314.1 0 0.09865184 -0.3876837 0.04177367 0.9155458
3.0692 FirstCar -37.37194 0.025 2.97 0 90 0 0 0.7071068 0 0.7071068 13.8889 0
3.0710 Head 0 1.6 0.78 12.30001 314.1 0 0.09865184 -0.3876837 0.04177367 0.9155458
3.0710 FirstCar -37.34683 0.025 2.97 0 90 0 0 0.7071068 0 0.7071068 13.8889 0
3.0725 Head 0 1.6 0.78 12.30001 314.1 0 0.09865184 -0.3876837 0.04177367 0.9155458
3.0725 FirstCar -37.32637 0.025 2.97 0 90 0 0 0.7071068 0 0.7071068 13.8889 0
3.0739 Head 0 1.6 0.78 12.30001 314.1 0 0.09865184 -0.3876837 0.04177367 0.9155458
3.0739 FirstCar -37.30634 0.025 2.97 0 90 0 0 0.7071068 0 0.7071068 13.8889 0
3.0757 Head 0 1.6 0.78 12.30001 314.1 0 0.09865184 -0.3876837 0.04177367 0.9155458
3.0757 FirstCar -37.28185 0.025 2.97 0 90 0 0 0.7071068 0 0.7071068 13.8889 0
3.0777 Head 0 1.6 0.78 12.30001 314.1 0 0.09865184 -0.3876837 0.04177367 0.9155458
3.0777 FirstCar -37.25406 0.025 2.97 0 90 0 0 0.7071068 0 0.7071068 13.8889 0
3.0794 Head 0 1.6 0.78 12.30001 314.1 0 0.09865184 -0.3876837 0.04177367 0.9155458
3.0794 FirstCar -37.23101 0.025 2.97 0 90 0 0 0.7071068 0 0.7071068 13.8889 0
3.0811 Head 0 1.6 0.78 12.30001 314.1 0 0.09865184 -0.3876837 0.04177367 0.9155458
3.0811 FirstCar -37.20721 0.025 2.97 0 90 0 0 0.7071068 0 0.7071068 13.8889 0
3.0830 Head 0 1.6 0.78 12.30001 314.1 0 0.09865184 -0.3876837 0.04177367 0.9155458
3.0830 FirstCar -37.18039 0.025 2.97 0 90 0 0 0.7071068 0 0.7071068 13.8889 0
3.0847 Head 0 1.6 0.78 12.30001 314.1 0 0.09865184 -0.3876837 0.04177367 0.9155458
3.0847 FirstCar -37.15689 0.025 2.97 0 90 0 0 0.7071068 0 0.7071068 13.8889 0
3.0864 Head 0 1.6 0.78 12.30001 314.1 0 0.09865184 -0.3876837 0.04177367 0.9155458
3.0864 FirstCar -37.13309 0.025 2.97 0 90 0 0 0.7071068 0 0.7071068 13.8889 0
3.0884 Head 0 1.6 0.78 12.30001 314.1 0 0.09865184 -0.3876837 0.04177367 0.9155458
3.0884 FirstCar -37.10575 0.025 2.97 0 90 0 0 0.7071068 0 0.7071068 13.8889 0
3.0899 Head 0 1.6 0.78 12.30001 314.1 0 0.09865184 -0.3876837 0.04177367 0.9155458
3.0899 FirstCar -37.08406 0.025 2.97 0 90 0 0 0.7071068 0 0.7071068 13.8889 0
3.0915 Head 0 1.6 0.78 12.30001 314.1 0 0.09865184 -0.3876837 0.04177367 0.9155458
3.0915 FirstCar -37.06225 0.025 2.97 0 90 0 0 0.7071068 0 0.7071068 13.8889 0
3.0930 Head 0 1.6 0.78 12.30001 314.1 0 0.09865184 -0.3876837 0.04177367 0.9155458
3.0930 FirstCar -37.04101 0.025 2.97 0 90 0 0 0.7071068 0 0.7071068 13.8889 0
3.0945 Head 0 1.6 0.78 12.30001 314.1 0 0.09865184 -0.3876837 0.04177367 0.9155458
3.0945 FirstCar -37.02028 0.025 2.97 0 90 0 0 0.7071068 0 0.7071068 13.8889 0
3.0960 Head 0 1.6 0.78 12.30001 314.1 0 0.09865184 -0.3876837 0.04177367 0.9155458
3.0960 FirstCar -36.99966 0.025 2.97 0 90 0 0 0.7071068 0 0.7071068 13.8889 0
3.0975 Head 0 1.6 0.78 12.30001 314.1 0 0.09865184 -0.3876837 0.04177367 0.9155458
3.0975 FirstCar -36.9798 0.025 2.97 0 90 0 0 0.7071068 0 0.7071068 13.8889 0
3.0988 Head 0 1.6 0.78 12.30001 314.1 0 0.09865184 -0.3876837 0.04177367 0.9155458
3.0988 FirstCar -36.9606 0.025 2.97 0 90 0 0 0.7071068 0 0.7071068 13.8889 0
3.1002 Head 0 1.6 0.78 12.30001 314.1 0 0.09865184 -0.3876837 0.04177367 0.9155458
3.1002 FirstCar -36.94192 0.025 2.97 0 90 0 0 0.7071068 0 0.7071068 13.8889 0
3.1015 Head 0 1.6 0.78 12.30001 314.1 0 0.09865184 -0.3876837 0.04177367 0.9155458
3.1015 FirstCar -36.92366 0.025 2.97 0 90 0 0 0.7071068 0 0.7071068 13.8889 0
3.1029 Head 0 1.6 0.78 12.30001 314.1 0 0.09865184 -0.3876837 0.04177367 0.9155458
3.1029 FirstCar -36.90417 0.025 2.97 0 90 0 0 0.7071068 0 0.7071068 13.8889 0
3.1043 Head 0 1.6 0.78 12.30001 314.1 0 0.09865184 -0.3876837 0.04177367 0.9155458
3.1043 FirstCar -36.88525 0.025 2.97 0 90 0 0 0.7071068 0 0.7071068 13.8889 0
3.1056 Head 0 1.6 0.78 12.30001 314.1 0 0.09865184 -0.3876837 0.04177367 0.9155458
3.1056 FirstCar -36.86612 0.025 2.97 0 90 0 0 0.7071068 0 0.7071068 13.8889 0
3.1072 Head 0 1.6 0.78 12.30001 314.1 0 0.09865184 -0.3876837 0.04177367 0.9155458
3.1072 FirstCar -36.84407 0.025 2.97 0 90 0 0 0.7071068 0 0.7071068 13.8889 0
3.1088 Head 0 1.6 0.78 12.30001 314.1 0 0.09865184 -0.3876837 0.04177367 0.9155458
3.1088 FirstCar -36.82179 0.025 2.97 0 90 0 0 0.7071068 0 0.7071068 13.8889 0
3.1102 Head 0 1.6 0.78 12.30001 314.1 0 0.09865184 -0.3876837 0.04177367 0.9155458
3.1102 FirstCar -36.8027 0.025 2.97 0 90 0 0 0.7071068 0 0.7071068 13.8889 0
3.1116 Head 0 1.6 0.78 12.30001 314.1 0 0.09865184 -0.3876837 0.04177367 0.9155458
3.1116 FirstCar -36.7838 0.025 2.97 0 90 0 0 0.7071068 0 0.7071068 13.8889 0
3.1130 Head 0 1.6 0.78 12.30001 314.1 0 0.09865184 -0.3876837 0.04177367 0.9155458
3.1130 FirstCar -36.76425 0.025 2.97 0 90 0 0 0.7071068 0 0.7071068 13.8889 0
3.1144 Head 0 1.6 0.78 12.30001 314.1 0 0.09865184 -0.3876837 0.04177367 0.9155458
3.1144 FirstCar -36.74409 0.025 2.97 0 90 0 0 0.7071068 0 0.7071068 13.8889 0
3.1159 Head 0 1.6 0.78 12.30001 314.1 0 0.09865184 -0.3876837 0.04177367 0.9155458
3.1159 FirstCar -36.72292 0.025 2.97 0 90 0 0 0.7071068 0 0.7071068 13.8889 0
3.1175 Head 0 1.6 0.78 12.30001 314.1 0 0.09865184 -0.3876837 0.04177367 0.9155458
3.1175 FirstCar -36.7017 0.025 2.97 0 90 0 0 0.7071068 0 0.7071068 13.8889 0
3.1191 Head 0 1.6 0.78 12.30001 314.1 0 0.09865184 -0.3876837 0.04177367 0.9155458
3.1191 FirstCar -36.6794 0.025 2.97 0 90 0 0 0.7071068 0 0.7071068 13.8889 0
3.1206 Head 0 1.6 0.78 12.30001 314.1 0 0.09865184 -0.3876837 0.04177367 0.9155458
3.1206 FirstCar -36.65787 0.025 2.97 0 90 0 0 0.7071068 0 0.7071068 13.8889 0
3.1220 Head 0 1.6 0.78 12.30001 314.1 0 0.09865184 -0.3876837 0.04177367 0.9155458
3.1220 FirstCar -36.63819 0.025 2.97 0 90 0 0 0.7071068 0 0.7071068 13.8889 0
3.1234 Head 0 1.6 0.78 12.30001 314.1 0 0.09865184 -0.3876837 0.04177367 0.9155458
3.1234 FirstCar -36.619 0.025 2.97 0 90 0 0 0.7071068 0 0.7071068 13.8889 0
3.1248 Head 0 1.6 0.78 12.30001 314.1 0 0.09865184 -0.3876837 0.04177367 0.9155458
3.1248 FirstCar -36.59934 0.025 2.97 0 90 0 0 0.7071068 0 0.7071068 13.8889 0
3.1267 Head 0 1.6 0.78 12.30001 314.1 0 0.09865184 -0.3876837 0.04177367 0.9155458
3.1267 FirstCar -36.57384 0.025 2.97 0 90 0 0 0.7071068 0 0.7071068 13.8889 0
3.1281 Head 0 1.6 0.78 12.30001 314.1 0 0.09865184 -0.3876837 0.04177367 0.9155458
3.1281 FirstCar -36.55454 0.025 2.97 0 90 0 0 0.7071068 0 0.7071068 13.8889 0
3.1295 Head 0 1.6 0.78 12.30001 314.1 0 0.09865184 -0.3876837 0.04177367 0.9155458
3.1295 FirstCar -36.53453 0.025 2.97 0 90 0 0 0.7071068 0 0.7071068 13.8889 0
3.1310 Head 0 1.6 0.78 12.30001 314.1 0 0.09865184 -0.3876837 0.04177367 0.9155458
3.1310 FirstCar -36.51395 0.025 2.97 0 90 0 0 0.7071068 0 0.7071068 13.8889 0
3.1324 Head 0 1.6 0.78 12.30001 314.1 0 0.09865184 -0.3876837 0.04177367 0.9155458
3.1324 FirstCar -36.49377 0.025 2.97 0 90 0 0 0.7071068 0 0.7071068 13.8889 0
3.1338 Head 0 1.6 0.78 12.30001 314.1 0 0.09865184 -0.3876837 0.04177367 0.9155458
3.1338 FirstCar -36.47495 0.025 2.97 0 90 0 0 0.7071068 0 0.7071068 13.8889 0
3.1352 Head 0 1.6 0.78 12.30001 314.1 0 0.09865184 -0.3876837 0.04177367 0.9155458
3.1352 FirstCar -36.4561 0.025 2.97 0 90 0 0 0.7071068 0 0.7071068 13.8889 0
3.1369 Head 0 1.6 0.78 12.30001 314.1 0 0.09865184 -0.3876837 0.04177367 0.9155458
3.1369 FirstCar -36.43245 0.025 2.97 0 90 0 0 0.7071068 0 0.7071068 13.8889 0
3.1384 Head 0 1.6 0.78 12.30001 314.1 0 0.09865184 -0.3876837 0.04177367 0.9155458
3.1384 FirstCar -36.41052 0.025 2.97 0 90 0 0 0.7071068 0 0.7071068 13.8889 0
3.1399 Head 0 1.6 0.78 12.30001 314.1 0 0.09865184 -0.3876837 0.04177367 0.9155458
3.1399 FirstCar -36.38969 0.025 2.97 0 90 0 0 0.7071068 0 0.7071068 13.8889 0
3.1414 Head 0 1.6 0.78 12.30001 314.1 0 0.09865184 -0.3876837 0.04177367 0.9155458
3.1414 FirstCar -36.36892 0.025 2.97 0 90 0 0 0.7071068 0 0.7071068 13.8889 0
3.1432 Head 0 1.6 0.78 12.30001 314.1 0 0.09865184 -0.3876837 0.04177367 0.9155458
3.1432 FirstCar -36.34491 0.025 2.97 0 90 0 0 0.7071068 0 0.7071068 13.8889 0
3.1448 Head 0 1.6 0.78 12.30001 314.1 0 0.09865184 -0.3876837 0.04177367 0.9155458
3.1448 FirstCar -36.32284 0.025 2.97 0 90 0 0 0.7071068 0 0.7071068 13.8889 0
3.1463 Head 0 1.6 0.78 12.30001 314.1 0 0.09865184 -0.3876837 0.04177367 0.9155458
3.1463 FirstCar -36.30127 0.025 2.97 0 90 0 0 0.7071068 0 0.7071068 13.8889 0
3.1480 Head 0 1.6 0.78 12.30001 314.1 0 0.09865184 -0.3876837 0.04177367 0.9155458
3.1480 FirstCar -36.27767 0.025 2.97 0 90 0 0 0.7071068 0 0.7071068 13.8889 0
3.1495 Head 0 1.6 0.78 12.30001 314.1 0 0.09865184 -0.3876837 0.04177367 0.9155458
3.1495 FirstCar -36.25752 0.025 2.97 0 90 0 0 0.7071068 0 0.7071068 13.8889 0
3.1510 Head 0 1.6 0.78 12.30001 314.1 0 0.09865184 -0.3876837 0.04177367 0.9155458
3.1510 FirstCar -36.23581 0.025 2.97 0 90 0 0 0.7071068 0 0.7071068 13.8889 0
3.1525 Head 0 1.6 0.78 12.30001 314.1 0 0.09865184 -0.3876837 0.04177367 0.9155458
3.1525 FirstCar -36.21563 0.025 2.97 0 90 0 0 0.7071068 0 0.7071068 13.8889 0
3.1540 Head 0 1.6 0.78 12.30001 314.1 0 0.09865184 -0.3876837 0.04177367 0.9155458
3.1540 FirstCar -36.19486 0.025 2.97 0 90 0 0 0.7071068 0 0.7071068 13.8889 0
3.1555 Head 0 1.6 0.78 12.30001 314.1 0 0.09865184 -0.3876837 0.04177367 0.9155458
3.1555 FirstCar -36.17311 0.025 2.97 0 90 0 0 0.7071068 0 0.7071068 13.8889 0
3.1569 Head 0 1.6 0.78 12.30001 314.1 0 0.09865184 -0.3876837 0.04177367 0.9155458
3.1569 FirstCar -36.15345 0.025 2.97 0 90 0 0 0.7071068 0 0.7071068 13.8889 0
3.1583 Head 0 1.6 0.78 12.30001 314.1 0 0.09865184 -0.3876837 0.04177367 0.9155458
3.1583 FirstCar -36.13468 0.025 2.97 0 90 0 0 0.7071068 0 0.7071068 13.8889 0
3.1596 Head 0 1.6 0.78 12.30001 314.1 0 0.09865184 -0.3876837 0.04177367 0.9155458
3.1596 FirstCar -36.11633 0.025 2.97 0 90 0 0 0.7071068 0 0.7071068 13.8889 0
3.1610 Head 0 1.6 0.78 12.30001 314.1 0 0.09865184 -0.3876837 0.04177367 0.9155458
3.1610 FirstCar -36.09687 0.025 2.97 0 90 0 0 0.7071068 0 0.7071068 13.8889 0
3.1624 Head 0 1.6 0.78 12.30001 314.1 0 0.09865184 -0.3876837 0.04177367 0.9155458
3.1624 FirstCar -36.07722 0.025 2.97 0 90 0 0 0.7071068 0 0.7071068 13.8889 0
3.1639 Head 0 1.6 0.78 12.30001 314.1 0 0.09865184 -0.3876837 0.04177367 0.9155458
3.1639 FirstCar -36.05703 0.025 2.97 0 90 0 0 0.7071068 0 0.7071068 13.8889 0
3.1654 Head 0 1.6 0.78 12.30001 314.1 0 0.09865184 -0.3876837 0.04177367 0.9155458
3.1654 FirstCar -36.03675 0.025 2.97 0 90 0 0 0.7071068 0 0.7071068 13.8889 0
3.1673 Head 0 1.6 0.78 12.30001 314.1 0 0.09865184 -0.3876837 0.04177367 0.9155458
3.1673 FirstCar -36.01027 0.025 2.97 0 90 0 0 0.7071068 0 0.7071068 13.8889 0
3.1688 Head 0 1.6 0.78 12.30001 314.1 0 0.09865184 -0.3876837 0.04177367 0.9155458
3.1688 FirstCar -35.98912 0.025 2.97 0 90 0 0 0.7071068 0 0.7071068 13.8889 0
3.1703 Head 0 1.6 0.78 12.30001 314.1 0 0.09865184 -0.3876837 0.04177367 0.9155458
3.1703 FirstCar -35.96745 0.025 2.97 0 90 0 0 0.7071068 0 0.7071068 13.8889 0
3.1718 Head 0 1.6 0.78 12.30001 314.1 0 0.09865184 -0.3876837 0.04177367 0.9155458
3.1718 FirstCar -35.94768 0.025 2.97 0 90 0 0 0.7071068 0 0.7071068 13.8889 0
3.1731 Head 0 1.6 0.78 12.30001 314.1 0 0.09865184 -0.3876837 0.04177367 0.9155458
3.1731 FirstCar -35.92852 0.025 2.97 0 90 0 0 0.7071068 0 0.7071068 13.8889 0
3.1745 Head 0 1.6 0.78 12.30001 314.1 0 0.09865184 -0.3876837 0.04177367 0.9155458
3.1745 FirstCar -35.90968 0.025 2.97 0 90 0 0 0.7071068 0 0.7071068 13.8889 0
3.1759 Head 0 1.6 0.78 12.30001 314.1 0 0.09865184 -0.3876837 0.04177367 0.9155458
3.1759 FirstCar -35.89014 0.025 2.97 0 90 0 0 0.7071068 0 0.7071068 13.8889 0
3.1773 Head 0 1.6 0.78 12.30001 314.1 0 0.09865184 -0.3876837 0.04177367 0.9155458
3.1773 FirstCar -35.87048 0.025 2.97 0 90 0 0 0.7071068 0 0.7071068 13.8889 0
3.1787 Head 0 1.6 0.78 12.30001 314.1 0 0.09865184 -0.3876837 0.04177367 0.9155458
3.1787 FirstCar -35.85175 0.025 2.97 0 90 0 0 0.7071068 0 0.7071068 13.8889 0
3.1800 Head 0 1.6 0.78 12.30001 314.1 0 0.09865184 -0.3876837 0.04177367 0.9155458
3.1800 FirstCar -35.833 0.025 2.97 0 90 0 0 0.7071068 0 0.7071068 13.8889 0
3.1813 Head 0 1.6 0.78 12.30001 314.1 0 0.09865184 -0.3876837 0.04177367 0.9155458
3.1813 FirstCar -35.81486 0.025 2.97 0 90 0 0 0.7071068 0 0.7071068 13.8889 0
3.1827 Head 0 1.6 0.78 12.30001 314.1 0 0.09865184 -0.3876837 0.04177367 0.9155458
3.1827 FirstCar -35.79641 0.025 2.97 0 90 0 0 0.7071068 0 0.7071068 13.8889 0
3.1840 Head 0 1.6 0.78 12.30001 314.1 0 0.09865184 -0.3876837 0.04177367 0.9155458
3.1840 FirstCar -35.77732 0.025 2.97 0 90 0 0 0.7071068 0 0.7071068 13.8889 0
3.1856 Head 0 1.6 0.78 12.30001 314.1 0 0.09865184 -0.3876837 0.04177367 0.9155458
3.1856 FirstCar -35.75605 0.025 2.97 0 90 0 0 0.7071068 0 0.7071068 13.8889 0
3.1874 Head 0 1.6 0.78 12.30001 314.1 0 0.09865184 -0.3876837 0.04177367 0.9155458
3.1874 FirstCar -35.73029 0.025 2.97 0 90 0 0 0.7071068 0 0.7071068 13.8889 0
3.1889 Head 0 1.6 0.78 12.30001 314.1 0 0.09865184 -0.3876837 0.04177367 0.9155458
3.1889 FirstCar -35.70935 0.025 2.97 0 90 0 0 0.7071068 0 0.7071068 13.8889 0
3.1903 Head 0 1.6 0.78 12.30001 314.1 0 0.09865184 -0.3876837 0.04177367 0.9155458
3.1903 FirstCar -35.69037 0.025 2.97 0 90 0 0 0.7071068 0 0.7071068 13.8889 0
3.1916 Head 0 1.6 0.78 12.30001 314.1 0 0.09865184 -0.3876837 0.04177367 0.9155458
3.1916 FirstCar -35.67177 0.025 2.97 0 90 0 0 0.7071068 0 0.7071068 13.8889 0
3.1930 Head 0 1.6 0.78 12.30001 314.1 0 0.09865184 -0.3876837 0.04177367 0.9155458
3.1930 FirstCar -35.65265 0.025 2.97 0 90 0 0 0.7071068 0 0.7071068 13.8889 0
3.1944 Head 0 1.6 0.78 12.30001 314.1 0 0.09865184 -0.3876837 0.04177367 0.9155458
3.1944 FirstCar -35.63337 0.025 2.97 0 90 0 0 0.7071068 0 0.7071068 13.8889 0
3.1958 Head 0 1.6 0.78 12.30001 314.1 0 0.09865184 -0.3876837 0.04177367 0.9155458
3.1958 FirstCar -35.61324 0.025 2.97 0 90 0 0 0.7071068 0 0.7071068 13.8889 0
3.1974 Head 0 1.6 0.78 12.30001 314.1 0 0.09865184 -0.3876837 0.04177367 0.9155458
3.1974 FirstCar -35.59146 0.025 2.97 0 90 0 0 0.7071068 0 0.7071068 13.8889 0
3.1992 Head 0 1.6 0.78 12.30001 314.1 0 0.09865184 -0.3876837 0.04177367 0.9155458
3.1992 FirstCar -35.56712 0.025 2.97 0 90 0 0 0.7071068 0 0.7071068 13.8889 0
3.2008 Head 0 1.6 0.78 12.30001 314.1 0 0.09865184 -0.3876837 0.04177367 0.9155458
3.2008 FirstCar -35.54417 0.025 2.97 0 90 0 0 0.7071068 0 0.7071068 13.8889 0
3.2023 Head 0 1.6 0.78 12.30001 314.1 0 0.09865184 -0.3876837 0.04177367 0.9155458
3.2023 FirstCar -35.52361 0.025 2.97 0 90 0 0 0.7071068 0 0.7071068 13.8889 0
3.2039 Head 0 1.6 0.78 12.30001 314.1 0 0.09865184 -0.3876837 0.04177367 0.9155458
3.2039 FirstCar -35.50086 0.025 2.97 0 90 0 0 0.7071068 0 0.7071068 13.8889 0
3.2056 Head 0 1.6 0.78 12.30001 314.1 0 0.09865184 -0.3876837 0.04177367 0.9155458
3.2056 FirstCar -35.47723 0.025 2.97 0 90 0 0 0.7071068 0 0.7071068 13.8889 0
3.2074 Head 0 1.6 0.78 12.30001 314.1 0 0.09865184 -0.3876837 0.04177367 0.9155458
3.2074 FirstCar -35.4526 0.025 2.97 0 90 0 0 0.7071068 0 0.7071068 13.8889 0
3.2090 Head 0 1.6 0.78 12.30001 314.1 0 0.09865184 -0.3876837 0.04177367 0.9155458
3.2090 FirstCar -35.43071 0.025 2.97 0 90 0 0 0.7071068 0 0.7071068 13.8889 0
3.2106 Head 0 1.6 0.78 12.30001 314.1 0 0.09865184 -0.3876837 0.04177367 0.9155458
3.2106 FirstCar -35.40786 0.025 2.97 0 90 0 0 0.7071068 0 0.7071068 13.8889 0
3.2121 Head 0 1.6 0.78 12.30001 314.1 0 0.09865184 -0.3876837 0.04177367 0.9155458
3.2121 FirstCar -35.3874 0.025 2.97 0 90 0 0 0.7071068 0 0.7071068 13.8889 0
3.2136 Head 0 1.6 0.78 12.30001 314.1 0 0.09865184 -0.3876837 0.04177367 0.9155458
3.2136 FirstCar -35.3669 0.025 2.97 0 90 0 0 0.7071068 0 0.7071068 13.8889 0
3.2152 Head 0 1.6 0.78 12.30001 314.1 0 0.09865184 -0.3876837 0.04177367 0.9155458
3.2152 FirstCar -35.3443 0.025 2.97 0 90 0 0 0.7071068 0 0.7071068 13.8889 0
3.2168 Head 0 1.6 0.78 12.30001 314.1 0 0.09865184 -0.3876837 0.04177367 0.9155458
3.2168 FirstCar -35.32161 0.025 2.97 0 90 0 0 0.7071068 0 0.7071068 13.8889 0
3.2183 Head 0 1.6 0.78 12.30001 314.1 0 0.09865184 -0.3876837 0.04177367 0.9155458
3.2183 FirstCar -35.30169 0.025 2.97 0 90 0 0 0.7071068 0 0.7071068 13.8889 0
3.2197 Head 0 1.6 0.78 12.30001 314.1 0 0.09865184 -0.3876837 0.04177367 0.9155458
3.2197 FirstCar -35.28193 0.025 2.97 0 90 0 0 0.7071068 0 0.7071068 13.8889 0
3.2211 Head 0 1.6 0.78 12.30001 314.1 0 0.09865184 -0.3876837 0.04177367 0.9155458
3.2211 FirstCar -35.26225 0.025 2.97 0 90 0 0 0.7071068 0 0.7071068 13.8889 0
3.2225 Head 0 1.6 0.78 12.30001 314.1 0 0.09865184 -0.3876837 0.04177367 0.9155458
3.2225 FirstCar -35.2424 0.025 2.97 0 90 0 0 0.7071068 0 0.7071068 13.8889 0
3.2239 Head 0 1.6 0.78 12.30001 314.1 0 0.09865184 -0.3876837 0.04177367 0.9155458
3.2239 FirstCar -35.22343 0.025 2.97 0 90 0 0 0.7071068 0 0.7071068 13.8889 0
3.2254 Head 0 1.6 0.78 12.30001 314.1 0 0.09865184 -0.3876837 0.04177367 0.9155458
3.2254 FirstCar -35.20304 0.025 2.97 0 90 0 0 0.7071068 0 0.7071068 13.8889 0
3.2271 Head 0 1.6 0.78 12.30001 314.1 0 0.09865184 -0.3876837 0.04177367 0.9155458
3.2271 FirstCar -35.17939 0.025 2.97 0 90 0 0 0.7071068 0 0.7071068 13.8889 0
3.2286 Head 0 1.6 0.78 12.30001 314.1 0 0.09865184 -0.3876837 0.04177367 0.9155458
3.2286 FirstCar -35.15811 0.025 2.97 0 90 0 0 0.7071068 0 0.7071068 13.8889 0
3.2302 Head 0 1.6 0.78 12.30001 314.1 0 0.09865184 -0.3876837 0.04177367 0.9155458
3.2302 FirstCar -35.13645 0.025 2.97 0 90 0 0 0.7071068 0 0.7071068 13.8889 0
3.2317 Head 0 1.6 0.78 12.30001 314.1 0 0.09865184 -0.3876837 0.04177367 0.9155458
3.2317 FirstCar -35.1157 0.025 2.97 0 90 0 0 0.7071068 0 0.7071068 13.8889 0
3.2330 Head 0 1.6 0.78 12.30001 314.1 0 0.09865184 -0.3876837 0.04177367 0.9155458
3.2330 FirstCar -35.09657 0.025 2.97 0 90 0 0 0.7071068 0 0.7071068 13.8889 0
3.2344 Head 0 1.6 0.78 12.30001 314.1 0 0.09865184 -0.3876837 0.04177367 0.9155458
3.2344 FirstCar -35.0781 0.025 2.97 0 90 0 0 0.7071068 0 0.7071068 13.8889 0
3.2358 Head 0 1.6 0.78 12.30001 314.1 0 0.09865184 -0.3876837 0.04177367 0.9155458
3.2358 FirstCar -35.0588 0.025 2.97 0 90 0 0 0.7071068 0 0.7071068 13.8889 0
3.2372 Head 0 1.6 0.78 12.30001 314.1 0 0.09865184 -0.3876837 0.04177367 0.9155458
3.2372 FirstCar -35.03887 0.025 2.97 0 90 0 0 0.7071068 0 0.7071068 13.8889 0
3.2386 Head 0 1.6 0.78 12.30001 314.1 0 0.09865184 -0.3876837 0.04177367 0.9155458
3.2386 FirstCar -35.0193 0.025 2.97 0 90 0 0 0.7071068 0 0.7071068 13.8889 0
3.2400 Head 0 1.6 0.78 12.30001 314.1 0 0.09865184 -0.3876837 0.04177367 0.9155458
3.2400 FirstCar -35.00053 0.025 2.97 0 90 0 0 0.7071068 0 0.7071068 13.8889 0
3.2413 Head 0 1.6 0.78 12.30001 314.1 0 0.09865184 -0.3876837 0.04177367 0.9155458
3.2413 FirstCar -34.98214 0.025 2.97 0 90 0 0 0.7071068 0 0.7071068 13.8889 0
3.2427 Head 0 1.6 0.78 12.30001 314.1 0 0.09865184 -0.3876837 0.04177367 0.9155458
3.2427 FirstCar -34.96297 0.025 2.97 0 90 0 0 0.7071068 0 0.7071068 13.8889 0
3.2441 Head 0 1.6 0.78 12.30001 314.1 0 0.09865184 -0.3876837 0.04177367 0.9155458
3.2441 FirstCar -34.94278 0.025 2.97 0 90 0 0 0.7071068 0 0.7071068 13.8889 0
3.2456 Head 0 1.6 0.78 12.30001 314.1 0 0.09865184 -0.3876837 0.04177367 0.9155458
3.2456 FirstCar -34.922 0.025 2.97 0 90 0 0 0.7071068 0 0.7071068 13.8889 0
3.2472 Head 0 1.6 0.78 12.30001 314.1 0 0.09865184 -0.3876837 0.04177367 0.9155458
3.2472 FirstCar -34.8996 0.025 2.97 0 90 0 0 0.7071068 0 0.7071068 13.8889 0
3.2486 Head 0 1.6 0.78 12.30001 314.1 0 0.09865184 -0.3876837 0.04177367 0.9155458
3.2486 FirstCar -34.87996 0.025 2.97 0 90 0 0 0.7071068 0 0.7071068 13.8889 0
3.2500 Head 0 1.6 0.78 12.30001 314.1 0 0.09865184 -0.3876837 0.04177367 0.9155458
3.2500 FirstCar -34.86138 0.025 2.97 0 90 0 0 0.7071068 0 0.7071068 13.8889 0
3.2513 Head 0 1.6 0.78 12.30001 314.1 0 0.09865184 -0.3876837 0.04177367 0.9155458
3.2513 FirstCar -34.84287 0.025 2.97 0 90 0 0 0.7071068 0 0.7071068 13.8889 0
3.2528 Head 0 1.6 0.78 12.30001 314.1 0 0.09865184 -0.3876837 0.04177367 0.9155458
3.2528 FirstCar -34.82283 0.025 2.97 0 90 0 0 0.7071068 0 0.7071068 13.8889 0
3.2542 Head 0 1.6 0.78 12.30001 314.1 0 0.09865184 -0.3876837 0.04177367 0.9155458
3.2542 FirstCar -34.80296 0.025 2.97 0 90 0 0 0.7071068 0 0.7071068 13.8889 0
3.2556 Head 0 1.6 0.78 12.30001 314.1 0 0.09865184 -0.3876837 0.04177367 0.9155458
3.2556 FirstCar -34.78262 0.025 2.97 0 90 0 0 0.7071068 0 0.7071068 13.8889 0
3.2571 Head 0 1.6 0.78 12.30001 314.1 0 0.09865184 -0.3876837 0.04177367 0.9155458
3.2571 FirstCar -34.76184 0.025 2.97 0 90 0 0 0.7071068 0 0.7071068 13.8889 0
3.2589 Head 0 1.6 0.78 12.30001 314.1 0 0.09865184 -0.3876837 0.04177367 0.9155458
3.2589 FirstCar -34.73771 0.025 2.97 0 90 0 0 0.7071068 0 0.7071068 13.8889 0
3.2605 Head 0 1.6 0.78 12.30001 314.1 0 0.09865184 -0.3876837 0.04177367 0.9155458
3.2605 FirstCar -34.71579 0.025 2.97 0 90 0 0 0.7071068 0 0.7071068 13.8889 0
3.2621 Head 0 1.6 0.78 12.30001 314.1 0 0.09865184 -0.3876837 0.04177367 0.9155458
3.2621 FirstCar -34.69356 0.025 2.97 0 90 0 0 0.7071068 0 0.7071068 13.8889 0
3.2636 Head 0 1.6 0.78 12.30001 314.1 0 0.09865184 -0.3876837 0.04177367 0.9155458
3.2636 FirstCar -34.67225 0.025 2.97 0 90 0 0 0.7071068 0 0.7071068 13.8889 0
3.2650 Head 0 1.6 0.78 12.30001 314.1 0 0.09865184 -0.3876837 0.04177367 0.9155458
3.2650 FirstCar -34.65234 0.025 2.97 0 90 0 0 0.7071068 0 0.7071068 13.8889 0
3.2668 Head 0 1.6 0.78 12.30001 314.1 0 0.09865184 -0.3876837 0.04177367 0.9155458
3.2668 FirstCar -34.62819 0.025 2.97 0 90 0 0 0.7071068 0 0.7071068 13.8889 0
3.2683 Head 0 1.6 0.78 12.30001 314.1 0 0.09865184 -0.3876837 0.04177367 0.9155458
3.2683 FirstCar -34.60704 0.025 2.97 0 90 0 0 0.7071068 0 0.7071068 13.8889 0
3.2698 Head 0 1.6 0.78 12.30001 314.1 0 0.09865184 -0.3876837 0.04177367 0.9155458
3.2698 FirstCar -34.58658 0.025 2.97 0 90 0 0 0.7071068 0 0.7071068 13.8889 0
3.2712 Head 0 1.6 0.78 12.30001 314.1 0 0.09865184 -0.3876837 0.04177367 0.9155458
3.2712 FirstCar -34.56726 0.025 2.97 0 90 0 0 0.7071068 0 0.7071068 13.8889 0
3.2726 Head 0 1.6 0.78 12.30001 314.1 0 0.09865184 -0.3876837 0.04177367 0.9155458
3.2726 FirstCar -34.54739 0.025 2.97 0 90 0 0 0.7071068 0 0.7071068 13.8889 0
3.2742 Head 0 1.6 0.78 12.30001 314.1 0 0.09865184 -0.3876837 0.04177367 0.9155458
3.2742 FirstCar -34.52505 0.025 2.97 0 90 0 0 0.7071068 0 0.7071068 13.8889 0
3.2757 Head 0 1.6 0.78 12.30001 314.1 0 0.09865184 -0.3876837 0.04177367 0.9155458
3.2757 FirstCar -34.50443 0.025 2.97 0 90 0 0 0.7071068 0 0.7071068 13.8889 0
3.2772 Head 0 1.6 0.78 12.30001 314.1 0 0.09865184 -0.3876837 0.04177367 0.9155458
3.2772 FirstCar -34.48348 0.025 2.97 0 90 0 0 0.7071068 0 0.7071068 13.8889 0
3.2787 Head 0 1.6 0.78 12.30001 314.1 0 0.09865184 -0.3876837 0.04177367 0.9155458
3.2787 FirstCar -34.46311 0.025 2.97 0 90 0 0 0.7071068 0 0.7071068 13.8889 0
3.2803 Head 0 1.6 0.78 12.30001 314.1 0 0.09865184 -0.3876837 0.04177367 0.9155458
3.2803 FirstCar -34.44056 0.025 2.97 0 90 0 0 0.7071068 0 0.7071068 13.8889 0
3.2818 Head 0 1.6 0.78 12.30001 314.1 0 0.09865184 -0.3876837 0.04177367 0.9155458
3.2818 FirstCar -34.41967 0.025 2.97 0 90 0 0 0.7071068 0 0.7071068 13.8889 0
3.2833 Head 0 1.6 0.78 12.30001 314.1 0 0.09865184 -0.3876837 0.04177367 0.9155458
3.2833 FirstCar -34.39869 0.025 2.97 0 90 0 0 0.7071068 0 0.7071068 13.8889 0
3.2848 Head 0 1.6 0.78 12.30001 314.1 0 0.09865184 -0.3876837 0.04177367 0.9155458
3.2848 FirstCar -34.37742 0.025 2.97 0 90 0 0 0.7071068 0 0.7071068 13.8889 0
3.2867 Head 0 1.6 0.78 12.30001 314.1 0 0.09865184 -0.3876837 0.04177367 0.9155458
3.2867 FirstCar -34.35147 0.025 2.97 0 90 0 0 0.7071068 0 0.7071068 13.8889 0
3.2882 Head 0 1.6 0.78 12.30001 314.1 0 0.09865184 -0.3876837 0.04177367 0.9155458
3.2882 FirstCar -34.33059 0.025 2.97 0 90 0 0 0.7071068 0 0.7071068 13.8889 0
3.2899 Head 0 1.6 0.78 12.30001 314.1 0 0.09865184 -0.3876837 0.04177367 0.9155458
3.2899 FirstCar -34.30703 0.025 2.97 0 90 0 0 0.7071068 0 0.7071068 13.8889 0
3.2917 Head 0 1.6 0.78 12.30001 314.1 0 0.09865184 -0.3876837 0.04177367 0.9155458
3.2917 FirstCar -34.2822 0.025 2.97 0 90 0 0 0.7071068 0 0.7071068 13.8889 0
3.2933 Head 0 1.6 0.78 12.30001 314.1 0 0.09865184 -0.3876837 0.04177367 0.9155458
3.2933 FirstCar -34.25965 0.025 2.97 0 90 0 0 0.7071068 0 0.7071068 13.8889 0
3.2949 Head 0 1.6 0.78 12.30001 314.1 0 0.09865184 -0.3876837 0.04177367 0.9155458
3.2949 FirstCar -34.23713 0.025 2.97 0 90 0 0 0.7071068 0 0.7071068 13.8889 0
3.2967 Head 0 1.6 0.78 12.30001 314.1 0 0.09865184 -0.3876837 0.04177367 0.9155458
3.2967 FirstCar -34.21196 0.025 2.97 0 90 0 0 0.7071068 0 0.7071068 13.8889 0
3.2982 Head 0 1.6 0.78 12.30001 314.1 0 0.09865184 -0.3876837 0.04177367 0.9155458
3.2982 FirstCar -34.19212 0.025 2.97 0 90 0 0 0.7071068 0 0.7071068 13.8889 0
3.2995 Head 0 1.6 0.78 12.30001 314.1 0 0.09865184 -0.3876837 0.04177367 0.9155458
3.2995 FirstCar -34.1733 0.025 2.97 0 90 0 0 0.7071068 0 0.7071068 13.8889 0
3.3009 Head 0 1.6 0.78 12.30001 314.1 0 0.09865184 -0.3876837 0.04177367 0.9155458
3.3009 FirstCar -34.15478 0.025 2.97 0 90 0 0 0.7071068 0 0.7071068 13.8889 0
3.3022 Head 0 1.6 0.78 12.30001 314.1 0 0.09865184 -0.3876837 0.04177367 0.9155458
3.3022 FirstCar -34.13634 0.025 2.97 0 90 0 0 0.7071068 0 0.7071068 13.8889 0
3.3036 Head 0 1.6 0.78 12.30001 314.1 0 0.09865184 -0.3876837 0.04177367 0.9155458
3.3036 FirstCar -34.11679 0.025 2.97 0 90 0 0 0.7071068 0 0.7071068 13.8889 0
3.3050 Head 0 1.6 0.78 12.30001 314.1 0 0.09865184 -0.3876837 0.04177367 0.9155458
3.3050 FirstCar -34.09711 0.025 2.97 0 90 0 0 0.7071068 0 0.7071068 13.8889 0
3.3067 Head 0 1.6 0.78 12.30001 314.1 0 0.09865184 -0.3876837 0.04177367 0.9155458
3.3067 FirstCar -34.07322 0.025 2.97 0 90 0 0 0.7071068 0 0.7071068 13.8889 0
3.3081 Head 0 1.6 0.78 12.30001 314.1 0 0.09865184 -0.3876837 0.04177367 0.9155458
3.3081 FirstCar -34.05346 0.025 2.97 0 90 0 0 0.7071068 0 0.7071068 13.8889 0
3.3095 Head 0 1.6 0.78 12.30001 314.1 0 0.09865184 -0.3876837 0.04177367 0.9155458
3.3095 FirstCar -34.03491 0.025 2.97 0 90 0 0 0.7071068 0 0.7071068 13.8889 0
3.3108 Head 0 1.6 0.78 12.30001 314.1 0 0.09865184 -0.3876837 0.04177367 0.9155458
3.3108 FirstCar -34.01661 0.025 2.97 0 90 0 0 0.7071068 0 0.7071068 13.8889 0
3.3121 Head 0 1.6 0.78 12.30001 314.1 0 0.09865184 -0.3876837 0.04177367 0.9155458
3.3121 FirstCar -33.99794 0.025 2.97 0 90 0 0 0.7071068 0 0.7071068 13.8889 0
3.3135 Head 0 1.6 0.78 12.30001 314.1 0 0.09865184 -0.3876837 0.04177367 0.9155458
3.3135 FirstCar -33.97906 0.025 2.97 0 90 0 0 0.7071068 0 0.7071068 13.8889 0
3.3149 Head 0 1.6 0.78 12.30001 314.1 0 0.09865184 -0.3876837 0.04177367 0.9155458
3.3149 FirstCar -33.95983 0.025 2.97 0 90 0 0 0.7071068 0 0.7071068 13.8889 0
3.3163 Head 0 1.6 0.78 12.30001 314.1 0 0.09865184 -0.3876837 0.04177367 0.9155458
3.3163 FirstCar -33.94024 0.025 2.97 0 90 0 0 0.7071068 0 0.7071068 13.8889 0
3.3176 Head 0 1.6 0.78 12.30001 314.1 0 0.09865184 -0.3876837 0.04177367 0.9155458
3.3176 FirstCar -33.92159 0.025 2.97 0 90 0 0 0.7071068 0 0.7071068 13.8889 0
3.3190 Head 0 1.6 0.78 12.30001 314.1 0 0.09865184 -0.3876837 0.04177367 0.9155458
3.3190 FirstCar -33.90219 0.025 2.97 0 90 0 0 0.7071068 0 0.7071068 13.8889 0
3.3205 Head 0 1.6 0.78 12.30001 314.1 0 0.09865184 -0.3876837 0.04177367 0.9155458
3.3205 FirstCar -33.88232 0.025 2.97 0 90 0 0 0.7071068 0 0.7071068 13.8889 0
3.3219 Head 0 1.6 0.78 12.30001 314.1 0 0.09865184 -0.3876837 0.04177367 0.9155458
3.3219 FirstCar -33.86284 0.025 2.97 0 90 0 0 0.7071068 0 0.7071068 13.8889 0
3.3233 Head 0 1.6 0.78 12.30001 314.1 0 0.09865184 -0.3876837 0.04177367 0.9155458
3.3233 FirstCar -33.84301 0.025 2.97 0 90 0 0 0.7071068 0 0.7071068 13.8889 0
3.3249 Head 0 1.6 0.78 12.30001 314.1 0 0.09865184 -0.3876837 0.04177367 0.9155458
3.3249 FirstCar -33.82089 0.025 2.97 0 90 0 0 0.7071068 0 0.7071068 13.8889 0
3.3269 Head 0 1.6 0.78 12.30001 314.1 0 0.09865184 -0.3876837 0.04177367 0.9155458
3.3269 FirstCar -33.7929 0.025 2.97 0 90 0 0 0.7071068 0 0.7071068 13.8889 0
3.3284 Head 0 1.6 0.78 12.30001 314.1 0 0.09865184 -0.3876837 0.04177367 0.9155458
3.3284 FirstCar -33.77183 0.025 2.97 0 90 0 0 0.7071068 0 0.7071068 13.8889 0
3.3299 Head 0 1.6 0.78 12.30001 314.1 0 0.09865184 -0.3876837 0.04177367 0.9155458
3.3299 FirstCar -33.75104 0.025 2.97 0 90 0 0 0.7071068 0 0.7071068 13.8889 0
3.3313 Head 0 1.6 0.78 12.30001 314.1 0 0.09865184 -0.3876837 0.04177367 0.9155458
3.3313 FirstCar -33.73167 0.025 2.97 0 90 0 0 0.7071068 0 0.7071068 13.8889 0
3.3327 Head 0 1.6 0.78 12.30001 314.1 0 0.09865184 -0.3876837 0.04177367 0.9155458
3.3327 FirstCar -33.71241 0.025 2.97 0 90 0 0 0.7071068 0 0.7071068 13.8889 0
3.3341 Head 0 1.6 0.78 12.30001 314.1 0 0.09865184 -0.3876837 0.04177367 0.9155458
3.3341 FirstCar -33.69244 0.025 2.97 0 90 0 0 0.7071068 0 0.7071068 13.8889 0
3.3356 Head 0 1.6 0.78 12.30001 314.1 0 0.09865184 -0.3876837 0.04177367 0.9155458
3.3356 FirstCar -33.67155 0.025 2.97 0 90 0 0 0.7071068 0 0.7071068 13.8889 0
3.3371 Head 0 1.6 0.78 12.30001 314.1 0 0.09865184 -0.3876837 0.04177367 0.9155458
3.3371 FirstCar -33.65112 0.025 2.97 0 90 0 0 0.7071068 0 0.7071068 13.8889 0
3.3385 Head 0 1.6 0.78 12.30001 314.1 0 0.09865184 -0.3876837 0.04177367 0.9155458
3.3385 FirstCar -33.63181 0.025 2.97 0 90 0 0 0.7071068 0 0.7071068 13.8889 0
3.3402 Head 0 1.6 0.78 12.30001 314.1 0 0.09865184 -0.3876837 0.04177367 0.9155458
3.3402 FirstCar -33.60862 0.025 2.97 0 90 0 0 0.7071068 0 0.7071068 13.8889 0
3.3417 Head 0 1.6 0.78 12.30001 314.1 0 0.09865184 -0.3876837 0.04177367 0.9155458
3.3417 FirstCar -33.58806 0.025 2.97 0 90 0 0 0.7071068 0 0.7071068 13.8889 0
3.3431 Head 0 1.6 0.78 12.30001 314.1 0 0.09865184 -0.3876837 0.04177367 0.9155458
3.3431 FirstCar -33.56773 0.025 2.97 0 90 0 0 0.7071068 0 0.7071068 13.8889 0
3.3445 Head 0 1.6 0.78 12.30001 314.1 0 0.09865184 -0.3876837 0.04177367 0.9155458
3.3445 FirstCar -33.5484 0.025 2.97 0 90 0 0 0.7071068 0 0.7071068 13.8889 0
3.3463 Head 0 1.6 0.78 12.30001 314.1 0 0.09865184 -0.3876837 0.04177367 0.9155458
3.3463 FirstCar -33.52346 0.025 2.97 0 90 0 0 0.7071068 0 0.7071068 13.8889 0
3.3481 Head 0 1.6 0.78 12.30001 314.1 0 0.09865184 -0.3876837 0.04177367 0.9155458
3.3481 FirstCar -33.49851 0.025 2.97 0 90 0 0 0.7071068 0 0.7071068 13.8889 0
3.3497 Head 0 1.6 0.78 12.30001 314.1 0 0.09865184 -0.3876837 0.04177367 0.9155458
3.3497 FirstCar -33.47607 0.025 2.97 0 90 0 0 0.7071068 0 0.7071068 13.8889 0
3.3512 Head 0 1.6 0.78 12.30001 314.1 0 0.09865184 -0.3876837 0.04177367 0.9155458
3.3512 FirstCar -33.45527 0.025 2.97 0 90 0 0 0.7071068 0 0.7071068 13.8889 0
3.3527 Head 0 1.6 0.78 12.30001 314.1 0 0.09865184 -0.3876837 0.04177367 0.9155458
3.3527 FirstCar -33.43517 0.025 2.97 0 90 0 0 0.7071068 0 0.7071068 13.8889 0
3.3542 Head 0 1.6 0.78 12.30001 314.1 0 0.09865184 -0.3876837 0.04177367 0.9155458
3.3542 FirstCar -33.41381 0.025 2.97 0 90 0 0 0.7071068 0 0.7071068 13.8889 0
3.3558 Head 0 1.6 0.78 12.30001 314.1 0 0.09865184 -0.3876837 0.04177367 0.9155458
3.3558 FirstCar -33.39213 0.025 2.97 0 90 0 0 0.7071068 0 0.7071068 13.8889 0
3.3573 Head 0 1.6 0.78 12.30001 314.1 0 0.09865184 -0.3876837 0.04177367 0.9155458
3.3573 FirstCar -33.37132 0.025 2.97 0 90 0 0 0.7071068 0 0.7071068 13.8889 0
3.3587 Head 0 1.6 0.78 12.30001 314.1 0 0.09865184 -0.3876837 0.04177367 0.9155458
3.3587 FirstCar -33.35135 0.025 2.97 0 90 0 0 0.7071068 0 0.7071068 13.8889 0
3.3602 Head 0 1.6 0.78 12.30001 314.1 0 0.09865184 -0.3876837 0.04177367 0.9155458
3.3602 FirstCar -33.33007 0.025 2.97 0 90 0 0 0.7071068 0 0.7071068 13.8889 0
3.3618 Head 0 1.6 0.78 12.30001 314.1 0 0.09865184 -0.3876837 0.04177367 0.9155458
3.3618 FirstCar -33.30808 0.025 2.97 0 90 0 0 0.7071068 0 0.7071068 13.8889 0
3.3632 Head 0 1.6 0.78 12.30001 314.1 0 0.09865184 -0.3876837 0.04177367 0.9155458
3.3632 FirstCar -33.28852 0.025 2.97 0 90 0 0 0.7071068 0 0.7071068 13.8889 0
3.3646 Head 0 1.6 0.78 12.30001 314.1 0 0.09865184 -0.3876837 0.04177367 0.9155458
3.3646 FirstCar -33.26949 0.025 2.97 0 90 0 0 0.7071068 0 0.7071068 13.8889 0
3.3660 Head 0 1.6 0.78 12.30001 314.1 0 0.09865184 -0.3876837 0.04177367 0.9155458
3.3660 FirstCar -33.2506 0.025 2.97 0 90 0 0 0.7071068 0 0.7071068 13.8889 0
3.3676 Head 0 1.6 0.78 12.30001 314.1 0 0.09865184 -0.3876837 0.04177367 0.9155458
3.3676 FirstCar -33.22837 0.025 2.97 0 90 0 0 0.7071068 0 0.7071068 13.8889 0
3.3690 Head 0 1.6 0.78 12.30001 314.1 0 0.09865184 -0.3876837 0.04177367 0.9155458
3.3690 FirstCar -33.20866 0.025 2.97 0 90 0 0 0.7071068 0 0.7071068 13.8889 0
3.3704 Head 0 1.6 0.78 12.30001 314.1 0 0.09865184 -0.3876837 0.04177367 0.9155458
3.3704 FirstCar -33.18924 0.025 2.97 0 90 0 0 0.7071068 0 0.7071068 13.8889 0
3.3718 Head 0 1.6 0.78 12.30001 314.1 0 0.09865184 -0.3876837 0.04177367 0.9155458
3.3718 FirstCar -33.16954 0.025 2.97 0 90 0 0 0.7071068 0 0.7071068 13.8889 0
3.3732 Head 0 1.6 0.78 12.30001 314.1 0 0.09865184 -0.3876837 0.04177367 0.9155458
3.3732 FirstCar -33.15047 0.025 2.97 0 90 0 0 0.7071068 0 0.7071068 13.8889 0
3.3745 Head 0 1.6 0.78 12.30001 314.1 0 0.09865184 -0.3876837 0.04177367 0.9155458
3.3745 FirstCar -33.13178 0.025 2.97 0 90 0 0 0.7071068 0 0.7071068 13.8889 0
3.3759 Head 0 1.6 0.78 12.30001 314.1 0 0.09865184 -0.3876837 0.04177367 0.9155458
3.3759 FirstCar -33.11299 0.025 2.97 0 90 0 0 0.7071068 0 0.7071068 13.8889 0
3.3772 Head 0 1.6 0.78 12.30001 314.1 0 0.09865184 -0.3876837 0.04177367 0.9155458
3.3772 FirstCar -33.09421 0.025 2.97 0 90 0 0 0.7071068 0 0.7071068 13.8889 0
3.3786 Head 0 1.6 0.78 12.30001 314.1 0 0.09865184 -0.3876837 0.04177367 0.9155458
3.3786 FirstCar -33.07489 0.025 2.97 0 90 0 0 0.7071068 0 0.7071068 13.8889 0
3.3799 Head 0 1.6 0.78 12.30001 314.1 0 0.09865184 -0.3876837 0.04177367 0.9155458
3.3799 FirstCar -33.05658 0.025 2.97 0 90 0 0 0.7071068 0 0.7071068 13.8889 0
3.3812 Head 0 1.6 0.78 12.30001 314.1 0 0.09865184 -0.3876837 0.04177367 0.9155458
3.3812 FirstCar -33.03859 0.025 2.97 0 90 0 0 0.7071068 0 0.7071068 13.8889 0
3.3826 Head 0 1.6 0.78 12.30001 314.1 0 0.09865184 -0.3876837 0.04177367 0.9155458
3.3826 FirstCar -33.02 0.025 2.97 0 90 0 0 0.7071068 0 0.7071068 13.8889 0
3.3839 Head 0 1.6 0.78 12.30001 314.1 0 0.09865184 -0.3876837 0.04177367 0.9155458
3.3839 FirstCar -33.00124 0.025 2.97 0 90 0 0 0.7071068 0 0.7071068 13.8889 0
3.3854 Head 0 1.6 0.78 12.30001 314.1 0 0.09865184 -0.3876837 0.04177367 0.9155458
3.3854 FirstCar -32.98059 0.025 2.97 0 90 0 0 0.7071068 0 0.7071068 13.8889 0
3.3873 Head 0 1.6 0.78 12.30001 314.1 0 0.09865184 -0.3876837 0.04177367 0.9155458
3.3873 FirstCar -32.95437 0.025 2.97 0 90 0 0 0.7071068 0 0.7071068 13.8889 0
3.3889 Head 0 1.6 0.78 12.30001 314.1 0 0.09865184 -0.3876837 0.04177367 0.9155458
3.3889 FirstCar -32.93148 0.025 2.97 0 90 0 0 0.7071068 0 0.7071068 13.8889 0
3.3907 Head 0 1.6 0.78 12.30001 314.1 0 0.09865184 -0.3876837 0.04177367 0.9155458
3.3907 FirstCar -32.9069 0.025 2.97 0 90 0 0 0.7071068 0 0.7071068 13.8889 0
3.3922 Head 0 1.6 0.78 12.30001 314.1 0 0.09865184 -0.3876837 0.04177367 0.9155458
3.3922 FirstCar -32.88544 0.025 2.97 0 90 0 0 0.7071068 0 0.7071068 13.8889 0
3.3937 Head 0 1.6 0.78 12.30001 314.1 0 0.09865184 -0.3876837 0.04177367 0.9155458
3.3937 FirstCar -32.86494 0.025 2.97 0 90 0 0 0.7071068 0 0.7071068 13.8889 0
3.3951 Head 0 1.6 0.78 12.30001 314.1 0 0.09865184 -0.3876837 0.04177367 0.9155458
3.3951 FirstCar -32.84568 0.025 2.97 0 90 0 0 0.7071068 0 0.7071068 13.8889 0
3.3966 Head 0 1.6 0.78 12.30001 314.1 0 0.09865184 -0.3876837 0.04177367 0.9155458
3.3966 FirstCar -32.82539 0.025 2.97 0 90 0 0 0.7071068 0 0.7071068 13.8889 0
3.3980 Head 0 1.6 0.78 12.30001 314.1 0 0.09865184 -0.3876837 0.04177367 0.9155458
3.3980 FirstCar -32.80598 0.025 2.97 0 90 0 0 0.7071068 0 0.7071068 13.8889 0
3.3993 Head 0 1.6 0.78 12.30001 314.1 0 0.09865184 -0.3876837 0.04177367 0.9155458
3.3993 FirstCar -32.78691 0.025 2.97 0 90 0 0 0.7071068 0 0.7071068 13.8889 0
3.4007 Head 0 1.6 0.78 12.30001 314.1 0 0.09865184 -0.3876837 0.04177367 0.9155458
3.4007 FirstCar -32.76757 0.025 2.97 0 90 0 0 0.7071068 0 0.7071068 13.8889 0
3.4022 Head 0 1.6 0.78 12.30001 314.1 0 0.09865184 -0.3876837 0.04177367 0.9155458
3.4022 FirstCar -32.74752 0.025 2.97 0 90 0 0 0.7071068 0 0.7071068 13.8889 0
3.4038 Head 0 1.6 0.78 12.30001 314.1 0 0.09865184 -0.3876837 0.04177367 0.9155458
3.4038 FirstCar -32.72534 0.025 2.97 0 90 0 0 0.7071068 0 0.7071068 13.8889 0
3.4055 Head 0 1.6 0.78 12.30001 314.1 0 0.09865184 -0.3876837 0.04177367 0.9155458
3.4055 FirstCar -32.70163 0.025 2.97 0 90 0 0 0.7071068 0 0.7071068 13.8889 0
3.4075 Head 0 1.6 0.78 12.30001 314.1 0 0.09865184 -0.3876837 0.04177367 0.9155458
3.4075 FirstCar -32.67331 0.025 2.97 0 90 0 0 0.7071068 0 0.7071068 13.8889 0
3.4093 Head 0 1.6 0.78 12.30001 314.1 0 0.09865184 -0.3876837 0.04177367 0.9155458
3.4093 FirstCar -32.64811 0.025 2.97 0 90 0 0 0.7071068 0 0.7071068 13.8889 0
3.4110 Head 0 1.6 0.78 12.30001 314.1 0 0.09865184 -0.3876837 0.04177367 0.9155458
3.4110 FirstCar -32.62463 0.025 2.97 0 90 0 0 0.7071068 0 0.7071068 13.8889 0
3.4126 Head 0 1.6 0.78 12.30001 314.1 0 0.09865184 -0.3876837 0.04177367 0.9155458
3.4126 FirstCar -32.60273 0.025 2.97 0 90 0 0 0.7071068 0 0.7071068 13.8889 0
3.4142 Head 0 1.6 0.78 12.30001 314.1 0 0.09865184 -0.3876837 0.04177367 0.9155458
3.4142 FirstCar -32.58095 0.025 2.97 0 90 0 0 0.7071068 0 0.7071068 13.8889 0
3.4157 Head 0 1.6 0.78 12.30001 314.1 0 0.09865184 -0.3876837 0.04177367 0.9155458
3.4157 FirstCar -32.55984 0.025 2.97 0 90 0 0 0.7071068 0 0.7071068 13.8889 0
3.4173 Head 0 1.6 0.78 12.30001 314.1 0 0.09865184 -0.3876837 0.04177367 0.9155458
3.4173 FirstCar -32.53786 0.025 2.97 0 90 0 0 0.7071068 0 0.7071068 13.8889 0
3.4189 Head 0 1.6 0.78 12.30001 314.1 0 0.09865184 -0.3876837 0.04177367 0.9155458
3.4189 FirstCar -32.51483 0.025 2.97 0 90 0 0 0.7071068 0 0.7071068 13.8889 0
3.4206 Head 0 1.6 0.78 12.30001 314.1 0 0.09865184 -0.3876837 0.04177367 0.9155458
3.4206 FirstCar -32.49096 0.025 2.97 0 90 0 0 0.7071068 0 0.7071068 13.8889 0
3.4223 Head 0 1.6 0.78 12.30001 314.1 0 0.09865184 -0.3876837 0.04177367 0.9155458
3.4223 FirstCar -32.46811 0.025 2.97 0 90 0 0 0.7071068 0 0.7071068 13.8889 0
3.4240 Head 0 1.6 0.78 12.30001 314.1 0 0.09865184 -0.3876837 0.04177367 0.9155458
3.4240 FirstCar -32.44468 0.025 2.97 0 90 0 0 0.7071068 0 0.7071068 13.8889 0
3.4255 Head 0 1.6 0.78 12.30001 314.1 0 0.09865184 -0.3876837 0.04177367 0.9155458
3.4255 FirstCar -32.42361 0.025 2.97 0 90 0 0 0.7071068 0 0.7071068 13.8889 0
3.4272 Head 0 1.6 0.78 12.30001 314.1 0 0.09865184 -0.3876837 0.04177367 0.9155458
3.4272 FirstCar -32.39933 0.025 2.97 0 90 0 0 0.7071068 0 0.7071068 13.8889 0
3.4287 Head 0 1.6 0.78 12.30001 314.1 0 0.09865184 -0.3876837 0.04177367 0.9155458
3.4287 FirstCar -32.37875 0.025 2.97 0 90 0 0 0.7071068 0 0.7071068 13.8889 0
3.4302 Head 0 1.6 0.78 12.30001 314.1 0 0.09865184 -0.3876837 0.04177367 0.9155458
3.4302 FirstCar -32.35856 0.025 2.97 0 90 0 0 0.7071068 0 0.7071068 13.8889 0
3.4315 Head 0 1.6 0.78 12.30001 314.1 0 0.09865184 -0.3876837 0.04177367 0.9155458
3.4315 FirstCar -32.3398 0.025 2.97 0 90 0 0 0.7071068 0 0.7071068 13.8889 0
3.4330 Head 0 1.6 0.78 12.30001 314.1 0 0.09865184 -0.3876837 0.04177367 0.9155458
3.4330 FirstCar -32.31997 0.025 2.97 0 90 0 0 0.7071068 0 0.7071068 13.8889 0
3.4343 Head 0 1.6 0.78 12.30001 314.1 0 0.09865184 -0.3876837 0.04177367 0.9155458
3.4343 FirstCar -32.30084 0.025 2.97 0 90 0 0 0.7071068 0 0.7071068 13.8889 0
3.4357 Head 0 1.6 0.78 12.30001 314.1 0 0.09865184 -0.3876837 0.04177367 0.9155458
3.4357 FirstCar -32.28186 0.025 2.97 0 90 0 0 0.7071068 0 0.7071068 13.8889 0
3.4372 Head 0 1.6 0.78 12.30001 314.1 0 0.09865184 -0.3876837 0.04177367 0.9155458
3.4372 FirstCar -32.26171 0.025 2.97 0 90 0 0 0.7071068 0 0.7071068 13.8889 0
3.4385 Head 0 1.6 0.78 12.30001 314.1 0 0.09865184 -0.3876837 0.04177367 0.9155458
3.4385 FirstCar -32.2432 0.025 2.97 0 90 0 0 0.7071068 0 0.7071068 13.8889 0
3.4398 Head 0 1.6 0.78 12.30001 314.1 0 0.09865184 -0.3876837 0.04177367 0.9155458
3.4398 FirstCar -32.22428 0.025 2.97 0 90 0 0 0.7071068 0 0.7071068 13.8889 0
3.4412 Head 0 1.6 0.78 12.30001 314.1 0 0.09865184 -0.3876837 0.04177367 0.9155458
3.4412 FirstCar -32.20571 0.025 2.97 0 90 0 0 0.7071068 0 0.7071068 13.8889 0
3.4425 Head 0 1.6 0.78 12.30001 314.1 0 0.09865184 -0.3876837 0.04177367 0.9155458
3.4425 FirstCar -32.18719 0.025 2.97 0 90 0 0 0.7071068 0 0.7071068 13.8889 0
3.4438 Head 0 1.6 0.78 12.30001 314.1 0 0.09865184 -0.3876837 0.04177367 0.9155458
3.4438 FirstCar -32.16885 0.025 2.97 0 90 0 0 0.7071068 0 0.7071068 13.8889 0
3.4452 Head 0 1.6 0.78 12.30001 314.1 0 0.09865184 -0.3876837 0.04177367 0.9155458
3.4452 FirstCar -32.14945 0.025 2.97 0 90 0 0 0.7071068 0 0.7071068 13.8889 0
3.4468 Head 0 1.6 0.78 12.30001 314.1 0 0.09865184 -0.3876837 0.04177367 0.9155458
3.4468 FirstCar -32.12711 0.025 2.97 0 90 0 0 0.7071068 0 0.7071068 13.8889 0
3.4483 Head 0 1.6 0.78 12.30001 314.1 0 0.09865184 -0.3876837 0.04177367 0.9155458
3.4483 FirstCar -32.10671 0.025 2.97 0 90 0 0 0.7071068 0 0.7071068 13.8889 0
3.4499 Head 0 1.6 0.78 12.30001 314.1 0 0.09865184 -0.3876837 0.04177367 0.9155458
3.4499 FirstCar -32.08526 0.025 2.97 0 90 0 0 0.7071068 0 0.7071068 13.8889 0
3.4513 Head 0 1.6 0.78 12.30001 314.1 0 0.09865184 -0.3876837 0.04177367 0.9155458
3.4513 FirstCar -32.06462 0.025 2.97 0 90 0 0 0.7071068 0 0.7071068 13.8889 0
3.4528 Head 0 1.6 0.78 12.30001 314.1 0 0.09865184 -0.3876837 0.04177367 0.9155458
3.4528 FirstCar -32.04377 0.025 2.97 0 90 0 0 0.7071068 0 0.7071068 13.8889 0
3.4546 Head 0 1.6 0.78 12.30001 314.1 0 0.09865184 -0.3876837 0.04177367 0.9155458
3.4546 FirstCar -32.01978 0.025 2.97 0 90 0 0 0.7071068 0 0.7071068 13.8889 0
3.4564 Head 0 1.6 0.78 12.30001 314.1 0 0.09865184 -0.3876837 0.04177367 0.9155458
3.4564 FirstCar -31.9947 0.025 2.97 0 90 0 0 0.7071068 0 0.7071068 13.8889 0
3.4579 Head 0 1.6 0.78 12.30001 314.1 0 0.09865184 -0.3876837 0.04177367 0.9155458
3.4579 FirstCar -31.97304 0.025 2.97 0 90 0 0 0.7071068 0 0.7071068 13.8889 0
3.4595 Head 0 1.6 0.78 12.30001 314.1 0 0.09865184 -0.3876837 0.04177367 0.9155458
3.4595 FirstCar -31.95196 0.025 2.97 0 90 0 0 0.7071068 0 0.7071068 13.8889 0
3.4609 Head 0 1.6 0.78 12.30001 314.1 0 0.09865184 -0.3876837 0.04177367 0.9155458
3.4609 FirstCar -31.9319 0.025 2.97 0 90 0 0 0.7071068 0 0.7071068 13.8889 0
3.4623 Head 0 1.6 0.78 12.30001 314.1 0 0.09865184 -0.3876837 0.04177367 0.9155458
3.4623 FirstCar -31.91297 0.025 2.97 0 90 0 0 0.7071068 0 0.7071068 13.8889 0
3.4636 Head 0 1.6 0.78 12.30001 314.1 0 0.09865184 -0.3876837 0.04177367 0.9155458
3.4636 FirstCar -31.89431 0.025 2.97 0 90 0 0 0.7071068 0 0.7071068 13.8889 0
3.4651 Head 0 1.6 0.78 12.30001 314.1 0 0.09865184 -0.3876837 0.04177367 0.9155458
3.4651 FirstCar -31.87353 0.025 2.97 0 90 0 0 0.7071068 0 0.7071068 13.8889 0
3.4668 Head 0 1.6 0.78 12.30001 314.1 0 0.09865184 -0.3876837 0.04177367 0.9155458
3.4668 FirstCar -31.84962 0.025 2.97 0 90 0 0 0.7071068 0 0.7071068 13.8889 0
3.4683 Head 0 1.6 0.78 12.30001 314.1 0 0.09865184 -0.3876837 0.04177367 0.9155458
3.4683 FirstCar -31.82924 0.025 2.97 0 90 0 0 0.7071068 0 0.7071068 13.8889 0
3.4698 Head 0 1.6 0.78 12.30001 314.1 0 0.09865184 -0.3876837 0.04177367 0.9155458
3.4698 FirstCar -31.80871 0.025 2.97 0 90 0 0 0.7071068 0 0.7071068 13.8889 0
3.4713 Head 0 1.6 0.78 12.30001 314.1 0 0.09865184 -0.3876837 0.04177367 0.9155458
3.4713 FirstCar -31.78775 0.025 2.97 0 90 0 0 0.7071068 0 0.7071068 13.8889 0
3.4728 Head 0 1.6 0.78 12.30001 314.1 0 0.09865184 -0.3876837 0.04177367 0.9155458
3.4728 FirstCar -31.76725 0.025 2.97 0 90 0 0 0.7071068 0 0.7071068 13.8889 0
3.4742 Head 0 1.6 0.78 12.30001 314.1 0 0.09865184 -0.3876837 0.04177367 0.9155458
3.4742 FirstCar -31.74714 0.025 2.97 0 90 0 0 0.7071068 0 0.7071068 13.8889 0
3.4758 Head 0 1.6 0.78 12.30001 314.1 0 0.09865184 -0.3876837 0.04177367 0.9155458
3.4758 FirstCar -31.72437 0.025 2.97 0 90 0 0 0.7071068 0 0.7071068 13.8889 0
3.4774 Head 0 1.6 0.78 12.30001 314.1 0 0.09865184 -0.3876837 0.04177367 0.9155458
3.4774 FirstCar -31.7023 0.025 2.97 0 90 0 0 0.7071068 0 0.7071068 13.8889 0
3.4789 Head 0 1.6 0.78 12.30001 314.1 0 0.09865184 -0.3876837 0.04177367 0.9155458
3.4789 FirstCar -31.68242 0.025 2.97 0 90 0 0 0.7071068 0 0.7071068 13.8889 0
3.4803 Head 0 1.6 0.78 12.30001 314.1 0 0.09865184 -0.3876837 0.04177367 0.9155458
3.4803 FirstCar -31.66214 0.025 2.97 0 90 0 0 0.7071068 0 0.7071068 13.8889 0
3.4819 Head 0 1.6 0.78 12.30001 314.1 0 0.09865184 -0.3876837 0.04177367 0.9155458
3.4819 FirstCar -31.63977 0.025 2.97 0 90 0 0 0.7071068 0 0.7071068 13.8889 0
3.4836 Head 0 1.6 0.78 12.30001 314.1 0 0.09865184 -0.3876837 0.04177367 0.9155458
3.4836 FirstCar -31.61708 0.025 2.97 0 90 0 0 0.7071068 0 0.7071068 13.8889 0
3.4853 Head 0 1.6 0.78 12.30001 314.1 0 0.09865184 -0.3876837 0.04177367 0.9155458
3.4853 FirstCar -31.59324 0.025 2.97 0 90 0 0 0.7071068 0 0.7071068 13.8889 0
3.4876 Head 0 1.6 0.78 12.30001 314.1 0 0.09865184 -0.3876837 0.04177367 0.9155458
3.4876 FirstCar -31.56046 0.025 2.97 0 90 0 0 0.7071068 0 0.7071068 13.8889 0
3.4893 Head 0 1.6 0.78 12.30001 314.1 0 0.09865184 -0.3876837 0.04177367 0.9155458
3.4893 FirstCar -31.53763 0.025 2.97 0 90 0 0 0.7071068 0 0.7071068 13.8889 0
3.4908 Head 0 1.6 0.78 12.30001 314.1 0 0.09865184 -0.3876837 0.04177367 0.9155458
3.4908 FirstCar -31.51704 0.025 2.97 0 90 0 0 0.7071068 0 0.7071068 13.8889 0
3.4922 Head 0 1.6 0.78 12.30001 314.1 0 0.09865184 -0.3876837 0.04177367 0.9155458
3.4922 FirstCar -31.49783 0.025 2.97 0 90 0 0 0.7071068 0 0.7071068 13.8889 0
3.4936 Head 0 1.6 0.78 12.30001 314.1 0 0.09865184 -0.3876837 0.04177367 0.9155458
3.4936 FirstCar -31.47782 0.025 2.97 0 90 0 0 0.7071068 0 0.7071068 13.8889 0
3.4950 Head 0 1.6 0.78 12.30001 314.1 0 0.09865184 -0.3876837 0.04177367 0.9155458
3.4950 FirstCar -31.45827 0.025 2.97 0 90 0 0 0.7071068 0 0.7071068 13.8889 0
3.4965 Head 0 1.6 0.78 12.30001 314.1 0 0.09865184 -0.3876837 0.04177367 0.9155458
3.4965 FirstCar -31.43767 0.025 2.97 0 90 0 0 0.7071068 0 0.7071068 13.8889 0
3.4979 Head 0 1.6 0.78 12.30001 314.1 0 0.09865184 -0.3876837 0.04177367 0.9155458
3.4979 FirstCar -31.41807 0.025 2.97 0 90 0 0 0.7071068 0 0.7071068 13.8889 0
3.4992 Head 0 1.6 0.78 12.30001 314.1 0 0.09865184 -0.3876837 0.04177367 0.9155458
3.4992 FirstCar -31.39961 0.025 2.97 0 90 0 0 0.7071068 0 0.7071068 13.8889 0
3.5006 Head 0 1.6 0.78 12.30001 314.1 0 0.09865184 -0.3876837 0.04177367 0.9155458
3.5006 FirstCar -31.38085 0.025 2.97 0 90 0 0 0.7071068 0 0.7071068 13.8889 0
3.5019 Head 0 1.6 0.78 12.30001 314.1 0 0.09865184 -0.3876837 0.04177367 0.9155458
3.5019 FirstCar -31.36183 0.025 2.97 0 90 0 0 0.7071068 0 0.7071068 13.8889 0
3.5034 Head 0 1.6 0.78 12.30001 314.1 0 0.09865184 -0.3876837 0.04177367 0.9155458
3.5034 FirstCar -31.3421 0.025 2.97 0 90 0 0 0.7071068 0 0.7071068 13.8889 0
3.5048 Head 0 1.6 0.78 12.30001 314.1 0 0.09865184 -0.3876837 0.04177367 0.9155458
3.5048 FirstCar -31.32262 0.025 2.97 0 90 0 0 0.7071068 0 0.7071068 13.8889 0
3.5062 Head 0 1.6 0.78 12.30001 314.1 0 0.09865184 -0.3876837 0.04177367 0.9155458
3.5062 FirstCar -31.30233 0.025 2.97 0 90 0 0 0.7071068 0 0.7071068 13.8889 0
3.5078 Head 0 1.6 0.78 12.30001 314.1 0 0.09865184 -0.3876837 0.04177367 0.9155458
3.5078 FirstCar -31.28007 0.025 2.97 0 90 0 0 0.7071068 0 0.7071068 13.8889 0
3.5093 Head 0 1.6 0.78 12.30001 314.1 0 0.09865184 -0.3876837 0.04177367 0.9155458
3.5093 FirstCar -31.25985 0.025 2.97 0 90 0 0 0.7071068 0 0.7071068 13.8889 0
3.5107 Head 0 1.6 0.78 12.30001 314.1 0 0.09865184 -0.3876837 0.04177367 0.9155458
3.5107 FirstCar -31.24091 0.025 2.97 0 90 0 0 0.7071068 0 0.7071068 13.8889 0
3.5120 Head 0 1.6 0.78 12.30001 314.1 0 0.09865184 -0.3876837 0.04177367 0.9155458
3.5120 FirstCar -31.22259 0.025 2.97 0 90 0 0 0.7071068 0 0.7071068 13.8889 0
3.5133 Head 0 1.6 0.78 12.30001 314.1 0 0.09865184 -0.3876837 0.04177367 0.9155458
3.5133 FirstCar -31.20373 0.025 2.97 0 90 0 0 0.7071068 0 0.7071068 13.8889 0
3.5149 Head 0 1.6 0.78 12.30001 314.1 0 0.09865184 -0.3876837 0.04177367 0.9155458
3.5149 FirstCar -31.18258 0.025 2.97 0 90 0 0 0.7071068 0 0.7071068 13.8889 0
3.5163 Head 0 1.6 0.78 12.30001 314.1 0 0.09865184 -0.3876837 0.04177367 0.9155458
3.5163 FirstCar -31.16281 0.025 2.97 0 90 0 0 0.7071068 0 0.7071068 13.8889 0
3.5176 Head 0 1.6 0.78 12.30001 314.1 0 0.09865184 -0.3876837 0.04177367 0.9155458
3.5176 FirstCar -31.14418 0.025 2.97 0 90 0 0 0.7071068 0 0.7071068 13.8889 0
3.5190 Head 0 1.6 0.78 12.30001 314.1 0 0.09865184 -0.3876837 0.04177367 0.9155458
3.5190 FirstCar -31.12541 0.025 2.97 0 90 0 0 0.7071068 0 0.7071068 13.8889 0
3.5204 Head 0 1.6 0.78 12.30001 314.1 0 0.09865184 -0.3876837 0.04177367 0.9155458
3.5204 FirstCar -31.10599 0.025 2.97 0 90 0 0 0.7071068 0 0.7071068 13.8889 0
3.5217 Head 0 1.6 0.78 12.30001 314.1 0 0.09865184 -0.3876837 0.04177367 0.9155458
3.5217 FirstCar -31.08682 0.025 2.97 0 90 0 0 0.7071068 0 0.7071068 13.8889 0
3.5231 Head 0 1.6 0.78 12.30001 314.1 0 0.09865184 -0.3876837 0.04177367 0.9155458
3.5231 FirstCar -31.06805 0.025 2.97 0 90 0 0 0.7071068 0 0.7071068 13.8889 0
3.5244 Head 0 1.6 0.78 12.30001 314.1 0 0.09865184 -0.3876837 0.04177367 0.9155458
3.5244 FirstCar -31.04957 0.025 2.97 0 90 0 0 0.7071068 0 0.7071068 13.8889 0
3.5258 Head 0 1.6 0.78 12.30001 314.1 0 0.09865184 -0.3876837 0.04177367 0.9155458
3.5258 FirstCar -31.03002 0.025 2.97 0 90 0 0 0.7071068 0 0.7071068 13.8889 0
3.5275 Head 0 1.6 0.78 12.30001 314.1 0 0.09865184 -0.3876837 0.04177367 0.9155458
3.5275 FirstCar -31.00726 0.025 2.97 0 90 0 0 0.7071068 0 0.7071068 13.8889 0
3.5290 Head 0 1.6 0.78 12.30001 314.1 0 0.09865184 -0.3876837 0.04177367 0.9155458
3.5290 FirstCar -30.98578 0.025 2.97 0 90 0 0 0.7071068 0 0.7071068 13.8889 0
3.5311 Head 0 1.6 0.78 12.30001 314.1 0 0.09865184 -0.3876837 0.04177367 0.9155458
3.5311 FirstCar -30.95658 0.025 2.97 0 90 0 0 0.7071068 0 0.7071068 13.8889 0
3.5329 Head 0 1.6 0.78 12.30001 314.1 0 0.09865184 -0.3876837 0.04177367 0.9155458
3.5329 FirstCar -30.93185 0.025 2.97 0 90 0 0 0.7071068 0 0.7071068 13.8889 0
3.5348 Head 0 1.6 0.78 12.30001 314.1 0 0.09865184 -0.3876837 0.04177367 0.9155458
3.5348 FirstCar -30.90593 0.025 2.97 0 90 0 0 0.7071068 0 0.7071068 13.8889 0
3.5369 Head 0 1.6 0.78 12.30001 314.1 0 0.09865184 -0.3876837 0.04177367 0.9155458
3.5369 FirstCar -30.87605 0.025 2.97 0 90 0 0 0.7071068 0 0.7071068 13.8889 0
3.5385 Head 0 1.6 0.78 12.30001 314.1 0 0.09865184 -0.3876837 0.04177367 0.9155458
3.5385 FirstCar -30.85452 0.025 2.97 0 90 0 0 0.7071068 0 0.7071068 13.8889 0
3.5399 Head 0 1.6 0.78 12.30001 314.1 0 0.09865184 -0.3876837 0.04177367 0.9155458
3.5399 FirstCar -30.83473 0.025 2.97 0 90 0 0 0.7071068 0 0.7071068 13.8889 0
3.5414 Head 0 1.6 0.78 12.30001 314.1 0 0.09865184 -0.3876837 0.04177367 0.9155458
3.5414 FirstCar -30.81419 0.025 2.97 0 90 0 0 0.7071068 0 0.7071068 13.8889 0
3.5429 Head 0 1.6 0.78 12.30001 314.1 0 0.09865184 -0.3876837 0.04177367 0.9155458
3.5429 FirstCar -30.79245 0.025 2.97 0 90 0 0 0.7071068 0 0.7071068 13.8889 0
3.5444 Head 0 1.6 0.78 12.30001 314.1 0 0.09865184 -0.3876837 0.04177367 0.9155458
3.5444 FirstCar -30.77158 0.025 2.97 0 90 0 0 0.7071068 0 0.7071068 13.8889 0
3.5459 Head 0 1.6 0.78 12.30001 314.1 0 0.09865184 -0.3876837 0.04177367 0.9155458
3.5459 FirstCar -30.75077 0.025 2.97 0 90 0 0 0.7071068 0 0.7071068 13.8889 0
3.5477 Head 0 1.6 0.78 12.30001 314.1 0 0.09865184 -0.3876837 0.04177367 0.9155458
3.5477 FirstCar -30.72596 0.025 2.97 0 90 0 0 0.7071068 0 0.7071068 13.8889 0
3.5494 Head 0 1.6 0.78 12.30001 314.1 0 0.09865184 -0.3876837 0.04177367 0.9155458
3.5494 FirstCar -30.70281 0.025 2.97 0 90 0 0 0.7071068 0 0.7071068 13.8889 0
3.5509 Head 0 1.6 0.78 12.30001 314.1 0 0.09865184 -0.3876837 0.04177367 0.9155458
3.5509 FirstCar -30.68196 0.025 2.97 0 90 0 0 0.7071068 0 0.7071068 13.8889 0
3.5525 Head 0 1.6 0.78 12.30001 314.1 0 0.09865184 -0.3876837 0.04177367 0.9155458
3.5525 FirstCar -30.65934 0.025 2.97 0 90 0 0 0.7071068 0 0.7071068 13.8889 0
3.5541 Head 0 1.6 0.78 12.30001 314.1 0 0.09865184 -0.3876837 0.04177367 0.9155458
3.5541 FirstCar -30.63718 0.025 2.97 0 90 0 0 0.7071068 0 0.7071068 13.8889 0
3.5556 Head 0 1.6 0.78 12.30001 314.1 0 0.09865184 -0.3876837 0.04177367 0.9155458
3.5556 FirstCar -30.61682 0.025 2.97 0 90 0 0 0.7071068 0 0.7071068 13.8889 0
3.5570 Head 0 1.6 0.78 12.30001 314.1 0 0.09865184 -0.3876837 0.04177367 0.9155458
3.5570 FirstCar -30.59669 0.025 2.97 0 90 0 0 0.7071068 0 0.7071068 13.8889 0
3.5584 Head 0 1.6 0.78 12.30001 314.1 0 0.09865184 -0.3876837 0.04177367 0.9155458
3.5584 FirstCar -30.57829 0.025 2.97 0 90 0 0 0.7071068 0 0.7071068 13.8889 0
3.5598 Head 0 1.6 0.78 12.30001 314.1 0 0.09865184 -0.3876837 0.04177367 0.9155458
3.5598 FirstCar -30.55899 0.025 2.97 0 90 0 0 0.7071068 0 0.7071068 13.8889 0
3.5611 Head 0 1.6 0.78 12.30001 314.1 0 0.09865184 -0.3876837 0.04177367 0.9155458
3.5611 FirstCar -30.53982 0.025 2.97 0 90 0 0 0.7071068 0 0.7071068 13.8889 0
3.5627 Head 0 1.6 0.78 12.30001 314.1 0 0.09865184 -0.3876837 0.04177367 0.9155458
3.5627 FirstCar -30.51824 0.025 2.97 0 90 0 0 0.7071068 0 0.7071068 13.8889 0
3.5643 Head 0 1.6 0.78 12.30001 314.1 0 0.09865184 -0.3876837 0.04177367 0.9155458
3.5643 FirstCar -30.49612 0.025 2.97 0 90 0 0 0.7071068 0 0.7071068 13.8889 0
3.5661 Head 0 1.6 0.78 12.30001 314.1 0 0.09865184 -0.3876837 0.04177367 0.9155458
3.5661 FirstCar -30.47106 0.025 2.97 0 90 0 0 0.7071068 0 0.7071068 13.8889 0
3.5680 Head 0 1.6 0.78 12.30001 314.1 0 0.09865184 -0.3876837 0.04177367 0.9155458
3.5680 FirstCar -30.44482 0.025 2.97 0 90 0 0 0.7071068 0 0.7071068 13.8889 0
3.5695 Head 0 1.6 0.78 12.30001 314.1 0 0.09865184 -0.3876837 0.04177367 0.9155458
3.5695 FirstCar -30.42316 0.025 2.97 0 90 0 0 0.7071068 0 0.7071068 13.8889 0
3.5710 Head 0 1.6 0.78 12.30001 314.1 0 0.09865184 -0.3876837 0.04177367 0.9155458
3.5710 FirstCar -30.40231 0.025 2.97 0 90 0 0 0.7071068 0 0.7071068 13.8889 0
3.5725 Head 0 1.6 0.78 12.30001 314.1 0 0.09865184 -0.3876837 0.04177367 0.9155458
3.5725 FirstCar -30.38208 0.025 2.97 0 90 0 0 0.7071068 0 0.7071068 13.8889 0
3.5739 Head 0 1.6 0.78 12.30001 314.1 0 0.09865184 -0.3876837 0.04177367 0.9155458
3.5739 FirstCar -30.36249 0.025 2.97 0 90 0 0 0.7071068 0 0.7071068 13.8889 0
3.5754 Head 0 1.6 0.78 12.30001 314.1 0 0.09865184 -0.3876837 0.04177367 0.9155458
3.5754 FirstCar -30.34123 0.025 2.97 0 90 0 0 0.7071068 0 0.7071068 13.8889 0
3.5769 Head 0 1.6 0.78 12.30001 314.1 0 0.09865184 -0.3876837 0.04177367 0.9155458
3.5769 FirstCar -30.32132 0.025 2.97 0 90 0 0 0.7071068 0 0.7071068 13.8889 0
3.5783 Head 0 1.6 0.78 12.30001 314.1 0 0.09865184 -0.3876837 0.04177367 0.9155458
3.5783 FirstCar -30.30186 0.025 2.97 0 90 0 0 0.7071068 0 0.7071068 13.8889 0
3.5796 Head 0 1.6 0.78 12.30001 314.1 0 0.09865184 -0.3876837 0.04177367 0.9155458
3.5796 FirstCar -30.28298 0.025 2.97 0 90 0 0 0.7071068 0 0.7071068 13.8889 0
3.5810 Head 0 1.6 0.78 12.30001 314.1 0 0.09865184 -0.3876837 0.04177367 0.9155458
3.5810 FirstCar -30.26395 0.025 2.97 0 90 0 0 0.7071068 0 0.7071068 13.8889 0
3.5824 Head 0 1.6 0.78 12.30001 314.1 0 0.09865184 -0.3876837 0.04177367 0.9155458
3.5824 FirstCar -30.24505 0.025 2.97 0 90 0 0 0.7071068 0 0.7071068 13.8889 0
3.5837 Head 0 1.6 0.78 12.30001 314.1 0 0.09865184 -0.3876837 0.04177367 0.9155458
3.5837 FirstCar -30.2258 0.025 2.97 0 90 0 0 0.7071068 0 0.7071068 13.8889 0
3.5851 Head 0 1.6 0.78 12.30001 314.1 0 0.09865184 -0.3876837 0.04177367 0.9155458
3.5851 FirstCar -30.20649 0.025 2.97 0 90 0 0 0.7071068 0 0.7071068 13.8889 0
3.5873 Head 0 1.6 0.78 12.30001 314.1 0 0.09865184 -0.3876837 0.04177367 0.9155458
3.5873 FirstCar -30.17648 0.025 2.97 0 90 0 0 0.7071068 0 0.7071068 13.8889 0
3.5887 Head 0 1.6 0.78 12.30001 314.1 0 0.09865184 -0.3876837 0.04177367 0.9155458
3.5887 FirstCar -30.15623 0.025 2.97 0 90 0 0 0.7071068 0 0.7071068 13.8889 0
3.5901 Head 0 1.6 0.78 12.30001 314.1 0 0.09865184 -0.3876837 0.04177367 0.9155458
3.5901 FirstCar -30.13719 0.025 2.97 0 90 0 0 0.7071068 0 0.7071068 13.8889 0
3.5915 Head 0 1.6 0.78 12.30001 314.1 0 0.09865184 -0.3876837 0.04177367 0.9155458
3.5915 FirstCar -30.11866 0.025 2.97 0 90 0 0 0.7071068 0 0.7071068 13.8889 0
3.5928 Head 0 1.6 0.78 12.30001 314.1 0 0.09865184 -0.3876837 0.04177367 0.9155458
3.5928 FirstCar -30.09949 0.025 2.97 0 90 0 0 0.7071068 0 0.7071068 13.8889 0
3.5942 Head 0 1.6 0.78 12.30001 314.1 0 0.09865184 -0.3876837 0.04177367 0.9155458
3.5942 FirstCar -30.08025 0.025 2.97 0 90 0 0 0.7071068 0 0.7071068 13.8889 0
3.5958 Head 0 1.6 0.78 12.30001 314.1 0 0.09865184 -0.3876837 0.04177367 0.9155458
3.5958 FirstCar -30.05814 0.025 2.97 0 90 0 0 0.7071068 0 0.7071068 13.8889 0
3.5974 Head 0 1.6 0.78 12.30001 314.1 0 0.09865184 -0.3876837 0.04177367 0.9155458
3.5974 FirstCar -30.03677 0.025 2.97 0 90 0 0 0.7071068 0 0.7071068 13.8889 0
3.5988 Head 0 1.6 0.78 12.30001 314.1 0 0.09865184 -0.3876837 0.04177367 0.9155458
3.5988 FirstCar -30.01611 0.025 2.97 0 90 0 0 0.7071068 0 0.7071068 13.8889 0
3.6004 Head 0 1.6 0.78 12.30001 314.1 0 0.09865184 -0.3876837 0.04177367 0.9155458
3.6004 FirstCar -29.99383 0.025 2.97 0 90 0 0 0.7071068 0 0.7071068 13.8889 0
3.6019 Head 0 1.6 0.78 12.30001 314.1 0 0.09865184 -0.3876837 0.04177367 0.9155458
3.6019 FirstCar -29.97309 0.025 2.97 0 90 0 0 0.7071068 0 0.7071068 13.8889 0
3.6034 Head 0 1.6 0.78 12.30001 314.1 0 0.09865184 -0.3876837 0.04177367 0.9155458
3.6034 FirstCar -29.95266 0.025 2.97 0 90 0 0 0.7071068 0 0.7071068 13.8889 0
3.6048 Head 0 1.6 0.78 12.30001 314.1 0 0.09865184 -0.3876837 0.04177367 0.9155458
3.6048 FirstCar -29.93277 0.025 2.97 0 90 0 0 0.7071068 0 0.7071068 13.8889 0
3.6068 Head 0 1.6 0.78 12.30001 314.1 0 0.09865184 -0.3876837 0.04177367 0.9155458
3.6068 FirstCar -29.90581 0.025 2.97 0 90 0 0 0.7071068 0 0.7071068 13.8889 0
3.6084 Head 0 1.6 0.78 12.30001 314.1 0 0.09865184 -0.3876837 0.04177367 0.9155458
3.6084 FirstCar -29.88279 0.025 2.97 0 90 0 0 0.7071068 0 0.7071068 13.8889 0
3.6101 Head 0 1.6 0.78 12.30001 314.1 0 0.09865184 -0.3876837 0.04177367 0.9155458
3.6101 FirstCar -29.85946 0.025 2.97 0 90 0 0 0.7071068 0 0.7071068 13.8889 0
3.6117 Head 0 1.6 0.78 12.30001 314.1 0 0.09865184 -0.3876837 0.04177367 0.9155458
3.6117 FirstCar -29.83756 0.025 2.97 0 90 0 0 0.7071068 0 0.7071068 13.8889 0
3.6132 Head 0 1.6 0.78 12.30001 314.1 0 0.09865184 -0.3876837 0.04177367 0.9155458
3.6132 FirstCar -29.81724 0.025 2.97 0 90 0 0 0.7071068 0 0.7071068 13.8889 0
3.6145 Head 0 1.6 0.78 12.30001 314.1 0 0.09865184 -0.3876837 0.04177367 0.9155458
3.6145 FirstCar -29.79795 0.025 2.97 0 90 0 0 0.7071068 0 0.7071068 13.8889 0
3.6162 Head 0 1.6 0.78 12.30001 314.1 0 0.09865184 -0.3876837 0.04177367 0.9155458
3.6162 FirstCar -29.77539 0.025 2.97 0 90 0 0 0.7071068 0 0.7071068 13.8889 0
3.6177 Head 0 1.6 0.78 12.30001 314.1 0 0.09865184 -0.3876837 0.04177367 0.9155458
3.6177 FirstCar -29.75385 0.025 2.97 0 90 0 0 0.7071068 0 0.7071068 13.8889 0
3.6192 Head 0 1.6 0.78 12.30001 314.1 0 0.09865184 -0.3876837 0.04177367 0.9155458
3.6192 FirstCar -29.73329 0.025 2.97 0 90 0 0 0.7071068 0 0.7071068 13.8889 0
3.6207 Head 0 1.6 0.78 12.30001 314.1 0 0.09865184 -0.3876837 0.04177367 0.9155458
3.6207 FirstCar -29.71254 0.025 2.97 0 90 0 0 0.7071068 0 0.7071068 13.8889 0
3.6222 Head 0 1.6 0.78 12.30001 314.1 0 0.09865184 -0.3876837 0.04177367 0.9155458
3.6222 FirstCar -29.69207 0.025 2.97 0 90 0 0 0.7071068 0 0.7071068 13.8889 0
3.6235 Head 0 1.6 0.78 12.30001 314.1 0 0.09865184 -0.3876837 0.04177367 0.9155458
3.6235 FirstCar -29.67294 0.025 2.97 0 90 0 0 0.7071068 0 0.7071068 13.8889 0
3.6250 Head 0 1.6 0.78 12.30001 314.1 0 0.09865184 -0.3876837 0.04177367 0.9155458
3.6250 FirstCar -29.65322 0.025 2.97 0 90 0 0 0.7071068 0 0.7071068 13.8889 0
3.6268 Head 0 1.6 0.78 12.30001 314.1 0 0.09865184 -0.3876837 0.04177367 0.9155458
3.6268 FirstCar -29.62813 0.025 2.97 0 90 0 0 0.7071068 0 0.7071068 13.8889 0
3.6283 Head 0 1.6 0.78 12.30001 314.1 0 0.09865184 -0.3876837 0.04177367 0.9155458
3.6283 FirstCar -29.6065 0.025 2.97 0 90 0 0 0.7071068 0 0.7071068 13.8889 0
3.6299 Head 0 1.6 0.78 12.30001 314.1 0 0.09865184 -0.3876837 0.04177367 0.9155458
3.6299 FirstCar -29.58466 0.025 2.97 0 90 0 0 0.7071068 0 0.7071068 13.8889 0
3.6314 Head 0 1.6 0.78 12.30001 314.1 0 0.09865184 -0.3876837 0.04177367 0.9155458
3.6314 FirstCar -29.56357 0.025 2.97 0 90 0 0 0.7071068 0 0.7071068 13.8889 0
3.6328 Head 0 1.6 0.78 12.30001 314.1 0 0.09865184 -0.3876837 0.04177367 0.9155458
3.6328 FirstCar -29.54411 0.025 2.97 0 90 0 0 0.7071068 0 0.7071068 13.8889 0
3.6342 Head 0 1.6 0.78 12.30001 314.1 0 0.09865184 -0.3876837 0.04177367 0.9155458
3.6342 FirstCar -29.52488 0.025 2.97 0 90 0 0 0.7071068 0 0.7071068 13.8889 0
3.6356 Head 0 1.6 0.78 12.30001 314.1 0 0.09865184 -0.3876837 0.04177367 0.9155458
3.6356 FirstCar -29.50524 0.025 2.97 0 90 0 0 0.7071068 0 0.7071068 13.8889 0
3.6370 Head 0 1.6 0.78 12.30001 314.1 0 0.09865184 -0.3876837 0.04177367 0.9155458
3.6370 FirstCar -29.48546 0.025 2.97 0 90 0 0 0.7071068 0 0.7071068 13.8889 0
3.6384 Head 0 1.6 0.78 12.30001 314.1 0 0.09865184 -0.3876837 0.04177367 0.9155458
3.6384 FirstCar -29.46617 0.025 2.97 0 90 0 0 0.7071068 0 0.7071068 13.8889 0
3.6398 Head 0 1.6 0.78 12.30001 314.1 0 0.09865184 -0.3876837 0.04177367 0.9155458
3.6398 FirstCar -29.44732 0.025 2.97 0 90 0 0 0.7071068 0 0.7071068 13.8889 0
3.6411 Head 0 1.6 0.78 12.30001 314.1 0 0.09865184 -0.3876837 0.04177367 0.9155458
3.6411 FirstCar -29.4287 0.025 2.97 0 90 0 0 0.7071068 0 0.7071068 13.8889 0
3.6425 Head 0 1.6 0.78 12.30001 314.1 0 0.09865184 -0.3876837 0.04177367 0.9155458
3.6425 FirstCar -29.41036 0.025 2.97 0 90 0 0 0.7071068 0 0.7071068 13.8889 0
3.6438 Head 0 1.6 0.78 12.30001 314.1 0 0.09865184 -0.3876837 0.04177367 0.9155458
3.6438 FirstCar -29.39227 0.025 2.97 0 90 0 0 0.7071068 0 0.7071068 13.8889 0
3.6451 Head 0 1.6 0.78 12.30001 314.1 0 0.09865184 -0.3876837 0.04177367 0.9155458
3.6451 FirstCar -29.37389 0.025 2.97 0 90 0 0 0.7071068 0 0.7071068 13.8889 0
3.6468 Head 0 1.6 0.78 12.30001 314.1 0 0.09865184 -0.3876837 0.04177367 0.9155458
3.6468 FirstCar -29.35039 0.025 2.97 0 90 0 0 0.7071068 0 0.7071068 13.8889 0
3.6482 Head 0 1.6 0.78 12.30001 314.1 0 0.09865184 -0.3876837 0.04177367 0.9155458
3.6482 FirstCar -29.33113 0.025 2.97 0 90 0 0 0.7071068 0 0.7071068 13.8889 0
3.6496 Head 0 1.6 0.78 12.30001 314.1 0 0.09865184 -0.3876837 0.04177367 0.9155458
3.6496 FirstCar -29.31129 0.025 2.97 0 90 0 0 0.7071068 0 0.7071068 13.8889 0
3.6509 Head 0 1.6 0.78 12.30001 314.1 0 0.09865184 -0.3876837 0.04177367 0.9155458
3.6509 FirstCar -29.29268 0.025 2.97 0 90 0 0 0.7071068 0 0.7071068 13.8889 0
3.6523 Head 0 1.6 0.78 12.30001 314.1 0 0.09865184 -0.3876837 0.04177367 0.9155458
3.6523 FirstCar -29.27423 0.025 2.97 0 90 0 0 0.7071068 0 0.7071068 13.8889 0
3.6536 Head 0 1.6 0.78 12.30001 314.1 0 0.09865184 -0.3876837 0.04177367 0.9155458
3.6536 FirstCar -29.25484 0.025 2.97 0 90 0 0 0.7071068 0 0.7071068 13.8889 0
3.6550 Head 0 1.6 0.78 12.30001 314.1 0 0.09865184 -0.3876837 0.04177367 0.9155458
3.6550 FirstCar -29.23599 0.025 2.97 0 90 0 0 0.7071068 0 0.7071068 13.8889 0
3.6564 Head 0 1.6 0.78 12.30001 314.1 0 0.09865184 -0.3876837 0.04177367 0.9155458
3.6564 FirstCar -29.21595 0.025 2.97 0 90 0 0 0.7071068 0 0.7071068 13.8889 0
3.6580 Head 0 1.6 0.78 12.30001 314.1 0 0.09865184 -0.3876837 0.04177367 0.9155458
3.6580 FirstCar -29.19494 0.025 2.97 0 90 0 0 0.7071068 0 0.7071068 13.8889 0
3.6595 Head 0 1.6 0.78 12.30001 314.1 0 0.09865184 -0.3876837 0.04177367 0.9155458
3.6595 FirstCar -29.17382 0.025 2.97 0 90 0 0 0.7071068 0 0.7071068 13.8889 0
3.6610 Head 0 1.6 0.78 12.30001 314.1 0 0.09865184 -0.3876837 0.04177367 0.9155458
3.6610 FirstCar -29.15288 0.025 2.97 0 90 0 0 0.7071068 0 0.7071068 13.8889 0
3.6626 Head 0 1.6 0.78 12.30001 314.1 0 0.09865184 -0.3876837 0.04177367 0.9155458
3.6626 FirstCar -29.13034 0.025 2.97 0 90 0 0 0.7071068 0 0.7071068 13.8889 0
3.6641 Head 0 1.6 0.78 12.30001 314.1 0 0.09865184 -0.3876837 0.04177367 0.9155458
3.6641 FirstCar -29.10922 0.025 2.97 0 90 0 0 0.7071068 0 0.7071068 13.8889 0
3.6656 Head 0 1.6 0.78 12.30001 314.1 0 0.09865184 -0.3876837 0.04177367 0.9155458
3.6656 FirstCar -29.08871 0.025 2.97 0 90 0 0 0.7071068 0 0.7071068 13.8889 0
3.6672 Head 0 1.6 0.78 12.30001 314.1 0 0.09865184 -0.3876837 0.04177367 0.9155458
3.6672 FirstCar -29.06641 0.025 2.97 0 90 0 0 0.7071068 0 0.7071068 13.8889 0
3.6687 Head 0 1.6 0.78 12.30001 314.1 0 0.09865184 -0.3876837 0.04177367 0.9155458
3.6687 FirstCar -29.04559 0.025 2.97 0 90 0 0 0.7071068 0 0.7071068 13.8889 0
3.6703 Head 0 1.6 0.78 12.30001 314.1 0 0.09865184 -0.3876837 0.04177367 0.9155458
3.6703 FirstCar -29.02379 0.025 2.97 0 90 0 0 0.7071068 0 0.7071068 13.8889 0
3.6718 Head 0 1.6 0.78 12.30001 314.1 0 0.09865184 -0.3876837 0.04177367 0.9155458
3.6718 FirstCar -29.00305 0.025 2.97 0 90 0 0 0.7071068 0 0.7071068 13.8889 0
3.6732 Head 0 1.6 0.78 12.30001 314.1 0 0.09865184 -0.3876837 0.04177367 0.9155458
3.6732 FirstCar -28.98295 0.025 2.97 0 90 0 0 0.7071068 0 0.7071068 13.8889 0
3.6746 Head 0 1.6 0.78 12.30001 314.1 0 0.09865184 -0.3876837 0.04177367 0.9155458
3.6746 FirstCar -28.96378 0.025 2.97 0 90 0 0 0.7071068 0 0.7071068 13.8889 0
3.6761 Head 0 1.6 0.78 12.30001 314.1 0 0.09865184 -0.3876837 0.04177367 0.9155458
3.6761 FirstCar -28.94369 0.025 2.97 0 90 0 0 0.7071068 0 0.7071068 13.8889 0
3.6777 Head 0 1.6 0.78 12.30001 314.1 0 0.09865184 -0.3876837 0.04177367 0.9155458
3.6777 FirstCar -28.92138 0.025 2.97 0 90 0 0 0.7071068 0 0.7071068 13.8889 0
3.6792 Head 0 1.6 0.78 12.30001 314.1 0 0.09865184 -0.3876837 0.04177367 0.9155458
3.6792 FirstCar -28.90033 0.025 2.97 0 90 0 0 0.7071068 0 0.7071068 13.8889 0
3.6806 Head 0 1.6 0.78 12.30001 314.1 0 0.09865184 -0.3876837 0.04177367 0.9155458
3.6806 FirstCar -28.87987 0.025 2.97 0 90 0 0 0.7071068 0 0.7071068 13.8889 0
3.6822 Head 0 1.6 0.78 12.30001 314.1 0 0.09865184 -0.3876837 0.04177367 0.9155458
3.6822 FirstCar -28.8583 0.025 2.97 0 90 0 0 0.7071068 0 0.7071068 13.8889 0
3.6838 Head 0 1.6 0.78 12.30001 314.1 0 0.09865184 -0.3876837 0.04177367 0.9155458
3.6838 FirstCar -28.83634 0.025 2.97 0 90 0 0 0.7071068 0 0.7071068 13.8889 0
3.6856 Head 0 1.6 0.78 12.30001 314.1 0 0.09865184 -0.3876837 0.04177367 0.9155458
3.6856 FirstCar -28.81111 0.025 2.97 0 90 0 0 0.7071068 0 0.7071068 13.8889 0
3.6876 Head 0 1.6 0.78 12.30001 314.1 0 0.09865184 -0.3876837 0.04177367 0.9155458
3.6876 FirstCar -28.78339 0.025 2.97 0 90 0 0 0.7071068 0 0.7071068 13.8889 0
3.6893 Head 0 1.6 0.78 12.30001 314.1 0 0.09865184 -0.3876837 0.04177367 0.9155458
3.6893 FirstCar -28.76031 0.025 2.97 0 90 0 0 0.7071068 0 0.7071068 13.8889 0
3.6910 Head 0 1.6 0.78 12.30001 314.1 0 0.09865184 -0.3876837 0.04177367 0.9155458
3.6910 FirstCar -28.73663 0.025 2.97 0 90 0 0 0.7071068 0 0.7071068 13.8889 0
3.6925 Head 0 1.6 0.78 12.30001 314.1 0 0.09865184 -0.3876837 0.04177367 0.9155458
3.6925 FirstCar -28.71498 0.025 2.97 0 90 0 0 0.7071068 0 0.7071068 13.8889 0
3.6941 Head 0 1.6 0.78 12.30001 314.1 0 0.09865184 -0.3876837 0.04177367 0.9155458
3.6941 FirstCar -28.69259 0.025 2.97 0 90 0 0 0.7071068 0 0.7071068 13.8889 0
3.6955 Head 0 1.6 0.78 12.30001 314.1 0 0.09865184 -0.3876837 0.04177367 0.9155458
3.6955 FirstCar -28.67289 0.025 2.97 0 90 0 0 0.7071068 0 0.7071068 13.8889 0
3.6970 Head 0 1.6 0.78 12.30001 314.1 0 0.09865184 -0.3876837 0.04177367 0.9155458
3.6970 FirstCar -28.65289 0.025 2.97 0 90 0 0 0.7071068 0 0.7071068 13.8889 0
3.6984 Head 0 1.6 0.78 12.30001 314.1 0 0.09865184 -0.3876837 0.04177367 0.9155458
3.6984 FirstCar -28.633 0.025 2.97 0 90 0 0 0.7071068 0 0.7071068 13.8889 0
3.6998 Head 0 1.6 0.78 12.30001 314.1 0 0.09865184 -0.3876837 0.04177367 0.9155458
3.6998 FirstCar -28.6133 0.025 2.97 0 90 0 0 0.7071068 0 0.7071068 13.8889 0
3.7012 Head 0 1.6 0.78 12.30001 314.1 0 0.09865184 -0.3876837 0.04177367 0.9155458
3.7012 FirstCar -28.59419 0.025 2.97 0 90 0 0 0.7071068 0 0.7071068 13.8889 0
3.7026 Head 0 1.6 0.78 12.30001 314.1 0 0.09865184 -0.3876837 0.04177367 0.9155458
3.7026 FirstCar -28.57454 0.025 2.97 0 90 0 0 0.7071068 0 0.7071068 13.8889 0
3.7040 Head 0 1.6 0.78 12.30001 314.1 0 0.09865184 -0.3876837 0.04177367 0.9155458
3.7040 FirstCar -28.55569 0.025 2.97 0 90 0 0 0.7071068 0 0.7071068 13.8889 0
3.7054 Head 0 1.6 0.78 12.30001 314.1 0 0.09865184 -0.3876837 0.04177367 0.9155458
3.7054 FirstCar -28.53584 0.025 2.97 0 90 0 0 0.7071068 0 0.7071068 13.8889 0
3.7070 Head 0 1.6 0.78 12.30001 314.1 0 0.09865184 -0.3876837 0.04177367 0.9155458
3.7070 FirstCar -28.51386 0.025 2.97 0 90 0 0 0.7071068 0 0.7071068 13.8889 0
3.7084 Head 0 1.6 0.78 12.30001 314.1 0 0.09865184 -0.3876837 0.04177367 0.9155458
3.7084 FirstCar -28.4938 0.025 2.97 0 90 0 0 0.7071068 0 0.7071068 13.8889 0
3.7099 Head 0 1.6 0.78 12.30001 314.1 0 0.09865184 -0.3876837 0.04177367 0.9155458
3.7099 FirstCar -28.47406 0.025 2.97 0 90 0 0 0.7071068 0 0.7071068 13.8889 0
3.7112 Head 0 1.6 0.78 12.30001 314.1 0 0.09865184 -0.3876837 0.04177367 0.9155458
3.7112 FirstCar -28.45538 0.025 2.97 0 90 0 0 0.7071068 0 0.7071068 13.8889 0
3.7125 Head 0 1.6 0.78 12.30001 314.1 0 0.09865184 -0.3876837 0.04177367 0.9155458
3.7125 FirstCar -28.43694 0.025 2.97 0 90 0 0 0.7071068 0 0.7071068 13.8889 0
3.7139 Head 0 1.6 0.78 12.30001 314.1 0 0.09865184 -0.3876837 0.04177367 0.9155458
3.7139 FirstCar -28.41828 0.025 2.97 0 90 0 0 0.7071068 0 0.7071068 13.8889 0
3.7152 Head 0 1.6 0.78 12.30001 314.1 0 0.09865184 -0.3876837 0.04177367 0.9155458
3.7152 FirstCar -28.39945 0.025 2.97 0 90 0 0 0.7071068 0 0.7071068 13.8889 0
3.7166 Head 0 1.6 0.78 12.30001 314.1 0 0.09865184 -0.3876837 0.04177367 0.9155458
3.7166 FirstCar -28.38012 0.025 2.97 0 90 0 0 0.7071068 0 0.7071068 13.8889 0
3.7180 Head 0 1.6 0.78 12.30001 314.1 0 0.09865184 -0.3876837 0.04177367 0.9155458
3.7180 FirstCar -28.36138 0.025 2.97 0 90 0 0 0.7071068 0 0.7071068 13.8889 0
3.7193 Head 0 1.6 0.78 12.30001 314.1 0 0.09865184 -0.3876837 0.04177367 0.9155458
3.7193 FirstCar -28.34324 0.025 2.97 0 90 0 0 0.7071068 0 0.7071068 13.8889 0
3.7207 Head 0 1.6 0.78 12.30001 314.1 0 0.09865184 -0.3876837 0.04177367 0.9155458
3.7207 FirstCar -28.32326 0.025 2.97 0 90 0 0 0.7071068 0 0.7071068 13.8889 0
3.7225 Head 0 1.6 0.78 12.30001 314.1 0 0.09865184 -0.3876837 0.04177367 0.9155458
3.7225 FirstCar -28.29843 0.025 2.97 0 90 0 0 0.7071068 0 0.7071068 13.8889 0
3.7243 Head 0 1.6 0.78 12.30001 314.1 0 0.09865184 -0.3876837 0.04177367 0.9155458
3.7243 FirstCar -28.27352 0.025 2.97 0 90 0 0 0.7071068 0 0.7071068 13.8889 0
3.7260 Head 0 1.6 0.78 12.30001 314.1 0 0.09865184 -0.3876837 0.04177367 0.9155458
3.7260 FirstCar -28.25051 0.025 2.97 0 90 0 0 0.7071068 0 0.7071068 13.8889 0
3.7279 Head 0 1.6 0.78 12.30001 314.1 0 0.09865184 -0.3876837 0.04177367 0.9155458
3.7279 FirstCar -28.22396 0.025 2.97 0 90 0 0 0.7071068 0 0.7071068 13.8889 0
3.7295 Head 0 1.6 0.78 12.30001 314.1 0 0.09865184 -0.3876837 0.04177367 0.9155458
3.7295 FirstCar -28.20202 0.025 2.97 0 90 0 0 0.7071068 0 0.7071068 13.8889 0
3.7308 Head 0 1.6 0.78 12.30001 314.1 0 0.09865184 -0.3876837 0.04177367 0.9155458
3.7308 FirstCar -28.18286 0.025 2.97 0 90 0 0 0.7071068 0 0.7071068 13.8889 0
3.7322 Head 0 1.6 0.78 12.30001 314.1 0 0.09865184 -0.3876837 0.04177367 0.9155458
3.7322 FirstCar -28.16375 0.025 2.97 0 90 0 0 0.7071068 0 0.7071068 13.8889 0
3.7335 Head 0 1.6 0.78 12.30001 314.1 0 0.09865184 -0.3876837 0.04177367 0.9155458
3.7335 FirstCar -28.14523 0.025 2.97 0 90 0 0 0.7071068 0 0.7071068 13.8889 0
3.7349 Head 0 1.6 0.78 12.30001 314.1 0 0.09865184 -0.3876837 0.04177367 0.9155458
3.7349 FirstCar -28.12569 0.025 2.97 0 90 0 0 0.7071068 0 0.7071068 13.8889 0
3.7364 Head 0 1.6 0.78 12.30001 314.1 0 0.09865184 -0.3876837 0.04177367 0.9155458
3.7364 FirstCar -28.10526 0.025 2.97 0 90 0 0 0.7071068 0 0.7071068 13.8889 0
3.7379 Head 0 1.6 0.78 12.30001 314.1 0 0.09865184 -0.3876837 0.04177367 0.9155458
3.7379 FirstCar -28.08459 0.025 2.97 0 90 0 0 0.7071068 0 0.7071068 13.8889 0
3.7394 Head 0 1.6 0.78 12.30001 314.1 0 0.09865184 -0.3876837 0.04177367 0.9155458
3.7394 FirstCar -28.06401 0.025 2.97 0 90 0 0 0.7071068 0 0.7071068 13.8889 0
3.7408 Head 0 1.6 0.78 12.30001 314.1 0 0.09865184 -0.3876837 0.04177367 0.9155458
3.7408 FirstCar -28.04449 0.025 2.97 0 90 0 0 0.7071068 0 0.7071068 13.8889 0
3.7422 Head 0 1.6 0.78 12.30001 314.1 0 0.09865184 -0.3876837 0.04177367 0.9155458
3.7422 FirstCar -28.02517 0.025 2.97 0 90 0 0 0.7071068 0 0.7071068 13.8889 0
3.7435 Head 0 1.6 0.78 12.30001 314.1 0 0.09865184 -0.3876837 0.04177367 0.9155458
3.7435 FirstCar -28.0065 0.025 2.97 0 90 0 0 0.7071068 0 0.7071068 13.8889 0
3.7449 Head 0 1.6 0.78 12.30001 314.1 0 0.09865184 -0.3876837 0.04177367 0.9155458
3.7449 FirstCar -27.98758 0.025 2.97 0 90 0 0 0.7071068 0 0.7071068 13.8889 0
3.7469 Head 0 1.6 0.78 12.30001 314.1 0 0.09865184 -0.3876837 0.04177367 0.9155458
3.7469 FirstCar -27.96 0.025 2.97 0 90 0 0 0.7071068 0 0.7071068 13.8889 0
3.7484 Head 0 1.6 0.78 12.30001 314.1 0 0.09865184 -0.3876837 0.04177367 0.9155458
3.7484 FirstCar -27.93854 0.025 2.97 0 90 0 0 0.7071068 0 0.7071068 13.8889 0
3.7499 Head 0 1.6 0.78 12.30001 314.1 0 0.09865184 -0.3876837 0.04177367 0.9155458
3.7499 FirstCar -27.91854 0.025 2.97 0 90 0 0 0.7071068 0 0.7071068 13.8889 0
3.7515 Head 0 1.6 0.78 12.30001 314.1 0 0.09865184 -0.3876837 0.04177367 0.9155458
3.7515 FirstCar -27.89536 0.025 2.97 0 90 0 0 0.7071068 0 0.7071068 13.8889 0
3.7533 Head 0 1.6 0.78 12.30001 314.1 0 0.09865184 -0.3876837 0.04177367 0.9155458
3.7533 FirstCar -27.87105 0.025 2.97 0 90 0 0 0.7071068 0 0.7071068 13.8889 0
3.7551 Head 0 1.6 0.78 12.30001 314.1 0 0.09865184 -0.3876837 0.04177367 0.9155458
3.7551 FirstCar -27.84645 0.025 2.97 0 90 0 0 0.7071068 0 0.7071068 13.8889 0
3.7567 Head 0 1.6 0.78 12.30001 314.1 0 0.09865184 -0.3876837 0.04177367 0.9155458
3.7567 FirstCar -27.82356 0.025 2.97 0 90 0 0 0.7071068 0 0.7071068 13.8889 0
3.7584 Head 0 1.6 0.78 12.30001 314.1 0 0.09865184 -0.3876837 0.04177367 0.9155458
3.7584 FirstCar -27.80012 0.025 2.97 0 90 0 0 0.7071068 0 0.7071068 13.8889 0
3.7600 Head 0 1.6 0.78 12.30001 314.1 0 0.09865184 -0.3876837 0.04177367 0.9155458
3.7600 FirstCar -27.77748 0.025 2.97 0 90 0 0 0.7071068 0 0.7071068 13.8889 0
3.7615 Head 0 1.6 0.78 12.30001 314.1 0 0.09865184 -0.3876837 0.04177367 0.9155458
3.7615 FirstCar -27.75697 0.025 2.97 0 90 0 0 0.7071068 0 0.7071068 13.8889 0
3.7629 Head 0 1.6 0.78 12.30001 314.1 0 0.09865184 -0.3876837 0.04177367 0.9155458
3.7629 FirstCar -27.73715 0.025 2.97 0 90 0 0 0.7071068 0 0.7071068 13.8889 0
3.7643 Head 0 1.6 0.78 12.30001 314.1 0 0.09865184 -0.3876837 0.04177367 0.9155458
3.7643 FirstCar -27.71787 0.025 2.97 0 90 0 0 0.7071068 0 0.7071068 13.8889 0
3.7657 Head 0 1.6 0.78 12.30001 314.1 0 0.09865184 -0.3876837 0.04177367 0.9155458
3.7657 FirstCar -27.69868 0.025 2.97 0 90 0 0 0.7071068 0 0.7071068 13.8889 0
3.7673 Head 0 1.6 0.78 12.30001 314.1 0 0.09865184 -0.3876837 0.04177367 0.9155458
3.7673 FirstCar -27.67657 0.025 2.97 0 90 0 0 0.7071068 0 0.7071068 13.8889 0
3.7687 Head 0 1.6 0.78 12.30001 314.1 0 0.09865184 -0.3876837 0.04177367 0.9155458
3.7687 FirstCar -27.65634 0.025 2.97 0 90 0 0 0.7071068 0 0.7071068 13.8889 0
3.7701 Head 0 1.6 0.78 12.30001 314.1 0 0.09865184 -0.3876837 0.04177367 0.9155458
3.7701 FirstCar -27.63715 0.025 2.97 0 90 0 0 0.7071068 0 0.7071068 13.8889 0
3.7715 Head 0 1.6 0.78 12.30001 314.1 0 0.09865184 -0.3876837 0.04177367 0.9155458
3.7715 FirstCar -27.61755 0.025 2.97 0 90 0 0 0.7071068 0 0.7071068 13.8889 0
3.7728 Head 0 1.6 0.78 12.30001 314.1 0 0.09865184 -0.3876837 0.04177367 0.9155458
3.7728 FirstCar -27.5993 0.025 2.97 0 90 0 0 0.7071068 0 0.7071068 13.8889 0
3.7742 Head 0 1.6 0.78 12.30001 314.1 0 0.09865184 -0.3876837 0.04177367 0.9155458
3.7742 FirstCar -27.58022 0.025 2.97 0 90 0 0 0.7071068 0 0.7071068 13.8889 0
3.7756 Head 0 1.6 0.78 12.30001 314.1 0 0.09865184 -0.3876837 0.04177367 0.9155458
3.7756 FirstCar -27.56158 0.025 2.97 0 90 0 0 0.7071068 0 0.7071068 13.8889 0
3.7770 Head 0 1.6 0.78 12.30001 314.1 0 0.09865184 -0.3876837 0.04177367 0.9155458
3.7770 FirstCar -27.54109 0.025 2.97 0 90 0 0 0.7071068 0 0.7071068 13.8889 0
3.7786 Head 0 1.6 0.78 12.30001 314.1 0 0.09865184 -0.3876837 0.04177367 0.9155458
3.7786 FirstCar -27.51941 0.025 2.97 0 90 0 0 0.7071068 0 0.7071068 13.8889 0
3.7801 Head 0 1.6 0.78 12.30001 314.1 0 0.09865184 -0.3876837 0.04177367 0.9155458
3.7801 FirstCar -27.49896 0.025 2.97 0 90 0 0 0.7071068 0 0.7071068 13.8889 0
3.7815 Head 0 1.6 0.78 12.30001 314.1 0 0.09865184 -0.3876837 0.04177367 0.9155458
3.7815 FirstCar -27.47914 0.025 2.97 0 90 0 0 0.7071068 0 0.7071068 13.8889 0
3.7829 Head 0 1.6 0.78 12.30001 314.1 0 0.09865184 -0.3876837 0.04177367 0.9155458
3.7829 FirstCar -27.45914 0.025 2.97 0 90 0 0 0.7071068 0 0.7071068 13.8889 0
3.7844 Head 0 1.6 0.78 12.30001 314.1 0 0.09865184 -0.3876837 0.04177367 0.9155458
3.7844 FirstCar -27.43935 0.025 2.97 0 90 0 0 0.7071068 0 0.7071068 13.8889 0
3.7858 Head 0 1.6 0.78 12.30001 314.1 0 0.09865184 -0.3876837 0.04177367 0.9155458
3.7858 FirstCar -27.41899 0.025 2.97 0 90 0 0 0.7071068 0 0.7071068 13.8889 0
3.7878 Head 0 1.6 0.78 12.30001 314.1 0 0.09865184 -0.3876837 0.04177367 0.9155458
3.7878 FirstCar -27.39133 0.025 2.97 0 90 0 0 0.7071068 0 0.7071068 13.8889 0
3.7893 Head 0 1.6 0.78 12.30001 314.1 0 0.09865184 -0.3876837 0.04177367 0.9155458
3.7893 FirstCar -27.37079 0.025 2.97 0 90 0 0 0.7071068 0 0.7071068 13.8889 0
3.7908 Head 0 1.6 0.78 12.30001 314.1 0 0.09865184 -0.3876837 0.04177367 0.9155458
3.7908 FirstCar -27.34937 0.025 2.97 0 90 0 0 0.7071068 0 0.7071068 13.8889 0
3.7924 Head 0 1.6 0.78 12.30001 314.1 0 0.09865184 -0.3876837 0.04177367 0.9155458
3.7924 FirstCar -27.32795 0.025 2.97 0 90 0 0 0.7071068 0 0.7071068 13.8889 0
3.7938 Head 0 1.6 0.78 12.30001 314.1 0 0.09865184 -0.3876837 0.04177367 0.9155458
3.7938 FirstCar -27.30821 0.025 2.97 0 90 0 0 0.7071068 0 0.7071068 13.8889 0
3.7952 Head 0 1.6 0.78 12.30001 314.1 0 0.09865184 -0.3876837 0.04177367 0.9155458
3.7952 FirstCar -27.28888 0.025 2.97 0 90 0 0 0.7071068 0 0.7071068 13.8889 0
3.7966 Head 0 1.6 0.78 12.30001 314.1 0 0.09865184 -0.3876837 0.04177367 0.9155458
3.7966 FirstCar -27.26938 0.025 2.97 0 90 0 0 0.7071068 0 0.7071068 13.8889 0
3.7980 Head 0 1.6 0.78 12.30001 314.1 0 0.09865184 -0.3876837 0.04177367 0.9155458
3.7980 FirstCar -27.25028 0.025 2.97 0 90 0 0 0.7071068 0 0.7071068 13.8889 0
3.7993 Head 0 1.6 0.78 12.30001 314.1 0 0.09865184 -0.3876837 0.04177367 0.9155458
3.7993 FirstCar -27.23198 0.025 2.97 0 90 0 0 0.7071068 0 0.7071068 13.8889 0
3.8006 Head 0 1.6 0.78 12.30001 314.1 0 0.09865184 -0.3876837 0.04177367 0.9155458
3.8006 FirstCar -27.21395 0.025 2.97 0 90 0 0 0.7071068 0 0.7071068 13.8889 0
3.8019 Head 0 1.6 0.78 12.30001 314.1 0 0.09865184 -0.3876837 0.04177367 0.9155458
3.8019 FirstCar -27.19557 0.025 2.97 0 90 0 0 0.7071068 0 0.7071068 13.8889 0
3.8033 Head 0 1.6 0.78 12.30001 314.1 0 0.09865184 -0.3876837 0.04177367 0.9155458
3.8033 FirstCar -27.17631 0.025 2.97 0 90 0 0 0.7071068 0 0.7071068 13.8889 0
3.8047 Head 0 1.6 0.78 12.30001 314.1 0 0.09865184 -0.3876837 0.04177367 0.9155458
3.8047 FirstCar -27.15657 0.025 2.97 0 90 0 0 0.7071068 0 0.7071068 13.8889 0
3.8063 Head 0 1.6 0.78 12.30001 314.1 0 0.09865184 -0.3876837 0.04177367 0.9155458
3.8063 FirstCar -27.13505 0.025 2.97 0 90 0 0 0.7071068 0 0.7071068 13.8889 0
3.8080 Head 0 1.6 0.78 12.30001 314.1 0 0.09865184 -0.3876837 0.04177367 0.9155458
3.8080 FirstCar -27.11094 0.025 2.97 0 90 0 0 0.7071068 0 0.7071068 13.8889 0
3.8095 Head 0 1.6 0.78 12.30001 314.1 0 0.09865184 -0.3876837 0.04177367 0.9155458
3.8095 FirstCar -27.09075 0.025 2.97 0 90 0 0 0.7071068 0 0.7071068 13.8889 0
3.8110 Head 0 1.6 0.78 12.30001 314.1 0 0.09865184 -0.3876837 0.04177367 0.9155458
3.8110 FirstCar -27.06961 0.025 2.97 0 90 0 0 0.7071068 0 0.7071068 13.8889 0
3.8127 Head 0 1.6 0.78 12.30001 314.1 0 0.09865184 -0.3876837 0.04177367 0.9155458
3.8127 FirstCar -27.04591 0.025 2.97 0 90 0 0 0.7071068 0 0.7071068 13.8889 0
3.8142 Head 0 1.6 0.78 12.30001 314.1 0 0.09865184 -0.3876837 0.04177367 0.9155458
3.8142 FirstCar -27.02501 0.025 2.97 0 90 0 0 0.7071068 0 0.7071068 13.8889 0
3.8157 Head 0 1.6 0.78 12.30001 314.1 0 0.09865184 -0.3876837 0.04177367 0.9155458
3.8157 FirstCar -27.00344 0.025 2.97 0 90 0 0 0.7071068 0 0.7071068 13.8889 0
3.8173 Head 0 1.6 0.78 12.30001 314.1 0 0.09865184 -0.3876837 0.04177367 0.9155458
3.8173 FirstCar -26.9815 0.025 2.97 0 90 0 0 0.7071068 0 0.7071068 13.8889 0
3.8190 Head 0 1.6 0.78 12.30001 314.1 0 0.09865184 -0.3876837 0.04177367 0.9155458
3.8190 FirstCar -26.95791 0.025 2.97 0 90 0 0 0.7071068 0 0.7071068 13.8889 0
3.8208 Head 0 1.6 0.78 12.30001 314.1 0 0.09865184 -0.3876837 0.04177367 0.9155458
3.8208 FirstCar -26.93342 0.025 2.97 0 90 0 0 0.7071068 0 0.7071068 13.8889 0
3.8227 Head 0 1.6 0.78 12.30001 314.1 0 0.09865184 -0.3876837 0.04177367 0.9155458
3.8227 FirstCar -26.90755 0.025 2.97 0 90 0 0 0.7071068 0 0.7071068 13.8889 0
3.8245 Head 0 1.6 0.78 12.30001 314.1 0 0.09865184 -0.3876837 0.04177367 0.9155458
3.8245 FirstCar -26.88221 0.025 2.97 0 90 0 0 0.7071068 0 0.7071068 13.8889 0
3.8261 Head 0 1.6 0.78 12.30001 314.1 0 0.09865184 -0.3876837 0.04177367 0.9155458
3.8261 FirstCar -26.85985 0.025 2.97 0 90 0 0 0.7071068 0 0.7071068 13.8889 0
3.8278 Head 0 1.6 0.78 12.30001 314.1 0 0.09865184 -0.3876837 0.04177367 0.9155458
3.8278 FirstCar -26.83624 0.025 2.97 0 90 0 0 0.7071068 0 0.7071068 13.8889 0
3.8292 Head 0 1.6 0.78 12.30001 314.1 0 0.09865184 -0.3876837 0.04177367 0.9155458
3.8292 FirstCar -26.81656 0.025 2.97 0 90 0 0 0.7071068 0 0.7071068 13.8889 0
3.8306 Head 0 1.6 0.78 12.30001 314.1 0 0.09865184 -0.3876837 0.04177367 0.9155458
3.8306 FirstCar -26.79725 0.025 2.97 0 90 0 0 0.7071068 0 0.7071068 13.8889 0
3.8320 Head 0 1.6 0.78 12.30001 314.1 0 0.09865184 -0.3876837 0.04177367 0.9155458
3.8320 FirstCar -26.77833 0.025 2.97 0 90 0 0 0.7071068 0 0.7071068 13.8889 0
3.8333 Head 0 1.6 0.78 12.30001 314.1 0 0.09865184 -0.3876837 0.04177367 0.9155458
3.8333 FirstCar -26.75979 0.025 2.97 0 90 0 0 0.7071068 0 0.7071068 13.8889 0
3.8347 Head 0 1.6 0.78 12.30001 314.1 0 0.09865184 -0.3876837 0.04177367 0.9155458
3.8347 FirstCar -26.74085 0.025 2.97 0 90 0 0 0.7071068 0 0.7071068 13.8889 0
3.8361 Head 0 1.6 0.78 12.30001 314.1 0 0.09865184 -0.3876837 0.04177367 0.9155458
3.8361 FirstCar -26.72116 0.025 2.97 0 90 0 0 0.7071068 0 0.7071068 13.8889 0
3.8376 Head 0 1.6 0.78 12.30001 314.1 0 0.09865184 -0.3876837 0.04177367 0.9155458
3.8376 FirstCar -26.70061 0.025 2.97 0 90 0 0 0.7071068 0 0.7071068 13.8889 0
3.8390 Head 0 1.6 0.78 12.30001 314.1 0 0.09865184 -0.3876837 0.04177367 0.9155458
3.8390 FirstCar -26.68106 0.025 2.97 0 90 0 0 0.7071068 0 0.7071068 13.8889 0
3.8403 Head 0 1.6 0.78 12.30001 314.1 0 0.09865184 -0.3876837 0.04177367 0.9155458
3.8403 FirstCar -26.6619 0.025 2.97 0 90 0 0 0.7071068 0 0.7071068 13.8889 0
3.8418 Head 0 1.6 0.78 12.30001 314.1 0 0.09865184 -0.3876837 0.04177367 0.9155458
3.8418 FirstCar -26.64218 0.025 2.97 0 90 0 0 0.7071068 0 0.7071068 13.8889 0
3.8432 Head 0 1.6 0.78 12.30001 314.1 0 0.09865184 -0.3876837 0.04177367 0.9155458
3.8432 FirstCar -26.62278 0.025 2.97 0 90 0 0 0.7071068 0 0.7071068 13.8889 0
3.8445 Head 0 1.6 0.78 12.30001 314.1 0 0.09865184 -0.3876837 0.04177367 0.9155458
3.8445 FirstCar -26.60371 0.025 2.97 0 90 0 0 0.7071068 0 0.7071068 13.8889 0
3.8460 Head 0 1.6 0.78 12.30001 314.1 0 0.09865184 -0.3876837 0.04177367 0.9155458
3.8460 FirstCar -26.58268 0.025 2.97 0 90 0 0 0.7071068 0 0.7071068 13.8889 0
3.8476 Head 0 1.6 0.78 12.30001 314.1 0 0.09865184 -0.3876837 0.04177367 0.9155458
3.8476 FirstCar -26.56045 0.025 2.97 0 90 0 0 0.7071068 0 0.7071068 13.8889 0
3.8491 Head 0 1.6 0.78 12.30001 314.1 0 0.09865184 -0.3876837 0.04177367 0.9155458
3.8491 FirstCar -26.54077 0.025 2.97 0 90 0 0 0.7071068 0 0.7071068 13.8889 0
3.8505 Head 0 1.6 0.78 12.30001 314.1 0 0.09865184 -0.3876837 0.04177367 0.9155458
3.8505 FirstCar -26.52101 0.025 2.97 0 90 0 0 0.7071068 0 0.7071068 13.8889 0
3.8519 Head 0 1.6 0.78 12.30001 314.1 0 0.09865184 -0.3876837 0.04177367 0.9155458
3.8519 FirstCar -26.50163 0.025 2.97 0 90 0 0 0.7071068 0 0.7071068 13.8889 0
3.8533 Head 0 1.6 0.78 12.30001 314.1 0 0.09865184 -0.3876837 0.04177367 0.9155458
3.8533 FirstCar -26.48125 0.025 2.97 0 90 0 0 0.7071068 0 0.7071068 13.8889 0
3.8548 Head 0 1.6 0.78 12.30001 314.1 0 0.09865184 -0.3876837 0.04177367 0.9155458
3.8548 FirstCar -26.46141 0.025 2.97 0 90 0 0 0.7071068 0 0.7071068 13.8889 0
3.8565 Head 0 1.6 0.78 12.30001 314.1 0 0.09865184 -0.3876837 0.04177367 0.9155458
3.8565 FirstCar -26.43727 0.025 2.97 0 90 0 0 0.7071068 0 0.7071068 13.8889 0
3.8581 Head 0 1.6 0.78 12.30001 314.1 0 0.09865184 -0.3876837 0.04177367 0.9155458
3.8581 FirstCar -26.41574 0.025 2.97 0 90 0 0 0.7071068 0 0.7071068 13.8889 0
3.8594 Head 0 1.6 0.78 12.30001 314.1 0 0.09865184 -0.3876837 0.04177367 0.9155458
3.8594 FirstCar -26.3966 0.025 2.97 0 90 0 0 0.7071068 0 0.7071068 13.8889 0
3.8609 Head 0 1.6 0.78 12.30001 314.1 0 0.09865184 -0.3876837 0.04177367 0.9155458
3.8609 FirstCar -26.3768 0.025 2.97 0 90 0 0 0.7071068 0 0.7071068 13.8889 0
3.8622 Head 0 1.6 0.78 12.30001 314.1 0 0.09865184 -0.3876837 0.04177367 0.9155458
3.8622 FirstCar -26.35789 0.025 2.97 0 90 0 0 0.7071068 0 0.7071068 13.8889 0
3.8636 Head 0 1.6 0.78 12.30001 314.1 0 0.09865184 -0.3876837 0.04177367 0.9155458
3.8636 FirstCar -26.33905 0.025 2.97 0 90 0 0 0.7071068 0 0.7071068 13.8889 0
3.8650 Head 0 1.6 0.78 12.30001 314.1 0 0.09865184 -0.3876837 0.04177367 0.9155458
3.8650 FirstCar -26.31926 0.025 2.97 0 90 0 0 0.7071068 0 0.7071068 13.8889 0
3.8667 Head 0 1.6 0.78 12.30001 314.1 0 0.09865184 -0.3876837 0.04177367 0.9155458
3.8667 FirstCar -26.29522 0.025 2.97 0 90 0 0 0.7071068 0 0.7071068 13.8889 0
3.8681 Head 0 1.6 0.78 12.30001 314.1 0 0.09865184 -0.3876837 0.04177367 0.9155458
3.8681 FirstCar -26.27585 0.025 2.97 0 90 0 0 0.7071068 0 0.7071068 13.8889 0
3.8696 Head 0 1.6 0.78 12.30001 314.1 0 0.09865184 -0.3876837 0.04177367 0.9155458
3.8696 FirstCar -26.25576 0.025 2.97 0 90 0 0 0.7071068 0 0.7071068 13.8889 0
3.8711 Head 0 1.6 0.78 12.30001 314.1 0 0.09865184 -0.3876837 0.04177367 0.9155458
3.8711 FirstCar -26.23536 0.025 2.97 0 90 0 0 0.7071068 0 0.7071068 13.8889 0
3.8724 Head 0 1.6 0.78 12.30001 314.1 0 0.09865184 -0.3876837 0.04177367 0.9155458
3.8724 FirstCar -26.21684 0.025 2.97 0 90 0 0 0.7071068 0 0.7071068 13.8889 0
3.8740 Head 0 1.6 0.78 12.30001 314.1 0 0.09865184 -0.3876837 0.04177367 0.9155458
3.8740 FirstCar -26.19411 0.025 2.97 0 90 0 0 0.7071068 0 0.7071068 13.8889 0
3.8756 Head 0 1.6 0.78 12.30001 314.1 0 0.09865184 -0.3876837 0.04177367 0.9155458
3.8756 FirstCar -26.17277 0.025 2.97 0 90 0 0 0.7071068 0 0.7071068 13.8889 0
3.8772 Head 0 1.6 0.78 12.30001 314.1 0 0.09865184 -0.3876837 0.04177367 0.9155458
3.8772 FirstCar -26.15057 0.025 2.97 0 90 0 0 0.7071068 0 0.7071068 13.8889 0
3.8786 Head 0 1.6 0.78 12.30001 314.1 0 0.09865184 -0.3876837 0.04177367 0.9155458
3.8786 FirstCar -26.13042 0.025 2.97 0 90 0 0 0.7071068 0 0.7071068 13.8889 0
3.8800 Head 0 1.6 0.78 12.30001 314.1 0 0.09865184 -0.3876837 0.04177367 0.9155458
3.8800 FirstCar -26.11123 0.025 2.97 0 90 0 0 0.7071068 0 0.7071068 13.8889 0
3.8816 Head 0 1.6 0.78 12.30001 314.1 0 0.09865184 -0.3876837 0.04177367 0.9155458
3.8816 FirstCar -26.08836 0.025 2.97 0 90 0 0 0.7071068 0 0.7071068 13.8889 0
3.8833 Head 0 1.6 0.78 12.30001 314.1 0 0.09865184 -0.3876837 0.04177367 0.9155458
3.8833 FirstCar -26.06591 0.025 2.97 0 90 0 0 0.7071068 0 0.7071068 13.8889 0
3.8848 Head 0 1.6 0.78 12.30001 314.1 0 0.09865184 -0.3876837 0.04177367 0.9155458
3.8848 FirstCar -26.04379 0.025 2.97 0 90 0 0 0.7071068 0 0.7071068 13.8889 0
3.8871 Head 0 1.6 0.78 12.30001 314.1 0 0.09865184 -0.3876837 0.04177367 0.9155458
3.8871 FirstCar -26.01202 0.025 2.97 0 90 0 0 0.7071068 0 0.7071068 13.8889 0
3.8890 Head 0 1.6 0.78 12.30001 314.1 0 0.09865184 -0.3876837 0.04177367 0.9155458
3.8890 FirstCar -25.98633 0.025 2.97 0 90 0 0 0.7071068 0 0.7071068 13.8889 0
3.8906 Head 0 1.6 0.78 12.30001 314.1 0 0.09865184 -0.3876837 0.04177367 0.9155458
3.8906 FirstCar -25.964 0.025 2.97 0 90 0 0 0.7071068 0 0.7071068 13.8889 0
3.8921 Head 0 1.6 0.78 12.30001 314.1 0 0.09865184 -0.3876837 0.04177367 0.9155458
3.8921 FirstCar -25.94274 0.025 2.97 0 90 0 0 0.7071068 0 0.7071068 13.8889 0
3.8936 Head 0 1.6 0.78 12.30001 314.1 0 0.09865184 -0.3876837 0.04177367 0.9155458
3.8936 FirstCar -25.92227 0.025 2.97 0 90 0 0 0.7071068 0 0.7071068 13.8889 0
3.8951 Head 0 1.6 0.78 12.30001 314.1 0 0.09865184 -0.3876837 0.04177367 0.9155458
3.8951 FirstCar -25.90144 0.025 2.97 0 90 0 0 0.7071068 0 0.7071068 13.8889 0
3.8966 Head 0 1.6 0.78 12.30001 314.1 0 0.09865184 -0.3876837 0.04177367 0.9155458
3.8966 FirstCar -25.88038 0.025 2.97 0 90 0 0 0.7071068 0 0.7071068 13.8889 0
3.8980 Head 0 1.6 0.78 12.30001 314.1 0 0.09865184 -0.3876837 0.04177367 0.9155458
3.8980 FirstCar -25.86133 0.025 2.97 0 90 0 0 0.7071068 0 0.7071068 13.8889 0
3.8993 Head 0 1.6 0.78 12.30001 314.1 0 0.09865184 -0.3876837 0.04177367 0.9155458
3.8993 FirstCar -25.84266 0.025 2.97 0 90 0 0 0.7071068 0 0.7071068 13.8889 0
3.9007 Head 0 1.6 0.78 12.30001 314.1 0 0.09865184 -0.3876837 0.04177367 0.9155458
3.9007 FirstCar -25.82383 0.025 2.97 0 90 0 0 0.7071068 0 0.7071068 13.8889 0
3.9021 Head 0 1.6 0.78 12.30001 314.1 0 0.09865184 -0.3876837 0.04177367 0.9155458
3.9021 FirstCar -25.80471 0.025 2.97 0 90 0 0 0.7071068 0 0.7071068 13.8889 0
3.9036 Head 0 1.6 0.78 12.30001 314.1 0 0.09865184 -0.3876837 0.04177367 0.9155458
3.9036 FirstCar -25.78284 0.025 2.97 0 90 0 0 0.7071068 0 0.7071068 13.8889 0
3.9053 Head 0 1.6 0.78 12.30001 314.1 0 0.09865184 -0.3876837 0.04177367 0.9155458
3.9053 FirstCar -25.75988 0.025 2.97 0 90 0 0 0.7071068 0 0.7071068 13.8889 0
3.9072 Head 0 1.6 0.78 12.30001 314.1 0 0.09865184 -0.3876837 0.04177367 0.9155458
3.9072 FirstCar -25.73287 0.025 2.97 0 90 0 0 0.7071068 0 0.7071068 13.8889 0
3.9089 Head 0 1.6 0.78 12.30001 314.1 0 0.09865184 -0.3876837 0.04177367 0.9155458
3.9089 FirstCar -25.70905 0.025 2.97 0 90 0 0 0.7071068 0 0.7071068 13.8889 0
3.9106 Head 0 1.6 0.78 12.30001 314.1 0 0.09865184 -0.3876837 0.04177367 0.9155458
3.9106 FirstCar -25.68604 0.025 2.97 0 90 0 0 0.7071068 0 0.7071068 13.8889 0
3.9120 Head 0 1.6 0.78 12.30001 314.1 0 0.09865184 -0.3876837 0.04177367 0.9155458
3.9120 FirstCar -25.66616 0.025 2.97 0 90 0 0 0.7071068 0 0.7071068 13.8889 0
3.9135 Head 0 1.6 0.78 12.30001 314.1 0 0.09865184 -0.3876837 0.04177367 0.9155458
3.9135 FirstCar -25.64545 0.025 2.97 0 90 0 0 0.7071068 0 0.7071068 13.8889 0
3.9151 Head 0 1.6 0.78 12.30001 314.1 0 0.09865184 -0.3876837 0.04177367 0.9155458
3.9151 FirstCar -25.62403 0.025 2.97 0 90 0 0 0.7071068 0 0.7071068 13.8889 0
3.9167 Head 0 1.6 0.78 12.30001 314.1 0 0.09865184 -0.3876837 0.04177367 0.9155458
3.9167 FirstCar -25.60138 0.025 2.97 0 90 0 0 0.7071068 0 0.7071068 13.8889 0
3.9182 Head 0 1.6 0.78 12.30001 314.1 0 0.09865184 -0.3876837 0.04177367 0.9155458
3.9182 FirstCar -25.57985 0.025 2.97 0 90 0 0 0.7071068 0 0.7071068 13.8889 0
3.9197 Head 0 1.6 0.78 12.30001 314.1 0 0.09865184 -0.3876837 0.04177367 0.9155458
3.9197 FirstCar -25.55993 0.025 2.97 0 90 0 0 0.7071068 0 0.7071068 13.8889 0
3.9211 Head 0 1.6 0.78 12.30001 314.1 0 0.09865184 -0.3876837 0.04177367 0.9155458
3.9211 FirstCar -25.53959 0.025 2.97 0 90 0 0 0.7071068 0 0.7071068 13.8889 0
3.9226 Head 0 1.6 0.78 12.30001 314.1 0 0.09865184 -0.3876837 0.04177367 0.9155458
3.9226 FirstCar -25.51938 0.025 2.97 0 90 0 0 0.7071068 0 0.7071068 13.8889 0
3.9241 Head 0 1.6 0.78 12.30001 314.1 0 0.09865184 -0.3876837 0.04177367 0.9155458
3.9241 FirstCar -25.49804 0.025 2.97 0 90 0 0 0.7071068 0 0.7071068 13.8889 0
3.9258 Head 0 1.6 0.78 12.30001 314.1 0 0.09865184 -0.3876837 0.04177367 0.9155458
3.9258 FirstCar -25.47462 0.025 2.97 0 90 0 0 0.7071068 0 0.7071068 13.8889 0
3.9278 Head 0 1.6 0.78 12.30001 314.1 0 0.09865184 -0.3876837 0.04177367 0.9155458
3.9278 FirstCar -25.44698 0.025 2.97 0 90 0 0 0.7071068 0 0.7071068 13.8889 0
3.9293 Head 0 1.6 0.78 12.30001 314.1 0 0.09865184 -0.3876837 0.04177367 0.9155458
3.9293 FirstCar -25.42647 0.025 2.97 0 90 0 0 0.7071068 0 0.7071068 13.8889 0
3.9307 Head 0 1.6 0.78 12.30001 314.1 0 0.09865184 -0.3876837 0.04177367 0.9155458
3.9307 FirstCar -25.40624 0.025 2.97 0 90 0 0 0.7071068 0 0.7071068 13.8889 0
3.9324 Head 0 1.6 0.78 12.30001 314.1 0 0.09865184 -0.3876837 0.04177367 0.9155458
3.9324 FirstCar -25.383 0.025 2.97 0 90 0 0 0.7071068 0 0.7071068 13.8889 0
3.9342 Head 0 1.6 0.78 12.30001 314.1 0 0.09865184 -0.3876837 0.04177367 0.9155458
3.9342 FirstCar -25.35766 0.025 2.97 0 90 0 0 0.7071068 0 0.7071068 13.8889 0
3.9363 Head 0 1.6 0.78 12.30001 314.1 0 0.09865184 -0.3876837 0.04177367 0.9155458
3.9363 FirstCar -25.32922 0.025 2.97 0 90 0 0 0.7071068 0 0.7071068 13.8889 0
3.9382 Head 0 1.6 0.78 12.30001 314.1 0 0.09865184 -0.3876837 0.04177367 0.9155458
3.9382 FirstCar -25.30341 0.025 2.97 0 90 0 0 0.7071068 0 0.7071068 13.8889 0
3.9398 Head 0 1.6 0.78 12.30001 314.1 0 0.09865184 -0.3876837 0.04177367 0.9155458
3.9398 FirstCar -25.28006 0.025 2.97 0 90 0 0 0.7071068 0 0.7071068 13.8889 0
3.9415 Head 0 1.6 0.78 12.30001 314.1 0 0.09865184 -0.3876837 0.04177367 0.9155458
3.9415 FirstCar -25.2565 0.025 2.97 0 90 0 0 0.7071068 0 0.7071068 13.8889 0
3.9432 Head 0 1.6 0.78 12.30001 314.1 0 0.09865184 -0.3876837 0.04177367 0.9155458
3.9432 FirstCar -25.23357 0.025 2.97 0 90 0 0 0.7071068 0 0.7071068 13.8889 0
3.9448 Head 0 1.6 0.78 12.30001 314.1 0 0.09865184 -0.3876837 0.04177367 0.9155458
3.9448 FirstCar -25.21053 0.025 2.97 0 90 0 0 0.7071068 0 0.7071068 13.8889 0
3.9468 Head 0 1.6 0.78 12.30001 314.1 0 0.09865184 -0.3876837 0.04177367 0.9155458
3.9468 FirstCar -25.18298 0.025 2.97 0 90 0 0 0.7071068 0 0.7071068 13.8889 0
3.9484 Head 0 1.6 0.78 12.30001 314.1 0 0.09865184 -0.3876837 0.04177367 0.9155458
3.9484 FirstCar -25.16134 0.025 2.97 0 90 0 0 0.7071068 0 0.7071068 13.8889 0
3.9500 Head 0 1.6 0.78 12.30001 314.1 0 0.09865184 -0.3876837 0.04177367 0.9155458
3.9500 FirstCar -25.13902 0.025 2.97 0 90 0 0 0.7071068 0 0.7071068 13.8889 0
3.9519 Head 0 1.6 0.78 12.30001 314.1 0 0.09865184 -0.3876837 0.04177367 0.9155458
3.9519 FirstCar -25.11292 0.025 2.97 0 90 0 0 0.7071068 0 0.7071068 13.8889 0
3.9536 Head 0 1.6 0.78 12.30001 314.1 0 0.09865184 -0.3876837 0.04177367 0.9155458
3.9536 FirstCar -25.08886 0.025 2.97 0 90 0 0 0.7071068 0 0.7071068 13.8889 0
3.9555 Head 0 1.6 0.78 12.30001 314.1 0 0.09865184 -0.3876837 0.04177367 0.9155458
3.9555 FirstCar -25.06252 0.025 2.97 0 90 0 0 0.7071068 0 0.7071068 13.8889 0
3.9574 Head 0 1.6 0.78 12.30001 314.1 0 0.09865184 -0.3876837 0.04177367 0.9155458
3.9574 FirstCar -25.0357 0.025 2.97 0 90 0 0 0.7071068 0 0.7071068 13.8889 0
3.9591 Head 0 1.6 0.78 12.30001 314.1 0 0.09865184 -0.3876837 0.04177367 0.9155458
3.9591 FirstCar -25.01223 0.025 2.97 0 90 0 0 0.7071068 0 0.7071068 13.8889 0
3.9608 Head 0 1.6 0.78 12.30001 314.1 0 0.09865184 -0.3876837 0.04177367 0.9155458
3.9608 FirstCar -24.98836 0.025 2.97 0 90 0 0 0.7071068 0 0.7071068 13.8889 0
3.9634 Head 0 1.6 0.78 12.30001 314.1 0 0.09865184 -0.3876837 0.04177367 0.9155458
3.9634 FirstCar -24.9529 0.025 2.97 0 90 0 0 0.7071068 0 0.7071068 13.8889 0
3.9655 Head 0 1.6 0.78 12.30001 314.1 0 0.09865184 -0.3876837 0.04177367 0.9155458
3.9655 FirstCar -24.9232 0.025 2.97 0 90 0 0 0.7071068 0 0.7071068 13.8889 0
3.9678 Head 0 1.6 0.78 12.30001 314.1 0 0.09865184 -0.3876837 0.04177367 0.9155458
3.9678 FirstCar -24.89192 0.025 2.97 0 90 0 0 0.7071068 0 0.7071068 13.8889 0
3.9695 Head 0 1.6 0.78 12.30001 314.1 0 0.09865184 -0.3876837 0.04177367 0.9155458
3.9695 FirstCar -24.86825 0.025 2.97 0 90 0 0 0.7071068 0 0.7071068 13.8889 0
3.9710 Head 0 1.6 0.78 12.30001 314.1 0 0.09865184 -0.3876837 0.04177367 0.9155458
3.9710 FirstCar -24.84726 0.025 2.97 0 90 0 0 0.7071068 0 0.7071068 13.8889 0
3.9724 Head 0 1.6 0.78 12.30001 314.1 0 0.09865184 -0.3876837 0.04177367 0.9155458
3.9724 FirstCar -24.82726 0.025 2.97 0 90 0 0 0.7071068 0 0.7071068 13.8889 0
3.9738 Head 0 1.6 0.78 12.30001 314.1 0 0.09865184 -0.3876837 0.04177367 0.9155458
3.9738 FirstCar -24.80874 0.025 2.97 0 90 0 0 0.7071068 0 0.7071068 13.8889 0
3.9751 Head 0 1.6 0.78 12.30001 314.1 0 0.09865184 -0.3876837 0.04177367 0.9155458
3.9751 FirstCar -24.79017 0.025 2.97 0 90 0 0 0.7071068 0 0.7071068 13.8889 0
3.9766 Head 0 1.6 0.78 12.30001 314.1 0 0.09865184 -0.3876837 0.04177367 0.9155458
3.9766 FirstCar -24.76929 0.025 2.97 0 90 0 0 0.7071068 0 0.7071068 13.8889 0
3.9780 Head 0 1.6 0.78 12.30001 314.1 0 0.09865184 -0.3876837 0.04177367 0.9155458
3.9780 FirstCar -24.74974 0.025 2.97 0 90 0 0 0.7071068 0 0.7071068 13.8889 0
3.9794 Head 0 1.6 0.78 12.30001 314.1 0 0.09865184 -0.3876837 0.04177367 0.9155458
3.9794 FirstCar -24.73037 0.025 2.97 0 90 0 0 0.7071068 0 0.7071068 13.8889 0
3.9808 Head 0 1.6 0.78 12.30001 314.1 0 0.09865184 -0.3876837 0.04177367 0.9155458
3.9808 FirstCar -24.71091 0.025 2.97 0 90 0 0 0.7071068 0 0.7071068 13.8889 0
3.9821 Head 0 1.6 0.78 12.30001 314.1 0 0.09865184 -0.3876837 0.04177367 0.9155458
3.9821 FirstCar -24.69247 0.025 2.97 0 90 0 0 0.7071068 0 0.7071068 13.8889 0
3.9835 Head 0 1.6 0.78 12.30001 314.1 0 0.09865184 -0.3876837 0.04177367 0.9155458
3.9835 FirstCar -24.67356 0.025 2.97 0 90 0 0 0.7071068 0 0.7071068 13.8889 0
3.9849 Head 0 1.6 0.78 12.30001 314.1 0 0.09865184 -0.3876837 0.04177367 0.9155458
3.9849 FirstCar -24.65456 0.025 2.97 0 90 0 0 0.7071068 0 0.7071068 13.8889 0
3.9866 Head 0 1.6 0.78 12.30001 314.1 0 0.09865184 -0.3876837 0.04177367 0.9155458
3.9866 FirstCar -24.63015 0.025 2.97 0 90 0 0 0.7071068 0 0.7071068 13.8889 0
3.9881 Head 0 1.6 0.78 12.30001 314.1 0 0.09865184 -0.3876837 0.04177367 0.9155458
3.9881 FirstCar -24.61016 0.025 2.97 0 90 0 0 0.7071068 0 0.7071068 13.8889 0
3.9895 Head 0 1.6 0.78 12.30001 314.1 0 0.09865184 -0.3876837 0.04177367 0.9155458
3.9895 FirstCar -24.59093 0.025 2.97 0 90 0 0 0.7071068 0 0.7071068 13.8889 0
3.9908 Head 0 1.6 0.78 12.30001 314.1 0 0.09865184 -0.3876837 0.04177367 0.9155458
3.9908 FirstCar -24.57171 0.025 2.97 0 90 0 0 0.7071068 0 0.7071068 13.8889 0
3.9922 Head 0 1.6 0.78 12.30001 314.1 0 0.09865184 -0.3876837 0.04177367 0.9155458
3.9922 FirstCar -24.55331 0.025 2.97 0 90 0 0 0.7071068 0 0.7071068 13.8889 0
3.9935 Head 0 1.6 0.78 12.30001 314.1 0 0.09865184 -0.3876837 0.04177367 0.9155458
3.9935 FirstCar -24.53409 0.025 2.97 0 90 0 0 0.7071068 0 0.7071068 13.8889 0
3.9951 Head 0 1.6 0.78 12.30001 314.1 0 0.09865184 -0.3876837 0.04177367 0.9155458
3.9951 FirstCar -24.51315 0.025 2.97 0 90 0 0 0.7071068 0 0.7071068 13.8889 0
3.9966 Head 0 1.6 0.78 12.30001 314.1 0 0.09865184 -0.3876837 0.04177367 0.9155458
3.9966 FirstCar -24.4918 0.025 2.97 0 90 0 0 0.7071068 0 0.7071068 13.8889 0
3.9981 Head 0 1.6 0.78 12.30001 314.1 0 0.09865184 -0.3876837 0.04177367 0.9155458
3.9981 FirstCar -24.47019 0.025 2.97 0 90 0 0 0.7071068 0 0.7071068 13.8889 0
3.9997 Head 0 1.6 0.78 12.30001 314.1 0 0.09865184 -0.3876837 0.04177367 0.9155458
3.9997 FirstCar -24.44792 0.025 2.97 0 90 0 0 0.7071068 0 0.7071068 13.8889 0
4.0013 Head 0 1.6 0.78 12.30001 314.1 0 0.09865184 -0.3876837 0.04177367 0.9155458
4.0013 FirstCar -24.42683 0.025 2.97 0 90 0 0 0.7071068 0 0.7071068 13.8889 0
4.0027 Head 0 1.6 0.78 12.30001 314.1 0 0.09865184 -0.3876837 0.04177367 0.9155458
4.0027 FirstCar -24.40746 0.025 2.97 0 90 0 0 0.7071068 0 0.7071068 13.8889 0
4.0040 Head 0 1.6 0.78 12.30001 314.1 0 0.09865184 -0.3876837 0.04177367 0.9155458
4.0040 FirstCar -24.38819 0.025 2.97 0 90 0 0 0.7071068 0 0.7071068 13.8889 0
4.0054 Head 0 1.6 0.78 12.30001 314.1 0 0.09865184 -0.3876837 0.04177367 0.9155458
4.0054 FirstCar -24.36932 0.025 2.97 0 90 0 0 0.7071068 0 0.7071068 13.8889 0
4.0072 Head 0 1.6 0.78 12.30001 314.1 0 0.09865184 -0.3876837 0.04177367 0.9155458
4.0072 FirstCar -24.34467 0.025 2.97 0 90 0 0 0.7071068 0 0.7071068 13.8889 0
4.0087 Head 0 1.6 0.78 12.30001 314.1 0 0.09865184 -0.3876837 0.04177367 0.9155458
4.0087 FirstCar -24.32384 0.025 2.97 0 90 0 0 0.7071068 0 0.7071068 13.8889 0
4.0102 Head 0 1.6 0.78 12.30001 314.1 0 0.09865184 -0.3876837 0.04177367 0.9155458
4.0102 FirstCar -24.30291 0.025 2.97 0 90 0 0 0.7071068 0 0.7071068 13.8889 0
4.0117 Head 0 1.6 0.78 12.30001 314.1 0 0.09865184 -0.3876837 0.04177367 0.9155458
4.0117 FirstCar -24.2825 0.025 2.97 0 90 0 0 0.7071068 0 0.7071068 13.8889 0
4.0133 Head 0 1.6 0.78 12.30001 314.1 0 0.09865184 -0.3876837 0.04177367 0.9155458
4.0133 FirstCar -24.26031 0.025 2.97 0 90 0 0 0.7071068 0 0.7071068 13.8889 0
4.0148 Head 0 1.6 0.78 12.30001 314.1 0 0.09865184 -0.3876837 0.04177367 0.9155458
4.0148 FirstCar -24.23845 0.025 2.97 0 90 0 0 0.7071068 0 0.7071068 13.8889 0
4.0164 Head 0 1.6 0.78 12.30001 314.1 0 0.09865184 -0.3876837 0.04177367 0.9155458
4.0164 FirstCar -24.21615 0.025 2.97 0 90 0 0 0.7071068 0 0.7071068 13.8889 0
4.0179 Head 0 1.6 0.78 12.30001 314.1 0 0.09865184 -0.3876837 0.04177367 0.9155458
4.0179 FirstCar -24.19533 0.025 2.97 0 90 0 0 0.7071068 0 0.7071068 13.8889 0
4.0194 Head 0 1.6 0.78 12.30001 314.1 0 0.09865184 -0.3876837 0.04177367 0.9155458
4.0194 FirstCar -24.17473 0.025 2.97 0 90 0 0 0.7071068 0 0.7071068 13.8889 0
4.0210 Head 0 1.6 0.78 12.30001 314.1 0 0.09865184 -0.3876837 0.04177367 0.9155458
4.0210 FirstCar -24.15275 0.025 2.97 0 90 0 0 0.7071068 0 0.7071068 13.8889 0
4.0227 Head 0 1.6 0.78 12.30001 314.1 0 0.09865184 -0.3876837 0.04177367 0.9155458
4.0227 FirstCar -24.12923 0.025 2.97 0 90 0 0 0.7071068 0 0.7071068 13.8889 0
4.0243 Head 0 1.6 0.78 12.30001 314.1 0 0.09865184 -0.3876837 0.04177367 0.9155458
4.0243 FirstCar -24.10667 0.025 2.97 0 90 0 0 0.7071068 0 0.7071068 13.8889 0
4.0262 Head 0 1.6 0.78 12.30001 314.1 0 0.09865184 -0.3876837 0.04177367 0.9155458
4.0262 FirstCar -24.08117 0.025 2.97 0 90 0 0 0.7071068 0 0.7071068 13.8889 0
4.0280 Head 0 1.6 0.78 12.30001 314.1 0 0.09865184 -0.3876837 0.04177367 0.9155458
4.0280 FirstCar -24.05495 0.025 2.97 0 90 0 0 0.7071068 0 0.7071068 13.8889 0
4.0297 Head 0 1.6 0.78 12.30001 314.1 0 0.09865184 -0.3876837 0.04177367 0.9155458
4.0297 FirstCar -24.03203 0.025 2.97 0 90 0 0 0.7071068 0 0.7071068 13.8889 0
4.0313 Head 0 1.6 0.78 12.30001 314.1 0 0.09865184 -0.3876837 0.04177367 0.9155458
4.0313 FirstCar -24.01004 0.025 2.97 0 90 0 0 0.7071068 0 0.7071068 13.8889 0
4.0328 Head 0 1.6 0.78 12.30001 314.1 0 0.09865184 -0.3876837 0.04177367 0.9155458
4.0328 FirstCar -23.98934 0.025 2.97 0 90 0 0 0.7071068 0 0.7071068 13.8889 0
4.0343 Head 0 1.6 0.78 12.30001 314.1 0 0.09865184 -0.3876837 0.04177367 0.9155458
4.0343 FirstCar -23.96845 0.025 2.97 0 90 0 0 0.7071068 0 0.7071068 13.8889 0
4.0358 Head 0 1.6 0.78 12.30001 314.1 0 0.09865184 -0.3876837 0.04177367 0.9155458
4.0358 FirstCar -23.94758 0.025 2.97 0 90 0 0 0.7071068 0 0.7071068 13.8889 0
4.0373 Head 0 1.6 0.78 12.30001 314.1 0 0.09865184 -0.3876837 0.04177367 0.9155458
4.0373 FirstCar -23.92696 0.025 2.97 0 90 0 0 0.7071068 0 0.7071068 13.8889 0
4.0387 Head 0 1.6 0.78 12.30001 314.1 0 0.09865184 -0.3876837 0.04177367 0.9155458
4.0387 FirstCar -23.90753 0.025 2.97 0 90 0 0 0.7071068 0 0.7071068 13.8889 0
4.0400 Head 0 1.6 0.78 12.30001 314.1 0 0.09865184 -0.3876837 0.04177367 0.9155458
4.0400 FirstCar -23.88851 0.025 2.97 0 90 0 0 0.7071068 0 0.7071068 13.8889 0
4.0414 Head 0 1.6 0.78 12.30001 314.1 0 0.09865184 -0.3876837 0.04177367 0.9155458
4.0414 FirstCar -23.87004 0.025 2.97 0 90 0 0 0.7071068 0 0.7071068 13.8889 0
4.0427 Head 0 1.6 0.78 12.30001 314.1 0 0.09865184 -0.3876837 0.04177367 0.9155458
4.0427 FirstCar -23.85185 0.025 2.97 0 90 0 0 0.7071068 0 0.7071068 13.8889 0
4.0440 Head 0 1.6 0.78 12.30001 314.1 0 0.09865184 -0.3876837 0.04177367 0.9155458
4.0440 FirstCar -23.83341 0.025 2.97 0 90 0 0 0.7071068 0 0.7071068 13.8889 0
4.0454 Head 0 1.6 0.78 12.30001 314.1 0 0.09865184 -0.3876837 0.04177367 0.9155458
4.0454 FirstCar -23.81356 0.025 2.97 0 90 0 0 0.7071068 0 0.7071068 13.8889 0
4.0471 Head 0 1.6 0.78 12.30001 314.1 0 0.09865184 -0.3876837 0.04177367 0.9155458
4.0471 FirstCar -23.79082 0.025 2.97 0 90 0 0 0.7071068 0 0.7071068 13.8889 0
4.0484 Head 0 1.6 0.78 12.30001 314.1 0 0.09865184 -0.3876837 0.04177367 0.9155458
4.0484 FirstCar -23.77226 0.025 2.97 0 90 0 0 0.7071068 0 0.7071068 13.8889 0
4.0497 Head 0 1.6 0.78 12.30001 314.1 0 0.09865184 -0.3876837 0.04177367 0.9155458
4.0497 FirstCar -23.75391 0.025 2.97 0 90 0 0 0.7071068 0 0.7071068 13.8889 0
4.0510 Head 0 1.6 0.78 12.30001 314.1 0 0.09865184 -0.3876837 0.04177367 0.9155458
4.0510 FirstCar -23.73577 0.025 2.97 0 90 0 0 0.7071068 0 0.7071068 13.8889 0
4.0524 Head 0 1.6 0.78 12.30001 314.1 0 0.09865184 -0.3876837 0.04177367 0.9155458
4.0524 FirstCar -23.71695 0.025 2.97 0 90 0 0 0.7071068 0 0.7071068 13.8889 0
4.0538 Head 0 1.6 0.78 12.30001 314.1 0 0.09865184 -0.3876837 0.04177367 0.9155458
4.0538 FirstCar -23.69663 0.025 2.97 0 90 0 0 0.7071068 0 0.7071068 13.8889 0
4.0552 Head 0 1.6 0.78 12.30001 314.1 0 0.09865184 -0.3876837 0.04177367 0.9155458
4.0552 FirstCar -23.67719 0.025 2.97 0 90 0 0 0.7071068 0 0.7071068 13.8889 0
4.0568 Head 0 1.6 0.78 12.30001 314.1 0 0.09865184 -0.3876837 0.04177367 0.9155458
4.0568 FirstCar -23.656 0.025 2.97 0 90 0 0 0.7071068 0 0.7071068 13.8889 0
4.0583 Head 0 1.6 0.78 12.30001 314.1 0 0.09865184 -0.3876837 0.04177367 0.9155458
4.0583 FirstCar -23.63494 0.025 2.97 0 90 0 0 0.7071068 0 0.7071068 13.8889 0
4.0597 Head 0 1.6 0.78 12.30001 314.1 0 0.09865184 -0.3876837 0.04177367 0.9155458
4.0597 FirstCar -23.61489 0.025 2.97 0 90 0 0 0.7071068 0 0.7071068 13.8889 0
4.0613 Head 0 1.6 0.78 12.30001 314.1 0 0.09865184 -0.3876837 0.04177367 0.9155458
4.0613 FirstCar -23.59369 0.025 2.97 0 90 0 0 0.7071068 0 0.7071068 13.8889 0
4.0628 Head 0 1.6 0.78 12.30001 314.1 0 0.09865184 -0.3876837 0.04177367 0.9155458
4.0628 FirstCar -23.57214 0.025 2.97 0 90 0 0 0.7071068 0 0.7071068 13.8889 0
4.0644 Head 0 1.6 0.78 12.30001 314.1 0 0.09865184 -0.3876837 0.04177367 0.9155458
4.0644 FirstCar -23.55014 0.025 2.97 0 90 0 0 0.7071068 0 0.7071068 13.8889 0
4.0659 Head 0 1.6 0.78 12.30001 314.1 0 0.09865184 -0.3876837 0.04177367 0.9155458
4.0659 FirstCar -23.52961 0.025 2.97 0 90 0 0 0.7071068 0 0.7071068 13.8889 0
4.0675 Head 0 1.6 0.78 12.30001 314.1 0 0.09865184 -0.3876837 0.04177367 0.9155458
4.0675 FirstCar -23.50696 0.025 2.97 0 90 0 0 0.7071068 0 0.7071068 13.8889 0
4.0689 Head 0 1.6 0.78 12.30001 314.1 0 0.09865184 -0.3876837 0.04177367 0.9155458
4.0689 FirstCar -23.48809 0.025 2.97 0 90 0 0 0.7071068 0 0.7071068 13.8889 0
4.0703 Head 0 1.6 0.78 12.30001 314.1 0 0.09865184 -0.3876837 0.04177367 0.9155458
4.0703 FirstCar -23.46811 0.025 2.97 0 90 0 0 0.7071068 0 0.7071068 13.8889 0
4.0718 Head 0 1.6 0.78 12.30001 314.1 0 0.09865184 -0.3876837 0.04177367 0.9155458
4.0718 FirstCar -23.44758 0.025 2.97 0 90 0 0 0.7071068 0 0.7071068 13.8889 0
4.0731 Head 0 1.6 0.78 12.30001 314.1 0 0.09865184 -0.3876837 0.04177367 0.9155458
4.0731 FirstCar -23.4286 0.025 2.97 0 90 0 0 0.7071068 0 0.7071068 13.8889 0
4.0746 Head 0 1.6 0.78 12.30001 314.1 0 0.09865184 -0.3876837 0.04177367 0.9155458
4.0746 FirstCar -23.40869 0.025 2.97 0 90 0 0 0.7071068 0 0.7071068 13.8889 0
4.0760 Head 0 1.6 0.78 12.30001 314.1 0 0.09865184 -0.3876837 0.04177367 0.9155458
4.0760 FirstCar -23.38855 0.025 2.97 0 90 0 0 0.7071068 0 0.7071068 13.8889 0
4.0775 Head 0 1.6 0.78 12.30001 314.1 0 0.09865184 -0.3876837 0.04177367 0.9155458
4.0775 FirstCar -23.36772 0.025 2.97 0 90 0 0 0.7071068 0 0.7071068 13.8889 0
4.0789 Head 0 1.6 0.78 12.30001 314.1 0 0.09865184 -0.3876837 0.04177367 0.9155458
4.0789 FirstCar -23.34817 0.025 2.97 0 90 0 0 0.7071068 0 0.7071068 13.8889 0
4.0803 Head 0 1.6 0.78 12.30001 314.1 0 0.09865184 -0.3876837 0.04177367 0.9155458
4.0803 FirstCar -23.32909 0.025 2.97 0 90 0 0 0.7071068 0 0.7071068 13.8889 0
4.0817 Head 0 1.6 0.78 12.30001 314.1 0 0.09865184 -0.3876837 0.04177367 0.9155458
4.0817 FirstCar -23.31021 0.025 2.97 0 90 0 0 0.7071068 0 0.7071068 13.8889 0
4.0831 Head 0 1.6 0.78 12.30001 314.1 0 0.09865184 -0.3876837 0.04177367 0.9155458
4.0831 FirstCar -23.28992 0.025 2.97 0 90 0 0 0.7071068 0 0.7071068 13.8889 0
4.0847 Head 0 1.6 0.78 12.30001 314.1 0 0.09865184 -0.3876837 0.04177367 0.9155458
4.0847 FirstCar -23.26763 0.025 2.97 0 90 0 0 0.7071068 0 0.7071068 13.8889 0
4.0863 Head 0 1.6 0.78 12.30001 314.1 0 0.09865184 -0.3876837 0.04177367 0.9155458
4.0863 FirstCar -23.2457 0.025 2.97 0 90 0 0 0.7071068 0 0.7071068 13.8889 0
4.0882 Head 0 1.6 0.78 12.30001 314.1 0 0.09865184 -0.3876837 0.04177367 0.9155458
4.0882 FirstCar -23.21973 0.025 2.97 0 90 0 0 0.7071068 0 0.7071068 13.8889 0
4.0898 Head 0 1.6 0.78 12.30001 314.1 0 0.09865184 -0.3876837 0.04177367 0.9155458
4.0898 FirstCar -23.19653 0.025 2.97 0 90 0 0 0.7071068 0 0.7071068 13.8889 0
4.0916 Head 0 1.6 0.78 12.30001 314.1 0 0.09865184 -0.3876837 0.04177367 0.9155458
4.0916 FirstCar -23.17204 0.025 2.97 0 90 0 0 0.7071068 0 0.7071068 13.8889 0
4.0933 Head 0 1.6 0.78 12.30001 314.1 0 0.09865184 -0.3876837 0.04177367 0.9155458
4.0933 FirstCar -23.14859 0.025 2.97 0 90 0 0 0.7071068 0 0.7071068 13.8889 0
4.0952 Head 0 1.6 0.78 12.30001 314.1 0 0.09865184 -0.3876837 0.04177367 0.9155458
4.0952 FirstCar -23.12195 0.025 2.97 0 90 0 0 0.7071068 0 0.7071068 13.8889 0
4.0969 Head 0 1.6 0.78 12.30001 314.1 0 0.09865184 -0.3876837 0.04177367 0.9155458
4.0969 FirstCar -23.09802 0.025 2.97 0 90 0 0 0.7071068 0 0.7071068 13.8889 0
4.0984 Head 0 1.6 0.78 12.30001 314.1 0 0.09865184 -0.3876837 0.04177367 0.9155458
4.0984 FirstCar -23.07813 0.025 2.97 0 90 0 0 0.7071068 0 0.7071068 13.8889 0
4.0998 Head 0 1.6 0.78 12.30001 314.1 0 0.09865184 -0.3876837 0.04177367 0.9155458
4.0998 FirstCar -23.05815 0.025 2.97 0 90 0 0 0.7071068 0 0.7071068 13.8889 0
4.1012 Head 0 1.6 0.78 12.30001 314.1 0 0.09865184 -0.3876837 0.04177367 0.9155458
4.1012 FirstCar -23.03892 0.025 2.97 0 90 0 0 0.7071068 0 0.7071068 13.8889 0
4.1026 Head 0 1.6 0.78 12.30001 314.1 0 0.09865184 -0.3876837 0.04177367 0.9155458
4.1026 FirstCar -23.0192 0.025 2.97 0 90 0 0 0.7071068 0 0.7071068 13.8889 0
4.1042 Head 0 1.6 0.78 12.30001 314.1 0 0.09865184 -0.3876837 0.04177367 0.9155458
4.1042 FirstCar -22.99692 0.025 2.97 0 90 0 0 0.7071068 0 0.7071068 13.8889 0
4.1058 Head 0 1.6 0.78 12.30001 314.1 0 0.09865184 -0.3876837 0.04177367 0.9155458
4.1058 FirstCar -22.97566 0.025 2.97 0 90 0 0 0.7071068 0 0.7071068 13.8889 0
4.1074 Head 0 1.6 0.78 12.30001 314.1 0 0.09865184 -0.3876837 0.04177367 0.9155458
4.1074 FirstCar -22.95307 0.025 2.97 0 90 0 0 0.7071068 0 0.7071068 13.8889 0
4.1088 Head 0 1.6 0.78 12.30001 314.1 0 0.09865184 -0.3876837 0.04177367 0.9155458
4.1088 FirstCar -22.93304 0.025 2.97 0 90 0 0 0.7071068 0 0.7071068 13.8889 0
4.1102 Head 0 1.6 0.78 12.30001 314.1 0 0.09865184 -0.3876837 0.04177367 0.9155458
4.1102 FirstCar -22.91426 0.025 2.97 0 90 0 0 0.7071068 0 0.7071068 13.8889 0
4.1116 Head 0 1.6 0.78 12.30001 314.1 0 0.09865184 -0.3876837 0.04177367 0.9155458
4.1116 FirstCar -22.89461 0.025 2.97 0 90 0 0 0.7071068 0 0.7071068 13.8889 0
4.1130 Head 0 1.6 0.78 12.30001 314.1 0 0.09865184 -0.3876837 0.04177367 0.9155458
4.1130 FirstCar -22.87475 0.025 2.97 0 90 0 0 0.7071068 0 0.7071068 13.8889 0
4.1144 Head 0 1.6 0.78 12.30001 314.1 0 0.09865184 -0.3876837 0.04177367 0.9155458
4.1144 FirstCar -22.8557 0.025 2.97 0 90 0 0 0.7071068 0 0.7071068 13.8889 0
4.1159 Head 0 1.6 0.78 12.30001 314.1 0 0.09865184 -0.3876837 0.04177367 0.9155458
4.1159 FirstCar -22.83402 0.025 2.97 0 90 0 0 0.7071068 0 0.7071068 13.8889 0
4.1174 Head 0 1.6 0.78 12.30001 314.1 0 0.09865184 -0.3876837 0.04177367 0.9155458
4.1174 FirstCar -22.81432 0.025 2.97 0 90 0 0 0.7071068 0 0.7071068 13.8889 0
4.1187 Head 0 1.6 0.78 12.30001 314.1 0 0.09865184 -0.3876837 0.04177367 0.9155458
4.1187 FirstCar -22.79583 0.025 2.97 0 90 0 0 0.7071068 0 0.7071068 13.8889 0
4.1201 Head 0 1.6 0.78 12.30001 314.1 0 0.09865184 -0.3876837 0.04177367 0.9155458
4.1201 FirstCar -22.77656 0.025 2.97 0 90 0 0 0.7071068 0 0.7071068 13.8889 0
4.1216 Head 0 1.6 0.78 12.30001 314.1 0 0.09865184 -0.3876837 0.04177367 0.9155458
4.1216 FirstCar -22.75608 0.025 2.97 0 90 0 0 0.7071068 0 0.7071068 13.8889 0
4.1230 Head 0 1.6 0.78 12.30001 314.1 0 0.09865184 -0.3876837 0.04177367 0.9155458
4.1230 FirstCar -22.73632 0.025 2.97 0 90 0 0 0.7071068 0 0.7071068 13.8889 0
4.1244 Head 0 1.6 0.78 12.30001 314.1 0 0.09865184 -0.3876837 0.04177367 0.9155458
4.1244 FirstCar -22.71649 0.025 2.97 0 90 0 0 0.7071068 0 0.7071068 13.8889 0
4.1260 Head 0 1.6 0.78 12.30001 314.1 0 0.09865184 -0.3876837 0.04177367 0.9155458
4.1260 FirstCar -22.69495 0.025 2.97 0 90 0 0 0.7071068 0 0.7071068 13.8889 0
4.1279 Head 0 1.6 0.78 12.30001 314.1 0 0.09865184 -0.3876837 0.04177367 0.9155458
4.1279 FirstCar -22.66833 0.025 2.97 0 90 0 0 0.7071068 0 0.7071068 13.8889 0
4.1294 Head 0 1.6 0.78 12.30001 314.1 0 0.09865184 -0.3876837 0.04177367 0.9155458
4.1294 FirstCar -22.64674 0.025 2.97 0 90 0 0 0.7071068 0 0.7071068 13.8889 0
4.1308 Head 0 1.6 0.78 12.30001 314.1 0 0.09865184 -0.3876837 0.04177367 0.9155458
4.1308 FirstCar -22.62729 0.025 2.97 0 90 0 0 0.7071068 0 0.7071068 13.8889 0
4.1322 Head 0 1.6 0.78 12.30001 314.1 0 0.09865184 -0.3876837 0.04177367 0.9155458
4.1322 FirstCar -22.60888 0.025 2.97 0 90 0 0 0.7071068 0 0.7071068 13.8889 0
4.1335 Head 0 1.6 0.78 12.30001 314.1 0 0.09865184 -0.3876837 0.04177367 0.9155458
4.1335 FirstCar -22.58995 0.025 2.97 0 90 0 0 0.7071068 0 0.7071068 13.8889 0
4.1352 Head 0 1.6 0.78 12.30001 314.1 0 0.09865184 -0.3876837 0.04177367 0.9155458
4.1352 FirstCar -22.5673 0.025 2.97 0 90 0 0 0.7071068 0 0.7071068 13.8889 0
4.1366 Head 0 1.6 0.78 12.30001 314.1 0 0.09865184 -0.3876837 0.04177367 0.9155458
4.1366 FirstCar -22.54701 0.025 2.97 0 90 0 0 0.7071068 0 0.7071068 13.8889 0
4.1381 Head 0 1.6 0.78 12.30001 314.1 0 0.09865184 -0.3876837 0.04177367 0.9155458
4.1381 FirstCar -22.52702 0.025 2.97 0 90 0 0 0.7071068 0 0.7071068 13.8889 0
4.1396 Head 0 1.6 0.78 12.30001 314.1 0 0.09865184 -0.3876837 0.04177367 0.9155458
4.1396 FirstCar -22.50597 0.025 2.97 0 90 0 0 0.7071068 0 0.7071068 13.8889 0
4.1410 Head 0 1.6 0.78 12.30001 314.1 0 0.09865184 -0.3876837 0.04177367 0.9155458
4.1410 FirstCar -22.48587 0.025 2.97 0 90 0 0 0.7071068 0 0.7071068 13.8889 0
4.1424 Head 0 1.6 0.78 12.30001 314.1 0 0.09865184 -0.3876837 0.04177367 0.9155458
4.1424 FirstCar -22.4662 0.025 2.97 0 90 0 0 0.7071068 0 0.7071068 13.8889 0
4.1439 Head 0 1.6 0.78 12.30001 314.1 0 0.09865184 -0.3876837 0.04177367 0.9155458
4.1439 FirstCar -22.44625 0.025 2.97 0 90 0 0 0.7071068 0 0.7071068 13.8889 0
4.1454 Head 0 1.6 0.78 12.30001 314.1 0 0.09865184 -0.3876837 0.04177367 0.9155458
4.1454 FirstCar -22.42459 0.025 2.97 0 90 0 0 0.7071068 0 0.7071068 13.8889 0
4.1471 Head 0 1.6 0.78 12.30001 314.1 0 0.09865184 -0.3876837 0.04177367 0.9155458
4.1471 FirstCar -22.40108 0.025 2.97 0 90 0 0 0.7071068 0 0.7071068 13.8889 0
4.1485 Head 0 1.6 0.78 12.30001 314.1 0 0.09865184 -0.3876837 0.04177367 0.9155458
4.1485 FirstCar -22.38127 0.025 2.97 0 90 0 0 0.7071068 0 0.7071068 13.8889 0
4.1501 Head 0 1.6 0.78 12.30001 314.1 0 0.09865184 -0.3876837 0.04177367 0.9155458
4.1501 FirstCar -22.35966 0.025 2.97 0 90 0 0 0.7071068 0 0.7071068 13.8889 0
4.1516 Head 0 1.6 0.78 12.30001 314.1 0 0.09865184 -0.3876837 0.04177367 0.9155458
4.1516 FirstCar -22.33923 0.025 2.97 0 90 0 0 0.7071068 0 0.7071068 13.8889 0
4.1531 Head 0 1.6 0.78 12.30001 314.1 0 0.09865184 -0.3876837 0.04177367 0.9155458
4.1531 FirstCar -22.3185 0.025 2.97 0 90 0 0 0.7071068 0 0.7071068 13.8889 0
4.1549 Head 0 1.6 0.78 12.30001 314.1 0 0.09865184 -0.3876837 0.04177367 0.9155458
4.1549 FirstCar -22.29285 0.025 2.97 0 90 0 0 0.7071068 0 0.7071068 13.8889 0
4.1568 Head 0 1.6 0.78 12.30001 314.1 0 0.09865184 -0.3876837 0.04177367 0.9155458
4.1568 FirstCar -22.26617 0.025 2.97 0 90 0 0 0.7071068 0 0.7071068 13.8889 0
4.1585 Head 0 1.6 0.78 12.30001 314.1 0 0.09865184 -0.3876837 0.04177367 0.9155458
4.1585 FirstCar -22.24274 0.025 2.97 0 90 0 0 0.7071068 0 0.7071068 13.8889 0
4.1605 Head 0 1.6 0.78 12.30001 314.1 0 0.09865184 -0.3876837 0.04177367 0.9155458
4.1605 FirstCar -22.21468 0.025 2.97 0 90 0 0 0.7071068 0 0.7071068 13.8889 0
4.1624 Head 0 1.6 0.78 12.30001 314.1 0 0.09865184 -0.3876837 0.04177367 0.9155458
4.1624 FirstCar -22.18846 0.025 2.97 0 90 0 0 0.7071068 0 0.7071068 13.8889 0
4.1640 Head 0 1.6 0.78 12.30001 314.1 0 0.09865184 -0.3876837 0.04177367 0.9155458
4.1640 FirstCar -22.16714 0.025 2.97 0 90 0 0 0.7071068 0 0.7071068 13.8889 0
4.1654 Head 0 1.6 0.78 12.30001 314.1 0 0.09865184 -0.3876837 0.04177367 0.9155458
4.1654 FirstCar -22.14679 0.025 2.97 0 90 0 0 0.7071068 0 0.7071068 13.8889 0
4.1670 Head 0 1.6 0.78 12.30001 314.1 0 0.09865184 -0.3876837 0.04177367 0.9155458
4.1670 FirstCar -22.12461 0.025 2.97 0 90 0 0 0.7071068 0 0.7071068 13.8889 0
4.1685 Head 0 1.6 0.78 12.30001 314.1 0 0.09865184 -0.3876837 0.04177367 0.9155458
4.1685 FirstCar -22.10475 0.025 2.97 0 90 0 0 0.7071068 0 0.7071068 13.8889 0
4.1698 Head 0 1.6 0.78 12.30001 314.1 0 0.09865184 -0.3876837 0.04177367 0.9155458
4.1698 FirstCar -22.0854 0.025 2.97 0 90 0 0 0.7071068 0 0.7071068 13.8889 0
4.1713 Head 0 1.6 0.78 12.30001 314.1 0 0.09865184 -0.3876837 0.04177367 0.9155458
4.1713 FirstCar -22.06554 0.025 2.97 0 90 0 0 0.7071068 0 0.7071068 13.8889 0
4.1726 Head 0 1.6 0.78 12.30001 314.1 0 0.09865184 -0.3876837 0.04177367 0.9155458
4.1726 FirstCar -22.04651 0.025 2.97 0 90 0 0 0.7071068 0 0.7071068 13.8889 0
4.1741 Head 0 1.6 0.78 12.30001 314.1 0 0.09865184 -0.3876837 0.04177367 0.9155458
4.1741 FirstCar -22.02692 0.025 2.97 0 90 0 0 0.7071068 0 0.7071068 13.8889 0
4.1755 Head 0 1.6 0.78 12.30001 314.1 0 0.09865184 -0.3876837 0.04177367 0.9155458
4.1755 FirstCar -22.00679 0.025 2.97 0 90 0 0 0.7071068 0 0.7071068 13.8889 0
4.1769 Head 0 1.6 0.78 12.30001 314.1 0 0.09865184 -0.3876837 0.04177367 0.9155458
4.1769 FirstCar -21.98751 0.025 2.97 0 90 0 0 0.7071068 0 0.7071068 13.8889 0
4.1783 Head 0 1.6 0.78 12.30001 314.1 0 0.09865184 -0.3876837 0.04177367 0.9155458
4.1783 FirstCar -21.96777 0.025 2.97 0 90 0 0 0.7071068 0 0.7071068 13.8889 0
4.1797 Head 0 1.6 0.78 12.30001 314.1 0 0.09865184 -0.3876837 0.04177367 0.9155458
4.1797 FirstCar -21.94826 0.025 2.97 0 90 0 0 0.7071068 0 0.7071068 13.8889 0
4.1811 Head 0 1.6 0.78 12.30001 314.1 0 0.09865184 -0.3876837 0.04177367 0.9155458
4.1811 FirstCar -21.92863 0.025 2.97 0 90 0 0 0.7071068 0 0.7071068 13.8889 0
4.1825 Head 0 1.6 0.78 12.30001 314.1 0 0.09865184 -0.3876837 0.04177367 0.9155458
4.1825 FirstCar -21.90952 0.025 2.97 0 90 0 0 0.7071068 0 0.7071068 13.8889 0
4.1839 Head 0 1.6 0.78 12.30001 314.1 0 0.09865184 -0.3876837 0.04177367 0.9155458
4.1839 FirstCar -21.89002 0.025 2.97 0 90 0 0 0.7071068 0 0.7071068 13.8889 0
4.1854 Head 0 1.6 0.78 12.30001 314.1 0 0.09865184 -0.3876837 0.04177367 0.9155458
4.1854 FirstCar -21.86905 0.025 2.97 0 90 0 0 0.7071068 0 0.7071068 13.8889 0
4.1876 Head 0 1.6 0.78 12.30001 314.1 0 0.09865184 -0.3876837 0.04177367 0.9155458
4.1876 FirstCar -21.83828 0.025 2.97 0 90 0 0 0.7071068 0 0.7071068 13.8889 0
4.1895 Head 0 1.6 0.78 12.30001 314.1 0 0.09865184 -0.3876837 0.04177367 0.9155458
4.1895 FirstCar -21.8131 0.025 2.97 0 90 0 0 0.7071068 0 0.7071068 13.8889 0
4.1912 Head 0 1.6 0.78 12.30001 314.1 0 0.09865184 -0.3876837 0.04177367 0.9155458
4.1912 FirstCar -21.78943 0.025 2.97 0 90 0 0 0.7071068 0 0.7071068 13.8889 0
4.1927 Head 0 1.6 0.78 12.30001 314.1 0 0.09865184 -0.3876837 0.04177367 0.9155458
4.1927 FirstCar -21.7679 0.025 2.97 0 90 0 0 0.7071068 0 0.7071068 13.8889 0
4.1941 Head 0 1.6 0.78 12.30001 314.1 0 0.09865184 -0.3876837 0.04177367 0.9155458
4.1941 FirstCar -21.74866 0.025 2.97 0 90 0 0 0.7071068 0 0.7071068 13.8889 0
4.1956 Head 0 1.6 0.78 12.30001 314.1 0 0.09865184 -0.3876837 0.04177367 0.9155458
4.1956 FirstCar -21.72818 0.025 2.97 0 90 0 0 0.7071068 0 0.7071068 13.8889 0
4.1971 Head 0 1.6 0.78 12.30001 314.1 0 0.09865184 -0.3876837 0.04177367 0.9155458
4.1971 FirstCar -21.70745 0.025 2.97 0 90 0 0 0.7071068 0 0.7071068 13.8889 0
4.1985 Head 0 1.6 0.78 12.30001 314.1 0 0.09865184 -0.3876837 0.04177367 0.9155458
4.1985 FirstCar -21.68765 0.025 2.97 0 90 0 0 0.7071068 0 0.7071068 13.8889 0
4.1998 Head 0 1.6 0.78 12.30001 314.1 0 0.09865184 -0.3876837 0.04177367 0.9155458
4.1998 FirstCar -21.66883 0.025 2.97 0 90 0 0 0.7071068 0 0.7071068 13.8889 0
4.2012 Head 0 1.6 0.78 12.30001 314.1 0 0.09865184 -0.3876837 0.04177367 0.9155458
4.2012 FirstCar -21.65009 0.025 2.97 0 90 0 0 0.7071068 0 0.7071068 13.8889 0
4.2026 Head 0 1.6 0.78 12.30001 314.1 0 0.09865184 -0.3876837 0.04177367 0.9155458
4.2026 FirstCar -21.63094 0.025 2.97 0 90 0 0 0.7071068 0 0.7071068 13.8889 0
4.2041 Head 0 1.6 0.78 12.30001 314.1 0 0.09865184 -0.3876837 0.04177367 0.9155458
4.2041 FirstCar -21.60946 0.025 2.97 0 90 0 0 0.7071068 0 0.7071068 13.8889 0
4.2056 Head 0 1.6 0.78 12.30001 314.1 0 0.09865184 -0.3876837 0.04177367 0.9155458
4.2056 FirstCar -21.58866 0.025 2.97 0 90 0 0 0.7071068 0 0.7071068 13.8889 0
4.2072 Head 0 1.6 0.78 12.30001 314.1 0 0.09865184 -0.3876837 0.04177367 0.9155458
4.2072 FirstCar -21.56707 0.025 2.97 0 90 0 0 0.7071068 0 0.7071068 13.8889 0
4.2086 Head 0 1.6 0.78 12.30001 314.1 0 0.09865184 -0.3876837 0.04177367 0.9155458
4.2086 FirstCar -21.54765 0.025 2.97 0 90 0 0 0.7071068 0 0.7071068 13.8889 0
4.2101 Head 0 1.6 0.78 12.30001 314.1 0 0.09865184 -0.3876837 0.04177367 0.9155458
4.2101 FirstCar -21.52672 0.025 2.97 0 90 0 0 0.7071068 0 0.7071068 13.8889 0
4.2116 Head 0 1.6 0.78 12.30001 314.1 0 0.09865184 -0.3876837 0.04177367 0.9155458
4.2116 FirstCar -21.50589 0.025 2.97 0 90 0 0 0.7071068 0 0.7071068 13.8889 0
4.2130 Head 0 1.6 0.78 12.30001 314.1 0 0.09865184 -0.3876837 0.04177367 0.9155458
4.2130 FirstCar -21.48614 0.025 2.97 0 90 0 0 0.7071068 0 0.7071068 13.8889 0
4.2144 Head 0 1.6 0.78 12.30001 314.1 0 0.09865184 -0.3876837 0.04177367 0.9155458
4.2144 FirstCar -21.46693 0.025 2.97 0 90 0 0 0.7071068 0 0.7071068 13.8889 0
4.2158 Head 0 1.6 0.78 12.30001 314.1 0 0.09865184 -0.3876837 0.04177367 0.9155458
4.2158 FirstCar -21.44775 0.025 2.97 0 90 0 0 0.7071068 0 0.7071068 13.8889 0
4.2171 Head 0 1.6 0.78 12.30001 314.1 0 0.09865184 -0.3876837 0.04177367 0.9155458
4.2171 FirstCar -21.42848 0.025 2.97 0 90 0 0 0.7071068 0 0.7071068 13.8889 0
4.2185 Head 0 1.6 0.78 12.30001 314.1 0 0.09865184 -0.3876837 0.04177367 0.9155458
4.2185 FirstCar -21.40915 0.025 2.97 0 90 0 0 0.7071068 0 0.7071068 13.8889 0
4.2200 Head 0 1.6 0.78 12.30001 314.1 0 0.09865184 -0.3876837 0.04177367 0.9155458
4.2200 FirstCar -21.38924 0.025 2.97 0 90 0 0 0.7071068 0 0.7071068 13.8889 0
4.2214 Head 0 1.6 0.78 12.30001 314.1 0 0.09865184 -0.3876837 0.04177367 0.9155458
4.2214 FirstCar -21.3691 0.025 2.97 0 90 0 0 0.7071068 0 0.7071068 13.8889 0
4.2230 Head 0 1.6 0.78 12.30001 314.1 0 0.09865184 -0.3876837 0.04177367 0.9155458
4.2230 FirstCar -21.34721 0.025 2.97 0 90 0 0 0.7071068 0 0.7071068 13.8889 0
4.2245 Head 0 1.6 0.78 12.30001 314.1 0 0.09865184 -0.3876837 0.04177367 0.9155458
4.2245 FirstCar -21.32672 0.025 2.97 0 90 0 0 0.7071068 0 0.7071068 13.8889 0
4.2261 Head 0 1.6 0.78 12.30001 314.1 0 0.09865184 -0.3876837 0.04177367 0.9155458
4.2261 FirstCar -21.30453 0.025 2.97 0 90 0 0 0.7071068 0 0.7071068 13.8889 0
4.2282 Head 0 1.6 0.78 12.30001 314.1 0 0.09865184 -0.3876837 0.04177367 0.9155458
4.2282 FirstCar -21.27508 0.025 2.97 0 90 0 0 0.7071068 0 0.7071068 13.8889 0
4.2300 Head 0 1.6 0.78 12.30001 314.1 0 0.09865184 -0.3876837 0.04177367 0.9155458
4.2300 FirstCar -21.24946 0.025 2.97 0 90 0 0 0.7071068 0 0.7071068 13.8889 0
4.2316 Head 0 1.6 0.78 12.30001 314.1 0 0.09865184 -0.3876837 0.04177367 0.9155458
4.2316 FirstCar -21.22776 0.025 2.97 0 90 0 0 0.7071068 0 0.7071068 13.8889 0
4.2331 Head 0 1.6 0.78 12.30001 314.1 0 0.09865184 -0.3876837 0.04177367 0.9155458
4.2331 FirstCar -21.20625 0.025 2.97 0 90 0 0 0.7071068 0 0.7071068 13.8889 0
4.2347 Head 0 1.6 0.78 12.30001 314.1 0 0.09865184 -0.3876837 0.04177367 0.9155458
4.2347 FirstCar -21.18493 0.025 2.97 0 90 0 0 0.7071068 0 0.7071068 13.8889 0
4.2363 Head 0 1.6 0.78 12.30001 314.1 0 0.09865184 -0.3876837 0.04177367 0.9155458
4.2363 FirstCar -21.16212 0.025 2.97 0 90 0 0 0.7071068 0 0.7071068 13.8889 0
4.2379 Head 0 1.6 0.78 12.30001 314.1 0 0.09865184 -0.3876837 0.04177367 0.9155458
4.2379 FirstCar -21.14009 0.025 2.97 0 90 0 0 0.7071068 0 0.7071068 13.8889 0
4.2394 Head 0 1.6 0.78 12.30001 314.1 0 0.09865184 -0.3876837 0.04177367 0.9155458
4.2394 FirstCar -21.12008 0.025 2.97 0 90 0 0 0.7071068 0 0.7071068 13.8889 0
4.2407 Head 0 1.6 0.78 12.30001 314.1 0 0.09865184 -0.3876837 0.04177367 0.9155458
4.2407 FirstCar -21.10098 0.025 2.97 0 90 0 0 0.7071068 0 0.7071068 13.8889 0
4.2422 Head 0 1.6 0.78 12.30001 314.1 0 0.09865184 -0.3876837 0.04177367 0.9155458
4.2422 FirstCar -21.08117 0.025 2.97 0 90 0 0 0.7071068 0 0.7071068 13.8889 0
4.2435 Head 0 1.6 0.78 12.30001 314.1 0 0.09865184 -0.3876837 0.04177367 0.9155458
4.2435 FirstCar -21.06208 0.025 2.97 0 90 0 0 0.7071068 0 0.7071068 13.8889 0
4.2449 Head 0 1.6 0.78 12.30001 314.1 0 0.09865184 -0.3876837 0.04177367 0.9155458
4.2449 FirstCar -21.04279 0.025 2.97 0 90 0 0 0.7071068 0 0.7071068 13.8889 0
4.2467 Head 0 1.6 0.78 12.30001 314.1 0 0.09865184 -0.3876837 0.04177367 0.9155458
4.2467 FirstCar -21.01857 0.025 2.97 0 90 0 0 0.7071068 0 0.7071068 13.8889 0
4.2481 Head 0 1.6 0.78 12.30001 314.1 0 0.09865184 -0.3876837 0.04177367 0.9155458
4.2481 FirstCar -20.99828 0.025 2.97 0 90 0 0 0.7071068 0 0.7071068 13.8889 0
4.2495 Head 0 1.6 0.78 12.30001 314.1 0 0.09865184 -0.3876837 0.04177367 0.9155458
4.2495 FirstCar -20.97911 0.025 2.97 0 90 0 0 0.7071068 0 0.7071068 13.8889 0
4.2510 Head 0 1.6 0.78 12.30001 314.1 0 0.09865184 -0.3876837 0.04177367 0.9155458
4.2510 FirstCar -20.95898 0.025 2.97 0 90 0 0 0.7071068 0 0.7071068 13.8889 0
4.2524 Head 0 1.6 0.78 12.30001 314.1 0 0.09865184 -0.3876837 0.04177367 0.9155458
4.2524 FirstCar -20.93888 0.025 2.97 0 90 0 0 0.7071068 0 0.7071068 13.8889 0
4.2539 Head 0 1.6 0.78 12.30001 314.1 0 0.09865184 -0.3876837 0.04177367 0.9155458
4.2539 FirstCar -20.9178 0.025 2.97 0 90 0 0 0.7071068 0 0.7071068 13.8889 0
4.2555 Head 0 1.6 0.78 12.30001 314.1 0 0.09865184 -0.3876837 0.04177367 0.9155458
4.2555 FirstCar -20.89559 0.025 2.97 0 90 0 0 0.7071068 0 0.7071068 13.8889 0
4.2572 Head 0 1.6 0.78 12.30001 314.1 0 0.09865184 -0.3876837 0.04177367 0.9155458
4.2572 FirstCar -20.87225 0.025 2.97 0 90 0 0 0.7071068 0 0.7071068 13.8889 0
4.2589 Head 0 1.6 0.78 12.30001 314.1 0 0.09865184 -0.3876837 0.04177367 0.9155458
4.2589 FirstCar -20.84928 0.025 2.97 0 90 0 0 0.7071068 0 0.7071068 13.8889 0
4.2603 Head 0 1.6 0.78 12.30001 314.1 0 0.09865184 -0.3876837 0.04177367 0.9155458
4.2603 FirstCar -20.82932 0.025 2.97 0 90 0 0 0.7071068 0 0.7071068 13.8889 0
4.2617 Head 0 1.6 0.78 12.30001 314.1 0 0.09865184 -0.3876837 0.04177367 0.9155458
4.2617 FirstCar -20.80927 0.025 2.97 0 90 0 0 0.7071068 0 0.7071068 13.8889 0
4.2632 Head 0 1.6 0.78 12.30001 314.1 0 0.09865184 -0.3876837 0.04177367 0.9155458
4.2632 FirstCar -20.78906 0.025 2.97 0 90 0 0 0.7071068 0 0.7071068 13.8889 0
4.2645 Head 0 1.6 0.78 12.30001 314.1 0 0.09865184 -0.3876837 0.04177367 0.9155458
4.2645 FirstCar -20.77077 0.025 2.97 0 90 0 0 0.7071068 0 0.7071068 13.8889 0
4.2659 Head 0 1.6 0.78 12.30001 314.1 0 0.09865184 -0.3876837 0.04177367 0.9155458
4.2659 FirstCar -20.75097 0.025 2.97 0 90 0 0 0.7071068 0 0.7071068 13.8889 0
4.2675 Head 0 1.6 0.78 12.30001 314.1 0 0.09865184 -0.3876837 0.04177367 0.9155458
4.2675 FirstCar -20.72909 0.025 2.97 0 90 0 0 0.7071068 0 0.7071068 13.8889 0
4.2690 Head 0 1.6 0.78 12.30001 314.1 0 0.09865184 -0.3876837 0.04177367 0.9155458
4.2690 FirstCar -20.70861 0.025 2.97 0 90 0 0 0.7071068 0 0.7071068 13.8889 0
4.2704 Head 0 1.6 0.78 12.30001 314.1 0 0.09865184 -0.3876837 0.04177367 0.9155458
4.2704 FirstCar -20.68881 0.025 2.97 0 90 0 0 0.7071068 0 0.7071068 13.8889 0
4.2718 Head 0 1.6 0.78 12.30001 314.1 0 0.09865184 -0.3876837 0.04177367 0.9155458
4.2718 FirstCar -20.6699 0.025 2.97 0 90 0 0 0.7071068 0 0.7071068 13.8889 0
4.2731 Head 0 1.6 0.78 12.30001 314.1 0 0.09865184 -0.3876837 0.04177367 0.9155458
4.2731 FirstCar -20.65138 0.025 2.97 0 90 0 0 0.7071068 0 0.7071068 13.8889 0
4.2744 Head 0 1.6 0.78 12.30001 314.1 0 0.09865184 -0.3876837 0.04177367 0.9155458
4.2744 FirstCar -20.6328 0.025 2.97 0 90 0 0 0.7071068 0 0.7071068 13.8889 0
4.2758 Head 0 1.6 0.78 12.30001 314.1 0 0.09865184 -0.3876837 0.04177367 0.9155458
4.2758 FirstCar -20.6137 0.025 2.97 0 90 0 0 0.7071068 0 0.7071068 13.8889 0
4.2772 Head 0 1.6 0.78 12.30001 314.1 0 0.09865184 -0.3876837 0.04177367 0.9155458
4.2772 FirstCar -20.59454 0.025 2.97 0 90 0 0 0.7071068 0 0.7071068 13.8889 0
4.2786 Head 0 1.6 0.78 12.30001 314.1 0 0.09865184 -0.3876837 0.04177367 0.9155458
4.2786 FirstCar -20.57562 0.025 2.97 0 90 0 0 0.7071068 0 0.7071068 13.8889 0
4.2799 Head 0 1.6 0.78 12.30001 314.1 0 0.09865184 -0.3876837 0.04177367 0.9155458
4.2799 FirstCar -20.55713 0.025 2.97 0 90 0 0 0.7071068 0 0.7071068 13.8889 0
4.2812 Head 0 1.6 0.78 12.30001 314.1 0 0.09865184 -0.3876837 0.04177367 0.9155458
4.2812 FirstCar -20.53825 0.025 2.97 0 90 0 0 0.7071068 0 0.7071068 13.8889 0
4.2826 Head 0 1.6 0.78 12.30001 314.1 0 0.09865184 -0.3876837 0.04177367 0.9155458
4.2826 FirstCar -20.51911 0.025 2.97 0 90 0 0 0.7071068 0 0.7071068 13.8889 0
4.2840 Head 0 1.6 0.78 12.30001 314.1 0 0.09865184 -0.3876837 0.04177367 0.9155458
4.2840 FirstCar -20.49961 0.025 2.97 0 90 0 0 0.7071068 0 0.7071068 13.8889 0
4.2858 Head 0 1.6 0.78 12.30001 314.1 0 0.09865184 -0.3876837 0.04177367 0.9155458
4.2858 FirstCar -20.47492 0.025 2.97 0 90 0 0 0.7071068 0 0.7071068 13.8889 0
4.2876 Head 0 1.6 0.78 12.30001 314.1 0 0.09865184 -0.3876837 0.04177367 0.9155458
4.2876 FirstCar -20.45029 0.025 2.97 0 90 0 0 0.7071068 0 0.7071068 13.8889 0
4.2892 Head 0 1.6 0.78 12.30001 314.1 0 0.09865184 -0.3876837 0.04177367 0.9155458
4.2892 FirstCar -20.4274 0.025 2.97 0 90 0 0 0.7071068 0 0.7071068 13.8889 0
4.2908 Head 0 1.6 0.78 12.30001 314.1 0 0.09865184 -0.3876837 0.04177367 0.9155458
4.2908 FirstCar -20.40606 0.025 2.97 0 90 0 0 0.7071068 0 0.7071068 13.8889 0
4.2922 Head 0 1.6 0.78 12.30001 314.1 0 0.09865184 -0.3876837 0.04177367 0.9155458
4.2922 FirstCar -20.38642 0.025 2.97 0 90 0 0 0.7071068 0 0.7071068 13.8889 0
4.2936 Head 0 1.6 0.78 12.30001 314.1 0 0.09865184 -0.3876837 0.04177367 0.9155458
4.2936 FirstCar -20.36659 0.025 2.97 0 90 0 0 0.7071068 0 0.7071068 13.8889 0
4.2953 Head 0 1.6 0.78 12.30001 314.1 0 0.09865184 -0.3876837 0.04177367 0.9155458
4.2953 FirstCar -20.34275 0.025 2.97 0 90 0 0 0.7071068 0 0.7071068 13.8889 0
4.2971 Head 0 1.6 0.78 12.30001 314.1 0 0.09865184 -0.3876837 0.04177367 0.9155458
4.2971 FirstCar -20.31806 0.025 2.97 0 90 0 0 0.7071068 0 0.7071068 13.8889 0
4.2989 Head 0 1.6 0.78 12.30001 314.1 0 0.09865184 -0.3876837 0.04177367 0.9155458
4.2989 FirstCar -20.29313 0.025 2.97 0 90 0 0 0.7071068 0 0.7071068 13.8889 0
4.3007 Head 0 1.6 0.78 12.30001 314.1 0 0.09865184 -0.3876837 0.04177367 0.9155458
4.3007 FirstCar -20.26829 0.025 2.97 0 90 0 0 0.7071068 0 0.7071068 13.8889 0
4.3024 Head 0 1.6 0.78 12.30001 314.1 0 0.09865184 -0.3876837 0.04177367 0.9155458
4.3024 FirstCar -20.24466 0.025 2.97 0 90 0 0 0.7071068 0 0.7071068 13.8889 0
4.3040 Head 0 1.6 0.78 12.30001 314.1 0 0.09865184 -0.3876837 0.04177367 0.9155458
4.3040 FirstCar -20.22207 0.025 2.97 0 90 0 0 0.7071068 0 0.7071068 13.8889 0
4.3056 Head 0 1.6 0.78 12.30001 314.1 0 0.09865184 -0.3876837 0.04177367 0.9155458
4.3056 FirstCar -20.1999 0.025 2.97 0 90 0 0 0.7071068 0 0.7071068 13.8889 0
4.3073 Head 0 1.6 0.78 12.30001 314.1 0 0.09865184 -0.3876837 0.04177367 0.9155458
4.3073 FirstCar -20.17573 0.025 2.97 0 90 0 0 0.7071068 0 0.7071068 13.8889 0
4.3089 Head 0 1.6 0.78 12.30001 314.1 0 0.09865184 -0.3876837 0.04177367 0.9155458
4.3089 FirstCar -20.15433 0.025 2.97 0 90 0 0 0.7071068 0 0.7071068 13.8889 0
4.3102 Head 0 1.6 0.78 12.30001 314.1 0 0.09865184 -0.3876837 0.04177367 0.9155458
4.3102 FirstCar -20.13562 0.025 2.97 0 90 0 0 0.7071068 0 0.7071068 13.8889 0
4.3116 Head 0 1.6 0.78 12.30001 314.1 0 0.09865184 -0.3876837 0.04177367 0.9155458
4.3116 FirstCar -20.11685 0.025 2.97 0 90 0 0 0.7071068 0 0.7071068 13.8889 0
4.3130 Head 0 1.6 0.78 12.30001 314.1 0 0.09865184 -0.3876837 0.04177367 0.9155458
4.3130 FirstCar -20.09709 0.025 2.97 0 90 0 0 0.7071068 0 0.7071068 13.8889 0
4.3143 Head 0 1.6 0.78 12.30001 314.1 0 0.09865184 -0.3876837 0.04177367 0.9155458
4.3143 FirstCar -20.07895 0.025 2.97 0 90 0 0 0.7071068 0 0.7071068 13.8889 0
4.3157 Head 0 1.6 0.78 12.30001 314.1 0 0.09865184 -0.3876837 0.04177367 0.9155458
4.3157 FirstCar -20.06011 0.025 2.97 0 90 0 0 0.7071068 0 0.7071068 13.8889 0
4.3171 Head 0 1.6 0.78 12.30001 314.1 0 0.09865184 -0.3876837 0.04177367 0.9155458
4.3171 FirstCar -20.04088 0.025 2.97 0 90 0 0 0.7071068 0 0.7071068 13.8889 0
4.3184 Head 0 1.6 0.78 12.30001 314.1 0 0.09865184 -0.3876837 0.04177367 0.9155458
4.3184 FirstCar -20.02187 0.025 2.97 0 90 0 0 0.7071068 0 0.7071068 13.8889 0
4.3198 Head 0 1.6 0.78 12.30001 314.1 0 0.09865184 -0.3876837 0.04177367 0.9155458
4.3198 FirstCar -20.00237 0.025 2.97 0 90 0 0 0.7071068 0 0.7071068 13.8889 0
4.3212 Head 0 1.6 0.78 12.30001 314.1 0 0.09865184 -0.3876837 0.04177367 0.9155458
4.3212 FirstCar -19.98271 0.025 2.97 0 90 0 0 0.7071068 0 0.7071068 13.8889 0
4.3226 Head 0 1.6 0.78 12.30001 314.1 0 0.09865184 -0.3876837 0.04177367 0.9155458
4.3226 FirstCar -19.96364 0.025 2.97 0 90 0 0 0.7071068 0 0.7071068 13.8889 0
4.3240 Head 0 1.6 0.78 12.30001 314.1 0 0.09865184 -0.3876837 0.04177367 0.9155458
4.3240 FirstCar -19.94408 0.025 2.97 0 90 0 0 0.7071068 0 0.7071068 13.8889 0
4.3255 Head 0 1.6 0.78 12.30001 314.1 0 0.09865184 -0.3876837 0.04177367 0.9155458
4.3255 FirstCar -19.92414 0.025 2.97 0 90 0 0 0.7071068 0 0.7071068 13.8889 0
4.3270 Head 0 1.6 0.78 12.30001 314.1 0 0.09865184 -0.3876837 0.04177367 0.9155458
4.3270 FirstCar -19.90239 0.025 2.97 0 90 0 0 0.7071068 0 0.7071068 13.8889 0
4.3285 Head 0 1.6 0.78 12.30001 314.1 0 0.09865184 -0.3876837 0.04177367 0.9155458
4.3285 FirstCar -19.88235 0.025 2.97 0 90 0 0 0.7071068 0 0.7071068 13.8889 0
4.3299 Head 0 1.6 0.78 12.30001 314.1 0 0.09865184 -0.3876837 0.04177367 0.9155458
4.3299 FirstCar -19.86228 0.025 2.97 0 90 0 0 0.7071068 0 0.7071068 13.8889 0
4.3313 Head 0 1.6 0.78 12.30001 314.1 0 0.09865184 -0.3876837 0.04177367 0.9155458
4.3313 FirstCar -19.84244 0.025 2.97 0 90 0 0 0.7071068 0 0.7071068 13.8889 0
4.3328 Head 0 1.6 0.78 12.30001 314.1 0 0.09865184 -0.3876837 0.04177367 0.9155458
4.3328 FirstCar -19.82183 0.025 2.97 0 90 0 0 0.7071068 0 0.7071068 13.8889 0
4.3345 Head 0 1.6 0.78 12.30001 314.1 0 0.09865184 -0.3876837 0.04177367 0.9155458
4.3345 FirstCar -19.7988 0.025 2.97 0 90 0 0 0.7071068 0 0.7071068 13.8889 0
4.3362 Head 0 1.6 0.78 12.30001 314.1 0 0.09865184 -0.3876837 0.04177367 0.9155458
4.3362 FirstCar -19.77526 0.025 2.97 0 90 0 0 0.7071068 0 0.7071068 13.8889 0
4.3377 Head 0 1.6 0.78 12.30001 314.1 0 0.09865184 -0.3876837 0.04177367 0.9155458
4.3377 FirstCar -19.75411 0.025 2.97 0 90 0 0 0.7071068 0 0.7071068 13.8889 0
4.3391 Head 0 1.6 0.78 12.30001 314.1 0 0.09865184 -0.3876837 0.04177367 0.9155458
4.3391 FirstCar -19.73472 0.025 2.97 0 90 0 0 0.7071068 0 0.7071068 13.8889 0
4.3405 Head 0 1.6 0.78 12.30001 314.1 0 0.09865184 -0.3876837 0.04177367 0.9155458
4.3405 FirstCar -19.7153 0.025 2.97 0 90 0 0 0.7071068 0 0.7071068 13.8889 0
4.3419 Head 0 1.6 0.78 12.30001 314.1 0 0.09865184 -0.3876837 0.04177367 0.9155458
4.3419 FirstCar -19.6961 0.025 2.97 0 90 0 0 0.7071068 0 0.7071068 13.8889 0
4.3433 Head 0 1.6 0.78 12.30001 314.1 0 0.09865184 -0.3876837 0.04177367 0.9155458
4.3433 FirstCar -19.6762 0.025 2.97 0 90 0 0 0.7071068 0 0.7071068 13.8889 0
4.3447 Head 0 1.6 0.78 12.30001 314.1 0 0.09865184 -0.3876837 0.04177367 0.9155458
4.3447 FirstCar -19.65708 0.025 2.97 0 90 0 0 0.7071068 0 0.7071068 13.8889 0
4.3464 Head 0 1.6 0.78 12.30001 314.1 0 0.09865184 -0.3876837 0.04177367 0.9155458
4.3464 FirstCar -19.63383 0.025 2.97 0 90 0 0 0.7071068 0 0.7071068 13.8889 0
4.3481 Head 0 1.6 0.78 12.30001 314.1 0 0.09865184 -0.3876837 0.04177367 0.9155458
4.3481 FirstCar -19.61032 0.025 2.97 0 90 0 0 0.7071068 0 0.7071068 13.8889 0
4.3495 Head 0 1.6 0.78 12.30001 314.1 0 0.09865184 -0.3876837 0.04177367 0.9155458
4.3495 FirstCar -19.58983 0.025 2.97 0 90 0 0 0.7071068 0 0.7071068 13.8889 0
4.3510 Head 0 1.6 0.78 12.30001 314.1 0 0.09865184 -0.3876837 0.04177367 0.9155458
4.3510 FirstCar -19.56966 0.025 2.97 0 90 0 0 0.7071068 0 0.7071068 13.8889 0
4.3526 Head 0 1.6 0.78 12.30001 314.1 0 0.09865184 -0.3876837 0.04177367 0.9155458
4.3526 FirstCar -19.54655 0.025 2.97 0 90 0 0 0.7071068 0 0.7071068 13.8889 0
4.3543 Head 0 1.6 0.78 12.30001 314.1 0 0.09865184 -0.3876837 0.04177367 0.9155458
4.3543 FirstCar -19.52338 0.025 2.97 0 90 0 0 0.7071068 0 0.7071068 13.8889 0
4.3561 Head 0 1.6 0.78 12.30001 314.1 0 0.09865184 -0.3876837 0.04177367 0.9155458
4.3561 FirstCar -19.49806 0.025 2.97 0 90 0 0 0.7071068 0 0.7071068 13.8889 0
4.3578 Head 0 1.6 0.78 12.30001 314.1 0 0.09865184 -0.3876837 0.04177367 0.9155458
4.3578 FirstCar -19.47513 0.025 2.97 0 90 0 0 0.7071068 0 0.7071068 13.8889 0
4.3594 Head 0 1.6 0.78 12.30001 314.1 0 0.09865184 -0.3876837 0.04177367 0.9155458
4.3594 FirstCar -19.45263 0.025 2.97 0 90 0 0 0.7071068 0 0.7071068 13.8889 0
4.3610 Head 0 1.6 0.78 12.30001 314.1 0 0.09865184 -0.3876837 0.04177367 0.9155458
4.3610 FirstCar -19.43008 0.025 2.97 0 90 0 0 0.7071068 0 0.7071068 13.8889 0
4.3627 Head 0 1.6 0.78 12.30001 314.1 0 0.09865184 -0.3876837 0.04177367 0.9155458
4.3627 FirstCar -19.40681 0.025 2.97 0 90 0 0 0.7071068 0 0.7071068 13.8889 0
4.3643 Head 0 1.6 0.78 12.30001 314.1 0 0.09865184 -0.3876837 0.04177367 0.9155458
4.3643 FirstCar -19.38447 0.025 2.97 0 90 0 0 0.7071068 0 0.7071068 13.8889 0
4.3660 Head 0 1.6 0.78 12.30001 314.1 0 0.09865184 -0.3876837 0.04177367 0.9155458
4.3660 FirstCar -19.36085 0.025 2.97 0 90 0 0 0.7071068 0 0.7071068 13.8889 0
4.3679 Head 0 1.6 0.78 12.30001 314.1 0 0.09865184 -0.3876837 0.04177367 0.9155458
4.3679 FirstCar -19.3354 0.025 2.97 0 90 0 0 0.7071068 0 0.7071068 13.8889 0
4.3693 Head 0 1.6 0.78 12.30001 314.1 0 0.09865184 -0.3876837 0.04177367 0.9155458
4.3693 FirstCar -19.3155 0.025 2.97 0 90 0 0 0.7071068 0 0.7071068 13.8889 0
4.3707 Head 0 1.6 0.78 12.30001 314.1 0 0.09865184 -0.3876837 0.04177367 0.9155458
4.3707 FirstCar -19.29585 0.025 2.97 0 90 0 0 0.7071068 0 0.7071068 13.8889 0
4.3721 Head 0 1.6 0.78 12.30001 314.1 0 0.09865184 -0.3876837 0.04177367 0.9155458
4.3721 FirstCar -19.27647 0.025 2.97 0 90 0 0 0.7071068 0 0.7071068 13.8889 0
4.3735 Head 0 1.6 0.78 12.30001 314.1 0 0.09865184 -0.3876837 0.04177367 0.9155458
4.3735 FirstCar -19.25722 0.025 2.97 0 90 0 0 0.7071068 0 0.7071068 13.8889 0
4.3749 Head 0 1.6 0.78 12.30001 314.1 0 0.09865184 -0.3876837 0.04177367 0.9155458
4.3749 FirstCar -19.23817 0.025 2.97 0 90 0 0 0.7071068 0 0.7071068 13.8889 0
4.3763 Head 0 1.6 0.78 12.30001 314.1 0 0.09865184 -0.3876837 0.04177367 0.9155458
4.3763 FirstCar -19.2184 0.025 2.97 0 90 0 0 0.7071068 0 0.7071068 13.8889 0
4.3776 Head 0 1.6 0.78 12.30001 314.1 0 0.09865184 -0.3876837 0.04177367 0.9155458
4.3776 FirstCar -19.19937 0.025 2.97 0 90 0 0 0.7071068 0 0.7071068 13.8889 0
4.3790 Head 0 1.6 0.78 12.30001 314.1 0 0.09865184 -0.3876837 0.04177367 0.9155458
4.3790 FirstCar -19.18098 0.025 2.97 0 90 0 0 0.7071068 0 0.7071068 13.8889 0
4.3803 Head 0 1.6 0.78 12.30001 314.1 0 0.09865184 -0.3876837 0.04177367 0.9155458
4.3803 FirstCar -19.1626 0.025 2.97 0 90 0 0 0.7071068 0 0.7071068 13.8889 0
4.3817 Head 0 1.6 0.78 12.30001 314.1 0 0.09865184 -0.3876837 0.04177367 0.9155458
4.3817 FirstCar -19.14367 0.025 2.97 0 90 0 0 0.7071068 0 0.7071068 13.8889 0
4.3831 Head 0 1.6 0.78 12.30001 314.1 0 0.09865184 -0.3876837 0.04177367 0.9155458
4.3831 FirstCar -19.12337 0.025 2.97 0 90 0 0 0.7071068 0 0.7071068 13.8889 0
4.3845 Head 0 1.6 0.78 12.30001 314.1 0 0.09865184 -0.3876837 0.04177367 0.9155458
4.3845 FirstCar -19.10419 0.025 2.97 0 90 0 0 0.7071068 0 0.7071068 13.8889 0
4.3859 Head 0 1.6 0.78 12.30001 314.1 0 0.09865184 -0.3876837 0.04177367 0.9155458
4.3859 FirstCar -19.08425 0.025 2.97 0 90 0 0 0.7071068 0 0.7071068 13.8889 0
4.3876 Head 0 1.6 0.78 12.30001 314.1 0 0.09865184 -0.3876837 0.04177367 0.9155458
4.3876 FirstCar -19.06075 0.025 2.97 0 90 0 0 0.7071068 0 0.7071068 13.8889 0
4.3890 Head 0 1.6 0.78 12.30001 314.1 0 0.09865184 -0.3876837 0.04177367 0.9155458
4.3890 FirstCar -19.04127 0.025 2.97 0 90 0 0 0.7071068 0 0.7071068 13.8889 0
4.3904 Head 0 1.6 0.78 12.30001 314.1 0 0.09865184 -0.3876837 0.04177367 0.9155458
4.3904 FirstCar -19.02229 0.025 2.97 0 90 0 0 0.7071068 0 0.7071068 13.8889 0
4.3918 Head 0 1.6 0.78 12.30001 314.1 0 0.09865184 -0.3876837 0.04177367 0.9155458
4.3918 FirstCar -19.00304 0.025 2.97 0 90 0 0 0.7071068 0 0.7071068 13.8889 0
4.3932 Head 0 1.6 0.78 12.30001 314.1 0 0.09865184 -0.3876837 0.04177367 0.9155458
4.3932 FirstCar -18.98274 0.025 2.97 0 90 0 0 0.7071068 0 0.7071068 13.8889 0
4.3952 Head 0 1.6 0.78 12.30001 314.1 0 0.09865184 -0.3876837 0.04177367 0.9155458
4.3952 FirstCar -18.95591 0.025 2.97 0 90 0 0 0.7071068 0 0.7071068 13.8889 0
4.3970 Head 0 1.6 0.78 12.30001 314.1 0 0.09865184 -0.3876837 0.04177367 0.9155458
4.3970 FirstCar -18.93064 0.025 2.97 0 90 0 0 0.7071068 0 0.7071068 13.8889 0
4.3987 Head 0 1.6 0.78 12.30001 314.1 0 0.09865184 -0.3876837 0.04177367 0.9155458
4.3987 FirstCar -18.90676 0.025 2.97 0 90 0 0 0.7071068 0 0.7071068 13.8889 0
4.4003 Head 0 1.6 0.78 12.30001 314.1 0 0.09865184 -0.3876837 0.04177367 0.9155458
4.4003 FirstCar -18.88489 0.025 2.97 0 90 0 0 0.7071068 0 0.7071068 13.8889 0
4.4017 Head 0 1.6 0.78 12.30001 314.1 0 0.09865184 -0.3876837 0.04177367 0.9155458
4.4017 FirstCar -18.86538 0.025 2.97 0 90 0 0 0.7071068 0 0.7071068 13.8889 0
4.4031 Head 0 1.6 0.78 12.30001 314.1 0 0.09865184 -0.3876837 0.04177367 0.9155458
4.4031 FirstCar -18.8455 0.025 2.97 0 90 0 0 0.7071068 0 0.7071068 13.8889 0
4.4047 Head 0 1.6 0.78 12.30001 314.1 0 0.09865184 -0.3876837 0.04177367 0.9155458
4.4047 FirstCar -18.82422 0.025 2.97 0 90 0 0 0.7071068 0 0.7071068 13.8889 0
4.4060 Head 0 1.6 0.78 12.30001 314.1 0 0.09865184 -0.3876837 0.04177367 0.9155458
4.4060 FirstCar -18.80487 0.025 2.97 0 90 0 0 0.7071068 0 0.7071068 13.8889 0
4.4077 Head 0 1.6 0.78 12.30001 314.1 0 0.09865184 -0.3876837 0.04177367 0.9155458
4.4077 FirstCar -18.78223 0.025 2.97 0 90 0 0 0.7071068 0 0.7071068 13.8889 0
4.4091 Head 0 1.6 0.78 12.30001 314.1 0 0.09865184 -0.3876837 0.04177367 0.9155458
4.4091 FirstCar -18.76254 0.025 2.97 0 90 0 0 0.7071068 0 0.7071068 13.8889 0
4.4105 Head 0 1.6 0.78 12.30001 314.1 0 0.09865184 -0.3876837 0.04177367 0.9155458
4.4105 FirstCar -18.74332 0.025 2.97 0 90 0 0 0.7071068 0 0.7071068 13.8889 0
4.4118 Head 0 1.6 0.78 12.30001 314.1 0 0.09865184 -0.3876837 0.04177367 0.9155458
4.4118 FirstCar -18.72507 0.025 2.97 0 90 0 0 0.7071068 0 0.7071068 13.8889 0
4.4132 Head 0 1.6 0.78 12.30001 314.1 0 0.09865184 -0.3876837 0.04177367 0.9155458
4.4132 FirstCar -18.70592 0.025 2.97 0 90 0 0 0.7071068 0 0.7071068 13.8889 0
4.4146 Head 0 1.6 0.78 12.30001 314.1 0 0.09865184 -0.3876837 0.04177367 0.9155458
4.4146 FirstCar -18.68565 0.025 2.97 0 90 0 0 0.7071068 0 0.7071068 13.8889 0
4.4164 Head 0 1.6 0.78 12.30001 314.1 0 0.09865184 -0.3876837 0.04177367 0.9155458
4.4164 FirstCar -18.66172 0.025 2.97 0 90 0 0 0.7071068 0 0.7071068 13.8889 0
4.4179 Head 0 1.6 0.78 12.30001 314.1 0 0.09865184 -0.3876837 0.04177367 0.9155458
4.4179 FirstCar -18.64053 0.025 2.97 0 90 0 0 0.7071068 0 0.7071068 13.8889 0
4.4193 Head 0 1.6 0.78 12.30001 314.1 0 0.09865184 -0.3876837 0.04177367 0.9155458
4.4193 FirstCar -18.621 0.025 2.97 0 90 0 0 0.7071068 0 0.7071068 13.8889 0
4.4209 Head 0 1.6 0.78 12.30001 314.1 0 0.09865184 -0.3876837 0.04177367 0.9155458
4.4209 FirstCar -18.59837 0.025 2.97 0 90 0 0 0.7071068 0 0.7071068 13.8889 0
4.4225 Head 0 1.6 0.78 12.30001 314.1 0 0.09865184 -0.3876837 0.04177367 0.9155458
4.4225 FirstCar -18.57659 0.025 2.97 0 90 0 0 0.7071068 0 0.7071068 13.8889 0
4.4240 Head 0 1.6 0.78 12.30001 314.1 0 0.09865184 -0.3876837 0.04177367 0.9155458
4.4240 FirstCar -18.55606 0.025 2.97 0 90 0 0 0.7071068 0 0.7071068 13.8889 0
4.4257 Head 0 1.6 0.78 12.30001 314.1 0 0.09865184 -0.3876837 0.04177367 0.9155458
4.4257 FirstCar -18.53226 0.025 2.97 0 90 0 0 0.7071068 0 0.7071068 13.8889 0
4.4278 Head 0 1.6 0.78 12.30001 314.1 0 0.09865184 -0.3876837 0.04177367 0.9155458
4.4278 FirstCar -18.50314 0.025 2.97 0 90 0 0 0.7071068 0 0.7071068 13.8889 0
4.4296 Head 0 1.6 0.78 12.30001 314.1 0 0.09865184 -0.3876837 0.04177367 0.9155458
4.4296 FirstCar -18.47779 0.025 2.97 0 90 0 0 0.7071068 0 0.7071068 13.8889 0
4.4315 Head 0 1.6 0.78 12.30001 314.1 0 0.09865184 -0.3876837 0.04177367 0.9155458
4.4315 FirstCar -18.4507 0.025 2.97 0 90 0 0 0.7071068 0 0.7071068 13.8889 0
4.4333 Head 0 1.6 0.78 12.30001 314.1 0 0.09865184 -0.3876837 0.04177367 0.9155458
4.4333 FirstCar -18.4258 0.025 2.97 0 90 0 0 0.7071068 0 0.7071068 13.8889 0
4.4349 Head 0 1.6 0.78 12.30001 314.1 0 0.09865184 -0.3876837 0.04177367 0.9155458
4.4349 FirstCar -18.4041 0.025 2.97 0 90 0 0 0.7071068 0 0.7071068 13.8889 0
4.4365 Head 0 1.6 0.78 12.30001 314.1 0 0.09865184 -0.3876837 0.04177367 0.9155458
4.4365 FirstCar -18.38171 0.025 2.97 0 90 0 0 0.7071068 0 0.7071068 13.8889 0
4.4380 Head 0 1.6 0.78 12.30001 314.1 0 0.09865184 -0.3876837 0.04177367 0.9155458
4.4380 FirstCar -18.36075 0.025 2.97 0 90 0 0 0.7071068 0 0.7071068 13.8889 0
4.4395 Head 0 1.6 0.78 12.30001 314.1 0 0.09865184 -0.3876837 0.04177367 0.9155458
4.4395 FirstCar -18.3403 0.025 2.97 0 90 0 0 0.7071068 0 0.7071068 13.8889 0
4.4409 Head 0 1.6 0.78 12.30001 314.1 0 0.09865184 -0.3876837 0.04177367 0.9155458
4.4409 FirstCar -18.32127 0.025 2.97 0 90 0 0 0.7071068 0 0.7071068 13.8889 0
4.4423 Head 0 1.6 0.78 12.30001 314.1 0 0.09865184 -0.3876837 0.04177367 0.9155458
4.4423 FirstCar -18.30199 0.025 2.97 0 90 0 0 0.7071068 0 0.7071068 13.8889 0
4.4436 Head 0 1.6 0.78 12.30001 314.1 0 0.09865184 -0.3876837 0.04177367 0.9155458
4.4436 FirstCar -18.28351 0.025 2.97 0 90 0 0 0.7071068 0 0.7071068 13.8889 0
4.4450 Head 0 1.6 0.78 12.30001 314.1 0 0.09865184 -0.3876837 0.04177367 0.9155458
4.4450 FirstCar -18.26384 0.025 2.97 0 90 0 0 0.7071068 0 0.7071068 13.8889 0
4.4467 Head 0 1.6 0.78 12.30001 314.1 0 0.09865184 -0.3876837 0.04177367 0.9155458
4.4467 FirstCar -18.24069 0.025 2.97 0 90 0 0 0.7071068 0 0.7071068 13.8889 0
4.4481 Head 0 1.6 0.78 12.30001 314.1 0 0.09865184 -0.3876837 0.04177367 0.9155458
4.4481 FirstCar -18.22065 0.025 2.97 0 90 0 0 0.7071068 0 0.7071068 13.8889 0
4.4496 Head 0 1.6 0.78 12.30001 314.1 0 0.09865184 -0.3876837 0.04177367 0.9155458
4.4496 FirstCar -18.20045 0.025 2.97 0 90 0 0 0.7071068 0 0.7071068 13.8889 0
4.4509 Head 0 1.6 0.78 12.30001 314.1 0 0.09865184 -0.3876837 0.04177367 0.9155458
4.4509 FirstCar -18.18176 0.025 2.97 0 90 0 0 0.7071068 0 0.7071068 13.8889 0
4.4522 Head 0 1.6 0.78 12.30001 314.1 0 0.09865184 -0.3876837 0.04177367 0.9155458
4.4522 FirstCar -18.16348 0.025 2.97 0 90 0 0 0.7071068 0 0.7071068 13.8889 0
4.4537 Head 0 1.6 0.78 12.30001 314.1 0 0.09865184 -0.3876837 0.04177367 0.9155458
4.4537 FirstCar -18.14357 0.025 2.97 0 90 0 0 0.7071068 0 0.7071068 13.8889 0
4.4551 Head 0 1.6 0.78 12.30001 314.1 0 0.09865184 -0.3876837 0.04177367 0.9155458
4.4551 FirstCar -18.12396 0.025 2.97 0 90 0 0 0.7071068 0 0.7071068 13.8889 0
4.4565 Head 0 1.6 0.78 12.30001 314.1 0 0.09865184 -0.3876837 0.04177367 0.9155458
4.4565 FirstCar -18.1036 0.025 2.97 0 90 0 0 0.7071068 0 0.7071068 13.8889 0
4.4580 Head 0 1.6 0.78 12.30001 314.1 0 0.09865184 -0.3876837 0.04177367 0.9155458
4.4580 FirstCar -18.08305 0.025 2.97 0 90 0 0 0.7071068 0 0.7071068 13.8889 0
4.4594 Head 0 1.6 0.78 12.30001 314.1 0 0.09865184 -0.3876837 0.04177367 0.9155458
4.4594 FirstCar -18.0633 0.025 2.97 0 90 0 0 0.7071068 0 0.7071068 13.8889 0
4.4609 Head 0 1.6 0.78 12.30001 314.1 0 0.09865184 -0.3876837 0.04177367 0.9155458
4.4609 FirstCar -18.04323 0.025 2.97 0 90 0 0 0.7071068 0 0.7071068 13.8889 0
4.4625 Head 0 1.6 0.78 12.30001 314.1 0 0.09865184 -0.3876837 0.04177367 0.9155458
4.4625 FirstCar -18.02048 0.025 2.97 0 90 0 0 0.7071068 0 0.7071068 13.8889 0
4.4644 Head 0 1.6 0.78 12.30001 314.1 0 0.09865184 -0.3876837 0.04177367 0.9155458
4.4644 FirstCar -17.99385 0.025 2.97 0 90 0 0 0.7071068 0 0.7071068 13.8889 0
4.4661 Head 0 1.6 0.78 12.30001 314.1 0 0.09865184 -0.3876837 0.04177367 0.9155458
4.4661 FirstCar -17.97148 0.025 2.97 0 90 0 0 0.7071068 0 0.7071068 13.8889 0
4.4676 Head 0 1.6 0.78 12.30001 314.1 0 0.09865184 -0.3876837 0.04177367 0.9155458
4.4676 FirstCar -17.94935 0.025 2.97 0 90 0 0 0.7071068 0 0.7071068 13.8889 0
4.4691 Head 0 1.6 0.78 12.30001 314.1 0 0.09865184 -0.3876837 0.04177367 0.9155458
4.4691 FirstCar -17.92973 0.025 2.97 0 90 0 0 0.7071068 0 0.7071068 13.8889 0
4.4705 Head 0 1.6 0.78 12.30001 314.1 0 0.09865184 -0.3876837 0.04177367 0.9155458
4.4705 FirstCar -17.90971 0.025 2.97 0 90 0 0 0.7071068 0 0.7071068 13.8889 0
4.4721 Head 0 1.6 0.78 12.30001 314.1 0 0.09865184 -0.3876837 0.04177367 0.9155458
4.4721 FirstCar -17.8877 0.025 2.97 0 90 0 0 0.7071068 0 0.7071068 13.8889 0
4.4735 Head 0 1.6 0.78 12.30001 314.1 0 0.09865184 -0.3876837 0.04177367 0.9155458
4.4735 FirstCar -17.86844 0.025 2.97 0 90 0 0 0.7071068 0 0.7071068 13.8889 0
4.4749 Head 0 1.6 0.78 12.30001 314.1 0 0.09865184 -0.3876837 0.04177367 0.9155458
4.4749 FirstCar -17.84896 0.025 2.97 0 90 0 0 0.7071068 0 0.7071068 13.8889 0
4.4763 Head 0 1.6 0.78 12.30001 314.1 0 0.09865184 -0.3876837 0.04177367 0.9155458
4.4763 FirstCar -17.82912 0.025 2.97 0 90 0 0 0.7071068 0 0.7071068 13.8889 0
4.4778 Head 0 1.6 0.78 12.30001 314.1 0 0.09865184 -0.3876837 0.04177367 0.9155458
4.4778 FirstCar -17.80856 0.025 2.97 0 90 0 0 0.7071068 0 0.7071068 13.8889 0
4.4792 Head 0 1.6 0.78 12.30001 314.1 0 0.09865184 -0.3876837 0.04177367 0.9155458
4.4792 FirstCar -17.78936 0.025 2.97 0 90 0 0 0.7071068 0 0.7071068 13.8889 0
4.4806 Head 0 1.6 0.78 12.30001 314.1 0 0.09865184 -0.3876837 0.04177367 0.9155458
4.4806 FirstCar -17.77011 0.025 2.97 0 90 0 0 0.7071068 0 0.7071068 13.8889 0
4.4822 Head 0 1.6 0.78 12.30001 314.1 0 0.09865184 -0.3876837 0.04177367 0.9155458
4.4822 FirstCar -17.74764 0.025 2.97 0 90 0 0 0.7071068 0 0.7071068 13.8889 0
4.4836 Head 0 1.6 0.78 12.30001 314.1 0 0.09865184 -0.3876837 0.04177367 0.9155458
4.4836 FirstCar -17.72729 0.025 2.97 0 90 0 0 0.7071068 0 0.7071068 13.8889 0
4.4851 Head 0 1.6 0.78 12.30001 314.1 0 0.09865184 -0.3876837 0.04177367 0.9155458
4.4851 FirstCar -17.70724 0.025 2.97 0 90 0 0 0.7071068 0 0.7071068 13.8889 0
4.4869 Head 0 1.6 0.78 12.30001 314.1 0 0.09865184 -0.3876837 0.04177367 0.9155458
4.4869 FirstCar -17.68241 0.025 2.97 0 90 0 0 0.7071068 0 0.7071068 13.8889 0
4.4884 Head 0 1.6 0.78 12.30001 314.1 0 0.09865184 -0.3876837 0.04177367 0.9155458
4.4884 FirstCar -17.66147 0.025 2.97 0 90 0 0 0.7071068 0 0.7071068 13.8889 0
4.4898 Head 0 1.6 0.78 12.30001 314.1 0 0.09865184 -0.3876837 0.04177367 0.9155458
4.4898 FirstCar -17.6414 0.025 2.97 0 90 0 0 0.7071068 0 0.7071068 13.8889 0
4.4917 Head 0 1.6 0.78 12.30001 314.1 0 0.09865184 -0.3876837 0.04177367 0.9155458
4.4917 FirstCar -17.61513 0.025 2.97 0 90 0 0 0.7071068 0 0.7071068 13.8889 0
4.4934 Head 0 1.6 0.78 12.30001 314.1 0 0.09865184 -0.3876837 0.04177367 0.9155458
4.4934 FirstCar -17.59194 0.025 2.97 0 90 0 0 0.7071068 0 0.7071068 13.8889 0
4.4950 Head 0 1.6 0.78 12.30001 314.1 0 0.09865184 -0.3876837 0.04177367 0.9155458
4.4950 FirstCar -17.56894 0.025 2.97 0 90 0 0 0.7071068 0 0.7071068 13.8889 0
4.4969 Head 0 1.6 0.78 12.30001 314.1 0 0.09865184 -0.3876837 0.04177367 0.9155458
4.4969 FirstCar -17.54353 0.025 2.97 0 90 0 0 0.7071068 0 0.7071068 13.8889 0
4.4986 Head 0 1.6 0.78 12.30001 314.1 0 0.09865184 -0.3876837 0.04177367 0.9155458
4.4986 FirstCar -17.5189 0.025 2.97 0 90 0 0 0.7071068 0 0.7071068 13.8889 0
4.5003 Head 0 1.6 0.78 12.30001 314.1 0 0.09865184 -0.3876837 0.04177367 0.9155458
4.5003 FirstCar -17.49524 0.025 2.97 0 90 0 0 0.7071068 0 0.7071068 13.8889 0
4.5019 Head 0 1.6 0.78 12.30001 314.1 0 0.09865184 -0.3876837 0.04177367 0.9155458
4.5019 FirstCar -17.47322 0.025 2.97 0 90 0 0 0.7071068 0 0.7071068 13.8889 0
4.5036 Head 0 1.6 0.78 12.30001 314.1 0 0.09865184 -0.3876837 0.04177367 0.9155458
4.5036 FirstCar -17.44935 0.025 2.97 0 90 0 0 0.7071068 0 0.7071068 13.8889 0
4.5056 Head 0 1.6 0.78 12.30001 314.1 0 0.09865184 -0.3876837 0.04177367 0.9155458
4.5056 FirstCar -17.42273 0.025 2.97 0 90 0 0 0.7071068 0 0.7071068 13.8889 0
4.5075 Head 0 1.6 0.78 12.30001 314.1 0 0.09865184 -0.3876837 0.04177367 0.9155458
4.5075 FirstCar -17.39522 0.025 2.97 0 90 0 0 0.7071068 0 0.7071068 13.8889 0
4.5091 Head 0 1.6 0.78 12.30001 314.1 0 0.09865184 -0.3876837 0.04177367 0.9155458
4.5091 FirstCar -17.37361 0.025 2.97 0 90 0 0 0.7071068 0 0.7071068 13.8889 0
4.5107 Head 0 1.6 0.78 12.30001 314.1 0 0.09865184 -0.3876837 0.04177367 0.9155458
4.5107 FirstCar -17.35078 0.025 2.97 0 90 0 0 0.7071068 0 0.7071068 13.8889 0
4.5122 Head 0 1.6 0.78 12.30001 314.1 0 0.09865184 -0.3876837 0.04177367 0.9155458
4.5122 FirstCar -17.3308 0.025 2.97 0 90 0 0 0.7071068 0 0.7071068 13.8889 0
4.5136 Head 0 1.6 0.78 12.30001 314.1 0 0.09865184 -0.3876837 0.04177367 0.9155458
4.5136 FirstCar -17.31114 0.025 2.97 0 90 0 0 0.7071068 0 0.7071068 13.8889 0
4.5150 Head 0 1.6 0.78 12.30001 314.1 0 0.09865184 -0.3876837 0.04177367 0.9155458
4.5150 FirstCar -17.291 0.025 2.97 0 90 0 0 0.7071068 0 0.7071068 13.8889 0
4.5167 Head 0 1.6 0.78 12.30001 314.1 0 0.09865184 -0.3876837 0.04177367 0.9155458
4.5167 FirstCar -17.26851 0.025 2.97 0 90 0 0 0.7071068 0 0.7071068 13.8889 0
4.5183 Head 0 1.6 0.78 12.30001 314.1 0 0.09865184 -0.3876837 0.04177367 0.9155458
4.5183 FirstCar -17.24545 0.025 2.97 0 90 0 0 0.7071068 0 0.7071068 13.8889 0
4.5200 Head 0 1.6 0.78 12.30001 314.1 0 0.09865184 -0.3876837 0.04177367 0.9155458
4.5200 FirstCar -17.22182 0.025 2.97 0 90 0 0 0.7071068 0 0.7071068 13.8889 0
4.5217 Head 0 1.6 0.78 12.30001 314.1 0 0.09865184 -0.3876837 0.04177367 0.9155458
4.5217 FirstCar -17.19855 0.025 2.97 0 90 0 0 0.7071068 0 0.7071068 13.8889 0
4.5234 Head 0 1.6 0.78 12.30001 314.1 0 0.09865184 -0.3876837 0.04177367 0.9155458
4.5234 FirstCar -17.17475 0.025 2.97 0 90 0 0 0.7071068 0 0.7071068 13.8889 0
4.5252 Head 0 1.6 0.78 12.30001 314.1 0 0.09865184 -0.3876837 0.04177367 0.9155458
4.5252 FirstCar -17.15058 0.025 2.97 0 90 0 0 0.7071068 0 0.7071068 13.8889 0
4.5274 Head 0 1.6 0.78 12.30001 314.1 0 0.09865184 -0.3876837 0.04177367 0.9155458
4.5274 FirstCar -17.11968 0.025 2.97 0 90 0 0 0.7071068 0 0.7071068 13.8889 0
4.5291 Head 0 1.6 0.78 12.30001 314.1 0 0.09865184 -0.3876837 0.04177367 0.9155458
4.5291 FirstCar -17.09576 0.025 2.97 0 90 0 0 0.7071068 0 0.7071068 13.8889 0
4.5307 Head 0 1.6 0.78 12.30001 314.1 0 0.09865184 -0.3876837 0.04177367 0.9155458
4.5307 FirstCar -17.07323 0.025 2.97 0 90 0 0 0.7071068 0 0.7071068 13.8889 0
4.5324 Head 0 1.6 0.78 12.30001 314.1 0 0.09865184 -0.3876837 0.04177367 0.9155458
4.5324 FirstCar -17.05052 0.025 2.97 0 90 0 0 0.7071068 0 0.7071068 13.8889 0
4.5340 Head 0 1.6 0.78 12.30001 314.1 0 0.09865184 -0.3876837 0.04177367 0.9155458
4.5340 FirstCar -17.02738 0.025 2.97 0 90 0 0 0.7071068 0 0.7071068 13.8889 0
4.5356 Head 0 1.6 0.78 12.30001 314.1 0 0.09865184 -0.3876837 0.04177367 0.9155458
4.5356 FirstCar -17.00522 0.025 2.97 0 90 0 0 0.7071068 0 0.7071068 13.8889 0
4.5373 Head 0 1.6 0.78 12.30001 314.1 0 0.09865184 -0.3876837 0.04177367 0.9155458
4.5373 FirstCar -16.98237 0.025 2.97 0 90 0 0 0.7071068 0 0.7071068 13.8889 0
4.5389 Head 0 1.6 0.78 12.30001 314.1 0 0.09865184 -0.3876837 0.04177367 0.9155458
4.5389 FirstCar -16.95936 0.025 2.97 0 90 0 0 0.7071068 0 0.7071068 13.8889 0
4.5406 Head 0 1.6 0.78 12.30001 314.1 0 0.09865184 -0.3876837 0.04177367 0.9155458
4.5406 FirstCar -16.93579 0.025 2.97 0 90 0 0 0.7071068 0 0.7071068 13.8889 0
4.5423 Head 0 1.6 0.78 12.30001 314.1 0 0.09865184 -0.3876837 0.04177367 0.9155458
4.5423 FirstCar -16.91225 0.025 2.97 0 90 0 0 0.7071068 0 0.7071068 13.8889 0
4.5439 Head 0 1.6 0.78 12.30001 314.1 0 0.09865184 -0.3876837 0.04177367 0.9155458
4.5439 FirstCar -16.88957 0.025 2.97 0 90 0 0 0.7071068 0 0.7071068 13.8889 0
4.5456 Head 0 1.6 0.78 12.30001 314.1 0 0.09865184 -0.3876837 0.04177367 0.9155458
4.5456 FirstCar -16.86624 0.025 2.97 0 90 0 0 0.7071068 0 0.7071068 13.8889 0
4.5475 Head 0 1.6 0.78 12.30001 314.1 0 0.09865184 -0.3876837 0.04177367 0.9155458
4.5475 FirstCar -16.84064 0.025 2.97 0 90 0 0 0.7071068 0 0.7071068 13.8889 0
4.5490 Head 0 1.6 0.78 12.30001 314.1 0 0.09865184 -0.3876837 0.04177367 0.9155458
4.5490 FirstCar -16.81903 0.025 2.97 0 90 0 0 0.7071068 0 0.7071068 13.8889 0
4.5505 Head 0 1.6 0.78 12.30001 314.1 0 0.09865184 -0.3876837 0.04177367 0.9155458
4.5505 FirstCar -16.7986 0.025 2.97 0 90 0 0 0.7071068 0 0.7071068 13.8889 0
4.5520 Head 0 1.6 0.78 12.30001 314.1 0 0.09865184 -0.3876837 0.04177367 0.9155458
4.5520 FirstCar -16.77797 0.025 2.97 0 90 0 0 0.7071068 0 0.7071068 13.8889 0
4.5535 Head 0 1.6 0.78 12.30001 314.1 0 0.09865184 -0.3876837 0.04177367 0.9155458
4.5535 FirstCar -16.75674 0.025 2.97 0 90 0 0 0.7071068 0 0.7071068 13.8889 0
4.5552 Head 0 1.6 0.78 12.30001 314.1 0 0.09865184 -0.3876837 0.04177367 0.9155458
4.5552 FirstCar -16.73335 0.025 2.97 0 90 0 0 0.7071068 0 0.7071068 13.8889 0
4.5567 Head 0 1.6 0.78 12.30001 314.1 0 0.09865184 -0.3876837 0.04177367 0.9155458
4.5567 FirstCar -16.71217 0.025 2.97 0 90 0 0 0.7071068 0 0.7071068 13.8889 0
4.5581 Head 0 1.6 0.78 12.30001 314.1 0 0.09865184 -0.3876837 0.04177367 0.9155458
4.5581 FirstCar -16.69255 0.025 2.97 0 90 0 0 0.7071068 0 0.7071068 13.8889 0
4.5595 Head 0 1.6 0.78 12.30001 314.1 0 0.09865184 -0.3876837 0.04177367 0.9155458
4.5595 FirstCar -16.67327 0.025 2.97 0 90 0 0 0.7071068 0 0.7071068 13.8889 0
4.5609 Head 0 1.6 0.78 12.30001 314.1 0 0.09865184 -0.3876837 0.04177367 0.9155458
4.5609 FirstCar -16.65356 0.025 2.97 0 90 0 0 0.7071068 0 0.7071068 13.8889 0
4.5630 Head 0 1.6 0.78 12.30001 314.1 0 0.09865184 -0.3876837 0.04177367 0.9155458
4.5630 FirstCar -16.6253 0.025 2.97 0 90 0 0 0.7071068 0 0.7071068 13.8889 0
4.5652 Head 0 1.6 0.78 12.30001 314.1 0 0.09865184 -0.3876837 0.04177367 0.9155458
4.5652 FirstCar -16.59426 0.025 2.97 0 90 0 0 0.7071068 0 0.7071068 13.8889 0
4.5672 Head 0 1.6 0.78 12.30001 314.1 0 0.09865184 -0.3876837 0.04177367 0.9155458
4.5672 FirstCar -16.56651 0.025 2.97 0 90 0 0 0.7071068 0 0.7071068 13.8889 0
4.5688 Head 0 1.6 0.78 12.30001 314.1 0 0.09865184 -0.3876837 0.04177367 0.9155458
4.5688 FirstCar -16.54374 0.025 2.97 0 90 0 0 0.7071068 0 0.7071068 13.8889 0
4.5707 Head 0 1.6 0.78 12.30001 314.1 0 0.09865184 -0.3876837 0.04177367 0.9155458
4.5707 FirstCar -16.51803 0.025 2.97 0 90 0 0 0.7071068 0 0.7071068 13.8889 0
4.5724 Head 0 1.6 0.78 12.30001 314.1 0 0.09865184 -0.3876837 0.04177367 0.9155458
4.5724 FirstCar -16.49483 0.025 2.97 0 90 0 0 0.7071068 0 0.7071068 13.8889 0
4.5739 Head 0 1.6 0.78 12.30001 314.1 0 0.09865184 -0.3876837 0.04177367 0.9155458
4.5739 FirstCar -16.47383 0.025 2.97 0 90 0 0 0.7071068 0 0.7071068 13.8889 0
4.5754 Head 0 1.6 0.78 12.30001 314.1 0 0.09865184 -0.3876837 0.04177367 0.9155458
4.5754 FirstCar -16.45291 0.025 2.97 0 90 0 0 0.7071068 0 0.7071068 13.8889 0
4.5768 Head 0 1.6 0.78 12.30001 314.1 0 0.09865184 -0.3876837 0.04177367 0.9155458
4.5768 FirstCar -16.43307 0.025 2.97 0 90 0 0 0.7071068 0 0.7071068 13.8889 0
4.5782 Head 0 1.6 0.78 12.30001 314.1 0 0.09865184 -0.3876837 0.04177367 0.9155458
4.5782 FirstCar -16.41382 0.025 2.97 0 90 0 0 0.7071068 0 0.7071068 13.8889 0
4.5796 Head 0 1.6 0.78 12.30001 314.1 0 0.09865184 -0.3876837 0.04177367 0.9155458
4.5796 FirstCar -16.39474 0.025 2.97 0 90 0 0 0.7071068 0 0.7071068 13.8889 0
4.5811 Head 0 1.6 0.78 12.30001 314.1 0 0.09865184 -0.3876837 0.04177367 0.9155458
4.5811 FirstCar -16.37335 0.025 2.97 0 90 0 0 0.7071068 0 0.7071068 13.8889 0
4.5826 Head 0 1.6 0.78 12.30001 314.1 0 0.09865184 -0.3876837 0.04177367 0.9155458
4.5826 FirstCar -16.35271 0.025 2.97 0 90 0 0 0.7071068 0 0.7071068 13.8889 0
4.5841 Head 0 1.6 0.78 12.30001 314.1 0 0.09865184 -0.3876837 0.04177367 0.9155458
4.5841 FirstCar -16.33252 0.025 2.97 0 90 0 0 0.7071068 0 0.7071068 13.8889 0
4.5856 Head 0 1.6 0.78 12.30001 314.1 0 0.09865184 -0.3876837 0.04177367 0.9155458
4.5856 FirstCar -16.31136 0.025 2.97 0 90 0 0 0.7071068 0 0.7071068 13.8889 0
4.5875 Head 0 1.6 0.78 12.30001 314.1 0 0.09865184 -0.3876837 0.04177367 0.9155458
4.5875 FirstCar -16.2846 0.025 2.97 0 90 0 0 0.7071068 0 0.7071068 13.8889 0
4.5891 Head 0 1.6 0.78 12.30001 314.1 0 0.09865184 -0.3876837 0.04177367 0.9155458
4.5891 FirstCar -16.26188 0.025 2.97 0 90 0 0 0.7071068 0 0.7071068 13.8889 0
4.5908 Head 0 1.6 0.78 12.30001 314.1 0 0.09865184 -0.3876837 0.04177367 0.9155458
4.5908 FirstCar -16.23907 0.025 2.97 0 90 0 0 0.7071068 0 0.7071068 13.8889 0
4.5926 Head 0 1.6 0.78 12.30001 314.1 0 0.09865184 -0.3876837 0.04177367 0.9155458
4.5926 FirstCar -16.21359 0.025 2.97 0 90 0 0 0.7071068 0 0.7071068 13.8889 0
4.5942 Head 0 1.6 0.78 12.30001 314.1 0 0.09865184 -0.3876837 0.04177367 0.9155458
4.5942 FirstCar -16.19223 0.025 2.97 0 90 0 0 0.7071068 0 0.7071068 13.8889 0
4.5956 Head 0 1.6 0.78 12.30001 314.1 0 0.09865184 -0.3876837 0.04177367 0.9155458
4.5956 FirstCar -16.17177 0.025 2.97 0 90 0 0 0.7071068 0 0.7071068 13.8889 0
4.5970 Head 0 1.6 0.78 12.30001 314.1 0 0.09865184 -0.3876837 0.04177367 0.9155458
4.5970 FirstCar -16.15217 0.025 2.97 0 90 0 0 0.7071068 0 0.7071068 13.8889 0
4.5984 Head 0 1.6 0.78 12.30001 314.1 0 0.09865184 -0.3876837 0.04177367 0.9155458
4.5984 FirstCar -16.13325 0.025 2.97 0 90 0 0 0.7071068 0 0.7071068 13.8889 0
4.5998 Head 0 1.6 0.78 12.30001 314.1 0 0.09865184 -0.3876837 0.04177367 0.9155458
4.5998 FirstCar -16.11404 0.025 2.97 0 90 0 0 0.7071068 0 0.7071068 13.8889 0
4.6013 Head 0 1.6 0.78 12.30001 314.1 0 0.09865184 -0.3876837 0.04177367 0.9155458
4.6013 FirstCar -16.09305 0.025 2.97 0 90 0 0 0.7071068 0 0.7071068 13.8889 0
4.6027 Head 0 1.6 0.78 12.30001 314.1 0 0.09865184 -0.3876837 0.04177367 0.9155458
4.6027 FirstCar -16.07322 0.025 2.97 0 90 0 0 0.7071068 0 0.7071068 13.8889 0
4.6041 Head 0 1.6 0.78 12.30001 314.1 0 0.09865184 -0.3876837 0.04177367 0.9155458
4.6041 FirstCar -16.05393 0.025 2.97 0 90 0 0 0.7071068 0 0.7071068 13.8889 0
4.6055 Head 0 1.6 0.78 12.30001 314.1 0 0.09865184 -0.3876837 0.04177367 0.9155458
4.6055 FirstCar -16.03441 0.025 2.97 0 90 0 0 0.7071068 0 0.7071068 13.8889 0
4.6073 Head 0 1.6 0.78 12.30001 314.1 0 0.09865184 -0.3876837 0.04177367 0.9155458
4.6073 FirstCar -16.01024 0.025 2.97 0 90 0 0 0.7071068 0 0.7071068 13.8889 0
4.6088 Head 0 1.6 0.78 12.30001 314.1 0 0.09865184 -0.3876837 0.04177367 0.9155458
4.6088 FirstCar -15.98937 0.025 2.97 0 90 0 0 0.7071068 0 0.7071068 13.8889 0
4.6103 Head 0 1.6 0.78 12.30001 314.1 0 0.09865184 -0.3876837 0.04177367 0.9155458
4.6103 FirstCar -15.96823 0.025 2.97 0 90 0 0 0.7071068 0 0.7071068 13.8889 0
4.6118 Head 0 1.6 0.78 12.30001 314.1 0 0.09865184 -0.3876837 0.04177367 0.9155458
4.6118 FirstCar -15.94737 0.025 2.97 0 90 0 0 0.7071068 0 0.7071068 13.8889 0
4.6132 Head 0 1.6 0.78 12.30001 314.1 0 0.09865184 -0.3876837 0.04177367 0.9155458
4.6132 FirstCar -15.92808 0.025 2.97 0 90 0 0 0.7071068 0 0.7071068 13.8889 0
4.6146 Head 0 1.6 0.78 12.30001 314.1 0 0.09865184 -0.3876837 0.04177367 0.9155458
4.6146 FirstCar -15.90802 0.025 2.97 0 90 0 0 0.7071068 0 0.7071068 13.8889 0
4.6161 Head 0 1.6 0.78 12.30001 314.1 0 0.09865184 -0.3876837 0.04177367 0.9155458
4.6161 FirstCar -15.88713 0.025 2.97 0 90 0 0 0.7071068 0 0.7071068 13.8889 0
4.6178 Head 0 1.6 0.78 12.30001 314.1 0 0.09865184 -0.3876837 0.04177367 0.9155458
4.6178 FirstCar -15.86324 0.025 2.97 0 90 0 0 0.7071068 0 0.7071068 13.8889 0
4.6199 Head 0 1.6 0.78 12.30001 314.1 0 0.09865184 -0.3876837 0.04177367 0.9155458
4.6199 FirstCar -15.83413 0.025 2.97 0 90 0 0 0.7071068 0 0.7071068 13.8889 0
4.6218 Head 0 1.6 0.78 12.30001 314.1 0 0.09865184 -0.3876837 0.04177367 0.9155458
4.6218 FirstCar -15.80864 0.025 2.97 0 90 0 0 0.7071068 0 0.7071068 13.8889 0
4.6234 Head 0 1.6 0.78 12.30001 314.1 0 0.09865184 -0.3876837 0.04177367 0.9155458
4.6234 FirstCar -15.78596 0.025 2.97 0 90 0 0 0.7071068 0 0.7071068 13.8889 0
4.6249 Head 0 1.6 0.78 12.30001 314.1 0 0.09865184 -0.3876837 0.04177367 0.9155458
4.6249 FirstCar -15.76474 0.025 2.97 0 90 0 0 0.7071068 0 0.7071068 13.8889 0
4.6268 Head 0 1.6 0.78 12.30001 314.1 0 0.09865184 -0.3876837 0.04177367 0.9155458
4.6268 FirstCar -15.73825 0.025 2.97 0 90 0 0 0.7071068 0 0.7071068 13.8889 0
4.6285 Head 0 1.6 0.78 12.30001 314.1 0 0.09865184 -0.3876837 0.04177367 0.9155458
4.6285 FirstCar -15.7155 0.025 2.97 0 90 0 0 0.7071068 0 0.7071068 13.8889 0
4.6300 Head 0 1.6 0.78 12.30001 314.1 0 0.09865184 -0.3876837 0.04177367 0.9155458
4.6300 FirstCar -15.69507 0.025 2.97 0 90 0 0 0.7071068 0 0.7071068 13.8889 0
4.6315 Head 0 1.6 0.78 12.30001 314.1 0 0.09865184 -0.3876837 0.04177367 0.9155458
4.6315 FirstCar -15.67386 0.025 2.97 0 90 0 0 0.7071068 0 0.7071068 13.8889 0
4.6331 Head 0 1.6 0.78 12.30001 314.1 0 0.09865184 -0.3876837 0.04177367 0.9155458
4.6331 FirstCar -15.65066 0.025 2.97 0 90 0 0 0.7071068 0 0.7071068 13.8889 0
4.6347 Head 0 1.6 0.78 12.30001 314.1 0 0.09865184 -0.3876837 0.04177367 0.9155458
4.6347 FirstCar -15.62881 0.025 2.97 0 90 0 0 0.7071068 0 0.7071068 13.8889 0
4.6363 Head 0 1.6 0.78 12.30001 314.1 0 0.09865184 -0.3876837 0.04177367 0.9155458
4.6363 FirstCar -15.6065 0.025 2.97 0 90 0 0 0.7071068 0 0.7071068 13.8889 0
4.6380 Head 0 1.6 0.78 12.30001 314.1 0 0.09865184 -0.3876837 0.04177367 0.9155458
4.6380 FirstCar -15.58333 0.025 2.97 0 90 0 0 0.7071068 0 0.7071068 13.8889 0
4.6396 Head 0 1.6 0.78 12.30001 314.1 0 0.09865184 -0.3876837 0.04177367 0.9155458
4.6396 FirstCar -15.56168 0.025 2.97 0 90 0 0 0.7071068 0 0.7071068 13.8889 0
4.6410 Head 0 1.6 0.78 12.30001 314.1 0 0.09865184 -0.3876837 0.04177367 0.9155458
4.6410 FirstCar -15.54145 0.025 2.97 0 90 0 0 0.7071068 0 0.7071068 13.8889 0
4.6424 Head 0 1.6 0.78 12.30001 314.1 0 0.09865184 -0.3876837 0.04177367 0.9155458
4.6424 FirstCar -15.52209 0.025 2.97 0 90 0 0 0.7071068 0 0.7071068 13.8889 0
4.6438 Head 0 1.6 0.78 12.30001 314.1 0 0.09865184 -0.3876837 0.04177367 0.9155458
4.6438 FirstCar -15.50243 0.025 2.97 0 90 0 0 0.7071068 0 0.7071068 13.8889 0
4.6452 Head 0 1.6 0.78 12.30001 314.1 0 0.09865184 -0.3876837 0.04177367 0.9155458
4.6452 FirstCar -15.48297 0.025 2.97 0 90 0 0 0.7071068 0 0.7071068 13.8889 0
4.6470 Head 0 1.6 0.78 12.30001 314.1 0 0.09865184 -0.3876837 0.04177367 0.9155458
4.6470 FirstCar -15.4587 0.025 2.97 0 90 0 0 0.7071068 0 0.7071068 13.8889 0
4.6484 Head 0 1.6 0.78 12.30001 314.1 0 0.09865184 -0.3876837 0.04177367 0.9155458
4.6484 FirstCar -15.43842 0.025 2.97 0 90 0 0 0.7071068 0 0.7071068 13.8889 0
4.6498 Head 0 1.6 0.78 12.30001 314.1 0 0.09865184 -0.3876837 0.04177367 0.9155458
4.6498 FirstCar -15.41887 0.025 2.97 0 90 0 0 0.7071068 0 0.7071068 13.8889 0
4.6512 Head 0 1.6 0.78 12.30001 314.1 0 0.09865184 -0.3876837 0.04177367 0.9155458
4.6512 FirstCar -15.39928 0.025 2.97 0 90 0 0 0.7071068 0 0.7071068 13.8889 0
4.6526 Head 0 1.6 0.78 12.30001 314.1 0 0.09865184 -0.3876837 0.04177367 0.9155458
4.6526 FirstCar -15.37982 0.025 2.97 0 90 0 0 0.7071068 0 0.7071068 13.8889 0
4.6542 Head 0 1.6 0.78 12.30001 314.1 0 0.09865184 -0.3876837 0.04177367 0.9155458
4.6542 FirstCar -15.35789 0.025 2.97 0 90 0 0 0.7071068 0 0.7071068 13.8889 0
4.6558 Head 0 1.6 0.78 12.30001 314.1 0 0.09865184 -0.3876837 0.04177367 0.9155458
4.6558 FirstCar -15.33649 0.025 2.97 0 90 0 0 0.7071068 0 0.7071068 13.8889 0
4.6574 Head 0 1.6 0.78 12.30001 314.1 0 0.09865184 -0.3876837 0.04177367 0.9155458
4.6574 FirstCar -15.31369 0.025 2.97 0 90 0 0 0.7071068 0 0.7071068 13.8889 0
4.6588 Head 0 1.6 0.78 12.30001 314.1 0 0.09865184 -0.3876837 0.04177367 0.9155458
4.6588 FirstCar -15.29441 0.025 2.97 0 90 0 0 0.7071068 0 0.7071068 13.8889 0
4.6601 Head 0 1.6 0.78 12.30001 314.1 0 0.09865184 -0.3876837 0.04177367 0.9155458
4.6601 FirstCar -15.27607 0.025 2.97 0 90 0 0 0.7071068 0 0.7071068 13.8889 0
4.6615 Head 0 1.6 0.78 12.30001 314.1 0 0.09865184 -0.3876837 0.04177367 0.9155458
4.6615 FirstCar -15.25727 0.025 2.97 0 90 0 0 0.7071068 0 0.7071068 13.8889 0
4.6628 Head 0 1.6 0.78 12.30001 314.1 0 0.09865184 -0.3876837 0.04177367 0.9155458
4.6628 FirstCar -15.23905 0.025 2.97 0 90 0 0 0.7071068 0 0.7071068 13.8889 0
4.6643 Head 0 1.6 0.78 12.30001 314.1 0 0.09865184 -0.3876837 0.04177367 0.9155458
4.6643 FirstCar -15.21862 0.025 2.97 0 90 0 0 0.7071068 0 0.7071068 13.8889 0
4.6656 Head 0 1.6 0.78 12.30001 314.1 0 0.09865184 -0.3876837 0.04177367 0.9155458
4.6656 FirstCar -15.19936 0.025 2.97 0 90 0 0 0.7071068 0 0.7071068 13.8889 0
4.6673 Head 0 1.6 0.78 12.30001 314.1 0 0.09865184 -0.3876837 0.04177367 0.9155458
4.6673 FirstCar -15.1769 0.025 2.97 0 90 0 0 0.7071068 0 0.7071068 13.8889 0
4.6686 Head 0 1.6 0.78 12.30001 314.1 0 0.09865184 -0.3876837 0.04177367 0.9155458
4.6686 FirstCar -15.15798 0.025 2.97 0 90 0 0 0.7071068 0 0.7071068 13.8889 0
4.6700 Head 0 1.6 0.78 12.30001 314.1 0 0.09865184 -0.3876837 0.04177367 0.9155458
4.6700 FirstCar -15.13868 0.025 2.97 0 90 0 0 0.7071068 0 0.7071068 13.8889 0
4.6714 Head 0 1.6 0.78 12.30001 314.1 0 0.09865184 -0.3876837 0.04177367 0.9155458
4.6714 FirstCar -15.11925 0.025 2.97 0 90 0 0 0.7071068 0 0.7071068 13.8889 0
4.6729 Head 0 1.6 0.78 12.30001 314.1 0 0.09865184 -0.3876837 0.04177367 0.9155458
4.6729 FirstCar -15.09918 0.025 2.97 0 90 0 0 0.7071068 0 0.7071068 13.8889 0
4.6744 Head 0 1.6 0.78 12.30001 314.1 0 0.09865184 -0.3876837 0.04177367 0.9155458
4.6744 FirstCar -15.07842 0.025 2.97 0 90 0 0 0.7071068 0 0.7071068 13.8889 0
4.6758 Head 0 1.6 0.78 12.30001 314.1 0 0.09865184 -0.3876837 0.04177367 0.9155458
4.6758 FirstCar -15.05848 0.025 2.97 0 90 0 0 0.7071068 0 0.7071068 13.8889 0
4.6773 Head 0 1.6 0.78 12.30001 314.1 0 0.09865184 -0.3876837 0.04177367 0.9155458
4.6773 FirstCar -15.03791 0.025 2.97 0 90 0 0 0.7071068 0 0.7071068 13.8889 0
4.6787 Head 0 1.6 0.78 12.30001 314.1 0 0.09865184 -0.3876837 0.04177367 0.9155458
4.6787 FirstCar -15.01849 0.025 2.97 0 90 0 0 0.7071068 0 0.7071068 13.8889 0
4.6800 Head 0 1.6 0.78 12.30001 314.1 0 0.09865184 -0.3876837 0.04177367 0.9155458
4.6800 FirstCar -14.9997 0.025 2.97 0 90 0 0 0.7071068 0 0.7071068 13.8889 0
4.6813 Head 0 1.6 0.78 12.30001 314.1 0 0.09865184 -0.3876837 0.04177367 0.9155458
4.6813 FirstCar -14.98128 0.025 2.97 0 90 0 0 0.7071068 0 0.7071068 13.8889 0
4.6827 Head 0 1.6 0.78 12.30001 314.1 0 0.09865184 -0.3876837 0.04177367 0.9155458
4.6827 FirstCar -14.96249 0.025 2.97 0 90 0 0 0.7071068 0 0.7071068 13.8889 0
4.6841 Head 0 1.6 0.78 12.30001 314.1 0 0.09865184 -0.3876837 0.04177367 0.9155458
4.6841 FirstCar -14.94304 0.025 2.97 0 90 0 0 0.7071068 0 0.7071068 13.8889 0
4.6858 Head 0 1.6 0.78 12.30001 314.1 0 0.09865184 -0.3876837 0.04177367 0.9155458
4.6858 FirstCar -14.91921 0.025 2.97 0 90 0 0 0.7071068 0 0.7071068 13.8889 0
4.6876 Head 0 1.6 0.78 12.30001 314.1 0 0.09865184 -0.3876837 0.04177367 0.9155458
4.6876 FirstCar -14.89432 0.025 2.97 0 90 0 0 0.7071068 0 0.7071068 13.8889 0
4.6891 Head 0 1.6 0.78 12.30001 314.1 0 0.09865184 -0.3876837 0.04177367 0.9155458
4.6891 FirstCar -14.87335 0.025 2.97 0 90 0 0 0.7071068 0 0.7071068 13.8889 0
4.6905 Head 0 1.6 0.78 12.30001 314.1 0 0.09865184 -0.3876837 0.04177367 0.9155458
4.6905 FirstCar -14.85408 0.025 2.97 0 90 0 0 0.7071068 0 0.7071068 13.8889 0
4.6919 Head 0 1.6 0.78 12.30001 314.1 0 0.09865184 -0.3876837 0.04177367 0.9155458
4.6919 FirstCar -14.83537 0.025 2.97 0 90 0 0 0.7071068 0 0.7071068 13.8889 0
4.6932 Head 0 1.6 0.78 12.30001 314.1 0 0.09865184 -0.3876837 0.04177367 0.9155458
4.6932 FirstCar -14.81676 0.025 2.97 0 90 0 0 0.7071068 0 0.7071068 13.8889 0
4.6951 Head 0 1.6 0.78 12.30001 314.1 0 0.09865184 -0.3876837 0.04177367 0.9155458
4.6951 FirstCar -14.78984 0.025 2.97 0 90 0 0 0.7071068 0 0.7071068 13.8889 0
4.6971 Head 0 1.6 0.78 12.30001 314.1 0 0.09865184 -0.3876837 0.04177367 0.9155458
4.6971 FirstCar -14.76315 0.025 2.97 0 90 0 0 0.7071068 0 0.7071068 13.8889 0
4.6987 Head 0 1.6 0.78 12.30001 314.1 0 0.09865184 -0.3876837 0.04177367 0.9155458
4.6987 FirstCar -14.7402 0.025 2.97 0 90 0 0 0.7071068 0 0.7071068 13.8889 0
4.7004 Head 0 1.6 0.78 12.30001 314.1 0 0.09865184 -0.3876837 0.04177367 0.9155458
4.7004 FirstCar -14.71635 0.025 2.97 0 90 0 0 0.7071068 0 0.7071068 13.8889 0
4.7023 Head 0 1.6 0.78 12.30001 314.1 0 0.09865184 -0.3876837 0.04177367 0.9155458
4.7023 FirstCar -14.68977 0.025 2.97 0 90 0 0 0.7071068 0 0.7071068 13.8889 0
4.7043 Head 0 1.6 0.78 12.30001 314.1 0 0.09865184 -0.3876837 0.04177367 0.9155458
4.7043 FirstCar -14.66276 0.025 2.97 0 90 0 0 0.7071068 0 0.7071068 13.8889 0
4.7061 Head 0 1.6 0.78 12.30001 314.1 0 0.09865184 -0.3876837 0.04177367 0.9155458
4.7061 FirstCar -14.63699 0.025 2.97 0 90 0 0 0.7071068 0 0.7071068 13.8889 0
4.7080 Head 0 1.6 0.78 12.30001 314.1 0 0.09865184 -0.3876837 0.04177367 0.9155458
4.7080 FirstCar -14.61075 0.025 2.97 0 90 0 0 0.7071068 0 0.7071068 13.8889 0
4.7095 Head 0 1.6 0.78 12.30001 314.1 0 0.09865184 -0.3876837 0.04177367 0.9155458
4.7095 FirstCar -14.59066 0.025 2.97 0 90 0 0 0.7071068 0 0.7071068 13.8889 0
4.7110 Head 0 1.6 0.78 12.30001 314.1 0 0.09865184 -0.3876837 0.04177367 0.9155458
4.7110 FirstCar -14.56885 0.025 2.97 0 90 0 0 0.7071068 0 0.7071068 13.8889 0
4.7126 Head 0 1.6 0.78 12.30001 314.1 0 0.09865184 -0.3876837 0.04177367 0.9155458
4.7126 FirstCar -14.5471 0.025 2.97 0 90 0 0 0.7071068 0 0.7071068 13.8889 0
4.7140 Head 0 1.6 0.78 12.30001 314.1 0 0.09865184 -0.3876837 0.04177367 0.9155458
4.7140 FirstCar -14.52725 0.025 2.97 0 90 0 0 0.7071068 0 0.7071068 13.8889 0
4.7154 Head 0 1.6 0.78 12.30001 314.1 0 0.09865184 -0.3876837 0.04177367 0.9155458
4.7154 FirstCar -14.50788 0.025 2.97 0 90 0 0 0.7071068 0 0.7071068 13.8889 0
4.7168 Head 0 1.6 0.78 12.30001 314.1 0 0.09865184 -0.3876837 0.04177367 0.9155458
4.7168 FirstCar -14.4884 0.025 2.97 0 90 0 0 0.7071068 0 0.7071068 13.8889 0
4.7183 Head 0 1.6 0.78 12.30001 314.1 0 0.09865184 -0.3876837 0.04177367 0.9155458
4.7183 FirstCar -14.46858 0.025 2.97 0 90 0 0 0.7071068 0 0.7071068 13.8889 0
4.7196 Head 0 1.6 0.78 12.30001 314.1 0 0.09865184 -0.3876837 0.04177367 0.9155458
4.7196 FirstCar -14.44988 0.025 2.97 0 90 0 0 0.7071068 0 0.7071068 13.8889 0
4.7210 Head 0 1.6 0.78 12.30001 314.1 0 0.09865184 -0.3876837 0.04177367 0.9155458
4.7210 FirstCar -14.43057 0.025 2.97 0 90 0 0 0.7071068 0 0.7071068 13.8889 0
4.7223 Head 0 1.6 0.78 12.30001 314.1 0 0.09865184 -0.3876837 0.04177367 0.9155458
4.7223 FirstCar -14.4122 0.025 2.97 0 90 0 0 0.7071068 0 0.7071068 13.8889 0
4.7237 Head 0 1.6 0.78 12.30001 314.1 0 0.09865184 -0.3876837 0.04177367 0.9155458
4.7237 FirstCar -14.39305 0.025 2.97 0 90 0 0 0.7071068 0 0.7071068 13.8889 0
4.7251 Head 0 1.6 0.78 12.30001 314.1 0 0.09865184 -0.3876837 0.04177367 0.9155458
4.7251 FirstCar -14.37339 0.025 2.97 0 90 0 0 0.7071068 0 0.7071068 13.8889 0
4.7268 Head 0 1.6 0.78 12.30001 314.1 0 0.09865184 -0.3876837 0.04177367 0.9155458
4.7268 FirstCar -14.35007 0.025 2.97 0 90 0 0 0.7071068 0 0.7071068 13.8889 0
4.7284 Head 0 1.6 0.78 12.30001 314.1 0 0.09865184 -0.3876837 0.04177367 0.9155458
4.7284 FirstCar -14.32786 0.025 2.97 0 90 0 0 0.7071068 0 0.7071068 13.8889 0
4.7298 Head 0 1.6 0.78 12.30001 314.1 0 0.09865184 -0.3876837 0.04177367 0.9155458
4.7298 FirstCar -14.30823 0.025 2.97 0 90 0 0 0.7071068 0 0.7071068 13.8889 0
4.7313 Head 0 1.6 0.78 12.30001 314.1 0 0.09865184 -0.3876837 0.04177367 0.9155458
4.7313 FirstCar -14.28779 0.025 2.97 0 90 0 0 0.7071068 0 0.7071068 13.8889 0
4.7327 Head 0 1.6 0.78 12.30001 314.1 0 0.09865184 -0.3876837 0.04177367 0.9155458
4.7327 FirstCar -14.26769 0.025 2.97 0 90 0 0 0.7071068 0 0.7071068 13.8889 0
4.7342 Head 0 1.6 0.78 12.30001 314.1 0 0.09865184 -0.3876837 0.04177367 0.9155458
4.7342 FirstCar -14.24698 0.025 2.97 0 90 0 0 0.7071068 0 0.7071068 13.8889 0
4.7360 Head 0 1.6 0.78 12.30001 314.1 0 0.09865184 -0.3876837 0.04177367 0.9155458
4.7360 FirstCar -14.22283 0.025 2.97 0 90 0 0 0.7071068 0 0.7071068 13.8889 0
4.7377 Head 0 1.6 0.78 12.30001 314.1 0 0.09865184 -0.3876837 0.04177367 0.9155458
4.7377 FirstCar -14.19879 0.025 2.97 0 90 0 0 0.7071068 0 0.7071068 13.8889 0
4.7392 Head 0 1.6 0.78 12.30001 314.1 0 0.09865184 -0.3876837 0.04177367 0.9155458
4.7392 FirstCar -14.17801 0.025 2.97 0 90 0 0 0.7071068 0 0.7071068 13.8889 0
4.7406 Head 0 1.6 0.78 12.30001 314.1 0 0.09865184 -0.3876837 0.04177367 0.9155458
4.7406 FirstCar -14.15878 0.025 2.97 0 90 0 0 0.7071068 0 0.7071068 13.8889 0
4.7419 Head 0 1.6 0.78 12.30001 314.1 0 0.09865184 -0.3876837 0.04177367 0.9155458
4.7419 FirstCar -14.1406 0.025 2.97 0 90 0 0 0.7071068 0 0.7071068 13.8889 0
4.7433 Head 0 1.6 0.78 12.30001 314.1 0 0.09865184 -0.3876837 0.04177367 0.9155458
4.7433 FirstCar -14.12102 0.025 2.97 0 90 0 0 0.7071068 0 0.7071068 13.8889 0
4.7446 Head 0 1.6 0.78 12.30001 314.1 0 0.09865184 -0.3876837 0.04177367 0.9155458
4.7446 FirstCar -14.10252 0.025 2.97 0 90 0 0 0.7071068 0 0.7071068 13.8889 0
4.7460 Head 0 1.6 0.78 12.30001 314.1 0 0.09865184 -0.3876837 0.04177367 0.9155458
4.7460 FirstCar -14.0837 0.025 2.97 0 90 0 0 0.7071068 0 0.7071068 13.8889 0
4.7475 Head 0 1.6 0.78 12.30001 314.1 0 0.09865184 -0.3876837 0.04177367 0.9155458
4.7475 FirstCar -14.0622 0.025 2.97 0 90 0 0 0.7071068 0 0.7071068 13.8889 0
4.7489 Head 0 1.6 0.78 12.30001 314.1 0 0.09865184 -0.3876837 0.04177367 0.9155458
4.7489 FirstCar -14.04254 0.025 2.97 0 90 0 0 0.7071068 0 0.7071068 13.8889 0
4.7503 Head 0 1.6 0.78 12.30001 314.1 0 0.09865184 -0.3876837 0.04177367 0.9155458
4.7503 FirstCar -14.02386 0.025 2.97 0 90 0 0 0.7071068 0 0.7071068 13.8889 0
4.7516 Head 0 1.6 0.78 12.30001 314.1 0 0.09865184 -0.3876837 0.04177367 0.9155458
4.7516 FirstCar -14.00523 0.025 2.97 0 90 0 0 0.7071068 0 0.7071068 13.8889 0
4.7531 Head 0 1.6 0.78 12.30001 314.1 0 0.09865184 -0.3876837 0.04177367 0.9155458
4.7531 FirstCar -13.9846 0.025 2.97 0 90 0 0 0.7071068 0 0.7071068 13.8889 0
4.7546 Head 0 1.6 0.78 12.30001 314.1 0 0.09865184 -0.3876837 0.04177367 0.9155458
4.7546 FirstCar -13.96387 0.025 2.97 0 90 0 0 0.7071068 0 0.7071068 13.8889 0
4.7561 Head 0 1.6 0.78 12.30001 314.1 0 0.09865184 -0.3876837 0.04177367 0.9155458
4.7561 FirstCar -13.94244 0.025 2.97 0 90 0 0 0.7071068 0 0.7071068 13.8889 0
4.7577 Head 0 1.6 0.78 12.30001 314.1 0 0.09865184 -0.3876837 0.04177367 0.9155458
4.7577 FirstCar -13.92051 0.025 2.97 0 90 0 0 0.7071068 0 0.7071068 13.8889 0
4.7592 Head 0 1.6 0.78 12.30001 314.1 0 0.09865184 -0.3876837 0.04177367 0.9155458
4.7592 FirstCar -13.9002 0.025 2.97 0 90 0 0 0.7071068 0 0.7071068 13.8889 0
4.7608 Head 0 1.6 0.78 12.30001 314.1 0 0.09865184 -0.3876837 0.04177367 0.9155458
4.7608 FirstCar -13.87768 0.025 2.97 0 90 0 0 0.7071068 0 0.7071068 13.8889 0
4.7625 Head 0 1.6 0.78 12.30001 314.1 0 0.09865184 -0.3876837 0.04177367 0.9155458
4.7625 FirstCar -13.85419 0.025 2.97 0 90 0 0 0.7071068 0 0.7071068 13.8889 0
4.7641 Head 0 1.6 0.78 12.30001 314.1 0 0.09865184 -0.3876837 0.04177367 0.9155458
4.7641 FirstCar -13.83214 0.025 2.97 0 90 0 0 0.7071068 0 0.7071068 13.8889 0
4.7658 Head 0 1.6 0.78 12.30001 314.1 0 0.09865184 -0.3876837 0.04177367 0.9155458
4.7658 FirstCar -13.80786 0.025 2.97 0 90 0 0 0.7071068 0 0.7071068 13.8889 0
4.7681 Head 0 1.6 0.78 12.30001 314.1 0 0.09865184 -0.3876837 0.04177367 0.9155458
4.7681 FirstCar -13.77665 0.025 2.97 0 90 0 0 0.7071068 0 0.7071068 13.8889 0
4.7698 Head 0 1.6 0.78 12.30001 314.1 0 0.09865184 -0.3876837 0.04177367 0.9155458
4.7698 FirstCar -13.75331 0.025 2.97 0 90 0 0 0.7071068 0 0.7071068 13.8889 0
4.7715 Head 0 1.6 0.78 12.30001 314.1 0 0.09865184 -0.3876837 0.04177367 0.9155458
4.7715 FirstCar -13.72955 0.025 2.97 0 90 0 0 0.7071068 0 0.7071068 13.8889 0
4.7731 Head 0 1.6 0.78 12.30001 314.1 0 0.09865184 -0.3876837 0.04177367 0.9155458
4.7731 FirstCar -13.70747 0.025 2.97 0 90 0 0 0.7071068 0 0.7071068 13.8889 0
4.7745 Head 0 1.6 0.78 12.30001 314.1 0 0.09865184 -0.3876837 0.04177367 0.9155458
4.7745 FirstCar -13.68758 0.025 2.97 0 90 0 0 0.7071068 0 0.7071068 13.8889 0
4.7760 Head 0 1.6 0.78 12.30001 314.1 0 0.09865184 -0.3876837 0.04177367 0.9155458
4.7760 FirstCar -13.66618 0.025 2.97 0 90 0 0 0.7071068 0 0.7071068 13.8889 0
4.7775 Head 0 1.6 0.78 12.30001 314.1 0 0.09865184 -0.3876837 0.04177367 0.9155458
4.7775 FirstCar -13.64645 0.025 2.97 0 90 0 0 0.7071068 0 0.7071068 13.8889 0
4.7788 Head 0 1.6 0.78 12.30001 314.1 0 0.09865184 -0.3876837 0.04177367 0.9155458
4.7788 FirstCar -13.62723 0.025 2.97 0 90 0 0 0.7071068 0 0.7071068 13.8889 0
4.7802 Head 0 1.6 0.78 12.30001 314.1 0 0.09865184 -0.3876837 0.04177367 0.9155458
4.7802 FirstCar -13.60881 0.025 2.97 0 90 0 0 0.7071068 0 0.7071068 13.8889 0
4.7815 Head 0 1.6 0.78 12.30001 314.1 0 0.09865184 -0.3876837 0.04177367 0.9155458
4.7815 FirstCar -13.59047 0.025 2.97 0 90 0 0 0.7071068 0 0.7071068 13.8889 0
4.7828 Head 0 1.6 0.78 12.30001 314.1 0 0.09865184 -0.3876837 0.04177367 0.9155458
4.7828 FirstCar -13.57186 0.025 2.97 0 90 0 0 0.7071068 0 0.7071068 13.8889 0
4.7841 Head 0 1.6 0.78 12.30001 314.1 0 0.09865184 -0.3876837 0.04177367 0.9155458
4.7841 FirstCar -13.55373 0.025 2.97 0 90 0 0 0.7071068 0 0.7071068 13.8889 0
4.7856 Head 0 1.6 0.78 12.30001 314.1 0 0.09865184 -0.3876837 0.04177367 0.9155458
4.7856 FirstCar -13.53293 0.025 2.97 0 90 0 0 0.7071068 0 0.7071068 13.8889 0
4.7873 Head 0 1.6 0.78 12.30001 314.1 0 0.09865184 -0.3876837 0.04177367 0.9155458
4.7873 FirstCar -13.50965 0.025 2.97 0 90 0 0 0.7071068 0 0.7071068 13.8889 0
4.7887 Head 0 1.6 0.78 12.30001 314.1 0 0.09865184 -0.3876837 0.04177367 0.9155458
4.7887 FirstCar -13.48988 0.025 2.97 0 90 0 0 0.7071068 0 0.7071068 13.8889 0
4.7901 Head 0 1.6 0.78 12.30001 314.1 0 0.09865184 -0.3876837 0.04177367 0.9155458
4.7901 FirstCar -13.47119 0.025 2.97 0 90 0 0 0.7071068 0 0.7071068 13.8889 0
4.7914 Head 0 1.6 0.78 12.30001 314.1 0 0.09865184 -0.3876837 0.04177367 0.9155458
4.7914 FirstCar -13.45272 0.025 2.97 0 90 0 0 0.7071068 0 0.7071068 13.8889 0
4.7928 Head 0 1.6 0.78 12.30001 314.1 0 0.09865184 -0.3876837 0.04177367 0.9155458
4.7928 FirstCar -13.43379 0.025 2.97 0 90 0 0 0.7071068 0 0.7071068 13.8889 0
4.7942 Head 0 1.6 0.78 12.30001 314.1 0 0.09865184 -0.3876837 0.04177367 0.9155458
4.7942 FirstCar -13.4136 0.025 2.97 0 90 0 0 0.7071068 0 0.7071068 13.8889 0
4.7957 Head 0 1.6 0.78 12.30001 314.1 0 0.09865184 -0.3876837 0.04177367 0.9155458
4.7957 FirstCar -13.39273 0.025 2.97 0 90 0 0 0.7071068 0 0.7071068 13.8889 0
4.7973 Head 0 1.6 0.78 12.30001 314.1 0 0.09865184 -0.3876837 0.04177367 0.9155458
4.7973 FirstCar -13.37107 0.025 2.97 0 90 0 0 0.7071068 0 0.7071068 13.8889 0
4.7989 Head 0 1.6 0.78 12.30001 314.1 0 0.09865184 -0.3876837 0.04177367 0.9155458
4.7989 FirstCar -13.34869 0.025 2.97 0 90 0 0 0.7071068 0 0.7071068 13.8889 0
4.8005 Head 0 1.6 0.78 12.30001 314.1 0 0.09865184 -0.3876837 0.04177367 0.9155458
4.8005 FirstCar -13.32689 0.025 2.97 0 90 0 0 0.7071068 0 0.7071068 13.8889 0
4.8019 Head 0 1.6 0.78 12.30001 314.1 0 0.09865184 -0.3876837 0.04177367 0.9155458
4.8019 FirstCar -13.30727 0.025 2.97 0 90 0 0 0.7071068 0 0.7071068 13.8889 0
4.8033 Head 0 1.6 0.78 12.30001 314.1 0 0.09865184 -0.3876837 0.04177367 0.9155458
4.8033 FirstCar -13.28725 0.025 2.97 0 90 0 0 0.7071068 0 0.7071068 13.8889 0
4.8048 Head 0 1.6 0.78 12.30001 314.1 0 0.09865184 -0.3876837 0.04177367 0.9155458
4.8048 FirstCar -13.26706 0.025 2.97 0 90 0 0 0.7071068 0 0.7071068 13.8889 0
4.8062 Head 0 1.6 0.78 12.30001 314.1 0 0.09865184 -0.3876837 0.04177367 0.9155458
4.8062 FirstCar -13.24771 0.025 2.97 0 90 0 0 0.7071068 0 0.7071068 13.8889 0
4.8077 Head 0 1.6 0.78 12.30001 314.1 0 0.09865184 -0.3876837 0.04177367 0.9155458
4.8077 FirstCar -13.2264 0.025 2.97 0 90 0 0 0.7071068 0 0.7071068 13.8889 0
4.8090 Head 0 1.6 0.78 12.30001 314.1 0 0.09865184 -0.3876837 0.04177367 0.9155458
4.8090 FirstCar -13.20793 0.025 2.97 0 90 0 0 0.7071068 0 0.7071068 13.8889 0
4.8104 Head 0 1.6 0.78 12.30001 314.1 0 0.09865184 -0.3876837 0.04177367 0.9155458
4.8104 FirstCar -13.18852 0.025 2.97 0 90 0 0 0.7071068 0 0.7071068 13.8889 0
4.8118 Head 0 1.6 0.78 12.30001 314.1 0 0.09865184 -0.3876837 0.04177367 0.9155458
4.8118 FirstCar -13.16982 0.025 2.97 0 90 0 0 0.7071068 0 0.7071068 13.8889 0
4.8131 Head 0 1.6 0.78 12.30001 314.1 0 0.09865184 -0.3876837 0.04177367 0.9155458
4.8131 FirstCar -13.15088 0.025 2.97 0 90 0 0 0.7071068 0 0.7071068 13.8889 0
4.8145 Head 0 1.6 0.78 12.30001 314.1 0 0.09865184 -0.3876837 0.04177367 0.9155458
4.8145 FirstCar -13.13175 0.025 2.97 0 90 0 0 0.7071068 0 0.7071068 13.8889 0
4.8159 Head 0 1.6 0.78 12.30001 314.1 0 0.09865184 -0.3876837 0.04177367 0.9155458
4.8159 FirstCar -13.11292 0.025 2.97 0 90 0 0 0.7071068 0 0.7071068 13.8889 0
4.8173 Head 0 1.6 0.78 12.30001 314.1 0 0.09865184 -0.3876837 0.04177367 0.9155458
4.8173 FirstCar -13.09369 0.025 2.97 0 90 0 0 0.7071068 0 0.7071068 13.8889 0
4.8186 Head 0 1.6 0.78 12.30001 314.1 0 0.09865184 -0.3876837 0.04177367 0.9155458
4.8186 FirstCar -13.07473 0.025 2.97 0 90 0 0 0.7071068 0 0.7071068 13.8889 0
4.8201 Head 0 1.6 0.78 12.30001 314.1 0 0.09865184 -0.3876837 0.04177367 0.9155458
4.8201 FirstCar -13.05419 0.025 2.97 0 90 0 0 0.7071068 0 0.7071068 13.8889 0
4.8216 Head 0 1.6 0.78 12.30001 314.1 0 0.09865184 -0.3876837 0.04177367 0.9155458
4.8216 FirstCar -13.03335 0.025 2.97 0 90 0 0 0.7071068 0 0.7071068 13.8889 0
4.8230 Head 0 1.6 0.78 12.30001 314.1 0 0.09865184 -0.3876837 0.04177367 0.9155458
4.8230 FirstCar -13.01358 0.025 2.97 0 90 0 0 0.7071068 0 0.7071068 13.8889 0
4.8245 Head 0 1.6 0.78 12.30001 314.1 0 0.09865184 -0.3876837 0.04177367 0.9155458
4.8245 FirstCar -12.99351 0.025 2.97 0 90 0 0 0.7071068 0 0.7071068 13.8889 0
4.8261 Head 0 1.6 0.78 12.30001 314.1 0 0.09865184 -0.3876837 0.04177367 0.9155458
4.8261 FirstCar -12.97041 0.025 2.97 0 90 0 0 0.7071068 0 0.7071068 13.8889 0
4.8285 Head 0 1.6 0.78 12.30001 314.1 0 0.09865184 -0.3876837 0.04177367 0.9155458
4.8285 FirstCar -12.93725 0.025 2.97 0 90 0 0 0.7071068 0 0.7071068 13.8889 0
4.8304 Head 0 1.6 0.78 12.30001 314.1 0 0.09865184 -0.3876837 0.04177367 0.9155458
4.8304 FirstCar -12.91105 0.025 2.97 0 90 0 0 0.7071068 0 0.7071068 13.8889 0
4.8323 Head 0 1.6 0.78 12.30001 314.1 0 0.09865184 -0.3876837 0.04177367 0.9155458
4.8323 FirstCar -12.88495 0.025 2.97 0 90 0 0 0.7071068 0 0.7071068 13.8889 0
4.8339 Head 0 1.6 0.78 12.30001 314.1 0 0.09865184 -0.3876837 0.04177367 0.9155458
4.8339 FirstCar -12.86289 0.025 2.97 0 90 0 0 0.7071068 0 0.7071068 13.8889 0
4.8356 Head 0 1.6 0.78 12.30001 314.1 0 0.09865184 -0.3876837 0.04177367 0.9155458
4.8356 FirstCar -12.83885 0.025 2.97 0 90 0 0 0.7071068 0 0.7071068 13.8889 0
4.8374 Head 0 1.6 0.78 12.30001 314.1 0 0.09865184 -0.3876837 0.04177367 0.9155458
4.8374 FirstCar -12.81409 0.025 2.97 0 90 0 0 0.7071068 0 0.7071068 13.8889 0
4.8390 Head 0 1.6 0.78 12.30001 314.1 0 0.09865184 -0.3876837 0.04177367 0.9155458
4.8390 FirstCar -12.79192 0.025 2.97 0 90 0 0 0.7071068 0 0.7071068 13.8889 0
4.8406 Head 0 1.6 0.78 12.30001 314.1 0 0.09865184 -0.3876837 0.04177367 0.9155458
4.8406 FirstCar -12.76977 0.025 2.97 0 90 0 0 0.7071068 0 0.7071068 13.8889 0
4.8421 Head 0 1.6 0.78 12.30001 314.1 0 0.09865184 -0.3876837 0.04177367 0.9155458
4.8421 FirstCar -12.74887 0.025 2.97 0 90 0 0 0.7071068 0 0.7071068 13.8889 0
4.8435 Head 0 1.6 0.78 12.30001 314.1 0 0.09865184 -0.3876837 0.04177367 0.9155458
4.8435 FirstCar -12.72901 0.025 2.97 0 90 0 0 0.7071068 0 0.7071068 13.8889 0
4.8449 Head 0 1.6 0.78 12.30001 314.1 0 0.09865184 -0.3876837 0.04177367 0.9155458
4.8449 FirstCar -12.70959 0.025 2.97 0 90 0 0 0.7071068 0 0.7071068 13.8889 0
4.8466 Head 0 1.6 0.78 12.30001 314.1 0 0.09865184 -0.3876837 0.04177367 0.9155458
4.8466 FirstCar -12.68668 0.025 2.97 0 90 0 0 0.7071068 0 0.7071068 13.8889 0
4.8480 Head 0 1.6 0.78 12.30001 314.1 0 0.09865184 -0.3876837 0.04177367 0.9155458
4.8480 FirstCar -12.66657 0.025 2.97 0 90 0 0 0.7071068 0 0.7071068 13.8889 0
4.8494 Head 0 1.6 0.78 12.30001 314.1 0 0.09865184 -0.3876837 0.04177367 0.9155458
4.8494 FirstCar -12.64674 0.025 2.97 0 90 0 0 0.7071068 0 0.7071068 13.8889 0
4.8508 Head 0 1.6 0.78 12.30001 314.1 0 0.09865184 -0.3876837 0.04177367 0.9155458
4.8508 FirstCar -12.62752 0.025 2.97 0 90 0 0 0.7071068 0 0.7071068 13.8889 0
4.8521 Head 0 1.6 0.78 12.30001 314.1 0 0.09865184 -0.3876837 0.04177367 0.9155458
4.8521 FirstCar -12.60924 0.025 2.97 0 90 0 0 0.7071068 0 0.7071068 13.8889 0
4.8535 Head 0 1.6 0.78 12.30001 314.1 0 0.09865184 -0.3876837 0.04177367 0.9155458
4.8535 FirstCar -12.58992 0.025 2.97 0 90 0 0 0.7071068 0 0.7071068 13.8889 0
4.8550 Head 0 1.6 0.78 12.30001 314.1 0 0.09865184 -0.3876837 0.04177367 0.9155458
4.8550 FirstCar -12.56973 0.025 2.97 0 90 0 0 0.7071068 0 0.7071068 13.8889 0
4.8565 Head 0 1.6 0.78 12.30001 314.1 0 0.09865184 -0.3876837 0.04177367 0.9155458
4.8565 FirstCar -12.54812 0.025 2.97 0 90 0 0 0.7071068 0 0.7071068 13.8889 0
4.8581 Head 0 1.6 0.78 12.30001 314.1 0 0.09865184 -0.3876837 0.04177367 0.9155458
4.8581 FirstCar -12.52639 0.025 2.97 0 90 0 0 0.7071068 0 0.7071068 13.8889 0
4.8596 Head 0 1.6 0.78 12.30001 314.1 0 0.09865184 -0.3876837 0.04177367 0.9155458
4.8596 FirstCar -12.50501 0.025 2.97 0 90 0 0 0.7071068 0 0.7071068 13.8889 0
4.8612 Head 0 1.6 0.78 12.30001 314.1 0 0.09865184 -0.3876837 0.04177367 0.9155458
4.8612 FirstCar -12.48379 0.025 2.97 0 90 0 0 0.7071068 0 0.7071068 13.8889 0
4.8629 Head 0 1.6 0.78 12.30001 314.1 0 0.09865184 -0.3876837 0.04177367 0.9155458
4.8629 FirstCar -12.45962 0.025 2.97 0 90 0 0 0.7071068 0 0.7071068 13.8889 0
4.8645 Head 0 1.6 0.78 12.30001 314.1 0 0.09865184 -0.3876837 0.04177367 0.9155458
4.8645 FirstCar -12.43693 0.025 2.97 0 90 0 0 0.7071068 0 0.7071068 13.8889 0
4.8660 Head 0 1.6 0.78 12.30001 314.1 0 0.09865184 -0.3876837 0.04177367 0.9155458
4.8660 FirstCar -12.41644 0.025 2.97 0 90 0 0 0.7071068 0 0.7071068 13.8889 0
4.8677 Head 0 1.6 0.78 12.30001 314.1 0 0.09865184 -0.3876837 0.04177367 0.9155458
4.8677 FirstCar -12.39365 0.025 2.97 0 90 0 0 0.7071068 0 0.7071068 13.8889 0
4.8691 Head 0 1.6 0.78 12.30001 314.1 0 0.09865184 -0.3876837 0.04177367 0.9155458
4.8691 FirstCar -12.37366 0.025 2.97 0 90 0 0 0.7071068 0 0.7071068 13.8889 0
4.8705 Head 0 1.6 0.78 12.30001 314.1 0 0.09865184 -0.3876837 0.04177367 0.9155458
4.8705 FirstCar -12.35422 0.025 2.97 0 90 0 0 0.7071068 0 0.7071068 13.8889 0
4.8719 Head 0 1.6 0.78 12.30001 314.1 0 0.09865184 -0.3876837 0.04177367 0.9155458
4.8719 FirstCar -12.33532 0.025 2.97 0 90 0 0 0.7071068 0 0.7071068 13.8889 0
4.8732 Head 0 1.6 0.78 12.30001 314.1 0 0.09865184 -0.3876837 0.04177367 0.9155458
4.8732 FirstCar -12.31605 0.025 2.97 0 90 0 0 0.7071068 0 0.7071068 13.8889 0
4.8746 Head 0 1.6 0.78 12.30001 314.1 0 0.09865184 -0.3876837 0.04177367 0.9155458
4.8746 FirstCar -12.29712 0.025 2.97 0 90 0 0 0.7071068 0 0.7071068 13.8889 0
4.8761 Head 0 1.6 0.78 12.30001 314.1 0 0.09865184 -0.3876837 0.04177367 0.9155458
4.8761 FirstCar -12.27689 0.025 2.97 0 90 0 0 0.7071068 0 0.7071068 13.8889 0
4.8775 Head 0 1.6 0.78 12.30001 314.1 0 0.09865184 -0.3876837 0.04177367 0.9155458
4.8775 FirstCar -12.25759 0.025 2.97 0 90 0 0 0.7071068 0 0.7071068 13.8889 0
4.8788 Head 0 1.6 0.78 12.30001 314.1 0 0.09865184 -0.3876837 0.04177367 0.9155458
4.8788 FirstCar -12.23911 0.025 2.97 0 90 0 0 0.7071068 0 0.7071068 13.8889 0
4.8801 Head 0 1.6 0.78 12.30001 314.1 0 0.09865184 -0.3876837 0.04177367 0.9155458
4.8801 FirstCar -12.22023 0.025 2.97 0 90 0 0 0.7071068 0 0.7071068 13.8889 0
4.8815 Head 0 1.6 0.78 12.30001 314.1 0 0.09865184 -0.3876837 0.04177367 0.9155458
4.8815 FirstCar -12.202 0.025 2.97 0 90 0 0 0.7071068 0 0.7071068 13.8889 0
4.8828 Head 0 1.6 0.78 12.30001 314.1 0 0.09865184 -0.3876837 0.04177367 0.9155458
4.8828 FirstCar -12.1839 0.025 2.97 0 90 0 0 0.7071068 0 0.7071068 13.8889 0
4.8841 Head 0 1.6 0.78 12.30001 314.1 0 0.09865184 -0.3876837 0.04177367 0.9155458
4.8841 FirstCar -12.1655 0.025 2.97 0 90 0 0 0.7071068 0 0.7071068 13.8889 0
4.8855 Head 0 1.6 0.78 12.30001 314.1 0 0.09865184 -0.3876837 0.04177367 0.9155458
4.8855 FirstCar -12.14639 0.025 2.97 0 90 0 0 0.7071068 0 0.7071068 13.8889 0
4.8873 Head 0 1.6 0.78 12.30001 314.1 0 0.09865184 -0.3876837 0.04177367 0.9155458
4.8873 FirstCar -12.12142 0.025 2.97 0 90 0 0 0.7071068 0 0.7071068 13.8889 0
4.8889 Head 0 1.6 0.78 12.30001 314.1 0 0.09865184 -0.3876837 0.04177367 0.9155458
4.8889 FirstCar -12.0987 0.025 2.97 0 90 0 0 0.7071068 0 0.7071068 13.8889 0
4.8905 Head 0 1.6 0.78 12.30001 314.1 0 0.09865184 -0.3876837 0.04177367 0.9155458
4.8905 FirstCar -12.07635 0.025 2.97 0 90 0 0 0.7071068 0 0.7071068 13.8889 0
4.8921 Head 0 1.6 0.78 12.30001 314.1 0 0.09865184 -0.3876837 0.04177367 0.9155458
4.8921 FirstCar -12.05463 0.025 2.97 0 90 0 0 0.7071068 0 0.7071068 13.8889 0
4.8935 Head 0 1.6 0.78 12.30001 314.1 0 0.09865184 -0.3876837 0.04177367 0.9155458
4.8935 FirstCar -12.03459 0.025 2.97 0 90 0 0 0.7071068 0 0.7071068 13.8889 0
4.8949 Head 0 1.6 0.78 12.30001 314.1 0 0.09865184 -0.3876837 0.04177367 0.9155458
4.8949 FirstCar -12.01523 0.025 2.97 0 90 0 0 0.7071068 0 0.7071068 13.8889 0
4.8963 Head 0 1.6 0.78 12.30001 314.1 0 0.09865184 -0.3876837 0.04177367 0.9155458
4.8963 FirstCar -11.99545 0.025 2.97 0 90 0 0 0.7071068 0 0.7071068 13.8889 0
4.8980 Head 0 1.6 0.78 12.30001 314.1 0 0.09865184 -0.3876837 0.04177367 0.9155458
4.8980 FirstCar -11.9727 0.025 2.97 0 90 0 0 0.7071068 0 0.7071068 13.8889 0
4.8999 Head 0 1.6 0.78 12.30001 314.1 0 0.09865184 -0.3876837 0.04177367 0.9155458
4.8999 FirstCar -11.94602 0.025 2.97 0 90 0 0 0.7071068 0 0.7071068 13.8889 0
4.9020 Head 0 1.6 0.78 12.30001 314.1 0 0.09865184 -0.3876837 0.04177367 0.9155458
4.9020 FirstCar -11.91717 0.025 2.97 0 90 0 0 0.7071068 0 0.7071068 13.8889 0
4.9036 Head 0 1.6 0.78 12.30001 314.1 0 0.09865184 -0.3876837 0.04177367 0.9155458
4.9036 FirstCar -11.8948 0.025 2.97 0 90 0 0 0.7071068 0 0.7071068 13.8889 0
4.9054 Head 0 1.6 0.78 12.30001 314.1 0 0.09865184 -0.3876837 0.04177367 0.9155458
4.9054 FirstCar -11.86977 0.025 2.97 0 90 0 0 0.7071068 0 0.7071068 13.8889 0
4.9080 Head 0 1.6 0.78 12.30001 314.1 0 0.09865184 -0.3876837 0.04177367 0.9155458
4.9080 FirstCar -11.83306 0.025 2.97 0 90 0 0 0.7071068 0 0.7071068 13.8889 0
4.9097 Head 0 1.6 0.78 12.30001 314.1 0 0.09865184 -0.3876837 0.04177367 0.9155458
4.9097 FirstCar -11.80976 0.025 2.97 0 90 0 0 0.7071068 0 0.7071068 13.8889 0
4.9112 Head 0 1.6 0.78 12.30001 314.1 0 0.09865184 -0.3876837 0.04177367 0.9155458
4.9112 FirstCar -11.78856 0.025 2.97 0 90 0 0 0.7071068 0 0.7071068 13.8889 0
4.9127 Head 0 1.6 0.78 12.30001 314.1 0 0.09865184 -0.3876837 0.04177367 0.9155458
4.9127 FirstCar -11.76797 0.025 2.97 0 90 0 0 0.7071068 0 0.7071068 13.8889 0
4.9142 Head 0 1.6 0.78 12.30001 314.1 0 0.09865184 -0.3876837 0.04177367 0.9155458
4.9142 FirstCar -11.74783 0.025 2.97 0 90 0 0 0.7071068 0 0.7071068 13.8889 0
4.9156 Head 0 1.6 0.78 12.30001 314.1 0 0.09865184 -0.3876837 0.04177367 0.9155458
4.9156 FirstCar -11.72762 0.025 2.97 0 90 0 0 0.7071068 0 0.7071068 13.8889 0
4.9171 Head 0 1.6 0.78 12.30001 314.1 0 0.09865184 -0.3876837 0.04177367 0.9155458
4.9171 FirstCar -11.70647 0.025 2.97 0 90 0 0 0.7071068 0 0.7071068 13.8889 0
4.9185 Head 0 1.6 0.78 12.30001 314.1 0 0.09865184 -0.3876837 0.04177367 0.9155458
4.9185 FirstCar -11.68737 0.025 2.97 0 90 0 0 0.7071068 0 0.7071068 13.8889 0
4.9199 Head 0 1.6 0.78 12.30001 314.1 0 0.09865184 -0.3876837 0.04177367 0.9155458
4.9199 FirstCar -11.66826 0.025 2.97 0 90 0 0 0.7071068 0 0.7071068 13.8889 0
4.9214 Head 0 1.6 0.78 12.30001 314.1 0 0.09865184 -0.3876837 0.04177367 0.9155458
4.9214 FirstCar -11.6465 0.025 2.97 0 90 0 0 0.7071068 0 0.7071068 13.8889 0
4.9231 Head 0 1.6 0.78 12.30001 314.1 0 0.09865184 -0.3876837 0.04177367 0.9155458
4.9231 FirstCar -11.62415 0.025 2.97 0 90 0 0 0.7071068 0 0.7071068 13.8889 0
4.9245 Head 0 1.6 0.78 12.30001 314.1 0 0.09865184 -0.3876837 0.04177367 0.9155458
4.9245 FirstCar -11.60385 0.025 2.97 0 90 0 0 0.7071068 0 0.7071068 13.8889 0
4.9261 Head 0 1.6 0.78 12.30001 314.1 0 0.09865184 -0.3876837 0.04177367 0.9155458
4.9261 FirstCar -11.58208 0.025 2.97 0 90 0 0 0.7071068 0 0.7071068 13.8889 0
4.9280 Head 0 1.6 0.78 12.30001 314.1 0 0.09865184 -0.3876837 0.04177367 0.9155458
4.9280 FirstCar -11.55576 0.025 2.97 0 90 0 0 0.7071068 0 0.7071068 13.8889 0
4.9295 Head 0 1.6 0.78 12.30001 314.1 0 0.09865184 -0.3876837 0.04177367 0.9155458
4.9295 FirstCar -11.53488 0.025 2.97 0 90 0 0 0.7071068 0 0.7071068 13.8889 0
4.9309 Head 0 1.6 0.78 12.30001 314.1 0 0.09865184 -0.3876837 0.04177367 0.9155458
4.9309 FirstCar -11.51583 0.025 2.97 0 90 0 0 0.7071068 0 0.7071068 13.8889 0
4.9323 Head 0 1.6 0.78 12.30001 314.1 0 0.09865184 -0.3876837 0.04177367 0.9155458
4.9323 FirstCar -11.4964 0.025 2.97 0 90 0 0 0.7071068 0 0.7071068 13.8889 0
4.9336 Head 0 1.6 0.78 12.30001 314.1 0 0.09865184 -0.3876837 0.04177367 0.9155458
4.9336 FirstCar -11.47724 0.025 2.97 0 90 0 0 0.7071068 0 0.7071068 13.8889 0
4.9350 Head 0 1.6 0.78 12.30001 314.1 0 0.09865184 -0.3876837 0.04177367 0.9155458
4.9350 FirstCar -11.45804 0.025 2.97 0 90 0 0 0.7071068 0 0.7071068 13.8889 0
4.9364 Head 0 1.6 0.78 12.30001 314.1 0 0.09865184 -0.3876837 0.04177367 0.9155458
4.9364 FirstCar -11.4387 0.025 2.97 0 90 0 0 0.7071068 0 0.7071068 13.8889 0
4.9378 Head 0 1.6 0.78 12.30001 314.1 0 0.09865184 -0.3876837 0.04177367 0.9155458
4.9378 FirstCar -11.41906 0.025 2.97 0 90 0 0 0.7071068 0 0.7071068 13.8889 0
4.9392 Head 0 1.6 0.78 12.30001 314.1 0 0.09865184 -0.3876837 0.04177367 0.9155458
4.9392 FirstCar -11.40045 0.025 2.97 0 90 0 0 0.7071068 0 0.7071068 13.8889 0
4.9405 Head 0 1.6 0.78 12.30001 314.1 0 0.09865184 -0.3876837 0.04177367 0.9155458
4.9405 FirstCar -11.38156 0.025 2.97 0 90 0 0 0.7071068 0 0.7071068 13.8889 0
4.9419 Head 0 1.6 0.78 12.30001 314.1 0 0.09865184 -0.3876837 0.04177367 0.9155458
4.9419 FirstCar -11.36238 0.025 2.97 0 90 0 0 0.7071068 0 0.7071068 13.8889 0
4.9432 Head 0 1.6 0.78 12.30001 314.1 0 0.09865184 -0.3876837 0.04177367 0.9155458
4.9432 FirstCar -11.34407 0.025 2.97 0 90 0 0 0.7071068 0 0.7071068 13.8889 0
4.9447 Head 0 1.6 0.78 12.30001 314.1 0 0.09865184 -0.3876837 0.04177367 0.9155458
4.9447 FirstCar -11.32391 0.025 2.97 0 90 0 0 0.7071068 0 0.7071068 13.8889 0
4.9461 Head 0 1.6 0.78 12.30001 314.1 0 0.09865184 -0.3876837 0.04177367 0.9155458
4.9461 FirstCar -11.30458 0.025 2.97 0 90 0 0 0.7071068 0 0.7071068 13.8889 0
4.9478 Head 0 1.6 0.78 12.30001 314.1 0 0.09865184 -0.3876837 0.04177367 0.9155458
4.9478 FirstCar -11.28105 0.025 2.97 0 90 0 0 0.7071068 0 0.7071068 13.8889 0
4.9491 Head 0 1.6 0.78 12.30001 314.1 0 0.09865184 -0.3876837 0.04177367 0.9155458
4.9491 FirstCar -11.26227 0.025 2.97 0 90 0 0 0.7071068 0 0.7071068 13.8889 0
4.9505 Head 0 1.6 0.78 12.30001 314.1 0 0.09865184 -0.3876837 0.04177367 0.9155458
4.9505 FirstCar -11.24254 0.025 2.97 0 90 0 0 0.7071068 0 0.7071068 13.8889 0
4.9520 Head 0 1.6 0.78 12.30001 314.1 0 0.09865184 -0.3876837 0.04177367 0.9155458
4.9520 FirstCar -11.22283 0.025 2.97 0 90 0 0 0.7071068 0 0.7071068 13.8889 0
4.9537 Head 0 1.6 0.78 12.30001 314.1 0 0.09865184 -0.3876837 0.04177367 0.9155458
4.9537 FirstCar -11.19846 0.025 2.97 0 90 0 0 0.7071068 0 0.7071068 13.8889 0
4.9555 Head 0 1.6 0.78 12.30001 314.1 0 0.09865184 -0.3876837 0.04177367 0.9155458
4.9555 FirstCar -11.17379 0.025 2.97 0 90 0 0 0.7071068 0 0.7071068 13.8889 0
4.9571 Head 0 1.6 0.78 12.30001 314.1 0 0.09865184 -0.3876837 0.04177367 0.9155458
4.9571 FirstCar -11.15172 0.025 2.97 0 90 0 0 0.7071068 0 0.7071068 13.8889 0
4.9586 Head 0 1.6 0.78 12.30001 314.1 0 0.09865184 -0.3876837 0.04177367 0.9155458
4.9586 FirstCar -11.13045 0.025 2.97 0 90 0 0 0.7071068 0 0.7071068 13.8889 0
4.9601 Head 0 1.6 0.78 12.30001 314.1 0 0.09865184 -0.3876837 0.04177367 0.9155458
4.9601 FirstCar -11.10958 0.025 2.97 0 90 0 0 0.7071068 0 0.7071068 13.8889 0
4.9617 Head 0 1.6 0.78 12.30001 314.1 0 0.09865184 -0.3876837 0.04177367 0.9155458
4.9617 FirstCar -11.08719 0.025 2.97 0 90 0 0 0.7071068 0 0.7071068 13.8889 0
4.9633 Head 0 1.6 0.78 12.30001 314.1 0 0.09865184 -0.3876837 0.04177367 0.9155458
4.9633 FirstCar -11.06484 0.025 2.97 0 90 0 0 0.7071068 0 0.7071068 13.8889 0
4.9650 Head 0 1.6 0.78 12.30001 314.1 0 0.09865184 -0.3876837 0.04177367 0.9155458
4.9650 FirstCar -11.0415 0.025 2.97 0 90 0 0 0.7071068 0 0.7071068 13.8889 0
4.9670 Head 0 1.6 0.78 12.30001 314.1 0 0.09865184 -0.3876837 0.04177367 0.9155458
4.9670 FirstCar -11.01383 0.025 2.97 0 90 0 0 0.7071068 0 0.7071068 13.8889 0
4.9687 Head 0 1.6 0.78 12.30001 314.1 0 0.09865184 -0.3876837 0.04177367 0.9155458
4.9687 FirstCar -10.99024 0.025 2.97 0 90 0 0 0.7071068 0 0.7071068 13.8889 0
4.9704 Head 0 1.6 0.78 12.30001 314.1 0 0.09865184 -0.3876837 0.04177367 0.9155458
4.9704 FirstCar -10.9672 0.025 2.97 0 90 0 0 0.7071068 0 0.7071068 13.8889 0
4.9721 Head 0 1.6 0.78 12.30001 314.1 0 0.09865184 -0.3876837 0.04177367 0.9155458
4.9721 FirstCar -10.94355 0.025 2.97 0 90 0 0 0.7071068 0 0.7071068 13.8889 0
4.9737 Head 0 1.6 0.78 12.30001 314.1 0 0.09865184 -0.3876837 0.04177367 0.9155458
4.9737 FirstCar -10.92074 0.025 2.97 0 90 0 0 0.7071068 0 0.7071068 13.8889 0
4.9752 Head 0 1.6 0.78 12.30001 314.1 0 0.09865184 -0.3876837 0.04177367 0.9155458
4.9752 FirstCar -10.89985 0.025 2.97 0 90 0 0 0.7071068 0 0.7071068 13.8889 0
4.9767 Head 0 1.6 0.78 12.30001 314.1 0 0.09865184 -0.3876837 0.04177367 0.9155458
4.9767 FirstCar -10.87889 0.025 2.97 0 90 0 0 0.7071068 0 0.7071068 13.8889 0
4.9782 Head 0 1.6 0.78 12.30001 314.1 0 0.09865184 -0.3876837 0.04177367 0.9155458
4.9782 FirstCar -10.85811 0.025 2.97 0 90 0 0 0.7071068 0 0.7071068 13.8889 0
4.9796 Head 0 1.6 0.78 12.30001 314.1 0 0.09865184 -0.3876837 0.04177367 0.9155458
4.9796 FirstCar -10.83846 0.025 2.97 0 90 0 0 0.7071068 0 0.7071068 13.8889 0
4.9810 Head 0 1.6 0.78 12.30001 314.1 0 0.09865184 -0.3876837 0.04177367 0.9155458
4.9810 FirstCar -10.81997 0.025 2.97 0 90 0 0 0.7071068 0 0.7071068 13.8889 0
4.9824 Head 0 1.6 0.78 12.30001 314.1 0 0.09865184 -0.3876837 0.04177367 0.9155458
4.9824 FirstCar -10.80047 0.025 2.97 0 90 0 0 0.7071068 0 0.7071068 13.8889 0
4.9837 Head 0 1.6 0.78 12.30001 314.1 0 0.09865184 -0.3876837 0.04177367 0.9155458
4.9837 FirstCar -10.78155 0.025 2.97 0 90 0 0 0.7071068 0 0.7071068 13.8889 0
4.9854 Head 0 1.6 0.78 12.30001 314.1 0 0.09865184 -0.3876837 0.04177367 0.9155458
4.9854 FirstCar -10.75888 0.025 2.97 0 90 0 0 0.7071068 0 0.7071068 13.8889 0
4.9872 Head 0 1.6 0.78 12.30001 314.1 0 0.09865184 -0.3876837 0.04177367 0.9155458
4.9872 FirstCar -10.7329 0.025 2.97 0 90 0 0 0.7071068 0 0.7071068 13.8889 0
4.9888 Head 0 1.6 0.78 12.30001 314.1 0 0.09865184 -0.3876837 0.04177367 0.9155458
4.9888 FirstCar -10.71119 0.025 2.97 0 90 0 0 0.7071068 0 0.7071068 13.8889 0
4.9903 Head 0 1.6 0.78 12.30001 314.1 0 0.09865184 -0.3876837 0.04177367 0.9155458
4.9903 FirstCar -10.69049 0.025 2.97 0 90 0 0 0.7071068 0 0.7071068 13.8889 0
4.9920 Head 0 1.6 0.78 12.30001 314.1 0 0.09865184 -0.3876837 0.04177367 0.9155458
4.9920 FirstCar -10.66706 0.025 2.97 0 90 0 0 0.7071068 0 0.7071068 13.8889 0
4.9935 Head 0 1.6 0.78 12.30001 314.1 0 0.09865184 -0.3876837 0.04177367 0.9155458
4.9935 FirstCar -10.64626 0.025 2.97 0 90 0 0 0.7071068 0 0.7071068 13.8889 0
4.9949 Head 0 1.6 0.78 12.30001 314.1 0 0.09865184 -0.3876837 0.04177367 0.9155458
4.9949 FirstCar -10.62608 0.025 2.97 0 90 0 0 0.7071068 0 0.7071068 13.8889 0
4.9964 Head 0 1.6 0.78 12.30001 314.1 0 0.09865184 -0.3876837 0.04177367 0.9155458
4.9964 FirstCar -10.60559 0.025 2.97 0 90 0 0 0.7071068 0 0.7071068 13.8889 0
4.9978 Head 0 1.6 0.78 12.30001 314.1 0 0.09865184 -0.3876837 0.04177367 0.9155458
4.9978 FirstCar -10.58587 0.025 2.97 0 90 0 0 0.7071068 0 0.7071068 13.8889 0
4.9993 Head 0 1.6 0.78 12.30001 314.1 0 0.09865184 -0.3876837 0.04177367 0.9155458
4.9993 FirstCar -10.56516 0.025 2.97 0 90 0 0 0.7071068 0 0.7071068 13.8889 0
5.0007 Head 0 1.6 0.78 12.30001 314.1 0 0.09865184 -0.3876837 0.04177367 0.9155458
5.0007 FirstCar -10.54547 0.025 2.97 0 90 0 0 0.7071068 0 0.7071068 13.8889 0
5.0021 Head 0 1.6 0.78 12.30001 314.1 0 0.09865184 -0.3876837 0.04177367 0.9155458
5.0021 FirstCar -10.52575 0.025 2.97 0 90 0 0 0.7071068 0 0.7071068 13.8889 0
5.0036 Head 0 1.6 0.78 12.30001 314.1 0 0.09865184 -0.3876837 0.04177367 0.9155458
5.0036 FirstCar -10.50547 0.025 2.97 0 90 0 0 0.7071068 0 0.7071068 13.8889 0
5.0051 Head 0 1.6 0.78 12.30001 314.1 0 0.09865184 -0.3876837 0.04177367 0.9155458
5.0051 FirstCar -10.4841 0.025 2.97 0 90 0 0 0.7071068 0 0.7071068 13.8889 0
5.0069 Head 0 1.6 0.78 12.30001 314.1 0 0.09865184 -0.3876837 0.04177367 0.9155458
5.0069 FirstCar -10.45959 0.025 2.97 0 90 0 0 0.7071068 0 0.7071068 13.8889 0
5.0093 Head 0 1.6 0.78 12.30001 314.1 0 0.09865184 -0.3876837 0.04177367 0.9155458
5.0093 FirstCar -10.42582 0.025 2.97 0 90 0 0 0.7071068 0 0.7071068 13.8889 0
5.0110 Head 0 1.6 0.78 12.30001 314.1 0 0.09865184 -0.3876837 0.04177367 0.9155458
5.0110 FirstCar -10.40232 0.025 2.97 0 90 0 0 0.7071068 0 0.7071068 13.8889 0
5.0126 Head 0 1.6 0.78 12.30001 314.1 0 0.09865184 -0.3876837 0.04177367 0.9155458
5.0126 FirstCar -10.38037 0.025 2.97 0 90 0 0 0.7071068 0 0.7071068 13.8889 0
5.0141 Head 0 1.6 0.78 12.30001 314.1 0 0.09865184 -0.3876837 0.04177367 0.9155458
5.0141 FirstCar -10.35938 0.025 2.97 0 90 0 0 0.7071068 0 0.7071068 13.8889 0
5.0157 Head 0 1.6 0.78 12.30001 314.1 0 0.09865184 -0.3876837 0.04177367 0.9155458
5.0157 FirstCar -10.33695 0.025 2.97 0 90 0 0 0.7071068 0 0.7071068 13.8889 0
5.0177 Head 0 1.6 0.78 12.30001 314.1 0 0.09865184 -0.3876837 0.04177367 0.9155458
5.0177 FirstCar -10.30944 0.025 2.97 0 90 0 0 0.7071068 0 0.7071068 13.8889 0
5.0197 Head 0 1.6 0.78 12.30001 314.1 0 0.09865184 -0.3876837 0.04177367 0.9155458
5.0197 FirstCar -10.28229 0.025 2.97 0 90 0 0 0.7071068 0 0.7071068 13.8889 0
5.0216 Head 0 1.6 0.78 12.30001 314.1 0 0.09865184 -0.3876837 0.04177367 0.9155458
5.0216 FirstCar -10.25487 0.025 2.97 0 90 0 0 0.7071068 0 0.7071068 13.8889 0
5.0237 Head 0 1.6 0.78 12.30001 314.1 0 0.09865184 -0.3876837 0.04177367 0.9155458
5.0237 FirstCar -10.22689 0.025 2.97 0 90 0 0 0.7071068 0 0.7071068 13.8889 0
5.0257 Head 0 1.6 0.78 12.30001 314.1 0 0.09865184 -0.3876837 0.04177367 0.9155458
5.0257 FirstCar -10.19875 0.025 2.97 0 90 0 0 0.7071068 0 0.7071068 13.8889 0
5.0279 Head 0 1.6 0.78 12.30001 314.1 0 0.09865184 -0.3876837 0.04177367 0.9155458
5.0279 FirstCar -10.16846 0.025 2.97 0 90 0 0 0.7071068 0 0.7071068 13.8889 0
5.0298 Head 0 1.6 0.78 12.30001 314.1 0 0.09865184 -0.3876837 0.04177367 0.9155458
5.0298 FirstCar -10.14098 0.025 2.97 0 90 0 0 0.7071068 0 0.7071068 13.8889 0
5.0317 Head 0 1.6 0.78 12.30001 314.1 0 0.09865184 -0.3876837 0.04177367 0.9155458
5.0317 FirstCar -10.11551 0.025 2.97 0 90 0 0 0.7071068 0 0.7071068 13.8889 0
5.0334 Head 0 1.6 0.78 12.30001 314.1 0 0.09865184 -0.3876837 0.04177367 0.9155458
5.0334 FirstCar -10.0922 0.025 2.97 0 90 0 0 0.7071068 0 0.7071068 13.8889 0
5.0352 Head 0 1.6 0.78 12.30001 314.1 0 0.09865184 -0.3876837 0.04177367 0.9155458
5.0352 FirstCar -10.06695 0.025 2.97 0 90 0 0 0.7071068 0 0.7071068 13.8889 0
5.0372 Head 0 1.6 0.78 12.30001 314.1 0 0.09865184 -0.3876837 0.04177367 0.9155458
5.0372 FirstCar -10.03908 0.025 2.97 0 90 0 0 0.7071068 0 0.7071068 13.8889 0
5.0391 Head 0 1.6 0.78 12.30001 314.1 0 0.09865184 -0.3876837 0.04177367 0.9155458
5.0391 FirstCar -10.0118 0.025 2.97 0 90 0 0 0.7071068 0 0.7071068 13.8889 0
5.0410 Head 0 1.6 0.78 12.30001 314.1 0 0.09865184 -0.3876837 0.04177367 0.9155458
5.0410 FirstCar -9.985845 0.025 2.97 0 90 0 0 0.7071068 0 0.7071068 13.8889 0
5.0427 Head 0 1.6 0.78 12.30001 314.1 0 0.09865184 -0.3876837 0.04177367 0.9155458
5.0427 FirstCar -9.962614 0.025 2.97 0 90 0 0 0.7071068 0 0.7071068 13.8889 0
5.0442 Head 0 1.6 0.78 12.30001 314.1 0 0.09865184 -0.3876837 0.04177367 0.9155458
5.0442 FirstCar -9.942083 0.025 2.97 0 90 0 0 0.7071068 0 0.7071068 13.8889 0
5.0457 Head 0 1.6 0.78 12.30001 314.1 0 0.09865184 -0.3876837 0.04177367 0.9155458
5.0457 FirstCar -9.921172 0.025 2.97 0 90 0 0 0.7071068 0 0.7071068 13.8889 0
5.0473 Head 0 1.6 0.78 12.30001 314.1 0 0.09865184 -0.3876837 0.04177367 0.9155458
5.0473 FirstCar -9.898732 0.025 2.97 0 90 0 0 0.7071068 0 0.7071068 13.8889 0
5.0488 Head 0 1.6 0.78 12.30001 314.1 0 0.09865184 -0.3876837 0.04177367 0.9155458
5.0488 FirstCar -9.877945 0.025 2.97 0 90 0 0 0.7071068 0 0.7071068 13.8889 0
5.0502 Head 0 1.6 0.78 12.30001 314.1 0 0.09865184 -0.3876837 0.04177367 0.9155458
5.0502 FirstCar -9.85833 0.025 2.97 0 90 0 0 0.7071068 0 0.7071068 13.8889 0
5.0516 Head 0 1.6 0.78 12.30001 314.1 0 0.09865184 -0.3876837 0.04177367 0.9155458
5.0516 FirstCar -9.838329 0.025 2.97 0 90 0 0 0.7071068 0 0.7071068 13.8889 0
5.0530 Head 0 1.6 0.78 12.30001 314.1 0 0.09865184 -0.3876837 0.04177367 0.9155458
5.0530 FirstCar -9.819405 0.025 2.97 0 90 0 0 0.7071068 0 0.7071068 13.8889 0
5.0544 Head 0 1.6 0.78 12.30001 314.1 0 0.09865184 -0.3876837 0.04177367 0.9155458
5.0544 FirstCar -9.800158 0.025 2.97 0 90 0 0 0.7071068 0 0.7071068 13.8889 0
5.0559 Head 0 1.6 0.78 12.30001 314.1 0 0.09865184 -0.3876837 0.04177367 0.9155458
5.0559 FirstCar -9.779656 0.025 2.97 0 90 0 0 0.7071068 0 0.7071068 13.8889 0
5.0572 Head 0 1.6 0.78 12.30001 314.1 0 0.09865184 -0.3876837 0.04177367 0.9155458
5.0572 FirstCar -9.760827 0.025 2.97 0 90 0 0 0.7071068 0 0.7071068 13.8889 0
5.0586 Head 0 1.6 0.78 12.30001 314.1 0 0.09865184 -0.3876837 0.04177367 0.9155458
5.0586 FirstCar -9.741841 0.025 2.97 0 90 0 0 0.7071068 0 0.7071068 13.8889 0
5.0599 Head 0 1.6 0.78 12.30001 314.1 0 0.09865184 -0.3876837 0.04177367 0.9155458
5.0599 FirstCar -9.722929 0.025 2.97 0 90 0 0 0.7071068 0 0.7071068 13.8889 0
5.0613 Head 0 1.6 0.78 12.30001 314.1 0 0.09865184 -0.3876837 0.04177367 0.9155458
5.0613 FirstCar -9.704382 0.025 2.97 0 90 0 0 0.7071068 0 0.7071068 13.8889 0
5.0627 Head 0 1.6 0.78 12.30001 314.1 0 0.09865184 -0.3876837 0.04177367 0.9155458
5.0627 FirstCar -9.685287 0.025 2.97 0 90 0 0 0.7071068 0 0.7071068 13.8889 0
5.0640 Head 0 1.6 0.78 12.30001 314.1 0 0.09865184 -0.3876837 0.04177367 0.9155458
5.0640 FirstCar -9.666031 0.025 2.97 0 90 0 0 0.7071068 0 0.7071068 13.8889 0
5.0659 Head 0 1.6 0.78 12.30001 314.1 0 0.09865184 -0.3876837 0.04177367 0.9155458
5.0659 FirstCar -9.640862 0.025 2.97 0 90 0 0 0.7071068 0 0.7071068 13.8889 0
5.0681 Head 0 1.6 0.78 12.30001 314.1 0 0.09865184 -0.3876837 0.04177367 0.9155458
5.0681 FirstCar -9.609786 0.025 2.97 0 90 0 0 0.7071068 0 0.7071068 13.8889 0
5.0698 Head 0 1.6 0.78 12.30001 314.1 0 0.09865184 -0.3876837 0.04177367 0.9155458
5.0698 FirstCar -9.586109 0.025 2.97 0 90 0 0 0.7071068 0 0.7071068 13.8889 0
5.0716 Head 0 1.6 0.78 12.30001 314.1 0 0.09865184 -0.3876837 0.04177367 0.9155458
5.0716 FirstCar -9.561204 0.025 2.97 0 90 0 0 0.7071068 0 0.7071068 13.8889 0
5.0732 Head 0 1.6 0.78 12.30001 314.1 0 0.09865184 -0.3876837 0.04177367 0.9155458
5.0732 FirstCar -9.539484 0.025 2.97 0 90 0 0 0.7071068 0 0.7071068 13.8889 0
5.0746 Head 0 1.6 0.78 12.30001 314.1 0 0.09865184 -0.3876837 0.04177367 0.9155458
5.0746 FirstCar -9.519298 0.025 2.97 0 90 0 0 0.7071068 0 0.7071068 13.8889 0
5.0760 Head 0 1.6 0.78 12.30001 314.1 0 0.09865184 -0.3876837 0.04177367 0.9155458
5.0760 FirstCar -9.499642 0.025 2.97 0 90 0 0 0.7071068 0 0.7071068 13.8889 0
5.0774 Head 0 1.6 0.78 12.30001 314.1 0 0.09865184 -0.3876837 0.04177367 0.9155458
5.0774 FirstCar -9.480143 0.025 2.97 0 90 0 0 0.7071068 0 0.7071068 13.8889 0
5.0788 Head 0 1.6 0.78 12.30001 314.1 0 0.09865184 -0.3876837 0.04177367 0.9155458
5.0788 FirstCar -9.460609 0.025 2.97 0 90 0 0 0.7071068 0 0.7071068 13.8889 0
5.0802 Head 0 1.6 0.78 12.30001 314.1 0 0.09865184 -0.3876837 0.04177367 0.9155458
5.0802 FirstCar -9.441353 0.025 2.97 0 90 0 0 0.7071068 0 0.7071068 13.8889 0
5.0817 Head 0 1.6 0.78 12.30001 314.1 0 0.09865184 -0.3876837 0.04177367 0.9155458
5.0817 FirstCar -9.420803 0.025 2.97 0 90 0 0 0.7071068 0 0.7071068 13.8889 0
5.0832 Head 0 1.6 0.78 12.30001 314.1 0 0.09865184 -0.3876837 0.04177367 0.9155458
5.0832 FirstCar -9.399983 0.025 2.97 0 90 0 0 0.7071068 0 0.7071068 13.8889 0
5.0847 Head 0 1.6 0.78 12.30001 314.1 0 0.09865184 -0.3876837 0.04177367 0.9155458
5.0847 FirstCar -9.379362 0.025 2.97 0 90 0 0 0.7071068 0 0.7071068 13.8889 0
5.0874 Head 0 1.6 0.78 12.30001 314.1 0 0.09865184 -0.3876837 0.04177367 0.9155458
5.0874 FirstCar -9.342031 0.025 2.97 0 90 0 0 0.7071068 0 0.7071068 13.8889 0
5.0892 Head 0 1.6 0.78 12.30001 314.1 0 0.09865184 -0.3876837 0.04177367 0.9155458
5.0892 FirstCar -9.316562 0.025 2.97 0 90 0 0 0.7071068 0 0.7071068 13.8889 0
5.0908 Head 0 1.6 0.78 12.30001 314.1 0 0.09865184 -0.3876837 0.04177367 0.9155458
5.0908 FirstCar -9.294359 0.025 2.97 0 90 0 0 0.7071068 0 0.7071068 13.8889 0
5.0924 Head 0 1.6 0.78 12.30001 314.1 0 0.09865184 -0.3876837 0.04177367 0.9155458
5.0924 FirstCar -9.271667 0.025 2.97 0 90 0 0 0.7071068 0 0.7071068 13.8889 0
5.0940 Head 0 1.6 0.78 12.30001 314.1 0 0.09865184 -0.3876837 0.04177367 0.9155458
5.0940 FirstCar -9.250319 0.025 2.97 0 90 0 0 0.7071068 0 0.7071068 13.8889 0
5.0957 Head 0 1.6 0.78 12.30001 314.1 0 0.09865184 -0.3876837 0.04177367 0.9155458
5.0957 FirstCar -9.22693 0.025 2.97 0 90 0 0 0.7071068 0 0.7071068 13.8889 0
5.0975 Head 0 1.6 0.78 12.30001 314.1 0 0.09865184 -0.3876837 0.04177367 0.9155458
5.0975 FirstCar -9.201996 0.025 2.97 0 90 0 0 0.7071068 0 0.7071068 13.8889 0
5.0996 Head 0 1.6 0.78 12.30001 314.1 0 0.09865184 -0.3876837 0.04177367 0.9155458
5.0996 FirstCar -9.17245 0.025 2.97 0 90 0 0 0.7071068 0 0.7071068 13.8889 0
5.1015 Head 0 1.6 0.78 12.30001 314.1 0 0.09865184 -0.3876837 0.04177367 0.9155458
5.1015 FirstCar -9.14583 0.025 2.97 0 90 0 0 0.7071068 0 0.7071068 13.8889 0
5.1033 Head 0 1.6 0.78 12.30001 314.1 0 0.09865184 -0.3876837 0.04177367 0.9155458
5.1033 FirstCar -9.12143 0.025 2.97 0 90 0 0 0.7071068 0 0.7071068 13.8889 0
5.1051 Head 0 1.6 0.78 12.30001 314.1 0 0.09865184 -0.3876837 0.04177367 0.9155458
5.1051 FirstCar -9.095597 0.025 2.97 0 90 0 0 0.7071068 0 0.7071068 13.8889 0
5.1071 Head 0 1.6 0.78 12.30001 314.1 0 0.09865184 -0.3876837 0.04177367 0.9155458
5.1071 FirstCar -9.067343 0.025 2.97 0 90 0 0 0.7071068 0 0.7071068 13.8889 0
5.1087 Head 0 1.6 0.78 12.30001 314.1 0 0.09865184 -0.3876837 0.04177367 0.9155458
5.1087 FirstCar -9.045679 0.025 2.97 0 90 0 0 0.7071068 0 0.7071068 13.8889 0
5.1103 Head 0 1.6 0.78 12.30001 314.1 0 0.09865184 -0.3876837 0.04177367 0.9155458
5.1103 FirstCar -9.024253 0.025 2.97 0 90 0 0 0.7071068 0 0.7071068 13.8889 0
5.1118 Head 0 1.6 0.78 12.30001 314.1 0 0.09865184 -0.3876837 0.04177367 0.9155458
5.1118 FirstCar -9.00317 0.025 2.97 0 90 0 0 0.7071068 0 0.7071068 13.8889 0
5.1132 Head 0 1.6 0.78 12.30001 314.1 0 0.09865184 -0.3876837 0.04177367 0.9155458
5.1132 FirstCar -8.982617 0.025 2.97 0 90 0 0 0.7071068 0 0.7071068 13.8889 0
5.1147 Head 0 1.6 0.78 12.30001 314.1 0 0.09865184 -0.3876837 0.04177367 0.9155458
5.1147 FirstCar -8.963038 0.025 2.97 0 90 0 0 0.7071068 0 0.7071068 13.8889 0
5.1162 Head 0 1.6 0.78 12.30001 314.1 0 0.09865184 -0.3876837 0.04177367 0.9155458
5.1162 FirstCar -8.941835 0.025 2.97 0 90 0 0 0.7071068 0 0.7071068 13.8889 0
5.1178 Head 0 1.6 0.78 12.30001 314.1 0 0.09865184 -0.3876837 0.04177367 0.9155458
5.1178 FirstCar -8.919287 0.025 2.97 0 90 0 0 0.7071068 0 0.7071068 13.8889 0
5.1195 Head 0 1.6 0.78 12.30001 314.1 0 0.09865184 -0.3876837 0.04177367 0.9155458
5.1195 FirstCar -8.896441 0.025 2.97 0 90 0 0 0.7071068 0 0.7071068 13.8889 0
5.1209 Head 0 1.6 0.78 12.30001 314.1 0 0.09865184 -0.3876837 0.04177367 0.9155458
5.1209 FirstCar -8.876125 0.025 2.97 0 90 0 0 0.7071068 0 0.7071068 13.8889 0
5.1223 Head 0 1.6 0.78 12.30001 314.1 0 0.09865184 -0.3876837 0.04177367 0.9155458
5.1223 FirstCar -8.857059 0.025 2.97 0 90 0 0 0.7071068 0 0.7071068 13.8889 0
5.1237 Head 0 1.6 0.78 12.30001 314.1 0 0.09865184 -0.3876837 0.04177367 0.9155458
5.1237 FirstCar -8.837764 0.025 2.97 0 90 0 0 0.7071068 0 0.7071068 13.8889 0
5.1251 Head 0 1.6 0.78 12.30001 314.1 0 0.09865184 -0.3876837 0.04177367 0.9155458
5.1251 FirstCar -8.817853 0.025 2.97 0 90 0 0 0.7071068 0 0.7071068 13.8889 0
5.1268 Head 0 1.6 0.78 12.30001 314.1 0 0.09865184 -0.3876837 0.04177367 0.9155458
5.1268 FirstCar -8.794089 0.025 2.97 0 90 0 0 0.7071068 0 0.7071068 13.8889 0
5.1282 Head 0 1.6 0.78 12.30001 314.1 0 0.09865184 -0.3876837 0.04177367 0.9155458
5.1282 FirstCar -8.774484 0.025 2.97 0 90 0 0 0.7071068 0 0.7071068 13.8889 0
5.1297 Head 0 1.6 0.78 12.30001 314.1 0 0.09865184 -0.3876837 0.04177367 0.9155458
5.1297 FirstCar -8.754378 0.025 2.97 0 90 0 0 0.7071068 0 0.7071068 13.8889 0
5.1312 Head 0 1.6 0.78 12.30001 314.1 0 0.09865184 -0.3876837 0.04177367 0.9155458
5.1312 FirstCar -8.732984 0.025 2.97 0 90 0 0 0.7071068 0 0.7071068 13.8889 0
5.1328 Head 0 1.6 0.78 12.30001 314.1 0 0.09865184 -0.3876837 0.04177367 0.9155458
5.1328 FirstCar -8.711378 0.025 2.97 0 90 0 0 0.7071068 0 0.7071068 13.8889 0
5.1343 Head 0 1.6 0.78 12.30001 314.1 0 0.09865184 -0.3876837 0.04177367 0.9155458
5.1343 FirstCar -8.690114 0.025 2.97 0 90 0 0 0.7071068 0 0.7071068 13.8889 0
5.1359 Head 0 1.6 0.78 12.30001 314.1 0 0.09865184 -0.3876837 0.04177367 0.9155458
5.1359 FirstCar -8.667949 0.025 2.97 0 90 0 0 0.7071068 0 0.7071068 13.8889 0
5.1374 Head 0 1.6 0.78 12.30001 314.1 0 0.09865184 -0.3876837 0.04177367 0.9155458
5.1374 FirstCar -8.647019 0.025 2.97 0 90 0 0 0.7071068 0 0.7071068 13.8889 0
5.1388 Head 0 1.6 0.78 12.30001 314.1 0 0.09865184 -0.3876837 0.04177367 0.9155458
5.1388 FirstCar -8.627357 0.025 2.97 0 90 0 0 0.7071068 0 0.7071068 13.8889 0
5.1402 Head 0 1.6 0.78 12.30001 314.1 0 0.09865184 -0.3876837 0.04177367 0.9155458
5.1402 FirstCar -8.608097 0.025 2.97 0 90 0 0 0.7071068 0 0.7071068 13.8889 0
5.1416 Head 0 1.6 0.78 12.30001 314.1 0 0.09865184 -0.3876837 0.04177367 0.9155458
5.1416 FirstCar -8.588236 0.025 2.97 0 90 0 0 0.7071068 0 0.7071068 13.8889 0
5.1431 Head 0 1.6 0.78 12.30001 314.1 0 0.09865184 -0.3876837 0.04177367 0.9155458
5.1431 FirstCar -8.568046 0.025 2.97 0 90 0 0 0.7071068 0 0.7071068 13.8889 0
5.1445 Head 0 1.6 0.78 12.30001 314.1 0 0.09865184 -0.3876837 0.04177367 0.9155458
5.1445 FirstCar -8.548583 0.025 2.97 0 90 0 0 0.7071068 0 0.7071068 13.8889 0
5.1460 Head 0 1.6 0.78 12.30001 314.1 0 0.09865184 -0.3876837 0.04177367 0.9155458
5.1460 FirstCar -8.528358 0.025 2.97 0 90 0 0 0.7071068 0 0.7071068 13.8889 0
5.1477 Head 0 1.6 0.78 12.30001 314.1 0 0.09865184 -0.3876837 0.04177367 0.9155458
5.1477 FirstCar -8.504646 0.025 2.97 0 90 0 0 0.7071068 0 0.7071068 13.8889 0
5.1491 Head 0 1.6 0.78 12.30001 314.1 0 0.09865184 -0.3876837 0.04177367 0.9155458
5.1491 FirstCar -8.484787 0.025 2.97 0 90 0 0 0.7071068 0 0.7071068 13.8889 0
5.1505 Head 0 1.6 0.78 12.30001 314.1 0 0.09865184 -0.3876837 0.04177367 0.9155458
5.1505 FirstCar -8.465449 0.025 2.97 0 90 0 0 0.7071068 0 0.7071068 13.8889 0
5.1518 Head 0 1.6 0.78 12.30001 314.1 0 0.09865184 -0.3876837 0.04177367 0.9155458
5.1518 FirstCar -8.446507 0.025 2.97 0 90 0 0 0.7071068 0 0.7071068 13.8889 0
5.1532 Head 0 1.6 0.78 12.30001 314.1 0 0.09865184 -0.3876837 0.04177367 0.9155458
5.1532 FirstCar -8.427418 0.025 2.97 0 90 0 0 0.7071068 0 0.7071068 13.8889 0
5.1547 Head 0 1.6 0.78 12.30001 314.1 0 0.09865184 -0.3876837 0.04177367 0.9155458
5.1547 FirstCar -8.406586 0.025 2.97 0 90 0 0 0.7071068 0 0.7071068 13.8889 0
5.1563 Head 0 1.6 0.78 12.30001 314.1 0 0.09865184 -0.3876837 0.04177367 0.9155458
5.1563 FirstCar -8.385249 0.025 2.97 0 90 0 0 0.7071068 0 0.7071068 13.8889 0
5.1578 Head 0 1.6 0.78 12.30001 314.1 0 0.09865184 -0.3876837 0.04177367 0.9155458
5.1578 FirstCar -8.363561 0.025 2.97 0 90 0 0 0.7071068 0 0.7071068 13.8889 0
5.1594 Head 0 1.6 0.78 12.30001 314.1 0 0.09865184 -0.3876837 0.04177367 0.9155458
5.1594 FirstCar -8.341882 0.025 2.97 0 90 0 0 0.7071068 0 0.7071068 13.8889 0
5.1609 Head 0 1.6 0.78 12.30001 314.1 0 0.09865184 -0.3876837 0.04177367 0.9155458
5.1609 FirstCar -8.320794 0.025 2.97 0 90 0 0 0.7071068 0 0.7071068 13.8889 0
5.1625 Head 0 1.6 0.78 12.30001 314.1 0 0.09865184 -0.3876837 0.04177367 0.9155458
5.1625 FirstCar -8.298455 0.025 2.97 0 90 0 0 0.7071068 0 0.7071068 13.8889 0
5.1641 Head 0 1.6 0.78 12.30001 314.1 0 0.09865184 -0.3876837 0.04177367 0.9155458
5.1641 FirstCar -8.276832 0.025 2.97 0 90 0 0 0.7071068 0 0.7071068 13.8889 0
5.1656 Head 0 1.6 0.78 12.30001 314.1 0 0.09865184 -0.3876837 0.04177367 0.9155458
5.1656 FirstCar -8.255838 0.025 2.97 0 90 0 0 0.7071068 0 0.7071068 13.8889 0
5.1672 Head 0 1.6 0.78 12.30001 314.1 0 0.09865184 -0.3876837 0.04177367 0.9155458
5.1672 FirstCar -8.232641 0.025 2.97 0 90 0 0 0.7071068 0 0.7071068 13.8889 0
5.1688 Head 0 1.6 0.78 12.30001 314.1 0 0.09865184 -0.3876837 0.04177367 0.9155458
5.1688 FirstCar -8.210562 0.025 2.97 0 90 0 0 0.7071068 0 0.7071068 13.8889 0
5.1707 Head 0 1.6 0.78 12.30001 314.1 0 0.09865184 -0.3876837 0.04177367 0.9155458
5.1707 FirstCar -8.185023 0.025 2.97 0 90 0 0 0.7071068 0 0.7071068 13.8889 0
5.1725 Head 0 1.6 0.78 12.30001 314.1 0 0.09865184 -0.3876837 0.04177367 0.9155458
5.1725 FirstCar -8.159918 0.025 2.97 0 90 0 0 0.7071068 0 0.7071068 13.8889 0
5.1741 Head 0 1.6 0.78 12.30001 314.1 0 0.09865184 -0.3876837 0.04177367 0.9155458
5.1741 FirstCar -8.137394 0.025 2.97 0 90 0 0 0.7071068 0 0.7071068 13.8889 0
5.1756 Head 0 1.6 0.78 12.30001 314.1 0 0.09865184 -0.3876837 0.04177367 0.9155458
5.1756 FirstCar -8.116372 0.025 2.97 0 90 0 0 0.7071068 0 0.7071068 13.8889 0
5.1774 Head 0 1.6 0.78 12.30001 314.1 0 0.09865184 -0.3876837 0.04177367 0.9155458
5.1774 FirstCar -8.091129 0.025 2.97 0 90 0 0 0.7071068 0 0.7071068 13.8889 0
5.1791 Head 0 1.6 0.78 12.30001 314.1 0 0.09865184 -0.3876837 0.04177367 0.9155458
5.1791 FirstCar -8.068536 0.025 2.97 0 90 0 0 0.7071068 0 0.7071068 13.8889 0
5.1806 Head 0 1.6 0.78 12.30001 314.1 0 0.09865184 -0.3876837 0.04177367 0.9155458
5.1806 FirstCar -8.047679 0.025 2.97 0 90 0 0 0.7071068 0 0.7071068 13.8889 0
5.1821 Head 0 1.6 0.78 12.30001 314.1 0 0.09865184 -0.3876837 0.04177367 0.9155458
5.1821 FirstCar -8.027018 0.025 2.97 0 90 0 0 0.7071068 0 0.7071068 13.8889 0
5.1836 Head 0 1.6 0.78 12.30001 314.1 0 0.09865184 -0.3876837 0.04177367 0.9155458
5.1836 FirstCar -8.006085 0.025 2.97 0 90 0 0 0.7071068 0 0.7071068 13.8889 0
5.1850 Head 0 1.6 0.78 12.30001 314.1 0 0.09865184 -0.3876837 0.04177367 0.9155458
5.1850 FirstCar -7.986001 0.025 2.97 0 90 0 0 0.7071068 0 0.7071068 13.8889 0
5.1867 Head 0 1.6 0.78 12.30001 314.1 0 0.09865184 -0.3876837 0.04177367 0.9155458
5.1867 FirstCar -7.962335 0.025 2.97 0 90 0 0 0.7071068 0 0.7071068 13.8889 0
5.1883 Head 0 1.6 0.78 12.30001 314.1 0 0.09865184 -0.3876837 0.04177367 0.9155458
5.1883 FirstCar -7.940346 0.025 2.97 0 90 0 0 0.7071068 0 0.7071068 13.8889 0
5.1898 Head 0 1.6 0.78 12.30001 314.1 0 0.09865184 -0.3876837 0.04177367 0.9155458
5.1898 FirstCar -7.919334 0.025 2.97 0 90 0 0 0.7071068 0 0.7071068 13.8889 0
5.1913 Head 0 1.6 0.78 12.30001 314.1 0 0.09865184 -0.3876837 0.04177367 0.9155458
5.1913 FirstCar -7.899167 0.025 2.97 0 90 0 0 0.7071068 0 0.7071068 13.8889 0
5.1927 Head 0 1.6 0.78 12.30001 314.1 0 0.09865184 -0.3876837 0.04177367 0.9155458
5.1927 FirstCar -7.879286 0.025 2.97 0 90 0 0 0.7071068 0 0.7071068 13.8889 0
5.1942 Head 0 1.6 0.78 12.30001 314.1 0 0.09865184 -0.3876837 0.04177367 0.9155458
5.1942 FirstCar -7.858817 0.025 2.97 0 90 0 0 0.7071068 0 0.7071068 13.8889 0
5.1957 Head 0 1.6 0.78 12.30001 314.1 0 0.09865184 -0.3876837 0.04177367 0.9155458
5.1957 FirstCar -7.83756 0.025 2.97 0 90 0 0 0.7071068 0 0.7071068 13.8889 0
5.1972 Head 0 1.6 0.78 12.30001 314.1 0 0.09865184 -0.3876837 0.04177367 0.9155458
5.1972 FirstCar -7.81698 0.025 2.97 0 90 0 0 0.7071068 0 0.7071068 13.8889 0
5.1986 Head 0 1.6 0.78 12.30001 314.1 0 0.09865184 -0.3876837 0.04177367 0.9155458
5.1986 FirstCar -7.796776 0.025 2.97 0 90 0 0 0.7071068 0 0.7071068 13.8889 0
5.2003 Head 0 1.6 0.78 12.30001 314.1 0 0.09865184 -0.3876837 0.04177367 0.9155458
5.2003 FirstCar -7.774182 0.025 2.97 0 90 0 0 0.7071068 0 0.7071068 13.8889 0
5.2018 Head 0 1.6 0.78 12.30001 314.1 0 0.09865184 -0.3876837 0.04177367 0.9155458
5.2018 FirstCar -7.752364 0.025 2.97 0 90 0 0 0.7071068 0 0.7071068 13.8889 0
5.2032 Head 0 1.6 0.78 12.30001 314.1 0 0.09865184 -0.3876837 0.04177367 0.9155458
5.2032 FirstCar -7.733001 0.025 2.97 0 90 0 0 0.7071068 0 0.7071068 13.8889 0
5.2046 Head 0 1.6 0.78 12.30001 314.1 0 0.09865184 -0.3876837 0.04177367 0.9155458
5.2046 FirstCar -7.713172 0.025 2.97 0 90 0 0 0.7071068 0 0.7071068 13.8889 0
5.2061 Head 0 1.6 0.78 12.30001 314.1 0 0.09865184 -0.3876837 0.04177367 0.9155458
5.2061 FirstCar -7.693303 0.025 2.97 0 90 0 0 0.7071068 0 0.7071068 13.8889 0
5.2085 Head 0 1.6 0.78 12.30001 314.1 0 0.09865184 -0.3876837 0.04177367 0.9155458
5.2085 FirstCar -7.659957 0.025 2.97 0 90 0 0 0.7071068 0 0.7071068 13.8889 0
5.2100 Head 0 1.6 0.78 12.30001 314.1 0 0.09865184 -0.3876837 0.04177367 0.9155458
5.2100 FirstCar -7.639423 0.025 2.97 0 90 0 0 0.7071068 0 0.7071068 13.8889 0
5.2114 Head 0 1.6 0.78 12.30001 314.1 0 0.09865184 -0.3876837 0.04177367 0.9155458
5.2114 FirstCar -7.619296 0.025 2.97 0 90 0 0 0.7071068 0 0.7071068 13.8889 0
5.2129 Head 0 1.6 0.78 12.30001 314.1 0 0.09865184 -0.3876837 0.04177367 0.9155458
5.2129 FirstCar -7.598947 0.025 2.97 0 90 0 0 0.7071068 0 0.7071068 13.8889 0
5.2142 Head 0 1.6 0.78 12.30001 314.1 0 0.09865184 -0.3876837 0.04177367 0.9155458
5.2142 FirstCar -7.58042 0.025 2.97 0 90 0 0 0.7071068 0 0.7071068 13.8889 0
5.2156 Head 0 1.6 0.78 12.30001 314.1 0 0.09865184 -0.3876837 0.04177367 0.9155458
5.2156 FirstCar -7.561393 0.025 2.97 0 90 0 0 0.7071068 0 0.7071068 13.8889 0
5.2170 Head 0 1.6 0.78 12.30001 314.1 0 0.09865184 -0.3876837 0.04177367 0.9155458
5.2170 FirstCar -7.541739 0.025 2.97 0 90 0 0 0.7071068 0 0.7071068 13.8889 0
5.2184 Head 0 1.6 0.78 12.30001 314.1 0 0.09865184 -0.3876837 0.04177367 0.9155458
5.2184 FirstCar -7.52208 0.025 2.97 0 90 0 0 0.7071068 0 0.7071068 13.8889 0
5.2198 Head 0 1.6 0.78 12.30001 314.1 0 0.09865184 -0.3876837 0.04177367 0.9155458
5.2198 FirstCar -7.503417 0.025 2.97 0 90 0 0 0.7071068 0 0.7071068 13.8889 0
5.2211 Head 0 1.6 0.78 12.30001 314.1 0 0.09865184 -0.3876837 0.04177367 0.9155458
5.2211 FirstCar -7.48427 0.025 2.97 0 90 0 0 0.7071068 0 0.7071068 13.8889 0
5.2225 Head 0 1.6 0.78 12.30001 314.1 0 0.09865184 -0.3876837 0.04177367 0.9155458
5.2225 FirstCar -7.46482 0.025 2.97 0 90 0 0 0.7071068 0 0.7071068 13.8889 0
5.2239 Head 0 1.6 0.78 12.30001 314.1 0 0.09865184 -0.3876837 0.04177367 0.9155458
5.2239 FirstCar -7.446109 0.025 2.97 0 90 0 0 0.7071068 0 0.7071068 13.8889 0
5.2256 Head 0 1.6 0.78 12.30001 314.1 0 0.09865184 -0.3876837 0.04177367 0.9155458
5.2256 FirstCar -7.422234 0.025 2.97 0 90 0 0 0.7071068 0 0.7071068 13.8889 0
5.2276 Head 0 1.6 0.78 12.30001 314.1 0 0.09865184 -0.3876837 0.04177367 0.9155458
5.2276 FirstCar -7.394272 0.025 2.97 0 90 0 0 0.7071068 0 0.7071068 13.8889 0
5.2292 Head 0 1.6 0.78 12.30001 314.1 0 0.09865184 -0.3876837 0.04177367 0.9155458
5.2292 FirstCar -7.371861 0.025 2.97 0 90 0 0 0.7071068 0 0.7071068 13.8889 0
5.2309 Head 0 1.6 0.78 12.30001 314.1 0 0.09865184 -0.3876837 0.04177367 0.9155458
5.2309 FirstCar -7.349026 0.025 2.97 0 90 0 0 0.7071068 0 0.7071068 13.8889 0
5.2324 Head 0 1.6 0.78 12.30001 314.1 0 0.09865184 -0.3876837 0.04177367 0.9155458
5.2324 FirstCar -7.327109 0.025 2.97 0 90 0 0 0.7071068 0 0.7071068 13.8889 0
5.2341 Head 0 1.6 0.78 12.30001 314.1 0 0.09865184 -0.3876837 0.04177367 0.9155458
5.2341 FirstCar -7.303544 0.025 2.97 0 90 0 0 0.7071068 0 0.7071068 13.8889 0
5.2357 Head 0 1.6 0.78 12.30001 314.1 0 0.09865184 -0.3876837 0.04177367 0.9155458
5.2357 FirstCar -7.281312 0.025 2.97 0 90 0 0 0.7071068 0 0.7071068 13.8889 0
5.2373 Head 0 1.6 0.78 12.30001 314.1 0 0.09865184 -0.3876837 0.04177367 0.9155458
5.2373 FirstCar -7.259034 0.025 2.97 0 90 0 0 0.7071068 0 0.7071068 13.8889 0
5.2390 Head 0 1.6 0.78 12.30001 314.1 0 0.09865184 -0.3876837 0.04177367 0.9155458
5.2390 FirstCar -7.235462 0.025 2.97 0 90 0 0 0.7071068 0 0.7071068 13.8889 0
5.2408 Head 0 1.6 0.78 12.30001 314.1 0 0.09865184 -0.3876837 0.04177367 0.9155458
5.2408 FirstCar -7.210727 0.025 2.97 0 90 0 0 0.7071068 0 0.7071068 13.8889 0
5.2425 Head 0 1.6 0.78 12.30001 314.1 0 0.09865184 -0.3876837 0.04177367 0.9155458
5.2425 FirstCar -7.187181 0.025 2.97 0 90 0 0 0.7071068 0 0.7071068 13.8889 0
5.2441 Head 0 1.6 0.78 12.30001 314.1 0 0.09865184 -0.3876837 0.04177367 0.9155458
5.2441 FirstCar -7.165743 0.025 2.97 0 90 0 0 0.7071068 0 0.7071068 13.8889 0
5.2457 Head 0 1.6 0.78 12.30001 314.1 0 0.09865184 -0.3876837 0.04177367 0.9155458
5.2457 FirstCar -7.142607 0.025 2.97 0 90 0 0 0.7071068 0 0.7071068 13.8889 0
5.2475 Head 0 1.6 0.78 12.30001 314.1 0 0.09865184 -0.3876837 0.04177367 0.9155458
5.2475 FirstCar -7.117453 0.025 2.97 0 90 0 0 0.7071068 0 0.7071068 13.8889 0
5.2490 Head 0 1.6 0.78 12.30001 314.1 0 0.09865184 -0.3876837 0.04177367 0.9155458
5.2490 FirstCar -7.097632 0.025 2.97 0 90 0 0 0.7071068 0 0.7071068 13.8889 0
5.2504 Head 0 1.6 0.78 12.30001 314.1 0 0.09865184 -0.3876837 0.04177367 0.9155458
5.2504 FirstCar -7.078155 0.025 2.97 0 90 0 0 0.7071068 0 0.7071068 13.8889 0
5.2518 Head 0 1.6 0.78 12.30001 314.1 0 0.09865184 -0.3876837 0.04177367 0.9155458
5.2518 FirstCar -7.058799 0.025 2.97 0 90 0 0 0.7071068 0 0.7071068 13.8889 0
5.2532 Head 0 1.6 0.78 12.30001 314.1 0 0.09865184 -0.3876837 0.04177367 0.9155458
5.2532 FirstCar -7.039164 0.025 2.97 0 90 0 0 0.7071068 0 0.7071068 13.8889 0
5.2547 Head 0 1.6 0.78 12.30001 314.1 0 0.09865184 -0.3876837 0.04177367 0.9155458
5.2547 FirstCar -7.018631 0.025 2.97 0 90 0 0 0.7071068 0 0.7071068 13.8889 0
5.2562 Head 0 1.6 0.78 12.30001 314.1 0 0.09865184 -0.3876837 0.04177367 0.9155458
5.2562 FirstCar -6.997469 0.025 2.97 0 90 0 0 0.7071068 0 0.7071068 13.8889 0
5.2578 Head 0 1.6 0.78 12.30001 314.1 0 0.09865184 -0.3876837 0.04177367 0.9155458
5.2578 FirstCar -6.974431 0.025 2.97 0 90 0 0 0.7071068 0 0.7071068 13.8889 0
5.2601 Head 0 1.6 0.78 12.30001 314.1 0 0.09865184 -0.3876837 0.04177367 0.9155458
5.2601 FirstCar -6.943365 0.025 2.97 0 90 0 0 0.7071068 0 0.7071068 13.8889 0
5.2617 Head 0 1.6 0.78 12.30001 314.1 0 0.09865184 -0.3876837 0.04177367 0.9155458
5.2617 FirstCar -6.920458 0.025 2.97 0 90 0 0 0.7071068 0 0.7071068 13.8889 0
5.2634 Head 0 1.6 0.78 12.30001 314.1 0 0.09865184 -0.3876837 0.04177367 0.9155458
5.2634 FirstCar -6.897697 0.025 2.97 0 90 0 0 0.7071068 0 0.7071068 13.8889 0
5.2649 Head 0 1.6 0.78 12.30001 314.1 0 0.09865184 -0.3876837 0.04177367 0.9155458
5.2649 FirstCar -6.876245 0.025 2.97 0 90 0 0 0.7071068 0 0.7071068 13.8889 0
5.2667 Head 0 1.6 0.78 12.30001 314.1 0 0.09865184 -0.3876837 0.04177367 0.9155458
5.2667 FirstCar -6.851212 0.025 2.97 0 90 0 0 0.7071068 0 0.7071068 13.8889 0
5.2682 Head 0 1.6 0.78 12.30001 314.1 0 0.09865184 -0.3876837 0.04177367 0.9155458
5.2682 FirstCar -6.830579 0.025 2.97 0 90 0 0 0.7071068 0 0.7071068 13.8889 0
5.2696 Head 0 1.6 0.78 12.30001 314.1 0 0.09865184 -0.3876837 0.04177367 0.9155458
5.2696 FirstCar -6.810933 0.025 2.97 0 90 0 0 0.7071068 0 0.7071068 13.8889 0
5.2710 Head 0 1.6 0.78 12.30001 314.1 0 0.09865184 -0.3876837 0.04177367 0.9155458
5.2710 FirstCar -6.792139 0.025 2.97 0 90 0 0 0.7071068 0 0.7071068 13.8889 0
5.2724 Head 0 1.6 0.78 12.30001 314.1 0 0.09865184 -0.3876837 0.04177367 0.9155458
5.2724 FirstCar -6.772778 0.025 2.97 0 90 0 0 0.7071068 0 0.7071068 13.8889 0
5.2737 Head 0 1.6 0.78 12.30001 314.1 0 0.09865184 -0.3876837 0.04177367 0.9155458
5.2737 FirstCar -6.753494 0.025 2.97 0 90 0 0 0.7071068 0 0.7071068 13.8889 0
5.2751 Head 0 1.6 0.78 12.30001 314.1 0 0.09865184 -0.3876837 0.04177367 0.9155458
5.2751 FirstCar -6.734757 0.025 2.97 0 90 0 0 0.7071068 0 0.7071068 13.8889 0
5.2765 Head 0 1.6 0.78 12.30001 314.1 0 0.09865184 -0.3876837 0.04177367 0.9155458
5.2765 FirstCar -6.71509 0.025 2.97 0 90 0 0 0.7071068 0 0.7071068 13.8889 0
5.2779 Head 0 1.6 0.78 12.30001 314.1 0 0.09865184 -0.3876837 0.04177367 0.9155458
5.2779 FirstCar -6.69545 0.025 2.97 0 90 0 0 0.7071068 0 0.7071068 13.8889 0
5.2794 Head 0 1.6 0.78 12.30001 314.1 0 0.09865184 -0.3876837 0.04177367 0.9155458
5.2794 FirstCar -6.674867 0.025 2.97 0 90 0 0 0.7071068 0 0.7071068 13.8889 0
5.2816 Head 0 1.6 0.78 12.30001 314.1 0 0.09865184 -0.3876837 0.04177367 0.9155458
5.2816 FirstCar -6.644504 0.025 2.97 0 90 0 0 0.7071068 0 0.7071068 13.8889 0
5.2831 Head 0 1.6 0.78 12.30001 314.1 0 0.09865184 -0.3876837 0.04177367 0.9155458
5.2831 FirstCar -6.623811 0.025 2.97 0 90 0 0 0.7071068 0 0.7071068 13.8889 0
5.2845 Head 0 1.6 0.78 12.30001 314.1 0 0.09865184 -0.3876837 0.04177367 0.9155458
5.2845 FirstCar -6.604155 0.025 2.97 0 90 0 0 0.7071068 0 0.7071068 13.8889 0
5.2860 Head 0 1.6 0.78 12.30001 314.1 0 0.09865184 -0.3876837 0.04177367 0.9155458
5.2860 FirstCar -6.583781 0.025 2.97 0 90 0 0 0.7071068 0 0.7071068 13.8889 0
5.2876 Head 0 1.6 0.78 12.30001 314.1 0 0.09865184 -0.3876837 0.04177367 0.9155458
5.2876 FirstCar -6.560594 0.025 2.97 0 90 0 0 0.7071068 0 0.7071068 13.8889 0
5.2891 Head 0 1.6 0.78 12.30001 314.1 0 0.09865184 -0.3876837 0.04177367 0.9155458
5.2891 FirstCar -6.539669 0.025 2.97 0 90 0 0 0.7071068 0 0.7071068 13.8889 0
5.2907 Head 0 1.6 0.78 12.30001 314.1 0 0.09865184 -0.3876837 0.04177367 0.9155458
5.2907 FirstCar -6.518698 0.025 2.97 0 90 0 0 0.7071068 0 0.7071068 13.8889 0
5.2921 Head 0 1.6 0.78 12.30001 314.1 0 0.09865184 -0.3876837 0.04177367 0.9155458
5.2921 FirstCar -6.498113 0.025 2.97 0 90 0 0 0.7071068 0 0.7071068 13.8889 0
5.2937 Head 0 1.6 0.78 12.30001 314.1 0 0.09865184 -0.3876837 0.04177367 0.9155458
5.2937 FirstCar -6.476205 0.025 2.97 0 90 0 0 0.7071068 0 0.7071068 13.8889 0
5.2955 Head 0 1.6 0.78 12.30001 314.1 0 0.09865184 -0.3876837 0.04177367 0.9155458
5.2955 FirstCar -6.451765 0.025 2.97 0 90 0 0 0.7071068 0 0.7071068 13.8889 0
5.2972 Head 0 1.6 0.78 12.30001 314.1 0 0.09865184 -0.3876837 0.04177367 0.9155458
5.2972 FirstCar -6.427874 0.025 2.97 0 90 0 0 0.7071068 0 0.7071068 13.8889 0
5.2986 Head 0 1.6 0.78 12.30001 314.1 0 0.09865184 -0.3876837 0.04177367 0.9155458
5.2986 FirstCar -6.407789 0.025 2.97 0 90 0 0 0.7071068 0 0.7071068 13.8889 0
5.3000 Head 0 1.6 0.78 12.30001 314.1 0 0.09865184 -0.3876837 0.04177367 0.9155458
5.3000 FirstCar -6.388512 0.025 2.97 0 90 0 0 0.7071068 0 0.7071068 13.8889 0
5.3015 Head 0 1.6 0.78 12.30001 314.1 0 0.09865184 -0.3876837 0.04177367 0.9155458
5.3015 FirstCar -6.368081 0.025 2.97 0 90 0 0 0.7071068 0 0.7071068 13.8889 0
5.3030 Head 0 1.6 0.78 12.30001 314.1 0 0.09865184 -0.3876837 0.04177367 0.9155458
5.3030 FirstCar -6.347467 0.025 2.97 0 90 0 0 0.7071068 0 0.7071068 13.8889 0
5.3045 Head 0 1.6 0.78 12.30001 314.1 0 0.09865184 -0.3876837 0.04177367 0.9155458
5.3045 FirstCar -6.326083 0.025 2.97 0 90 0 0 0.7071068 0 0.7071068 13.8889 0
5.3064 Head 0 1.6 0.78 12.30001 314.1 0 0.09865184 -0.3876837 0.04177367 0.9155458
5.3064 FirstCar -6.300626 0.025 2.97 0 90 0 0 0.7071068 0 0.7071068 13.8889 0
5.3083 Head 0 1.6 0.78 12.30001 314.1 0 0.09865184 -0.3876837 0.04177367 0.9155458
5.3083 FirstCar -6.274119 0.025 2.97 0 90 0 0 0.7071068 0 0.7071068 13.8889 0
5.3098 Head 0 1.6 0.78 12.30001 314.1 0 0.09865184 -0.3876837 0.04177367 0.9155458
5.3098 FirstCar -6.252192 0.025 2.97 0 90 0 0 0.7071068 0 0.7071068 13.8889 0
5.3114 Head 0 1.6 0.78 12.30001 314.1 0 0.09865184 -0.3876837 0.04177367 0.9155458
5.3114 FirstCar -6.230922 0.025 2.97 0 90 0 0 0.7071068 0 0.7071068 13.8889 0
5.3128 Head 0 1.6 0.78 12.30001 314.1 0 0.09865184 -0.3876837 0.04177367 0.9155458
5.3128 FirstCar -6.21103 0.025 2.97 0 90 0 0 0.7071068 0 0.7071068 13.8889 0
5.3143 Head 0 1.6 0.78 12.30001 314.1 0 0.09865184 -0.3876837 0.04177367 0.9155458
5.3143 FirstCar -6.190302 0.025 2.97 0 90 0 0 0.7071068 0 0.7071068 13.8889 0
5.3158 Head 0 1.6 0.78 12.30001 314.1 0 0.09865184 -0.3876837 0.04177367 0.9155458
5.3158 FirstCar -6.170008 0.025 2.97 0 90 0 0 0.7071068 0 0.7071068 13.8889 0
5.3171 Head 0 1.6 0.78 12.30001 314.1 0 0.09865184 -0.3876837 0.04177367 0.9155458
5.3171 FirstCar -6.150822 0.025 2.97 0 90 0 0 0.7071068 0 0.7071068 13.8889 0
5.3185 Head 0 1.6 0.78 12.30001 314.1 0 0.09865184 -0.3876837 0.04177367 0.9155458
5.3185 FirstCar -6.131415 0.025 2.97 0 90 0 0 0.7071068 0 0.7071068 13.8889 0
5.3200 Head 0 1.6 0.78 12.30001 314.1 0 0.09865184 -0.3876837 0.04177367 0.9155458
5.3200 FirstCar -6.111729 0.025 2.97 0 90 0 0 0.7071068 0 0.7071068 13.8889 0
5.3214 Head 0 1.6 0.78 12.30001 314.1 0 0.09865184 -0.3876837 0.04177367 0.9155458
5.3214 FirstCar -6.091377 0.025 2.97 0 90 0 0 0.7071068 0 0.7071068 13.8889 0
5.3229 Head 0 1.6 0.78 12.30001 314.1 0 0.09865184 -0.3876837 0.04177367 0.9155458
5.3229 FirstCar -6.071448 0.025 2.97 0 90 0 0 0.7071068 0 0.7071068 13.8889 0
5.3243 Head 0 1.6 0.78 12.30001 314.1 0 0.09865184 -0.3876837 0.04177367 0.9155458
5.3243 FirstCar -6.0509 0.025 2.97 0 90 0 0 0.7071068 0 0.7071068 13.8889 0
5.3260 Head 0 1.6 0.78 12.30001 314.1 0 0.09865184 -0.3876837 0.04177367 0.9155458
5.3260 FirstCar -6.028085 0.025 2.97 0 90 0 0 0.7071068 0 0.7071068 13.8889 0
5.3280 Head 0 1.6 0.78 12.30001 314.1 0 0.09865184 -0.3876837 0.04177367 0.9155458
5.3280 FirstCar -5.999828 0.025 2.97 0 90 0 0 0.7071068 0 0.7071068 13.8889 0
5.3296 Head 0 1.6 0.78 12.30001 314.1 0 0.09865184 -0.3876837 0.04177367 0.9155458
5.3296 FirstCar -5.978092 0.025 2.97 0 90 0 0 0.7071068 0 0.7071068 13.8889 0
5.3310 Head 0 1.6 0.78 12.30001 314.1 0 0.09865184 -0.3876837 0.04177367 0.9155458
5.3310 FirstCar -5.957899 0.025 2.97 0 90 0 0 0.7071068 0 0.7071068 13.8889 0
5.3325 Head 0 1.6 0.78 12.30001 314.1 0 0.09865184 -0.3876837 0.04177367 0.9155458
5.3325 FirstCar -5.937899 0.025 2.97 0 90 0 0 0.7071068 0 0.7071068 13.8889 0
5.3339 Head 0 1.6 0.78 12.30001 314.1 0 0.09865184 -0.3876837 0.04177367 0.9155458
5.3339 FirstCar -5.918651 0.025 2.97 0 90 0 0 0.7071068 0 0.7071068 13.8889 0
5.3353 Head 0 1.6 0.78 12.30001 314.1 0 0.09865184 -0.3876837 0.04177367 0.9155458
5.3353 FirstCar -5.898674 0.025 2.97 0 90 0 0 0.7071068 0 0.7071068 13.8889 0
5.3368 Head 0 1.6 0.78 12.30001 314.1 0 0.09865184 -0.3876837 0.04177367 0.9155458
5.3368 FirstCar -5.878341 0.025 2.97 0 90 0 0 0.7071068 0 0.7071068 13.8889 0
5.3381 Head 0 1.6 0.78 12.30001 314.1 0 0.09865184 -0.3876837 0.04177367 0.9155458
5.3381 FirstCar -5.859064 0.025 2.97 0 90 0 0 0.7071068 0 0.7071068 13.8889 0
5.3396 Head 0 1.6 0.78 12.30001 314.1 0 0.09865184 -0.3876837 0.04177367 0.9155458
5.3396 FirstCar -5.839256 0.025 2.97 0 90 0 0 0.7071068 0 0.7071068 13.8889 0
5.3410 Head 0 1.6 0.78 12.30001 314.1 0 0.09865184 -0.3876837 0.04177367 0.9155458
5.3410 FirstCar -5.819817 0.025 2.97 0 90 0 0 0.7071068 0 0.7071068 13.8889 0
5.3424 Head 0 1.6 0.78 12.30001 314.1 0 0.09865184 -0.3876837 0.04177367 0.9155458
5.3424 FirstCar -5.800553 0.025 2.97 0 90 0 0 0.7071068 0 0.7071068 13.8889 0
5.3438 Head 0 1.6 0.78 12.30001 314.1 0 0.09865184 -0.3876837 0.04177367 0.9155458
5.3438 FirstCar -5.780541 0.025 2.97 0 90 0 0 0.7071068 0 0.7071068 13.8889 0
5.3452 Head 0 1.6 0.78 12.30001 314.1 0 0.09865184 -0.3876837 0.04177367 0.9155458
5.3452 FirstCar -5.761051 0.025 2.97 0 90 0 0 0.7071068 0 0.7071068 13.8889 0
5.3469 Head 0 1.6 0.78 12.30001 314.1 0 0.09865184 -0.3876837 0.04177367 0.9155458
5.3469 FirstCar -5.737021 0.025 2.97 0 90 0 0 0.7071068 0 0.7071068 13.8889 0
5.3487 Head 0 1.6 0.78 12.30001 314.1 0 0.09865184 -0.3876837 0.04177367 0.9155458
5.3487 FirstCar -5.712206 0.025 2.97 0 90 0 0 0.7071068 0 0.7071068 13.8889 0
5.3502 Head 0 1.6 0.78 12.30001 314.775 0 0.09889619 -0.382284 0.04119184 0.9178135
5.3502 FirstCar -5.691872 0.025 2.97 0 90 0 0 0.7071068 0 0.7071068 13.8889 0
5.3516 Head 0 1.6 0.78 12.30001 314.775 0 0.09889619 -0.382284 0.04119184 0.9178135
5.3516 FirstCar -5.671552 0.025 2.97 0 90 0 0 0.7071068 0 0.7071068 13.8889 0
5.3530 Head 0 1.6 0.78 12.30001 314.775 0 0.09889619 -0.382284 0.04119184 0.9178135
5.3530 FirstCar -5.652068 0.025 2.97 0 90 0 0 0.7071068 0 0.7071068 13.8889 0
5.3546 Head 0 1.6 0.78 12.30001 314.775 0 0.09889619 -0.382284 0.04119184 0.9178135
5.3546 FirstCar -5.631024 0.025 2.97 0 90 0 0 0.7071068 0 0.7071068 13.8889 0
5.3566 Head 0 1.6 0.78 12.30001 314.775 0 0.09889619 -0.382284 0.04119184 0.9178135
5.3566 FirstCar -5.603348 0.025 2.97 0 90 0 0 0.7071068 0 0.7071068 13.8889 0
5.3583 Head 0 1.6 0.78 12.30001 315.075 0 0.09900369 -0.3798798 0.04093279 0.9188113
5.3583 FirstCar -5.579412 0.025 2.97 0 90 0 0 0.7071068 0 0.7071068 13.8889 0
5.3600 Head 0 1.6 0.78 12.30001 315.075 0 0.09900369 -0.3798798 0.04093279 0.9188113
5.3600 FirstCar -5.555863 0.025 2.97 0 90 0 0 0.7071068 0 0.7071068 13.8889 0
5.3616 Head 0 1.6 0.78 12.30001 315.075 0 0.09900369 -0.3798798 0.04093279 0.9188113
5.3616 FirstCar -5.533496 0.025 2.97 0 90 0 0 0.7071068 0 0.7071068 13.8889 0
5.3633 Head 0 1.6 0.78 12.30001 315.075 0 0.09900369 -0.3798798 0.04093279 0.9188113
5.3633 FirstCar -5.509939 0.025 2.97 0 90 0 0 0.7071068 0 0.7071068 13.8889 0
5.3652 Head 0 1.6 0.78 12.30001 315.075 0 0.09900369 -0.3798798 0.04093279 0.9188113
5.3652 FirstCar -5.482721 0.025 2.97 0 90 0 0 0.7071068 0 0.7071068 13.8889 0
5.3674 Head 0 1.6 0.78 12.30001 315.375 4.36916E-07 0.09911052 -0.3774731 0.04067346 0.9198026
5.3674 FirstCar -5.453066 0.025 2.97 0 90 0 0 0.7071068 0 0.7071068 13.8889 0
5.3692 Head 0 1.6 0.78 12.30001 315.375 4.36916E-07 0.09911052 -0.3774731 0.04067346 0.9198026
5.3692 FirstCar -5.428276 0.025 2.97 0 90 0 0 0.7071068 0 0.7071068 13.8889 0
5.3707 Head 0 1.6 0.78 12.30001 315.375 4.36916E-07 0.09911052 -0.3774731 0.04067346 0.9198026
5.3707 FirstCar -5.40634 0.025 2.97 0 90 0 0 0.7071068 0 0.7071068 13.8889 0
5.3728 Head 0 1.6 0.78 12.30001 315.375 4.36916E-07 0.09911052 -0.3774731 0.04067346 0.9198026
5.3728 FirstCar -5.377214 0.025 2.97 0 90 0 0 0.7071068 0 0.7071068 13.8889 0
5.3746 Head 0 1.6 0.78 12.30001 315.675 0 0.09921666 -0.3750638 0.04041385 0.9207877
5.3746 FirstCar -5.352987 0.025 2.97 0 90 0 0 0.7071068 0 0.7071068 13.8889 0
5.3763 Head 0 1.6 0.78 12.30001 315.675 0 0.09921666 -0.3750638 0.04041385 0.9207877
5.3763 FirstCar -5.328944 0.025 2.97 0 90 0 0 0.7071068 0 0.7071068 13.8889 0
5.3779 Head 0 1.6 0.78 12.30001 315.675 0 0.09921666 -0.3750638 0.04041385 0.9207877
5.3779 FirstCar -5.307166 0.025 2.97 0 90 0 0 0.7071068 0 0.7071068 13.8889 0
5.3793 Head 0 1.6 0.78 12.30001 315.675 0 0.09921666 -0.3750638 0.04041385 0.9207877
5.3793 FirstCar -5.28702 0.025 2.97 0 90 0 0 0.7071068 0 0.7071068 13.8889 0
5.3811 Head 0 1.6 0.78 12.30001 315.675 0 0.09921666 -0.3750638 0.04041385 0.9207877
5.3811 FirstCar -5.26297 0.025 2.97 0 90 0 0 0.7071068 0 0.7071068 13.8889 0
5.3826 Head 0 1.6 0.78 12.30001 315.975 -4.36916E-07 0.09932212 -0.3726519 0.04015397 0.9217665
5.3826 FirstCar -5.24192 0.025 2.97 0 90 0 0 0.7071068 0 0.7071068 13.8889 0
5.3840 Head 0 1.6 0.78 12.30001 315.975 -4.36916E-07 0.09932212 -0.3726519 0.04015397 0.9217665
5.3840 FirstCar -5.222484 0.025 2.97 0 90 0 0 0.7071068 0 0.7071068 13.8889 0
5.3855 Head 0 1.6 0.78 12.30001 315.975 -4.36916E-07 0.09932212 -0.3726519 0.04015397 0.9217665
5.3855 FirstCar -5.20167 0.025 2.97 0 90 0 0 0.7071068 0 0.7071068 13.8889 0
5.3875 Head 0 1.6 0.78 12.30001 315.975 -4.36916E-07 0.09932212 -0.3726519 0.04015397 0.9217665
5.3875 FirstCar -5.173621 0.025 2.97 0 90 0 0 0.7071068 0 0.7071068 13.8889 0
5.3894 Head 0 1.6 0.78 12.30001 315.975 -4.36916E-07 0.09932212 -0.3726519 0.04015397 0.9217665
5.3894 FirstCar -5.147045 0.025 2.97 0 90 0 0 0.7071068 0 0.7071068 13.8889 0
5.3911 Head 0 1.6 0.78 12.30001 316.275 0 0.0994269 -0.3702375 0.03989381 0.9227389
5.3911 FirstCar -5.123236 0.025 2.97 0 90 0 0 0.7071068 0 0.7071068 13.8889 0
5.3926 Head 0 1.6 0.78 12.30001 316.275 0 0.0994269 -0.3702375 0.03989381 0.9227389
5.3926 FirstCar -5.102206 0.025 2.97 0 90 0 0 0.7071068 0 0.7071068 13.8889 0
5.3940 Head 0 1.6 0.78 12.30001 316.275 0 0.0994269 -0.3702375 0.03989381 0.9227389
5.3940 FirstCar -5.082917 0.025 2.97 0 90 0 0 0.7071068 0 0.7071068 13.8889 0
5.3954 Head 0 1.6 0.78 12.30001 316.275 0 0.0994269 -0.3702375 0.03989381 0.9227389
5.3954 FirstCar -5.063395 0.025 2.97 0 90 0 0 0.7071068 0 0.7071068 13.8889 0
5.3972 Head 0 1.6 0.78 12.30001 316.275 0 0.0994269 -0.3702375 0.03989381 0.9227389
5.3972 FirstCar -5.03844 0.025 2.97 0 90 0 0 0.7071068 0 0.7071068 13.8889 0
5.3992 Head 0 1.6 0.78 12.30001 316.65 -4.36916E-07 0.09955693 -0.3672158 0.03956822 0.9239455
5.3992 FirstCar -5.010708 0.025 2.97 0 90 0 0 0.7071068 0 0.7071068 13.8889 0
5.4007 Head 0 1.6 0.78 12.30001 316.65 -4.36916E-07 0.09955693 -0.3672158 0.03956822 0.9239455
5.4007 FirstCar -4.990178 0.025 2.97 0 90 0 0 0.7071068 0 0.7071068 13.8889 0
5.4021 Head 0 1.6 0.78 12.30001 316.65 -4.36916E-07 0.09955693 -0.3672158 0.03956822 0.9239455
5.4021 FirstCar -4.97074 0.025 2.97 0 90 0 0 0.7071068 0 0.7071068 13.8889 0
5.4035 Head 0 1.6 0.78 12.30001 316.65 -4.36916E-07 0.09955693 -0.3672158 0.03956822 0.9239455
5.4035 FirstCar -4.951589 0.025 2.97 0 90 0 0 0.7071068 0 0.7071068 13.8889 0
5.4054 Head 0 1.6 0.78 12.30001 316.65 -4.36916E-07 0.09955693 -0.3672158 0.03956822 0.9239455
5.4054 FirstCar -4.924864 0.025 2.97 0 90 0 0 0.7071068 0 0.7071068 13.8889 0
5.4075 Head 0 1.6 0.78 12.30001 316.95 0 0.09966017 -0.3647957 0.03930745 0.9249038
5.4075 FirstCar -4.896152 0.025 2.97 0 90 0 0 0.7071068 0 0.7071068 13.8889 0
5.4090 Head 0 1.6 0.78 12.30001 316.95 0 0.09966017 -0.3647957 0.03930745 0.9249038
5.4090 FirstCar -4.874508 0.025 2.97 0 90 0 0 0.7071068 0 0.7071068 13.8889 0
5.4105 Head 0 1.6 0.78 12.30001 316.95 0 0.09966017 -0.3647957 0.03930745 0.9249038
5.4105 FirstCar -4.854289 0.025 2.97 0 90 0 0 0.7071068 0 0.7071068 13.8889 0
5.4119 Head 0 1.6 0.78 12.30001 316.95 0 0.09966017 -0.3647957 0.03930745 0.9249038
5.4119 FirstCar -4.835206 0.025 2.97 0 90 0 0 0.7071068 0 0.7071068 13.8889 0
5.4136 Head 0 1.6 0.78 12.30001 316.95 0 0.09966017 -0.3647957 0.03930745 0.9249038
5.4136 FirstCar -4.811683 0.025 2.97 0 90 0 0 0.7071068 0 0.7071068 13.8889 0
5.4152 Head 0 1.6 0.78 12.30001 317.25 4.36916E-07 0.09976273 -0.362373 0.0390464 0.9258556
5.4152 FirstCar -4.789493 0.025 2.97 0 90 0 0 0.7071068 0 0.7071068 13.8889 0
5.4167 Head 0 1.6 0.78 12.30001 317.25 4.36916E-07 0.09976273 -0.362373 0.0390464 0.9258556
5.4167 FirstCar -4.768028 0.025 2.97 0 90 0 0 0.7071068 0 0.7071068 13.8889 0
5.4182 Head 0 1.6 0.78 12.30001 317.25 4.36916E-07 0.09976273 -0.362373 0.0390464 0.9258556
5.4182 FirstCar -4.747612 0.025 2.97 0 90 0 0 0.7071068 0 0.7071068 13.8889 0
5.4196 Head 0 1.6 0.78 12.30001 317.25 4.36916E-07 0.09976273 -0.362373 0.0390464 0.9258556
5.4196 FirstCar -4.727389 0.025 2.97 0 90 0 0 0.7071068 0 0.7071068 13.8889 0
5.4215 Head 0 1.6 0.78 12.30001 317.25 4.36916E-07 0.09976273 -0.362373 0.0390464 0.9258556
5.4215 FirstCar -4.701095 0.025 2.97 0 90 0 0 0.7071068 0 0.7071068 13.8889 0
5.4232 Head 0 1.6 0.78 12.30001 317.475 -4.36916E-07 0.09983921 -0.3605545 0.03885045 0.9265653
5.4232 FirstCar -4.677218 0.025 2.97 0 90 0 0 0.7071068 0 0.7071068 13.8889 0
5.4248 Head 0 1.6 0.78 12.30001 317.475 -4.36916E-07 0.09983921 -0.3605545 0.03885045 0.9265653
5.4248 FirstCar -4.654959 0.025 2.97 0 90 0 0 0.7071068 0 0.7071068 13.8889 0
5.4268 Head 0 1.6 0.78 12.30001 317.475 -4.36916E-07 0.09983921 -0.3605545 0.03885045 0.9265653
5.4268 FirstCar -4.628278 0.025 2.97 0 90 0 0 0.7071068 0 0.7071068 13.8889 0
5.4288 Head 0 1.6 0.78 12.30001 317.475 -4.36916E-07 0.09983921 -0.3605545 0.03885045 0.9265653
5.4288 FirstCar -4.600003 0.025 2.97 0 90 0 0 0.7071068 0 0.7071068 13.8889 0
5.4305 Head 0 1.6 0.78 12.30001 317.775 0 0.09994058 -0.3581275 0.03858893 0.927506
5.4305 FirstCar -4.576585 0.025 2.97 0 90 0 0 0.7071068 0 0.7071068 13.8889 0
5.4320 Head 0 1.6 0.78 12.30001 317.775 0 0.09994058 -0.3581275 0.03858893 0.927506
5.4320 FirstCar -4.555527 0.025 2.97 0 90 0 0 0.7071068 0 0.7071068 13.8889 0
5.4336 Head 0 1.6 0.78 12.30001 317.775 0 0.09994058 -0.3581275 0.03858893 0.927506
5.4336 FirstCar -4.532777 0.025 2.97 0 90 0 0 0.7071068 0 0.7071068 13.8889 0
5.4352 Head 0 1.6 0.78 12.30001 317.775 0 0.09994058 -0.3581275 0.03858893 0.927506
5.4352 FirstCar -4.510942 0.025 2.97 0 90 0 0 0.7071068 0 0.7071068 13.8889 0
5.4370 Head 0 1.6 0.78 12.30001 317.775 0 0.09994058 -0.3581275 0.03858893 0.927506
5.4370 FirstCar -4.485471 0.025 2.97 0 90 0 0 0.7071068 0 0.7071068 13.8889 0
5.4389 Head 0 1.6 0.78 12.30001 318 0 0.1000162 -0.3563057 0.03839263 0.9282075
5.4389 FirstCar -4.459491 0.025 2.97 0 90 0 0 0.7071068 0 0.7071068 13.8889 0
5.4406 Head 0 1.6 0.78 12.30001 318 0 0.1000162 -0.3563057 0.03839263 0.9282075
5.4406 FirstCar -4.435642 0.025 2.97 0 90 0 0 0.7071068 0 0.7071068 13.8889 0
5.4422 Head 0 1.6 0.78 12.30001 318 0 0.1000162 -0.3563057 0.03839263 0.9282075
5.4422 FirstCar -4.414327 0.025 2.97 0 90 0 0 0.7071068 0 0.7071068 13.8889 0
5.4437 Head 0 1.6 0.78 12.30001 318 0 0.1000162 -0.3563057 0.03839263 0.9282075
5.4437 FirstCar -4.392824 0.025 2.97 0 90 0 0 0.7071068 0 0.7071068 13.8889 0
5.4459 Head 0 1.6 0.78 12.30001 318 0 0.1000162 -0.3563057 0.03839263 0.9282075
5.4459 FirstCar -4.362 0.025 2.97 0 90 0 0 0.7071068 0 0.7071068 13.8889 0
5.4481 Head 0 1.6 0.78 12.30001 318.225 0 0.1000913 -0.3544825 0.03819618 0.9289052
5.4481 FirstCar -4.332153 0.025 2.97 0 90 0 0 0.7071068 0 0.7071068 13.8889 0
5.4497 Head 0 1.6 0.78 12.30001 318.225 0 0.1000913 -0.3544825 0.03819618 0.9289052
5.4497 FirstCar -4.309266 0.025 2.97 0 90 0 0 0.7071068 0 0.7071068 13.8889 0
5.4513 Head 0 1.6 0.78 12.30001 318.225 0 0.1000913 -0.3544825 0.03819618 0.9289052
5.4513 FirstCar -4.28677 0.025 2.97 0 90 0 0 0.7071068 0 0.7071068 13.8889 0
5.4532 Head 0 1.6 0.78 12.30001 318.225 0 0.1000913 -0.3544825 0.03819618 0.9289052
5.4532 FirstCar -4.261683 0.025 2.97 0 90 0 0 0.7071068 0 0.7071068 13.8889 0
5.4548 Head 0 1.6 0.78 12.30001 318.375 0 0.1001413 -0.3532662 0.03806512 0.9293685
5.4548 FirstCar -4.238537 0.025 2.97 0 90 0 0 0.7071068 0 0.7071068 13.8889 0
5.4564 Head 0 1.6 0.78 12.30001 318.375 0 0.1001413 -0.3532662 0.03806512 0.9293685
5.4564 FirstCar -4.216627 0.025 2.97 0 90 0 0 0.7071068 0 0.7071068 13.8889 0
5.4579 Head 0 1.6 0.78 12.30001 318.375 0 0.1001413 -0.3532662 0.03806512 0.9293685
5.4579 FirstCar -4.196372 0.025 2.97 0 90 0 0 0.7071068 0 0.7071068 13.8889 0
5.4593 Head 0 1.6 0.78 12.30001 318.375 0 0.1001413 -0.3532662 0.03806512 0.9293685
5.4593 FirstCar -4.176024 0.025 2.97 0 90 0 0 0.7071068 0 0.7071068 13.8889 0
5.4611 Head 0 1.6 0.78 12.30001 318.375 0 0.1001413 -0.3532662 0.03806512 0.9293685
5.4611 FirstCar -4.150881 0.025 2.97 0 90 0 0 0.7071068 0 0.7071068 13.8889 0
5.4627 Head 0 1.6 0.78 12.30001 318.6 0 0.1002158 -0.3514408 0.03786843 0.9300603
5.4627 FirstCar -4.129073 0.025 2.97 0 90 0 0 0.7071068 0 0.7071068 13.8889 0
5.4642 Head 0 1.6 0.78 12.30001 318.6 0 0.1002158 -0.3514408 0.03786843 0.9300603
5.4642 FirstCar -4.108215 0.025 2.97 0 90 0 0 0.7071068 0 0.7071068 13.8889 0
5.4658 Head 0 1.6 0.78 12.30001 318.6 0 0.1002158 -0.3514408 0.03786843 0.9300603
5.4658 FirstCar -4.086422 0.025 2.97 0 90 0 0 0.7071068 0 0.7071068 13.8889 0
5.4680 Head 0 1.6 0.78 12.30001 318.6 0 0.1002158 -0.3514408 0.03786843 0.9300603
5.4680 FirstCar -4.055901 0.025 2.97 0 90 0 0 0.7071068 0 0.7071068 13.8889 0
5.4700 Head 0 1.6 0.78 12.30001 318.6 0 0.1002158 -0.3514408 0.03786843 0.9300603
5.4700 FirstCar -4.027122 0.025 2.97 0 90 0 0 0.7071068 0 0.7071068 13.8889 0
5.4720 Head 0 1.6 0.78 12.30001 318.9 -4.36916E-07 0.1003146 -0.3490047 0.03760593 0.9309772
5.4720 FirstCar -4.000419 0.025 2.97 0 90 0 0 0.7071068 0 0.7071068 13.8889 0
5.4736 Head 0 1.6 0.78 12.30001 318.9 -4.36916E-07 0.1003146 -0.3490047 0.03760593 0.9309772
5.4736 FirstCar -3.977134 0.025 2.97 0 90 0 0 0.7071068 0 0.7071068 13.8889 0
5.4751 Head 0 1.6 0.78 12.30001 318.9 -4.36916E-07 0.1003146 -0.3490047 0.03760593 0.9309772
5.4751 FirstCar -3.956655 0.025 2.97 0 90 0 0 0.7071068 0 0.7071068 13.8889 0
5.4769 Head 0 1.6 0.78 12.30001 318.9 -4.36916E-07 0.1003146 -0.3490047 0.03760593 0.9309772
5.4769 FirstCar -3.931661 0.025 2.97 0 90 0 0 0.7071068 0 0.7071068 13.8889 0
5.4792 Head 0 1.6 0.78 12.30001 319.275 -4.36916E-07 0.1004371 -0.3459562 0.03727745 0.9321144
5.4792 FirstCar -3.899337 0.025 2.97 0 90 0 0 0.7071068 0 0.7071068 13.8889 0
5.4807 Head 0 1.6 0.78 12.30001 319.275 -4.36916E-07 0.1004371 -0.3459562 0.03727745 0.9321144
5.4807 FirstCar -3.878659 0.025 2.97 0 90 0 0 0.7071068 0 0.7071068 13.8889 0
5.4821 Head 0 1.6 0.78 12.30001 319.275 -4.36916E-07 0.1004371 -0.3459562 0.03727745 0.9321144
5.4821 FirstCar -3.859376 0.025 2.97 0 90 0 0 0.7071068 0 0.7071068 13.8889 0
5.4835 Head 0 1.6 0.78 12.30001 319.275 -4.36916E-07 0.1004371 -0.3459562 0.03727745 0.9321144
5.4835 FirstCar -3.840464 0.025 2.97 0 90 0 0 0.7071068 0 0.7071068 13.8889 0
5.4854 Head 0 1.6 0.78 12.30001 319.275 -4.36916E-07 0.1004371 -0.3459562 0.03727745 0.9321144
5.4854 FirstCar -3.814159 0.025 2.97 0 90 0 0 0.7071068 0 0.7071068 13.8889 0
5.4873 Head 0 1.6 0.78 12.30001 319.65 0 0.1005586 -0.342904 0.03694857 0.9332415
5.4873 FirstCar -3.787304 0.025 2.97 0 90 0 0 0.7071068 0 0.7071068 13.8889 0
5.4889 Head 0 1.6 0.78 12.30001 319.65 0 0.1005586 -0.342904 0.03694857 0.9332415
5.4889 FirstCar -3.764891 0.025 2.97 0 90 0 0 0.7071068 0 0.7071068 13.8889 0
5.4904 Head 0 1.6 0.78 12.30001 319.65 0 0.1005586 -0.342904 0.03694857 0.9332415
5.4904 FirstCar -3.744359 0.025 2.97 0 90 0 0 0.7071068 0 0.7071068 13.8889 0
5.4918 Head 0 1.6 0.78 12.30001 319.65 0 0.1005586 -0.342904 0.03694857 0.9332415
5.4918 FirstCar -3.724444 0.025 2.97 0 90 0 0 0.7071068 0 0.7071068 13.8889 0
5.4939 Head 0 1.6 0.78 12.30001 319.65 0 0.1005586 -0.342904 0.03694857 0.9332415
5.4939 FirstCar -3.696382 0.025 2.97 0 90 0 0 0.7071068 0 0.7071068 13.8889 0
5.4957 Head 0 1.6 0.78 12.30001 320.025 0 0.100679 -0.3398481 0.03661929 0.9343587
5.4957 FirstCar -3.671412 0.025 2.97 0 90 0 0 0.7071068 0 0.7071068 13.8889 0
5.4974 Head 0 1.6 0.78 12.30001 320.025 0 0.100679 -0.3398481 0.03661929 0.9343587
5.4974 FirstCar -3.647043 0.025 2.97 0 90 0 0 0.7071068 0 0.7071068 13.8889 0
5.4994 Head 0 1.6 0.78 12.30001 320.025 0 0.100679 -0.3398481 0.03661929 0.9343587
5.4994 FirstCar -3.619206 0.025 2.97 0 90 0 0 0.7071068 0 0.7071068 13.8889 0
5.5015 Head 0 1.6 0.78 12.30001 320.025 0 0.100679 -0.3398481 0.03661929 0.9343587
5.5015 FirstCar -3.590212 0.025 2.97 0 90 0 0 0.7071068 0 0.7071068 13.8889 0
5.5035 Head 0 1.6 0.78 12.375 320.4 0 0.1014105 -0.3367648 0.03651005 0.9353996
5.5035 FirstCar -3.562274 0.025 2.97 0 90 0 0 0.7071068 0 0.7071068 13.8889 0
5.5056 Head 0 1.6 0.78 12.375 320.4 0 0.1014105 -0.3367648 0.03651005 0.9353996
5.5056 FirstCar -3.532993 0.025 2.97 0 90 0 0 0.7071068 0 0.7071068 13.8889 0
5.5078 Head 0 1.6 0.78 12.375 320.4 0 0.1014105 -0.3367648 0.03651005 0.9353996
5.5078 FirstCar -3.502483 0.025 2.97 0 90 0 0 0.7071068 0 0.7071068 13.8889 0
5.5099 Head 0 1.6 0.78 12.375 320.4 0 0.1014105 -0.3367648 0.03651005 0.9353996
5.5099 FirstCar -3.473458 0.025 2.97 0 90 0 0 0.7071068 0 0.7071068 13.8889 0
5.5116 Head 0 1.6 0.78 12.37501 320.775 0 0.1015294 -0.3337019 0.03617799 0.9364967
5.5116 FirstCar -3.449562 0.025 2.97 0 90 0 0 0.7071068 0 0.7071068 13.8889 0
5.5132 Head 0 1.6 0.78 12.37501 320.775 0 0.1015294 -0.3337019 0.03617799 0.9364967
5.5132 FirstCar -3.42709 0.025 2.97 0 90 0 0 0.7071068 0 0.7071068 13.8889 0
5.5147 Head 0 1.6 0.78 12.37501 320.775 0 0.1015294 -0.3337019 0.03617799 0.9364967
5.5147 FirstCar -3.406502 0.025 2.97 0 90 0 0 0.7071068 0 0.7071068 13.8889 0
5.5166 Head 0 1.6 0.78 12.37501 320.775 0 0.1015294 -0.3337019 0.03617799 0.9364967
5.5166 FirstCar -3.380466 0.025 2.97 0 90 0 0 0.7071068 0 0.7071068 13.8889 0
5.5182 Head 0 1.6 0.78 12.37501 321.225 0 0.1016707 -0.3300218 0.03577901 0.9377999
5.5182 FirstCar -3.357776 0.025 2.97 0 90 0 0 0.7071068 0 0.7071068 13.8889 0
5.5201 Head 0 1.6 0.78 12.37501 321.225 0 0.1016707 -0.3300218 0.03577901 0.9377999
5.5201 FirstCar -3.33255 0.025 2.97 0 90 0 0 0.7071068 0 0.7071068 13.8889 0
5.5217 Head 0 1.6 0.78 12.37501 321.225 0 0.1016707 -0.3300218 0.03577901 0.9377999
5.5217 FirstCar -3.309708 0.025 2.97 0 90 0 0 0.7071068 0 0.7071068 13.8889 0
5.5234 Head 0 1.6 0.78 12.37501 321.225 0 0.1016707 -0.3300218 0.03577901 0.9377999
5.5234 FirstCar -3.286175 0.025 2.97 0 90 0 0 0.7071068 0 0.7071068 13.8889 0
5.5252 Head 0 1.6 0.78 12.37501 321.225 0 0.1016707 -0.3300218 0.03577901 0.9377999
5.5252 FirstCar -3.260736 0.025 2.97 0 90 0 0 0.7071068 0 0.7071068 13.8889 0
5.5271 Head 0 1.6 0.78 12.37501 321.675 0 0.1018104 -0.3263365 0.03537947 0.9390886
5.5271 FirstCar -3.234219 0.025 2.97 0 90 0 0 0.7071068 0 0.7071068 13.8889 0
5.5287 Head 0 1.6 0.78 12.37501 321.675 0 0.1018104 -0.3263365 0.03537947 0.9390886
5.5287 FirstCar -3.212219 0.025 2.97 0 90 0 0 0.7071068 0 0.7071068 13.8889 0
5.5302 Head 0 1.6 0.78 12.37501 321.675 0 0.1018104 -0.3263365 0.03537947 0.9390886
5.5302 FirstCar -3.191197 0.025 2.97 0 90 0 0 0.7071068 0 0.7071068 13.8889 0
5.5317 Head 0 1.6 0.78 12.37501 321.675 0 0.1018104 -0.3263365 0.03537947 0.9390886
5.5317 FirstCar -3.170443 0.025 2.97 0 90 0 0 0.7071068 0 0.7071068 13.8889 0
5.5337 Head 0 1.6 0.78 12.37501 321.675 0 0.1018104 -0.3263365 0.03537947 0.9390886
5.5337 FirstCar -3.143223 0.025 2.97 0 90 0 0 0.7071068 0 0.7071068 13.8889 0
5.5357 Head 0 1.6 0.78 12.45001 322.05 0 0.102541 -0.3232386 0.03525767 0.9400846
5.5357 FirstCar -3.114702 0.025 2.97 0 90 0 0 0.7071068 0 0.7071068 13.8889 0
5.5375 Head 0 1.6 0.78 12.45001 322.05 0 0.102541 -0.3232386 0.03525767 0.9400846
5.5375 FirstCar -3.090915 0.025 2.97 0 90 0 0 0.7071068 0 0.7071068 13.8889 0
5.5390 Head 0 1.6 0.78 12.45001 322.05 0 0.102541 -0.3232386 0.03525767 0.9400846
5.5390 FirstCar -3.069244 0.025 2.97 0 90 0 0 0.7071068 0 0.7071068 13.8889 0
5.5408 Head 0 1.6 0.78 12.45001 322.05 0 0.102541 -0.3232386 0.03525767 0.9400846
5.5408 FirstCar -3.045006 0.025 2.97 0 90 0 0 0.7071068 0 0.7071068 13.8889 0
5.5422 Head 0 1.6 0.78 12.45001 322.5 4.37167E-07 0.1026786 -0.3195443 0.03485473 0.9413467
5.5422 FirstCar -3.024569 0.025 2.97 0 90 0 0 0.7071068 0 0.7071068 13.8889 0
5.5436 Head 0 1.6 0.78 12.45001 322.5 4.37167E-07 0.1026786 -0.3195443 0.03485473 0.9413467
5.5436 FirstCar -3.004927 0.025 2.97 0 90 0 0 0.7071068 0 0.7071068 13.8889 0
5.5451 Head 0 1.6 0.78 12.45001 322.5 4.37167E-07 0.1026786 -0.3195443 0.03485473 0.9413467
5.5451 FirstCar -2.985306 0.025 2.97 0 90 0 0 0.7071068 0 0.7071068 13.8889 0
5.5475 Head 0 1.6 0.78 12.45001 322.5 4.37167E-07 0.1026786 -0.3195443 0.03485473 0.9413467
5.5475 FirstCar -2.951827 0.025 2.97 0 90 0 0 0.7071068 0 0.7071068 13.8889 0
5.5493 Head 0 1.6 0.78 12.45001 322.5 4.37167E-07 0.1026786 -0.3195443 0.03485473 0.9413467
5.5493 FirstCar -2.92696 0.025 2.97 0 90 0 0 0.7071068 0 0.7071068 13.8889 0
5.5507 Head 0 1.6 0.78 12.45001 322.95 0 0.1028147 -0.3158453 0.03445124 0.9425943
5.5507 FirstCar -2.906609 0.025 2.97 0 90 0 0 0.7071068 0 0.7071068 13.8889 0
5.5522 Head 0 1.6 0.78 12.45001 322.95 0 0.1028147 -0.3158453 0.03445124 0.9425943
5.5522 FirstCar -2.885958 0.025 2.97 0 90 0 0 0.7071068 0 0.7071068 13.8889 0
5.5537 Head 0 1.6 0.78 12.45001 322.95 0 0.1028147 -0.3158453 0.03445124 0.9425943
5.5537 FirstCar -2.865123 0.025 2.97 0 90 0 0 0.7071068 0 0.7071068 13.8889 0
5.5551 Head 0 1.6 0.78 12.45001 322.95 0 0.1028147 -0.3158453 0.03445124 0.9425943
5.5551 FirstCar -2.845273 0.025 2.97 0 90 0 0 0.7071068 0 0.7071068 13.8889 0
5.5569 Head 0 1.6 0.78 12.45001 322.95 0 0.1028147 -0.3158453 0.03445124 0.9425943
5.5569 FirstCar -2.820215 0.025 2.97 0 90 0 0 0.7071068 0 0.7071068 13.8889 0
5.5585 Head 0 1.6 0.78 12.52501 323.55 0 0.1036117 -0.3108833 0.03411591 0.9441676
5.5585 FirstCar -2.798787 0.025 2.97 0 90 0 0 0.7071068 0 0.7071068 13.8889 0
5.5600 Head 0 1.6 0.78 12.52501 323.55 0 0.1036117 -0.3108833 0.03411591 0.9441676
5.5600 FirstCar -2.777137 0.025 2.97 0 90 0 0 0.7071068 0 0.7071068 13.8889 0
5.5618 Head 0 1.6 0.78 12.52501 323.55 0 0.1036117 -0.3108833 0.03411591 0.9441676
5.5618 FirstCar -2.753403 0.025 2.97 0 90 0 0 0.7071068 0 0.7071068 13.8889 0
5.5633 Head 0 1.6 0.78 12.52501 323.55 0 0.1036117 -0.3108833 0.03411591 0.9441676
5.5633 FirstCar -2.731394 0.025 2.97 0 90 0 0 0.7071068 0 0.7071068 13.8889 0
5.5653 Head 0 1.6 0.78 12.52501 323.55 0 0.1036117 -0.3108833 0.03411591 0.9441676
5.5653 FirstCar -2.703855 0.025 2.97 0 90 0 0 0.7071068 0 0.7071068 13.8889 0
5.5674 Head 0 1.6 0.78 12.52501 324 4.372937E-07 0.1037448 -0.3071731 0.03370877 0.9453811
5.5674 FirstCar -2.675502 0.025 2.97 0 90 0 0 0.7071068 0 0.7071068 13.8889 0
5.5690 Head 0 1.6 0.78 12.52501 324 4.372937E-07 0.1037448 -0.3071731 0.03370877 0.9453811
5.5690 FirstCar -2.65258 0.025 2.97 0 90 0 0 0.7071068 0 0.7071068 13.8889 0
5.5710 Head 0 1.6 0.78 12.52501 324 4.372937E-07 0.1037448 -0.3071731 0.03370877 0.9453811
5.5710 FirstCar -2.625534 0.025 2.97 0 90 0 0 0.7071068 0 0.7071068 13.8889 0
5.5742 Head 0 1.6 0.78 12.52501 324 4.372937E-07 0.1037448 -0.3071731 0.03370877 0.9453811
5.5742 FirstCar -2.58055 0.025 2.97 0 90 0 0 0.7071068 0 0.7071068 13.8889 0
5.5762 Head 0 1.6 0.78 12.60001 324.525 0 0.1045178 -0.3028169 0.03343131 0.9467103
5.5762 FirstCar -2.553339 0.025 2.97 0 90 0 0 0.7071068 0 0.7071068 13.8889 0
5.5780 Head 0 1.6 0.78 12.60001 324.525 0 0.1045178 -0.3028169 0.03343131 0.9467103
5.5780 FirstCar -2.527445 0.025 2.97 0 90 0 0 0.7071068 0 0.7071068 13.8889 0
5.5797 Head 0 1.6 0.78 12.60001 324.525 0 0.1045178 -0.3028169 0.03343131 0.9467103
5.5797 FirstCar -2.50451 0.025 2.97 0 90 0 0 0.7071068 0 0.7071068 13.8889 0
5.5816 Head 0 1.6 0.78 12.60001 324.525 0 0.1045178 -0.3028169 0.03343131 0.9467103
5.5816 FirstCar -2.47714 0.025 2.97 0 90 0 0 0.7071068 0 0.7071068 13.8889 0
5.5834 Head 0 1.6 0.78 12.60001 325.05 0 0.1046699 -0.2984763 0.03295211 0.9480877
5.5834 FirstCar -2.452939 0.025 2.97 0 90 0 0 0.7071068 0 0.7071068 13.8889 0
5.5852 Head 0 1.6 0.78 12.60001 325.05 0 0.1046699 -0.2984763 0.03295211 0.9480877
5.5852 FirstCar -2.4274 0.025 2.97 0 90 0 0 0.7071068 0 0.7071068 13.8889 0
5.5875 Head 0 1.6 0.78 12.60001 325.05 0 0.1046699 -0.2984763 0.03295211 0.9480877
5.5875 FirstCar -2.395578 0.025 2.97 0 90 0 0 0.7071068 0 0.7071068 13.8889 0
5.5896 Head 0 1.6 0.78 12.60001 325.05 0 0.1046699 -0.2984763 0.03295211 0.9480877
5.5896 FirstCar -2.366149 0.025 2.97 0 90 0 0 0.7071068 0 0.7071068 13.8889 0
5.5914 Head 0 1.6 0.78 12.675 325.575 2.187749E-07 0.1054412 -0.2941082 0.03266472 0.9493764
5.5914 FirstCar -2.341362 0.025 2.97 0 90 0 0 0.7071068 0 0.7071068 13.8889 0
5.5932 Head 0 1.6 0.78 12.675 325.575 2.187749E-07 0.1054412 -0.2941082 0.03266472 0.9493764
5.5932 FirstCar -2.317112 0.025 2.97 0 90 0 0 0.7071068 0 0.7071068 13.8889 0
5.5947 Head 0 1.6 0.78 12.675 325.575 2.187749E-07 0.1054412 -0.2941082 0.03266472 0.9493764
5.5947 FirstCar -2.295146 0.025 2.97 0 90 0 0 0.7071068 0 0.7071068 13.8889 0
5.5968 Head 0 1.6 0.78 12.675 325.575 2.187749E-07 0.1054412 -0.2941082 0.03266472 0.9493764
5.5968 FirstCar -2.266194 0.025 2.97 0 90 0 0 0.7071068 0 0.7071068 13.8889 0
5.5988 Head 0 1.6 0.78 12.675 326.175 -2.187749E-07 0.1056107 -0.2891333 0.03211218 0.9509033
5.5988 FirstCar -2.238655 0.025 2.97 0 90 0 0 0.7071068 0 0.7071068 13.8889 0
5.6006 Head 0 1.6 0.78 12.675 326.175 -2.187749E-07 0.1056107 -0.2891333 0.03211218 0.9509033
5.6006 FirstCar -2.213532 0.025 2.97 0 90 0 0 0.7071068 0 0.7071068 13.8889 0
5.6021 Head 0 1.6 0.78 12.675 326.175 -2.187749E-07 0.1056107 -0.2891333 0.03211218 0.9509033
5.6021 FirstCar -2.192325 0.025 2.97 0 90 0 0 0.7071068 0 0.7071068 13.8889 0
5.6037 Head 0 1.6 0.78 12.675 326.175 -2.187749E-07 0.1056107 -0.2891333 0.03211218 0.9509033
5.6037 FirstCar -2.171279 0.025 2.97 0 90 0 0 0.7071068 0 0.7071068 13.8889 0
5.6056 Head 0 1.6 0.78 12.675 326.175 -2.187749E-07 0.1056107 -0.2891333 0.03211218 0.9509033
5.6056 FirstCar -2.143766 0.025 2.97 0 90 0 0 0.7071068 0 0.7071068 13.8889 0
5.6076 Head 0 1.6 0.78 12.675 326.7 0 0.1057568 -0.2847737 0.03162799 0.952218
5.6076 FirstCar -2.117247 0.025 2.97 0 90 0 0 0.7071068 0 0.7071068 13.8889 0
5.6091 Head 0 1.6 0.78 12.675 326.7 0 0.1057568 -0.2847737 0.03162799 0.952218
5.6091 FirstCar -2.096058 0.025 2.97 0 90 0 0 0.7071068 0 0.7071068 13.8889 0
5.6105 Head 0 1.6 0.78 12.675 326.7 0 0.1057568 -0.2847737 0.03162799 0.952218
5.6105 FirstCar -2.076805 0.025 2.97 0 90 0 0 0.7071068 0 0.7071068 13.8889 0
5.6118 Head 0 1.6 0.78 12.675 326.7 0 0.1057568 -0.2847737 0.03162799 0.952218
5.6118 FirstCar -2.058133 0.025 2.97 0 90 0 0 0.7071068 0 0.7071068 13.8889 0
5.6135 Head 0 1.6 0.78 12.675 326.7 0 0.1057568 -0.2847737 0.03162799 0.952218
5.6135 FirstCar -2.034001 0.025 2.97 0 90 0 0 0.7071068 0 0.7071068 13.8889 0
5.6152 Head 0 1.6 0.78 12.75001 327.375 -2.188395E-07 0.1065655 -0.2791395 0.0311872 0.9538094
5.6152 FirstCar -2.011522 0.025 2.97 0 90 0 0 0.7071068 0 0.7071068 13.8889 0
5.6166 Head 0 1.6 0.78 12.75001 327.375 -2.188395E-07 0.1065655 -0.2791395 0.0311872 0.9538094
5.6166 FirstCar -1.991147 0.025 2.97 0 90 0 0 0.7071068 0 0.7071068 13.8889 0
5.6180 Head 0 1.6 0.78 12.75001 327.375 -2.188395E-07 0.1065655 -0.2791395 0.0311872 0.9538094
5.6180 FirstCar -1.97159 0.025 2.97 0 90 0 0 0.7071068 0 0.7071068 13.8889 0
5.6194 Head 0 1.6 0.78 12.75001 327.375 -2.188395E-07 0.1065655 -0.2791395 0.0311872 0.9538094
5.6194 FirstCar -1.952398 0.025 2.97 0 90 0 0 0.7071068 0 0.7071068 13.8889 0
5.6213 Head 0 1.6 0.78 12.75001 327.375 -2.188395E-07 0.1065655 -0.2791395 0.0311872 0.9538094
5.6213 FirstCar -1.926824 0.025 2.97 0 90 0 0 0.7071068 0 0.7071068 13.8889 0
5.6228 Head 0 1.6 0.78 12.75001 328.05 -2.188395E-07 0.1067474 -0.2735163 0.03055894 0.9554371
5.6228 FirstCar -1.905016 0.025 2.97 0 90 0 0 0.7071068 0 0.7071068 13.8889 0
5.6243 Head 0 1.6 0.78 12.75001 328.05 -2.188395E-07 0.1067474 -0.2735163 0.03055894 0.9554371
5.6243 FirstCar -1.884741 0.025 2.97 0 90 0 0 0.7071068 0 0.7071068 13.8889 0
5.6258 Head 0 1.6 0.78 12.75001 328.05 -2.188395E-07 0.1067474 -0.2735163 0.03055894 0.9554371
5.6258 FirstCar -1.86316 0.025 2.97 0 90 0 0 0.7071068 0 0.7071068 13.8889 0
5.6281 Head 0 1.6 0.78 12.75001 328.05 -2.188395E-07 0.1067474 -0.2735163 0.03055894 0.9554371
5.6281 FirstCar -1.832259 0.025 2.97 0 90 0 0 0.7071068 0 0.7071068 13.8889 0
5.6303 Head 0 1.6 0.78 12.75001 328.05 -2.188395E-07 0.1067474 -0.2735163 0.03055894 0.9554371
5.6303 FirstCar -1.801185 0.025 2.97 0 90 0 0 0.7071068 0 0.7071068 13.8889 0
5.6322 Head 0 1.6 0.78 12.75001 328.8 0 0.1069451 -0.2672571 0.02985963 0.9572068
5.6322 FirstCar -1.774764 0.025 2.97 0 90 0 0 0.7071068 0 0.7071068 13.8889 0
5.6338 Head 0 1.6 0.78 12.75001 328.8 0 0.1069451 -0.2672571 0.02985963 0.9572068
5.6338 FirstCar -1.753211 0.025 2.97 0 90 0 0 0.7071068 0 0.7071068 13.8889 0
5.6354 Head 0 1.6 0.78 12.75001 328.8 0 0.1069451 -0.2672571 0.02985963 0.9572068
5.6354 FirstCar -1.730432 0.025 2.97 0 90 0 0 0.7071068 0 0.7071068 13.8889 0
5.6374 Head 0 1.6 0.78 12.75001 328.8 0 0.1069451 -0.2672571 0.02985963 0.9572068
5.6374 FirstCar -1.702943 0.025 2.97 0 90 0 0 0.7071068 0 0.7071068 13.8889 0
5.6392 Head 0 1.6 0.78 12.82501 329.625 -2.189045E-07 0.107785 -0.2603398 0.02925931 0.9590358
5.6392 FirstCar -1.677323 0.025 2.97 0 90 0 0 0.7071068 0 0.7071068 13.8889 0
5.6409 Head 0 1.6 0.78 12.82501 329.625 -2.189045E-07 0.107785 -0.2603398 0.02925931 0.9590358
5.6409 FirstCar -1.654641 0.025 2.97 0 90 0 0 0.7071068 0 0.7071068 13.8889 0
5.6425 Head 0 1.6 0.78 12.82501 329.625 -2.189045E-07 0.107785 -0.2603398 0.02925931 0.9590358
5.6425 FirstCar -1.632516 0.025 2.97 0 90 0 0 0.7071068 0 0.7071068 13.8889 0
5.6440 Head 0 1.6 0.78 12.82501 329.625 -2.189045E-07 0.107785 -0.2603398 0.02925931 0.9590358
5.6440 FirstCar -1.610424 0.025 2.97 0 90 0 0 0.7071068 0 0.7071068 13.8889 0
5.6462 Head 0 1.6 0.78 12.82501 329.625 -2.189045E-07 0.107785 -0.2603398 0.02925931 0.9590358
5.6462 FirstCar -1.581132 0.025 2.97 0 90 0 0 0.7071068 0 0.7071068 13.8889 0
5.6482 Head 0 1.6 0.78 12.825 330.45 -4.37809E-07 0.1079928 -0.2534285 0.02848255 0.9608851
5.6482 FirstCar -1.553085 0.025 2.97 0 90 0 0 0.7071068 0 0.7071068 13.8889 0
5.6499 Head 0 1.6 0.78 12.825 330.45 -4.37809E-07 0.1079928 -0.2534285 0.02848255 0.9608851
5.6499 FirstCar -1.529767 0.025 2.97 0 90 0 0 0.7071068 0 0.7071068 13.8889 0
5.6514 Head 0 1.6 0.78 12.825 330.45 -4.37809E-07 0.1079928 -0.2534285 0.02848255 0.9608851
5.6514 FirstCar -1.508927 0.025 2.97 0 90 0 0 0.7071068 0 0.7071068 13.8889 0
5.6531 Head 0 1.6 0.78 12.825 330.45 -4.37809E-07 0.1079928 -0.2534285 0.02848255 0.9608851
5.6531 FirstCar -1.484956 0.025 2.97 0 90 0 0 0.7071068 0 0.7071068 13.8889 0
5.6547 Head 0 1.6 0.78 12.90001 331.2 0 0.1088069 -0.2471159 0.02793688 0.9624523
5.6547 FirstCar -1.461907 0.025 2.97 0 90 0 0 0.7071068 0 0.7071068 13.8889 0
5.6564 Head 0 1.6 0.78 12.90001 331.2 0 0.1088069 -0.2471159 0.02793688 0.9624523
5.6564 FirstCar -1.439324 0.025 2.97 0 90 0 0 0.7071068 0 0.7071068 13.8889 0
5.6579 Head 0 1.6 0.78 12.90001 331.2 0 0.1088069 -0.2471159 0.02793688 0.9624523
5.6579 FirstCar -1.417774 0.025 2.97 0 90 0 0 0.7071068 0 0.7071068 13.8889 0
5.6594 Head 0 1.6 0.78 12.90001 331.2 0 0.1088069 -0.2471159 0.02793688 0.9624523
5.6594 FirstCar -1.396863 0.025 2.97 0 90 0 0 0.7071068 0 0.7071068 13.8889 0
5.6614 Head 0 1.6 0.78 12.90001 331.2 0 0.1088069 -0.2471159 0.02793688 0.9624523
5.6614 FirstCar -1.36954 0.025 2.97 0 90 0 0 0.7071068 0 0.7071068 13.8889 0
5.6633 Head 0 1.6 0.78 12.90001 332.1 0 0.109023 -0.2395493 0.02708146 0.9643634
5.6633 FirstCar -1.343515 0.025 2.97 0 90 0 0 0.7071068 0 0.7071068 13.8889 0
5.6649 Head 0 1.6 0.78 12.90001 332.1 0 0.109023 -0.2395493 0.02708146 0.9643634
5.6649 FirstCar -1.321128 0.025 2.97 0 90 0 0 0.7071068 0 0.7071068 13.8889 0
5.6674 Head 0 1.6 0.78 12.90001 332.1 0 0.109023 -0.2395493 0.02708146 0.9643634
5.6674 FirstCar -1.285422 0.025 2.97 0 90 0 0 0.7071068 0 0.7071068 13.8889 0
5.6692 Head 0 1.6 0.78 12.90001 332.1 0 0.109023 -0.2395493 0.02708146 0.9643634
5.6692 FirstCar -1.260601 0.025 2.97 0 90 0 0 0.7071068 0 0.7071068 13.8889 0
5.6709 Head 0 1.6 0.78 12.90001 333.075 0 0.1092494 -0.2313355 0.02615288 0.9663667
5.6709 FirstCar -1.238078 0.025 2.97 0 90 0 0 0.7071068 0 0.7071068 13.8889 0
5.6723 Head 0 1.6 0.78 12.90001 333.075 0 0.1092494 -0.2313355 0.02615288 0.9663667
5.6723 FirstCar -1.217972 0.025 2.97 0 90 0 0 0.7071068 0 0.7071068 13.8889 0
5.6737 Head 0 1.6 0.78 12.90001 333.075 0 0.1092494 -0.2313355 0.02615288 0.9663667
5.6737 FirstCar -1.197969 0.025 2.97 0 90 0 0 0.7071068 0 0.7071068 13.8889 0
5.6751 Head 0 1.6 0.78 12.90001 333.075 0 0.1092494 -0.2313355 0.02615288 0.9663667
5.6751 FirstCar -1.178436 0.025 2.97 0 90 0 0 0.7071068 0 0.7071068 13.8889 0
5.6770 Head 0 1.6 0.78 12.90001 333.075 0 0.1092494 -0.2313355 0.02615288 0.9663667
5.6770 FirstCar -1.152872 0.025 2.97 0 90 0 0 0.7071068 0 0.7071068 13.8889 0
5.6787 Head 0 1.6 0.78 12.90001 333.975 0 0.1094515 -0.2237386 0.02529403 0.9681538
5.6787 FirstCar -1.128823 0.025 2.97 0 90 0 0 0.7071068 0 0.7071068 13.8889 0
5.6802 Head 0 1.6 0.78 12.90001 333.975 0 0.1094515 -0.2237386 0.02529403 0.9681538
5.6802 FirstCar -1.10878 0.025 2.97 0 90 0 0 0.7071068 0 0.7071068 13.8889 0
5.6817 Head 0 1.6 0.78 12.90001 333.975 0 0.1094515 -0.2237386 0.02529403 0.9681538
5.6817 FirstCar -1.088116 0.025 2.97 0 90 0 0 0.7071068 0 0.7071068 13.8889 0
5.6831 Head 0 1.6 0.78 12.90001 333.975 0 0.1094515 -0.2237386 0.02529403 0.9681538
5.6831 FirstCar -1.068657 0.025 2.97 0 90 0 0 0.7071068 0 0.7071068 13.8889 0
5.6848 Head 0 1.6 0.78 12.90001 333.975 0 0.1094515 -0.2237386 0.02529403 0.9681538
5.6848 FirstCar -1.044841 0.025 2.97 0 90 0 0 0.7071068 0 0.7071068 13.8889 0
5.6864 Head 0 1.6 0.78 12.9 335.1 -2.189699E-07 0.1096945 -0.2142231 0.02421829 0.9703036
5.6864 FirstCar -1.022498 0.025 2.97 0 90 0 0 0.7071068 0 0.7071068 13.8889 0
5.6890 Head 0 1.6 0.78 12.9 335.1 -2.189699E-07 0.1096945 -0.2142231 0.02421829 0.9703036
5.6890 FirstCar -0.9862164 0.025 2.97 0 90 0 0 0.7071068 0 0.7071068 13.8889 0
5.6906 Head 0 1.6 0.78 12.9 335.1 -2.189699E-07 0.1096945 -0.2142231 0.02421829 0.9703036
5.6906 FirstCar -0.9645011 0.025 2.97 0 90 0 0 0.7071068 0 0.7071068 13.8889 0
5.6921 Head 0 1.6 0.78 12.9 335.1 -2.189699E-07 0.1096945 -0.2142231 0.02421829 0.9703036
5.6921 FirstCar -0.9436664 0.025 2.97 0 90 0 0 0.7071068 0 0.7071068 13.8889 0
5.6940 Head 0 1.6 0.78 12.9 335.1 -2.189699E-07 0.1096945 -0.2142231 0.02421829 0.9703036
5.6940 FirstCar -0.9164066 0.025 2.97 0 90 0 0 0.7071068 0 0.7071068 13.8889 0
5.6960 Head 0 1.6 0.78 12.90001 336.15 0 0.1099118 -0.2053234 0.02321216 0.9722258
5.6960 FirstCar -0.8892802 0.025 2.97 0 90 0 0 0.7071068 0 0.7071068 13.8889 0
5.6976 Head 0 1.6 0.78 12.90001 336.15 0 0.1099118 -0.2053234 0.02321216 0.9722258
5.6976 FirstCar -0.8659858 0.025 2.97 0 90 0 0 0.7071068 0 0.7071068 13.8889 0
5.6991 Head 0 1.6 0.78 12.90001 336.15 0 0.1099118 -0.2053234 0.02321216 0.9722258
5.6991 FirstCar -0.8453802 0.025 2.97 0 90 0 0 0.7071068 0 0.7071068 13.8889 0
5.7009 Head 0 1.6 0.78 12.90001 336.15 0 0.1099118 -0.2053234 0.02321216 0.9722258
5.7009 FirstCar -0.820551 0.025 2.97 0 90 0 0 0.7071068 0 0.7071068 13.8889 0
5.7027 Head 0 1.6 0.78 12.97501 337.275 0 0.110772 -0.1957543 0.02226013 0.9741223
5.7027 FirstCar -0.7954121 0.025 2.97 0 90 0 0 0.7071068 0 0.7071068 13.8889 0
5.7044 Head 0 1.6 0.78 12.97501 337.275 0 0.110772 -0.1957543 0.02226013 0.9741223
5.7044 FirstCar -0.7726718 0.025 2.97 0 90 0 0 0.7071068 0 0.7071068 13.8889 0
5.7060 Head 0 1.6 0.78 12.97501 337.275 0 0.110772 -0.1957543 0.02226013 0.9741223
5.7060 FirstCar -0.7494523 0.025 2.97 0 90 0 0 0.7071068 0 0.7071068 13.8889 0
5.7085 Head 0 1.6 0.78 12.97501 337.275 0 0.110772 -0.1957543 0.02226013 0.9741223
5.7085 FirstCar -0.715305 0.025 2.97 0 90 0 0 0.7071068 0 0.7071068 13.8889 0
5.7106 Head 0 1.6 0.78 12.97501 338.4 0 0.1109852 -0.1861816 0.02117157 0.9759972
5.7106 FirstCar -0.6861342 0.025 2.97 0 90 0 0 0.7071068 0 0.7071068 13.8889 0
5.7122 Head 0 1.6 0.78 12.97501 338.4 0 0.1109852 -0.1861816 0.02117157 0.9759972
5.7122 FirstCar -0.6644341 0.025 2.97 0 90 0 0 0.7071068 0 0.7071068 13.8889 0
5.7136 Head 0 1.6 0.78 12.97501 338.4 0 0.1109852 -0.1861816 0.02117157 0.9759972
5.7136 FirstCar -0.6438522 0.025 2.97 0 90 0 0 0.7071068 0 0.7071068 13.8889 0
5.7151 Head 0 1.6 0.78 12.97501 338.4 0 0.1109852 -0.1861816 0.02117157 0.9759972
5.7151 FirstCar -0.6237147 0.025 2.97 0 90 0 0 0.7071068 0 0.7071068 13.8889 0
5.7169 Head 0 1.6 0.78 12.97501 338.4 0 0.1109852 -0.1861816 0.02117157 0.9759972
5.7169 FirstCar -0.5985327 0.025 2.97 0 90 0 0 0.7071068 0 0.7071068 13.8889 0
5.7185 Head 0 1.6 0.78 12.97501 339.45 0 0.1111745 -0.1772309 0.02015375 0.9776622
5.7185 FirstCar -0.576998 0.025 2.97 0 90 0 0 0.7071068 0 0.7071068 13.8889 0
5.7199 Head 0 1.6 0.78 12.97501 339.45 0 0.1111745 -0.1772309 0.02015375 0.9776622
5.7199 FirstCar -0.5568022 0.025 2.97 0 90 0 0 0.7071068 0 0.7071068 13.8889 0
5.7215 Head 0 1.6 0.78 12.97501 339.45 0 0.1111745 -0.1772309 0.02015375 0.9776622
5.7215 FirstCar -0.5341522 0.025 2.97 0 90 0 0 0.7071068 0 0.7071068 13.8889 0
5.7235 Head 0 1.6 0.78 12.97501 339.45 0 0.1111745 -0.1772309 0.02015375 0.9776622
5.7235 FirstCar -0.506916 0.025 2.97 0 90 0 0 0.7071068 0 0.7071068 13.8889 0
5.7263 Head 0 1.6 0.78 12.97501 339.45 0 0.1111745 -0.1772309 0.02015375 0.9776622
5.7263 FirstCar -0.4684674 0.025 2.97 0 90 0 0 0.7071068 0 0.7071068 13.8889 0
5.7292 Head 0 1.6 0.78 12.975 340.65 2.190358E-07 0.1113795 -0.1669833 0.01898845 0.9794645
5.7292 FirstCar -0.4278063 0.025 2.97 0 90 0 0 0.7071068 0 0.7071068 13.8889 0
5.7308 Head 0 1.6 0.78 12.975 340.65 2.190358E-07 0.1113795 -0.1669833 0.01898845 0.9794645
5.7308 FirstCar -0.4052368 0.025 2.97 0 90 0 0 0.7071068 0 0.7071068 13.8889 0
5.7325 Head 0 1.6 0.78 12.975 340.65 2.190358E-07 0.1113795 -0.1669833 0.01898845 0.9794645
5.7325 FirstCar -0.3815521 0.025 2.97 0 90 0 0 0.7071068 0 0.7071068 13.8889 0
5.7340 Head 0 1.6 0.78 13.05 341.7 0 0.1121908 -0.1579898 0.0180705 0.9808802
5.7340 FirstCar -0.3605312 0.025 2.97 0 90 0 0 0.7071068 0 0.7071068 13.8889 0
5.7355 Head 0 1.6 0.78 13.05 341.7 0 0.1121908 -0.1579898 0.0180705 0.9808802
5.7355 FirstCar -0.3400326 0.025 2.97 0 90 0 0 0.7071068 0 0.7071068 13.8889 0
5.7370 Head 0 1.6 0.78 13.05 341.7 0 0.1121908 -0.1579898 0.0180705 0.9808802
5.7370 FirstCar -0.3193659 0.025 2.97 0 90 0 0 0.7071068 0 0.7071068 13.8889 0
5.7384 Head 0 1.6 0.78 13.05 341.7 0 0.1121908 -0.1579898 0.0180705 0.9808802
5.7384 FirstCar -0.3000589 0.025 2.97 0 90 0 0 0.7071068 0 0.7071068 13.8889 0
5.7398 Head 0 1.6 0.78 13.05 341.7 0 0.1121908 -0.1579898 0.0180705 0.9808802
5.7398 FirstCar -0.2806075 0.025 2.97 0 90 0 0 0.7071068 0 0.7071068 13.8889 0
5.7417 Head 0 1.6 0.78 13.05 341.7 0 0.1121908 -0.1579898 0.0180705 0.9808802
5.7417 FirstCar -0.2539283 0.025 2.97 0 90 0 0 0.7071068 0 0.7071068 13.8889 0
5.7432 Head 0 1.6 0.78 13.05 342.75 0 0.1123517 -0.1489955 0.01704176 0.9822866
5.7432 FirstCar -0.2328019 0.025 2.97 0 90 0 0 0.7071068 0 0.7071068 13.8889 0
5.7446 Head 0 1.6 0.78 13.05 342.75 0 0.1123517 -0.1489955 0.01704176 0.9822866
5.7446 FirstCar -0.2133422 0.025 2.97 0 90 0 0 0.7071068 0 0.7071068 13.8889 0
5.7461 Head 0 1.6 0.78 13.05 342.75 0 0.1123517 -0.1489955 0.01704176 0.9822866
5.7461 FirstCar -0.1936213 0.025 2.97 0 90 0 0 0.7071068 0 0.7071068 13.8889 0
5.7478 Head 0 1.6 0.78 13.05 342.75 0 0.1123517 -0.1489955 0.01704176 0.9822866
5.7478 FirstCar -0.1689894 0.025 2.97 0 90 0 0 0.7071068 0 0.7071068 13.8889 0
5.7495 Head 0 1.6 0.78 13.05 342.75 0 0.1123517 -0.1489955 0.01704176 0.9822866
5.7495 FirstCar -0.1454171 0.025 2.97 0 90 0 0 0.7071068 0 0.7071068 13.8889 0
5.7510 Head 0 1.6 0.78 13.05 343.8 0 0.1125031 -0.1399887 0.01601158 0.9836106
5.7510 FirstCar -0.1243268 0.025 2.97 0 90 0 0 0.7071068 0 0.7071068 13.8889 0
5.7525 Head 0 1.6 0.78 13.05 343.8 0 0.1125031 -0.1399887 0.01601158 0.9836106
5.7525 FirstCar -0.1035088 0.025 2.97 0 90 0 0 0.7071068 0 0.7071068 13.8889 0
5.7540 Head 0 1.6 0.78 13.05 343.8 0 0.1125031 -0.1399887 0.01601158 0.9836106
5.7540 FirstCar -0.08288237 0.025 2.97 0 90 0 0 0.7071068 0 0.7071068 13.8889 0
5.7556 Head 0 1.6 0.78 13.05 343.8 0 0.1125031 -0.1399887 0.01601158 0.9836106
5.7556 FirstCar -0.06088097 0.025 2.97 0 90 0 0 0.7071068 0 0.7071068 13.8889 0
5.7574 Head 0 1.6 0.78 13.05 343.8 0 0.1125031 -0.1399887 0.01601158 0.9836106
5.7574 FirstCar -0.03576151 0.025 2.97 0 90 0 0 0.7071068 0 0.7071068 13.8889 0
5.7590 Head 0 1.6 0.78 13.05001 344.925 -1.09551E-07 0.1126549 -0.1303256 0.01490633 0.9849375
5.7590 FirstCar -0.01397121 0.025 2.97 0 90 0 0 0.7071068 0 0.7071068 13.8889 0
5.7606 Head 0 1.6 0.78 13.05001 344.925 -1.09551E-07 0.1126549 -0.1303256 0.01490633 0.9849375
5.7606 FirstCar 0.008431584 0.025 2.97 0 90 0 0 0.7071068 0 0.7071068 13.8889 0
5.7621 Head 0 1.6 0.78 13.05001 344.925 -1.09551E-07 0.1126549 -0.1303256 0.01490633 0.9849375
5.7621 FirstCar 0.02961355 0.025 2.97 0 90 0 0 0.7071068 0 0.7071068 13.8889 0
5.7636 Head 0 1.6 0.78 13.05001 344.925 -1.09551E-07 0.1126549 -0.1303256 0.01490633 0.9849375
5.7636 FirstCar 0.04996217 0.025 2.97 0 90 0 0 0.7071068 0 0.7071068 13.8889 0
5.7658 Head 0 1.6 0.78 13.05001 344.925 -1.09551E-07 0.1126549 -0.1303256 0.01490633 0.9849375
5.7658 FirstCar 0.07993302 0.025 2.97 0 90 0 0 0.7071068 0 0.7071068 13.8889 0
5.7684 Head 0 1.6 0.78 13.05 345.975 0 0.1127867 -0.1212952 0.01387347 0.9860904
5.7684 FirstCar 0.1165164 0.025 2.97 0 90 0 0 0.7071068 0 0.7071068 13.8889 0
5.7704 Head 0 1.6 0.78 13.05 345.975 0 0.1127867 -0.1212952 0.01387347 0.9860904
5.7704 FirstCar 0.1446053 0.025 2.97 0 90 0 0 0.7071068 0 0.7071068 13.8889 0
5.7727 Head 0 1.6 0.78 13.05 345.975 0 0.1127867 -0.1212952 0.01387347 0.9860904
5.7727 FirstCar 0.1764067 0.025 2.97 0 90 0 0 0.7071068 0 0.7071068 13.8889 0
5.7745 Head 0 1.6 0.78 13.05 347.1 0 0.1129175 -0.1116086 0.01276553 0.9872336
5.7745 FirstCar 0.2007831 0.025 2.97 0 90 0 0 0.7071068 0 0.7071068 13.8889 0
5.7761 Head 0 1.6 0.78 13.05 347.1 0 0.1129175 -0.1116086 0.01276553 0.9872336
5.7761 FirstCar 0.2238095 0.025 2.97 0 90 0 0 0.7071068 0 0.7071068 13.8889 0
5.7776 Head 0 1.6 0.78 13.05 347.1 0 0.1129175 -0.1116086 0.01276553 0.9872336
5.7776 FirstCar 0.2449179 0.025 2.97 0 90 0 0 0.7071068 0 0.7071068 13.8889 0
5.7791 Head 0 1.6 0.78 13.05 347.1 0 0.1129175 -0.1116086 0.01276553 0.9872336
5.7791 FirstCar 0.2648957 0.025 2.97 0 90 0 0 0.7071068 0 0.7071068 13.8889 0
5.7809 Head 0 1.6 0.78 13.05 347.1 0 0.1129175 -0.1116086 0.01276553 0.9872336
5.7809 FirstCar 0.2903915 0.025 2.97 0 90 0 0 0.7071068 0 0.7071068 13.8889 0
5.7825 Head 0 1.6 0.78 13.125 348.15 0 0.1136765 -0.1025504 0.01179747 0.9881406
5.7825 FirstCar 0.3119665 0.025 2.97 0 90 0 0 0.7071068 0 0.7071068 13.8889 0
5.7839 Head 0 1.6 0.78 13.125 348.15 0 0.1136765 -0.1025504 0.01179747 0.9881406
5.7839 FirstCar 0.3326402 0.025 2.97 0 90 0 0 0.7071068 0 0.7071068 13.8889 0
5.7855 Head 0 1.6 0.78 13.125 348.15 0 0.1136765 -0.1025504 0.01179747 0.9881406
5.7855 FirstCar 0.3544944 0.025 2.97 0 90 0 0 0.7071068 0 0.7071068 13.8889 0
5.7875 Head 0 1.6 0.78 13.125 348.15 0 0.1136765 -0.1025504 0.01179747 0.9881406
5.7875 FirstCar 0.3820055 0.025 2.97 0 90 0 0 0.7071068 0 0.7071068 13.8889 0
5.7896 Head 0 1.6 0.78 13.125 348.15 0 0.1136765 -0.1025504 0.01179747 0.9881406
5.7896 FirstCar 0.410893 0.025 2.97 0 90 0 0 0.7071068 0 0.7071068 13.8889 0
5.7915 Head 0 1.6 0.78 13.125 349.2 0 0.1137798 -0.09349188 0.01075538 0.9890388
5.7915 FirstCar 0.436868 0.025 2.97 0 90 0 0 0.7071068 0 0.7071068 13.8889 0
5.7930 Head 0 1.6 0.78 13.125 349.2 0 0.1137798 -0.09349188 0.01075538 0.9890388
5.7930 FirstCar 0.4581764 0.025 2.97 0 90 0 0 0.7071068 0 0.7071068 13.8889 0
5.7944 Head 0 1.6 0.78 13.125 349.2 0 0.1137798 -0.09349188 0.01075538 0.9890388
5.7944 FirstCar 0.4773695 0.025 2.97 0 90 0 0 0.7071068 0 0.7071068 13.8889 0
5.7957 Head 0 1.6 0.78 13.125 349.2 0 0.1137798 -0.09349188 0.01075538 0.9890388
5.7957 FirstCar 0.4962931 0.025 2.97 0 90 0 0 0.7071068 0 0.7071068 13.8889 0
5.7975 Head 0 1.6 0.78 13.125 349.2 0 0.1137798 -0.09349188 0.01075538 0.9890388
5.7975 FirstCar 0.5203528 0.025 2.97 0 90 0 0 0.7071068 0 0.7071068 13.8889 0
5.7989 Head 0 1.6 0.78 13.125 350.25 0 0.1138736 -0.08442553 0.009712378 0.989854
5.7989 FirstCar 0.5408237 0.025 2.97 0 90 0 0 0.7071068 0 0.7071068 13.8889 0
5.8003 Head 0 1.6 0.78 13.125 350.25 0 0.1138736 -0.08442553 0.009712378 0.989854
5.8003 FirstCar 0.5599237 0.025 2.97 0 90 0 0 0.7071068 0 0.7071068 13.8889 0
5.8017 Head 0 1.6 0.78 13.125 350.25 0 0.1138736 -0.08442553 0.009712378 0.989854
5.8017 FirstCar 0.5790543 0.025 2.97 0 90 0 0 0.7071068 0 0.7071068 13.8889 0
5.8031 Head 0 1.6 0.78 13.125 350.25 0 0.1138736 -0.08442553 0.009712378 0.989854
5.8031 FirstCar 0.5981293 0.025 2.97 0 90 0 0 0.7071068 0 0.7071068 13.8889 0
5.8048 Head 0 1.6 0.78 13.125 350.25 0 0.1138736 -0.08442553 0.009712378 0.989854
5.8048 FirstCar 0.6220627 0.025 2.97 0 90 0 0 0.7071068 0 0.7071068 13.8889 0
5.8067 Head 0 1.6 0.78 13.2 351.225 0 0.1146004 -0.07599469 0.008792887 0.9904616
5.8067 FirstCar 0.648128 0.025 2.97 0 90 0 0 0.7071068 0 0.7071068 13.8889 0
5.8082 Head 0 1.6 0.78 13.2 351.225 0 0.1146004 -0.07599469 0.008792887 0.9904616
5.8082 FirstCar 0.6692336 0.025 2.97 0 90 0 0 0.7071068 0 0.7071068 13.8889 0
5.8096 Head 0 1.6 0.78 13.2 351.225 0 0.1146004 -0.07599469 0.008792887 0.9904616
5.8096 FirstCar 0.6882725 0.025 2.97 0 90 0 0 0.7071068 0 0.7071068 13.8889 0
5.8109 Head 0 1.6 0.78 13.2 351.225 0 0.1146004 -0.07599469 0.008792887 0.9904616
5.8109 FirstCar 0.7071294 0.025 2.97 0 90 0 0 0.7071068 0 0.7071068 13.8889 0
5.8126 Head 0 1.6 0.78 13.2 351.225 0 0.1146004 -0.07599469 0.008792887 0.9904616
5.8126 FirstCar 0.73126 0.025 2.97 0 90 0 0 0.7071068 0 0.7071068 13.8889 0
5.8141 Head 0 1.6 0.78 13.2 352.125 -1.096179E-07 0.1146659 -0.06821336 0.007892556 0.991028
5.8141 FirstCar 0.7517322 0.025 2.97 0 90 0 0 0.7071068 0 0.7071068 13.8889 0
5.8156 Head 0 1.6 0.78 13.2 352.125 -1.096179E-07 0.1146659 -0.06821336 0.007892556 0.991028
5.8156 FirstCar 0.7722364 0.025 2.97 0 90 0 0 0.7071068 0 0.7071068 13.8889 0
