9.2559 Head -0.6626843 1.6 0.1721521 10.875 330.2249 0 0.09157901 -0.255767 0.02434601 0.962083
9.2559 SecondCar 3.7 0.025 15.92929 0 180 0 0 1 0 -4.371139E-08 0 2
9.2559 FirstCar -6.985551 0.025 2.97 0 90 0 0 0.7071068 0 0.7071068 0 2
9.2578 Head -0.6626843 1.6 0.1721521 10.875 330.2249 0 0.09157901 -0.255767 0.02434601 0.962083
9.2578 SecondCar 3.7 0.025 15.92929 0 180 0 0 1 0 -4.371139E-08 0 2
9.2578 FirstCar -6.985551 0.025 2.97 0 90 0 0 0.7071068 0 0.7071068 0 2
9.2596 Head -0.6626843 1.6 0.1721521 10.875 330.2249 0 0.09157901 -0.255767 0.02434601 0.962083
9.2596 SecondCar 3.7 0.025 15.92929 0 180 0 0 1 0 -4.371139E-08 0 2
9.2596 FirstCar -6.985551 0.025 2.97 0 90 0 0 0.7071068 0 0.7071068 0 2
9.2614 Head -0.6626843 1.6 0.1721521 10.875 330.2249 0 0.09157901 -0.255767 0.02434601 0.962083
9.2614 SecondCar 3.7 0.025 15.92929 0 180 0 0 1 0 -4.371139E-08 0 2
9.2614 FirstCar -6.985551 0.025 2.97 0 90 0 0 0.7071068 0 0.7071068 0 2
9.2631 Head -0.6626843 1.6 0.1721521 10.875 330.2249 0 0.09157901 -0.255767 0.02434601 0.962083
9.2631 SecondCar 3.7 0.025 15.92929 0 180 0 0 1 0 -4.371139E-08 0 2
9.2631 FirstCar -6.985551 0.025 2.97 0 90 0 0 0.7071068 0 0.7071068 0 2
9.2651 Head -0.6626843 1.6 0.1721521 10.875 330.2249 0 0.09157901 -0.255767 0.02434601 0.962083
9.2651 SecondCar 3.7 0.025 15.92929 0 180 0 0 1 0 -4.371139E-08 0 2
9.2651 FirstCar -6.985551 0.025 2.97 0 90 0 0 0.7071068 0 0.7071068 0 2
9.2674 Head -0.6626843 1.6 0.1721521 10.875 330.2249 0 0.09157901 -0.255767 0.02434601 0.962083
9.2674 SecondCar 3.7 0.025 15.92929 0 180 0 0 1 0 -4.371139E-08 0 2
9.2674 FirstCar -6.985551 0.025 2.97 0 90 0 0 0.7071068 0 0.7071068 0 2
9.2698 Head -0.6626843 1.6 0.1721521 10.875 330.2249 0 0.09157901 -0.255767 0.02434601 0.962083
9.2698 SecondCar 3.7 0.025 15.92929 0 180 0 0 1 0 -4.371139E-08 0 2
9.2698 FirstCar -6.985551 0.025 2.97 0 90 0 0 0.7071068 0 0.7071068 0 2
9.2719 Head -0.6626843 1.6 0.1721521 10.875 330.2249 0 0.09157901 -0.255767 0.02434601 0.962083
9.2719 SecondCar 3.7 0.025 15.92929 0 180 0 0 1 0 -4.371139E-08 0 2
9.2719 FirstCar -6.985551 0.025 2.97 0 90 0 0 0.7071068 0 0.7071068 0 2
9.2740 Head -0.6626843 1.6 0.1721521 10.875 330.2249 0 0.09157901 -0.255767 0.02434601 0.962083
9.2740 SecondCar 3.7 0.025 15.92929 0 180 0 0 1 0 -4.371139E-08 0 2
9.2740 FirstCar -6.985551 0.025 2.97 0 90 0 0 0.7071068 0 0.7071068 0 2
9.2758 Head -0.6626843 1.6 0.1721521 10.875 330.2249 0 0.09157901 -0.255767 0.02434601 0.962083
9.2758 SecondCar 3.7 0.025 15.92929 0 180 0 0 1 0 -4.371139E-08 0 2
9.2758 FirstCar -6.985551 0.025 2.97 0 90 0 0 0.7071068 0 0.7071068 0 2
9.2777 Head -0.6626843 1.6 0.1721521 10.875 330.2249 0 0.09157901 -0.255767 0.02434601 0.962083
9.2777 SecondCar 3.7 0.025 15.92929 0 180 0 0 1 0 -4.371139E-08 0 2
9.2777 FirstCar -6.985551 0.025 2.97 0 90 0 0 0.7071068 0 0.7071068 0 2
9.2794 Head -0.6626843 1.6 0.1721521 10.875 330.2249 0 0.09157901 -0.255767 0.02434601 0.962083
9.2794 SecondCar 3.7 0.025 15.92929 0 180 0 0 1 0 -4.371139E-08 0 2
9.2794 FirstCar -6.985551 0.025 2.97 0 90 0 0 0.7071068 0 0.7071068 0 2
9.2812 Head -0.6626843 1.6 0.1721521 10.875 330.2249 0 0.09157901 -0.255767 0.02434601 0.962083
9.2812 SecondCar 3.7 0.025 15.92929 0 180 0 0 1 0 -4.371139E-08 0 2
9.2812 FirstCar -6.985551 0.025 2.97 0 90 0 0 0.7071068 0 0.7071068 0 2
9.2831 Head -0.6626843 1.6 0.1721521 10.875 330.2249 0 0.09157901 -0.255767 0.02434601 0.962083
9.2831 SecondCar 3.7 0.025 15.92929 0 180 0 0 1 0 -4.371139E-08 0 2
9.2831 FirstCar -6.985551 0.025 2.97 0 90 0 0 0.7071068 0 0.7071068 0 2
9.2852 Head -0.6626843 1.6 0.1721521 10.875 330.2249 0 0.09157901 -0.255767 0.02434601 0.962083
9.2852 SecondCar 3.7 0.025 15.92929 0 180 0 0 1 0 -4.371139E-08 0 2
9.2852 FirstCar -6.985551 0.025 2.97 0 90 0 0 0.7071068 0 0.7071068 0 2
9.2874 Head -0.6626843 1.6 0.1721521 10.875 330.2249 0 0.09157901 -0.255767 0.02434601 0.962083
9.2874 SecondCar 3.7 0.025 15.92929 0 180 0 0 1 0 -4.371139E-08 0 2
9.2874 FirstCar -6.985551 0.025 2.97 0 90 0 0 0.7071068 0 0.7071068 0 2
9.2896 Head -0.6626843 1.6 0.1721521 10.875 330.2249 0 0.09157901 -0.255767 0.02434601 0.962083
9.2896 SecondCar 3.7 0.025 15.92929 0 180 0 0 1 0 -4.371139E-08 0 2
9.2896 FirstCar -6.985551 0.025 2.97 0 90 0 0 0.7071068 0 0.7071068 0 2
9.2915 Head -0.6626843 1.6 0.1721521 10.875 330.2249 0 0.09157901 -0.255767 0.02434601 0.962083
9.2915 SecondCar 3.7 0.025 15.92929 0 180 0 0 1 0 -4.371139E-08 0 2
9.2915 FirstCar -6.985551 0.025 2.97 0 90 0 0 0.7071068 0 0.7071068 0 2
9.2934 Head -0.6626843 1.6 0.1721521 10.875 330.2249 0 0.09157901 -0.255767 0.02434601 0.962083
9.2934 SecondCar 3.7 0.025 15.92929 0 180 0 0 1 0 -4.371139E-08 0 2
9.2934 FirstCar -6.985551 0.025 2.97 0 90 0 0 0.7071068 0 0.7071068 0 2
9.2953 Head -0.6626843 1.6 0.1721521 10.875 330.2249 0 0.09157901 -0.255767 0.02434601 0.962083
9.2953 SecondCar 3.7 0.025 15.92929 0 180 0 0 1 0 -4.371139E-08 0 2
9.2953 FirstCar -6.985551 0.025 2.97 0 90 0 0 0.7071068 0 0.7071068 0 2
9.2974 Head -0.6626843 1.6 0.1721521 10.875 330.2249 0 0.09157901 -0.255767 0.02434601 0.962083
9.2974 SecondCar 3.7 0.025 15.92929 0 180 0 0 1 0 -4.371139E-08 0 2
9.2974 FirstCar -6.985551 0.025 2.97 0 90 0 0 0.7071068 0 0.7071068 0 2
9.2994 Head -0.6626843 1.6 0.1721521 10.875 330.2249 0 0.09157901 -0.255767 0.02434601 0.962083
9.2994 SecondCar 3.7 0.025 15.92929 0 180 0 0 1 0 -4.371139E-08 0 2
9.2994 FirstCar -6.985551 0.025 2.97 0 90 0 0 0.7071068 0 0.7071068 0 2
9.3012 Head -0.6626843 1.6 0.1721521 10.875 330.2249 0 0.09157901 -0.255767 0.02434601 0.962083
9.3012 SecondCar 3.7 0.025 15.92929 0 180 0 0 1 0 -4.371139E-08 0 2
9.3012 FirstCar -6.985551 0.025 2.97 0 90 0 0 0.7071068 0 0.7071068 0 2
9.3029 Head -0.6626843 1.6 0.1721521 10.875 330.2249 0 0.09157901 -0.255767 0.02434601 0.962083
9.3029 SecondCar 3.7 0.025 15.92929 0 180 0 0 1 0 -4.371139E-08 0 2
9.3029 FirstCar -6.985551 0.025 2.97 0 90 0 0 0.7071068 0 0.7071068 0 2
9.3046 Head -0.6626843 1.6 0.1721521 10.875 330.2249 0 0.09157901 -0.255767 0.02434601 0.962083
9.3046 SecondCar 3.7 0.025 15.92929 0 180 0 0 1 0 -4.371139E-08 0 2
9.3046 FirstCar -6.985551 0.025 2.97 0 90 0 0 0.7071068 0 0.7071068 0 2
9.3064 Head -0.6626843 1.6 0.1721521 10.875 330.2249 0 0.09157901 -0.255767 0.02434601 0.962083
9.3064 SecondCar 3.7 0.025 15.92929 0 180 0 0 1 0 -4.371139E-08 0 2
9.3064 FirstCar -6.985551 0.025 2.97 0 90 0 0 0.7071068 0 0.7071068 0 2
9.3082 Head -0.6626843 1.6 0.1721521 10.875 330.2249 0 0.09157901 -0.255767 0.02434601 0.962083
9.3082 SecondCar 3.7 0.025 15.92929 0 180 0 0 1 0 -4.371139E-08 0 2
9.3082 FirstCar -6.985551 0.025 2.97 0 90 0 0 0.7071068 0 0.7071068 0 2
9.3101 Head -0.6626843 1.6 0.1721521 10.875 330.2249 0 0.09157901 -0.255767 0.02434601 0.962083
9.3101 SecondCar 3.7 0.025 15.92929 0 180 0 0 1 0 -4.371139E-08 0 2
9.3101 FirstCar -6.985551 0.025 2.97 0 90 0 0 0.7071068 0 0.7071068 0 2
9.3119 Head -0.6626843 1.6 0.1721521 10.875 330.2249 0 0.09157901 -0.255767 0.02434601 0.962083
9.3119 SecondCar 3.7 0.025 15.92929 0 180 0 0 1 0 -4.371139E-08 0 2
9.3119 FirstCar -6.985551 0.025 2.97 0 90 0 0 0.7071068 0 0.7071068 0 2
9.3138 Head -0.6626843 1.6 0.1721521 10.875 330.2249 0 0.09157901 -0.255767 0.02434601 0.962083
9.3138 SecondCar 3.7 0.025 15.92929 0 180 0 0 1 0 -4.371139E-08 0 2
9.3138 FirstCar -6.985551 0.025 2.97 0 90 0 0 0.7071068 0 0.7071068 0 2
9.3161 Head -0.6626843 1.6 0.1721521 10.875 330.2249 0 0.09157901 -0.255767 0.02434601 0.962083
9.3161 SecondCar 3.7 0.025 15.92929 0 180 0 0 1 0 -4.371139E-08 0 2
9.3161 FirstCar -6.985551 0.025 2.97 0 90 0 0 0.7071068 0 0.7071068 0 2
9.3182 Head -0.6626843 1.6 0.1721521 10.875 330.2249 0 0.09157901 -0.255767 0.02434601 0.962083
9.3182 SecondCar 3.7 0.025 15.92929 0 180 0 0 1 0 -4.371139E-08 0 2
9.3182 FirstCar -6.985551 0.025 2.97 0 90 0 0 0.7071068 0 0.7071068 0 2
9.3202 Head -0.6626843 1.6 0.1721521 10.875 330.2249 0 0.09157901 -0.255767 0.02434601 0.962083
9.3202 SecondCar 3.7 0.025 15.92929 0 180 0 0 1 0 -4.371139E-08 0 2
9.3202 FirstCar -6.985551 0.025 2.97 0 90 0 0 0.7071068 0 0.7071068 0 2
9.3220 Head -0.6626843 1.6 0.1721521 10.875 330.2249 0 0.09157901 -0.255767 0.02434601 0.962083
9.3220 SecondCar 3.7 0.025 15.92929 0 180 0 0 1 0 -4.371139E-08 0 2
9.3220 FirstCar -6.985551 0.025 2.97 0 90 0 0 0.7071068 0 0.7071068 0 2
9.3238 Head -0.6626843 1.6 0.1721521 10.875 330.2249 0 0.09157901 -0.255767 0.02434601 0.962083
9.3238 SecondCar 3.7 0.025 15.92929 0 180 0 0 1 0 -4.371139E-08 0 2
9.3238 FirstCar -6.985551 0.025 2.97 0 90 0 0 0.7071068 0 0.7071068 0 2
9.3256 Head -0.6626843 1.6 0.1721521 10.875 330.2249 0 0.09157901 -0.255767 0.02434601 0.962083
9.3256 SecondCar 3.7 0.025 15.92929 0 180 0 0 1 0 -4.371139E-08 0 2
9.3256 FirstCar -6.985551 0.025 2.97 0 90 0 0 0.7071068 0 0.7071068 0 2
9.3276 Head -0.6626843 1.6 0.1721521 10.875 330.2249 0 0.09157901 -0.255767 0.02434601 0.962083
9.3276 SecondCar 3.7 0.025 15.92929 0 180 0 0 1 0 -4.371139E-08 0 2
9.3276 FirstCar -6.985551 0.025 2.97 0 90 0 0 0.7071068 0 0.7071068 0 2
9.3296 Head -0.6626843 1.6 0.1721521 10.875 330.2249 0 0.09157901 -0.255767 0.02434601 0.962083
9.3296 SecondCar 3.7 0.025 15.92929 0 180 0 0 1 0 -4.371139E-08 0 2
9.3296 FirstCar -6.985551 0.025 2.97 0 90 0 0 0.7071068 0 0.7071068 0 2
9.3313 Head -0.6626843 1.6 0.1721521 10.875 330.2249 0 0.09157901 -0.255767 0.02434601 0.962083
9.3313 SecondCar 3.7 0.025 15.92929 0 180 0 0 1 0 -4.371139E-08 0 2
9.3313 FirstCar -6.985551 0.025 2.97 0 90 0 0 0.7071068 0 0.7071068 0 2
9.3330 Head -0.6626843 1.6 0.1721521 10.875 330.2249 0 0.09157901 -0.255767 0.02434601 0.962083
9.3330 SecondCar 3.7 0.025 15.92929 0 180 0 0 1 0 -4.371139E-08 0 2
9.3330 FirstCar -6.985551 0.025 2.97 0 90 0 0 0.7071068 0 0.7071068 0 2
9.3347 Head -0.6626843 1.6 0.1721521 10.875 330.2249 0 0.09157901 -0.255767 0.02434601 0.962083
9.3347 SecondCar 3.7 0.025 15.92929 0 180 0 0 1 0 -4.371139E-08 0 2
9.3347 FirstCar -6.985551 0.025 2.97 0 90 0 0 0.7071068 0 0.7071068 0 2
9.3364 Head -0.6626843 1.6 0.1721521 10.875 330.2249 0 0.09157901 -0.255767 0.02434601 0.962083
9.3364 SecondCar 3.7 0.025 15.92929 0 180 0 0 1 0 -4.371139E-08 0 2
9.3364 FirstCar -6.985551 0.025 2.97 0 90 0 0 0.7071068 0 0.7071068 0 2
9.3381 Head -0.6626843 1.6 0.1721521 10.875 330.2249 0 0.09157901 -0.255767 0.02434601 0.962083
9.3381 SecondCar 3.7 0.025 15.92929 0 180 0 0 1 0 -4.371139E-08 0 2
9.3381 FirstCar -6.985551 0.025 2.97 0 90 0 0 0.7071068 0 0.7071068 0 2
9.3398 Head -0.6626843 1.6 0.1721521 10.875 330.2249 0 0.09157901 -0.255767 0.02434601 0.962083
9.3398 SecondCar 3.7 0.025 15.92929 0 180 0 0 1 0 -4.371139E-08 0 2
9.3398 FirstCar -6.985551 0.025 2.97 0 90 0 0 0.7071068 0 0.7071068 0 2
9.3415 Head -0.6626843 1.6 0.1721521 10.875 330.2249 0 0.09157901 -0.255767 0.02434601 0.962083
9.3415 SecondCar 3.7 0.025 15.92929 0 180 0 0 1 0 -4.371139E-08 0 2
9.3415 FirstCar -6.985551 0.025 2.97 0 90 0 0 0.7071068 0 0.7071068 0 2
9.3433 Head -0.6626843 1.6 0.1721521 10.875 330.2249 0 0.09157901 -0.255767 0.02434601 0.962083
9.3433 SecondCar 3.7 0.025 15.92929 0 180 0 0 1 0 -4.371139E-08 0 2
9.3433 FirstCar -6.985551 0.025 2.97 0 90 0 0 0.7071068 0 0.7071068 0 2
9.3455 Head -0.6626843 1.6 0.1721521 10.875 330.2249 0 0.09157901 -0.255767 0.02434601 0.962083
9.3455 SecondCar 3.7 0.025 15.92929 0 180 0 0 1 0 -4.371139E-08 0 2
9.3455 FirstCar -6.985551 0.025 2.97 0 90 0 0 0.7071068 0 0.7071068 0 2
9.3475 Head -0.6626843 1.6 0.1721521 10.875 330.2249 0 0.09157901 -0.255767 0.02434601 0.962083
9.3475 SecondCar 3.7 0.025 15.92929 0 180 0 0 1 0 -4.371139E-08 0 2
9.3475 FirstCar -6.985551 0.025 2.97 0 90 0 0 0.7071068 0 0.7071068 0 2
9.3498 Head -0.6626843 1.6 0.1721521 10.875 330.2249 0 0.09157901 -0.255767 0.02434601 0.962083
9.3498 SecondCar 3.7 0.025 15.92929 0 180 0 0 1 0 -4.371139E-08 0 2
9.3498 FirstCar -6.985551 0.025 2.97 0 90 0 0 0.7071068 0 0.7071068 0 2
9.3519 Head -0.6626843 1.6 0.1721521 10.875 330.2249 0 0.09157901 -0.255767 0.02434601 0.962083
9.3519 SecondCar 3.7 0.025 15.92929 0 180 0 0 1 0 -4.371139E-08 0 2
9.3519 FirstCar -6.985551 0.025 2.97 0 90 0 0 0.7071068 0 0.7071068 0 2
9.3538 Head -0.6626843 1.6 0.1721521 10.875 330.2249 0 0.09157901 -0.255767 0.02434601 0.962083
9.3538 SecondCar 3.7 0.025 15.92929 0 180 0 0 1 0 -4.371139E-08 0 2
9.3538 FirstCar -6.985551 0.025 2.97 0 90 0 0 0.7071068 0 0.7071068 0 2
9.3559 Head -0.6626843 1.6 0.1721521 10.875 330.2249 0 0.09157901 -0.255767 0.02434601 0.962083
9.3559 SecondCar 3.7 0.025 15.92929 0 180 0 0 1 0 -4.371139E-08 0 2
9.3559 FirstCar -6.985551 0.025 2.97 0 90 0 0 0.7071068 0 0.7071068 0 2
9.3580 Head -0.6626843 1.6 0.1721521 10.875 330.2249 0 0.09157901 -0.255767 0.02434601 0.962083
9.3580 SecondCar 3.7 0.025 15.92929 0 180 0 0 1 0 -4.371139E-08 0 2
9.3580 FirstCar -6.985551 0.025 2.97 0 90 0 0 0.7071068 0 0.7071068 0 2
9.3602 Head -0.6626843 1.6 0.1721521 10.875 330.2249 0 0.09157901 -0.255767 0.02434601 0.962083
9.3602 SecondCar 3.7 0.025 15.92929 0 180 0 0 1 0 -4.371139E-08 0 2
9.3602 FirstCar -6.985551 0.025 2.97 0 90 0 0 0.7071068 0 0.7071068 0 2
9.3622 Head -0.6626843 1.6 0.1721521 10.875 330.2249 0 0.09157901 -0.255767 0.02434601 0.962083
9.3622 SecondCar 3.7 0.025 15.92929 0 180 0 0 1 0 -4.371139E-08 0 2
9.3622 FirstCar -6.985551 0.025 2.97 0 90 0 0 0.7071068 0 0.7071068 0 2
9.3642 Head -0.6626843 1.6 0.1721521 10.875 330.2249 0 0.09157901 -0.255767 0.02434601 0.962083
9.3642 SecondCar 3.7 0.025 15.92929 0 180 0 0 1 0 -4.371139E-08 0 2
9.3642 FirstCar -6.985551 0.025 2.97 0 90 0 0 0.7071068 0 0.7071068 0 2
9.3661 Head -0.6626843 1.6 0.1721521 10.875 330.2249 0 0.09157901 -0.255767 0.02434601 0.962083
9.3661 SecondCar 3.7 0.025 15.92929 0 180 0 0 1 0 -4.371139E-08 0 2
9.3661 FirstCar -6.985551 0.025 2.97 0 90 0 0 0.7071068 0 0.7071068 0 2
9.3681 Head -0.6626843 1.6 0.1721521 10.875 330.2249 0 0.09157901 -0.255767 0.02434601 0.962083
9.3681 SecondCar 3.7 0.025 15.92929 0 180 0 0 1 0 -4.371139E-08 0 2
9.3681 FirstCar -6.985551 0.025 2.97 0 90 0 0 0.7071068 0 0.7071068 0 2
9.3702 Head -0.6626843 1.6 0.1721521 10.875 330.2249 0 0.09157901 -0.255767 0.02434601 0.962083
9.3702 SecondCar 3.7 0.025 15.92929 0 180 0 0 1 0 -4.371139E-08 0 2
9.3702 FirstCar -6.985551 0.025 2.97 0 90 0 0 0.7071068 0 0.7071068 0 2
9.3720 Head -0.6626843 1.6 0.1721521 10.875 330.2249 0 0.09157901 -0.255767 0.02434601 0.962083
9.3720 SecondCar 3.7 0.025 15.92929 0 180 0 0 1 0 -4.371139E-08 0 2
9.3720 FirstCar -6.985551 0.025 2.97 0 90 0 0 0.7071068 0 0.7071068 0 2
9.3769 Head -0.6626843 1.6 0.1721521 10.875 330.2249 0 0.09157901 -0.255767 0.02434601 0.962083
9.3769 SecondCar 3.7 0.025 15.92929 0 180 0 0 1 0 -4.371139E-08 0 2
9.3769 FirstCar -6.985551 0.025 2.97 0 90 0 0 0.7071068 0 0.7071068 0 2
9.3828 Head -0.6626843 1.6 0.1721521 10.875 330.2249 0 0.09157901 -0.255767 0.02434601 0.962083
9.3828 SecondCar 3.7 0.025 15.92929 0 180 0 0 1 0 -4.371139E-08 0 2
9.3828 FirstCar -6.985551 0.025 2.97 0 90 0 0 0.7071068 0 0.7071068 0 2
9.3880 Head -0.6626843 1.6 0.1721521 10.875 330.2249 0 0.09157901 -0.255767 0.02434601 0.962083
9.3880 SecondCar 3.7 0.025 15.92929 0 180 0 0 1 0 -4.371139E-08 0 2
9.3880 FirstCar -6.985551 0.025 2.97 0 90 0 0 0.7071068 0 0.7071068 0 2
9.3935 Head -0.6626843 1.6 0.1721521 10.875 330.2249 0 0.09157901 -0.255767 0.02434601 0.962083
9.3935 SecondCar 3.7 0.025 15.92929 0 180 0 0 1 0 -4.371139E-08 0 2
9.3935 FirstCar -6.985551 0.025 2.97 0 90 0 0 0.7071068 0 0.7071068 0 2
9.3990 Head -0.6626843 1.6 0.1721521 10.875 330.2249 0 0.09157901 -0.255767 0.02434601 0.962083
9.3990 SecondCar 3.7 0.025 15.92929 0 180 0 0 1 0 -4.371139E-08 0 2
9.3990 FirstCar -6.985551 0.025 2.97 0 90 0 0 0.7071068 0 0.7071068 0 2
9.4087 Head -0.6626843 1.6 0.1721521 10.875 330.2249 0 0.09157901 -0.255767 0.02434601 0.962083
9.4087 SecondCar 3.7 0.025 15.92929 0 180 0 0 1 0 -4.371139E-08 0 2
9.4087 FirstCar -6.985551 0.025 2.97 0 90 0 0 0.7071068 0 0.7071068 0 2
9.4112 Head -0.6626843 1.6 0.1721521 10.875 330.2249 0 0.09157901 -0.255767 0.02434601 0.962083
9.4112 SecondCar 3.7 0.025 15.92929 0 180 0 0 1 0 -4.371139E-08 0 2
9.4112 FirstCar -6.985551 0.025 2.97 0 90 0 0 0.7071068 0 0.7071068 0 2
9.4132 Head -0.6626843 1.6 0.1721521 10.875 330.2249 0 0.09157901 -0.255767 0.02434601 0.962083
9.4132 SecondCar 3.7 0.025 15.92929 0 180 0 0 1 0 -4.371139E-08 0 2
9.4132 FirstCar -6.985551 0.025 2.97 0 90 0 0 0.7071068 0 0.7071068 0 2
9.4150 Head -0.6626843 1.6 0.1721521 10.875 330.2249 0 0.09157901 -0.255767 0.02434601 0.962083
9.4150 SecondCar 3.7 0.025 15.92929 0 180 0 0 1 0 -4.371139E-08 0 2
9.4150 FirstCar -6.985551 0.025 2.97 0 90 0 0 0.7071068 0 0.7071068 0 2
9.4167 Head -0.6626843 1.6 0.1721521 10.875 330.2249 0 0.09157901 -0.255767 0.02434601 0.962083
9.4167 SecondCar 3.7 0.025 15.92929 0 180 0 0 1 0 -4.371139E-08 0 2
9.4167 FirstCar -6.985551 0.025 2.97 0 90 0 0 0.7071068 0 0.7071068 0 2
9.4186 Head -0.6626843 1.6 0.1721521 10.875 330.2249 0 0.09157901 -0.255767 0.02434601 0.962083
9.4186 SecondCar 3.7 0.025 15.92929 0 180 0 0 1 0 -4.371139E-08 0 2
9.4186 FirstCar -6.985551 0.025 2.97 0 90 0 0 0.7071068 0 0.7071068 0 2
9.4205 Head -0.6626843 1.6 0.1721521 10.875 330.2249 0 0.09157901 -0.255767 0.02434601 0.962083
9.4205 SecondCar 3.7 0.025 15.92929 0 180 0 0 1 0 -4.371139E-08 0 2
9.4205 FirstCar -6.985551 0.025 2.97 0 90 0 0 0.7071068 0 0.7071068 0 2
9.4222 Head -0.6626843 1.6 0.1721521 10.875 330.2249 0 0.09157901 -0.255767 0.02434601 0.962083
9.4222 SecondCar 3.7 0.025 15.92929 0 180 0 0 1 0 -4.371139E-08 0 2
9.4222 FirstCar -6.985551 0.025 2.97 0 90 0 0 0.7071068 0 0.7071068 0 2
9.4254 Head -0.6626843 1.6 0.1721521 10.875 330.2249 0 0.09157901 -0.255767 0.02434601 0.962083
9.4254 SecondCar 3.7 0.025 15.92929 0 180 0 0 1 0 -4.371139E-08 0 2
9.4254 FirstCar -6.985551 0.025 2.97 0 90 0 0 0.7071068 0 0.7071068 0 2
9.4279 Head -0.6626843 1.6 0.1721521 10.875 330.2249 0 0.09157901 -0.255767 0.02434601 0.962083
9.4279 SecondCar 3.7 0.025 15.92929 0 180 0 0 1 0 -4.371139E-08 0 2
9.4279 FirstCar -6.985551 0.025 2.97 0 90 0 0 0.7071068 0 0.7071068 0 2
9.4304 Head -0.6626843 1.6 0.1721521 10.875 330.2249 0 0.09157901 -0.255767 0.02434601 0.962083
9.4304 SecondCar 3.7 0.025 15.92929 0 180 0 0 1 0 -4.371139E-08 0 2
9.4304 FirstCar -6.985551 0.025 2.97 0 90 0 0 0.7071068 0 0.7071068 0 2
9.4326 Head -0.6626843 1.6 0.1721521 10.875 330.2249 0 0.09157901 -0.255767 0.02434601 0.962083
9.4326 SecondCar 3.7 0.025 15.92929 0 180 0 0 1 0 -4.371139E-08 0 2
9.4326 FirstCar -6.985551 0.025 2.97 0 90 0 0 0.7071068 0 0.7071068 0 2
9.4347 Head -0.6626843 1.6 0.1721521 10.875 330.2249 0 0.09157901 -0.255767 0.02434601 0.962083
9.4347 SecondCar 3.7 0.025 15.92929 0 180 0 0 1 0 -4.371139E-08 0 2
9.4347 FirstCar -6.985551 0.025 2.97 0 90 0 0 0.7071068 0 0.7071068 0 2
9.4367 Head -0.6626843 1.6 0.1721521 10.875 330.2249 0 0.09157901 -0.255767 0.02434601 0.962083
9.4367 SecondCar 3.7 0.025 15.92929 0 180 0 0 1 0 -4.371139E-08 0 2
9.4367 FirstCar -6.985551 0.025 2.97 0 90 0 0 0.7071068 0 0.7071068 0 2
9.4386 Head -0.6626843 1.6 0.1721521 10.875 330.2249 0 0.09157901 -0.255767 0.02434601 0.962083
9.4386 SecondCar 3.7 0.025 15.92929 0 180 0 0 1 0 -4.371139E-08 0 2
9.4386 FirstCar -6.985551 0.025 2.97 0 90 0 0 0.7071068 0 0.7071068 0 2
9.4405 Head -0.6626843 1.6 0.1721521 10.875 330.2249 0 0.09157901 -0.255767 0.02434601 0.962083
9.4405 SecondCar 3.7 0.025 15.92929 0 180 0 0 1 0 -4.371139E-08 0 2
9.4405 FirstCar -6.985551 0.025 2.97 0 90 0 0 0.7071068 0 0.7071068 0 2
9.4424 Head -0.6626843 1.6 0.1721521 10.875 330.2249 0 0.09157901 -0.255767 0.02434601 0.962083
9.4424 SecondCar 3.7 0.025 15.92929 0 180 0 0 1 0 -4.371139E-08 0 2
9.4424 FirstCar -6.985551 0.025 2.97 0 90 0 0 0.7071068 0 0.7071068 0 2
9.4441 Head -0.6626843 1.6 0.1721521 10.875 330.2249 0 0.09157901 -0.255767 0.02434601 0.962083
9.4441 SecondCar 3.7 0.025 15.92929 0 180 0 0 1 0 -4.371139E-08 0 2
9.4441 FirstCar -6.985551 0.025 2.97 0 90 0 0 0.7071068 0 0.7071068 0 2
9.4459 Head -0.6626843 1.6 0.1721521 10.875 330.2249 0 0.09157901 -0.255767 0.02434601 0.962083
9.4459 SecondCar 3.7 0.025 15.92929 0 180 0 0 1 0 -4.371139E-08 0 2
9.4459 FirstCar -6.985551 0.025 2.97 0 90 0 0 0.7071068 0 0.7071068 0 2
9.4477 Head -0.6626843 1.6 0.1721521 10.875 330.2249 0 0.09157901 -0.255767 0.02434601 0.962083
9.4477 SecondCar 3.7 0.025 15.92929 0 180 0 0 1 0 -4.371139E-08 0 2
9.4477 FirstCar -6.985551 0.025 2.97 0 90 0 0 0.7071068 0 0.7071068 0 2
9.4496 Head -0.6626843 1.6 0.1721521 10.875 330.2249 0 0.09157901 -0.255767 0.02434601 0.962083
9.4496 SecondCar 3.7 0.025 15.92929 0 180 0 0 1 0 -4.371139E-08 0 2
9.4496 FirstCar -6.985551 0.025 2.97 0 90 0 0 0.7071068 0 0.7071068 0 2
9.4514 Head -0.6626843 1.6 0.1721521 10.875 330.2249 0 0.09157901 -0.255767 0.02434601 0.962083
9.4514 SecondCar 3.7 0.025 15.92929 0 180 0 0 1 0 -4.371139E-08 0 2
9.4514 FirstCar -6.985551 0.025 2.97 0 90 0 0 0.7071068 0 0.7071068 0 2
9.4531 Head -0.6626843 1.6 0.1721521 10.875 330.2249 0 0.09157901 -0.255767 0.02434601 0.962083
9.4531 SecondCar 3.7 0.025 15.92929 0 180 0 0 1 0 -4.371139E-08 0 2
9.4531 FirstCar -6.985551 0.025 2.97 0 90 0 0 0.7071068 0 0.7071068 0 2
9.4548 Head -0.6626843 1.6 0.1721521 10.875 330.2249 0 0.09157901 -0.255767 0.02434601 0.962083
9.4548 SecondCar 3.7 0.025 15.92929 0 180 0 0 1 0 -4.371139E-08 0 2
9.4548 FirstCar -6.985551 0.025 2.97 0 90 0 0 0.7071068 0 0.7071068 0 2
9.4567 Head -0.6626843 1.6 0.1721521 10.875 330.2249 0 0.09157901 -0.255767 0.02434601 0.962083
9.4567 SecondCar 3.7 0.025 15.92929 0 180 0 0 1 0 -4.371139E-08 0 2
9.4567 FirstCar -6.985551 0.025 2.97 0 90 0 0 0.7071068 0 0.7071068 0 2
9.4586 Head -0.6626843 1.6 0.1721521 10.875 330.2249 0 0.09157901 -0.255767 0.02434601 0.962083
9.4586 SecondCar 3.7 0.025 15.92929 0 180 0 0 1 0 -4.371139E-08 0 2
9.4586 FirstCar -6.985551 0.025 2.97 0 90 0 0 0.7071068 0 0.7071068 0 2
9.4606 Head -0.6626843 1.6 0.1721521 10.875 330.2249 0 0.09157901 -0.255767 0.02434601 0.962083
9.4606 SecondCar 3.7 0.025 15.92929 0 180 0 0 1 0 -4.371139E-08 0 2
9.4606 FirstCar -6.985551 0.025 2.97 0 90 0 0 0.7071068 0 0.7071068 0 2
9.4625 Head -0.6626843 1.6 0.1721521 10.875 330.2249 0 0.09157901 -0.255767 0.02434601 0.962083
9.4625 SecondCar 3.7 0.025 15.92929 0 180 0 0 1 0 -4.371139E-08 0 2
9.4625 FirstCar -6.985551 0.025 2.97 0 90 0 0 0.7071068 0 0.7071068 0 2
9.4643 Head -0.6626843 1.6 0.1721521 10.875 330.2249 0 0.09157901 -0.255767 0.02434601 0.962083
9.4643 SecondCar 3.7 0.025 15.92929 0 180 0 0 1 0 -4.371139E-08 0 2
9.4643 FirstCar -6.985551 0.025 2.97 0 90 0 0 0.7071068 0 0.7071068 0 2
9.4662 Head -0.6626843 1.6 0.1721521 10.875 330.2249 0 0.09157901 -0.255767 0.02434601 0.962083
9.4662 SecondCar 3.7 0.025 15.92929 0 180 0 0 1 0 -4.371139E-08 0 2
9.4662 FirstCar -6.985551 0.025 2.97 0 90 0 0 0.7071068 0 0.7071068 0 2
9.4684 Head -0.6626843 1.6 0.1721521 10.875 330.2249 0 0.09157901 -0.255767 0.02434601 0.962083
9.4684 SecondCar 3.7 0.025 15.92929 0 180 0 0 1 0 -4.371139E-08 0 2
9.4684 FirstCar -6.985551 0.025 2.97 0 90 0 0 0.7071068 0 0.7071068 0 2
9.4703 Head -0.6626843 1.6 0.1721521 10.875 330.2249 0 0.09157901 -0.255767 0.02434601 0.962083
9.4703 SecondCar 3.7 0.025 15.92929 0 180 0 0 1 0 -4.371139E-08 0 2
9.4703 FirstCar -6.985551 0.025 2.97 0 90 0 0 0.7071068 0 0.7071068 0 2
9.4720 Head -0.6626843 1.6 0.1721521 10.875 330.2249 0 0.09157901 -0.255767 0.02434601 0.962083
9.4720 SecondCar 3.7 0.025 15.92929 0 180 0 0 1 0 -4.371139E-08 0 2
9.4720 FirstCar -6.985551 0.025 2.97 0 90 0 0 0.7071068 0 0.7071068 0 2
9.4738 Head -0.6626843 1.6 0.1721521 10.875 330.2249 0 0.09157901 -0.255767 0.02434601 0.962083
9.4738 SecondCar 3.7 0.025 15.92929 0 180 0 0 1 0 -4.371139E-08 0 2
9.4738 FirstCar -6.985551 0.025 2.97 0 90 0 0 0.7071068 0 0.7071068 0 2
9.4756 Head -0.6626843 1.6 0.1721521 10.875 330.2249 0 0.09157901 -0.255767 0.02434601 0.962083
9.4756 SecondCar 3.7 0.025 15.92929 0 180 0 0 1 0 -4.371139E-08 0 2
9.4756 FirstCar -6.985551 0.025 2.97 0 90 0 0 0.7071068 0 0.7071068 0 2
9.4774 Head -0.6626843 1.6 0.1721521 10.875 330.2249 0 0.09157901 -0.255767 0.02434601 0.962083
9.4774 SecondCar 3.7 0.025 15.92929 0 180 0 0 1 0 -4.371139E-08 0 2
9.4774 FirstCar -6.985551 0.025 2.97 0 90 0 0 0.7071068 0 0.7071068 0 2
9.4791 Head -0.6626843 1.6 0.1721521 10.875 330.2249 0 0.09157901 -0.255767 0.02434601 0.962083
9.4791 SecondCar 3.7 0.025 15.92929 0 180 0 0 1 0 -4.371139E-08 0 2
9.4791 FirstCar -6.985551 0.025 2.97 0 90 0 0 0.7071068 0 0.7071068 0 2
9.4809 Head -0.6626843 1.6 0.1721521 10.875 330.2249 0 0.09157901 -0.255767 0.02434601 0.962083
9.4809 SecondCar 3.7 0.025 15.92929 0 180 0 0 1 0 -4.371139E-08 0 2
9.4809 FirstCar -6.985551 0.025 2.97 0 90 0 0 0.7071068 0 0.7071068 0 2
9.4826 Head -0.6626843 1.6 0.1721521 10.875 330.2249 0 0.09157901 -0.255767 0.02434601 0.962083
9.4826 SecondCar 3.7 0.025 15.92929 0 180 0 0 1 0 -4.371139E-08 0 2
9.4826 FirstCar -6.985551 0.025 2.97 0 90 0 0 0.7071068 0 0.7071068 0 2
9.4844 Head -0.6626843 1.6 0.1721521 10.875 330.2249 0 0.09157901 -0.255767 0.02434601 0.962083
9.4844 SecondCar 3.7 0.025 15.92929 0 180 0 0 1 0 -4.371139E-08 0 2
9.4844 FirstCar -6.985551 0.025 2.97 0 90 0 0 0.7071068 0 0.7071068 0 2
9.4864 Head -0.6626843 1.6 0.1721521 10.875 330.2249 0 0.09157901 -0.255767 0.02434601 0.962083
9.4864 SecondCar 3.7 0.025 15.92929 0 180 0 0 1 0 -4.371139E-08 0 2
9.4864 FirstCar -6.985551 0.025 2.97 0 90 0 0 0.7071068 0 0.7071068 0 2
9.4884 Head -0.6626843 1.6 0.1721521 10.875 330.2249 0 0.09157901 -0.255767 0.02434601 0.962083
9.4884 SecondCar 3.7 0.025 15.92929 0 180 0 0 1 0 -4.371139E-08 0 2
9.4884 FirstCar -6.985551 0.025 2.97 0 90 0 0 0.7071068 0 0.7071068 0 2
9.4906 Head -0.6626843 1.6 0.1721521 10.875 330.2249 0 0.09157901 -0.255767 0.02434601 0.962083
9.4906 SecondCar 3.7 0.025 15.92929 0 180 0 0 1 0 -4.371139E-08 0 2
9.4906 FirstCar -6.985551 0.025 2.97 0 90 0 0 0.7071068 0 0.7071068 0 2
9.4928 Head -0.6626843 1.6 0.1721521 10.875 330.2249 0 0.09157901 -0.255767 0.02434601 0.962083
9.4928 SecondCar 3.7 0.025 15.92929 0 180 0 0 1 0 -4.371139E-08 0 2
9.4928 FirstCar -6.985551 0.025 2.97 0 90 0 0 0.7071068 0 0.7071068 0 2
9.4951 Head -0.6626843 1.6 0.1721521 10.875 330.2249 0 0.09157901 -0.255767 0.02434601 0.962083
9.4951 SecondCar 3.7 0.025 15.92929 0 180 0 0 1 0 -4.371139E-08 0 2
9.4951 FirstCar -6.985551 0.025 2.97 0 90 0 0 0.7071068 0 0.7071068 0 2
9.4972 Head -0.6626843 1.6 0.1721521 10.875 330.2249 0 0.09157901 -0.255767 0.02434601 0.962083
9.4972 SecondCar 3.7 0.025 15.92929 0 180 0 0 1 0 -4.371139E-08 0 2
9.4972 FirstCar -6.985551 0.025 2.97 0 90 0 0 0.7071068 0 0.7071068 0 2
9.4993 Head -0.6626843 1.6 0.1721521 10.875 330.2249 0 0.09157901 -0.255767 0.02434601 0.962083
9.4993 SecondCar 3.7 0.025 15.92929 0 180 0 0 1 0 -4.371139E-08 0 2
9.4993 FirstCar -6.985551 0.025 2.97 0 90 0 0 0.7071068 0 0.7071068 0 2
9.5013 Head -0.6626843 1.6 0.1721521 10.875 330.2249 0 0.09157901 -0.255767 0.02434601 0.962083
9.5013 SecondCar 3.7 0.025 15.92929 0 180 0 0 1 0 -4.371139E-08 0 2
9.5013 FirstCar -6.985551 0.025 2.97 0 90 0 0 0.7071068 0 0.7071068 0 2
9.5032 Head -0.6626843 1.6 0.1721521 10.875 330.2249 0 0.09157901 -0.255767 0.02434601 0.962083
9.5032 SecondCar 3.7 0.025 15.92929 0 180 0 0 1 0 -4.371139E-08 0 2
9.5032 FirstCar -6.985551 0.025 2.97 0 90 0 0 0.7071068 0 0.7071068 0 2
9.5050 Head -0.6626843 1.6 0.1721521 10.875 330.2249 0 0.09157901 -0.255767 0.02434601 0.962083
9.5050 SecondCar 3.7 0.025 15.92929 0 180 0 0 1 0 -4.371139E-08 0 2
9.5050 FirstCar -6.985551 0.025 2.97 0 90 0 0 0.7071068 0 0.7071068 0 2
9.5069 Head -0.6626843 1.6 0.1721521 10.875 330.2249 0 0.09157901 -0.255767 0.02434601 0.962083
9.5069 SecondCar 3.7 0.025 15.92929 0 180 0 0 1 0 -4.371139E-08 0 2
9.5069 FirstCar -6.985551 0.025 2.97 0 90 0 0 0.7071068 0 0.7071068 0 2
9.5088 Head -0.6626843 1.6 0.1721521 10.875 330.2249 0 0.09157901 -0.255767 0.02434601 0.962083
9.5088 SecondCar 3.7 0.025 15.92929 0 180 0 0 1 0 -4.371139E-08 0 2
9.5088 FirstCar -6.985551 0.025 2.97 0 90 0 0 0.7071068 0 0.7071068 0 2
9.5110 Head -0.6626843 1.6 0.1721521 10.875 330.2249 0 0.09157901 -0.255767 0.02434601 0.962083
9.5110 SecondCar 3.7 0.025 15.92929 0 180 0 0 1 0 -4.371139E-08 0 2
9.5110 FirstCar -6.985551 0.025 2.97 0 90 0 0 0.7071068 0 0.7071068 0 2
9.5129 Head -0.6626843 1.6 0.1721521 10.875 330.2249 0 0.09157901 -0.255767 0.02434601 0.962083
9.5129 SecondCar 3.7 0.025 15.92929 0 180 0 0 1 0 -4.371139E-08 0 2
9.5129 FirstCar -6.985551 0.025 2.97 0 90 0 0 0.7071068 0 0.7071068 0 2
9.5146 Head -0.6626843 1.6 0.1721521 10.875 330.2249 0 0.09157901 -0.255767 0.02434601 0.962083
9.5146 SecondCar 3.7 0.025 15.92929 0 180 0 0 1 0 -4.371139E-08 0 2
9.5146 FirstCar -6.985551 0.025 2.97 0 90 0 0 0.7071068 0 0.7071068 0 2
9.5163 Head -0.6626843 1.6 0.1721521 10.875 330.2249 0 0.09157901 -0.255767 0.02434601 0.962083
9.5163 SecondCar 3.7 0.025 15.92929 0 180 0 0 1 0 -4.371139E-08 0 2
9.5163 FirstCar -6.985551 0.025 2.97 0 90 0 0 0.7071068 0 0.7071068 0 2
9.5180 Head -0.6626843 1.6 0.1721521 10.875 330.2249 0 0.09157901 -0.255767 0.02434601 0.962083
9.5180 SecondCar 3.7 0.025 15.92929 0 180 0 0 1 0 -4.371139E-08 0 2
9.5180 FirstCar -6.985551 0.025 2.97 0 90 0 0 0.7071068 0 0.7071068 0 2
9.5197 Head -0.6626843 1.6 0.1721521 10.875 330.2249 0 0.09157901 -0.255767 0.02434601 0.962083
9.5197 SecondCar 3.7 0.025 15.92929 0 180 0 0 1 0 -4.371139E-08 0 2
9.5197 FirstCar -6.985551 0.025 2.97 0 90 0 0 0.7071068 0 0.7071068 0 2
9.5216 Head -0.6626843 1.6 0.1721521 10.875 330.2249 0 0.09157901 -0.255767 0.02434601 0.962083
9.5216 SecondCar 3.7 0.025 15.92929 0 180 0 0 1 0 -4.371139E-08 0 2
9.5216 FirstCar -6.985551 0.025 2.97 0 90 0 0 0.7071068 0 0.7071068 0 2
9.5238 Head -0.6626843 1.6 0.1721521 10.875 330.2249 0 0.09157901 -0.255767 0.02434601 0.962083
9.5238 SecondCar 3.7 0.025 15.92929 0 180 0 0 1 0 -4.371139E-08 0 2
9.5238 FirstCar -6.985551 0.025 2.97 0 90 0 0 0.7071068 0 0.7071068 0 2
9.5259 Head -0.6626843 1.6 0.1721521 10.875 330.2249 0 0.09157901 -0.255767 0.02434601 0.962083
9.5259 SecondCar 3.7 0.025 15.92929 0 180 0 0 1 0 -4.371139E-08 0 2
9.5259 FirstCar -6.985551 0.025 2.97 0 90 0 0 0.7071068 0 0.7071068 0 2
9.5279 Head -0.6626843 1.6 0.1721521 10.875 330.2249 0 0.09157901 -0.255767 0.02434601 0.962083
9.5279 SecondCar 3.7 0.025 15.92929 0 180 0 0 1 0 -4.371139E-08 0 2
9.5279 FirstCar -6.985551 0.025 2.97 0 90 0 0 0.7071068 0 0.7071068 0 2
9.5300 Head -0.6626843 1.6 0.1721521 10.875 330.2249 0 0.09157901 -0.255767 0.02434601 0.962083
9.5300 SecondCar 3.7 0.025 15.92929 0 180 0 0 1 0 -4.371139E-08 0 2
9.5300 FirstCar -6.985551 0.025 2.97 0 90 0 0 0.7071068 0 0.7071068 0 2
9.5318 Head -0.6626843 1.6 0.1721521 10.875 330.2249 0 0.09157901 -0.255767 0.02434601 0.962083
9.5318 SecondCar 3.7 0.025 15.92929 0 180 0 0 1 0 -4.371139E-08 0 2
9.5318 FirstCar -6.985551 0.025 2.97 0 90 0 0 0.7071068 0 0.7071068 0 2
9.5336 Head -0.6626843 1.6 0.1721521 10.875 330.2249 0 0.09157901 -0.255767 0.02434601 0.962083
9.5336 SecondCar 3.7 0.025 15.92929 0 180 0 0 1 0 -4.371139E-08 0 2
9.5336 FirstCar -6.985551 0.025 2.97 0 90 0 0 0.7071068 0 0.7071068 0 2
9.5354 Head -0.6626843 1.6 0.1721521 10.875 330.2249 0 0.09157901 -0.255767 0.02434601 0.962083
9.5354 SecondCar 3.7 0.025 15.92929 0 180 0 0 1 0 -4.371139E-08 0 2
9.5354 FirstCar -6.985551 0.025 2.97 0 90 0 0 0.7071068 0 0.7071068 0 2
9.5372 Head -0.6626843 1.6 0.1721521 10.875 330.2249 0 0.09157901 -0.255767 0.02434601 0.962083
9.5372 SecondCar 3.7 0.025 15.92929 0 180 0 0 1 0 -4.371139E-08 0 2
9.5372 FirstCar -6.985551 0.025 2.97 0 90 0 0 0.7071068 0 0.7071068 0 2
9.5394 Head -0.6626843 1.6 0.1721521 10.875 330.2249 0 0.09157901 -0.255767 0.02434601 0.962083
9.5394 SecondCar 3.7 0.025 15.92929 0 180 0 0 1 0 -4.371139E-08 0 2
9.5394 FirstCar -6.985551 0.025 2.97 0 90 0 0 0.7071068 0 0.7071068 0 2
9.5412 Head -0.6626843 1.6 0.1721521 10.875 330.2249 0 0.09157901 -0.255767 0.02434601 0.962083
9.5412 SecondCar 3.7 0.025 15.92929 0 180 0 0 1 0 -4.371139E-08 0 2
9.5412 FirstCar -6.985551 0.025 2.97 0 90 0 0 0.7071068 0 0.7071068 0 2
9.5429 Head -0.6626843 1.6 0.1721521 10.875 330.2249 0 0.09157901 -0.255767 0.02434601 0.962083
9.5429 SecondCar 3.7 0.025 15.92929 0 180 0 0 1 0 -4.371139E-08 0 2
9.5429 FirstCar -6.985551 0.025 2.97 0 90 0 0 0.7071068 0 0.7071068 0 2
9.5446 Head -0.6626843 1.6 0.1721521 10.875 330.2249 0 0.09157901 -0.255767 0.02434601 0.962083
9.5446 SecondCar 3.7 0.025 15.92929 0 180 0 0 1 0 -4.371139E-08 0 2
9.5446 FirstCar -6.985551 0.025 2.97 0 90 0 0 0.7071068 0 0.7071068 0 2
9.5464 Head -0.6626843 1.6 0.1721521 10.875 330.2249 0 0.09157901 -0.255767 0.02434601 0.962083
9.5464 SecondCar 3.7 0.025 15.92929 0 180 0 0 1 0 -4.371139E-08 0 2
9.5464 FirstCar -6.985551 0.025 2.97 0 90 0 0 0.7071068 0 0.7071068 0 2
9.5483 Head -0.6626843 1.6 0.1721521 10.875 330.2249 0 0.09157901 -0.255767 0.02434601 0.962083
9.5483 SecondCar 3.7 0.025 15.92929 0 180 0 0 1 0 -4.371139E-08 0 2
9.5483 FirstCar -6.985551 0.025 2.97 0 90 0 0 0.7071068 0 0.7071068 0 2
9.5505 Head -0.6626843 1.6 0.1721521 10.875 330.2249 0 0.09157901 -0.255767 0.02434601 0.962083
9.5505 SecondCar 3.7 0.025 15.92929 0 180 0 0 1 0 -4.371139E-08 0 2
9.5505 FirstCar -6.985551 0.025 2.97 0 90 0 0 0.7071068 0 0.7071068 0 2
9.5525 Head -0.6626843 1.6 0.1721521 10.875 330.2249 0 0.09157901 -0.255767 0.02434601 0.962083
9.5525 SecondCar 3.7 0.025 15.92929 0 180 0 0 1 0 -4.371139E-08 0 2
9.5525 FirstCar -6.985551 0.025 2.97 0 90 0 0 0.7071068 0 0.7071068 0 2
9.5545 Head -0.6626843 1.6 0.1721521 10.875 330.2249 0 0.09157901 -0.255767 0.02434601 0.962083
9.5545 SecondCar 3.7 0.025 15.92929 0 180 0 0 1 0 -4.371139E-08 0 2
9.5545 FirstCar -6.985551 0.025 2.97 0 90 0 0 0.7071068 0 0.7071068 0 2
9.5566 Head -0.6626843 1.6 0.1721521 10.875 330.2249 0 0.09157901 -0.255767 0.02434601 0.962083
9.5566 SecondCar 3.7 0.025 15.92929 0 180 0 0 1 0 -4.371139E-08 0 2
9.5566 FirstCar -6.985551 0.025 2.97 0 90 0 0 0.7071068 0 0.7071068 0 2
9.5588 Head -0.6626843 1.6 0.1721521 10.875 330.2249 0 0.09157901 -0.255767 0.02434601 0.962083
9.5588 SecondCar 3.7 0.025 15.92929 0 180 0 0 1 0 -4.371139E-08 0 2
9.5588 FirstCar -6.985551 0.025 2.97 0 90 0 0 0.7071068 0 0.7071068 0 2
9.5609 Head -0.6626843 1.6 0.1721521 10.875 330.2249 0 0.09157901 -0.255767 0.02434601 0.962083
9.5609 SecondCar 3.7 0.025 15.92929 0 180 0 0 1 0 -4.371139E-08 0 2
9.5609 FirstCar -6.985551 0.025 2.97 0 90 0 0 0.7071068 0 0.7071068 0 2
9.5628 Head -0.6626843 1.6 0.1721521 10.875 330.2249 0 0.09157901 -0.255767 0.02434601 0.962083
9.5628 SecondCar 3.7 0.025 15.92929 0 180 0 0 1 0 -4.371139E-08 0 2
9.5628 FirstCar -6.985551 0.025 2.97 0 90 0 0 0.7071068 0 0.7071068 0 2
9.5647 Head -0.6626843 1.6 0.1721521 10.875 330.2249 0 0.09157901 -0.255767 0.02434601 0.962083
9.5647 SecondCar 3.7 0.025 15.92929 0 180 0 0 1 0 -4.371139E-08 0 2
9.5647 FirstCar -6.985551 0.025 2.97 0 90 0 0 0.7071068 0 0.7071068 0 2
9.5668 Head -0.6626843 1.6 0.1721521 10.875 330.2249 0 0.09157901 -0.255767 0.02434601 0.962083
9.5668 SecondCar 3.7 0.025 15.92929 0 180 0 0 1 0 -4.371139E-08 0 2
9.5668 FirstCar -6.985551 0.025 2.97 0 90 0 0 0.7071068 0 0.7071068 0 2
9.5688 Head -0.6626843 1.6 0.1721521 10.875 330.2249 0 0.09157901 -0.255767 0.02434601 0.962083
9.5688 SecondCar 3.7 0.025 15.92929 0 180 0 0 1 0 -4.371139E-08 0 2
9.5688 FirstCar -6.985551 0.025 2.97 0 90 0 0 0.7071068 0 0.7071068 0 2
9.5709 Head -0.6626843 1.6 0.1721521 10.875 330.2249 0 0.09157901 -0.255767 0.02434601 0.962083
9.5709 SecondCar 3.7 0.025 15.92929 0 180 0 0 1 0 -4.371139E-08 0 2
9.5709 FirstCar -6.985551 0.025 2.97 0 90 0 0 0.7071068 0 0.7071068 0 2
9.5727 Head -0.6626843 1.6 0.1721521 10.875 330.2249 0 0.09157901 -0.255767 0.02434601 0.962083
9.5727 SecondCar 3.7 0.025 15.92929 0 180 0 0 1 0 -4.371139E-08 0 2
9.5727 FirstCar -6.985551 0.025 2.97 0 90 0 0 0.7071068 0 0.7071068 0 2
9.5746 Head -0.6626843 1.6 0.1721521 10.875 330.2249 0 0.09157901 -0.255767 0.02434601 0.962083
9.5746 SecondCar 3.7 0.025 15.92929 0 180 0 0 1 0 -4.371139E-08 0 2
9.5746 FirstCar -6.985551 0.025 2.97 0 90 0 0 0.7071068 0 0.7071068 0 2
9.5765 Head -0.6626843 1.6 0.1721521 10.875 330.2249 0 0.09157901 -0.255767 0.02434601 0.962083
9.5765 SecondCar 3.7 0.025 15.92929 0 180 0 0 1 0 -4.371139E-08 0 2
9.5765 FirstCar -6.985551 0.025 2.97 0 90 0 0 0.7071068 0 0.7071068 0 2
9.5784 Head -0.6626843 1.6 0.1721521 10.875 330.2249 0 0.09157901 -0.255767 0.02434601 0.962083
9.5784 SecondCar 3.7 0.025 15.92929 0 180 0 0 1 0 -4.371139E-08 0 2
9.5784 FirstCar -6.985551 0.025 2.97 0 90 0 0 0.7071068 0 0.7071068 0 2
9.5803 Head -0.6626843 1.6 0.1721521 10.875 330.2249 0 0.09157901 -0.255767 0.02434601 0.962083
9.5803 SecondCar 3.7 0.025 15.92929 0 180 0 0 1 0 -4.371139E-08 0 2
9.5803 FirstCar -6.985551 0.025 2.97 0 90 0 0 0.7071068 0 0.7071068 0 2
9.5821 Head -0.6626843 1.6 0.1721521 10.875 330.2249 0 0.09157901 -0.255767 0.02434601 0.962083
9.5821 SecondCar 3.7 0.025 15.92929 0 180 0 0 1 0 -4.371139E-08 0 2
9.5821 FirstCar -6.985551 0.025 2.97 0 90 0 0 0.7071068 0 0.7071068 0 2
9.5838 Head -0.6626843 1.6 0.1721521 10.875 330.2249 0 0.09157901 -0.255767 0.02434601 0.962083
9.5838 SecondCar 3.7 0.025 15.92929 0 180 0 0 1 0 -4.371139E-08 0 2
9.5838 FirstCar -6.985551 0.025 2.97 0 90 0 0 0.7071068 0 0.7071068 0 2
9.5857 Head -0.6626843 1.6 0.1721521 10.875 330.2249 0 0.09157901 -0.255767 0.02434601 0.962083
9.5857 SecondCar 3.7 0.025 15.92929 0 180 0 0 1 0 -4.371139E-08 0 2
9.5857 FirstCar -6.985551 0.025 2.97 0 90 0 0 0.7071068 0 0.7071068 0 2
9.5875 Head -0.6626843 1.6 0.1721521 10.875 330.2249 0 0.09157901 -0.255767 0.02434601 0.962083
9.5875 SecondCar 3.7 0.025 15.92929 0 180 0 0 1 0 -4.371139E-08 0 2
9.5875 FirstCar -6.985551 0.025 2.97 0 90 0 0 0.7071068 0 0.7071068 0 2
9.5897 Head -0.6626843 1.6 0.1721521 10.875 330.2249 0 0.09157901 -0.255767 0.02434601 0.962083
9.5897 SecondCar 3.7 0.025 15.92929 0 180 0 0 1 0 -4.371139E-08 0 2
9.5897 FirstCar -6.985551 0.025 2.97 0 90 0 0 0.7071068 0 0.7071068 0 2
9.5918 Head -0.6626843 1.6 0.1721521 10.875 330.2249 0 0.09157901 -0.255767 0.02434601 0.962083
9.5918 SecondCar 3.7 0.025 15.92929 0 180 0 0 1 0 -4.371139E-08 0 2
9.5918 FirstCar -6.985551 0.025 2.97 0 90 0 0 0.7071068 0 0.7071068 0 2
9.5937 Head -0.6626843 1.6 0.1721521 10.875 330.2249 0 0.09157901 -0.255767 0.02434601 0.962083
9.5937 SecondCar 3.7 0.025 15.92929 0 180 0 0 1 0 -4.371139E-08 0 2
9.5937 FirstCar -6.985551 0.025 2.97 0 90 0 0 0.7071068 0 0.7071068 0 2
9.5956 Head -0.6626843 1.6 0.1721521 10.875 330.2249 0 0.09157901 -0.255767 0.02434601 0.962083
9.5956 SecondCar 3.7 0.025 15.92929 0 180 0 0 1 0 -4.371139E-08 0 2
9.5956 FirstCar -6.985551 0.025 2.97 0 90 0 0 0.7071068 0 0.7071068 0 2
9.5973 Head -0.6626843 1.6 0.1721521 10.875 330.2249 0 0.09157901 -0.255767 0.02434601 0.962083
9.5973 SecondCar 3.7 0.025 15.92929 0 180 0 0 1 0 -4.371139E-08 0 2
9.5973 FirstCar -6.985551 0.025 2.97 0 90 0 0 0.7071068 0 0.7071068 0 2
9.5990 Head -0.6626843 1.6 0.1721521 10.875 330.2249 0 0.09157901 -0.255767 0.02434601 0.962083
9.5990 SecondCar 3.7 0.025 15.92929 0 180 0 0 1 0 -4.371139E-08 0 2
9.5990 FirstCar -6.985551 0.025 2.97 0 90 0 0 0.7071068 0 0.7071068 0 2
9.6007 Head -0.6626843 1.6 0.1721521 10.875 330.2249 0 0.09157901 -0.255767 0.02434601 0.962083
9.6007 SecondCar 3.7 0.025 15.92929 0 180 0 0 1 0 -4.371139E-08 0 2
9.6007 FirstCar -6.985551 0.025 2.97 0 90 0 0 0.7071068 0 0.7071068 0 2
9.6024 Head -0.6626843 1.6 0.1721521 10.875 330.2249 0 0.09157901 -0.255767 0.02434601 0.962083
9.6024 SecondCar 3.7 0.025 15.92929 0 180 0 0 1 0 -4.371139E-08 0 2
9.6024 FirstCar -6.985551 0.025 2.97 0 90 0 0 0.7071068 0 0.7071068 0 2
9.6042 Head -0.6626843 1.6 0.1721521 10.875 330.2249 0 0.09157901 -0.255767 0.02434601 0.962083
9.6042 SecondCar 3.7 0.025 15.92929 0 180 0 0 1 0 -4.371139E-08 0 2
9.6042 FirstCar -6.985551 0.025 2.97 0 90 0 0 0.7071068 0 0.7071068 0 2
9.6060 Head -0.6626843 1.6 0.1721521 10.875 330.2249 0 0.09157901 -0.255767 0.02434601 0.962083
9.6060 SecondCar 3.7 0.025 15.92929 0 180 0 0 1 0 -4.371139E-08 0 2
9.6060 FirstCar -6.985551 0.025 2.97 0 90 0 0 0.7071068 0 0.7071068 0 2
9.6078 Head -0.6626843 1.6 0.1721521 10.875 330.2249 0 0.09157901 -0.255767 0.02434601 0.962083
9.6078 SecondCar 3.7 0.025 15.92929 0 180 0 0 1 0 -4.371139E-08 0 2
9.6078 FirstCar -6.985551 0.025 2.97 0 90 0 0 0.7071068 0 0.7071068 0 2
9.6098 Head -0.6626843 1.6 0.1721521 10.875 330.2249 0 0.09157901 -0.255767 0.02434601 0.962083
9.6098 SecondCar 3.7 0.025 15.92929 0 180 0 0 1 0 -4.371139E-08 0 2
9.6098 FirstCar -6.985551 0.025 2.97 0 90 0 0 0.7071068 0 0.7071068 0 2
9.6116 Head -0.6626843 1.6 0.1721521 10.875 330.2249 0 0.09157901 -0.255767 0.02434601 0.962083
9.6116 SecondCar 3.7 0.025 15.92929 0 180 0 0 1 0 -4.371139E-08 0 2
9.6116 FirstCar -6.985551 0.025 2.97 0 90 0 0 0.7071068 0 0.7071068 0 2
9.6132 Head -0.6626843 1.6 0.1721521 10.875 330.2249 0 0.09157901 -0.255767 0.02434601 0.962083
9.6132 SecondCar 3.7 0.025 15.92929 0 180 0 0 1 0 -4.371139E-08 0 2
9.6132 FirstCar -6.985551 0.025 2.97 0 90 0 0 0.7071068 0 0.7071068 0 2
9.6149 Head -0.6626843 1.6 0.1721521 10.875 330.2249 0 0.09157901 -0.255767 0.02434601 0.962083
9.6149 SecondCar 3.7 0.025 15.92929 0 180 0 0 1 0 -4.371139E-08 0 2
9.6149 FirstCar -6.985551 0.025 2.97 0 90 0 0 0.7071068 0 0.7071068 0 2
9.6167 Head -0.6626843 1.6 0.1721521 10.875 330.2249 0 0.09157901 -0.255767 0.02434601 0.962083
9.6167 SecondCar 3.7 0.025 15.92929 0 180 0 0 1 0 -4.371139E-08 0 2
9.6167 FirstCar -6.985551 0.025 2.97 0 90 0 0 0.7071068 0 0.7071068 0 2
9.6186 Head -0.6626843 1.6 0.1721521 10.875 330.2249 0 0.09157901 -0.255767 0.02434601 0.962083
9.6186 SecondCar 3.7 0.025 15.92929 0 180 0 0 1 0 -4.371139E-08 0 2
9.6186 FirstCar -6.985551 0.025 2.97 0 90 0 0 0.7071068 0 0.7071068 0 2
9.6206 Head -0.6626843 1.6 0.1721521 10.875 330.2249 0 0.09157901 -0.255767 0.02434601 0.962083
9.6206 SecondCar 3.7 0.025 15.92929 0 180 0 0 1 0 -4.371139E-08 0 2
9.6206 FirstCar -6.985551 0.025 2.97 0 90 0 0 0.7071068 0 0.7071068 0 2
9.6228 Head -0.6626843 1.6 0.1721521 10.875 330.2249 0 0.09157901 -0.255767 0.02434601 0.962083
9.6228 SecondCar 3.7 0.025 15.92929 0 180 0 0 1 0 -4.371139E-08 0 2
9.6228 FirstCar -6.985551 0.025 2.97 0 90 0 0 0.7071068 0 0.7071068 0 2
9.6251 Head -0.6626843 1.6 0.1721521 10.875 330.2249 0 0.09157901 -0.255767 0.02434601 0.962083
9.6251 SecondCar 3.7 0.025 15.92929 0 180 0 0 1 0 -4.371139E-08 0 2
9.6251 FirstCar -6.985551 0.025 2.97 0 90 0 0 0.7071068 0 0.7071068 0 2
9.6277 Head -0.6626843 1.6 0.1721521 10.875 330.2249 0 0.09157901 -0.255767 0.02434601 0.962083
9.6277 SecondCar 3.7 0.025 15.92929 0 180 0 0 1 0 -4.371139E-08 0 2
9.6277 FirstCar -6.985551 0.025 2.97 0 90 0 0 0.7071068 0 0.7071068 0 2
9.6301 Head -0.6626843 1.6 0.1721521 10.875 330.2249 0 0.09157901 -0.255767 0.02434601 0.962083
9.6301 SecondCar 3.7 0.025 15.92929 0 180 0 0 1 0 -4.371139E-08 0 2
9.6301 FirstCar -6.985551 0.025 2.97 0 90 0 0 0.7071068 0 0.7071068 0 2
9.6322 Head -0.6626843 1.6 0.1721521 10.875 330.2249 0 0.09157901 -0.255767 0.02434601 0.962083
9.6322 SecondCar 3.7 0.025 15.92929 0 180 0 0 1 0 -4.371139E-08 0 2
9.6322 FirstCar -6.985551 0.025 2.97 0 90 0 0 0.7071068 0 0.7071068 0 2
9.6342 Head -0.6626843 1.6 0.1721521 10.875 330.2249 0 0.09157901 -0.255767 0.02434601 0.962083
9.6342 SecondCar 3.7 0.025 15.92929 0 180 0 0 1 0 -4.371139E-08 0 2
9.6342 FirstCar -6.985551 0.025 2.97 0 90 0 0 0.7071068 0 0.7071068 0 2
9.6362 Head -0.6626843 1.6 0.1721521 10.875 330.2249 0 0.09157901 -0.255767 0.02434601 0.962083
9.6362 SecondCar 3.7 0.025 15.92929 0 180 0 0 1 0 -4.371139E-08 0 2
9.6362 FirstCar -6.985551 0.025 2.97 0 90 0 0 0.7071068 0 0.7071068 0 2
9.6381 Head -0.6626843 1.6 0.1721521 10.875 330.2249 0 0.09157901 -0.255767 0.02434601 0.962083
9.6381 SecondCar 3.7 0.025 15.92929 0 180 0 0 1 0 -4.371139E-08 0 2
9.6381 FirstCar -6.985551 0.025 2.97 0 90 0 0 0.7071068 0 0.7071068 0 2
9.6400 Head -0.6626843 1.6 0.1721521 10.875 330.2249 0 0.09157901 -0.255767 0.02434601 0.962083
9.6400 SecondCar 3.7 0.025 15.92929 0 180 0 0 1 0 -4.371139E-08 0 2
9.6400 FirstCar -6.985551 0.025 2.97 0 90 0 0 0.7071068 0 0.7071068 0 2
9.6420 Head -0.6626843 1.6 0.1721521 10.875 330.2249 0 0.09157901 -0.255767 0.02434601 0.962083
9.6420 SecondCar 3.7 0.025 15.92929 0 180 0 0 1 0 -4.371139E-08 0 2
9.6420 FirstCar -6.985551 0.025 2.97 0 90 0 0 0.7071068 0 0.7071068 0 2
9.6441 Head -0.6626843 1.6 0.1721521 10.875 330.2249 0 0.09157901 -0.255767 0.02434601 0.962083
9.6441 SecondCar 3.7 0.025 15.92929 0 180 0 0 1 0 -4.371139E-08 0 2
9.6441 FirstCar -6.985551 0.025 2.97 0 90 0 0 0.7071068 0 0.7071068 0 2
9.6461 Head -0.6626843 1.6 0.1721521 10.875 330.2249 0 0.09157901 -0.255767 0.02434601 0.962083
9.6461 SecondCar 3.7 0.025 15.92929 0 180 0 0 1 0 -4.371139E-08 0 2
9.6461 FirstCar -6.985551 0.025 2.97 0 90 0 0 0.7071068 0 0.7071068 0 2
9.6480 Head -0.6626843 1.6 0.1721521 10.875 330.2249 0 0.09157901 -0.255767 0.02434601 0.962083
9.6480 SecondCar 3.7 0.025 15.92929 0 180 0 0 1 0 -4.371139E-08 0 2
9.6480 FirstCar -6.985551 0.025 2.97 0 90 0 0 0.7071068 0 0.7071068 0 2
9.6502 Head -0.6626843 1.6 0.1721521 10.875 330.2249 0 0.09157901 -0.255767 0.02434601 0.962083
9.6502 SecondCar 3.7 0.025 15.92929 0 180 0 0 1 0 -4.371139E-08 0 2
9.6502 FirstCar -6.985551 0.025 2.97 0 90 0 0 0.7071068 0 0.7071068 0 2
9.6524 Head -0.6626843 1.6 0.1721521 10.875 330.2249 0 0.09157901 -0.255767 0.02434601 0.962083
9.6524 SecondCar 3.7 0.025 15.92929 0 180 0 0 1 0 -4.371139E-08 0 2
9.6524 FirstCar -6.985551 0.025 2.97 0 90 0 0 0.7071068 0 0.7071068 0 2
9.6548 Head -0.6626843 1.6 0.1721521 10.875 330.2249 0 0.09157901 -0.255767 0.02434601 0.962083
9.6548 SecondCar 3.7 0.025 15.92929 0 180 0 0 1 0 -4.371139E-08 0 2
9.6548 FirstCar -6.985551 0.025 2.97 0 90 0 0 0.7071068 0 0.7071068 0 2
9.6570 Head -0.6626843 1.6 0.1721521 10.875 330.2249 0 0.09157901 -0.255767 0.02434601 0.962083
9.6570 SecondCar 3.7 0.025 15.92929 0 180 0 0 1 0 -4.371139E-08 0 2
9.6570 FirstCar -6.985551 0.025 2.97 0 90 0 0 0.7071068 0 0.7071068 0 2
9.6591 Head -0.6626843 1.6 0.1721521 10.875 330.2249 0 0.09157901 -0.255767 0.02434601 0.962083
9.6591 SecondCar 3.7 0.025 15.92929 0 180 0 0 1 0 -4.371139E-08 0 2
9.6591 FirstCar -6.985551 0.025 2.97 0 90 0 0 0.7071068 0 0.7071068 0 2
9.6611 Head -0.6626843 1.6 0.1721521 10.875 330.2249 0 0.09157901 -0.255767 0.02434601 0.962083
9.6611 SecondCar 3.7 0.025 15.92929 0 180 0 0 1 0 -4.371139E-08 0 2
9.6611 FirstCar -6.985551 0.025 2.97 0 90 0 0 0.7071068 0 0.7071068 0 2
9.6631 Head -0.6626843 1.6 0.1721521 10.875 330.2249 0 0.09157901 -0.255767 0.02434601 0.962083
9.6631 SecondCar 3.7 0.025 15.92929 0 180 0 0 1 0 -4.371139E-08 0 2
9.6631 FirstCar -6.985551 0.025 2.97 0 90 0 0 0.7071068 0 0.7071068 0 2
9.6650 Head -0.6626843 1.6 0.1721521 10.875 330.2249 0 0.09157901 -0.255767 0.02434601 0.962083
9.6650 SecondCar 3.7 0.025 15.92929 0 180 0 0 1 0 -4.371139E-08 0 2
9.6650 FirstCar -6.985551 0.025 2.97 0 90 0 0 0.7071068 0 0.7071068 0 2
9.6668 Head -0.6626843 1.6 0.1721521 10.875 330.2249 0 0.09157901 -0.255767 0.02434601 0.962083
9.6668 SecondCar 3.7 0.025 15.92929 0 180 0 0 1 0 -4.371139E-08 0 2
9.6668 FirstCar -6.985551 0.025 2.97 0 90 0 0 0.7071068 0 0.7071068 0 2
9.6687 Head -0.6626843 1.6 0.1721521 10.875 330.2249 0 0.09157901 -0.255767 0.02434601 0.962083
9.6687 SecondCar 3.7 0.025 15.92929 0 180 0 0 1 0 -4.371139E-08 0 2
9.6687 FirstCar -6.985551 0.025 2.97 0 90 0 0 0.7071068 0 0.7071068 0 2
9.6711 Head -0.6626843 1.6 0.1721521 10.875 330.2249 0 0.09157901 -0.255767 0.02434601 0.962083
9.6711 SecondCar 3.7 0.025 15.92929 0 180 0 0 1 0 -4.371139E-08 0 2
9.6711 FirstCar -6.985551 0.025 2.97 0 90 0 0 0.7071068 0 0.7071068 0 2
9.6732 Head -0.6626843 1.6 0.1721521 10.875 330.2249 0 0.09157901 -0.255767 0.02434601 0.962083
9.6732 SecondCar 3.7 0.025 15.92929 0 180 0 0 1 0 -4.371139E-08 0 2
9.6732 FirstCar -6.985551 0.025 2.97 0 90 0 0 0.7071068 0 0.7071068 0 2
9.6752 Head -0.6626843 1.6 0.1721521 10.875 330.2249 0 0.09157901 -0.255767 0.02434601 0.962083
9.6752 SecondCar 3.7 0.025 15.92929 0 180 0 0 1 0 -4.371139E-08 0 2
9.6752 FirstCar -6.985551 0.025 2.97 0 90 0 0 0.7071068 0 0.7071068 0 2
9.6772 Head -0.6626843 1.6 0.1721521 10.875 330.2249 0 0.09157901 -0.255767 0.02434601 0.962083
9.6772 SecondCar 3.7 0.025 15.92929 0 180 0 0 1 0 -4.371139E-08 0 2
9.6772 FirstCar -6.985551 0.025 2.97 0 90 0 0 0.7071068 0 0.7071068 0 2
9.6792 Head -0.6626843 1.6 0.1721521 10.875 330.2249 0 0.09157901 -0.255767 0.02434601 0.962083
9.6792 SecondCar 3.7 0.025 15.92929 0 180 0 0 1 0 -4.371139E-08 0 2
9.6792 FirstCar -6.985551 0.025 2.97 0 90 0 0 0.7071068 0 0.7071068 0 2
9.6813 Head -0.6626843 1.6 0.1721521 10.875 330.2249 0 0.09157901 -0.255767 0.02434601 0.962083
9.6813 SecondCar 3.7 0.025 15.92929 0 180 0 0 1 0 -4.371139E-08 0 2
9.6813 FirstCar -6.985551 0.025 2.97 0 90 0 0 0.7071068 0 0.7071068 0 2
9.6833 Head -0.6626843 1.6 0.1721521 10.875 330.2249 0 0.09157901 -0.255767 0.02434601 0.962083
9.6833 SecondCar 3.7 0.025 15.92929 0 180 0 0 1 0 -4.371139E-08 0 2
9.6833 FirstCar -6.985551 0.025 2.97 0 90 0 0 0.7071068 0 0.7071068 0 2
9.6854 Head -0.6626843 1.6 0.1721521 10.875 330.2249 0 0.09157901 -0.255767 0.02434601 0.962083
9.6854 SecondCar 3.7 0.025 15.92929 0 180 0 0 1 0 -4.371139E-08 0 2
9.6854 FirstCar -6.985551 0.025 2.97 0 90 0 0 0.7071068 0 0.7071068 0 2
9.6878 Head -0.6626843 1.6 0.1721521 10.875 330.2249 0 0.09157901 -0.255767 0.02434601 0.962083
9.6878 SecondCar 3.7 0.025 15.92929 0 180 0 0 1 0 -4.371139E-08 0 2
9.6878 FirstCar -6.985551 0.025 2.97 0 90 0 0 0.7071068 0 0.7071068 0 2
9.6904 Head -0.6626843 1.6 0.1721521 10.875 330.2249 0 0.09157901 -0.255767 0.02434601 0.962083
9.6904 SecondCar 3.7 0.025 15.92929 0 180 0 0 1 0 -4.371139E-08 0 2
9.6904 FirstCar -6.985551 0.025 2.97 0 90 0 0 0.7071068 0 0.7071068 0 2
9.6929 Head -0.6626843 1.6 0.1721521 10.875 330.2249 0 0.09157901 -0.255767 0.02434601 0.962083
9.6929 SecondCar 3.7 0.025 15.92929 0 180 0 0 1 0 -4.371139E-08 0 2
9.6929 FirstCar -6.985551 0.025 2.97 0 90 0 0 0.7071068 0 0.7071068 0 2
9.6956 Head -0.6626843 1.6 0.1721521 10.875 330.2249 0 0.09157901 -0.255767 0.02434601 0.962083
9.6956 SecondCar 3.7 0.025 15.92929 0 180 0 0 1 0 -4.371139E-08 0 2
9.6956 FirstCar -6.985551 0.025 2.97 0 90 0 0 0.7071068 0 0.7071068 0 2
9.6978 Head -0.6626843 1.6 0.1721521 10.875 330.2249 0 0.09157901 -0.255767 0.02434601 0.962083
9.6978 SecondCar 3.7 0.025 15.92929 0 180 0 0 1 0 -4.371139E-08 0 2
9.6978 FirstCar -6.985551 0.025 2.97 0 90 0 0 0.7071068 0 0.7071068 0 2
9.7003 Head -0.6626843 1.6 0.1721521 10.875 330.2249 0 0.09157901 -0.255767 0.02434601 0.962083
9.7003 SecondCar 3.7 0.025 15.92929 0 180 0 0 1 0 -4.371139E-08 0 2
9.7003 FirstCar -6.985551 0.025 2.97 0 90 0 0 0.7071068 0 0.7071068 0 2
9.7026 Head -0.6626843 1.6 0.1721521 10.875 330.2249 0 0.09157901 -0.255767 0.02434601 0.962083
9.7026 SecondCar 3.7 0.025 15.92929 0 180 0 0 1 0 -4.371139E-08 0 2
9.7026 FirstCar -6.985551 0.025 2.97 0 90 0 0 0.7071068 0 0.7071068 0 2
9.7047 Head -0.6626843 1.6 0.1721521 10.875 330.2249 0 0.09157901 -0.255767 0.02434601 0.962083
9.7047 SecondCar 3.7 0.025 15.92929 0 180 0 0 1 0 -4.371139E-08 0 2
9.7047 FirstCar -6.985551 0.025 2.97 0 90 0 0 0.7071068 0 0.7071068 0 2
9.7068 Head -0.6626843 1.6 0.1721521 10.875 330.2249 0 0.09157901 -0.255767 0.02434601 0.962083
9.7068 SecondCar 3.7 0.025 15.92929 0 180 0 0 1 0 -4.371139E-08 0 2
9.7068 FirstCar -6.985551 0.025 2.97 0 90 0 0 0.7071068 0 0.7071068 0 2
9.7088 Head -0.6626843 1.6 0.1721521 10.875 330.2249 0 0.09157901 -0.255767 0.02434601 0.962083
9.7088 SecondCar 3.7 0.025 15.92929 0 180 0 0 1 0 -4.371139E-08 0 2
9.7088 FirstCar -6.985551 0.025 2.97 0 90 0 0 0.7071068 0 0.7071068 0 2
9.7107 Head -0.6626843 1.6 0.1721521 10.875 330.2249 0 0.09157901 -0.255767 0.02434601 0.962083
9.7107 SecondCar 3.7 0.025 15.92929 0 180 0 0 1 0 -4.371139E-08 0 2
9.7107 FirstCar -6.985551 0.025 2.97 0 90 0 0 0.7071068 0 0.7071068 0 2
9.7125 Head -0.6626843 1.6 0.1721521 10.875 330.2249 0 0.09157901 -0.255767 0.02434601 0.962083
9.7125 SecondCar 3.7 0.025 15.92929 0 180 0 0 1 0 -4.371139E-08 0 2
9.7125 FirstCar -6.985551 0.025 2.97 0 90 0 0 0.7071068 0 0.7071068 0 2
9.7142 Head -0.6626843 1.6 0.1721521 10.875 330.2249 0 0.09157901 -0.255767 0.02434601 0.962083
9.7142 SecondCar 3.7 0.025 15.92929 0 180 0 0 1 0 -4.371139E-08 0 2
9.7142 FirstCar -6.985551 0.025 2.97 0 90 0 0 0.7071068 0 0.7071068 0 2
9.7161 Head -0.6626843 1.6 0.1721521 10.875 330.2249 0 0.09157901 -0.255767 0.02434601 0.962083
9.7161 SecondCar 3.7 0.025 15.92929 0 180 0 0 1 0 -4.371139E-08 0 2
9.7161 FirstCar -6.985551 0.025 2.97 0 90 0 0 0.7071068 0 0.7071068 0 2
9.7181 Head -0.6626843 1.6 0.1721521 10.875 330.2249 0 0.09157901 -0.255767 0.02434601 0.962083
9.7181 SecondCar 3.7 0.025 15.92929 0 180 0 0 1 0 -4.371139E-08 0 2
9.7181 FirstCar -6.985551 0.025 2.97 0 90 0 0 0.7071068 0 0.7071068 0 2
9.7202 Head -0.6626843 1.6 0.1721521 10.875 330.2249 0 0.09157901 -0.255767 0.02434601 0.962083
9.7202 SecondCar 3.7 0.025 15.92929 0 180 0 0 1 0 -4.371139E-08 0 2
9.7202 FirstCar -6.985551 0.025 2.97 0 90 0 0 0.7071068 0 0.7071068 0 2
9.7220 Head -0.6626843 1.6 0.1721521 10.875 330.2249 0 0.09157901 -0.255767 0.02434601 0.962083
9.7220 SecondCar 3.7 0.025 15.92929 0 180 0 0 1 0 -4.371139E-08 0 2
9.7220 FirstCar -6.985551 0.025 2.97 0 90 0 0 0.7071068 0 0.7071068 0 2
9.7239 Head -0.6626843 1.6 0.1721521 10.875 330.2249 0 0.09157901 -0.255767 0.02434601 0.962083
9.7239 SecondCar 3.7 0.025 15.92929 0 180 0 0 1 0 -4.371139E-08 0 2
9.7239 FirstCar -6.985551 0.025 2.97 0 90 0 0 0.7071068 0 0.7071068 0 2
9.7257 Head -0.6626843 1.6 0.1721521 10.875 330.2249 0 0.09157901 -0.255767 0.02434601 0.962083
9.7257 SecondCar 3.7 0.025 15.92929 0 180 0 0 1 0 -4.371139E-08 0 2
9.7257 FirstCar -6.985551 0.025 2.97 0 90 0 0 0.7071068 0 0.7071068 0 2
9.7275 Head -0.6626843 1.6 0.1721521 10.875 330.2249 0 0.09157901 -0.255767 0.02434601 0.962083
9.7275 SecondCar 3.7 0.025 15.92929 0 180 0 0 1 0 -4.371139E-08 0 2
9.7275 FirstCar -6.985551 0.025 2.97 0 90 0 0 0.7071068 0 0.7071068 0 2
9.7294 Head -0.6626843 1.6 0.1721521 10.875 330.2249 0 0.09157901 -0.255767 0.02434601 0.962083
9.7294 SecondCar 3.7 0.025 15.92929 0 180 0 0 1 0 -4.371139E-08 0 2
9.7294 FirstCar -6.985551 0.025 2.97 0 90 0 0 0.7071068 0 0.7071068 0 2
9.7311 Head -0.6626843 1.6 0.1721521 10.875 330.2249 0 0.09157901 -0.255767 0.02434601 0.962083
9.7311 SecondCar 3.7 0.025 15.92929 0 180 0 0 1 0 -4.371139E-08 0 2
9.7311 FirstCar -6.985551 0.025 2.97 0 90 0 0 0.7071068 0 0.7071068 0 2
9.7329 Head -0.6626843 1.6 0.1721521 10.875 330.2249 0 0.09157901 -0.255767 0.02434601 0.962083
9.7329 SecondCar 3.7 0.025 15.92929 0 180 0 0 1 0 -4.371139E-08 0 2
9.7329 FirstCar -6.985551 0.025 2.97 0 90 0 0 0.7071068 0 0.7071068 0 2
9.7348 Head -0.6626843 1.6 0.1721521 10.875 330.2249 0 0.09157901 -0.255767 0.02434601 0.962083
9.7348 SecondCar 3.7 0.025 15.92929 0 180 0 0 1 0 -4.371139E-08 0 2
9.7348 FirstCar -6.985551 0.025 2.97 0 90 0 0 0.7071068 0 0.7071068 0 2
9.7366 Head -0.6626843 1.6 0.1721521 10.875 330.2249 0 0.09157901 -0.255767 0.02434601 0.962083
9.7366 SecondCar 3.7 0.025 15.92929 0 180 0 0 1 0 -4.371139E-08 0 2
9.7366 FirstCar -6.985551 0.025 2.97 0 90 0 0 0.7071068 0 0.7071068 0 2
9.7383 Head -0.6626843 1.6 0.1721521 10.875 330.2249 0 0.09157901 -0.255767 0.02434601 0.962083
9.7383 SecondCar 3.7 0.025 15.92929 0 180 0 0 1 0 -4.371139E-08 0 2
9.7383 FirstCar -6.985551 0.025 2.97 0 90 0 0 0.7071068 0 0.7071068 0 2
9.7401 Head -0.6626843 1.6 0.1721521 10.875 330.2249 0 0.09157901 -0.255767 0.02434601 0.962083
9.7401 SecondCar 3.7 0.025 15.92929 0 180 0 0 1 0 -4.371139E-08 0 2
9.7401 FirstCar -6.985551 0.025 2.97 0 90 0 0 0.7071068 0 0.7071068 0 2
9.7418 Head -0.6626843 1.6 0.1721521 10.875 330.2249 0 0.09157901 -0.255767 0.02434601 0.962083
9.7418 SecondCar 3.7 0.025 15.92929 0 180 0 0 1 0 -4.371139E-08 0 2
9.7418 FirstCar -6.985551 0.025 2.97 0 90 0 0 0.7071068 0 0.7071068 0 2
9.7435 Head -0.6626843 1.6 0.1721521 10.875 330.2249 0 0.09157901 -0.255767 0.02434601 0.962083
9.7435 SecondCar 3.7 0.025 15.92929 0 180 0 0 1 0 -4.371139E-08 0 2
9.7435 FirstCar -6.985551 0.025 2.97 0 90 0 0 0.7071068 0 0.7071068 0 2
9.7452 Head -0.6626843 1.6 0.1721521 10.875 330.2249 0 0.09157901 -0.255767 0.02434601 0.962083
9.7452 SecondCar 3.7 0.025 15.92929 0 180 0 0 1 0 -4.371139E-08 0 2
9.7452 FirstCar -6.985551 0.025 2.97 0 90 0 0 0.7071068 0 0.7071068 0 2
9.7470 Head -0.6626843 1.6 0.1721521 10.875 330.2249 0 0.09157901 -0.255767 0.02434601 0.962083
9.7470 SecondCar 3.7 0.025 15.92929 0 180 0 0 1 0 -4.371139E-08 0 2
9.7470 FirstCar -6.985551 0.025 2.97 0 90 0 0 0.7071068 0 0.7071068 0 2
9.7487 Head -0.6626843 1.6 0.1721521 10.875 330.2249 0 0.09157901 -0.255767 0.02434601 0.962083
9.7487 SecondCar 3.7 0.025 15.92929 0 180 0 0 1 0 -4.371139E-08 0 2
9.7487 FirstCar -6.985551 0.025 2.97 0 90 0 0 0.7071068 0 0.7071068 0 2
9.7507 Head -0.6626843 1.6 0.1721521 10.875 330.2249 0 0.09157901 -0.255767 0.02434601 0.962083
9.7507 SecondCar 3.7 0.025 15.92929 0 180 0 0 1 0 -4.371139E-08 0 2
9.7507 FirstCar -6.985551 0.025 2.97 0 90 0 0 0.7071068 0 0.7071068 0 2
9.7524 Head -0.6626843 1.6 0.1721521 10.875 330.2249 0 0.09157901 -0.255767 0.02434601 0.962083
9.7524 SecondCar 3.7 0.025 15.92929 0 180 0 0 1 0 -4.371139E-08 0 2
9.7524 FirstCar -6.985551 0.025 2.97 0 90 0 0 0.7071068 0 0.7071068 0 2
9.7542 Head -0.6626843 1.6 0.1721521 10.875 330.2249 0 0.09157901 -0.255767 0.02434601 0.962083
9.7542 SecondCar 3.7 0.025 15.92929 0 180 0 0 1 0 -4.371139E-08 0 2
9.7542 FirstCar -6.985551 0.025 2.97 0 90 0 0 0.7071068 0 0.7071068 0 2
9.7561 Head -0.6626843 1.6 0.1721521 10.875 330.2249 0 0.09157901 -0.255767 0.02434601 0.962083
9.7561 SecondCar 3.7 0.025 15.92929 0 180 0 0 1 0 -4.371139E-08 0 2
9.7561 FirstCar -6.985551 0.025 2.97 0 90 0 0 0.7071068 0 0.7071068 0 2
9.7580 Head -0.6626843 1.6 0.1721521 10.875 330.2249 0 0.09157901 -0.255767 0.02434601 0.962083
9.7580 SecondCar 3.7 0.025 15.92929 0 180 0 0 1 0 -4.371139E-08 0 2
9.7580 FirstCar -6.985551 0.025 2.97 0 90 0 0 0.7071068 0 0.7071068 0 2
9.7599 Head -0.6626843 1.6 0.1721521 10.875 330.2249 0 0.09157901 -0.255767 0.02434601 0.962083
9.7599 SecondCar 3.7 0.025 15.92929 0 180 0 0 1 0 -4.371139E-08 0 2
9.7599 FirstCar -6.985551 0.025 2.97 0 90 0 0 0.7071068 0 0.7071068 0 2
9.7623 Head -0.6626843 1.6 0.1721521 10.875 330.2249 0 0.09157901 -0.255767 0.02434601 0.962083
9.7623 SecondCar 3.7 0.025 15.92929 0 180 0 0 1 0 -4.371139E-08 0 2
9.7623 FirstCar -6.985551 0.025 2.97 0 90 0 0 0.7071068 0 0.7071068 0 2
9.7647 Head -0.6626843 1.6 0.1721521 10.875 330.2249 0 0.09157901 -0.255767 0.02434601 0.962083
9.7647 SecondCar 3.7 0.025 15.92929 0 180 0 0 1 0 -4.371139E-08 0 2
9.7647 FirstCar -6.985551 0.025 2.97 0 90 0 0 0.7071068 0 0.7071068 0 2
9.7671 Head -0.6626843 1.6 0.1721521 10.875 330.2249 0 0.09157901 -0.255767 0.02434601 0.962083
9.7671 SecondCar 3.7 0.025 15.92929 0 180 0 0 1 0 -4.371139E-08 0 2
9.7671 FirstCar -6.985551 0.025 2.97 0 90 0 0 0.7071068 0 0.7071068 0 2
9.7696 Head -0.6626843 1.6 0.1721521 10.875 330.2249 0 0.09157901 -0.255767 0.02434601 0.962083
9.7696 SecondCar 3.7 0.025 15.92929 0 180 0 0 1 0 -4.371139E-08 0 2
9.7696 FirstCar -6.985551 0.025 2.97 0 90 0 0 0.7071068 0 0.7071068 0 2
9.7717 Head -0.6626843 1.6 0.1721521 10.875 330.2249 0 0.09157901 -0.255767 0.02434601 0.962083
9.7717 SecondCar 3.7 0.025 15.92929 0 180 0 0 1 0 -4.371139E-08 0 2
9.7717 FirstCar -6.985551 0.025 2.97 0 90 0 0 0.7071068 0 0.7071068 0 2
9.7737 Head -0.6626843 1.6 0.1721521 10.875 330.2249 0 0.09157901 -0.255767 0.02434601 0.962083
9.7737 SecondCar 3.7 0.025 15.92929 0 180 0 0 1 0 -4.371139E-08 0 2
9.7737 FirstCar -6.985551 0.025 2.97 0 90 0 0 0.7071068 0 0.7071068 0 2
9.7756 Head -0.6626843 1.6 0.1721521 10.875 330.2249 0 0.09157901 -0.255767 0.02434601 0.962083
9.7756 SecondCar 3.7 0.025 15.92929 0 180 0 0 1 0 -4.371139E-08 0 2
9.7756 FirstCar -6.985551 0.025 2.97 0 90 0 0 0.7071068 0 0.7071068 0 2
9.7775 Head -0.6626843 1.6 0.1721521 10.875 330.2249 0 0.09157901 -0.255767 0.02434601 0.962083
9.7775 SecondCar 3.7 0.025 15.92929 0 180 0 0 1 0 -4.371139E-08 0 2
9.7775 FirstCar -6.985551 0.025 2.97 0 90 0 0 0.7071068 0 0.7071068 0 2
9.7793 Head -0.6626843 1.6 0.1721521 10.875 330.2249 0 0.09157901 -0.255767 0.02434601 0.962083
9.7793 SecondCar 3.7 0.025 15.92929 0 180 0 0 1 0 -4.371139E-08 0 2
9.7793 FirstCar -6.985551 0.025 2.97 0 90 0 0 0.7071068 0 0.7071068 0 2
9.7810 Head -0.6626843 1.6 0.1721521 10.875 330.2249 0 0.09157901 -0.255767 0.02434601 0.962083
9.7810 SecondCar 3.7 0.025 15.92929 0 180 0 0 1 0 -4.371139E-08 0 2
9.7810 FirstCar -6.985551 0.025 2.97 0 90 0 0 0.7071068 0 0.7071068 0 2
9.7828 Head -0.6626843 1.6 0.1721521 10.875 330.2249 0 0.09157901 -0.255767 0.02434601 0.962083
9.7828 SecondCar 3.7 0.025 15.92929 0 180 0 0 1 0 -4.371139E-08 0 2
9.7828 FirstCar -6.985551 0.025 2.97 0 90 0 0 0.7071068 0 0.7071068 0 2
9.7845 Head -0.6626843 1.6 0.1721521 10.875 330.2249 0 0.09157901 -0.255767 0.02434601 0.962083
9.7845 SecondCar 3.7 0.025 15.92929 0 180 0 0 1 0 -4.371139E-08 0 2
9.7845 FirstCar -6.985551 0.025 2.97 0 90 0 0 0.7071068 0 0.7071068 0 2
9.7862 Head -0.6626843 1.6 0.1721521 10.875 330.2249 0 0.09157901 -0.255767 0.02434601 0.962083
9.7862 SecondCar 3.7 0.025 15.92929 0 180 0 0 1 0 -4.371139E-08 0 2
9.7862 FirstCar -6.985551 0.025 2.97 0 90 0 0 0.7071068 0 0.7071068 0 2
9.7879 Head -0.6626843 1.6 0.1721521 10.875 330.2249 0 0.09157901 -0.255767 0.02434601 0.962083
9.7879 SecondCar 3.7 0.025 15.92929 0 180 0 0 1 0 -4.371139E-08 0 2
9.7879 FirstCar -6.985551 0.025 2.97 0 90 0 0 0.7071068 0 0.7071068 0 2
9.7898 Head -0.6626843 1.6 0.1721521 10.875 330.2249 0 0.09157901 -0.255767 0.02434601 0.962083
9.7898 SecondCar 3.7 0.025 15.92929 0 180 0 0 1 0 -4.371139E-08 0 2
9.7898 FirstCar -6.985551 0.025 2.97 0 90 0 0 0.7071068 0 0.7071068 0 2
9.7915 Head -0.6626843 1.6 0.1721521 10.875 330.2249 0 0.09157901 -0.255767 0.02434601 0.962083
9.7915 SecondCar 3.7 0.025 15.92929 0 180 0 0 1 0 -4.371139E-08 0 2
9.7915 FirstCar -6.985551 0.025 2.97 0 90 0 0 0.7071068 0 0.7071068 0 2
9.7933 Head -0.6626843 1.6 0.1721521 10.875 330.2249 0 0.09157901 -0.255767 0.02434601 0.962083
9.7933 SecondCar 3.7 0.025 15.92929 0 180 0 0 1 0 -4.371139E-08 0 2
9.7933 FirstCar -6.985551 0.025 2.97 0 90 0 0 0.7071068 0 0.7071068 0 2
9.7954 Head -0.6626843 1.6 0.1721521 10.875 330.2249 0 0.09157901 -0.255767 0.02434601 0.962083
9.7954 SecondCar 3.7 0.025 15.92929 0 180 0 0 1 0 -4.371139E-08 0 2
9.7954 FirstCar -6.985551 0.025 2.97 0 90 0 0 0.7071068 0 0.7071068 0 2
9.7976 Head -0.6626843 1.6 0.1721521 10.875 330.2249 0 0.09157901 -0.255767 0.02434601 0.962083
9.7976 SecondCar 3.7 0.025 15.92929 0 180 0 0 1 0 -4.371139E-08 0 2
9.7976 FirstCar -6.985551 0.025 2.97 0 90 0 0 0.7071068 0 0.7071068 0 2
9.7996 Head -0.6626843 1.6 0.1721521 10.875 330.2249 0 0.09157901 -0.255767 0.02434601 0.962083
9.7996 SecondCar 3.7 0.025 15.92929 0 180 0 0 1 0 -4.371139E-08 0 2
9.7996 FirstCar -6.985551 0.025 2.97 0 90 0 0 0.7071068 0 0.7071068 0 2
9.8013 Head -0.6626843 1.6 0.1721521 10.875 330.2249 0 0.09157901 -0.255767 0.02434601 0.962083
9.8013 SecondCar 3.7 0.025 15.92929 0 180 0 0 1 0 -4.371139E-08 0 2
9.8013 FirstCar -6.985551 0.025 2.97 0 90 0 0 0.7071068 0 0.7071068 0 2
9.8030 Head -0.6626843 1.6 0.1721521 10.875 330.2249 0 0.09157901 -0.255767 0.02434601 0.962083
9.8030 SecondCar 3.7 0.025 15.92929 0 180 0 0 1 0 -4.371139E-08 0 2
9.8030 FirstCar -6.985551 0.025 2.97 0 90 0 0 0.7071068 0 0.7071068 0 2
9.8047 Head -0.6626843 1.6 0.1721521 10.875 330.2249 0 0.09157901 -0.255767 0.02434601 0.962083
9.8047 SecondCar 3.7 0.025 15.92929 0 180 0 0 1 0 -4.371139E-08 0 2
9.8047 FirstCar -6.985551 0.025 2.97 0 90 0 0 0.7071068 0 0.7071068 0 2
9.8065 Head -0.6626843 1.6 0.1721521 10.875 330.2249 0 0.09157901 -0.255767 0.02434601 0.962083
9.8065 SecondCar 3.7 0.025 15.92929 0 180 0 0 1 0 -4.371139E-08 0 2
9.8065 FirstCar -6.985551 0.025 2.97 0 90 0 0 0.7071068 0 0.7071068 0 2
9.8083 Head -0.6626843 1.6 0.1721521 10.875 330.2249 0 0.09157901 -0.255767 0.02434601 0.962083
9.8083 SecondCar 3.7 0.025 15.92929 0 180 0 0 1 0 -4.371139E-08 0 2
9.8083 FirstCar -6.985551 0.025 2.97 0 90 0 0 0.7071068 0 0.7071068 0 2
9.8102 Head -0.6626843 1.6 0.1721521 10.875 330.2249 0 0.09157901 -0.255767 0.02434601 0.962083
9.8102 SecondCar 3.7 0.025 15.92929 0 180 0 0 1 0 -4.371139E-08 0 2
9.8102 FirstCar -6.985551 0.025 2.97 0 90 0 0 0.7071068 0 0.7071068 0 2
9.8119 Head -0.6626843 1.6 0.1721521 10.875 330.2249 0 0.09157901 -0.255767 0.02434601 0.962083
9.8119 SecondCar 3.7 0.025 15.92929 0 180 0 0 1 0 -4.371139E-08 0 2
9.8119 FirstCar -6.985551 0.025 2.97 0 90 0 0 0.7071068 0 0.7071068 0 2
9.8137 Head -0.6626843 1.6 0.1721521 10.875 330.2249 0 0.09157901 -0.255767 0.02434601 0.962083
9.8137 SecondCar 3.7 0.025 15.92929 0 180 0 0 1 0 -4.371139E-08 0 2
9.8137 FirstCar -6.985551 0.025 2.97 0 90 0 0 0.7071068 0 0.7071068 0 2
9.8154 Head -0.6626843 1.6 0.1721521 10.875 330.2249 0 0.09157901 -0.255767 0.02434601 0.962083
9.8154 SecondCar 3.7 0.025 15.92929 0 180 0 0 1 0 -4.371139E-08 0 2
9.8154 FirstCar -6.985551 0.025 2.97 0 90 0 0 0.7071068 0 0.7071068 0 2
9.8172 Head -0.6626843 1.6 0.1721521 10.875 330.2249 0 0.09157901 -0.255767 0.02434601 0.962083
9.8172 SecondCar 3.7 0.025 15.92929 0 180 0 0 1 0 -4.371139E-08 0 2
9.8172 FirstCar -6.985551 0.025 2.97 0 90 0 0 0.7071068 0 0.7071068 0 2
9.8189 Head -0.6626843 1.6 0.1721521 10.875 330.2249 0 0.09157901 -0.255767 0.02434601 0.962083
9.8189 SecondCar 3.7 0.025 15.92929 0 180 0 0 1 0 -4.371139E-08 0 2
9.8189 FirstCar -6.985551 0.025 2.97 0 90 0 0 0.7071068 0 0.7071068 0 2
9.8206 Head -0.6626843 1.6 0.1721521 10.875 330.2249 0 0.09157901 -0.255767 0.02434601 0.962083
9.8206 SecondCar 3.7 0.025 15.92929 0 180 0 0 1 0 -4.371139E-08 0 2
9.8206 FirstCar -6.985551 0.025 2.97 0 90 0 0 0.7071068 0 0.7071068 0 2
9.8224 Head -0.6626843 1.6 0.1721521 10.875 330.2249 0 0.09157901 -0.255767 0.02434601 0.962083
9.8224 SecondCar 3.7 0.025 15.92929 0 180 0 0 1 0 -4.371139E-08 0 2
9.8224 FirstCar -6.985551 0.025 2.97 0 90 0 0 0.7071068 0 0.7071068 0 2
9.8244 Head -0.6626843 1.6 0.1721521 10.875 330.2249 0 0.09157901 -0.255767 0.02434601 0.962083
9.8244 SecondCar 3.7 0.025 15.92929 0 180 0 0 1 0 -4.371139E-08 0 2
9.8244 FirstCar -6.985551 0.025 2.97 0 90 0 0 0.7071068 0 0.7071068 0 2
9.8265 Head -0.6626843 1.6 0.1721521 10.875 330.2249 0 0.09157901 -0.255767 0.02434601 0.962083
9.8265 SecondCar 3.7 0.025 15.92929 0 180 0 0 1 0 -4.371139E-08 0 2
9.8265 FirstCar -6.985551 0.025 2.97 0 90 0 0 0.7071068 0 0.7071068 0 2
9.8288 Head -0.6626843 1.6 0.1721521 10.875 330.2249 0 0.09157901 -0.255767 0.02434601 0.962083
9.8288 SecondCar 3.7 0.025 15.92929 0 180 0 0 1 0 -4.371139E-08 0 2
9.8288 FirstCar -6.985551 0.025 2.97 0 90 0 0 0.7071068 0 0.7071068 0 2
9.8312 Head -0.6626843 1.6 0.1721521 10.875 330.2249 0 0.09157901 -0.255767 0.02434601 0.962083
9.8312 SecondCar 3.7 0.025 15.92929 0 180 0 0 1 0 -4.371139E-08 0 2
9.8312 FirstCar -6.985551 0.025 2.97 0 90 0 0 0.7071068 0 0.7071068 0 2
9.8335 Head -0.6626843 1.6 0.1721521 10.875 330.2249 0 0.09157901 -0.255767 0.02434601 0.962083
9.8335 SecondCar 3.7 0.025 15.92929 0 180 0 0 1 0 -4.371139E-08 0 2
9.8335 FirstCar -6.985551 0.025 2.97 0 90 0 0 0.7071068 0 0.7071068 0 2
9.8356 Head -0.6626843 1.6 0.1721521 10.875 330.2249 0 0.09157901 -0.255767 0.02434601 0.962083
9.8356 SecondCar 3.7 0.025 15.92929 0 180 0 0 1 0 -4.371139E-08 0 2
9.8356 FirstCar -6.985551 0.025 2.97 0 90 0 0 0.7071068 0 0.7071068 0 2
9.8377 Head -0.6626843 1.6 0.1721521 10.875 330.2249 0 0.09157901 -0.255767 0.02434601 0.962083
9.8377 SecondCar 3.7 0.025 15.92929 0 180 0 0 1 0 -4.371139E-08 0 2
9.8377 FirstCar -6.985551 0.025 2.97 0 90 0 0 0.7071068 0 0.7071068 0 2
9.8397 Head -0.6626843 1.6 0.1721521 10.875 330.2249 0 0.09157901 -0.255767 0.02434601 0.962083
9.8397 SecondCar 3.7 0.025 15.92929 0 180 0 0 1 0 -4.371139E-08 0 2
9.8397 FirstCar -6.985551 0.025 2.97 0 90 0 0 0.7071068 0 0.7071068 0 2
9.8420 Head -0.6626843 1.6 0.1721521 10.875 330.2249 0 0.09157901 -0.255767 0.02434601 0.962083
9.8420 SecondCar 3.7 0.025 15.92929 0 180 0 0 1 0 -4.371139E-08 0 2
9.8420 FirstCar -6.985551 0.025 2.97 0 90 0 0 0.7071068 0 0.7071068 0 2
9.8439 Head -0.6626843 1.6 0.1721521 10.875 330.2249 0 0.09157901 -0.255767 0.02434601 0.962083
9.8439 SecondCar 3.7 0.025 15.92929 0 180 0 0 1 0 -4.371139E-08 0 2
9.8439 FirstCar -6.985551 0.025 2.97 0 90 0 0 0.7071068 0 0.7071068 0 2
9.8457 Head -0.6626843 1.6 0.1721521 10.875 330.2249 0 0.09157901 -0.255767 0.02434601 0.962083
9.8457 SecondCar 3.7 0.025 15.92929 0 180 0 0 1 0 -4.371139E-08 0 2
9.8457 FirstCar -6.985551 0.025 2.97 0 90 0 0 0.7071068 0 0.7071068 0 2
9.8475 Head -0.6626843 1.6 0.1721521 10.875 330.2249 0 0.09157901 -0.255767 0.02434601 0.962083
9.8475 SecondCar 3.7 0.025 15.92929 0 180 0 0 1 0 -4.371139E-08 0 2
9.8475 FirstCar -6.985551 0.025 2.97 0 90 0 0 0.7071068 0 0.7071068 0 2
9.8494 Head -0.6626843 1.6 0.1721521 10.875 330.2249 0 0.09157901 -0.255767 0.02434601 0.962083
9.8494 SecondCar 3.7 0.025 15.92929 0 180 0 0 1 0 -4.371139E-08 0 2
9.8494 FirstCar -6.985551 0.025 2.97 0 90 0 0 0.7071068 0 0.7071068 0 2
9.8510 Head -0.6626843 1.6 0.1721521 10.875 330.2249 0 0.09157901 -0.255767 0.02434601 0.962083
9.8510 SecondCar 3.7 0.025 15.92929 0 180 0 0 1 0 -4.371139E-08 0 2
9.8510 FirstCar -6.985551 0.025 2.97 0 90 0 0 0.7071068 0 0.7071068 0 2
9.8527 Head -0.6626843 1.6 0.1721521 10.875 330.2249 0 0.09157901 -0.255767 0.02434601 0.962083
9.8527 SecondCar 3.7 0.025 15.92929 0 180 0 0 1 0 -4.371139E-08 0 2
9.8527 FirstCar -6.985551 0.025 2.97 0 90 0 0 0.7071068 0 0.7071068 0 2
9.8544 Head -0.6626843 1.6 0.1721521 10.875 330.2249 0 0.09157901 -0.255767 0.02434601 0.962083
9.8544 SecondCar 3.7 0.025 15.92929 0 180 0 0 1 0 -4.371139E-08 0 2
9.8544 FirstCar -6.985551 0.025 2.97 0 90 0 0 0.7071068 0 0.7071068 0 2
9.8562 Head -0.6626843 1.6 0.1721521 10.875 330.2249 0 0.09157901 -0.255767 0.02434601 0.962083
9.8562 SecondCar 3.7 0.025 15.92929 0 180 0 0 1 0 -4.371139E-08 0 2
9.8562 FirstCar -6.985551 0.025 2.97 0 90 0 0 0.7071068 0 0.7071068 0 2
9.8583 Head -0.6626843 1.6 0.1721521 10.875 330.2249 0 0.09157901 -0.255767 0.02434601 0.962083
9.8583 SecondCar 3.7 0.025 15.92929 0 180 0 0 1 0 -4.371139E-08 0 2
9.8583 FirstCar -6.985551 0.025 2.97 0 90 0 0 0.7071068 0 0.7071068 0 2
9.8603 Head -0.6626843 1.6 0.1721521 10.875 330.2249 0 0.09157901 -0.255767 0.02434601 0.962083
9.8603 SecondCar 3.7 0.025 15.92929 0 180 0 0 1 0 -4.371139E-08 0 2
9.8603 FirstCar -6.985551 0.025 2.97 0 90 0 0 0.7071068 0 0.7071068 0 2
9.8623 Head -0.6626843 1.6 0.1721521 10.875 330.2249 0 0.09157901 -0.255767 0.02434601 0.962083
9.8623 SecondCar 3.7 0.025 15.92929 0 180 0 0 1 0 -4.371139E-08 0 2
9.8623 FirstCar -6.985551 0.025 2.97 0 90 0 0 0.7071068 0 0.7071068 0 2
9.8642 Head -0.6626843 1.6 0.1721521 10.875 330.2249 0 0.09157901 -0.255767 0.02434601 0.962083
9.8642 SecondCar 3.7 0.025 15.92929 0 180 0 0 1 0 -4.371139E-08 0 2
9.8642 FirstCar -6.985551 0.025 2.97 0 90 0 0 0.7071068 0 0.7071068 0 2
9.8659 Head -0.6626843 1.6 0.1721521 10.875 330.2249 0 0.09157901 -0.255767 0.02434601 0.962083
9.8659 SecondCar 3.7 0.025 15.92929 0 180 0 0 1 0 -4.371139E-08 0 2
9.8659 FirstCar -6.985551 0.025 2.97 0 90 0 0 0.7071068 0 0.7071068 0 2
9.8676 Head -0.6626843 1.6 0.1721521 10.875 330.2249 0 0.09157901 -0.255767 0.02434601 0.962083
9.8676 SecondCar 3.7 0.025 15.92929 0 180 0 0 1 0 -4.371139E-08 0 2
9.8676 FirstCar -6.985551 0.025 2.97 0 90 0 0 0.7071068 0 0.7071068 0 2
9.8695 Head -0.6626843 1.6 0.1721521 10.875 330.2249 0 0.09157901 -0.255767 0.02434601 0.962083
9.8695 SecondCar 3.7 0.025 15.92929 0 180 0 0 1 0 -4.371139E-08 0 2
9.8695 FirstCar -6.985551 0.025 2.97 0 90 0 0 0.7071068 0 0.7071068 0 2
9.8712 Head -0.6626843 1.6 0.1721521 10.875 330.2249 0 0.09157901 -0.255767 0.02434601 0.962083
9.8712 SecondCar 3.7 0.025 15.92929 0 180 0 0 1 0 -4.371139E-08 0 2
9.8712 FirstCar -6.985551 0.025 2.97 0 90 0 0 0.7071068 0 0.7071068 0 2
9.8731 Head -0.6626843 1.6 0.1721521 10.875 330.2249 0 0.09157901 -0.255767 0.02434601 0.962083
9.8731 SecondCar 3.7 0.025 15.92929 0 180 0 0 1 0 -4.371139E-08 0 2
9.8731 FirstCar -6.985551 0.025 2.97 0 90 0 0 0.7071068 0 0.7071068 0 2
9.8750 Head -0.6626843 1.6 0.1721521 10.875 330.2249 0 0.09157901 -0.255767 0.02434601 0.962083
9.8750 SecondCar 3.7 0.025 15.92929 0 180 0 0 1 0 -4.371139E-08 0 2
9.8750 FirstCar -6.985551 0.025 2.97 0 90 0 0 0.7071068 0 0.7071068 0 2
9.8769 Head -0.6626843 1.6 0.1721521 10.875 330.2249 0 0.09157901 -0.255767 0.02434601 0.962083
9.8769 SecondCar 3.7 0.025 15.92929 0 180 0 0 1 0 -4.371139E-08 0 2
9.8769 FirstCar -6.985551 0.025 2.97 0 90 0 0 0.7071068 0 0.7071068 0 2
9.8786 Head -0.6626843 1.6 0.1721521 10.875 330.2249 0 0.09157901 -0.255767 0.02434601 0.962083
9.8786 SecondCar 3.7 0.025 15.92929 0 180 0 0 1 0 -4.371139E-08 0 2
9.8786 FirstCar -6.985551 0.025 2.97 0 90 0 0 0.7071068 0 0.7071068 0 2
9.8804 Head -0.6626843 1.6 0.1721521 10.875 330.2249 0 0.09157901 -0.255767 0.02434601 0.962083
9.8804 SecondCar 3.7 0.025 15.92929 0 180 0 0 1 0 -4.371139E-08 0 2
9.8804 FirstCar -6.985551 0.025 2.97 0 90 0 0 0.7071068 0 0.7071068 0 2
9.8821 Head -0.6626843 1.6 0.1721521 10.875 330.2249 0 0.09157901 -0.255767 0.02434601 0.962083
9.8821 SecondCar 3.7 0.025 15.92929 0 180 0 0 1 0 -4.371139E-08 0 2
9.8821 FirstCar -6.985551 0.025 2.97 0 90 0 0 0.7071068 0 0.7071068 0 2
9.8838 Head -0.6626843 1.6 0.1721521 10.875 330.2249 0 0.09157901 -0.255767 0.02434601 0.962083
9.8838 SecondCar 3.7 0.025 15.92929 0 180 0 0 1 0 -4.371139E-08 0 2
9.8838 FirstCar -6.985551 0.025 2.97 0 90 0 0 0.7071068 0 0.7071068 0 2
9.8856 Head -0.6626843 1.6 0.1721521 10.875 330.2249 0 0.09157901 -0.255767 0.02434601 0.962083
9.8856 SecondCar 3.7 0.025 15.92929 0 180 0 0 1 0 -4.371139E-08 0 2
9.8856 FirstCar -6.985551 0.025 2.97 0 90 0 0 0.7071068 0 0.7071068 0 2
9.8874 Head -0.6626843 1.6 0.1721521 10.875 330.2249 0 0.09157901 -0.255767 0.02434601 0.962083
9.8874 SecondCar 3.7 0.025 15.92929 0 180 0 0 1 0 -4.371139E-08 0 2
9.8874 FirstCar -6.985551 0.025 2.97 0 90 0 0 0.7071068 0 0.7071068 0 2
9.8899 Head -0.6626843 1.6 0.1721521 10.875 330.2249 0 0.09157901 -0.255767 0.02434601 0.962083
9.8899 SecondCar 3.7 0.025 15.92929 0 180 0 0 1 0 -4.371139E-08 0 2
9.8899 FirstCar -6.985551 0.025 2.97 0 90 0 0 0.7071068 0 0.7071068 0 2
9.8921 Head -0.6626843 1.6 0.1721521 10.875 330.2249 0 0.09157901 -0.255767 0.02434601 0.962083
9.8921 SecondCar 3.7 0.025 15.92929 0 180 0 0 1 0 -4.371139E-08 0 2
9.8921 FirstCar -6.985551 0.025 2.97 0 90 0 0 0.7071068 0 0.7071068 0 2
9.8943 Head -0.6626843 1.6 0.1721521 10.875 330.2249 0 0.09157901 -0.255767 0.02434601 0.962083
9.8943 SecondCar 3.7 0.025 15.92929 0 180 0 0 1 0 -4.371139E-08 0 2
9.8943 FirstCar -6.985551 0.025 2.97 0 90 0 0 0.7071068 0 0.7071068 0 2
9.8965 Head -0.6626843 1.6 0.1721521 10.875 330.2249 0 0.09157901 -0.255767 0.02434601 0.962083
9.8965 SecondCar 3.7 0.025 15.92929 0 180 0 0 1 0 -4.371139E-08 0 2
9.8965 FirstCar -6.985551 0.025 2.97 0 90 0 0 0.7071068 0 0.7071068 0 2
9.8985 Head -0.6626843 1.6 0.1721521 10.875 330.2249 0 0.09157901 -0.255767 0.02434601 0.962083
9.8985 SecondCar 3.7 0.025 15.92929 0 180 0 0 1 0 -4.371139E-08 0 2
9.8985 FirstCar -6.985551 0.025 2.97 0 90 0 0 0.7071068 0 0.7071068 0 2
9.9003 Head -0.6626843 1.6 0.1721521 10.875 330.2249 0 0.09157901 -0.255767 0.02434601 0.962083
9.9003 SecondCar 3.7 0.025 15.92929 0 180 0 0 1 0 -4.371139E-08 0 2
9.9003 FirstCar -6.985551 0.025 2.97 0 90 0 0 0.7071068 0 0.7071068 0 2
9.9024 Head -0.6626843 1.6 0.1721521 10.875 330.2249 0 0.09157901 -0.255767 0.02434601 0.962083
9.9024 SecondCar 3.7 0.025 15.92929 0 180 0 0 1 0 -4.371139E-08 0 2
9.9024 FirstCar -6.985551 0.025 2.97 0 90 0 0 0.7071068 0 0.7071068 0 2
9.9050 Head -0.6626843 1.6 0.1721521 10.875 330.2249 0 0.09157901 -0.255767 0.02434601 0.962083
9.9050 SecondCar 3.7 0.025 15.92929 0 180 0 0 1 0 -4.371139E-08 0 2
9.9050 FirstCar -6.985551 0.025 2.97 0 90 0 0 0.7071068 0 0.7071068 0 2
9.9073 Head -0.6626843 1.6 0.1721521 10.875 330.2249 0 0.09157901 -0.255767 0.02434601 0.962083
9.9073 SecondCar 3.7 0.025 15.92929 0 180 0 0 1 0 -4.371139E-08 0 2
9.9073 FirstCar -6.985551 0.025 2.97 0 90 0 0 0.7071068 0 0.7071068 0 2
9.9093 Head -0.6626843 1.6 0.1721521 10.875 330.2249 0 0.09157901 -0.255767 0.02434601 0.962083
9.9093 SecondCar 3.7 0.025 15.92929 0 180 0 0 1 0 -4.371139E-08 0 2
9.9093 FirstCar -6.985551 0.025 2.97 0 90 0 0 0.7071068 0 0.7071068 0 2
9.9110 Head -0.6626843 1.6 0.1721521 10.875 330.2249 0 0.09157901 -0.255767 0.02434601 0.962083
9.9110 SecondCar 3.7 0.025 15.92929 0 180 0 0 1 0 -4.371139E-08 0 2
9.9110 FirstCar -6.985551 0.025 2.97 0 90 0 0 0.7071068 0 0.7071068 0 2
9.9127 Head -0.6626843 1.6 0.1721521 10.875 330.2249 0 0.09157901 -0.255767 0.02434601 0.962083
9.9127 SecondCar 3.7 0.025 15.92929 0 180 0 0 1 0 -4.371139E-08 0 2
9.9127 FirstCar -6.985551 0.025 2.97 0 90 0 0 0.7071068 0 0.7071068 0 2
9.9144 Head -0.6626843 1.6 0.1721521 10.875 330.2249 0 0.09157901 -0.255767 0.02434601 0.962083
9.9144 SecondCar 3.7 0.025 15.92929 0 180 0 0 1 0 -4.371139E-08 0 2
9.9144 FirstCar -6.985551 0.025 2.97 0 90 0 0 0.7071068 0 0.7071068 0 2
9.9161 Head -0.6626843 1.6 0.1721521 10.875 330.2249 0 0.09157901 -0.255767 0.02434601 0.962083
9.9161 SecondCar 3.7 0.025 15.92929 0 180 0 0 1 0 -4.371139E-08 0 2
9.9161 FirstCar -6.985551 0.025 2.97 0 90 0 0 0.7071068 0 0.7071068 0 2
9.9179 Head -0.6626843 1.6 0.1721521 10.875 330.2249 0 0.09157901 -0.255767 0.02434601 0.962083
9.9179 SecondCar 3.7 0.025 15.92929 0 180 0 0 1 0 -4.371139E-08 0 2
9.9179 FirstCar -6.985551 0.025 2.97 0 90 0 0 0.7071068 0 0.7071068 0 2
9.9196 Head -0.6626843 1.6 0.1721521 10.875 330.2249 0 0.09157901 -0.255767 0.02434601 0.962083
9.9196 SecondCar 3.7 0.025 15.92929 0 180 0 0 1 0 -4.371139E-08 0 2
9.9196 FirstCar -6.985551 0.025 2.97 0 90 0 0 0.7071068 0 0.7071068 0 2
9.9213 Head -0.6626843 1.6 0.1721521 10.875 330.2249 0 0.09157901 -0.255767 0.02434601 0.962083
9.9213 SecondCar 3.7 0.025 15.92929 0 180 0 0 1 0 -4.371139E-08 0 2
9.9213 FirstCar -6.985551 0.025 2.97 0 90 0 0 0.7071068 0 0.7071068 0 2
9.9232 Head -0.6626843 1.6 0.1721521 10.875 330.2249 0 0.09157901 -0.255767 0.02434601 0.962083
9.9232 SecondCar 3.7 0.025 15.92929 0 180 0 0 1 0 -4.371139E-08 0 2
9.9232 FirstCar -6.985551 0.025 2.97 0 90 0 0 0.7071068 0 0.7071068 0 2
9.9252 Head -0.6626843 1.6 0.1721521 10.875 330.2249 0 0.09157901 -0.255767 0.02434601 0.962083
9.9252 SecondCar 3.7 0.025 15.92929 0 180 0 0 1 0 -4.371139E-08 0 2
9.9252 FirstCar -6.985551 0.025 2.97 0 90 0 0 0.7071068 0 0.7071068 0 2
9.9273 Head -0.6626843 1.6 0.1721521 10.875 330.2249 0 0.09157901 -0.255767 0.02434601 0.962083
9.9273 SecondCar 3.7 0.025 15.92929 0 180 0 0 1 0 -4.371139E-08 0 2
9.9273 FirstCar -6.985551 0.025 2.97 0 90 0 0 0.7071068 0 0.7071068 0 2
9.9293 Head -0.6626843 1.6 0.1721521 10.875 330.2249 0 0.09157901 -0.255767 0.02434601 0.962083
9.9293 SecondCar 3.7 0.025 15.92929 0 180 0 0 1 0 -4.371139E-08 0 2
9.9293 FirstCar -6.985551 0.025 2.97 0 90 0 0 0.7071068 0 0.7071068 0 2
9.9311 Head -0.6626843 1.6 0.1721521 10.875 330.2249 0 0.09157901 -0.255767 0.02434601 0.962083
9.9311 SecondCar 3.7 0.025 15.92929 0 180 0 0 1 0 -4.371139E-08 0 2
9.9311 FirstCar -6.985551 0.025 2.97 0 90 0 0 0.7071068 0 0.7071068 0 2
9.9328 Head -0.6626843 1.6 0.1721521 10.875 330.2249 0 0.09157901 -0.255767 0.02434601 0.962083
9.9328 SecondCar 3.7 0.025 15.92929 0 180 0 0 1 0 -4.371139E-08 0 2
9.9328 FirstCar -6.985551 0.025 2.97 0 90 0 0 0.7071068 0 0.7071068 0 2
9.9345 Head -0.6626843 1.6 0.1721521 10.875 330.2249 0 0.09157901 -0.255767 0.02434601 0.962083
9.9345 SecondCar 3.7 0.025 15.92929 0 180 0 0 1 0 -4.371139E-08 0 2
9.9345 FirstCar -6.985551 0.025 2.97 0 90 0 0 0.7071068 0 0.7071068 0 2
9.9365 Head -0.6626843 1.6 0.1721521 10.875 330.2249 0 0.09157901 -0.255767 0.02434601 0.962083
9.9365 SecondCar 3.7 0.025 15.92929 0 180 0 0 1 0 -4.371139E-08 0 2
9.9365 FirstCar -6.985551 0.025 2.97 0 90 0 0 0.7071068 0 0.7071068 0 2
9.9382 Head -0.6626843 1.6 0.1721521 10.875 330.2249 0 0.09157901 -0.255767 0.02434601 0.962083
9.9382 SecondCar 3.7 0.025 15.92929 0 180 0 0 1 0 -4.371139E-08 0 2
9.9382 FirstCar -6.985551 0.025 2.97 0 90 0 0 0.7071068 0 0.7071068 0 2
9.9400 Head -0.6626843 1.6 0.1721521 10.875 330.2249 0 0.09157901 -0.255767 0.02434601 0.962083
9.9400 SecondCar 3.7 0.025 15.92929 0 180 0 0 1 0 -4.371139E-08 0 2
9.9400 FirstCar -6.985551 0.025 2.97 0 90 0 0 0.7071068 0 0.7071068 0 2
9.9417 Head -0.6626843 1.6 0.1721521 10.875 330.2249 0 0.09157901 -0.255767 0.02434601 0.962083
9.9417 SecondCar 3.7 0.025 15.92929 0 180 0 0 1 0 -4.371139E-08 0 2
9.9417 FirstCar -6.985551 0.025 2.97 0 90 0 0 0.7071068 0 0.7071068 0 2
9.9434 Head -0.6626843 1.6 0.1721521 10.875 330.2249 0 0.09157901 -0.255767 0.02434601 0.962083
9.9434 SecondCar 3.7 0.025 15.92929 0 180 0 0 1 0 -4.371139E-08 0 2
9.9434 FirstCar -6.985551 0.025 2.97 0 90 0 0 0.7071068 0 0.7071068 0 2
9.9453 Head -0.6626843 1.6 0.1721521 10.875 330.2249 0 0.09157901 -0.255767 0.02434601 0.962083
9.9453 SecondCar 3.7 0.025 15.92929 0 180 0 0 1 0 -4.371139E-08 0 2
9.9453 FirstCar -6.985551 0.025 2.97 0 90 0 0 0.7071068 0 0.7071068 0 2
9.9470 Head -0.6626843 1.6 0.1721521 10.875 330.2249 0 0.09157901 -0.255767 0.02434601 0.962083
9.9470 SecondCar 3.7 0.025 15.92929 0 180 0 0 1 0 -4.371139E-08 0 2
9.9470 FirstCar -6.985551 0.025 2.97 0 90 0 0 0.7071068 0 0.7071068 0 2
9.9490 Head -0.6626843 1.6 0.1721521 10.875 330.2249 0 0.09157901 -0.255767 0.02434601 0.962083
9.9490 SecondCar 3.7 0.025 15.92929 0 180 0 0 1 0 -4.371139E-08 0 2
9.9490 FirstCar -6.985551 0.025 2.97 0 90 0 0 0.7071068 0 0.7071068 0 2
9.9508 Head -0.6626843 1.6 0.1721521 10.875 330.2249 0 0.09157901 -0.255767 0.02434601 0.962083
9.9508 SecondCar 3.7 0.025 15.92929 0 180 0 0 1 0 -4.371139E-08 0 2
9.9508 FirstCar -6.985551 0.025 2.97 0 90 0 0 0.7071068 0 0.7071068 0 2
9.9526 Head -0.6626843 1.6 0.1721521 10.875 330.2249 0 0.09157901 -0.255767 0.02434601 0.962083
9.9526 SecondCar 3.7 0.025 15.92929 0 180 0 0 1 0 -4.371139E-08 0 2
9.9526 FirstCar -6.985551 0.025 2.97 0 90 0 0 0.7071068 0 0.7071068 0 2
9.9549 Head -0.6626843 1.6 0.1721521 10.875 330.2249 0 0.09157901 -0.255767 0.02434601 0.962083
9.9549 SecondCar 3.7 0.025 15.92929 0 180 0 0 1 0 -4.371139E-08 0 2
9.9549 FirstCar -6.985551 0.025 2.97 0 90 0 0 0.7071068 0 0.7071068 0 2
9.9572 Head -0.6626843 1.6 0.1721521 10.875 330.2249 0 0.09157901 -0.255767 0.02434601 0.962083
9.9572 SecondCar 3.7 0.025 15.92929 0 180 0 0 1 0 -4.371139E-08 0 2
9.9572 FirstCar -6.985551 0.025 2.97 0 90 0 0 0.7071068 0 0.7071068 0 2
9.9595 Head -0.6626843 1.6 0.1721521 10.875 330.2249 0 0.09157901 -0.255767 0.02434601 0.962083
9.9595 SecondCar 3.7 0.025 15.92929 0 180 0 0 1 0 -4.371139E-08 0 2
9.9595 FirstCar -6.985551 0.025 2.97 0 90 0 0 0.7071068 0 0.7071068 0 2
9.9616 Head -0.6626843 1.6 0.1721521 10.875 330.2249 0 0.09157901 -0.255767 0.02434601 0.962083
9.9616 SecondCar 3.7 0.025 15.92929 0 180 0 0 1 0 -4.371139E-08 0 2
9.9616 FirstCar -6.985551 0.025 2.97 0 90 0 0 0.7071068 0 0.7071068 0 2
9.9637 Head -0.6626843 1.6 0.1721521 10.875 330.2249 0 0.09157901 -0.255767 0.02434601 0.962083
9.9637 SecondCar 3.7 0.025 15.92929 0 180 0 0 1 0 -4.371139E-08 0 2
9.9637 FirstCar -6.985551 0.025 2.97 0 90 0 0 0.7071068 0 0.7071068 0 2
9.9657 Head -0.6626843 1.6 0.1721521 10.875 330.2249 0 0.09157901 -0.255767 0.02434601 0.962083
9.9657 SecondCar 3.7 0.025 15.92929 0 180 0 0 1 0 -4.371139E-08 0 2
9.9657 FirstCar -6.985551 0.025 2.97 0 90 0 0 0.7071068 0 0.7071068 0 2
9.9676 Head -0.6626843 1.6 0.1721521 10.875 330.2249 0 0.09157901 -0.255767 0.02434601 0.962083
9.9676 SecondCar 3.7 0.025 15.92929 0 180 0 0 1 0 -4.371139E-08 0 2
9.9676 FirstCar -6.985551 0.025 2.97 0 90 0 0 0.7071068 0 0.7071068 0 2
9.9701 Head -0.6626843 1.6 0.1721521 10.875 330.2249 0 0.09157901 -0.255767 0.02434601 0.962083
9.9701 SecondCar 3.7 0.025 15.92929 0 180 0 0 1 0 -4.371139E-08 0 2
9.9701 FirstCar -6.985551 0.025 2.97 0 90 0 0 0.7071068 0 0.7071068 0 2
9.9721 Head -0.6626843 1.6 0.1721521 10.875 330.2249 0 0.09157901 -0.255767 0.02434601 0.962083
9.9721 SecondCar 3.7 0.025 15.92929 0 180 0 0 1 0 -4.371139E-08 0 2
9.9721 FirstCar -6.985551 0.025 2.97 0 90 0 0 0.7071068 0 0.7071068 0 2
9.9741 Head -0.6626843 1.6 0.1721521 10.875 330.2249 0 0.09157901 -0.255767 0.02434601 0.962083
9.9741 SecondCar 3.7 0.025 15.92929 0 180 0 0 1 0 -4.371139E-08 0 2
9.9741 FirstCar -6.985551 0.025 2.97 0 90 0 0 0.7071068 0 0.7071068 0 2
9.9760 Head -0.6626843 1.6 0.1721521 10.875 330.2249 0 0.09157901 -0.255767 0.02434601 0.962083
9.9760 SecondCar 3.7 0.025 15.92929 0 180 0 0 1 0 -4.371139E-08 0 2
9.9760 FirstCar -6.985551 0.025 2.97 0 90 0 0 0.7071068 0 0.7071068 0 2
9.9777 Head -0.6626843 1.6 0.1721521 10.875 330.2249 0 0.09157901 -0.255767 0.02434601 0.962083
9.9777 SecondCar 3.7 0.025 15.92929 0 180 0 0 1 0 -4.371139E-08 0 2
9.9777 FirstCar -6.985551 0.025 2.97 0 90 0 0 0.7071068 0 0.7071068 0 2
9.9794 Head -0.6626843 1.6 0.1721521 10.875 330.2249 0 0.09157901 -0.255767 0.02434601 0.962083
9.9794 SecondCar 3.7 0.025 15.92929 0 180 0 0 1 0 -4.371139E-08 0 2
9.9794 FirstCar -6.985551 0.025 2.97 0 90 0 0 0.7071068 0 0.7071068 0 2
9.9811 Head -0.6626843 1.6 0.1721521 10.875 330.2249 0 0.09157901 -0.255767 0.02434601 0.962083
9.9811 SecondCar 3.7 0.025 15.92929 0 180 0 0 1 0 -4.371139E-08 0 2
9.9811 FirstCar -6.985551 0.025 2.97 0 90 0 0 0.7071068 0 0.7071068 0 2
9.9828 Head -0.6626843 1.6 0.1721521 10.875 330.2249 0 0.09157901 -0.255767 0.02434601 0.962083
9.9828 SecondCar 3.7 0.025 15.92929 0 180 0 0 1 0 -4.371139E-08 0 2
9.9828 FirstCar -6.985551 0.025 2.97 0 90 0 0 0.7071068 0 0.7071068 0 2
9.9845 Head -0.6626843 1.6 0.1721521 10.875 330.2249 0 0.09157901 -0.255767 0.02434601 0.962083
9.9845 SecondCar 3.7 0.025 15.92929 0 180 0 0 1 0 -4.371139E-08 0 2
9.9845 FirstCar -6.985551 0.025 2.97 0 90 0 0 0.7071068 0 0.7071068 0 2
9.9864 Head -0.6626843 1.6 0.1721521 10.875 330.2249 0 0.09157901 -0.255767 0.02434601 0.962083
9.9864 SecondCar 3.7 0.025 15.92929 0 180 0 0 1 0 -4.371139E-08 0 2
9.9864 FirstCar -6.985551 0.025 2.97 0 90 0 0 0.7071068 0 0.7071068 0 2
9.9885 Head -0.6626843 1.6 0.1721521 10.875 330.2249 0 0.09157901 -0.255767 0.02434601 0.962083
9.9885 SecondCar 3.7 0.025 15.92929 0 180 0 0 1 0 -4.371139E-08 0 2
9.9885 FirstCar -6.985551 0.025 2.97 0 90 0 0 0.7071068 0 0.7071068 0 2
9.9907 Head -0.6626843 1.6 0.1721521 10.875 330.2249 0 0.09157901 -0.255767 0.02434601 0.962083
9.9907 SecondCar 3.7 0.025 15.92929 0 180 0 0 1 0 -4.371139E-08 0 2
9.9907 FirstCar -6.985551 0.025 2.97 0 90 0 0 0.7071068 0 0.7071068 0 2
9.9926 Head -0.6626843 1.6 0.1721521 10.875 330.2249 0 0.09157901 -0.255767 0.02434601 0.962083
9.9926 SecondCar 3.7 0.025 15.92929 0 180 0 0 1 0 -4.371139E-08 0 2
9.9926 FirstCar -6.985551 0.025 2.97 0 90 0 0 0.7071068 0 0.7071068 0 2
9.9944 Head -0.6626843 1.6 0.1721521 10.875 330.2249 0 0.09157901 -0.255767 0.02434601 0.962083
9.9944 SecondCar 3.7 0.025 15.92929 0 180 0 0 1 0 -4.371139E-08 0 2
9.9944 FirstCar -6.985551 0.025 2.97 0 90 0 0 0.7071068 0 0.7071068 0 2
9.9961 Head -0.6626843 1.6 0.1721521 10.875 330.2249 0 0.09157901 -0.255767 0.02434601 0.962083
9.9961 SecondCar 3.7 0.025 15.92929 0 180 0 0 1 0 -4.371139E-08 0 2
9.9961 FirstCar -6.985551 0.025 2.97 0 90 0 0 0.7071068 0 0.7071068 0 2
9.9978 Head -0.6626843 1.6 0.1721521 10.875 330.2249 0 0.09157901 -0.255767 0.02434601 0.962083
9.9978 SecondCar 3.7 0.025 15.92929 0 180 0 0 1 0 -4.371139E-08 0 2
9.9978 FirstCar -6.985551 0.025 2.97 0 90 0 0 0.7071068 0 0.7071068 0 2
9.9996 Head -0.6626843 1.6 0.1721521 10.875 330.2249 0 0.09157901 -0.255767 0.02434601 0.962083
9.9996 SecondCar 3.7 0.025 15.92929 0 180 0 0 1 0 -4.371139E-08 0 2
9.9996 FirstCar -6.985551 0.025 2.97 0 90 0 0 0.7071068 0 0.7071068 0 2
10.0014 Head -0.6626843 1.6 0.1721521 10.875 330.2249 0 0.09157901 -0.255767 0.02434601 0.962083
10.0014 SecondCar 3.7 0.025 15.92929 0 180 0 0 1 0 -4.371139E-08 0 2
10.0014 FirstCar -6.985551 0.025 2.97 0 90 0 0 0.7071068 0 0.7071068 0 2
10.0032 Head -0.6626843 1.6 0.1721521 10.875 330.2249 0 0.09157901 -0.255767 0.02434601 0.962083
10.0032 SecondCar 3.7 0.025 15.92929 0 180 0 0 1 0 -4.371139E-08 0 2
10.0032 FirstCar -6.985551 0.025 2.97 0 90 0 0 0.7071068 0 0.7071068 0 2
10.0049 Head -0.6626843 1.6 0.1721521 10.875 330.2249 0 0.09157901 -0.255767 0.02434601 0.962083
10.0049 SecondCar 3.7 0.025 15.92929 0 180 0 0 1 0 -4.371139E-08 0 2
10.0049 FirstCar -6.985551 0.025 2.97 0 90 0 0 0.7071068 0 0.7071068 0 2
10.0068 Head -0.6626843 1.6 0.1721521 10.875 330.2249 0 0.09157901 -0.255767 0.02434601 0.962083
10.0068 SecondCar 3.7 0.025 15.92929 0 180 0 0 1 0 -4.371139E-08 0 2
10.0068 FirstCar -6.985551 0.025 2.97 0 90 0 0 0.7071068 0 0.7071068 0 2
10.0085 Head -0.6626843 1.6 0.1721521 10.875 330.2249 0 0.09157901 -0.255767 0.02434601 0.962083
10.0085 SecondCar 3.7 0.025 15.92929 0 180 0 0 1 0 -4.371139E-08 0 2
10.0085 FirstCar -6.985551 0.025 2.97 0 90 0 0 0.7071068 0 0.7071068 0 2
10.0105 Head -0.6626843 1.6 0.1721521 10.875 330.2249 0 0.09157901 -0.255767 0.02434601 0.962083
10.0105 SecondCar 3.7 0.025 15.92929 0 180 0 0 1 0 -4.371139E-08 0 2
10.0105 FirstCar -6.985551 0.025 2.97 0 90 0 0 0.7071068 0 0.7071068 0 2
10.0123 Head -0.6626843 1.6 0.1721521 10.875 330.2249 0 0.09157901 -0.255767 0.02434601 0.962083
10.0123 SecondCar 3.7 0.025 15.92929 0 180 0 0 1 0 -4.371139E-08 0 2
10.0123 FirstCar -6.985551 0.025 2.97 0 90 0 0 0.7071068 0 0.7071068 0 2
10.0142 Head -0.6626843 1.6 0.1721521 10.875 330.2249 0 0.09157901 -0.255767 0.02434601 0.962083
10.0142 SecondCar 3.7 0.025 15.92929 0 180 0 0 1 0 -4.371139E-08 0 2
10.0142 FirstCar -6.985551 0.025 2.97 0 90 0 0 0.7071068 0 0.7071068 0 2
10.0163 Head -0.6626843 1.6 0.1721521 10.875 330.2249 0 0.09157901 -0.255767 0.02434601 0.962083
10.0163 SecondCar 3.7 0.025 15.92929 0 180 0 0 1 0 -4.371139E-08 0 2
10.0163 FirstCar -6.985551 0.025 2.97 0 90 0 0 0.7071068 0 0.7071068 0 2
10.0183 Head -0.6626843 1.6 0.1721521 10.875 330.2249 0 0.09157901 -0.255767 0.02434601 0.962083
10.0183 SecondCar 3.7 0.025 15.92929 0 180 0 0 1 0 -4.371139E-08 0 2
10.0183 FirstCar -6.985551 0.025 2.97 0 90 0 0 0.7071068 0 0.7071068 0 2
10.0202 Head -0.6626843 1.6 0.1721521 10.875 330.2249 0 0.09157901 -0.255767 0.02434601 0.962083
10.0202 SecondCar 3.7 0.025 15.92929 0 180 0 0 1 0 -4.371139E-08 0 2
10.0202 FirstCar -6.985551 0.025 2.97 0 90 0 0 0.7071068 0 0.7071068 0 2
10.0222 Head -0.6626843 1.6 0.1721521 10.875 330.2249 0 0.09157901 -0.255767 0.02434601 0.962083
10.0222 SecondCar 3.7 0.025 15.92929 0 180 0 0 1 0 -4.371139E-08 0 2
10.0222 FirstCar -6.985551 0.025 2.97 0 90 0 0 0.7071068 0 0.7071068 0 2
10.0242 Head -0.6626843 1.6 0.1721521 10.875 330.2249 0 0.09157901 -0.255767 0.02434601 0.962083
10.0242 SecondCar 3.7 0.025 15.92929 0 180 0 0 1 0 -4.371139E-08 0 2
10.0242 FirstCar -6.985551 0.025 2.97 0 90 0 0 0.7071068 0 0.7071068 0 2
10.0261 Head -0.6626843 1.6 0.1721521 10.875 330.2249 0 0.09157901 -0.255767 0.02434601 0.962083
10.0261 SecondCar 3.7 0.025 15.92929 0 180 0 0 1 0 -4.371139E-08 0 2
10.0261 FirstCar -6.985551 0.025 2.97 0 90 0 0 0.7071068 0 0.7071068 0 2
10.0280 Head -0.6626843 1.6 0.1721521 10.875 330.2249 0 0.09157901 -0.255767 0.02434601 0.962083
10.0280 SecondCar 3.7 0.025 15.92929 0 180 0 0 1 0 -4.371139E-08 0 2
10.0280 FirstCar -6.985551 0.025 2.97 0 90 0 0 0.7071068 0 0.7071068 0 2
10.0302 Head -0.6626843 1.6 0.1721521 10.875 330.2249 0 0.09157901 -0.255767 0.02434601 0.962083
10.0302 SecondCar 3.7 0.025 15.92929 0 180 0 0 1 0 -4.371139E-08 0 2
10.0302 FirstCar -6.985551 0.025 2.97 0 90 0 0 0.7071068 0 0.7071068 0 2
10.0322 Head -0.6626843 1.6 0.1721521 10.875 330.2249 0 0.09157901 -0.255767 0.02434601 0.962083
10.0322 SecondCar 3.7 0.025 15.92929 0 180 0 0 1 0 -4.371139E-08 0 2
10.0322 FirstCar -6.985551 0.025 2.97 0 90 0 0 0.7071068 0 0.7071068 0 2
10.0340 Head -0.6626843 1.6 0.1721521 10.875 330.2249 0 0.09157901 -0.255767 0.02434601 0.962083
10.0340 SecondCar 3.7 0.025 15.92929 0 180 0 0 1 0 -4.371139E-08 0 2
10.0340 FirstCar -6.985551 0.025 2.97 0 90 0 0 0.7071068 0 0.7071068 0 2
10.0360 Head -0.6626843 1.6 0.1721521 10.875 330.2249 0 0.09157901 -0.255767 0.02434601 0.962083
10.0360 SecondCar 3.7 0.025 15.92929 0 180 0 0 1 0 -4.371139E-08 0 2
10.0360 FirstCar -6.985551 0.025 2.97 0 90 0 0 0.7071068 0 0.7071068 0 2
10.0380 Head -0.6626843 1.6 0.1721521 10.875 330.2249 0 0.09157901 -0.255767 0.02434601 0.962083
10.0380 SecondCar 3.7 0.025 15.92929 0 180 0 0 1 0 -4.371139E-08 0 2
10.0380 FirstCar -6.985551 0.025 2.97 0 90 0 0 0.7071068 0 0.7071068 0 2
10.0400 Head -0.6626843 1.6 0.1721521 10.875 330.2249 0 0.09157901 -0.255767 0.02434601 0.962083
10.0400 SecondCar 3.7 0.025 15.92929 0 180 0 0 1 0 -4.371139E-08 0 2
10.0400 FirstCar -6.985551 0.025 2.97 0 90 0 0 0.7071068 0 0.7071068 0 2
10.0420 Head -0.6626843 1.6 0.1721521 10.875 330.2249 0 0.09157901 -0.255767 0.02434601 0.962083
10.0420 SecondCar 3.7 0.025 15.92929 0 180 0 0 1 0 -4.371139E-08 0 2
10.0420 FirstCar -6.985551 0.025 2.97 0 90 0 0 0.7071068 0 0.7071068 0 2
10.0438 Head -0.6626843 1.6 0.1721521 10.875 330.2249 0 0.09157901 -0.255767 0.02434601 0.962083
10.0438 SecondCar 3.7 0.025 15.92929 0 180 0 0 1 0 -4.371139E-08 0 2
10.0438 FirstCar -6.985551 0.025 2.97 0 90 0 0 0.7071068 0 0.7071068 0 2
10.0458 Head -0.6626843 1.6 0.1721521 10.875 330.2249 0 0.09157901 -0.255767 0.02434601 0.962083
10.0458 SecondCar 3.7 0.025 15.92929 0 180 0 0 1 0 -4.371139E-08 0 2
10.0458 FirstCar -6.985551 0.025 2.97 0 90 0 0 0.7071068 0 0.7071068 0 2
10.0480 Head -0.6626843 1.6 0.1721521 10.875 330.2249 0 0.09157901 -0.255767 0.02434601 0.962083
10.0480 SecondCar 3.7 0.025 15.92929 0 180 0 0 1 0 -4.371139E-08 0 2
10.0480 FirstCar -6.985551 0.025 2.97 0 90 0 0 0.7071068 0 0.7071068 0 2
10.0502 Head -0.6626843 1.6 0.1721521 10.875 330.2249 0 0.09157901 -0.255767 0.02434601 0.962083
10.0502 SecondCar 3.7 0.025 15.92929 0 180 0 0 1 0 -4.371139E-08 0 2
10.0502 FirstCar -6.985551 0.025 2.97 0 90 0 0 0.7071068 0 0.7071068 0 2
10.0521 Head -0.6626843 1.6 0.1721521 10.875 330.2249 0 0.09157901 -0.255767 0.02434601 0.962083
10.0521 SecondCar 3.7 0.025 15.92929 0 180 0 0 1 0 -4.371139E-08 0 2
10.0521 FirstCar -6.985551 0.025 2.97 0 90 0 0 0.7071068 0 0.7071068 0 2
10.0541 Head -0.6626843 1.6 0.1721521 10.875 330.2249 0 0.09157901 -0.255767 0.02434601 0.962083
10.0541 SecondCar 3.7 0.025 15.92929 0 180 0 0 1 0 -4.371139E-08 0 2
10.0541 FirstCar -6.985551 0.025 2.97 0 90 0 0 0.7071068 0 0.7071068 0 2
10.0561 Head -0.6626843 1.6 0.1721521 10.875 330.2249 0 0.09157901 -0.255767 0.02434601 0.962083
10.0561 SecondCar 3.7 0.025 15.92929 0 180 0 0 1 0 -4.371139E-08 0 2
10.0561 FirstCar -6.985551 0.025 2.97 0 90 0 0 0.7071068 0 0.7071068 0 2
10.0581 Head -0.6626843 1.6 0.1721521 10.875 330.2249 0 0.09157901 -0.255767 0.02434601 0.962083
10.0581 SecondCar 3.7 0.025 15.92929 0 180 0 0 1 0 -4.371139E-08 0 2
10.0581 FirstCar -6.985551 0.025 2.97 0 90 0 0 0.7071068 0 0.7071068 0 2
10.0599 Head -0.6626843 1.6 0.1721521 10.875 330.2249 0 0.09157901 -0.255767 0.02434601 0.962083
10.0599 SecondCar 3.7 0.025 15.92929 0 180 0 0 1 0 -4.371139E-08 0 2
10.0599 FirstCar -6.985551 0.025 2.97 0 90 0 0 0.7071068 0 0.7071068 0 2
10.0617 Head -0.6626843 1.6 0.1721521 10.875 330.2249 0 0.09157901 -0.255767 0.02434601 0.962083
10.0617 SecondCar 3.7 0.025 15.92929 0 180 0 0 1 0 -4.371139E-08 0 2
10.0617 FirstCar -6.985551 0.025 2.97 0 90 0 0 0.7071068 0 0.7071068 0 2
10.0635 Head -0.6626843 1.6 0.1721521 10.875 330.2249 0 0.09157901 -0.255767 0.02434601 0.962083
10.0635 SecondCar 3.7 0.025 15.92929 0 180 0 0 1 0 -4.371139E-08 0 2
10.0635 FirstCar -6.985551 0.025 2.97 0 90 0 0 0.7071068 0 0.7071068 0 2
10.0653 Head -0.6626843 1.6 0.1721521 10.875 330.2249 0 0.09157901 -0.255767 0.02434601 0.962083
10.0653 SecondCar 3.7 0.025 15.92929 0 180 0 0 1 0 -4.371139E-08 0 2
10.0653 FirstCar -6.985551 0.025 2.97 0 90 0 0 0.7071068 0 0.7071068 0 2
10.0670 Head -0.6626843 1.6 0.1721521 10.875 330.2249 0 0.09157901 -0.255767 0.02434601 0.962083
10.0670 SecondCar 3.7 0.025 15.92929 0 180 0 0 1 0 -4.371139E-08 0 2
10.0670 FirstCar -6.985551 0.025 2.97 0 90 0 0 0.7071068 0 0.7071068 0 2
10.0688 Head -0.6626843 1.6 0.1721521 10.875 330.2249 0 0.09157901 -0.255767 0.02434601 0.962083
10.0688 SecondCar 3.7 0.025 15.92929 0 180 0 0 1 0 -4.371139E-08 0 2
10.0688 FirstCar -6.985551 0.025 2.97 0 90 0 0 0.7071068 0 0.7071068 0 2
10.0709 Head -0.6626843 1.6 0.1721521 10.875 330.2249 0 0.09157901 -0.255767 0.02434601 0.962083
10.0709 SecondCar 3.7 0.025 15.92929 0 180 0 0 1 0 -4.371139E-08 0 2
10.0709 FirstCar -6.985551 0.025 2.97 0 90 0 0 0.7071068 0 0.7071068 0 2
10.0727 Head -0.6626843 1.6 0.1721521 10.875 330.2249 0 0.09157901 -0.255767 0.02434601 0.962083
10.0727 SecondCar 3.7 0.025 15.92929 0 180 0 0 1 0 -4.371139E-08 0 2
10.0727 FirstCar -6.985551 0.025 2.97 0 90 0 0 0.7071068 0 0.7071068 0 2
10.0745 Head -0.6626843 1.6 0.1721521 10.875 330.2249 0 0.09157901 -0.255767 0.02434601 0.962083
10.0745 SecondCar 3.7 0.025 15.92929 0 180 0 0 1 0 -4.371139E-08 0 2
10.0745 FirstCar -6.985551 0.025 2.97 0 90 0 0 0.7071068 0 0.7071068 0 2
10.0763 Head -0.6626843 1.6 0.1721521 10.875 330.2249 0 0.09157901 -0.255767 0.02434601 0.962083
10.0763 SecondCar 3.7 0.025 15.92929 0 180 0 0 1 0 -4.371139E-08 0 2
10.0763 FirstCar -6.985551 0.025 2.97 0 90 0 0 0.7071068 0 0.7071068 0 2
10.0781 Head -0.6626843 1.6 0.1721521 10.875 330.2249 0 0.09157901 -0.255767 0.02434601 0.962083
10.0781 SecondCar 3.7 0.025 15.92929 0 180 0 0 1 0 -4.371139E-08 0 2
10.0781 FirstCar -6.985551 0.025 2.97 0 90 0 0 0.7071068 0 0.7071068 0 2
10.0798 Head -0.6626843 1.6 0.1721521 10.875 330.2249 0 0.09157901 -0.255767 0.02434601 0.962083
10.0798 SecondCar 3.7 0.025 15.92929 0 180 0 0 1 0 -4.371139E-08 0 2
10.0798 FirstCar -6.985551 0.025 2.97 0 90 0 0 0.7071068 0 0.7071068 0 2
10.0815 Head -0.6626843 1.6 0.1721521 10.875 330.2249 0 0.09157901 -0.255767 0.02434601 0.962083
10.0815 SecondCar 3.7 0.025 15.92929 0 180 0 0 1 0 -4.371139E-08 0 2
10.0815 FirstCar -6.985551 0.025 2.97 0 90 0 0 0.7071068 0 0.7071068 0 2
10.0834 Head -0.6626843 1.6 0.1721521 10.875 330.2249 0 0.09157901 -0.255767 0.02434601 0.962083
10.0834 SecondCar 3.7 0.025 15.92929 0 180 0 0 1 0 -4.371139E-08 0 2
10.0834 FirstCar -6.985551 0.025 2.97 0 90 0 0 0.7071068 0 0.7071068 0 2
10.0854 Head -0.6626843 1.6 0.1721521 10.875 330.2249 0 0.09157901 -0.255767 0.02434601 0.962083
10.0854 SecondCar 3.7 0.025 15.92929 0 180 0 0 1 0 -4.371139E-08 0 2
10.0854 FirstCar -6.985551 0.025 2.97 0 90 0 0 0.7071068 0 0.7071068 0 2
10.0874 Head -0.6626843 1.6 0.1721521 10.875 330.2249 0 0.09157901 -0.255767 0.02434601 0.962083
10.0874 SecondCar 3.7 0.025 15.92929 0 180 0 0 1 0 -4.371139E-08 0 2
10.0874 FirstCar -6.985551 0.025 2.97 0 90 0 0 0.7071068 0 0.7071068 0 2
10.0893 Head -0.6626843 1.6 0.1721521 10.875 330.2249 0 0.09157901 -0.255767 0.02434601 0.962083
10.0893 SecondCar 3.7 0.025 15.92929 0 180 0 0 1 0 -4.371139E-08 0 2
10.0893 FirstCar -6.985551 0.025 2.97 0 90 0 0 0.7071068 0 0.7071068 0 2
10.0911 Head -0.6626843 1.6 0.1721521 10.875 330.2249 0 0.09157901 -0.255767 0.02434601 0.962083
10.0911 SecondCar 3.7 0.025 15.92929 0 180 0 0 1 0 -4.371139E-08 0 2
10.0911 FirstCar -6.985551 0.025 2.97 0 90 0 0 0.7071068 0 0.7071068 0 2
10.0929 Head -0.6626843 1.6 0.1721521 10.875 330.2249 0 0.09157901 -0.255767 0.02434601 0.962083
10.0929 SecondCar 3.7 0.025 15.92929 0 180 0 0 1 0 -4.371139E-08 0 2
10.0929 FirstCar -6.985551 0.025 2.97 0 90 0 0 0.7071068 0 0.7071068 0 2
10.0947 Head -0.6626843 1.6 0.1721521 10.875 330.2249 0 0.09157901 -0.255767 0.02434601 0.962083
10.0947 SecondCar 3.7 0.025 15.92929 0 180 0 0 1 0 -4.371139E-08 0 2
10.0947 FirstCar -6.985551 0.025 2.97 0 90 0 0 0.7071068 0 0.7071068 0 2
10.0967 Head -0.6626843 1.6 0.1721521 10.875 330.2249 0 0.09157901 -0.255767 0.02434601 0.962083
10.0967 SecondCar 3.7 0.025 15.92929 0 180 0 0 1 0 -4.371139E-08 0 2
10.0967 FirstCar -6.985551 0.025 2.97 0 90 0 0 0.7071068 0 0.7071068 0 2
10.0987 Head -0.6626843 1.6 0.1721521 10.875 330.2249 0 0.09157901 -0.255767 0.02434601 0.962083
10.0987 SecondCar 3.7 0.025 15.92929 0 180 0 0 1 0 -4.371139E-08 0 2
10.0987 FirstCar -6.985551 0.025 2.97 0 90 0 0 0.7071068 0 0.7071068 0 2
10.1006 Head -0.6626843 1.6 0.1721521 10.875 330.2249 0 0.09157901 -0.255767 0.02434601 0.962083
10.1006 SecondCar 3.7 0.025 15.92929 0 180 0 0 1 0 -4.371139E-08 0 2
10.1006 FirstCar -6.985551 0.025 2.97 0 90 0 0 0.7071068 0 0.7071068 0 2
10.1025 Head -0.6626843 1.6 0.1721521 10.875 330.2249 0 0.09157901 -0.255767 0.02434601 0.962083
10.1025 SecondCar 3.7 0.025 15.92929 0 180 0 0 1 0 -4.371139E-08 0 2
10.1025 FirstCar -6.985551 0.025 2.97 0 90 0 0 0.7071068 0 0.7071068 0 2
10.1046 Head -0.6626843 1.6 0.1721521 10.875 330.2249 0 0.09157901 -0.255767 0.02434601 0.962083
10.1046 SecondCar 3.7 0.025 15.92929 0 180 0 0 1 0 -4.371139E-08 0 2
10.1046 FirstCar -6.985551 0.025 2.97 0 90 0 0 0.7071068 0 0.7071068 0 2
10.1066 Head -0.6626843 1.6 0.1721521 10.875 330.2249 0 0.09157901 -0.255767 0.02434601 0.962083
10.1066 SecondCar 3.7 0.025 15.92929 0 180 0 0 1 0 -4.371139E-08 0 2
10.1066 FirstCar -6.985551 0.025 2.97 0 90 0 0 0.7071068 0 0.7071068 0 2
10.1087 Head -0.6626843 1.6 0.1721521 10.875 330.2249 0 0.09157901 -0.255767 0.02434601 0.962083
10.1087 SecondCar 3.7 0.025 15.92929 0 180 0 0 1 0 -4.371139E-08 0 2
10.1087 FirstCar -6.985551 0.025 2.97 0 90 0 0 0.7071068 0 0.7071068 0 2
10.1109 Head -0.6626843 1.6 0.1721521 10.875 330.2249 0 0.09157901 -0.255767 0.02434601 0.962083
10.1109 SecondCar 3.7 0.025 15.92929 0 180 0 0 1 0 -4.371139E-08 0 2
10.1109 FirstCar -6.985551 0.025 2.97 0 90 0 0 0.7071068 0 0.7071068 0 2
10.1128 Head -0.6626843 1.6 0.1721521 10.875 330.2249 0 0.09157901 -0.255767 0.02434601 0.962083
10.1128 SecondCar 3.7 0.025 15.92929 0 180 0 0 1 0 -4.371139E-08 0 2
10.1128 FirstCar -6.985551 0.025 2.97 0 90 0 0 0.7071068 0 0.7071068 0 2
10.1145 Head -0.6626843 1.6 0.1721521 10.875 330.2249 0 0.09157901 -0.255767 0.02434601 0.962083
10.1145 SecondCar 3.7 0.025 15.92929 0 180 0 0 1 0 -4.371139E-08 0 2
10.1145 FirstCar -6.985551 0.025 2.97 0 90 0 0 0.7071068 0 0.7071068 0 2
10.1166 Head -0.6626843 1.6 0.1721521 10.875 330.2249 0 0.09157901 -0.255767 0.02434601 0.962083
10.1166 SecondCar 3.7 0.025 15.92929 0 180 0 0 1 0 -4.371139E-08 0 2
10.1166 FirstCar -6.985551 0.025 2.97 0 90 0 0 0.7071068 0 0.7071068 0 2
10.1186 Head -0.6626843 1.6 0.1721521 10.875 330.2249 0 0.09157901 -0.255767 0.02434601 0.962083
10.1186 SecondCar 3.7 0.025 15.92929 0 180 0 0 1 0 -4.371139E-08 0 2
10.1186 FirstCar -6.985551 0.025 2.97 0 90 0 0 0.7071068 0 0.7071068 0 2
10.1204 Head -0.6626843 1.6 0.1721521 10.875 330.2249 0 0.09157901 -0.255767 0.02434601 0.962083
10.1204 SecondCar 3.7 0.025 15.92929 0 180 0 0 1 0 -4.371139E-08 0 2
10.1204 FirstCar -6.985551 0.025 2.97 0 90 0 0 0.7071068 0 0.7071068 0 2
10.1221 Head -0.6626843 1.6 0.1721521 10.875 330.2249 0 0.09157901 -0.255767 0.02434601 0.962083
10.1221 SecondCar 3.7 0.025 15.92929 0 180 0 0 1 0 -4.371139E-08 0 2
10.1221 FirstCar -6.985551 0.025 2.97 0 90 0 0 0.7071068 0 0.7071068 0 2
10.1239 Head -0.6626843 1.6 0.1721521 10.875 330.2249 0 0.09157901 -0.255767 0.02434601 0.962083
10.1239 SecondCar 3.7 0.025 15.92929 0 180 0 0 1 0 -4.371139E-08 0 2
10.1239 FirstCar -6.985551 0.025 2.97 0 90 0 0 0.7071068 0 0.7071068 0 2
10.1257 Head -0.6626843 1.6 0.1721521 10.875 330.2249 0 0.09157901 -0.255767 0.02434601 0.962083
10.1257 SecondCar 3.7 0.025 15.92929 0 180 0 0 1 0 -4.371139E-08 0 2
10.1257 FirstCar -6.985551 0.025 2.97 0 90 0 0 0.7071068 0 0.7071068 0 2
10.1275 Head -0.6626843 1.6 0.1721521 10.875 330.2249 0 0.09157901 -0.255767 0.02434601 0.962083
10.1275 SecondCar 3.7 0.025 15.92929 0 180 0 0 1 0 -4.371139E-08 0 2
10.1275 FirstCar -6.985551 0.025 2.97 0 90 0 0 0.7071068 0 0.7071068 0 2
10.1294 Head -0.6626843 1.6 0.1721521 10.875 330.2249 0 0.09157901 -0.255767 0.02434601 0.962083
10.1294 SecondCar 3.7 0.025 15.92929 0 180 0 0 1 0 -4.371139E-08 0 2
10.1294 FirstCar -6.985551 0.025 2.97 0 90 0 0 0.7071068 0 0.7071068 0 2
10.1311 Head -0.6626843 1.6 0.1721521 10.875 330.2249 0 0.09157901 -0.255767 0.02434601 0.962083
10.1311 SecondCar 3.7 0.025 15.92929 0 180 0 0 1 0 -4.371139E-08 0 2
10.1311 FirstCar -6.985551 0.025 2.97 0 90 0 0 0.7071068 0 0.7071068 0 2
10.1329 Head -0.6626843 1.6 0.1721521 10.875 330.2249 0 0.09157901 -0.255767 0.02434601 0.962083
10.1329 SecondCar 3.7 0.025 15.92929 0 180 0 0 1 0 -4.371139E-08 0 2
10.1329 FirstCar -6.985551 0.025 2.97 0 90 0 0 0.7071068 0 0.7071068 0 2
10.1346 Head -0.6626843 1.6 0.1721521 10.875 330.2249 0 0.09157901 -0.255767 0.02434601 0.962083
10.1346 SecondCar 3.7 0.025 15.92929 0 180 0 0 1 0 -4.371139E-08 0 2
10.1346 FirstCar -6.985551 0.025 2.97 0 90 0 0 0.7071068 0 0.7071068 0 2
10.1363 Head -0.6626843 1.6 0.1721521 10.875 330.2249 0 0.09157901 -0.255767 0.02434601 0.962083
10.1363 SecondCar 3.7 0.025 15.92929 0 180 0 0 1 0 -4.371139E-08 0 2
10.1363 FirstCar -6.985551 0.025 2.97 0 90 0 0 0.7071068 0 0.7071068 0 2
10.1380 Head -0.6626843 1.6 0.1721521 10.875 330.2249 0 0.09157901 -0.255767 0.02434601 0.962083
10.1380 SecondCar 3.7 0.025 15.92929 0 180 0 0 1 0 -4.371139E-08 0 2
10.1380 FirstCar -6.985551 0.025 2.97 0 90 0 0 0.7071068 0 0.7071068 0 2
10.1399 Head -0.6626843 1.6 0.1721521 10.875 330.2249 0 0.09157901 -0.255767 0.02434601 0.962083
10.1399 SecondCar 3.7 0.025 15.92929 0 180 0 0 1 0 -4.371139E-08 0 2
10.1399 FirstCar -6.985551 0.025 2.97 0 90 0 0 0.7071068 0 0.7071068 0 2
10.1417 Head -0.6626843 1.6 0.1721521 10.875 330.2249 0 0.09157901 -0.255767 0.02434601 0.962083
10.1417 SecondCar 3.7 0.025 15.92929 0 180 0 0 1 0 -4.371139E-08 0 2
10.1417 FirstCar -6.985551 0.025 2.97 0 90 0 0 0.7071068 0 0.7071068 0 2
10.1435 Head -0.6626843 1.6 0.1721521 10.875 330.2249 0 0.09157901 -0.255767 0.02434601 0.962083
10.1435 SecondCar 3.7 0.025 15.92929 0 180 0 0 1 0 -4.371139E-08 0 2
10.1435 FirstCar -6.985551 0.025 2.97 0 90 0 0 0.7071068 0 0.7071068 0 2
10.1453 Head -0.6626843 1.6 0.1721521 10.875 330.2249 0 0.09157901 -0.255767 0.02434601 0.962083
10.1453 SecondCar 3.7 0.025 15.92929 0 180 0 0 1 0 -4.371139E-08 0 2
10.1453 FirstCar -6.985551 0.025 2.97 0 90 0 0 0.7071068 0 0.7071068 0 2
10.1471 Head -0.6626843 1.6 0.1721521 10.875 330.2249 0 0.09157901 -0.255767 0.02434601 0.962083
10.1471 SecondCar 3.7 0.025 15.92929 0 180 0 0 1 0 -4.371139E-08 0 2
10.1471 FirstCar -6.985551 0.025 2.97 0 90 0 0 0.7071068 0 0.7071068 0 2
10.1490 Head -0.6626843 1.6 0.1721521 10.875 330.2249 0 0.09157901 -0.255767 0.02434601 0.962083
10.1490 SecondCar 3.7 0.025 15.92929 0 180 0 0 1 0 -4.371139E-08 0 2
10.1490 FirstCar -6.985551 0.025 2.97 0 90 0 0 0.7071068 0 0.7071068 0 2
10.1507 Head -0.6626843 1.6 0.1721521 10.875 330.2249 0 0.09157901 -0.255767 0.02434601 0.962083
10.1507 SecondCar 3.7 0.025 15.92929 0 180 0 0 1 0 -4.371139E-08 0 2
10.1507 FirstCar -6.985551 0.025 2.97 0 90 0 0 0.7071068 0 0.7071068 0 2
10.1524 Head -0.6626843 1.6 0.1721521 10.875 330.2249 0 0.09157901 -0.255767 0.02434601 0.962083
10.1524 SecondCar 3.7 0.025 15.92929 0 180 0 0 1 0 -4.371139E-08 0 2
10.1524 FirstCar -6.985551 0.025 2.97 0 90 0 0 0.7071068 0 0.7071068 0 2
10.1541 Head -0.6626843 1.6 0.1721521 10.875 330.2249 0 0.09157901 -0.255767 0.02434601 0.962083
10.1541 SecondCar 3.7 0.025 15.92929 0 180 0 0 1 0 -4.371139E-08 0 2
10.1541 FirstCar -6.985551 0.025 2.97 0 90 0 0 0.7071068 0 0.7071068 0 2
10.1560 Head -0.6626843 1.6 0.1721521 10.875 330.2249 0 0.09157901 -0.255767 0.02434601 0.962083
10.1560 SecondCar 3.7 0.025 15.92929 0 180 0 0 1 0 -4.371139E-08 0 2
10.1560 FirstCar -6.985551 0.025 2.97 0 90 0 0 0.7071068 0 0.7071068 0 2
10.1579 Head -0.6626843 1.6 0.1721521 10.875 330.2249 0 0.09157901 -0.255767 0.02434601 0.962083
10.1579 SecondCar 3.7 0.025 15.92929 0 180 0 0 1 0 -4.371139E-08 0 2
10.1579 FirstCar -6.985551 0.025 2.97 0 90 0 0 0.7071068 0 0.7071068 0 2
10.1597 Head -0.6626843 1.6 0.1721521 10.875 330.2249 0 0.09157901 -0.255767 0.02434601 0.962083
10.1597 SecondCar 3.7 0.025 15.92929 0 180 0 0 1 0 -4.371139E-08 0 2
10.1597 FirstCar -6.985551 0.025 2.97 0 90 0 0 0.7071068 0 0.7071068 0 2
10.1616 Head -0.6626843 1.6 0.1721521 10.875 330.2249 0 0.09157901 -0.255767 0.02434601 0.962083
10.1616 SecondCar 3.7 0.025 15.92929 0 180 0 0 1 0 -4.371139E-08 0 2
10.1616 FirstCar -6.985551 0.025 2.97 0 90 0 0 0.7071068 0 0.7071068 0 2
10.1636 Head -0.6626843 1.6 0.1721521 10.875 330.2249 0 0.09157901 -0.255767 0.02434601 0.962083
10.1636 SecondCar 3.7 0.025 15.92929 0 180 0 0 1 0 -4.371139E-08 0 2
10.1636 FirstCar -6.985551 0.025 2.97 0 90 0 0 0.7071068 0 0.7071068 0 2
10.1658 Head -0.6626843 1.6 0.1721521 10.875 330.2249 0 0.09157901 -0.255767 0.02434601 0.962083
10.1658 SecondCar 3.7 0.025 15.92929 0 180 0 0 1 0 -4.371139E-08 0 2
10.1658 FirstCar -6.985551 0.025 2.97 0 90 0 0 0.7071068 0 0.7071068 0 2
10.1680 Head -0.6626843 1.6 0.1721521 10.875 330.2249 0 0.09157901 -0.255767 0.02434601 0.962083
10.1680 SecondCar 3.7 0.025 15.92929 0 180 0 0 1 0 -4.371139E-08 0 2
10.1680 FirstCar -6.985551 0.025 2.97 0 90 0 0 0.7071068 0 0.7071068 0 2
10.1704 Head -0.6626843 1.6 0.1721521 10.875 330.2249 0 0.09157901 -0.255767 0.02434601 0.962083
10.1704 SecondCar 3.7 0.025 15.92929 0 180 0 0 1 0 -4.371139E-08 0 2
10.1704 FirstCar -6.985551 0.025 2.97 0 90 0 0 0.7071068 0 0.7071068 0 2
10.1726 Head -0.6626843 1.6 0.1721521 10.875 330.2249 0 0.09157901 -0.255767 0.02434601 0.962083
10.1726 SecondCar 3.7 0.025 15.92929 0 180 0 0 1 0 -4.371139E-08 0 2
10.1726 FirstCar -6.985551 0.025 2.97 0 90 0 0 0.7071068 0 0.7071068 0 2
10.1748 Head -0.6626843 1.6 0.1721521 10.875 330.2249 0 0.09157901 -0.255767 0.02434601 0.962083
10.1748 SecondCar 3.7 0.025 15.92929 0 180 0 0 1 0 -4.371139E-08 0 2
10.1748 FirstCar -6.985551 0.025 2.97 0 90 0 0 0.7071068 0 0.7071068 0 2
10.1768 Head -0.6626843 1.6 0.1721521 10.875 330.2249 0 0.09157901 -0.255767 0.02434601 0.962083
10.1768 SecondCar 3.7 0.025 15.92929 0 180 0 0 1 0 -4.371139E-08 0 2
10.1768 FirstCar -6.985551 0.025 2.97 0 90 0 0 0.7071068 0 0.7071068 0 2
10.1786 Head -0.6626843 1.6 0.1721521 10.875 330.2249 0 0.09157901 -0.255767 0.02434601 0.962083
10.1786 SecondCar 3.7 0.025 15.92929 0 180 0 0 1 0 -4.371139E-08 0 2
10.1786 FirstCar -6.985551 0.025 2.97 0 90 0 0 0.7071068 0 0.7071068 0 2
10.1803 Head -0.6626843 1.6 0.1721521 10.875 330.2249 0 0.09157901 -0.255767 0.02434601 0.962083
10.1803 SecondCar 3.7 0.025 15.92929 0 180 0 0 1 0 -4.371139E-08 0 2
10.1803 FirstCar -6.985551 0.025 2.97 0 90 0 0 0.7071068 0 0.7071068 0 2
10.1820 Head -0.6626843 1.6 0.1721521 10.875 330.2249 0 0.09157901 -0.255767 0.02434601 0.962083
10.1820 SecondCar 3.7 0.025 15.92929 0 180 0 0 1 0 -4.371139E-08 0 2
10.1820 FirstCar -6.985551 0.025 2.97 0 90 0 0 0.7071068 0 0.7071068 0 2
10.1837 Head -0.6626843 1.6 0.1721521 10.875 330.2249 0 0.09157901 -0.255767 0.02434601 0.962083
10.1837 SecondCar 3.7 0.025 15.92929 0 180 0 0 1 0 -4.371139E-08 0 2
10.1837 FirstCar -6.985551 0.025 2.97 0 90 0 0 0.7071068 0 0.7071068 0 2
10.1854 Head -0.6626843 1.6 0.1721521 10.875 330.2249 0 0.09157901 -0.255767 0.02434601 0.962083
10.1854 SecondCar 3.7 0.025 15.92929 0 180 0 0 1 0 -4.371139E-08 0 2
10.1854 FirstCar -6.985551 0.025 2.97 0 90 0 0 0.7071068 0 0.7071068 0 2
10.1872 Head -0.6626843 1.6 0.1721521 10.875 330.2249 0 0.09157901 -0.255767 0.02434601 0.962083
10.1872 SecondCar 3.7 0.025 15.92929 0 180 0 0 1 0 -4.371139E-08 0 2
10.1872 FirstCar -6.985551 0.025 2.97 0 90 0 0 0.7071068 0 0.7071068 0 2
10.1891 Head -0.6626843 1.6 0.1721521 10.875 330.2249 0 0.09157901 -0.255767 0.02434601 0.962083
10.1891 SecondCar 3.7 0.025 15.92929 0 180 0 0 1 0 -4.371139E-08 0 2
10.1891 FirstCar -6.985551 0.025 2.97 0 90 0 0 0.7071068 0 0.7071068 0 2
10.1908 Head -0.6626843 1.6 0.1721521 10.875 330.2249 0 0.09157901 -0.255767 0.02434601 0.962083
10.1908 SecondCar 3.7 0.025 15.92929 0 180 0 0 1 0 -4.371139E-08 0 2
10.1908 FirstCar -6.985551 0.025 2.97 0 90 0 0 0.7071068 0 0.7071068 0 2
10.1927 Head -0.6626843 1.6 0.1721521 10.875 330.2249 0 0.09157901 -0.255767 0.02434601 0.962083
10.1927 SecondCar 3.7 0.025 15.92929 0 180 0 0 1 0 -4.371139E-08 0 2
10.1927 FirstCar -6.985551 0.025 2.97 0 90 0 0 0.7071068 0 0.7071068 0 2
10.1949 Head -0.6626843 1.6 0.1721521 10.875 330.2249 0 0.09157901 -0.255767 0.02434601 0.962083
10.1949 SecondCar 3.7 0.025 15.92929 0 180 0 0 1 0 -4.371139E-08 0 2
10.1949 FirstCar -6.985551 0.025 2.97 0 90 0 0 0.7071068 0 0.7071068 0 2
10.1970 Head -0.6626843 1.6 0.1721521 10.875 330.2249 0 0.09157901 -0.255767 0.02434601 0.962083
10.1970 SecondCar 3.7 0.025 15.92929 0 180 0 0 1 0 -4.371139E-08 0 2
10.1970 FirstCar -6.985551 0.025 2.97 0 90 0 0 0.7071068 0 0.7071068 0 2
10.1991 Head -0.6626843 1.6 0.1721521 10.875 330.2249 0 0.09157901 -0.255767 0.02434601 0.962083
10.1991 SecondCar 3.7 0.025 15.92929 0 180 0 0 1 0 -4.371139E-08 0 2
10.1991 FirstCar -6.985551 0.025 2.97 0 90 0 0 0.7071068 0 0.7071068 0 2
10.2010 Head -0.6626843 1.6 0.1721521 10.875 330.2249 0 0.09157901 -0.255767 0.02434601 0.962083
10.2010 SecondCar 3.7 0.025 15.92929 0 180 0 0 1 0 -4.371139E-08 0 2
10.2010 FirstCar -6.985551 0.025 2.97 0 90 0 0 0.7071068 0 0.7071068 0 2
10.2027 Head -0.6626843 1.6 0.1721521 10.875 330.2249 0 0.09157901 -0.255767 0.02434601 0.962083
10.2027 SecondCar 3.7 0.025 15.92929 0 180 0 0 1 0 -4.371139E-08 0 2
10.2027 FirstCar -6.985551 0.025 2.97 0 90 0 0 0.7071068 0 0.7071068 0 2
10.2045 Head -0.6626843 1.6 0.1721521 10.875 330.2249 0 0.09157901 -0.255767 0.02434601 0.962083
10.2045 SecondCar 3.7 0.025 15.92929 0 180 0 0 1 0 -4.371139E-08 0 2
10.2045 FirstCar -6.985551 0.025 2.97 0 90 0 0 0.7071068 0 0.7071068 0 2
10.2064 Head -0.6626843 1.6 0.1721521 10.875 330.2249 0 0.09157901 -0.255767 0.02434601 0.962083
10.2064 SecondCar 3.7 0.025 15.92929 0 180 0 0 1 0 -4.371139E-08 0 2
10.2064 FirstCar -6.985551 0.025 2.97 0 90 0 0 0.7071068 0 0.7071068 0 2
10.2081 Head -0.6626843 1.6 0.1721521 10.875 330.2249 0 0.09157901 -0.255767 0.02434601 0.962083
10.2081 SecondCar 3.7 0.025 15.92929 0 180 0 0 1 0 -4.371139E-08 0 2
10.2081 FirstCar -6.985551 0.025 2.97 0 90 0 0 0.7071068 0 0.7071068 0 2
10.2101 Head -0.6626843 1.6 0.1721521 10.875 330.2249 0 0.09157901 -0.255767 0.02434601 0.962083
10.2101 SecondCar 3.7 0.025 15.92929 0 180 0 0 1 0 -4.371139E-08 0 2
10.2101 FirstCar -6.985551 0.025 2.97 0 90 0 0 0.7071068 0 0.7071068 0 2
10.2117 Head -0.6626843 1.6 0.1721521 10.875 330.2249 0 0.09157901 -0.255767 0.02434601 0.962083
10.2117 SecondCar 3.7 0.025 15.92929 0 180 0 0 1 0 -4.371139E-08 0 2
10.2117 FirstCar -6.985551 0.025 2.97 0 90 0 0 0.7071068 0 0.7071068 0 2
10.2134 Head -0.6626843 1.6 0.1721521 10.875 330.2249 0 0.09157901 -0.255767 0.02434601 0.962083
10.2134 SecondCar 3.7 0.025 15.92929 0 180 0 0 1 0 -4.371139E-08 0 2
10.2134 FirstCar -6.985551 0.025 2.97 0 90 0 0 0.7071068 0 0.7071068 0 2
10.2151 Head -0.6626843 1.6 0.1721521 10.875 330.2249 0 0.09157901 -0.255767 0.02434601 0.962083
10.2151 SecondCar 3.7 0.025 15.92929 0 180 0 0 1 0 -4.371139E-08 0 2
10.2151 FirstCar -6.985551 0.025 2.97 0 90 0 0 0.7071068 0 0.7071068 0 2
10.2168 Head -0.6626843 1.6 0.1721521 10.875 330.2249 0 0.09157901 -0.255767 0.02434601 0.962083
10.2168 SecondCar 3.7 0.025 15.92929 0 180 0 0 1 0 -4.371139E-08 0 2
10.2168 FirstCar -6.985551 0.025 2.97 0 90 0 0 0.7071068 0 0.7071068 0 2
10.2185 Head -0.6626843 1.6 0.1721521 10.875 330.2249 0 0.09157901 -0.255767 0.02434601 0.962083
10.2185 SecondCar 3.7 0.025 15.92929 0 180 0 0 1 0 -4.371139E-08 0 2
10.2185 FirstCar -6.985551 0.025 2.97 0 90 0 0 0.7071068 0 0.7071068 0 2
10.2206 Head -0.6626843 1.6 0.1721521 10.875 330.2249 0 0.09157901 -0.255767 0.02434601 0.962083
10.2206 SecondCar 3.7 0.025 15.92929 0 180 0 0 1 0 -4.371139E-08 0 2
10.2206 FirstCar -6.985551 0.025 2.97 0 90 0 0 0.7071068 0 0.7071068 0 2
10.2223 Head -0.6626843 1.6 0.1721521 10.875 330.2249 0 0.09157901 -0.255767 0.02434601 0.962083
10.2223 SecondCar 3.7 0.025 15.92929 0 180 0 0 1 0 -4.371139E-08 0 2
10.2223 FirstCar -6.985551 0.025 2.97 0 90 0 0 0.7071068 0 0.7071068 0 2
10.2241 Head -0.6626843 1.6 0.1721521 10.875 330.2249 0 0.09157901 -0.255767 0.02434601 0.962083
10.2241 SecondCar 3.7 0.025 15.92929 0 180 0 0 1 0 -4.371139E-08 0 2
10.2241 FirstCar -6.985551 0.025 2.97 0 90 0 0 0.7071068 0 0.7071068 0 2
10.2260 Head -0.6626843 1.6 0.1721521 10.875 330.2249 0 0.09157901 -0.255767 0.02434601 0.962083
10.2260 SecondCar 3.7 0.025 15.92929 0 180 0 0 1 0 -4.371139E-08 0 2
10.2260 FirstCar -6.985551 0.025 2.97 0 90 0 0 0.7071068 0 0.7071068 0 2
10.2280 Head -0.6626843 1.6 0.1721521 10.875 330.2249 0 0.09157901 -0.255767 0.02434601 0.962083
10.2280 SecondCar 3.7 0.025 15.92929 0 180 0 0 1 0 -4.371139E-08 0 2
10.2280 FirstCar -6.985551 0.025 2.97 0 90 0 0 0.7071068 0 0.7071068 0 2
10.2302 Head -0.6626843 1.6 0.1721521 10.875 330.2249 0 0.09157901 -0.255767 0.02434601 0.962083
10.2302 SecondCar 3.7 0.025 15.92929 0 180 0 0 1 0 -4.371139E-08 0 2
10.2302 FirstCar -6.985551 0.025 2.97 0 90 0 0 0.7071068 0 0.7071068 0 2
10.2326 Head -0.6626843 1.6 0.1721521 10.875 330.2249 0 0.09157901 -0.255767 0.02434601 0.962083
10.2326 SecondCar 3.7 0.025 15.92929 0 180 0 0 1 0 -4.371139E-08 0 2
10.2326 FirstCar -6.985551 0.025 2.97 0 90 0 0 0.7071068 0 0.7071068 0 2
10.2348 Head -0.6626843 1.6 0.1721521 10.875 330.2249 0 0.09157901 -0.255767 0.02434601 0.962083
10.2348 SecondCar 3.7 0.025 15.92929 0 180 0 0 1 0 -4.371139E-08 0 2
10.2348 FirstCar -6.985551 0.025 2.97 0 90 0 0 0.7071068 0 0.7071068 0 2
10.2369 Head -0.6626843 1.6 0.1721521 10.875 330.2249 0 0.09157901 -0.255767 0.02434601 0.962083
10.2369 SecondCar 3.7 0.025 15.92929 0 180 0 0 1 0 -4.371139E-08 0 2
10.2369 FirstCar -6.985551 0.025 2.97 0 90 0 0 0.7071068 0 0.7071068 0 2
10.2389 Head -0.6626843 1.6 0.1721521 10.875 330.2249 0 0.09157901 -0.255767 0.02434601 0.962083
10.2389 SecondCar 3.7 0.025 15.92929 0 180 0 0 1 0 -4.371139E-08 0 2
10.2389 FirstCar -6.985551 0.025 2.97 0 90 0 0 0.7071068 0 0.7071068 0 2
10.2409 Head -0.6626843 1.6 0.1721521 10.875 330.2249 0 0.09157901 -0.255767 0.02434601 0.962083
10.2409 SecondCar 3.7 0.025 15.92929 0 180 0 0 1 0 -4.371139E-08 0 2
10.2409 FirstCar -6.985551 0.025 2.97 0 90 0 0 0.7071068 0 0.7071068 0 2
10.2430 Head -0.6626843 1.6 0.1721521 10.875 330.2249 0 0.09157901 -0.255767 0.02434601 0.962083
10.2430 SecondCar 3.7 0.025 15.92929 0 180 0 0 1 0 -4.371139E-08 0 2
10.2430 FirstCar -6.985551 0.025 2.97 0 90 0 0 0.7071068 0 0.7071068 0 2
10.2449 Head -0.6626843 1.6 0.1721521 10.875 330.2249 0 0.09157901 -0.255767 0.02434601 0.962083
10.2449 SecondCar 3.7 0.025 15.92929 0 180 0 0 1 0 -4.371139E-08 0 2
10.2449 FirstCar -6.985551 0.025 2.97 0 90 0 0 0.7071068 0 0.7071068 0 2
10.2467 Head -0.6626843 1.6 0.1721521 10.875 330.2249 0 0.09157901 -0.255767 0.02434601 0.962083
10.2467 SecondCar 3.7 0.025 15.92929 0 180 0 0 1 0 -4.371139E-08 0 2
10.2467 FirstCar -6.985551 0.025 2.97 0 90 0 0 0.7071068 0 0.7071068 0 2
10.2484 Head -0.6626843 1.6 0.1721521 10.875 330.2249 0 0.09157901 -0.255767 0.02434601 0.962083
10.2484 SecondCar 3.7 0.025 15.92929 0 180 0 0 1 0 -4.371139E-08 0 2
10.2484 FirstCar -6.985551 0.025 2.97 0 90 0 0 0.7071068 0 0.7071068 0 2
10.2503 Head -0.6626843 1.6 0.1721521 10.875 330.2249 0 0.09157901 -0.255767 0.02434601 0.962083
10.2503 SecondCar 3.7 0.025 15.92929 0 180 0 0 1 0 -4.371139E-08 0 2
10.2503 FirstCar -6.985551 0.025 2.97 0 90 0 0 0.7071068 0 0.7071068 0 2
10.2521 Head -0.6626843 1.6 0.1721521 10.875 330.2249 0 0.09157901 -0.255767 0.02434601 0.962083
10.2521 SecondCar 3.7 0.025 15.92929 0 180 0 0 1 0 -4.371139E-08 0 2
10.2521 FirstCar -6.985551 0.025 2.97 0 90 0 0 0.7071068 0 0.7071068 0 2
10.2539 Head -0.6626843 1.6 0.1721521 10.875 330.2249 0 0.09157901 -0.255767 0.02434601 0.962083
10.2539 SecondCar 3.7 0.025 15.92929 0 180 0 0 1 0 -4.371139E-08 0 2
10.2539 FirstCar -6.985551 0.025 2.97 0 90 0 0 0.7071068 0 0.7071068 0 2
10.2556 Head -0.6626843 1.6 0.1721521 10.875 330.2249 0 0.09157901 -0.255767 0.02434601 0.962083
10.2556 SecondCar 3.7 0.025 15.92929 0 180 0 0 1 0 -4.371139E-08 0 2
10.2556 FirstCar -6.985551 0.025 2.97 0 90 0 0 0.7071068 0 0.7071068 0 2
10.2575 Head -0.6626843 1.6 0.1721521 10.875 330.2249 0 0.09157901 -0.255767 0.02434601 0.962083
10.2575 SecondCar 3.7 0.025 15.92929 0 180 0 0 1 0 -4.371139E-08 0 2
10.2575 FirstCar -6.985551 0.025 2.97 0 90 0 0 0.7071068 0 0.7071068 0 2
10.2594 Head -0.6626843 1.6 0.1721521 10.875 330.2249 0 0.09157901 -0.255767 0.02434601 0.962083
10.2594 SecondCar 3.7 0.025 15.92929 0 180 0 0 1 0 -4.371139E-08 0 2
10.2594 FirstCar -6.985551 0.025 2.97 0 90 0 0 0.7071068 0 0.7071068 0 2
10.2612 Head -0.6626843 1.6 0.1721521 10.875 330.2249 0 0.09157901 -0.255767 0.02434601 0.962083
10.2612 SecondCar 3.7 0.025 15.92929 0 180 0 0 1 0 -4.371139E-08 0 2
10.2612 FirstCar -6.985551 0.025 2.97 0 90 0 0 0.7071068 0 0.7071068 0 2
10.2632 Head -0.6626843 1.6 0.1721521 10.875 330.2249 0 0.09157901 -0.255767 0.02434601 0.962083
10.2632 SecondCar 3.7 0.025 15.92929 0 180 0 0 1 0 -4.371139E-08 0 2
10.2632 FirstCar -6.985551 0.025 2.97 0 90 0 0 0.7071068 0 0.7071068 0 2
10.2649 Head -0.6626843 1.6 0.1721521 10.875 330.2249 0 0.09157901 -0.255767 0.02434601 0.962083
10.2649 SecondCar 3.7 0.025 15.92929 0 180 0 0 1 0 -4.371139E-08 0 2
10.2649 FirstCar -6.985551 0.025 2.97 0 90 0 0 0.7071068 0 0.7071068 0 2
10.2668 Head -0.6626843 1.6 0.1721521 10.875 330.2249 0 0.09157901 -0.255767 0.02434601 0.962083
10.2668 SecondCar 3.7 0.025 15.92929 0 180 0 0 1 0 -4.371139E-08 0 2
10.2668 FirstCar -6.985551 0.025 2.97 0 90 0 0 0.7071068 0 0.7071068 0 2
10.2685 Head -0.6626843 1.6 0.1721521 10.875 330.2249 0 0.09157901 -0.255767 0.02434601 0.962083
10.2685 SecondCar 3.7 0.025 15.92929 0 180 0 0 1 0 -4.371139E-08 0 2
10.2685 FirstCar -6.985551 0.025 2.97 0 90 0 0 0.7071068 0 0.7071068 0 2
10.2704 Head -0.6626843 1.6 0.1721521 10.875 330.2249 0 0.09157901 -0.255767 0.02434601 0.962083
10.2704 SecondCar 3.7 0.025 15.92929 0 180 0 0 1 0 -4.371139E-08 0 2
10.2704 FirstCar -6.985551 0.025 2.97 0 90 0 0 0.7071068 0 0.7071068 0 2
10.2721 Head -0.6626843 1.6 0.1721521 10.875 330.2249 0 0.09157901 -0.255767 0.02434601 0.962083
10.2721 SecondCar 3.7 0.025 15.92929 0 180 0 0 1 0 -4.371139E-08 0 2
10.2721 FirstCar -6.985551 0.025 2.97 0 90 0 0 0.7071068 0 0.7071068 0 2
10.2739 Head -0.6626843 1.6 0.1721521 10.875 330.2249 0 0.09157901 -0.255767 0.02434601 0.962083
10.2739 SecondCar 3.7 0.025 15.92929 0 180 0 0 1 0 -4.371139E-08 0 2
10.2739 FirstCar -6.985551 0.025 2.97 0 90 0 0 0.7071068 0 0.7071068 0 2
10.2757 Head -0.6626843 1.6 0.1721521 10.875 330.2249 0 0.09157901 -0.255767 0.02434601 0.962083
10.2757 SecondCar 3.7 0.025 15.92929 0 180 0 0 1 0 -4.371139E-08 0 2
10.2757 FirstCar -6.985551 0.025 2.97 0 90 0 0 0.7071068 0 0.7071068 0 2
10.2774 Head -0.6626843 1.6 0.1721521 10.875 330.2249 0 0.09157901 -0.255767 0.02434601 0.962083
10.2774 SecondCar 3.7 0.025 15.92929 0 180 0 0 1 0 -4.371139E-08 0 2
10.2774 FirstCar -6.985551 0.025 2.97 0 90 0 0 0.7071068 0 0.7071068 0 2
10.2791 Head -0.6626843 1.6 0.1721521 10.875 330.2249 0 0.09157901 -0.255767 0.02434601 0.962083
10.2791 SecondCar 3.7 0.025 15.92929 0 180 0 0 1 0 -4.371139E-08 0 2
10.2791 FirstCar -6.985551 0.025 2.97 0 90 0 0 0.7071068 0 0.7071068 0 2
10.2808 Head -0.6626843 1.6 0.1721521 10.875 330.2249 0 0.09157901 -0.255767 0.02434601 0.962083
10.2808 SecondCar 3.7 0.025 15.92929 0 180 0 0 1 0 -4.371139E-08 0 2
10.2808 FirstCar -6.985551 0.025 2.97 0 90 0 0 0.7071068 0 0.7071068 0 2
10.2826 Head -0.6626843 1.6 0.1721521 10.875 330.2249 0 0.09157901 -0.255767 0.02434601 0.962083
10.2826 SecondCar 3.7 0.025 15.92929 0 180 0 0 1 0 -4.371139E-08 0 2
10.2826 FirstCar -6.985551 0.025 2.97 0 90 0 0 0.7071068 0 0.7071068 0 2
10.2846 Head -0.6626843 1.6 0.1721521 10.875 330.2249 0 0.09157901 -0.255767 0.02434601 0.962083
10.2846 SecondCar 3.7 0.025 15.92929 0 180 0 0 1 0 -4.371139E-08 0 2
10.2846 FirstCar -6.985551 0.025 2.97 0 90 0 0 0.7071068 0 0.7071068 0 2
10.2866 Head -0.6626843 1.6 0.1721521 10.875 330.2249 0 0.09157901 -0.255767 0.02434601 0.962083
10.2866 SecondCar 3.7 0.025 15.92929 0 180 0 0 1 0 -4.371139E-08 0 2
10.2866 FirstCar -6.985551 0.025 2.97 0 90 0 0 0.7071068 0 0.7071068 0 2
10.2885 Head -0.6626843 1.6 0.1721521 10.875 330.2249 0 0.09157901 -0.255767 0.02434601 0.962083
10.2885 SecondCar 3.7 0.025 15.92929 0 180 0 0 1 0 -4.371139E-08 0 2
10.2885 FirstCar -6.985551 0.025 2.97 0 90 0 0 0.7071068 0 0.7071068 0 2
10.2907 Head -0.6626843 1.6 0.1721521 10.875 330.2249 0 0.09157901 -0.255767 0.02434601 0.962083
10.2907 SecondCar 3.7 0.025 15.92929 0 180 0 0 1 0 -4.371139E-08 0 2
10.2907 FirstCar -6.985551 0.025 2.97 0 90 0 0 0.7071068 0 0.7071068 0 2
10.2927 Head -0.6626843 1.6 0.1721521 10.875 330.2249 0 0.09157901 -0.255767 0.02434601 0.962083
10.2927 SecondCar 3.7 0.025 15.92929 0 180 0 0 1 0 -4.371139E-08 0 2
10.2927 FirstCar -6.985551 0.025 2.97 0 90 0 0 0.7071068 0 0.7071068 0 2
10.2950 Head -0.6626843 1.6 0.1721521 10.875 330.2249 0 0.09157901 -0.255767 0.02434601 0.962083
10.2950 SecondCar 3.7 0.025 15.92929 0 180 0 0 1 0 -4.371139E-08 0 2
10.2950 FirstCar -6.985551 0.025 2.97 0 90 0 0 0.7071068 0 0.7071068 0 2
10.2972 Head -0.6626843 1.6 0.1721521 10.875 330.2249 0 0.09157901 -0.255767 0.02434601 0.962083
10.2972 SecondCar 3.7 0.025 15.92929 0 180 0 0 1 0 -4.371139E-08 0 2
10.2972 FirstCar -6.985551 0.025 2.97 0 90 0 0 0.7071068 0 0.7071068 0 2
10.2994 Head -0.6626843 1.6 0.1721521 10.875 330.2249 0 0.09157901 -0.255767 0.02434601 0.962083
10.2994 SecondCar 3.7 0.025 15.92929 0 180 0 0 1 0 -4.371139E-08 0 2
10.2994 FirstCar -6.985551 0.025 2.97 0 90 0 0 0.7071068 0 0.7071068 0 2
10.3013 Head -0.6626843 1.6 0.1721521 10.875 330.2249 0 0.09157901 -0.255767 0.02434601 0.962083
10.3013 SecondCar 3.7 0.025 15.92929 0 180 0 0 1 0 -4.371139E-08 0 2
10.3013 FirstCar -6.985551 0.025 2.97 0 90 0 0 0.7071068 0 0.7071068 0 2
10.3031 Head -0.6626843 1.6 0.1721521 10.875 330.2249 0 0.09157901 -0.255767 0.02434601 0.962083
10.3031 SecondCar 3.7 0.025 15.92929 0 180 0 0 1 0 -4.371139E-08 0 2
10.3031 FirstCar -6.985551 0.025 2.97 0 90 0 0 0.7071068 0 0.7071068 0 2
10.3052 Head -0.6626843 1.6 0.1721521 10.875 330.2249 0 0.09157901 -0.255767 0.02434601 0.962083
10.3052 SecondCar 3.7 0.025 15.92929 0 180 0 0 1 0 -4.371139E-08 0 2
10.3052 FirstCar -6.985551 0.025 2.97 0 90 0 0 0.7071068 0 0.7071068 0 2
10.3074 Head -0.6626843 1.6 0.1721521 10.875 330.2249 0 0.09157901 -0.255767 0.02434601 0.962083
10.3074 SecondCar 3.7 0.025 15.92929 0 180 0 0 1 0 -4.371139E-08 0 2
10.3074 FirstCar -6.985551 0.025 2.97 0 90 0 0 0.7071068 0 0.7071068 0 2
10.3096 Head -0.6626843 1.6 0.1721521 10.875 330.2249 0 0.09157901 -0.255767 0.02434601 0.962083
10.3096 SecondCar 3.7 0.025 15.92929 0 180 0 0 1 0 -4.371139E-08 0 2
10.3096 FirstCar -6.985551 0.025 2.97 0 90 0 0 0.7071068 0 0.7071068 0 2
10.3115 Head -0.6626843 1.6 0.1721521 10.875 330.2249 0 0.09157901 -0.255767 0.02434601 0.962083
10.3115 SecondCar 3.7 0.025 15.92929 0 180 0 0 1 0 -4.371139E-08 0 2
10.3115 FirstCar -6.985551 0.025 2.97 0 90 0 0 0.7071068 0 0.7071068 0 2
10.3133 Head -0.6626843 1.6 0.1721521 10.875 330.2249 0 0.09157901 -0.255767 0.02434601 0.962083
10.3133 SecondCar 3.7 0.025 15.92929 0 180 0 0 1 0 -4.371139E-08 0 2
10.3133 FirstCar -6.985551 0.025 2.97 0 90 0 0 0.7071068 0 0.7071068 0 2
10.3151 Head -0.6626843 1.6 0.1721521 10.875 330.2249 0 0.09157901 -0.255767 0.02434601 0.962083
10.3151 SecondCar 3.7 0.025 15.92929 0 180 0 0 1 0 -4.371139E-08 0 2
10.3151 FirstCar -6.985551 0.025 2.97 0 90 0 0 0.7071068 0 0.7071068 0 2
10.3169 Head -0.6626843 1.6 0.1721521 10.875 330.2249 0 0.09157901 -0.255767 0.02434601 0.962083
10.3169 SecondCar 3.7 0.025 15.92929 0 180 0 0 1 0 -4.371139E-08 0 2
10.3169 FirstCar -6.985551 0.025 2.97 0 90 0 0 0.7071068 0 0.7071068 0 2
10.3187 Head -0.6626843 1.6 0.1721521 10.875 330.2249 0 0.09157901 -0.255767 0.02434601 0.962083
10.3187 SecondCar 3.7 0.025 15.92929 0 180 0 0 1 0 -4.371139E-08 0 2
10.3187 FirstCar -6.985551 0.025 2.97 0 90 0 0 0.7071068 0 0.7071068 0 2
10.3204 Head -0.6626843 1.6 0.1721521 10.875 330.2249 0 0.09157901 -0.255767 0.02434601 0.962083
10.3204 SecondCar 3.7 0.025 15.92929 0 180 0 0 1 0 -4.371139E-08 0 2
10.3204 FirstCar -6.985551 0.025 2.97 0 90 0 0 0.7071068 0 0.7071068 0 2
10.3223 Head -0.6626843 1.6 0.1721521 10.875 330.2249 0 0.09157901 -0.255767 0.02434601 0.962083
10.3223 SecondCar 3.7 0.025 15.92929 0 180 0 0 1 0 -4.371139E-08 0 2
10.3223 FirstCar -6.985551 0.025 2.97 0 90 0 0 0.7071068 0 0.7071068 0 2
10.3244 Head -0.6626843 1.6 0.1721521 10.875 330.2249 0 0.09157901 -0.255767 0.02434601 0.962083
10.3244 SecondCar 3.7 0.025 15.92929 0 180 0 0 1 0 -4.371139E-08 0 2
10.3244 FirstCar -6.985551 0.025 2.97 0 90 0 0 0.7071068 0 0.7071068 0 2
10.3265 Head -0.6626843 1.6 0.1721521 10.875 330.2249 0 0.09157901 -0.255767 0.02434601 0.962083
10.3265 SecondCar 3.7 0.025 15.92929 0 180 0 0 1 0 -4.371139E-08 0 2
10.3265 FirstCar -6.985551 0.025 2.97 0 90 0 0 0.7071068 0 0.7071068 0 2
10.3284 Head -0.6626843 1.6 0.1721521 10.875 330.2249 0 0.09157901 -0.255767 0.02434601 0.962083
10.3284 SecondCar 3.7 0.025 15.92929 0 180 0 0 1 0 -4.371139E-08 0 2
10.3284 FirstCar -6.985551 0.025 2.97 0 90 0 0 0.7071068 0 0.7071068 0 2
10.3304 Head -0.6626843 1.6 0.1721521 10.875 330.2249 0 0.09157901 -0.255767 0.02434601 0.962083
10.3304 SecondCar 3.7 0.025 15.92929 0 180 0 0 1 0 -4.371139E-08 0 2
10.3304 FirstCar -6.985551 0.025 2.97 0 90 0 0 0.7071068 0 0.7071068 0 2
10.3322 Head -0.6626843 1.6 0.1721521 10.875 330.2249 0 0.09157901 -0.255767 0.02434601 0.962083
10.3322 SecondCar 3.7 0.025 15.92929 0 180 0 0 1 0 -4.371139E-08 0 2
10.3322 FirstCar -6.985551 0.025 2.97 0 90 0 0 0.7071068 0 0.7071068 0 2
10.3339 Head -0.6626843 1.6 0.1721521 10.875 330.2249 0 0.09157901 -0.255767 0.02434601 0.962083
10.3339 SecondCar 3.7 0.025 15.92929 0 180 0 0 1 0 -4.371139E-08 0 2
10.3339 FirstCar -6.985551 0.025 2.97 0 90 0 0 0.7071068 0 0.7071068 0 2
10.3356 Head -0.6626843 1.6 0.1721521 10.875 330.2249 0 0.09157901 -0.255767 0.02434601 0.962083
10.3356 SecondCar 3.7 0.025 15.92929 0 180 0 0 1 0 -4.371139E-08 0 2
10.3356 FirstCar -6.985551 0.025 2.97 0 90 0 0 0.7071068 0 0.7071068 0 2
10.3374 Head -0.6626843 1.6 0.1721521 10.875 330.2249 0 0.09157901 -0.255767 0.02434601 0.962083
10.3374 SecondCar 3.7 0.025 15.92929 0 180 0 0 1 0 -4.371139E-08 0 2
10.3374 FirstCar -6.985551 0.025 2.97 0 90 0 0 0.7071068 0 0.7071068 0 2
10.3391 Head -0.6626843 1.6 0.1721521 10.875 330.2249 0 0.09157901 -0.255767 0.02434601 0.962083
10.3391 SecondCar 3.7 0.025 15.92929 0 180 0 0 1 0 -4.371139E-08 0 2
10.3391 FirstCar -6.985551 0.025 2.97 0 90 0 0 0.7071068 0 0.7071068 0 2
10.3409 Head -0.6626843 1.6 0.1721521 10.875 330.2249 0 0.09157901 -0.255767 0.02434601 0.962083
10.3409 SecondCar 3.7 0.025 15.92929 0 180 0 0 1 0 -4.371139E-08 0 2
10.3409 FirstCar -6.985551 0.025 2.97 0 90 0 0 0.7071068 0 0.7071068 0 2
10.3426 Head -0.6626843 1.6 0.1721521 10.875 330.2249 0 0.09157901 -0.255767 0.02434601 0.962083
10.3426 SecondCar 3.7 0.025 15.92929 0 180 0 0 1 0 -4.371139E-08 0 2
10.3426 FirstCar -6.985551 0.025 2.97 0 90 0 0 0.7071068 0 0.7071068 0 2
10.3444 Head -0.6626843 1.6 0.1721521 10.875 330.2249 0 0.09157901 -0.255767 0.02434601 0.962083
10.3444 SecondCar 3.7 0.025 15.92929 0 180 0 0 1 0 -4.371139E-08 0 2
10.3444 FirstCar -6.985551 0.025 2.97 0 90 0 0 0.7071068 0 0.7071068 0 2
10.3468 Head -0.6626843 1.6 0.1721521 10.875 330.2249 0 0.09157901 -0.255767 0.02434601 0.962083
10.3468 SecondCar 3.7 0.025 15.92929 0 180 0 0 1 0 -4.371139E-08 0 2
10.3468 FirstCar -6.985551 0.025 2.97 0 90 0 0 0.7071068 0 0.7071068 0 2
10.3487 Head -0.6626843 1.6 0.1721521 10.875 330.2249 0 0.09157901 -0.255767 0.02434601 0.962083
10.3487 SecondCar 3.7 0.025 15.92929 0 180 0 0 1 0 -4.371139E-08 0 2
10.3487 FirstCar -6.985551 0.025 2.97 0 90 0 0 0.7071068 0 0.7071068 0 2
10.3507 Head -0.6626843 1.6 0.1721521 10.875 330.2249 0 0.09157901 -0.255767 0.02434601 0.962083
10.3507 SecondCar 3.7 0.025 15.92929 0 180 0 0 1 0 -4.371139E-08 0 2
10.3507 FirstCar -6.985551 0.025 2.97 0 90 0 0 0.7071068 0 0.7071068 0 2
10.3525 Head -0.6626843 1.6 0.1721521 10.875 330.2249 0 0.09157901 -0.255767 0.02434601 0.962083
10.3525 SecondCar 3.7 0.025 15.92929 0 180 0 0 1 0 -4.371139E-08 0 2
10.3525 FirstCar -6.985551 0.025 2.97 0 90 0 0 0.7071068 0 0.7071068 0 2
10.3543 Head -0.6626843 1.6 0.1721521 10.875 330.2249 0 0.09157901 -0.255767 0.02434601 0.962083
10.3543 SecondCar 3.7 0.025 15.92929 0 180 0 0 1 0 -4.371139E-08 0 2
10.3543 FirstCar -6.985551 0.025 2.97 0 90 0 0 0.7071068 0 0.7071068 0 2
10.3562 Head -0.6626843 1.6 0.1721521 10.875 330.2249 0 0.09157901 -0.255767 0.02434601 0.962083
10.3562 SecondCar 3.7 0.025 15.92929 0 180 0 0 1 0 -4.371139E-08 0 2
10.3562 FirstCar -6.985551 0.025 2.97 0 90 0 0 0.7071068 0 0.7071068 0 2
10.3583 Head -0.6626843 1.6 0.1721521 10.875 330.2249 0 0.09157901 -0.255767 0.02434601 0.962083
10.3583 SecondCar 3.7 0.025 15.92929 0 180 0 0 1 0 -4.371139E-08 0 2
10.3583 FirstCar -6.985551 0.025 2.97 0 90 0 0 0.7071068 0 0.7071068 0 2
10.3602 Head -0.6626843 1.6 0.1721521 10.875 330.2249 0 0.09157901 -0.255767 0.02434601 0.962083
10.3602 SecondCar 3.7 0.025 15.92929 0 180 0 0 1 0 -4.371139E-08 0 2
10.3602 FirstCar -6.985551 0.025 2.97 0 90 0 0 0.7071068 0 0.7071068 0 2
10.3622 Head -0.6626843 1.6 0.1721521 10.875 330.2249 0 0.09157901 -0.255767 0.02434601 0.962083
10.3622 SecondCar 3.7 0.025 15.92929 0 180 0 0 1 0 -4.371139E-08 0 2
10.3622 FirstCar -6.985551 0.025 2.97 0 90 0 0 0.7071068 0 0.7071068 0 2
10.3644 Head -0.6626843 1.6 0.1721521 10.875 330.2249 0 0.09157901 -0.255767 0.02434601 0.962083
10.3644 SecondCar 3.7 0.025 15.92929 0 180 0 0 1 0 -4.371139E-08 0 2
10.3644 FirstCar -6.985551 0.025 2.97 0 90 0 0 0.7071068 0 0.7071068 0 2
10.3664 Head -0.6626843 1.6 0.1721521 10.875 330.2249 0 0.09157901 -0.255767 0.02434601 0.962083
10.3664 SecondCar 3.7 0.025 15.92929 0 180 0 0 1 0 -4.371139E-08 0 2
10.3664 FirstCar -6.985551 0.025 2.97 0 90 0 0 0.7071068 0 0.7071068 0 2
10.3684 Head -0.6626843 1.6 0.1721521 10.875 330.2249 0 0.09157901 -0.255767 0.02434601 0.962083
10.3684 SecondCar 3.7 0.025 15.92929 0 180 0 0 1 0 -4.371139E-08 0 2
10.3684 FirstCar -6.985551 0.025 2.97 0 90 0 0 0.7071068 0 0.7071068 0 2
10.3707 Head -0.6626843 1.6 0.1721521 10.875 330.2249 0 0.09157901 -0.255767 0.02434601 0.962083
10.3707 SecondCar 3.7 0.025 15.92929 0 180 0 0 1 0 -4.371139E-08 0 2
10.3707 FirstCar -6.985551 0.025 2.97 0 90 0 0 0.7071068 0 0.7071068 0 2
10.3727 Head -0.6626843 1.6 0.1721521 10.875 330.2249 0 0.09157901 -0.255767 0.02434601 0.962083
10.3727 SecondCar 3.7 0.025 15.92929 0 180 0 0 1 0 -4.371139E-08 0 2
10.3727 FirstCar -6.985551 0.025 2.97 0 90 0 0 0.7071068 0 0.7071068 0 2
10.3749 Head -0.6626843 1.6 0.1721521 10.875 330.2249 0 0.09157901 -0.255767 0.02434601 0.962083
10.3749 SecondCar 3.7 0.025 15.92929 0 180 0 0 1 0 -4.371139E-08 0 2
10.3749 FirstCar -6.985551 0.025 2.97 0 90 0 0 0.7071068 0 0.7071068 0 2
10.3770 Head -0.6626843 1.6 0.1721521 10.875 330.2249 0 0.09157901 -0.255767 0.02434601 0.962083
10.3770 SecondCar 3.7 0.025 15.92929 0 180 0 0 1 0 -4.371139E-08 0 2
10.3770 FirstCar -6.985551 0.025 2.97 0 90 0 0 0.7071068 0 0.7071068 0 2
10.3790 Head -0.6626843 1.6 0.1721521 10.875 330.2249 0 0.09157901 -0.255767 0.02434601 0.962083
10.3790 SecondCar 3.7 0.025 15.92929 0 180 0 0 1 0 -4.371139E-08 0 2
10.3790 FirstCar -6.985551 0.025 2.97 0 90 0 0 0.7071068 0 0.7071068 0 2
10.3808 Head -0.6626843 1.6 0.1721521 10.875 330.2249 0 0.09157901 -0.255767 0.02434601 0.962083
10.3808 SecondCar 3.7 0.025 15.92929 0 180 0 0 1 0 -4.371139E-08 0 2
10.3808 FirstCar -6.985551 0.025 2.97 0 90 0 0 0.7071068 0 0.7071068 0 2
10.3825 Head -0.6626843 1.6 0.1721521 10.875 330.2249 0 0.09157901 -0.255767 0.02434601 0.962083
10.3825 SecondCar 3.7 0.025 15.92929 0 180 0 0 1 0 -4.371139E-08 0 2
10.3825 FirstCar -6.985551 0.025 2.97 0 90 0 0 0.7071068 0 0.7071068 0 2
10.3842 Head -0.6626843 1.6 0.1721521 10.875 330.2249 0 0.09157901 -0.255767 0.02434601 0.962083
10.3842 SecondCar 3.7 0.025 15.92929 0 180 0 0 1 0 -4.371139E-08 0 2
10.3842 FirstCar -6.985551 0.025 2.97 0 90 0 0 0.7071068 0 0.7071068 0 2
10.3861 Head -0.6626843 1.6 0.1721521 10.875 330.2249 0 0.09157901 -0.255767 0.02434601 0.962083
10.3861 SecondCar 3.7 0.025 15.92929 0 180 0 0 1 0 -4.371139E-08 0 2
10.3861 FirstCar -6.985551 0.025 2.97 0 90 0 0 0.7071068 0 0.7071068 0 2
10.3882 Head -0.6626843 1.6 0.1721521 10.875 330.2249 0 0.09157901 -0.255767 0.02434601 0.962083
10.3882 SecondCar 3.7 0.025 15.92929 0 180 0 0 1 0 -4.371139E-08 0 2
10.3882 FirstCar -6.985551 0.025 2.97 0 90 0 0 0.7071068 0 0.7071068 0 2
10.3905 Head -0.6626843 1.6 0.1721521 10.875 330.2249 0 0.09157901 -0.255767 0.02434601 0.962083
10.3905 SecondCar 3.7 0.025 15.92929 0 180 0 0 1 0 -4.371139E-08 0 2
10.3905 FirstCar -6.985551 0.025 2.97 0 90 0 0 0.7071068 0 0.7071068 0 2
10.3926 Head -0.6626843 1.6 0.1721521 10.875 330.2249 0 0.09157901 -0.255767 0.02434601 0.962083
10.3926 SecondCar 3.7 0.025 15.92929 0 180 0 0 1 0 -4.371139E-08 0 2
10.3926 FirstCar -6.985551 0.025 2.97 0 90 0 0 0.7071068 0 0.7071068 0 2
10.3945 Head -0.6626843 1.6 0.1721521 10.875 330.2249 0 0.09157901 -0.255767 0.02434601 0.962083
10.3945 SecondCar 3.7 0.025 15.92929 0 180 0 0 1 0 -4.371139E-08 0 2
10.3945 FirstCar -6.985551 0.025 2.97 0 90 0 0 0.7071068 0 0.7071068 0 2
10.3963 Head -0.6626843 1.6 0.1721521 10.875 330.2249 0 0.09157901 -0.255767 0.02434601 0.962083
10.3963 SecondCar 3.7 0.025 15.92929 0 180 0 0 1 0 -4.371139E-08 0 2
10.3963 FirstCar -6.985551 0.025 2.97 0 90 0 0 0.7071068 0 0.7071068 0 2
10.3980 Head -0.6626843 1.6 0.1721521 10.875 330.2249 0 0.09157901 -0.255767 0.02434601 0.962083
10.3980 SecondCar 3.7 0.025 15.92929 0 180 0 0 1 0 -4.371139E-08 0 2
10.3980 FirstCar -6.985551 0.025 2.97 0 90 0 0 0.7071068 0 0.7071068 0 2
10.3997 Head -0.6626843 1.6 0.1721521 10.875 330.2249 0 0.09157901 -0.255767 0.02434601 0.962083
10.3997 SecondCar 3.7 0.025 15.92929 0 180 0 0 1 0 -4.371139E-08 0 2
10.3997 FirstCar -6.985551 0.025 2.97 0 90 0 0 0.7071068 0 0.7071068 0 2
10.4014 Head -0.6626843 1.6 0.1721521 10.875 330.2249 0 0.09157901 -0.255767 0.02434601 0.962083
10.4014 SecondCar 3.7 0.025 15.92929 0 180 0 0 1 0 -4.371139E-08 0 2
10.4014 FirstCar -6.985551 0.025 2.97 0 90 0 0 0.7071068 0 0.7071068 0 2
10.4031 Head -0.6626843 1.6 0.1721521 10.875 330.2249 0 0.09157901 -0.255767 0.02434601 0.962083
10.4031 SecondCar 3.7 0.025 15.92929 0 180 0 0 1 0 -4.371139E-08 0 2
10.4031 FirstCar -6.985551 0.025 2.97 0 90 0 0 0.7071068 0 0.7071068 0 2
10.4048 Head -0.6626843 1.6 0.1721521 10.875 330.2249 0 0.09157901 -0.255767 0.02434601 0.962083
10.4048 SecondCar 3.7 0.025 15.92929 0 180 0 0 1 0 -4.371139E-08 0 2
10.4048 FirstCar -6.985551 0.025 2.97 0 90 0 0 0.7071068 0 0.7071068 0 2
10.4067 Head -0.6626843 1.6 0.1721521 10.875 330.2249 0 0.09157901 -0.255767 0.02434601 0.962083
10.4067 SecondCar 3.7 0.025 15.92929 0 180 0 0 1 0 -4.371139E-08 0 2
10.4067 FirstCar -6.985551 0.025 2.97 0 90 0 0 0.7071068 0 0.7071068 0 2
10.4085 Head -0.6626843 1.6 0.1721521 10.875 330.2249 0 0.09157901 -0.255767 0.02434601 0.962083
10.4085 SecondCar 3.7 0.025 15.92929 0 180 0 0 1 0 -4.371139E-08 0 2
10.4085 FirstCar -6.985551 0.025 2.97 0 90 0 0 0.7071068 0 0.7071068 0 2
10.4106 Head -0.6626843 1.6 0.1721521 10.875 330.2249 0 0.09157901 -0.255767 0.02434601 0.962083
10.4106 SecondCar 3.7 0.025 15.92929 0 180 0 0 1 0 -4.371139E-08 0 2
10.4106 FirstCar -6.985551 0.025 2.97 0 90 0 0 0.7071068 0 0.7071068 0 2
10.4125 Head -0.6626843 1.6 0.1721521 10.875 330.2249 0 0.09157901 -0.255767 0.02434601 0.962083
10.4125 SecondCar 3.7 0.025 15.92929 0 180 0 0 1 0 -4.371139E-08 0 2
10.4125 FirstCar -6.985551 0.025 2.97 0 90 0 0 0.7071068 0 0.7071068 0 2
10.4143 Head -0.6626843 1.6 0.1721521 10.875 330.2249 0 0.09157901 -0.255767 0.02434601 0.962083
10.4143 SecondCar 3.7 0.025 15.92929 0 180 0 0 1 0 -4.371139E-08 0 2
10.4143 FirstCar -6.985551 0.025 2.97 0 90 0 0 0.7071068 0 0.7071068 0 2
10.4161 Head -0.6626843 1.6 0.1721521 10.875 330.2249 0 0.09157901 -0.255767 0.02434601 0.962083
10.4161 SecondCar 3.7 0.025 15.92929 0 180 0 0 1 0 -4.371139E-08 0 2
10.4161 FirstCar -6.985551 0.025 2.97 0 90 0 0 0.7071068 0 0.7071068 0 2
10.4182 Head -0.6626843 1.6 0.1721521 10.875 330.2249 0 0.09157901 -0.255767 0.02434601 0.962083
10.4182 SecondCar 3.7 0.025 15.92929 0 180 0 0 1 0 -4.371139E-08 0 2
10.4182 FirstCar -6.985551 0.025 2.97 0 90 0 0 0.7071068 0 0.7071068 0 2
10.4203 Head -0.6626843 1.6 0.1721521 10.875 330.2249 0 0.09157901 -0.255767 0.02434601 0.962083
10.4203 SecondCar 3.7 0.025 15.92929 0 180 0 0 1 0 -4.371139E-08 0 2
10.4203 FirstCar -6.985551 0.025 2.97 0 90 0 0 0.7071068 0 0.7071068 0 2
10.4223 Head -0.6626843 1.6 0.1721521 10.875 330.2249 0 0.09157901 -0.255767 0.02434601 0.962083
10.4223 SecondCar 3.7 0.025 15.92929 0 180 0 0 1 0 -4.371139E-08 0 2
10.4223 FirstCar -6.985551 0.025 2.97 0 90 0 0 0.7071068 0 0.7071068 0 2
10.4244 Head -0.6626843 1.6 0.1721521 10.875 330.2249 0 0.09157901 -0.255767 0.02434601 0.962083
10.4244 SecondCar 3.7 0.025 15.92929 0 180 0 0 1 0 -4.371139E-08 0 2
10.4244 FirstCar -6.985551 0.025 2.97 0 90 0 0 0.7071068 0 0.7071068 0 2
10.4263 Head -0.6626843 1.6 0.1721521 10.875 330.2249 0 0.09157901 -0.255767 0.02434601 0.962083
10.4263 SecondCar 3.7 0.025 15.92929 0 180 0 0 1 0 -4.371139E-08 0 2
10.4263 FirstCar -6.985551 0.025 2.97 0 90 0 0 0.7071068 0 0.7071068 0 2
10.4282 Head -0.6626843 1.6 0.1721521 10.875 330.2249 0 0.09157901 -0.255767 0.02434601 0.962083
10.4282 SecondCar 3.7 0.025 15.92929 0 180 0 0 1 0 -4.371139E-08 0 2
10.4282 FirstCar -6.985551 0.025 2.97 0 90 0 0 0.7071068 0 0.7071068 0 2
10.4302 Head -0.6626843 1.6 0.1721521 10.875 330.2249 0 0.09157901 -0.255767 0.02434601 0.962083
10.4302 SecondCar 3.7 0.025 15.92929 0 180 0 0 1 0 -4.371139E-08 0 2
10.4302 FirstCar -6.985551 0.025 2.97 0 90 0 0 0.7071068 0 0.7071068 0 2
10.4321 Head -0.6626843 1.6 0.1721521 10.875 330.2249 0 0.09157901 -0.255767 0.02434601 0.962083
10.4321 SecondCar 3.7 0.025 15.92929 0 180 0 0 1 0 -4.371139E-08 0 2
10.4321 FirstCar -6.985551 0.025 2.97 0 90 0 0 0.7071068 0 0.7071068 0 2
10.4340 Head -0.6626843 1.6 0.1721521 10.875 330.2249 0 0.09157901 -0.255767 0.02434601 0.962083
10.4340 SecondCar 3.7 0.025 15.92929 0 180 0 0 1 0 -4.371139E-08 0 2
10.4340 FirstCar -6.985551 0.025 2.97 0 90 0 0 0.7071068 0 0.7071068 0 2
10.4360 Head -0.6626843 1.6 0.1721521 10.875 330.2249 0 0.09157901 -0.255767 0.02434601 0.962083
10.4360 SecondCar 3.7 0.025 15.92929 0 180 0 0 1 0 -4.371139E-08 0 2
10.4360 FirstCar -6.985551 0.025 2.97 0 90 0 0 0.7071068 0 0.7071068 0 2
10.4379 Head -0.6626843 1.6 0.1721521 10.875 330.2249 0 0.09157901 -0.255767 0.02434601 0.962083
10.4379 SecondCar 3.7 0.025 15.92929 0 180 0 0 1 0 -4.371139E-08 0 2
10.4379 FirstCar -6.985551 0.025 2.97 0 90 0 0 0.7071068 0 0.7071068 0 2
10.4399 Head -0.6626843 1.6 0.1721521 10.875 330.2249 0 0.09157901 -0.255767 0.02434601 0.962083
10.4399 SecondCar 3.7 0.025 15.92929 0 180 0 0 1 0 -4.371139E-08 0 2
10.4399 FirstCar -6.985551 0.025 2.97 0 90 0 0 0.7071068 0 0.7071068 0 2
10.4420 Head -0.6626843 1.6 0.1721521 10.875 330.2249 0 0.09157901 -0.255767 0.02434601 0.962083
10.4420 SecondCar 3.7 0.025 15.92929 0 180 0 0 1 0 -4.371139E-08 0 2
10.4420 FirstCar -6.985551 0.025 2.97 0 90 0 0 0.7071068 0 0.7071068 0 2
10.4440 Head -0.6626843 1.6 0.1721521 10.875 330.2249 0 0.09157901 -0.255767 0.02434601 0.962083
10.4440 SecondCar 3.7 0.025 15.92929 0 180 0 0 1 0 -4.371139E-08 0 2
10.4440 FirstCar -6.985551 0.025 2.97 0 90 0 0 0.7071068 0 0.7071068 0 2
10.4458 Head -0.6626843 1.6 0.1721521 10.875 330.2249 0 0.09157901 -0.255767 0.02434601 0.962083
10.4458 SecondCar 3.7 0.025 15.92929 0 180 0 0 1 0 -4.371139E-08 0 2
10.4458 FirstCar -6.985551 0.025 2.97 0 90 0 0 0.7071068 0 0.7071068 0 2
10.4475 Head -0.6626843 1.6 0.1721521 10.875 330.2249 0 0.09157901 -0.255767 0.02434601 0.962083
10.4475 SecondCar 3.7 0.025 15.92929 0 180 0 0 1 0 -4.371139E-08 0 2
10.4475 FirstCar -6.985551 0.025 2.97 0 90 0 0 0.7071068 0 0.7071068 0 2
10.4497 Head -0.6626843 1.6 0.1721521 10.875 330.2249 0 0.09157901 -0.255767 0.02434601 0.962083
10.4497 SecondCar 3.7 0.025 15.92929 0 180 0 0 1 0 -4.371139E-08 0 2
10.4497 FirstCar -6.985551 0.025 2.97 0 90 0 0 0.7071068 0 0.7071068 0 2
10.4517 Head -0.6626843 1.6 0.1721521 10.875 330.2249 0 0.09157901 -0.255767 0.02434601 0.962083
10.4517 SecondCar 3.7 0.025 15.92929 0 180 0 0 1 0 -4.371139E-08 0 2
10.4517 FirstCar -6.985551 0.025 2.97 0 90 0 0 0.7071068 0 0.7071068 0 2
10.4536 Head -0.6626843 1.6 0.1721521 10.875 330.2249 0 0.09157901 -0.255767 0.02434601 0.962083
10.4536 SecondCar 3.7 0.025 15.92929 0 180 0 0 1 0 -4.371139E-08 0 2
10.4536 FirstCar -6.985551 0.025 2.97 0 90 0 0 0.7071068 0 0.7071068 0 2
10.4556 Head -0.6626843 1.6 0.1721521 10.875 330.2249 0 0.09157901 -0.255767 0.02434601 0.962083
10.4556 SecondCar 3.7 0.025 15.92929 0 180 0 0 1 0 -4.371139E-08 0 2
10.4556 FirstCar -6.985551 0.025 2.97 0 90 0 0 0.7071068 0 0.7071068 0 2
10.4575 Head -0.6626843 1.6 0.1721521 10.875 330.2249 0 0.09157901 -0.255767 0.02434601 0.962083
10.4575 SecondCar 3.7 0.025 15.92929 0 180 0 0 1 0 -4.371139E-08 0 2
10.4575 FirstCar -6.985551 0.025 2.97 0 90 0 0 0.7071068 0 0.7071068 0 2
10.4593 Head -0.6626843 1.6 0.1721521 10.875 330.2249 0 0.09157901 -0.255767 0.02434601 0.962083
10.4593 SecondCar 3.7 0.025 15.92929 0 180 0 0 1 0 -4.371139E-08 0 2
10.4593 FirstCar -6.985551 0.025 2.97 0 90 0 0 0.7071068 0 0.7071068 0 2
10.4610 Head -0.6626843 1.6 0.1721521 10.875 330.2249 0 0.09157901 -0.255767 0.02434601 0.962083
10.4610 SecondCar 3.7 0.025 15.92929 0 180 0 0 1 0 -4.371139E-08 0 2
10.4610 FirstCar -6.985551 0.025 2.97 0 90 0 0 0.7071068 0 0.7071068 0 2
10.4627 Head -0.6626843 1.6 0.1721521 10.875 330.2249 0 0.09157901 -0.255767 0.02434601 0.962083
10.4627 SecondCar 3.7 0.025 15.92929 0 180 0 0 1 0 -4.371139E-08 0 2
10.4627 FirstCar -6.985551 0.025 2.97 0 90 0 0 0.7071068 0 0.7071068 0 2
10.4645 Head -0.6626843 1.6 0.1721521 10.875 330.2249 0 0.09157901 -0.255767 0.02434601 0.962083
10.4645 SecondCar 3.7 0.025 15.92929 0 180 0 0 1 0 -4.371139E-08 0 2
10.4645 FirstCar -6.985551 0.025 2.97 0 90 0 0 0.7071068 0 0.7071068 0 2
10.4662 Head -0.6626843 1.6 0.1721521 10.875 330.2249 0 0.09157901 -0.255767 0.02434601 0.962083
10.4662 SecondCar 3.7 0.025 15.92929 0 180 0 0 1 0 -4.371139E-08 0 2
10.4662 FirstCar -6.985551 0.025 2.97 0 90 0 0 0.7071068 0 0.7071068 0 2
10.4679 Head -0.6626843 1.6 0.1721521 10.875 330.2249 0 0.09157901 -0.255767 0.02434601 0.962083
10.4679 SecondCar 3.7 0.025 15.92929 0 180 0 0 1 0 -4.371139E-08 0 2
10.4679 FirstCar -6.985551 0.025 2.97 0 90 0 0 0.7071068 0 0.7071068 0 2
10.4700 Head -0.6626843 1.6 0.1721521 10.875 330.2249 0 0.09157901 -0.255767 0.02434601 0.962083
10.4700 SecondCar 3.7 0.025 15.92929 0 180 0 0 1 0 -4.371139E-08 0 2
10.4700 FirstCar -6.985551 0.025 2.97 0 90 0 0 0.7071068 0 0.7071068 0 2
10.4717 Head -0.6626843 1.6 0.1721521 10.875 330.2249 0 0.09157901 -0.255767 0.02434601 0.962083
10.4717 SecondCar 3.7 0.025 15.92929 0 180 0 0 1 0 -4.371139E-08 0 2
10.4717 FirstCar -6.985551 0.025 2.97 0 90 0 0 0.7071068 0 0.7071068 0 2
10.4735 Head -0.6626843 1.6 0.1721521 10.875 330.2249 0 0.09157901 -0.255767 0.02434601 0.962083
10.4735 SecondCar 3.7 0.025 15.92929 0 180 0 0 1 0 -4.371139E-08 0 2
10.4735 FirstCar -6.985551 0.025 2.97 0 90 0 0 0.7071068 0 0.7071068 0 2
10.4753 Head -0.6626843 1.6 0.1721521 10.875 330.2249 0 0.09157901 -0.255767 0.02434601 0.962083
10.4753 SecondCar 3.7 0.025 15.92929 0 180 0 0 1 0 -4.371139E-08 0 2
10.4753 FirstCar -6.985551 0.025 2.97 0 90 0 0 0.7071068 0 0.7071068 0 2
10.4771 Head -0.6626843 1.6 0.1721521 10.875 330.2249 0 0.09157901 -0.255767 0.02434601 0.962083
10.4771 SecondCar 3.7 0.025 15.92929 0 180 0 0 1 0 -4.371139E-08 0 2
10.4771 FirstCar -6.985551 0.025 2.97 0 90 0 0 0.7071068 0 0.7071068 0 2
10.4788 Head -0.6626843 1.6 0.1721521 10.875 330.2249 0 0.09157901 -0.255767 0.02434601 0.962083
10.4788 SecondCar 3.7 0.025 15.92929 0 180 0 0 1 0 -4.371139E-08 0 2
10.4788 FirstCar -6.985551 0.025 2.97 0 90 0 0 0.7071068 0 0.7071068 0 2
10.4805 Head -0.6626843 1.6 0.1721521 10.875 330.2249 0 0.09157901 -0.255767 0.02434601 0.962083
10.4805 SecondCar 3.7 0.025 15.92929 0 180 0 0 1 0 -4.371139E-08 0 2
10.4805 FirstCar -6.985551 0.025 2.97 0 90 0 0 0.7071068 0 0.7071068 0 2
10.4824 Head -0.6626843 1.6 0.1721521 10.875 330.2249 0 0.09157901 -0.255767 0.02434601 0.962083
10.4824 SecondCar 3.7 0.025 15.92929 0 180 0 0 1 0 -4.371139E-08 0 2
10.4824 FirstCar -6.985551 0.025 2.97 0 90 0 0 0.7071068 0 0.7071068 0 2
10.4843 Head -0.6626843 1.6 0.1721521 10.875 330.2249 0 0.09157901 -0.255767 0.02434601 0.962083
10.4843 SecondCar 3.7 0.025 15.92929 0 180 0 0 1 0 -4.371139E-08 0 2
10.4843 FirstCar -6.985551 0.025 2.97 0 90 0 0 0.7071068 0 0.7071068 0 2
10.4864 Head -0.6626843 1.6 0.1721521 10.875 330.2249 0 0.09157901 -0.255767 0.02434601 0.962083
10.4864 SecondCar 3.7 0.025 15.92929 0 180 0 0 1 0 -4.371139E-08 0 2
10.4864 FirstCar -6.985551 0.025 2.97 0 90 0 0 0.7071068 0 0.7071068 0 2
10.4884 Head -0.6626843 1.6 0.1721521 10.875 330.2249 0 0.09157901 -0.255767 0.02434601 0.962083
10.4884 SecondCar 3.7 0.025 15.92929 0 180 0 0 1 0 -4.371139E-08 0 2
10.4884 FirstCar -6.985551 0.025 2.97 0 90 0 0 0.7071068 0 0.7071068 0 2
10.4904 Head -0.6626843 1.6 0.1721521 10.875 330.2249 0 0.09157901 -0.255767 0.02434601 0.962083
10.4904 SecondCar 3.7 0.025 15.92929 0 180 0 0 1 0 -4.371139E-08 0 2
10.4904 FirstCar -6.985551 0.025 2.97 0 90 0 0 0.7071068 0 0.7071068 0 2
10.4921 Head -0.6626843 1.6 0.1721521 10.875 330.2249 0 0.09157901 -0.255767 0.02434601 0.962083
10.4921 SecondCar 3.7 0.025 15.92929 0 180 0 0 1 0 -4.371139E-08 0 2
10.4921 FirstCar -6.985551 0.025 2.97 0 90 0 0 0.7071068 0 0.7071068 0 2
10.4938 Head -0.6626843 1.6 0.1721521 10.875 330.2249 0 0.09157901 -0.255767 0.02434601 0.962083
10.4938 SecondCar 3.7 0.025 15.92929 0 180 0 0 1 0 -4.371139E-08 0 2
10.4938 FirstCar -6.985551 0.025 2.97 0 90 0 0 0.7071068 0 0.7071068 0 2
10.4956 Head -0.6626843 1.6 0.1721521 10.875 330.2249 0 0.09157901 -0.255767 0.02434601 0.962083
10.4956 SecondCar 3.7 0.025 15.92929 0 180 0 0 1 0 -4.371139E-08 0 2
10.4956 FirstCar -6.985551 0.025 2.97 0 90 0 0 0.7071068 0 0.7071068 0 2
10.4975 Head -0.6626843 1.6 0.1721521 10.875 330.2249 0 0.09157901 -0.255767 0.02434601 0.962083
10.4975 SecondCar 3.7 0.025 15.92929 0 180 0 0 1 0 -4.371139E-08 0 2
10.4975 FirstCar -6.985551 0.025 2.97 0 90 0 0 0.7071068 0 0.7071068 0 2
10.4993 Head -0.6626843 1.6 0.1721521 10.875 330.2249 0 0.09157901 -0.255767 0.02434601 0.962083
10.4993 SecondCar 3.7 0.025 15.92929 0 180 0 0 1 0 -4.371139E-08 0 2
10.4993 FirstCar -6.985551 0.025 2.97 0 90 0 0 0.7071068 0 0.7071068 0 2
10.5012 Head -0.6626843 1.6 0.1721521 10.875 330.2249 0 0.09157901 -0.255767 0.02434601 0.962083
10.5012 SecondCar 3.7 0.025 15.92929 0 180 0 0 1 0 -4.371139E-08 0 2
10.5012 FirstCar -6.985551 0.025 2.97 0 90 0 0 0.7071068 0 0.7071068 0 2
10.5030 Head -0.6626843 1.6 0.1721521 10.875 330.2249 0 0.09157901 -0.255767 0.02434601 0.962083
10.5030 SecondCar 3.7 0.025 15.92929 0 180 0 0 1 0 -4.371139E-08 0 2
10.5030 FirstCar -6.985551 0.025 2.97 0 90 0 0 0.7071068 0 0.7071068 0 2
10.5053 Head -0.6626843 1.6 0.1721521 10.875 330.2249 0 0.09157901 -0.255767 0.02434601 0.962083
10.5053 SecondCar 3.7 0.025 15.92929 0 180 0 0 1 0 -4.371139E-08 0 2
10.5053 FirstCar -6.985551 0.025 2.97 0 90 0 0 0.7071068 0 0.7071068 0 2
10.5076 Head -0.6626843 1.6 0.1721521 10.875 330.2249 0 0.09157901 -0.255767 0.02434601 0.962083
10.5076 SecondCar 3.7 0.025 15.92929 0 180 0 0 1 0 -4.371139E-08 0 2
10.5076 FirstCar -6.985551 0.025 2.97 0 90 0 0 0.7071068 0 0.7071068 0 2
10.5098 Head -0.6626843 1.6 0.1721521 10.875 330.2249 0 0.09157901 -0.255767 0.02434601 0.962083
10.5098 SecondCar 3.7 0.025 15.92929 0 180 0 0 1 0 -4.371139E-08 0 2
10.5098 FirstCar -6.985551 0.025 2.97 0 90 0 0 0.7071068 0 0.7071068 0 2
10.5118 Head -0.6626843 1.6 0.1721521 10.875 330.2249 0 0.09157901 -0.255767 0.02434601 0.962083
10.5118 SecondCar 3.7 0.025 15.92929 0 180 0 0 1 0 -4.371139E-08 0 2
10.5118 FirstCar -6.985551 0.025 2.97 0 90 0 0 0.7071068 0 0.7071068 0 2
10.5136 Head -0.6626843 1.6 0.1721521 10.875 330.2249 0 0.09157901 -0.255767 0.02434601 0.962083
10.5136 SecondCar 3.7 0.025 15.92929 0 180 0 0 1 0 -4.371139E-08 0 2
10.5136 FirstCar -6.985551 0.025 2.97 0 90 0 0 0.7071068 0 0.7071068 0 2
10.5155 Head -0.6626843 1.6 0.1721521 10.875 330.2249 0 0.09157901 -0.255767 0.02434601 0.962083
10.5155 SecondCar 3.7 0.025 15.92929 0 180 0 0 1 0 -4.371139E-08 0 2
10.5155 FirstCar -6.985551 0.025 2.97 0 90 0 0 0.7071068 0 0.7071068 0 2
10.5173 Head -0.6626843 1.6 0.1721521 10.875 330.2249 0 0.09157901 -0.255767 0.02434601 0.962083
10.5173 SecondCar 3.7 0.025 15.92929 0 180 0 0 1 0 -4.371139E-08 0 2
10.5173 FirstCar -6.985551 0.025 2.97 0 90 0 0 0.7071068 0 0.7071068 0 2
10.5190 Head -0.6626843 1.6 0.1721521 10.875 330.2249 0 0.09157901 -0.255767 0.02434601 0.962083
10.5190 SecondCar 3.7 0.025 15.92929 0 180 0 0 1 0 -4.371139E-08 0 2
10.5190 FirstCar -6.985551 0.025 2.97 0 90 0 0 0.7071068 0 0.7071068 0 2
10.5207 Head -0.6626843 1.6 0.1721521 10.875 330.2249 0 0.09157901 -0.255767 0.02434601 0.962083
10.5207 SecondCar 3.7 0.025 15.92929 0 180 0 0 1 0 -4.371139E-08 0 2
10.5207 FirstCar -6.985551 0.025 2.97 0 90 0 0 0.7071068 0 0.7071068 0 2
10.5224 Head -0.6626843 1.6 0.1721521 10.875 330.2249 0 0.09157901 -0.255767 0.02434601 0.962083
10.5224 SecondCar 3.7 0.025 15.92929 0 180 0 0 1 0 -4.371139E-08 0 2
10.5224 FirstCar -6.985551 0.025 2.97 0 90 0 0 0.7071068 0 0.7071068 0 2
10.5242 Head -0.6626843 1.6 0.1721521 10.875 330.2249 0 0.09157901 -0.255767 0.02434601 0.962083
10.5242 SecondCar 3.7 0.025 15.92929 0 180 0 0 1 0 -4.371139E-08 0 2
10.5242 FirstCar -6.985551 0.025 2.97 0 90 0 0 0.7071068 0 0.7071068 0 2
10.5259 Head -0.6626843 1.6 0.1721521 10.875 330.2249 0 0.09157901 -0.255767 0.02434601 0.962083
10.5259 SecondCar 3.7 0.025 15.92929 0 180 0 0 1 0 -4.371139E-08 0 2
10.5259 FirstCar -6.985551 0.025 2.97 0 90 0 0 0.7071068 0 0.7071068 0 2
10.5277 Head -0.6626843 1.6 0.1721521 10.875 330.2249 0 0.09157901 -0.255767 0.02434601 0.962083
10.5277 SecondCar 3.7 0.025 15.92929 0 180 0 0 1 0 -4.371139E-08 0 2
10.5277 FirstCar -6.985551 0.025 2.97 0 90 0 0 0.7071068 0 0.7071068 0 2
10.5297 Head -0.6626843 1.6 0.1721521 10.875 330.2249 0 0.09157901 -0.255767 0.02434601 0.962083
10.5297 SecondCar 3.7 0.025 15.92929 0 180 0 0 1 0 -4.371139E-08 0 2
10.5297 FirstCar -6.985551 0.025 2.97 0 90 0 0 0.7071068 0 0.7071068 0 2
10.5316 Head -0.6626843 1.6 0.1721521 10.875 330.2249 0 0.09157901 -0.255767 0.02434601 0.962083
10.5316 SecondCar 3.7 0.025 15.92929 0 180 0 0 1 0 -4.371139E-08 0 2
10.5316 FirstCar -6.985551 0.025 2.97 0 90 0 0 0.7071068 0 0.7071068 0 2
10.5335 Head -0.6626843 1.6 0.1721521 10.875 330.2249 0 0.09157901 -0.255767 0.02434601 0.962083
10.5335 SecondCar 3.7 0.025 15.92929 0 180 0 0 1 0 -4.371139E-08 0 2
10.5335 FirstCar -6.985551 0.025 2.97 0 90 0 0 0.7071068 0 0.7071068 0 2
10.5357 Head -0.6626843 1.6 0.1721521 10.875 330.2249 0 0.09157901 -0.255767 0.02434601 0.962083
10.5357 SecondCar 3.7 0.025 15.92929 0 180 0 0 1 0 -4.371139E-08 0 2
10.5357 FirstCar -6.985551 0.025 2.97 0 90 0 0 0.7071068 0 0.7071068 0 2
10.5378 Head -0.6626843 1.6 0.1721521 10.875 330.2249 0 0.09157901 -0.255767 0.02434601 0.962083
10.5378 SecondCar 3.7 0.025 15.92929 0 180 0 0 1 0 -4.371139E-08 0 2
10.5378 FirstCar -6.985551 0.025 2.97 0 90 0 0 0.7071068 0 0.7071068 0 2
10.5396 Head -0.6626843 1.6 0.1721521 10.875 330.2249 0 0.09157901 -0.255767 0.02434601 0.962083
10.5396 SecondCar 3.7 0.025 15.92929 0 180 0 0 1 0 -4.371139E-08 0 2
10.5396 FirstCar -6.985551 0.025 2.97 0 90 0 0 0.7071068 0 0.7071068 0 2
10.5414 Head -0.6626843 1.6 0.1721521 10.875 330.2249 0 0.09157901 -0.255767 0.02434601 0.962083
10.5414 SecondCar 3.7 0.025 15.92929 0 180 0 0 1 0 -4.371139E-08 0 2
10.5414 FirstCar -6.985551 0.025 2.97 0 90 0 0 0.7071068 0 0.7071068 0 2
10.5431 Head -0.6626843 1.6 0.1721521 10.875 330.2249 0 0.09157901 -0.255767 0.02434601 0.962083
10.5431 SecondCar 3.7 0.025 15.92929 0 180 0 0 1 0 -4.371139E-08 0 2
10.5431 FirstCar -6.985551 0.025 2.97 0 90 0 0 0.7071068 0 0.7071068 0 2
10.5448 Head -0.6626843 1.6 0.1721521 10.875 330.2249 0 0.09157901 -0.255767 0.02434601 0.962083
10.5448 SecondCar 3.7 0.025 15.92929 0 180 0 0 1 0 -4.371139E-08 0 2
10.5448 FirstCar -6.985551 0.025 2.97 0 90 0 0 0.7071068 0 0.7071068 0 2
10.5466 Head -0.6626843 1.6 0.1721521 10.875 330.2249 0 0.09157901 -0.255767 0.02434601 0.962083
10.5466 SecondCar 3.7 0.025 15.92929 0 180 0 0 1 0 -4.371139E-08 0 2
10.5466 FirstCar -6.985551 0.025 2.97 0 90 0 0 0.7071068 0 0.7071068 0 2
10.5483 Head -0.6626843 1.6 0.1721521 10.875 330.2249 0 0.09157901 -0.255767 0.02434601 0.962083
10.5483 SecondCar 3.7 0.025 15.92929 0 180 0 0 1 0 -4.371139E-08 0 2
10.5483 FirstCar -6.985551 0.025 2.97 0 90 0 0 0.7071068 0 0.7071068 0 2
10.5501 Head -0.6626843 1.6 0.1721521 10.875 330.2249 0 0.09157901 -0.255767 0.02434601 0.962083
10.5501 SecondCar 3.7 0.025 15.92929 0 180 0 0 1 0 -4.371139E-08 0 2
10.5501 FirstCar -6.985551 0.025 2.97 0 90 0 0 0.7071068 0 0.7071068 0 2
10.5519 Head -0.6626843 1.6 0.1721521 10.875 330.2249 0 0.09157901 -0.255767 0.02434601 0.962083
10.5519 SecondCar 3.7 0.025 15.92929 0 180 0 0 1 0 -4.371139E-08 0 2
10.5519 FirstCar -6.985551 0.025 2.97 0 90 0 0 0.7071068 0 0.7071068 0 2
10.5539 Head -0.6626843 1.6 0.1721521 10.875 330.2249 0 0.09157901 -0.255767 0.02434601 0.962083
10.5539 SecondCar 3.7 0.025 15.92929 0 180 0 0 1 0 -4.371139E-08 0 2
10.5539 FirstCar -6.985551 0.025 2.97 0 90 0 0 0.7071068 0 0.7071068 0 2
10.5559 Head -0.6626843 1.6 0.1721521 10.875 330.2249 0 0.09157901 -0.255767 0.02434601 0.962083
10.5559 SecondCar 3.7 0.025 15.92929 0 180 0 0 1 0 -4.371139E-08 0 2
10.5559 FirstCar -6.985551 0.025 2.97 0 90 0 0 0.7071068 0 0.7071068 0 2
10.5578 Head -0.6626843 1.6 0.1721521 10.875 330.2249 0 0.09157901 -0.255767 0.02434601 0.962083
10.5578 SecondCar 3.7 0.025 15.92929 0 180 0 0 1 0 -4.371139E-08 0 2
10.5578 FirstCar -6.985551 0.025 2.97 0 90 0 0 0.7071068 0 0.7071068 0 2
10.5595 Head -0.6626843 1.6 0.1721521 10.875 330.2249 0 0.09157901 -0.255767 0.02434601 0.962083
10.5595 SecondCar 3.7 0.025 15.92929 0 180 0 0 1 0 -4.371139E-08 0 2
10.5595 FirstCar -6.985551 0.025 2.97 0 90 0 0 0.7071068 0 0.7071068 0 2
10.5613 Head -0.6626843 1.6 0.1721521 10.875 330.2249 0 0.09157901 -0.255767 0.02434601 0.962083
10.5613 SecondCar 3.7 0.025 15.92929 0 180 0 0 1 0 -4.371139E-08 0 2
10.5613 FirstCar -6.985551 0.025 2.97 0 90 0 0 0.7071068 0 0.7071068 0 2
10.5633 Head -0.6626843 1.6 0.1721521 10.875 330.2249 0 0.09157901 -0.255767 0.02434601 0.962083
10.5633 SecondCar 3.7 0.025 15.92929 0 180 0 0 1 0 -4.371139E-08 0 2
10.5633 FirstCar -6.985551 0.025 2.97 0 90 0 0 0.7071068 0 0.7071068 0 2
10.5657 Head -0.6626843 1.6 0.1721521 10.875 330.2249 0 0.09157901 -0.255767 0.02434601 0.962083
10.5657 SecondCar 3.7 0.025 15.92929 0 180 0 0 1 0 -4.371139E-08 0 2
10.5657 FirstCar -6.985551 0.025 2.97 0 90 0 0 0.7071068 0 0.7071068 0 2
10.5680 Head -0.6626843 1.6 0.1721521 10.875 330.2249 0 0.09157901 -0.255767 0.02434601 0.962083
10.5680 SecondCar 3.7 0.025 15.92929 0 180 0 0 1 0 -4.371139E-08 0 2
10.5680 FirstCar -6.985551 0.025 2.97 0 90 0 0 0.7071068 0 0.7071068 0 2
10.5703 Head -0.6626843 1.6 0.1721521 10.875 330.2249 0 0.09157901 -0.255767 0.02434601 0.962083
10.5703 SecondCar 3.7 0.025 15.92929 0 180 0 0 1 0 -4.371139E-08 0 2
10.5703 FirstCar -6.985551 0.025 2.97 0 90 0 0 0.7071068 0 0.7071068 0 2
10.5722 Head -0.6626843 1.6 0.1721521 10.875 330.2249 0 0.09157901 -0.255767 0.02434601 0.962083
10.5722 SecondCar 3.7 0.025 15.92929 0 180 0 0 1 0 -4.371139E-08 0 2
10.5722 FirstCar -6.985551 0.025 2.97 0 90 0 0 0.7071068 0 0.7071068 0 2
10.5743 Head -0.6626843 1.6 0.1721521 10.875 330.2249 0 0.09157901 -0.255767 0.02434601 0.962083
10.5743 SecondCar 3.7 0.025 15.92929 0 180 0 0 1 0 -4.371139E-08 0 2
10.5743 FirstCar -6.985551 0.025 2.97 0 90 0 0 0.7071068 0 0.7071068 0 2
10.5765 Head -0.6626843 1.6 0.1721521 10.875 330.2249 0 0.09157901 -0.255767 0.02434601 0.962083
10.5765 SecondCar 3.7 0.025 15.92929 0 180 0 0 1 0 -4.371139E-08 0 2
10.5765 FirstCar -6.985551 0.025 2.97 0 90 0 0 0.7071068 0 0.7071068 0 2
10.5786 Head -0.6626843 1.6 0.1721521 10.875 330.2249 0 0.09157901 -0.255767 0.02434601 0.962083
10.5786 SecondCar 3.7 0.025 15.92929 0 180 0 0 1 0 -4.371139E-08 0 2
10.5786 FirstCar -6.985551 0.025 2.97 0 90 0 0 0.7071068 0 0.7071068 0 2
10.5805 Head -0.6626843 1.6 0.1721521 10.875 330.2249 0 0.09157901 -0.255767 0.02434601 0.962083
10.5805 SecondCar 3.7 0.025 15.92929 0 180 0 0 1 0 -4.371139E-08 0 2
10.5805 FirstCar -6.985551 0.025 2.97 0 90 0 0 0.7071068 0 0.7071068 0 2
10.5823 Head -0.6626843 1.6 0.1721521 10.875 330.2249 0 0.09157901 -0.255767 0.02434601 0.962083
10.5823 SecondCar 3.7 0.025 15.92929 0 180 0 0 1 0 -4.371139E-08 0 2
10.5823 FirstCar -6.985551 0.025 2.97 0 90 0 0 0.7071068 0 0.7071068 0 2
10.5841 Head -0.6626843 1.6 0.1721521 10.875 330.2249 0 0.09157901 -0.255767 0.02434601 0.962083
10.5841 SecondCar 3.7 0.025 15.92929 0 180 0 0 1 0 -4.371139E-08 0 2
10.5841 FirstCar -6.985551 0.025 2.97 0 90 0 0 0.7071068 0 0.7071068 0 2
10.5858 Head -0.6626843 1.6 0.1721521 10.875 330.2249 0 0.09157901 -0.255767 0.02434601 0.962083
10.5858 SecondCar 3.7 0.025 15.92929 0 180 0 0 1 0 -4.371139E-08 0 2
10.5858 FirstCar -6.985551 0.025 2.97 0 90 0 0 0.7071068 0 0.7071068 0 2
10.5876 Head -0.6626843 1.6 0.1721521 10.875 330.2249 0 0.09157901 -0.255767 0.02434601 0.962083
10.5876 SecondCar 3.7 0.025 15.92929 0 180 0 0 1 0 -4.371139E-08 0 2
10.5876 FirstCar -6.985551 0.025 2.97 0 90 0 0 0.7071068 0 0.7071068 0 2
10.5896 Head -0.6626843 1.6 0.1721521 10.875 330.2249 0 0.09157901 -0.255767 0.02434601 0.962083
10.5896 SecondCar 3.7 0.025 15.92929 0 180 0 0 1 0 -4.371139E-08 0 2
10.5896 FirstCar -6.985551 0.025 2.97 0 90 0 0 0.7071068 0 0.7071068 0 2
10.5914 Head -0.6626843 1.6 0.1721521 10.875 330.2249 0 0.09157901 -0.255767 0.02434601 0.962083
10.5914 SecondCar 3.7 0.025 15.92929 0 180 0 0 1 0 -4.371139E-08 0 2
10.5914 FirstCar -6.985551 0.025 2.97 0 90 0 0 0.7071068 0 0.7071068 0 2
10.5931 Head -0.6626843 1.6 0.1721521 10.875 330.2249 0 0.09157901 -0.255767 0.02434601 0.962083
10.5931 SecondCar 3.7 0.025 15.92929 0 180 0 0 1 0 -4.371139E-08 0 2
10.5931 FirstCar -6.985551 0.025 2.97 0 90 0 0 0.7071068 0 0.7071068 0 2
10.5951 Head -0.6626843 1.6 0.1721521 10.875 330.2249 0 0.09157901 -0.255767 0.02434601 0.962083
10.5951 SecondCar 3.7 0.025 15.92929 0 180 0 0 1 0 -4.371139E-08 0 2
10.5951 FirstCar -6.985551 0.025 2.97 0 90 0 0 0.7071068 0 0.7071068 0 2
10.5973 Head -0.6626843 1.6 0.1721521 10.875 330.2249 0 0.09157901 -0.255767 0.02434601 0.962083
10.5973 SecondCar 3.7 0.025 15.92929 0 180 0 0 1 0 -4.371139E-08 0 2
10.5973 FirstCar -6.985551 0.025 2.97 0 90 0 0 0.7071068 0 0.7071068 0 2
10.5994 Head -0.6626843 1.6 0.1721521 10.875 330.2249 0 0.09157901 -0.255767 0.02434601 0.962083
10.5994 SecondCar 3.7 0.025 15.92929 0 180 0 0 1 0 -4.371139E-08 0 2
10.5994 FirstCar -6.985551 0.025 2.97 0 90 0 0 0.7071068 0 0.7071068 0 2
10.6014 Head -0.6626843 1.6 0.1721521 10.875 330.2249 0 0.09157901 -0.255767 0.02434601 0.962083
10.6014 SecondCar 3.7 0.025 15.92929 0 180 0 0 1 0 -4.371139E-08 0 2
10.6014 FirstCar -6.985551 0.025 2.97 0 90 0 0 0.7071068 0 0.7071068 0 2
10.6031 Head -0.6626843 1.6 0.1721521 10.875 330.2249 0 0.09157901 -0.255767 0.02434601 0.962083
10.6031 SecondCar 3.7 0.025 15.92929 0 180 0 0 1 0 -4.371139E-08 0 2
10.6031 FirstCar -6.985551 0.025 2.97 0 90 0 0 0.7071068 0 0.7071068 0 2
10.6049 Head -0.6626843 1.6 0.1721521 10.875 330.2249 0 0.09157901 -0.255767 0.02434601 0.962083
10.6049 SecondCar 3.7 0.025 15.92929 0 180 0 0 1 0 -4.371139E-08 0 2
10.6049 FirstCar -6.985551 0.025 2.97 0 90 0 0 0.7071068 0 0.7071068 0 2
10.6067 Head -0.6626843 1.6 0.1721521 10.875 330.2249 0 0.09157901 -0.255767 0.02434601 0.962083
10.6067 SecondCar 3.7 0.025 15.92929 0 180 0 0 1 0 -4.371139E-08 0 2
10.6067 FirstCar -6.985551 0.025 2.97 0 90 0 0 0.7071068 0 0.7071068 0 2
10.6084 Head -0.6626843 1.6 0.1721521 10.875 330.2249 0 0.09157901 -0.255767 0.02434601 0.962083
10.6084 SecondCar 3.7 0.025 15.92929 0 180 0 0 1 0 -4.371139E-08 0 2
10.6084 FirstCar -6.985551 0.025 2.97 0 90 0 0 0.7071068 0 0.7071068 0 2
10.6103 Head -0.6626843 1.6 0.1721521 10.875 330.2249 0 0.09157901 -0.255767 0.02434601 0.962083
10.6103 SecondCar 3.7 0.025 15.92929 0 180 0 0 1 0 -4.371139E-08 0 2
10.6103 FirstCar -6.985551 0.025 2.97 0 90 0 0 0.7071068 0 0.7071068 0 2
10.6121 Head -0.6626843 1.6 0.1721521 10.875 330.2249 0 0.09157901 -0.255767 0.02434601 0.962083
10.6121 SecondCar 3.7 0.025 15.92929 0 180 0 0 1 0 -4.371139E-08 0 2
10.6121 FirstCar -6.985551 0.025 2.97 0 90 0 0 0.7071068 0 0.7071068 0 2
10.6139 Head -0.6626843 1.6 0.1721521 10.875 330.2249 0 0.09157901 -0.255767 0.02434601 0.962083
10.6139 SecondCar 3.7 0.025 15.92929 0 180 0 0 1 0 -4.371139E-08 0 2
10.6139 FirstCar -6.985551 0.025 2.97 0 90 0 0 0.7071068 0 0.7071068 0 2
10.6157 Head -0.6626843 1.6 0.1721521 10.875 330.2249 0 0.09157901 -0.255767 0.02434601 0.962083
10.6157 SecondCar 3.7 0.025 15.92929 0 180 0 0 1 0 -4.371139E-08 0 2
10.6157 FirstCar -6.985551 0.025 2.97 0 90 0 0 0.7071068 0 0.7071068 0 2
10.6175 Head -0.6626843 1.6 0.1721521 10.875 330.2249 0 0.09157901 -0.255767 0.02434601 0.962083
10.6175 SecondCar 3.7 0.025 15.92929 0 180 0 0 1 0 -4.371139E-08 0 2
10.6175 FirstCar -6.985551 0.025 2.97 0 90 0 0 0.7071068 0 0.7071068 0 2
10.6192 Head -0.6626843 1.6 0.1721521 10.875 330.2249 0 0.09157901 -0.255767 0.02434601 0.962083
10.6192 SecondCar 3.7 0.025 15.92929 0 180 0 0 1 0 -4.371139E-08 0 2
10.6192 FirstCar -6.985551 0.025 2.97 0 90 0 0 0.7071068 0 0.7071068 0 2
10.6209 Head -0.6626843 1.6 0.1721521 10.875 330.2249 0 0.09157901 -0.255767 0.02434601 0.962083
10.6209 SecondCar 3.7 0.025 15.92929 0 180 0 0 1 0 -4.371139E-08 0 2
10.6209 FirstCar -6.985551 0.025 2.97 0 90 0 0 0.7071068 0 0.7071068 0 2
10.6227 Head -0.6626843 1.6 0.1721521 10.875 330.2249 0 0.09157901 -0.255767 0.02434601 0.962083
10.6227 SecondCar 3.7 0.025 15.92929 0 180 0 0 1 0 -4.371139E-08 0 2
10.6227 FirstCar -6.985551 0.025 2.97 0 90 0 0 0.7071068 0 0.7071068 0 2
10.6245 Head -0.6626843 1.6 0.1721521 10.875 330.2249 0 0.09157901 -0.255767 0.02434601 0.962083
10.6245 SecondCar 3.7 0.025 15.92929 0 180 0 0 1 0 -4.371139E-08 0 2
10.6245 FirstCar -6.985551 0.025 2.97 0 90 0 0 0.7071068 0 0.7071068 0 2
10.6268 Head -0.6626843 1.6 0.1721521 10.875 330.2249 0 0.09157901 -0.255767 0.02434601 0.962083
10.6268 SecondCar 3.7 0.025 15.92929 0 180 0 0 1 0 -4.371139E-08 0 2
10.6268 FirstCar -6.985551 0.025 2.97 0 90 0 0 0.7071068 0 0.7071068 0 2
10.6290 Head -0.6626843 1.6 0.1721521 10.875 330.2249 0 0.09157901 -0.255767 0.02434601 0.962083
10.6290 SecondCar 3.7 0.025 15.92929 0 180 0 0 1 0 -4.371139E-08 0 2
10.6290 FirstCar -6.985551 0.025 2.97 0 90 0 0 0.7071068 0 0.7071068 0 2
10.6316 Head -0.6626843 1.6 0.1721521 10.875 330.2249 0 0.09157901 -0.255767 0.02434601 0.962083
10.6316 SecondCar 3.7 0.025 15.92929 0 180 0 0 1 0 -4.371139E-08 0 2
10.6316 FirstCar -6.985551 0.025 2.97 0 90 0 0 0.7071068 0 0.7071068 0 2
10.6338 Head -0.6626843 1.6 0.1721521 10.875 330.2249 0 0.09157901 -0.255767 0.02434601 0.962083
10.6338 SecondCar 3.7 0.025 15.92929 0 180 0 0 1 0 -4.371139E-08 0 2
10.6338 FirstCar -6.985551 0.025 2.97 0 90 0 0 0.7071068 0 0.7071068 0 2
10.6359 Head -0.6626843 1.6 0.1721521 10.875 330.2249 0 0.09157901 -0.255767 0.02434601 0.962083
10.6359 SecondCar 3.7 0.025 15.92929 0 180 0 0 1 0 -4.371139E-08 0 2
10.6359 FirstCar -6.985551 0.025 2.97 0 90 0 0 0.7071068 0 0.7071068 0 2
10.6379 Head -0.6626843 1.6 0.1721521 10.875 330.2249 0 0.09157901 -0.255767 0.02434601 0.962083
10.6379 SecondCar 3.7 0.025 15.92929 0 180 0 0 1 0 -4.371139E-08 0 2
10.6379 FirstCar -6.985551 0.025 2.97 0 90 0 0 0.7071068 0 0.7071068 0 2
10.6398 Head -0.6626843 1.6 0.1721521 10.875 330.2249 0 0.09157901 -0.255767 0.02434601 0.962083
10.6398 SecondCar 3.7 0.025 15.92929 0 180 0 0 1 0 -4.371139E-08 0 2
10.6398 FirstCar -6.985551 0.025 2.97 0 90 0 0 0.7071068 0 0.7071068 0 2
10.6419 Head -0.6626843 1.6 0.1721521 10.875 330.2249 0 0.09157901 -0.255767 0.02434601 0.962083
10.6419 SecondCar 3.7 0.025 15.92929 0 180 0 0 1 0 -4.371139E-08 0 2
10.6419 FirstCar -6.985551 0.025 2.97 0 90 0 0 0.7071068 0 0.7071068 0 2
10.6447 Head -0.6626843 1.6 0.1721521 10.875 330.2249 0 0.09157901 -0.255767 0.02434601 0.962083
10.6447 SecondCar 3.7 0.025 15.92929 0 180 0 0 1 0 -4.371139E-08 0 2
10.6447 FirstCar -6.985551 0.025 2.97 0 90 0 0 0.7071068 0 0.7071068 0 2
10.6468 Head -0.6626843 1.6 0.1721521 10.875 330.2249 0 0.09157901 -0.255767 0.02434601 0.962083
10.6468 SecondCar 3.7 0.025 15.92929 0 180 0 0 1 0 -4.371139E-08 0 2
10.6468 FirstCar -6.985551 0.025 2.97 0 90 0 0 0.7071068 0 0.7071068 0 2
10.6487 Head -0.6626843 1.6 0.1721521 10.875 330.2249 0 0.09157901 -0.255767 0.02434601 0.962083
10.6487 SecondCar 3.7 0.025 15.92929 0 180 0 0 1 0 -4.371139E-08 0 2
10.6487 FirstCar -6.985551 0.025 2.97 0 90 0 0 0.7071068 0 0.7071068 0 2
10.6507 Head -0.6626843 1.6 0.1721521 10.875 330.2249 0 0.09157901 -0.255767 0.02434601 0.962083
10.6507 SecondCar 3.7 0.025 15.92929 0 180 0 0 1 0 -4.371139E-08 0 2
10.6507 FirstCar -6.985551 0.025 2.97 0 90 0 0 0.7071068 0 0.7071068 0 2
10.6525 Head -0.6626843 1.6 0.1721521 10.875 330.2249 0 0.09157901 -0.255767 0.02434601 0.962083
10.6525 SecondCar 3.7 0.025 15.92929 0 180 0 0 1 0 -4.371139E-08 0 2
10.6525 FirstCar -6.985551 0.025 2.97 0 90 0 0 0.7071068 0 0.7071068 0 2
10.6542 Head -0.6626843 1.6 0.1721521 10.875 330.2249 0 0.09157901 -0.255767 0.02434601 0.962083
10.6542 SecondCar 3.7 0.025 15.92929 0 180 0 0 1 0 -4.371139E-08 0 2
10.6542 FirstCar -6.985551 0.025 2.97 0 90 0 0 0.7071068 0 0.7071068 0 2
10.6560 Head -0.6626843 1.6 0.1721521 10.875 330.2249 0 0.09157901 -0.255767 0.02434601 0.962083
10.6560 SecondCar 3.7 0.025 15.92929 0 180 0 0 1 0 -4.371139E-08 0 2
10.6560 FirstCar -6.985551 0.025 2.97 0 90 0 0 0.7071068 0 0.7071068 0 2
10.6578 Head -0.6626843 1.6 0.1721521 10.875 330.2249 0 0.09157901 -0.255767 0.02434601 0.962083
10.6578 SecondCar 3.7 0.025 15.92929 0 180 0 0 1 0 -4.371139E-08 0 2
10.6578 FirstCar -6.985551 0.025 2.97 0 90 0 0 0.7071068 0 0.7071068 0 2
10.6597 Head -0.6626843 1.6 0.1721521 10.875 330.2249 0 0.09157901 -0.255767 0.02434601 0.962083
10.6597 SecondCar 3.7 0.025 15.92929 0 180 0 0 1 0 -4.371139E-08 0 2
10.6597 FirstCar -6.985551 0.025 2.97 0 90 0 0 0.7071068 0 0.7071068 0 2
10.6615 Head -0.6626843 1.6 0.1721521 10.875 330.2249 0 0.09157901 -0.255767 0.02434601 0.962083
10.6615 SecondCar 3.7 0.025 15.92929 0 180 0 0 1 0 -4.371139E-08 0 2
10.6615 FirstCar -6.985551 0.025 2.97 0 90 0 0 0.7071068 0 0.7071068 0 2
10.6636 Head -0.6626843 1.6 0.1721521 10.875 330.2249 0 0.09157901 -0.255767 0.02434601 0.962083
10.6636 SecondCar 3.7 0.025 15.92929 0 180 0 0 1 0 -4.371139E-08 0 2
10.6636 FirstCar -6.985551 0.025 2.97 0 90 0 0 0.7071068 0 0.7071068 0 2
10.6654 Head -0.6626843 1.6 0.1721521 10.875 330.2249 0 0.09157901 -0.255767 0.02434601 0.962083
10.6654 SecondCar 3.7 0.025 15.92929 0 180 0 0 1 0 -4.371139E-08 0 2
10.6654 FirstCar -6.985551 0.025 2.97 0 90 0 0 0.7071068 0 0.7071068 0 2
10.6672 Head -0.6626843 1.6 0.1721521 10.875 330.2249 0 0.09157901 -0.255767 0.02434601 0.962083
10.6672 SecondCar 3.7 0.025 15.92929 0 180 0 0 1 0 -4.371139E-08 0 2
10.6672 FirstCar -6.985551 0.025 2.97 0 90 0 0 0.7071068 0 0.7071068 0 2
10.6691 Head -0.6626843 1.6 0.1721521 10.875 330.2249 0 0.09157901 -0.255767 0.02434601 0.962083
10.6691 SecondCar 3.7 0.025 15.92929 0 180 0 0 1 0 -4.371139E-08 0 2
10.6691 FirstCar -6.985551 0.025 2.97 0 90 0 0 0.7071068 0 0.7071068 0 2
10.6708 Head -0.6626843 1.6 0.1721521 10.875 330.2249 0 0.09157901 -0.255767 0.02434601 0.962083
10.6708 SecondCar 3.7 0.025 15.92929 0 180 0 0 1 0 -4.371139E-08 0 2
10.6708 FirstCar -6.985551 0.025 2.97 0 90 0 0 0.7071068 0 0.7071068 0 2
10.6726 Head -0.6626843 1.6 0.1721521 10.875 330.2249 0 0.09157901 -0.255767 0.02434601 0.962083
10.6726 SecondCar 3.7 0.025 15.92929 0 180 0 0 1 0 -4.371139E-08 0 2
10.6726 FirstCar -6.985551 0.025 2.97 0 90 0 0 0.7071068 0 0.7071068 0 2
10.6744 Head -0.6626843 1.6 0.1721521 10.875 330.2249 0 0.09157901 -0.255767 0.02434601 0.962083
10.6744 SecondCar 3.7 0.025 15.92929 0 180 0 0 1 0 -4.371139E-08 0 2
10.6744 FirstCar -6.985551 0.025 2.97 0 90 0 0 0.7071068 0 0.7071068 0 2
10.6762 Head -0.6626843 1.6 0.1721521 10.875 330.2249 0 0.09157901 -0.255767 0.02434601 0.962083
10.6762 SecondCar 3.7 0.025 15.92929 0 180 0 0 1 0 -4.371139E-08 0 2
10.6762 FirstCar -6.985551 0.025 2.97 0 90 0 0 0.7071068 0 0.7071068 0 2
10.6779 Head -0.6626843 1.6 0.1721521 10.875 330.2249 0 0.09157901 -0.255767 0.02434601 0.962083
10.6779 SecondCar 3.7 0.025 15.92929 0 180 0 0 1 0 -4.371139E-08 0 2
10.6779 FirstCar -6.985551 0.025 2.97 0 90 0 0 0.7071068 0 0.7071068 0 2
10.6796 Head -0.6626843 1.6 0.1721521 10.875 330.2249 0 0.09157901 -0.255767 0.02434601 0.962083
10.6796 SecondCar 3.7 0.025 15.92929 0 180 0 0 1 0 -4.371139E-08 0 2
10.6796 FirstCar -6.985551 0.025 2.97 0 90 0 0 0.7071068 0 0.7071068 0 2
10.6813 Head -0.6626843 1.6 0.1721521 10.875 330.2249 0 0.09157901 -0.255767 0.02434601 0.962083
10.6813 SecondCar 3.7 0.025 15.92929 0 180 0 0 1 0 -4.371139E-08 0 2
10.6813 FirstCar -6.985551 0.025 2.97 0 90 0 0 0.7071068 0 0.7071068 0 2
10.6830 Head -0.6626843 1.6 0.1721521 10.875 330.2249 0 0.09157901 -0.255767 0.02434601 0.962083
10.6830 SecondCar 3.7 0.025 15.92929 0 180 0 0 1 0 -4.371139E-08 0 2
10.6830 FirstCar -6.985551 0.025 2.97 0 90 0 0 0.7071068 0 0.7071068 0 2
10.6847 Head -0.6626843 1.6 0.1721521 10.875 330.2249 0 0.09157901 -0.255767 0.02434601 0.962083
10.6847 SecondCar 3.7 0.025 15.92929 0 180 0 0 1 0 -4.371139E-08 0 2
10.6847 FirstCar -6.985551 0.025 2.97 0 90 0 0 0.7071068 0 0.7071068 0 2
10.6865 Head -0.6626843 1.6 0.1721521 10.875 330.2249 0 0.09157901 -0.255767 0.02434601 0.962083
10.6865 SecondCar 3.7 0.025 15.92929 0 180 0 0 1 0 -4.371139E-08 0 2
10.6865 FirstCar -6.985551 0.025 2.97 0 90 0 0 0.7071068 0 0.7071068 0 2
10.6882 Head -0.6626843 1.6 0.1721521 10.875 330.2249 0 0.09157901 -0.255767 0.02434601 0.962083
10.6882 SecondCar 3.7 0.025 15.92929 0 180 0 0 1 0 -4.371139E-08 0 2
10.6882 FirstCar -6.985551 0.025 2.97 0 90 0 0 0.7071068 0 0.7071068 0 2
10.6903 Head -0.6626843 1.6 0.1721521 10.875 330.2249 0 0.09157901 -0.255767 0.02434601 0.962083
10.6903 SecondCar 3.7 0.025 15.92929 0 180 0 0 1 0 -4.371139E-08 0 2
10.6903 FirstCar -6.985551 0.025 2.97 0 90 0 0 0.7071068 0 0.7071068 0 2
10.6922 Head -0.6626843 1.6 0.1721521 10.875 330.2249 0 0.09157901 -0.255767 0.02434601 0.962083
10.6922 SecondCar 3.7 0.025 15.92929 0 180 0 0 1 0 -4.371139E-08 0 2
10.6922 FirstCar -6.985551 0.025 2.97 0 90 0 0 0.7071068 0 0.7071068 0 2
10.6941 Head -0.6626843 1.6 0.1721521 10.875 330.2249 0 0.09157901 -0.255767 0.02434601 0.962083
10.6941 SecondCar 3.7 0.025 15.92929 0 180 0 0 1 0 -4.371139E-08 0 2
10.6941 FirstCar -6.985551 0.025 2.97 0 90 0 0 0.7071068 0 0.7071068 0 2
10.6961 Head -0.6626843 1.6 0.1721521 10.875 330.2249 0 0.09157901 -0.255767 0.02434601 0.962083
10.6961 SecondCar 3.7 0.025 15.92929 0 180 0 0 1 0 -4.371139E-08 0 2
10.6961 FirstCar -6.985551 0.025 2.97 0 90 0 0 0.7071068 0 0.7071068 0 2
10.6980 Head -0.6626843 1.6 0.1721521 10.875 330.2249 0 0.09157901 -0.255767 0.02434601 0.962083
10.6980 SecondCar 3.7 0.025 15.92929 0 180 0 0 1 0 -4.371139E-08 0 2
10.6980 FirstCar -6.985551 0.025 2.97 0 90 0 0 0.7071068 0 0.7071068 0 2
10.6998 Head -0.6626843 1.6 0.1721521 10.875 330.2249 0 0.09157901 -0.255767 0.02434601 0.962083
10.6998 SecondCar 3.7 0.025 15.92929 0 180 0 0 1 0 -4.371139E-08 0 2
10.6998 FirstCar -6.985551 0.025 2.97 0 90 0 0 0.7071068 0 0.7071068 0 2
10.7017 Head -0.6626843 1.6 0.1721521 10.875 330.2249 0 0.09157901 -0.255767 0.02434601 0.962083
10.7017 SecondCar 3.7 0.025 15.92929 0 180 0 0 1 0 -4.371139E-08 0 2
10.7017 FirstCar -6.985551 0.025 2.97 0 90 0 0 0.7071068 0 0.7071068 0 2
10.7034 Head -0.6626843 1.6 0.1721521 10.875 330.2249 0 0.09157901 -0.255767 0.02434601 0.962083
10.7034 SecondCar 3.7 0.025 15.92929 0 180 0 0 1 0 -4.371139E-08 0 2
10.7034 FirstCar -6.985551 0.025 2.97 0 90 0 0 0.7071068 0 0.7071068 0 2
10.7054 Head -0.6626843 1.6 0.1721521 10.875 330.2249 0 0.09157901 -0.255767 0.02434601 0.962083
10.7054 SecondCar 3.7 0.025 15.92929 0 180 0 0 1 0 -4.371139E-08 0 2
10.7054 FirstCar -6.985551 0.025 2.97 0 90 0 0 0.7071068 0 0.7071068 0 2
10.7079 Head -0.6626843 1.6 0.1721521 10.875 330.2249 0 0.09157901 -0.255767 0.02434601 0.962083
10.7079 SecondCar 3.7 0.025 15.92929 0 180 0 0 1 0 -4.371139E-08 0 2
10.7079 FirstCar -6.985551 0.025 2.97 0 90 0 0 0.7071068 0 0.7071068 0 2
10.7100 Head -0.6626843 1.6 0.1721521 10.875 330.2249 0 0.09157901 -0.255767 0.02434601 0.962083
10.7100 SecondCar 3.7 0.025 15.92929 0 180 0 0 1 0 -4.371139E-08 0 2
10.7100 FirstCar -6.985551 0.025 2.97 0 90 0 0 0.7071068 0 0.7071068 0 2
10.7120 Head -0.6626843 1.6 0.1721521 10.875 330.2249 0 0.09157901 -0.255767 0.02434601 0.962083
10.7120 SecondCar 3.7 0.025 15.92929 0 180 0 0 1 0 -4.371139E-08 0 2
10.7120 FirstCar -6.985551 0.025 2.97 0 90 0 0 0.7071068 0 0.7071068 0 2
10.7140 Head -0.6626843 1.6 0.1721521 10.875 330.2249 0 0.09157901 -0.255767 0.02434601 0.962083
10.7140 SecondCar 3.7 0.025 15.92929 0 180 0 0 1 0 -4.371139E-08 0 2
10.7140 FirstCar -6.985551 0.025 2.97 0 90 0 0 0.7071068 0 0.7071068 0 2
10.7159 Head -0.6626843 1.6 0.1721521 10.875 330.2249 0 0.09157901 -0.255767 0.02434601 0.962083
10.7159 SecondCar 3.7 0.025 15.92929 0 180 0 0 1 0 -4.371139E-08 0 2
10.7159 FirstCar -6.985551 0.025 2.97 0 90 0 0 0.7071068 0 0.7071068 0 2
10.7178 Head -0.6626843 1.6 0.1721521 10.875 330.2249 0 0.09157901 -0.255767 0.02434601 0.962083
10.7178 SecondCar 3.7 0.025 15.92929 0 180 0 0 1 0 -4.371139E-08 0 2
10.7178 FirstCar -6.985551 0.025 2.97 0 90 0 0 0.7071068 0 0.7071068 0 2
10.7196 Head -0.6626843 1.6 0.1721521 10.875 330.2249 0 0.09157901 -0.255767 0.02434601 0.962083
10.7196 SecondCar 3.7 0.025 15.92929 0 180 0 0 1 0 -4.371139E-08 0 2
10.7196 FirstCar -6.985551 0.025 2.97 0 90 0 0 0.7071068 0 0.7071068 0 2
10.7213 Head -0.6626843 1.6 0.1721521 10.875 330.2249 0 0.09157901 -0.255767 0.02434601 0.962083
10.7213 SecondCar 3.7 0.025 15.92929 0 180 0 0 1 0 -4.371139E-08 0 2
10.7213 FirstCar -6.985551 0.025 2.97 0 90 0 0 0.7071068 0 0.7071068 0 2
10.7232 Head -0.6626843 1.6 0.1721521 10.875 330.2249 0 0.09157901 -0.255767 0.02434601 0.962083
10.7232 SecondCar 3.7 0.025 15.92929 0 180 0 0 1 0 -4.371139E-08 0 2
10.7232 FirstCar -6.985551 0.025 2.97 0 90 0 0 0.7071068 0 0.7071068 0 2
10.7252 Head -0.6626843 1.6 0.1721521 10.875 330.2249 0 0.09157901 -0.255767 0.02434601 0.962083
10.7252 SecondCar 3.7 0.025 15.92929 0 180 0 0 1 0 -4.371139E-08 0 2
10.7252 FirstCar -6.985551 0.025 2.97 0 90 0 0 0.7071068 0 0.7071068 0 2
10.7272 Head -0.6626843 1.6 0.1721521 10.875 330.2249 0 0.09157901 -0.255767 0.02434601 0.962083
10.7272 SecondCar 3.7 0.025 15.92929 0 180 0 0 1 0 -4.371139E-08 0 2
10.7272 FirstCar -6.985551 0.025 2.97 0 90 0 0 0.7071068 0 0.7071068 0 2
10.7294 Head -0.6626843 1.6 0.1721521 10.875 330.2249 0 0.09157901 -0.255767 0.02434601 0.962083
10.7294 SecondCar 3.7 0.025 15.92929 0 180 0 0 1 0 -4.371139E-08 0 2
10.7294 FirstCar -6.985551 0.025 2.97 0 90 0 0 0.7071068 0 0.7071068 0 2
10.7313 Head -0.6626843 1.6 0.1721521 10.875 330.2249 0 0.09157901 -0.255767 0.02434601 0.962083
10.7313 SecondCar 3.7 0.025 15.92929 0 180 0 0 1 0 -4.371139E-08 0 2
10.7313 FirstCar -6.985551 0.025 2.97 0 90 0 0 0.7071068 0 0.7071068 0 2
10.7330 Head -0.6626843 1.6 0.1721521 10.875 330.2249 0 0.09157901 -0.255767 0.02434601 0.962083
10.7330 SecondCar 3.7 0.025 15.92929 0 180 0 0 1 0 -4.371139E-08 0 2
10.7330 FirstCar -6.985551 0.025 2.97 0 90 0 0 0.7071068 0 0.7071068 0 2
10.7348 Head -0.6626843 1.6 0.1721521 10.875 330.2249 0 0.09157901 -0.255767 0.02434601 0.962083
10.7348 SecondCar 3.7 0.025 15.92929 0 180 0 0 1 0 -4.371139E-08 0 2
10.7348 FirstCar -6.985551 0.025 2.97 0 90 0 0 0.7071068 0 0.7071068 0 2
10.7367 Head -0.6626843 1.6 0.1721521 10.875 330.2249 0 0.09157901 -0.255767 0.02434601 0.962083
10.7367 SecondCar 3.7 0.025 15.92929 0 180 0 0 1 0 -4.371139E-08 0 2
10.7367 FirstCar -6.985551 0.025 2.97 0 90 0 0 0.7071068 0 0.7071068 0 2
10.7384 Head -0.6626843 1.6 0.1721521 10.875 330.2249 0 0.09157901 -0.255767 0.02434601 0.962083
10.7384 SecondCar 3.7 0.025 15.92929 0 180 0 0 1 0 -4.371139E-08 0 2
10.7384 FirstCar -6.985551 0.025 2.97 0 90 0 0 0.7071068 0 0.7071068 0 2
10.7402 Head -0.6626843 1.6 0.1721521 10.875 330.2249 0 0.09157901 -0.255767 0.02434601 0.962083
10.7402 SecondCar 3.7 0.025 15.92929 0 180 0 0 1 0 -4.371139E-08 0 2
10.7402 FirstCar -6.985551 0.025 2.97 0 90 0 0 0.7071068 0 0.7071068 0 2
10.7419 Head -0.6626843 1.6 0.1721521 10.875 330.2249 0 0.09157901 -0.255767 0.02434601 0.962083
10.7419 SecondCar 3.7 0.025 15.92929 0 180 0 0 1 0 -4.371139E-08 0 2
10.7419 FirstCar -6.985551 0.025 2.97 0 90 0 0 0.7071068 0 0.7071068 0 2
10.7436 Head -0.6626843 1.6 0.1721521 10.875 330.2249 0 0.09157901 -0.255767 0.02434601 0.962083
10.7436 SecondCar 3.7 0.025 15.92929 0 180 0 0 1 0 -4.371139E-08 0 2
10.7436 FirstCar -6.985551 0.025 2.97 0 90 0 0 0.7071068 0 0.7071068 0 2
10.7454 Head -0.6626843 1.6 0.1721521 10.875 330.2249 0 0.09157901 -0.255767 0.02434601 0.962083
10.7454 SecondCar 3.7 0.025 15.92929 0 180 0 0 1 0 -4.371139E-08 0 2
10.7454 FirstCar -6.985551 0.025 2.97 0 90 0 0 0.7071068 0 0.7071068 0 2
10.7471 Head -0.6626843 1.6 0.1721521 10.875 330.2249 0 0.09157901 -0.255767 0.02434601 0.962083
10.7471 SecondCar 3.7 0.025 15.92929 0 180 0 0 1 0 -4.371139E-08 0 2
10.7471 FirstCar -6.985551 0.025 2.97 0 90 0 0 0.7071068 0 0.7071068 0 2
10.7491 Head -0.6626843 1.6 0.1721521 10.875 330.2249 0 0.09157901 -0.255767 0.02434601 0.962083
10.7491 SecondCar 3.7 0.025 15.92929 0 180 0 0 1 0 -4.371139E-08 0 2
10.7491 FirstCar -6.985551 0.025 2.97 0 90 0 0 0.7071068 0 0.7071068 0 2
10.7508 Head -0.6626843 1.6 0.1721521 10.875 330.2249 0 0.09157901 -0.255767 0.02434601 0.962083
10.7508 SecondCar 3.7 0.025 15.92929 0 180 0 0 1 0 -4.371139E-08 0 2
10.7508 FirstCar -6.985551 0.025 2.97 0 90 0 0 0.7071068 0 0.7071068 0 2
10.7526 Head -0.6626843 1.6 0.1721521 10.875 330.2249 0 0.09157901 -0.255767 0.02434601 0.962083
10.7526 SecondCar 3.7 0.025 15.92929 0 180 0 0 1 0 -4.371139E-08 0 2
10.7526 FirstCar -6.985551 0.025 2.97 0 90 0 0 0.7071068 0 0.7071068 0 2
10.7544 Head -0.6626843 1.6 0.1721521 10.875 330.2249 0 0.09157901 -0.255767 0.02434601 0.962083
10.7544 SecondCar 3.7 0.025 15.92929 0 180 0 0 1 0 -4.371139E-08 0 2
10.7544 FirstCar -6.985551 0.025 2.97 0 90 0 0 0.7071068 0 0.7071068 0 2
10.7565 Head -0.6626843 1.6 0.1721521 10.875 330.2249 0 0.09157901 -0.255767 0.02434601 0.962083
10.7565 SecondCar 3.7 0.025 15.92929 0 180 0 0 1 0 -4.371139E-08 0 2
10.7565 FirstCar -6.985551 0.025 2.97 0 90 0 0 0.7071068 0 0.7071068 0 2
10.7585 Head -0.6626843 1.6 0.1721521 10.875 330.2249 0 0.09157901 -0.255767 0.02434601 0.962083
10.7585 SecondCar 3.7 0.025 15.92929 0 180 0 0 1 0 -4.371139E-08 0 2
10.7585 FirstCar -6.985551 0.025 2.97 0 90 0 0 0.7071068 0 0.7071068 0 2
10.7603 Head -0.6626843 1.6 0.1721521 10.875 330.2249 0 0.09157901 -0.255767 0.02434601 0.962083
10.7603 SecondCar 3.7 0.025 15.92929 0 180 0 0 1 0 -4.371139E-08 0 2
10.7603 FirstCar -6.985551 0.025 2.97 0 90 0 0 0.7071068 0 0.7071068 0 2
10.7620 Head -0.6626843 1.6 0.1721521 10.875 330.2249 0 0.09157901 -0.255767 0.02434601 0.962083
10.7620 SecondCar 3.7 0.025 15.92929 0 180 0 0 1 0 -4.371139E-08 0 2
10.7620 FirstCar -6.985551 0.025 2.97 0 90 0 0 0.7071068 0 0.7071068 0 2
10.7637 Head -0.6626843 1.6 0.1721521 10.875 330.2249 0 0.09157901 -0.255767 0.02434601 0.962083
10.7637 SecondCar 3.7 0.025 15.92929 0 180 0 0 1 0 -4.371139E-08 0 2
10.7637 FirstCar -6.985551 0.025 2.97 0 90 0 0 0.7071068 0 0.7071068 0 2
10.7654 Head -0.6626843 1.6 0.1721521 10.875 330.2249 0 0.09157901 -0.255767 0.02434601 0.962083
10.7654 SecondCar 3.7 0.025 15.92929 0 180 0 0 1 0 -4.371139E-08 0 2
10.7654 FirstCar -6.985551 0.025 2.97 0 90 0 0 0.7071068 0 0.7071068 0 2
10.7673 Head -0.6626843 1.6 0.1721521 10.875 330.2249 0 0.09157901 -0.255767 0.02434601 0.962083
10.7673 SecondCar 3.7 0.025 15.92929 0 180 0 0 1 0 -4.371139E-08 0 2
10.7673 FirstCar -6.985551 0.025 2.97 0 90 0 0 0.7071068 0 0.7071068 0 2
10.7695 Head -0.6626843 1.6 0.1721521 10.875 330.2249 0 0.09157901 -0.255767 0.02434601 0.962083
10.7695 SecondCar 3.7 0.025 15.92929 0 180 0 0 1 0 -4.371139E-08 0 2
10.7695 FirstCar -6.985551 0.025 2.97 0 90 0 0 0.7071068 0 0.7071068 0 2
10.7713 Head -0.6626843 1.6 0.1721521 10.875 330.2249 0 0.09157901 -0.255767 0.02434601 0.962083
10.7713 SecondCar 3.7 0.025 15.92929 0 180 0 0 1 0 -4.371139E-08 0 2
10.7713 FirstCar -6.985551 0.025 2.97 0 90 0 0 0.7071068 0 0.7071068 0 2
10.7732 Head -0.6626843 1.6 0.1721521 10.875 330.2249 0 0.09157901 -0.255767 0.02434601 0.962083
10.7732 SecondCar 3.7 0.025 15.92929 0 180 0 0 1 0 -4.371139E-08 0 2
10.7732 FirstCar -6.985551 0.025 2.97 0 90 0 0 0.7071068 0 0.7071068 0 2
10.7753 Head -0.6626843 1.6 0.1721521 10.875 330.2249 0 0.09157901 -0.255767 0.02434601 0.962083
10.7753 SecondCar 3.7 0.025 15.92929 0 180 0 0 1 0 -4.371139E-08 0 2
10.7753 FirstCar -6.985551 0.025 2.97 0 90 0 0 0.7071068 0 0.7071068 0 2
10.7772 Head -0.6626843 1.6 0.1721521 10.875 330.2249 0 0.09157901 -0.255767 0.02434601 0.962083
10.7772 SecondCar 3.7 0.025 15.92929 0 180 0 0 1 0 -4.371139E-08 0 2
10.7772 FirstCar -6.985551 0.025 2.97 0 90 0 0 0.7071068 0 0.7071068 0 2
10.7792 Head -0.6626843 1.6 0.1721521 10.875 330.2249 0 0.09157901 -0.255767 0.02434601 0.962083
10.7792 SecondCar 3.7 0.025 15.92929 0 180 0 0 1 0 -4.371139E-08 0 2
10.7792 FirstCar -6.985551 0.025 2.97 0 90 0 0 0.7071068 0 0.7071068 0 2
10.7811 Head -0.6626843 1.6 0.1721521 10.875 330.2249 0 0.09157901 -0.255767 0.02434601 0.962083
10.7811 SecondCar 3.7 0.025 15.92929 0 180 0 0 1 0 -4.371139E-08 0 2
10.7811 FirstCar -6.985551 0.025 2.97 0 90 0 0 0.7071068 0 0.7071068 0 2
10.7829 Head -0.6626843 1.6 0.1721521 10.875 330.2249 0 0.09157901 -0.255767 0.02434601 0.962083
10.7829 SecondCar 3.7 0.025 15.92929 0 180 0 0 1 0 -4.371139E-08 0 2
10.7829 FirstCar -6.985551 0.025 2.97 0 90 0 0 0.7071068 0 0.7071068 0 2
10.7848 Head -0.6626843 1.6 0.1721521 10.875 330.2249 0 0.09157901 -0.255767 0.02434601 0.962083
10.7848 SecondCar 3.7 0.025 15.92929 0 180 0 0 1 0 -4.371139E-08 0 2
10.7848 FirstCar -6.985551 0.025 2.97 0 90 0 0 0.7071068 0 0.7071068 0 2
10.7867 Head -0.6626843 1.6 0.1721521 10.875 330.2249 0 0.09157901 -0.255767 0.02434601 0.962083
10.7867 SecondCar 3.7 0.025 15.92929 0 180 0 0 1 0 -4.371139E-08 0 2
10.7867 FirstCar -6.985551 0.025 2.97 0 90 0 0 0.7071068 0 0.7071068 0 2
10.7887 Head -0.6626843 1.6 0.1721521 10.875 330.2249 0 0.09157901 -0.255767 0.02434601 0.962083
10.7887 SecondCar 3.7 0.025 15.92929 0 180 0 0 1 0 -4.371139E-08 0 2
10.7887 FirstCar -6.985551 0.025 2.97 0 90 0 0 0.7071068 0 0.7071068 0 2
10.7909 Head -0.6626843 1.6 0.1721521 10.875 330.2249 0 0.09157901 -0.255767 0.02434601 0.962083
10.7909 SecondCar 3.7 0.025 15.92929 0 180 0 0 1 0 -4.371139E-08 0 2
10.7909 FirstCar -6.985551 0.025 2.97 0 90 0 0 0.7071068 0 0.7071068 0 2
10.7928 Head -0.6626843 1.6 0.1721521 10.875 330.2249 0 0.09157901 -0.255767 0.02434601 0.962083
10.7928 SecondCar 3.7 0.025 15.92929 0 180 0 0 1 0 -4.371139E-08 0 2
10.7928 FirstCar -6.985551 0.025 2.97 0 90 0 0 0.7071068 0 0.7071068 0 2
10.7947 Head -0.6626843 1.6 0.1721521 10.875 330.2249 0 0.09157901 -0.255767 0.02434601 0.962083
10.7947 SecondCar 3.7 0.025 15.92929 0 180 0 0 1 0 -4.371139E-08 0 2
10.7947 FirstCar -6.985551 0.025 2.97 0 90 0 0 0.7071068 0 0.7071068 0 2
10.7965 Head -0.6626843 1.6 0.1721521 10.875 330.2249 0 0.09157901 -0.255767 0.02434601 0.962083
10.7965 SecondCar 3.7 0.025 15.92929 0 180 0 0 1 0 -4.371139E-08 0 2
10.7965 FirstCar -6.985551 0.025 2.97 0 90 0 0 0.7071068 0 0.7071068 0 2
10.7982 Head -0.6626843 1.6 0.1721521 10.875 330.2249 0 0.09157901 -0.255767 0.02434601 0.962083
10.7982 SecondCar 3.7 0.025 15.92929 0 180 0 0 1 0 -4.371139E-08 0 2
10.7982 FirstCar -6.985551 0.025 2.97 0 90 0 0 0.7071068 0 0.7071068 0 2
10.7999 Head -0.6626843 1.6 0.1721521 10.875 330.2249 0 0.09157901 -0.255767 0.02434601 0.962083
10.7999 SecondCar 3.7 0.025 15.92929 0 180 0 0 1 0 -4.371139E-08 0 2
10.7999 FirstCar -6.985551 0.025 2.97 0 90 0 0 0.7071068 0 0.7071068 0 2
10.8016 Head -0.6626843 1.6 0.1721521 10.875 330.2249 0 0.09157901 -0.255767 0.02434601 0.962083
10.8016 SecondCar 3.7 0.025 15.92929 0 180 0 0 1 0 -4.371139E-08 0 2
10.8016 FirstCar -6.985551 0.025 2.97 0 90 0 0 0.7071068 0 0.7071068 0 2
10.8032 Head -0.6626843 1.6 0.1721521 10.875 330.2249 0 0.09157901 -0.255767 0.02434601 0.962083
10.8032 SecondCar 3.7 0.025 15.92929 0 180 0 0 1 0 -4.371139E-08 0 2
10.8032 FirstCar -6.985551 0.025 2.97 0 90 0 0 0.7071068 0 0.7071068 0 2
10.8051 Head -0.6626843 1.6 0.1721521 10.875 330.2249 0 0.09157901 -0.255767 0.02434601 0.962083
10.8051 SecondCar 3.7 0.025 15.92929 0 180 0 0 1 0 -4.371139E-08 0 2
10.8051 FirstCar -6.985551 0.025 2.97 0 90 0 0 0.7071068 0 0.7071068 0 2
10.8069 Head -0.6626843 1.6 0.1721521 10.875 330.2249 0 0.09157901 -0.255767 0.02434601 0.962083
10.8069 SecondCar 3.7 0.025 15.92929 0 180 0 0 1 0 -4.371139E-08 0 2
10.8069 FirstCar -6.985551 0.025 2.97 0 90 0 0 0.7071068 0 0.7071068 0 2
10.8087 Head -0.6626843 1.6 0.1721521 10.875 330.2249 0 0.09157901 -0.255767 0.02434601 0.962083
10.8087 SecondCar 3.7 0.025 15.92929 0 180 0 0 1 0 -4.371139E-08 0 2
10.8087 FirstCar -6.985551 0.025 2.97 0 90 0 0 0.7071068 0 0.7071068 0 2
10.8106 Head -0.6626843 1.6 0.1721521 10.875 330.2249 0 0.09157901 -0.255767 0.02434601 0.962083
10.8106 SecondCar 3.7 0.025 15.92929 0 180 0 0 1 0 -4.371139E-08 0 2
10.8106 FirstCar -6.985551 0.025 2.97 0 90 0 0 0.7071068 0 0.7071068 0 2
10.8123 Head -0.6626843 1.6 0.1721521 10.875 330.2249 0 0.09157901 -0.255767 0.02434601 0.962083
10.8123 SecondCar 3.7 0.025 15.92929 0 180 0 0 1 0 -4.371139E-08 0 2
10.8123 FirstCar -6.985551 0.025 2.97 0 90 0 0 0.7071068 0 0.7071068 0 2
10.8141 Head -0.6626843 1.6 0.1721521 10.875 330.2249 0 0.09157901 -0.255767 0.02434601 0.962083
10.8141 SecondCar 3.7 0.025 15.92929 0 180 0 0 1 0 -4.371139E-08 0 2
10.8141 FirstCar -6.985551 0.025 2.97 0 90 0 0 0.7071068 0 0.7071068 0 2
10.8159 Head -0.6626843 1.6 0.1721521 10.875 330.2249 0 0.09157901 -0.255767 0.02434601 0.962083
10.8159 SecondCar 3.7 0.025 15.92929 0 180 0 0 1 0 -4.371139E-08 0 2
10.8159 FirstCar -6.985551 0.025 2.97 0 90 0 0 0.7071068 0 0.7071068 0 2
10.8178 Head -0.6626843 1.6 0.1721521 10.875 330.2249 0 0.09157901 -0.255767 0.02434601 0.962083
10.8178 SecondCar 3.7 0.025 15.92929 0 180 0 0 1 0 -4.371139E-08 0 2
10.8178 FirstCar -6.985551 0.025 2.97 0 90 0 0 0.7071068 0 0.7071068 0 2
10.8198 Head -0.6626843 1.6 0.1721521 10.875 330.2249 0 0.09157901 -0.255767 0.02434601 0.962083
10.8198 SecondCar 3.7 0.025 15.92929 0 180 0 0 1 0 -4.371139E-08 0 2
10.8198 FirstCar -6.985551 0.025 2.97 0 90 0 0 0.7071068 0 0.7071068 0 2
10.8217 Head -0.6626843 1.6 0.1721521 10.875 330.2249 0 0.09157901 -0.255767 0.02434601 0.962083
10.8217 SecondCar 3.7 0.025 15.92929 0 180 0 0 1 0 -4.371139E-08 0 2
10.8217 FirstCar -6.985551 0.025 2.97 0 90 0 0 0.7071068 0 0.7071068 0 2
10.8237 Head -0.6626843 1.6 0.1721521 10.875 330.2249 0 0.09157901 -0.255767 0.02434601 0.962083
10.8237 SecondCar 3.7 0.025 15.92929 0 180 0 0 1 0 -4.371139E-08 0 2
10.8237 FirstCar -6.985551 0.025 2.97 0 90 0 0 0.7071068 0 0.7071068 0 2
10.8258 Head -0.6626843 1.6 0.1721521 10.875 330.2249 0 0.09157901 -0.255767 0.02434601 0.962083
10.8258 SecondCar 3.7 0.025 15.92929 0 180 0 0 1 0 -4.371139E-08 0 2
10.8258 FirstCar -6.985551 0.025 2.97 0 90 0 0 0.7071068 0 0.7071068 0 2
10.8276 Head -0.6626843 1.6 0.1721521 10.875 330.2249 0 0.09157901 -0.255767 0.02434601 0.962083
10.8276 SecondCar 3.7 0.025 15.92929 0 180 0 0 1 0 -4.371139E-08 0 2
10.8276 FirstCar -6.985551 0.025 2.97 0 90 0 0 0.7071068 0 0.7071068 0 2
10.8296 Head -0.6626843 1.6 0.1721521 10.875 330.2249 0 0.09157901 -0.255767 0.02434601 0.962083
10.8296 SecondCar 3.7 0.025 15.92929 0 180 0 0 1 0 -4.371139E-08 0 2
10.8296 FirstCar -6.985551 0.025 2.97 0 90 0 0 0.7071068 0 0.7071068 0 2
10.8313 Head -0.6626843 1.6 0.1721521 10.875 330.2249 0 0.09157901 -0.255767 0.02434601 0.962083
10.8313 SecondCar 3.7 0.025 15.92929 0 180 0 0 1 0 -4.371139E-08 0 2
10.8313 FirstCar -6.985551 0.025 2.97 0 90 0 0 0.7071068 0 0.7071068 0 2
10.8331 Head -0.6626843 1.6 0.1721521 10.875 330.2249 0 0.09157901 -0.255767 0.02434601 0.962083
10.8331 SecondCar 3.7 0.025 15.92929 0 180 0 0 1 0 -4.371139E-08 0 2
10.8331 FirstCar -6.985551 0.025 2.97 0 90 0 0 0.7071068 0 0.7071068 0 2
10.8350 Head -0.6626843 1.6 0.1721521 10.875 330.2249 0 0.09157901 -0.255767 0.02434601 0.962083
10.8350 SecondCar 3.7 0.025 15.92929 0 180 0 0 1 0 -4.371139E-08 0 2
10.8350 FirstCar -6.985551 0.025 2.97 0 90 0 0 0.7071068 0 0.7071068 0 2
10.8371 Head -0.6626843 1.6 0.1721521 10.875 330.2249 0 0.09157901 -0.255767 0.02434601 0.962083
10.8371 SecondCar 3.7 0.025 15.92929 0 180 0 0 1 0 -4.371139E-08 0 2
10.8371 FirstCar -6.985551 0.025 2.97 0 90 0 0 0.7071068 0 0.7071068 0 2
10.8389 Head -0.6626843 1.6 0.1721521 10.875 330.2249 0 0.09157901 -0.255767 0.02434601 0.962083
10.8389 SecondCar 3.7 0.025 15.92929 0 180 0 0 1 0 -4.371139E-08 0 2
10.8389 FirstCar -6.985551 0.025 2.97 0 90 0 0 0.7071068 0 0.7071068 0 2
10.8409 Head -0.6626843 1.6 0.1721521 10.875 330.2249 0 0.09157901 -0.255767 0.02434601 0.962083
10.8409 SecondCar 3.7 0.025 15.92929 0 180 0 0 1 0 -4.371139E-08 0 2
10.8409 FirstCar -6.985551 0.025 2.97 0 90 0 0 0.7071068 0 0.7071068 0 2
10.8428 Head -0.6626843 1.6 0.1721521 10.875 330.2249 0 0.09157901 -0.255767 0.02434601 0.962083
10.8428 SecondCar 3.7 0.025 15.92929 0 180 0 0 1 0 -4.371139E-08 0 2
10.8428 FirstCar -6.985551 0.025 2.97 0 90 0 0 0.7071068 0 0.7071068 0 2
10.8447 Head -0.6626843 1.6 0.1721521 10.875 330.2249 0 0.09157901 -0.255767 0.02434601 0.962083
10.8447 SecondCar 3.7 0.025 15.92929 0 180 0 0 1 0 -4.371139E-08 0 2
10.8447 FirstCar -6.985551 0.025 2.97 0 90 0 0 0.7071068 0 0.7071068 0 2
10.8468 Head -0.6626843 1.6 0.1721521 10.875 330.2249 0 0.09157901 -0.255767 0.02434601 0.962083
10.8468 SecondCar 3.7 0.025 15.92929 0 180 0 0 1 0 -4.371139E-08 0 2
10.8468 FirstCar -6.985551 0.025 2.97 0 90 0 0 0.7071068 0 0.7071068 0 2
10.8487 Head -0.6626843 1.6 0.1721521 10.875 330.2249 0 0.09157901 -0.255767 0.02434601 0.962083
10.8487 SecondCar 3.7 0.025 15.92929 0 180 0 0 1 0 -4.371139E-08 0 2
10.8487 FirstCar -6.985551 0.025 2.97 0 90 0 0 0.7071068 0 0.7071068 0 2
10.8513 Head -0.6626843 1.6 0.1721521 10.875 330.2249 0 0.09157901 -0.255767 0.02434601 0.962083
10.8513 SecondCar 3.7 0.025 15.92929 0 180 0 0 1 0 -4.371139E-08 0 2
10.8513 FirstCar -6.985551 0.025 2.97 0 90 0 0 0.7071068 0 0.7071068 0 2
10.8537 Head -0.6626843 1.6 0.1721521 10.875 330.2249 0 0.09157901 -0.255767 0.02434601 0.962083
10.8537 SecondCar 3.7 0.025 15.92929 0 180 0 0 1 0 -4.371139E-08 0 2
10.8537 FirstCar -6.985551 0.025 2.97 0 90 0 0 0.7071068 0 0.7071068 0 2
10.8558 Head -0.6626843 1.6 0.1721521 10.875 330.2249 0 0.09157901 -0.255767 0.02434601 0.962083
10.8558 SecondCar 3.7 0.025 15.92929 0 180 0 0 1 0 -4.371139E-08 0 2
10.8558 FirstCar -6.985551 0.025 2.97 0 90 0 0 0.7071068 0 0.7071068 0 2
10.8578 Head -0.6626843 1.6 0.1721521 10.875 330.2249 0 0.09157901 -0.255767 0.02434601 0.962083
10.8578 SecondCar 3.7 0.025 15.92929 0 180 0 0 1 0 -4.371139E-08 0 2
10.8578 FirstCar -6.985551 0.025 2.97 0 90 0 0 0.7071068 0 0.7071068 0 2
10.8596 Head -0.6626843 1.6 0.1721521 10.875 330.2249 0 0.09157901 -0.255767 0.02434601 0.962083
10.8596 SecondCar 3.7 0.025 15.92929 0 180 0 0 1 0 -4.371139E-08 0 2
10.8596 FirstCar -6.985551 0.025 2.97 0 90 0 0 0.7071068 0 0.7071068 0 2
10.8614 Head -0.6626843 1.6 0.1721521 10.875 330.2249 0 0.09157901 -0.255767 0.02434601 0.962083
10.8614 SecondCar 3.7 0.025 15.92929 0 180 0 0 1 0 -4.371139E-08 0 2
10.8614 FirstCar -6.985551 0.025 2.97 0 90 0 0 0.7071068 0 0.7071068 0 2
10.8631 Head -0.6626843 1.6 0.1721521 10.875 330.2249 0 0.09157901 -0.255767 0.02434601 0.962083
10.8631 SecondCar 3.7 0.025 15.92929 0 180 0 0 1 0 -4.371139E-08 0 2
10.8631 FirstCar -6.985551 0.025 2.97 0 90 0 0 0.7071068 0 0.7071068 0 2
10.8649 Head -0.6626843 1.6 0.1721521 10.875 330.2249 0 0.09157901 -0.255767 0.02434601 0.962083
10.8649 SecondCar 3.7 0.025 15.92929 0 180 0 0 1 0 -4.371139E-08 0 2
10.8649 FirstCar -6.985551 0.025 2.97 0 90 0 0 0.7071068 0 0.7071068 0 2
10.8667 Head -0.6626843 1.6 0.1721521 10.875 330.2249 0 0.09157901 -0.255767 0.02434601 0.962083
10.8667 SecondCar 3.7 0.025 15.92929 0 180 0 0 1 0 -4.371139E-08 0 2
10.8667 FirstCar -6.985551 0.025 2.97 0 90 0 0 0.7071068 0 0.7071068 0 2
10.8684 Head -0.6626843 1.6 0.1721521 10.875 330.2249 0 0.09157901 -0.255767 0.02434601 0.962083
10.8684 SecondCar 3.7 0.025 15.92929 0 180 0 0 1 0 -4.371139E-08 0 2
10.8684 FirstCar -6.985551 0.025 2.97 0 90 0 0 0.7071068 0 0.7071068 0 2
10.8703 Head -0.6626843 1.6 0.1721521 10.875 330.2249 0 0.09157901 -0.255767 0.02434601 0.962083
10.8703 SecondCar 3.7 0.025 15.92929 0 180 0 0 1 0 -4.371139E-08 0 2
10.8703 FirstCar -6.985551 0.025 2.97 0 90 0 0 0.7071068 0 0.7071068 0 2
10.8721 Head -0.6626843 1.6 0.1721521 10.875 330.2249 0 0.09157901 -0.255767 0.02434601 0.962083
10.8721 SecondCar 3.7 0.025 15.92929 0 180 0 0 1 0 -4.371139E-08 0 2
10.8721 FirstCar -6.985551 0.025 2.97 0 90 0 0 0.7071068 0 0.7071068 0 2
10.8738 Head -0.6626843 1.6 0.1721521 10.875 330.2249 0 0.09157901 -0.255767 0.02434601 0.962083
10.8738 SecondCar 3.7 0.025 15.92929 0 180 0 0 1 0 -4.371139E-08 0 2
10.8738 FirstCar -6.985551 0.025 2.97 0 90 0 0 0.7071068 0 0.7071068 0 2
10.8758 Head -0.6626843 1.6 0.1721521 10.875 330.2249 0 0.09157901 -0.255767 0.02434601 0.962083
10.8758 SecondCar 3.7 0.025 15.92929 0 180 0 0 1 0 -4.371139E-08 0 2
10.8758 FirstCar -6.985551 0.025 2.97 0 90 0 0 0.7071068 0 0.7071068 0 2
10.8776 Head -0.6626843 1.6 0.1721521 10.875 330.2249 0 0.09157901 -0.255767 0.02434601 0.962083
10.8776 SecondCar 3.7 0.025 15.92929 0 180 0 0 1 0 -4.371139E-08 0 2
10.8776 FirstCar -6.985551 0.025 2.97 0 90 0 0 0.7071068 0 0.7071068 0 2
10.8793 Head -0.6626843 1.6 0.1721521 10.875 330.2249 0 0.09157901 -0.255767 0.02434601 0.962083
10.8793 SecondCar 3.7 0.025 15.92929 0 180 0 0 1 0 -4.371139E-08 0 2
10.8793 FirstCar -6.985551 0.025 2.97 0 90 0 0 0.7071068 0 0.7071068 0 2
10.8810 Head -0.6626843 1.6 0.1721521 10.875 330.2249 0 0.09157901 -0.255767 0.02434601 0.962083
10.8810 SecondCar 3.7 0.025 15.92929 0 180 0 0 1 0 -4.371139E-08 0 2
10.8810 FirstCar -6.985551 0.025 2.97 0 90 0 0 0.7071068 0 0.7071068 0 2
10.8829 Head -0.6626843 1.6 0.1721521 10.875 330.2249 0 0.09157901 -0.255767 0.02434601 0.962083
10.8829 SecondCar 3.7 0.025 15.92929 0 180 0 0 1 0 -4.371139E-08 0 2
10.8829 FirstCar -6.985551 0.025 2.97 0 90 0 0 0.7071068 0 0.7071068 0 2
10.8848 Head -0.6626843 1.6 0.1721521 10.875 330.2249 0 0.09157901 -0.255767 0.02434601 0.962083
10.8848 SecondCar 3.7 0.025 15.92929 0 180 0 0 1 0 -4.371139E-08 0 2
10.8848 FirstCar -6.985551 0.025 2.97 0 90 0 0 0.7071068 0 0.7071068 0 2
10.8870 Head -0.6626843 1.6 0.1721521 10.875 330.2249 0 0.09157901 -0.255767 0.02434601 0.962083
10.8870 SecondCar 3.7 0.025 15.92929 0 180 0 0 1 0 -4.371139E-08 0 2
10.8870 FirstCar -6.985551 0.025 2.97 0 90 0 0 0.7071068 0 0.7071068 0 2
10.8889 Head -0.6626843 1.6 0.1721521 10.875 330.2249 0 0.09157901 -0.255767 0.02434601 0.962083
10.8889 SecondCar 3.7 0.025 15.92929 0 180 0 0 1 0 -4.371139E-08 0 2
10.8889 FirstCar -6.985551 0.025 2.97 0 90 0 0 0.7071068 0 0.7071068 0 2
10.8910 Head -0.6626843 1.6 0.1721521 10.875 330.2249 0 0.09157901 -0.255767 0.02434601 0.962083
10.8910 SecondCar 3.7 0.025 15.92929 0 180 0 0 1 0 -4.371139E-08 0 2
10.8910 FirstCar -6.985551 0.025 2.97 0 90 0 0 0.7071068 0 0.7071068 0 2
10.8927 Head -0.6626843 1.6 0.1721521 10.875 330.2249 0 0.09157901 -0.255767 0.02434601 0.962083
10.8927 SecondCar 3.7 0.025 15.92929 0 180 0 0 1 0 -4.371139E-08 0 2
10.8927 FirstCar -6.985551 0.025 2.97 0 90 0 0 0.7071068 0 0.7071068 0 2
10.8945 Head -0.6626843 1.6 0.1721521 10.875 330.2249 0 0.09157901 -0.255767 0.02434601 0.962083
10.8945 SecondCar 3.7 0.025 15.92929 0 180 0 0 1 0 -4.371139E-08 0 2
10.8945 FirstCar -6.985551 0.025 2.97 0 90 0 0 0.7071068 0 0.7071068 0 2
10.8962 Head -0.6626843 1.6 0.1721521 10.875 330.2249 0 0.09157901 -0.255767 0.02434601 0.962083
10.8962 SecondCar 3.7 0.025 15.92929 0 180 0 0 1 0 -4.371139E-08 0 2
10.8962 FirstCar -6.985551 0.025 2.97 0 90 0 0 0.7071068 0 0.7071068 0 2
10.8980 Head -0.6626843 1.6 0.1721521 10.875 330.2249 0 0.09157901 -0.255767 0.02434601 0.962083
10.8980 SecondCar 3.7 0.025 15.92929 0 180 0 0 1 0 -4.371139E-08 0 2
10.8980 FirstCar -6.985551 0.025 2.97 0 90 0 0 0.7071068 0 0.7071068 0 2
10.8998 Head -0.6626843 1.6 0.1721521 10.875 330.2249 0 0.09157901 -0.255767 0.02434601 0.962083
10.8998 SecondCar 3.7 0.025 15.92929 0 180 0 0 1 0 -4.371139E-08 0 2
10.8998 FirstCar -6.985551 0.025 2.97 0 90 0 0 0.7071068 0 0.7071068 0 2
10.9016 Head -0.6626843 1.6 0.1721521 10.875 330.2249 0 0.09157901 -0.255767 0.02434601 0.962083
10.9016 SecondCar 3.7 0.025 15.92929 0 180 0 0 1 0 -4.371139E-08 0 2
10.9016 FirstCar -6.985551 0.025 2.97 0 90 0 0 0.7071068 0 0.7071068 0 2
10.9034 Head -0.6626843 1.6 0.1721521 10.875 330.2249 0 0.09157901 -0.255767 0.02434601 0.962083
10.9034 SecondCar 3.7 0.025 15.92929 0 180 0 0 1 0 -4.371139E-08 0 2
10.9034 FirstCar -6.985551 0.025 2.97 0 90 0 0 0.7071068 0 0.7071068 0 2
10.9053 Head -0.6626843 1.6 0.1721521 10.875 330.2249 0 0.09157901 -0.255767 0.02434601 0.962083
10.9053 SecondCar 3.7 0.025 15.92929 0 180 0 0 1 0 -4.371139E-08 0 2
10.9053 FirstCar -6.985551 0.025 2.97 0 90 0 0 0.7071068 0 0.7071068 0 2
10.9076 Head -0.6626843 1.6 0.1721521 10.875 330.2249 0 0.09157901 -0.255767 0.02434601 0.962083
10.9076 SecondCar 3.7 0.025 15.92929 0 180 0 0 1 0 -4.371139E-08 0 2
10.9076 FirstCar -6.985551 0.025 2.97 0 90 0 0 0.7071068 0 0.7071068 0 2
10.9101 Head -0.6626843 1.6 0.1721521 10.875 330.2249 0 0.09157901 -0.255767 0.02434601 0.962083
10.9101 SecondCar 3.7 0.025 15.92929 0 180 0 0 1 0 -4.371139E-08 0 2
10.9101 FirstCar -6.985551 0.025 2.97 0 90 0 0 0.7071068 0 0.7071068 0 2
10.9121 Head -0.6626843 1.6 0.1721521 10.875 330.2249 0 0.09157901 -0.255767 0.02434601 0.962083
10.9121 SecondCar 3.7 0.025 15.92929 0 180 0 0 1 0 -4.371139E-08 0 2
10.9121 FirstCar -6.985551 0.025 2.97 0 90 0 0 0.7071068 0 0.7071068 0 2
10.9142 Head -0.6626843 1.6 0.1721521 10.875 330.2249 0 0.09157901 -0.255767 0.02434601 0.962083
10.9142 SecondCar 3.7 0.025 15.92929 0 180 0 0 1 0 -4.371139E-08 0 2
10.9142 FirstCar -6.985551 0.025 2.97 0 90 0 0 0.7071068 0 0.7071068 0 2
10.9164 Head -0.6626843 1.6 0.1721521 10.875 330.2249 0 0.09157901 -0.255767 0.02434601 0.962083
10.9164 SecondCar 3.7 0.025 15.92929 0 180 0 0 1 0 -4.371139E-08 0 2
10.9164 FirstCar -6.985551 0.025 2.97 0 90 0 0 0.7071068 0 0.7071068 0 2
10.9184 Head -0.6626843 1.6 0.1721521 10.875 330.2249 0 0.09157901 -0.255767 0.02434601 0.962083
10.9184 SecondCar 3.7 0.025 15.92929 0 180 0 0 1 0 -4.371139E-08 0 2
10.9184 FirstCar -6.985551 0.025 2.97 0 90 0 0 0.7071068 0 0.7071068 0 2
10.9203 Head -0.6626843 1.6 0.1721521 10.875 330.2249 0 0.09157901 -0.255767 0.02434601 0.962083
10.9203 SecondCar 3.7 0.025 15.92929 0 180 0 0 1 0 -4.371139E-08 0 2
10.9203 FirstCar -6.985551 0.025 2.97 0 90 0 0 0.7071068 0 0.7071068 0 2
10.9221 Head -0.6626843 1.6 0.1721521 10.875 330.2249 0 0.09157901 -0.255767 0.02434601 0.962083
10.9221 SecondCar 3.7 0.025 15.92929 0 180 0 0 1 0 -4.371139E-08 0 2
10.9221 FirstCar -6.985551 0.025 2.97 0 90 0 0 0.7071068 0 0.7071068 0 2
10.9238 Head -0.6626843 1.6 0.1721521 10.875 330.2249 0 0.09157901 -0.255767 0.02434601 0.962083
10.9238 SecondCar 3.7 0.025 15.92929 0 180 0 0 1 0 -4.371139E-08 0 2
10.9238 FirstCar -6.985551 0.025 2.97 0 90 0 0 0.7071068 0 0.7071068 0 2
10.9256 Head -0.6626843 1.6 0.1721521 10.875 330.2249 0 0.09157901 -0.255767 0.02434601 0.962083
10.9256 SecondCar 3.7 0.025 15.92929 0 180 0 0 1 0 -4.371139E-08 0 2
10.9256 FirstCar -6.985551 0.025 2.97 0 90 0 0 0.7071068 0 0.7071068 0 2
10.9274 Head -0.6626843 1.6 0.1721521 10.875 330.2249 0 0.09157901 -0.255767 0.02434601 0.962083
10.9274 SecondCar 3.7 0.025 15.92929 0 180 0 0 1 0 -4.371139E-08 0 2
10.9274 FirstCar -6.985551 0.025 2.97 0 90 0 0 0.7071068 0 0.7071068 0 2
10.9293 Head -0.6626843 1.6 0.1721521 10.875 330.2249 0 0.09157901 -0.255767 0.02434601 0.962083
10.9293 SecondCar 3.7 0.025 15.92929 0 180 0 0 1 0 -4.371139E-08 0 2
10.9293 FirstCar -6.985551 0.025 2.97 0 90 0 0 0.7071068 0 0.7071068 0 2
10.9311 Head -0.6626843 1.6 0.1721521 10.875 330.2249 0 0.09157901 -0.255767 0.02434601 0.962083
10.9311 SecondCar 3.7 0.025 15.92929 0 180 0 0 1 0 -4.371139E-08 0 2
10.9311 FirstCar -6.985551 0.025 2.97 0 90 0 0 0.7071068 0 0.7071068 0 2
10.9330 Head -0.6626843 1.6 0.1721521 10.875 330.2249 0 0.09157901 -0.255767 0.02434601 0.962083
10.9330 SecondCar 3.7 0.025 15.92929 0 180 0 0 1 0 -4.371139E-08 0 2
10.9330 FirstCar -6.985551 0.025 2.97 0 90 0 0 0.7071068 0 0.7071068 0 2
10.9350 Head -0.6626843 1.6 0.1721521 10.875 330.2249 0 0.09157901 -0.255767 0.02434601 0.962083
10.9350 SecondCar 3.7 0.025 15.92929 0 180 0 0 1 0 -4.371139E-08 0 2
10.9350 FirstCar -6.985551 0.025 2.97 0 90 0 0 0.7071068 0 0.7071068 0 2
10.9368 Head -0.6626843 1.6 0.1721521 10.875 330.2249 0 0.09157901 -0.255767 0.02434601 0.962083
10.9368 SecondCar 3.7 0.025 15.92929 0 180 0 0 1 0 -4.371139E-08 0 2
10.9368 FirstCar -6.985551 0.025 2.97 0 90 0 0 0.7071068 0 0.7071068 0 2
10.9386 Head -0.6626843 1.6 0.1721521 10.875 330.2249 0 0.09157901 -0.255767 0.02434601 0.962083
10.9386 SecondCar 3.7 0.025 15.92929 0 180 0 0 1 0 -4.371139E-08 0 2
10.9386 FirstCar -6.985551 0.025 2.97 0 90 0 0 0.7071068 0 0.7071068 0 2
10.9404 Head -0.6626843 1.6 0.1721521 10.875 330.2249 0 0.09157901 -0.255767 0.02434601 0.962083
10.9404 SecondCar 3.7 0.025 15.92929 0 180 0 0 1 0 -4.371139E-08 0 2
10.9404 FirstCar -6.985551 0.025 2.97 0 90 0 0 0.7071068 0 0.7071068 0 2
10.9421 Head -0.6626843 1.6 0.1721521 10.875 330.2249 0 0.09157901 -0.255767 0.02434601 0.962083
10.9421 SecondCar 3.7 0.025 15.92929 0 180 0 0 1 0 -4.371139E-08 0 2
10.9421 FirstCar -6.985551 0.025 2.97 0 90 0 0 0.7071068 0 0.7071068 0 2
10.9438 Head -0.6626843 1.6 0.1721521 10.875 330.2249 0 0.09157901 -0.255767 0.02434601 0.962083
10.9438 SecondCar 3.7 0.025 15.92929 0 180 0 0 1 0 -4.371139E-08 0 2
10.9438 FirstCar -6.985551 0.025 2.97 0 90 0 0 0.7071068 0 0.7071068 0 2
10.9456 Head -0.6626843 1.6 0.1721521 10.875 330.2249 0 0.09157901 -0.255767 0.02434601 0.962083
10.9456 SecondCar 3.7 0.025 15.92929 0 180 0 0 1 0 -4.371139E-08 0 2
10.9456 FirstCar -6.985551 0.025 2.97 0 90 0 0 0.7071068 0 0.7071068 0 2
10.9474 Head -0.6626843 1.6 0.1721521 10.875 330.2249 0 0.09157901 -0.255767 0.02434601 0.962083
10.9474 SecondCar 3.7 0.025 15.92929 0 180 0 0 1 0 -4.371139E-08 0 2
10.9474 FirstCar -6.985551 0.025 2.97 0 90 0 0 0.7071068 0 0.7071068 0 2
10.9493 Head -0.6626843 1.6 0.1721521 10.875 330.2249 0 0.09157901 -0.255767 0.02434601 0.962083
10.9493 SecondCar 3.7 0.025 15.92929 0 180 0 0 1 0 -4.371139E-08 0 2
10.9493 FirstCar -6.985551 0.025 2.97 0 90 0 0 0.7071068 0 0.7071068 0 2
10.9510 Head -0.6626843 1.6 0.1721521 10.875 330.2249 0 0.09157901 -0.255767 0.02434601 0.962083
10.9510 SecondCar 3.7 0.025 15.92929 0 180 0 0 1 0 -4.371139E-08 0 2
10.9510 FirstCar -6.985551 0.025 2.97 0 90 0 0 0.7071068 0 0.7071068 0 2
10.9528 Head -0.6626843 1.6 0.1721521 10.875 330.2249 0 0.09157901 -0.255767 0.02434601 0.962083
10.9528 SecondCar 3.7 0.025 15.92929 0 180 0 0 1 0 -4.371139E-08 0 2
10.9528 FirstCar -6.985551 0.025 2.97 0 90 0 0 0.7071068 0 0.7071068 0 2
10.9545 Head -0.6626843 1.6 0.1721521 10.875 330.2249 0 0.09157901 -0.255767 0.02434601 0.962083
10.9545 SecondCar 3.7 0.025 15.92929 0 180 0 0 1 0 -4.371139E-08 0 2
10.9545 FirstCar -6.985551 0.025 2.97 0 90 0 0 0.7071068 0 0.7071068 0 2
10.9562 Head -0.6626843 1.6 0.1721521 10.875 330.2249 0 0.09157901 -0.255767 0.02434601 0.962083
10.9562 SecondCar 3.7 0.025 15.92929 0 180 0 0 1 0 -4.371139E-08 0 2
10.9562 FirstCar -6.985551 0.025 2.97 0 90 0 0 0.7071068 0 0.7071068 0 2
10.9580 Head -0.6626843 1.6 0.1721521 10.875 330.2249 0 0.09157901 -0.255767 0.02434601 0.962083
10.9580 SecondCar 3.7 0.025 15.92929 0 180 0 0 1 0 -4.371139E-08 0 2
10.9580 FirstCar -6.985551 0.025 2.97 0 90 0 0 0.7071068 0 0.7071068 0 2
10.9597 Head -0.6626843 1.6 0.1721521 10.875 330.2249 0 0.09157901 -0.255767 0.02434601 0.962083
10.9597 SecondCar 3.7 0.025 15.92929 0 180 0 0 1 0 -4.371139E-08 0 2
10.9597 FirstCar -6.985551 0.025 2.97 0 90 0 0 0.7071068 0 0.7071068 0 2
10.9614 Head -0.6626843 1.6 0.1721521 10.875 330.2249 0 0.09157901 -0.255767 0.02434601 0.962083
10.9614 SecondCar 3.7 0.025 15.92929 0 180 0 0 1 0 -4.371139E-08 0 2
10.9614 FirstCar -6.985551 0.025 2.97 0 90 0 0 0.7071068 0 0.7071068 0 2
10.9632 Head -0.6626843 1.6 0.1721521 10.875 330.2249 0 0.09157901 -0.255767 0.02434601 0.962083
10.9632 SecondCar 3.7 0.025 15.92929 0 180 0 0 1 0 -4.371139E-08 0 2
10.9632 FirstCar -6.985551 0.025 2.97 0 90 0 0 0.7071068 0 0.7071068 0 2
10.9652 Head -0.6626843 1.6 0.1721521 10.875 330.2249 0 0.09157901 -0.255767 0.02434601 0.962083
10.9652 SecondCar 3.7 0.025 15.92929 0 180 0 0 1 0 -4.371139E-08 0 2
10.9652 FirstCar -6.985551 0.025 2.97 0 90 0 0 0.7071068 0 0.7071068 0 2
10.9673 Head -0.6626843 1.6 0.1721521 10.875 330.2249 0 0.09157901 -0.255767 0.02434601 0.962083
10.9673 SecondCar 3.7 0.025 15.92929 0 180 0 0 1 0 -4.371139E-08 0 2
10.9673 FirstCar -6.985551 0.025 2.97 0 90 0 0 0.7071068 0 0.7071068 0 2
10.9695 Head -0.6626843 1.6 0.1721521 10.875 330.2249 0 0.09157901 -0.255767 0.02434601 0.962083
10.9695 SecondCar 3.7 0.025 15.92929 0 180 0 0 1 0 -4.371139E-08 0 2
10.9695 FirstCar -6.985551 0.025 2.97 0 90 0 0 0.7071068 0 0.7071068 0 2
10.9715 Head -0.6626843 1.6 0.1721521 10.875 330.2249 0 0.09157901 -0.255767 0.02434601 0.962083
10.9715 SecondCar 3.7 0.025 15.92929 0 180 0 0 1 0 -4.371139E-08 0 2
10.9715 FirstCar -6.985551 0.025 2.97 0 90 0 0 0.7071068 0 0.7071068 0 2
10.9734 Head -0.6626843 1.6 0.1721521 10.875 330.2249 0 0.09157901 -0.255767 0.02434601 0.962083
10.9734 SecondCar 3.7 0.025 15.92929 0 180 0 0 1 0 -4.371139E-08 0 2
10.9734 FirstCar -6.985551 0.025 2.97 0 90 0 0 0.7071068 0 0.7071068 0 2
10.9755 Head -0.6626843 1.6 0.1721521 10.875 330.2249 0 0.09157901 -0.255767 0.02434601 0.962083
10.9755 SecondCar 3.7 0.025 15.92929 0 180 0 0 1 0 -4.371139E-08 0 2
10.9755 FirstCar -6.985551 0.025 2.97 0 90 0 0 0.7071068 0 0.7071068 0 2
10.9775 Head -0.6626843 1.6 0.1721521 10.875 330.2249 0 0.09157901 -0.255767 0.02434601 0.962083
10.9775 SecondCar 3.7 0.025 15.92929 0 180 0 0 1 0 -4.371139E-08 0 2
10.9775 FirstCar -6.985551 0.025 2.97 0 90 0 0 0.7071068 0 0.7071068 0 2
10.9794 Head -0.6626843 1.6 0.1721521 10.875 330.2249 0 0.09157901 -0.255767 0.02434601 0.962083
10.9794 SecondCar 3.7 0.025 15.92929 0 180 0 0 1 0 -4.371139E-08 0 2
10.9794 FirstCar -6.985551 0.025 2.97 0 90 0 0 0.7071068 0 0.7071068 0 2
10.9814 Head -0.6626843 1.6 0.1721521 10.875 330.2249 0 0.09157901 -0.255767 0.02434601 0.962083
10.9814 SecondCar 3.7 0.025 15.92929 0 180 0 0 1 0 -4.371139E-08 0 2
10.9814 FirstCar -6.985551 0.025 2.97 0 90 0 0 0.7071068 0 0.7071068 0 2
10.9834 Head -0.6626843 1.6 0.1721521 10.875 330.2249 0 0.09157901 -0.255767 0.02434601 0.962083
10.9834 SecondCar 3.7 0.025 15.92929 0 180 0 0 1 0 -4.371139E-08 0 2
10.9834 FirstCar -6.985551 0.025 2.97 0 90 0 0 0.7071068 0 0.7071068 0 2
10.9855 Head -0.6626843 1.6 0.1721521 10.875 330.2249 0 0.09157901 -0.255767 0.02434601 0.962083
10.9855 SecondCar 3.7 0.025 15.92929 0 180 0 0 1 0 -4.371139E-08 0 2
10.9855 FirstCar -6.985551 0.025 2.97 0 90 0 0 0.7071068 0 0.7071068 0 2
10.9875 Head -0.6626843 1.6 0.1721521 10.875 330.2249 0 0.09157901 -0.255767 0.02434601 0.962083
10.9875 SecondCar 3.7 0.025 15.92929 0 180 0 0 1 0 -4.371139E-08 0 2
10.9875 FirstCar -6.985551 0.025 2.97 0 90 0 0 0.7071068 0 0.7071068 0 2
10.9897 Head -0.6626843 1.6 0.1721521 10.875 330.2249 0 0.09157901 -0.255767 0.02434601 0.962083
10.9897 SecondCar 3.7 0.025 15.92929 0 180 0 0 1 0 -4.371139E-08 0 2
10.9897 FirstCar -6.985551 0.025 2.97 0 90 0 0 0.7071068 0 0.7071068 0 2
10.9915 Head -0.6626843 1.6 0.1721521 10.875 330.2249 0 0.09157901 -0.255767 0.02434601 0.962083
10.9915 SecondCar 3.7 0.025 15.92929 0 180 0 0 1 0 -4.371139E-08 0 2
10.9915 FirstCar -6.985551 0.025 2.97 0 90 0 0 0.7071068 0 0.7071068 0 2
10.9932 Head -0.6626843 1.6 0.1721521 10.875 330.2249 0 0.09157901 -0.255767 0.02434601 0.962083
10.9932 SecondCar 3.7 0.025 15.92929 0 180 0 0 1 0 -4.371139E-08 0 2
10.9932 FirstCar -6.985551 0.025 2.97 0 90 0 0 0.7071068 0 0.7071068 0 2
10.9950 Head -0.6626843 1.6 0.1721521 10.875 330.2249 0 0.09157901 -0.255767 0.02434601 0.962083
10.9950 SecondCar 3.7 0.025 15.92929 0 180 0 0 1 0 -4.371139E-08 0 2
10.9950 FirstCar -6.985551 0.025 2.97 0 90 0 0 0.7071068 0 0.7071068 0 2
10.9971 Head -0.6626843 1.6 0.1721521 10.875 330.2249 0 0.09157901 -0.255767 0.02434601 0.962083
10.9971 SecondCar 3.7 0.025 15.92929 0 180 0 0 1 0 -4.371139E-08 0 2
10.9971 FirstCar -6.985551 0.025 2.97 0 90 0 0 0.7071068 0 0.7071068 0 2
10.9991 Head -0.6626843 1.6 0.1721521 10.875 330.2249 0 0.09157901 -0.255767 0.02434601 0.962083
10.9991 SecondCar 3.7 0.025 15.92929 0 180 0 0 1 0 -4.371139E-08 0 2
10.9991 FirstCar -6.985551 0.025 2.97 0 90 0 0 0.7071068 0 0.7071068 0 2
11.0009 Head -0.6626843 1.6 0.1721521 10.875 330.2249 0 0.09157901 -0.255767 0.02434601 0.962083
11.0009 SecondCar 3.7 0.025 15.92929 0 180 0 0 1 0 -4.371139E-08 0 2
11.0009 FirstCar -6.985551 0.025 2.97 0 90 0 0 0.7071068 0 0.7071068 0 2
11.0027 Head -0.6626843 1.6 0.1721521 10.875 330.2249 0 0.09157901 -0.255767 0.02434601 0.962083
11.0027 SecondCar 3.7 0.025 15.92929 0 180 0 0 1 0 -4.371139E-08 0 2
11.0027 FirstCar -6.985551 0.025 2.97 0 90 0 0 0.7071068 0 0.7071068 0 2
11.0044 Head -0.6626843 1.6 0.1721521 10.875 330.2249 0 0.09157901 -0.255767 0.02434601 0.962083
11.0044 SecondCar 3.7 0.025 15.92929 0 180 0 0 1 0 -4.371139E-08 0 2
11.0044 FirstCar -6.985551 0.025 2.97 0 90 0 0 0.7071068 0 0.7071068 0 2
11.0061 Head -0.6626843 1.6 0.1721521 10.875 330.2249 0 0.09157901 -0.255767 0.02434601 0.962083
11.0061 SecondCar 3.7 0.025 15.92929 0 180 0 0 1 0 -4.371139E-08 0 2
11.0061 FirstCar -6.985551 0.025 2.97 0 90 0 0 0.7071068 0 0.7071068 0 2
11.0079 Head -0.6626843 1.6 0.1721521 10.875 330.2249 0 0.09157901 -0.255767 0.02434601 0.962083
11.0079 SecondCar 3.7 0.025 15.92929 0 180 0 0 1 0 -4.371139E-08 0 2
11.0079 FirstCar -6.985551 0.025 2.97 0 90 0 0 0.7071068 0 0.7071068 0 2
11.0099 Head -0.6626843 1.6 0.1721521 10.875 330.2249 0 0.09157901 -0.255767 0.02434601 0.962083
11.0099 SecondCar 3.7 0.025 15.92929 0 180 0 0 1 0 -4.371139E-08 0 2
11.0099 FirstCar -6.985551 0.025 2.97 0 90 0 0 0.7071068 0 0.7071068 0 2
11.0116 Head -0.6626843 1.6 0.1721521 10.875 330.2249 0 0.09157901 -0.255767 0.02434601 0.962083
11.0116 SecondCar 3.7 0.025 15.92929 0 180 0 0 1 0 -4.371139E-08 0 2
11.0116 FirstCar -6.985551 0.025 2.97 0 90 0 0 0.7071068 0 0.7071068 0 2
11.0133 Head -0.6626843 1.6 0.1721521 10.875 330.2249 0 0.09157901 -0.255767 0.02434601 0.962083
11.0133 SecondCar 3.7 0.025 15.92929 0 180 0 0 1 0 -4.371139E-08 0 2
11.0133 FirstCar -6.985551 0.025 2.97 0 90 0 0 0.7071068 0 0.7071068 0 2
11.0150 Head -0.6626843 1.6 0.1721521 10.875 330.2249 0 0.09157901 -0.255767 0.02434601 0.962083
11.0150 SecondCar 3.7 0.025 15.92929 0 180 0 0 1 0 -4.371139E-08 0 2
11.0150 FirstCar -6.985551 0.025 2.97 0 90 0 0 0.7071068 0 0.7071068 0 2
11.0168 Head -0.6626843 1.6 0.1721521 10.875 330.2249 0 0.09157901 -0.255767 0.02434601 0.962083
11.0168 SecondCar 3.7 0.025 15.92929 0 180 0 0 1 0 -4.371139E-08 0 2
11.0168 FirstCar -6.985551 0.025 2.97 0 90 0 0 0.7071068 0 0.7071068 0 2
11.0186 Head -0.6626843 1.6 0.1721521 10.875 330.2249 0 0.09157901 -0.255767 0.02434601 0.962083
11.0186 SecondCar 3.7 0.025 15.92929 0 180 0 0 1 0 -4.371139E-08 0 2
11.0186 FirstCar -6.985551 0.025 2.97 0 90 0 0 0.7071068 0 0.7071068 0 2
11.0204 Head -0.6626843 1.6 0.1721521 10.875 330.2249 0 0.09157901 -0.255767 0.02434601 0.962083
11.0204 SecondCar 3.7 0.025 15.92929 0 180 0 0 1 0 -4.371139E-08 0 2
11.0204 FirstCar -6.985551 0.025 2.97 0 90 0 0 0.7071068 0 0.7071068 0 2
11.0221 Head -0.6626843 1.6 0.1721521 10.875 330.2249 0 0.09157901 -0.255767 0.02434601 0.962083
11.0221 SecondCar 3.7 0.025 15.92929 0 180 0 0 1 0 -4.371139E-08 0 2
11.0221 FirstCar -6.985551 0.025 2.97 0 90 0 0 0.7071068 0 0.7071068 0 2
11.0239 Head -0.6626843 1.6 0.1721521 10.875 330.2249 0 0.09157901 -0.255767 0.02434601 0.962083
11.0239 SecondCar 3.7 0.025 15.92929 0 180 0 0 1 0 -4.371139E-08 0 2
11.0239 FirstCar -6.985551 0.025 2.97 0 90 0 0 0.7071068 0 0.7071068 0 2
11.0258 Head -0.6626843 1.6 0.1721521 10.875 330.2249 0 0.09157901 -0.255767 0.02434601 0.962083
11.0258 SecondCar 3.7 0.025 15.92929 0 180 0 0 1 0 -4.371139E-08 0 2
11.0258 FirstCar -6.985551 0.025 2.97 0 90 0 0 0.7071068 0 0.7071068 0 2
11.0278 Head -0.6626843 1.6 0.1721521 10.875 330.2249 0 0.09157901 -0.255767 0.02434601 0.962083
11.0278 SecondCar 3.7 0.025 15.92929 0 180 0 0 1 0 -4.371139E-08 0 2
11.0278 FirstCar -6.985551 0.025 2.97 0 90 0 0 0.7071068 0 0.7071068 0 2
11.0301 Head -0.6626843 1.6 0.1721521 10.875 330.2249 0 0.09157901 -0.255767 0.02434601 0.962083
11.0301 SecondCar 3.7 0.025 15.92929 0 180 0 0 1 0 -4.371139E-08 0 2
11.0301 FirstCar -6.985551 0.025 2.97 0 90 0 0 0.7071068 0 0.7071068 0 2
11.0323 Head -0.6626843 1.6 0.1721521 10.875 330.2249 0 0.09157901 -0.255767 0.02434601 0.962083
11.0323 SecondCar 3.7 0.025 15.92929 0 180 0 0 1 0 -4.371139E-08 0 2
11.0323 FirstCar -6.985551 0.025 2.97 0 90 0 0 0.7071068 0 0.7071068 0 2
11.0342 Head -0.6626843 1.6 0.1721521 10.875 330.2249 0 0.09157901 -0.255767 0.02434601 0.962083
11.0342 SecondCar 3.7 0.025 15.92929 0 180 0 0 1 0 -4.371139E-08 0 2
11.0342 FirstCar -6.985551 0.025 2.97 0 90 0 0 0.7071068 0 0.7071068 0 2
11.0360 Head -0.6626843 1.6 0.1721521 10.875 330.2249 0 0.09157901 -0.255767 0.02434601 0.962083
11.0360 SecondCar 3.7 0.025 15.92929 0 180 0 0 1 0 -4.371139E-08 0 2
11.0360 FirstCar -6.985551 0.025 2.97 0 90 0 0 0.7071068 0 0.7071068 0 2
11.0379 Head -0.6626843 1.6 0.1721521 10.875 330.2249 0 0.09157901 -0.255767 0.02434601 0.962083
11.0379 SecondCar 3.7 0.025 15.92929 0 180 0 0 1 0 -4.371139E-08 0 2
11.0379 FirstCar -6.985551 0.025 2.97 0 90 0 0 0.7071068 0 0.7071068 0 2
11.0397 Head -0.6626843 1.6 0.1721521 10.875 330.2249 0 0.09157901 -0.255767 0.02434601 0.962083
11.0397 SecondCar 3.7 0.025 15.92929 0 180 0 0 1 0 -4.371139E-08 0 2
11.0397 FirstCar -6.985551 0.025 2.97 0 90 0 0 0.7071068 0 0.7071068 0 2
11.0416 Head -0.6626843 1.6 0.1721521 10.875 330.2249 0 0.09157901 -0.255767 0.02434601 0.962083
11.0416 SecondCar 3.7 0.025 15.92929 0 180 0 0 1 0 -4.371139E-08 0 2
11.0416 FirstCar -6.985551 0.025 2.97 0 90 0 0 0.7071068 0 0.7071068 0 2
11.0436 Head -0.6626843 1.6 0.1721521 10.875 330.2249 0 0.09157901 -0.255767 0.02434601 0.962083
11.0436 SecondCar 3.7 0.025 15.92929 0 180 0 0 1 0 -4.371139E-08 0 2
11.0436 FirstCar -6.985551 0.025 2.97 0 90 0 0 0.7071068 0 0.7071068 0 2
11.0455 Head -0.6626843 1.6 0.1721521 10.875 330.2249 0 0.09157901 -0.255767 0.02434601 0.962083
11.0455 SecondCar 3.7 0.025 15.92929 0 180 0 0 1 0 -4.371139E-08 0 2
11.0455 FirstCar -6.985551 0.025 2.97 0 90 0 0 0.7071068 0 0.7071068 0 2
11.0474 Head -0.6626843 1.6 0.1721521 10.875 330.2249 0 0.09157901 -0.255767 0.02434601 0.962083
11.0474 SecondCar 3.7 0.025 15.92929 0 180 0 0 1 0 -4.371139E-08 0 2
11.0474 FirstCar -6.985551 0.025 2.97 0 90 0 0 0.7071068 0 0.7071068 0 2
11.0497 Head -0.6626843 1.6 0.1721521 10.875 330.2249 0 0.09157901 -0.255767 0.02434601 0.962083
11.0497 SecondCar 3.7 0.025 15.92929 0 180 0 0 1 0 -4.371139E-08 0 2
11.0497 FirstCar -6.985551 0.025 2.97 0 90 0 0 0.7071068 0 0.7071068 0 2
11.0517 Head -0.6626843 1.6 0.1721521 10.875 330.2249 0 0.09157901 -0.255767 0.02434601 0.962083
11.0517 SecondCar 3.7 0.025 15.92929 0 180 0 0 1 0 -4.371139E-08 0 2
11.0517 FirstCar -6.985551 0.025 2.97 0 90 0 0 0.7071068 0 0.7071068 0 2
11.0542 Head -0.6626843 1.6 0.1721521 10.875 330.2249 0 0.09157901 -0.255767 0.02434601 0.962083
11.0542 SecondCar 3.7 0.025 15.92929 0 180 0 0 1 0 -4.371139E-08 0 2
11.0542 FirstCar -6.985551 0.025 2.97 0 90 0 0 0.7071068 0 0.7071068 0 2
11.0565 Head -0.6626843 1.6 0.1721521 10.875 330.2249 0 0.09157901 -0.255767 0.02434601 0.962083
11.0565 SecondCar 3.7 0.025 15.92929 0 180 0 0 1 0 -4.371139E-08 0 2
11.0565 FirstCar -6.985551 0.025 2.97 0 90 0 0 0.7071068 0 0.7071068 0 2
11.0590 Head -0.6626843 1.6 0.1721521 10.875 330.2249 0 0.09157901 -0.255767 0.02434601 0.962083
11.0590 SecondCar 3.7 0.025 15.92929 0 180 0 0 1 0 -4.371139E-08 0 2
11.0590 FirstCar -6.985551 0.025 2.97 0 90 0 0 0.7071068 0 0.7071068 0 2
11.0612 Head -0.6626843 1.6 0.1721521 10.875 330.2249 0 0.09157901 -0.255767 0.02434601 0.962083
11.0612 SecondCar 3.7 0.025 15.92929 0 180 0 0 1 0 -4.371139E-08 0 2
11.0612 FirstCar -6.985551 0.025 2.97 0 90 0 0 0.7071068 0 0.7071068 0 2
11.0633 Head -0.6626843 1.6 0.1721521 10.875 330.2249 0 0.09157901 -0.255767 0.02434601 0.962083
11.0633 SecondCar 3.7 0.025 15.92929 0 180 0 0 1 0 -4.371139E-08 0 2
11.0633 FirstCar -6.985551 0.025 2.97 0 90 0 0 0.7071068 0 0.7071068 0 2
11.0651 Head -0.6626843 1.6 0.1721521 10.875 330.2249 0 0.09157901 -0.255767 0.02434601 0.962083
11.0651 SecondCar 3.7 0.025 15.92929 0 180 0 0 1 0 -4.371139E-08 0 2
11.0651 FirstCar -6.985551 0.025 2.97 0 90 0 0 0.7071068 0 0.7071068 0 2
11.0669 Head -0.6626843 1.6 0.1721521 10.875 330.2249 0 0.09157901 -0.255767 0.02434601 0.962083
11.0669 SecondCar 3.7 0.025 15.92929 0 180 0 0 1 0 -4.371139E-08 0 2
11.0669 FirstCar -6.985551 0.025 2.97 0 90 0 0 0.7071068 0 0.7071068 0 2
11.0687 Head -0.6626843 1.6 0.1721521 10.875 330.2249 0 0.09157901 -0.255767 0.02434601 0.962083
11.0687 SecondCar 3.7 0.025 15.92929 0 180 0 0 1 0 -4.371139E-08 0 2
11.0687 FirstCar -6.985551 0.025 2.97 0 90 0 0 0.7071068 0 0.7071068 0 2
11.0706 Head -0.6626843 1.6 0.1721521 10.875 330.2249 0 0.09157901 -0.255767 0.02434601 0.962083
11.0706 SecondCar 3.7 0.025 15.92929 0 180 0 0 1 0 -4.371139E-08 0 2
11.0706 FirstCar -6.985551 0.025 2.97 0 90 0 0 0.7071068 0 0.7071068 0 2
11.0724 Head -0.6626843 1.6 0.1721521 10.875 330.2249 0 0.09157901 -0.255767 0.02434601 0.962083
11.0724 SecondCar 3.7 0.025 15.92929 0 180 0 0 1 0 -4.371139E-08 0 2
11.0724 FirstCar -6.985551 0.025 2.97 0 90 0 0 0.7071068 0 0.7071068 0 2
11.0743 Head -0.6626843 1.6 0.1721521 10.875 330.2249 0 0.09157901 -0.255767 0.02434601 0.962083
11.0743 SecondCar 3.7 0.025 15.92929 0 180 0 0 1 0 -4.371139E-08 0 2
11.0743 FirstCar -6.985551 0.025 2.97 0 90 0 0 0.7071068 0 0.7071068 0 2
11.0761 Head -0.6626843 1.6 0.1721521 10.875 330.2249 0 0.09157901 -0.255767 0.02434601 0.962083
11.0761 SecondCar 3.7 0.025 15.92929 0 180 0 0 1 0 -4.371139E-08 0 2
11.0761 FirstCar -6.985551 0.025 2.97 0 90 0 0 0.7071068 0 0.7071068 0 2
11.0779 Head -0.6626843 1.6 0.1721521 10.875 330.2249 0 0.09157901 -0.255767 0.02434601 0.962083
11.0779 SecondCar 3.7 0.025 15.92929 0 180 0 0 1 0 -4.371139E-08 0 2
11.0779 FirstCar -6.985551 0.025 2.97 0 90 0 0 0.7071068 0 0.7071068 0 2
11.0796 Head -0.6626843 1.6 0.1721521 10.875 330.2249 0 0.09157901 -0.255767 0.02434601 0.962083
11.0796 SecondCar 3.7 0.025 15.92929 0 180 0 0 1 0 -4.371139E-08 0 2
11.0796 FirstCar -6.985551 0.025 2.97 0 90 0 0 0.7071068 0 0.7071068 0 2
11.0812 Head -0.6626843 1.6 0.1721521 10.875 330.2249 0 0.09157901 -0.255767 0.02434601 0.962083
11.0812 SecondCar 3.7 0.025 15.92929 0 180 0 0 1 0 -4.371139E-08 0 2
11.0812 FirstCar -6.985551 0.025 2.97 0 90 0 0 0.7071068 0 0.7071068 0 2
11.0829 Head -0.6626843 1.6 0.1721521 10.875 330.2249 0 0.09157901 -0.255767 0.02434601 0.962083
11.0829 SecondCar 3.7 0.025 15.92929 0 180 0 0 1 0 -4.371139E-08 0 2
11.0829 FirstCar -6.985551 0.025 2.97 0 90 0 0 0.7071068 0 0.7071068 0 2
11.0846 Head -0.6626843 1.6 0.1721521 10.875 330.2249 0 0.09157901 -0.255767 0.02434601 0.962083
11.0846 SecondCar 3.7 0.025 15.92929 0 180 0 0 1 0 -4.371139E-08 0 2
11.0846 FirstCar -6.985551 0.025 2.97 0 90 0 0 0.7071068 0 0.7071068 0 2
11.0864 Head -0.6626843 1.6 0.1721521 10.875 330.2249 0 0.09157901 -0.255767 0.02434601 0.962083
11.0864 SecondCar 3.7 0.025 15.92929 0 180 0 0 1 0 -4.371139E-08 0 2
11.0864 FirstCar -6.985551 0.025 2.97 0 90 0 0 0.7071068 0 0.7071068 0 2
11.0881 Head -0.6626843 1.6 0.1721521 10.875 330.2249 0 0.09157901 -0.255767 0.02434601 0.962083
11.0881 SecondCar 3.7 0.025 15.92929 0 180 0 0 1 0 -4.371139E-08 0 2
11.0881 FirstCar -6.985551 0.025 2.97 0 90 0 0 0.7071068 0 0.7071068 0 2
11.0902 Head -0.6626843 1.6 0.1721521 10.875 330.2249 0 0.09157901 -0.255767 0.02434601 0.962083
11.0902 SecondCar 3.7 0.025 15.92929 0 180 0 0 1 0 -4.371139E-08 0 2
11.0902 FirstCar -6.985551 0.025 2.97 0 90 0 0 0.7071068 0 0.7071068 0 2
11.0921 Head -0.6626843 1.6 0.1721521 10.875 330.2249 0 0.09157901 -0.255767 0.02434601 0.962083
11.0921 SecondCar 3.7 0.025 15.92929 0 180 0 0 1 0 -4.371139E-08 0 2
11.0921 FirstCar -6.985551 0.025 2.97 0 90 0 0 0.7071068 0 0.7071068 0 2
11.0941 Head -0.6626843 1.6 0.1721521 10.875 330.2249 0 0.09157901 -0.255767 0.02434601 0.962083
11.0941 SecondCar 3.7 0.025 15.92929 0 180 0 0 1 0 -4.371139E-08 0 2
11.0941 FirstCar -6.985551 0.025 2.97 0 90 0 0 0.7071068 0 0.7071068 0 2
11.0962 Head -0.6626843 1.6 0.1721521 10.875 330.2249 0 0.09157901 -0.255767 0.02434601 0.962083
11.0962 SecondCar 3.7 0.025 15.92929 0 180 0 0 1 0 -4.371139E-08 0 2
11.0962 FirstCar -6.985551 0.025 2.97 0 90 0 0 0.7071068 0 0.7071068 0 2
11.0980 Head -0.6626843 1.6 0.1721521 10.875 330.2249 0 0.09157901 -0.255767 0.02434601 0.962083
11.0980 SecondCar 3.7 0.025 15.92929 0 180 0 0 1 0 -4.371139E-08 0 2
11.0980 FirstCar -6.985551 0.025 2.97 0 90 0 0 0.7071068 0 0.7071068 0 2
11.0998 Head -0.6626843 1.6 0.1721521 10.875 330.2249 0 0.09157901 -0.255767 0.02434601 0.962083
11.0998 SecondCar 3.7 0.025 15.92929 0 180 0 0 1 0 -4.371139E-08 0 2
11.0998 FirstCar -6.985551 0.025 2.97 0 90 0 0 0.7071068 0 0.7071068 0 2
11.1015 Head -0.6626843 1.6 0.1721521 10.875 330.2249 0 0.09157901 -0.255767 0.02434601 0.962083
11.1015 SecondCar 3.7 0.025 15.92929 0 180 0 0 1 0 -4.371139E-08 0 2
11.1015 FirstCar -6.985551 0.025 2.97 0 90 0 0 0.7071068 0 0.7071068 0 2
11.1033 Head -0.6626843 1.6 0.1721521 10.875 330.2249 0 0.09157901 -0.255767 0.02434601 0.962083
11.1033 SecondCar 3.7 0.025 15.92929 0 180 0 0 1 0 -4.371139E-08 0 2
11.1033 FirstCar -6.985551 0.025 2.97 0 90 0 0 0.7071068 0 0.7071068 0 2
11.1054 Head -0.6626843 1.6 0.1721521 10.875 330.2249 0 0.09157901 -0.255767 0.02434601 0.962083
11.1054 SecondCar 3.7 0.025 15.92929 0 180 0 0 1 0 -4.371139E-08 0 2
11.1054 FirstCar -6.985551 0.025 2.97 0 90 0 0 0.7071068 0 0.7071068 0 2
11.1074 Head -0.6626843 1.6 0.1721521 10.875 330.2249 0 0.09157901 -0.255767 0.02434601 0.962083
11.1074 SecondCar 3.7 0.025 15.92929 0 180 0 0 1 0 -4.371139E-08 0 2
11.1074 FirstCar -6.985551 0.025 2.97 0 90 0 0 0.7071068 0 0.7071068 0 2
11.1096 Head -0.6626843 1.6 0.1721521 10.875 330.2249 0 0.09157901 -0.255767 0.02434601 0.962083
11.1096 SecondCar 3.7 0.025 15.92929 0 180 0 0 1 0 -4.371139E-08 0 2
11.1096 FirstCar -6.985551 0.025 2.97 0 90 0 0 0.7071068 0 0.7071068 0 2
11.1115 Head -0.6626843 1.6 0.1721521 10.875 330.2249 0 0.09157901 -0.255767 0.02434601 0.962083
11.1115 SecondCar 3.7 0.025 15.92929 0 180 0 0 1 0 -4.371139E-08 0 2
11.1115 FirstCar -6.985551 0.025 2.97 0 90 0 0 0.7071068 0 0.7071068 0 2
11.1135 Head -0.6626843 1.6 0.1721521 10.875 330.2249 0 0.09157901 -0.255767 0.02434601 0.962083
11.1135 SecondCar 3.7 0.025 15.92929 0 180 0 0 1 0 -4.371139E-08 0 2
11.1135 FirstCar -6.985551 0.025 2.97 0 90 0 0 0.7071068 0 0.7071068 0 2
11.1156 Head -0.6626843 1.6 0.1721521 10.875 330.2249 0 0.09157901 -0.255767 0.02434601 0.962083
11.1156 SecondCar 3.7 0.025 15.92929 0 180 0 0 1 0 -4.371139E-08 0 2
11.1156 FirstCar -6.985551 0.025 2.97 0 90 0 0 0.7071068 0 0.7071068 0 2
11.1177 Head -0.6626843 1.6 0.1721521 10.875 330.2249 0 0.09157901 -0.255767 0.02434601 0.962083
11.1177 SecondCar 3.7 0.025 15.92929 0 180 0 0 1 0 -4.371139E-08 0 2
11.1177 FirstCar -6.985551 0.025 2.97 0 90 0 0 0.7071068 0 0.7071068 0 2
11.1199 Head -0.6626843 1.6 0.1721521 10.875 330.2249 0 0.09157901 -0.255767 0.02434601 0.962083
11.1199 SecondCar 3.7 0.025 15.92929 0 180 0 0 1 0 -4.371139E-08 0 2
11.1199 FirstCar -6.985551 0.025 2.97 0 90 0 0 0.7071068 0 0.7071068 0 2
11.1218 Head -0.6626843 1.6 0.1721521 10.875 330.2249 0 0.09157901 -0.255767 0.02434601 0.962083
11.1218 SecondCar 3.7 0.025 15.92929 0 180 0 0 1 0 -4.371139E-08 0 2
11.1218 FirstCar -6.985551 0.025 2.97 0 90 0 0 0.7071068 0 0.7071068 0 2
11.1237 Head -0.6626843 1.6 0.1721521 10.875 330.2249 0 0.09157901 -0.255767 0.02434601 0.962083
11.1237 SecondCar 3.7 0.025 15.92929 0 180 0 0 1 0 -4.371139E-08 0 2
11.1237 FirstCar -6.985551 0.025 2.97 0 90 0 0 0.7071068 0 0.7071068 0 2
11.1258 Head -0.6626843 1.6 0.1721521 10.875 330.2249 0 0.09157901 -0.255767 0.02434601 0.962083
11.1258 SecondCar 3.7 0.025 15.92929 0 180 0 0 1 0 -4.371139E-08 0 2
11.1258 FirstCar -6.985551 0.025 2.97 0 90 0 0 0.7071068 0 0.7071068 0 2
11.1279 Head -0.6626843 1.6 0.1721521 10.875 330.2249 0 0.09157901 -0.255767 0.02434601 0.962083
11.1279 SecondCar 3.7 0.025 15.92929 0 180 0 0 1 0 -4.371139E-08 0 2
11.1279 FirstCar -6.985551 0.025 2.97 0 90 0 0 0.7071068 0 0.7071068 0 2
11.1300 Head -0.6626843 1.6 0.1721521 10.875 330.2249 0 0.09157901 -0.255767 0.02434601 0.962083
11.1300 SecondCar 3.7 0.025 15.92929 0 180 0 0 1 0 -4.371139E-08 0 2
11.1300 FirstCar -6.985551 0.025 2.97 0 90 0 0 0.7071068 0 0.7071068 0 2
11.1317 Head -0.6626843 1.6 0.1721521 10.875 330.2249 0 0.09157901 -0.255767 0.02434601 0.962083
11.1317 SecondCar 3.7 0.025 15.92929 0 180 0 0 1 0 -4.371139E-08 0 2
11.1317 FirstCar -6.985551 0.025 2.97 0 90 0 0 0.7071068 0 0.7071068 0 2
11.1335 Head -0.6626843 1.6 0.1721521 10.875 330.2249 0 0.09157901 -0.255767 0.02434601 0.962083
11.1335 SecondCar 3.7 0.025 15.92929 0 180 0 0 1 0 -4.371139E-08 0 2
11.1335 FirstCar -6.985551 0.025 2.97 0 90 0 0 0.7071068 0 0.7071068 0 2
11.1352 Head -0.6626843 1.6 0.1721521 10.875 330.2249 0 0.09157901 -0.255767 0.02434601 0.962083
11.1352 SecondCar 3.7 0.025 15.92929 0 180 0 0 1 0 -4.371139E-08 0 2
11.1352 FirstCar -6.985551 0.025 2.97 0 90 0 0 0.7071068 0 0.7071068 0 2
11.1370 Head -0.6626843 1.6 0.1721521 10.875 330.2249 0 0.09157901 -0.255767 0.02434601 0.962083
11.1370 Other SecondCar eHMI_OFF
11.1370 Other SecondCar Accel_Start
11.1370 SecondCar 3.7 0.025 15.92929 0 180 0 0 1 0 -4.371139E-08 0 0
11.1370 FirstCar -6.985551 0.025 2.97 0 90 0 0 0.7071068 0 0.7071068 0 2
11.1389 Head -0.6626843 1.6 0.1721521 10.875 330.2249 0 0.09157901 -0.255767 0.02434601 0.962083
11.1389 SecondCar 3.707257 0.025 16.09137 0 180.0614 0 0 0.9999999 0 -0.0005354422 4 0
11.1389 FirstCar -6.985551 0.025 2.97 0 90 0 0 0.7071068 0 0.7071068 0 2
11.1413 Head -0.6626843 1.6 0.1721521 10.875 330.2249 0 0.09157901 -0.255767 0.02434601 0.962083
11.1413 SecondCar 3.716365 0.025 16.06793 0 180.1387 0 0 0.9999993 0 -0.001209999 4 0
11.1413 FirstCar -6.985551 0.025 2.97 0 90 0 0 0.7071068 0 0.7071068 0 2
11.1431 Head -0.6626843 1.6 0.1721521 10.875 330.2249 0 0.09157901 -0.255767 0.02434601 0.962083
11.1431 SecondCar 3.723263 0.025 16.05015 0 180.1974 0 0 0.9999985 0 -0.001722735 4 0
11.1431 FirstCar -6.985551 0.025 2.97 0 90 0 0 0.7071068 0 0.7071068 0 2
11.1449 Head -0.6626843 1.6 0.1721521 10.875 330.2249 0 0.09157901 -0.255767 0.02434601 0.962083
11.1449 SecondCar 3.730069 0.025 16.03256 0 180.2556 0 0 0.9999976 0 -0.002230247 4 0
11.1449 FirstCar -6.985551 0.025 2.97 0 90 0 0 0.7071068 0 0.7071068 0 2
11.1467 Head -0.6626843 1.6 0.1721521 10.875 330.2249 0 0.09157901 -0.255767 0.02434601 0.962083
11.1467 SecondCar 3.737104 0.025 16.01435 0 180.3159 0 0 0.9999962 0 -0.002756566 4 0
11.1467 FirstCar -6.985551 0.025 2.97 0 90 0 0 0.7071068 0 0.7071068 0 2
11.1486 Head -0.6626843 1.6 0.1721521 10.875 330.2249 0 0.09157901 -0.255767 0.02434601 0.962083
11.1486 SecondCar 3.744018 0.025 15.99641 0 180.3754 0 0 0.9999946 0 -0.00327554 4 0
11.1486 FirstCar -6.985551 0.025 2.97 0 90 0 0 0.7071068 0 0.7071068 0 2
11.1506 Head -0.6626843 1.6 0.1721521 10.875 330.2249 0 0.09157901 -0.255767 0.02434601 0.962083
11.1506 SecondCar 3.751787 0.025 15.97622 0 180.4424 0 0 0.9999925 0 -0.003860646 4 0
11.1506 FirstCar -6.985551 0.025 2.97 0 90 0 0 0.7071068 0 0.7071068 0 2
11.1525 Head -0.6626843 1.6 0.1721521 10.875 330.2249 0 0.09157901 -0.255767 0.02434601 0.962083
11.1525 SecondCar 3.758776 0.025 15.95801 0 180.5029 0 0 0.9999904 0 -0.004388945 4 0
11.1525 FirstCar -6.985551 0.025 2.97 0 90 0 0 0.7071068 0 0.7071068 0 2
11.1544 Head -0.6626843 1.6 0.1721521 10.875 330.2249 0 0.09157901 -0.255767 0.02434601 0.962083
11.1544 SecondCar 3.766013 0.025 15.93912 0 180.5658 0 0 0.9999878 0 -0.004937833 4 0
11.1544 FirstCar -6.985551 0.025 2.97 0 90 0 0 0.7071068 0 0.7071068 0 2
11.1565 Head -0.6626843 1.6 0.1721521 10.875 330.2249 0 0.09157901 -0.255767 0.02434601 0.962083
11.1565 SecondCar 3.773836 0.025 15.91865 0 180.6341 0 0 0.9999847 0 -0.005533305 4 0
11.1565 Other FirstCar eHMI_OFF
11.1565 Other FirstCar Accel_Start
11.1565 FirstCar -6.985551 0.025 2.97 0 90 0 0 0.7071068 0 0.7071068 0 0
11.1586 Head -0.6626843 1.6 0.1721521 10.875 330.2249 0 0.09157901 -0.255767 0.02434601 0.962083
11.1586 SecondCar 3.781732 0.025 15.89794 0 180.7032 0 0 0.9999812 0 -0.006136627 4 0
11.1586 FirstCar -6.98554 0.025 2.97 0 90 0 0 0.7071068 0 0.7071068 0.00509496 0
11.1605 Head -0.6626843 1.6 0.1721521 10.875 330.2249 0 0.09157901 -0.255767 0.02434601 0.962083
11.1605 SecondCar 3.788594 0.025 15.8799 0 180.7635 0 0 0.9999778 0 -0.006662802 4 0
11.1605 FirstCar -6.985522 0.025 2.97 0 90 0 0 0.7071068 0 0.7071068 0.0095364 0
11.1622 Head -0.6626843 1.6 0.1721521 10.875 330.2249 0 0.09157901 -0.255767 0.02434601 0.962083
11.1622 SecondCar 3.795116 0.025 15.86273 0 180.821 0 0 0.9999744 0 -0.007164562 4 0
11.1622 FirstCar -6.985498 0.025 2.97 0 90 0 0 0.7071068 0 0.7071068 0.01377 0
11.1640 Head -0.6626843 1.6 0.1721521 10.875 330.2249 0 0.09157901 -0.255767 0.02434601 0.962083
11.1640 SecondCar 3.801576 0.025 15.84568 0 180.8781 0 0 0.9999707 0 -0.007663167 4 0
11.1640 FirstCar -6.985466 0.025 2.97 0 90 0 0 0.7071068 0 0.7071068 0.01797528 0
11.1658 Head -0.6626843 1.6 0.1721521 10.875 330.2249 0 0.09157901 -0.255767 0.02434601 0.962083
11.1658 SecondCar 3.808037 0.025 15.8286 0 180.9355 0 0 0.9999667 0 -0.008163395 4 0
11.1658 FirstCar -6.985427 0.025 2.97 0 90 0 0 0.7071068 0 0.7071068 0.02219256 0
11.1677 Head -0.6626843 1.6 0.1721521 10.875 330.2249 0 0.09157901 -0.255767 0.02434601 0.962083
11.1677 SecondCar 3.814984 0.025 15.81019 0 180.9973 0 0 0.9999622 0 -0.008703074 4 0
11.1677 FirstCar -6.985377 0.025 2.97 0 90 0 0 0.7071068 0 0.7071068 0.02674056 0
11.1696 Head -0.6626843 1.6 0.1721521 10.875 330.2249 0 0.09157901 -0.255767 0.02434601 0.962083
11.1696 SecondCar 3.822089 0.025 15.79133 0 181.0608 0 0 0.9999571 0 -0.009256924 4 0
11.1696 FirstCar -6.985316 0.025 2.97 0 90 0 0 0.7071068 0 0.7071068 0.03140592 0
11.1714 Head -0.6626843 1.6 0.1721521 10.875 330.2249 0 0.09157901 -0.255767 0.02434601 0.962083
11.1714 SecondCar 3.828746 0.025 15.77361 0 181.1205 0 0 0.9999522 0 -0.009777745 4 0
11.1714 FirstCar -6.98525 0.025 2.97 0 90 0 0 0.7071068 0 0.7071068 0.0357912 0
11.1735 Head -0.6626843 1.6 0.1721521 10.875 330.2249 0 0.09157901 -0.255767 0.02434601 0.962083
11.1735 SecondCar 3.836236 0.025 15.75364 0 181.1879 0 0 0.9999463 0 -0.01036576 4 0
11.1735 FirstCar -6.985167 0.025 2.97 0 90 0 0 0.7071068 0 0.7071068 0.04074001 0
11.1755 Head -0.6626843 1.6 0.1721521 10.875 330.2249 0 0.09157901 -0.255767 0.02434601 0.962083
11.1755 SecondCar 3.843351 0.025 15.73462 0 181.2521 0 0 0.9999403 0 -0.01092639 4 0
11.1755 FirstCar -6.985077 0.025 2.97 0 90 0 0 0.7071068 0 0.7071068 0.04545625 0
11.1775 Head -0.6626843 1.6 0.1721521 10.875 330.2249 0 0.09157901 -0.255767 0.02434601 0.962083
11.1775 SecondCar 3.850684 0.025 15.71498 0 181.3186 0 0 0.9999338 0 -0.0115064 4 0
11.1775 FirstCar -6.984975 0.025 2.97 0 90 0 0 0.7071068 0 0.7071068 0.05033329 0
11.1797 Head -0.6626843 1.6 0.1721521 10.875 330.2249 0 0.09157901 -0.255767 0.02434601 0.962083
11.1797 SecondCar 3.85878 0.025 15.69323 0 181.3922 0 0 0.9999262 0 -0.01214925 4 0
11.1797 FirstCar -6.984849 0.025 2.97 0 90 0 0 0.7071068 0 0.7071068 0.05573617 0
11.1816 Head -0.6626843 1.6 0.1721521 10.875 330.2249 0 0.09157901 -0.255767 0.02434601 0.962083
11.1816 SecondCar 3.865569 0.025 15.67495 0 181.4543 0 0 0.9999195 0 -0.01269036 4 0
11.1816 FirstCar -6.984735 0.025 2.97 0 90 0 0 0.7071068 0 0.7071068 0.06028177 0
11.1836 Head -0.6626843 1.6 0.1721521 10.875 330.2249 0 0.09157901 -0.255767 0.02434601 0.962083
11.1836 SecondCar 3.872524 0.025 15.65619 0 181.518 0 0 0.9999123 0 -0.01324673 4 0
11.1836 FirstCar -6.984609 0.025 2.97 0 90 0 0 0.7071068 0 0.7071068 0.06495361 0
11.1858 Head -0.6626843 1.6 0.1721521 10.875 330.2249 0 0.09157901 -0.255767 0.02434601 0.962083
11.1858 SecondCar 3.880325 0.025 15.63509 0 181.5898 0 0 0.9999038 0 -0.01387319 4 0
11.1858 FirstCar -6.984455 0.025 2.97 0 90 0 0 0.7071068 0 0.7071068 0.07021153 0
11.1879 Head -0.6626843 1.6 0.1721521 10.875 330.2249 0 0.09157901 -0.255767 0.02434601 0.962083
11.1879 SecondCar 3.887972 0.025 15.61435 0 181.6605 0 0 0.999895 0 -0.01448983 4 0
11.1879 FirstCar -6.984293 0.025 2.97 0 90 0 0 0.7071068 0 0.7071068 0.07538449 0
11.1904 Head -0.6626843 1.6 0.1721521 10.875 330.2249 0 0.09157901 -0.255767 0.02434601 0.962083
11.1904 SecondCar 3.896728 0.025 15.59054 0 181.7417 0 0 0.9998845 0 -0.01519898 4 0
11.1904 FirstCar -6.984091 0.025 2.97 0 90 0 0 0.7071068 0 0.7071068 0.08133049 0
11.1925 Head -0.6626843 1.6 0.1721521 10.875 330.2249 0 0.09157901 -0.255767 0.02434601 0.962083
11.1925 SecondCar 3.904101 0.025 15.57044 0 181.8105 0 0 0.9998752 0 -0.01579858 4 0
11.1925 FirstCar -6.98391 0.025 2.97 0 90 0 0 0.7071068 0 0.7071068 0.08635537 0
11.1944 Head -0.6626843 1.6 0.1721521 10.875 330.2249 0 0.09157901 -0.255767 0.02434601 0.962083
11.1944 SecondCar 3.910625 0.025 15.55261 0 181.8715 0 0 0.9998667 0 -0.01633117 4 0
11.1944 FirstCar -6.983741 0.025 2.97 0 90 0 0 0.7071068 0 0.7071068 0.09081674 0
11.1960 Head -0.6626843 1.6 0.1721521 10.875 330.2249 0 0.09157901 -0.255767 0.02434601 0.962083
11.1960 SecondCar 3.916561 0.025 15.53635 0 181.9272 0 0 0.9998586 0 -0.01681737 4 0
11.1960 FirstCar -6.98358 0.025 2.97 0 90 0 0 0.7071068 0 0.7071068 0.09488785 0
11.1979 Head -0.6626843 1.6 0.1721521 10.875 330.2249 0 0.09157901 -0.255767 0.02434601 0.962083
11.1979 SecondCar 3.923151 0.025 15.51826 0 181.9893 0 0 0.9998493 0 -0.0173591 4 0
11.1979 FirstCar -6.983392 0.025 2.97 0 90 0 0 0.7071068 0 0.7071068 0.09942217 0
11.1997 Head -0.6626843 1.6 0.1721521 10.875 330.2249 0 0.09157901 -0.255767 0.02434601 0.962083
11.1997 SecondCar 3.92921 0.025 15.5016 0 182.0466 0 0 0.9998406 0 -0.01785882 4 0
11.1997 FirstCar -6.983212 0.025 2.97 0 90 0 0 0.7071068 0 0.7071068 0.1036032 0
11.2014 Head -0.6626843 1.6 0.1721521 10.875 330.2249 0 0.09157901 -0.255767 0.02434601 0.962083
11.2014 SecondCar 3.935063 0.025 15.48547 0 182.1021 0 0 0.9998318 0 -0.01834306 4 0
11.2014 FirstCar -6.98303 0.025 2.97 0 90 0 0 0.7071068 0 0.7071068 0.1076532 0
11.2031 Head -0.6626843 1.6 0.1721521 10.875 330.2249 0 0.09157901 -0.255767 0.02434601 0.962083
11.2031 SecondCar 3.941098 0.025 15.4688 0 182.1595 0 0 0.9998224 0 -0.01884408 4 0
11.2031 FirstCar -6.982835 0.025 2.97 0 90 0 0 0.7071068 0 0.7071068 0.1118419 0
11.2049 Head -0.6626843 1.6 0.1721521 10.875 330.2249 0 0.09157901 -0.255767 0.02434601 0.962083
11.2049 SecondCar 3.947279 0.025 15.45169 0 182.2185 0 0 0.9998127 0 -0.01935899 4 0
11.2049 FirstCar -6.982626 0.025 2.97 0 90 0 0 0.7071068 0 0.7071068 0.1161451 0
11.2067 Head -0.6626843 1.6 0.1721521 10.875 330.2249 0 0.09157901 -0.255767 0.02434601 0.962083
11.2067 SecondCar 3.953342 0.025 15.43487 0 182.2766 0 0 0.9998026 0 -0.01986572 4 0
11.2067 FirstCar -6.982414 0.025 2.97 0 90 0 0 0.7071068 0 0.7071068 0.1203783 0
11.2084 Head -0.6626843 1.6 0.1721521 10.875 330.2249 0 0.09157901 -0.255767 0.02434601 0.962083
11.2084 SecondCar 3.959209 0.025 15.41856 0 182.333 0 0 0.9997928 0 -0.02035772 4 0
11.2084 FirstCar -6.982201 0.025 2.97 0 90 0 0 0.7071068 0 0.7071068 0.1244868 0
11.2103 Head -0.6626843 1.6 0.1721521 10.875 330.2249 0 0.09157901 -0.255767 0.02434601 0.962083
11.2103 SecondCar 3.965679 0.025 15.40053 0 182.3954 0 0 0.9997815 0 -0.02090227 4 0
11.2103 FirstCar -6.981956 0.025 2.97 0 90 0 0 0.7071068 0 0.7071068 0.1290324 0
11.2120 Head -0.6626843 1.6 0.1721521 10.875 330.2249 0 0.09157901 -0.255767 0.02434601 0.962083
11.2120 SecondCar 3.971638 0.025 15.38389 0 182.4531 0 0 0.9997709 0 -0.02140554 4 0
11.2120 FirstCar -6.981723 0.025 2.97 0 90 0 0 0.7071068 0 0.7071068 0.1332317 0
11.2137 Head -0.6626843 1.6 0.1721521 10.875 330.2249 0 0.09157901 -0.255767 0.02434601 0.962083
11.2137 SecondCar 3.977409 0.025 15.36774 0 182.5091 0 0 0.9997603 0 -0.02189452 4 0
11.2137 FirstCar -6.98149 0.025 2.97 0 90 0 0 0.7071068 0 0.7071068 0.1373103 0
11.2155 Head -0.6626843 1.6 0.1721521 10.875 330.2249 0 0.09157901 -0.255767 0.02434601 0.962083
11.2155 SecondCar 3.9834 0.025 15.35093 0 182.5675 0 0 0.999749 0 -0.02240395 4 0
11.2155 FirstCar -6.98124 0.025 2.97 0 90 0 0 0.7071068 0 0.7071068 0.1415578 0
11.2173 Head -0.6626843 1.6 0.1721521 10.875 330.2249 0 0.09157901 -0.255767 0.02434601 0.962083
11.2173 SecondCar 3.989329 0.025 15.33427 0 182.6255 0 0 0.9997376 0 -0.02290974 4 0
11.2173 FirstCar -6.980984 0.025 2.97 0 90 0 0 0.7071068 0 0.7071068 0.1457734 0
11.2192 Head -0.6626843 1.6 0.1721521 10.875 330.2249 0 0.09157901 -0.255767 0.02434601 0.962083
11.2192 SecondCar 3.995912 0.025 15.31572 0 182.6901 0 0 0.9997245 0 -0.02347338 4 0
11.2192 FirstCar -6.98069 0.025 2.97 0 90 0 0 0.7071068 0 0.7071068 0.1504692 0
11.2221 Head -0.6626843 1.6 0.1721521 10.875 330.2249 0 0.09157901 -0.255767 0.02434601 0.962083
11.2221 SecondCar 4.005579 0.025 15.2884 0 182.7854 0 0 0.9997046 0 -0.02430514 4 0
11.2221 FirstCar -6.980235 0.025 2.97 0 90 0 0 0.7071068 0 0.7071068 0.1573952 0
11.2250 Head -0.6626843 1.6 0.1721521 10.875 330.2249 0 0.09157901 -0.255767 0.02434601 0.962083
11.2250 SecondCar 4.01511 0.025 15.26137 0 182.88 0 0 0.9996842 0 -0.02512976 4 0
11.2250 FirstCar -6.979765 0.025 2.97 0 90 0 0 0.7071068 0 0.7071068 0.1642575 0
11.2268 Head -0.6626843 1.6 0.1721521 10.875 330.2249 0 0.09157901 -0.255767 0.02434601 0.962083
11.2268 SecondCar 4.021156 0.025 15.24417 0 182.9402 0 0 0.9996709 0 -0.02565532 4 0
11.2268 FirstCar -6.979458 0.025 2.97 0 90 0 0 0.7071068 0 0.7071068 0.1686289 0
11.2284 Head -0.6626843 1.6 0.1721521 10.875 330.2249 0 0.09157901 -0.255767 0.02434601 0.962083
11.2284 SecondCar 4.026619 0.025 15.22859 0 182.9948 0 0 0.9996585 0 -0.02613183 4 0
11.2284 FirstCar -6.979173 0.025 2.97 0 90 0 0 0.7071068 0 0.7071068 0.1725908 0
11.2302 Head -0.6626843 1.6 0.1721521 10.875 330.2249 0 0.09157901 -0.255767 0.02434601 0.962083
11.2302 SecondCar 4.032555 0.025 15.21163 0 183.0544 0 0 0.9996448 0 -0.02665134 4 0
11.2302 FirstCar -6.978855 0.025 2.97 0 90 0 0 0.7071068 0 0.7071068 0.1769086 0
11.2318 Head -0.6626843 1.6 0.1721521 10.875 330.2249 0 0.09157901 -0.255767 0.02434601 0.962083
11.2318 SecondCar 4.037805 0.025 15.1966 0 183.1072 0 0 0.9996324 0 -0.02711234 4 0
11.2318 FirstCar -6.978567 0.025 2.97 0 90 0 0 0.7071068 0 0.7071068 0.1807388 0
11.2334 Head -0.6626843 1.6 0.1721521 10.875 330.2249 0 0.09157901 -0.255767 0.02434601 0.962083
11.2334 SecondCar 4.042929 0.025 15.18189 0 183.159 0 0 0.9996201 0 -0.02756373 4 0
11.2334 FirstCar -6.978279 0.025 2.97 0 90 0 0 0.7071068 0 0.7071068 0.1844878 0
11.2349 Head -0.6626843 1.6 0.1721521 10.875 330.2249 0 0.09157901 -0.255767 0.02434601 0.962083
11.2349 SecondCar 4.047981 0.025 15.16736 0 183.2102 0 0 0.9996076 0 -0.02801021 4 0
11.2349 FirstCar -6.977988 0.025 2.97 0 90 0 0 0.7071068 0 0.7071068 0.1881949 0
11.2365 Head -0.6626843 1.6 0.1721521 10.875 330.2249 0 0.09157901 -0.255767 0.02434601 0.962083
11.2365 SecondCar 4.053069 0.025 15.1527 0 183.2619 0 0 0.9995949 0 -0.02846126 4 0
11.2365 FirstCar -6.977688 0.025 2.97 0 90 0 0 0.7071068 0 0.7071068 0.1919386 0
11.2381 Head -0.6626843 1.6 0.1721521 10.875 330.2249 0 0.09157901 -0.255767 0.02434601 0.962083
11.2381 SecondCar 4.058298 0.025 15.1376 0 183.3152 0 0 0.9995816 0 -0.02892618 4 0
11.2381 FirstCar -6.977374 0.025 2.97 0 90 0 0 0.7071068 0 0.7071068 0.1957961 0
11.2398 Head -0.6626843 1.6 0.1721521 10.875 330.2249 0 0.09157901 -0.255767 0.02434601 0.962083
11.2398 SecondCar 4.063936 0.025 15.12129 0 183.3728 0 0 0.9995669 0 -0.02942928 4 0
11.2398 FirstCar -6.977026 0.025 2.97 0 90 0 0 0.7071068 0 0.7071068 0.199969 0
11.2418 Head -0.6626843 1.6 0.1721521 10.875 330.2249 0 0.09157901 -0.255767 0.02434601 0.962083
11.2418 SecondCar 4.070172 0.025 15.1032 0 183.4369 0 0 0.9995503 0 -0.02998777 4 0
11.2418 FirstCar -6.976631 0.025 2.97 0 90 0 0 0.7071068 0 0.7071068 0.2045996 0
11.2434 Head -0.6626843 1.6 0.1721521 10.875 330.2249 0 0.09157901 -0.255767 0.02434601 0.962083
11.2434 SecondCar 4.075569 0.025 15.0875 0 183.4925 0 0 0.9995356 0 -0.03047287 4 0
11.2434 FirstCar -6.976282 0.025 2.97 0 90 0 0 0.7071068 0 0.7071068 0.2086201 0
11.2453 Head -0.6626843 1.6 0.1721521 10.875 330.2249 0 0.09157901 -0.255767 0.02434601 0.962083
11.2453 SecondCar 4.081652 0.025 15.06977 0 183.5554 0 0 0.9995188 0 -0.03102168 4 0
11.2453 FirstCar -6.975878 0.025 2.97 0 90 0 0 0.7071068 0 0.7071068 0.2131669 0
11.2472 Head -0.6626843 1.6 0.1721521 10.875 330.2249 0 0.09157901 -0.255767 0.02434601 0.962083
11.2472 SecondCar 4.087495 0.025 15.0527 0 183.6161 0 0 0.9995022 0 -0.03155082 4 0
11.2472 FirstCar -6.975481 0.025 2.97 0 90 0 0 0.7071068 0 0.7071068 0.217549 0
11.2491 Head -0.6626843 1.6 0.1721521 10.875 330.2249 0 0.09157901 -0.255767 0.02434601 0.962083
11.2491 SecondCar 4.093744 0.025 15.03439 0 183.6812 0 0 0.9994841 0 -0.03211891 4 0
11.2491 FirstCar -6.975045 0.025 2.97 0 90 0 0 0.7071068 0 0.7071068 0.2222518 0
11.2511 Head -0.6626843 1.6 0.1721521 10.875 330.2249 0 0.09157901 -0.255767 0.02434601 0.962083
11.2511 SecondCar 4.099988 0.025 15.01605 0 183.7465 0 0 0.9994656 0 -0.03268883 4 0
11.2511 FirstCar -6.974599 0.025 2.97 0 90 0 0 0.7071068 0 0.7071068 0.2269678 0
11.2532 Head -0.6626843 1.6 0.1721521 10.875 330.2249 0 0.09157901 -0.255767 0.02434601 0.962083
11.2532 SecondCar 4.106754 0.025 14.99612 0 183.8176 0 0 0.9994451 0 -0.03330892 4 0
11.2532 FirstCar -6.974103 0.025 2.97 0 90 0 0 0.7071068 0 0.7071068 0.2320969 0
11.2554 Head -0.6626843 1.6 0.1721521 10.875 330.2249 0 0.09157901 -0.255767 0.02434601 0.962083
11.2554 SecondCar 4.113509 0.025 14.97617 0 183.8889 0 0 0.9994242 0 -0.0339308 4 0
11.2554 FirstCar -6.973595 0.025 2.97 0 90 0 0 0.7071068 0 0.7071068 0.2372384 0
11.2573 Head -0.6626843 1.6 0.1721521 10.875 330.2249 0 0.09157901 -0.255767 0.02434601 0.962083
11.2573 SecondCar 4.119603 0.025 14.95812 0 183.9535 0 0 0.9994049 0 -0.0344942 4 0
11.2573 FirstCar -6.973126 0.025 2.97 0 90 0 0 0.7071068 0 0.7071068 0.2418944 0
11.2591 Head -0.6626843 1.6 0.1721521 10.875 330.2249 0 0.09157901 -0.255767 0.02434601 0.962083
11.2591 SecondCar 4.125228 0.025 14.94141 0 184.0134 0 0 0.9993868 0 -0.03501627 4 0
11.2591 FirstCar -6.972683 0.025 2.97 0 90 0 0 0.7071068 0 0.7071068 0.2462072 0
11.2607 Head -0.6626843 1.6 0.1721521 10.875 330.2249 0 0.09157901 -0.255767 0.02434601 0.962083
11.2607 SecondCar 4.130282 0.025 14.92636 0 184.0674 0 0 0.9993702 0 -0.03548706 4 0
11.2607 FirstCar -6.972278 0.025 2.97 0 90 0 0 0.7071068 0 0.7071068 0.250095 0
11.2623 Head -0.6626843 1.6 0.1721521 10.875 330.2249 0 0.09157901 -0.255767 0.02434601 0.962083
11.2623 SecondCar 4.135132 0.025 14.91189 0 184.1194 0 0 0.9993539 0 -0.03594034 4 0
11.2623 FirstCar -6.971882 0.025 2.97 0 90 0 0 0.7071068 0 0.7071068 0.253837 0
11.2638 Head -0.6626843 1.6 0.1721521 10.875 330.2249 0 0.09157901 -0.255767 0.02434601 0.962083
11.2638 SecondCar 4.139912 0.025 14.8976 0 184.1707 0 0 0.9993377 0 -0.03638843 4 0
11.2638 FirstCar -6.971486 0.025 2.97 0 90 0 0 0.7071068 0 0.7071068 0.257535 0
11.2655 Head -0.6626843 1.6 0.1721521 10.875 330.2249 0 0.09157901 -0.255767 0.02434601 0.962083
11.2655 SecondCar 4.145095 0.025 14.88206 0 184.2266 0 0 0.9993199 0 -0.03687605 4 0
11.2655 FirstCar -6.971047 0.025 2.97 0 90 0 0 0.7071068 0 0.7071068 0.2615578 0
11.2671 Head -0.6626843 1.6 0.1721521 10.875 330.2249 0 0.09157901 -0.255767 0.02434601 0.962083
11.2671 SecondCar 4.150184 0.025 14.86678 0 184.2817 0 0 0.999302 0 -0.03735643 4 0
11.2671 FirstCar -6.970609 0.025 2.97 0 90 0 0 0.7071068 0 0.7071068 0.2655195 0
11.2689 Head -0.6626843 1.6 0.1721521 10.875 330.2249 0 0.09157901 -0.255767 0.02434601 0.962083
11.2689 SecondCar 4.155679 0.025 14.85023 0 184.3414 0 0 0.9992824 0 -0.03787702 4 0
11.2689 FirstCar -6.970127 0.025 2.97 0 90 0 0 0.7071068 0 0.7071068 0.2698114 0
11.2705 Head -0.6626843 1.6 0.1721521 10.875 330.2249 0 0.09157901 -0.255767 0.02434601 0.962083
11.2705 SecondCar 4.160619 0.025 14.83532 0 184.3953 0 0 0.9992645 0 -0.03834681 4 0
11.2705 FirstCar -6.969685 0.025 2.97 0 90 0 0 0.7071068 0 0.7071068 0.2736831 0
11.2721 Head -0.6626843 1.6 0.1721521 10.875 330.2249 0 0.09157901 -0.255767 0.02434601 0.962083
11.2721 SecondCar 4.165411 0.025 14.82082 0 184.4477 0 0 0.9992468 0 -0.03880399 4 0
11.2721 FirstCar -6.96925 0.025 2.97 0 90 0 0 0.7071068 0 0.7071068 0.2774497 0
11.2737 Head -0.6626843 1.6 0.1721521 10.875 330.2249 0 0.09157901 -0.255767 0.02434601 0.962083
11.2737 SecondCar 4.170291 0.025 14.80603 0 184.5013 0 0 0.9992286 0 -0.03927114 4 0
11.2737 FirstCar -6.968799 0.025 2.97 0 90 0 0 0.7071068 0 0.7071068 0.2812971 0
11.2753 Head -0.6626843 1.6 0.1721521 10.875 330.2249 0 0.09157901 -0.255767 0.02434601 0.962083
11.2753 SecondCar 4.174975 0.025 14.79179 0 184.5529 0 0 0.9992108 0 -0.03972104 4 0
11.2753 FirstCar -6.968359 0.025 2.97 0 90 0 0 0.7071068 0 0.7071068 0.2850013 0
11.2769 Head -0.6626843 1.6 0.1721521 10.875 330.2249 0 0.09157901 -0.255767 0.02434601 0.962083
11.2769 SecondCar 4.179842 0.025 14.77697 0 184.6067 0 0 0.9991921 0 -0.04019012 4 0
11.2769 FirstCar -6.967894 0.025 2.97 0 90 0 0 0.7071068 0 0.7071068 0.2888622 0
11.2784 Head -0.6626843 1.6 0.1721521 10.875 330.2249 0 0.09157901 -0.255767 0.02434601 0.962083
11.2784 SecondCar 4.184478 0.025 14.76282 0 184.6581 0 0 0.9991739 0 -0.04063838 4 0
11.2784 FirstCar -6.967444 0.025 2.97 0 90 0 0 0.7071068 0 0.7071068 0.2925505 0
11.2799 Head -0.6626843 1.6 0.1721521 10.875 330.2249 0 0.09157901 -0.255767 0.02434601 0.962083
11.2799 SecondCar 4.189075 0.025 14.74875 0 184.7092 0 0 0.9991557 0 -0.04108436 4 0
11.2799 FirstCar -6.966991 0.025 2.97 0 90 0 0 0.7071068 0 0.7071068 0.2962189 0
11.2816 Head -0.6626843 1.6 0.1721521 10.875 330.2249 0 0.09157901 -0.255767 0.02434601 0.962083
11.2816 SecondCar 4.193921 0.025 14.73389 0 184.7634 0 0 0.9991362 0 -0.0415561 4 0
11.2816 FirstCar -6.966506 0.025 2.97 0 90 0 0 0.7071068 0 0.7071068 0.300098 0
11.2831 Head -0.6626843 1.6 0.1721521 10.875 330.2249 0 0.09157901 -0.255767 0.02434601 0.962083
11.2831 SecondCar 4.198616 0.025 14.71946 0 184.816 0 0 0.999117 0 -0.04201477 4 0
11.2831 FirstCar -6.966029 0.025 2.97 0 90 0 0 0.7071068 0 0.7071068 0.3038684 0
11.2847 Head -0.6626843 1.6 0.1721521 10.875 330.2249 0 0.09157901 -0.255767 0.02434601 0.962083
11.2847 SecondCar 4.203221 0.025 14.70527 0 184.8677 0 0 0.9990979 0 -0.04246608 4 0
11.2847 FirstCar -6.965554 0.025 2.97 0 90 0 0 0.7071068 0 0.7071068 0.3075771 0
11.2863 Head -0.6626843 1.6 0.1721521 10.875 330.2249 0 0.09157901 -0.255767 0.02434601 0.962083
11.2863 SecondCar 4.208005 0.025 14.6905 0 184.9217 0 0 0.9990778 0 -0.04293661 4 0
11.2863 FirstCar -6.965052 0.025 2.97 0 90 0 0 0.7071068 0 0.7071068 0.3114426 0
11.2879 Head -0.6626843 1.6 0.1721521 10.875 330.2249 0 0.09157901 -0.255767 0.02434601 0.962083
11.2879 SecondCar 4.212692 0.025 14.67599 0 184.9747 0 0 0.9990578 0 -0.04339922 4 0
11.2879 FirstCar -6.964553 0.025 2.97 0 90 0 0 0.7071068 0 0.7071068 0.3152418 0
11.2896 Head -0.6626843 1.6 0.1721521 10.875 330.2249 0 0.09157901 -0.255767 0.02434601 0.962083
11.2896 SecondCar 4.217885 0.025 14.65988 0 185.0338 0 0 0.9990354 0 -0.04391359 4 0
11.2896 FirstCar -6.963991 0.025 2.97 0 90 0 0 0.7071068 0 0.7071068 0.3194646 0
11.2912 Head -0.6626843 1.6 0.1721521 10.875 330.2249 0 0.09157901 -0.255767 0.02434601 0.962083
11.2912 SecondCar 4.222636 0.025 14.6451 0 185.0879 0 0 0.9990145 0 -0.04438593 4 0
11.2912 FirstCar -6.963469 0.025 2.97 0 90 0 0 0.7071068 0 0.7071068 0.3233411 0
11.2929 Head -0.6626843 1.6 0.1721521 10.875 330.2249 0 0.09157901 -0.255767 0.02434601 0.962083
11.2929 SecondCar 4.227571 0.025 14.62971 0 185.1444 0 0 0.9989925 0 -0.04487829 4 0
11.2929 FirstCar -6.962917 0.025 2.97 0 90 0 0 0.7071068 0 0.7071068 0.3273805 0
11.2948 Head -0.6626843 1.6 0.1721521 10.875 330.2249 0 0.09157901 -0.255767 0.02434601 0.962083
11.2948 SecondCar 4.23302 0.025 14.61267 0 185.207 0 0 0.9989678 0 -0.0454242 4 0
11.2948 FirstCar -6.962298 0.025 2.97 0 90 0 0 0.7071068 0 0.7071068 0.3318577 0
11.2966 Head -0.6626843 1.6 0.1721521 10.875 330.2249 0 0.09157901 -0.255767 0.02434601 0.962083
11.2966 SecondCar 4.238208 0.025 14.5964 0 185.2669 0 0 0.9989439 0 -0.04594589 4 0
11.2966 FirstCar -6.961699 0.025 2.97 0 90 0 0 0.7071068 0 0.7071068 0.3361348 0
11.2987 Head -0.6626843 1.6 0.1721521 10.875 330.2249 0 0.09157901 -0.255767 0.02434601 0.962083
11.2987 SecondCar 4.244375 0.025 14.57701 0 185.3383 0 0 0.9989151 0 -0.04656877 4 0
11.2987 FirstCar -6.960974 0.025 2.97 0 90 0 0 0.7071068 0 0.7071068 0.3412393 0
11.3006 Head -0.6626843 1.6 0.1721521 10.875 330.2249 0 0.09157901 -0.255767 0.02434601 0.962083
11.3006 SecondCar 4.249992 0.025 14.55929 0 185.4037 0 0 0.9988884 0 -0.04713881 4 0
11.3006 FirstCar -6.960301 0.025 2.97 0 90 0 0 0.7071068 0 0.7071068 0.345909 0
11.3024 Head -0.6626843 1.6 0.1721521 10.875 330.2249 0 0.09157901 -0.255767 0.02434601 0.962083
11.3024 SecondCar 4.254961 0.025 14.54357 0 185.4618 0 0 0.9988644 0 -0.04764499 4 0
11.3024 FirstCar -6.959696 0.025 2.97 0 90 0 0 0.7071068 0 0.7071068 0.350054 0
11.3042 Head -0.6626843 1.6 0.1721521 10.875 330.2249 0 0.09157901 -0.255767 0.02434601 0.962083
11.3042 SecondCar 4.260136 0.025 14.52716 0 185.5225 0 0 0.998839 0 -0.04817432 4 0
11.3042 FirstCar -6.959056 0.025 2.97 0 90 0 0 0.7071068 0 0.7071068 0.3543872 0
11.3060 Head -0.6626843 1.6 0.1721521 10.875 330.2249 0 0.09157901 -0.255767 0.02434601 0.962083
11.3060 SecondCar 4.265307 0.025 14.51071 0 185.5834 0 0 0.9988132 0 -0.04870546 4 0
11.3060 FirstCar -6.958407 0.025 2.97 0 90 0 0 0.7071068 0 0.7071068 0.3587336 0
11.3078 Head -0.6626843 1.6 0.1721521 10.875 330.2249 0 0.09157901 -0.255767 0.02434601 0.962083
11.3078 SecondCar 4.270456 0.025 14.49428 0 185.6443 0 0 0.9987872 0 -0.04923638 4 0
11.3078 FirstCar -6.95775 0.025 2.97 0 90 0 0 0.7071068 0 0.7071068 0.3630767 0
11.3098 Head -0.6626843 1.6 0.1721521 10.875 330.2249 0 0.09157901 -0.255767 0.02434601 0.962083
11.3098 SecondCar 4.27617 0.025 14.476 0 185.7122 0 0 0.9987578 0 -0.04982816 4 0
11.3098 FirstCar -6.957008 0.025 2.97 0 90 0 0 0.7071068 0 0.7071068 0.3679158 0
11.3115 Head -0.6626843 1.6 0.1721521 10.875 330.2249 0 0.09157901 -0.255767 0.02434601 0.962083
11.3115 SecondCar 4.280868 0.025 14.46093 0 185.7683 0 0 0.9987333 0 -0.05031669 4 0
11.3115 FirstCar -6.956389 0.025 2.97 0 90 0 0 0.7071068 0 0.7071068 0.3719091 0
11.3133 Head -0.6626843 1.6 0.1721521 10.875 330.2249 0 0.09157901 -0.255767 0.02434601 0.962083
11.3133 SecondCar 4.285975 0.025 14.4445 0 185.8295 0 0 0.9987063 0 -0.05084997 4 0
11.3133 FirstCar -6.955706 0.025 2.97 0 90 0 0 0.7071068 0 0.7071068 0.3762668 0
11.3152 Head -0.6626843 1.6 0.1721521 10.875 330.2249 0 0.09157901 -0.255767 0.02434601 0.962083
11.3152 SecondCar 4.291398 0.025 14.427 0 185.8947 0 0 0.9986772 0 -0.05141867 4 0
11.3152 FirstCar -6.954968 0.025 2.97 0 90 0 0 0.7071068 0 0.7071068 0.3809122 0
11.3170 Head -0.6626843 1.6 0.1721521 10.875 330.2249 0 0.09157901 -0.255767 0.02434601 0.962083
11.3170 SecondCar 4.296229 0.025 14.41136 0 185.9531 0 0 0.9986508 0 -0.0519274 4 0
11.3170 FirstCar -6.954302 0.025 2.97 0 90 0 0 0.7071068 0 0.7071068 0.3850664 0
11.3187 Head -0.6626843 1.6 0.1721521 10.875 330.2249 0 0.09157901 -0.255767 0.02434601 0.962083
11.3187 SecondCar 4.300954 0.025 14.39603 0 186.0104 0 0 0.9986248 0 -0.05242685 4 0
11.3187 FirstCar -6.953641 0.025 2.97 0 90 0 0 0.7071068 0 0.7071068 0.3891433 0
11.3203 Head -0.6626843 1.6 0.1721521 10.875 330.2249 0 0.09157901 -0.255767 0.02434601 0.962083
11.3203 SecondCar 4.305641 0.025 14.38077 0 186.0675 0 0 0.9985985 0 -0.05292428 4 0
11.3203 FirstCar -6.952976 0.025 2.97 0 90 0 0 0.7071068 0 0.7071068 0.3932024 0
11.3224 Head -0.6626843 1.6 0.1721521 10.875 330.2249 0 0.09157901 -0.255767 0.02434601 0.962083
11.3224 SecondCar 4.311235 0.025 14.36252 0 186.1359 0 0 0.9985667 0 -0.05352056 4 0
11.3224 FirstCar -6.952169 0.025 2.97 0 90 0 0 0.7071068 0 0.7071068 0.3980664 0
11.3242 Head -0.6626843 1.6 0.1721521 10.875 330.2249 0 0.09157901 -0.255767 0.02434601 0.962083
11.3242 SecondCar 4.316179 0.025 14.34633 0 186.1967 0 0 0.9985383 0 -0.05404987 4 0
11.3242 FirstCar -6.951445 0.025 2.97 0 90 0 0 0.7071068 0 0.7071068 0.4023826 0
11.3259 Head -0.6626843 1.6 0.1721521 10.875 330.2249 0 0.09157901 -0.255767 0.02434601 0.962083
11.3259 SecondCar 4.320997 0.025 14.33051 0 186.2561 0 0 0.9985101 0 -0.05456779 4 0
11.3259 FirstCar -6.95073 0.025 2.97 0 90 0 0 0.7071068 0 0.7071068 0.4066044 0
11.3275 Head -0.6626843 1.6 0.1721521 10.875 330.2249 0 0.09157901 -0.255767 0.02434601 0.962083
11.3275 SecondCar 4.325336 0.025 14.31622 0 186.3099 0 0 0.9984844 0 -0.05503611 4 0
11.3275 FirstCar -6.950077 0.025 2.97 0 90 0 0 0.7071068 0 0.7071068 0.4104207 0
11.3294 Head -0.6626843 1.6 0.1721521 10.875 330.2249 0 0.09157901 -0.255767 0.02434601 0.962083
11.3294 SecondCar 4.330357 0.025 14.29964 0 186.3723 0 0 0.9984543 0 -0.05558014 4 0
11.3294 FirstCar -6.949311 0.025 2.97 0 90 0 0 0.7071068 0 0.7071068 0.4148525 0
11.3310 Head -0.6626843 1.6 0.1721521 10.875 330.2249 0 0.09157901 -0.255767 0.02434601 0.962083
11.3310 SecondCar 4.334833 0.025 14.28482 0 186.4282 0 0 0.998427 0 -0.05606712 4 0
11.3310 FirstCar -6.948619 0.025 2.97 0 90 0 0 0.7071068 0 0.7071068 0.4188183 0
11.3328 Head -0.6626843 1.6 0.1721521 10.875 330.2249 0 0.09157901 -0.255767 0.02434601 0.962083
11.3328 SecondCar 4.339535 0.025 14.26921 0 186.4871 0 0 0.9983981 0 -0.05658082 4 0
11.3328 FirstCar -6.947882 0.025 2.97 0 90 0 0 0.7071068 0 0.7071068 0.4230003 0
11.3346 Head -0.6626843 1.6 0.1721521 10.875 330.2249 0 0.09157901 -0.255767 0.02434601 0.962083
11.3346 SecondCar 4.344428 0.025 14.25291 0 186.5488 0 0 0.9983675 0 -0.05711755 4 0
11.3346 FirstCar -6.947104 0.025 2.97 0 90 0 0 0.7071068 0 0.7071068 0.4273683 0
11.3363 Head -0.6626843 1.6 0.1721521 10.875 330.2249 0 0.09157901 -0.255767 0.02434601 0.962083
11.3363 SecondCar 4.348942 0.025 14.23783 0 186.6058 0 0 0.9983389 0 -0.0576149 4 0
11.3363 FirstCar -6.946377 0.025 2.97 0 90 0 0 0.7071068 0 0.7071068 0.4314145 0
11.3379 Head -0.6626843 1.6 0.1721521 10.875 330.2249 0 0.09157901 -0.255767 0.02434601 0.962083
11.3379 SecondCar 4.353343 0.025 14.22309 0 186.6617 0 0 0.9983107 0 -0.05810158 4 0
11.3379 FirstCar -6.945659 0.025 2.97 0 90 0 0 0.7071068 0 0.7071068 0.4353725 0
11.3395 Head -0.6626843 1.6 0.1721521 10.875 330.2249 0 0.09157901 -0.255767 0.02434601 0.962083
11.3395 SecondCar 4.357625 0.025 14.2087 0 186.7163 0 0 0.9982829 0 -0.05857703 4 0
11.3395 FirstCar -6.944951 0.025 2.97 0 90 0 0 0.7071068 0 0.7071068 0.4392382 0
11.3411 Head -0.6626843 1.6 0.1721521 10.875 330.2249 0 0.09157901 -0.255767 0.02434601 0.962083
11.3411 SecondCar 4.361848 0.025 14.19448 0 186.7703 0 0 0.9982552 0 -0.05904761 4 0
11.3411 FirstCar -6.944245 0.025 2.97 0 90 0 0 0.7071068 0 0.7071068 0.4430631 0
11.3427 Head -0.6626843 1.6 0.1721521 10.875 330.2249 0 0.09157901 -0.255767 0.02434601 0.962083
11.3427 SecondCar 4.365955 0.025 14.18061 0 186.823 0 0 0.9982279 0 -0.05950708 4 0
11.3427 FirstCar -6.94355 0.025 2.97 0 90 0 0 0.7071068 0 0.7071068 0.4467965 0
11.3443 Head -0.6626843 1.6 0.1721521 10.875 330.2249 0 0.09157901 -0.255767 0.02434601 0.962083
11.3443 SecondCar 4.370179 0.025 14.16631 0 186.8775 0 0 0.9981995 0 -0.05998146 4 0
11.3443 FirstCar -6.942826 0.025 2.97 0 90 0 0 0.7071068 0 0.7071068 0.45065 0
11.3459 Head -0.6626843 1.6 0.1721521 10.875 330.2249 0 0.09157901 -0.255767 0.02434601 0.962083
11.3459 SecondCar 4.374352 0.025 14.15214 0 186.9315 0 0 0.9981712 0 -0.06045194 4 0
11.3459 FirstCar -6.942103 0.025 2.97 0 90 0 0 0.7071068 0 0.7071068 0.4544705 0
11.3475 Head -0.6626843 1.6 0.1721521 10.875 330.2249 0 0.09157901 -0.255767 0.02434601 0.962083
11.3475 SecondCar 4.378487 0.025 14.13805 0 186.9852 0 0 0.9981427 0 -0.06091998 4 0
11.3475 FirstCar -6.941377 0.025 2.97 0 90 0 0 0.7071068 0 0.7071068 0.4582702 0
11.3494 Head -0.6626843 1.6 0.1721521 10.875 330.2249 0 0.09157901 -0.255767 0.02434601 0.962083
11.3494 SecondCar 4.383567 0.025 14.1207 0 187.0515 0 0 0.9981073 0 -0.06149743 4 0
11.3494 FirstCar -6.940473 0.025 2.97 0 90 0 0 0.7071068 0 0.7071068 0.4629567 0
11.3510 Head -0.6626843 1.6 0.1721521 10.875 330.2249 0 0.09157901 -0.255767 0.02434601 0.962083
11.3510 SecondCar 4.387592 0.025 14.10692 0 187.1043 0 0 0.9980789 0 -0.06195672 4 0
11.3510 FirstCar -6.939748 0.025 2.97 0 90 0 0 0.7071068 0 0.7071068 0.4666829 0
11.3525 Head -0.6626843 1.6 0.1721521 10.875 330.2249 0 0.09157901 -0.255767 0.02434601 0.962083
11.3525 SecondCar 4.391541 0.025 14.09335 0 187.1562 0 0 0.9980507 0 -0.06240939 4 0
11.3525 FirstCar -6.939029 0.025 2.97 0 90 0 0 0.7071068 0 0.7071068 0.4703545 0
11.3540 Head -0.6626843 1.6 0.1721521 10.875 330.2249 0 0.09157901 -0.255767 0.02434601 0.962083
11.3540 SecondCar 4.395469 0.025 14.07982 0 187.2081 0 0 0.9980223 0 -0.06286108 4 0
11.3540 FirstCar -6.938305 0.025 2.97 0 90 0 0 0.7071068 0 0.7071068 0.4740169 0
11.3556 Head -0.6626843 1.6 0.1721521 10.875 330.2249 0 0.09157901 -0.255767 0.02434601 0.962083
11.3556 SecondCar 4.399552 0.025 14.06571 0 187.2622 0 0 0.9979925 0 -0.06333251 4 0
11.3556 FirstCar -6.937544 0.025 2.97 0 90 0 0 0.7071068 0 0.7071068 0.4778384 0
11.3572 Head -0.6626843 1.6 0.1721521 10.875 330.2249 0 0.09157901 -0.255767 0.02434601 0.962083
11.3572 SecondCar 4.40362 0.025 14.05163 0 187.3164 0 0 0.9979625 0 -0.06380394 4 0
11.3572 FirstCar -6.936778 0.025 2.97 0 90 0 0 0.7071068 0 0.7071068 0.4816587 0
11.3588 Head -0.6626843 1.6 0.1721521 10.875 330.2249 0 0.09157901 -0.255767 0.02434601 0.962083
11.3588 SecondCar 4.407604 0.025 14.03779 0 187.3696 0 0 0.9979327 0 -0.06426753 4 0
11.3588 FirstCar -6.936018 0.025 2.97 0 90 0 0 0.7071068 0 0.7071068 0.4854145 0
11.3603 Head -0.6626843 1.6 0.1721521 10.875 330.2249 0 0.09157901 -0.255767 0.02434601 0.962083
11.3603 SecondCar 4.411527 0.025 14.02412 0 187.4222 0 0 0.9979031 0 -0.06472578 4 0
11.3603 FirstCar -6.935262 0.025 2.97 0 90 0 0 0.7071068 0 0.7071068 0.4891258 0
11.3619 Head -0.6626843 1.6 0.1721521 10.875 330.2249 0 0.09157901 -0.255767 0.02434601 0.962083
11.3619 SecondCar 4.415525 0.025 14.01016 0 187.4761 0 0 0.9978726 0 -0.06519471 4 0
11.3619 FirstCar -6.934482 0.025 2.97 0 90 0 0 0.7071068 0 0.7071068 0.4929226 0
11.3636 Head -0.6626843 1.6 0.1721521 10.875 330.2249 0 0.09157901 -0.255767 0.02434601 0.962083
11.3636 SecondCar 4.419693 0.025 13.99556 0 187.5324 0 0 0.9978404 0 -0.06568534 4 0
11.3636 FirstCar -6.93366 0.025 2.97 0 90 0 0 0.7071068 0 0.7071068 0.4968939 0
11.3652 Head -0.6626843 1.6 0.1721521 10.875 330.2249 0 0.09157901 -0.255767 0.02434601 0.962083
11.3652 SecondCar 4.423922 0.025 13.9807 0 187.5898 0 0 0.9978073 0 -0.06618544 4 0
11.3652 FirstCar -6.932816 0.025 2.97 0 90 0 0 0.7071068 0 0.7071068 0.5009408 0
11.3671 Head -0.6626843 1.6 0.1721521 10.875 330.2249 0 0.09157901 -0.255767 0.02434601 0.962083
11.3671 SecondCar 4.428579 0.025 13.96428 0 187.6534 0 0 0.9977705 0 -0.06673858 4 0
11.3671 FirstCar -6.931873 0.025 2.97 0 90 0 0 0.7071068 0 0.7071068 0.5054151 0
11.3690 Head -0.6626843 1.6 0.1721521 10.875 330.2249 0 0.09157901 -0.255767 0.02434601 0.962083
11.3690 SecondCar 4.433375 0.025 13.94731 0 187.7191 0 0 0.997732 0 -0.06731102 4 0
11.3690 FirstCar -6.93089 0.025 2.97 0 90 0 0 0.7071068 0 0.7071068 0.5100443 0
11.3709 Head -0.6626843 1.6 0.1721521 10.875 330.2249 0 0.09157901 -0.255767 0.02434601 0.962083
11.3709 SecondCar 4.43793 0.025 13.93114 0 187.7818 0 0 0.997695 0 -0.06785727 4 0
11.3709 FirstCar -6.929943 0.025 2.97 0 90 0 0 0.7071068 0 0.7071068 0.51446 0
11.3726 Head -0.6626843 1.6 0.1721521 10.875 330.2249 0 0.09157901 -0.255767 0.02434601 0.962083
11.3726 SecondCar 4.442301 0.025 13.91558 0 187.8423 0 0 0.9976591 0 -0.06838374 4 0
11.3726 FirstCar -6.929024 0.025 2.97 0 90 0 0 0.7071068 0 0.7071068 0.5187145 0
11.3744 Head -0.6626843 1.6 0.1721521 10.875 330.2249 0 0.09157901 -0.255767 0.02434601 0.962083
11.3744 SecondCar 4.446628 0.025 13.90012 0 187.9025 0 0 0.9976231 0 -0.06890739 4 0
11.3744 FirstCar -6.928102 0.025 2.97 0 90 0 0 0.7071068 0 0.7071068 0.5229447 0
11.3762 Head -0.6626843 1.6 0.1721521 10.875 330.2249 0 0.09157901 -0.255767 0.02434601 0.962083
11.3762 SecondCar 4.450937 0.025 13.88467 0 187.9626 0 0 0.9975868 0 -0.06943128 4 0
11.3762 FirstCar -6.927173 0.025 2.97 0 90 0 0 0.7071068 0 0.7071068 0.5271757 0
11.3778 Head -0.6626843 1.6 0.1721521 10.875 330.2249 0 0.09157901 -0.255767 0.02434601 0.962083
11.3778 SecondCar 4.454973 0.025 13.87015 0 188.0193 0 0 0.9975523 0 -0.06992403 4 0
11.3778 FirstCar -6.926292 0.025 2.97 0 90 0 0 0.7071068 0 0.7071068 0.531154 0
11.3796 Head -0.6626843 1.6 0.1721521 10.875 330.2249 0 0.09157901 -0.255767 0.02434601 0.962083
11.3796 SecondCar 4.45928 0.025 13.8546 0 188.0799 0 0 0.9975151 0 -0.07045231 4 0
11.3796 FirstCar -6.925341 0.025 2.97 0 90 0 0 0.7071068 0 0.7071068 0.5354178 0
11.3813 Head -0.6626843 1.6 0.1721521 10.875 330.2249 0 0.09157901 -0.255767 0.02434601 0.962083
11.3813 SecondCar 4.463273 0.025 13.84015 0 188.1364 0 0 0.9974803 0 -0.07094423 4 0
11.3813 FirstCar -6.924449 0.025 2.97 0 90 0 0 0.7071068 0 0.7071068 0.5393869 0
11.3829 Head -0.6626843 1.6 0.1721521 10.875 330.2249 0 0.09157901 -0.255767 0.02434601 0.962083
11.3829 SecondCar 4.467163 0.025 13.82603 0 188.1917 0 0 0.9974459 0 -0.07142544 4 0
11.3829 FirstCar -6.92357 0.025 2.97 0 90 0 0 0.7071068 0 0.7071068 0.5432684 0
11.3847 Head -0.6626843 1.6 0.1721521 10.875 330.2249 0 0.09157901 -0.255767 0.02434601 0.962083
11.3847 SecondCar 4.471534 0.025 13.8101 0 188.2541 0 0 0.9974069 0 -0.07196876 4 0
11.3847 FirstCar -6.92257 0.025 2.97 0 90 0 0 0.7071068 0 0.7071068 0.5476496 0
11.3867 Head -0.6626843 1.6 0.1721521 10.875 330.2249 0 0.09157901 -0.255767 0.02434601 0.962083
11.3867 SecondCar 4.47641 0.025 13.79226 0 188.3241 0 0 0.9973627 0 -0.07257782 4 0
11.3867 FirstCar -6.92144 0.025 2.97 0 90 0 0 0.7071068 0 0.7071068 0.5525593 0
11.3886 Head -0.6626843 1.6 0.1721521 10.875 330.2249 0 0.09157901 -0.255767 0.02434601 0.962083
11.3886 SecondCar 4.480695 0.025 13.77653 0 188.386 0 0 0.9973235 0 -0.07311587 4 0
11.3886 FirstCar -6.920434 0.025 2.97 0 90 0 0 0.7071068 0 0.7071068 0.5568951 0
11.3909 Head -0.6626843 1.6 0.1721521 10.875 330.2249 0 0.09157901 -0.255767 0.02434601 0.962083
11.3909 SecondCar 4.486138 0.025 13.75647 0 188.4649 0 0 0.9972729 0 -0.07380293 4 0
11.3909 FirstCar -6.919137 0.025 2.97 0 90 0 0 0.7071068 0 0.7071068 0.5624295 0
11.3927 Head -0.6626843 1.6 0.1721521 10.875 330.2249 0 0.09157901 -0.255767 0.02434601 0.962083
11.3927 SecondCar 4.490476 0.025 13.74042 0 188.5282 0 0 0.997232 0 -0.07435359 4 0
11.3927 FirstCar -6.918089 0.025 2.97 0 90 0 0 0.7071068 0 0.7071068 0.5668638 0
11.3944 Head -0.6626843 1.6 0.1721521 10.875 330.2249 0 0.09157901 -0.255767 0.02434601 0.962083
11.3944 SecondCar 4.494421 0.025 13.72577 0 188.586 0 0 0.9971943 0 -0.07485672 4 0
11.3944 FirstCar -6.917126 0.025 2.97 0 90 0 0 0.7071068 0 0.7071068 0.570914 0
11.3962 Head -0.6626843 1.6 0.1721521 10.875 330.2249 0 0.09157901 -0.255767 0.02434601 0.962083
11.3962 SecondCar 4.498527 0.025 13.71047 0 188.6464 0 0 0.9971547 0 -0.07538283 4 0
11.3962 FirstCar -6.916111 0.025 2.97 0 90 0 0 0.7071068 0 0.7071068 0.5751479 0
11.3980 Head -0.6626843 1.6 0.1721521 10.875 330.2249 0 0.09157901 -0.255767 0.02434601 0.962083
11.3980 SecondCar 4.50269 0.025 13.69489 0 188.708 0 0 0.997114 0 -0.07591888 4 0
11.3980 FirstCar -6.91507 0.025 2.97 0 90 0 0 0.7071068 0 0.7071068 0.5794604 0
11.3996 Head -0.6626843 1.6 0.1721521 10.875 330.2249 0 0.09157901 -0.255767 0.02434601 0.962083
11.3996 SecondCar 4.506575 0.025 13.68032 0 188.7658 0 0 0.9970756 0 -0.07642139 4 0
11.3996 FirstCar -6.914087 0.025 2.97 0 90 0 0 0.7071068 0 0.7071068 0.5835021 0
11.4012 Head -0.6626843 1.6 0.1721521 10.875 330.2249 0 0.09157901 -0.255767 0.02434601 0.962083
11.4012 SecondCar 4.51013 0.025 13.66693 0 188.8189 0 0 0.9970401 0 -0.07688332 4 0
11.4012 FirstCar -6.913178 0.025 2.97 0 90 0 0 0.7071068 0 0.7071068 0.5872161 0
11.4028 Head -0.6626843 1.6 0.1721521 10.875 330.2249 0 0.09157901 -0.255767 0.02434601 0.962083
11.4028 SecondCar 4.513781 0.025 13.65314 0 188.8736 0 0 0.9970033 0 -0.07735962 4 0
11.4028 FirstCar -6.912235 0.025 2.97 0 90 0 0 0.7071068 0 0.7071068 0.5910448 0
11.4043 Head -0.6626843 1.6 0.1721521 10.875 330.2249 0 0.09157901 -0.255767 0.02434601 0.962083
11.4043 SecondCar 4.517217 0.025 13.64012 0 188.9254 0 0 0.9969682 0 -0.07780991 4 0
11.4043 FirstCar -6.911339 0.025 2.97 0 90 0 0 0.7071068 0 0.7071068 0.5946633 0
11.4059 Head -0.6626843 1.6 0.1721521 10.875 330.2249 0 0.09157901 -0.255767 0.02434601 0.962083
11.4059 SecondCar 4.520808 0.025 13.62647 0 188.9797 0 0 0.9969313 0 -0.07828242 4 0
11.4059 FirstCar -6.910392 0.025 2.97 0 90 0 0 0.7071068 0 0.7071068 0.5984594 0
11.4075 Head -0.6626843 1.6 0.1721521 10.875 330.2249 0 0.09157901 -0.255767 0.02434601 0.962083
11.4075 SecondCar 4.524397 0.025 13.61278 0 189.0342 0 0 0.9968939 0 -0.07875687 4 0
11.4075 FirstCar -6.909436 0.025 2.97 0 90 0 0 0.7071068 0 0.7071068 0.6022701 0
11.4093 Head -0.6626843 1.6 0.1721521 10.875 330.2249 0 0.09157901 -0.255767 0.02434601 0.962083
11.4093 SecondCar 4.528468 0.025 13.59721 0 189.0964 0 0 0.996851 0 -0.07929741 4 0
11.4093 FirstCar -6.908339 0.025 2.97 0 90 0 0 0.7071068 0 0.7071068 0.6066102 0
11.4109 Head -0.6626843 1.6 0.1721521 10.875 330.2249 0 0.09157901 -0.255767 0.02434601 0.962083
11.4109 SecondCar 4.532074 0.025 13.58335 0 189.1517 0 0 0.9968126 0 -0.07977866 4 0
11.4109 FirstCar -6.907356 0.025 2.97 0 90 0 0 0.7071068 0 0.7071068 0.6104733 0
11.4125 Head -0.6626843 1.6 0.1721521 10.875 330.2249 0 0.09157901 -0.255767 0.02434601 0.962083
11.4125 SecondCar 4.535711 0.025 13.56934 0 189.2077 0 0 0.9967735 0 -0.08026606 4 0
11.4125 FirstCar -6.906355 0.025 2.97 0 90 0 0 0.7071068 0 0.7071068 0.6143845 0
11.4140 Head -0.6626843 1.6 0.1721521 10.875 330.2249 0 0.09157901 -0.255767 0.02434601 0.962083
11.4140 SecondCar 4.539095 0.025 13.55625 0 189.2601 0 0 0.9967367 0 -0.08072163 4 0
11.4140 FirstCar -6.905414 0.025 2.97 0 90 0 0 0.7071068 0 0.7071068 0.6180395 0
11.4156 Head -0.6626843 1.6 0.1721521 10.875 330.2249 0 0.09157901 -0.255767 0.02434601 0.962083
11.4156 SecondCar 4.542501 0.025 13.54304 0 189.313 0 0 0.9966993 0 -0.0811821 4 0
11.4156 FirstCar -6.904457 0.025 2.97 0 90 0 0 0.7071068 0 0.7071068 0.6217328 0
11.4172 Head -0.6626843 1.6 0.1721521 10.875 330.2249 0 0.09157901 -0.255767 0.02434601 0.962083
11.4172 SecondCar 4.545998 0.025 13.52944 0 189.3676 0 0 0.9966605 0 -0.08165694 4 0
11.4172 FirstCar -6.903464 0.025 2.97 0 90 0 0 0.7071068 0 0.7071068 0.6255402 0
11.4187 Head -0.6626843 1.6 0.1721521 10.875 330.2249 0 0.09157901 -0.255767 0.02434601 0.962083
11.4187 SecondCar 4.549354 0.025 13.51633 0 189.4203 0 0 0.9966229 0 -0.08211466 4 0
11.4187 FirstCar -6.902503 0.025 2.97 0 90 0 0 0.7071068 0 0.7071068 0.6292096 0
11.4202 Head -0.6626843 1.6 0.1721521 10.875 330.2249 0 0.09157901 -0.255767 0.02434601 0.962083
11.4202 SecondCar 4.552604 0.025 13.5036 0 189.4715 0 0 0.9965861 0 -0.08255999 4 0
11.4202 FirstCar -6.901562 0.025 2.97 0 90 0 0 0.7071068 0 0.7071068 0.6327786 0
11.4217 Head -0.6626843 1.6 0.1721521 10.875 330.2249 0 0.09157901 -0.255767 0.02434601 0.962083
11.4217 SecondCar 4.555862 0.025 13.4908 0 189.523 0 0 0.9965489 0 -0.08300813 4 0
11.4217 FirstCar -6.900609 0.025 2.97 0 90 0 0 0.7071068 0 0.7071068 0.6363693 0
11.4233 Head -0.6626843 1.6 0.1721521 10.875 330.2249 0 0.09157901 -0.255767 0.02434601 0.962083
11.4233 SecondCar 4.559348 0.025 13.47705 0 189.5784 0 0 0.9965087 0 -0.08348992 4 0
11.4233 FirstCar -6.89958 0.025 2.97 0 90 0 0 0.7071068 0 0.7071068 0.6402285 0
11.4249 Head -0.6626843 1.6 0.1721521 10.875 330.2249 0 0.09157901 -0.255767 0.02434601 0.962083
11.4249 SecondCar 4.562776 0.025 13.46348 0 189.6331 0 0 0.9964687 0 -0.08396579 4 0
11.4249 FirstCar -6.898557 0.025 2.97 0 90 0 0 0.7071068 0 0.7071068 0.6440395 0
11.4265 Head -0.6626843 1.6 0.1721521 10.875 330.2249 0 0.09157901 -0.255767 0.02434601 0.962083
11.4265 SecondCar 4.566245 0.025 13.44971 0 189.6887 0 0 0.9964278 0 -0.08444946 4 0
11.4265 FirstCar -6.897512 0.025 2.97 0 90 0 0 0.7071068 0 0.7071068 0.6479116 0
11.4281 Head -0.6626843 1.6 0.1721521 10.875 330.2249 0 0.09157901 -0.255767 0.02434601 0.962083
11.4281 SecondCar 4.569713 0.025 13.43589 0 189.7446 0 0 0.9963865 0 -0.08493537 4 0
11.4281 FirstCar -6.896456 0.025 2.97 0 90 0 0 0.7071068 0 0.7071068 0.6518008 0
11.4300 Head -0.6626843 1.6 0.1721521 10.875 330.2249 0 0.09157901 -0.255767 0.02434601 0.962083
11.4300 SecondCar 4.57379 0.025 13.41958 0 189.8107 0 0 0.9963374 0 -0.08550972 4 0
11.4300 FirstCar -6.895199 0.025 2.97 0 90 0 0 0.7071068 0 0.7071068 0.6563966 0
11.4318 Head -0.6626843 1.6 0.1721521 10.875 330.2249 0 0.09157901 -0.255767 0.02434601 0.962083
11.4318 SecondCar 4.57748 0.025 13.40476 0 189.8707 0 0 0.9962924 0 -0.08603207 4 0
11.4318 FirstCar -6.894049 0.025 2.97 0 90 0 0 0.7071068 0 0.7071068 0.660575 0
11.4334 Head -0.6626843 1.6 0.1721521 10.875 330.2249 0 0.09157901 -0.255767 0.02434601 0.962083
11.4334 SecondCar 4.580864 0.025 13.39111 0 189.9261 0 0 0.9962507 0 -0.08651365 4 0
11.4334 FirstCar -6.892982 0.025 2.97 0 90 0 0 0.7071068 0 0.7071068 0.664426 0
11.4349 Head -0.6626843 1.6 0.1721521 10.875 330.2249 0 0.09157901 -0.255767 0.02434601 0.962083
11.4349 SecondCar 4.584172 0.025 13.37773 0 189.9805 0 0 0.9962095 0 -0.08698653 4 0
11.4349 FirstCar -6.89193 0.025 2.97 0 90 0 0 0.7071068 0 0.7071068 0.6682068 0
11.4365 Head -0.6626843 1.6 0.1721521 10.875 330.2249 0 0.09157901 -0.255767 0.02434601 0.962083
11.4365 SecondCar 4.58739 0.025 13.36466 0 190.0337 0 0 0.996169 0 -0.08744873 4 0
11.4365 FirstCar -6.890895 0.025 2.97 0 90 0 0 0.7071068 0 0.7071068 0.671901 0
11.4380 Head -0.6626843 1.6 0.1721521 10.875 330.2249 0 0.09157901 -0.255767 0.02434601 0.962083
11.4380 SecondCar 4.59061 0.025 13.35154 0 190.0871 0 0 0.9961281 0 -0.08791321 4 0
11.4380 FirstCar -6.889851 0.025 2.97 0 90 0 0 0.7071068 0 0.7071068 0.6756126 0
11.4397 Head -0.6626843 1.6 0.1721521 10.875 330.2249 0 0.09157901 -0.255767 0.02434601 0.962083
11.4397 SecondCar 4.593991 0.025 13.33772 0 190.1435 0 0 0.9960848 0 -0.08840327 4 0
11.4397 FirstCar -6.888742 0.025 2.97 0 90 0 0 0.7071068 0 0.7071068 0.6795275 0
11.4413 Head -0.6626843 1.6 0.1721521 10.875 330.2249 0 0.09157901 -0.255767 0.02434601 0.962083
11.4413 SecondCar 4.59745 0.025 13.32351 0 190.2015 0 0 0.9960399 0 -0.08890721 4 0
11.4413 FirstCar -6.887596 0.025 2.97 0 90 0 0 0.7071068 0 0.7071068 0.6835523 0
11.4429 Head -0.6626843 1.6 0.1721521 10.875 330.2249 0 0.09157901 -0.255767 0.02434601 0.962083
11.4429 SecondCar 4.600697 0.025 13.31013 0 190.2562 0 0 0.9959974 0 -0.08938258 4 0
11.4429 FirstCar -6.886508 0.025 2.97 0 90 0 0 0.7071068 0 0.7071068 0.6873479 0
11.4445 Head -0.6626843 1.6 0.1721521 10.875 330.2249 0 0.09157901 -0.255767 0.02434601 0.962083
11.4445 SecondCar 4.603961 0.025 13.29663 0 190.3114 0 0 0.9959542 0 -0.08986273 4 0
11.4445 FirstCar -6.885405 0.025 2.97 0 90 0 0 0.7071068 0 0.7071068 0.6911808 0
11.4463 Head -0.6626843 1.6 0.1721521 10.875 330.2249 0 0.09157901 -0.255767 0.02434601 0.962083
11.4463 SecondCar 4.607682 0.025 13.28118 0 190.3747 0 0 0.9959044 0 -0.09041295 4 0
11.4463 FirstCar -6.884132 0.025 2.97 0 90 0 0 0.7071068 0 0.7071068 0.6955715 0
11.4484 Head -0.6626843 1.6 0.1721521 10.875 330.2249 0 0.09157901 -0.255767 0.02434601 0.962083
11.4484 SecondCar 4.611932 0.025 13.26345 0 190.4475 0 0 0.9958468 0 -0.0910452 4 0
11.4484 FirstCar -6.882659 0.025 2.97 0 90 0 0 0.7071068 0 0.7071068 0.7006154 0
11.4508 Head -0.6626843 1.6 0.1721521 10.875 330.2249 0 0.09157901 -0.255767 0.02434601 0.962083
11.4508 SecondCar 4.61675 0.025 13.24325 0 190.5305 0 0 0.9957805 0 -0.09176687 4 0
11.4508 FirstCar -6.880966 0.025 2.97 0 90 0 0 0.7071068 0 0.7071068 0.7063706 0
11.4530 Head -0.6626843 1.6 0.1721521 10.875 330.2249 0 0.09157901 -0.255767 0.02434601 0.962083
11.4530 SecondCar 4.621105 0.025 13.22488 0 190.6061 0 0 0.9957198 0 -0.09242389 4 0
11.4530 FirstCar -6.879413 0.025 2.97 0 90 0 0 0.7071068 0 0.7071068 0.7116084 0
11.4554 Head -0.6626843 1.6 0.1721521 10.875 330.2249 0 0.09157901 -0.255767 0.02434601 0.962083
11.4554 SecondCar 4.625782 0.025 13.20505 0 190.6879 0 0 0.9956536 0 -0.09313443 4 0
11.4554 FirstCar -6.87772 0.025 2.97 0 90 0 0 0.7071068 0 0.7071068 0.7172704 0
11.4573 Head -0.6626843 1.6 0.1721521 10.875 330.2249 0 0.09157901 -0.255767 0.02434601 0.962083
11.4573 SecondCar 4.62964 0.025 13.18861 0 190.7558 0 0 0.9955982 0 -0.09372441 4 0
11.4573 FirstCar -6.876307 0.025 2.97 0 90 0 0 0.7071068 0 0.7071068 0.7219706 0
11.4593 Head -0.6626843 1.6 0.1721521 10.875 330.2249 0 0.09157901 -0.255767 0.02434601 0.962083
11.4593 SecondCar 4.633444 0.025 13.17232 0 190.8232 0 0 0.9955429 0 -0.0943097 4 0
11.4593 FirstCar -6.874896 0.025 2.97 0 90 0 0 0.7071068 0 0.7071068 0.7266316 0
11.4610 Head -0.6626843 1.6 0.1721521 10.875 330.2249 0 0.09157901 -0.255767 0.02434601 0.962083
11.4610 SecondCar 4.636817 0.025 13.15781 0 190.8833 0 0 0.9954933 0 -0.09483174 4 0
11.4610 FirstCar -6.87363 0.025 2.97 0 90 0 0 0.7071068 0 0.7071068 0.7307879 0
11.4628 Head -0.6626843 1.6 0.1721521 10.875 330.2249 0 0.09157901 -0.255767 0.02434601 0.962083
11.4628 SecondCar 4.640287 0.025 13.14281 0 190.9454 0 0 0.9954417 0 -0.09537189 4 0
11.4628 FirstCar -6.872313 0.025 2.97 0 90 0 0 0.7071068 0 0.7071068 0.735087 0
11.4644 Head -0.6626843 1.6 0.1721521 10.875 330.2249 0 0.09157901 -0.255767 0.02434601 0.962083
11.4644 SecondCar 4.643361 0.025 13.12948 0 191.0008 0 0 0.9953955 0 -0.09585278 4 0
11.4644 FirstCar -6.871135 0.025 2.97 0 90 0 0 0.7071068 0 0.7071068 0.7389136 0
11.4660 Head -0.6626843 1.6 0.1721521 10.875 330.2249 0 0.09157901 -0.255767 0.02434601 0.962083
11.4660 SecondCar 4.646384 0.025 13.11631 0 191.0556 0 0 0.9953496 0 -0.09632837 4 0
11.4660 FirstCar -6.869965 0.025 2.97 0 90 0 0 0.7071068 0 0.7071068 0.7426969 0
11.4675 Head -0.6626843 1.6 0.1721521 10.875 330.2249 0 0.09157901 -0.255767 0.02434601 0.962083
11.4675 SecondCar 4.649392 0.025 13.10316 0 191.1103 0 0 0.9953035 0 -0.09680386 4 0
11.4675 FirstCar -6.868788 0.025 2.97 0 90 0 0 0.7071068 0 0.7071068 0.7464786 0
11.4694 Head -0.6626843 1.6 0.1721521 10.875 330.2249 0 0.09157901 -0.255767 0.02434601 0.962083
11.4694 SecondCar 4.652823 0.025 13.08808 0 191.1731 0 0 0.9952503 0 -0.0973493 4 0
11.4694 FirstCar -6.867432 0.025 2.97 0 90 0 0 0.7071068 0 0.7071068 0.7508156 0
11.4709 Head -0.6626843 1.6 0.1721521 10.875 330.2249 0 0.09157901 -0.255767 0.02434601 0.962083
11.4709 SecondCar 4.65574 0.025 13.07522 0 191.2268 0 0 0.9952046 0 -0.09781539 4 0
11.4709 FirstCar -6.866267 0.025 2.97 0 90 0 0 0.7071068 0 0.7071068 0.7545208 0
11.4724 Head -0.6626843 1.6 0.1721521 10.875 330.2249 0 0.09157901 -0.255767 0.02434601 0.962083
11.4724 SecondCar 4.65865 0.025 13.06233 0 191.2806 0 0 0.9951586 0 -0.09828289 4 0
11.4724 FirstCar -6.865093 0.025 2.97 0 90 0 0 0.7071068 0 0.7071068 0.758236 0
11.4740 Head -0.6626843 1.6 0.1721521 10.875 330.2249 0 0.09157901 -0.255767 0.02434601 0.962083
11.4740 SecondCar 4.661531 0.025 13.04952 0 191.3342 0 0 0.9951125 0 -0.09874794 4 0
11.4740 FirstCar -6.86392 0.025 2.97 0 90 0 0 0.7071068 0 0.7071068 0.761931 0
11.4755 Head -0.6626843 1.6 0.1721521 10.875 330.2249 0 0.09157901 -0.255767 0.02434601 0.962083
11.4755 SecondCar 4.664417 0.025 13.03664 0 191.3881 0 0 0.9950659 0 -0.09921622 4 0
11.4755 FirstCar -6.862733 0.025 2.97 0 90 0 0 0.7071068 0 0.7071068 0.7656507 0
11.4771 Head -0.6626843 1.6 0.1721521 10.875 330.2249 0 0.09157901 -0.255767 0.02434601 0.962083
11.4771 SecondCar 4.667337 0.025 13.02355 0 191.4429 0 0 0.9950183 0 -0.09969256 4 0
11.4771 FirstCar -6.86152 0.025 2.97 0 90 0 0 0.7071068 0 0.7071068 0.7694336 0
11.4786 Head -0.6626843 1.6 0.1721521 10.875 330.2249 0 0.09157901 -0.255767 0.02434601 0.962083
11.4786 SecondCar 4.670128 0.025 13.01099 0 191.4956 0 0 0.9949723 0 -0.10015 4 0
11.4786 FirstCar -6.86035 0.025 2.97 0 90 0 0 0.7071068 0 0.7071068 0.7730658 0
11.4802 Head -0.6626843 1.6 0.1721521 10.875 330.2249 0 0.09157901 -0.255767 0.02434601 0.962083
11.4802 SecondCar 4.672976 0.025 12.99812 0 191.5497 0 0 0.994925 0 -0.1006193 4 0
11.4802 FirstCar -6.859144 0.025 2.97 0 90 0 0 0.7071068 0 0.7071068 0.7767913 0
11.4817 Head -0.6626843 1.6 0.1721521 10.875 330.2249 0 0.09157901 -0.255767 0.02434601 0.962083
11.4817 SecondCar 4.675692 0.025 12.9858 0 191.6015 0 0 0.9948794 0 -0.101069 4 0
11.4817 FirstCar -6.857984 0.025 2.97 0 90 0 0 0.7071068 0 0.7071068 0.7803599 0
11.4831 Head -0.6626843 1.6 0.1721521 10.875 330.2249 0 0.09157901 -0.255767 0.02434601 0.962083
11.4831 SecondCar 4.678352 0.025 12.97368 0 191.6525 0 0 0.9948343 0 -0.101512 4 0
11.4831 FirstCar -6.856836 0.025 2.97 0 90 0 0 0.7071068 0 0.7071068 0.7838748 0
11.4846 Head -0.6626843 1.6 0.1721521 10.875 330.2249 0 0.09157901 -0.255767 0.02434601 0.962083
11.4846 SecondCar 4.681079 0.025 12.96121 0 191.705 0 0 0.9947877 0 -0.1019681 4 0
11.4846 FirstCar -6.855649 0.025 2.97 0 90 0 0 0.7071068 0 0.7071068 0.7874925 0
11.4862 Head -0.6626843 1.6 0.1721521 10.875 330.2249 0 0.09157901 -0.255767 0.02434601 0.962083
11.4862 SecondCar 4.683875 0.025 12.94838 0 191.7592 0 0 0.9947394 0 -0.1024381 4 0
11.4862 FirstCar -6.854421 0.025 2.97 0 90 0 0 0.7071068 0 0.7071068 0.7912202 0
11.4878 Head -0.6626843 1.6 0.1721521 10.875 330.2249 0 0.09157901 -0.255767 0.02434601 0.962083
11.4878 SecondCar 4.686724 0.025 12.93523 0 191.8147 0 0 0.9946896 0 -0.10292 4 0
11.4878 FirstCar -6.853155 0.025 2.97 0 90 0 0 0.7071068 0 0.7071068 0.7950412 0
11.4898 Head -0.6626843 1.6 0.1721521 10.875 330.2249 0 0.09157901 -0.255767 0.02434601 0.962083
11.4898 SecondCar 4.690254 0.025 12.91888 0 191.8838 0 0 0.9946274 0 -0.1035203 4 0
11.4898 FirstCar -6.851569 0.025 2.97 0 90 0 0 0.7071068 0 0.7071068 0.7997992 0
11.4917 Head -0.6626843 1.6 0.1721521 10.875 330.2249 0 0.09157901 -0.255767 0.02434601 0.962083
11.4917 SecondCar 4.693716 0.025 12.90275 0 191.9521 0 0 0.9945654 0 -0.1041132 4 0
11.4917 FirstCar -6.849994 0.025 2.97 0 90 0 0 0.7071068 0 0.7071068 0.8044977 0
11.4936 Head -0.6626843 1.6 0.1721521 10.875 330.2249 0 0.09157901 -0.255767 0.02434601 0.962083
11.4936 SecondCar 4.696956 0.025 12.88758 0 192.0165 0 0 0.9945068 0 -0.1046717 4 0
11.4936 FirstCar -6.848503 0.025 2.97 0 90 0 0 0.7071068 0 0.7071068 0.8089221 0
11.4955 Head -0.6626843 1.6 0.1721521 10.875 330.2249 0 0.09157901 -0.255767 0.02434601 0.962083
11.4955 SecondCar 4.700297 0.025 12.87184 0 192.0833 0 0 0.9944456 0 -0.1052517 4 0
11.4955 FirstCar -6.846946 0.025 2.97 0 90 0 0 0.7071068 0 0.7071068 0.8135152 0
11.4972 Head -0.6626843 1.6 0.1721521 10.875 330.2249 0 0.09157901 -0.255767 0.02434601 0.962083
11.4972 SecondCar 4.703287 0.025 12.85769 0 192.1435 0 0 0.9943902 0 -0.1057737 4 0
11.4972 FirstCar -6.845538 0.025 2.97 0 90 0 0 0.7071068 0 0.7071068 0.8176489 0
11.4988 Head -0.6626843 1.6 0.1721521 10.875 330.2249 0 0.09157901 -0.255767 0.02434601 0.962083
11.4988 SecondCar 4.706011 0.025 12.84474 0 192.1986 0 0 0.9943392 0 -0.1062522 4 0
11.4988 FirstCar -6.844242 0.025 2.97 0 90 0 0 0.7071068 0 0.7071068 0.8214362 0
11.5004 Head -0.6626843 1.6 0.1721521 10.875 330.2249 0 0.09157901 -0.255767 0.02434601 0.962083
11.5004 SecondCar 4.708776 0.025 12.83154 0 192.2549 0 0 0.9942869 0 -0.1067406 4 0
11.5004 FirstCar -6.842913 0.025 2.97 0 90 0 0 0.7071068 0 0.7071068 0.8253016 0
11.5019 Head -0.6626843 1.6 0.1721521 10.875 330.2249 0 0.09157901 -0.255767 0.02434601 0.962083
11.5019 SecondCar 4.7114 0.025 12.81895 0 192.3087 0 0 0.9942368 0 -0.1072068 4 0
11.5019 FirstCar -6.841639 0.025 2.97 0 90 0 0 0.7071068 0 0.7071068 0.8289899 0
11.5034 Head -0.6626843 1.6 0.1721521 10.875 330.2249 0 0.09157901 -0.255767 0.02434601 0.962083
11.5034 SecondCar 4.713971 0.025 12.80655 0 192.3616 0 0 0.9941871 0 -0.1076661 4 0
11.5034 FirstCar -6.840378 0.025 2.97 0 90 0 0 0.7071068 0 0.7071068 0.8326235 0
11.5050 Head -0.6626843 1.6 0.1721521 10.875 330.2249 0 0.09157901 -0.255767 0.02434601 0.962083
11.5050 SecondCar 4.716603 0.025 12.79381 0 192.4161 0 0 0.9941358 0 -0.1081388 4 0
11.5050 FirstCar -6.839075 0.025 2.97 0 90 0 0 0.7071068 0 0.7071068 0.836362 0
11.5066 Head -0.6626843 1.6 0.1721521 10.875 330.2249 0 0.09157901 -0.255767 0.02434601 0.962083
11.5066 SecondCar 4.719372 0.025 12.78035 0 192.4738 0 0 0.9940813 0 -0.1086391 4 0
11.5066 FirstCar -6.83769 0.025 2.97 0 90 0 0 0.7071068 0 0.7071068 0.8403177 0
11.5083 Head -0.6626843 1.6 0.1721521 10.875 330.2249 0 0.09157901 -0.255767 0.02434601 0.962083
11.5083 SecondCar 4.722171 0.025 12.76667 0 192.5324 0 0 0.9940255 0 -0.1091477 4 0
11.5083 FirstCar -6.836276 0.025 2.97 0 90 0 0 0.7071068 0 0.7071068 0.8443379 0
11.5103 Head -0.6626843 1.6 0.1721521 10.875 330.2249 0 0.09157901 -0.255767 0.02434601 0.962083
11.5103 SecondCar 4.725446 0.025 12.75058 0 192.6015 0 0 0.9939595 0 -0.1097471 4 0
11.5103 FirstCar -6.8346 0.025 2.97 0 90 0 0 0.7071068 0 0.7071068 0.8490743 0
11.5120 Head -0.6626843 1.6 0.1721521 10.875 330.2249 0 0.09157901 -0.255767 0.02434601 0.962083
11.5120 SecondCar 4.728218 0.025 12.73689 0 192.6603 0 0 0.993903 0 -0.1102576 4 0
11.5120 FirstCar -6.833166 0.025 2.97 0 90 0 0 0.7071068 0 0.7071068 0.8531082 0
11.5137 Head -0.6626843 1.6 0.1721521 10.875 330.2249 0 0.09157901 -0.255767 0.02434601 0.962083
11.5137 SecondCar 4.73099 0.025 12.72312 0 192.7196 0 0 0.9938459 0 -0.1107716 4 0
11.5137 FirstCar -6.831716 0.025 2.97 0 90 0 0 0.7071068 0 0.7071068 0.8571681 0
11.5153 Head -0.6626843 1.6 0.1721521 10.875 330.2249 0 0.09157901 -0.255767 0.02434601 0.962083
11.5153 SecondCar 4.733695 0.025 12.70962 0 192.7778 0 0 0.9937896 0 -0.1112761 4 0
11.5153 FirstCar -6.830287 0.025 2.97 0 90 0 0 0.7071068 0 0.7071068 0.8611521 0
11.5170 Head -0.6626843 1.6 0.1721521 10.875 330.2249 0 0.09157901 -0.255767 0.02434601 0.962083
11.5170 SecondCar 4.736369 0.025 12.69621 0 192.8356 0 0 0.9937332 0 -0.111778 4 0
11.5170 FirstCar -6.828858 0.025 2.97 0 90 0 0 0.7071068 0 0.7071068 0.8651145 0
11.5187 Head -0.6626843 1.6 0.1721521 10.875 330.2249 0 0.09157901 -0.255767 0.02434601 0.962083
11.5187 SecondCar 4.739126 0.025 12.68231 0 192.8957 0 0 0.9936745 0 -0.1122987 4 0
11.5187 FirstCar -6.82737 0.025 2.97 0 90 0 0 0.7071068 0 0.7071068 0.8692244 0
11.5204 Head -0.6626843 1.6 0.1721521 10.875 330.2249 0 0.09157901 -0.255767 0.02434601 0.962083
11.5204 SecondCar 4.741923 0.025 12.66813 0 192.957 0 0 0.9936143 0 -0.1128306 4 0
11.5204 FirstCar -6.825842 0.025 2.97 0 90 0 0 0.7071068 0 0.7071068 0.8734218 0
11.5223 Head -0.6626843 1.6 0.1721521 10.875 330.2249 0 0.09157901 -0.255767 0.02434601 0.962083
11.5223 SecondCar 4.744828 0.025 12.65332 0 193.0212 0 0 0.993551 0 -0.1133867 4 0
11.5223 FirstCar -6.824238 0.025 2.97 0 90 0 0 0.7071068 0 0.7071068 0.8778087 0
11.5243 Head -0.6626843 1.6 0.1721521 10.875 330.2249 0 0.09157901 -0.255767 0.02434601 0.962083
11.5243 SecondCar 4.747987 0.025 12.63712 0 193.0914 0 0 0.9934812 0 -0.1139958 4 0
11.5243 FirstCar -6.822471 0.025 2.97 0 90 0 0 0.7071068 0 0.7071068 0.8826128 0
11.5263 Head -0.6626843 1.6 0.1721521 10.875 330.2249 0 0.09157901 -0.255767 0.02434601 0.962083
11.5263 SecondCar 4.751137 0.025 12.62087 0 193.162 0 0 0.9934108 0 -0.1146079 4 0
11.5263 FirstCar -6.820686 0.025 2.97 0 90 0 0 0.7071068 0 0.7071068 0.8874395 0
11.5282 Head -0.6626843 1.6 0.1721521 10.875 330.2249 0 0.09157901 -0.255767 0.02434601 0.962083
11.5282 SecondCar 4.754055 0.025 12.60572 0 193.2279 0 0 0.9933447 0 -0.1151793 4 0
11.5282 FirstCar -6.819013 0.025 2.97 0 90 0 0 0.7071068 0 0.7071068 0.8919436 0
11.5301 Head -0.6626843 1.6 0.1721521 10.875 330.2249 0 0.09157901 -0.255767 0.02434601 0.962083
11.5301 SecondCar 4.756982 0.025 12.59043 0 193.2945 0 0 0.9932776 0 -0.1157567 4 0
11.5301 FirstCar -6.817313 0.025 2.97 0 90 0 0 0.7071068 0 0.7071068 0.8964937 0
11.5318 Head -0.6626843 1.6 0.1721521 10.875 330.2249 0 0.09157901 -0.255767 0.02434601 0.962083
11.5318 SecondCar 4.759593 0.025 12.57671 0 193.3544 0 0 0.993217 0 -0.1162755 4 0
11.5318 FirstCar -6.815779 0.025 2.97 0 90 0 0 0.7071068 0 0.7071068 0.9005812 0
11.5332 Head -0.6626843 1.6 0.1721521 10.875 330.2249 0 0.09157901 -0.255767 0.02434601 0.962083
11.5332 SecondCar 4.761856 0.025 12.56475 0 193.4066 0 0 0.9931639 0 -0.1167278 4 0
11.5332 FirstCar -6.814437 0.025 2.97 0 90 0 0 0.7071068 0 0.7071068 0.9041445 0
11.5348 Head -0.6626843 1.6 0.1721521 10.875 330.2249 0 0.09157901 -0.255767 0.02434601 0.962083
11.5348 SecondCar 4.764239 0.025 12.5521 0 193.4619 0 0 0.9931075 0 -0.1172073 4 0
11.5348 FirstCar -6.813009 0.025 2.97 0 90 0 0 0.7071068 0 0.7071068 0.9079201 0
11.5364 Head -0.6626843 1.6 0.1721521 10.875 330.2249 0 0.09157901 -0.255767 0.02434601 0.962083
11.5364 SecondCar 4.766625 0.025 12.53937 0 193.5177 0 0 0.9930504 0 -0.1176903 4 0
11.5364 FirstCar -6.811564 0.025 2.97 0 90 0 0 0.7071068 0 0.7071068 0.9117234 0
11.5380 Head -0.6626843 1.6 0.1721521 10.875 330.2249 0 0.09157901 -0.255767 0.02434601 0.962083
11.5380 SecondCar 4.769043 0.025 12.5264 0 193.5745 0 0 0.9929919 0 -0.1181828 4 0
11.5380 FirstCar -6.810085 0.025 2.97 0 90 0 0 0.7071068 0 0.7071068 0.9156004 0
11.5396 Head -0.6626843 1.6 0.1721521 10.875 330.2249 0 0.09157901 -0.255767 0.02434601 0.962083
11.5396 SecondCar 4.771465 0.025 12.51333 0 193.6318 0 0 0.9929326 0 -0.1186796 4 0
11.5396 FirstCar -6.808587 0.025 2.97 0 90 0 0 0.7071068 0 0.7071068 0.9195102 0
11.5412 Head -0.6626843 1.6 0.1721521 10.875 330.2249 0 0.09157901 -0.255767 0.02434601 0.962083
11.5412 SecondCar 4.773753 0.025 12.50092 0 193.6863 0 0 0.9928761 0 -0.1191521 4 0
11.5412 FirstCar -6.807157 0.025 2.97 0 90 0 0 0.7071068 0 0.7071068 0.9232275 0
11.5428 Head -0.6626843 1.6 0.1721521 10.875 330.2249 0 0.09157901 -0.255767 0.02434601 0.962083
11.5428 SecondCar 4.776049 0.025 12.48841 0 193.7414 0 0 0.9928187 0 -0.119629 4 0
11.5428 FirstCar -6.805708 0.025 2.97 0 90 0 0 0.7071068 0 0.7071068 0.9269792 0
11.5443 Head -0.6626843 1.6 0.1721521 10.875 330.2249 0 0.09157901 -0.255767 0.02434601 0.962083
11.5443 SecondCar 4.778238 0.025 12.47641 0 193.7942 0 0 0.9927635 0 -0.1200866 4 0
11.5443 FirstCar -6.804312 0.025 2.97 0 90 0 0 0.7071068 0 0.7071068 0.9305783 0
11.5458 Head -0.6626843 1.6 0.1721521 10.875 330.2249 0 0.09157901 -0.255767 0.02434601 0.962083
11.5458 SecondCar 4.780504 0.025 12.46392 0 193.8492 0 0 0.9927056 0 -0.1205634 4 0
11.5458 FirstCar -6.802853 0.025 2.97 0 90 0 0 0.7071068 0 0.7071068 0.9343281 0
11.5473 Head -0.6626843 1.6 0.1721521 10.875 330.2249 0 0.09157901 -0.255767 0.02434601 0.962083
11.5473 SecondCar 4.782712 0.025 12.45169 0 193.9032 0 0 0.9926487 0 -0.121031 4 0
11.5473 FirstCar -6.801416 0.025 2.97 0 90 0 0 0.7071068 0 0.7071068 0.9380041 0
11.5496 Head -0.6626843 1.6 0.1721521 10.875 330.2249 0 0.09157901 -0.255767 0.02434601 0.962083
11.5496 SecondCar 4.785962 0.025 12.43356 0 193.9833 0 0 0.9925639 0 -0.1217249 4 0
11.5496 FirstCar -6.799272 0.025 2.97 0 90 0 0 0.7071068 0 0.7071068 0.9434586 0
11.5518 Head -0.6626843 1.6 0.1751293 10.875 330.2249 0 0.09157901 -0.255767 0.02434601 0.962083
11.5518 SecondCar 4.789036 0.025 12.41628 0 194.0598 0 0 0.9924824 0 -0.1223873 4 0
11.5518 FirstCar -6.797214 0.025 2.97 0 90 0 0 0.7071068 0 0.7071068 0.9486635 0
11.5535 Head -0.6626843 1.6 0.1779703 10.875 330.2249 0 0.09157901 -0.255767 0.02434601 0.962083
11.5535 SecondCar 4.79149 0.025 12.4024 0 194.1214 0 0 0.9924165 0 -0.1229206 4 0
11.5535 FirstCar -6.795551 0.025 2.97 0 90 0 0 0.7071068 0 0.7071068 0.9528522 0
11.5552 Head -0.6626843 1.6 0.1802567 10.875 330.2249 0 0.09157901 -0.255767 0.02434601 0.962083
11.5552 SecondCar 4.793839 0.025 12.38901 0 194.1808 0 0 0.9923527 0 -0.1234349 4 0
11.5552 FirstCar -6.79394 0.025 2.97 0 90 0 0 0.7071068 0 0.7071068 0.9568921 0
11.5576 Head -0.6626843 1.6 0.1824618 10.875 330.2249 0 0.09157901 -0.255767 0.02434601 0.962083
11.5576 SecondCar 4.797194 0.025 12.36976 0 194.2663 0 0 0.9922602 0 -0.124176 4 0
11.5576 FirstCar -6.791606 0.025 2.97 0 90 0 0 0.7071068 0 0.7071068 0.9627109 0
11.5598 Head -0.6626843 1.6 0.1856379 10.875 330.2249 0 0.09157901 -0.255767 0.02434601 0.962083
11.5598 SecondCar 4.800133 0.025 12.35276 0 194.3421 0 0 0.992178 0 -0.1248316 4 0
11.5598 FirstCar -6.789531 0.025 2.97 0 90 0 0 0.7071068 0 0.7071068 0.9678568 0
11.5616 Head -0.6626843 1.6 0.1884467 10.875 330.2249 0 0.09157901 -0.255767 0.02434601 0.962083
11.5616 SecondCar 4.802555 0.025 12.33864 0 194.405 0 0 0.9921092 0 -0.1253768 4 0
11.5616 FirstCar -6.787798 0.025 2.97 0 90 0 0 0.7071068 0 0.7071068 0.972135 0
11.5633 Head -0.6626843 1.6 0.1907819 10.875 330.2249 0 0.09157901 -0.255767 0.02434601 0.962083
11.5633 SecondCar 4.804829 0.025 12.3253 0 194.4646 0 0 0.9920439 0 -0.1258924 4 0
11.5633 FirstCar -6.786152 0.025 2.97 0 90 0 0 0.7071068 0 0.7071068 0.9761804 0
11.5650 Head -0.6626843 1.6 0.19299 10.875 330.2249 0 0.09157901 -0.255767 0.02434601 0.962083
11.5650 SecondCar 4.807115 0.025 12.3118 0 194.5249 0 0 0.9919775 0 -0.1264149 4 0
11.5650 FirstCar -6.784479 0.025 2.97 0 90 0 0 0.7071068 0 0.7071068 0.9802787 0
11.5666 Head -0.6626843 1.6 0.195227 10.875 330.2249 0 0.09157901 -0.255767 0.02434601 0.962083
11.5666 SecondCar 4.809272 0.025 12.29898 0 194.5823 0 0 0.991914 0 -0.1269116 4 0
11.5666 FirstCar -6.782882 0.025 2.97 0 90 0 0 0.7071068 0 0.7071068 0.9841734 0
11.5682 Head -0.6626843 1.6 0.1973528 10.875 330.2249 0 0.09157901 -0.255767 0.02434601 0.962083
11.5682 SecondCar 4.811423 0.025 12.28611 0 194.64 0 0 0.9918501 0 -0.1274108 4 0
11.5682 FirstCar -6.78127 0.025 2.97 0 90 0 0 0.7071068 0 0.7071068 0.9880876 0
11.5701 Head -0.6626843 1.6 0.1994893 10.875 330.2249 0 0.09157901 -0.255767 0.02434601 0.962083
11.5701 SecondCar 4.813951 0.025 12.27089 0 194.7083 0 0 0.9917739 0 -0.128002 4 0
11.5701 FirstCar -6.779353 0.025 2.97 0 90 0 0 0.7071068 0 0.7071068 0.9927222 0
11.5718 Head -0.6626843 1.6 0.2020191 10.875 330.2249 0 0.09157901 -0.255767 0.02434601 0.962083
11.5718 SecondCar 4.816043 0.025 12.2582 0 194.7653 0 0 0.9917101 0 -0.1284953 4 0
11.5718 FirstCar -6.777748 0.025 2.97 0 90 0 0 0.7071068 0 0.7071068 0.9965876 0
11.5734 Head -0.6626843 1.6 0.204129 10.875 330.2249 0 0.09157901 -0.255767 0.02434601 0.962083
11.5734 SecondCar 4.818189 0.025 12.24511 0 194.8242 0 0 0.991644 0 -0.1290052 4 0
11.5734 FirstCar -6.776083 0.025 2.97 0 90 0 0 0.7071068 0 0.7071068 1.000583 0
11.5751 Head -0.6626843 1.6 0.2063096 10.875 330.2249 0 0.09157901 -0.255767 0.02434601 0.962083
11.5751 SecondCar 4.820332 0.025 12.23194 0 194.8835 0 0 0.991577 0 -0.1295184 4 0
11.5751 FirstCar -6.774399 0.025 2.97 0 90 0 0 0.7071068 0 0.7071068 1.004604 0
11.5768 Head -0.6626843 1.6 0.2085043 10.875 330.2249 0 0.09157901 -0.255767 0.02434601 0.962083
11.5768 SecondCar 4.822452 0.025 12.21884 0 194.9426 0 0 0.9915101 0 -0.1300299 4 0
11.5768 FirstCar -6.772716 0.025 2.97 0 90 0 0 0.7071068 0 0.7071068 1.008609 0
11.5784 Head -0.6626843 1.6 0.2106909 10.875 330.2249 0 0.09157901 -0.255767 0.02434601 0.962083
11.5784 SecondCar 4.824526 0.025 12.20592 0 195.0009 0 0 0.9914438 0 -0.1305344 4 0
11.5784 FirstCar -6.771049 0.025 2.97 0 90 0 0 0.7071068 0 0.7071068 1.01256 0
11.5800 Head -0.6626843 1.6 0.212847 10.875 330.2249 0 0.09157901 -0.255767 0.02434601 0.962083
11.5800 SecondCar 4.826539 0.025 12.1933 0 195.058 0 0 0.9913787 0 -0.1310282 4 0
11.5800 FirstCar -6.769412 0.025 2.97 0 90 0 0 0.7071068 0 0.7071068 1.016425 0
11.5817 Head -0.6626843 1.6 0.2149571 10.875 330.2249 0 0.09157901 -0.255767 0.02434601 0.962083
11.5817 SecondCar 4.828605 0.025 12.18027 0 195.117 0 0 0.9913111 0 -0.1315386 4 0
11.5817 FirstCar -6.767713 0.025 2.97 0 90 0 0 0.7071068 0 0.7071068 1.020421 0
11.5834 Head -0.6626843 1.6 0.217138 10.875 330.2249 0 0.09157901 -0.255767 0.02434601 0.962083
11.5834 SecondCar 4.83071 0.025 12.16689 0 195.1777 0 0 0.9912413 0 -0.1320632 4 0
11.5834 FirstCar -6.765961 0.025 2.97 0 90 0 0 0.7071068 0 0.7071068 1.024526 0
11.5851 Head -0.6626843 1.6 0.2193785 10.875 330.2249 0 0.09157901 -0.255767 0.02434601 0.962083
11.5851 SecondCar 4.832796 0.025 12.15354 0 195.2382 0 0 0.9911714 0 -0.1325872 4 0
11.5851 FirstCar -6.764203 0.025 2.97 0 90 0 0 0.7071068 0 0.7071068 1.028626 0
11.5870 Head -0.6626843 1.6 0.2216167 10.875 330.2249 0 0.09157901 -0.255767 0.02434601 0.962083
11.5870 SecondCar 4.835038 0.025 12.13908 0 195.304 0 0 0.9910952 0 -0.1331557 4 0
11.5870 FirstCar -6.762289 0.025 2.97 0 90 0 0 0.7071068 0 0.7071068 1.033072 0
11.5889 Head -0.6626843 1.6 0.2240436 10.875 330.2249 0 0.09157901 -0.255767 0.02434601 0.962083
11.5889 SecondCar 4.837367 0.025 12.12394 0 195.3728 0 0 0.991015 0 -0.1337514 4 0
11.5889 FirstCar -6.760275 0.025 2.97 0 90 0 0 0.7071068 0 0.7071068 1.037731 0
11.5914 Head -0.6626843 1.6 0.2265864 10.875 330.2249 0 0.09157901 -0.255767 0.02434601 0.962083
11.5914 SecondCar 4.840389 0.025 12.10409 0 195.4633 0 0 0.990909 0 -0.1345337 4 0
11.5914 FirstCar -6.757615 0.025 2.97 0 90 0 0 0.7071068 0 0.7071068 1.043847 0
11.5934 Head -0.6626843 1.6 0.2299248 10.875 330.2249 0 0.09157901 -0.255767 0.02434601 0.962083
11.5934 SecondCar 4.842688 0.025 12.08885 0 195.5329 0 0 0.9908271 0 -0.1351357 4 0
11.5934 FirstCar -6.755559 0.025 2.97 0 90 0 0 0.7071068 0 0.7071068 1.048553 0
11.5951 Head -0.6626843 1.6 0.2324931 10.875 330.2249 0 0.09157901 -0.255767 0.02434601 0.962083
11.5951 SecondCar 4.844696 0.025 12.07543 0 195.5943 0 0 0.9907547 0 -0.135666 4 0
11.5951 FirstCar -6.753741 0.025 2.97 0 90 0 0 0.7071068 0 0.7071068 1.052697 0
11.5968 Head -0.6626843 1.6 0.2347552 10.875 330.2249 0 0.09157901 -0.255767 0.02434601 0.962083
11.5968 SecondCar 4.846646 0.025 12.06229 0 195.6544 0 0 0.9906833 0 -0.1361862 4 0
11.5968 FirstCar -6.751952 0.025 2.97 0 90 0 0 0.7071068 0 0.7071068 1.056761 0
11.5984 Head -0.6626843 1.6 0.2369734 10.875 330.2249 0 0.09157901 -0.255767 0.02434601 0.962083
11.5984 SecondCar 4.84846 0.025 12.04998 0 195.7108 0 0 0.9906161 0 -0.136674 4 0
11.5984 FirstCar -6.750268 0.025 2.97 0 90 0 0 0.7071068 0 0.7071068 1.060571 0
11.6000 Head -0.6626843 1.6 0.2390533 10.875 330.2249 0 0.09157901 -0.255767 0.02434601 0.962083
11.6000 SecondCar 4.850219 0.025 12.03796 0 195.766 0 0 0.9905502 0 -0.1371509 4 0
11.6000 FirstCar -6.748616 0.025 2.97 0 90 0 0 0.7071068 0 0.7071068 1.064296 0
11.6015 Head -0.6626843 1.6 0.2410864 10.875 330.2249 0 0.09157901 -0.255767 0.02434601 0.962083
11.6015 SecondCar 4.851912 0.025 12.02631 0 195.8195 0 0 0.990486 0 -0.1376135 4 0
11.6015 FirstCar -6.747009 0.025 2.97 0 90 0 0 0.7071068 0 0.7071068 1.067908 0
11.6030 Head -0.6626843 1.6 0.2430578 10.875 330.2249 0 0.09157901 -0.255767 0.02434601 0.962083
11.6030 SecondCar 4.853618 0.025 12.01448 0 195.8739 0 0 0.9904206 0 -0.1380838 4 0
11.6030 FirstCar -6.74537 0.025 2.97 0 90 0 0 0.7071068 0 0.7071068 1.071579 0
11.6045 Head -0.6626843 1.6 0.2450619 10.875 330.2249 0 0.09157901 -0.255767 0.02434601 0.962083
11.6045 SecondCar 4.855326 0.025 12.00256 0 195.9289 0 0 0.9903543 0 -0.1385583 4 0
11.6045 FirstCar -6.74371 0.025 2.97 0 90 0 0 0.7071068 0 0.7071068 1.075284 0
11.6061 Head -0.6626843 1.6 0.2470839 10.875 330.2249 0 0.09157901 -0.255767 0.02434601 0.962083
11.6061 SecondCar 4.857063 0.025 11.99034 0 195.9852 0 0 0.9902861 0 -0.139045 4 0
11.6061 FirstCar -6.742002 0.025 2.97 0 90 0 0 0.7071068 0 0.7071068 1.079082 0
11.6077 Head -0.6626843 1.6 0.2491571 10.875 330.2249 0 0.09157901 -0.255767 0.02434601 0.962083
11.6077 SecondCar 4.858823 0.025 11.97787 0 196.0428 0 0 0.9902161 0 -0.1395425 4 0
11.6077 FirstCar -6.740251 0.025 2.97 0 90 0 0 0.7071068 0 0.7071068 1.082964 0
11.6096 Head -0.6626843 1.6 0.251276 10.875 330.2249 0 0.09157901 -0.255767 0.02434601 0.962083
11.6096 SecondCar 4.86082 0.025 11.96359 0 196.1087 0 0 0.9901356 0 -0.1401128 4 0
11.6096 FirstCar -6.738235 0.025 2.97 0 90 0 0 0.7071068 0 0.7071068 1.087413 0
11.6112 Head -0.6626843 1.6 0.2537042 10.875 330.2249 0 0.09157901 -0.255767 0.02434601 0.962083
11.6112 SecondCar 4.862556 0.025 11.95108 0 196.1667 0 0 0.9900646 0 -0.1406132 4 0
11.6112 FirstCar -6.736461 0.025 2.97 0 90 0 0 0.7071068 0 0.7071068 1.091315 0
11.6128 Head -0.6626843 1.6 0.2558343 10.875 330.2249 0 0.09157901 -0.255767 0.02434601 0.962083
11.6128 SecondCar 4.864177 0.025 11.93931 0 196.2212 0 0 0.9899976 0 -0.1410843 4 0
11.6128 FirstCar -6.734785 0.025 2.97 0 90 0 0 0.7071068 0 0.7071068 1.094989 0
11.6143 Head -0.6626843 1.6 0.2578397 10.875 330.2249 0 0.09157901 -0.255767 0.02434601 0.962083
11.6143 SecondCar 4.865812 0.025 11.92734 0 196.2767 0 0 0.9899291 0 -0.141564 4 0
11.6143 FirstCar -6.733073 0.025 2.97 0 90 0 0 0.7071068 0 0.7071068 1.098729 0
11.6159 Head -0.6626843 1.6 0.259881 10.875 330.2249 0 0.09157901 -0.255767 0.02434601 0.962083
11.6159 SecondCar 4.867472 0.025 11.91509 0 196.3336 0 0 0.9898587 0 -0.1420555 4 0
11.6159 FirstCar -6.731313 0.025 2.97 0 90 0 0 0.7071068 0 0.7071068 1.10256 0
11.6175 Head -0.6626843 1.6 0.2619721 10.875 330.2249 0 0.09157901 -0.255767 0.02434601 0.962083
11.6175 SecondCar 4.869128 0.025 11.90278 0 196.3909 0 0 0.9897876 0 -0.1425501 4 0
11.6175 FirstCar -6.729536 0.025 2.97 0 90 0 0 0.7071068 0 0.7071068 1.106415 0
11.6191 Head -0.6626843 1.6 0.2640763 10.875 330.2249 0 0.09157901 -0.255767 0.02434601 0.962083
11.6191 SecondCar 4.870698 0.025 11.89101 0 196.4457 0 0 0.9897193 0 -0.1430234 4 0
11.6191 FirstCar -6.727829 0.025 2.97 0 90 0 0 0.7071068 0 0.7071068 1.110103 0
11.6211 Head -0.6626843 1.6 0.2660895 10.875 330.2249 0 0.09157901 -0.255767 0.02434601 0.962083
11.6211 SecondCar 4.872797 0.025 11.87512 0 196.5197 0 0 0.9896267 0 -0.1436631 4 0
11.6211 FirstCar -6.725514 0.025 2.97 0 90 0 0 0.7071068 0 0.7071068 1.115088 0
11.6230 Head -0.6626843 1.6 0.2688099 10.875 330.2249 0 0.09157901 -0.255767 0.02434601 0.962083
11.6230 SecondCar 4.87465 0.025 11.86095 0 196.5859 0 0 0.9895436 0 -0.1442344 4 0
11.6230 FirstCar -6.723438 0.025 2.97 0 90 0 0 0.7071068 0 0.7071068 1.119538 0
11.6246 Head -0.6626843 1.6 0.271239 10.875 330.2249 0 0.09157901 -0.255767 0.02434601 0.962083
11.6246 SecondCar 4.876262 0.025 11.84851 0 196.644 0 0 0.9894702 0 -0.1447365 4 0
11.6246 FirstCar -6.721608 0.025 2.97 0 90 0 0 0.7071068 0 0.7071068 1.123447 0
11.6262 Head -0.6626843 1.6 0.2733729 10.875 330.2249 0 0.09157901 -0.255767 0.02434601 0.962083
11.6262 SecondCar 4.877859 0.025 11.83608 0 196.7022 0 0 0.9893966 0 -0.145239 4 0
11.6262 FirstCar -6.71977 0.025 2.97 0 90 0 0 0.7071068 0 0.7071068 1.12736 0
11.6279 Head -0.6626843 1.6 0.2755085 10.875 330.2249 0 0.09157901 -0.255767 0.02434601 0.962083
11.6279 SecondCar 4.879419 0.025 11.82382 0 196.7597 0 0 0.9893237 0 -0.1457348 4 0
11.6279 FirstCar -6.717951 0.025 2.97 0 90 0 0 0.7071068 0 0.7071068 1.13122 0
11.6297 Head -0.6626843 1.6 0.2776154 10.875 330.2249 0 0.09157901 -0.255767 0.02434601 0.962083
11.6297 SecondCar 4.881167 0.025 11.80997 0 196.8246 0 0 0.9892409 0 -0.1462958 4 0
11.6297 FirstCar -6.715885 0.025 2.97 0 90 0 0 0.7071068 0 0.7071068 1.135587 0
11.6312 Head -0.6626843 1.6 0.2799991 10.875 330.2249 0 0.09157901 -0.255767 0.02434601 0.962083
11.6312 SecondCar 4.882654 0.025 11.79807 0 196.8805 0 0 0.9891694 0 -0.1467784 4 0
11.6312 FirstCar -6.714103 0.025 2.97 0 90 0 0 0.7071068 0 0.7071068 1.139342 0
11.6328 Head -0.6626843 1.6 0.2820487 10.875 330.2249 0 0.09157901 -0.255767 0.02434601 0.962083
11.6328 SecondCar 4.884091 0.025 11.78647 0 196.9351 0 0 0.9890994 0 -0.1472494 4 0
11.6328 FirstCar -6.712358 0.025 2.97 0 90 0 0 0.7071068 0 0.7071068 1.143006 0
11.6343 Head -0.6626843 1.6 0.2840491 10.875 330.2249 0 0.09157901 -0.255767 0.02434601 0.962083
11.6343 SecondCar 4.885504 0.025 11.77497 0 196.9893 0 0 0.9890297 0 -0.1477169 4 0
11.6343 FirstCar -6.71062 0.025 2.97 0 90 0 0 0.7071068 0 0.7071068 1.146643 0
11.6359 Head -0.6626843 1.6 0.2860341 10.875 330.2249 0 0.09157901 -0.255767 0.02434601 0.962083
11.6359 SecondCar 4.886999 0.025 11.76268 0 197.0472 0 0 0.9889549 0 -0.148217 4 0
11.6359 FirstCar -6.708755 0.025 2.97 0 90 0 0 0.7071068 0 0.7071068 1.150532 0
11.6375 Head -0.6626843 1.6 0.288157 10.875 330.2249 0 0.09157901 -0.255767 0.02434601 0.962083
11.6375 SecondCar 4.888432 0.025 11.7508 0 197.1033 0 0 0.9888822 0 -0.1487008 4 0
11.6375 FirstCar -6.706946 0.025 2.97 0 90 0 0 0.7071068 0 0.7071068 1.154295 0
11.6391 Head -0.6626843 1.6 0.2902109 10.875 330.2249 0 0.09157901 -0.255767 0.02434601 0.962083
11.6391 SecondCar 4.8899 0.025 11.73853 0 197.1613 0 0 0.9888068 0 -0.1492017 4 0
11.6391 FirstCar -6.705067 0.025 2.97 0 90 0 0 0.7071068 0 0.7071068 1.158189 0
11.6407 Head -0.6626843 1.6 0.2923364 10.875 330.2249 0 0.09157901 -0.255767 0.02434601 0.962083
11.6407 SecondCar 4.891299 0.025 11.72671 0 197.2173 0 0 0.9887339 0 -0.1496841 4 0
11.6407 FirstCar -6.703251 0.025 2.97 0 90 0 0 0.7071068 0 0.7071068 1.16194 0
11.6422 Head -0.6626843 1.6 0.2943836 10.875 330.2249 0 0.09157901 -0.255767 0.02434601 0.962083
11.6422 SecondCar 4.892683 0.025 11.71491 0 197.2731 0 0 0.9886608 0 -0.1501665 4 0
11.6422 FirstCar -6.70143 0.025 2.97 0 90 0 0 0.7071068 0 0.7071068 1.165689 0
11.6439 Head -0.6626843 1.6 0.29643 10.875 330.2249 0 0.09157901 -0.255767 0.02434601 0.962083
11.6439 SecondCar 4.894139 0.025 11.70237 0 197.3326 0 0 0.9885827 0 -0.1506796 4 0
11.6439 FirstCar -6.699486 0.025 2.97 0 90 0 0 0.7071068 0 0.7071068 1.169677 0
11.6456 Head -0.6626843 1.6 0.2986065 10.875 330.2249 0 0.09157901 -0.255767 0.02434601 0.962083
11.6456 SecondCar 4.895674 0.025 11.68902 0 197.396 0 0 0.9884991 0 -0.1512267 4 0
11.6456 FirstCar -6.697407 0.025 2.97 0 90 0 0 0.7071068 0 0.7071068 1.173928 0
11.6473 Head -0.6626843 1.6 0.300927 10.875 330.2249 0 0.09157901 -0.255767 0.02434601 0.962083
11.6473 SecondCar 4.897114 0.025 11.67635 0 197.4563 0 0 0.9884195 0 -0.1517462 4 0
11.6473 FirstCar -6.695426 0.025 2.97 0 90 0 0 0.7071068 0 0.7071068 1.177963 0
11.6497 Head -0.6626843 1.6 0.3031295 10.875 330.2249 0 0.09157901 -0.255767 0.02434601 0.962083
11.6497 SecondCar 4.899148 0.025 11.65824 0 197.5425 0 0 0.988305 0 -0.1524901 4 0
11.6497 FirstCar -6.692576 0.025 2.97 0 90 0 0 0.7071068 0 0.7071068 1.183741 0
11.6516 Head -0.6626843 1.6 0.3062833 10.875 330.2249 0 0.09157901 -0.255767 0.02434601 0.962083
11.6516 SecondCar 4.900711 0.025 11.64412 0 197.6099 0 0 0.9882152 0 -0.153071 4 0
11.6516 FirstCar -6.690343 0.025 2.97 0 90 0 0 0.7071068 0 0.7071068 1.188252 0
11.6534 Head -0.6626843 1.6 0.3087456 10.875 330.2249 0 0.09157901 -0.255767 0.02434601 0.962083
11.6534 SecondCar 4.902182 0.025 11.63067 0 197.6741 0 0 0.9881292 0 -0.1536252 4 0
11.6534 FirstCar -6.688205 0.025 2.97 0 90 0 0 0.7071068 0 0.7071068 1.192554 0
11.6556 Head -0.6626843 1.6 0.3110937 10.875 330.2249 0 0.09157901 -0.255767 0.02434601 0.962083
11.6556 SecondCar 4.903968 0.025 11.61414 0 197.7532 0 0 0.9880229 0 -0.1543073 4 0
11.6556 FirstCar -6.685563 0.025 2.97 0 90 0 0 0.7071068 0 0.7071068 1.197848 0
11.6576 Head -0.6626843 1.6 0.3139837 10.875 330.2249 0 0.09157901 -0.255767 0.02434601 0.962083
11.6576 SecondCar 4.90554 0.025 11.59938 0 197.824 0 0 0.9879275 0 -0.154917 4 0
11.6576 FirstCar -6.683192 0.025 2.97 0 90 0 0 0.7071068 0 0.7071068 1.20258 0
11.6595 Head -0.6626843 1.6 0.3165661 10.875 330.2249 0 0.09157901 -0.255767 0.02434601 0.962083
11.6595 SecondCar 4.907029 0.025 11.58521 0 197.892 0 0 0.9878353 0 -0.1555034 4 0
11.6595 FirstCar -6.680903 0.025 2.97 0 90 0 0 0.7071068 0 0.7071068 1.207129 0
11.6612 Head -0.6626843 1.6 0.3190495 10.875 330.2249 0 0.09157901 -0.255767 0.02434601 0.962083
11.6612 SecondCar 4.90838 0.025 11.5722 0 197.9545 0 0 0.9877504 0 -0.1560423 4 0
11.6612 FirstCar -6.678793 0.025 2.97 0 90 0 0 0.7071068 0 0.7071068 1.21131 0
11.6629 Head -0.6626843 1.6 0.3213315 10.875 330.2249 0 0.09157901 -0.255767 0.02434601 0.962083
11.6629 SecondCar 4.909636 0.025 11.55995 0 198.0135 0 0 0.9876699 0 -0.1565506 4 0
11.6629 FirstCar -6.676797 0.025 2.97 0 90 0 0 0.7071068 0 0.7071068 1.215253 0
11.6644 Head -0.6626843 1.6 0.3234835 10.875 330.2249 0 0.09157901 -0.255767 0.02434601 0.962083
11.6644 SecondCar 4.910811 0.025 11.54836 0 198.0693 0 0 0.9875936 0 -0.1570316 4 0
11.6644 FirstCar -6.674902 0.025 2.97 0 90 0 0 0.7071068 0 0.7071068 1.218982 0
11.6660 Head -0.6626843 1.6 0.3255193 10.875 330.2249 0 0.09157901 -0.255767 0.02434601 0.962083
11.6660 SecondCar 4.911994 0.025 11.53657 0 198.1261 0 0 0.9875156 0 -0.1575217 4 0
11.6660 FirstCar -6.672966 0.025 2.97 0 90 0 0 0.7071068 0 0.7071068 1.222782 0
11.6675 Head -0.6626843 1.6 0.3275932 10.875 330.2249 0 0.09157901 -0.255767 0.02434601 0.962083
11.6675 SecondCar 4.913132 0.025 11.52509 0 198.1816 0 0 0.9874392 0 -0.1579995 4 0
11.6675 FirstCar -6.671073 0.025 2.97 0 90 0 0 0.7071068 0 0.7071068 1.226486 0
11.6694 Head -0.6626843 1.6 0.329615 10.875 330.2249 0 0.09157901 -0.255767 0.02434601 0.962083
11.6694 SecondCar 4.914463 0.025 11.51151 0 198.2473 0 0 0.9873485 0 -0.1585654 4 0
11.6694 FirstCar -6.668824 0.025 2.97 0 90 0 0 0.7071068 0 0.7071068 1.230873 0
11.6709 Head -0.6626843 1.6 0.3320094 10.875 330.2249 0 0.09157901 -0.255767 0.02434601 0.962083
11.6709 SecondCar 4.915553 0.025 11.50023 0 198.3019 0 0 0.9872727 0 -0.1590361 4 0
11.6709 FirstCar -6.666947 0.025 2.97 0 90 0 0 0.7071068 0 0.7071068 1.234521 0
11.6726 Head -0.6626843 1.6 0.3340008 10.875 330.2249 0 0.09157901 -0.255767 0.02434601 0.962083
11.6726 SecondCar 4.916788 0.025 11.4873 0 198.3646 0 0 0.9871857 0 -0.159576 4 0
11.6726 FirstCar -6.664788 0.025 2.97 0 90 0 0 0.7071068 0 0.7071068 1.238704 0
11.6743 Head -0.6626843 1.6 0.3362841 10.875 330.2249 0 0.09157901 -0.255767 0.02434601 0.962083
11.6743 SecondCar 4.917949 0.025 11.47498 0 198.4244 0 0 0.9871023 0 -0.1600912 4 0
11.6743 FirstCar -6.662722 0.025 2.97 0 90 0 0 0.7071068 0 0.7071068 1.242695 0
11.6760 Head -0.6626843 1.6 0.3384624 10.875 330.2249 0 0.09157901 -0.255767 0.02434601 0.962083
11.6760 SecondCar 4.919099 0.025 11.46263 0 198.4844 0 0 0.9870183 0 -0.1606082 4 0
11.6760 FirstCar -6.660642 0.025 2.97 0 90 0 0 0.7071068 0 0.7071068 1.246699 0
11.6775 Head -0.6626843 1.6 0.3406481 10.875 330.2249 0 0.09157901 -0.255767 0.02434601 0.962083
11.6775 SecondCar 4.920133 0.025 11.45137 0 198.5392 0 0 0.9869413 0 -0.1610802 4 0
11.6775 FirstCar -6.658737 0.025 2.97 0 90 0 0 0.7071068 0 0.7071068 1.250355 0
11.6791 Head -0.6626843 1.6 0.3426435 10.875 330.2249 0 0.09157901 -0.255767 0.02434601 0.962083
11.6791 SecondCar 4.921191 0.025 11.4397 0 198.596 0 0 0.9868613 0 -0.1615697 4 0
11.6791 FirstCar -6.656756 0.025 2.97 0 90 0 0 0.7071068 0 0.7071068 1.254146 0
11.6806 Head -0.6626843 1.6 0.3447125 10.875 330.2249 0 0.09157901 -0.255767 0.02434601 0.962083
11.6806 SecondCar 4.922205 0.025 11.42839 0 198.6512 0 0 0.9867834 0 -0.1620451 4 0
11.6806 FirstCar -6.654827 0.025 2.97 0 90 0 0 0.7071068 0 0.7071068 1.257826 0
11.6821 Head -0.6626843 1.6 0.3467217 10.875 330.2249 0 0.09157901 -0.255767 0.02434601 0.962083
11.6821 SecondCar 4.923183 0.025 11.41733 0 198.7052 0 0 0.9867069 0 -0.1625099 4 0
11.6821 FirstCar -6.652936 0.025 2.97 0 90 0 0 0.7071068 0 0.7071068 1.261425 0
11.6836 Head -0.6626843 1.6 0.3486858 10.875 330.2249 0 0.09157901 -0.255767 0.02434601 0.962083
11.6836 SecondCar 4.924176 0.025 11.40597 0 198.7608 0 0 0.9866281 0 -0.1629882 4 0
11.6836 FirstCar -6.650985 0.025 2.97 0 90 0 0 0.7071068 0 0.7071068 1.265126 0
11.6852 Head -0.6626843 1.6 0.3507062 10.875 330.2249 0 0.09157901 -0.255767 0.02434601 0.962083
11.6852 SecondCar 4.925166 0.025 11.39448 0 198.817 0 0 0.9865479 0 -0.1634724 4 0
11.6852 FirstCar -6.649004 0.025 2.97 0 90 0 0 0.7071068 0 0.7071068 1.268874 0
11.6868 Head -0.6626843 1.6 0.3527516 10.875 330.2249 0 0.09157901 -0.255767 0.02434601 0.962083
11.6868 SecondCar 4.926166 0.025 11.38272 0 198.8746 0 0 0.9864656 0 -0.1639686 4 0
11.6868 FirstCar -6.646967 0.025 2.97 0 90 0 0 0.7071068 0 0.7071068 1.272713 0
11.6883 Head -0.6626843 1.6 0.3548472 10.875 330.2249 0 0.09157901 -0.255767 0.02434601 0.962083
11.6883 SecondCar 4.927114 0.025 11.3714 0 198.9302 0 0 0.986386 0 -0.1644466 4 0
11.6883 FirstCar -6.645 0.025 2.97 0 90 0 0 0.7071068 0 0.7071068 1.276411 0
11.6903 Head -0.6626843 1.6 0.3568659 10.875 330.2249 0 0.09157901 -0.255767 0.02434601 0.962083
11.6903 SecondCar 4.928267 0.025 11.35744 0 198.9988 0 0 0.9862874 0 -0.1650373 4 0
11.6903 FirstCar -6.642561 0.025 2.97 0 90 0 0 0.7071068 0 0.7071068 1.280981 0
11.6919 Head -0.6626843 1.6 0.35936 10.875 330.2249 0 0.09157901 -0.255767 0.02434601 0.962083
11.6919 SecondCar 4.929253 0.025 11.34531 0 199.0585 0 0 0.9862013 0 -0.1655508 4 0
11.6919 FirstCar -6.640435 0.025 2.97 0 90 0 0 0.7071068 0 0.7071068 1.284952 0
11.6934 Head -0.6626843 1.6 0.3615276 10.875 330.2249 0 0.09157901 -0.255767 0.02434601 0.962083
11.6934 SecondCar 4.930146 0.025 11.33415 0 199.1134 0 0 0.9861218 0 -0.1660237 4 0
11.6934 FirstCar -6.638472 0.025 2.97 0 90 0 0 0.7071068 0 0.7071068 1.288609 0
11.6950 Head -0.6626843 1.6 0.363524 10.875 330.2249 0 0.09157901 -0.255767 0.02434601 0.962083
11.6950 SecondCar 4.931026 0.025 11.32298 0 199.1685 0 0 0.9860418 0 -0.1664976 4 0
11.6950 FirstCar -6.636498 0.025 2.97 0 90 0 0 0.7071068 0 0.7071068 1.292274 0
11.6965 Head -0.6626843 1.6 0.3655242 10.875 330.2249 0 0.09157901 -0.255767 0.02434601 0.962083
11.6965 SecondCar 4.931925 0.025 11.31142 0 199.2256 0 0 0.9859588 0 -0.1669889 4 0
11.6965 FirstCar -6.634448 0.025 2.97 0 90 0 0 0.7071068 0 0.7071068 1.296071 0
11.6981 Head -0.6626843 1.6 0.367597 10.875 330.2249 0 0.09157901 -0.255767 0.02434601 0.962083
11.6981 SecondCar 4.932787 0.025 11.30016 0 199.2813 0 0 0.9858775 0 -0.1674679 4 0
11.6981 FirstCar -6.632442 0.025 2.97 0 90 0 0 0.7071068 0 0.7071068 1.299774 0
11.6997 Head -0.6626843 1.6 0.3696182 10.875 330.2249 0 0.09157901 -0.255767 0.02434601 0.962083
11.6997 SecondCar 4.933694 0.025 11.28813 0 199.3408 0 0 0.9857904 0 -0.1679803 4 0
11.6997 FirstCar -6.630291 0.025 2.97 0 90 0 0 0.7071068 0 0.7071068 1.303734 0
11.7015 Head -0.6626843 1.6 0.3717796 10.875 330.2249 0 0.09157901 -0.255767 0.02434601 0.962083
11.7015 SecondCar 4.934641 0.025 11.27534 0 199.4042 0 0 0.9856973 0 -0.1685255 4 0
11.7015 FirstCar -6.627995 0.025 2.97 0 90 0 0 0.7071068 0 0.7071068 1.307947 0
11.7034 Head -0.6626843 1.6 0.374079 10.875 330.2249 0 0.09157901 -0.255767 0.02434601 0.962083
11.7034 SecondCar 4.935637 0.025 11.26163 0 199.4722 0 0 0.9855971 0 -0.1691105 4 0
11.7034 FirstCar -6.625523 0.025 2.97 0 90 0 0 0.7071068 0 0.7071068 1.312467 0
11.7052 Head -0.6626843 1.6 0.3765462 10.875 330.2249 0 0.09157901 -0.255767 0.02434601 0.962083
11.7052 SecondCar 4.936577 0.025 11.24844 0 199.5378 0 0 0.9855002 0 -0.1696744 4 0
11.7052 FirstCar -6.623133 0.025 2.97 0 90 0 0 0.7071068 0 0.7071068 1.316823 0
11.7069 Head -0.6626843 1.6 0.3789241 10.875 330.2249 0 0.09157901 -0.255767 0.02434601 0.962083
11.7069 SecondCar 4.937456 0.025 11.23588 0 199.6003 0 0 0.9854075 0 -0.1702119 4 0
11.7069 FirstCar -6.620848 0.025 2.97 0 90 0 0 0.7071068 0 0.7071068 1.320974 0
11.7086 Head -0.6626843 1.6 0.38119 10.875 330.2249 0 0.09157901 -0.255767 0.02434601 0.962083
11.7086 SecondCar 4.938298 0.025 11.22359 0 199.6615 0 0 0.9853163 0 -0.1707387 4 0
11.7086 FirstCar -6.618601 0.025 2.97 0 90 0 0 0.7071068 0 0.7071068 1.325043 0
11.7107 Head -0.6626843 1.6 0.3834107 10.875 330.2249 0 0.09157901 -0.255767 0.02434601 0.962083
11.7107 SecondCar 4.939337 0.025 11.20812 0 199.7387 0 0 0.9852011 0 -0.1714023 4 0
11.7107 FirstCar -6.615762 0.025 2.97 0 90 0 0 0.7071068 0 0.7071068 1.330166 0
11.7127 Head -0.6626843 1.6 0.3862073 10.875 330.2249 0 0.09157901 -0.255767 0.02434601 0.962083
11.7127 SecondCar 4.940267 0.025 11.19393 0 199.8096 0 0 0.9850949 0 -0.1720121 4 0
11.7127 FirstCar -6.613143 0.025 2.97 0 90 0 0 0.7071068 0 0.7071068 1.334874 0
11.7145 Head -0.6626843 1.6 0.3887767 10.875 330.2249 0 0.09157901 -0.255767 0.02434601 0.962083
11.7145 SecondCar 4.941119 0.025 11.18065 0 199.8762 0 0 0.9849949 0 -0.1725838 4 0
11.7145 FirstCar -6.610681 0.025 2.97 0 90 0 0 0.7071068 0 0.7071068 1.339287 0
11.7166 Head -0.6626843 1.6 0.3911856 10.875 330.2249 0 0.09157901 -0.255767 0.02434601 0.962083
11.7166 SecondCar 4.942045 0.025 11.16585 0 199.9503 0 0 0.984883 0 -0.1732212 4 0
11.7166 FirstCar -6.607925 0.025 2.97 0 90 0 0 0.7071068 0 0.7071068 1.344206 0
11.7185 Head -0.6626843 1.6 0.3938707 10.875 330.2249 0 0.09157901 -0.255767 0.02434601 0.962083
11.7185 SecondCar 4.942862 0.025 11.15249 0 200.0174 0 0 0.9847814 0 -0.1737979 4 0
11.7185 FirstCar -6.605425 0.025 2.97 0 90 0 0 0.7071068 0 0.7071068 1.348656 0
11.7201 Head -0.6626843 1.6 0.3962994 10.875 330.2249 0 0.09157901 -0.255767 0.02434601 0.962083
11.7201 SecondCar 4.943581 0.025 11.14045 0 200.078 0 0 0.9846894 0 -0.1743182 4 0
11.7201 FirstCar -6.603163 0.025 2.97 0 90 0 0 0.7071068 0 0.7071068 1.35267 0
11.7222 Head -0.6626843 1.6 0.3984904 10.875 330.2249 0 0.09157901 -0.255767 0.02434601 0.962083
11.7222 SecondCar 4.944459 0.025 11.12537 0 200.1539 0 0 0.9845737 0 -0.1749705 4 0
11.7222 FirstCar -6.600317 0.025 2.97 0 90 0 0 0.7071068 0 0.7071068 1.357701 0
11.7243 Head -0.6626843 1.6 0.4012368 10.875 330.2249 0 0.09157901 -0.255767 0.02434601 0.962083
11.7243 SecondCar 4.945286 0.025 11.11078 0 200.2275 0 0 0.9844611 0 -0.1756028 4 0
11.7243 FirstCar -6.597548 0.025 2.97 0 90 0 0 0.7071068 0 0.7071068 1.362578 0
11.7263 Head -0.6626843 1.6 0.4038986 10.875 330.2249 0 0.09157901 -0.255767 0.02434601 0.962083
11.7263 SecondCar 4.946093 0.025 11.09612 0 200.3015 0 0 0.9843475 0 -0.1762387 4 0
11.7263 FirstCar -6.594754 0.025 2.97 0 90 0 0 0.7071068 0 0.7071068 1.367481 0
11.7283 Head -0.6626843 1.6 0.406575 10.875 330.2249 0 0.09157901 -0.255767 0.02434601 0.962083
11.7283 SecondCar 4.946863 0.025 11.08172 0 200.3743 0 0 0.9842353 0 -0.1768642 4 0
11.7283 FirstCar -6.591997 0.025 2.97 0 90 0 0 0.7071068 0 0.7071068 1.372305 0
11.7308 Head -0.6626843 1.6 0.4092076 10.875 330.2249 0 0.09157901 -0.255767 0.02434601 0.962083
11.7308 SecondCar 4.947786 0.025 11.06388 0 200.4647 0 0 0.9840955 0 -0.1776407 4 0
11.7308 FirstCar -6.588559 0.025 2.97 0 90 0 0 0.7071068 0 0.7071068 1.37829 0
11.7331 Head -0.6626843 1.6 0.4124748 10.875 330.2249 0 0.09157901 -0.255767 0.02434601 0.962083
11.7331 SecondCar 4.948608 0.025 11.04739 0 200.5485 0 0 0.9839653 0 -0.1783601 4 0
11.7331 FirstCar -6.585362 0.025 2.97 0 90 0 0 0.7071068 0 0.7071068 1.383834 0
11.7354 Head -0.6626843 1.6 0.4155008 10.875 330.2249 0 0.09157901 -0.255767 0.02434601 0.962083
11.7354 SecondCar 4.949394 0.025 11.03102 0 200.6317 0 0 0.9838355 0 -0.1790747 4 0
11.7354 FirstCar -6.582175 0.025 2.97 0 90 0 0 0.7071068 0 0.7071068 1.389341 0
11.7373 Head -0.6626843 1.6 0.4185065 10.875 330.2249 0 0.09157901 -0.255767 0.02434601 0.962083
11.7373 SecondCar 4.95003 0.025 11.01729 0 200.7017 0 0 0.983726 0 -0.179675 4 0
11.7373 FirstCar -6.579488 0.025 2.97 0 90 0 0 0.7071068 0 0.7071068 1.393966 0
11.7391 Head -0.6626843 1.6 0.4210311 10.875 330.2249 0 0.09157901 -0.255767 0.02434601 0.962083
11.7391 SecondCar 4.950602 0.025 11.00454 0 200.7667 0 0 0.9836239 0 -0.1802335 4 0
11.7391 FirstCar -6.576982 0.025 2.97 0 90 0 0 0.7071068 0 0.7071068 1.398268 0
11.7409 Head -0.6626843 1.6 0.4233792 10.875 330.2249 0 0.09157901 -0.255767 0.02434601 0.962083
11.7409 SecondCar 4.95114 0.025 10.99216 0 200.83 0 0 0.9835242 0 -0.1807765 4 0
11.7409 FirstCar -6.574538 0.025 2.97 0 90 0 0 0.7071068 0 0.7071068 1.40245 0
11.7427 Head -0.6626843 1.6 0.425662 10.875 330.2249 0 0.09157901 -0.255767 0.02434601 0.962083
11.7427 SecondCar 4.951676 0.025 10.97943 0 200.8951 0 0 0.9834213 0 -0.1813354 4 0
11.7427 FirstCar -6.572015 0.025 2.97 0 90 0 0 0.7071068 0 0.7071068 1.406755 0
11.7445 Head -0.6626843 1.6 0.4280116 10.875 330.2249 0 0.09157901 -0.255767 0.02434601 0.962083
11.7445 SecondCar 4.952196 0.025 10.9666 0 200.9608 0 0 0.9833172 0 -0.1818992 4 0
11.7445 FirstCar -6.569463 0.025 2.97 0 90 0 0 0.7071068 0 0.7071068 1.411096 0
11.7464 Head -0.6626843 1.6 0.4303811 10.875 330.2249 0 0.09157901 -0.255767 0.02434601 0.962083
11.7464 SecondCar 4.952739 0.025 10.95272 0 201.032 0 0 0.9832039 0 -0.1825105 4 0
11.7464 FirstCar -6.566687 0.025 2.97 0 90 0 0 0.7071068 0 0.7071068 1.415801 0
11.7483 Head -0.6626843 1.6 0.4329496 10.875 330.2249 0 0.09157901 -0.255767 0.02434601 0.962083
11.7483 SecondCar 4.953227 0.025 10.93975 0 201.0987 0 0 0.9830977 0 -0.183082 4 0
11.7483 FirstCar -6.564083 0.025 2.97 0 90 0 0 0.7071068 0 0.7071068 1.420201 0
11.7504 Head -0.6626843 1.6 0.4353511 10.875 330.2249 0 0.09157901 -0.255767 0.02434601 0.962083
11.7504 SecondCar 4.953773 0.025 10.92455 0 201.1769 0 0 0.9829724 0 -0.1837533 4 0
11.7504 FirstCar -6.561015 0.025 2.97 0 90 0 0 0.7071068 0 0.7071068 1.425367 0
11.7522 Head -0.6626843 1.6 0.4381709 10.875 330.2249 0 0.09157901 -0.255767 0.02434601 0.962083
11.7522 SecondCar 4.954206 0.025 10.91199 0 201.2416 0 0 0.9828685 0 -0.1843084 4 0
11.7522 FirstCar -6.55847 0.025 2.97 0 90 0 0 0.7071068 0 0.7071068 1.429639 0
11.7539 Head -0.6626843 1.6 0.4405029 10.875 330.2249 0 0.09157901 -0.255767 0.02434601 0.962083
11.7539 SecondCar 4.954608 0.025 10.89978 0 201.3046 0 0 0.982767 0 -0.1848489 4 0
11.7539 FirstCar -6.555986 0.025 2.97 0 90 0 0 0.7071068 0 0.7071068 1.433798 0
11.7558 Head -0.6626843 1.6 0.4427727 10.875 330.2249 0 0.09157901 -0.255767 0.02434601 0.962083
11.7558 SecondCar 4.955027 0.025 10.88648 0 201.3734 0 0 0.9826559 0 -0.1854384 4 0
11.7558 FirstCar -6.553267 0.025 2.97 0 90 0 0 0.7071068 0 0.7071068 1.438334 0
11.7576 Head -0.6626843 1.6 0.4452486 10.875 330.2249 0 0.09157901 -0.255767 0.02434601 0.962083
11.7576 SecondCar 4.955404 0.025 10.87389 0 201.4385 0 0 0.9825503 0 -0.1859971 4 0
11.7576 FirstCar -6.550684 0.025 2.97 0 90 0 0 0.7071068 0 0.7071068 1.442631 0
11.7591 Head -0.6626843 1.6 0.4475943 10.875 330.2249 0 0.09157901 -0.255767 0.02434601 0.962083
11.7591 SecondCar 4.955712 0.025 10.86315 0 201.4942 0 0 0.9824598 0 -0.1864744 4 0
11.7591 FirstCar -6.548472 0.025 2.97 0 90 0 0 0.7071068 0 0.7071068 1.446303 0
11.7607 Head -0.6626843 1.6 0.4495982 10.875 330.2249 0 0.09157901 -0.255767 0.02434601 0.962083
11.7607 SecondCar 4.956009 0.025 10.85233 0 201.5503 0 0 0.9823684 0 -0.1869556 4 0
11.7607 FirstCar -6.546236 0.025 2.97 0 90 0 0 0.7071068 0 0.7071068 1.450003 0
11.7622 Head -0.6626843 1.6 0.451618 10.875 330.2249 0 0.09157901 -0.255767 0.02434601 0.962083
11.7622 SecondCar 4.956292 0.025 10.84146 0 201.6068 0 0 0.9822761 0 -0.1874398 4 0
11.7622 FirstCar -6.543981 0.025 2.97 0 90 0 0 0.7071068 0 0.7071068 1.453727 0
11.7640 Head -0.6626843 1.6 0.4536504 10.875 330.2249 0 0.09157901 -0.255767 0.02434601 0.962083
11.7640 SecondCar 4.956596 0.025 10.82921 0 201.6705 0 0 0.9821718 0 -0.1879857 4 0
11.7640 FirstCar -6.54143 0.025 2.97 0 90 0 0 0.7071068 0 0.7071068 1.457924 0
11.7659 Head -0.6626843 1.6 0.4559417 10.875 330.2249 0 0.09157901 -0.255767 0.02434601 0.962083
11.7659 SecondCar 4.956909 0.025 10.81577 0 201.7406 0 0 0.9820567 0 -0.1885861 4 0
11.7659 FirstCar -6.538618 0.025 2.97 0 90 0 0 0.7071068 0 0.7071068 1.46254 0
11.7679 Head -0.6626843 1.6 0.4584611 10.875 330.2249 0 0.09157901 -0.255767 0.02434601 0.962083
11.7679 SecondCar 4.957207 0.025 10.80205 0 201.8121 0 0 0.9819388 0 -0.1891991 4 0
11.7679 FirstCar -6.535737 0.025 2.97 0 90 0 0 0.7071068 0 0.7071068 1.467252 0
11.7697 Head -0.6626843 1.6 0.4610332 10.875 330.2249 0 0.09157901 -0.255767 0.02434601 0.962083
11.7697 SecondCar 4.957465 0.025 10.78917 0 201.8794 0 0 0.9818274 0 -0.1897761 4 0
11.7697 FirstCar -6.533018 0.025 2.97 0 90 0 0 0.7071068 0 0.7071068 1.471686 0
11.7712 Head -0.6626843 1.6 0.4634534 10.875 330.2249 0 0.09157901 -0.255767 0.02434601 0.962083
11.7712 SecondCar 4.957663 0.025 10.77863 0 201.9345 0 0 0.9817361 0 -0.1902483 4 0
11.7712 FirstCar -6.530787 0.025 2.97 0 90 0 0 0.7071068 0 0.7071068 1.475315 0
11.7727 Head -0.6626843 1.6 0.4654342 10.875 330.2249 0 0.09157901 -0.255767 0.02434601 0.962083
11.7727 SecondCar 4.957842 0.025 10.76834 0 201.9884 0 0 0.9816465 0 -0.1907099 4 0
11.7727 FirstCar -6.528602 0.025 2.97 0 90 0 0 0.7071068 0 0.7071068 1.478863 0
11.7742 Head -0.6626843 1.6 0.4673705 10.875 330.2249 0 0.09157901 -0.255767 0.02434601 0.962083
11.7742 SecondCar 4.958009 0.025 10.7581 0 202.0421 0 0 0.981557 0 -0.19117 4 0
11.7742 FirstCar -6.526419 0.025 2.97 0 90 0 0 0.7071068 0 0.7071068 1.482397 0
11.7758 Head -0.6626843 1.6 0.4692998 10.875 330.2249 0 0.09157901 -0.255767 0.02434601 0.962083
11.7758 SecondCar 4.958179 0.025 10.74664 0 202.1023 0 0 0.9814565 0 -0.1916853 4 0
11.7758 FirstCar -6.523967 0.025 2.97 0 90 0 0 0.7071068 0 0.7071068 1.486356 0
11.7774 Head -0.6626843 1.6 0.4714606 10.875 330.2249 0 0.09157901 -0.255767 0.02434601 0.962083
11.7774 SecondCar 4.958328 0.025 10.73575 0 202.1596 0 0 0.9813606 0 -0.1921758 4 0
11.7774 FirstCar -6.521627 0.025 2.97 0 90 0 0 0.7071068 0 0.7071068 1.490124 0
11.7792 Head -0.6626843 1.6 0.4735173 10.875 330.2249 0 0.09157901 -0.255767 0.02434601 0.962083
11.7792 SecondCar 4.958481 0.025 10.72324 0 202.2254 0 0 0.9812499 0 -0.1927396 4 0
11.7792 FirstCar -6.51893 0.025 2.97 0 90 0 0 0.7071068 0 0.7071068 1.494455 0
11.7808 Head -0.6626843 1.6 0.4758813 10.875 330.2249 0 0.09157901 -0.255767 0.02434601 0.962083
11.7808 SecondCar 4.9586 0.025 10.71208 0 202.2842 0 0 0.9811509 0 -0.1932433 4 0
11.7808 FirstCar -6.516516 0.025 2.97 0 90 0 0 0.7071068 0 0.7071068 1.498323 0
11.7829 Head -0.6626843 1.6 0.4779925 10.875 330.2249 0 0.09157901 -0.255767 0.02434601 0.962083
11.7829 SecondCar 4.958736 0.025 10.69737 0 202.3619 0 0 0.9810197 0 -0.1939081 4 0
11.7829 FirstCar -6.513318 0.025 2.97 0 90 0 0 0.7071068 0 0.7071068 1.503428 0
11.7851 Head -0.6626843 1.6 0.480779 10.875 330.2249 0 0.09157901 -0.255767 0.02434601 0.962083
11.7851 SecondCar 4.958846 0.025 10.68251 0 202.4405 0 0 0.9808865 0 -0.1945808 4 0
11.7851 FirstCar -6.510071 0.025 2.97 0 90 0 0 0.7071068 0 0.7071068 1.508593 0
11.7867 Head -0.6626843 1.6 0.4835983 10.875 330.2249 0 0.09157901 -0.255767 0.02434601 0.962083
11.7867 SecondCar 4.95891 0.025 10.6713 0 202.4998 0 0 0.9807856 0 -0.1950888 4 0
11.7867 FirstCar -6.507613 0.025 2.97 0 90 0 0 0.7071068 0 0.7071068 1.512493 0
11.7882 Head -0.6626843 1.6 0.4857273 10.875 330.2249 0 0.09157901 -0.255767 0.02434601 0.962083
11.7882 SecondCar 4.958957 0.025 10.66102 0 202.5543 0 0 0.9806927 0 -0.1955553 4 0
11.7882 FirstCar -6.505351 0.025 2.97 0 90 0 0 0.7071068 0 0.7071068 1.516074 0
11.7904 Head -0.6626843 1.6 0.4876819 10.875 330.2249 0 0.09157901 -0.255767 0.02434601 0.962083
11.7904 SecondCar 4.959 0.025 10.64606 0 202.6337 0 0 0.980557 0 -0.1962347 4 0
11.7904 FirstCar -6.502045 0.025 2.97 0 90 0 0 0.7071068 0 0.7071068 1.521289 0
11.7925 Head -0.6626843 1.6 0.4905284 10.875 330.2249 0 0.09157901 -0.255767 0.02434601 0.962083
11.7925 SecondCar 4.959016 0.025 10.63134 0 202.712 0 0 0.9804226 0 -0.1969048 4 0
11.7925 FirstCar -6.498775 0.025 2.97 0 90 0 0 0.7071068 0 0.7071068 1.526432 0
11.7949 Head -0.6626843 1.6 0.4933355 10.875 330.2249 0 0.09157901 -0.255767 0.02434601 0.962083
11.7949 SecondCar 4.959003 0.025 10.61522 0 202.7979 0 0 0.9802747 0 -0.1976396 4 0
11.7949 FirstCar -6.495175 0.025 2.97 0 90 0 0 0.7071068 0 0.7071068 1.532071 0
11.7969 Head -0.6626843 1.6 0.4964132 10.875 330.2249 0 0.09157901 -0.255767 0.02434601 0.962083
11.7969 SecondCar 4.958967 0.025 10.60164 0 202.8704 0 0 0.9801496 0 -0.1982595 4 0
11.7969 FirstCar -6.49213 0.025 2.97 0 90 0 0 0.7071068 0 0.7071068 1.536826 0
11.7990 Head -0.6626843 1.6 0.4990089 10.875 330.2249 0 0.09157901 -0.255767 0.02434601 0.962083
11.7990 SecondCar 4.958902 0.025 10.58705 0 202.9484 0 0 0.9800144 0 -0.1989268 4 0
11.7990 FirstCar -6.488841 0.025 2.97 0 90 0 0 0.7071068 0 0.7071068 1.541945 0
11.8009 Head -0.6626843 1.6 0.5018032 10.875 330.2249 0 0.09157901 -0.255767 0.02434601 0.962083
11.8009 SecondCar 4.958822 0.025 10.5741 0 203.0177 0 0 0.9798939 0 -0.1995194 4 0
11.8009 FirstCar -6.485911 0.025 2.97 0 90 0 0 0.7071068 0 0.7071068 1.546492 0
11.8026 Head -0.6626843 1.6 0.5042846 10.875 330.2249 0 0.09157901 -0.255767 0.02434601 0.962083
11.8026 SecondCar 4.95873 0.025 10.56226 0 203.0812 0 0 0.9797832 0 -0.2000623 4 0
11.8026 FirstCar -6.483221 0.025 2.97 0 90 0 0 0.7071068 0 0.7071068 1.550655 0
11.8042 Head -0.6626843 1.6 0.5065573 10.875 330.2249 0 0.09157901 -0.255767 0.02434601 0.962083
11.8042 SecondCar 4.958632 0.025 10.5515 0 203.139 0 0 0.9796822 0 -0.2005562 4 0
11.8042 FirstCar -6.480768 0.025 2.97 0 90 0 0 0.7071068 0 0.7071068 1.554442 0
11.8058 Head -0.6626843 1.6 0.5086246 10.875 330.2249 0 0.09157901 -0.255767 0.02434601 0.962083
11.8058 SecondCar 4.958519 0.025 10.54086 0 203.1962 0 0 0.979582 0 -0.2010453 4 0
11.8058 FirstCar -6.478333 0.025 2.97 0 90 0 0 0.7071068 0 0.7071068 1.558193 0
11.8073 Head -0.6626843 1.6 0.510672 10.875 330.2249 0 0.09157901 -0.255767 0.02434601 0.962083
11.8073 SecondCar 4.958395 0.025 10.53038 0 203.2526 0 0 0.9794829 0 -0.2015273 4 0
11.8073 FirstCar -6.475928 0.025 2.97 0 90 0 0 0.7071068 0 0.7071068 1.561889 0
11.8091 Head -0.6626843 1.6 0.512689 10.875 330.2249 0 0.09157901 -0.255767 0.02434601 0.962083
11.8091 SecondCar 4.958234 0.025 10.51829 0 203.3177 0 0 0.9793682 0 -0.2020842 4 0
11.8091 FirstCar -6.473142 0.025 2.97 0 90 0 0 0.7071068 0 0.7071068 1.566158 0
11.8106 Head -0.6626843 1.6 0.5150196 10.875 330.2249 0 0.09157901 -0.255767 0.02434601 0.962083
11.8106 SecondCar 4.958086 0.025 10.50828 0 203.3717 0 0 0.9792728 0 -0.2025459 4 0
11.8106 FirstCar -6.470827 0.025 2.97 0 90 0 0 0.7071068 0 0.7071068 1.569698 0
11.8121 Head -0.6626843 1.6 0.5169517 10.875 330.2249 0 0.09157901 -0.255767 0.02434601 0.962083
11.8121 SecondCar 4.957924 0.025 10.49813 0 203.4266 0 0 0.9791757 0 -0.2030146 4 0
11.8121 FirstCar -6.468472 0.025 2.97 0 90 0 0 0.7071068 0 0.7071068 1.573291 0
11.8135 Head -0.6626843 1.6 0.5189127 10.875 330.2249 0 0.09157901 -0.255767 0.02434601 0.962083
11.8135 SecondCar 4.957749 0.025 10.48806 0 203.4811 0 0 0.9790791 0 -0.2034802 4 0
11.8135 FirstCar -6.466127 0.025 2.97 0 90 0 0 0.7071068 0 0.7071068 1.57686 0
11.8150 Head -0.6626843 1.6 0.5208608 10.875 330.2249 0 0.09157901 -0.255767 0.02434601 0.962083
11.8150 SecondCar 4.957564 0.025 10.47812 0 203.5349 0 0 0.9789834 0 -0.20394 4 0
11.8150 FirstCar -6.463807 0.025 2.97 0 90 0 0 0.7071068 0 0.7071068 1.580383 0
11.8166 Head -0.6626843 1.6 0.522784 10.875 330.2249 0 0.09157901 -0.255767 0.02434601 0.962083
11.8166 SecondCar 4.95735 0.025 10.4674 0 203.593 0 0 0.9788799 0 -0.2044363 4 0
11.8166 FirstCar -6.461296 0.025 2.97 0 90 0 0 0.7071068 0 0.7071068 1.584187 0
11.8181 Head -0.6626843 1.6 0.5248603 10.875 330.2249 0 0.09157901 -0.255767 0.02434601 0.962083
11.8181 SecondCar 4.957134 0.025 10.4573 0 203.6478 0 0 0.978782 0 -0.2049045 4 0
11.8181 FirstCar -6.458922 0.025 2.97 0 90 0 0 0.7071068 0 0.7071068 1.587775 0
11.8196 Head -0.6626843 1.6 0.5268185 10.875 330.2249 0 0.09157901 -0.255767 0.02434601 0.962083
11.8196 SecondCar 4.956908 0.025 10.44734 0 203.702 0 0 0.9786851 0 -0.205367 4 0
11.8196 FirstCar -6.456573 0.025 2.97 0 90 0 0 0.7071068 0 0.7071068 1.591318 0
11.8210 Head -0.6626843 1.6 0.5287527 10.875 330.2249 0 0.09157901 -0.255767 0.02434601 0.962083
11.8210 SecondCar 4.956677 0.025 10.43767 0 203.7546 0 0 0.9785907 0 -0.2058163 4 0
11.8210 FirstCar -6.454285 0.025 2.97 0 90 0 0 0.7071068 0 0.7071068 1.594761 0
11.8225 Head -0.6626843 1.6 0.530632 10.875 330.2249 0 0.09157901 -0.255767 0.02434601 0.962083
11.8225 SecondCar 4.956415 0.025 10.42727 0 203.8112 0 0 0.9784888 0 -0.2063001 4 0
11.8225 FirstCar -6.451817 0.025 2.97 0 90 0 0 0.7071068 0 0.7071068 1.598467 0
11.8242 Head -0.6626843 1.6 0.5326547 10.875 330.2249 0 0.09157901 -0.255767 0.02434601 0.962083
11.8242 SecondCar 4.956124 0.025 10.41639 0 203.8706 0 0 0.9783818 0 -0.2068068 4 0
11.8242 FirstCar -6.449225 0.025 2.97 0 90 0 0 0.7071068 0 0.7071068 1.602349 0
11.8258 Head -0.6626843 1.6 0.5347736 10.875 330.2249 0 0.09157901 -0.255767 0.02434601 0.962083
11.8258 SecondCar 4.955817 0.025 10.40546 0 203.9303 0 0 0.9782739 0 -0.2073165 4 0
11.8258 FirstCar -6.446613 0.025 2.97 0 90 0 0 0.7071068 0 0.7071068 1.606253 0
11.8274 Head -0.6626843 1.6 0.5369045 10.875 330.2249 0 0.09157901 -0.255767 0.02434601 0.962083
11.8274 SecondCar 4.955492 0.025 10.39442 0 203.9907 0 0 0.9781645 0 -0.2078322 4 0
11.8274 FirstCar -6.443963 0.025 2.97 0 90 0 0 0.7071068 0 0.7071068 1.610203 0
11.8294 Head -0.6626843 1.6 0.5390605 10.875 330.2249 0 0.09157901 -0.255767 0.02434601 0.962083
11.8294 SecondCar 4.955091 0.025 10.38155 0 204.0611 0 0 0.9780366 0 -0.2084336 4 0
11.8294 FirstCar -6.440864 0.025 2.97 0 90 0 0 0.7071068 0 0.7071068 1.614808 0
11.8311 Head -0.6626843 1.6 0.5415744 10.875 330.2249 0 0.09157901 -0.255767 0.02434601 0.962083
11.8311 SecondCar 4.954704 0.025 10.36976 0 204.1258 0 0 0.9779187 0 -0.2089855 4 0
11.8311 FirstCar -6.438013 0.025 2.97 0 90 0 0 0.7071068 0 0.7071068 1.619035 0
11.8326 Head -0.6626843 1.6 0.5438814 10.875 330.2249 0 0.09157901 -0.255767 0.02434601 0.962083
11.8326 SecondCar 4.95436 0.025 10.35972 0 204.1809 0 0 0.9778181 0 -0.2094557 4 0
11.8326 FirstCar -6.435578 0.025 2.97 0 90 0 0 0.7071068 0 0.7071068 1.622636 0
11.8341 Head -0.6626843 1.6 0.5458468 10.875 330.2249 0 0.09157901 -0.255767 0.02434601 0.962083
11.8341 SecondCar 4.953996 0.025 10.34952 0 204.237 0 0 0.9777155 0 -0.2099342 4 0
11.8341 FirstCar -6.433096 0.025 2.97 0 90 0 0 0.7071068 0 0.7071068 1.626299 0
11.8356 Head -0.6626843 1.6 0.5478465 10.875 330.2249 0 0.09157901 -0.255767 0.02434601 0.962083
11.8356 SecondCar 4.953627 0.025 10.33954 0 204.292 0 0 0.9776147 0 -0.2104034 4 0
11.8356 FirstCar -6.430656 0.025 2.97 0 90 0 0 0.7071068 0 0.7071068 1.629891 0
11.8372 Head -0.6626843 1.6 0.5498072 10.875 330.2249 0 0.09157901 -0.255767 0.02434601 0.962083
11.8372 SecondCar 4.953238 0.025 10.3294 0 204.3479 0 0 0.9775119 0 -0.2108801 4 0
11.8372 FirstCar -6.428172 0.025 2.97 0 90 0 0 0.7071068 0 0.7071068 1.633541 0
11.8386 Head -0.6626843 1.6 0.5517994 10.875 330.2249 0 0.09157901 -0.255767 0.02434601 0.962083
11.8386 SecondCar 4.952849 0.025 10.3196 0 204.4019 0 0 0.9774124 0 -0.2113411 4 0
11.8386 FirstCar -6.425766 0.025 2.97 0 90 0 0 0.7071068 0 0.7071068 1.63707 0
11.8401 Head -0.6626843 1.6 0.5537254 10.875 330.2249 0 0.09157901 -0.255767 0.02434601 0.962083
11.8401 SecondCar 4.952452 0.025 10.30991 0 204.4555 0 0 0.9773135 0 -0.2117978 4 0
11.8401 FirstCar -6.423376 0.025 2.97 0 90 0 0 0.7071068 0 0.7071068 1.640566 0
11.8416 Head -0.6626843 1.6 0.5556335 10.875 330.2249 0 0.09157901 -0.255767 0.02434601 0.962083
11.8416 SecondCar 4.952032 0.025 10.3 0 204.5103 0 0 0.9772121 0 -0.2122653 4 0
11.8416 FirstCar -6.420925 0.025 2.97 0 90 0 0 0.7071068 0 0.7071068 1.644144 0
11.8430 Head -0.6626843 1.6 0.5575867 10.875 330.2249 0 0.09157901 -0.255767 0.02434601 0.962083
11.8430 SecondCar 4.951609 0.025 10.29031 0 204.5639 0 0 0.9771127 0 -0.2127226 4 0
11.8430 FirstCar -6.418522 0.025 2.97 0 90 0 0 0.7071068 0 0.7071068 1.647643 0
11.8446 Head -0.6626843 1.6 0.5594968 10.875 330.2249 0 0.09157901 -0.255767 0.02434601 0.962083
11.8446 SecondCar 4.951132 0.025 10.27975 0 204.6225 0 0 0.9770038 0 -0.2132221 4 0
11.8446 FirstCar -6.415892 0.025 2.97 0 90 0 0 0.7071068 0 0.7071068 1.651467 0
11.8463 Head -0.6626843 1.6 0.5615836 10.875 330.2249 0 0.09157901 -0.255767 0.02434601 0.962083
11.8463 SecondCar 4.950604 0.025 10.26842 0 204.6854 0 0 0.9768866 0 -0.2137582 4 0
11.8463 FirstCar -6.413062 0.025 2.97 0 90 0 0 0.7071068 0 0.7071068 1.655569 0
11.8479 Head -0.6626843 1.6 0.5638226 10.875 330.2249 0 0.09157901 -0.255767 0.02434601 0.962083
11.8479 SecondCar 4.950099 0.025 10.25794 0 204.7437 0 0 0.9767777 0 -0.214255 4 0
11.8479 FirstCar -6.410433 0.025 2.97 0 90 0 0 0.7071068 0 0.7071068 1.659371 0
11.8498 Head -0.6626843 1.6 0.5658978 10.875 330.2249 0 0.09157901 -0.255767 0.02434601 0.962083
11.8498 SecondCar 4.949495 0.025 10.24576 0 204.8114 0 0 0.9766509 0 -0.2148326 4 0
11.8498 FirstCar -6.40737 0.025 2.97 0 90 0 0 0.7071068 0 0.7071068 1.663789 0
11.8516 Head -0.6626843 1.6 0.5683098 10.875 330.2249 0 0.09157901 -0.255767 0.02434601 0.962083
11.8516 SecondCar 4.948874 0.025 10.23367 0 204.8788 0 0 0.9765243 0 -0.2154073 4 0
11.8516 FirstCar -6.404315 0.025 2.97 0 90 0 0 0.7071068 0 0.7071068 1.668186 0
11.8533 Head -0.6626843 1.6 0.5707095 10.875 330.2249 0 0.09157901 -0.255767 0.02434601 0.962083
11.8533 SecondCar 4.948261 0.025 10.22213 0 204.9433 0 0 0.976403 0 -0.2159564 4 0
11.8533 FirstCar -6.401387 0.025 2.97 0 90 0 0 0.7071068 0 0.7071068 1.672387 0
11.8554 Head -0.6626843 1.6 0.5730026 10.875 330.2249 0 0.09157901 -0.255767 0.02434601 0.962083
11.8554 SecondCar 4.947532 0.025 10.20882 0 205.0177 0 0 0.9762626 0 -0.2165902 4 0
11.8554 FirstCar -6.397999 0.025 2.97 0 90 0 0 0.7071068 0 0.7071068 1.677235 0
11.8572 Head -0.6626843 1.6 0.5756487 10.875 330.2249 0 0.09157901 -0.255767 0.02434601 0.962083
11.8572 SecondCar 4.94683 0.025 10.19643 0 205.0871 0 0 0.9761313 0 -0.2171815 4 0
11.8572 FirstCar -6.39483 0.025 2.97 0 90 0 0 0.7071068 0 0.7071068 1.681758 0
11.8593 Head -0.6626843 1.6 0.5781175 10.875 330.2249 0 0.09157901 -0.255767 0.02434601 0.962083
11.8593 SecondCar 4.946053 0.025 10.18311 0 205.1618 0 0 0.9759895 0 -0.2178177 4 0
11.8593 FirstCar -6.39141 0.025 2.97 0 90 0 0 0.7071068 0 0.7071068 1.686623 0
11.8613 Head -0.6626843 1.6 0.5807735 10.875 330.2249 0 0.09157901 -0.255767 0.02434601 0.962083
11.8613 SecondCar 4.945236 0.025 10.16958 0 205.2378 0 0 0.9758447 0 -0.2184653 4 0
11.8613 FirstCar -6.38792 0.025 2.97 0 90 0 0 0.7071068 0 0.7071068 1.691575 0
11.8632 Head -0.6626843 1.6 0.5834762 10.875 330.2249 0 0.09157901 -0.255767 0.02434601 0.962083
11.8632 SecondCar 4.944473 0.025 10.1573 0 205.3069 0 0 0.9757128 0 -0.2190536 4 0
11.8632 FirstCar -6.384741 0.025 2.97 0 90 0 0 0.7071068 0 0.7071068 1.696074 0
11.8651 Head -0.6626843 1.6 0.5859321 10.875 330.2249 0 0.09157901 -0.255767 0.02434601 0.962083
11.8651 SecondCar 4.943673 0.025 10.14479 0 205.3774 0 0 0.9755779 0 -0.2196538 4 0
11.8651 FirstCar -6.381489 0.025 2.97 0 90 0 0 0.7071068 0 0.7071068 1.700664 0
11.8667 Head -0.6626843 1.6 0.5884369 10.875 330.2249 0 0.09157901 -0.255767 0.02434601 0.962083
11.8667 SecondCar 4.942977 0.025 10.1342 0 205.4372 0 0 0.9754632 0 -0.2201628 4 0
11.8667 FirstCar -6.378725 0.025 2.97 0 90 0 0 0.7071068 0 0.7071068 1.704555 0
11.8683 Head -0.6626843 1.6 0.5905612 10.875 330.2249 0 0.09157901 -0.255767 0.02434601 0.962083
11.8683 SecondCar 4.942303 0.025 10.12415 0 205.494 0 0 0.975354 0 -0.2206462 4 0
11.8683 FirstCar -6.376094 0.025 2.97 0 90 0 0 0.7071068 0 0.7071068 1.708251 0
11.8701 Head -0.6626843 1.6 0.5925784 10.875 330.2249 0 0.09157901 -0.255767 0.02434601 0.962083
11.8701 SecondCar 4.941502 0.025 10.11248 0 205.56 0 0 0.9752266 0 -0.2212081 4 0
11.8701 FirstCar -6.373029 0.025 2.97 0 90 0 0 0.7071068 0 0.7071068 1.712547 0
11.8718 Head -0.6626843 1.6 0.5949233 10.875 330.2249 0 0.09157901 -0.255767 0.02434601 0.962083
11.8718 SecondCar 4.940718 0.025 10.10134 0 205.6231 0 0 0.9751047 0 -0.2217451 4 0
11.8718 FirstCar -6.370092 0.025 2.97 0 90 0 0 0.7071068 0 0.7071068 1.716652 0
11.8734 Head -0.6626843 1.6 0.5971639 10.875 330.2249 0 0.09157901 -0.255767 0.02434601 0.962083
11.8734 SecondCar 4.939987 0.025 10.09116 0 205.6809 0 0 0.9749928 0 -0.2222366 4 0
11.8734 FirstCar -6.3674 0.025 2.97 0 90 0 0 0.7071068 0 0.7071068 1.720408 0
11.8749 Head -0.6626843 1.6 0.5992143 10.875 330.2249 0 0.09157901 -0.255767 0.02434601 0.962083
11.8749 SecondCar 4.939227 0.025 10.08081 0 205.7397 0 0 0.9748786 0 -0.2227368 4 0
11.8749 FirstCar -6.364653 0.025 2.97 0 90 0 0 0.7071068 0 0.7071068 1.724232 0
11.8765 Head -0.6626843 1.6 0.6013014 10.875 330.2249 0 0.09157901 -0.255767 0.02434601 0.962083
11.8765 SecondCar 4.938484 0.025 10.07088 0 205.7962 0 0 0.9747686 0 -0.2232178 4 0
11.8765 FirstCar -6.362007 0.025 2.97 0 90 0 0 0.7071068 0 0.7071068 1.727907 0
11.8780 Head -0.6626843 1.6 0.6033075 10.875 330.2249 0 0.09157901 -0.255767 0.02434601 0.962083
11.8780 SecondCar 4.937731 0.025 10.06103 0 205.8523 0 0 0.9746592 0 -0.223695 4 0
11.8780 FirstCar -6.359375 0.025 2.97 0 90 0 0 0.7071068 0 0.7071068 1.731555 0
11.8794 Head -0.6626843 1.6 0.6052983 10.875 330.2249 0 0.09157901 -0.255767 0.02434601 0.962083
11.8794 SecondCar 4.937008 0.025 10.05172 0 205.9053 0 0 0.9745556 0 -0.2241462 4 0
11.8794 FirstCar -6.356882 0.025 2.97 0 90 0 0 0.7071068 0 0.7071068 1.735003 0
11.8809 Head -0.6626843 1.6 0.6071804 10.875 330.2249 0 0.09157901 -0.255767 0.02434601 0.962083
11.8809 SecondCar 4.93627 0.025 10.0424 0 205.9586 0 0 0.9744513 0 -0.224599 4 0
11.8809 FirstCar -6.354375 0.025 2.97 0 90 0 0 0.7071068 0 0.7071068 1.738463 0
11.8823 Head -0.6626843 1.6 0.6090691 10.875 330.2249 0 0.09157901 -0.255767 0.02434601 0.962083
11.8823 SecondCar 4.935505 0.025 10.0329 0 206.0129 0 0 0.9743448 0 -0.2250605 4 0
11.8823 FirstCar -6.351816 0.025 2.97 0 90 0 0 0.7071068 0 0.7071068 1.74199 0
11.8838 Head -0.6626843 1.6 0.610994 10.875 330.2249 0 0.09157901 -0.255767 0.02434601 0.962083
11.8838 SecondCar 4.934746 0.025 10.02364 0 206.0659 0 0 0.9742406 0 -0.2255113 4 0
11.8838 FirstCar -6.349311 0.025 2.97 0 90 0 0 0.7071068 0 0.7071068 1.745434 0
11.8853 Head -0.6626843 1.6 0.6128742 10.875 330.2249 0 0.09157901 -0.255767 0.02434601 0.962083
11.8853 SecondCar 4.933949 0.025 10.01408 0 206.1207 0 0 0.9741327 0 -0.2259769 4 0
11.8853 FirstCar -6.346718 0.025 2.97 0 90 0 0 0.7071068 0 0.7071068 1.748992 0
11.8868 Head -0.6626843 1.6 0.6148161 10.875 330.2249 0 0.09157901 -0.255767 0.02434601 0.962083
11.8868 SecondCar 4.933099 0.025 10.00405 0 206.1782 0 0 0.9740191 0 -0.2264659 4 0
11.8868 FirstCar -6.34399 0.025 2.97 0 90 0 0 0.7071068 0 0.7071068 1.752728 0
11.8884 Head -0.6626843 1.6 0.6168552 10.875 330.2249 0 0.09157901 -0.255767 0.02434601 0.962083
11.8884 SecondCar 4.932246 0.025 9.994166 0 206.2349 0 0 0.9739068 0 -0.2269483 4 0
11.8884 FirstCar -6.341292 0.025 2.97 0 90 0 0 0.7071068 0 0.7071068 1.756414 0
11.8901 Head -0.6626843 1.6 0.6188672 10.875 330.2249 0 0.09157901 -0.255767 0.02434601 0.962083
11.8901 SecondCar 4.931256 0.025 9.982917 0 206.2996 0 0 0.9737785 0 -0.2274982 4 0
11.8901 FirstCar -6.338211 0.025 2.97 0 90 0 0 0.7071068 0 0.7071068 1.760614 0
11.8918 Head -0.6626843 1.6 0.6211599 10.875 330.2249 0 0.09157901 -0.255767 0.02434601 0.962083
11.8918 SecondCar 4.9303 0.025 9.972237 0 206.3612 0 0 0.9736562 0 -0.2280209 4 0
11.8918 FirstCar -6.335275 0.025 2.97 0 90 0 0 0.7071068 0 0.7071068 1.764607 0
11.8935 Head -0.6626843 1.6 0.6233395 10.875 330.2249 0 0.09157901 -0.255767 0.02434601 0.962083
11.8935 SecondCar 4.929266 0.025 9.96091 0 206.4265 0 0 0.9735261 0 -0.2285759 4 0
11.8935 FirstCar -6.33215 0.025 2.97 0 90 0 0 0.7071068 0 0.7071068 1.768847 0
11.8953 Head -0.6626843 1.6 0.6256536 10.875 330.2249 0 0.09157901 -0.255767 0.02434601 0.962083
11.8953 SecondCar 4.928198 0.025 9.949423 0 206.4928 0 0 0.9733936 0 -0.2291395 4 0
11.8953 FirstCar -6.328969 0.025 2.97 0 90 0 0 0.7071068 0 0.7071068 1.773152 0
11.8969 Head -0.6626843 1.6 0.6280032 10.875 330.2249 0 0.09157901 -0.255767 0.02434601 0.962083
11.8969 SecondCar 4.927228 0.025 9.939178 0 206.5521 0 0 0.973275 0 -0.2296428 4 0
11.8969 FirstCar -6.326123 0.025 2.97 0 90 0 0 0.7071068 0 0.7071068 1.776996 0
11.8984 Head -0.6626843 1.6 0.6301016 10.875 330.2249 0 0.09157901 -0.255767 0.02434601 0.962083
11.8984 SecondCar 4.926305 0.025 9.929586 0 206.6076 0 0 0.9731636 0 -0.2301145 4 0
11.8984 FirstCar -6.32345 0.025 2.97 0 90 0 0 0.7071068 0 0.7071068 1.780599 0
11.8999 Head -0.6626843 1.6 0.6320682 10.875 330.2249 0 0.09157901 -0.255767 0.02434601 0.962083
11.8999 SecondCar 4.925388 0.025 9.920194 0 206.6621 0 0 0.9730541 0 -0.230577 4 0
11.8999 FirstCar -6.320824 0.025 2.97 0 90 0 0 0.7071068 0 0.7071068 1.784131 0
11.9014 Head -0.6626843 1.6 0.6339961 10.875 330.2249 0 0.09157901 -0.255767 0.02434601 0.962083
11.9014 SecondCar 4.924424 0.025 9.910462 0 206.7186 0 0 0.9729403 0 -0.2310567 4 0
11.9014 FirstCar -6.318095 0.025 2.97 0 90 0 0 0.7071068 0 0.7071068 1.787794 0
11.9029 Head -0.6626843 1.6 0.6359959 10.875 330.2249 0 0.09157901 -0.255767 0.02434601 0.962083
11.9029 SecondCar 4.923474 0.025 9.901033 0 206.7734 0 0 0.9728297 0 -0.231522 4 0
11.9029 FirstCar -6.315444 0.025 2.97 0 90 0 0 0.7071068 0 0.7071068 1.791347 0
11.9044 Head -0.6626843 1.6 0.6379352 10.875 330.2249 0 0.09157901 -0.255767 0.02434601 0.962083
11.9044 SecondCar 4.922506 0.025 9.891548 0 206.8286 0 0 0.9727181 0 -0.2319905 4 0
11.9044 FirstCar -6.312768 0.025 2.97 0 90 0 0 0.7071068 0 0.7071068 1.794926 0
11.9061 Head -0.6626843 1.6 0.6398882 10.875 330.2249 0 0.09157901 -0.255767 0.02434601 0.962083
11.9061 SecondCar 4.92137 0.025 9.880598 0 206.8924 0 0 0.9725887 0 -0.2325322 4 0
11.9061 FirstCar -6.309667 0.025 2.97 0 90 0 0 0.7071068 0 0.7071068 1.799062 0
11.9077 Head -0.6626843 1.6 0.6421458 10.875 330.2249 0 0.09157901 -0.255767 0.02434601 0.962083
11.9077 SecondCar 4.920306 0.025 9.870495 0 206.9513 0 0 0.972469 0 -0.2330325 4 0
11.9077 FirstCar -6.306797 0.025 2.97 0 90 0 0 0.7071068 0 0.7071068 1.802882 0
11.9095 Head -0.6626843 1.6 0.6442311 10.875 330.2249 0 0.09157901 -0.255767 0.02434601 0.962083
11.9095 SecondCar 4.919113 0.025 9.859347 0 207.0165 0 0 0.9723364 0 -0.2335853 4 0
11.9095 FirstCar -6.303619 0.025 2.97 0 90 0 0 0.7071068 0 0.7071068 1.807102 0
11.9110 Head -0.6626843 1.6 0.6465348 10.875 330.2249 0 0.09157901 -0.255767 0.02434601 0.962083
11.9110 SecondCar 4.918053 0.025 9.849595 0 207.0735 0 0 0.9722199 0 -0.2340694 4 0
11.9110 FirstCar -6.30083 0.025 2.97 0 90 0 0 0.7071068 0 0.7071068 1.810799 0
11.9127 Head -0.6626843 1.6 0.6485525 10.875 330.2249 0 0.09157901 -0.255767 0.02434601 0.962083
11.9127 SecondCar 4.916868 0.025 9.838854 0 207.1365 0 0 0.9720913 0 -0.2346032 4 0
11.9127 FirstCar -6.297749 0.025 2.97 0 90 0 0 0.7071068 0 0.7071068 1.814874 0
11.9145 Head -0.6626843 1.6 0.6507769 10.875 330.2249 0 0.09157901 -0.255767 0.02434601 0.962083
11.9145 SecondCar 4.915613 0.025 9.827653 0 207.2022 0 0 0.9719566 0 -0.2351607 4 0
11.9145 FirstCar -6.294522 0.025 2.97 0 90 0 0 0.7071068 0 0.7071068 1.81913 0
11.9161 Head -0.6626843 1.6 0.6531001 10.875 330.2249 0 0.09157901 -0.255767 0.02434601 0.962083
11.9161 SecondCar 4.914443 0.025 9.817366 0 207.2626 0 0 0.9718323 0 -0.2356734 4 0
11.9161 FirstCar -6.29155 0.025 2.97 0 90 0 0 0.7071068 0 0.7071068 1.823044 0
11.9178 Head -0.6626843 1.6 0.6552362 10.875 330.2249 0 0.09157901 -0.255767 0.02434601 0.962083
11.9178 SecondCar 4.913223 0.025 9.8068 0 207.3248 0 0 0.9717044 0 -0.2362005 4 0
11.9178 FirstCar -6.288486 0.025 2.97 0 90 0 0 0.7071068 0 0.7071068 1.827068 0
11.9194 Head -0.6626843 1.6 0.6574326 10.875 330.2249 0 0.09157901 -0.255767 0.02434601 0.962083
11.9194 SecondCar 4.912023 0.025 9.796549 0 207.3852 0 0 0.9715797 0 -0.2367126 4 0
11.9194 FirstCar -6.285504 0.025 2.97 0 90 0 0 0.7071068 0 0.7071068 1.830977 0
11.9210 Head -0.6626843 1.6 0.6595665 10.875 330.2249 0 0.09157901 -0.255767 0.02434601 0.962083
11.9210 SecondCar 4.91083 0.025 9.786503 0 207.4444 0 0 0.9714572 0 -0.237215 4 0
11.9210 FirstCar -6.282572 0.025 2.97 0 90 0 0 0.7071068 0 0.7071068 1.834812 0
11.9230 Head -0.6626843 1.6 0.6616596 10.875 330.2249 0 0.09157901 -0.255767 0.02434601 0.962083
11.9230 SecondCar 4.909355 0.025 9.774267 0 207.5167 0 0 0.9713074 0 -0.2378277 4 0
11.9230 FirstCar -6.278987 0.025 2.97 0 90 0 0 0.7071068 0 0.7071068 1.839489 0
11.9252 Head -0.6626843 1.6 0.6642125 10.875 330.2249 0 0.09157901 -0.255767 0.02434601 0.962083
11.9252 SecondCar 4.907601 0.025 9.759985 0 207.6013 0 0 0.9711317 0 -0.2385441 4 0
11.9252 FirstCar -6.274784 0.025 2.97 0 90 0 0 0.7071068 0 0.7071068 1.844957 0
11.9272 Head -0.6626843 1.6 0.6671972 10.875 330.2249 0 0.09157901 -0.255767 0.02434601 0.962083
11.9272 SecondCar 4.90606 0.025 9.747646 0 207.6744 0 0 0.9709792 0 -0.2391639 4 0
11.9272 FirstCar -6.271138 0.025 2.97 0 90 0 0 0.7071068 0 0.7071068 1.849688 0
11.9293 Head -0.6626843 1.6 0.6697794 10.875 330.2249 0 0.09157901 -0.255767 0.02434601 0.962083
11.9293 SecondCar 4.904413 0.025 9.734671 0 207.7515 0 0 0.9708182 0 -0.2398169 4 0
11.9293 FirstCar -6.267287 0.025 2.97 0 90 0 0 0.7071068 0 0.7071068 1.854671 0
11.9309 Head -0.6626843 1.6 0.6724994 10.875 330.2249 0 0.09157901 -0.255767 0.02434601 0.962083
11.9309 SecondCar 4.90312 0.025 9.724641 0 207.8111 0 0 0.9706932 0 -0.2403221 4 0
11.9309 FirstCar -6.264301 0.025 2.97 0 90 0 0 0.7071068 0 0.7071068 1.858527 0
11.9325 Head -0.6626843 1.6 0.6746043 10.875 330.2249 0 0.09157901 -0.255767 0.02434601 0.962083
11.9325 SecondCar 4.901815 0.025 9.714643 0 207.8707 0 0 0.9705682 0 -0.2408265 4 0
11.9325 FirstCar -6.261314 0.025 2.97 0 90 0 0 0.7071068 0 0.7071068 1.862376 0
11.9341 Head -0.6626843 1.6 0.6767053 10.875 330.2249 0 0.09157901 -0.255767 0.02434601 0.962083
11.9341 SecondCar 4.900528 0.025 9.704902 0 207.9287 0 0 0.9704461 0 -0.2413184 4 0
11.9341 FirstCar -6.258395 0.025 2.97 0 90 0 0 0.7071068 0 0.7071068 1.86613 0
11.9357 Head -0.6626843 1.6 0.6787544 10.875 330.2249 0 0.09157901 -0.255767 0.02434601 0.962083
11.9357 SecondCar 4.899173 0.025 9.694777 0 207.9892 0 0 0.9703186 0 -0.2418304 4 0
11.9357 FirstCar -6.255351 0.025 2.97 0 90 0 0 0.7071068 0 0.7071068 1.870037 0
11.9373 Head -0.6626843 1.6 0.6808868 10.875 330.2249 0 0.09157901 -0.255767 0.02434601 0.962083
11.9373 SecondCar 4.897865 0.025 9.685123 0 208.0469 0 0 0.9701966 0 -0.2423192 4 0
11.9373 FirstCar -6.252439 0.025 2.97 0 90 0 0 0.7071068 0 0.7071068 1.873767 0
11.9388 Head -0.6626843 1.6 0.6829227 10.875 330.2249 0 0.09157901 -0.255767 0.02434601 0.962083
11.9388 SecondCar 4.896586 0.025 9.675795 0 208.1028 0 0 0.9700784 0 -0.2427919 4 0
11.9388 FirstCar -6.249617 0.025 2.97 0 90 0 0 0.7071068 0 0.7071068 1.877375 0
11.9402 Head -0.6626843 1.6 0.6848919 10.875 330.2249 0 0.09157901 -0.255767 0.02434601 0.962083
11.9402 SecondCar 4.895306 0.025 9.666563 0 208.1581 0 0 0.969961 0 -0.2432603 4 0
11.9402 FirstCar -6.246816 0.025 2.97 0 90 0 0 0.7071068 0 0.7071068 1.880949 0
11.9418 Head -0.6626843 1.6 0.6868427 10.875 330.2249 0 0.09157901 -0.255767 0.02434601 0.962083
11.9418 SecondCar 4.89397 0.025 9.657034 0 208.2153 0 0 0.9698396 0 -0.2437443 4 0
11.9418 FirstCar -6.243916 0.025 2.97 0 90 0 0 0.7071068 0 0.7071068 1.884642 0
11.9433 Head -0.6626843 1.6 0.6888587 10.875 330.2249 0 0.09157901 -0.255767 0.02434601 0.962083
11.9433 SecondCar 4.892677 0.025 9.647913 0 208.2701 0 0 0.9697229 0 -0.2442081 4 0
11.9433 FirstCar -6.241131 0.025 2.97 0 90 0 0 0.7071068 0 0.7071068 1.888181 0
11.9448 Head -0.6626843 1.6 0.6907903 10.875 330.2249 0 0.09157901 -0.255767 0.02434601 0.962083
11.9448 SecondCar 4.891277 0.025 9.638156 0 208.3288 0 0 0.9695976 0 -0.2447049 4 0
11.9448 FirstCar -6.238143 0.025 2.97 0 90 0 0 0.7071068 0 0.7071068 1.891972 0
11.9464 Head -0.6626843 1.6 0.6928593 10.875 330.2249 0 0.09157901 -0.255767 0.02434601 0.962083
11.9464 SecondCar 4.8899 0.025 9.628668 0 208.3859 0 0 0.9694754 0 -0.2451885 4 0
11.9464 FirstCar -6.235229 0.025 2.97 0 90 0 0 0.7071068 0 0.7071068 1.895662 0
11.9478 Head -0.6626843 1.6 0.6948734 10.875 330.2249 0 0.09157901 -0.255767 0.02434601 0.962083
11.9478 SecondCar 4.888587 0.025 9.619714 0 208.44 0 0 0.9693598 0 -0.2456454 4 0
11.9478 FirstCar -6.23247 0.025 2.97 0 90 0 0 0.7071068 0 0.7071068 1.899148 0
11.9496 Head -0.6626843 1.6 0.6967762 10.875 330.2249 0 0.09157901 -0.255767 0.02434601 0.962083
11.9496 SecondCar 4.887011 0.025 9.609083 0 208.5042 0 0 0.969222 0 -0.2461886 4 0
11.9496 FirstCar -6.229184 0.025 2.97 0 90 0 0 0.7071068 0 0.7071068 1.903291 0
11.9510 Head -0.6626843 1.6 0.699038 10.875 330.2249 0 0.09157901 -0.255767 0.02434601 0.962083
11.9510 SecondCar 4.885643 0.025 9.599966 0 208.5593 0 0 0.9691034 0 -0.2466549 4 0
11.9510 FirstCar -6.226357 0.025 2.97 0 90 0 0 0.7071068 0 0.7071068 1.90685 0
11.9527 Head -0.6626843 1.6 0.7009802 10.875 330.2249 0 0.09157901 -0.255767 0.02434601 0.962083
11.9527 SecondCar 4.884087 0.025 9.589716 0 208.6214 0 0 0.9689696 0 -0.2471798 4 0
11.9527 FirstCar -6.223168 0.025 2.97 0 90 0 0 0.7071068 0 0.7071068 1.910854 0
11.9547 Head -0.6626843 1.6 0.7031659 10.875 330.2249 0 0.09157901 -0.255767 0.02434601 0.962083
11.9547 SecondCar 4.882177 0.025 9.577289 0 208.6967 0 0 0.9688069 0 -0.2478171 4 0
11.9547 FirstCar -6.219287 0.025 2.97 0 90 0 0 0.7071068 0 0.7071068 1.915716 0
11.9570 Head -0.6626843 1.6 0.7058199 10.875 330.2249 0 0.09157901 -0.255767 0.02434601 0.962083
11.9570 SecondCar 4.880053 0.025 9.563663 0 208.7795 0 0 0.9686275 0 -0.248517 4 0
11.9570 FirstCar -6.215013 0.025 2.97 0 90 0 0 0.7071068 0 0.7071068 1.921056 0
11.9587 Head -0.6626843 1.6 0.7087345 10.875 330.2249 0 0.09157901 -0.255767 0.02434601 0.962083
11.9587 SecondCar 4.878343 0.025 9.552848 0 208.8454 0 0 0.9684846 0 -0.2490733 4 0
11.9587 FirstCar -6.211608 0.025 2.97 0 90 0 0 0.7071068 0 0.7071068 1.9253 0
11.9605 Head -0.6626843 1.6 0.7110511 10.875 330.2249 0 0.09157901 -0.255767 0.02434601 0.962083
11.9605 SecondCar 4.876652 0.025 9.542281 0 208.9098 0 0 0.9683445 0 -0.2496176 4 0
11.9605 FirstCar -6.20827 0.025 2.97 0 90 0 0 0.7071068 0 0.7071068 1.929453 0
11.9620 Head -0.6626843 1.6 0.7133177 10.875 330.2249 0 0.09157901 -0.255767 0.02434601 0.962083
11.9620 SecondCar 4.875109 0.025 9.53274 0 208.968 0 0 0.9682176 0 -0.2501097 4 0
11.9620 FirstCar -6.205246 0.025 2.97 0 90 0 0 0.7071068 0 0.7071068 1.933207 0
11.9635 Head -0.6626843 1.6 0.7153667 10.875 330.2249 0 0.09157901 -0.255767 0.02434601 0.962083
11.9635 SecondCar 4.873607 0.025 9.523548 0 209.0242 0 0 0.9680948 0 -0.2505843 4 0
11.9635 FirstCar -6.202324 0.025 2.97 0 90 0 0 0.7071068 0 0.7071068 1.936827 0
11.9651 Head -0.6626843 1.6 0.717343 10.875 330.2249 0 0.09157901 -0.255767 0.02434601 0.962083
11.9651 SecondCar 4.872029 0.025 9.513993 0 209.0827 0 0 0.9679669 0 -0.2510782 4 0
11.9651 FirstCar -6.199278 0.025 2.97 0 90 0 0 0.7071068 0 0.7071068 1.940595 0
11.9666 Head -0.6626843 1.6 0.7193996 10.875 330.2249 0 0.09157901 -0.255767 0.02434601 0.962083
11.9666 SecondCar 4.870486 0.025 9.504738 0 209.1394 0 0 0.9678425 0 -0.2515572 4 0
11.9666 FirstCar -6.196318 0.025 2.97 0 90 0 0 0.7071068 0 0.7071068 1.944249 0
11.9681 Head -0.6626843 1.6 0.7213938 10.875 330.2249 0 0.09157901 -0.255767 0.02434601 0.962083
11.9681 SecondCar 4.868935 0.025 9.495529 0 209.1959 0 0 0.9677183 0 -0.2520344 4 0
11.9681 FirstCar -6.193364 0.025 2.97 0 90 0 0 0.7071068 0 0.7071068 1.947889 0
11.9698 Head -0.6626843 1.6 0.7233806 10.875 330.2249 0 0.09157901 -0.255767 0.02434601 0.962083
11.9698 SecondCar 4.867163 0.025 9.48512 0 209.2598 0 0 0.9675775 0 -0.2525744 4 0
11.9698 FirstCar -6.190013 0.025 2.97 0 90 0 0 0.7071068 0 0.7071068 1.952008 0
11.9714 Head -0.6626843 1.6 0.7256291 10.875 330.2249 0 0.09157901 -0.255767 0.02434601 0.962083
11.9714 SecondCar 4.865572 0.025 9.475867 0 209.3167 0 0 0.9674519 0 -0.253055 4 0
11.9714 FirstCar -6.187026 0.025 2.97 0 90 0 0 0.7071068 0 0.7071068 1.955674 0
11.9729 Head -0.6626843 1.6 0.7276303 10.875 330.2249 0 0.09157901 -0.255767 0.02434601 0.962083
11.9729 SecondCar 4.863998 0.025 9.466804 0 209.3726 0 0 0.9673285 0 -0.2535262 4 0
11.9729 FirstCar -6.184091 0.025 2.97 0 90 0 0 0.7071068 0 0.7071068 1.95927 0
11.9744 Head -0.6626843 1.6 0.7295926 10.875 330.2249 0 0.09157901 -0.255767 0.02434601 0.962083
11.9744 SecondCar 4.862338 0.025 9.457327 0 209.431 0 0 0.9671991 0 -0.2540195 4 0
11.9744 FirstCar -6.181013 0.025 2.97 0 90 0 0 0.7071068 0 0.7071068 1.963033 0
11.9760 Head -0.6626843 1.6 0.7316466 10.875 330.2249 0 0.09157901 -0.255767 0.02434601 0.962083
11.9760 SecondCar 4.86068 0.025 9.447968 0 209.4888 0 0 0.9670709 0 -0.2545073 4 0
11.9760 FirstCar -6.177964 0.025 2.97 0 90 0 0 0.7071068 0 0.7071068 1.966754 0
11.9775 Head -0.6626843 1.6 0.7336776 10.875 330.2249 0 0.09157901 -0.255767 0.02434601 0.962083
11.9775 SecondCar 4.85908 0.025 9.439013 0 209.5442 0 0 0.9669478 0 -0.2549747 4 0
11.9775 FirstCar -6.175037 0.025 2.97 0 90 0 0 0.7071068 0 0.7071068 1.970318 0
11.9793 Head -0.6626843 1.6 0.7356234 10.875 330.2249 0 0.09157901 -0.255767 0.02434601 0.962083
11.9793 SecondCar 4.857121 0.025 9.428159 0 209.6114 0 0 0.9667981 0 -0.2555417 4 0
11.9793 FirstCar -6.171479 0.025 2.97 0 90 0 0 0.7071068 0 0.7071068 1.974644 0
11.9811 Head -0.6626843 1.6 0.7379842 10.875 330.2249 0 0.09157901 -0.255767 0.02434601 0.962083
11.9811 SecondCar 4.855086 0.025 9.417018 0 209.6805 0 0 0.9666438 0 -0.2561246 4 0
11.9811 FirstCar -6.167812 0.025 2.97 0 90 0 0 0.7071068 0 0.7071068 1.97909 0
11.9827 Head -0.6626843 1.6 0.7404114 10.875 330.2249 0 0.09157901 -0.255767 0.02434601 0.962083
11.9827 SecondCar 4.853357 0.025 9.40764 0 209.7387 0 0 0.9665135 0 -0.2566159 4 0
11.9827 FirstCar -6.164716 0.025 2.97 0 90 0 0 0.7071068 0 0.7071068 1.982838 0
11.9843 Head -0.6626843 1.6 0.7424569 10.875 330.2249 0 0.09157901 -0.255767 0.02434601 0.962083
11.9843 SecondCar 4.851567 0.025 9.39803 0 209.7985 0 0 0.9663795 0 -0.2571198 4 0
11.9843 FirstCar -6.161533 0.025 2.97 0 90 0 0 0.7071068 0 0.7071068 1.986682 0
11.9863 Head -0.6626843 1.6 0.7445552 10.875 330.2249 0 0.09157901 -0.255767 0.02434601 0.962083
11.9863 SecondCar 4.849277 0.025 9.385861 0 209.8743 0 0 0.9662092 0 -0.257759 4 0
11.9863 FirstCar -6.157487 0.025 2.97 0 90 0 0 0.7071068 0 0.7071068 1.991557 0
11.9882 Head -0.6626843 1.6 0.7472165 10.875 330.2249 0 0.09157901 -0.255767 0.02434601 0.962083
11.9882 SecondCar 4.847135 0.025 9.374619 0 209.9444 0 0 0.9660513 0 -0.2583503 4 0
11.9882 FirstCar -6.153736 0.025 2.97 0 90 0 0 0.7071068 0 0.7071068 1.996068 0
11.9905 Head -0.6626843 1.6 0.7496788 10.875 330.2249 0 0.09157901 -0.255767 0.02434601 0.962083
11.9905 SecondCar 4.844446 0.025 9.360676 0 210.0315 0 0 0.9658545 0 -0.2590849 4 0
11.9905 FirstCar -6.149062 0.025 2.97 0 90 0 0 0.7071068 0 0.7071068 2.001672 0
11.9927 Head -0.6626843 1.6 0.7527372 10.875 330.2249 0 0.09157901 -0.255767 0.02434601 0.962083
11.9927 SecondCar 4.841984 0.025 9.348066 0 210.1105 0 0 0.9656758 0 -0.2597503 4 0
11.9927 FirstCar -6.144818 0.025 2.97 0 90 0 0 0.7071068 0 0.7071068 2.006747 0
11.9944 Head -0.6626843 1.6 0.7555078 10.875 330.2249 0 0.09157901 -0.255767 0.02434601 0.962083
11.9944 SecondCar 4.83989 0.025 9.337469 0 210.177 0 0 0.965525 0 -0.2603104 4 0
11.9944 FirstCar -6.141238 0.025 2.97 0 90 0 0 0.7071068 0 0.7071068 2.01102 0
11.9962 Head -0.6626843 1.6 0.7578399 10.875 330.2249 0 0.09157901 -0.255767 0.02434601 0.962083
11.9962 SecondCar 4.837816 0.025 9.327074 0 210.2422 0 0 0.9653766 0 -0.2608605 4 0
11.9962 FirstCar -6.137715 0.025 2.97 0 90 0 0 0.7071068 0 0.7071068 2.015216 0
11.9978 Head -0.6626843 1.6 0.7601301 10.875 330.2249 0 0.09157901 -0.255767 0.02434601 0.962083
11.9978 SecondCar 4.83585 0.025 9.317319 0 210.3036 0 0 0.9652367 0 -0.2613775 4 0
11.9978 FirstCar -6.134397 0.025 2.97 0 90 0 0 0.7071068 0 0.7071068 2.01916 0
11.9994 Head -0.6626843 1.6 0.7622827 10.875 330.2249 0 0.09157901 -0.255767 0.02434601 0.962083
11.9994 SecondCar 4.833954 0.025 9.307991 0 210.3624 0 0 0.9651026 0 -0.2618723 4 0
11.9994 FirstCar -6.131215 0.025 2.97 0 90 0 0 0.7071068 0 0.7071068 2.022934 0
12.0010 Head -0.6626843 1.6 0.7643432 10.875 330.2249 0 0.09157901 -0.255767 0.02434601 0.962083
12.0010 SecondCar 4.832055 0.025 9.298735 0 210.4208 0 0 0.964969 0 -0.262364 4 0
12.0010 FirstCar -6.128047 0.025 2.97 0 90 0 0 0.7071068 0 0.7071068 2.026685 0
12.0030 Head -0.6626843 1.6 0.7663906 10.875 330.2249 0 0.09157901 -0.255767 0.02434601 0.962083
12.0030 SecondCar 4.829526 0.025 9.286528 0 210.4979 0 0 0.9647922 0 -0.2630133 4 0
12.0030 FirstCar -6.123855 0.025 2.97 0 90 0 0 0.7071068 0 0.7071068 2.031639 0
12.0046 Head -0.6626843 1.6 0.7690942 10.875 330.2249 0 0.09157901 -0.255767 0.02434601 0.962083
12.0046 SecondCar 4.827581 0.025 9.277234 0 210.5567 0 0 0.9646571 0 -0.2635083 4 0
12.0046 FirstCar -6.120653 0.025 2.97 0 90 0 0 0.7071068 0 0.7071068 2.035414 0
12.0063 Head -0.6626843 1.6 0.7711551 10.875 330.2249 0 0.09157901 -0.255767 0.02434601 0.962083
12.0063 SecondCar 4.825471 0.025 9.267243 0 210.62 0 0 0.9645115 0 -0.2640412 4 0
12.0063 FirstCar -6.117198 0.025 2.97 0 90 0 0 0.7071068 0 0.7071068 2.039479 0
12.0079 Head -0.6626843 1.6 0.7733741 10.875 330.2249 0 0.09157901 -0.255767 0.02434601 0.962083
12.0079 SecondCar 4.823402 0.025 9.257535 0 210.6816 0 0 0.9643694 0 -0.2645596 4 0
12.0079 FirstCar -6.113831 0.025 2.97 0 90 0 0 0.7071068 0 0.7071068 2.043434 0
12.0097 Head -0.6626843 1.6 0.7755328 10.875 330.2249 0 0.09157901 -0.255767 0.02434601 0.962083
12.0097 SecondCar 4.821159 0.025 9.247103 0 210.7478 0 0 0.9642162 0 -0.2651174 4 0
12.0097 FirstCar -6.1102 0.025 2.97 0 90 0 0 0.7071068 0 0.7071068 2.04769 0
12.0112 Head -0.6626843 1.6 0.7778557 10.875 330.2249 0 0.09157901 -0.255767 0.02434601 0.962083
12.0112 SecondCar 4.819266 0.025 9.238378 0 210.8034 0 0 0.9640876 0 -0.2655846 4 0
12.0112 FirstCar -6.107154 0.025 2.97 0 90 0 0 0.7071068 0 0.7071068 2.051254 0
12.0127 Head -0.6626843 1.6 0.7798011 10.875 330.2249 0 0.09157901 -0.255767 0.02434601 0.962083
12.0127 SecondCar 4.817397 0.025 9.229831 0 210.8578 0 0 0.9639613 0 -0.2660426 4 0
12.0127 FirstCar -6.104162 0.025 2.97 0 90 0 0 0.7071068 0 0.7071068 2.054748 0
12.0142 Head -0.6626843 1.6 0.7817083 10.875 330.2249 0 0.09157901 -0.255767 0.02434601 0.962083
12.0142 SecondCar 4.815465 0.025 9.221068 0 210.9137 0 0 0.9638314 0 -0.2665128 4 0
12.0142 FirstCar -6.101085 0.025 2.97 0 90 0 0 0.7071068 0 0.7071068 2.058336 0
12.0159 Head -0.6626843 1.6 0.7836665 10.875 330.2249 0 0.09157901 -0.255767 0.02434601 0.962083
12.0159 SecondCar 4.813256 0.025 9.211129 0 210.9772 0 0 0.9636836 0 -0.2670468 4 0
12.0159 FirstCar -6.097585 0.025 2.97 0 90 0 0 0.7071068 0 0.7071068 2.062409 0
12.0174 Head -0.6626843 1.6 0.78589 10.875 330.2249 0 0.09157901 -0.255767 0.02434601 0.962083
12.0174 SecondCar 4.811221 0.025 9.202054 0 211.0353 0 0 0.9635482 0 -0.2675349 4 0
12.0174 FirstCar -6.094379 0.025 2.97 0 90 0 0 0.7071068 0 0.7071068 2.066133 0
12.0189 Head -0.6626843 1.6 0.7879226 10.875 330.2249 0 0.09157901 -0.255767 0.02434601 0.962083
12.0189 SecondCar 4.809203 0.025 9.193127 0 211.0925 0 0 0.9634145 0 -0.2680158 4 0
12.0189 FirstCar -6.091215 0.025 2.97 0 90 0 0 0.7071068 0 0.7071068 2.069802 0
12.0208 Head -0.6626843 1.6 0.7899252 10.875 330.2249 0 0.09157901 -0.255767 0.02434601 0.962083
12.0208 SecondCar 4.806776 0.025 9.182475 0 211.1608 0 0 0.9632546 0 -0.2685901 4 0
12.0208 FirstCar -6.087428 0.025 2.97 0 90 0 0 0.7071068 0 0.7071068 2.074184 0
12.0224 Head -0.6626843 1.6 0.792317 10.875 330.2249 0 0.09157901 -0.255767 0.02434601 0.962083
12.0224 SecondCar 4.804614 0.025 9.173079 0 211.2211 0 0 0.963113 0 -0.2690974 4 0
12.0224 FirstCar -6.084076 0.025 2.97 0 90 0 0 0.7071068 0 0.7071068 2.078055 0
12.0240 Head -0.6626843 1.6 0.7944299 10.875 330.2249 0 0.09157901 -0.255767 0.02434601 0.962083
12.0240 SecondCar 4.802444 0.025 9.163725 0 211.2813 0 0 0.9629715 0 -0.2696032 4 0
12.0240 FirstCar -6.080729 0.025 2.97 0 90 0 0 0.7071068 0 0.7071068 2.081914 0
12.0256 Head -0.6626843 1.6 0.7965361 10.875 330.2249 0 0.09157901 -0.255767 0.02434601 0.962083
12.0256 SecondCar 4.800253 0.025 9.154353 0 211.3417 0 0 0.9628294 0 -0.2701104 4 0
12.0256 FirstCar -6.077365 0.025 2.97 0 90 0 0 0.7071068 0 0.7071068 2.085783 0
12.0271 Head -0.6626843 1.6 0.7986484 10.875 330.2249 0 0.09157901 -0.255767 0.02434601 0.962083
12.0271 SecondCar 4.798158 0.025 9.145464 0 211.399 0 0 0.9626941 0 -0.2705922 4 0
12.0271 FirstCar -6.074165 0.025 2.97 0 90 0 0 0.7071068 0 0.7071068 2.08946 0
12.0289 Head -0.6626843 1.6 0.800655 10.875 330.2249 0 0.09157901 -0.255767 0.02434601 0.962083
12.0289 SecondCar 4.795758 0.025 9.13537 0 211.4642 0 0 0.96254 0 -0.2711399 4 0
12.0289 FirstCar -6.070519 0.025 2.97 0 90 0 0 0.7071068 0 0.7071068 2.09364 0
12.0304 Head -0.6626843 1.6 0.8029364 10.875 330.2249 0 0.09157901 -0.255767 0.02434601 0.962083
12.0304 SecondCar 4.79366 0.025 9.126614 0 211.5209 0 0 0.9624059 0 -0.2716156 4 0
12.0304 FirstCar -6.067347 0.025 2.97 0 90 0 0 0.7071068 0 0.7071068 2.097269 0
12.0320 Head -0.6626843 1.6 0.8049175 10.875 330.2249 0 0.09157901 -0.255767 0.02434601 0.962083
12.0320 SecondCar 4.79145 0.025 9.117462 0 211.5801 0 0 0.9622652 0 -0.2721134 4 0
12.0320 FirstCar -6.064021 0.025 2.97 0 90 0 0 0.7071068 0 0.7071068 2.101068 0
12.0336 Head -0.6626843 1.6 0.8069911 10.875 330.2249 0 0.09157901 -0.255767 0.02434601 0.962083
12.0336 SecondCar 4.789186 0.025 9.108158 0 211.6405 0 0 0.9621218 0 -0.2726202 4 0
12.0336 FirstCar -6.06063 0.025 2.97 0 90 0 0 0.7071068 0 0.7071068 2.104935 0
12.0352 Head -0.6626843 1.6 0.8091018 10.875 330.2249 0 0.09157901 -0.255767 0.02434601 0.962083
12.0352 SecondCar 4.786929 0.025 9.098964 0 211.7002 0 0 0.9619796 0 -0.2731215 4 0
12.0352 FirstCar -6.057269 0.025 2.97 0 90 0 0 0.7071068 0 0.7071068 2.108761 0
12.0367 Head -0.6626843 1.6 0.8111899 10.875 330.2249 0 0.09157901 -0.255767 0.02434601 0.962083
12.0367 SecondCar 4.784747 0.025 9.090136 0 211.7576 0 0 0.9618426 0 -0.2736035 4 0
12.0367 FirstCar -6.054031 0.025 2.97 0 90 0 0 0.7071068 0 0.7071068 2.112439 0
12.0382 Head -0.6626843 1.6 0.8131977 10.875 330.2249 0 0.09157901 -0.255767 0.02434601 0.962083
12.0382 SecondCar 4.782648 0.025 9.081707 0 211.8125 0 0 0.9617114 0 -0.2740642 4 0
12.0382 FirstCar -6.050931 0.025 2.97 0 90 0 0 0.7071068 0 0.7071068 2.115955 0
12.0396 Head -0.6626843 1.6 0.8151166 10.875 330.2249 0 0.09157901 -0.255767 0.02434601 0.962083
12.0396 SecondCar 4.780553 0.025 9.073355 0 211.867 0 0 0.9615811 0 -0.2745213 4 0
12.0396 FirstCar -6.047851 0.025 2.97 0 90 0 0 0.7071068 0 0.7071068 2.119443 0
12.0412 Head -0.6626843 1.6 0.8170207 10.875 330.2249 0 0.09157901 -0.255767 0.02434601 0.962083
12.0412 SecondCar 4.778319 0.025 9.064514 0 211.9247 0 0 0.9614426 0 -0.2750055 4 0
12.0412 FirstCar -6.044581 0.025 2.97 0 90 0 0 0.7071068 0 0.7071068 2.123139 0
12.0426 Head -0.6626843 1.6 0.819038 10.875 330.2249 0 0.09157901 -0.255767 0.02434601 0.962083
12.0426 SecondCar 4.776191 0.025 9.05615 0 211.9794 0 0 0.9613113 0 -0.2754643 4 0
12.0426 FirstCar -6.041479 0.025 2.97 0 90 0 0 0.7071068 0 0.7071068 2.12664 0
12.0441 Head -0.6626843 1.6 0.8209491 10.875 330.2249 0 0.09157901 -0.255767 0.02434601 0.962083
12.0441 SecondCar 4.773976 0.025 9.047509 0 212.0359 0 0 0.9611753 0 -0.2759388 4 0
12.0441 FirstCar -6.038264 0.025 2.97 0 90 0 0 0.7071068 0 0.7071068 2.130262 0
12.0458 Head -0.6626843 1.6 0.8229259 10.875 330.2249 0 0.09157901 -0.255767 0.02434601 0.962083
12.0458 SecondCar 4.77153 0.025 9.038036 0 212.098 0 0 0.9610256 0 -0.2764596 4 0
12.0458 FirstCar -6.034729 0.025 2.97 0 90 0 0 0.7071068 0 0.7071068 2.134237 0
12.0475 Head -0.6626843 1.6 0.825096 10.875 330.2249 0 0.09157901 -0.255767 0.02434601 0.962083
12.0475 SecondCar 4.769043 0.025 9.028485 0 212.1607 0 0 0.9608741 0 -0.2769854 4 0
12.0475 FirstCar -6.031153 0.025 2.97 0 90 0 0 0.7071068 0 0.7071068 2.138251 0
12.0493 Head -0.6626843 1.6 0.8272865 10.875 330.2249 0 0.09157901 -0.255767 0.02434601 0.962083
12.0493 SecondCar 4.766211 0.025 9.017694 0 212.2317 0 0 0.9607025 0 -0.2775803 4 0
12.0493 FirstCar -6.027099 0.025 2.97 0 90 0 0 0.7071068 0 0.7071068 2.142791 0
12.0510 Head -0.6626843 1.6 0.8297649 10.875 330.2249 0 0.09157901 -0.255767 0.02434601 0.962083
12.0510 SecondCar 4.763774 0.025 9.008486 0 212.2923 0 0 0.9605555 0 -0.2780887 4 0
12.0510 FirstCar -6.023628 0.025 2.97 0 90 0 0 0.7071068 0 0.7071068 2.146672 0
12.0527 Head -0.6626843 1.6 0.831883 10.875 330.2249 0 0.09157901 -0.255767 0.02434601 0.962083
12.0527 SecondCar 4.7612 0.025 8.998836 0 212.356 0 0 0.9604009 0 -0.2786219 4 0
12.0527 FirstCar -6.01998 0.025 2.97 0 90 0 0 0.7071068 0 0.7071068 2.150743 0
12.0544 Head -0.6626843 1.6 0.834105 10.875 330.2249 0 0.09157901 -0.255767 0.02434601 0.962083
12.0544 SecondCar 4.7585 0.025 8.988791 0 212.4223 0 0 0.9602394 0 -0.2791778 4 0
12.0544 FirstCar -6.01617 0.025 2.97 0 90 0 0 0.7071068 0 0.7071068 2.154986 0
12.0561 Head -0.6626843 1.6 0.8364214 10.875 330.2249 0 0.09157901 -0.255767 0.02434601 0.962083
12.0561 SecondCar 4.755949 0.025 8.97938 0 212.4845 0 0 0.9600877 0 -0.2796995 4 0
12.0561 FirstCar -6.012587 0.025 2.97 0 90 0 0 0.7071068 0 0.7071068 2.158969 0
12.0581 Head -0.6626843 1.6 0.8385952 10.875 330.2249 0 0.09157901 -0.255767 0.02434601 0.962083
12.0581 SecondCar 4.752782 0.025 8.967795 0 212.5613 0 0 0.9599001 0 -0.2803424 4 0
12.0581 FirstCar -6.008162 0.025 2.97 0 90 0 0 0.7071068 0 0.7071068 2.163877 0
12.0604 Head -0.6626843 1.6 0.8412744 10.875 330.2249 0 0.09157901 -0.255767 0.02434601 0.962083
12.0604 SecondCar 4.749203 0.025 8.954828 0 212.6474 0 0 0.9596893 0 -0.2810634 4 0
12.0604 FirstCar -6.003186 0.025 2.97 0 90 0 0 0.7071068 0 0.7071068 2.169382 0
12.0621 Head -0.6626843 1.6 0.8442789 10.875 330.2249 0 0.09157901 -0.255767 0.02434601 0.962083
12.0621 SecondCar 4.746489 0.025 8.945085 0 212.7121 0 0 0.9595302 0 -0.2816059 4 0
12.0621 FirstCar -5.999435 0.025 2.97 0 90 0 0 0.7071068 0 0.7071068 2.173524 0
12.0637 Head -0.6626843 1.6 0.84654 10.875 330.2249 0 0.09157901 -0.255767 0.02434601 0.962083
12.0637 SecondCar 4.743973 0.025 8.936123 0 212.7718 0 0 0.9593834 0 -0.2821054 4 0
12.0637 FirstCar -5.995974 0.025 2.97 0 90 0 0 0.7071068 0 0.7071068 2.177338 0
12.0656 Head -0.6626843 1.6 0.8486221 10.875 330.2249 0 0.09157901 -0.255767 0.02434601 0.962083
12.0656 SecondCar 4.741017 0.025 8.925674 0 212.8415 0 0 0.9592116 0 -0.2826889 4 0
12.0656 FirstCar -5.991924 0.025 2.97 0 90 0 0 0.7071068 0 0.7071068 2.181793 0
12.0674 Head -0.6626843 1.6 0.8510537 10.875 330.2249 0 0.09157901 -0.255767 0.02434601 0.962083
12.0674 SecondCar 4.738131 0.025 8.915553 0 212.9091 0 0 0.9590448 0 -0.2832546 4 0
12.0674 FirstCar -5.987988 0.025 2.97 0 90 0 0 0.7071068 0 0.7071068 2.186114 0
12.0693 Head -0.6626843 1.6 0.8534121 10.875 330.2249 0 0.09157901 -0.255767 0.02434601 0.962083
12.0693 SecondCar 4.735065 0.025 8.904892 0 212.9804 0 0 0.9588683 0 -0.2838516 4 0
12.0693 FirstCar -5.983828 0.025 2.97 0 90 0 0 0.7071068 0 0.7071068 2.190672 0
12.0712 Head -0.6626843 1.6 0.8559003 10.875 330.2249 0 0.09157901 -0.255767 0.02434601 0.962083
12.0712 SecondCar 4.731997 0.025 8.89431 0 213.0513 0 0 0.9586924 0 -0.2844449 4 0
12.0712 FirstCar -5.979683 0.025 2.97 0 90 0 0 0.7071068 0 0.7071068 2.195204 0
12.0727 Head -0.6626843 1.6 0.8583737 10.875 330.2249 0 0.09157901 -0.255767 0.02434601 0.962083
12.0727 SecondCar 4.729461 0.025 8.885629 0 213.1096 0 0 0.9585477 0 -0.2849323 4 0
12.0727 FirstCar -5.976272 0.025 2.97 0 90 0 0 0.7071068 0 0.7071068 2.198927 0
12.0743 Head -0.6626843 1.6 0.8604058 10.875 330.2249 0 0.09157901 -0.255767 0.02434601 0.962083
12.0743 SecondCar 4.726943 0.025 8.877072 0 213.1671 0 0 0.9584045 0 -0.2854134 4 0
12.0743 FirstCar -5.9729 0.025 2.97 0 90 0 0 0.7071068 0 0.7071068 2.202601 0
12.0759 Head -0.6626843 1.6 0.8624111 10.875 330.2249 0 0.09157901 -0.255767 0.02434601 0.962083
12.0759 SecondCar 4.724257 0.025 8.868002 0 213.2282 0 0 0.9582524 0 -0.2859239 4 0
12.0759 FirstCar -5.969315 0.025 2.97 0 90 0 0 0.7071068 0 0.7071068 2.206501 0
12.0774 Head -0.6626843 1.6 0.8645397 10.875 330.2249 0 0.09157901 -0.255767 0.02434601 0.962083
12.0774 SecondCar 4.721773 0.025 8.859672 0 213.2843 0 0 0.9581121 0 -0.2863934 4 0
12.0774 FirstCar -5.966012 0.025 2.97 0 90 0 0 0.7071068 0 0.7071068 2.210087 0
12.0789 Head -0.6626843 1.6 0.8664973 10.875 330.2249 0 0.09157901 -0.255767 0.02434601 0.962083
12.0789 SecondCar 4.719269 0.025 8.851328 0 213.3406 0 0 0.9579713 0 -0.2868641 4 0
12.0789 FirstCar -5.962696 0.025 2.97 0 90 0 0 0.7071068 0 0.7071068 2.213683 0
12.0804 Head -0.6626843 1.6 0.8684601 10.875 330.2249 0 0.09157901 -0.255767 0.02434601 0.962083
12.0804 SecondCar 4.716747 0.025 8.84298 0 213.397 0 0 0.95783 0 -0.2873357 4 0
12.0804 FirstCar -5.959367 0.025 2.97 0 90 0 0 0.7071068 0 0.7071068 2.217285 0
12.0818 Head -0.6626843 1.6 0.8704264 10.875 330.2249 0 0.09157901 -0.255767 0.02434601 0.962083
12.0818 SecondCar 4.714299 0.025 8.834926 0 213.4515 0 0 0.9576932 0 -0.2877912 4 0
12.0818 FirstCar -5.956148 0.025 2.97 0 90 0 0 0.7071068 0 0.7071068 2.220765 0
12.0833 Head -0.6626843 1.6 0.8723256 10.875 330.2249 0 0.09157901 -0.255767 0.02434601 0.962083
12.0833 SecondCar 4.71183 0.025 8.826856 0 213.5062 0 0 0.9575558 0 -0.288248 4 0
12.0833 FirstCar -5.952913 0.025 2.97 0 90 0 0 0.7071068 0 0.7071068 2.224255 0
12.0848 Head -0.6626843 1.6 0.8742309 10.875 330.2249 0 0.09157901 -0.255767 0.02434601 0.962083
12.0848 SecondCar 4.709216 0.025 8.818365 0 213.5638 0 0 0.9574108 0 -0.2887294 4 0
12.0848 FirstCar -5.949499 0.025 2.97 0 90 0 0 0.7071068 0 0.7071068 2.227933 0
12.0863 Head -0.6626843 1.6 0.8762383 10.875 330.2249 0 0.09157901 -0.255767 0.02434601 0.962083
12.0863 SecondCar 4.706597 0.025 8.809912 0 213.6212 0 0 0.957266 0 -0.2892091 4 0
12.0863 FirstCar -5.94609 0.025 2.97 0 90 0 0 0.7071068 0 0.7071068 2.231599 0
12.0878 Head -0.6626843 1.6 0.8782392 10.875 330.2249 0 0.09157901 -0.255767 0.02434601 0.962083
12.0878 SecondCar 4.704052 0.025 8.801754 0 213.6767 0 0 0.9571258 0 -0.2896726 4 0
12.0878 FirstCar -5.942792 0.025 2.97 0 90 0 0 0.7071068 0 0.7071068 2.23514 0
12.0895 Head -0.6626843 1.6 0.8801722 10.875 330.2249 0 0.09157901 -0.255767 0.02434601 0.962083
12.0895 SecondCar 4.70119 0.025 8.792633 0 213.7388 0 0 0.9569687 0 -0.2901915 4 0
12.0895 FirstCar -5.939093 0.025 2.97 0 90 0 0 0.7071068 0 0.7071068 2.239105 0
12.0912 Head -0.6626843 1.6 0.8823364 10.875 330.2249 0 0.09157901 -0.255767 0.02434601 0.962083
12.0912 SecondCar 4.698182 0.025 8.783119 0 213.8037 0 0 0.9568042 0 -0.2907334 4 0
12.0912 FirstCar -5.935222 0.025 2.97 0 90 0 0 0.7071068 0 0.7071068 2.243247 0
12.0931 Head -0.6626843 1.6 0.8845971 10.875 330.2249 0 0.09157901 -0.255767 0.02434601 0.962083
12.0931 SecondCar 4.69487 0.025 8.772721 0 213.8748 0 0 0.9566237 0 -0.2913266 4 0
12.0931 FirstCar -5.930975 0.025 2.97 0 90 0 0 0.7071068 0 0.7071068 2.247781 0
12.0947 Head -0.6626843 1.6 0.8870718 10.875 330.2249 0 0.09157901 -0.255767 0.02434601 0.962083
12.0947 SecondCar 4.692039 0.025 8.763898 0 213.9352 0 0 0.95647 0 -0.2918307 4 0
12.0947 FirstCar -5.927361 0.025 2.97 0 90 0 0 0.7071068 0 0.7071068 2.251633 0
12.0962 Head -0.6626843 1.6 0.8891745 10.875 330.2249 0 0.09157901 -0.255767 0.02434601 0.962083
12.0962 SecondCar 4.689289 0.025 8.75538 0 213.9935 0 0 0.9563212 0 -0.2923179 4 0
12.0962 FirstCar -5.923862 0.025 2.97 0 90 0 0 0.7071068 0 0.7071068 2.255357 0
12.0980 Head -0.6626843 1.6 0.8912071 10.875 330.2249 0 0.09157901 -0.255767 0.02434601 0.962083
12.0980 SecondCar 4.686147 0.025 8.745719 0 214.0598 0 0 0.9561519 0 -0.2928712 4 0
12.0980 FirstCar -5.91988 0.025 2.97 0 90 0 0 0.7071068 0 0.7071068 2.259586 0
12.0997 Head -0.6626843 1.6 0.8935158 10.875 330.2249 0 0.09157901 -0.255767 0.02434601 0.962083
12.0997 SecondCar 4.683199 0.025 8.736713 0 214.1218 0 0 0.9559936 0 -0.2933877 4 0
12.0997 FirstCar -5.916156 0.025 2.97 0 90 0 0 0.7071068 0 0.7071068 2.263534 0
12.1015 Head -0.6626843 1.6 0.8956708 10.875 330.2249 0 0.09157901 -0.255767 0.02434601 0.962083
12.1015 SecondCar 4.679862 0.025 8.726596 0 214.1914 0 0 0.9558151 0 -0.2939687 4 0
12.1015 FirstCar -5.911959 0.025 2.97 0 90 0 0 0.7071068 0 0.7071068 2.267976 0
12.1032 Head -0.6626843 1.6 0.8980953 10.875 330.2249 0 0.09157901 -0.255767 0.02434601 0.962083
12.1032 SecondCar 4.676835 0.025 8.717481 0 214.2543 0 0 0.9556537 0 -0.2944929 4 0
12.1032 FirstCar -5.908165 0.025 2.97 0 90 0 0 0.7071068 0 0.7071068 2.271984 0
12.1048 Head -0.6626843 1.6 0.9002827 10.875 330.2249 0 0.09157901 -0.255767 0.02434601 0.962083
12.1048 SecondCar 4.673934 0.025 8.708805 0 214.3142 0 0 0.9554996 0 -0.2949924 4 0
12.1048 FirstCar -5.904543 0.025 2.97 0 90 0 0 0.7071068 0 0.7071068 2.275804 0
12.1063 Head -0.6626843 1.6 0.9023677 10.875 330.2249 0 0.09157901 -0.255767 0.02434601 0.962083
12.1063 SecondCar 4.671113 0.025 8.700423 0 214.3721 0 0 0.9553503 0 -0.2954758 4 0
12.1063 FirstCar -5.901033 0.025 2.97 0 90 0 0 0.7071068 0 0.7071068 2.279499 0
12.1079 Head -0.6626843 1.6 0.9043847 10.875 330.2249 0 0.09157901 -0.255767 0.02434601 0.962083
12.1079 SecondCar 4.66818 0.025 8.691761 0 214.4321 0 0 0.9551955 0 -0.2959758 4 0
12.1079 FirstCar -5.897395 0.025 2.97 0 90 0 0 0.7071068 0 0.7071068 2.283323 0
12.1097 Head -0.6626843 1.6 0.9064721 10.875 330.2249 0 0.09157901 -0.255767 0.02434601 0.962083
12.1097 SecondCar 4.664897 0.025 8.682133 0 214.4989 0 0 0.9550228 0 -0.2965324 4 0
12.1097 FirstCar -5.893338 0.025 2.97 0 90 0 0 0.7071068 0 0.7071068 2.28758 0
12.1112 Head -0.6626843 1.6 0.9087955 10.875 330.2249 0 0.09157901 -0.255767 0.02434601 0.962083
12.1112 SecondCar 4.662047 0.025 8.673824 0 214.5566 0 0 0.9548734 0 -0.2970133 4 0
12.1112 FirstCar -5.889827 0.025 2.97 0 90 0 0 0.7071068 0 0.7071068 2.291258 0
12.1127 Head -0.6626843 1.6 0.9108029 10.875 330.2249 0 0.09157901 -0.255767 0.02434601 0.962083
12.1127 SecondCar 4.659177 0.025 8.665512 0 214.6144 0 0 0.9547234 0 -0.297495 4 0
12.1127 FirstCar -5.886303 0.025 2.97 0 90 0 0 0.7071068 0 0.7071068 2.294942 0
12.1143 Head -0.6626843 1.6 0.912814 10.875 330.2249 0 0.09157901 -0.255767 0.02434601 0.962083
12.1143 SecondCar 4.656333 0.025 8.657327 0 214.6714 0 0 0.9545753 0 -0.2979699 4 0
12.1143 FirstCar -5.882824 0.025 2.97 0 90 0 0 0.7071068 0 0.7071068 2.298575 0
12.1159 Head -0.6626843 1.6 0.9147968 10.875 330.2249 0 0.09157901 -0.255767 0.02434601 0.962083
12.1159 SecondCar 4.653203 0.025 8.64837 0 214.7339 0 0 0.9544127 0 -0.2984903 4 0
12.1159 FirstCar -5.879005 0.025 2.97 0 90 0 0 0.7071068 0 0.7071068 2.302555 0
12.1174 Head -0.6626843 1.6 0.9169695 10.875 330.2249 0 0.09157901 -0.255767 0.02434601 0.962083
12.1174 SecondCar 4.650296 0.025 8.640106 0 214.7916 0 0 0.9542623 0 -0.2989709 4 0
12.1174 FirstCar -5.875472 0.025 2.97 0 90 0 0 0.7071068 0 0.7071068 2.306232 0
12.1190 Head -0.6626843 1.6 0.9189765 10.875 330.2249 0 0.09157901 -0.255767 0.02434601 0.962083
12.1190 SecondCar 4.647424 0.025 8.631989 0 214.8484 0 0 0.954114 0 -0.2994438 4 0
12.1190 FirstCar -5.87199 0.025 2.97 0 90 0 0 0.7071068 0 0.7071068 2.30985 0
12.1206 Head -0.6626843 1.6 0.9209511 10.875 330.2249 0 0.09157901 -0.255767 0.02434601 0.962083
12.1206 SecondCar 4.644245 0.025 8.62306 0 214.9109 0 0 0.9539504 0 -0.2999644 4 0
12.1206 FirstCar -5.86815 0.025 2.97 0 90 0 0 0.7071068 0 0.7071068 2.313833 0
12.1222 Head -0.6626843 1.6 0.9231253 10.875 330.2249 0 0.09157901 -0.255767 0.02434601 0.962083
12.1222 SecondCar 4.641156 0.025 8.614439 0 214.9714 0 0 0.953792 0 -0.3004678 4 0
12.1222 FirstCar -5.864429 0.025 2.97 0 90 0 0 0.7071068 0 0.7071068 2.317685 0
12.1245 Head -0.6626843 1.6 0.925228 10.875 330.2249 0 0.09157901 -0.255767 0.02434601 0.962083
12.1245 SecondCar 4.6368 0.025 8.602374 0 215.0562 0 0 0.9535694 0 -0.3011734 4 0
12.1245 FirstCar -5.859203 0.025 2.97 0 90 0 0 0.7071068 0 0.7071068 2.323085 0
12.1267 Head -0.6626843 1.6 0.9281751 10.875 330.2249 0 0.09157901 -0.255767 0.02434601 0.962083
12.1267 SecondCar 4.632435 0.025 8.590387 0 215.1406 0 0 0.9533473 0 -0.3018757 4 0
12.1267 FirstCar -5.853989 0.025 2.97 0 90 0 0 0.7071068 0 0.7071068 2.328459 0
12.1285 Head -0.6626843 1.6 0.9311087 10.875 330.2249 0 0.09157901 -0.255767 0.02434601 0.962083
12.1285 SecondCar 4.62883 0.025 8.580564 0 215.2099 0 0 0.9531646 0 -0.302452 4 0
12.1285 FirstCar -5.8497 0.025 2.97 0 90 0 0 0.7071068 0 0.7071068 2.332871 0
12.1306 Head -0.6626843 1.6 0.9335169 10.875 330.2249 0 0.09157901 -0.255767 0.02434601 0.962083
12.1306 SecondCar 4.624736 0.025 8.569494 0 215.2881 0 0 0.9529579 0 -0.3031028 4 0
12.1306 FirstCar -5.844849 0.025 2.97 0 90 0 0 0.7071068 0 0.7071068 2.337852 0
12.1324 Head -0.6626843 1.6 0.9362355 10.875 330.2249 0 0.09157901 -0.255767 0.02434601 0.962083
12.1324 SecondCar 4.621296 0.025 8.560259 0 215.3535 0 0 0.9527848 0 -0.3036464 4 0
12.1324 FirstCar -5.840788 0.025 2.97 0 90 0 0 0.7071068 0 0.7071068 2.342013 0
12.1342 Head -0.6626843 1.6 0.9385069 10.875 330.2249 0 0.09157901 -0.255767 0.02434601 0.962083
12.1342 SecondCar 4.61753 0.025 8.550217 0 215.4247 0 0 0.9525959 0 -0.3042383 4 0
12.1342 FirstCar -5.836357 0.025 2.97 0 90 0 0 0.7071068 0 0.7071068 2.346545 0
12.1362 Head -0.6626843 1.6 0.9409807 10.875 330.2249 0 0.09157901 -0.255767 0.02434601 0.962083
12.1362 SecondCar 4.613644 0.025 8.53993 0 215.4978 0 0 0.9524018 0 -0.3048457 4 0
12.1362 FirstCar -5.831801 0.025 2.97 0 90 0 0 0.7071068 0 0.7071068 2.351196 0
12.1378 Head -0.6626843 1.6 0.943519 10.875 330.2249 0 0.09157901 -0.255767 0.02434601 0.962083
12.1378 SecondCar 4.61034 0.025 8.531241 0 215.5596 0 0 0.9522372 0 -0.3053594 4 0
12.1378 FirstCar -5.82794 0.025 2.97 0 90 0 0 0.7071068 0 0.7071068 2.35513 0
12.1393 Head -0.6626843 1.6 0.9456665 10.875 330.2249 0 0.09157901 -0.255767 0.02434601 0.962083
12.1393 SecondCar 4.607275 0.025 8.523231 0 215.6166 0 0 0.952085 0 -0.3058336 4 0
12.1393 FirstCar -5.824371 0.025 2.97 0 90 0 0 0.7071068 0 0.7071068 2.358762 0
12.1409 Head -0.6626843 1.6 0.9476486 10.875 330.2249 0 0.09157901 -0.255767 0.02434601 0.962083
12.1409 SecondCar 4.604151 0.025 8.515113 0 215.6746 0 0 0.9519303 0 -0.3063149 4 0
12.1409 FirstCar -5.820743 0.025 2.97 0 90 0 0 0.7071068 0 0.7071068 2.362447 0
12.1424 Head -0.6626843 1.6 0.9496603 10.875 330.2249 0 0.09157901 -0.255767 0.02434601 0.962083
12.1424 SecondCar 4.601041 0.025 8.507073 0 215.732 0 0 0.9517766 0 -0.3067919 4 0
12.1424 FirstCar -5.817141 0.025 2.97 0 90 0 0 0.7071068 0 0.7071068 2.366101 0
12.1439 Head -0.6626843 1.6 0.9516547 10.875 330.2249 0 0.09157901 -0.255767 0.02434601 0.962083
12.1439 SecondCar 4.597959 0.025 8.499156 0 215.7887 0 0 0.9516248 0 -0.3072625 4 0
12.1439 FirstCar -5.813582 0.025 2.97 0 90 0 0 0.7071068 0 0.7071068 2.369705 0
12.1454 Head -0.6626843 1.6 0.953622 10.875 330.2249 0 0.09157901 -0.255767 0.02434601 0.962083
12.1454 SecondCar 4.594911 0.025 8.491365 0 215.8445 0 0 0.951475 0 -0.3077259 4 0
12.1454 FirstCar -5.810071 0.025 2.97 0 90 0 0 0.7071068 0 0.7071068 2.373256 0
12.1469 Head -0.6626843 1.6 0.95556 10.875 330.2249 0 0.09157901 -0.255767 0.02434601 0.962083
12.1469 SecondCar 4.591852 0.025 8.483591 0 215.9003 0 0 0.9513252 0 -0.3081891 4 0
12.1469 FirstCar -5.806558 0.025 2.97 0 90 0 0 0.7071068 0 0.7071068 2.376804 0
12.1483 Head -0.6626843 1.6 0.9574966 10.875 330.2249 0 0.09157901 -0.255767 0.02434601 0.962083
12.1483 SecondCar 4.588875 0.025 8.476066 0 215.9543 0 0 0.9511797 0 -0.3086378 4 0
12.1483 FirstCar -5.803148 0.025 2.97 0 90 0 0 0.7071068 0 0.7071068 2.380241 0
12.1500 Head -0.6626843 1.6 0.9593731 10.875 330.2249 0 0.09157901 -0.255767 0.02434601 0.962083
12.1500 SecondCar 4.585338 0.025 8.467176 0 216.0183 0 0 0.9510073 0 -0.3091686 4 0
12.1500 FirstCar -5.799108 0.025 2.97 0 90 0 0 0.7071068 0 0.7071068 2.384309 0
12.1514 Head -0.6626843 1.6 0.9615931 10.875 330.2249 0 0.09157901 -0.255767 0.02434601 0.962083
12.1514 SecondCar 4.582269 0.025 8.459508 0 216.0735 0 0 0.9508581 0 -0.3096271 4 0
12.1514 FirstCar -5.795612 0.025 2.97 0 90 0 0 0.7071068 0 0.7071068 2.387822 0
12.1529 Head -0.6626843 1.6 0.9635108 10.875 330.2249 0 0.09157901 -0.255767 0.02434601 0.962083
12.1529 SecondCar 4.579188 0.025 8.451851 0 216.1288 0 0 0.9507087 0 -0.3100854 4 0
12.1529 FirstCar -5.792112 0.025 2.97 0 90 0 0 0.7071068 0 0.7071068 2.391335 0
12.1549 Head -0.6626843 1.6 0.9654282 10.875 330.2249 0 0.09157901 -0.255767 0.02434601 0.962083
12.1549 SecondCar 4.574982 0.025 8.44146 0 216.2038 0 0 0.9505053 0 -0.3107083 4 0
12.1549 FirstCar -5.787346 0.025 2.97 0 90 0 0 0.7071068 0 0.7071068 2.396109 0
12.1565 Head -0.6626843 1.6 0.968034 10.875 330.2249 0 0.09157901 -0.255767 0.02434601 0.962083
12.1565 SecondCar 4.571487 0.025 8.432886 0 216.2659 0 0 0.9503369 0 -0.3112229 4 0
12.1565 FirstCar -5.783401 0.025 2.97 0 90 0 0 0.7071068 0 0.7071068 2.400053 0
12.1581 Head -0.6626843 1.6 0.9701869 10.875 330.2249 0 0.09157901 -0.255767 0.02434601 0.962083
12.1581 SecondCar 4.568187 0.025 8.424834 0 216.3242 0 0 0.9501783 0 -0.3117069 4 0
12.1581 FirstCar -5.779685 0.025 2.97 0 90 0 0 0.7071068 0 0.7071068 2.403764 0
12.1595 Head -0.6626843 1.6 0.9722122 10.875 330.2249 0 0.09157901 -0.255767 0.02434601 0.962083
12.1595 SecondCar 4.565064 0.025 8.417256 0 216.3792 0 0 0.9500286 0 -0.3121629 4 0
12.1595 FirstCar -5.776179 0.025 2.97 0 90 0 0 0.7071068 0 0.7071068 2.40726 0
12.1611 Head -0.6626843 1.6 0.9741206 10.875 330.2249 0 0.09157901 -0.255767 0.02434601 0.962083
12.1611 SecondCar 4.561805 0.025 8.409389 0 216.4364 0 0 0.9498727 0 -0.312637 4 0
12.1611 FirstCar -5.772527 0.025 2.97 0 90 0 0 0.7071068 0 0.7071068 2.410895 0
12.1628 Head -0.6626843 1.6 0.9761047 10.875 330.2249 0 0.09157901 -0.255767 0.02434601 0.962083
12.1628 SecondCar 4.558095 0.025 8.400488 0 216.5012 0 0 0.9496958 0 -0.3131741 4 0
12.1628 FirstCar -5.768384 0.025 2.97 0 90 0 0 0.7071068 0 0.7071068 2.415013 0
12.1647 Head -0.6626843 1.6 0.9783524 10.875 330.2249 0 0.09157901 -0.255767 0.02434601 0.962083
12.1647 SecondCar 4.553858 0.025 8.390388 0 216.5749 0 0 0.9494943 0 -0.3137844 4 0
12.1647 FirstCar -5.763665 0.025 2.97 0 90 0 0 0.7071068 0 0.7071068 2.419693 0
12.1665 Head -0.6626843 1.6 0.9809071 10.875 330.2249 0 0.09157901 -0.255767 0.02434601 0.962083
12.1665 SecondCar 4.549886 0.025 8.380984 0 216.6436 0 0 0.949306 0 -0.3143535 4 0
12.1665 FirstCar -5.759256 0.025 2.97 0 90 0 0 0.7071068 0 0.7071068 2.424058 0
12.1682 Head -0.6626843 1.6 0.9832894 10.875 330.2249 0 0.09157901 -0.255767 0.02434601 0.962083
12.1682 SecondCar 4.546316 0.025 8.372581 0 216.705 0 0 0.9491373 0 -0.3148626 4 0
12.1682 FirstCar -5.755305 0.025 2.97 0 90 0 0 0.7071068 0 0.7071068 2.427963 0
12.1700 Head -0.6626843 1.6 0.9854213 10.875 330.2249 0 0.09157901 -0.255767 0.02434601 0.962083
12.1700 SecondCar 4.542332 0.025 8.363263 0 216.7733 0 0 0.9489495 0 -0.3154283 4 0
12.1700 FirstCar -5.750908 0.025 2.97 0 90 0 0 0.7071068 0 0.7071068 2.432302 0
12.1716 Head -0.6626843 1.6 0.9877896 10.875 330.2249 0 0.09157901 -0.255767 0.02434601 0.962083
12.1716 SecondCar 4.538836 0.025 8.355135 0 216.833 0 0 0.9487851 0 -0.3159222 4 0
12.1716 FirstCar -5.747062 0.025 2.97 0 90 0 0 0.7071068 0 0.7071068 2.436092 0
12.1731 Head -0.6626843 1.6 0.9898579 10.875 330.2249 0 0.09157901 -0.255767 0.02434601 0.962083
12.1731 SecondCar 4.53542 0.025 8.347236 0 216.8911 0 0 0.9486249 0 -0.3164029 4 0
12.1731 FirstCar -5.743312 0.025 2.97 0 90 0 0 0.7071068 0 0.7071068 2.43978 0
12.1746 Head -0.6626843 1.6 0.9918713 10.875 330.2249 0 0.09157901 -0.255767 0.02434601 0.962083
12.1746 SecondCar 4.531949 0.025 8.339253 0 216.9498 0 0 0.9484625 0 -0.3168893 4 0
12.1746 FirstCar -5.739512 0.025 2.97 0 90 0 0 0.7071068 0 0.7071068 2.443513 0
12.1763 Head -0.6626843 1.6 0.9939085 10.875 330.2249 0 0.09157901 -0.255767 0.02434601 0.962083
12.1763 SecondCar 4.528247 0.025 8.330786 0 217.0122 0 0 0.9482898 0 -0.3174059 4 0
12.1763 FirstCar -5.735469 0.025 2.97 0 90 0 0 0.7071068 0 0.7071068 2.447477 0
12.1778 Head -0.6626843 1.6 0.9960725 10.875 330.2249 0 0.09157901 -0.255767 0.02434601 0.962083
12.1778 SecondCar 4.524896 0.025 8.323165 0 217.0685 0 0 0.9481338 0 -0.3178715 4 0
12.1778 FirstCar -5.731819 0.025 2.97 0 90 0 0 0.7071068 0 0.7071068 2.451051 0
12.1793 Head -0.6626843 1.6 0.998023 10.875 330.2249 0 0.09157901 -0.255767 0.02434601 0.962083
12.1793 SecondCar 4.521574 0.025 8.315647 0 217.1241 0 0 0.9479796 0 -0.3183313 4 0
12.1793 FirstCar -5.72821 0.025 2.97 0 90 0 0 0.7071068 0 0.7071068 2.45458 0
12.1807 Head -0.6626843 1.6 0.9999493 10.875 330.2249 0 0.09157901 -0.255767 0.02434601 0.962083
12.1807 SecondCar 4.518224 0.025 8.308105 0 217.1799 0 0 0.9478244 0 -0.3187931 4 0
12.1807 FirstCar -5.724579 0.025 2.97 0 90 0 0 0.7071068 0 0.7071068 2.458125 0
12.1822 Head -0.6626843 1.6 1.001884 10.875 330.2249 0 0.09157901 -0.255767 0.02434601 0.962083
12.1822 SecondCar 4.514834 0.025 8.300515 0 217.2362 0 0 0.9476677 0 -0.3192585 4 0
12.1822 FirstCar -5.720914 0.025 2.97 0 90 0 0 0.7071068 0 0.7071068 2.461699 0
12.1838 Head -0.6626843 1.6 1.003835 10.875 330.2249 0 0.09157901 -0.255767 0.02434601 0.962083
12.1838 SecondCar 4.511219 0.025 8.29246 0 217.296 0 0 0.947501 0 -0.3197529 4 0
12.1838 FirstCar -5.717014 0.025 2.97 0 90 0 0 0.7071068 0 0.7071068 2.465495 0
12.1862 Head -0.6626843 1.6 1.005907 10.875 330.2249 0 0.09157901 -0.255767 0.02434601 0.962083
12.1862 SecondCar 4.505789 0.025 8.280445 0 217.3853 0 0 0.9472513 0 -0.3204918 4 0
12.1862 FirstCar -5.711172 0.025 2.97 0 90 0 0 0.7071068 0 0.7071068 2.471169 0
12.1886 Head -0.6626843 1.6 1.009004 10.875 330.2249 0 0.09157901 -0.255767 0.02434601 0.962083
12.1886 SecondCar 4.5002 0.025 8.268179 0 217.4768 0 0 0.9469953 0 -0.3212475 4 0
12.1886 FirstCar -5.705182 0.025 2.97 0 90 0 0 0.7071068 0 0.7071068 2.476973 0
12.1906 Head -0.6626843 1.6 1.012172 10.875 330.2249 0 0.09157901 -0.255767 0.02434601 0.962083
12.1906 SecondCar 4.495556 0.025 8.258064 0 217.5523 0 0 0.9467832 0 -0.3218719 4 0
12.1906 FirstCar -5.700222 0.025 2.97 0 90 0 0 0.7071068 0 0.7071068 2.481769 0
12.1922 Head -0.6626843 1.6 1.01479 10.875 330.2249 0 0.09157901 -0.255767 0.02434601 0.962083
12.1922 SecondCar 4.491693 0.025 8.249703 0 217.6149 0 0 0.9466074 0 -0.3223887 4 0
12.1922 FirstCar -5.696109 0.025 2.97 0 90 0 0 0.7071068 0 0.7071068 2.48574 0
12.1940 Head -0.6626843 1.6 1.016957 10.875 330.2249 0 0.09157901 -0.255767 0.02434601 0.962083
12.1940 SecondCar 4.487465 0.025 8.240606 0 217.6831 0 0 0.9464154 0 -0.3229519 4 0
12.1940 FirstCar -5.691619 0.025 2.97 0 90 0 0 0.7071068 0 0.7071068 2.490067 0
12.1962 Head -0.6626843 1.6 1.019319 10.875 330.2249 0 0.09157901 -0.255767 0.02434601 0.962083
12.1962 SecondCar 4.482427 0.025 8.229837 0 217.7639 0 0 0.9461873 0 -0.3236197 4 0
12.1962 FirstCar -5.686285 0.025 2.97 0 90 0 0 0.7071068 0 0.7071068 2.495199 0
12.1982 Head -0.6626843 1.6 1.02212 10.875 330.2249 0 0.09157901 -0.255767 0.02434601 0.962083
12.1982 SecondCar 4.477734 0.025 8.219876 0 217.8389 0 0 0.9459754 0 -0.3242384 4 0
12.1982 FirstCar -5.681331 0.025 2.97 0 90 0 0 0.7071068 0 0.7071068 2.499954 0
12.1999 Head -0.6626843 1.6 1.024716 10.875 330.2249 0 0.09157901 -0.255767 0.02434601 0.962083
12.1999 SecondCar 4.473569 0.025 8.211091 0 217.9051 0 0 0.9457879 0 -0.324785 4 0
12.1999 FirstCar -5.676948 0.025 2.97 0 90 0 0 0.7071068 0 0.7071068 2.504155 0
12.2018 Head -0.6626843 1.6 1.027009 10.875 330.2249 0 0.09157901 -0.255767 0.02434601 0.962083
12.2018 SecondCar 4.469043 0.025 8.201603 0 217.9767 0 0 0.9455847 0 -0.3253762 4 0
12.2018 FirstCar -5.672196 0.025 2.97 0 90 0 0 0.7071068 0 0.7071068 2.508701 0
12.2033 Head -0.6626843 1.6 1.02949 10.875 330.2249 0 0.09157901 -0.255767 0.02434601 0.962083
12.2033 SecondCar 4.465374 0.025 8.193954 0 218.0346 0 0 0.9454203 0 -0.3258534 4 0
12.2033 FirstCar -5.668355 0.025 2.97 0 90 0 0 0.7071068 0 0.7071068 2.51237 0
12.2049 Head -0.6626843 1.6 1.031493 10.875 330.2249 0 0.09157901 -0.255767 0.02434601 0.962083
12.2049 SecondCar 4.461493 0.025 8.185908 0 218.0955 0 0 0.9452469 0 -0.3263562 4 0
12.2049 FirstCar -5.664302 0.025 2.97 0 90 0 0 0.7071068 0 0.7071068 2.516236 0
12.2067 Head -0.6626843 1.6 1.033603 10.875 330.2249 0 0.09157901 -0.255767 0.02434601 0.962083
12.2067 SecondCar 4.457275 0.025 8.177212 0 218.1615 0 0 0.9450589 0 -0.3269002 4 0
12.2067 FirstCar -5.659908 0.025 2.97 0 90 0 0 0.7071068 0 0.7071068 2.52042 0
12.2083 Head -0.6626843 1.6 1.035887 10.875 330.2249 0 0.09157901 -0.255767 0.02434601 0.962083
12.2083 SecondCar 4.453403 0.025 8.169271 0 218.2218 0 0 0.9448866 0 -0.3273978 4 0
12.2083 FirstCar -5.655883 0.025 2.97 0 90 0 0 0.7071068 0 0.7071068 2.524247 0
12.2101 Head -0.6626843 1.6 1.037976 10.875 330.2249 0 0.09157901 -0.255767 0.02434601 0.962083
12.2101 SecondCar 4.449055 0.025 8.160403 0 218.2893 0 0 0.9446937 0 -0.3279542 4 0
12.2101 FirstCar -5.651374 0.025 2.97 0 90 0 0 0.7071068 0 0.7071068 2.528527 0
12.2116 Head -0.6626843 1.6 1.040312 10.875 330.2249 0 0.09157901 -0.255767 0.02434601 0.962083
12.2116 SecondCar 4.445409 0.025 8.15301 0 218.3456 0 0 0.9445323 0 -0.3284186 4 0
12.2116 FirstCar -5.647604 0.025 2.97 0 90 0 0 0.7071068 0 0.7071068 2.5321 0
12.2130 Head -0.6626843 1.6 1.042262 10.875 330.2249 0 0.09157901 -0.255767 0.02434601 0.962083
12.2130 SecondCar 4.44181 0.025 8.145746 0 218.4011 0 0 0.9443733 0 -0.3288756 4 0
12.2130 FirstCar -5.643889 0.025 2.97 0 90 0 0 0.7071068 0 0.7071068 2.535616 0
12.2146 Head -0.6626843 1.6 1.044181 10.875 330.2249 0 0.09157901 -0.255767 0.02434601 0.962083
12.2146 SecondCar 4.437797 0.025 8.137688 0 218.4627 0 0 0.9441963 0 -0.3293832 4 0
12.2146 FirstCar -5.639757 0.025 2.97 0 90 0 0 0.7071068 0 0.7071068 2.539522 0
12.2162 Head -0.6626843 1.6 1.046313 10.875 330.2249 0 0.09157901 -0.255767 0.02434601 0.962083
12.2162 SecondCar 4.433947 0.025 8.129999 0 218.5215 0 0 0.9440271 0 -0.3298682 4 0
12.2162 FirstCar -5.635801 0.025 2.97 0 90 0 0 0.7071068 0 0.7071068 2.543255 0
12.2182 Head -0.6626843 1.6 1.048351 10.875 330.2249 0 0.09157901 -0.255767 0.02434601 0.962083
12.2182 SecondCar 4.429025 0.025 8.120225 0 218.5965 0 0 0.9438111 0 -0.3304855 4 0
12.2182 FirstCar -5.630756 0.025 2.97 0 90 0 0 0.7071068 0 0.7071068 2.548007 0
12.2198 Head -0.6626843 1.6 1.050944 10.875 330.2249 0 0.09157901 -0.255767 0.02434601 0.962083
12.2198 SecondCar 4.425029 0.025 8.112335 0 218.6571 0 0 0.9436362 0 -0.3309846 4 0
12.2198 FirstCar -5.626671 0.025 2.97 0 90 0 0 0.7071068 0 0.7071068 2.551849 0
12.2213 Head -0.6626843 1.6 1.053042 10.875 330.2249 0 0.09157901 -0.255767 0.02434601 0.962083
12.2213 SecondCar 4.421128 0.025 8.104674 0 218.716 0 0 0.9434658 0 -0.33147 4 0
12.2213 FirstCar -5.622692 0.025 2.97 0 90 0 0 0.7071068 0 0.7071068 2.555586 0
12.2228 Head -0.6626843 1.6 1.055081 10.875 330.2249 0 0.09157901 -0.255767 0.02434601 0.962083
12.2228 SecondCar 4.417353 0.025 8.097297 0 218.7729 0 0 0.9433013 0 -0.3319379 4 0
12.2228 FirstCar -5.61885 0.025 2.97 0 90 0 0 0.7071068 0 0.7071068 2.559189 0
12.2245 Head -0.6626843 1.6 1.057048 10.875 330.2249 0 0.09157901 -0.255767 0.02434601 0.962083
12.2245 SecondCar 4.413229 0.025 8.089276 0 218.8348 0 0 0.9431219 0 -0.3324473 4 0
12.2245 FirstCar -5.614661 0.025 2.97 0 90 0 0 0.7071068 0 0.7071068 2.563111 0
12.2263 Head -0.6626843 1.6 1.059189 10.875 330.2249 0 0.09157901 -0.255767 0.02434601 0.962083
12.2263 SecondCar 4.408726 0.025 8.080569 0 218.9021 0 0 0.9429265 0 -0.333001 4 0
12.2263 FirstCar -5.610097 0.025 2.97 0 90 0 0 0.7071068 0 0.7071068 2.567377 0
12.2280 Head -0.6626843 1.6 1.061517 10.875 330.2249 0 0.09157901 -0.255767 0.02434601 0.962083
12.2280 SecondCar 4.404347 0.025 8.072152 0 218.9672 0 0 0.9427369 0 -0.3335373 4 0
12.2280 FirstCar -5.605671 0.025 2.97 0 90 0 0 0.7071068 0 0.7071068 2.571508 0
12.2299 Head -0.6626843 1.6 1.063772 10.875 330.2249 0 0.09157901 -0.255767 0.02434601 0.962083
12.2299 SecondCar 4.39942 0.025 8.062732 0 219.0403 0 0 0.9425241 0 -0.3341383 4 0
12.2299 FirstCar -5.600701 0.025 2.97 0 90 0 0 0.7071068 0 0.7071068 2.576138 0
12.2316 Head -0.6626843 1.6 1.0663 10.875 330.2249 0 0.09157901 -0.255767 0.02434601 0.962083
12.2316 SecondCar 4.394984 0.025 8.054303 0 219.1058 0 0 0.942333 0 -0.3346768 4 0
12.2316 FirstCar -5.596239 0.025 2.97 0 90 0 0 0.7071068 0 0.7071068 2.580288 0
12.2332 Head -0.6626843 1.6 1.068565 10.875 330.2249 0 0.09157901 -0.255767 0.02434601 0.962083
12.2332 SecondCar 4.390903 0.025 8.04659 0 219.1658 0 0 0.9421576 0 -0.3351704 4 0
12.2332 FirstCar -5.592144 0.025 2.97 0 90 0 0 0.7071068 0 0.7071068 2.584092 0
12.2348 Head -0.6626843 1.6 1.070641 10.875 330.2249 0 0.09157901 -0.255767 0.02434601 0.962083
12.2348 SecondCar 4.38685 0.025 8.038967 0 219.2252 0 0 0.9419837 0 -0.3356588 4 0
12.2348 FirstCar -5.588085 0.025 2.97 0 90 0 0 0.7071068 0 0.7071068 2.587856 0
12.2364 Head -0.6626843 1.6 1.072696 10.875 330.2249 0 0.09157901 -0.255767 0.02434601 0.962083
12.2364 SecondCar 4.382753 0.025 8.031302 0 219.285 0 0 0.9418083 0 -0.3361506 4 0
12.2364 FirstCar -5.583991 0.025 2.97 0 90 0 0 0.7071068 0 0.7071068 2.591648 0
12.2379 Head -0.6626843 1.6 1.074765 10.875 330.2249 0 0.09157901 -0.255767 0.02434601 0.962083
12.2379 SecondCar 4.378755 0.025 8.023857 0 219.3432 0 0 0.9416375 0 -0.3366289 4 0
12.2379 FirstCar -5.580004 0.025 2.97 0 90 0 0 0.7071068 0 0.7071068 2.595335 0
12.2395 Head -0.6626843 1.6 1.076778 10.875 330.2249 0 0.09157901 -0.255767 0.02434601 0.962083
12.2395 SecondCar 4.374655 0.025 8.016261 0 219.4027 0 0 0.9414626 0 -0.3371175 4 0
12.2395 FirstCar -5.575923 0.025 2.97 0 90 0 0 0.7071068 0 0.7071068 2.599103 0
12.2411 Head -0.6626843 1.6 1.078834 10.875 330.2249 0 0.09157901 -0.255767 0.02434601 0.962083
12.2411 SecondCar 4.370433 0.025 8.008478 0 219.4637 0 0 0.9412829 0 -0.3376189 4 0
12.2411 FirstCar -5.571729 0.025 2.97 0 90 0 0 0.7071068 0 0.7071068 2.60297 0
12.2426 Head -0.6626843 1.6 1.080945 10.875 330.2249 0 0.09157901 -0.255767 0.02434601 0.962083
12.2426 SecondCar 4.36639 0.025 8.001061 0 219.522 0 0 0.9411112 0 -0.3380973 4 0
12.2426 FirstCar -5.567721 0.025 2.97 0 90 0 0 0.7071068 0 0.7071068 2.60666 0
12.2442 Head -0.6626843 1.6 1.082959 10.875 330.2249 0 0.09157901 -0.255767 0.02434601 0.962083
12.2442 SecondCar 4.362127 0.025 7.993281 0 219.5832 0 0 0.9409305 0 -0.3385998 4 0
12.2442 FirstCar -5.563505 0.025 2.97 0 90 0 0 0.7071068 0 0.7071068 2.610536 0
12.2458 Head -0.6626843 1.6 1.085075 10.875 330.2249 0 0.09157901 -0.255767 0.02434601 0.962083
12.2458 SecondCar 4.357939 0.025 7.985679 0 219.6431 0 0 0.9407534 0 -0.3390916 4 0
12.2458 FirstCar -5.559372 0.025 2.97 0 90 0 0 0.7071068 0 0.7071068 2.61433 0
12.2474 Head -0.6626843 1.6 1.087146 10.875 330.2249 0 0.09157901 -0.255767 0.02434601 0.962083
12.2474 SecondCar 4.353854 0.025 7.978297 0 219.7013 0 0 0.940581 0 -0.3395696 4 0
12.2474 FirstCar -5.555348 0.025 2.97 0 90 0 0 0.7071068 0 0.7071068 2.618019 0
12.2498 Head -0.6626843 1.6 1.089159 10.875 330.2249 0 0.09157901 -0.255767 0.02434601 0.962083
12.2498 SecondCar 4.347413 0.025 7.96673 0 219.7928 0 0 0.9403097 0 -0.3403201 4 0
12.2498 FirstCar -5.549016 0.025 2.97 0 90 0 0 0.7071068 0 0.7071068 2.62381 0
12.2517 Head -0.6626843 1.6 1.092321 10.875 330.2249 0 0.09157901 -0.255767 0.02434601 0.962083
12.2517 SecondCar 4.342347 0.025 7.957694 0 219.8643 0 0 0.9400969 0 -0.3409073 4 0
12.2517 FirstCar -5.544051 0.025 2.97 0 90 0 0 0.7071068 0 0.7071068 2.628344 0
12.2536 Head -0.6626843 1.6 1.094795 10.875 330.2249 0 0.09157901 -0.255767 0.02434601 0.962083
12.2536 SecondCar 4.337208 0.025 7.948581 0 219.9367 0 0 0.9398816 0 -0.3415006 4 0
12.2536 FirstCar -5.539026 0.025 2.97 0 90 0 0 0.7071068 0 0.7071068 2.632924 0
12.2553 Head -0.6626843 1.6 1.097295 10.875 330.2249 0 0.09157901 -0.255767 0.02434601 0.962083
12.2553 SecondCar 4.332396 0.025 7.940098 0 220.0041 0 0 0.9396804 0 -0.3420537 4 0
12.2553 FirstCar -5.534333 0.025 2.97 0 90 0 0 0.7071068 0 0.7071068 2.637195 0
12.2572 Head -0.6626843 1.6 1.099626 10.875 330.2249 0 0.09157901 -0.255767 0.02434601 0.962083
12.2572 SecondCar 4.327372 0.025 7.931292 0 220.0742 0 0 0.9394708 0 -0.3426289 4 0
12.2572 FirstCar -5.529444 0.025 2.97 0 90 0 0 0.7071068 0 0.7071068 2.641636 0
12.2590 Head -0.6626843 1.6 1.102051 10.875 330.2249 0 0.09157901 -0.255767 0.02434601 0.962083
12.2590 SecondCar 4.322427 0.025 7.922671 0 220.143 0 0 0.939265 0 -0.3431927 4 0
12.2590 FirstCar -5.524642 0.025 2.97 0 90 0 0 0.7071068 0 0.7071068 2.645992 0
12.2608 Head -0.6626843 1.6 1.104428 10.875 330.2249 0 0.09157901 -0.255767 0.02434601 0.962083
12.2608 SecondCar 4.317544 0.025 7.914208 0 220.2107 0 0 0.9390622 0 -0.3437472 4 0
12.2608 FirstCar -5.519912 0.025 2.97 0 90 0 0 0.7071068 0 0.7071068 2.650275 0
12.2628 Head -0.6626843 1.6 1.106766 10.875 330.2249 0 0.09157901 -0.255767 0.02434601 0.962083
12.2628 SecondCar 4.312149 0.025 7.904912 0 220.2851 0 0 0.9388387 0 -0.3443573 4 0
12.2628 FirstCar -5.514698 0.025 2.97 0 90 0 0 0.7071068 0 0.7071068 2.654989 0
12.2655 Head -0.6626843 1.6 1.109339 10.875 330.2249 0 0.09157901 -0.255767 0.02434601 0.962083
12.2655 SecondCar 4.304476 0.025 7.891786 0 220.3905 0 0 0.9385217 0 -0.3452204 4 0
12.2655 FirstCar -5.5073 0.025 2.97 0 90 0 0 0.7071068 0 0.7071068 2.661659 0
12.2674 Head -0.6626843 1.6 1.11298 10.875 330.2249 0 0.09157901 -0.255767 0.02434601 0.962083
12.2674 SecondCar 4.299407 0.025 7.883175 0 220.4598 0 0 0.9383128 0 -0.3457877 4 0
12.2674 FirstCar -5.502428 0.025 2.97 0 90 0 0 0.7071068 0 0.7071068 2.666045 0
12.2697 Head -0.6626843 1.6 1.115374 10.875 330.2249 0 0.09157901 -0.255767 0.02434601 0.962083
12.2697 SecondCar 4.293029 0.025 7.872408 0 220.5466 0 0 0.9380506 0 -0.3464984 4 0
12.2697 FirstCar -5.496312 0.025 2.97 0 90 0 0 0.7071068 0 0.7071068 2.671539 0
12.2712 Head -0.6626843 1.6 1.118373 10.875 330.2249 0 0.09157901 -0.255767 0.02434601 0.962083
12.2712 SecondCar 4.288623 0.025 7.865016 0 220.6063 0 0 0.9378699 0 -0.3469871 4 0
12.2712 FirstCar -5.492098 0.025 2.97 0 90 0 0 0.7071068 0 0.7071068 2.675319 0
12.2735 Head -0.6626843 1.6 1.120436 10.875 330.2249 0 0.09157901 -0.255767 0.02434601 0.962083
12.2735 SecondCar 4.282173 0.025 7.854258 0 220.6933 0 0 0.937606 0 -0.3476996 4 0
12.2735 FirstCar -5.485943 0.025 2.97 0 90 0 0 0.7071068 0 0.7071068 2.68083 0
12.2753 Head -0.6626843 1.6 1.123444 10.875 330.2249 0 0.09157901 -0.255767 0.02434601 0.962083
12.2753 SecondCar 4.277153 0.025 7.845936 0 220.7608 0 0 0.9374011 0 -0.3482517 4 0
12.2753 FirstCar -5.481165 0.025 2.97 0 90 0 0 0.7071068 0 0.7071068 2.685101 0
12.2769 Head -0.6626843 1.6 1.125775 10.875 330.2249 0 0.09157901 -0.255767 0.02434601 0.962083
12.2769 SecondCar 4.272525 0.025 7.838303 0 220.8228 0 0 0.9372125 0 -0.3487589 4 0
12.2769 FirstCar -5.476768 0.025 2.97 0 90 0 0 0.7071068 0 0.7071068 2.689025 0
12.2785 Head -0.6626843 1.6 1.127917 10.875 330.2249 0 0.09157901 -0.255767 0.02434601 0.962083
12.2785 SecondCar 4.268132 0.025 7.831095 0 220.8815 0 0 0.9370339 0 -0.3492385 4 0
12.2785 FirstCar -5.472603 0.025 2.97 0 90 0 0 0.7071068 0 0.7071068 2.692737 0
12.2804 Head -0.6626843 1.6 1.129943 10.875 330.2249 0 0.09157901 -0.255767 0.02434601 0.962083
12.2804 SecondCar 4.262559 0.025 7.821997 0 220.9556 0 0 0.9368077 0 -0.3498448 4 0
12.2804 FirstCar -5.46733 0.025 2.97 0 90 0 0 0.7071068 0 0.7071068 2.697429 0
12.2821 Head -0.6626843 1.6 1.132504 10.875 330.2249 0 0.09157901 -0.255767 0.02434601 0.962083
12.2821 SecondCar 4.257893 0.025 7.814421 0 221.0175 0 0 0.9366187 0 -0.3503505 4 0
12.2821 FirstCar -5.462923 0.025 2.97 0 90 0 0 0.7071068 0 0.7071068 2.701344 0
12.2836 Head -0.6626843 1.6 1.134641 10.875 330.2249 0 0.09157901 -0.255767 0.02434601 0.962083
12.2836 SecondCar 4.25342 0.025 7.807192 0 221.0766 0 0 0.9364378 0 -0.3508336 4 0
12.2836 FirstCar -5.458706 0.025 2.97 0 90 0 0 0.7071068 0 0.7071068 2.705085 0
12.2853 Head -0.6626843 1.6 1.136683 10.875 330.2249 0 0.09157901 -0.255767 0.02434601 0.962083
12.2853 SecondCar 4.248611 0.025 7.799461 0 221.1399 0 0 0.9362438 0 -0.3513511 4 0
12.2853 FirstCar -5.454183 0.025 2.97 0 90 0 0 0.7071068 0 0.7071068 2.709092 0
12.2869 Head -0.6626843 1.6 1.138871 10.875 330.2249 0 0.09157901 -0.255767 0.02434601 0.962083
12.2869 SecondCar 4.244068 0.025 7.792191 0 221.1996 0 0 0.9360608 0 -0.3518384 4 0
12.2869 FirstCar -5.449916 0.025 2.97 0 90 0 0 0.7071068 0 0.7071068 2.712867 0
12.2885 Head -0.6626843 1.6 1.140931 10.875 330.2249 0 0.09157901 -0.255767 0.02434601 0.962083
12.2885 SecondCar 4.239318 0.025 7.784628 0 221.2617 0 0 0.9358698 0 -0.3523461 4 0
12.2885 FirstCar -5.445465 0.025 2.97 0 90 0 0 0.7071068 0 0.7071068 2.716799 0
12.2904 Head -0.6626843 1.6 1.143077 10.875 330.2249 0 0.09157901 -0.255767 0.02434601 0.962083
12.2904 SecondCar 4.233768 0.025 7.775838 0 221.3341 0 0 0.9356471 0 -0.352937 4 0
12.2904 FirstCar -5.440273 0.025 2.97 0 90 0 0 0.7071068 0 0.7071068 2.721378 0
12.2922 Head -0.6626843 1.6 1.145576 10.875 330.2249 0 0.09157901 -0.255767 0.02434601 0.962083
12.2922 SecondCar 4.228662 0.025 7.767794 0 221.4005 0 0 0.9354426 0 -0.3534787 4 0
12.2922 FirstCar -5.435506 0.025 2.97 0 90 0 0 0.7071068 0 0.7071068 2.725576 0
12.2941 Head -0.6626843 1.6 1.147868 10.875 330.2249 0 0.09157901 -0.255767 0.02434601 0.962083
12.2941 SecondCar 4.223005 0.025 7.758931 0 221.4737 0 0 0.9352165 0 -0.3540764 4 0
12.2941 FirstCar -5.430235 0.025 2.97 0 90 0 0 0.7071068 0 0.7071068 2.730209 0
12.2960 Head -0.6626843 1.6 1.150396 10.875 330.2249 0 0.09157901 -0.255767 0.02434601 0.962083
12.2960 SecondCar 4.217534 0.025 7.750408 0 221.5443 0 0 0.9349983 0 -0.3546523 4 0
12.2960 FirstCar -5.425148 0.025 2.97 0 90 0 0 0.7071068 0 0.7071068 2.734673 0
12.2977 Head -0.6626843 1.6 1.152833 10.875 330.2249 0 0.09157901 -0.255767 0.02434601 0.962083
12.2977 SecondCar 4.212269 0.025 7.74225 0 221.612 0 0 0.9347887 0 -0.3552044 4 0
12.2977 FirstCar -5.420263 0.025 2.97 0 90 0 0 0.7071068 0 0.7071068 2.738954 0
12.3038 Head -0.6626843 1.6 1.15517 10.875 330.2249 0 0.09157901 -0.255767 0.02434601 0.962083
12.3038 SecondCar 4.194218 0.025 7.714608 0 221.8421 0 0 0.9340733 0 -0.3570814 4 0
12.3038 FirstCar -5.403557 0.025 2.97 0 90 0 0 0.7071068 0 0.7071068 2.753514 0
12.3055 Head -0.6626843 1.6 1.163118 10.875 330.2249 0 0.09157901 -0.255767 0.02434601 0.962083
12.3055 SecondCar 4.189249 0.025 7.707085 0 221.905 0 0 0.9338771 0 -0.3575941 4 0
12.3055 FirstCar -5.398986 0.025 2.97 0 90 0 0 0.7071068 0 0.7071068 2.757493 0
12.3071 Head -0.6626843 1.6 1.16529 10.875 330.2249 0 0.09157901 -0.255767 0.02434601 0.962083
12.3071 SecondCar 4.184382 0.025 7.699752 0 221.9664 0 0 0.9336854 0 -0.3580945 4 0
12.3071 FirstCar -5.394518 0.025 2.97 0 90 0 0 0.7071068 0 0.7071068 2.761376 0
12.3090 Head -0.6626843 1.6 1.167409 10.875 330.2249 0 0.09157901 -0.255767 0.02434601 0.962083
12.3090 SecondCar 4.178572 0.025 7.691044 0 222.0395 0 0 0.9334569 0 -0.3586897 4 0
12.3090 FirstCar -5.389192 0.025 2.97 0 90 0 0 0.7071068 0 0.7071068 2.765998 0
12.3106 Head -0.6626843 1.6 1.169931 10.875 330.2249 0 0.09157901 -0.255767 0.02434601 0.962083
12.3106 SecondCar 4.173638 0.025 7.683688 0 222.1013 0 0 0.9332632 0 -0.3591933 4 0
12.3106 FirstCar -5.384679 0.025 2.97 0 90 0 0 0.7071068 0 0.7071068 2.769908 0
12.3123 Head -0.6626843 1.6 1.172066 10.875 330.2249 0 0.09157901 -0.255767 0.02434601 0.962083
12.3123 SecondCar 4.168591 0.025 7.676198 0 222.1644 0 0 0.9330654 0 -0.3597068 4 0
12.3123 FirstCar -5.380069 0.025 2.97 0 90 0 0 0.7071068 0 0.7071068 2.773896 0
12.3140 Head -0.6626843 1.6 1.174243 10.875 330.2249 0 0.09157901 -0.255767 0.02434601 0.962083
12.3140 SecondCar 4.163425 0.025 7.668571 0 222.2287 0 0 0.9328633 0 -0.3602306 4 0
12.3140 FirstCar -5.37536 0.025 2.97 0 90 0 0 0.7071068 0 0.7071068 2.777964 0
12.3158 Head -0.6626843 1.6 1.176463 10.875 330.2249 0 0.09157901 -0.255767 0.02434601 0.962083
12.3158 SecondCar 4.15783 0.025 7.660352 0 222.2981 0 0 0.9326449 0 -0.3607957 4 0
12.3158 FirstCar -5.37027 0.025 2.97 0 90 0 0 0.7071068 0 0.7071068 2.782355 0
12.3177 Head -0.6626843 1.6 1.17886 10.875 330.2249 0 0.09157901 -0.255767 0.02434601 0.962083
12.3177 SecondCar 4.151993 0.025 7.651825 0 222.3703 0 0 0.9324174 0 -0.3613832 4 0
12.3177 FirstCar -5.364969 0.025 2.97 0 90 0 0 0.7071068 0 0.7071068 2.78692 0
12.3196 Head -0.6626843 1.6 1.181352 10.875 330.2249 0 0.09157901 -0.255767 0.02434601 0.962083
12.3196 SecondCar 4.146394 0.025 7.64369 0 222.4393 0 0 0.9321997 0 -0.3619446 4 0
12.3196 FirstCar -5.359895 0.025 2.97 0 90 0 0 0.7071068 0 0.7071068 2.791283 0
12.3212 Head -0.6626843 1.6 1.183733 10.875 330.2249 0 0.09157901 -0.255767 0.02434601 0.962083
12.3212 SecondCar 4.141167 0.025 7.636133 0 222.5035 0 0 0.9319967 0 -0.3624668 4 0
12.3212 FirstCar -5.355165 0.025 2.97 0 90 0 0 0.7071068 0 0.7071068 2.795343 0
12.3230 Head -0.6626843 1.6 1.18595 10.875 330.2249 0 0.09157901 -0.255767 0.02434601 0.962083
12.3230 SecondCar 4.135625 0.025 7.628162 0 222.5714 0 0 0.9317819 0 -0.3630186 4 0
12.3230 FirstCar -5.350161 0.025 2.97 0 90 0 0 0.7071068 0 0.7071068 2.799634 0
12.3251 Head -0.6626843 1.6 1.188291 10.875 330.2249 0 0.09157901 -0.255767 0.02434601 0.962083
12.3251 SecondCar 4.129113 0.025 7.618849 0 222.6508 0 0 0.9315301 0 -0.3636644 4 0
12.3251 FirstCar -5.344292 0.025 2.97 0 90 0 0 0.7071068 0 0.7071068 2.804656 0
12.3280 Head -0.6626843 1.6 1.191033 10.875 330.2249 0 0.09157901 -0.255767 0.02434601 0.962083
12.3280 SecondCar 4.119961 0.025 7.605854 0 222.7619 0 0 0.931177 0 -0.3645676 4 0
12.3280 FirstCar -5.33606 0.025 2.97 0 90 0 0 0.7071068 0 0.7071068 2.811683 0
12.3304 Head -0.6626843 1.6 1.194868 10.875 330.2249 0 0.09157901 -0.255767 0.02434601 0.962083
12.3304 SecondCar 4.112605 0.025 7.59549 0 222.8508 0 0 0.930894 0 -0.3652896 4 0
12.3304 FirstCar -5.329463 0.025 2.97 0 90 0 0 0.7071068 0 0.7071068 2.817302 0
12.3322 Head -0.6626843 1.6 1.197935 10.875 330.2249 0 0.09157901 -0.255767 0.02434601 0.962083
12.3322 SecondCar 4.107008 0.025 7.587649 0 222.9182 0 0 0.930679 0 -0.3658368 4 0
12.3322 FirstCar -5.324456 0.025 2.97 0 90 0 0 0.7071068 0 0.7071068 2.821561 0
12.3339 Head -0.6626843 1.6 1.20026 10.875 330.2249 0 0.09157901 -0.255767 0.02434601 0.962083
12.3339 SecondCar 4.10158 0.025 7.580086 0 222.9833 0 0 0.930471 0 -0.3663656 4 0
12.3339 FirstCar -5.319609 0.025 2.97 0 90 0 0 0.7071068 0 0.7071068 2.825678 0
12.3356 Head -0.6626843 1.6 1.202507 10.875 330.2249 0 0.09157901 -0.255767 0.02434601 0.962083
12.3356 SecondCar 4.096201 0.025 7.572627 0 223.0476 0 0 0.9302651 0 -0.366888 4 0
12.3356 FirstCar -5.314814 0.025 2.97 0 90 0 0 0.7071068 0 0.7071068 2.829746 0
12.3372 Head -0.6626843 1.6 1.204727 10.875 330.2249 0 0.09157901 -0.255767 0.02434601 0.962083
12.3372 SecondCar 4.090927 0.025 7.565347 0 223.1105 0 0 0.9300637 0 -0.3673985 4 0
12.3372 FirstCar -5.310119 0.025 2.97 0 90 0 0 0.7071068 0 0.7071068 2.833722 0
12.3388 Head -0.6626843 1.6 1.206898 10.875 330.2249 0 0.09157901 -0.255767 0.02434601 0.962083
12.3388 SecondCar 4.085816 0.025 7.558327 0 223.1713 0 0 0.9298687 0 -0.3678915 4 0
12.3388 FirstCar -5.305577 0.025 2.97 0 90 0 0 0.7071068 0 0.7071068 2.837563 0
12.3404 Head -0.6626843 1.6 1.208994 10.875 330.2249 0 0.09157901 -0.255767 0.02434601 0.962083
12.3404 SecondCar 4.080694 0.025 7.551322 0 223.232 0 0 0.9296737 0 -0.3683842 4 0
12.3404 FirstCar -5.301032 0.025 2.97 0 90 0 0 0.7071068 0 0.7071068 2.841402 0
12.3421 Head -0.6626843 1.6 1.21109 10.875 330.2249 0 0.09157901 -0.255767 0.02434601 0.962083
12.3421 SecondCar 4.075367 0.025 7.544073 0 223.295 0 0 0.9294711 0 -0.3688948 4 0
12.3421 FirstCar -5.296314 0.025 2.97 0 90 0 0 0.7071068 0 0.7071068 2.845381 0
12.3436 Head -0.6626843 1.6 1.213262 10.875 330.2249 0 0.09157901 -0.255767 0.02434601 0.962083
12.3436 SecondCar 4.070349 0.025 7.537273 0 223.3541 0 0 0.9292806 0 -0.3693745 4 0
12.3436 FirstCar -5.291876 0.025 2.97 0 90 0 0 0.7071068 0 0.7071068 2.84912 0
12.3452 Head -0.6626843 1.6 1.215303 10.875 330.2249 0 0.09157901 -0.255767 0.02434601 0.962083
12.3452 SecondCar 4.065293 0.025 7.530455 0 223.4135 0 0 0.9290891 0 -0.3698562 4 0
12.3452 FirstCar -5.287412 0.025 2.97 0 90 0 0 0.7071068 0 0.7071068 2.852875 0
12.3468 Head -0.6626843 1.6 1.217353 10.875 330.2249 0 0.09157901 -0.255767 0.02434601 0.962083
12.3468 SecondCar 4.060018 0.025 7.523371 0 223.4753 0 0 0.9288893 0 -0.3703574 4 0
12.3468 FirstCar -5.28276 0.025 2.97 0 90 0 0 0.7071068 0 0.7071068 2.856784 0
12.3483 Head -0.6626843 1.6 1.219486 10.875 330.2249 0 0.09157901 -0.255767 0.02434601 0.962083
12.3483 SecondCar 4.05513 0.025 7.516838 0 223.5324 0 0 0.9287047 0 -0.3708203 4 0
12.3483 FirstCar -5.278457 0.025 2.97 0 90 0 0 0.7071068 0 0.7071068 2.860394 0
12.3503 Head -0.6626843 1.6 1.221456 10.875 330.2249 0 0.09157901 -0.255767 0.02434601 0.962083
12.3503 SecondCar 4.04892 0.025 7.508577 0 223.6048 0 0 0.9284704 0 -0.3714065 4 0
12.3503 FirstCar -5.272998 0.025 2.97 0 90 0 0 0.7071068 0 0.7071068 2.864967 0
12.3518 Head -0.6626843 1.6 1.223953 10.875 330.2249 0 0.09157901 -0.255767 0.02434601 0.962083
12.3518 SecondCar 4.043714 0.025 7.501686 0 223.6652 0 0 0.9282743 0 -0.3718962 4 0
12.3518 FirstCar -5.26843 0.025 2.97 0 90 0 0 0.7071068 0 0.7071068 2.868788 0
12.3540 Head -0.6626843 1.6 1.226038 10.875 330.2249 0 0.09157901 -0.255767 0.02434601 0.962083
12.3540 SecondCar 4.036695 0.025 7.492445 0 223.7465 0 0 0.9280105 0 -0.3725542 4 0
12.3540 FirstCar -5.26228 0.025 2.97 0 90 0 0 0.7071068 0 0.7071068 2.873924 0
12.3557 Head -0.6626843 1.6 1.228841 10.875 330.2249 0 0.09157901 -0.255767 0.02434601 0.962083
12.3557 SecondCar 4.030976 0.025 7.484957 0 223.8124 0 0 0.9277958 0 -0.3730884 4 0
12.3557 FirstCar -5.25728 0.025 2.97 0 90 0 0 0.7071068 0 0.7071068 2.878093 0
12.3581 Head -0.6626843 1.6 1.231117 10.875 330.2249 0 0.09157901 -0.255767 0.02434601 0.962083
12.3581 SecondCar 4.023039 0.025 7.474626 0 223.9036 0 0 0.9274986 0 -0.3738267 4 0
12.3581 FirstCar -5.250353 0.025 2.97 0 90 0 0 0.7071068 0 0.7071068 2.883858 0
12.3600 Head -0.6626843 1.6 1.234264 10.875 330.2249 0 0.09157901 -0.255767 0.02434601 0.962083
12.3600 SecondCar 4.016754 0.025 7.466494 0 223.9756 0 0 0.9272637 0 -0.3744091 4 0
12.3600 FirstCar -5.244879 0.025 2.97 0 90 0 0 0.7071068 0 0.7071068 2.888407 0
12.3617 Head -0.6626843 1.6 1.236747 10.875 330.2249 0 0.09157901 -0.255767 0.02434601 0.962083
12.3617 SecondCar 4.011117 0.025 7.459237 0 224.0399 0 0 0.9270533 0 -0.3749296 4 0
12.3617 FirstCar -5.239978 0.025 2.97 0 90 0 0 0.7071068 0 0.7071068 2.892473 0
12.3633 Head -0.6626843 1.6 1.238966 10.875 330.2249 0 0.09157901 -0.255767 0.02434601 0.962083
12.3633 SecondCar 4.005731 0.025 7.452336 0 224.1012 0 0 0.9268526 0 -0.3754255 4 0
12.3633 FirstCar -5.235302 0.025 2.97 0 90 0 0 0.7071068 0 0.7071068 2.896347 0
12.3649 Head -0.6626843 1.6 1.241081 10.875 330.2249 0 0.09157901 -0.255767 0.02434601 0.962083
12.3649 SecondCar 4.00037 0.025 7.445498 0 224.162 0 0 0.9266532 0 -0.3759174 4 0
12.3649 FirstCar -5.230657 0.025 2.97 0 90 0 0 0.7071068 0 0.7071068 2.900192 0
12.3665 Head -0.6626843 1.6 1.24318 10.875 330.2249 0 0.09157901 -0.255767 0.02434601 0.962083
12.3665 SecondCar 3.995123 0.025 7.438836 0 224.2214 0 0 0.9264583 0 -0.3763975 4 0
12.3665 FirstCar -5.226115 0.025 2.97 0 90 0 0 0.7071068 0 0.7071068 2.903945 0
12.3681 Head -0.6626843 1.6 1.245228 10.875 330.2249 0 0.09157901 -0.255767 0.02434601 0.962083
12.3681 SecondCar 3.989738 0.025 7.432025 0 224.2822 0 0 0.9262585 0 -0.3768888 4 0
12.3681 FirstCar -5.22146 0.025 2.97 0 90 0 0 0.7071068 0 0.7071068 2.907787 0
12.3699 Head -0.6626843 1.6 1.247325 10.875 330.2249 0 0.09157901 -0.255767 0.02434601 0.962083
12.3699 SecondCar 3.983588 0.025 7.424289 0 224.3514 0 0 0.9260308 0 -0.3774481 4 0
12.3699 FirstCar -5.216153 0.025 2.97 0 90 0 0 0.7071068 0 0.7071068 2.912161 0
12.3716 Head -0.6626843 1.6 1.249712 10.875 330.2249 0 0.09157901 -0.255767 0.02434601 0.962083
12.3716 SecondCar 3.977993 0.025 7.417284 0 224.4142 0 0 0.9258239 0 -0.3779553 4 0
12.3716 FirstCar -5.211333 0.025 2.97 0 90 0 0 0.7071068 0 0.7071068 2.916128 0
12.3732 Head -0.6626843 1.6 1.251878 10.875 330.2249 0 0.09157901 -0.255767 0.02434601 0.962083
12.3732 SecondCar 3.972471 0.025 7.410401 0 224.4759 0 0 0.92562 0 -0.3784543 4 0
12.3732 FirstCar -5.206583 0.025 2.97 0 90 0 0 0.7071068 0 0.7071068 2.920032 0
12.3749 Head -0.6626843 1.6 1.254009 10.875 330.2249 0 0.09157901 -0.255767 0.02434601 0.962083
12.3749 SecondCar 3.96667 0.025 7.403206 0 224.5406 0 0 0.9254062 0 -0.3789769 4 0
12.3749 FirstCar -5.2016 0.025 2.97 0 90 0 0 0.7071068 0 0.7071068 2.924122 0
12.3765 Head -0.6626843 1.6 1.256241 10.875 330.2249 0 0.09157901 -0.255767 0.02434601 0.962083
12.3765 SecondCar 3.961159 0.025 7.396401 0 224.6019 0 0 0.9252033 0 -0.3794718 4 0
12.3765 FirstCar -5.196874 0.025 2.97 0 90 0 0 0.7071068 0 0.7071068 2.927996 0
12.3780 Head -0.6626843 1.6 1.258356 10.875 330.2249 0 0.09157901 -0.255767 0.02434601 0.962083
12.3780 SecondCar 3.95595 0.025 7.389997 0 224.6597 0 0 0.9250119 0 -0.3799382 4 0
12.3780 FirstCar -5.192413 0.025 2.97 0 90 0 0 0.7071068 0 0.7071068 2.931648 0
12.3796 Head -0.6626843 1.6 1.260349 10.875 330.2249 0 0.09157901 -0.255767 0.02434601 0.962083
12.3796 SecondCar 3.95064 0.025 7.383497 0 224.7185 0 0 0.9248169 0 -0.3804125 4 0
12.3796 FirstCar -5.187871 0.025 2.97 0 90 0 0 0.7071068 0 0.7071068 2.935362 0
12.3811 Head -0.6626843 1.6 1.262376 10.875 330.2249 0 0.09157901 -0.255767 0.02434601 0.962083
12.3811 SecondCar 3.94537 0.025 7.377074 0 224.7766 0 0 0.9246238 0 -0.3808817 4 0
12.3811 FirstCar -5.183371 0.025 2.97 0 90 0 0 0.7071068 0 0.7071068 2.939037 0
12.3827 Head -0.6626843 1.6 1.264382 10.875 330.2249 0 0.09157901 -0.255767 0.02434601 0.962083
12.3827 SecondCar 3.939806 0.025 7.370322 0 224.8379 0 0 0.9244201 0 -0.3813758 4 0
12.3827 FirstCar -5.178624 0.025 2.97 0 90 0 0 0.7071068 0 0.7071068 2.942907 0
12.3845 Head -0.6626843 1.6 1.266495 10.875 330.2249 0 0.09157901 -0.255767 0.02434601 0.962083
12.3845 SecondCar 3.933842 0.025 7.363118 0 224.9033 0 0 0.9242021 0 -0.3819037 4 0
12.3845 FirstCar -5.173544 0.025 2.97 0 90 0 0 0.7071068 0 0.7071068 2.947044 0
12.3868 Head -0.6626843 1.6 1.268753 10.875 330.2249 0 0.09157901 -0.255767 0.02434601 0.962083
12.3868 SecondCar 3.925772 0.025 7.353424 0 224.9916 0 0 0.9239077 0 -0.3826155 4 0
12.3868 FirstCar -5.166681 0.025 2.97 0 90 0 0 0.7071068 0 0.7071068 2.952623 0
12.3909 Head -0.6626843 1.6 1.271798 10.875 330.2249 0 0.09157901 -0.255767 0.02434601 0.962083
12.3909 SecondCar 3.911547 0.025 7.336489 0 225.1463 0 0 0.9233902 0 -0.3838628 4 0
12.3909 FirstCar -5.154609 0.025 2.97 0 90 0 0 0.7071068 0 0.7071068 2.962403 0
12.3937 Head -0.6626843 1.6 1.277136 10.875 330.2249 0 0.09157901 -0.255767 0.02434601 0.962083
12.3937 SecondCar 3.901618 0.025 7.32478 0 225.2537 0 0 0.92303 0 -0.384728 4 0
12.3937 FirstCar -5.146212 0.025 2.97 0 90 0 0 0.7071068 0 0.7071068 2.969191 0
12.3956 Head -0.6626843 1.6 1.280841 10.875 330.2249 0 0.09157901 -0.255767 0.02434601 0.962083
12.3956 SecondCar 3.894939 0.025 7.316957 0 225.3257 0 0 0.9227883 0 -0.3853075 4 0
12.3956 FirstCar -5.140577 0.025 2.97 0 90 0 0 0.7071068 0 0.7071068 2.973738 0
12.3977 Head -0.6626843 1.6 1.283323 10.875 330.2249 0 0.09157901 -0.255767 0.02434601 0.962083
12.3977 SecondCar 3.887309 0.025 7.308066 0 225.4076 0 0 0.9225125 0 -0.3859671 4 0
12.3977 FirstCar -5.13415 0.025 2.97 0 90 0 0 0.7071068 0 0.7071068 2.978917 0
12.3994 Head -0.6626843 1.6 1.28615 10.875 330.2249 0 0.09157901 -0.255767 0.02434601 0.962083
12.3994 SecondCar 3.881294 0.025 7.301096 0 225.472 0 0 0.9222956 0 -0.3864853 4 0
12.3994 FirstCar -5.129092 0.025 2.97 0 90 0 0 0.7071068 0 0.7071068 2.982985 0
12.4011 Head -0.6626843 1.6 1.288371 10.875 330.2249 0 0.09157901 -0.255767 0.02434601 0.962083
12.4011 SecondCar 3.875436 0.025 7.294339 0 225.5345 0 0 0.9220845 0 -0.3869885 4 0
12.4011 FirstCar -5.124174 0.025 2.97 0 90 0 0 0.7071068 0 0.7071068 2.986938 0
12.4030 Head -0.6626843 1.6 1.290528 10.875 330.2249 0 0.09157901 -0.255767 0.02434601 0.962083
12.4030 SecondCar 3.868643 0.025 7.286541 0 225.6068 0 0 0.9218403 0 -0.3875701 4 0
12.4030 FirstCar -5.118478 0.025 2.97 0 90 0 0 0.7071068 0 0.7071068 2.991507 0
12.4046 Head -0.6626843 1.6 1.293022 10.875 330.2249 0 0.09157901 -0.255767 0.02434601 0.962083
12.4046 SecondCar 3.862974 0.025 7.280065 0 225.6669 0 0 0.9216366 0 -0.388054 4 0
12.4046 FirstCar -5.113733 0.025 2.97 0 90 0 0 0.7071068 0 0.7071068 2.995309 0
12.4063 Head -0.6626843 1.6 1.295097 10.875 330.2249 0 0.09157901 -0.255767 0.02434601 0.962083
12.4063 SecondCar 3.856793 0.025 7.273036 0 225.7323 0 0 0.921415 0 -0.3885801 4 0
12.4063 FirstCar -5.108566 0.025 2.97 0 90 0 0 0.7071068 0 0.7071068 2.999443 0
12.4086 Head -0.6626843 1.6 1.297354 10.875 330.2249 0 0.09157901 -0.255767 0.02434601 0.962083
12.4086 SecondCar 3.848556 0.025 7.263721 0 225.8192 0 0 0.92112 0 -0.3892786 4 0
12.4086 FirstCar -5.10169 0.025 2.97 0 90 0 0 0.7071068 0 0.7071068 3.004935 0
12.4105 Head -0.6626843 1.6 1.300352 10.875 330.2249 0 0.09157901 -0.255767 0.02434601 0.962083
12.4105 SecondCar 3.841565 0.025 7.255859 0 225.8927 0 0 0.9208702 0 -0.3898693 4 0
12.4105 FirstCar -5.095864 0.025 2.97 0 90 0 0 0.7071068 0 0.7071068 3.009581 0
12.4122 Head -0.6626843 1.6 1.302887 10.875 330.2249 0 0.09157901 -0.255767 0.02434601 0.962083
12.4122 SecondCar 3.835612 0.025 7.249198 0 225.9551 0 0 0.9206578 0 -0.3903706 4 0
12.4122 FirstCar -5.090912 0.025 2.97 0 90 0 0 0.7071068 0 0.7071068 3.013525 0
12.4137 Head -0.6626843 1.6 1.30504 10.875 330.2249 0 0.09157901 -0.255767 0.02434601 0.962083
12.4137 SecondCar 3.830072 0.025 7.243026 0 226.013 0 0 0.9204603 0 -0.390836 4 0
12.4137 FirstCar -5.08631 0.025 2.97 0 90 0 0 0.7071068 0 0.7071068 3.017185 0
12.4153 Head -0.6626843 1.6 1.307038 10.875 330.2249 0 0.09157901 -0.255767 0.02434601 0.962083
12.4153 SecondCar 3.824147 0.025 7.236453 0 226.0748 0 0 0.9202495 0 -0.3913322 4 0
12.4153 FirstCar -5.081394 0.025 2.97 0 90 0 0 0.7071068 0 0.7071068 3.021091 0
12.4169 Head -0.6626843 1.6 1.30917 10.875 330.2249 0 0.09157901 -0.255767 0.02434601 0.962083
12.4169 SecondCar 3.818373 0.025 7.230077 0 226.1349 0 0 0.9200443 0 -0.3918144 4 0
12.4169 FirstCar -5.07661 0.025 2.97 0 90 0 0 0.7071068 0 0.7071068 3.024887 0
12.4184 Head -0.6626843 1.6 1.311242 10.875 330.2249 0 0.09157901 -0.255767 0.02434601 0.962083
12.4184 SecondCar 3.812809 0.025 7.223957 0 226.1926 0 0 0.9198468 0 -0.3922779 4 0
12.4184 FirstCar -5.072004 0.025 2.97 0 90 0 0 0.7071068 0 0.7071068 3.028536 0
12.4204 Head -0.6626843 1.6 1.313234 10.875 330.2249 0 0.09157901 -0.255767 0.02434601 0.962083
12.4204 SecondCar 3.805652 0.025 7.216123 0 226.2667 0 0 0.9195931 0 -0.3928722 4 0
12.4204 FirstCar -5.066089 0.025 2.97 0 90 0 0 0.7071068 0 0.7071068 3.033217 0
12.4220 Head -0.6626843 1.6 1.315789 10.875 330.2249 0 0.09157901 -0.255767 0.02434601 0.962083
12.4220 SecondCar 3.799647 0.025 7.209581 0 226.3286 0 0 0.9193805 0 -0.3933693 4 0
12.4220 FirstCar -5.061133 0.025 2.97 0 90 0 0 0.7071068 0 0.7071068 3.037133 0
12.4236 Head -0.6626843 1.6 1.317926 10.875 330.2249 0 0.09157901 -0.255767 0.02434601 0.962083
12.4236 SecondCar 3.793756 0.025 7.203194 0 226.3892 0 0 0.9191723 0 -0.3938556 4 0
12.4236 FirstCar -5.056278 0.025 2.97 0 90 0 0 0.7071068 0 0.7071068 3.040965 0
12.4254 Head -0.6626843 1.6 1.320018 10.875 330.2249 0 0.09157901 -0.255767 0.02434601 0.962083
12.4254 SecondCar 3.78704 0.025 7.195944 0 226.4582 0 0 0.9189353 0 -0.3944084 4 0
12.4254 FirstCar -5.05075 0.025 2.97 0 90 0 0 0.7071068 0 0.7071068 3.045322 0
12.4270 Head -0.6626843 1.6 1.322396 10.875 330.2249 0 0.09157901 -0.255767 0.02434601 0.962083
12.4270 SecondCar 3.780994 0.025 7.189448 0 226.5201 0 0 0.9187222 0 -0.3949045 4 0
12.4270 FirstCar -5.045781 0.025 2.97 0 90 0 0 0.7071068 0 0.7071068 3.049233 0
12.4289 Head -0.6626843 1.6 1.324531 10.875 330.2249 0 0.09157901 -0.255767 0.02434601 0.962083
12.4289 SecondCar 3.774183 0.025 7.182164 0 226.5896 0 0 0.9184824 0 -0.3954618 4 0
12.4289 FirstCar -5.040189 0.025 2.97 0 90 0 0 0.7071068 0 0.7071068 3.053627 0
12.4304 Head -0.6626843 1.6 1.32693 10.875 330.2249 0 0.09157901 -0.255767 0.02434601 0.962083
12.4304 SecondCar 3.768258 0.025 7.175857 0 226.6499 0 0 0.9182742 0 -0.3959452 4 0
12.4304 FirstCar -5.035332 0.025 2.97 0 90 0 0 0.7071068 0 0.7071068 3.057441 0
12.4320 Head -0.6626843 1.6 1.329011 10.875 330.2249 0 0.09157901 -0.255767 0.02434601 0.962083
12.4320 SecondCar 3.762521 0.025 7.169776 0 226.7081 0 0 0.9180728 0 -0.3964119 4 0
12.4320 FirstCar -5.030635 0.025 2.97 0 90 0 0 0.7071068 0 0.7071068 3.061123 0
12.4335 Head -0.6626843 1.6 1.331021 10.875 330.2249 0 0.09157901 -0.255767 0.02434601 0.962083
12.4335 SecondCar 3.756733 0.025 7.163668 0 226.7668 0 0 0.9178699 0 -0.3968816 4 0
12.4335 FirstCar -5.025902 0.025 2.97 0 90 0 0 0.7071068 0 0.7071068 3.064829 0
12.4353 Head -0.6626843 1.6 1.333044 10.875 330.2249 0 0.09157901 -0.255767 0.02434601 0.962083
12.4353 SecondCar 3.749905 0.025 7.156494 0 226.8357 0 0 0.9176308 0 -0.397434 4 0
12.4353 FirstCar -5.020326 0.025 2.97 0 90 0 0 0.7071068 0 0.7071068 3.06919 0
12.4372 Head -0.6626843 1.6 1.335424 10.875 330.2249 0 0.09157901 -0.255767 0.02434601 0.962083
12.4372 SecondCar 3.742935 0.025 7.149207 0 226.9059 0 0 0.9173871 0 -0.3979962 4 0
12.4372 FirstCar -5.01464 0.025 2.97 0 90 0 0 0.7071068 0 0.7071068 3.073629 0
12.4390 Head -0.6626843 1.6 1.337847 10.875 330.2249 0 0.09157901 -0.255767 0.02434601 0.962083
12.4390 SecondCar 3.736151 0.025 7.142148 0 226.9741 0 0 0.9171503 0 -0.3985417 4 0
12.4390 FirstCar -5.009115 0.025 2.97 0 90 0 0 0.7071068 0 0.7071068 3.077937 0
12.4406 Head -0.6626843 1.6 1.340199 10.875 330.2249 0 0.09157901 -0.255767 0.02434601 0.962083
12.4406 SecondCar 3.729873 0.025 7.135648 0 227.037 0 0 0.9169314 0 -0.399045 4 0
12.4406 FirstCar -5.004009 0.025 2.97 0 90 0 0 0.7071068 0 0.7071068 3.081914 0
12.4422 Head -0.6626843 1.6 1.342369 10.875 330.2249 0 0.09157901 -0.255767 0.02434601 0.962083
12.4422 SecondCar 3.723918 0.025 7.12951 0 227.0965 0 0 0.9167241 0 -0.399521 4 0
12.4422 FirstCar -4.999173 0.025 2.97 0 90 0 0 0.7071068 0 0.7071068 3.085675 0
12.4438 Head -0.6626843 1.6 1.344422 10.875 330.2249 0 0.09157901 -0.255767 0.02434601 0.962083
12.4438 SecondCar 3.717974 0.025 7.123407 0 227.1557 0 0 0.9165174 0 -0.399995 4 0
12.4438 FirstCar -4.99435 0.025 2.97 0 90 0 0 0.7071068 0 0.7071068 3.089422 0
12.4454 Head -0.6626843 1.6 1.346467 10.875 330.2249 0 0.09157901 -0.255767 0.02434601 0.962083
12.4454 SecondCar 3.711903 0.025 7.1172 0 227.2161 0 0 0.9163065 0 -0.4004778 4 0
12.4454 FirstCar -4.98943 0.025 2.97 0 90 0 0 0.7071068 0 0.7071068 3.093239 0
12.4469 Head -0.6626843 1.6 1.348551 10.875 330.2249 0 0.09157901 -0.255767 0.02434601 0.962083
12.4469 SecondCar 3.705997 0.025 7.111188 0 227.2747 0 0 0.9161016 0 -0.4009463 4 0
12.4469 FirstCar -4.98465 0.025 2.97 0 90 0 0 0.7071068 0 0.7071068 3.096944 0
12.4484 Head -0.6626843 1.6 1.350573 10.875 330.2249 0 0.09157901 -0.255767 0.02434601 0.962083
12.4484 SecondCar 3.700276 0.025 7.105388 0 227.3313 0 0 0.9159033 0 -0.4013989 4 0
12.4484 FirstCar -4.980025 0.025 2.97 0 90 0 0 0.7071068 0 0.7071068 3.100524 0
12.4502 Head -0.6626843 1.6 1.352527 10.875 330.2249 0 0.09157901 -0.255767 0.02434601 0.962083
12.4502 SecondCar 3.693397 0.025 7.098446 0 227.3992 0 0 0.9156654 0 -0.4019415 4 0
12.4502 FirstCar -4.974472 0.025 2.97 0 90 0 0 0.7071068 0 0.7071068 3.104817 0
12.4524 Head -0.6626843 1.6 1.35487 10.875 330.2249 0 0.09157901 -0.255767 0.02434601 0.962083
12.4524 SecondCar 3.685056 0.025 7.090071 0 227.4813 0 0 0.9153771 0 -0.4025974 4 0
12.4524 FirstCar -4.967744 0.025 2.97 0 90 0 0 0.7071068 0 0.7071068 3.110008 0
12.4544 Head -0.6626843 1.6 1.357704 10.875 330.2249 0 0.09157901 -0.255767 0.02434601 0.962083
12.4544 SecondCar 3.677305 0.025 7.082332 0 227.5574 0 0 0.9151098 0 -0.4032048 4 0
12.4544 FirstCar -4.961504 0.025 2.97 0 90 0 0 0.7071068 0 0.7071068 3.114817 0
12.4562 Head -0.6626843 1.6 1.360329 10.875 330.2249 0 0.09157901 -0.255767 0.02434601 0.962083
12.4562 SecondCar 3.669991 0.025 7.075068 0 227.6289 0 0 0.9148579 0 -0.403776 4 0
12.4562 FirstCar -4.955623 0.025 2.97 0 90 0 0 0.7071068 0 0.7071068 3.119341 0
12.4580 Head -0.6626843 1.6 1.362798 10.875 330.2249 0 0.09157901 -0.255767 0.02434601 0.962083
12.4580 SecondCar 3.663012 0.025 7.068171 0 227.697 0 0 0.9146178 0 -0.4043195 4 0
12.4580 FirstCar -4.95002 0.025 2.97 0 90 0 0 0.7071068 0 0.7071068 3.123646 0
12.4598 Head -0.6626843 1.6 1.365148 10.875 330.2249 0 0.09157901 -0.255767 0.02434601 0.962083
12.4598 SecondCar 3.656136 0.025 7.061408 0 227.7639 0 0 0.9143817 0 -0.4048533 4 0
12.4598 FirstCar -4.944507 0.025 2.97 0 90 0 0 0.7071068 0 0.7071068 3.127877 0
12.4615 Head -0.6626843 1.6 1.367457 10.875 330.2249 0 0.09157901 -0.255767 0.02434601 0.962083
12.4615 SecondCar 3.649491 0.025 7.054903 0 227.8283 0 0 0.9141538 0 -0.4053677 4 0
12.4615 FirstCar -4.939186 0.025 2.97 0 90 0 0 0.7071068 0 0.7071068 3.131954 0
12.4632 Head -0.6626843 1.6 1.369683 10.875 330.2249 0 0.09157901 -0.255767 0.02434601 0.962083
12.4632 SecondCar 3.642789 0.025 7.048371 0 227.8932 0 0 0.9139242 0 -0.4058851 4 0
12.4632 FirstCar -4.933826 0.025 2.97 0 90 0 0 0.7071068 0 0.7071068 3.136056 0
12.4650 Head -0.6626843 1.6 1.371922 10.875 330.2249 0 0.09157901 -0.255767 0.02434601 0.962083
12.4650 SecondCar 3.635663 0.025 7.041461 0 227.962 0 0 0.9136804 0 -0.4064336 4 0
12.4650 FirstCar -4.928134 0.025 2.97 0 90 0 0 0.7071068 0 0.7071068 3.140406 0
12.4669 Head -0.6626843 1.6 1.374296 10.875 330.2249 0 0.09157901 -0.255767 0.02434601 0.962083
12.4669 SecondCar 3.628302 0.025 7.034356 0 228.0328 0 0 0.9134289 0 -0.4069984 4 0
12.4669 FirstCar -4.922263 0.025 2.97 0 90 0 0 0.7071068 0 0.7071068 3.144887 0
12.4687 Head -0.6626843 1.6 1.376742 10.875 330.2249 0 0.09157901 -0.255767 0.02434601 0.962083
12.4687 SecondCar 3.621197 0.025 7.027532 0 228.101 0 0 0.9131865 0 -0.407542 4 0
12.4687 FirstCar -4.916602 0.025 2.97 0 90 0 0 0.7071068 0 0.7071068 3.1492 0
12.4708 Head -0.6626843 1.6 1.379096 10.875 330.2249 0 0.09157901 -0.255767 0.02434601 0.962083
12.4708 SecondCar 3.612871 0.025 7.019577 0 228.1807 0 0 0.9129028 0 -0.4081769 4 0
12.4708 FirstCar -4.909978 0.025 2.97 0 90 0 0 0.7071068 0 0.7071068 3.154241 0
12.4725 Head -0.6626843 1.6 1.381848 10.875 330.2249 0 0.09157901 -0.255767 0.02434601 0.962083
12.4725 SecondCar 3.606114 0.025 7.013155 0 228.2452 0 0 0.9126731 0 -0.4086905 4 0
12.4725 FirstCar -4.90461 0.025 2.97 0 90 0 0 0.7071068 0 0.7071068 3.15832 0
12.4742 Head -0.6626843 1.6 1.384074 10.875 330.2249 0 0.09157901 -0.255767 0.02434601 0.962083
12.4742 SecondCar 3.599313 0.025 7.006719 0 228.31 0 0 0.912442 0 -0.4092061 4 0
12.4742 FirstCar -4.899214 0.025 2.97 0 90 0 0 0.7071068 0 0.7071068 3.162415 0
12.4758 Head -0.6626843 1.6 1.386309 10.875 330.2249 0 0.09157901 -0.255767 0.02434601 0.962083
12.4758 SecondCar 3.59274 0.025 7.000526 0 228.3724 0 0 0.9122189 0 -0.4097031 4 0
12.4758 FirstCar -4.894004 0.025 2.97 0 90 0 0 0.7071068 0 0.7071068 3.166363 0
12.4774 Head -0.6626843 1.6 1.388465 10.875 330.2249 0 0.09157901 -0.255767 0.02434601 0.962083
12.4774 SecondCar 3.586288 0.025 6.994475 0 228.4335 0 0 0.9120003 0 -0.4101895 4 0
12.4774 FirstCar -4.888898 0.025 2.97 0 90 0 0 0.7071068 0 0.7071068 3.170229 0
12.4790 Head -0.6626843 1.6 1.390575 10.875 330.2249 0 0.09157901 -0.255767 0.02434601 0.962083
12.4790 SecondCar 3.580021 0.025 6.988622 0 228.4927 0 0 0.9117882 0 -0.4106609 4 0
12.4790 FirstCar -4.883943 0.025 2.97 0 90 0 0 0.7071068 0 0.7071068 3.173976 0
12.4805 Head -0.6626843 1.6 1.39262 10.875 330.2249 0 0.09157901 -0.255767 0.02434601 0.962083
12.4805 SecondCar 3.573944 0.025 6.982969 0 228.55 0 0 0.9115827 0 -0.4111168 4 0
12.4805 FirstCar -4.879142 0.025 2.97 0 90 0 0 0.7071068 0 0.7071068 3.177602 0
12.4821 Head -0.6626843 1.6 1.394599 10.875 330.2249 0 0.09157901 -0.255767 0.02434601 0.962083
12.4821 SecondCar 3.56742 0.025 6.976927 0 228.6114 0 0 0.9113624 0 -0.411605 4 0
12.4821 FirstCar -4.873996 0.025 2.97 0 90 0 0 0.7071068 0 0.7071068 3.181484 0
12.4842 Head -0.6626843 1.6 1.396718 10.875 330.2249 0 0.09157901 -0.255767 0.02434601 0.962083
12.4842 SecondCar 3.55893 0.025 6.969101 0 228.691 0 0 0.9110761 0 -0.4122384 4 0
12.4842 FirstCar -4.867304 0.025 2.97 0 90 0 0 0.7071068 0 0.7071068 3.186524 0
12.4860 Head -0.6626843 1.6 1.399469 10.875 330.2249 0 0.09157901 -0.255767 0.02434601 0.962083
12.4860 SecondCar 3.551663 0.025 6.962439 0 228.759 0 0 0.9108313 0 -0.4127788 4 0
12.4860 FirstCar -4.861586 0.025 2.97 0 90 0 0 0.7071068 0 0.7071068 3.190825 0
12.4877 Head -0.6626843 1.6 1.401817 10.875 330.2249 0 0.09157901 -0.255767 0.02434601 0.962083
12.4877 SecondCar 3.544909 0.025 6.956274 0 228.8221 0 0 0.9106042 0 -0.4132797 4 0
12.4877 FirstCar -4.856277 0.025 2.97 0 90 0 0 0.7071068 0 0.7071068 3.194813 0
12.4896 Head -0.6626843 1.6 1.403993 10.875 330.2249 0 0.09157901 -0.255767 0.02434601 0.962083
12.4896 SecondCar 3.537205 0.025 6.949275 0 228.8938 0 0 0.9103454 0 -0.4138494 4 0
12.4896 FirstCar -4.850228 0.025 2.97 0 90 0 0 0.7071068 0 0.7071068 3.199351 0
12.4912 Head -0.6626843 1.6 1.40647 10.875 330.2249 0 0.09157901 -0.255767 0.02434601 0.962083
12.4912 SecondCar 3.530642 0.025 6.943341 0 228.9547 0 0 0.9101252 0 -0.4143334 4 0
12.4912 FirstCar -4.845083 0.025 2.97 0 90 0 0 0.7071068 0 0.7071068 3.203206 0
12.4928 Head -0.6626843 1.6 1.408574 10.875 330.2249 0 0.09157901 -0.255767 0.02434601 0.962083
12.4928 SecondCar 3.524218 0.025 6.937558 0 229.0142 0 0 0.90991 0 -0.4148059 4 0
12.4928 FirstCar -4.840052 0.025 2.97 0 90 0 0 0.7071068 0 0.7071068 3.206971 0
12.4943 Head -0.6626843 1.6 1.41063 10.875 330.2249 0 0.09157901 -0.255767 0.02434601 0.962083
12.4943 SecondCar 3.517993 0.025 6.931976 0 229.0717 0 0 0.9097016 0 -0.4152627 4 0
12.4943 FirstCar -4.835182 0.025 2.97 0 90 0 0 0.7071068 0 0.7071068 3.210611 0
12.4958 Head -0.6626843 1.6 1.412616 10.875 330.2249 0 0.09157901 -0.255767 0.02434601 0.962083
12.4958 SecondCar 3.51172 0.025 6.926374 0 229.1296 0 0 0.9094918 0 -0.4157218 4 0
12.4958 FirstCar -4.830279 0.025 2.97 0 90 0 0 0.7071068 0 0.7071068 3.214272 0
12.4974 Head -0.6626843 1.6 1.414615 10.875 330.2249 0 0.09157901 -0.255767 0.02434601 0.962083
12.4974 SecondCar 3.50501 0.025 6.920406 0 229.1913 0 0 0.9092677 0 -0.4162117 4 0
12.4974 FirstCar -4.82504 0.025 2.97 0 90 0 0 0.7071068 0 0.7071068 3.218179 0
12.4991 Head -0.6626843 1.6 1.416747 10.875 330.2249 0 0.09157901 -0.255767 0.02434601 0.962083
12.4991 SecondCar 3.49794 0.025 6.914147 0 229.2562 0 0 0.9090319 0 -0.4167265 4 0
12.4991 FirstCar -4.819526 0.025 2.97 0 90 0 0 0.7071068 0 0.7071068 3.222286 0
12.5011 Head -0.6626843 1.6 1.418989 10.875 330.2249 0 0.09157901 -0.255767 0.02434601 0.962083
12.5011 SecondCar 3.489729 0.025 6.906914 0 229.3313 0 0 0.9087584 0 -0.4173226 4 0
12.5011 FirstCar -4.81313 0.025 2.97 0 90 0 0 0.7071068 0 0.7071068 3.227042 0
12.5029 Head -0.6626843 1.6 1.421585 10.875 330.2249 0 0.09157901 -0.255767 0.02434601 0.962083
12.5029 SecondCar 3.482219 0.025 6.90033 0 229.3999 0 0 0.9085085 0 -0.4178663 4 0
12.5029 FirstCar -4.807287 0.025 2.97 0 90 0 0 0.7071068 0 0.7071068 3.231382 0
12.5046 Head -0.6626843 1.6 1.423954 10.875 330.2249 0 0.09157901 -0.255767 0.02434601 0.962083
12.5046 SecondCar 3.475318 0.025 6.894309 0 229.4627 0 0 0.9082792 0 -0.4183644 4 0
12.5046 FirstCar -4.801925 0.025 2.97 0 90 0 0 0.7071068 0 0.7071068 3.23536 0
12.5063 Head -0.6626843 1.6 1.426125 10.875 330.2249 0 0.09157901 -0.255767 0.02434601 0.962083
12.5063 SecondCar 3.468165 0.025 6.888096 0 229.5277 0 0 0.9080419 0 -0.4188794 4 0
12.5063 FirstCar -4.796373 0.025 2.97 0 90 0 0 0.7071068 0 0.7071068 3.239473 0
12.5079 Head -0.6626843 1.6 1.42837 10.875 330.2249 0 0.09157901 -0.255767 0.02434601 0.962083
12.5079 SecondCar 3.461406 0.025 6.882249 0 229.589 0 0 0.9078178 0 -0.4193648 4 0
12.5079 FirstCar -4.791131 0.025 2.97 0 90 0 0 0.7071068 0 0.7071068 3.243351 0
12.5097 Head -0.6626843 1.6 1.430487 10.875 330.2249 0 0.09157901 -0.255767 0.02434601 0.962083
12.5097 SecondCar 3.453749 0.025 6.875659 0 229.6582 0 0 0.9075644 0 -0.4199131 4 0
12.5097 FirstCar -4.785202 0.025 2.97 0 90 0 0 0.7071068 0 0.7071068 3.247733 0
12.5114 Head -0.6626843 1.6 1.432879 10.875 330.2249 0 0.09157901 -0.255767 0.02434601 0.962083
12.5114 SecondCar 3.446951 0.025 6.869833 0 229.7195 0 0 0.9073396 0 -0.4203986 4 0
12.5114 FirstCar -4.779943 0.025 2.97 0 90 0 0 0.7071068 0 0.7071068 3.251615 0
12.5129 Head -0.6626843 1.6 1.434997 10.875 330.2249 0 0.09157901 -0.255767 0.02434601 0.962083
12.5129 SecondCar 3.44038 0.025 6.864225 0 229.7786 0 0 0.9071226 0 -0.4208667 4 0
12.5129 FirstCar -4.774865 0.025 2.97 0 90 0 0 0.7071068 0 0.7071068 3.255358 0
12.5150 Head -0.6626843 1.6 1.437041 10.875 330.2249 0 0.09157901 -0.255767 0.02434601 0.962083
12.5150 SecondCar 3.431782 0.025 6.856924 0 229.8558 0 0 0.9068389 0 -0.4214775 4 0
12.5150 FirstCar -4.768228 0.025 2.97 0 90 0 0 0.7071068 0 0.7071068 3.260244 0
12.5166 Head -0.6626843 1.6 1.439708 10.875 330.2249 0 0.09157901 -0.255767 0.02434601 0.962083
12.5166 SecondCar 3.424594 0.025 6.850849 0 229.9201 0 0 0.9066021 0 -0.4219866 4 0
12.5166 FirstCar -4.762686 0.025 2.97 0 90 0 0 0.7071068 0 0.7071068 3.264318 0
12.5182 Head -0.6626843 1.6 1.441931 10.875 330.2249 0 0.09157901 -0.255767 0.02434601 0.962083
12.5182 SecondCar 3.41785 0.025 6.845174 0 229.9804 0 0 0.9063802 0 -0.4224631 4 0
12.5182 FirstCar -4.757493 0.025 2.97 0 90 0 0 0.7071068 0 0.7071068 3.268132 0
12.5199 Head -0.6626843 1.6 1.444013 10.875 330.2249 0 0.09157901 -0.255767 0.02434601 0.962083
12.5199 SecondCar 3.410773 0.025 6.839246 0 230.0434 0 0 0.9061476 0 -0.4229617 4 0
12.5199 FirstCar -4.752049 0.025 2.97 0 90 0 0 0.7071068 0 0.7071068 3.272125 0
12.5215 Head -0.6626843 1.6 1.446193 10.875 330.2249 0 0.09157901 -0.255767 0.02434601 0.962083
12.5215 SecondCar 3.403759 0.025 6.833395 0 230.1058 0 0 0.9059173 0 -0.4234548 4 0
12.5215 FirstCar -4.746659 0.025 2.97 0 90 0 0 0.7071068 0 0.7071068 3.276074 0
12.5231 Head -0.6626843 1.6 1.448348 10.875 330.2249 0 0.09157901 -0.255767 0.02434601 0.962083
12.5231 SecondCar 3.397036 0.025 6.827812 0 230.1654 0 0 0.9056968 0 -0.4239261 4 0
12.5231 FirstCar -4.741498 0.025 2.97 0 90 0 0 0.7071068 0 0.7071068 3.27985 0
12.5249 Head -0.6626843 1.6 1.450409 10.875 330.2249 0 0.09157901 -0.255767 0.02434601 0.962083
12.5249 SecondCar 3.389386 0.025 6.821486 0 230.2331 0 0 0.9054462 0 -0.424461 4 0
12.5249 FirstCar -4.735631 0.025 2.97 0 90 0 0 0.7071068 0 0.7071068 3.284137 0
12.5268 Head -0.6626843 1.6 1.452749 10.875 330.2249 0 0.09157901 -0.255767 0.02434601 0.962083
12.5268 SecondCar 3.381371 0.025 6.81489 0 230.3039 0 0 0.905184 0 -0.42502 4 0
12.5268 FirstCar -4.729491 0.025 2.97 0 90 0 0 0.7071068 0 0.7071068 3.288618 0
12.5285 Head -0.6626843 1.6 1.455196 10.875 330.2249 0 0.09157901 -0.255767 0.02434601 0.962083
12.5285 SecondCar 3.374135 0.025 6.808963 0 230.3676 0 0 0.9049475 0 -0.4255232 4 0
12.5285 FirstCar -4.723954 0.025 2.97 0 90 0 0 0.7071068 0 0.7071068 3.292654 0
12.5306 Head -0.6626843 1.6 1.457398 10.875 330.2249 0 0.09157901 -0.255767 0.02434601 0.962083
12.5306 SecondCar 3.364714 0.025 6.801288 0 230.4503 0 0 0.9046401 0 -0.4261763 4 0
12.5306 FirstCar -4.716754 0.025 2.97 0 90 0 0 0.7071068 0 0.7071068 3.297894 0
12.5327 Head -0.6626843 1.6 1.460258 10.875 330.2249 0 0.09157901 -0.255767 0.02434601 0.962083
12.5327 SecondCar 3.355728 0.025 6.794006 0 230.529 0 0 0.9043474 0 -0.4267973 4 0
12.5327 FirstCar -4.709896 0.025 2.97 0 90 0 0 0.7071068 0 0.7071068 3.302878 0
12.5348 Head -0.6626843 1.6 1.462979 10.875 330.2249 0 0.09157901 -0.255767 0.02434601 0.962083
12.5348 SecondCar 3.346871 0.025 6.786869 0 230.6063 0 0 0.9040591 0 -0.4274075 4 0
12.5348 FirstCar -4.703144 0.025 2.97 0 90 0 0 0.7071068 0 0.7071068 3.307777 0
12.5370 Head -0.6626843 1.6 1.465653 10.875 330.2249 0 0.09157901 -0.255767 0.02434601 0.962083
12.5370 SecondCar 3.336926 0.025 6.778901 0 230.6929 0 0 0.903736 0 -0.4280903 4 0
12.5370 FirstCar -4.695572 0.025 2.97 0 90 0 0 0.7071068 0 0.7071068 3.313261 0
12.5389 Head -0.6626843 1.6 1.468646 10.875 330.2249 0 0.09157901 -0.255767 0.02434601 0.962083
12.5389 SecondCar 3.328845 0.025 6.772462 0 230.763 0 0 0.9034738 0 -0.4286434 4 0
12.5389 FirstCar -4.689429 0.025 2.97 0 90 0 0 0.7071068 0 0.7071068 3.317705 0
12.5406 Head -0.6626843 1.6 1.471072 10.875 330.2249 0 0.09157901 -0.255767 0.02434601 0.962083
12.5406 SecondCar 3.321364 0.025 6.766529 0 230.8278 0 0 0.9032314 0 -0.4291539 4 0
12.5406 FirstCar -4.683749 0.025 2.97 0 90 0 0 0.7071068 0 0.7071068 3.321809 0
12.5424 Head -0.6626843 1.6 1.473312 10.875 330.2249 0 0.09157901 -0.255767 0.02434601 0.962083
12.5424 SecondCar 3.313658 0.025 6.760445 0 230.8943 0 0 0.9029819 0 -0.4296785 4 0
12.5424 FirstCar -4.677903 0.025 2.97 0 90 0 0 0.7071068 0 0.7071068 3.326028 0
12.5440 Head -0.6626843 1.6 1.475615 10.875 330.2249 0 0.09157901 -0.255767 0.02434601 0.962083
12.5440 SecondCar 3.306443 0.025 6.754774 0 230.9565 0 0 0.9027486 0 -0.4301684 4 0
12.5440 FirstCar -4.672436 0.025 2.97 0 90 0 0 0.7071068 0 0.7071068 3.329968 0
12.5461 Head -0.6626843 1.6 1.477765 10.875 330.2249 0 0.09157901 -0.255767 0.02434601 0.962083
12.5461 SecondCar 3.297103 0.025 6.747471 0 231.0368 0 0 0.9024471 0 -0.4308008 4 0
12.5461 FirstCar -4.665366 0.025 2.97 0 90 0 0 0.7071068 0 0.7071068 3.335056 0
12.5479 Head -0.6626843 1.6 1.480542 10.875 330.2249 0 0.09157901 -0.255767 0.02434601 0.962083
12.5479 SecondCar 3.289253 0.025 6.741363 0 231.1041 0 0 0.902194 0 -0.4313307 4 0
12.5479 FirstCar -4.659431 0.025 2.97 0 90 0 0 0.7071068 0 0.7071068 3.339321 0
12.5498 Head -0.6626843 1.6 1.482871 10.875 330.2249 0 0.09157901 -0.255767 0.02434601 0.962083
12.5498 SecondCar 3.280983 0.025 6.734962 0 231.1748 0 0 0.9019276 0 -0.4318873 4 0
12.5498 FirstCar -4.653186 0.025 2.97 0 90 0 0 0.7071068 0 0.7071068 3.343803 0
12.5514 Head -0.6626843 1.6 1.485317 10.875 330.2249 0 0.09157901 -0.255767 0.02434601 0.962083
12.5514 SecondCar 3.273668 0.025 6.729323 0 231.2372 0 0 0.9016922 0 -0.4323785 4 0
12.5514 FirstCar -4.647668 0.025 2.97 0 90 0 0 0.7071068 0 0.7071068 3.347759 0
12.5530 Head -0.6626843 1.6 1.487476 10.875 330.2249 0 0.09157901 -0.255767 0.02434601 0.962083
12.5530 SecondCar 3.266597 0.025 6.723898 0 231.2974 0 0 0.9014651 0 -0.432852 4 0
12.5530 FirstCar -4.64234 0.025 2.97 0 90 0 0 0.7071068 0 0.7071068 3.351575 0
12.5545 Head -0.6626843 1.6 1.489559 10.875 330.2249 0 0.09157901 -0.255767 0.02434601 0.962083
12.5545 SecondCar 3.259741 0.025 6.718658 0 231.3556 0 0 0.9012449 0 -0.4333102 4 0
12.5545 FirstCar -4.637177 0.025 2.97 0 90 0 0 0.7071068 0 0.7071068 3.355268 0
12.5561 Head -0.6626843 1.6 1.491575 10.875 330.2249 0 0.09157901 -0.255767 0.02434601 0.962083
12.5561 SecondCar 3.25294 0.025 6.713482 0 231.4133 0 0 0.9010268 0 -0.4337635 4 0
12.5561 FirstCar -4.632061 0.025 2.97 0 90 0 0 0.7071068 0 0.7071068 3.358922 0
12.5576 Head -0.6626843 1.6 1.49357 10.875 330.2249 0 0.09157901 -0.255767 0.02434601 0.962083
12.5576 SecondCar 3.245908 0.025 6.708152 0 231.4727 0 0 0.9008015 0 -0.4342311 4 0
12.5576 FirstCar -4.626778 0.025 2.97 0 90 0 0 0.7071068 0 0.7071068 3.362694 0
12.5592 Head -0.6626843 1.6 1.495628 10.875 330.2249 0 0.09157901 -0.255767 0.02434601 0.962083
12.5592 SecondCar 3.238955 0.025 6.702904 0 231.5314 0 0 0.900579 0 -0.4346924 4 0
12.5592 FirstCar -4.621558 0.025 2.97 0 90 0 0 0.7071068 0 0.7071068 3.366415 0
12.5608 Head -0.6626843 1.6 1.497659 10.875 330.2249 0 0.09157901 -0.255767 0.02434601 0.962083
12.5608 SecondCar 3.231828 0.025 6.697547 0 231.5915 0 0 0.9003511 0 -0.4351643 4 0
12.5608 FirstCar -4.616212 0.025 2.97 0 90 0 0 0.7071068 0 0.7071068 3.370222 0
12.5624 Head -0.6626843 1.6 1.499737 10.875 330.2249 0 0.09157901 -0.255767 0.02434601 0.962083
12.5624 SecondCar 3.224651 0.025 6.692174 0 231.6518 0 0 0.9001219 0 -0.4356382 4 0
12.5624 FirstCar -4.610833 0.025 2.97 0 90 0 0 0.7071068 0 0.7071068 3.374048 0
12.5640 Head -0.6626843 1.6 1.501826 10.875 330.2249 0 0.09157901 -0.255767 0.02434601 0.962083
12.5640 SecondCar 3.217307 0.025 6.6867 0 231.7134 0 0 0.8998876 0 -0.436122 4 0
12.5640 FirstCar -4.605335 0.025 2.97 0 90 0 0 0.7071068 0 0.7071068 3.377955 0
12.5659 Head -0.6626843 1.6 1.503958 10.875 330.2249 0 0.09157901 -0.255767 0.02434601 0.962083
12.5659 SecondCar 3.208528 0.025 6.680188 0 231.7869 0 0 0.8996078 0 -0.4366988 4 0
12.5659 FirstCar -4.598768 0.025 2.97 0 90 0 0 0.7071068 0 0.7071068 3.382614 0
12.5678 Head -0.6626843 1.6 1.506501 10.875 330.2249 0 0.09157901 -0.255767 0.02434601 0.962083
12.5678 SecondCar 3.200195 0.025 6.674037 0 231.8564 0 0 0.8993426 0 -0.4372448 4 0
12.5678 FirstCar -4.592542 0.025 2.97 0 90 0 0 0.7071068 0 0.7071068 3.387026 0
12.5696 Head -0.6626843 1.6 1.508909 10.875 330.2249 0 0.09157901 -0.255767 0.02434601 0.962083
12.5696 SecondCar 3.191768 0.025 6.667848 0 231.9266 0 0 0.8990747 0 -0.4377953 4 0
12.5696 FirstCar -4.586253 0.025 2.97 0 90 0 0 0.7071068 0 0.7071068 3.391476 0
12.5712 Head -0.6626843 1.6 1.511338 10.875 330.2249 0 0.09157901 -0.255767 0.02434601 0.962083
12.5712 SecondCar 3.184463 0.025 6.662506 0 231.9873 0 0 0.8988427 0 -0.4382714 4 0
12.5712 FirstCar -4.580806 0.025 2.97 0 90 0 0 0.7071068 0 0.7071068 3.395326 0
12.5728 Head -0.6626843 1.6 1.51344 10.875 330.2249 0 0.09157901 -0.255767 0.02434601 0.962083
12.5728 SecondCar 3.177509 0.025 6.657443 0 232.0449 0 0 0.8986221 0 -0.4387235 4 0
12.5728 FirstCar -4.575626 0.025 2.97 0 90 0 0 0.7071068 0 0.7071068 3.398983 0
12.5743 Head -0.6626843 1.6 1.515436 10.875 330.2249 0 0.09157901 -0.255767 0.02434601 0.962083
12.5743 SecondCar 3.170354 0.025 6.652254 0 232.1041 0 0 0.8983954 0 -0.4391877 4 0
12.5743 FirstCar -4.570302 0.025 2.97 0 90 0 0 0.7071068 0 0.7071068 3.402739 0
12.5760 Head -0.6626843 1.6 1.517486 10.875 330.2249 0 0.09157901 -0.255767 0.02434601 0.962083
12.5760 SecondCar 3.162791 0.025 6.646792 0 232.1666 0 0 0.8981559 0 -0.4396771 4 0
12.5760 FirstCar -4.564679 0.025 2.97 0 90 0 0 0.7071068 0 0.7071068 3.4067 0
12.5780 Head -0.6626843 1.6 1.519649 10.875 330.2249 0 0.09157901 -0.255767 0.02434601 0.962083
12.5780 SecondCar 3.153543 0.025 6.640148 0 232.2427 0 0 0.8978635 0 -0.4402739 4 0
12.5780 FirstCar -4.55781 0.025 2.97 0 90 0 0 0.7071068 0 0.7071068 3.411533 0
12.5797 Head -0.6626843 1.6 1.522286 10.875 330.2249 0 0.09157901 -0.255767 0.02434601 0.962083
12.5797 SecondCar 3.145859 0.025 6.634653 0 232.3058 0 0 0.8976209 0 -0.4407685 4 0
12.5797 FirstCar -4.552108 0.025 2.97 0 90 0 0 0.7071068 0 0.7071068 3.415539 0
12.5812 Head -0.6626843 1.6 1.524473 10.875 330.2249 0 0.09157901 -0.255767 0.02434601 0.962083
12.5812 SecondCar 3.13864 0.025 6.629513 0 232.365 0 0 0.897393 0 -0.4412321 4 0
12.5812 FirstCar -4.546757 0.025 2.97 0 90 0 0 0.7071068 0 0.7071068 3.419295 0
12.5827 Head -0.6626843 1.6 1.526523 10.875 330.2249 0 0.09157901 -0.255767 0.02434601 0.962083
12.5827 SecondCar 3.131711 0.025 6.624599 0 232.4217 0 0 0.8971747 0 -0.441676 4 0
12.5827 FirstCar -4.541625 0.025 2.97 0 90 0 0 0.7071068 0 0.7071068 3.422893 0
12.5842 Head -0.6626843 1.6 1.528487 10.875 330.2249 0 0.09157901 -0.255767 0.02434601 0.962083
12.5842 SecondCar 3.124713 0.025 6.619656 0 232.4789 0 0 0.8969543 0 -0.4421234 4 0
12.5842 FirstCar -4.536446 0.025 2.97 0 90 0 0 0.7071068 0 0.7071068 3.426521 0
12.5859 Head -0.6626843 1.6 1.530467 10.875 330.2249 0 0.09157901 -0.255767 0.02434601 0.962083
12.5859 SecondCar 3.11704 0.025 6.614259 0 232.5414 0 0 0.8967129 0 -0.4426127 4 0
12.5859 FirstCar -4.530773 0.025 2.97 0 90 0 0 0.7071068 0 0.7071068 3.43049 0
12.5875 Head -0.6626843 1.6 1.532634 10.875 330.2249 0 0.09157901 -0.255767 0.02434601 0.962083
12.5875 SecondCar 3.109418 0.025 6.608923 0 232.6034 0 0 0.8964734 0 -0.4430976 4 0
12.5875 FirstCar -4.525144 0.025 2.97 0 90 0 0 0.7071068 0 0.7071068 3.434424 0
12.5898 Head -0.6626843 1.6 1.534781 10.875 330.2249 0 0.09157901 -0.255767 0.02434601 0.962083
12.5898 SecondCar 3.098646 0.025 6.601418 0 232.6907 0 0 0.8961353 0 -0.443781 4 0
12.5898 FirstCar -4.517193 0.025 2.97 0 90 0 0 0.7071068 0 0.7071068 3.43997 0
12.5917 Head -0.6626843 1.6 1.537808 10.875 330.2249 0 0.09157901 -0.255767 0.02434601 0.962083
12.5917 SecondCar 3.089764 0.025 6.595266 0 232.7626 0 0 0.8958569 0 -0.4443427 4 0
12.5917 FirstCar -4.510647 0.025 2.97 0 90 0 0 0.7071068 0 0.7071068 3.444531 0
12.5936 Head -0.6626843 1.6 1.540298 10.875 330.2249 0 0.09157901 -0.255767 0.02434601 0.962083
12.5936 SecondCar 3.081094 0.025 6.58929 0 232.8326 0 0 0.8955855 0 -0.4448895 4 0
12.5936 FirstCar -4.504264 0.025 2.97 0 90 0 0 0.7071068 0 0.7071068 3.448973 0
12.5959 Head -0.6626843 1.6 1.542723 10.875 330.2249 0 0.09157901 -0.255767 0.02434601 0.962083
12.5959 SecondCar 3.070038 0.025 6.581712 0 232.9215 0 0 0.8952398 0 -0.4455847 4 0
12.5959 FirstCar -4.496132 0.025 2.97 0 90 0 0 0.7071068 0 0.7071068 3.454623 0
12.5981 Head -0.6626843 1.6 1.545806 10.875 330.2249 0 0.09157901 -0.255767 0.02434601 0.962083
12.5981 SecondCar 3.059973 0.025 6.574854 0 233.0023 0 0 0.8949256 0 -0.4462155 4 0
12.5981 FirstCar -4.488738 0.025 2.97 0 90 0 0 0.7071068 0 0.7071068 3.459752 0
12.6001 Head -0.6626843 1.6 1.548606 10.875 330.2249 0 0.09157901 -0.255767 0.02434601 0.962083
12.6001 SecondCar 3.050518 0.025 6.568447 0 233.0779 0 0 0.8946307 0 -0.4468063 4 0
12.6001 FirstCar -4.481801 0.025 2.97 0 90 0 0 0.7071068 0 0.7071068 3.464558 0
12.6018 Other Head Road_Enter
12.6018 Head -0.6626843 1.6 1.551229 10.875 330.2249 0 0.09157901 -0.255767 0.02434601 0.962083
12.6018 SecondCar 3.042147 0.025 6.562804 0 233.1447 0 0 0.8943701 0 -0.4473279 4 0
12.6018 FirstCar -4.475666 0.025 2.97 0 90 0 0 0.7071068 0 0.7071068 3.468802 0
12.6036 Head -0.6626843 1.6 1.553546 10.875 330.2249 0 0.09157901 -0.255767 0.02434601 0.962083
12.6036 SecondCar 3.033885 0.025 6.55726 0 233.2105 0 0 0.8941131 0 -0.4478413 4 0
12.6036 FirstCar -4.469617 0.025 2.97 0 90 0 0 0.7071068 0 0.7071068 3.472982 0
12.6056 Head -0.6626843 1.6 1.555827 10.875 330.2249 0 0.09157901 -0.255767 0.02434601 0.962083
12.6056 SecondCar 3.024531 0.025 6.551013 0 233.2849 0 0 0.8938224 0 -0.4484213 4 0
12.6056 FirstCar -4.462774 0.025 2.97 0 90 0 0 0.7071068 0 0.7071068 3.477705 0
12.6074 Head -0.6626843 1.6 1.558405 10.875 330.2249 0 0.09157901 -0.255767 0.02434601 0.962083
12.6074 SecondCar 3.015852 0.025 6.545247 0 233.3537 0 0 0.893553 0 -0.4489577 4 0
12.6074 FirstCar -4.456433 0.025 2.97 0 90 0 0 0.7071068 0 0.7071068 3.482076 0
12.6094 Head -0.6626843 1.6 1.560791 10.875 330.2249 0 0.09157901 -0.255767 0.02434601 0.962083
12.6094 SecondCar 3.006379 0.025 6.538985 0 233.4286 0 0 0.8932593 0 -0.4495417 4 0
12.6094 FirstCar -4.449517 0.025 2.97 0 90 0 0 0.7071068 0 0.7071068 3.486836 0
12.6110 Head -0.6626843 1.6 1.563389 10.875 330.2249 0 0.09157901 -0.255767 0.02434601 0.962083
12.6110 SecondCar 2.998339 0.025 6.533696 0 233.492 0 0 0.8930104 0 -0.4500362 4 0
12.6110 FirstCar -4.443654 0.025 2.97 0 90 0 0 0.7071068 0 0.7071068 3.490867 0
12.6127 Head -0.6626843 1.6 1.565589 10.875 330.2249 0 0.09157901 -0.255767 0.02434601 0.962083
12.6127 SecondCar 2.990558 0.025 6.5286 0 233.5533 0 0 0.8927696 0 -0.4505135 4 0
12.6127 FirstCar -4.437985 0.025 2.97 0 90 0 0 0.7071068 0 0.7071068 3.494761 0
12.6142 Head -0.6626843 1.6 1.567714 10.875 330.2249 0 0.09157901 -0.255767 0.02434601 0.962083
12.6142 SecondCar 2.983177 0.025 6.523786 0 233.6112 0 0 0.8925416 0 -0.4509652 4 0
12.6142 FirstCar -4.432612 0.025 2.97 0 90 0 0 0.7071068 0 0.7071068 3.498446 0
12.6158 Head -0.6626843 1.6 1.569726 10.875 330.2249 0 0.09157901 -0.255767 0.02434601 0.962083
12.6158 SecondCar 2.975666 0.025 6.518908 0 233.6701 0 0 0.8923097 0 -0.4514238 4 0
12.6158 FirstCar -4.427149 0.025 2.97 0 90 0 0 0.7071068 0 0.7071068 3.50219 0
12.6174 Head -0.6626843 1.6 1.57177 10.875 330.2249 0 0.09157901 -0.255767 0.02434601 0.962083
12.6174 SecondCar 2.967876 0.025 6.513869 0 233.7311 0 0 0.8920694 0 -0.4518985 4 0
12.6174 FirstCar -4.421487 0.025 2.97 0 90 0 0 0.7071068 0 0.7071068 3.506066 0
12.6189 Head -0.6626843 1.6 1.573885 10.875 330.2249 0 0.09157901 -0.255767 0.02434601 0.962083
12.6189 SecondCar 2.960545 0.025 6.509148 0 233.7884 0 0 0.8918435 0 -0.4523442 4 0
12.6189 FirstCar -4.416164 0.025 2.97 0 90 0 0 0.7071068 0 0.7071068 3.509706 0
12.6204 Head -0.6626843 1.6 1.575872 10.875 330.2249 0 0.09157901 -0.255767 0.02434601 0.962083
12.6204 SecondCar 2.953318 0.025 6.504513 0 233.8447 0 0 0.891621 0 -0.4527826 4 0
12.6204 FirstCar -4.410921 0.025 2.97 0 90 0 0 0.7071068 0 0.7071068 3.513288 0
12.6219 Head -0.6626843 1.6 1.577827 10.875 330.2249 0 0.09157901 -0.255767 0.02434601 0.962083
12.6219 SecondCar 2.946084 0.025 6.499891 0 233.901 0 0 0.8913984 0 -0.4532205 4 0
12.6219 FirstCar -4.405676 0.025 2.97 0 90 0 0 0.7071068 0 0.7071068 3.516866 0
12.6234 Head -0.6626843 1.6 1.57978 10.875 330.2249 0 0.09157901 -0.255767 0.02434601 0.962083
12.6234 SecondCar 2.938726 0.025 6.495209 0 233.9581 0 0 0.8911723 0 -0.4536649 4 0
12.6234 FirstCar -4.400346 0.025 2.97 0 90 0 0 0.7071068 0 0.7071068 3.5205 0
12.6255 Head -0.6626843 1.6 1.581764 10.875 330.2249 0 0.09157901 -0.255767 0.02434601 0.962083
12.6255 SecondCar 2.928671 0.025 6.488841 0 234.036 0 0 0.8908637 0 -0.4542707 4 0
12.6255 FirstCar -4.393067 0.025 2.97 0 90 0 0 0.7071068 0 0.7071068 3.525455 0
12.6274 Head -0.6626843 1.6 1.584468 10.875 330.2249 0 0.09157901 -0.255767 0.02434601 0.962083
12.6274 SecondCar 2.91915 0.025 6.482844 0 234.1096 0 0 0.8905718 0 -0.4548427 4 0
12.6274 FirstCar -4.386183 0.025 2.97 0 90 0 0 0.7071068 0 0.7071068 3.530135 0
12.6294 Head -0.6626843 1.6 1.587023 10.875 330.2249 0 0.09157901 -0.255767 0.02434601 0.962083
12.6294 SecondCar 2.909209 0.025 6.476615 0 234.1863 0 0 0.8902674 0 -0.4554383 4 0
12.6294 FirstCar -4.379002 0.025 2.97 0 90 0 0 0.7071068 0 0.7071068 3.535011 0
12.6312 Head -0.6626843 1.6 1.589684 10.875 330.2249 0 0.09157901 -0.255767 0.02434601 0.962083
12.6312 SecondCar 2.90047 0.025 6.471168 0 234.2535 0 0 0.89 0 -0.4559605 4 0
12.6312 FirstCar -4.372696 0.025 2.97 0 90 0 0 0.7071068 0 0.7071068 3.539287 0
12.6329 Head -0.6626843 1.6 1.592018 10.875 330.2249 0 0.09157901 -0.255767 0.02434601 0.962083
12.6329 SecondCar 2.892145 0.025 6.466002 0 234.3174 0 0 0.8897457 0 -0.4564566 4 0
12.6329 FirstCar -4.366694 0.025 2.97 0 90 0 0 0.7071068 0 0.7071068 3.543351 0
12.6344 Head -0.6626843 1.6 1.594237 10.875 330.2249 0 0.09157901 -0.255767 0.02434601 0.962083
12.6344 SecondCar 2.884573 0.025 6.461325 0 234.3754 0 0 0.8895146 0 -0.4569069 4 0
12.6344 FirstCar -4.361241 0.025 2.97 0 90 0 0 0.7071068 0 0.7071068 3.547041 0
12.6361 Head -0.6626843 1.6 1.596251 10.875 330.2249 0 0.09157901 -0.255767 0.02434601 0.962083
12.6361 SecondCar 2.876433 0.025 6.456318 0 234.4376 0 0 0.8892663 0 -0.4573898 4 0
12.6361 FirstCar -4.355383 0.025 2.97 0 90 0 0 0.7071068 0 0.7071068 3.551001 0
12.6376 Head -0.6626843 1.6 1.598412 10.875 330.2249 0 0.09157901 -0.255767 0.02434601 0.962083
12.6376 SecondCar 2.868778 0.025 6.451629 0 234.496 0 0 0.8890331 0 -0.457843 4 0
12.6376 FirstCar -4.349878 0.025 2.97 0 90 0 0 0.7071068 0 0.7071068 3.554717 0
12.6391 Head -0.6626843 1.6 1.600441 10.875 330.2249 0 0.09157901 -0.255767 0.02434601 0.962083
12.6391 SecondCar 2.861363 0.025 6.447105 0 234.5525 0 0 0.8888074 0 -0.458281 4 0
12.6391 FirstCar -4.34455 0.025 2.97 0 90 0 0 0.7071068 0 0.7071068 3.558311 0
12.6408 Head -0.6626843 1.6 1.602402 10.875 330.2249 0 0.09157901 -0.255767 0.02434601 0.962083
12.6408 SecondCar 2.853377 0.025 6.442255 0 234.6132 0 0 0.8885645 0 -0.4587517 4 0
12.6408 FirstCar -4.338816 0.025 2.97 0 90 0 0 0.7071068 0 0.7071068 3.562174 0
12.6424 Head -0.6626843 1.6 1.604511 10.875 330.2249 0 0.09157901 -0.255767 0.02434601 0.962083
12.6424 SecondCar 2.844953 0.025 6.43716 0 234.6771 0 0 0.8883086 0 -0.4592471 4 0
12.6424 FirstCar -4.332772 0.025 2.97 0 90 0 0 0.7071068 0 0.7071068 3.566241 0
12.6440 Head -0.6626843 1.6 1.606731 10.875 330.2249 0 0.09157901 -0.255767 0.02434601 0.962083
12.6440 SecondCar 2.836994 0.025 6.432368 0 234.7373 0 0 0.888067 0 -0.4597141 4 0
12.6440 FirstCar -4.327068 0.025 2.97 0 90 0 0 0.7071068 0 0.7071068 3.570076 0
12.6457 Head -0.6626843 1.6 1.608824 10.875 330.2249 0 0.09157901 -0.255767 0.02434601 0.962083
12.6457 SecondCar 2.828543 0.025 6.427302 0 234.8011 0 0 0.8878108 0 -0.4602088 4 0
12.6457 FirstCar -4.321015 0.025 2.97 0 90 0 0 0.7071068 0 0.7071068 3.574141 0
12.6473 Head -0.6626843 1.6 1.611043 10.875 330.2249 0 0.09157901 -0.255767 0.02434601 0.962083
12.6473 SecondCar 2.820627 0.025 6.422578 0 234.8608 0 0 0.887571 0 -0.460671 4 0
12.6473 FirstCar -4.315351 0.025 2.97 0 90 0 0 0.7071068 0 0.7071068 3.57794 0
12.6492 Head -0.6626843 1.6 1.613117 10.875 330.2249 0 0.09157901 -0.255767 0.02434601 0.962083
12.6492 SecondCar 2.811126 0.025 6.416934 0 234.9323 0 0 0.8872834 0 -0.4612246 4 0
12.6492 FirstCar -4.308557 0.025 2.97 0 90 0 0 0.7071068 0 0.7071068 3.582492 0
12.6508 Head -0.6626843 1.6 1.615601 10.875 330.2249 0 0.09157901 -0.255767 0.02434601 0.962083
12.6508 SecondCar 2.803258 0.025 6.412283 0 234.9914 0 0 0.8870456 0 -0.4616818 4 0
12.6508 FirstCar -4.302936 0.025 2.97 0 90 0 0 0.7071068 0 0.7071068 3.586253 0
12.6523 Head -0.6626843 1.6 1.617654 10.875 330.2249 0 0.09157901 -0.255767 0.02434601 0.962083
12.6523 SecondCar 2.795641 0.025 6.407799 0 235.0484 0 0 0.8868155 0 -0.4621235 4 0
12.6523 FirstCar -4.297498 0.025 2.97 0 90 0 0 0.7071068 0 0.7071068 3.589888 0
12.6540 Head -0.6626843 1.6 1.619639 10.875 330.2249 0 0.09157901 -0.255767 0.02434601 0.962083
12.6540 SecondCar 2.78715 0.025 6.402821 0 235.1119 0 0 0.8865594 0 -0.4626149 4 0
12.6540 FirstCar -4.291442 0.025 2.97 0 90 0 0 0.7071068 0 0.7071068 3.593933 0
12.6565 Head -0.6626843 1.6 1.621846 10.875 330.2249 0 0.09157901 -0.255767 0.02434601 0.962083
12.6565 SecondCar 2.774543 0.025 6.395472 0 235.206 0 0 0.8861794 0 -0.4633423 4 0
12.6565 FirstCar -4.282456 0.025 2.97 0 90 0 0 0.7071068 0 0.7071068 3.599924 0
12.6584 Head -0.6626843 1.6 1.625116 10.875 330.2249 0 0.09157901 -0.255767 0.02434601 0.962083
12.6584 SecondCar 2.764674 0.025 6.389753 0 235.2794 0 0 0.8858824 0 -0.46391 4 0
12.6584 FirstCar -4.275431 0.025 2.97 0 90 0 0 0.7071068 0 0.7071068 3.604601 0
12.6602 Head -0.6626843 1.6 1.627669 10.875 330.2249 0 0.09157901 -0.255767 0.02434601 0.962083
12.6602 SecondCar 2.755536 0.025 6.384485 0 235.3472 0 0 0.8856077 0 -0.4644342 4 0
12.6602 FirstCar -4.268932 0.025 2.97 0 90 0 0 0.7071068 0 0.7071068 3.608923 0
12.6621 Head -0.6626843 1.6 1.630028 10.875 330.2249 0 0.09157901 -0.255767 0.02434601 0.962083
12.6621 SecondCar 2.746054 0.025 6.379045 0 235.4174 0 0 0.8853229 0 -0.4649768 4 0
12.6621 FirstCar -4.262195 0.025 2.97 0 90 0 0 0.7071068 0 0.7071068 3.613398 0
12.6640 Head -0.6626843 1.6 1.632471 10.875 330.2249 0 0.09157901 -0.255767 0.02434601 0.962083
12.6640 SecondCar 2.736579 0.025 6.373638 0 235.4874 0 0 0.8850387 0 -0.4655176 4 0
12.6640 FirstCar -4.255469 0.025 2.97 0 90 0 0 0.7071068 0 0.7071068 3.617859 0
12.6658 Head -0.6626843 1.6 1.634906 10.875 330.2249 0 0.09157901 -0.255767 0.02434601 0.962083
12.6658 SecondCar 2.727032 0.025 6.368216 0 235.5578 0 0 0.8847526 0 -0.4660611 4 0
12.6658 FirstCar -4.248698 0.025 2.97 0 90 0 0 0.7071068 0 0.7071068 3.622345 0
12.6676 Head -0.6626843 1.6 1.637355 10.875 330.2249 0 0.09157901 -0.255767 0.02434601 0.962083
12.6676 SecondCar 2.718069 0.025 6.363151 0 235.6238 0 0 0.8844842 0 -0.4665701 4 0
12.6676 FirstCar -4.242347 0.025 2.97 0 90 0 0 0.7071068 0 0.7071068 3.626549 0
12.6696 Head -0.6626843 1.6 1.639649 10.875 330.2249 0 0.09157901 -0.255767 0.02434601 0.962083
12.6696 SecondCar 2.707644 0.025 6.357291 0 235.7003 0 0 0.8841725 0 -0.4671606 4 0
12.6696 FirstCar -4.234966 0.025 2.97 0 90 0 0 0.7071068 0 0.7071068 3.631427 0
12.6714 Head -0.6626843 1.6 1.642312 10.875 330.2249 0 0.09157901 -0.255767 0.02434601 0.962083
12.6714 SecondCar 2.698629 0.025 6.352248 0 235.7663 0 0 0.8839033 0 -0.4676699 4 0
12.6714 FirstCar -4.22859 0.025 2.97 0 90 0 0 0.7071068 0 0.7071068 3.635636 0
12.6731 Head -0.6626843 1.6 1.644609 10.875 330.2249 0 0.09157901 -0.255767 0.02434601 0.962083
12.6731 SecondCar 2.689889 0.025 6.347383 0 235.8302 0 0 0.8836424 0 -0.4681624 4 0
12.6731 FirstCar -4.222414 0.025 2.97 0 90 0 0 0.7071068 0 0.7071068 3.639708 0
12.6748 Head -0.6626843 1.6 1.646832 10.875 330.2249 0 0.09157901 -0.255767 0.02434601 0.962083
12.6748 SecondCar 2.681053 0.025 6.342486 0 235.8946 0 0 0.883379 0 -0.4686593 4 0
12.6748 FirstCar -4.216174 0.025 2.97 0 90 0 0 0.7071068 0 0.7071068 3.643818 0
12.6765 Head -0.6626843 1.6 1.649075 10.875 330.2249 0 0.09157901 -0.255767 0.02434601 0.962083
12.6765 SecondCar 2.672142 0.025 6.337572 0 235.9595 0 0 0.8831137 0 -0.4691592 4 0
12.6765 FirstCar -4.209887 0.025 2.97 0 90 0 0 0.7071068 0 0.7071068 3.647954 0
12.6781 Head -0.6626843 1.6 1.651333 10.875 330.2249 0 0.09157901 -0.255767 0.02434601 0.962083
12.6781 SecondCar 2.663908 0.025 6.333051 0 236.0193 0 0 0.8828686 0 -0.46962 4 0
12.6781 FirstCar -4.204082 0.025 2.97 0 90 0 0 0.7071068 0 0.7071068 3.651769 0
12.6797 Head -0.6626843 1.6 1.653415 10.875 330.2249 0 0.09157901 -0.255767 0.02434601 0.962083
12.6797 SecondCar 2.655722 0.025 6.328576 0 236.0786 0 0 0.8826253 0 -0.4700772 4 0
12.6797 FirstCar -4.198315 0.025 2.97 0 90 0 0 0.7071068 0 0.7071068 3.655555 0
12.6812 Head -0.6626843 1.6 1.655482 10.875 330.2249 0 0.09157901 -0.255767 0.02434601 0.962083
12.6812 SecondCar 2.647699 0.025 6.32421 0 236.1367 0 0 0.8823871 0 -0.4705242 4 0
12.6812 FirstCar -4.192668 0.025 2.97 0 90 0 0 0.7071068 0 0.7071068 3.659259 0
12.6827 Head -0.6626843 1.6 1.657503 10.875 330.2249 0 0.09157901 -0.255767 0.02434601 0.962083
12.6827 SecondCar 2.639798 0.025 6.319926 0 236.1937 0 0 0.8821526 0 -0.4709637 4 0
12.6827 FirstCar -4.18711 0.025 2.97 0 90 0 0 0.7071068 0 0.7071068 3.662901 0
12.6843 Head -0.6626843 1.6 1.659491 10.875 330.2249 0 0.09157901 -0.255767 0.02434601 0.962083
12.6843 SecondCar 2.631782 0.025 6.315599 0 236.2515 0 0 0.881915 0 -0.4714085 4 0
12.6843 FirstCar -4.181475 0.025 2.97 0 90 0 0 0.7071068 0 0.7071068 3.666589 0
12.6858 Head -0.6626843 1.6 1.661505 10.875 330.2249 0 0.09157901 -0.255767 0.02434601 0.962083
12.6858 SecondCar 2.62359 0.025 6.311196 0 236.3105 0 0 0.8816723 0 -0.4718622 4 0
12.6858 FirstCar -4.17572 0.025 2.97 0 90 0 0 0.7071068 0 0.7071068 3.670352 0
12.6876 Head -0.6626843 1.6 1.663558 10.875 330.2249 0 0.09157901 -0.255767 0.02434601 0.962083
12.6876 SecondCar 2.614204 0.025 6.306174 0 236.3779 0 0 0.8813946 0 -0.4723808 4 0
12.6876 FirstCar -4.169133 0.025 2.97 0 90 0 0 0.7071068 0 0.7071068 3.674654 0
12.6900 Head -0.6626843 1.6 1.665907 10.875 330.2249 0 0.09157901 -0.255767 0.02434601 0.962083
12.6900 SecondCar 2.601832 0.025 6.299592 0 236.4665 0 0 0.881029 0 -0.4730625 4 0
12.6900 FirstCar -4.160455 0.025 2.97 0 90 0 0 0.7071068 0 0.7071068 3.680313 0
12.6919 Head -0.6626843 1.6 1.668995 10.875 330.2249 0 0.09157901 -0.255767 0.02434601 0.962083
12.6919 SecondCar 2.591606 0.025 6.294184 0 236.5396 0 0 0.8807271 0 -0.4736242 4 0
12.6919 FirstCar -4.153291 0.025 2.97 0 90 0 0 0.7071068 0 0.7071068 3.684979 0
12.6937 Head -0.6626843 1.6 1.671542 10.875 330.2249 0 0.09157901 -0.255767 0.02434601 0.962083
12.6937 SecondCar 2.582151 0.025 6.289209 0 236.607 0 0 0.8804482 0 -0.4741423 4 0
12.6937 FirstCar -4.146673 0.025 2.97 0 90 0 0 0.7071068 0 0.7071068 3.689284 0
12.6956 Head -0.6626843 1.6 1.673892 10.875 330.2249 0 0.09157901 -0.255767 0.02434601 0.962083
12.6956 SecondCar 2.572368 0.025 6.284087 0 236.6767 0 0 0.88016 0 -0.4746771 4 0
12.6956 FirstCar -4.139831 0.025 2.97 0 90 0 0 0.7071068 0 0.7071068 3.69373 0
12.6972 Head -0.6626843 1.6 1.676319 10.875 330.2249 0 0.09157901 -0.255767 0.02434601 0.962083
12.6972 SecondCar 2.563745 0.025 6.279594 0 236.7379 0 0 0.8799062 0 -0.4751473 4 0
12.6972 FirstCar -4.133805 0.025 2.97 0 90 0 0 0.7071068 0 0.7071068 3.697641 0
12.6988 Head -0.6626843 1.6 1.678453 10.875 330.2249 0 0.09157901 -0.255767 0.02434601 0.962083
12.6988 SecondCar 2.555364 0.025 6.275247 0 236.7973 0 0 0.8796598 0 -0.4756034 4 0
12.6988 FirstCar -4.127954 0.025 2.97 0 90 0 0 0.7071068 0 0.7071068 3.701435 0
12.7003 Head -0.6626843 1.6 1.680525 10.875 330.2249 0 0.09157901 -0.255767 0.02434601 0.962083
12.7003 SecondCar 2.547242 0.025 6.271052 0 236.8547 0 0 0.8794212 0 -0.4760444 4 0
12.7003 FirstCar -4.122287 0.025 2.97 0 90 0 0 0.7071068 0 0.7071068 3.705105 0
12.7018 Head -0.6626843 1.6 1.682528 10.875 330.2249 0 0.09157901 -0.255767 0.02434601 0.962083
12.7018 SecondCar 2.539151 0.025 6.266891 0 236.9119 0 0 0.8791837 0 -0.4764829 4 0
12.7018 FirstCar -4.116645 0.025 2.97 0 90 0 0 0.7071068 0 0.7071068 3.708756 0
12.7034 Head -0.6626843 1.6 1.684521 10.875 330.2249 0 0.09157901 -0.255767 0.02434601 0.962083
12.7034 SecondCar 2.530614 0.025 6.262518 0 236.9721 0 0 0.8789334 0 -0.4769446 4 0
12.7034 FirstCar -4.110697 0.025 2.97 0 90 0 0 0.7071068 0 0.7071068 3.712602 0
12.7051 Head -0.6626843 1.6 1.68662 10.875 330.2249 0 0.09157901 -0.255767 0.02434601 0.962083
12.7051 SecondCar 2.521659 0.025 6.257953 0 237.0351 0 0 0.8786711 0 -0.4774278 4 0
12.7051 FirstCar -4.104462 0.025 2.97 0 90 0 0 0.7071068 0 0.7071068 3.716628 0
12.7067 Head -0.6626843 1.6 1.688817 10.875 330.2249 0 0.09157901 -0.255767 0.02434601 0.962083
12.7067 SecondCar 2.513314 0.025 6.253718 0 237.0937 0 0 0.8784268 0 -0.4778771 4 0
12.7067 FirstCar -4.098657 0.025 2.97 0 90 0 0 0.7071068 0 0.7071068 3.720373 0
12.7082 Head -0.6626843 1.6 1.690862 10.875 330.2249 0 0.09157901 -0.255767 0.02434601 0.962083
12.7082 SecondCar 2.504979 0.025 6.249506 0 237.1521 0 0 0.8781829 0 -0.4783249 4 0
12.7082 FirstCar -4.092862 0.025 2.97 0 90 0 0 0.7071068 0 0.7071068 3.724108 0
12.7101 Head -0.6626843 1.6 1.6929 10.875 330.2249 0 0.09157901 -0.255767 0.02434601 0.962083
12.7101 SecondCar 2.494858 0.025 6.244416 0 237.2229 0 0 0.8778872 0 -0.4788674 4 0
12.7101 FirstCar -4.08583 0.025 2.97 0 90 0 0 0.7071068 0 0.7071068 3.728634 0
12.7117 Head -0.6626843 1.6 1.695371 10.875 330.2249 0 0.09157901 -0.255767 0.02434601 0.962083
12.7117 SecondCar 2.486402 0.025 6.240183 0 237.282 0 0 0.8776404 0 -0.4793197 4 0
12.7117 FirstCar -4.07996 0.025 2.97 0 90 0 0 0.7071068 0 0.7071068 3.732408 0
12.7132 Head -0.6626843 1.6 1.697431 10.875 330.2249 0 0.09157901 -0.255767 0.02434601 0.962083
12.7132 SecondCar 2.478325 0.025 6.236158 0 237.3382 0 0 0.8774049 0 -0.4797507 4 0
12.7132 FirstCar -4.074358 0.025 2.97 0 90 0 0 0.7071068 0 0.7071068 3.736007 0
12.7148 Head -0.6626843 1.6 1.699395 10.875 330.2249 0 0.09157901 -0.255767 0.02434601 0.962083
12.7148 SecondCar 2.469726 0.025 6.231891 0 237.3981 0 0 0.8771543 0 -0.4802087 4 0
12.7148 FirstCar -4.068396 0.025 2.97 0 90 0 0 0.7071068 0 0.7071068 3.739833 0
12.7164 Head -0.6626843 1.6 1.701483 10.875 330.2249 0 0.09157901 -0.255767 0.02434601 0.962083
12.7164 SecondCar 2.46094 0.025 6.227551 0 237.4591 0 0 0.8768985 0 -0.4806756 4 0
12.7164 FirstCar -4.062309 0.025 2.97 0 90 0 0 0.7071068 0 0.7071068 3.743734 0
12.7179 Head -0.6626843 1.6 1.703613 10.875 330.2249 0 0.09157901 -0.255767 0.02434601 0.962083
12.7179 SecondCar 2.452726 0.025 6.223511 0 237.516 0 0 0.8766596 0 -0.4811113 4 0
12.7179 FirstCar -4.056623 0.025 2.97 0 90 0 0 0.7071068 0 0.7071068 3.747376 0
12.7200 Head -0.6626843 1.6 1.705601 10.875 330.2249 0 0.09157901 -0.255767 0.02434601 0.962083
12.7200 SecondCar 2.441515 0.025 6.218023 0 237.5936 0 0 0.8763337 0 -0.4817045 4 0
12.7200 FirstCar -4.048867 0.025 2.97 0 90 0 0 0.7071068 0 0.7071068 3.752337 0
12.7218 Head -0.6626843 1.6 1.708309 10.875 330.2249 0 0.09157901 -0.255767 0.02434601 0.962083
12.7218 SecondCar 2.431456 0.025 6.213127 0 237.663 0 0 0.8760418 0 -0.4822353 4 0
12.7218 FirstCar -4.041914 0.025 2.97 0 90 0 0 0.7071068 0 0.7071068 3.756779 0
12.7237 Head -0.6626843 1.6 1.710733 10.875 330.2249 0 0.09157901 -0.255767 0.02434601 0.962083
12.7237 SecondCar 2.421479 0.025 6.208297 0 237.7317 0 0 0.8757524 0 -0.4827605 4 0
12.7237 FirstCar -4.035024 0.025 2.97 0 90 0 0 0.7071068 0 0.7071068 3.761175 0
12.7255 Head -0.6626843 1.6 1.713133 10.875 330.2249 0 0.09157901 -0.255767 0.02434601 0.962083
12.7255 SecondCar 2.411631 0.025 6.203552 0 237.7994 0 0 0.8754672 0 -0.4832777 4 0
12.7255 FirstCar -4.028229 0.025 2.97 0 90 0 0 0.7071068 0 0.7071068 3.765507 0
12.7273 Head -0.6626843 1.6 1.715497 10.875 330.2249 0 0.09157901 -0.255767 0.02434601 0.962083
12.7273 SecondCar 2.401571 0.025 6.19873 0 237.8684 0 0 0.875176 0 -0.4838046 4 0
12.7273 FirstCar -4.021293 0.025 2.97 0 90 0 0 0.7071068 0 0.7071068 3.769922 0
12.7296 Head -0.6626843 1.6 1.717907 10.875 330.2249 0 0.09157901 -0.255767 0.02434601 0.962083
12.7296 SecondCar 2.389222 0.025 6.192845 0 237.9529 0 0 0.8748191 0 -0.4844498 4 0
12.7296 FirstCar -4.012784 0.025 2.97 0 90 0 0 0.7071068 0 0.7071068 3.775331 0
12.7314 Head -0.6626843 1.6 1.72086 10.875 330.2249 0 0.09157901 -0.255767 0.02434601 0.962083
12.7314 SecondCar 2.379042 0.025 6.188021 0 238.0224 0 0 0.8745251 0 -0.4849803 4 0
12.7314 FirstCar -4.005777 0.025 2.97 0 90 0 0 0.7071068 0 0.7071068 3.77978 0
12.7331 Head -0.6626843 1.6 1.723288 10.875 330.2249 0 0.09157901 -0.255767 0.02434601 0.962083
12.7331 SecondCar 2.369659 0.025 6.183598 0 238.0863 0 0 0.8742545 0 -0.485468 4 0
12.7331 FirstCar -3.999324 0.025 2.97 0 90 0 0 0.7071068 0 0.7071068 3.783873 0
12.7350 Head -0.6626843 1.6 1.725522 10.875 330.2249 0 0.09157901 -0.255767 0.02434601 0.962083
12.7350 SecondCar 2.359422 0.025 6.178796 0 238.1559 0 0 0.8739594 0 -0.4859989 4 0
12.7350 FirstCar -3.992289 0.025 2.97 0 90 0 0 0.7071068 0 0.7071068 3.78833 0
12.7370 Head -0.6626843 1.6 1.727955 10.875 330.2249 0 0.09157901 -0.255767 0.02434601 0.962083
12.7370 SecondCar 2.348449 0.025 6.173676 0 238.2303 0 0 0.8736436 0 -0.4865665 4 0
12.7370 FirstCar -3.984754 0.025 2.97 0 90 0 0 0.7071068 0 0.7071068 3.793098 0
12.7387 Head -0.6626843 1.6 1.730557 10.875 330.2249 0 0.09157901 -0.255767 0.02434601 0.962083
12.7387 SecondCar 2.338821 0.025 6.169208 0 238.2955 0 0 0.8733667 0 -0.4870633 4 0
12.7387 FirstCar -3.978148 0.025 2.97 0 90 0 0 0.7071068 0 0.7071068 3.797273 0
12.7407 Head -0.6626843 1.6 1.732837 10.875 330.2249 0 0.09157901 -0.255767 0.02434601 0.962083
12.7407 SecondCar 2.327886 0.025 6.164159 0 238.3694 0 0 0.8730525 0 -0.4876263 4 0
12.7407 FirstCar -3.97065 0.025 2.97 0 90 0 0 0.7071068 0 0.7071068 3.802006 0
12.7423 Head -0.6626843 1.6 1.73542 10.875 330.2249 0 0.09157901 -0.255767 0.02434601 0.962083
12.7423 SecondCar 2.318915 0.025 6.160038 0 238.4298 0 0 0.872795 0 -0.488087 4 0
12.7423 FirstCar -3.964504 0.025 2.97 0 90 0 0 0.7071068 0 0.7071068 3.805882 0
12.7439 Head -0.6626843 1.6 1.737535 10.875 330.2249 0 0.09157901 -0.255767 0.02434601 0.962083
12.7439 SecondCar 2.309971 0.025 6.155949 0 238.49 0 0 0.8725386 0 -0.4885453 4 0
12.7439 FirstCar -3.958382 0.025 2.97 0 90 0 0 0.7071068 0 0.7071068 3.809738 0
12.7456 Head -0.6626843 1.6 1.73964 10.875 330.2249 0 0.09157901 -0.255767 0.02434601 0.962083
12.7456 SecondCar 2.300282 0.025 6.15154 0 238.5551 0 0 0.872261 0 -0.4890407 4 0
12.7456 FirstCar -3.951755 0.025 2.97 0 90 0 0 0.7071068 0 0.7071068 3.813909 0
12.7473 Head -0.6626843 1.6 1.741917 10.875 330.2249 0 0.09157901 -0.255767 0.02434601 0.962083
12.7473 SecondCar 2.291191 0.025 6.147422 0 238.6161 0 0 0.8720008 0 -0.4895046 4 0
12.7473 FirstCar -3.94554 0.025 2.97 0 90 0 0 0.7071068 0 0.7071068 3.817816 0
12.7490 Head -0.6626843 1.6 1.744049 10.875 330.2249 0 0.09157901 -0.255767 0.02434601 0.962083
12.7490 SecondCar 2.281288 0.025 6.142959 0 238.6823 0 0 0.8717176 0 -0.4900087 4 0
12.7490 FirstCar -3.938775 0.025 2.97 0 90 0 0 0.7071068 0 0.7071068 3.822063 0
12.7511 Head -0.6626843 1.6 1.746368 10.875 330.2249 0 0.09157901 -0.255767 0.02434601 0.962083
12.7511 SecondCar 2.269861 0.025 6.137836 0 238.7586 0 0 0.8713911 0 -0.490589 4 0
12.7511 FirstCar -3.930975 0.025 2.97 0 90 0 0 0.7071068 0 0.7071068 3.826955 0
12.7527 Head -0.6626843 1.6 1.749038 10.875 330.2249 0 0.09157901 -0.255767 0.02434601 0.962083
12.7527 SecondCar 2.260525 0.025 6.133673 0 238.8208 0 0 0.8711247 0 -0.491062 4 0
12.7527 FirstCar -3.924608 0.025 2.97 0 90 0 0 0.7071068 0 0.7071068 3.830944 0
12.7544 Head -0.6626843 1.6 1.751215 10.875 330.2249 0 0.09157901 -0.255767 0.02434601 0.962083
12.7544 SecondCar 2.250987 0.025 6.129441 0 238.8842 0 0 0.8708527 0 -0.4915441 4 0
12.7544 FirstCar -3.918107 0.025 2.97 0 90 0 0 0.7071068 0 0.7071068 3.835012 0
12.7562 Head -0.6626843 1.6 1.753436 10.875 330.2249 0 0.09157901 -0.255767 0.02434601 0.962083
12.7562 SecondCar 2.241114 0.025 6.125081 0 238.9498 0 0 0.8705714 0 -0.492042 4 0
12.7562 FirstCar -3.911383 0.025 2.97 0 90 0 0 0.7071068 0 0.7071068 3.839215 0
12.7580 Head -0.6626843 1.6 1.75573 10.875 330.2249 0 0.09157901 -0.255767 0.02434601 0.962083
12.7580 SecondCar 2.231005 0.025 6.12064 0 239.0167 0 0 0.8702838 0 -0.4925507 4 0
12.7580 FirstCar -3.904503 0.025 2.97 0 90 0 0 0.7071068 0 0.7071068 3.843512 0
12.7598 Head -0.6626843 1.6 1.758075 10.875 330.2249 0 0.09157901 -0.255767 0.02434601 0.962083
12.7598 SecondCar 2.220958 0.025 6.116248 0 239.0832 0 0 0.8699981 0 -0.4930551 4 0
12.7598 FirstCar -3.897669 0.025 2.97 0 90 0 0 0.7071068 0 0.7071068 3.847774 0
12.7614 Head -0.6626843 1.6 1.760402 10.875 330.2249 0 0.09157901 -0.255767 0.02434601 0.962083
12.7614 SecondCar 2.211859 0.025 6.11229 0 239.1432 0 0 0.8697397 0 -0.4935108 4 0
12.7614 FirstCar -3.891486 0.025 2.97 0 90 0 0 0.7071068 0 0.7071068 3.851627 0
12.7629 Head -0.6626843 1.6 1.762505 10.875 330.2249 0 0.09157901 -0.255767 0.02434601 0.962083
12.7629 SecondCar 2.203226 0.025 6.108552 0 239.2001 0 0 0.8694946 0 -0.4939424 4 0
12.7629 FirstCar -3.885623 0.025 2.97 0 90 0 0 0.7071068 0 0.7071068 3.855277 0
12.7644 Head -0.6626843 1.6 1.764497 10.875 330.2249 0 0.09157901 -0.255767 0.02434601 0.962083
12.7644 SecondCar 2.194711 0.025 6.10488 0 239.2561 0 0 0.8692532 0 -0.4943672 4 0
12.7644 FirstCar -3.879843 0.025 2.97 0 90 0 0 0.7071068 0 0.7071068 3.858871 0
12.7660 Head -0.6626843 1.6 1.766459 10.875 330.2249 0 0.09157901 -0.255767 0.02434601 0.962083
12.7660 SecondCar 2.185445 0.025 6.100903 0 239.3169 0 0 0.8689906 0 -0.4948287 4 0
12.7660 FirstCar -3.873558 0.025 2.97 0 90 0 0 0.7071068 0 0.7071068 3.862777 0
12.7676 Head -0.6626843 1.6 1.768591 10.875 330.2249 0 0.09157901 -0.255767 0.02434601 0.962083
12.7676 SecondCar 2.176239 0.025 6.09697 0 239.3772 0 0 0.86873 0 -0.4952861 4 0
12.7676 FirstCar -3.867318 0.025 2.97 0 90 0 0 0.7071068 0 0.7071068 3.86665 0
12.7697 Head -0.6626843 1.6 1.770705 10.875 330.2249 0 0.09157901 -0.255767 0.02434601 0.962083
12.7697 SecondCar 2.164562 0.025 6.092008 0 239.4536 0 0 0.8683997 0 -0.4958648 4 0
12.7697 FirstCar -3.859408 0.025 2.97 0 90 0 0 0.7071068 0 0.7071068 3.871553 0
12.7714 Head -0.6626843 1.6 1.773381 10.875 330.2249 0 0.09157901 -0.255767 0.02434601 0.962083
12.7714 SecondCar 2.154527 0.025 6.087767 0 239.5191 0 0 0.8681161 0 -0.4963611 4 0
12.7714 FirstCar -3.852615 0.025 2.97 0 90 0 0 0.7071068 0 0.7071068 3.87576 0
12.7731 Head -0.6626843 1.6 1.775677 10.875 330.2249 0 0.09157901 -0.255767 0.02434601 0.962083
12.7731 SecondCar 2.145031 0.025 6.083773 0 239.5809 0 0 0.8678481 0 -0.4968296 4 0
12.7731 FirstCar -3.846192 0.025 2.97 0 90 0 0 0.7071068 0 0.7071068 3.879733 0
12.7749 Head -0.6626843 1.6 1.777846 10.875 330.2249 0 0.09157901 -0.255767 0.02434601 0.962083
12.7749 SecondCar 2.134486 0.025 6.079361 0 239.6495 0 0 0.8675507 0 -0.4973487 4 0
12.7749 FirstCar -3.839065 0.025 2.97 0 90 0 0 0.7071068 0 0.7071068 3.884137 0
12.7765 Head -0.6626843 1.6 1.78025 10.875 330.2249 0 0.09157901 -0.255767 0.02434601 0.962083
12.7765 SecondCar 2.125233 0.025 6.075509 0 239.7095 0 0 0.86729 0 -0.4978032 4 0
12.7765 FirstCar -3.832814 0.025 2.97 0 90 0 0 0.7071068 0 0.7071068 3.887995 0
12.7781 Head -0.6626843 1.6 1.782356 10.875 330.2249 0 0.09157901 -0.255767 0.02434601 0.962083
12.7781 SecondCar 2.116323 0.025 6.071817 0 239.7672 0 0 0.8670392 0 -0.49824 4 0
12.7781 FirstCar -3.826801 0.025 2.97 0 90 0 0 0.7071068 0 0.7071068 3.891704 0
12.7796 Head -0.6626843 1.6 1.78438 10.875 330.2249 0 0.09157901 -0.255767 0.02434601 0.962083
12.7796 SecondCar 2.107414 0.025 6.068141 0 239.8249 0 0 0.8667885 0 -0.4986759 4 0
12.7796 FirstCar -3.82079 0.025 2.97 0 90 0 0 0.7071068 0 0.7071068 3.895407 0
12.7818 Head -0.6626843 1.6 1.786401 10.875 330.2249 0 0.09157901 -0.255767 0.02434601 0.962083
12.7818 SecondCar 2.094907 0.025 6.063009 0 239.9056 0 0 0.8664371 0 -0.4992863 4 0
12.7818 FirstCar -3.812357 0.025 2.97 0 90 0 0 0.7071068 0 0.7071068 3.900596 0
12.7835 Head -0.6626843 1.6 1.789233 10.875 330.2249 0 0.09157901 -0.255767 0.02434601 0.962083
12.7835 SecondCar 2.084699 0.025 6.058845 0 239.9713 0 0 0.8661506 0 -0.4997832 4 0
12.7835 FirstCar -3.805481 0.025 2.97 0 90 0 0 0.7071068 0 0.7071068 3.904822 0
12.7852 Head -0.6626843 1.6 1.79154 10.875 330.2249 0 0.09157901 -0.255767 0.02434601 0.962083
12.7852 SecondCar 2.074717 0.025 6.054793 0 240.0355 0 0 0.8658706 0 -0.5002681 4 0
12.7852 FirstCar -3.798762 0.025 2.97 0 90 0 0 0.7071068 0 0.7071068 3.908947 0
12.7869 Head -0.6626843 1.6 1.793792 10.875 330.2249 0 0.09157901 -0.255767 0.02434601 0.962083
12.7869 SecondCar 2.064881 0.025 6.050821 0 240.0986 0 0 0.8655949 0 -0.5007449 4 0
12.7869 FirstCar -3.792145 0.025 2.97 0 90 0 0 0.7071068 0 0.7071068 3.913005 0
12.7890 Head -0.6626843 1.6 1.796007 10.875 330.2249 0 0.09157901 -0.255767 0.02434601 0.962083
12.7890 SecondCar 2.052743 0.025 6.045947 0 240.1763 0 0 0.8652552 0 -0.5013317 4 0
12.7890 FirstCar -3.783986 0.025 2.97 0 90 0 0 0.7071068 0 0.7071068 3.918004 0
12.7917 Head -0.6626843 1.6 1.798735 10.875 330.2249 0 0.09157901 -0.255767 0.02434601 0.962083
12.7917 SecondCar 2.037289 0.025 6.039783 0 240.275 0 0 0.8648231 0 -0.5020767 4 0
12.7917 FirstCar -3.773604 0.025 2.97 0 90 0 0 0.7071068 0 0.7071068 3.924352 0
12.7936 Head -0.6626843 1.6 1.802201 10.875 330.2249 0 0.09157901 -0.255767 0.02434601 0.962083
12.7936 SecondCar 2.025778 0.025 6.035223 0 240.3483 0 0 0.8645017 0 -0.50263 4 0
12.7936 FirstCar -3.765881 0.025 2.97 0 90 0 0 0.7071068 0 0.7071068 3.92907 0
12.7955 Head -0.6626843 1.6 1.804776 10.875 330.2249 0 0.09157901 -0.255767 0.02434601 0.962083
12.7955 SecondCar 2.014872 0.025 6.030928 0 240.4176 0 0 0.8641974 0 -0.5031529 4 0
12.7955 FirstCar -3.758568 0.025 2.97 0 90 0 0 0.7071068 0 0.7071068 3.933532 0
12.7973 Head -0.6626843 1.6 1.807211 10.875 330.2249 0 0.09157901 -0.255767 0.02434601 0.962083
12.7973 SecondCar 2.004394 0.025 6.026823 0 240.4841 0 0 0.8639054 0 -0.5036541 4 0
12.7973 FirstCar -3.751548 0.025 2.97 0 90 0 0 0.7071068 0 0.7071068 3.93781 0
12.7990 Head -0.6626843 1.6 1.809547 10.875 330.2249 0 0.09157901 -0.255767 0.02434601 0.962083
12.7990 SecondCar 1.993949 0.025 6.022753 0 240.5502 0 0 0.8636146 0 -0.5041526 4 0
12.7990 FirstCar -3.744555 0.025 2.97 0 90 0 0 0.7071068 0 0.7071068 3.942068 0
12.8008 Head -0.6626843 1.6 1.811871 10.875 330.2249 0 0.09157901 -0.255767 0.02434601 0.962083
12.8008 SecondCar 1.983611 0.025 6.018746 0 240.6156 0 0 0.863327 0 -0.5046449 4 0
12.8008 FirstCar -3.737638 0.025 2.97 0 90 0 0 0.7071068 0 0.7071068 3.946275 0
12.8024 Head -0.6626843 1.6 1.814167 10.875 330.2249 0 0.09157901 -0.255767 0.02434601 0.962083
12.8024 SecondCar 1.973828 0.025 6.014972 0 240.6773 0 0 0.8630551 0 -0.5051098 4 0
12.8024 FirstCar -3.731097 0.025 2.97 0 90 0 0 0.7071068 0 0.7071068 3.950249 0
12.8041 Head -0.6626843 1.6 1.816336 10.875 330.2249 0 0.09157901 -0.255767 0.02434601 0.962083
12.8041 SecondCar 1.963939 0.025 6.011177 0 240.7396 0 0 0.8627805 0 -0.5055787 4 0
12.8041 FirstCar -3.72449 0.025 2.97 0 90 0 0 0.7071068 0 0.7071068 3.954259 0
12.8058 Head -0.6626843 1.6 1.818525 10.875 330.2249 0 0.09157901 -0.255767 0.02434601 0.962083
12.8058 SecondCar 1.954158 0.025 6.007442 0 240.801 0 0 0.8625091 0 -0.5060415 4 0
12.8058 FirstCar -3.717958 0.025 2.97 0 90 0 0 0.7071068 0 0.7071068 3.958219 0
12.8074 Head -0.6626843 1.6 1.820687 10.875 330.2249 0 0.09157901 -0.255767 0.02434601 0.962083
12.8074 SecondCar 1.944215 0.025 6.003664 0 240.8634 0 0 0.8622335 0 -0.506511 4 0
12.8074 FirstCar -3.711323 0.025 2.97 0 90 0 0 0.7071068 0 0.7071068 3.962238 0
12.8094 Head -0.6626843 1.6 1.82288 10.875 330.2249 0 0.09157901 -0.255767 0.02434601 0.962083
12.8094 SecondCar 1.932456 0.025 5.999221 0 240.937 0 0 0.8619078 0 -0.5070649 4 0
12.8094 FirstCar -3.70348 0.025 2.97 0 90 0 0 0.7071068 0 0.7071068 3.966983 0
12.8111 Head -0.6626843 1.6 1.82547 10.875 330.2249 0 0.09157901 -0.255767 0.02434601 0.962083
12.8111 SecondCar 1.922192 0.025 5.995364 0 241.0012 0 0 0.8616239 0 -0.5075474 4 0
12.8111 FirstCar -3.69664 0.025 2.97 0 90 0 0 0.7071068 0 0.7071068 3.971117 0
12.8133 Head -0.6626843 1.6 1.827727 10.875 330.2249 0 0.09157901 -0.255767 0.02434601 0.962083
12.8133 SecondCar 1.909348 0.025 5.990566 0 241.0813 0 0 0.8612689 0 -0.5081495 4 0
12.8133 FirstCar -3.688087 0.025 2.97 0 90 0 0 0.7071068 0 0.7071068 3.97628 0
12.8150 Head -0.6626843 1.6 1.830545 10.875 330.2249 0 0.09157901 -0.255767 0.02434601 0.962083
12.8150 SecondCar 1.899058 0.025 5.986743 0 241.1453 0 0 0.8609847 0 -0.5086308 4 0
12.8150 FirstCar -3.681238 0.025 2.97 0 90 0 0 0.7071068 0 0.7071068 3.980409 0
12.8166 Head -0.6626843 1.6 1.832799 10.875 330.2249 0 0.09157901 -0.255767 0.02434601 0.962083
12.8166 SecondCar 1.889322 0.025 5.983146 0 241.2058 0 0 0.8607162 0 -0.5090851 4 0
12.8166 FirstCar -3.674763 0.025 2.97 0 90 0 0 0.7071068 0 0.7071068 3.984309 0
12.8182 Head -0.6626843 1.6 1.834928 10.875 330.2249 0 0.09157901 -0.255767 0.02434601 0.962083
12.8182 SecondCar 1.879989 0.025 5.979713 0 241.2637 0 0 0.860459 0 -0.5095198 4 0
12.8182 FirstCar -3.668561 0.025 2.97 0 90 0 0 0.7071068 0 0.7071068 3.988042 0
12.8197 Head -0.6626843 1.6 1.836965 10.875 330.2249 0 0.09157901 -0.255767 0.02434601 0.962083
12.8197 SecondCar 1.870794 0.025 5.976348 0 241.3206 0 0 0.8602057 0 -0.5099473 4 0
12.8197 FirstCar -3.662453 0.025 2.97 0 90 0 0 0.7071068 0 0.7071068 3.991714 0
12.8213 Head -0.6626843 1.6 1.838969 10.875 330.2249 0 0.09157901 -0.255767 0.02434601 0.962083
12.8213 SecondCar 1.861531 0.025 5.972973 0 241.3779 0 0 0.8599507 0 -0.510377 4 0
12.8213 FirstCar -3.656304 0.025 2.97 0 90 0 0 0.7071068 0 0.7071068 3.995408 0
12.8228 Head -0.6626843 1.6 1.840986 10.875 330.2249 0 0.09157901 -0.255767 0.02434601 0.962083
12.8228 SecondCar 1.852439 0.025 5.969676 0 241.434 0 0 0.8597007 0 -0.5107981 4 0
12.8228 FirstCar -3.650272 0.025 2.97 0 90 0 0 0.7071068 0 0.7071068 3.999028 0
12.8243 Head -0.6626843 1.6 1.842961 10.875 330.2249 0 0.09157901 -0.255767 0.02434601 0.962083
12.8243 SecondCar 1.843196 0.025 5.966339 0 241.491 0 0 0.8594468 0 -0.5112253 4 0
12.8243 FirstCar -3.644143 0.025 2.97 0 90 0 0 0.7071068 0 0.7071068 4.002703 0
12.8260 Head -0.6626843 1.6 1.844967 10.875 330.2249 0 0.09157901 -0.255767 0.02434601 0.962083
12.8260 SecondCar 1.832883 0.025 5.962635 0 241.5544 0 0 0.8591636 0 -0.511701 4 0
12.8260 FirstCar -3.637308 0.025 2.97 0 90 0 0 0.7071068 0 0.7071068 4.006797 0
12.8276 Head -0.6626843 1.6 1.847202 10.875 330.2249 0 0.09157901 -0.255767 0.02434601 0.962083
12.8276 SecondCar 1.823171 0.025 5.959165 0 241.614 0 0 0.8588972 0 -0.512148 4 0
12.8276 FirstCar -3.630875 0.025 2.97 0 90 0 0 0.7071068 0 0.7071068 4.010646 0
12.8295 Head -0.6626843 1.6 1.849303 10.875 330.2249 0 0.09157901 -0.255767 0.02434601 0.962083
12.8295 SecondCar 1.811584 0.025 5.955046 0 241.685 0 0 0.8585796 0 -0.5126802 4 0
12.8295 FirstCar -3.623205 0.025 2.97 0 90 0 0 0.7071068 0 0.7071068 4.015231 0
12.8311 Head -0.6626843 1.6 1.851805 10.875 330.2249 0 0.09157901 -0.255767 0.02434601 0.962083
12.8311 SecondCar 1.802316 0.025 5.951769 0 241.7417 0 0 0.8583259 0 -0.513105 4 0
12.8311 FirstCar -3.617075 0.025 2.97 0 90 0 0 0.7071068 0 0.7071068 4.018892 0
12.8328 Head -0.6626843 1.6 1.853804 10.875 330.2249 0 0.09157901 -0.255767 0.02434601 0.962083
12.8328 SecondCar 1.791956 0.025 5.948124 0 241.805 0 0 0.8580425 0 -0.5135788 4 0
12.8328 FirstCar -3.610227 0.025 2.97 0 90 0 0 0.7071068 0 0.7071068 4.022977 0
12.8348 Head -0.6626843 1.6 1.856034 10.875 330.2249 0 0.09157901 -0.255767 0.02434601 0.962083
12.8348 SecondCar 1.779469 0.025 5.943756 0 241.8811 0 0 0.8577012 0 -0.5141486 4 0
12.8348 FirstCar -3.601976 0.025 2.97 0 90 0 0 0.7071068 0 0.7071068 4.027894 0
12.8367 Head -0.6626843 1.6 1.858717 10.875 330.2249 0 0.09157901 -0.255767 0.02434601 0.962083
12.8367 SecondCar 1.767757 0.025 5.939685 0 241.9523 0 0 0.8573814 0 -0.5146816 4 0
12.8367 FirstCar -3.594244 0.025 2.97 0 90 0 0 0.7071068 0 0.7071068 4.032495 0
12.8385 Head -0.6626843 1.6 1.861229 10.875 330.2249 0 0.09157901 -0.255767 0.02434601 0.962083
12.8385 SecondCar 1.756997 0.025 5.935966 0 242.0177 0 0 0.8570879 0 -0.5151703 4 0
12.8385 FirstCar -3.587145 0.025 2.97 0 90 0 0 0.7071068 0 0.7071068 4.036716 0
12.8402 Head -0.6626843 1.6 1.863533 10.875 330.2249 0 0.09157901 -0.255767 0.02434601 0.962083
12.8402 SecondCar 1.74653 0.025 5.932367 0 242.0811 0 0 0.8568026 0 -0.5156446 4 0
12.8402 FirstCar -3.580244 0.025 2.97 0 90 0 0 0.7071068 0 0.7071068 4.040815 0
12.8419 Head -0.6626843 1.6 1.86577 10.875 330.2249 0 0.09157901 -0.255767 0.02434601 0.962083
12.8419 SecondCar 1.73625 0.025 5.928852 0 242.1433 0 0 0.8565227 0 -0.5161094 4 0
12.8419 FirstCar -3.573471 0.025 2.97 0 90 0 0 0.7071068 0 0.7071068 4.044834 0
12.8436 Head -0.6626843 1.6 1.867963 10.875 330.2249 0 0.09157901 -0.255767 0.02434601 0.962083
12.8436 SecondCar 1.725798 0.025 5.925296 0 242.2064 0 0 0.8562383 0 -0.5165811 4 0
12.8436 FirstCar -3.566587 0.025 2.97 0 90 0 0 0.7071068 0 0.7071068 4.048914 0
12.8460 Head -0.6626843 1.6 1.87019 10.875 330.2249 0 0.09157901 -0.255767 0.02434601 0.962083
12.8460 SecondCar 1.710607 0.025 5.920161 0 242.2979 0 0 0.8558254 0 -0.5172648 4 0
12.8460 FirstCar -3.556589 0.025 2.97 0 90 0 0 0.7071068 0 0.7071068 4.054832 0
12.8478 Head -0.6626843 1.6 1.873421 10.875 330.2249 0 0.09157901 -0.255767 0.02434601 0.962083
12.8478 SecondCar 1.699888 0.025 5.916562 0 242.3624 0 0 0.8555344 0 -0.517746 4 0
12.8478 FirstCar -3.549541 0.025 2.97 0 90 0 0 0.7071068 0 0.7071068 4.058999 0
12.8496 Head -0.6626843 1.6 1.875695 10.875 330.2249 0 0.09157901 -0.255767 0.02434601 0.962083
12.8496 SecondCar 1.688518 0.025 5.912766 0 242.4306 0 0 0.855226 0 -0.5182552 4 0
12.8496 FirstCar -3.54207 0.025 2.97 0 90 0 0 0.7071068 0 0.7071068 4.063412 0
12.8512 Head -0.6626843 1.6 1.878104 10.875 330.2249 0 0.09157901 -0.255767 0.02434601 0.962083
12.8512 SecondCar 1.678776 0.025 5.909531 0 242.4889 0 0 0.854962 0 -0.5186906 4 0
12.8512 FirstCar -3.535672 0.025 2.97 0 90 0 0 0.7071068 0 0.7071068 4.067187 0
12.8527 Head -0.6626843 1.6 1.880165 10.875 330.2249 0 0.09157901 -0.255767 0.02434601 0.962083
12.8527 SecondCar 1.669207 0.025 5.906368 0 242.5461 0 0 0.8547029 0 -0.5191175 4 0
12.8527 FirstCar -3.529392 0.025 2.97 0 90 0 0 0.7071068 0 0.7071068 4.070889 0
12.8543 Head -0.6626843 1.6 1.882185 10.875 330.2249 0 0.09157901 -0.255767 0.02434601 0.962083
12.8543 SecondCar 1.659524 0.025 5.903184 0 242.604 0 0 0.8544409 0 -0.5195487 4 0
12.8543 FirstCar -3.52304 0.025 2.97 0 90 0 0 0.7071068 0 0.7071068 4.074631 0
12.8560 Head -0.6626843 1.6 1.884228 10.875 330.2249 0 0.09157901 -0.255767 0.02434601 0.962083
12.8560 SecondCar 1.648956 0.025 5.899727 0 242.667 0 0 0.8541552 0 -0.5200182 4 0
12.8560 FirstCar -3.516113 0.025 2.97 0 90 0 0 0.7071068 0 0.7071068 4.078707 0
12.8578 Head -0.6626843 1.6 1.886453 10.875 330.2249 0 0.09157901 -0.255767 0.02434601 0.962083
12.8578 SecondCar 1.637604 0.025 5.896034 0 242.7345 0 0 0.8538486 0 -0.5205215 4 0
12.8578 FirstCar -3.508674 0.025 2.97 0 90 0 0 0.7071068 0 0.7071068 4.083079 0
12.8595 Head -0.6626843 1.6 1.888839 10.875 330.2249 0 0.09157901 -0.255767 0.02434601 0.962083
12.8595 SecondCar 1.62686 0.025 5.892559 0 242.7983 0 0 0.8535586 0 -0.5209968 4 0
12.8595 FirstCar -3.501639 0.025 2.97 0 90 0 0 0.7071068 0 0.7071068 4.087211 0
12.8611 Head -0.6626843 1.6 1.891094 10.875 330.2249 0 0.09157901 -0.255767 0.02434601 0.962083
12.8611 SecondCar 1.616724 0.025 5.889297 0 242.8584 0 0 0.8532853 0 -0.5214444 4 0
12.8611 FirstCar -3.495006 0.025 2.97 0 90 0 0 0.7071068 0 0.7071068 4.091102 0
12.8630 Head -0.6626843 1.6 1.893218 10.875 330.2249 0 0.09157901 -0.255767 0.02434601 0.962083
12.8630 SecondCar 1.604934 0.025 5.885524 0 242.9281 0 0 0.8529677 0 -0.5219637 4 0
12.8630 FirstCar -3.487295 0.025 2.97 0 90 0 0 0.7071068 0 0.7071068 4.095621 0
12.8649 Head -0.6626843 1.6 1.895684 10.875 330.2249 0 0.09157901 -0.255767 0.02434601 0.962083
12.8649 SecondCar 1.593397 0.025 5.881855 0 242.9963 0 0 0.8526572 0 -0.5224708 4 0
12.8649 FirstCar -3.479754 0.025 2.97 0 90 0 0 0.7071068 0 0.7071068 4.100034 0
12.8668 Head -0.6626843 1.6 1.898094 10.875 330.2249 0 0.09157901 -0.255767 0.02434601 0.962083
12.8668 SecondCar 1.581192 0.025 5.877996 0 243.0682 0 0 0.852329 0 -0.523006 4 0
12.8668 FirstCar -3.471782 0.025 2.97 0 90 0 0 0.7071068 0 0.7071068 4.104695 0
12.8690 Head -0.6626843 1.6 1.900638 10.875 330.2249 0 0.09157901 -0.255767 0.02434601 0.962083
12.8690 SecondCar 1.567156 0.025 5.873589 0 243.1508 0 0 0.851952 0 -0.5236199 4 0
12.8690 FirstCar -3.46262 0.025 2.97 0 90 0 0 0.7071068 0 0.7071068 4.110045 0
12.8714 Head -0.6626843 1.6 1.903558 10.875 330.2249 0 0.09157901 -0.255767 0.02434601 0.962083
12.8714 SecondCar 1.552501 0.025 5.86902 0 243.2368 0 0 0.8515589 0 -0.524259 4 0
12.8714 FirstCar -3.453061 0.025 2.97 0 90 0 0 0.7071068 0 0.7071068 4.11562 0
12.8732 Head -0.6626843 1.6 1.906601 10.875 330.2249 0 0.09157901 -0.255767 0.02434601 0.962083
12.8732 SecondCar 1.541024 0.025 5.865467 0 243.304 0 0 0.8512513 0 -0.5247583 4 0
12.8732 FirstCar -3.445581 0.025 2.97 0 90 0 0 0.7071068 0 0.7071068 4.119977 0
12.8762 Head -0.6626843 1.6 1.908979 10.875 330.2249 0 0.09157901 -0.255767 0.02434601 0.962083
12.8762 SecondCar 1.521598 0.025 5.8595 0 243.4174 0 0 0.8507313 0 -0.5256009 4 0
12.8762 FirstCar -3.432927 0.025 2.97 0 90 0 0 0.7071068 0 0.7071068 4.127336 0
12.8784 Head -0.6626843 1.6 1.912996 10.875 330.2249 0 0.09157901 -0.255767 0.02434601 0.962083
12.8784 SecondCar 1.508165 0.025 5.855408 0 243.4957 0 0 0.8503721 0 -0.5261817 4 0
12.8784 FirstCar -3.424186 0.025 2.97 0 90 0 0 0.7071068 0 0.7071068 4.132412 0
12.8801 Head -0.6626843 1.6 1.915766 10.875 330.2249 0 0.09157901 -0.255767 0.02434601 0.962083
12.8801 SecondCar 1.49685 0.025 5.851984 0 243.5614 0 0 0.8500701 0 -0.5266697 4 0
12.8801 FirstCar -3.416831 0.025 2.97 0 90 0 0 0.7071068 0 0.7071068 4.13668 0
12.8819 Head -0.6626843 1.6 1.918096 10.875 330.2249 0 0.09157901 -0.255767 0.02434601 0.962083
12.8819 SecondCar 1.485662 0.025 5.848618 0 243.6263 0 0 0.8497715 0 -0.5271512 4 0
12.8819 FirstCar -3.409561 0.025 2.97 0 90 0 0 0.7071068 0 0.7071068 4.140893 0
12.8836 Head -0.6626843 1.6 1.920396 10.875 330.2249 0 0.09157901 -0.255767 0.02434601 0.962083
12.8836 SecondCar 1.474693 0.025 5.845335 0 243.6899 0 0 0.8494791 0 -0.5276224 4 0
12.8836 FirstCar -3.402438 0.025 2.97 0 90 0 0 0.7071068 0 0.7071068 4.145017 0
12.8853 Head -0.6626843 1.6 1.922647 10.875 330.2249 0 0.09157901 -0.255767 0.02434601 0.962083
12.8853 SecondCar 1.463959 0.025 5.842142 0 243.752 0 0 0.8491932 0 -0.5280824 4 0
12.8853 FirstCar -3.395472 0.025 2.97 0 90 0 0 0.7071068 0 0.7071068 4.149046 0
12.8869 Head -0.6626843 1.6 1.924846 10.875 330.2249 0 0.09157901 -0.255767 0.02434601 0.962083
12.8869 SecondCar 1.453616 0.025 5.839082 0 243.8117 0 0 0.8489179 0 -0.5285248 4 0
12.8869 FirstCar -3.388763 0.025 2.97 0 90 0 0 0.7071068 0 0.7071068 4.152924 0
12.8884 Head -0.6626843 1.6 1.926963 10.875 330.2249 0 0.09157901 -0.255767 0.02434601 0.962083
12.8884 SecondCar 1.443832 0.025 5.836202 0 243.8681 0 0 0.8486577 0 -0.5289425 4 0
12.8884 FirstCar -3.382421 0.025 2.97 0 90 0 0 0.7071068 0 0.7071068 4.156586 0
12.8906 Head -0.6626843 1.6 1.928961 10.875 330.2249 0 0.09157901 -0.255767 0.02434601 0.962083
12.8906 SecondCar 1.429828 0.025 5.832105 0 243.9486 0 0 0.8482857 0 -0.529539 4 0
12.8906 FirstCar -3.373346 0.025 2.97 0 90 0 0 0.7071068 0 0.7071068 4.161819 0
12.8923 Head -0.6626843 1.6 1.931818 10.875 330.2249 0 0.09157901 -0.255767 0.02434601 0.962083
12.8923 SecondCar 1.418597 0.025 5.828841 0 244.0131 0 0 0.8479875 0 -0.5300162 4 0
12.8923 FirstCar -3.366075 0.025 2.97 0 90 0 0 0.7071068 0 0.7071068 4.166008 0
12.8939 Head -0.6626843 1.6 1.934104 10.875 330.2249 0 0.09157901 -0.255767 0.02434601 0.962083
12.8939 SecondCar 1.408594 0.025 5.82595 0 244.0704 0 0 0.8477222 0 -0.5304404 4 0
12.8939 FirstCar -3.359602 0.025 2.97 0 90 0 0 0.7071068 0 0.7071068 4.169733 0
12.8955 Head -0.6626843 1.6 1.936138 10.875 330.2249 0 0.09157901 -0.255767 0.02434601 0.962083
12.8955 SecondCar 1.398186 0.025 5.822957 0 244.13 0 0 0.8474465 0 -0.5308809 4 0
12.8955 FirstCar -3.352871 0.025 2.97 0 90 0 0 0.7071068 0 0.7071068 4.173604 0
12.8971 Head -0.6626843 1.6 1.938251 10.875 330.2249 0 0.09157901 -0.255767 0.02434601 0.962083
12.8971 SecondCar 1.387841 0.025 5.819999 0 244.1891 0 0 0.8471725 0 -0.5313179 4 0
12.8971 FirstCar -3.346183 0.025 2.97 0 90 0 0 0.7071068 0 0.7071068 4.177446 0
12.8987 Head -0.6626843 1.6 1.940348 10.875 330.2249 0 0.09157901 -0.255767 0.02434601 0.962083
12.8987 SecondCar 1.377615 0.025 5.81709 0 244.2474 0 0 0.846902 0 -0.5317491 4 0
12.8987 FirstCar -3.339576 0.025 2.97 0 90 0 0 0.7071068 0 0.7071068 4.181238 0
12.9003 Head -0.6626843 1.6 1.942418 10.875 330.2249 0 0.09157901 -0.255767 0.02434601 0.962083
12.9003 SecondCar 1.36691 0.025 5.814062 0 244.3084 0 0 0.846619 0 -0.5321995 4 0
12.9003 FirstCar -3.332664 0.025 2.97 0 90 0 0 0.7071068 0 0.7071068 4.185202 0
12.9021 Head -0.6626843 1.6 1.944581 10.875 330.2249 0 0.09157901 -0.255767 0.02434601 0.962083
12.9021 SecondCar 1.355805 0.025 5.810939 0 244.3715 0 0 0.8463257 0 -0.5326658 4 0
12.9021 FirstCar -3.325497 0.025 2.97 0 90 0 0 0.7071068 0 0.7071068 4.189308 0
12.9039 Head -0.6626843 1.6 1.946822 10.875 330.2249 0 0.09157901 -0.255767 0.02434601 0.962083
12.9039 SecondCar 1.344042 0.025 5.80765 0 244.4383 0 0 0.8460152 0 -0.5331587 4 0
12.9039 FirstCar -3.31791 0.025 2.97 0 90 0 0 0.7071068 0 0.7071068 4.19365 0
12.9055 Head -0.6626843 1.6 1.949192 10.875 330.2249 0 0.09157901 -0.255767 0.02434601 0.962083
12.9055 SecondCar 1.333094 0.025 5.804607 0 244.5003 0 0 0.8457265 0 -0.5336166 4 0
12.9055 FirstCar -3.310853 0.025 2.97 0 90 0 0 0.7071068 0 0.7071068 4.197685 0
12.9055 Other FirstCar Collision
12.9055 Other FirstCar destroyed
12.9055 Other SecondCar destroyed
12.9072 Head -0.6626843 1.6 1.951395 10.875 330.2249 0 0.09157901 -0.255767 0.02434601 0.962083
12.9097 Head -0.6626843 1.6 1.951395 10.875 330.2249 0 0.09157901 -0.255767 0.02434601 0.962083
12.9112 Head -0.6626843 1.6 1.951395 10.875 330.2249 0 0.09157901 -0.255767 0.02434601 0.962083
12.9126 Head -0.6626843 1.6 1.951395 10.875 330.2249 0 0.09157901 -0.255767 0.02434601 0.962083
12.9139 Head -0.6626843 1.6 1.951395 10.875 330.2249 0 0.09157901 -0.255767 0.02434601 0.962083
12.9154 Head -0.6626843 1.6 1.951395 10.875 330.2249 0 0.09157901 -0.255767 0.02434601 0.962083
12.9168 Head -0.6626843 1.6 1.951395 10.875 330.2249 0 0.09157901 -0.255767 0.02434601 0.962083
12.9182 Head -0.6626843 1.6 1.951395 10.875 330.2249 0 0.09157901 -0.255767 0.02434601 0.962083
12.9196 Head -0.6626843 1.6 1.951395 10.875 330.2249 0 0.09157901 -0.255767 0.02434601 0.962083
12.9214 Head -0.6626843 1.6 1.951395 10.875 330.2249 0 0.09157901 -0.255767 0.02434601 0.962083
12.9230 Head -0.6626843 1.6 1.951395 10.875 330.2249 0 0.09157901 -0.255767 0.02434601 0.962083
12.9247 Head -0.6626843 1.6 1.951395 10.875 330.2249 0 0.09157901 -0.255767 0.02434601 0.962083
12.9263 Head -0.6626843 1.6 1.951395 10.875 330.2249 0 0.09157901 -0.255767 0.02434601 0.962083
12.9277 Head -0.6626843 1.6 1.951395 10.875 330.2249 0 0.09157901 -0.255767 0.02434601 0.962083
12.9305 Head -0.6626843 1.6 1.951395 10.875 330.2249 0 0.09157901 -0.255767 0.02434601 0.962083
12.9322 Head -0.6626843 1.6 1.951395 10.875 330.2249 0 0.09157901 -0.255767 0.02434601 0.962083
12.9340 Head -0.6626843 1.6 1.951395 10.875 330.2249 0 0.09157901 -0.255767 0.02434601 0.962083
12.9360 Head -0.6626843 1.6 1.951395 10.875 330.2249 0 0.09157901 -0.255767 0.02434601 0.962083
12.9377 Head -0.6626843 1.6 1.951395 10.875 330.2249 0 0.09157901 -0.255767 0.02434601 0.962083
12.9395 Head -0.6626843 1.6 1.951395 10.875 330.2249 0 0.09157901 -0.255767 0.02434601 0.962083
12.9412 Head -0.6626843 1.6 1.951395 10.875 330.2249 0 0.09157901 -0.255767 0.02434601 0.962083
12.9428 Head -0.6626843 1.6 1.951395 10.875 330.2249 0 0.09157901 -0.255767 0.02434601 0.962083
12.9443 Head -0.6626843 1.6 1.951395 10.875 330.2249 0 0.09157901 -0.255767 0.02434601 0.962083
12.9457 Head -0.6626843 1.6 1.951395 10.875 330.2249 0 0.09157901 -0.255767 0.02434601 0.962083
12.9472 Head -0.6626843 1.6 1.951395 10.875 330.2249 0 0.09157901 -0.255767 0.02434601 0.962083
12.9489 Head -0.6626843 1.6 1.951395 10.875 330.2249 0 0.09157901 -0.255767 0.02434601 0.962083
12.9504 Head -0.6626843 1.6 1.951395 10.875 330.2249 0 0.09157901 -0.255767 0.02434601 0.962083
12.9518 Head -0.6626843 1.6 1.951395 10.875 330.2249 0 0.09157901 -0.255767 0.02434601 0.962083
12.9539 Head -0.6626843 1.6 1.951395 10.875 330.2249 0 0.09157901 -0.255767 0.02434601 0.962083
12.9555 Head -0.6626843 1.6 1.951395 10.875 330.2249 0 0.09157901 -0.255767 0.02434601 0.962083
12.9569 Head -0.6626843 1.6 1.951395 10.875 330.2249 0 0.09157901 -0.255767 0.02434601 0.962083
12.9584 Head -0.6626843 1.6 1.951395 10.875 330.2249 0 0.09157901 -0.255767 0.02434601 0.962083
12.9598 Head -0.6626843 1.6 1.951395 10.875 330.2249 0 0.09157901 -0.255767 0.02434601 0.962083
12.9612 Head -0.6626843 1.6 1.951395 10.875 330.2249 0 0.09157901 -0.255767 0.02434601 0.962083
12.9628 Head -0.6626843 1.6 1.951395 10.875 330.2249 0 0.09157901 -0.255767 0.02434601 0.962083
12.9644 Head -0.6626843 1.6 1.951395 10.875 330.2249 0 0.09157901 -0.255767 0.02434601 0.962083
12.9662 Head -0.6626843 1.6 1.951395 10.875 330.2249 0 0.09157901 -0.255767 0.02434601 0.962083
12.9678 Head -0.6626843 1.6 1.951395 10.875 330.2249 0 0.09157901 -0.255767 0.02434601 0.962083
12.9695 Head -0.6626843 1.6 1.951395 10.875 330.2249 0 0.09157901 -0.255767 0.02434601 0.962083
12.9710 Head -0.6626843 1.6 1.951395 10.875 330.2249 0 0.09157901 -0.255767 0.02434601 0.962083
12.9723 Head -0.6626843 1.6 1.951395 10.875 330.2249 0 0.09157901 -0.255767 0.02434601 0.962083
12.9737 Head -0.6626843 1.6 1.951395 10.875 330.2249 0 0.09157901 -0.255767 0.02434601 0.962083
12.9751 Head -0.6626843 1.6 1.951395 10.875 330.2249 0 0.09157901 -0.255767 0.02434601 0.962083
12.9766 Head -0.6626843 1.6 1.951395 10.875 330.2249 0 0.09157901 -0.255767 0.02434601 0.962083
12.9780 Head -0.6626843 1.6 1.951395 10.875 330.2249 0 0.09157901 -0.255767 0.02434601 0.962083
12.9794 Head -0.6626843 1.6 1.951395 10.875 330.2249 0 0.09157901 -0.255767 0.02434601 0.962083
12.9809 Head -0.6626843 1.6 1.951395 10.875 330.2249 0 0.09157901 -0.255767 0.02434601 0.962083
12.9823 Head -0.6626843 1.6 1.951395 10.875 330.2249 0 0.09157901 -0.255767 0.02434601 0.962083
12.9838 Head -0.6626843 1.6 1.951395 10.875 330.2249 0 0.09157901 -0.255767 0.02434601 0.962083
12.9858 Head -0.6626843 1.6 1.951395 10.875 330.2249 0 0.09157901 -0.255767 0.02434601 0.962083
12.9874 Head -0.6626843 1.6 1.951395 10.875 330.2249 0 0.09157901 -0.255767 0.02434601 0.962083
12.9890 Head -0.6626843 1.6 1.951395 10.875 330.2249 0 0.09157901 -0.255767 0.02434601 0.962083
12.9904 Head -0.6626843 1.6 1.951395 10.875 330.2249 0 0.09157901 -0.255767 0.02434601 0.962083
12.9919 Head -0.6626843 1.6 1.951395 10.875 330.2249 0 0.09157901 -0.255767 0.02434601 0.962083
12.9934 Head -0.6626843 1.6 1.951395 10.875 330.2249 0 0.09157901 -0.255767 0.02434601 0.962083
12.9954 Head -0.6626843 1.6 1.951395 10.875 330.2249 0 0.09157901 -0.255767 0.02434601 0.962083
12.9973 Head -0.6626843 1.6 1.951395 10.875 330.2249 0 0.09157901 -0.255767 0.02434601 0.962083
12.9991 Head -0.6626843 1.6 1.951395 10.875 330.2249 0 0.09157901 -0.255767 0.02434601 0.962083
13.0011 Head -0.6626843 1.6 1.951395 10.875 330.2249 0 0.09157901 -0.255767 0.02434601 0.962083
13.0031 Head -0.6626843 1.6 1.951395 10.875 330.2249 0 0.09157901 -0.255767 0.02434601 0.962083
13.0047 Head -0.6626843 1.6 1.951395 10.875 330.2249 0 0.09157901 -0.255767 0.02434601 0.962083
13.0063 Head -0.6626843 1.6 1.951395 10.875 330.2249 0 0.09157901 -0.255767 0.02434601 0.962083
13.0084 Head -0.6626843 1.6 1.951395 10.875 330.2249 0 0.09157901 -0.255767 0.02434601 0.962083
13.0102 Head -0.6626843 1.6 1.951395 10.875 330.2249 0 0.09157901 -0.255767 0.02434601 0.962083
13.0117 Head -0.6626843 1.6 1.951395 10.875 330.2249 0 0.09157901 -0.255767 0.02434601 0.962083
13.0131 Head -0.6626843 1.6 1.951395 10.875 330.2249 0 0.09157901 -0.255767 0.02434601 0.962083
13.0146 Head -0.6626843 1.6 1.951395 10.875 330.2249 0 0.09157901 -0.255767 0.02434601 0.962083
13.0170 Head -0.6626843 1.6 1.951395 10.875 330.2249 0 0.09157901 -0.255767 0.02434601 0.962083
13.0187 Head -0.6626843 1.6 1.951395 10.875 330.2249 0 0.09157901 -0.255767 0.02434601 0.962083
13.0201 Head -0.6626843 1.6 1.951395 10.875 330.2249 0 0.09157901 -0.255767 0.02434601 0.962083
13.0215 Head -0.6626843 1.6 1.951395 10.875 330.2249 0 0.09157901 -0.255767 0.02434601 0.962083
13.0229 Head -0.6626843 1.6 1.951395 10.875 330.2249 0 0.09157901 -0.255767 0.02434601 0.962083
13.0244 Head -0.6626843 1.6 1.951395 10.875 330.2249 0 0.09157901 -0.255767 0.02434601 0.962083
13.0263 Head -0.6626843 1.6 1.951395 10.875 330.2249 0 0.09157901 -0.255767 0.02434601 0.962083
13.0286 Head -0.6626843 1.6 1.951395 10.875 330.2249 0 0.09157901 -0.255767 0.02434601 0.962083
13.0320 Head -0.6626843 1.6 1.951395 10.875 330.2249 0 0.09157901 -0.255767 0.02434601 0.962083
13.0343 Head -0.6626843 1.6 1.951395 10.875 330.2249 0 0.09157901 -0.255767 0.02434601 0.962083
13.0357 Head -0.6626843 1.6 1.951395 10.875 330.2249 0 0.09157901 -0.255767 0.02434601 0.962083
13.0371 Head -0.6626843 1.6 1.951395 10.875 330.2249 0 0.09157901 -0.255767 0.02434601 0.962083
13.0384 Head -0.6626843 1.6 1.951395 10.875 330.2249 0 0.09157901 -0.255767 0.02434601 0.962083
13.0398 Head -0.6626843 1.6 1.951395 10.875 330.2249 0 0.09157901 -0.255767 0.02434601 0.962083
13.0412 Head -0.6626843 1.6 1.951395 10.875 330.2249 0 0.09157901 -0.255767 0.02434601 0.962083
13.0427 Head -0.6626843 1.6 1.951395 10.875 330.2249 0 0.09157901 -0.255767 0.02434601 0.962083
13.0440 Head -0.6626843 1.6 1.951395 10.875 330.2249 0 0.09157901 -0.255767 0.02434601 0.962083
13.0453 Head -0.6626843 1.6 1.951395 10.875 330.2249 0 0.09157901 -0.255767 0.02434601 0.962083
13.0469 Head -0.6626843 1.6 1.951395 10.875 330.2249 0 0.09157901 -0.255767 0.02434601 0.962083
13.0487 Head -0.6626843 1.6 1.951395 10.875 330.2249 0 0.09157901 -0.255767 0.02434601 0.962083
13.0503 Head -0.6626843 1.6 1.951395 10.875 330.2249 0 0.09157901 -0.255767 0.02434601 0.962083
13.0516 Head -0.6626843 1.6 1.951395 10.875 330.2249 0 0.09157901 -0.255767 0.02434601 0.962083
13.0529 Head -0.6626843 1.6 1.951395 10.875 330.2249 0 0.09157901 -0.255767 0.02434601 0.962083
13.0542 Head -0.6626843 1.6 1.951395 10.875 330.2249 0 0.09157901 -0.255767 0.02434601 0.962083
13.0555 Head -0.6626843 1.6 1.951395 10.875 330.2249 0 0.09157901 -0.255767 0.02434601 0.962083
13.0569 Head -0.6626843 1.6 1.951395 10.875 330.2249 0 0.09157901 -0.255767 0.02434601 0.962083
13.0584 Head -0.6626843 1.6 1.951395 10.875 330.2249 0 0.09157901 -0.255767 0.02434601 0.962083
13.0599 Head -0.6626843 1.6 1.951395 10.875 330.2249 0 0.09157901 -0.255767 0.02434601 0.962083
13.0613 Head -0.6626843 1.6 1.951395 10.875 330.2249 0 0.09157901 -0.255767 0.02434601 0.962083
13.0630 Head -0.6626843 1.6 1.951395 10.875 330.2249 0 0.09157901 -0.255767 0.02434601 0.962083
13.0646 Head -0.6626843 1.6 1.951395 10.875 330.2249 0 0.09157901 -0.255767 0.02434601 0.962083
13.0664 Head -0.6626843 1.6 1.951395 10.875 330.2249 0 0.09157901 -0.255767 0.02434601 0.962083
13.0680 Head -0.6626843 1.6 1.951395 10.875 330.2249 0 0.09157901 -0.255767 0.02434601 0.962083
13.0696 Head -0.6626843 1.6 1.951395 10.875 330.2249 0 0.09157901 -0.255767 0.02434601 0.962083
13.0710 Head -0.6626843 1.6 1.951395 10.875 330.2249 0 0.09157901 -0.255767 0.02434601 0.962083
13.0725 Head -0.6626843 1.6 1.951395 10.875 330.2249 0 0.09157901 -0.255767 0.02434601 0.962083
13.0740 Head -0.6626843 1.6 1.951395 10.875 330.2249 0 0.09157901 -0.255767 0.02434601 0.962083
13.0756 Head -0.6626843 1.6 1.951395 10.875 330.2249 0 0.09157901 -0.255767 0.02434601 0.962083
13.0776 Head -0.6626843 1.6 1.951395 10.875 330.2249 0 0.09157901 -0.255767 0.02434601 0.962083
13.0792 Head -0.6626843 1.6 1.951395 10.875 330.2249 0 0.09157901 -0.255767 0.02434601 0.962083
13.0806 Head -0.6626843 1.6 1.951395 10.875 330.2249 0 0.09157901 -0.255767 0.02434601 0.962083
13.0819 Head -0.6626843 1.6 1.951395 10.875 330.2249 0 0.09157901 -0.255767 0.02434601 0.962083
13.0832 Head -0.6626843 1.6 1.951395 10.875 330.2249 0 0.09157901 -0.255767 0.02434601 0.962083
13.0846 Head -0.6626843 1.6 1.951395 10.875 330.2249 0 0.09157901 -0.255767 0.02434601 0.962083
13.0860 Head -0.6626843 1.6 1.951395 10.875 330.2249 0 0.09157901 -0.255767 0.02434601 0.962083
13.0874 Head -0.6626843 1.6 1.951395 10.875 330.2249 0 0.09157901 -0.255767 0.02434601 0.962083
13.0891 Head -0.6626843 1.6 1.951395 10.875 330.2249 0 0.09157901 -0.255767 0.02434601 0.962083
13.0906 Head -0.6626843 1.6 1.951395 10.875 330.2249 0 0.09157901 -0.255767 0.02434601 0.962083
13.0920 Head -0.6626843 1.6 1.951395 10.875 330.2249 0 0.09157901 -0.255767 0.02434601 0.962083
13.0934 Head -0.6626843 1.6 1.951395 10.875 330.2249 0 0.09157901 -0.255767 0.02434601 0.962083
13.0950 Head -0.6626843 1.6 1.951395 10.875 330.2249 0 0.09157901 -0.255767 0.02434601 0.962083
13.0966 Head -0.6626843 1.6 1.951395 10.875 330.2249 0 0.09157901 -0.255767 0.02434601 0.962083
13.0980 Head -0.6626843 1.6 1.951395 10.875 330.2249 0 0.09157901 -0.255767 0.02434601 0.962083
13.0993 Head -0.6626843 1.6 1.951395 10.875 330.2249 0 0.09157901 -0.255767 0.02434601 0.962083
13.1006 Head -0.6626843 1.6 1.951395 10.875 330.2249 0 0.09157901 -0.255767 0.02434601 0.962083
13.1019 Head -0.6626843 1.6 1.951395 10.875 330.2249 0 0.09157901 -0.255767 0.02434601 0.962083
13.1032 Head -0.6626843 1.6 1.951395 10.875 330.2249 0 0.09157901 -0.255767 0.02434601 0.962083
13.1045 Head -0.6626843 1.6 1.951395 10.875 330.2249 0 0.09157901 -0.255767 0.02434601 0.962083
13.1059 Head -0.6626843 1.6 1.951395 10.875 330.2249 0 0.09157901 -0.255767 0.02434601 0.962083
13.1072 Head -0.6626843 1.6 1.951395 10.875 330.2249 0 0.09157901 -0.255767 0.02434601 0.962083
13.1091 Head -0.6626843 1.6 1.951395 10.875 330.2249 0 0.09157901 -0.255767 0.02434601 0.962083
13.1105 Head -0.6626843 1.6 1.951395 10.875 330.2249 0 0.09157901 -0.255767 0.02434601 0.962083
13.1119 Head -0.6626843 1.6 1.951395 10.875 330.2249 0 0.09157901 -0.255767 0.02434601 0.962083
13.1133 Head -0.6626843 1.6 1.951395 10.875 330.2249 0 0.09157901 -0.255767 0.02434601 0.962083
13.1146 Head -0.6626843 1.6 1.951395 10.875 330.2249 0 0.09157901 -0.255767 0.02434601 0.962083
13.1159 Head -0.6626843 1.6 1.951395 10.875 330.2249 0 0.09157901 -0.255767 0.02434601 0.962083
13.1172 Head -0.6626843 1.6 1.951395 10.875 330.2249 0 0.09157901 -0.255767 0.02434601 0.962083
13.1185 Head -0.6626843 1.6 1.951395 10.875 330.2249 0 0.09157901 -0.255767 0.02434601 0.962083
13.1198 Head -0.6626843 1.6 1.951395 10.875 330.2249 0 0.09157901 -0.255767 0.02434601 0.962083
13.1211 Head -0.6626843 1.6 1.951395 10.875 330.2249 0 0.09157901 -0.255767 0.02434601 0.962083
13.1224 Head -0.6626843 1.6 1.951395 10.875 330.2249 0 0.09157901 -0.255767 0.02434601 0.962083
13.1240 Head -0.6626843 1.6 1.951395 10.875 330.2249 0 0.09157901 -0.255767 0.02434601 0.962083
13.1256 Head -0.6626843 1.6 1.951395 10.875 330.2249 0 0.09157901 -0.255767 0.02434601 0.962083
13.1273 Head -0.6626843 1.6 1.951395 10.875 330.2249 0 0.09157901 -0.255767 0.02434601 0.962083
13.1291 Head -0.6626843 1.6 1.951395 10.875 330.2249 0 0.09157901 -0.255767 0.02434601 0.962083
13.1306 Head -0.6626843 1.6 1.951395 10.875 330.2249 0 0.09157901 -0.255767 0.02434601 0.962083
13.1319 Head -0.6626843 1.6 1.951395 10.875 330.2249 0 0.09157901 -0.255767 0.02434601 0.962083
13.1336 Head -0.6626843 1.6 1.951395 10.875 330.2249 0 0.09157901 -0.255767 0.02434601 0.962083
13.1355 Head -0.6626843 1.6 1.951395 10.875 330.2249 0 0.09157901 -0.255767 0.02434601 0.962083
13.1372 Head -0.6626843 1.6 1.951395 10.875 330.2249 0 0.09157901 -0.255767 0.02434601 0.962083
13.1387 Head -0.6626843 1.6 1.951395 10.875 330.2249 0 0.09157901 -0.255767 0.02434601 0.962083
13.1407 Head -0.6626843 1.6 1.951395 10.875 330.2249 0 0.09157901 -0.255767 0.02434601 0.962083
13.1423 Head -0.6626843 1.6 1.951395 10.875 330.2249 0 0.09157901 -0.255767 0.02434601 0.962083
13.1437 Head -0.6626843 1.6 1.951395 10.875 330.2249 0 0.09157901 -0.255767 0.02434601 0.962083
13.1450 Head -0.6626843 1.6 1.951395 10.875 330.2249 0 0.09157901 -0.255767 0.02434601 0.962083
13.1462 Head -0.6626843 1.6 1.951395 10.875 330.2249 0 0.09157901 -0.255767 0.02434601 0.962083
13.1474 Head -0.6626843 1.6 1.951395 10.875 330.2249 0 0.09157901 -0.255767 0.02434601 0.962083
13.1489 Head -0.6626843 1.6 1.951395 10.875 330.2249 0 0.09157901 -0.255767 0.02434601 0.962083
13.1501 Head -0.6626843 1.6 1.951395 10.875 330.2249 0 0.09157901 -0.255767 0.02434601 0.962083
13.1514 Head -0.6626843 1.6 1.951395 10.875 330.2249 0 0.09157901 -0.255767 0.02434601 0.962083
13.1525 Head -0.6626843 1.6 1.951395 10.875 330.2249 0 0.09157901 -0.255767 0.02434601 0.962083
13.1537 Head -0.6626843 1.6 1.951395 10.875 330.2249 0 0.09157901 -0.255767 0.02434601 0.962083
13.1550 Head -0.6626843 1.6 1.951395 10.875 330.2249 0 0.09157901 -0.255767 0.02434601 0.962083
13.1562 Head -0.6626843 1.6 1.951395 10.875 330.2249 0 0.09157901 -0.255767 0.02434601 0.962083
13.1575 Head -0.6626843 1.6 1.951395 10.875 330.2249 0 0.09157901 -0.255767 0.02434601 0.962083
13.1589 Head -0.6626843 1.6 1.951395 10.875 330.2249 0 0.09157901 -0.255767 0.02434601 0.962083
13.1600 Head -0.6626843 1.6 1.951395 10.875 330.2249 0 0.09157901 -0.255767 0.02434601 0.962083
13.1612 Head -0.6626843 1.6 1.951395 10.875 330.2249 0 0.09157901 -0.255767 0.02434601 0.962083
13.1623 Head -0.6626843 1.6 1.951395 10.875 330.2249 0 0.09157901 -0.255767 0.02434601 0.962083
13.1634 Head -0.6626843 1.6 1.951395 10.875 330.2249 0 0.09157901 -0.255767 0.02434601 0.962083
13.1645 Head -0.6626843 1.6 1.951395 10.875 330.2249 0 0.09157901 -0.255767 0.02434601 0.962083
13.1657 Head -0.6626843 1.6 1.951395 10.875 330.2249 0 0.09157901 -0.255767 0.02434601 0.962083
13.1669 Head -0.6626843 1.6 1.951395 10.875 330.2249 0 0.09157901 -0.255767 0.02434601 0.962083
13.1680 Head -0.6626843 1.6 1.951395 10.875 330.2249 0 0.09157901 -0.255767 0.02434601 0.962083
13.1694 Head -0.6626843 1.6 1.951395 10.875 330.2249 0 0.09157901 -0.255767 0.02434601 0.962083
13.1714 Head -0.6626843 1.6 1.951395 10.875 330.2249 0 0.09157901 -0.255767 0.02434601 0.962083
13.1728 Head -0.6626843 1.6 1.951395 10.875 330.2249 0 0.09157901 -0.255767 0.02434601 0.962083
13.1741 Head -0.6626843 1.6 1.951395 10.875 330.2249 0 0.09157901 -0.255767 0.02434601 0.962083
13.1752 Head -0.6626843 1.6 1.951395 10.875 330.2249 0 0.09157901 -0.255767 0.02434601 0.962083
13.1764 Head -0.6626843 1.6 1.951395 10.875 330.2249 0 0.09157901 -0.255767 0.02434601 0.962083
13.1775 Head -0.6626843 1.6 1.951395 10.875 330.2249 0 0.09157901 -0.255767 0.02434601 0.962083
13.1787 Head -0.6626843 1.6 1.951395 10.875 330.2249 0 0.09157901 -0.255767 0.02434601 0.962083
13.1799 Head -0.6626843 1.6 1.951395 10.875 330.2249 0 0.09157901 -0.255767 0.02434601 0.962083
13.1810 Head -0.6626843 1.6 1.951395 10.875 330.2249 0 0.09157901 -0.255767 0.02434601 0.962083
13.1821 Head -0.6626843 1.6 1.951395 10.875 330.2249 0 0.09157901 -0.255767 0.02434601 0.962083
13.1833 Head -0.6626843 1.6 1.951395 10.875 330.2249 0 0.09157901 -0.255767 0.02434601 0.962083
13.1844 Head -0.6626843 1.6 1.951395 10.875 330.2249 0 0.09157901 -0.255767 0.02434601 0.962083
13.1856 Head -0.6626843 1.6 1.951395 10.875 330.2249 0 0.09157901 -0.255767 0.02434601 0.962083
13.1867 Head -0.6626843 1.6 1.951395 10.875 330.2249 0 0.09157901 -0.255767 0.02434601 0.962083
13.1879 Head -0.6626843 1.6 1.951395 10.875 330.2249 0 0.09157901 -0.255767 0.02434601 0.962083
13.1892 Head -0.6626843 1.6 1.951395 10.875 330.2249 0 0.09157901 -0.255767 0.02434601 0.962083
13.1904 Head -0.6626843 1.6 1.951395 10.875 330.2249 0 0.09157901 -0.255767 0.02434601 0.962083
13.1915 Head -0.6626843 1.6 1.951395 10.875 330.2249 0 0.09157901 -0.255767 0.02434601 0.962083
13.1927 Head -0.6626843 1.6 1.951395 10.875 330.2249 0 0.09157901 -0.255767 0.02434601 0.962083
13.1939 Head -0.6626843 1.6 1.951395 10.875 330.2249 0 0.09157901 -0.255767 0.02434601 0.962083
13.1952 Head -0.6626843 1.6 1.951395 10.875 330.2249 0 0.09157901 -0.255767 0.02434601 0.962083
13.1964 Head -0.6626843 1.6 1.951395 10.875 330.2249 0 0.09157901 -0.255767 0.02434601 0.962083
13.1975 Head -0.6626843 1.6 1.951395 10.875 330.2249 0 0.09157901 -0.255767 0.02434601 0.962083
13.1987 Head -0.6626843 1.6 1.951395 10.875 330.2249 0 0.09157901 -0.255767 0.02434601 0.962083
13.1998 Head -0.6626843 1.6 1.951395 10.875 330.2249 0 0.09157901 -0.255767 0.02434601 0.962083
13.2011 Head -0.6626843 1.6 1.951395 10.875 330.2249 0 0.09157901 -0.255767 0.02434601 0.962083
13.2024 Head -0.6626843 1.6 1.951395 10.875 330.2249 0 0.09157901 -0.255767 0.02434601 0.962083
13.2037 Head -0.6626843 1.6 1.951395 10.875 330.2249 0 0.09157901 -0.255767 0.02434601 0.962083
13.2051 Head -0.6626843 1.6 1.951395 10.875 330.2249 0 0.09157901 -0.255767 0.02434601 0.962083
13.2064 Head -0.6626843 1.6 1.951395 10.875 330.2249 0 0.09157901 -0.255767 0.02434601 0.962083
13.2080 Head -0.6626843 1.6 1.951395 10.875 330.2249 0 0.09157901 -0.255767 0.02434601 0.962083
13.2097 Head -0.6626843 1.6 1.951395 10.875 330.2249 0 0.09157901 -0.255767 0.02434601 0.962083
13.2110 Head -0.6626843 1.6 1.951395 10.875 330.2249 0 0.09157901 -0.255767 0.02434601 0.962083
13.2122 Head -0.6626843 1.6 1.951395 10.875 330.2249 0 0.09157901 -0.255767 0.02434601 0.962083
13.2134 Head -0.6626843 1.6 1.951395 10.875 330.2249 0 0.09157901 -0.255767 0.02434601 0.962083
13.2145 Head -0.6626843 1.6 1.951395 10.875 330.2249 0 0.09157901 -0.255767 0.02434601 0.962083
13.2157 Head -0.6626843 1.6 1.951395 10.875 330.2249 0 0.09157901 -0.255767 0.02434601 0.962083
13.2169 Head -0.6626843 1.6 1.951395 10.875 330.2249 0 0.09157901 -0.255767 0.02434601 0.962083
13.2188 Head -0.6626843 1.6 1.951395 10.875 330.2249 0 0.09157901 -0.255767 0.02434601 0.962083
13.2206 Head -0.6626843 1.6 1.951395 10.875 330.2249 0 0.09157901 -0.255767 0.02434601 0.962083
13.2221 Head -0.6626843 1.6 1.951395 10.875 330.2249 0 0.09157901 -0.255767 0.02434601 0.962083
13.2233 Head -0.6626843 1.6 1.951395 10.875 330.2249 0 0.09157901 -0.255767 0.02434601 0.962083
13.2244 Head -0.6626843 1.6 1.951395 10.875 330.2249 0 0.09157901 -0.255767 0.02434601 0.962083
13.2256 Head -0.6626843 1.6 1.951395 10.875 330.2249 0 0.09157901 -0.255767 0.02434601 0.962083
13.2268 Head -0.6626843 1.6 1.951395 10.875 330.2249 0 0.09157901 -0.255767 0.02434601 0.962083
13.2279 Head -0.6626843 1.6 1.951395 10.875 330.2249 0 0.09157901 -0.255767 0.02434601 0.962083
13.2292 Head -0.6626843 1.6 1.951395 10.875 330.2249 0 0.09157901 -0.255767 0.02434601 0.962083
13.2304 Head -0.6626843 1.6 1.951395 10.875 330.2249 0 0.09157901 -0.255767 0.02434601 0.962083
13.2316 Head -0.6626843 1.6 1.951395 10.875 330.2249 0 0.09157901 -0.255767 0.02434601 0.962083
13.2328 Head -0.6626843 1.6 1.951395 10.875 330.2249 0 0.09157901 -0.255767 0.02434601 0.962083
13.2344 Head -0.6626843 1.6 1.951395 10.875 330.2249 0 0.09157901 -0.255767 0.02434601 0.962083
13.2360 Head -0.6626843 1.6 1.951395 10.875 330.2249 0 0.09157901 -0.255767 0.02434601 0.962083
13.2372 Head -0.6626843 1.6 1.951395 10.875 330.2249 0 0.09157901 -0.255767 0.02434601 0.962083
13.2385 Head -0.6626843 1.6 1.951395 10.875 330.2249 0 0.09157901 -0.255767 0.02434601 0.962083
13.2397 Head -0.6626843 1.6 1.951395 10.875 330.2249 0 0.09157901 -0.255767 0.02434601 0.962083
13.2409 Head -0.6626843 1.6 1.951395 10.875 330.2249 0 0.09157901 -0.255767 0.02434601 0.962083
13.2420 Head -0.6626843 1.6 1.951395 10.875 330.2249 0 0.09157901 -0.255767 0.02434601 0.962083
13.2432 Head -0.6626843 1.6 1.951395 10.875 330.2249 0 0.09157901 -0.255767 0.02434601 0.962083
13.2443 Head -0.6626843 1.6 1.951395 10.875 330.2249 0 0.09157901 -0.255767 0.02434601 0.962083
13.2455 Head -0.6626843 1.6 1.951395 10.875 330.2249 0 0.09157901 -0.255767 0.02434601 0.962083
13.2467 Head -0.6626843 1.6 1.951395 10.875 330.2249 0 0.09157901 -0.255767 0.02434601 0.962083
13.2478 Head -0.6626843 1.6 1.951395 10.875 330.2249 0 0.09157901 -0.255767 0.02434601 0.962083
13.2491 Head -0.6626843 1.6 1.951395 10.875 330.2249 0 0.09157901 -0.255767 0.02434601 0.962083
13.2502 Head -0.6626843 1.6 1.951395 10.875 330.2249 0 0.09157901 -0.255767 0.02434601 0.962083
13.2514 Head -0.6626843 1.6 1.951395 10.875 330.2249 0 0.09157901 -0.255767 0.02434601 0.962083
13.2526 Head -0.6626843 1.6 1.951395 10.875 330.2249 0 0.09157901 -0.255767 0.02434601 0.962083
13.2537 Head -0.6626843 1.6 1.951395 10.875 330.2249 0 0.09157901 -0.255767 0.02434601 0.962083
13.2549 Head -0.6626843 1.6 1.951395 10.875 330.2249 0 0.09157901 -0.255767 0.02434601 0.962083
13.2562 Head -0.6626843 1.6 1.951395 10.875 330.2249 0 0.09157901 -0.255767 0.02434601 0.962083
13.2573 Head -0.6626843 1.6 1.951395 10.875 330.2249 0 0.09157901 -0.255767 0.02434601 0.962083
13.2585 Head -0.6626843 1.6 1.951395 10.875 330.2249 0 0.09157901 -0.255767 0.02434601 0.962083
13.2596 Head -0.6626843 1.6 1.951395 10.875 330.2249 0 0.09157901 -0.255767 0.02434601 0.962083
13.2608 Head -0.6626843 1.6 1.951395 10.875 330.2249 0 0.09157901 -0.255767 0.02434601 0.962083
13.2619 Head -0.6626843 1.6 1.951395 10.875 330.2249 0 0.09157901 -0.255767 0.02434601 0.962083
13.2633 Head -0.6626843 1.6 1.951395 10.875 330.2249 0 0.09157901 -0.255767 0.02434601 0.962083
13.2647 Head -0.6626843 1.6 1.951395 10.875 330.2249 0 0.09157901 -0.255767 0.02434601 0.962083
13.2659 Head -0.6626843 1.6 1.951395 10.875 330.2249 0 0.09157901 -0.255767 0.02434601 0.962083
13.2671 Head -0.6626843 1.6 1.951395 10.875 330.2249 0 0.09157901 -0.255767 0.02434601 0.962083
13.2686 Head -0.6626843 1.6 1.951395 10.875 330.2249 0 0.09157901 -0.255767 0.02434601 0.962083
13.2700 Head -0.6626843 1.6 1.951395 10.875 330.2249 0 0.09157901 -0.255767 0.02434601 0.962083
13.2717 Head -0.6626843 1.6 1.951395 10.875 330.2249 0 0.09157901 -0.255767 0.02434601 0.962083
13.2730 Head -0.6626843 1.6 1.951395 10.875 330.2249 0 0.09157901 -0.255767 0.02434601 0.962083
13.2743 Head -0.6626843 1.6 1.951395 10.875 330.2249 0 0.09157901 -0.255767 0.02434601 0.962083
13.2756 Head -0.6626843 1.6 1.951395 10.875 330.2249 0 0.09157901 -0.255767 0.02434601 0.962083
13.2769 Head -0.6626843 1.6 1.951395 10.875 330.2249 0 0.09157901 -0.255767 0.02434601 0.962083
13.2781 Head -0.6626843 1.6 1.951395 10.875 330.2249 0 0.09157901 -0.255767 0.02434601 0.962083
13.2793 Head -0.6626843 1.6 1.951395 10.875 330.2249 0 0.09157901 -0.255767 0.02434601 0.962083
13.2805 Head -0.6626843 1.6 1.951395 10.875 330.2249 0 0.09157901 -0.255767 0.02434601 0.962083
13.2817 Head -0.6626843 1.6 1.951395 10.875 330.2249 0 0.09157901 -0.255767 0.02434601 0.962083
13.2830 Head -0.6626843 1.6 1.951395 10.875 330.2249 0 0.09157901 -0.255767 0.02434601 0.962083
13.2842 Head -0.6626843 1.6 1.951395 10.875 330.2249 0 0.09157901 -0.255767 0.02434601 0.962083
13.2854 Head -0.6626843 1.6 1.951395 10.875 330.2249 0 0.09157901 -0.255767 0.02434601 0.962083
13.2866 Head -0.6626843 1.6 1.951395 10.875 330.2249 0 0.09157901 -0.255767 0.02434601 0.962083
13.2878 Head -0.6626843 1.6 1.951395 10.875 330.2249 0 0.09157901 -0.255767 0.02434601 0.962083
13.2891 Head -0.6626843 1.6 1.951395 10.875 330.2249 0 0.09157901 -0.255767 0.02434601 0.962083
13.2902 Head -0.6626843 1.6 1.951395 10.875 330.2249 0 0.09157901 -0.255767 0.02434601 0.962083
13.2914 Head -0.6626843 1.6 1.951395 10.875 330.2249 0 0.09157901 -0.255767 0.02434601 0.962083
13.2926 Head -0.6626843 1.6 1.951395 10.875 330.2249 0 0.09157901 -0.255767 0.02434601 0.962083
13.2937 Head -0.6626843 1.6 1.951395 10.875 330.2249 0 0.09157901 -0.255767 0.02434601 0.962083
13.2950 Head -0.6626843 1.6 1.951395 10.875 330.2249 0 0.09157901 -0.255767 0.02434601 0.962083
13.2962 Head -0.6626843 1.6 1.951395 10.875 330.2249 0 0.09157901 -0.255767 0.02434601 0.962083
13.2974 Head -0.6626843 1.6 1.951395 10.875 330.2249 0 0.09157901 -0.255767 0.02434601 0.962083
13.2986 Head -0.6626843 1.6 1.951395 10.875 330.2249 0 0.09157901 -0.255767 0.02434601 0.962083
13.2999 Head -0.6626843 1.6 1.951395 10.875 330.2249 0 0.09157901 -0.255767 0.02434601 0.962083
13.3011 Head -0.6626843 1.6 1.951395 10.875 330.2249 0 0.09157901 -0.255767 0.02434601 0.962083
13.3024 Head -0.6626843 1.6 1.951395 10.875 330.2249 0 0.09157901 -0.255767 0.02434601 0.962083
13.3037 Head -0.6626843 1.6 1.951395 10.875 330.2249 0 0.09157901 -0.255767 0.02434601 0.962083
13.3050 Head -0.6626843 1.6 1.951395 10.875 330.2249 0 0.09157901 -0.255767 0.02434601 0.962083
13.3063 Head -0.6626843 1.6 1.951395 10.875 330.2249 0 0.09157901 -0.255767 0.02434601 0.962083
13.3076 Head -0.6626843 1.6 1.951395 10.875 330.2249 0 0.09157901 -0.255767 0.02434601 0.962083
13.3090 Head -0.6626843 1.6 1.951395 10.875 330.2249 0 0.09157901 -0.255767 0.02434601 0.962083
13.3101 Head -0.6626843 1.6 1.951395 10.875 330.2249 0 0.09157901 -0.255767 0.02434601 0.962083
13.3113 Head -0.6626843 1.6 1.951395 10.875 330.2249 0 0.09157901 -0.255767 0.02434601 0.962083
13.3126 Head -0.6626843 1.6 1.951395 10.875 330.2249 0 0.09157901 -0.255767 0.02434601 0.962083
13.3138 Head -0.6626843 1.6 1.951395 10.875 330.2249 0 0.09157901 -0.255767 0.02434601 0.962083
13.3152 Head -0.6626843 1.6 1.951395 10.875 330.2249 0 0.09157901 -0.255767 0.02434601 0.962083
13.3165 Head -0.6626843 1.6 1.951395 10.875 330.2249 0 0.09157901 -0.255767 0.02434601 0.962083
13.3177 Head -0.6626843 1.6 1.951395 10.875 330.2249 0 0.09157901 -0.255767 0.02434601 0.962083
13.3189 Head -0.6626843 1.6 1.951395 10.875 330.2249 0 0.09157901 -0.255767 0.02434601 0.962083
13.3202 Head -0.6626843 1.6 1.951395 10.875 330.2249 0 0.09157901 -0.255767 0.02434601 0.962083
13.3214 Head -0.6626843 1.6 1.951395 10.875 330.2249 0 0.09157901 -0.255767 0.02434601 0.962083
13.3226 Head -0.6626843 1.6 1.951395 10.875 330.2249 0 0.09157901 -0.255767 0.02434601 0.962083
13.3237 Head -0.6626843 1.6 1.951395 10.875 330.2249 0 0.09157901 -0.255767 0.02434601 0.962083
13.3250 Head -0.6626843 1.6 1.951395 10.875 330.2249 0 0.09157901 -0.255767 0.02434601 0.962083
13.3262 Head -0.6626843 1.6 1.951395 10.875 330.2249 0 0.09157901 -0.255767 0.02434601 0.962083
13.3274 Head -0.6626843 1.6 1.951395 10.875 330.2249 0 0.09157901 -0.255767 0.02434601 0.962083
13.3290 Head -0.6626843 1.6 1.951395 10.875 330.2249 0 0.09157901 -0.255767 0.02434601 0.962083
13.3306 Head -0.6626843 1.6 1.951395 10.875 330.2249 0 0.09157901 -0.255767 0.02434601 0.962083
13.3322 Head -0.6626843 1.6 1.951395 10.875 330.2249 0 0.09157901 -0.255767 0.02434601 0.962083
13.3337 Head -0.6626843 1.6 1.951395 10.875 330.2249 0 0.09157901 -0.255767 0.02434601 0.962083
13.3353 Head -0.6626843 1.6 1.951395 10.875 330.2249 0 0.09157901 -0.255767 0.02434601 0.962083
13.3369 Head -0.6626843 1.6 1.951395 10.875 330.2249 0 0.09157901 -0.255767 0.02434601 0.962083
13.3387 Head -0.6626843 1.6 1.951395 10.875 330.2249 0 0.09157901 -0.255767 0.02434601 0.962083
13.3402 Head -0.6626843 1.6 1.951395 10.875 330.2249 0 0.09157901 -0.255767 0.02434601 0.962083
13.3415 Head -0.6626843 1.6 1.951395 10.875 330.2249 0 0.09157901 -0.255767 0.02434601 0.962083
13.3428 Head -0.6626843 1.6 1.951395 10.875 330.2249 0 0.09157901 -0.255767 0.02434601 0.962083
13.3442 Head -0.6626843 1.6 1.951395 10.875 330.2249 0 0.09157901 -0.255767 0.02434601 0.962083
13.3456 Head -0.6626843 1.6 1.951395 10.875 330.2249 0 0.09157901 -0.255767 0.02434601 0.962083
13.3470 Head -0.6626843 1.6 1.951395 10.875 330.2249 0 0.09157901 -0.255767 0.02434601 0.962083
13.3483 Head -0.6626843 1.6 1.951395 10.875 330.2249 0 0.09157901 -0.255767 0.02434601 0.962083
13.3499 Head -0.6626843 1.6 1.951395 10.875 330.2249 0 0.09157901 -0.255767 0.02434601 0.962083
13.3512 Head -0.6626843 1.6 1.951395 10.875 330.2249 0 0.09157901 -0.255767 0.02434601 0.962083
13.3524 Head -0.6626843 1.6 1.951395 10.875 330.2249 0 0.09157901 -0.255767 0.02434601 0.962083
13.3537 Head -0.6626843 1.6 1.951395 10.875 330.2249 0 0.09157901 -0.255767 0.02434601 0.962083
13.3549 Head -0.6626843 1.6 1.951395 10.875 330.2249 0 0.09157901 -0.255767 0.02434601 0.962083
13.3561 Head -0.6626843 1.6 1.951395 10.875 330.2249 0 0.09157901 -0.255767 0.02434601 0.962083
13.3573 Head -0.6626843 1.6 1.951395 10.875 330.2249 0 0.09157901 -0.255767 0.02434601 0.962083
13.3585 Head -0.6626843 1.6 1.951395 10.875 330.2249 0 0.09157901 -0.255767 0.02434601 0.962083
13.3598 Head -0.6626843 1.6 1.951395 10.875 330.2249 0 0.09157901 -0.255767 0.02434601 0.962083
13.3610 Head -0.6626843 1.6 1.951395 10.875 330.2249 0 0.09157901 -0.255767 0.02434601 0.962083
13.3623 Head -0.6626843 1.6 1.951395 10.875 330.2249 0 0.09157901 -0.255767 0.02434601 0.962083
13.3637 Head -0.6626843 1.6 1.951395 10.875 330.2249 0 0.09157901 -0.255767 0.02434601 0.962083
13.3650 Head -0.6626843 1.6 1.951395 10.875 330.2249 0 0.09157901 -0.255767 0.02434601 0.962083
13.3663 Head -0.6626843 1.6 1.951395 10.875 330.2249 0 0.09157901 -0.255767 0.02434601 0.962083
13.3676 Head -0.6626843 1.6 1.951395 10.875 330.2249 0 0.09157901 -0.255767 0.02434601 0.962083
13.3690 Head -0.6626843 1.6 1.951395 10.875 330.2249 0 0.09157901 -0.255767 0.02434601 0.962083
13.3703 Head -0.6626843 1.6 1.951395 10.875 330.2249 0 0.09157901 -0.255767 0.02434601 0.962083
13.3715 Head -0.6626843 1.6 1.951395 10.875 330.2249 0 0.09157901 -0.255767 0.02434601 0.962083
13.3726 Head -0.6626843 1.6 1.951395 10.875 330.2249 0 0.09157901 -0.255767 0.02434601 0.962083
13.3738 Head -0.6626843 1.6 1.951395 10.875 330.2249 0 0.09157901 -0.255767 0.02434601 0.962083
13.3752 Head -0.6626843 1.6 1.951395 10.875 330.2249 0 0.09157901 -0.255767 0.02434601 0.962083
13.3766 Head -0.6626843 1.6 1.951395 10.875 330.2249 0 0.09157901 -0.255767 0.02434601 0.962083
13.3778 Head -0.6626843 1.6 1.951395 10.875 330.2249 0 0.09157901 -0.255767 0.02434601 0.962083
13.3790 Head -0.6626843 1.6 1.951395 10.875 330.2249 0 0.09157901 -0.255767 0.02434601 0.962083
13.3802 Head -0.6626843 1.6 1.951395 10.875 330.2249 0 0.09157901 -0.255767 0.02434601 0.962083
13.3814 Head -0.6626843 1.6 1.951395 10.875 330.2249 0 0.09157901 -0.255767 0.02434601 0.962083
13.3825 Head -0.6626843 1.6 1.951395 10.875 330.2249 0 0.09157901 -0.255767 0.02434601 0.962083
13.3836 Head -0.6626843 1.6 1.951395 10.875 330.2249 0 0.09157901 -0.255767 0.02434601 0.962083
13.3848 Head -0.6626843 1.6 1.951395 10.875 330.2249 0 0.09157901 -0.255767 0.02434601 0.962083
13.3860 Head -0.6626843 1.6 1.951395 10.875 330.2249 0 0.09157901 -0.255767 0.02434601 0.962083
13.3871 Head -0.6626843 1.6 1.951395 10.875 330.2249 0 0.09157901 -0.255767 0.02434601 0.962083
13.3885 Head -0.6626843 1.6 1.951395 10.875 330.2249 0 0.09157901 -0.255767 0.02434601 0.962083
13.3897 Head -0.6626843 1.6 1.951395 10.875 330.2249 0 0.09157901 -0.255767 0.02434601 0.962083
13.3910 Head -0.6626843 1.6 1.951395 10.875 330.2249 0 0.09157901 -0.255767 0.02434601 0.962083
13.3923 Head -0.6626843 1.6 1.951395 10.875 330.2249 0 0.09157901 -0.255767 0.02434601 0.962083
13.3935 Head -0.6626843 1.6 1.951395 10.875 330.2249 0 0.09157901 -0.255767 0.02434601 0.962083
13.3949 Head -0.6626843 1.6 1.951395 10.875 330.2249 0 0.09157901 -0.255767 0.02434601 0.962083
13.3964 Head -0.6626843 1.6 1.951395 10.875 330.2249 0 0.09157901 -0.255767 0.02434601 0.962083
13.3980 Head -0.6626843 1.6 1.951395 10.875 330.2249 0 0.09157901 -0.255767 0.02434601 0.962083
13.3993 Head -0.6626843 1.6 1.951395 10.875 330.2249 0 0.09157901 -0.255767 0.02434601 0.962083
13.4007 Head -0.6626843 1.6 1.951395 10.875 330.2249 0 0.09157901 -0.255767 0.02434601 0.962083
13.4022 Head -0.6626843 1.6 1.951395 10.875 330.2249 0 0.09157901 -0.255767 0.02434601 0.962083
13.4036 Head -0.6626843 1.6 1.951395 10.875 330.2249 0 0.09157901 -0.255767 0.02434601 0.962083
13.4050 Head -0.6626843 1.6 1.951395 10.875 330.2249 0 0.09157901 -0.255767 0.02434601 0.962083
13.4065 Head -0.6626843 1.6 1.951395 10.875 330.2249 0 0.09157901 -0.255767 0.02434601 0.962083
13.4079 Head -0.6626843 1.6 1.951395 10.875 330.2249 0 0.09157901 -0.255767 0.02434601 0.962083
13.4097 Head -0.6626843 1.6 1.951395 10.875 330.2249 0 0.09157901 -0.255767 0.02434601 0.962083
13.4111 Head -0.6626843 1.6 1.951395 10.875 330.2249 0 0.09157901 -0.255767 0.02434601 0.962083
13.4125 Head -0.6626843 1.6 1.951395 10.875 330.2249 0 0.09157901 -0.255767 0.02434601 0.962083
13.4138 Head -0.6626843 1.6 1.951395 10.875 330.2249 0 0.09157901 -0.255767 0.02434601 0.962083
13.4152 Head -0.6626843 1.6 1.951395 10.875 330.2249 0 0.09157901 -0.255767 0.02434601 0.962083
13.4167 Head -0.6626843 1.6 1.951395 10.875 330.2249 0 0.09157901 -0.255767 0.02434601 0.962083
13.4180 Head -0.6626843 1.6 1.951395 10.875 330.2249 0 0.09157901 -0.255767 0.02434601 0.962083
13.4193 Head -0.6626843 1.6 1.951395 10.875 330.2249 0 0.09157901 -0.255767 0.02434601 0.962083
13.4205 Head -0.6626843 1.6 1.951395 10.875 330.2249 0 0.09157901 -0.255767 0.02434601 0.962083
13.4218 Head -0.6626843 1.6 1.951395 10.875 330.2249 0 0.09157901 -0.255767 0.02434601 0.962083
13.4231 Head -0.6626843 1.6 1.951395 10.875 330.2249 0 0.09157901 -0.255767 0.02434601 0.962083
13.4244 Head -0.6626843 1.6 1.951395 10.875 330.2249 0 0.09157901 -0.255767 0.02434601 0.962083
13.4259 Head -0.6626843 1.6 1.951395 10.875 330.2249 0 0.09157901 -0.255767 0.02434601 0.962083
13.4273 Head -0.6626843 1.6 1.951395 10.875 330.2249 0 0.09157901 -0.255767 0.02434601 0.962083
13.4291 Head -0.6626843 1.6 1.951395 10.875 330.2249 0 0.09157901 -0.255767 0.02434601 0.962083
13.4306 Head -0.6626843 1.6 1.951395 10.875 330.2249 0 0.09157901 -0.255767 0.02434601 0.962083
13.4321 Head -0.6626843 1.6 1.951395 10.875 330.2249 0 0.09157901 -0.255767 0.02434601 0.962083
13.4335 Head -0.6626843 1.6 1.951395 10.875 330.2249 0 0.09157901 -0.255767 0.02434601 0.962083
13.4348 Head -0.6626843 1.6 1.951395 10.875 330.2249 0 0.09157901 -0.255767 0.02434601 0.962083
13.4362 Head -0.6626843 1.6 1.951395 10.875 330.2249 0 0.09157901 -0.255767 0.02434601 0.962083
13.4375 Head -0.6626843 1.6 1.951395 10.875 330.2249 0 0.09157901 -0.255767 0.02434601 0.962083
13.4389 Head -0.6626843 1.6 1.951395 10.875 330.2249 0 0.09157901 -0.255767 0.02434601 0.962083
13.4402 Head -0.6626843 1.6 1.951395 10.875 330.2249 0 0.09157901 -0.255767 0.02434601 0.962083
13.4415 Head -0.6626843 1.6 1.951395 10.875 330.2249 0 0.09157901 -0.255767 0.02434601 0.962083
13.4428 Head -0.6626843 1.6 1.951395 10.875 330.2249 0 0.09157901 -0.255767 0.02434601 0.962083
13.4445 Head -0.6626843 1.6 1.951395 10.875 330.2249 0 0.09157901 -0.255767 0.02434601 0.962083
13.4460 Head -0.6626843 1.6 1.951395 10.875 330.2249 0 0.09157901 -0.255767 0.02434601 0.962083
13.4473 Head -0.6626843 1.6 1.951395 10.875 330.2249 0 0.09157901 -0.255767 0.02434601 0.962083
13.4487 Head -0.6626843 1.6 1.951395 10.875 330.2249 0 0.09157901 -0.255767 0.02434601 0.962083
13.4499 Head -0.6626843 1.6 1.951395 10.875 330.2249 0 0.09157901 -0.255767 0.02434601 0.962083
13.4511 Head -0.6626843 1.6 1.951395 10.875 330.2249 0 0.09157901 -0.255767 0.02434601 0.962083
13.4525 Head -0.6626843 1.6 1.951395 10.875 330.2249 0 0.09157901 -0.255767 0.02434601 0.962083
13.4538 Head -0.6626843 1.6 1.951395 10.875 330.2249 0 0.09157901 -0.255767 0.02434601 0.962083
13.4550 Head -0.6626843 1.6 1.951395 10.875 330.2249 0 0.09157901 -0.255767 0.02434601 0.962083
13.4563 Head -0.6626843 1.6 1.951395 10.875 330.2249 0 0.09157901 -0.255767 0.02434601 0.962083
13.4577 Head -0.6626843 1.6 1.951395 10.875 330.2249 0 0.09157901 -0.255767 0.02434601 0.962083
13.4594 Head -0.6626843 1.6 1.951395 10.875 330.2249 0 0.09157901 -0.255767 0.02434601 0.962083
13.4613 Head -0.6626843 1.6 1.951395 10.875 330.2249 0 0.09157901 -0.255767 0.02434601 0.962083
13.4630 Head -0.6626843 1.6 1.951395 10.875 330.2249 0 0.09157901 -0.255767 0.02434601 0.962083
13.4643 Head -0.6626843 1.6 1.951395 10.875 330.2249 0 0.09157901 -0.255767 0.02434601 0.962083
13.4656 Head -0.6626843 1.6 1.951395 10.875 330.2249 0 0.09157901 -0.255767 0.02434601 0.962083
13.4668 Head -0.6626843 1.6 1.951395 10.875 330.2249 0 0.09157901 -0.255767 0.02434601 0.962083
13.4684 Head -0.6626843 1.6 1.951395 10.875 330.2249 0 0.09157901 -0.255767 0.02434601 0.962083
13.4703 Head -0.6626843 1.6 1.951395 10.875 330.2249 0 0.09157901 -0.255767 0.02434601 0.962083
13.4718 Head -0.6626843 1.6 1.951395 10.875 330.2249 0 0.09157901 -0.255767 0.02434601 0.962083
13.4731 Head -0.6626843 1.6 1.951395 10.875 330.2249 0 0.09157901 -0.255767 0.02434601 0.962083
13.4744 Head -0.6626843 1.6 1.951395 10.875 330.2249 0 0.09157901 -0.255767 0.02434601 0.962083
13.4759 Head -0.6626843 1.6 1.951395 10.875 330.2249 0 0.09157901 -0.255767 0.02434601 0.962083
13.4777 Head -0.6626843 1.6 1.951395 10.875 330.2249 0 0.09157901 -0.255767 0.02434601 0.962083
13.4793 Head -0.6626843 1.6 1.951395 10.875 330.2249 0 0.09157901 -0.255767 0.02434601 0.962083
13.4807 Head -0.6626843 1.6 1.951395 10.875 330.2249 0 0.09157901 -0.255767 0.02434601 0.962083
13.4821 Head -0.6626843 1.6 1.951395 10.875 330.2249 0 0.09157901 -0.255767 0.02434601 0.962083
13.4834 Head -0.6626843 1.6 1.951395 10.875 330.2249 0 0.09157901 -0.255767 0.02434601 0.962083
13.4851 Head -0.6626843 1.6 1.951395 10.875 330.2249 0 0.09157901 -0.255767 0.02434601 0.962083
13.4865 Head -0.6626843 1.6 1.951395 10.875 330.2249 0 0.09157901 -0.255767 0.02434601 0.962083
13.4878 Head -0.6626843 1.6 1.951395 10.875 330.2249 0 0.09157901 -0.255767 0.02434601 0.962083
13.4892 Head -0.6626843 1.6 1.951395 10.875 330.2249 0 0.09157901 -0.255767 0.02434601 0.962083
13.4905 Head -0.6626843 1.6 1.951395 10.875 330.2249 0 0.09157901 -0.255767 0.02434601 0.962083
13.4919 Head -0.6626843 1.6 1.951395 10.875 330.2249 0 0.09157901 -0.255767 0.02434601 0.962083
13.4936 Head -0.6626843 1.6 1.951395 10.875 330.2249 0 0.09157901 -0.255767 0.02434601 0.962083
13.4949 Head -0.6626843 1.6 1.951395 10.875 330.2249 0 0.09157901 -0.255767 0.02434601 0.962083
13.4964 Head -0.6626843 1.6 1.951395 10.875 330.2249 0 0.09157901 -0.255767 0.02434601 0.962083
13.4977 Head -0.6626843 1.6 1.951395 10.875 330.2249 0 0.09157901 -0.255767 0.02434601 0.962083
13.4989 Head -0.6626843 1.6 1.951395 10.875 330.2249 0 0.09157901 -0.255767 0.02434601 0.962083
13.5004 Head -0.6626843 1.6 1.951395 10.875 330.2249 0 0.09157901 -0.255767 0.02434601 0.962083
13.5018 Head -0.6626843 1.6 1.951395 10.875 330.2249 0 0.09157901 -0.255767 0.02434601 0.962083
13.5030 Head -0.6626843 1.6 1.951395 10.875 330.2249 0 0.09157901 -0.255767 0.02434601 0.962083
13.5042 Head -0.6626843 1.6 1.951395 10.875 330.2249 0 0.09157901 -0.255767 0.02434601 0.962083
13.5055 Head -0.6626843 1.6 1.951395 10.875 330.2249 0 0.09157901 -0.255767 0.02434601 0.962083
13.5066 Head -0.6626843 1.6 1.951395 10.875 330.2249 0 0.09157901 -0.255767 0.02434601 0.962083
13.5079 Head -0.6626843 1.6 1.951395 10.875 330.2249 0 0.09157901 -0.255767 0.02434601 0.962083
13.5097 Head -0.6626843 1.6 1.951395 10.875 330.2249 0 0.09157901 -0.255767 0.02434601 0.962083
13.5109 Head -0.6626843 1.6 1.951395 10.875 330.2249 0 0.09157901 -0.255767 0.02434601 0.962083
13.5121 Head -0.6626843 1.6 1.951395 10.875 330.2249 0 0.09157901 -0.255767 0.02434601 0.962083
13.5133 Head -0.6626843 1.6 1.951395 10.875 330.2249 0 0.09157901 -0.255767 0.02434601 0.962083
13.5145 Head -0.6626843 1.6 1.951395 10.875 330.2249 0 0.09157901 -0.255767 0.02434601 0.962083
13.5157 Head -0.6626843 1.6 1.951395 10.875 330.2249 0 0.09157901 -0.255767 0.02434601 0.962083
13.5172 Head -0.6626843 1.6 1.951395 10.875 330.2249 0 0.09157901 -0.255767 0.02434601 0.962083
13.5185 Head -0.6626843 1.6 1.951395 10.875 330.2249 0 0.09157901 -0.255767 0.02434601 0.962083
13.5197 Head -0.6626843 1.6 1.951395 10.875 330.2249 0 0.09157901 -0.255767 0.02434601 0.962083
13.5209 Head -0.6626843 1.6 1.951395 10.875 330.2249 0 0.09157901 -0.255767 0.02434601 0.962083
13.5221 Head -0.6626843 1.6 1.951395 10.875 330.2249 0 0.09157901 -0.255767 0.02434601 0.962083
13.5233 Head -0.6626843 1.6 1.951395 10.875 330.2249 0 0.09157901 -0.255767 0.02434601 0.962083
13.5250 Head -0.6626843 1.6 1.951395 10.875 330.2249 0 0.09157901 -0.255767 0.02434601 0.962083
13.5265 Head -0.6626843 1.6 1.951395 10.875 330.2249 0 0.09157901 -0.255767 0.02434601 0.962083
13.5280 Head -0.6626843 1.6 1.951395 10.875 330.2249 0 0.09157901 -0.255767 0.02434601 0.962083
13.5297 Head -0.6626843 1.6 1.951395 10.875 330.2249 0 0.09157901 -0.255767 0.02434601 0.962083
13.5310 Head -0.6626843 1.6 1.951395 10.875 330.2249 0 0.09157901 -0.255767 0.02434601 0.962083
13.5327 Head -0.6626843 1.6 1.951395 10.875 330.2249 0 0.09157901 -0.255767 0.02434601 0.962083
13.5340 Head -0.6626843 1.6 1.951395 10.875 330.2249 0 0.09157901 -0.255767 0.02434601 0.962083
13.5353 Head -0.6626843 1.6 1.951395 10.875 330.2249 0 0.09157901 -0.255767 0.02434601 0.962083
13.5367 Head -0.6626843 1.6 1.951395 10.875 330.2249 0 0.09157901 -0.255767 0.02434601 0.962083
13.5381 Head -0.6626843 1.6 1.951395 10.875 330.2249 0 0.09157901 -0.255767 0.02434601 0.962083
13.5395 Head -0.6626843 1.6 1.951395 10.875 330.2249 0 0.09157901 -0.255767 0.02434601 0.962083
13.5412 Head -0.6626843 1.6 1.951395 10.875 330.2249 0 0.09157901 -0.255767 0.02434601 0.962083
13.5427 Head -0.6626843 1.6 1.951395 10.875 330.2249 0 0.09157901 -0.255767 0.02434601 0.962083
13.5440 Head -0.6626843 1.6 1.951395 10.875 330.2249 0 0.09157901 -0.255767 0.02434601 0.962083
13.5453 Head -0.6626843 1.6 1.951395 10.875 330.2249 0 0.09157901 -0.255767 0.02434601 0.962083
13.5467 Head -0.6626843 1.6 1.951395 10.875 330.2249 0 0.09157901 -0.255767 0.02434601 0.962083
13.5485 Head -0.6626843 1.6 1.951395 10.875 330.2249 0 0.09157901 -0.255767 0.02434601 0.962083
13.5503 Head -0.6626843 1.6 1.951395 10.875 330.2249 0 0.09157901 -0.255767 0.02434601 0.962083
13.5518 Head -0.6626843 1.6 1.951395 10.875 330.2249 0 0.09157901 -0.255767 0.02434601 0.962083
13.5531 Head -0.6626843 1.6 1.951395 10.875 330.2249 0 0.09157901 -0.255767 0.02434601 0.962083
13.5544 Head -0.6626843 1.6 1.951395 10.875 330.2249 0 0.09157901 -0.255767 0.02434601 0.962083
13.5560 Head -0.6626843 1.6 1.951395 10.875 330.2249 0 0.09157901 -0.255767 0.02434601 0.962083
13.5578 Head -0.6626843 1.6 1.951395 10.875 330.2249 0 0.09157901 -0.255767 0.02434601 0.962083
13.5592 Head -0.6626843 1.6 1.951395 10.875 330.2249 0 0.09157901 -0.255767 0.02434601 0.962083
13.5605 Head -0.6626843 1.6 1.951395 10.875 330.2249 0 0.09157901 -0.255767 0.02434601 0.962083
13.5616 Head -0.6626843 1.6 1.951395 10.875 330.2249 0 0.09157901 -0.255767 0.02434601 0.962083
13.5628 Head -0.6626843 1.6 1.951395 10.875 330.2249 0 0.09157901 -0.255767 0.02434601 0.962083
13.5644 Head -0.6626843 1.6 1.951395 10.875 330.2249 0 0.09157901 -0.255767 0.02434601 0.962083
13.5656 Head -0.6626843 1.6 1.951395 10.875 330.2249 0 0.09157901 -0.255767 0.02434601 0.962083
13.5668 Head -0.6626843 1.6 1.951395 10.875 330.2249 0 0.09157901 -0.255767 0.02434601 0.962083
13.5680 Head -0.6626843 1.6 1.951395 10.875 330.2249 0 0.09157901 -0.255767 0.02434601 0.962083
13.5693 Head -0.6626843 1.6 1.951395 10.875 330.2249 0 0.09157901 -0.255767 0.02434601 0.962083
13.5705 Head -0.6626843 1.6 1.951395 10.875 330.2249 0 0.09157901 -0.255767 0.02434601 0.962083
13.5716 Head -0.6626843 1.6 1.951395 10.875 330.2249 0 0.09157901 -0.255767 0.02434601 0.962083
13.5731 Head -0.6626843 1.6 1.951395 10.875 330.2249 0 0.09157901 -0.255767 0.02434601 0.962083
13.5745 Head -0.6626843 1.6 1.951395 10.875 330.2249 0 0.09157901 -0.255767 0.02434601 0.962083
13.5758 Head -0.6626843 1.6 1.951395 10.875 330.2249 0 0.09157901 -0.255767 0.02434601 0.962083
13.5770 Head -0.6626843 1.6 1.951395 10.875 330.2249 0 0.09157901 -0.255767 0.02434601 0.962083
13.5782 Head -0.6626843 1.6 1.951395 10.875 330.2249 0 0.09157901 -0.255767 0.02434601 0.962083
13.5794 Head -0.6626843 1.6 1.951395 10.875 330.2249 0 0.09157901 -0.255767 0.02434601 0.962083
13.5808 Head -0.6626843 1.6 1.951395 10.875 330.2249 0 0.09157901 -0.255767 0.02434601 0.962083
13.5820 Head -0.6626843 1.6 1.951395 10.875 330.2249 0 0.09157901 -0.255767 0.02434601 0.962083
13.5832 Head -0.6626843 1.6 1.951395 10.875 330.2249 0 0.09157901 -0.255767 0.02434601 0.962083
13.5844 Head -0.6626843 1.6 1.951395 10.875 330.2249 0 0.09157901 -0.255767 0.02434601 0.962083
13.5856 Head -0.6626843 1.6 1.951395 10.875 330.2249 0 0.09157901 -0.255767 0.02434601 0.962083
13.5868 Head -0.6626843 1.6 1.951395 10.875 330.2249 0 0.09157901 -0.255767 0.02434601 0.962083
13.5883 Head -0.6626843 1.6 1.951395 10.875 330.2249 0 0.09157901 -0.255767 0.02434601 0.962083
13.5897 Head -0.6626843 1.6 1.951395 10.875 330.2249 0 0.09157901 -0.255767 0.02434601 0.962083
13.5910 Head -0.6626843 1.6 1.951395 10.875 330.2249 0 0.09157901 -0.255767 0.02434601 0.962083
13.5922 Head -0.6626843 1.6 1.951395 10.875 330.2249 0 0.09157901 -0.255767 0.02434601 0.962083
13.5934 Head -0.6626843 1.6 1.951395 10.875 330.2249 0 0.09157901 -0.255767 0.02434601 0.962083
13.5946 Head -0.6626843 1.6 1.951395 10.875 330.2249 0 0.09157901 -0.255767 0.02434601 0.962083
13.5963 Head -0.6626843 1.6 1.951395 10.875 330.2249 0 0.09157901 -0.255767 0.02434601 0.962083
13.5978 Head -0.6626843 1.6 1.951395 10.875 330.2249 0 0.09157901 -0.255767 0.02434601 0.962083
13.5991 Head -0.6626843 1.6 1.951395 10.875 330.2249 0 0.09157901 -0.255767 0.02434601 0.962083
13.6005 Head -0.6626843 1.6 1.951395 10.875 330.2249 0 0.09157901 -0.255767 0.02434601 0.962083
13.6018 Head -0.6626843 1.6 1.951395 10.875 330.2249 0 0.09157901 -0.255767 0.02434601 0.962083
13.6034 Head -0.6626843 1.6 1.951395 10.875 330.2249 0 0.09157901 -0.255767 0.02434601 0.962083
13.6056 Head -0.6626843 1.6 1.951395 10.875 330.2249 0 0.09157901 -0.255767 0.02434601 0.962083
13.6075 Head -0.6626843 1.6 1.951395 10.875 330.2249 0 0.09157901 -0.255767 0.02434601 0.962083
13.6094 Head -0.6626843 1.6 1.951395 10.875 330.2249 0 0.09157901 -0.255767 0.02434601 0.962083
13.6110 Head -0.6626843 1.6 1.951395 10.875 330.2249 0 0.09157901 -0.255767 0.02434601 0.962083
13.6127 Head -0.6626843 1.6 1.951395 10.875 330.2249 0 0.09157901 -0.255767 0.02434601 0.962083
13.6141 Head -0.6626843 1.6 1.951395 10.875 330.2249 0 0.09157901 -0.255767 0.02434601 0.962083
13.6155 Head -0.6626843 1.6 1.951395 10.875 330.2249 0 0.09157901 -0.255767 0.02434601 0.962083
13.6168 Head -0.6626843 1.6 1.951395 10.875 330.2249 0 0.09157901 -0.255767 0.02434601 0.962083
13.6180 Head -0.6626843 1.6 1.951395 10.875 330.2249 0 0.09157901 -0.255767 0.02434601 0.962083
13.6193 Head -0.6626843 1.6 1.951395 10.875 330.2249 0 0.09157901 -0.255767 0.02434601 0.962083
13.6205 Head -0.6626843 1.6 1.951395 10.875 330.2249 0 0.09157901 -0.255767 0.02434601 0.962083
13.6217 Head -0.6626843 1.6 1.951395 10.875 330.2249 0 0.09157901 -0.255767 0.02434601 0.962083
13.6229 Head -0.6626843 1.6 1.951395 10.875 330.2249 0 0.09157901 -0.255767 0.02434601 0.962083
13.6241 Head -0.6626843 1.6 1.951395 10.875 330.2249 0 0.09157901 -0.255767 0.02434601 0.962083
13.6254 Head -0.6626843 1.6 1.951395 10.875 330.2249 0 0.09157901 -0.255767 0.02434601 0.962083
13.6266 Head -0.6626843 1.6 1.951395 10.875 330.2249 0 0.09157901 -0.255767 0.02434601 0.962083
13.6279 Head -0.6626843 1.6 1.951395 10.875 330.2249 0 0.09157901 -0.255767 0.02434601 0.962083
13.6298 Head -0.6626843 1.6 1.951395 10.875 330.2249 0 0.09157901 -0.255767 0.02434601 0.962083
13.6311 Head -0.6626843 1.6 1.951395 10.875 330.2249 0 0.09157901 -0.255767 0.02434601 0.962083
13.6323 Head -0.6626843 1.6 1.951395 10.875 330.2249 0 0.09157901 -0.255767 0.02434601 0.962083
13.6336 Head -0.6626843 1.6 1.951395 10.875 330.2249 0 0.09157901 -0.255767 0.02434601 0.962083
13.6348 Head -0.6626843 1.6 1.951395 10.875 330.2249 0 0.09157901 -0.255767 0.02434601 0.962083
13.6360 Head -0.6626843 1.6 1.951395 10.875 330.2249 0 0.09157901 -0.255767 0.02434601 0.962083
13.6373 Head -0.6626843 1.6 1.951395 10.875 330.2249 0 0.09157901 -0.255767 0.02434601 0.962083
13.6386 Head -0.6626843 1.6 1.951395 10.875 330.2249 0 0.09157901 -0.255767 0.02434601 0.962083
13.6399 Head -0.6626843 1.6 1.951395 10.875 330.2249 0 0.09157901 -0.255767 0.02434601 0.962083
13.6414 Head -0.6626843 1.6 1.951395 10.875 330.2249 0 0.09157901 -0.255767 0.02434601 0.962083
13.6428 Head -0.6626843 1.6 1.951395 10.875 330.2249 0 0.09157901 -0.255767 0.02434601 0.962083
13.6442 Head -0.6626843 1.6 1.951395 10.875 330.2249 0 0.09157901 -0.255767 0.02434601 0.962083
13.6455 Head -0.6626843 1.6 1.951395 10.875 330.2249 0 0.09157901 -0.255767 0.02434601 0.962083
13.6469 Head -0.6626843 1.6 1.951395 10.875 330.2249 0 0.09157901 -0.255767 0.02434601 0.962083
13.6482 Head -0.6626843 1.6 1.951395 10.875 330.2249 0 0.09157901 -0.255767 0.02434601 0.962083
13.6497 Head -0.6626843 1.6 1.951395 10.875 330.2249 0 0.09157901 -0.255767 0.02434601 0.962083
13.6511 Head -0.6626843 1.6 1.951395 10.875 330.2249 0 0.09157901 -0.255767 0.02434601 0.962083
13.6525 Head -0.6626843 1.6 1.951395 10.875 330.2249 0 0.09157901 -0.255767 0.02434601 0.962083
13.6539 Head -0.6626843 1.6 1.951395 10.875 330.2249 0 0.09157901 -0.255767 0.02434601 0.962083
13.6552 Head -0.6626843 1.6 1.951395 10.875 330.2249 0 0.09157901 -0.255767 0.02434601 0.962083
13.6569 Head -0.6626843 1.6 1.951395 10.875 330.2249 0 0.09157901 -0.255767 0.02434601 0.962083
13.6585 Head -0.6626843 1.6 1.951395 10.875 330.2249 0 0.09157901 -0.255767 0.02434601 0.962083
13.6603 Head -0.6626843 1.6 1.951395 10.875 330.2249 0 0.09157901 -0.255767 0.02434601 0.962083
13.6617 Head -0.6626843 1.6 1.951395 10.875 330.2249 0 0.09157901 -0.255767 0.02434601 0.962083
13.6630 Head -0.6626843 1.6 1.951395 10.875 330.2249 0 0.09157901 -0.255767 0.02434601 0.962083
13.6644 Head -0.6626843 1.6 1.951395 10.875 330.2249 0 0.09157901 -0.255767 0.02434601 0.962083
13.6664 Head -0.6626843 1.6 1.951395 10.875 330.2249 0 0.09157901 -0.255767 0.02434601 0.962083
13.6682 Head -0.6626843 1.6 1.951395 10.875 330.2249 0 0.09157901 -0.255767 0.02434601 0.962083
13.6700 Head -0.6626843 1.6 1.951395 10.875 330.2249 0 0.09157901 -0.255767 0.02434601 0.962083
13.6715 Head -0.6626843 1.6 1.951395 10.875 330.2249 0 0.09157901 -0.255767 0.02434601 0.962083
13.6738 Head -0.6626843 1.6 1.951395 10.875 330.2249 0 0.09157901 -0.255767 0.02434601 0.962083
13.6758 Head -0.6626843 1.6 1.951395 10.875 330.2249 0 0.09157901 -0.255767 0.02434601 0.962083
13.6775 Head -0.6626843 1.6 1.951395 10.875 330.2249 0 0.09157901 -0.255767 0.02434601 0.962083
13.6791 Head -0.6626843 1.6 1.951395 10.875 330.2249 0 0.09157901 -0.255767 0.02434601 0.962083
13.6806 Head -0.6626843 1.6 1.951395 10.875 330.2249 0 0.09157901 -0.255767 0.02434601 0.962083
13.6821 Head -0.6626843 1.6 1.951395 10.875 330.2249 0 0.09157901 -0.255767 0.02434601 0.962083
13.6835 Head -0.6626843 1.6 1.951395 10.875 330.2249 0 0.09157901 -0.255767 0.02434601 0.962083
13.6851 Head -0.6626843 1.6 1.951395 10.875 330.2249 0 0.09157901 -0.255767 0.02434601 0.962083
13.6867 Head -0.6626843 1.6 1.951395 10.875 330.2249 0 0.09157901 -0.255767 0.02434601 0.962083
13.6881 Head -0.6626843 1.6 1.951395 10.875 330.2249 0 0.09157901 -0.255767 0.02434601 0.962083
13.6900 Head -0.6626843 1.6 1.951395 10.875 330.2249 0 0.09157901 -0.255767 0.02434601 0.962083
13.6917 Head -0.6626843 1.6 1.951395 10.875 330.2249 0 0.09157901 -0.255767 0.02434601 0.962083
13.6931 Head -0.6626843 1.6 1.951395 10.875 330.2249 0 0.09157901 -0.255767 0.02434601 0.962083
13.6944 Head -0.6626843 1.6 1.951395 10.875 330.2249 0 0.09157901 -0.255767 0.02434601 0.962083
13.6957 Head -0.6626843 1.6 1.951395 10.875 330.2249 0 0.09157901 -0.255767 0.02434601 0.962083
13.6971 Head -0.6626843 1.6 1.951395 10.875 330.2249 0 0.09157901 -0.255767 0.02434601 0.962083
13.6985 Head -0.6626843 1.6 1.951395 10.875 330.2249 0 0.09157901 -0.255767 0.02434601 0.962083
13.7000 Head -0.6626843 1.6 1.951395 10.875 330.2249 0 0.09157901 -0.255767 0.02434601 0.962083
13.7014 Head -0.6626843 1.6 1.951395 10.875 330.2249 0 0.09157901 -0.255767 0.02434601 0.962083
13.7030 Head -0.6626843 1.6 1.951395 10.875 330.2249 0 0.09157901 -0.255767 0.02434601 0.962083
13.7045 Head -0.6626843 1.6 1.951395 10.875 330.2249 0 0.09157901 -0.255767 0.02434601 0.962083
13.7060 Head -0.6626843 1.6 1.951395 10.875 330.2249 0 0.09157901 -0.255767 0.02434601 0.962083
13.7074 Head -0.6626843 1.6 1.951395 10.875 330.2249 0 0.09157901 -0.255767 0.02434601 0.962083
13.7089 Head -0.6626843 1.6 1.951395 10.875 330.2249 0 0.09157901 -0.255767 0.02434601 0.962083
13.7104 Head -0.6626843 1.6 1.951395 10.875 330.2249 0 0.09157901 -0.255767 0.02434601 0.962083
13.7117 Head -0.6626843 1.6 1.951395 10.875 330.2249 0 0.09157901 -0.255767 0.02434601 0.962083
13.7130 Head -0.6626843 1.6 1.951395 10.875 330.2249 0 0.09157901 -0.255767 0.02434601 0.962083
13.7144 Head -0.6626843 1.6 1.951395 10.875 330.2249 0 0.09157901 -0.255767 0.02434601 0.962083
13.7157 Head -0.6626843 1.6 1.951395 10.875 330.2249 0 0.09157901 -0.255767 0.02434601 0.962083
13.7171 Head -0.6626843 1.6 1.951395 10.875 330.2249 0 0.09157901 -0.255767 0.02434601 0.962083
13.7184 Head -0.6626843 1.6 1.951395 10.875 330.2249 0 0.09157901 -0.255767 0.02434601 0.962083
13.7198 Head -0.6626843 1.6 1.951395 10.875 330.2249 0 0.09157901 -0.255767 0.02434601 0.962083
13.7211 Head -0.6626843 1.6 1.951395 10.875 330.2249 0 0.09157901 -0.255767 0.02434601 0.962083
13.7224 Head -0.6626843 1.6 1.951395 10.875 330.2249 0 0.09157901 -0.255767 0.02434601 0.962083
13.7237 Head -0.6626843 1.6 1.951395 10.875 330.2249 0 0.09157901 -0.255767 0.02434601 0.962083
13.7251 Head -0.6626843 1.6 1.951395 10.875 330.2249 0 0.09157901 -0.255767 0.02434601 0.962083
13.7266 Head -0.6626843 1.6 1.951395 10.875 330.2249 0 0.09157901 -0.255767 0.02434601 0.962083
13.7279 Head -0.6626843 1.6 1.951395 10.875 330.2249 0 0.09157901 -0.255767 0.02434601 0.962083
13.7296 Head -0.6626843 1.6 1.951395 10.875 330.2249 0 0.09157901 -0.255767 0.02434601 0.962083
13.7310 Head -0.6626843 1.6 1.951395 10.875 330.2249 0 0.09157901 -0.255767 0.02434601 0.962083
13.7326 Head -0.6626843 1.6 1.951395 10.875 330.2249 0 0.09157901 -0.255767 0.02434601 0.962083
13.7344 Head -0.6626843 1.6 1.951395 10.875 330.2249 0 0.09157901 -0.255767 0.02434601 0.962083
13.7363 Head -0.6626843 1.6 1.951395 10.875 330.2249 0 0.09157901 -0.255767 0.02434601 0.962083
13.7378 Head -0.6626843 1.6 1.951395 10.875 330.2249 0 0.09157901 -0.255767 0.02434601 0.962083
13.7394 Head -0.6626843 1.6 1.951395 10.875 330.2249 0 0.09157901 -0.255767 0.02434601 0.962083
13.7409 Head -0.6626843 1.6 1.951395 10.875 330.2249 0 0.09157901 -0.255767 0.02434601 0.962083
13.7424 Head -0.6626843 1.6 1.951395 10.875 330.2249 0 0.09157901 -0.255767 0.02434601 0.962083
13.7441 Head -0.6626843 1.6 1.951395 10.875 330.2249 0 0.09157901 -0.255767 0.02434601 0.962083
13.7458 Head -0.6626843 1.6 1.951395 10.875 330.2249 0 0.09157901 -0.255767 0.02434601 0.962083
13.7473 Head -0.6626843 1.6 1.951395 10.875 330.2249 0 0.09157901 -0.255767 0.02434601 0.962083
13.7493 Head -0.6626843 1.6 1.951395 10.875 330.2249 0 0.09157901 -0.255767 0.02434601 0.962083
13.7508 Head -0.6626843 1.6 1.951395 10.875 330.2249 0 0.09157901 -0.255767 0.02434601 0.962083
13.7523 Head -0.6626843 1.6 1.951395 10.875 330.2249 0 0.09157901 -0.255767 0.02434601 0.962083
13.7536 Head -0.6626843 1.6 1.951395 10.875 330.2249 0 0.09157901 -0.255767 0.02434601 0.962083
13.7550 Head -0.6626843 1.6 1.951395 10.875 330.2249 0 0.09157901 -0.255767 0.02434601 0.962083
13.7563 Head -0.6626843 1.6 1.951395 10.875 330.2249 0 0.09157901 -0.255767 0.02434601 0.962083
13.7577 Head -0.6626843 1.6 1.951395 10.875 330.2249 0 0.09157901 -0.255767 0.02434601 0.962083
13.7591 Head -0.6626843 1.6 1.951395 10.875 330.2249 0 0.09157901 -0.255767 0.02434601 0.962083
13.7604 Head -0.6626843 1.6 1.951395 10.875 330.2249 0 0.09157901 -0.255767 0.02434601 0.962083
13.7617 Head -0.6626843 1.6 1.951395 10.875 330.2249 0 0.09157901 -0.255767 0.02434601 0.962083
13.7630 Head -0.6626843 1.6 1.951395 10.875 330.2249 0 0.09157901 -0.255767 0.02434601 0.962083
13.7647 Head -0.6626843 1.6 1.951395 10.875 330.2249 0 0.09157901 -0.255767 0.02434601 0.962083
13.7665 Head -0.6626843 1.6 1.951395 10.875 330.2249 0 0.09157901 -0.255767 0.02434601 0.962083
13.7681 Head -0.6626843 1.6 1.951395 10.875 330.2249 0 0.09157901 -0.255767 0.02434601 0.962083
13.7697 Head -0.6626843 1.6 1.951395 10.875 330.2249 0 0.09157901 -0.255767 0.02434601 0.962083
13.7711 Head -0.6626843 1.6 1.951395 10.875 330.2249 0 0.09157901 -0.255767 0.02434601 0.962083
13.7727 Head -0.6626843 1.6 1.951395 10.875 330.2249 0 0.09157901 -0.255767 0.02434601 0.962083
13.7742 Head -0.6626843 1.6 1.951395 10.875 330.2249 0 0.09157901 -0.255767 0.02434601 0.962083
13.7756 Head -0.6626843 1.6 1.951395 10.875 330.2249 0 0.09157901 -0.255767 0.02434601 0.962083
13.7770 Head -0.6626843 1.6 1.951395 10.875 330.2249 0 0.09157901 -0.255767 0.02434601 0.962083
13.7783 Head -0.6626843 1.6 1.951395 10.875 330.2249 0 0.09157901 -0.255767 0.02434601 0.962083
13.7796 Head -0.6626843 1.6 1.951395 10.875 330.2249 0 0.09157901 -0.255767 0.02434601 0.962083
13.7813 Head -0.6626843 1.6 1.951395 10.875 330.2249 0 0.09157901 -0.255767 0.02434601 0.962083
13.7828 Head -0.6626843 1.6 1.951395 10.875 330.2249 0 0.09157901 -0.255767 0.02434601 0.962083
13.7841 Head -0.6626843 1.6 1.951395 10.875 330.2249 0 0.09157901 -0.255767 0.02434601 0.962083
13.7854 Head -0.6626843 1.6 1.951395 10.875 330.2249 0 0.09157901 -0.255767 0.02434601 0.962083
13.7868 Head -0.6626843 1.6 1.951395 10.875 330.2249 0 0.09157901 -0.255767 0.02434601 0.962083
13.7883 Head -0.6626843 1.6 1.951395 10.875 330.2249 0 0.09157901 -0.255767 0.02434601 0.962083
13.7900 Head -0.6626843 1.6 1.951395 10.875 330.2249 0 0.09157901 -0.255767 0.02434601 0.962083
13.7914 Head -0.6626843 1.6 1.951395 10.875 330.2249 0 0.09157901 -0.255767 0.02434601 0.962083
13.7929 Head -0.6626843 1.6 1.951395 10.875 330.2249 0 0.09157901 -0.255767 0.02434601 0.962083
13.7943 Head -0.6626843 1.6 1.951395 10.875 330.2249 0 0.09157901 -0.255767 0.02434601 0.962083
13.7958 Head -0.6626843 1.6 1.951395 10.875 330.2249 0 0.09157901 -0.255767 0.02434601 0.962083
13.7977 Head -0.6626843 1.6 1.951395 10.875 330.2249 0 0.09157901 -0.255767 0.02434601 0.962083
13.7997 Head -0.6626843 1.6 1.951395 10.875 330.2249 0 0.09157901 -0.255767 0.02434601 0.962083
13.8012 Head -0.6626843 1.6 1.951395 10.875 330.2249 0 0.09157901 -0.255767 0.02434601 0.962083
13.8027 Head -0.6626843 1.6 1.951395 10.875 330.2249 0 0.09157901 -0.255767 0.02434601 0.962083
13.8043 Head -0.6626843 1.6 1.951395 10.875 330.2249 0 0.09157901 -0.255767 0.02434601 0.962083
13.8059 Head -0.6626843 1.6 1.951395 10.875 330.2249 0 0.09157901 -0.255767 0.02434601 0.962083
13.8075 Head -0.6626843 1.6 1.951395 10.875 330.2249 0 0.09157901 -0.255767 0.02434601 0.962083
13.8093 Head -0.6626843 1.6 1.951395 10.875 330.2249 0 0.09157901 -0.255767 0.02434601 0.962083
13.8107 Head -0.6626843 1.6 1.951395 10.875 330.2249 0 0.09157901 -0.255767 0.02434601 0.962083
13.8125 Head -0.6626843 1.6 1.951395 10.875 330.2249 0 0.09157901 -0.255767 0.02434601 0.962083
13.8143 Head -0.6626843 1.6 1.951395 10.875 330.2249 0 0.09157901 -0.255767 0.02434601 0.962083
13.8159 Head -0.6626843 1.6 1.951395 10.875 330.2249 0 0.09157901 -0.255767 0.02434601 0.962083
13.8174 Head -0.6626843 1.6 1.951395 10.875 330.2249 0 0.09157901 -0.255767 0.02434601 0.962083
13.8188 Head -0.6626843 1.6 1.951395 10.875 330.2249 0 0.09157901 -0.255767 0.02434601 0.962083
13.8204 Head -0.6626843 1.6 1.951395 10.875 330.2249 0 0.09157901 -0.255767 0.02434601 0.962083
13.8219 Head -0.6626843 1.6 1.951395 10.875 330.2249 0 0.09157901 -0.255767 0.02434601 0.962083
13.8233 Head -0.6626843 1.6 1.951395 10.875 330.2249 0 0.09157901 -0.255767 0.02434601 0.962083
13.8247 Head -0.6626843 1.6 1.951395 10.875 330.2249 0 0.09157901 -0.255767 0.02434601 0.962083
13.8264 Head -0.6626843 1.6 1.951395 10.875 330.2249 0 0.09157901 -0.255767 0.02434601 0.962083
13.8283 Head -0.6626843 1.6 1.951395 10.875 330.2249 0 0.09157901 -0.255767 0.02434601 0.962083
13.8305 Head -0.6626843 1.6 1.951395 10.875 330.2249 0 0.09157901 -0.255767 0.02434601 0.962083
13.8324 Head -0.6626843 1.6 1.951395 10.875 330.2249 0 0.09157901 -0.255767 0.02434601 0.962083
13.8340 Head -0.6626843 1.6 1.951395 10.875 330.2249 0 0.09157901 -0.255767 0.02434601 0.962083
13.8354 Head -0.6626843 1.6 1.951395 10.875 330.2249 0 0.09157901 -0.255767 0.02434601 0.962083
13.8370 Head -0.6626843 1.6 1.951395 10.875 330.2249 0 0.09157901 -0.255767 0.02434601 0.962083
13.8384 Head -0.6626843 1.6 1.951395 10.875 330.2249 0 0.09157901 -0.255767 0.02434601 0.962083
13.8398 Head -0.6626843 1.6 1.951395 10.875 330.2249 0 0.09157901 -0.255767 0.02434601 0.962083
13.8411 Head -0.6626843 1.6 1.951395 10.875 330.2249 0 0.09157901 -0.255767 0.02434601 0.962083
13.8425 Head -0.6626843 1.6 1.951395 10.875 330.2249 0 0.09157901 -0.255767 0.02434601 0.962083
13.8443 Head -0.6626843 1.6 1.951395 10.875 330.2249 0 0.09157901 -0.255767 0.02434601 0.962083
13.8458 Head -0.6626843 1.6 1.951395 10.875 330.2249 0 0.09157901 -0.255767 0.02434601 0.962083
13.8473 Head -0.6626843 1.6 1.951395 10.875 330.2249 0 0.09157901 -0.255767 0.02434601 0.962083
13.8488 Head -0.6626843 1.6 1.951395 10.875 330.2249 0 0.09157901 -0.255767 0.02434601 0.962083
13.8502 Head -0.6626843 1.6 1.951395 10.875 330.2249 0 0.09157901 -0.255767 0.02434601 0.962083
13.8516 Head -0.6626843 1.6 1.951395 10.875 330.2249 0 0.09157901 -0.255767 0.02434601 0.962083
13.8531 Head -0.6626843 1.6 1.951395 10.875 330.2249 0 0.09157901 -0.255767 0.02434601 0.962083
13.8545 Head -0.6626843 1.6 1.951395 10.875 330.2249 0 0.09157901 -0.255767 0.02434601 0.962083
13.8559 Head -0.6626843 1.6 1.951395 10.875 330.2249 0 0.09157901 -0.255767 0.02434601 0.962083
13.8574 Head -0.6626843 1.6 1.951395 10.875 330.2249 0 0.09157901 -0.255767 0.02434601 0.962083
13.8590 Head -0.6626843 1.6 1.951395 10.875 330.2249 0 0.09157901 -0.255767 0.02434601 0.962083
13.8608 Head -0.6626843 1.6 1.951395 10.875 330.2249 0 0.09157901 -0.255767 0.02434601 0.962083
13.8625 Head -0.6626843 1.6 1.951395 10.875 330.2249 0 0.09157901 -0.255767 0.02434601 0.962083
13.8641 Head -0.6626843 1.6 1.951395 10.875 330.2249 0 0.09157901 -0.255767 0.02434601 0.962083
13.8656 Head -0.6626843 1.6 1.951395 10.875 330.2249 0 0.09157901 -0.255767 0.02434601 0.962083
13.8671 Head -0.6626843 1.6 1.951395 10.875 330.2249 0 0.09157901 -0.255767 0.02434601 0.962083
13.8692 Head -0.6626843 1.6 1.951395 10.875 330.2249 0 0.09157901 -0.255767 0.02434601 0.962083
13.8707 Head -0.6626843 1.6 1.951395 10.875 330.2249 0 0.09157901 -0.255767 0.02434601 0.962083
13.8721 Head -0.6626843 1.6 1.951395 10.875 330.2249 0 0.09157901 -0.255767 0.02434601 0.962083
13.8736 Head -0.6626843 1.6 1.951395 10.875 330.2249 0 0.09157901 -0.255767 0.02434601 0.962083
13.8752 Head -0.6626843 1.6 1.951395 10.875 330.2249 0 0.09157901 -0.255767 0.02434601 0.962083
13.8774 Head -0.6626843 1.6 1.951395 10.875 330.2249 0 0.09157901 -0.255767 0.02434601 0.962083
13.8792 Head -0.6626843 1.6 1.951395 10.875 330.2249 0 0.09157901 -0.255767 0.02434601 0.962083
13.8810 Head -0.6626843 1.6 1.951395 10.875 330.2249 0 0.09157901 -0.255767 0.02434601 0.962083
13.8825 Head -0.6626843 1.6 1.951395 10.875 330.2249 0 0.09157901 -0.255767 0.02434601 0.962083
13.8840 Head -0.6626843 1.6 1.951395 10.875 330.2249 0 0.09157901 -0.255767 0.02434601 0.962083
13.8858 Head -0.6626843 1.6 1.951395 10.875 330.2249 0 0.09157901 -0.255767 0.02434601 0.962083
13.8873 Head -0.6626843 1.6 1.951395 10.875 330.2249 0 0.09157901 -0.255767 0.02434601 0.962083
13.8889 Head -0.6626843 1.6 1.951395 10.875 330.2249 0 0.09157901 -0.255767 0.02434601 0.962083
13.8908 Head -0.6626843 1.6 1.951395 10.875 330.2249 0 0.09157901 -0.255767 0.02434601 0.962083
