3.1778 FirstCar -36.69916 0.025 2.97 0 90 0 0 0.7071068 0 0.7071068 11.89504 0
3.1778 SecondCar -69.20085 0.025 2.97 0 90 0 0 0.7071068 0 0.7071068 11.87701 0
3.1782 Head 0 1.6 0.78 345.15 327.8999 0 -0.124191 -0.2741586 -0.03572864 0.9529623
3.1782 FirstCar -36.6951 0.025 2.97 0 90 0 0 0.7071068 0 0.7071068 11.89422 0
3.1782 SecondCar -69.19679 0.025 2.97 0 90 0 0 0.7071068 0 0.7071068 11.87619 0
3.1785 Head 0 1.6 0.78 345.15 327.8999 0 -0.124191 -0.2741586 -0.03572864 0.9529623
3.1785 FirstCar -36.691 0.025 2.97 0 90 0 0 0.7071068 0 0.7071068 11.89339 0
3.1785 SecondCar -69.1927 0.025 2.97 0 90 0 0 0.7071068 0 0.7071068 11.87536 0
3.1789 Head 0 1.6 0.78 345.15 327.8999 0 -0.124191 -0.2741586 -0.03572864 0.9529623
3.1789 FirstCar -36.68613 0.025 2.97 0 90 0 0 0.7071068 0 0.7071068 11.89241 0
3.1789 SecondCar -69.18784 0.025 2.97 0 90 0 0 0.7071068 0 0.7071068 11.87438 0
3.1793 Head 0 1.6 0.78 345.15 327.8999 0 -0.124191 -0.2741586 -0.03572864 0.9529623
3.1793 FirstCar -36.68172 0.025 2.97 0 90 0 0 0.7071068 0 0.7071068 11.89152 0
3.1793 SecondCar -69.18344 0.025 2.97 0 90 0 0 0.7071068 0 0.7071068 11.87349 0
3.1797 Head 0 1.6 0.78 345.15 327.8999 0 -0.124191 -0.2741586 -0.03572864 0.9529623
3.1797 FirstCar -36.67706 0.025 2.97 0 90 0 0 0.7071068 0 0.7071068 11.89058 0
3.1797 SecondCar -69.17878 0.025 2.97 0 90 0 0 0.7071068 0 0.7071068 11.87255 0
3.1800 Head 0 1.6 0.78 345.15 327.8999 0 -0.124191 -0.2741586 -0.03572864 0.9529623
3.1800 FirstCar -36.67277 0.025 2.97 0 90 0 0 0.7071068 0 0.7071068 11.88971 0
3.1800 SecondCar -69.1745 0.025 2.97 0 90 0 0 0.7071068 0 0.7071068 11.87168 0
3.1804 Head 0 1.6 0.78 345.15 327.8999 0 -0.124191 -0.2741586 -0.03572864 0.9529623
3.1804 FirstCar -36.66792 0.025 2.97 0 90 0 0 0.7071068 0 0.7071068 11.88873 0
3.1804 SecondCar -69.16965 0.025 2.97 0 90 0 0 0.7071068 0 0.7071068 11.8707 0
3.1808 Head 0 1.6 0.78 345.15 327.8999 0 -0.124191 -0.2741586 -0.03572864 0.9529623
3.1808 FirstCar -36.66334 0.025 2.97 0 90 0 0 0.7071068 0 0.7071068 11.88781 0
3.1808 SecondCar -69.16508 0.025 2.97 0 90 0 0 0.7071068 0 0.7071068 11.86978 0
3.1812 Head 0 1.6 0.78 345.15 327.8999 0 -0.124191 -0.2741586 -0.03572864 0.9529623
3.1812 FirstCar -36.65901 0.025 2.97 0 90 0 0 0.7071068 0 0.7071068 11.88693 0
3.1812 SecondCar -69.16076 0.025 2.97 0 90 0 0 0.7071068 0 0.7071068 11.8689 0
3.1819 Head 0 1.6 0.78 345.15 327.8999 0 -0.124191 -0.2741586 -0.03572864 0.9529623
3.1819 FirstCar -36.65115 0.025 2.97 0 90 0 0 0.7071068 0 0.7071068 11.88534 0
3.1819 SecondCar -69.15291 0.025 2.97 0 90 0 0 0.7071068 0 0.7071068 11.86731 0
3.1823 Head 0 1.6 0.78 345.15 327.8999 0 -0.124191 -0.2741586 -0.03572864 0.9529623
3.1823 FirstCar -36.64602 0.025 2.97 0 90 0 0 0.7071068 0 0.7071068 11.88431 0
3.1823 SecondCar -69.14779 0.025 2.97 0 90 0 0 0.7071068 0 0.7071068 11.86628 0
3.1827 Head 0 1.6 0.78 345.15 327.8999 0 -0.124191 -0.2741586 -0.03572864 0.9529623
3.1827 FirstCar -36.64135 0.025 2.97 0 90 0 0 0.7071068 0 0.7071068 11.88336 0
3.1827 SecondCar -69.14314 0.025 2.97 0 90 0 0 0.7071068 0 0.7071068 11.86533 0
3.1830 Head 0 1.6 0.78 345.15 327.8999 0 -0.124191 -0.2741586 -0.03572864 0.9529623
3.1830 FirstCar -36.63698 0.025 2.97 0 90 0 0 0.7071068 0 0.7071068 11.88248 0
3.1830 SecondCar -69.13877 0.025 2.97 0 90 0 0 0.7071068 0 0.7071068 11.86445 0
3.1834 Head 0 1.6 0.78 345.15 327.8999 0 -0.124191 -0.2741586 -0.03572864 0.9529623
3.1834 FirstCar -36.6326 0.025 2.97 0 90 0 0 0.7071068 0 0.7071068 11.8816 0
3.1834 SecondCar -69.1344 0.025 2.97 0 90 0 0 0.7071068 0 0.7071068 11.86357 0
3.1838 Head 0 1.6 0.78 345.15 327.8999 0 -0.124191 -0.2741586 -0.03572864 0.9529623
3.1838 FirstCar -36.62817 0.025 2.97 0 90 0 0 0.7071068 0 0.7071068 11.8807 0
3.1838 SecondCar -69.12997 0.025 2.97 0 90 0 0 0.7071068 0 0.7071068 11.86267 0
3.1842 Head 0 1.6 0.78 345.15 327.8999 0 -0.124191 -0.2741586 -0.03572864 0.9529623
3.1842 FirstCar -36.62351 0.025 2.97 0 90 0 0 0.7071068 0 0.7071068 11.87976 0
3.1842 SecondCar -69.12532 0.025 2.97 0 90 0 0 0.7071068 0 0.7071068 11.86173 0
3.1846 Head 0 1.6 0.78 345.15 327.8999 0 -0.124191 -0.2741586 -0.03572864 0.9529623
3.1846 FirstCar -36.61905 0.025 2.97 0 90 0 0 0.7071068 0 0.7071068 11.87886 0
3.1846 SecondCar -69.12086 0.025 2.97 0 90 0 0 0.7071068 0 0.7071068 11.86083 0
3.1850 Head 0 1.6 0.78 345.15 327.8999 0 -0.124191 -0.2741586 -0.03572864 0.9529623
3.1850 FirstCar -36.61408 0.025 2.97 0 90 0 0 0.7071068 0 0.7071068 11.87786 0
3.1850 SecondCar -69.1159 0.025 2.97 0 90 0 0 0.7071068 0 0.7071068 11.85983 0
3.1853 Head 0 1.6 0.78 345.15 327.8999 0 -0.124191 -0.2741586 -0.03572864 0.9529623
3.1853 FirstCar -36.60987 0.025 2.97 0 90 0 0 0.7071068 0 0.7071068 11.87701 0
3.1853 SecondCar -69.1117 0.025 2.97 0 90 0 0 0.7071068 0 0.7071068 11.85898 0
3.1857 Head 0 1.6 0.78 345.15 327.8999 0 -0.124191 -0.2741586 -0.03572864 0.9529623
3.1857 FirstCar -36.60547 0.025 2.97 0 90 0 0 0.7071068 0 0.7071068 11.87612 0
3.1857 SecondCar -69.1073 0.025 2.97 0 90 0 0 0.7071068 0 0.7071068 11.85809 0
3.1861 Head 0 1.6 0.78 345.15 327.8999 0 -0.124191 -0.2741586 -0.03572864 0.9529623
3.1861 FirstCar -36.60126 0.025 2.97 0 90 0 0 0.7071068 0 0.7071068 11.87527 0
3.1861 SecondCar -69.1031 0.025 2.97 0 90 0 0 0.7071068 0 0.7071068 11.85723 0
3.1864 Head 0 1.6 0.78 345.15 327.8999 0 -0.124191 -0.2741586 -0.03572864 0.9529623
3.1864 FirstCar -36.59683 0.025 2.97 0 90 0 0 0.7071068 0 0.7071068 11.87437 0
3.1864 SecondCar -69.09868 0.025 2.97 0 90 0 0 0.7071068 0 0.7071068 11.85634 0
3.1868 Head 0 1.6 0.78 345.15 327.8999 0 -0.124191 -0.2741586 -0.03572864 0.9529623
3.1868 FirstCar -36.59241 0.025 2.97 0 90 0 0 0.7071068 0 0.7071068 11.87348 0
3.1868 SecondCar -69.09426 0.025 2.97 0 90 0 0 0.7071068 0 0.7071068 11.85545 0
3.1872 Head 0 1.6 0.78 345.15 327.8999 0 -0.124191 -0.2741586 -0.03572864 0.9529623
3.1872 FirstCar -36.58819 0.025 2.97 0 90 0 0 0.7071068 0 0.7071068 11.87262 0
3.1872 SecondCar -69.09004 0.025 2.97 0 90 0 0 0.7071068 0 0.7071068 11.85459 0
3.1876 Head 0 1.6 0.78 345.15 327.8999 0 -0.124191 -0.2741586 -0.03572864 0.9529623
3.1876 FirstCar -36.5835 0.025 2.97 0 90 0 0 0.7071068 0 0.7071068 11.87168 0
3.1876 SecondCar -69.08537 0.025 2.97 0 90 0 0 0.7071068 0 0.7071068 11.85365 0
3.1879 Head 0 1.6 0.78 345.15 327.8999 0 -0.124191 -0.2741586 -0.03572864 0.9529623
3.1879 FirstCar -36.5789 0.025 2.97 0 90 0 0 0.7071068 0 0.7071068 11.87074 0
3.1879 SecondCar -69.08076 0.025 2.97 0 90 0 0 0.7071068 0 0.7071068 11.85271 0
3.1883 Head 0 1.6 0.78 345.15 327.8999 0 -0.124191 -0.2741586 -0.03572864 0.9529623
3.1883 FirstCar -36.57455 0.025 2.97 0 90 0 0 0.7071068 0 0.7071068 11.86987 0
3.1883 SecondCar -69.07642 0.025 2.97 0 90 0 0 0.7071068 0 0.7071068 11.85184 0
3.1887 Head 0 1.6 0.78 345.15 327.8999 0 -0.124191 -0.2741586 -0.03572864 0.9529623
3.1887 FirstCar -36.57039 0.025 2.97 0 90 0 0 0.7071068 0 0.7071068 11.86903 0
3.1887 SecondCar -69.07227 0.025 2.97 0 90 0 0 0.7071068 0 0.7071068 11.851 0
3.1890 Head 0 1.6 0.78 345.15 327.8999 0 -0.124191 -0.2741586 -0.03572864 0.9529623
3.1890 FirstCar -36.56583 0.025 2.97 0 90 0 0 0.7071068 0 0.7071068 11.8681 0
3.1890 SecondCar -69.06772 0.025 2.97 0 90 0 0 0.7071068 0 0.7071068 11.85007 0
3.1895 Head 0 1.6 0.78 345.15 327.8999 0 -0.124191 -0.2741586 -0.03572864 0.9529623
3.1895 FirstCar -36.56036 0.025 2.97 0 90 0 0 0.7071068 0 0.7071068 11.867 0
3.1895 SecondCar -69.06226 0.025 2.97 0 90 0 0 0.7071068 0 0.7071068 11.84897 0
3.1904 Head 0 1.6 0.78 345.15 327.8999 0 -0.124191 -0.2741586 -0.03572864 0.9529623
3.1904 FirstCar -36.55014 0.025 2.97 0 90 0 0 0.7071068 0 0.7071068 11.86493 0
3.1904 SecondCar -69.05205 0.025 2.97 0 90 0 0 0.7071068 0 0.7071068 11.8469 0
3.1911 Head 0 1.6 0.78 345.15 327.8999 0 -0.124191 -0.2741586 -0.03572864 0.9529623
3.1911 FirstCar -36.54157 0.025 2.97 0 90 0 0 0.7071068 0 0.7071068 11.8632 0
3.1911 SecondCar -69.0435 0.025 2.97 0 90 0 0 0.7071068 0 0.7071068 11.84517 0
3.1915 Head 0 1.6 0.78 345.15 327.8999 0 -0.124191 -0.2741586 -0.03572864 0.9529623
3.1915 FirstCar -36.53662 0.025 2.97 0 90 0 0 0.7071068 0 0.7071068 11.86219 0
3.1915 SecondCar -69.03855 0.025 2.97 0 90 0 0 0.7071068 0 0.7071068 11.84416 0
3.1919 Head 0 1.6 0.78 345.15 327.8999 0 -0.124191 -0.2741586 -0.03572864 0.9529623
3.1919 FirstCar -36.53214 0.025 2.97 0 90 0 0 0.7071068 0 0.7071068 11.86129 0
3.1919 SecondCar -69.03408 0.025 2.97 0 90 0 0 0.7071068 0 0.7071068 11.84326 0
3.1922 Head 0 1.6 0.78 345.15 327.8999 0 -0.124191 -0.2741586 -0.03572864 0.9529623
3.1922 FirstCar -36.52786 0.025 2.97 0 90 0 0 0.7071068 0 0.7071068 11.86042 0
3.1922 SecondCar -69.02982 0.025 2.97 0 90 0 0 0.7071068 0 0.7071068 11.84239 0
3.1927 Head 0 1.6 0.78 345.15 327.8999 0 -0.124191 -0.2741586 -0.03572864 0.9529623
3.1927 FirstCar -36.52269 0.025 2.97 0 90 0 0 0.7071068 0 0.7071068 11.85938 0
3.1927 SecondCar -69.02465 0.025 2.97 0 90 0 0 0.7071068 0 0.7071068 11.84135 0
3.1931 Head 0 1.6 0.78 345.15 327.8999 0 -0.124191 -0.2741586 -0.03572864 0.9529623
3.1931 FirstCar -36.51785 0.025 2.97 0 90 0 0 0.7071068 0 0.7071068 11.8584 0
3.1931 SecondCar -69.01981 0.025 2.97 0 90 0 0 0.7071068 0 0.7071068 11.84037 0
3.1935 Head 0 1.6 0.78 345.15 327.8999 0 -0.124191 -0.2741586 -0.03572864 0.9529623
3.1935 FirstCar -36.51328 0.025 2.97 0 90 0 0 0.7071068 0 0.7071068 11.85747 0
3.1935 SecondCar -69.01524 0.025 2.97 0 90 0 0 0.7071068 0 0.7071068 11.83944 0
3.1938 Head 0 1.6 0.78 345.15 327.8999 0 -0.124191 -0.2741586 -0.03572864 0.9529623
3.1938 FirstCar -36.50887 0.025 2.97 0 90 0 0 0.7071068 0 0.7071068 11.85658 0
3.1938 SecondCar -69.01084 0.025 2.97 0 90 0 0 0.7071068 0 0.7071068 11.83855 0
3.1942 Head 0 1.6 0.78 345.15 327.8999 0 -0.124191 -0.2741586 -0.03572864 0.9529623
3.1942 FirstCar -36.50463 0.025 2.97 0 90 0 0 0.7071068 0 0.7071068 11.85572 0
3.1942 SecondCar -69.00661 0.025 2.97 0 90 0 0 0.7071068 0 0.7071068 11.83769 0
3.1946 Head 0 1.6 0.78 345.15 327.8999 0 -0.124191 -0.2741586 -0.03572864 0.9529623
3.1946 FirstCar -36.50035 0.025 2.97 0 90 0 0 0.7071068 0 0.7071068 11.85485 0
3.1946 SecondCar -69.00234 0.025 2.97 0 90 0 0 0.7071068 0 0.7071068 11.83682 0
3.1949 Head 0 1.6 0.78 345.15 327.8999 0 -0.124191 -0.2741586 -0.03572864 0.9529623
3.1949 FirstCar -36.49593 0.025 2.97 0 90 0 0 0.7071068 0 0.7071068 11.85396 0
3.1949 SecondCar -68.99793 0.025 2.97 0 90 0 0 0.7071068 0 0.7071068 11.83593 0
3.1953 Head 0 1.6 0.78 345.15 327.8999 0 -0.124191 -0.2741586 -0.03572864 0.9529623
3.1953 FirstCar -36.4912 0.025 2.97 0 90 0 0 0.7071068 0 0.7071068 11.853 0
3.1953 SecondCar -68.99321 0.025 2.97 0 90 0 0 0.7071068 0 0.7071068 11.83497 0
3.1957 Head 0 1.6 0.78 345.15 327.8999 0 -0.124191 -0.2741586 -0.03572864 0.9529623
3.1957 FirstCar -36.48684 0.025 2.97 0 90 0 0 0.7071068 0 0.7071068 11.85212 0
3.1957 SecondCar -68.98885 0.025 2.97 0 90 0 0 0.7071068 0 0.7071068 11.83409 0
3.1961 Head 0 1.6 0.78 345.15 327.8999 0 -0.124191 -0.2741586 -0.03572864 0.9529623
3.1961 FirstCar -36.48206 0.025 2.97 0 90 0 0 0.7071068 0 0.7071068 11.85115 0
3.1961 SecondCar -68.98407 0.025 2.97 0 90 0 0 0.7071068 0 0.7071068 11.83312 0
3.1965 Head 0 1.6 0.78 345.15 327.8999 0 -0.124191 -0.2741586 -0.03572864 0.9529623
3.1965 FirstCar -36.47766 0.025 2.97 0 90 0 0 0.7071068 0 0.7071068 11.85026 0
3.1965 SecondCar -68.97968 0.025 2.97 0 90 0 0 0.7071068 0 0.7071068 11.83223 0
3.1968 Head 0 1.6 0.78 345.15 327.8999 0 -0.124191 -0.2741586 -0.03572864 0.9529623
3.1968 FirstCar -36.47324 0.025 2.97 0 90 0 0 0.7071068 0 0.7071068 11.84936 0
3.1968 SecondCar -68.97527 0.025 2.97 0 90 0 0 0.7071068 0 0.7071068 11.83133 0
3.1972 Head 0 1.6 0.78 345.15 327.8999 0 -0.124191 -0.2741586 -0.03572864 0.9529623
3.1972 FirstCar -36.46909 0.025 2.97 0 90 0 0 0.7071068 0 0.7071068 11.84852 0
3.1972 SecondCar -68.97112 0.025 2.97 0 90 0 0 0.7071068 0 0.7071068 11.83049 0
3.1980 Head 0 1.6 0.78 345.15 327.8999 0 -0.124191 -0.2741586 -0.03572864 0.9529623
3.1980 FirstCar -36.46 0.025 2.97 0 90 0 0 0.7071068 0 0.7071068 11.84668 0
3.1980 SecondCar -68.96204 0.025 2.97 0 90 0 0 0.7071068 0 0.7071068 11.82865 0
3.1984 Head 0 1.6 0.78 345.15 327.8999 0 -0.124191 -0.2741586 -0.03572864 0.9529623
3.1984 FirstCar -36.45494 0.025 2.97 0 90 0 0 0.7071068 0 0.7071068 11.84566 0
3.1984 SecondCar -68.95699 0.025 2.97 0 90 0 0 0.7071068 0 0.7071068 11.82763 0
3.1988 Head 0 1.6 0.78 345.15 327.8999 0 -0.124191 -0.2741586 -0.03572864 0.9529623
3.1988 FirstCar -36.45024 0.025 2.97 0 90 0 0 0.7071068 0 0.7071068 11.8447 0
3.1988 SecondCar -68.9523 0.025 2.97 0 90 0 0 0.7071068 0 0.7071068 11.82667 0
3.1992 Head 0 1.6 0.78 345.15 327.8999 0 -0.124191 -0.2741586 -0.03572864 0.9529623
3.1992 FirstCar -36.44543 0.025 2.97 0 90 0 0 0.7071068 0 0.7071068 11.84373 0
3.1992 SecondCar -68.9475 0.025 2.97 0 90 0 0 0.7071068 0 0.7071068 11.8257 0
3.1996 Head 0 1.6 0.78 345.15 327.8999 0 -0.124191 -0.2741586 -0.03572864 0.9529623
3.1996 FirstCar -36.44074 0.025 2.97 0 90 0 0 0.7071068 0 0.7071068 11.84278 0
3.1996 SecondCar -68.94282 0.025 2.97 0 90 0 0 0.7071068 0 0.7071068 11.82475 0
3.2000 Head 0 1.6 0.78 345.15 327.8999 0 -0.124191 -0.2741586 -0.03572864 0.9529623
3.2000 FirstCar -36.43607 0.025 2.97 0 90 0 0 0.7071068 0 0.7071068 11.84183 0
3.2000 SecondCar -68.93816 0.025 2.97 0 90 0 0 0.7071068 0 0.7071068 11.8238 0
3.2004 Head 0 1.6 0.78 345.15 327.8999 0 -0.124191 -0.2741586 -0.03572864 0.9529623
3.2004 FirstCar -36.43161 0.025 2.97 0 90 0 0 0.7071068 0 0.7071068 11.84093 0
3.2004 SecondCar -68.93371 0.025 2.97 0 90 0 0 0.7071068 0 0.7071068 11.8229 0
3.2007 Head 0 1.6 0.78 345.15 327.8999 0 -0.124191 -0.2741586 -0.03572864 0.9529623
3.2007 FirstCar -36.4272 0.025 2.97 0 90 0 0 0.7071068 0 0.7071068 11.84004 0
3.2007 SecondCar -68.9293 0.025 2.97 0 90 0 0 0.7071068 0 0.7071068 11.82201 0
3.2011 Head 0 1.6 0.78 345.15 327.8999 0 -0.124191 -0.2741586 -0.03572864 0.9529623
3.2011 FirstCar -36.42299 0.025 2.97 0 90 0 0 0.7071068 0 0.7071068 11.83918 0
3.2011 SecondCar -68.92509 0.025 2.97 0 90 0 0 0.7071068 0 0.7071068 11.82115 0
3.2015 Head 0 1.6 0.78 345.15 327.8999 0 -0.124191 -0.2741586 -0.03572864 0.9529623
3.2015 FirstCar -36.41867 0.025 2.97 0 90 0 0 0.7071068 0 0.7071068 11.83831 0
3.2015 SecondCar -68.92079 0.025 2.97 0 90 0 0 0.7071068 0 0.7071068 11.82028 0
3.2018 Head 0 1.6 0.78 345.15 327.8999 0 -0.124191 -0.2741586 -0.03572864 0.9529623
3.2018 FirstCar -36.41433 0.025 2.97 0 90 0 0 0.7071068 0 0.7071068 11.83742 0
3.2018 SecondCar -68.91645 0.025 2.97 0 90 0 0 0.7071068 0 0.7071068 11.81939 0
3.2023 Head 0 1.6 0.78 345.15 327.8999 0 -0.124191 -0.2741586 -0.03572864 0.9529623
3.2023 FirstCar -36.40902 0.025 2.97 0 90 0 0 0.7071068 0 0.7071068 11.83635 0
3.2023 SecondCar -68.91116 0.025 2.97 0 90 0 0 0.7071068 0 0.7071068 11.81832 0
3.2027 Head 0 1.6 0.78 345.15 327.8999 0 -0.124191 -0.2741586 -0.03572864 0.9529623
3.2027 FirstCar -36.40419 0.025 2.97 0 90 0 0 0.7071068 0 0.7071068 11.83537 0
3.2027 SecondCar -68.90634 0.025 2.97 0 90 0 0 0.7071068 0 0.7071068 11.81734 0
3.2030 Head 0 1.6 0.78 345.15 327.8999 0 -0.124191 -0.2741586 -0.03572864 0.9529623
3.2030 FirstCar -36.40018 0.025 2.97 0 90 0 0 0.7071068 0 0.7071068 11.83456 0
3.2030 SecondCar -68.90233 0.025 2.97 0 90 0 0 0.7071068 0 0.7071068 11.81653 0
3.2034 Head 0 1.6 0.78 345.15 327.8999 0 -0.124191 -0.2741586 -0.03572864 0.9529623
3.2034 FirstCar -36.39542 0.025 2.97 0 90 0 0 0.7071068 0 0.7071068 11.83359 0
3.2034 SecondCar -68.89758 0.025 2.97 0 90 0 0 0.7071068 0 0.7071068 11.81556 0
3.2038 Head 0 1.6 0.78 345.15 327.8999 0 -0.124191 -0.2741586 -0.03572864 0.9529623
3.2038 FirstCar -36.39074 0.025 2.97 0 90 0 0 0.7071068 0 0.7071068 11.83264 0
3.2038 SecondCar -68.8929 0.025 2.97 0 90 0 0 0.7071068 0 0.7071068 11.81461 0
3.2042 Head 0 1.6 0.78 345.15 327.8999 0 -0.124191 -0.2741586 -0.03572864 0.9529623
3.2042 FirstCar -36.38623 0.025 2.97 0 90 0 0 0.7071068 0 0.7071068 11.83173 0
3.2042 SecondCar -68.8884 0.025 2.97 0 90 0 0 0.7071068 0 0.7071068 11.8137 0
3.2046 Head 0 1.6 0.78 345.15 327.8999 0 -0.124191 -0.2741586 -0.03572864 0.9529623
3.2046 FirstCar -36.38189 0.025 2.97 0 90 0 0 0.7071068 0 0.7071068 11.83085 0
3.2046 SecondCar -68.88406 0.025 2.97 0 90 0 0 0.7071068 0 0.7071068 11.81282 0
3.2049 Head 0 1.6 0.78 345.15 327.8999 0 -0.124191 -0.2741586 -0.03572864 0.9529623
3.2049 FirstCar -36.37777 0.025 2.97 0 90 0 0 0.7071068 0 0.7071068 11.83001 0
3.2049 SecondCar -68.87994 0.025 2.97 0 90 0 0 0.7071068 0 0.7071068 11.81198 0
3.2053 Head 0 1.6 0.78 345.15 327.8999 0 -0.124191 -0.2741586 -0.03572864 0.9529623
3.2053 FirstCar -36.37346 0.025 2.97 0 90 0 0 0.7071068 0 0.7071068 11.82914 0
3.2053 SecondCar -68.87565 0.025 2.97 0 90 0 0 0.7071068 0 0.7071068 11.81111 0
3.2060 Head 0 1.6 0.78 345.15 327.8999 0 -0.124191 -0.2741586 -0.03572864 0.9529623
3.2060 FirstCar -36.36477 0.025 2.97 0 90 0 0 0.7071068 0 0.7071068 11.82737 0
3.2060 SecondCar -68.86697 0.025 2.97 0 90 0 0 0.7071068 0 0.7071068 11.80934 0
3.2065 Head 0 1.6 0.78 345.15 327.8999 0 -0.124191 -0.2741586 -0.03572864 0.9529623
3.2065 FirstCar -36.35884 0.025 2.97 0 90 0 0 0.7071068 0 0.7071068 11.82617 0
3.2065 SecondCar -68.86105 0.025 2.97 0 90 0 0 0.7071068 0 0.7071068 11.80814 0
3.2069 Head 0 1.6 0.78 345.15 327.8999 0 -0.124191 -0.2741586 -0.03572864 0.9529623
3.2069 FirstCar -36.35395 0.025 2.97 0 90 0 0 0.7071068 0 0.7071068 11.82518 0
3.2069 SecondCar -68.85618 0.025 2.97 0 90 0 0 0.7071068 0 0.7071068 11.80715 0
3.2073 Head 0 1.6 0.78 345.15 327.8999 0 -0.124191 -0.2741586 -0.03572864 0.9529623
3.2073 FirstCar -36.34925 0.025 2.97 0 90 0 0 0.7071068 0 0.7071068 11.82422 0
3.2073 SecondCar -68.85148 0.025 2.97 0 90 0 0 0.7071068 0 0.7071068 11.80619 0
3.2078 Head 0 1.6 0.78 345.15 327.8999 0 -0.124191 -0.2741586 -0.03572864 0.9529623
3.2078 FirstCar -36.34409 0.025 2.97 0 90 0 0 0.7071068 0 0.7071068 11.82317 0
3.2078 SecondCar -68.84633 0.025 2.97 0 90 0 0 0.7071068 0 0.7071068 11.80514 0
3.2082 Head 0 1.6 0.78 345.15 327.8999 0 -0.124191 -0.2741586 -0.03572864 0.9529623
3.2082 FirstCar -36.33895 0.025 2.97 0 90 0 0 0.7071068 0 0.7071068 11.82213 0
3.2082 SecondCar -68.8412 0.025 2.97 0 90 0 0 0.7071068 0 0.7071068 11.8041 0
3.2086 Head 0 1.6 0.78 345.15 327.8999 0 -0.124191 -0.2741586 -0.03572864 0.9529623
3.2086 FirstCar -36.33445 0.025 2.97 0 90 0 0 0.7071068 0 0.7071068 11.82122 0
3.2086 SecondCar -68.83671 0.025 2.97 0 90 0 0 0.7071068 0 0.7071068 11.80319 0
3.2089 Head 0 1.6 0.78 345.15 327.8999 0 -0.124191 -0.2741586 -0.03572864 0.9529623
3.2089 FirstCar -36.33006 0.025 2.97 0 90 0 0 0.7071068 0 0.7071068 11.82033 0
3.2089 SecondCar -68.83232 0.025 2.97 0 90 0 0 0.7071068 0 0.7071068 11.8023 0
3.2093 Head 0 1.6 0.78 345.15 327.8999 0 -0.124191 -0.2741586 -0.03572864 0.9529623
3.2093 FirstCar -36.3254 0.025 2.97 0 90 0 0 0.7071068 0 0.7071068 11.81938 0
3.2093 SecondCar -68.82767 0.025 2.97 0 90 0 0 0.7071068 0 0.7071068 11.80135 0
3.2097 Head 0 1.6 0.78 345.15 327.8999 0 -0.124191 -0.2741586 -0.03572864 0.9529623
3.2097 FirstCar -36.32107 0.025 2.97 0 90 0 0 0.7071068 0 0.7071068 11.8185 0
3.2097 SecondCar -68.82335 0.025 2.97 0 90 0 0 0.7071068 0 0.7071068 11.80047 0
3.2101 Head 0 1.6 0.78 345.15 327.8999 0 -0.124191 -0.2741586 -0.03572864 0.9529623
3.2101 FirstCar -36.31693 0.025 2.97 0 90 0 0 0.7071068 0 0.7071068 11.81766 0
3.2101 SecondCar -68.81921 0.025 2.97 0 90 0 0 0.7071068 0 0.7071068 11.79963 0
3.2104 Head 0 1.6 0.78 345.15 327.8999 0 -0.124191 -0.2741586 -0.03572864 0.9529623
3.2104 FirstCar -36.31266 0.025 2.97 0 90 0 0 0.7071068 0 0.7071068 11.81679 0
3.2104 SecondCar -68.81495 0.025 2.97 0 90 0 0 0.7071068 0 0.7071068 11.79876 0
3.2111 Head 0 1.6 0.78 345.15 327.8999 0 -0.124191 -0.2741586 -0.03572864 0.9529623
3.2111 FirstCar -36.305 0.025 2.97 0 90 0 0 0.7071068 0 0.7071068 11.81524 0
3.2111 SecondCar -68.8073 0.025 2.97 0 90 0 0 0.7071068 0 0.7071068 11.79721 0
3.2115 Head 0 1.6 0.78 345.15 327.8999 0 -0.124191 -0.2741586 -0.03572864 0.9529623
3.2115 FirstCar -36.30003 0.025 2.97 0 90 0 0 0.7071068 0 0.7071068 11.81423 0
3.2115 SecondCar -68.80235 0.025 2.97 0 90 0 0 0.7071068 0 0.7071068 11.7962 0
3.2119 Head 0 1.6 0.78 345.15 327.8999 0 -0.124191 -0.2741586 -0.03572864 0.9529623
3.2119 FirstCar -36.29536 0.025 2.97 0 90 0 0 0.7071068 0 0.7071068 11.81328 0
3.2119 SecondCar -68.79768 0.025 2.97 0 90 0 0 0.7071068 0 0.7071068 11.79525 0
3.2123 Head 0 1.6 0.78 345.15 327.8999 0 -0.124191 -0.2741586 -0.03572864 0.9529623
3.2123 FirstCar -36.29094 0.025 2.97 0 90 0 0 0.7071068 0 0.7071068 11.81238 0
3.2123 SecondCar -68.79326 0.025 2.97 0 90 0 0 0.7071068 0 0.7071068 11.79435 0
3.2127 Head 0 1.6 0.78 345.15 327.8999 0 -0.124191 -0.2741586 -0.03572864 0.9529623
3.2127 FirstCar -36.28576 0.025 2.97 0 90 0 0 0.7071068 0 0.7071068 11.81133 0
3.2127 SecondCar -68.78809 0.025 2.97 0 90 0 0 0.7071068 0 0.7071068 11.7933 0
3.2131 Head 0 1.6 0.78 345.15 327.8999 0 -0.124191 -0.2741586 -0.03572864 0.9529623
3.2131 FirstCar -36.28093 0.025 2.97 0 90 0 0 0.7071068 0 0.7071068 11.81034 0
3.2131 SecondCar -68.78327 0.025 2.97 0 90 0 0 0.7071068 0 0.7071068 11.79231 0
3.2138 Head 0 1.6 0.78 345.15 327.8999 0 -0.124191 -0.2741586 -0.03572864 0.9529623
3.2138 FirstCar -36.27219 0.025 2.97 0 90 0 0 0.7071068 0 0.7071068 11.80857 0
3.2138 SecondCar -68.77454 0.025 2.97 0 90 0 0 0.7071068 0 0.7071068 11.79054 0
3.2143 Head 0 1.6 0.78 345.15 327.8999 0 -0.124191 -0.2741586 -0.03572864 0.9529623
3.2143 FirstCar -36.26732 0.025 2.97 0 90 0 0 0.7071068 0 0.7071068 11.80758 0
3.2143 SecondCar -68.76968 0.025 2.97 0 90 0 0 0.7071068 0 0.7071068 11.78955 0
3.2146 Head 0 1.6 0.78 345.15 327.8999 0 -0.124191 -0.2741586 -0.03572864 0.9529623
3.2146 FirstCar -36.26281 0.025 2.97 0 90 0 0 0.7071068 0 0.7071068 11.80666 0
3.2146 SecondCar -68.76517 0.025 2.97 0 90 0 0 0.7071068 0 0.7071068 11.78863 0
3.2150 Head 0 1.6 0.78 345.15 327.8999 0 -0.124191 -0.2741586 -0.03572864 0.9529623
3.2150 FirstCar -36.25839 0.025 2.97 0 90 0 0 0.7071068 0 0.7071068 11.80576 0
3.2150 SecondCar -68.76077 0.025 2.97 0 90 0 0 0.7071068 0 0.7071068 11.78773 0
3.2154 Head 0 1.6 0.78 345.15 327.8999 0 -0.124191 -0.2741586 -0.03572864 0.9529623
3.2154 FirstCar -36.25393 0.025 2.97 0 90 0 0 0.7071068 0 0.7071068 11.80486 0
3.2154 SecondCar -68.75632 0.025 2.97 0 90 0 0 0.7071068 0 0.7071068 11.78683 0
3.2158 Head 0 1.6 0.78 345.15 327.8999 0 -0.124191 -0.2741586 -0.03572864 0.9529623
3.2158 FirstCar -36.24963 0.025 2.97 0 90 0 0 0.7071068 0 0.7071068 11.80398 0
3.2158 SecondCar -68.75203 0.025 2.97 0 90 0 0 0.7071068 0 0.7071068 11.78595 0
3.2161 Head 0 1.6 0.78 345.15 327.8999 0 -0.124191 -0.2741586 -0.03572864 0.9529623
3.2161 FirstCar -36.24521 0.025 2.97 0 90 0 0 0.7071068 0 0.7071068 11.80308 0
3.2161 SecondCar -68.74761 0.025 2.97 0 90 0 0 0.7071068 0 0.7071068 11.78505 0
3.2165 Head 0 1.6 0.78 345.15 327.8999 0 -0.124191 -0.2741586 -0.03572864 0.9529623
3.2165 FirstCar -36.24107 0.025 2.97 0 90 0 0 0.7071068 0 0.7071068 11.80224 0
3.2165 SecondCar -68.74347 0.025 2.97 0 90 0 0 0.7071068 0 0.7071068 11.78421 0
3.2169 Head 0 1.6 0.78 345.15 327.8999 0 -0.124191 -0.2741586 -0.03572864 0.9529623
3.2169 FirstCar -36.23642 0.025 2.97 0 90 0 0 0.7071068 0 0.7071068 11.80129 0
3.2169 SecondCar -68.73883 0.025 2.97 0 90 0 0 0.7071068 0 0.7071068 11.78326 0
3.2173 Head 0 1.6 0.78 345.15 327.8999 0 -0.124191 -0.2741586 -0.03572864 0.9529623
3.2173 FirstCar -36.23198 0.025 2.97 0 90 0 0 0.7071068 0 0.7071068 11.80039 0
3.2173 SecondCar -68.7344 0.025 2.97 0 90 0 0 0.7071068 0 0.7071068 11.78236 0
3.2177 Head 0 1.6 0.78 345.15 327.8999 0 -0.124191 -0.2741586 -0.03572864 0.9529623
3.2177 FirstCar -36.22717 0.025 2.97 0 90 0 0 0.7071068 0 0.7071068 11.79941 0
3.2177 SecondCar -68.72959 0.025 2.97 0 90 0 0 0.7071068 0 0.7071068 11.78138 0
3.2180 Head 0 1.6 0.78 345.15 327.8999 0 -0.124191 -0.2741586 -0.03572864 0.9529623
3.2180 FirstCar -36.22288 0.025 2.97 0 90 0 0 0.7071068 0 0.7071068 11.79854 0
3.2180 SecondCar -68.72531 0.025 2.97 0 90 0 0 0.7071068 0 0.7071068 11.78051 0
3.2184 Head 0 1.6 0.78 345.15 327.8999 0 -0.124191 -0.2741586 -0.03572864 0.9529623
3.2184 FirstCar -36.21805 0.025 2.97 0 90 0 0 0.7071068 0 0.7071068 11.79756 0
3.2184 SecondCar -68.72049 0.025 2.97 0 90 0 0 0.7071068 0 0.7071068 11.77953 0
3.2188 Head 0 1.6 0.78 345.15 327.8999 0 -0.124191 -0.2741586 -0.03572864 0.9529623
3.2188 FirstCar -36.21382 0.025 2.97 0 90 0 0 0.7071068 0 0.7071068 11.7967 0
3.2188 SecondCar -68.71626 0.025 2.97 0 90 0 0 0.7071068 0 0.7071068 11.77867 0
3.2192 Head 0 1.6 0.78 345.15 327.8999 0 -0.124191 -0.2741586 -0.03572864 0.9529623
3.2192 FirstCar -36.20936 0.025 2.97 0 90 0 0 0.7071068 0 0.7071068 11.79579 0
3.2192 SecondCar -68.71181 0.025 2.97 0 90 0 0 0.7071068 0 0.7071068 11.77776 0
3.2196 Head 0 1.6 0.78 345.15 327.8999 0 -0.124191 -0.2741586 -0.03572864 0.9529623
3.2196 FirstCar -36.20457 0.025 2.97 0 90 0 0 0.7071068 0 0.7071068 11.79482 0
3.2196 SecondCar -68.70702 0.025 2.97 0 90 0 0 0.7071068 0 0.7071068 11.77679 0
3.2200 Head 0 1.6 0.78 345.15 327.8999 0 -0.124191 -0.2741586 -0.03572864 0.9529623
3.2200 FirstCar -36.1996 0.025 2.97 0 90 0 0 0.7071068 0 0.7071068 11.7938 0
3.2200 SecondCar -68.70206 0.025 2.97 0 90 0 0 0.7071068 0 0.7071068 11.77577 0
3.2204 Head 0 1.6 0.78 345.15 327.8999 0 -0.124191 -0.2741586 -0.03572864 0.9529623
3.2204 FirstCar -36.19539 0.025 2.97 0 90 0 0 0.7071068 0 0.7071068 11.79295 0
3.2204 SecondCar -68.69785 0.025 2.97 0 90 0 0 0.7071068 0 0.7071068 11.77492 0
3.2207 Head 0 1.6 0.78 345.15 327.8999 0 -0.124191 -0.2741586 -0.03572864 0.9529623
3.2207 FirstCar -36.19089 0.025 2.97 0 90 0 0 0.7071068 0 0.7071068 11.79203 0
3.2207 SecondCar -68.69335 0.025 2.97 0 90 0 0 0.7071068 0 0.7071068 11.774 0
3.2211 Head 0 1.6 0.78 345.15 327.8999 0 -0.124191 -0.2741586 -0.03572864 0.9529623
3.2211 FirstCar -36.18666 0.025 2.97 0 90 0 0 0.7071068 0 0.7071068 11.79117 0
3.2211 SecondCar -68.68913 0.025 2.97 0 90 0 0 0.7071068 0 0.7071068 11.77314 0
3.2219 Head 0 1.6 0.78 345.15 327.8999 0 -0.124191 -0.2741586 -0.03572864 0.9529623
3.2219 FirstCar -36.17767 0.025 2.97 0 90 0 0 0.7071068 0 0.7071068 11.78934 0
3.2219 SecondCar -68.68015 0.025 2.97 0 90 0 0 0.7071068 0 0.7071068 11.77131 0
3.2223 Head 0 1.6 0.78 345.15 327.8999 0 -0.124191 -0.2741586 -0.03572864 0.9529623
3.2223 FirstCar -36.17294 0.025 2.97 0 90 0 0 0.7071068 0 0.7071068 11.78838 0
3.2223 SecondCar -68.67542 0.025 2.97 0 90 0 0 0.7071068 0 0.7071068 11.77035 0
3.2226 Head 0 1.6 0.78 345.15 327.8999 0 -0.124191 -0.2741586 -0.03572864 0.9529623
3.2226 FirstCar -36.16844 0.025 2.97 0 90 0 0 0.7071068 0 0.7071068 11.78746 0
3.2226 SecondCar -68.67093 0.025 2.97 0 90 0 0 0.7071068 0 0.7071068 11.76943 0
3.2230 Head 0 1.6 0.78 345.15 327.8999 0 -0.124191 -0.2741586 -0.03572864 0.9529623
3.2230 FirstCar -36.16406 0.025 2.97 0 90 0 0 0.7071068 0 0.7071068 11.78657 0
3.2230 SecondCar -68.66656 0.025 2.97 0 90 0 0 0.7071068 0 0.7071068 11.76854 0
3.2234 Head 0 1.6 0.78 345.15 327.8999 0 -0.124191 -0.2741586 -0.03572864 0.9529623
3.2234 FirstCar -36.15961 0.025 2.97 0 90 0 0 0.7071068 0 0.7071068 11.78566 0
3.2234 SecondCar -68.66211 0.025 2.97 0 90 0 0 0.7071068 0 0.7071068 11.76763 0
3.2238 Head 0 1.6 0.78 345.15 327.8999 0 -0.124191 -0.2741586 -0.03572864 0.9529623
3.2238 FirstCar -36.1552 0.025 2.97 0 90 0 0 0.7071068 0 0.7071068 11.78476 0
3.2238 SecondCar -68.65771 0.025 2.97 0 90 0 0 0.7071068 0 0.7071068 11.76673 0
3.2242 Head 0 1.6 0.78 345.15 327.8999 0 -0.124191 -0.2741586 -0.03572864 0.9529623
3.2242 FirstCar -36.15044 0.025 2.97 0 90 0 0 0.7071068 0 0.7071068 11.78379 0
3.2242 SecondCar -68.65295 0.025 2.97 0 90 0 0 0.7071068 0 0.7071068 11.76576 0
3.2245 Head 0 1.6 0.78 345.15 327.8999 0 -0.124191 -0.2741586 -0.03572864 0.9529623
3.2245 FirstCar -36.14608 0.025 2.97 0 90 0 0 0.7071068 0 0.7071068 11.78291 0
3.2245 SecondCar -68.6486 0.025 2.97 0 90 0 0 0.7071068 0 0.7071068 11.76488 0
3.2249 Head 0 1.6 0.78 345.15 327.8999 0 -0.124191 -0.2741586 -0.03572864 0.9529623
3.2249 FirstCar -36.14162 0.025 2.97 0 90 0 0 0.7071068 0 0.7071068 11.782 0
3.2249 SecondCar -68.64414 0.025 2.97 0 90 0 0 0.7071068 0 0.7071068 11.76397 0
3.2253 Head 0 1.6 0.78 345.15 327.8999 0 -0.124191 -0.2741586 -0.03572864 0.9529623
3.2253 FirstCar -36.13756 0.025 2.97 0 90 0 0 0.7071068 0 0.7071068 11.78117 0
3.2253 SecondCar -68.64009 0.025 2.97 0 90 0 0 0.7071068 0 0.7071068 11.76314 0
3.2257 Head 0 1.6 0.78 345.15 327.8999 0 -0.124191 -0.2741586 -0.03572864 0.9529623
3.2257 FirstCar -36.13298 0.025 2.97 0 90 0 0 0.7071068 0 0.7071068 11.78024 0
3.2257 SecondCar -68.63551 0.025 2.97 0 90 0 0 0.7071068 0 0.7071068 11.76221 0
3.2260 Head 0 1.6 0.78 345.15 327.8999 0 -0.124191 -0.2741586 -0.03572864 0.9529623
3.2260 FirstCar -36.12868 0.025 2.97 0 90 0 0 0.7071068 0 0.7071068 11.77936 0
3.2260 SecondCar -68.63123 0.025 2.97 0 90 0 0 0.7071068 0 0.7071068 11.76133 0
3.2264 Head 0 1.6 0.78 345.15 327.8999 0 -0.124191 -0.2741586 -0.03572864 0.9529623
3.2264 FirstCar -36.12437 0.025 2.97 0 90 0 0 0.7071068 0 0.7071068 11.77848 0
3.2264 SecondCar -68.62692 0.025 2.97 0 90 0 0 0.7071068 0 0.7071068 11.76045 0
3.2268 Head 0 1.6 0.78 345.15 327.8999 0 -0.124191 -0.2741586 -0.03572864 0.9529623
3.2268 FirstCar -36.12001 0.025 2.97 0 90 0 0 0.7071068 0 0.7071068 11.77759 0
3.2268 SecondCar -68.62256 0.025 2.97 0 90 0 0 0.7071068 0 0.7071068 11.75956 0
3.2271 Head 0 1.6 0.78 345.15 327.8999 0 -0.124191 -0.2741586 -0.03572864 0.9529623
3.2271 FirstCar -36.11554 0.025 2.97 0 90 0 0 0.7071068 0 0.7071068 11.77668 0
3.2271 SecondCar -68.6181 0.025 2.97 0 90 0 0 0.7071068 0 0.7071068 11.75865 0
3.2275 Head 0 1.6 0.78 345.15 327.8999 0 -0.124191 -0.2741586 -0.03572864 0.9529623
3.2275 FirstCar -36.11132 0.025 2.97 0 90 0 0 0.7071068 0 0.7071068 11.77582 0
3.2275 SecondCar -68.61388 0.025 2.97 0 90 0 0 0.7071068 0 0.7071068 11.75779 0
3.2279 Head 0 1.6 0.78 345.15 327.8999 0 -0.124191 -0.2741586 -0.03572864 0.9529623
3.2279 FirstCar -36.10685 0.025 2.97 0 90 0 0 0.7071068 0 0.7071068 11.77491 0
3.2279 SecondCar -68.60942 0.025 2.97 0 90 0 0 0.7071068 0 0.7071068 11.75688 0
3.2282 Head 0 1.6 0.78 345.15 327.8999 0 -0.124191 -0.2741586 -0.03572864 0.9529623
3.2282 FirstCar -36.10274 0.025 2.97 0 90 0 0 0.7071068 0 0.7071068 11.77408 0
3.2282 SecondCar -68.60532 0.025 2.97 0 90 0 0 0.7071068 0 0.7071068 11.75605 0
3.2286 Head 0 1.6 0.78 345.15 327.8999 0 -0.124191 -0.2741586 -0.03572864 0.9529623
3.2286 FirstCar -36.09859 0.025 2.97 0 90 0 0 0.7071068 0 0.7071068 11.77323 0
3.2286 SecondCar -68.60118 0.025 2.97 0 90 0 0 0.7071068 0 0.7071068 11.7552 0
3.2289 Head 0 1.6 0.78 345.15 327.8999 0 -0.124191 -0.2741586 -0.03572864 0.9529623
3.2289 FirstCar -36.09413 0.025 2.97 0 90 0 0 0.7071068 0 0.7071068 11.77232 0
3.2289 SecondCar -68.59673 0.025 2.97 0 90 0 0 0.7071068 0 0.7071068 11.75429 0
3.2293 Head 0 1.6 0.78 345.15 327.8999 0 -0.124191 -0.2741586 -0.03572864 0.9529623
3.2293 FirstCar -36.08995 0.025 2.97 0 90 0 0 0.7071068 0 0.7071068 11.77147 0
3.2293 SecondCar -68.59255 0.025 2.97 0 90 0 0 0.7071068 0 0.7071068 11.75344 0
3.2300 Head 0 1.6 0.78 345.15 327.8999 0 -0.124191 -0.2741586 -0.03572864 0.9529623
3.2300 FirstCar -36.08121 0.025 2.97 0 90 0 0 0.7071068 0 0.7071068 11.76969 0
3.2300 SecondCar -68.58382 0.025 2.97 0 90 0 0 0.7071068 0 0.7071068 11.75166 0
3.2305 Head 0 1.6 0.78 345.15 327.8999 0 -0.124191 -0.2741586 -0.03572864 0.9529623
3.2305 FirstCar -36.07538 0.025 2.97 0 90 0 0 0.7071068 0 0.7071068 11.7685 0
3.2305 SecondCar -68.578 0.025 2.97 0 90 0 0 0.7071068 0 0.7071068 11.75047 0
3.2312 Head 0 1.6 0.78 345.15 327.8999 0 -0.124191 -0.2741586 -0.03572864 0.9529623
3.2312 FirstCar -36.06742 0.025 2.97 0 90 0 0 0.7071068 0 0.7071068 11.76687 0
3.2312 SecondCar -68.57005 0.025 2.97 0 90 0 0 0.7071068 0 0.7071068 11.74884 0
3.2316 Head 0 1.6 0.78 345.15 327.8999 0 -0.124191 -0.2741586 -0.03572864 0.9529623
3.2316 FirstCar -36.06261 0.025 2.97 0 90 0 0 0.7071068 0 0.7071068 11.76589 0
3.2316 SecondCar -68.56526 0.025 2.97 0 90 0 0 0.7071068 0 0.7071068 11.74786 0
3.2320 Head 0 1.6 0.78 345.15 327.8999 0 -0.124191 -0.2741586 -0.03572864 0.9529623
3.2320 FirstCar -36.05799 0.025 2.97 0 90 0 0 0.7071068 0 0.7071068 11.76495 0
3.2320 SecondCar -68.56064 0.025 2.97 0 90 0 0 0.7071068 0 0.7071068 11.74692 0
3.2324 Head 0 1.6 0.78 345.15 327.8999 0 -0.124191 -0.2741586 -0.03572864 0.9529623
3.2324 FirstCar -36.0533 0.025 2.97 0 90 0 0 0.7071068 0 0.7071068 11.76399 0
3.2324 SecondCar -68.55596 0.025 2.97 0 90 0 0 0.7071068 0 0.7071068 11.74596 0
3.2329 Head 0 1.6 0.78 345.15 327.8999 0 -0.124191 -0.2741586 -0.03572864 0.9529623
3.2329 FirstCar -36.0479 0.025 2.97 0 90 0 0 0.7071068 0 0.7071068 11.76289 0
3.2329 SecondCar -68.55058 0.025 2.97 0 90 0 0 0.7071068 0 0.7071068 11.74486 0
3.2333 Head 0 1.6 0.78 345.15 327.8999 0 -0.124191 -0.2741586 -0.03572864 0.9529623
3.2333 FirstCar -36.04288 0.025 2.97 0 90 0 0 0.7071068 0 0.7071068 11.76187 0
3.2333 SecondCar -68.54556 0.025 2.97 0 90 0 0 0.7071068 0 0.7071068 11.74384 0
3.2337 Head 0 1.6 0.78 345.15 327.8999 0 -0.124191 -0.2741586 -0.03572864 0.9529623
3.2337 FirstCar -36.03842 0.025 2.97 0 90 0 0 0.7071068 0 0.7071068 11.76096 0
3.2337 SecondCar -68.54111 0.025 2.97 0 90 0 0 0.7071068 0 0.7071068 11.74293 0
3.2341 Head 0 1.6 0.78 345.15 327.8999 0 -0.124191 -0.2741586 -0.03572864 0.9529623
3.2341 FirstCar -36.03386 0.025 2.97 0 90 0 0 0.7071068 0 0.7071068 11.76003 0
3.2341 SecondCar -68.53654 0.025 2.97 0 90 0 0 0.7071068 0 0.7071068 11.74199 0
3.2345 Head 0 1.6 0.78 345.15 327.8999 0 -0.124191 -0.2741586 -0.03572864 0.9529623
3.2345 FirstCar -36.0294 0.025 2.97 0 90 0 0 0.7071068 0 0.7071068 11.75912 0
3.2345 SecondCar -68.5321 0.025 2.97 0 90 0 0 0.7071068 0 0.7071068 11.74109 0
3.2348 Head 0 1.6 0.78 345.15 327.8999 0 -0.124191 -0.2741586 -0.03572864 0.9529623
3.2348 FirstCar -36.02483 0.025 2.97 0 90 0 0 0.7071068 0 0.7071068 11.75818 0
3.2348 SecondCar -68.52753 0.025 2.97 0 90 0 0 0.7071068 0 0.7071068 11.74015 0
3.2352 Head 0 1.6 0.78 345.15 327.8999 0 -0.124191 -0.2741586 -0.03572864 0.9529623
3.2352 FirstCar -36.02074 0.025 2.97 0 90 0 0 0.7071068 0 0.7071068 11.75735 0
3.2352 SecondCar -68.52345 0.025 2.97 0 90 0 0 0.7071068 0 0.7071068 11.73932 0
3.2356 Head 0 1.6 0.78 345.15 327.8999 0 -0.124191 -0.2741586 -0.03572864 0.9529623
3.2356 FirstCar -36.01631 0.025 2.97 0 90 0 0 0.7071068 0 0.7071068 11.75644 0
3.2356 SecondCar -68.51903 0.025 2.97 0 90 0 0 0.7071068 0 0.7071068 11.73841 0
3.2359 Head 0 1.6 0.78 345.15 327.8999 0 -0.124191 -0.2741586 -0.03572864 0.9529623
3.2359 FirstCar -36.01214 0.025 2.97 0 90 0 0 0.7071068 0 0.7071068 11.75559 0
3.2359 SecondCar -68.51486 0.025 2.97 0 90 0 0 0.7071068 0 0.7071068 11.73756 0
3.2363 Head 0 1.6 0.78 345.15 327.8999 0 -0.124191 -0.2741586 -0.03572864 0.9529623
3.2363 FirstCar -36.00784 0.025 2.97 0 90 0 0 0.7071068 0 0.7071068 11.75471 0
3.2363 SecondCar -68.51057 0.025 2.97 0 90 0 0 0.7071068 0 0.7071068 11.73668 0
3.2367 Head 0 1.6 0.78 345.15 327.8999 0 -0.124191 -0.2741586 -0.03572864 0.9529623
3.2367 FirstCar -36.00349 0.025 2.97 0 90 0 0 0.7071068 0 0.7071068 11.75383 0
3.2367 SecondCar -68.50622 0.025 2.97 0 90 0 0 0.7071068 0 0.7071068 11.7358 0
3.2370 Head 0 1.6 0.78 345.15 327.8999 0 -0.124191 -0.2741586 -0.03572864 0.9529623
3.2370 FirstCar -35.99945 0.025 2.97 0 90 0 0 0.7071068 0 0.7071068 11.753 0
3.2370 SecondCar -68.50218 0.025 2.97 0 90 0 0 0.7071068 0 0.7071068 11.73497 0
3.2373 Head 0 1.6 0.78 345.15 327.8999 0 -0.124191 -0.2741586 -0.03572864 0.9529623
3.2373 FirstCar -35.99535 0.025 2.97 0 90 0 0 0.7071068 0 0.7071068 11.75216 0
3.2373 SecondCar -68.49809 0.025 2.97 0 90 0 0 0.7071068 0 0.7071068 11.73413 0
3.2380 Head 0 1.6 0.78 345.15 327.8999 0 -0.124191 -0.2741586 -0.03572864 0.9529623
3.2380 FirstCar -35.98778 0.025 2.97 0 90 0 0 0.7071068 0 0.7071068 11.75062 0
3.2380 SecondCar -68.49053 0.025 2.97 0 90 0 0 0.7071068 0 0.7071068 11.73259 0
3.2384 Head 0 1.6 0.78 345.15 327.8999 0 -0.124191 -0.2741586 -0.03572864 0.9529623
3.2384 FirstCar -35.98311 0.025 2.97 0 90 0 0 0.7071068 0 0.7071068 11.74966 0
3.2384 SecondCar -68.48587 0.025 2.97 0 90 0 0 0.7071068 0 0.7071068 11.73163 0
3.2388 Head 0 1.6 0.78 345.15 327.8999 0 -0.124191 -0.2741586 -0.03572864 0.9529623
3.2388 FirstCar -35.97826 0.025 2.97 0 90 0 0 0.7071068 0 0.7071068 11.74867 0
3.2388 SecondCar -68.48103 0.025 2.97 0 90 0 0 0.7071068 0 0.7071068 11.73064 0
3.2392 Head 0 1.6 0.78 345.15 327.8999 0 -0.124191 -0.2741586 -0.03572864 0.9529623
3.2392 FirstCar -35.97343 0.025 2.97 0 90 0 0 0.7071068 0 0.7071068 11.74769 0
3.2392 SecondCar -68.4762 0.025 2.97 0 90 0 0 0.7071068 0 0.7071068 11.72966 0
3.2396 Head 0 1.6 0.78 345.15 327.8999 0 -0.124191 -0.2741586 -0.03572864 0.9529623
3.2396 FirstCar -35.96866 0.025 2.97 0 90 0 0 0.7071068 0 0.7071068 11.74671 0
3.2396 SecondCar -68.47144 0.025 2.97 0 90 0 0 0.7071068 0 0.7071068 11.72868 0
3.2400 Head 0 1.6 0.78 345.15 327.8999 0 -0.124191 -0.2741586 -0.03572864 0.9529623
3.2400 FirstCar -35.96454 0.025 2.97 0 90 0 0 0.7071068 0 0.7071068 11.74587 0
3.2400 SecondCar -68.46733 0.025 2.97 0 90 0 0 0.7071068 0 0.7071068 11.72784 0
3.2403 Head 0 1.6 0.78 345.15 327.8999 0 -0.124191 -0.2741586 -0.03572864 0.9529623
3.2403 FirstCar -35.96024 0.025 2.97 0 90 0 0 0.7071068 0 0.7071068 11.74499 0
3.2403 SecondCar -68.46304 0.025 2.97 0 90 0 0 0.7071068 0 0.7071068 11.72696 0
3.2407 Head 0 1.6 0.78 345.15 327.8999 0 -0.124191 -0.2741586 -0.03572864 0.9529623
3.2407 FirstCar -35.95595 0.025 2.97 0 90 0 0 0.7071068 0 0.7071068 11.74411 0
3.2407 SecondCar -68.45876 0.025 2.97 0 90 0 0 0.7071068 0 0.7071068 11.72608 0
3.2411 Head 0 1.6 0.78 345.15 327.8999 0 -0.124191 -0.2741586 -0.03572864 0.9529623
3.2411 FirstCar -35.95177 0.025 2.97 0 90 0 0 0.7071068 0 0.7071068 11.74326 0
3.2411 SecondCar -68.45458 0.025 2.97 0 90 0 0 0.7071068 0 0.7071068 11.72523 0
3.2414 Head 0 1.6 0.78 345.15 327.8999 0 -0.124191 -0.2741586 -0.03572864 0.9529623
3.2414 FirstCar -35.94748 0.025 2.97 0 90 0 0 0.7071068 0 0.7071068 11.74238 0
3.2414 SecondCar -68.45029 0.025 2.97 0 90 0 0 0.7071068 0 0.7071068 11.72435 0
3.2418 Head 0 1.6 0.78 345.15 327.8999 0 -0.124191 -0.2741586 -0.03572864 0.9529623
3.2418 FirstCar -35.9433 0.025 2.97 0 90 0 0 0.7071068 0 0.7071068 11.74153 0
3.2418 SecondCar -68.44612 0.025 2.97 0 90 0 0 0.7071068 0 0.7071068 11.7235 0
3.2422 Head 0 1.6 0.78 345.15 327.8999 0 -0.124191 -0.2741586 -0.03572864 0.9529623
3.2422 FirstCar -35.93876 0.025 2.97 0 90 0 0 0.7071068 0 0.7071068 11.7406 0
3.2422 SecondCar -68.44158 0.025 2.97 0 90 0 0 0.7071068 0 0.7071068 11.72257 0
3.2425 Head 0 1.6 0.78 345.15 327.8999 0 -0.124191 -0.2741586 -0.03572864 0.9529623
3.2425 FirstCar -35.93465 0.025 2.97 0 90 0 0 0.7071068 0 0.7071068 11.73976 0
3.2425 SecondCar -68.43748 0.025 2.97 0 90 0 0 0.7071068 0 0.7071068 11.72173 0
3.2429 Head 0 1.6 0.78 345.15 327.8999 0 -0.124191 -0.2741586 -0.03572864 0.9529623
3.2429 FirstCar -35.93032 0.025 2.97 0 90 0 0 0.7071068 0 0.7071068 11.73888 0
3.2429 SecondCar -68.43317 0.025 2.97 0 90 0 0 0.7071068 0 0.7071068 11.72085 0
3.2432 Head 0 1.6 0.78 345.15 327.8999 0 -0.124191 -0.2741586 -0.03572864 0.9529623
3.2432 FirstCar -35.92616 0.025 2.97 0 90 0 0 0.7071068 0 0.7071068 11.73803 0
3.2432 SecondCar -68.42901 0.025 2.97 0 90 0 0 0.7071068 0 0.7071068 11.72 0
3.2436 Head 0 1.6 0.78 345.15 327.8999 0 -0.124191 -0.2741586 -0.03572864 0.9529623
3.2436 FirstCar -35.92207 0.025 2.97 0 90 0 0 0.7071068 0 0.7071068 11.73719 0
3.2436 SecondCar -68.42492 0.025 2.97 0 90 0 0 0.7071068 0 0.7071068 11.71916 0
3.2439 Head 0 1.6 0.78 345.15 327.8999 0 -0.124191 -0.2741586 -0.03572864 0.9529623
3.2439 FirstCar -35.91801 0.025 2.97 0 90 0 0 0.7071068 0 0.7071068 11.73636 0
3.2439 SecondCar -68.42087 0.025 2.97 0 90 0 0 0.7071068 0 0.7071068 11.71833 0
3.2443 Head 0 1.6 0.78 345.15 327.8999 0 -0.124191 -0.2741586 -0.03572864 0.9529623
3.2443 FirstCar -35.91382 0.025 2.97 0 90 0 0 0.7071068 0 0.7071068 11.7355 0
3.2443 SecondCar -68.41669 0.025 2.97 0 90 0 0 0.7071068 0 0.7071068 11.71747 0
3.2446 Head 0 1.6 0.78 345.15 327.8999 0 -0.124191 -0.2741586 -0.03572864 0.9529623
3.2446 FirstCar -35.90963 0.025 2.97 0 90 0 0 0.7071068 0 0.7071068 11.73464 0
3.2446 SecondCar -68.4125 0.025 2.97 0 90 0 0 0.7071068 0 0.7071068 11.71661 0
3.2450 Head 0 1.6 0.78 345.15 327.8999 0 -0.124191 -0.2741586 -0.03572864 0.9529623
3.2450 FirstCar -35.90541 0.025 2.97 0 90 0 0 0.7071068 0 0.7071068 11.73378 0
3.2450 SecondCar -68.40828 0.025 2.97 0 90 0 0 0.7071068 0 0.7071068 11.71575 0
3.2455 Head 0 1.6 0.78 345.15 327.8999 0 -0.124191 -0.2741586 -0.03572864 0.9529623
3.2455 FirstCar -35.90001 0.025 2.97 0 90 0 0 0.7071068 0 0.7071068 11.73268 0
3.2455 SecondCar -68.40289 0.025 2.97 0 90 0 0 0.7071068 0 0.7071068 11.71465 0
3.2463 Head 0 1.6 0.78 345.15 327.8999 0 -0.124191 -0.2741586 -0.03572864 0.9529623
3.2463 FirstCar -35.8908 0.025 2.97 0 90 0 0 0.7071068 0 0.7071068 11.73079 0
3.2463 SecondCar -68.39369 0.025 2.97 0 90 0 0 0.7071068 0 0.7071068 11.71276 0
3.2467 Head 0 1.6 0.78 345.15 327.8999 0 -0.124191 -0.2741586 -0.03572864 0.9529623
3.2467 FirstCar -35.88575 0.025 2.97 0 90 0 0 0.7071068 0 0.7071068 11.72976 0
3.2467 SecondCar -68.38865 0.025 2.97 0 90 0 0 0.7071068 0 0.7071068 11.71173 0
3.2471 Head 0 1.6 0.78 345.15 327.8999 0 -0.124191 -0.2741586 -0.03572864 0.9529623
3.2471 FirstCar -35.88118 0.025 2.97 0 90 0 0 0.7071068 0 0.7071068 11.72883 0
3.2471 SecondCar -68.38409 0.025 2.97 0 90 0 0 0.7071068 0 0.7071068 11.7108 0
3.2475 Head 0 1.6 0.78 345.15 327.8999 0 -0.124191 -0.2741586 -0.03572864 0.9529623
3.2475 FirstCar -35.87662 0.025 2.97 0 90 0 0 0.7071068 0 0.7071068 11.72789 0
3.2475 SecondCar -68.37953 0.025 2.97 0 90 0 0 0.7071068 0 0.7071068 11.70986 0
3.2478 Head 0 1.6 0.78 345.15 327.8999 0 -0.124191 -0.2741586 -0.03572864 0.9529623
3.2478 FirstCar -35.87225 0.025 2.97 0 90 0 0 0.7071068 0 0.7071068 11.727 0
3.2478 SecondCar -68.37518 0.025 2.97 0 90 0 0 0.7071068 0 0.7071068 11.70897 0
3.2482 Head 0 1.6 0.78 345.15 327.8999 0 -0.124191 -0.2741586 -0.03572864 0.9529623
3.2482 FirstCar -35.86788 0.025 2.97 0 90 0 0 0.7071068 0 0.7071068 11.7261 0
3.2482 SecondCar -68.37081 0.025 2.97 0 90 0 0 0.7071068 0 0.7071068 11.70807 0
3.2486 Head 0 1.6 0.78 345.15 327.8999 0 -0.124191 -0.2741586 -0.03572864 0.9529623
3.2486 FirstCar -35.86376 0.025 2.97 0 90 0 0 0.7071068 0 0.7071068 11.72526 0
3.2486 SecondCar -68.36669 0.025 2.97 0 90 0 0 0.7071068 0 0.7071068 11.70723 0
3.2489 Head 0 1.6 0.78 345.15 327.8999 0 -0.124191 -0.2741586 -0.03572864 0.9529623
3.2489 FirstCar -35.85972 0.025 2.97 0 90 0 0 0.7071068 0 0.7071068 11.72443 0
3.2489 SecondCar -68.36266 0.025 2.97 0 90 0 0 0.7071068 0 0.7071068 11.7064 0
3.2493 Head 0 1.6 0.78 345.15 327.8999 0 -0.124191 -0.2741586 -0.03572864 0.9529623
3.2493 FirstCar -35.85503 0.025 2.97 0 90 0 0 0.7071068 0 0.7071068 11.72347 0
3.2493 SecondCar -68.35798 0.025 2.97 0 90 0 0 0.7071068 0 0.7071068 11.70544 0
3.2497 Head 0 1.6 0.78 345.15 327.8999 0 -0.124191 -0.2741586 -0.03572864 0.9529623
3.2497 FirstCar -35.8504 0.025 2.97 0 90 0 0 0.7071068 0 0.7071068 11.72253 0
3.2497 SecondCar -68.35335 0.025 2.97 0 90 0 0 0.7071068 0 0.7071068 11.7045 0
3.2501 Head 0 1.6 0.78 345.15 327.8999 0 -0.124191 -0.2741586 -0.03572864 0.9529623
3.2501 FirstCar -35.84598 0.025 2.97 0 90 0 0 0.7071068 0 0.7071068 11.72162 0
3.2501 SecondCar -68.34894 0.025 2.97 0 90 0 0 0.7071068 0 0.7071068 11.70359 0
3.2504 Head 0 1.6 0.78 345.15 327.8999 0 -0.124191 -0.2741586 -0.03572864 0.9529623
3.2504 FirstCar -35.84175 0.025 2.97 0 90 0 0 0.7071068 0 0.7071068 11.72076 0
3.2504 SecondCar -68.34472 0.025 2.97 0 90 0 0 0.7071068 0 0.7071068 11.70273 0
3.2511 Head 0 1.6 0.78 345.15 327.8999 0 -0.124191 -0.2741586 -0.03572864 0.9529623
3.2511 FirstCar -35.83393 0.025 2.97 0 90 0 0 0.7071068 0 0.7071068 11.71916 0
3.2511 SecondCar -68.33691 0.025 2.97 0 90 0 0 0.7071068 0 0.7071068 11.70113 0
3.2515 Head 0 1.6 0.78 345.15 327.8999 0 -0.124191 -0.2741586 -0.03572864 0.9529623
3.2515 FirstCar -35.82925 0.025 2.97 0 90 0 0 0.7071068 0 0.7071068 11.7182 0
3.2515 SecondCar -68.33224 0.025 2.97 0 90 0 0 0.7071068 0 0.7071068 11.70017 0
3.2519 Head 0 1.6 0.78 345.15 327.8999 0 -0.124191 -0.2741586 -0.03572864 0.9529623
3.2519 FirstCar -35.82417 0.025 2.97 0 90 0 0 0.7071068 0 0.7071068 11.71716 0
3.2519 SecondCar -68.32716 0.025 2.97 0 90 0 0 0.7071068 0 0.7071068 11.69913 0
3.2523 Head 0 1.6 0.78 345.15 327.8999 0 -0.124191 -0.2741586 -0.03572864 0.9529623
3.2523 FirstCar -35.81978 0.025 2.97 0 90 0 0 0.7071068 0 0.7071068 11.71626 0
3.2523 SecondCar -68.32278 0.025 2.97 0 90 0 0 0.7071068 0 0.7071068 11.69823 0
3.2528 Head 0 1.6 0.78 345.15 327.8999 0 -0.124191 -0.2741586 -0.03572864 0.9529623
3.2528 FirstCar -35.8143 0.025 2.97 0 90 0 0 0.7071068 0 0.7071068 11.71513 0
3.2528 SecondCar -68.31731 0.025 2.97 0 90 0 0 0.7071068 0 0.7071068 11.6971 0
3.2532 Head 0 1.6 0.78 345.15 327.8999 0 -0.124191 -0.2741586 -0.03572864 0.9529623
3.2532 FirstCar -35.80967 0.025 2.97 0 90 0 0 0.7071068 0 0.7071068 11.71419 0
3.2532 SecondCar -68.31269 0.025 2.97 0 90 0 0 0.7071068 0 0.7071068 11.69616 0
3.2539 Head 0 1.6 0.78 345.15 327.8999 0 -0.124191 -0.2741586 -0.03572864 0.9529623
3.2539 FirstCar -35.80122 0.025 2.97 0 90 0 0 0.7071068 0 0.7071068 11.71245 0
3.2539 SecondCar -68.30425 0.025 2.97 0 90 0 0 0.7071068 0 0.7071068 11.69442 0
3.2543 Head 0 1.6 0.78 345.15 327.8999 0 -0.124191 -0.2741586 -0.03572864 0.9529623
3.2543 FirstCar -35.79654 0.025 2.97 0 90 0 0 0.7071068 0 0.7071068 11.71149 0
3.2543 SecondCar -68.29958 0.025 2.97 0 90 0 0 0.7071068 0 0.7071068 11.69346 0
3.2548 Head 0 1.6 0.78 345.15 327.8999 0 -0.124191 -0.2741586 -0.03572864 0.9529623
3.2548 FirstCar -35.79111 0.025 2.97 0 90 0 0 0.7071068 0 0.7071068 11.71038 0
3.2548 SecondCar -68.29416 0.025 2.97 0 90 0 0 0.7071068 0 0.7071068 11.69235 0
3.2552 Head 0 1.6 0.78 345.15 327.8999 0 -0.124191 -0.2741586 -0.03572864 0.9529623
3.2552 FirstCar -35.78565 0.025 2.97 0 90 0 0 0.7071068 0 0.7071068 11.70926 0
3.2552 SecondCar -68.28871 0.025 2.97 0 90 0 0 0.7071068 0 0.7071068 11.69123 0
3.2556 Head 0 1.6 0.78 345.15 327.8999 0 -0.124191 -0.2741586 -0.03572864 0.9529623
3.2556 FirstCar -35.78089 0.025 2.97 0 90 0 0 0.7071068 0 0.7071068 11.70829 0
3.2556 SecondCar -68.28396 0.025 2.97 0 90 0 0 0.7071068 0 0.7071068 11.69026 0
3.2560 Head 0 1.6 0.78 345.15 327.8999 0 -0.124191 -0.2741586 -0.03572864 0.9529623
3.2560 FirstCar -35.77649 0.025 2.97 0 90 0 0 0.7071068 0 0.7071068 11.70739 0
3.2560 SecondCar -68.27957 0.025 2.97 0 90 0 0 0.7071068 0 0.7071068 11.68936 0
3.2564 Head 0 1.6 0.78 345.15 327.8999 0 -0.124191 -0.2741586 -0.03572864 0.9529623
3.2564 FirstCar -35.77229 0.025 2.97 0 90 0 0 0.7071068 0 0.7071068 11.70652 0
3.2564 SecondCar -68.27538 0.025 2.97 0 90 0 0 0.7071068 0 0.7071068 11.68849 0
3.2568 Head 0 1.6 0.78 345.15 327.8999 0 -0.124191 -0.2741586 -0.03572864 0.9529623
3.2568 FirstCar -35.76772 0.025 2.97 0 90 0 0 0.7071068 0 0.7071068 11.70559 0
3.2568 SecondCar -68.27081 0.025 2.97 0 90 0 0 0.7071068 0 0.7071068 11.68756 0
3.2572 Head 0 1.6 0.78 345.15 327.8999 0 -0.124191 -0.2741586 -0.03572864 0.9529623
3.2572 FirstCar -35.76306 0.025 2.97 0 90 0 0 0.7071068 0 0.7071068 11.70463 0
3.2572 SecondCar -68.26616 0.025 2.97 0 90 0 0 0.7071068 0 0.7071068 11.6866 0
3.2575 Head 0 1.6 0.78 345.15 327.8999 0 -0.124191 -0.2741586 -0.03572864 0.9529623
3.2575 FirstCar -35.75865 0.025 2.97 0 90 0 0 0.7071068 0 0.7071068 11.70373 0
3.2575 SecondCar -68.26176 0.025 2.97 0 90 0 0 0.7071068 0 0.7071068 11.6857 0
3.2579 Head 0 1.6 0.78 345.15 327.8999 0 -0.124191 -0.2741586 -0.03572864 0.9529623
3.2579 FirstCar -35.75428 0.025 2.97 0 90 0 0 0.7071068 0 0.7071068 11.70283 0
3.2579 SecondCar -68.25739 0.025 2.97 0 90 0 0 0.7071068 0 0.7071068 11.6848 0
3.2583 Head 0 1.6 0.78 345.15 327.8999 0 -0.124191 -0.2741586 -0.03572864 0.9529623
3.2583 FirstCar -35.75018 0.025 2.97 0 90 0 0 0.7071068 0 0.7071068 11.70199 0
3.2583 SecondCar -68.2533 0.025 2.97 0 90 0 0 0.7071068 0 0.7071068 11.68396 0
3.2586 Head 0 1.6 0.78 345.15 327.8999 0 -0.124191 -0.2741586 -0.03572864 0.9529623
3.2586 FirstCar -35.74594 0.025 2.97 0 90 0 0 0.7071068 0 0.7071068 11.70112 0
3.2586 SecondCar -68.24906 0.025 2.97 0 90 0 0 0.7071068 0 0.7071068 11.68309 0
3.2590 Head 0 1.6 0.78 345.15 327.8999 0 -0.124191 -0.2741586 -0.03572864 0.9529623
3.2590 FirstCar -35.74121 0.025 2.97 0 90 0 0 0.7071068 0 0.7071068 11.70015 0
3.2590 SecondCar -68.24435 0.025 2.97 0 90 0 0 0.7071068 0 0.7071068 11.68212 0
3.2594 Head 0 1.6 0.78 345.15 327.8999 0 -0.124191 -0.2741586 -0.03572864 0.9529623
3.2594 FirstCar -35.73657 0.025 2.97 0 90 0 0 0.7071068 0 0.7071068 11.6992 0
3.2594 SecondCar -68.23972 0.025 2.97 0 90 0 0 0.7071068 0 0.7071068 11.68117 0
3.2598 Head 0 1.6 0.78 345.15 327.8999 0 -0.124191 -0.2741586 -0.03572864 0.9529623
3.2598 FirstCar -35.73206 0.025 2.97 0 90 0 0 0.7071068 0 0.7071068 11.69827 0
3.2598 SecondCar -68.23521 0.025 2.97 0 90 0 0 0.7071068 0 0.7071068 11.68024 0
3.2602 Head 0 1.6 0.78 345.15 327.8999 0 -0.124191 -0.2741586 -0.03572864 0.9529623
3.2602 FirstCar -35.72742 0.025 2.97 0 90 0 0 0.7071068 0 0.7071068 11.69732 0
3.2602 SecondCar -68.23058 0.025 2.97 0 90 0 0 0.7071068 0 0.7071068 11.67929 0
3.2612 Head 0 1.6 0.78 345.15 327.8999 0 -0.124191 -0.2741586 -0.03572864 0.9529623
3.2612 FirstCar -35.71618 0.025 2.97 0 90 0 0 0.7071068 0 0.7071068 11.69501 0
3.2612 SecondCar -68.21935 0.025 2.97 0 90 0 0 0.7071068 0 0.7071068 11.67698 0
3.2620 Head 0 1.6 0.78 345.15 327.8999 0 -0.124191 -0.2741586 -0.03572864 0.9529623
3.2620 FirstCar -35.70599 0.025 2.97 0 90 0 0 0.7071068 0 0.7071068 11.69292 0
3.2620 SecondCar -68.20918 0.025 2.97 0 90 0 0 0.7071068 0 0.7071068 11.67489 0
3.2625 Head 0 1.6 0.78 345.15 327.8999 0 -0.124191 -0.2741586 -0.03572864 0.9529623
3.2625 FirstCar -35.7009 0.025 2.97 0 90 0 0 0.7071068 0 0.7071068 11.69188 0
3.2625 SecondCar -68.2041 0.025 2.97 0 90 0 0 0.7071068 0 0.7071068 11.67385 0
3.2629 Head 0 1.6 0.78 345.15 327.8999 0 -0.124191 -0.2741586 -0.03572864 0.9529623
3.2629 FirstCar -35.69593 0.025 2.97 0 90 0 0 0.7071068 0 0.7071068 11.69086 0
3.2629 SecondCar -68.19914 0.025 2.97 0 90 0 0 0.7071068 0 0.7071068 11.67283 0
3.2633 Head 0 1.6 0.78 345.15 327.8999 0 -0.124191 -0.2741586 -0.03572864 0.9529623
3.2633 FirstCar -35.69145 0.025 2.97 0 90 0 0 0.7071068 0 0.7071068 11.68994 0
3.2633 SecondCar -68.19466 0.025 2.97 0 90 0 0 0.7071068 0 0.7071068 11.67191 0
3.2637 Head 0 1.6 0.78 345.15 327.8999 0 -0.124191 -0.2741586 -0.03572864 0.9529623
3.2637 FirstCar -35.6869 0.025 2.97 0 90 0 0 0.7071068 0 0.7071068 11.689 0
3.2637 SecondCar -68.19012 0.025 2.97 0 90 0 0 0.7071068 0 0.7071068 11.67097 0
3.2640 Head 0 1.6 0.78 345.15 327.8999 0 -0.124191 -0.2741586 -0.03572864 0.9529623
3.2640 FirstCar -35.68258 0.025 2.97 0 90 0 0 0.7071068 0 0.7071068 11.68812 0
3.2640 SecondCar -68.18581 0.025 2.97 0 90 0 0 0.7071068 0 0.7071068 11.67008 0
3.2644 Head 0 1.6 0.78 345.15 327.8999 0 -0.124191 -0.2741586 -0.03572864 0.9529623
3.2644 FirstCar -35.67832 0.025 2.97 0 90 0 0 0.7071068 0 0.7071068 11.68724 0
3.2644 SecondCar -68.18156 0.025 2.97 0 90 0 0 0.7071068 0 0.7071068 11.66921 0
3.2648 Head 0 1.6 0.78 345.15 327.8999 0 -0.124191 -0.2741586 -0.03572864 0.9529623
3.2648 FirstCar -35.67414 0.025 2.97 0 90 0 0 0.7071068 0 0.7071068 11.68638 0
3.2648 SecondCar -68.17738 0.025 2.97 0 90 0 0 0.7071068 0 0.7071068 11.66835 0
3.2651 Head 0 1.6 0.78 345.15 327.8999 0 -0.124191 -0.2741586 -0.03572864 0.9529623
3.2651 FirstCar -35.66969 0.025 2.97 0 90 0 0 0.7071068 0 0.7071068 11.68547 0
3.2651 SecondCar -68.17294 0.025 2.97 0 90 0 0 0.7071068 0 0.7071068 11.66744 0
3.2655 Head 0 1.6 0.78 345.15 327.8999 0 -0.124191 -0.2741586 -0.03572864 0.9529623
3.2655 FirstCar -35.66534 0.025 2.97 0 90 0 0 0.7071068 0 0.7071068 11.68458 0
3.2655 SecondCar -68.16859 0.025 2.97 0 90 0 0 0.7071068 0 0.7071068 11.66654 0
3.2659 Head 0 1.6 0.78 345.15 327.8999 0 -0.124191 -0.2741586 -0.03572864 0.9529623
3.2659 FirstCar -35.66083 0.025 2.97 0 90 0 0 0.7071068 0 0.7071068 11.68365 0
3.2659 SecondCar -68.16409 0.025 2.97 0 90 0 0 0.7071068 0 0.7071068 11.66562 0
3.2663 Head 0 1.6 0.78 345.15 327.8999 0 -0.124191 -0.2741586 -0.03572864 0.9529623
3.2663 FirstCar -35.65627 0.025 2.97 0 90 0 0 0.7071068 0 0.7071068 11.68271 0
3.2663 SecondCar -68.15954 0.025 2.97 0 90 0 0 0.7071068 0 0.7071068 11.66468 0
3.2666 Head 0 1.6 0.78 345.15 327.8999 0 -0.124191 -0.2741586 -0.03572864 0.9529623
3.2666 FirstCar -35.65217 0.025 2.97 0 90 0 0 0.7071068 0 0.7071068 11.68187 0
3.2666 SecondCar -68.15544 0.025 2.97 0 90 0 0 0.7071068 0 0.7071068 11.66384 0
3.2670 Head 0 1.6 0.78 345.15 327.8999 0 -0.124191 -0.2741586 -0.03572864 0.9529623
3.2670 FirstCar -35.64796 0.025 2.97 0 90 0 0 0.7071068 0 0.7071068 11.681 0
3.2670 SecondCar -68.15124 0.025 2.97 0 90 0 0 0.7071068 0 0.7071068 11.66297 0
3.2674 Head 0 1.6 0.78 345.15 327.8999 0 -0.124191 -0.2741586 -0.03572864 0.9529623
3.2674 FirstCar -35.64349 0.025 2.97 0 90 0 0 0.7071068 0 0.7071068 11.68009 0
3.2674 SecondCar -68.14678 0.025 2.97 0 90 0 0 0.7071068 0 0.7071068 11.66206 0
3.2678 Head 0 1.6 0.78 345.15 327.8999 0 -0.124191 -0.2741586 -0.03572864 0.9529623
3.2678 FirstCar -35.63903 0.025 2.97 0 90 0 0 0.7071068 0 0.7071068 11.67917 0
3.2678 SecondCar -68.14233 0.025 2.97 0 90 0 0 0.7071068 0 0.7071068 11.66114 0
3.2681 Head 0 1.6 0.78 345.15 327.8999 0 -0.124191 -0.2741586 -0.03572864 0.9529623
3.2681 FirstCar -35.63498 0.025 2.97 0 90 0 0 0.7071068 0 0.7071068 11.67834 0
3.2681 SecondCar -68.13828 0.025 2.97 0 90 0 0 0.7071068 0 0.7071068 11.66031 0
3.2685 Head 0 1.6 0.78 345.15 327.8999 0 -0.124191 -0.2741586 -0.03572864 0.9529623
3.2685 FirstCar -35.63087 0.025 2.97 0 90 0 0 0.7071068 0 0.7071068 11.67749 0
3.2685 SecondCar -68.13419 0.025 2.97 0 90 0 0 0.7071068 0 0.7071068 11.65946 0
3.2688 Head 0 1.6 0.78 345.15 327.8999 0 -0.124191 -0.2741586 -0.03572864 0.9529623
3.2688 FirstCar -35.62682 0.025 2.97 0 90 0 0 0.7071068 0 0.7071068 11.67666 0
3.2688 SecondCar -68.13014 0.025 2.97 0 90 0 0 0.7071068 0 0.7071068 11.65863 0
3.2692 Head 0 1.6 0.78 345.15 327.8999 0 -0.124191 -0.2741586 -0.03572864 0.9529623
3.2692 FirstCar -35.62241 0.025 2.97 0 90 0 0 0.7071068 0 0.7071068 11.67575 0
3.2692 SecondCar -68.12574 0.025 2.97 0 90 0 0 0.7071068 0 0.7071068 11.65772 0
3.2699 Head 0 1.6 0.78 345.15 327.8999 0 -0.124191 -0.2741586 -0.03572864 0.9529623
3.2699 FirstCar -35.61371 0.025 2.97 0 90 0 0 0.7071068 0 0.7071068 11.67397 0
3.2699 SecondCar -68.11706 0.025 2.97 0 90 0 0 0.7071068 0 0.7071068 11.65594 0
3.2704 Head 0 1.6 0.78 345.15 327.8999 0 -0.124191 -0.2741586 -0.03572864 0.9529623
3.2704 FirstCar -35.60851 0.025 2.97 0 90 0 0 0.7071068 0 0.7071068 11.6729 0
3.2704 SecondCar -68.11186 0.025 2.97 0 90 0 0 0.7071068 0 0.7071068 11.65487 0
3.2710 Head 0 1.6 0.78 345.15 327.8999 0 -0.124191 -0.2741586 -0.03572864 0.9529623
3.2710 FirstCar -35.60088 0.025 2.97 0 90 0 0 0.7071068 0 0.7071068 11.67133 0
3.2710 SecondCar -68.10425 0.025 2.97 0 90 0 0 0.7071068 0 0.7071068 11.6533 0
3.2714 Head 0 1.6 0.78 345.15 327.8999 0 -0.124191 -0.2741586 -0.03572864 0.9529623
3.2714 FirstCar -35.5965 0.025 2.97 0 90 0 0 0.7071068 0 0.7071068 11.67043 0
3.2714 SecondCar -68.09988 0.025 2.97 0 90 0 0 0.7071068 0 0.7071068 11.6524 0
3.2718 Head 0 1.6 0.78 345.15 327.8999 0 -0.124191 -0.2741586 -0.03572864 0.9529623
3.2718 FirstCar -35.59222 0.025 2.97 0 90 0 0 0.7071068 0 0.7071068 11.66955 0
3.2718 SecondCar -68.0956 0.025 2.97 0 90 0 0 0.7071068 0 0.7071068 11.65152 0
3.2721 Head 0 1.6 0.78 345.15 327.8999 0 -0.124191 -0.2741586 -0.03572864 0.9529623
3.2721 FirstCar -35.58808 0.025 2.97 0 90 0 0 0.7071068 0 0.7071068 11.6687 0
3.2721 SecondCar -68.09147 0.025 2.97 0 90 0 0 0.7071068 0 0.7071068 11.65067 0
3.2725 Head 0 1.6 0.78 345.15 327.8999 0 -0.124191 -0.2741586 -0.03572864 0.9529623
3.2725 FirstCar -35.58348 0.025 2.97 0 90 0 0 0.7071068 0 0.7071068 11.66775 0
3.2725 SecondCar -68.08688 0.025 2.97 0 90 0 0 0.7071068 0 0.7071068 11.64972 0
3.2729 Head 0 1.6 0.78 345.15 327.8999 0 -0.124191 -0.2741586 -0.03572864 0.9529623
3.2729 FirstCar -35.57915 0.025 2.97 0 90 0 0 0.7071068 0 0.7071068 11.66686 0
3.2729 SecondCar -68.08255 0.025 2.97 0 90 0 0 0.7071068 0 0.7071068 11.64883 0
3.2733 Head 0 1.6 0.78 345.15 327.8999 0 -0.124191 -0.2741586 -0.03572864 0.9529623
3.2733 FirstCar -35.57495 0.025 2.97 0 90 0 0 0.7071068 0 0.7071068 11.666 0
3.2733 SecondCar -68.07836 0.025 2.97 0 90 0 0 0.7071068 0 0.7071068 11.64797 0
3.2736 Head 0 1.6 0.78 345.15 327.8999 0 -0.124191 -0.2741586 -0.03572864 0.9529623
3.2736 FirstCar -35.57054 0.025 2.97 0 90 0 0 0.7071068 0 0.7071068 11.66509 0
3.2736 SecondCar -68.07395 0.025 2.97 0 90 0 0 0.7071068 0 0.7071068 11.64706 0
3.2740 Head 0 1.6 0.78 345.15 327.8999 0 -0.124191 -0.2741586 -0.03572864 0.9529623
3.2740 FirstCar -35.56598 0.025 2.97 0 90 0 0 0.7071068 0 0.7071068 11.66415 0
3.2740 SecondCar -68.0694 0.025 2.97 0 90 0 0 0.7071068 0 0.7071068 11.64612 0
3.2744 Head 0 1.6 0.78 345.15 327.8999 0 -0.124191 -0.2741586 -0.03572864 0.9529623
3.2744 FirstCar -35.56189 0.025 2.97 0 90 0 0 0.7071068 0 0.7071068 11.66331 0
3.2744 SecondCar -68.06532 0.025 2.97 0 90 0 0 0.7071068 0 0.7071068 11.64528 0
3.2747 Head 0 1.6 0.78 345.15 327.8999 0 -0.124191 -0.2741586 -0.03572864 0.9529623
3.2747 FirstCar -35.55792 0.025 2.97 0 90 0 0 0.7071068 0 0.7071068 11.66249 0
3.2747 SecondCar -68.06136 0.025 2.97 0 90 0 0 0.7071068 0 0.7071068 11.64446 0
3.2750 Head 0 1.6 0.78 345.15 327.8999 0 -0.124191 -0.2741586 -0.03572864 0.9529623
3.2750 FirstCar -35.55398 0.025 2.97 0 90 0 0 0.7071068 0 0.7071068 11.66168 0
3.2750 SecondCar -68.05743 0.025 2.97 0 90 0 0 0.7071068 0 0.7071068 11.64365 0
3.2754 Head 0 1.6 0.78 345.15 327.8999 0 -0.124191 -0.2741586 -0.03572864 0.9529623
3.2754 FirstCar -35.54949 0.025 2.97 0 90 0 0 0.7071068 0 0.7071068 11.66076 0
3.2754 SecondCar -68.05294 0.025 2.97 0 90 0 0 0.7071068 0 0.7071068 11.64272 0
3.2758 Head 0 1.6 0.78 345.15 327.8999 0 -0.124191 -0.2741586 -0.03572864 0.9529623
3.2758 FirstCar -35.5454 0.025 2.97 0 90 0 0 0.7071068 0 0.7071068 11.65991 0
3.2758 SecondCar -68.04886 0.025 2.97 0 90 0 0 0.7071068 0 0.7071068 11.64188 0
3.2762 Head 0 1.6 0.78 345.15 327.8999 0 -0.124191 -0.2741586 -0.03572864 0.9529623
3.2762 FirstCar -35.54109 0.025 2.97 0 90 0 0 0.7071068 0 0.7071068 11.65903 0
3.2762 SecondCar -68.04456 0.025 2.97 0 90 0 0 0.7071068 0 0.7071068 11.641 0
3.2765 Head 0 1.6 0.78 345.15 327.8999 0 -0.124191 -0.2741586 -0.03572864 0.9529623
3.2765 FirstCar -35.53711 0.025 2.97 0 90 0 0 0.7071068 0 0.7071068 11.65821 0
3.2765 SecondCar -68.04058 0.025 2.97 0 90 0 0 0.7071068 0 0.7071068 11.64018 0
3.2769 Head 0 1.6 0.78 345.15 327.8999 0 -0.124191 -0.2741586 -0.03572864 0.9529623
3.2769 FirstCar -35.53268 0.025 2.97 0 90 0 0 0.7071068 0 0.7071068 11.6573 0
3.2769 SecondCar -68.03616 0.025 2.97 0 90 0 0 0.7071068 0 0.7071068 11.63927 0
3.2772 Head 0 1.6 0.78 345.15 327.8999 0 -0.124191 -0.2741586 -0.03572864 0.9529623
3.2772 FirstCar -35.52858 0.025 2.97 0 90 0 0 0.7071068 0 0.7071068 11.65645 0
3.2772 SecondCar -68.03207 0.025 2.97 0 90 0 0 0.7071068 0 0.7071068 11.63842 0
3.2779 Head 0 1.6 0.78 345.15 327.8999 0 -0.124191 -0.2741586 -0.03572864 0.9529623
3.2779 FirstCar -35.52036 0.025 2.97 0 90 0 0 0.7071068 0 0.7071068 11.65476 0
3.2779 SecondCar -68.02386 0.025 2.97 0 90 0 0 0.7071068 0 0.7071068 11.63673 0
3.2784 Head 0 1.6 0.78 345.15 327.8999 0 -0.124191 -0.2741586 -0.03572864 0.9529623
3.2784 FirstCar -35.51496 0.025 2.97 0 90 0 0 0.7071068 0 0.7071068 11.65365 0
3.2784 SecondCar -68.01846 0.025 2.97 0 90 0 0 0.7071068 0 0.7071068 11.63562 0
3.2788 Head 0 1.6 0.78 345.15 327.8999 0 -0.124191 -0.2741586 -0.03572864 0.9529623
3.2788 FirstCar -35.51039 0.025 2.97 0 90 0 0 0.7071068 0 0.7071068 11.6527 0
3.2788 SecondCar -68.0139 0.025 2.97 0 90 0 0 0.7071068 0 0.7071068 11.63467 0
3.2792 Head 0 1.6 0.78 345.15 327.8999 0 -0.124191 -0.2741586 -0.03572864 0.9529623
3.2792 FirstCar -35.5057 0.025 2.97 0 90 0 0 0.7071068 0 0.7071068 11.65174 0
3.2792 SecondCar -68.00922 0.025 2.97 0 90 0 0 0.7071068 0 0.7071068 11.63371 0
3.2796 Head 0 1.6 0.78 345.15 327.8999 0 -0.124191 -0.2741586 -0.03572864 0.9529623
3.2796 FirstCar -35.50126 0.025 2.97 0 90 0 0 0.7071068 0 0.7071068 11.65082 0
3.2796 SecondCar -68.00479 0.025 2.97 0 90 0 0 0.7071068 0 0.7071068 11.63279 0
3.2800 Head 0 1.6 0.78 345.15 327.8999 0 -0.124191 -0.2741586 -0.03572864 0.9529623
3.2800 FirstCar -35.49668 0.025 2.97 0 90 0 0 0.7071068 0 0.7071068 11.64988 0
3.2800 SecondCar -68.00022 0.025 2.97 0 90 0 0 0.7071068 0 0.7071068 11.63185 0
3.2804 Head 0 1.6 0.78 345.15 327.8999 0 -0.124191 -0.2741586 -0.03572864 0.9529623
3.2804 FirstCar -35.49107 0.025 2.97 0 90 0 0 0.7071068 0 0.7071068 11.64873 0
3.2804 SecondCar -67.99462 0.025 2.97 0 90 0 0 0.7071068 0 0.7071068 11.6307 0
3.2809 Head 0 1.6 0.78 345.15 327.8999 0 -0.124191 -0.2741586 -0.03572864 0.9529623
3.2809 FirstCar -35.48633 0.025 2.97 0 90 0 0 0.7071068 0 0.7071068 11.64775 0
3.2809 SecondCar -67.98988 0.025 2.97 0 90 0 0 0.7071068 0 0.7071068 11.62972 0
3.2813 Head 0 1.6 0.78 345.15 327.8999 0 -0.124191 -0.2741586 -0.03572864 0.9529623
3.2813 FirstCar -35.48169 0.025 2.97 0 90 0 0 0.7071068 0 0.7071068 11.64679 0
3.2813 SecondCar -67.98524 0.025 2.97 0 90 0 0 0.7071068 0 0.7071068 11.62876 0
3.2816 Head 0 1.6 0.78 345.15 327.8999 0 -0.124191 -0.2741586 -0.03572864 0.9529623
3.2816 FirstCar -35.47737 0.025 2.97 0 90 0 0 0.7071068 0 0.7071068 11.6459 0
3.2816 SecondCar -67.98093 0.025 2.97 0 90 0 0 0.7071068 0 0.7071068 11.62787 0
3.2820 Head 0 1.6 0.78 345.15 327.8999 0 -0.124191 -0.2741586 -0.03572864 0.9529623
3.2820 FirstCar -35.47286 0.025 2.97 0 90 0 0 0.7071068 0 0.7071068 11.64497 0
3.2820 SecondCar -67.97643 0.025 2.97 0 90 0 0 0.7071068 0 0.7071068 11.62694 0
3.2824 Head 0 1.6 0.78 345.15 327.8999 0 -0.124191 -0.2741586 -0.03572864 0.9529623
3.2824 FirstCar -35.46804 0.025 2.97 0 90 0 0 0.7071068 0 0.7071068 11.64398 0
3.2824 SecondCar -67.97162 0.025 2.97 0 90 0 0 0.7071068 0 0.7071068 11.62595 0
3.2828 Head 0 1.6 0.78 345.15 327.8999 0 -0.124191 -0.2741586 -0.03572864 0.9529623
3.2828 FirstCar -35.46368 0.025 2.97 0 90 0 0 0.7071068 0 0.7071068 11.64308 0
3.2828 SecondCar -67.96726 0.025 2.97 0 90 0 0 0.7071068 0 0.7071068 11.62505 0
3.2832 Head 0 1.6 0.78 345.15 327.8999 0 -0.124191 -0.2741586 -0.03572864 0.9529623
3.2832 FirstCar -35.45938 0.025 2.97 0 90 0 0 0.7071068 0 0.7071068 11.64219 0
3.2832 SecondCar -67.96297 0.025 2.97 0 90 0 0 0.7071068 0 0.7071068 11.62416 0
3.2835 Head 0 1.6 0.78 345.15 327.8999 0 -0.124191 -0.2741586 -0.03572864 0.9529623
3.2835 FirstCar -35.45501 0.025 2.97 0 90 0 0 0.7071068 0 0.7071068 11.64129 0
3.2835 SecondCar -67.95861 0.025 2.97 0 90 0 0 0.7071068 0 0.7071068 11.62326 0
3.2841 Head 0 1.6 0.78 345.15 327.8999 0 -0.124191 -0.2741586 -0.03572864 0.9529623
3.2841 FirstCar -35.44828 0.025 2.97 0 90 0 0 0.7071068 0 0.7071068 11.63991 0
3.2841 SecondCar -67.9519 0.025 2.97 0 90 0 0 0.7071068 0 0.7071068 11.62188 0
3.2845 Head 0 1.6 0.78 345.15 327.8999 0 -0.124191 -0.2741586 -0.03572864 0.9529623
3.2845 FirstCar -35.44367 0.025 2.97 0 90 0 0 0.7071068 0 0.7071068 11.63895 0
3.2845 SecondCar -67.94729 0.025 2.97 0 90 0 0 0.7071068 0 0.7071068 11.62092 0
3.2849 Head 0 1.6 0.78 345.15 327.8999 0 -0.124191 -0.2741586 -0.03572864 0.9529623
3.2849 FirstCar -35.43938 0.025 2.97 0 90 0 0 0.7071068 0 0.7071068 11.63807 0
3.2849 SecondCar -67.94301 0.025 2.97 0 90 0 0 0.7071068 0 0.7071068 11.62004 0
3.2852 Head 0 1.6 0.78 345.15 327.8999 0 -0.124191 -0.2741586 -0.03572864 0.9529623
3.2852 FirstCar -35.43523 0.025 2.97 0 90 0 0 0.7071068 0 0.7071068 11.63721 0
3.2852 SecondCar -67.93887 0.025 2.97 0 90 0 0 0.7071068 0 0.7071068 11.61918 0
3.2860 Head 0 1.6 0.78 345.15 327.8999 0 -0.124191 -0.2741586 -0.03572864 0.9529623
3.2860 FirstCar -35.42636 0.025 2.97 0 90 0 0 0.7071068 0 0.7071068 11.63539 0
3.2860 SecondCar -67.93001 0.025 2.97 0 90 0 0 0.7071068 0 0.7071068 11.61736 0
3.2865 Head 0 1.6 0.78 345.15 327.8999 0 -0.124191 -0.2741586 -0.03572864 0.9529623
3.2865 FirstCar -35.42037 0.025 2.97 0 90 0 0 0.7071068 0 0.7071068 11.63415 0
3.2865 SecondCar -67.92402 0.025 2.97 0 90 0 0 0.7071068 0 0.7071068 11.61612 0
3.2869 Head 0 1.6 0.78 345.15 327.8999 0 -0.124191 -0.2741586 -0.03572864 0.9529623
3.2869 FirstCar -35.41551 0.025 2.97 0 90 0 0 0.7071068 0 0.7071068 11.63315 0
3.2869 SecondCar -67.91917 0.025 2.97 0 90 0 0 0.7071068 0 0.7071068 11.61512 0
3.2873 Head 0 1.6 0.78 345.15 327.8999 0 -0.124191 -0.2741586 -0.03572864 0.9529623
3.2873 FirstCar -35.41093 0.025 2.97 0 90 0 0 0.7071068 0 0.7071068 11.6322 0
3.2873 SecondCar -67.9146 0.025 2.97 0 90 0 0 0.7071068 0 0.7071068 11.61417 0
3.2878 Head 0 1.6 0.78 345.15 327.8999 0 -0.124191 -0.2741586 -0.03572864 0.9529623
3.2878 FirstCar -35.40557 0.025 2.97 0 90 0 0 0.7071068 0 0.7071068 11.6311 0
3.2878 SecondCar -67.90925 0.025 2.97 0 90 0 0 0.7071068 0 0.7071068 11.61307 0
3.2882 Head 0 1.6 0.78 345.15 327.8999 0 -0.124191 -0.2741586 -0.03572864 0.9529623
3.2882 FirstCar -35.40074 0.025 2.97 0 90 0 0 0.7071068 0 0.7071068 11.6301 0
3.2882 SecondCar -67.90442 0.025 2.97 0 90 0 0 0.7071068 0 0.7071068 11.61207 0
3.2886 Head 0 1.6 0.78 345.15 327.8999 0 -0.124191 -0.2741586 -0.03572864 0.9529623
3.2886 FirstCar -35.39611 0.025 2.97 0 90 0 0 0.7071068 0 0.7071068 11.62914 0
3.2886 SecondCar -67.8998 0.025 2.97 0 90 0 0 0.7071068 0 0.7071068 11.61111 0
3.2890 Head 0 1.6 0.78 345.15 327.8999 0 -0.124191 -0.2741586 -0.03572864 0.9529623
3.2890 FirstCar -35.39153 0.025 2.97 0 90 0 0 0.7071068 0 0.7071068 11.6282 0
3.2890 SecondCar -67.89523 0.025 2.97 0 90 0 0 0.7071068 0 0.7071068 11.61017 0
3.2894 Head 0 1.6 0.78 345.15 327.8999 0 -0.124191 -0.2741586 -0.03572864 0.9529623
3.2894 FirstCar -35.38723 0.025 2.97 0 90 0 0 0.7071068 0 0.7071068 11.62731 0
3.2894 SecondCar -67.89094 0.025 2.97 0 90 0 0 0.7071068 0 0.7071068 11.60928 0
3.2898 Head 0 1.6 0.78 345.15 327.8999 0 -0.124191 -0.2741586 -0.03572864 0.9529623
3.2898 FirstCar -35.38277 0.025 2.97 0 90 0 0 0.7071068 0 0.7071068 11.62639 0
3.2898 SecondCar -67.88648 0.025 2.97 0 90 0 0 0.7071068 0 0.7071068 11.60836 0
3.2901 Head 0 1.6 0.78 345.15 327.8999 0 -0.124191 -0.2741586 -0.03572864 0.9529623
3.2901 FirstCar -35.37869 0.025 2.97 0 90 0 0 0.7071068 0 0.7071068 11.62555 0
3.2901 SecondCar -67.8824 0.025 2.97 0 90 0 0 0.7071068 0 0.7071068 11.60752 0
3.2907 Head 0 1.6 0.78 345.15 327.8999 0 -0.124191 -0.2741586 -0.03572864 0.9529623
3.2907 FirstCar -35.37124 0.025 2.97 0 90 0 0 0.7071068 0 0.7071068 11.62401 0
3.2907 SecondCar -67.87496 0.025 2.97 0 90 0 0 0.7071068 0 0.7071068 11.60598 0
3.2912 Head 0 1.6 0.78 345.15 327.8999 0 -0.124191 -0.2741586 -0.03572864 0.9529623
3.2912 FirstCar -35.36635 0.025 2.97 0 90 0 0 0.7071068 0 0.7071068 11.623 0
3.2912 SecondCar -67.87008 0.025 2.97 0 90 0 0 0.7071068 0 0.7071068 11.60497 0
3.2916 Head 0 1.6 0.78 345.15 327.8999 0 -0.124191 -0.2741586 -0.03572864 0.9529623
3.2916 FirstCar -35.36155 0.025 2.97 0 90 0 0 0.7071068 0 0.7071068 11.62201 0
3.2916 SecondCar -67.86529 0.025 2.97 0 90 0 0 0.7071068 0 0.7071068 11.60398 0
3.2920 Head 0 1.6 0.78 345.15 327.8999 0 -0.124191 -0.2741586 -0.03572864 0.9529623
3.2920 FirstCar -35.35664 0.025 2.97 0 90 0 0 0.7071068 0 0.7071068 11.621 0
3.2920 SecondCar -67.86039 0.025 2.97 0 90 0 0 0.7071068 0 0.7071068 11.60297 0
3.2924 Head 0 1.6 0.78 345.15 327.8999 0 -0.124191 -0.2741586 -0.03572864 0.9529623
3.2924 FirstCar -35.35175 0.025 2.97 0 90 0 0 0.7071068 0 0.7071068 11.61999 0
3.2924 SecondCar -67.85551 0.025 2.97 0 90 0 0 0.7071068 0 0.7071068 11.60196 0
3.2929 Head 0 1.6 0.78 345.15 327.8999 0 -0.124191 -0.2741586 -0.03572864 0.9529623
3.2929 FirstCar -35.34677 0.025 2.97 0 90 0 0 0.7071068 0 0.7071068 11.61896 0
3.2929 SecondCar -67.85053 0.025 2.97 0 90 0 0 0.7071068 0 0.7071068 11.60093 0
3.2932 Head 0 1.6 0.78 345.15 327.8999 0 -0.124191 -0.2741586 -0.03572864 0.9529623
3.2932 FirstCar -35.34248 0.025 2.97 0 90 0 0 0.7071068 0 0.7071068 11.61807 0
3.2932 SecondCar -67.84625 0.025 2.97 0 90 0 0 0.7071068 0 0.7071068 11.60004 0
3.2936 Head 0 1.6 0.78 345.15 327.8999 0 -0.124191 -0.2741586 -0.03572864 0.9529623
3.2936 FirstCar -35.33832 0.025 2.97 0 90 0 0 0.7071068 0 0.7071068 11.61721 0
3.2936 SecondCar -67.84209 0.025 2.97 0 90 0 0 0.7071068 0 0.7071068 11.59918 0
3.2940 Head 0 1.6 0.78 345.15 327.8999 0 -0.124191 -0.2741586 -0.03572864 0.9529623
3.2940 FirstCar -35.33336 0.025 2.97 0 90 0 0 0.7071068 0 0.7071068 11.61619 0
3.2940 SecondCar -67.83714 0.025 2.97 0 90 0 0 0.7071068 0 0.7071068 11.59816 0
3.2944 Head 0 1.6 0.78 345.15 327.8999 0 -0.124191 -0.2741586 -0.03572864 0.9529623
3.2944 FirstCar -35.32904 0.025 2.97 0 90 0 0 0.7071068 0 0.7071068 11.61529 0
3.2944 SecondCar -67.83283 0.025 2.97 0 90 0 0 0.7071068 0 0.7071068 11.59726 0
3.2947 Head 0 1.6 0.78 345.15 327.8999 0 -0.124191 -0.2741586 -0.03572864 0.9529623
3.2947 FirstCar -35.32506 0.025 2.97 0 90 0 0 0.7071068 0 0.7071068 11.61447 0
3.2947 SecondCar -67.82885 0.025 2.97 0 90 0 0 0.7071068 0 0.7071068 11.59644 0
3.2951 Head 0 1.6 0.78 345.15 327.8999 0 -0.124191 -0.2741586 -0.03572864 0.9529623
3.2951 FirstCar -35.32076 0.025 2.97 0 90 0 0 0.7071068 0 0.7071068 11.61358 0
3.2951 SecondCar -67.82455 0.025 2.97 0 90 0 0 0.7071068 0 0.7071068 11.59555 0
3.2954 Head 0 1.6 0.78 345.15 327.8999 0 -0.124191 -0.2741586 -0.03572864 0.9529623
3.2954 FirstCar -35.31688 0.025 2.97 0 90 0 0 0.7071068 0 0.7071068 11.61278 0
3.2954 SecondCar -67.82069 0.025 2.97 0 90 0 0 0.7071068 0 0.7071068 11.59475 0
3.2958 Head 0 1.6 0.78 345.15 327.8999 0 -0.124191 -0.2741586 -0.03572864 0.9529623
3.2958 FirstCar -35.31281 0.025 2.97 0 90 0 0 0.7071068 0 0.7071068 11.61194 0
3.2958 SecondCar -67.81662 0.025 2.97 0 90 0 0 0.7071068 0 0.7071068 11.59391 0
3.2961 Head 0 1.6 0.78 345.15 327.8999 0 -0.124191 -0.2741586 -0.03572864 0.9529623
3.2961 FirstCar -35.3085 0.025 2.97 0 90 0 0 0.7071068 0 0.7071068 11.61105 0
3.2961 SecondCar -67.81232 0.025 2.97 0 90 0 0 0.7071068 0 0.7071068 11.59302 0
3.2965 Head 0 1.6 0.78 345.15 327.8999 0 -0.124191 -0.2741586 -0.03572864 0.9529623
3.2965 FirstCar -35.30406 0.025 2.97 0 90 0 0 0.7071068 0 0.7071068 11.61013 0
3.2965 SecondCar -67.80788 0.025 2.97 0 90 0 0 0.7071068 0 0.7071068 11.5921 0
3.2969 Head 0 1.6 0.78 345.15 327.8999 0 -0.124191 -0.2741586 -0.03572864 0.9529623
3.2969 FirstCar -35.29996 0.025 2.97 0 90 0 0 0.7071068 0 0.7071068 11.60928 0
3.2969 SecondCar -67.80379 0.025 2.97 0 90 0 0 0.7071068 0 0.7071068 11.59125 0
3.2973 Head 0 1.6 0.78 345.15 327.8999 0 -0.124191 -0.2741586 -0.03572864 0.9529623
3.2973 FirstCar -35.2957 0.025 2.97 0 90 0 0 0.7071068 0 0.7071068 11.6084 0
3.2973 SecondCar -67.79953 0.025 2.97 0 90 0 0 0.7071068 0 0.7071068 11.59037 0
3.2976 Head 0 1.6 0.78 345.15 327.8999 0 -0.124191 -0.2741586 -0.03572864 0.9529623
3.2976 FirstCar -35.29155 0.025 2.97 0 90 0 0 0.7071068 0 0.7071068 11.60754 0
3.2976 SecondCar -67.79539 0.025 2.97 0 90 0 0 0.7071068 0 0.7071068 11.58951 0
3.2980 Head 0 1.6 0.78 345.15 327.8999 0 -0.124191 -0.2741586 -0.03572864 0.9529623
3.2980 FirstCar -35.28705 0.025 2.97 0 90 0 0 0.7071068 0 0.7071068 11.60661 0
3.2980 SecondCar -67.7909 0.025 2.97 0 90 0 0 0.7071068 0 0.7071068 11.58858 0
3.2984 Head 0 1.6 0.78 345.15 327.8999 0 -0.124191 -0.2741586 -0.03572864 0.9529623
3.2984 FirstCar -35.28249 0.025 2.97 0 90 0 0 0.7071068 0 0.7071068 11.60567 0
3.2984 SecondCar -67.78635 0.025 2.97 0 90 0 0 0.7071068 0 0.7071068 11.58764 0
3.2987 Head 0 1.6 0.78 345.15 327.8999 0 -0.124191 -0.2741586 -0.03572864 0.9529623
3.2987 FirstCar -35.27833 0.025 2.97 0 90 0 0 0.7071068 0 0.7071068 11.60481 0
3.2987 SecondCar -67.78219 0.025 2.97 0 90 0 0 0.7071068 0 0.7071068 11.58678 0
3.2991 Head 0 1.6 0.78 345.15 327.8999 0 -0.124191 -0.2741586 -0.03572864 0.9529623
3.2991 FirstCar -35.27444 0.025 2.97 0 90 0 0 0.7071068 0 0.7071068 11.60401 0
3.2991 SecondCar -67.77831 0.025 2.97 0 90 0 0 0.7071068 0 0.7071068 11.58598 0
3.2994 Head 0 1.6 0.78 345.15 327.8999 0 -0.124191 -0.2741586 -0.03572864 0.9529623
3.2994 FirstCar -35.27042 0.025 2.97 0 90 0 0 0.7071068 0 0.7071068 11.60317 0
3.2994 SecondCar -67.77429 0.025 2.97 0 90 0 0 0.7071068 0 0.7071068 11.58514 0
3.2998 Head 0 1.6 0.78 345.15 327.8999 0 -0.124191 -0.2741586 -0.03572864 0.9529623
3.2998 FirstCar -35.26645 0.025 2.97 0 90 0 0 0.7071068 0 0.7071068 11.60235 0
3.2998 SecondCar -67.77032 0.025 2.97 0 90 0 0 0.7071068 0 0.7071068 11.58432 0
3.3001 Head 0 1.6 0.78 345.15 327.8999 0 -0.124191 -0.2741586 -0.03572864 0.9529623
3.3001 FirstCar -35.26207 0.025 2.97 0 90 0 0 0.7071068 0 0.7071068 11.60144 0
3.3001 SecondCar -67.76595 0.025 2.97 0 90 0 0 0.7071068 0 0.7071068 11.58341 0
3.3005 Head 0 1.6 0.78 345.15 327.8999 0 -0.124191 -0.2741586 -0.03572864 0.9529623
3.3005 FirstCar -35.25797 0.025 2.97 0 90 0 0 0.7071068 0 0.7071068 11.6006 0
3.3005 SecondCar -67.76186 0.025 2.97 0 90 0 0 0.7071068 0 0.7071068 11.58257 0
3.3009 Head 0 1.6 0.78 345.15 327.8999 0 -0.124191 -0.2741586 -0.03572864 0.9529623
3.3009 FirstCar -35.2537 0.025 2.97 0 90 0 0 0.7071068 0 0.7071068 11.59971 0
3.3009 SecondCar -67.75759 0.025 2.97 0 90 0 0 0.7071068 0 0.7071068 11.58168 0
3.3012 Head 0 1.6 0.78 345.15 327.8999 0 -0.124191 -0.2741586 -0.03572864 0.9529623
3.3012 FirstCar -35.24964 0.025 2.97 0 90 0 0 0.7071068 0 0.7071068 11.59887 0
3.3012 SecondCar -67.75354 0.025 2.97 0 90 0 0 0.7071068 0 0.7071068 11.58084 0
3.3016 Head 0 1.6 0.78 345.15 327.8999 0 -0.124191 -0.2741586 -0.03572864 0.9529623
3.3016 FirstCar -35.24511 0.025 2.97 0 90 0 0 0.7071068 0 0.7071068 11.59794 0
3.3016 SecondCar -67.74902 0.025 2.97 0 90 0 0 0.7071068 0 0.7071068 11.57991 0
3.3020 Head 0 1.6 0.78 345.15 327.8999 0 -0.124191 -0.2741586 -0.03572864 0.9529623
3.3020 FirstCar -35.241 0.025 2.97 0 90 0 0 0.7071068 0 0.7071068 11.59709 0
3.3020 SecondCar -67.74491 0.025 2.97 0 90 0 0 0.7071068 0 0.7071068 11.57906 0
3.3023 Head 0 1.6 0.78 345.15 327.8999 0 -0.124191 -0.2741586 -0.03572864 0.9529623
3.3023 FirstCar -35.23661 0.025 2.97 0 90 0 0 0.7071068 0 0.7071068 11.59618 0
3.3023 SecondCar -67.74052 0.025 2.97 0 90 0 0 0.7071068 0 0.7071068 11.57815 0
3.3027 Head 0 1.6 0.78 345.15 327.8999 0 -0.124191 -0.2741586 -0.03572864 0.9529623
3.3027 FirstCar -35.23272 0.025 2.97 0 90 0 0 0.7071068 0 0.7071068 11.59537 0
3.3027 SecondCar -67.73663 0.025 2.97 0 90 0 0 0.7071068 0 0.7071068 11.57734 0
3.3030 Head 0 1.6 0.78 345.15 327.8999 0 -0.124191 -0.2741586 -0.03572864 0.9529623
3.3030 FirstCar -35.22863 0.025 2.97 0 90 0 0 0.7071068 0 0.7071068 11.59452 0
3.3030 SecondCar -67.73255 0.025 2.97 0 90 0 0 0.7071068 0 0.7071068 11.57649 0
3.3034 Head 0 1.6 0.78 345.15 327.8999 0 -0.124191 -0.2741586 -0.03572864 0.9529623
3.3034 FirstCar -35.22469 0.025 2.97 0 90 0 0 0.7071068 0 0.7071068 11.59371 0
3.3034 SecondCar -67.72861 0.025 2.97 0 90 0 0 0.7071068 0 0.7071068 11.57568 0
3.3037 Head 0 1.6 0.78 345.15 327.8999 0 -0.124191 -0.2741586 -0.03572864 0.9529623
3.3037 FirstCar -35.22067 0.025 2.97 0 90 0 0 0.7071068 0 0.7071068 11.59288 0
3.3037 SecondCar -67.7246 0.025 2.97 0 90 0 0 0.7071068 0 0.7071068 11.57485 0
3.3041 Head 0 1.6 0.78 345.15 327.8999 0 -0.124191 -0.2741586 -0.03572864 0.9529623
3.3041 FirstCar -35.21595 0.025 2.97 0 90 0 0 0.7071068 0 0.7071068 11.5919 0
3.3041 SecondCar -67.71989 0.025 2.97 0 90 0 0 0.7071068 0 0.7071068 11.57387 0
3.3045 Head 0 1.6 0.78 345.15 327.8999 0 -0.124191 -0.2741586 -0.03572864 0.9529623
3.3045 FirstCar -35.21134 0.025 2.97 0 90 0 0 0.7071068 0 0.7071068 11.59094 0
3.3045 SecondCar -67.71528 0.025 2.97 0 90 0 0 0.7071068 0 0.7071068 11.57291 0
3.3049 Head 0 1.6 0.78 345.15 327.8999 0 -0.124191 -0.2741586 -0.03572864 0.9529623
3.3049 FirstCar -35.20722 0.025 2.97 0 90 0 0 0.7071068 0 0.7071068 11.59009 0
3.3049 SecondCar -67.71117 0.025 2.97 0 90 0 0 0.7071068 0 0.7071068 11.57206 0
3.3052 Head 0 1.6 0.78 345.15 327.8999 0 -0.124191 -0.2741586 -0.03572864 0.9529623
3.3052 FirstCar -35.20325 0.025 2.97 0 90 0 0 0.7071068 0 0.7071068 11.58927 0
3.3052 SecondCar -67.70721 0.025 2.97 0 90 0 0 0.7071068 0 0.7071068 11.57124 0
3.3056 Head 0 1.6 0.78 345.15 327.8999 0 -0.124191 -0.2741586 -0.03572864 0.9529623
3.3056 FirstCar -35.19931 0.025 2.97 0 90 0 0 0.7071068 0 0.7071068 11.58845 0
3.3056 SecondCar -67.70326 0.025 2.97 0 90 0 0 0.7071068 0 0.7071068 11.57042 0
3.3059 Head 0 1.6 0.78 345.15 327.8999 0 -0.124191 -0.2741586 -0.03572864 0.9529623
3.3059 FirstCar -35.19512 0.025 2.97 0 90 0 0 0.7071068 0 0.7071068 11.58758 0
3.3059 SecondCar -67.69908 0.025 2.97 0 90 0 0 0.7071068 0 0.7071068 11.56955 0
3.3063 Head 0 1.6 0.78 345.15 327.8999 0 -0.124191 -0.2741586 -0.03572864 0.9529623
3.3063 FirstCar -35.19117 0.025 2.97 0 90 0 0 0.7071068 0 0.7071068 11.58677 0
3.3063 SecondCar -67.69514 0.025 2.97 0 90 0 0 0.7071068 0 0.7071068 11.56874 0
3.3066 Head 0 1.6 0.78 345.15 327.8999 0 -0.124191 -0.2741586 -0.03572864 0.9529623
3.3066 FirstCar -35.18722 0.025 2.97 0 90 0 0 0.7071068 0 0.7071068 11.58595 0
3.3066 SecondCar -67.69119 0.025 2.97 0 90 0 0 0.7071068 0 0.7071068 11.56792 0
3.3069 Head 0 1.6 0.78 345.15 327.8999 0 -0.124191 -0.2741586 -0.03572864 0.9529623
3.3069 FirstCar -35.18331 0.025 2.97 0 90 0 0 0.7071068 0 0.7071068 11.58514 0
3.3069 SecondCar -67.68729 0.025 2.97 0 90 0 0 0.7071068 0 0.7071068 11.56711 0
3.3073 Head 0 1.6 0.78 345.15 327.8999 0 -0.124191 -0.2741586 -0.03572864 0.9529623
3.3073 FirstCar -35.17947 0.025 2.97 0 90 0 0 0.7071068 0 0.7071068 11.58434 0
3.3073 SecondCar -67.68346 0.025 2.97 0 90 0 0 0.7071068 0 0.7071068 11.56631 0
3.3076 Head 0 1.6 0.78 345.15 327.8999 0 -0.124191 -0.2741586 -0.03572864 0.9529623
3.3076 FirstCar -35.17538 0.025 2.97 0 90 0 0 0.7071068 0 0.7071068 11.5835 0
3.3076 SecondCar -67.67937 0.025 2.97 0 90 0 0 0.7071068 0 0.7071068 11.56546 0
3.3080 Head 0 1.6 0.78 345.15 327.8999 0 -0.124191 -0.2741586 -0.03572864 0.9529623
3.3080 FirstCar -35.17136 0.025 2.97 0 90 0 0 0.7071068 0 0.7071068 11.58266 0
3.3080 SecondCar -67.67536 0.025 2.97 0 90 0 0 0.7071068 0 0.7071068 11.56463 0
3.3083 Head 0 1.6 0.78 345.15 327.8999 0 -0.124191 -0.2741586 -0.03572864 0.9529623
3.3083 FirstCar -35.16731 0.025 2.97 0 90 0 0 0.7071068 0 0.7071068 11.58182 0
3.3083 SecondCar -67.67133 0.025 2.97 0 90 0 0 0.7071068 0 0.7071068 11.56379 0
3.3087 Head 0 1.6 0.78 345.15 327.8999 0 -0.124191 -0.2741586 -0.03572864 0.9529623
3.3087 FirstCar -35.16322 0.025 2.97 0 90 0 0 0.7071068 0 0.7071068 11.58098 0
3.3087 SecondCar -67.66724 0.025 2.97 0 90 0 0 0.7071068 0 0.7071068 11.56295 0
3.3091 Head 0 1.6 0.78 345.15 327.8999 0 -0.124191 -0.2741586 -0.03572864 0.9529623
3.3091 FirstCar -35.15865 0.025 2.97 0 90 0 0 0.7071068 0 0.7071068 11.58003 0
3.3091 SecondCar -67.66268 0.025 2.97 0 90 0 0 0.7071068 0 0.7071068 11.562 0
3.3101 Head 0 1.6 0.78 345.15 327.8999 0 -0.124191 -0.2741586 -0.03572864 0.9529623
3.3101 FirstCar -35.14728 0.025 2.97 0 90 0 0 0.7071068 0 0.7071068 11.57767 0
3.3101 SecondCar -67.65133 0.025 2.97 0 90 0 0 0.7071068 0 0.7071068 11.55964 0
3.3105 Head 0 1.6 0.78 345.15 327.8999 0 -0.124191 -0.2741586 -0.03572864 0.9529623
3.3105 FirstCar -35.14224 0.025 2.97 0 90 0 0 0.7071068 0 0.7071068 11.57663 0
3.3105 SecondCar -67.64629 0.025 2.97 0 90 0 0 0.7071068 0 0.7071068 11.5586 0
3.3112 Head 0 1.6 0.78 345.15 327.8999 0 -0.124191 -0.2741586 -0.03572864 0.9529623
3.3112 FirstCar -35.13438 0.025 2.97 0 90 0 0 0.7071068 0 0.7071068 11.575 0
3.3112 SecondCar -67.63844 0.025 2.97 0 90 0 0 0.7071068 0 0.7071068 11.55697 0
3.3116 Head 0 1.6 0.78 345.15 327.8999 0 -0.124191 -0.2741586 -0.03572864 0.9529623
3.3116 FirstCar -35.12983 0.025 2.97 0 90 0 0 0.7071068 0 0.7071068 11.57405 0
3.3116 SecondCar -67.6339 0.025 2.97 0 90 0 0 0.7071068 0 0.7071068 11.55602 0
3.3119 Head 0 1.6 0.78 345.15 327.8999 0 -0.124191 -0.2741586 -0.03572864 0.9529623
3.3119 FirstCar -35.12542 0.025 2.97 0 90 0 0 0.7071068 0 0.7071068 11.57314 0
3.3119 SecondCar -67.6295 0.025 2.97 0 90 0 0 0.7071068 0 0.7071068 11.55511 0
3.3123 Head 0 1.6 0.78 345.15 327.8999 0 -0.124191 -0.2741586 -0.03572864 0.9529623
3.3123 FirstCar -35.12126 0.025 2.97 0 90 0 0 0.7071068 0 0.7071068 11.57228 0
3.3123 SecondCar -67.62535 0.025 2.97 0 90 0 0 0.7071068 0 0.7071068 11.55424 0
3.3127 Head 0 1.6 0.78 345.15 327.8999 0 -0.124191 -0.2741586 -0.03572864 0.9529623
3.3127 FirstCar -35.11688 0.025 2.97 0 90 0 0 0.7071068 0 0.7071068 11.57137 0
3.3127 SecondCar -67.62097 0.025 2.97 0 90 0 0 0.7071068 0 0.7071068 11.55334 0
3.3130 Head 0 1.6 0.78 345.15 327.8999 0 -0.124191 -0.2741586 -0.03572864 0.9529623
3.3130 FirstCar -35.11269 0.025 2.97 0 90 0 0 0.7071068 0 0.7071068 11.5705 0
3.3130 SecondCar -67.61678 0.025 2.97 0 90 0 0 0.7071068 0 0.7071068 11.55247 0
3.3134 Head 0 1.6 0.78 345.15 327.8999 0 -0.124191 -0.2741586 -0.03572864 0.9529623
3.3134 FirstCar -35.10798 0.025 2.97 0 90 0 0 0.7071068 0 0.7071068 11.56952 0
3.3134 SecondCar -67.61208 0.025 2.97 0 90 0 0 0.7071068 0 0.7071068 11.55149 0
3.3138 Head 0 1.6 0.78 345.15 327.8999 0 -0.124191 -0.2741586 -0.03572864 0.9529623
3.3138 FirstCar -35.10373 0.025 2.97 0 90 0 0 0.7071068 0 0.7071068 11.56864 0
3.3138 SecondCar -67.60784 0.025 2.97 0 90 0 0 0.7071068 0 0.7071068 11.55061 0
3.3142 Head 0 1.6 0.78 345.15 327.8999 0 -0.124191 -0.2741586 -0.03572864 0.9529623
3.3142 FirstCar -35.09976 0.025 2.97 0 90 0 0 0.7071068 0 0.7071068 11.56781 0
3.3142 SecondCar -67.60387 0.025 2.97 0 90 0 0 0.7071068 0 0.7071068 11.54978 0
3.3145 Head 0 1.6 0.78 345.15 327.8999 0 -0.124191 -0.2741586 -0.03572864 0.9529623
3.3145 FirstCar -35.09567 0.025 2.97 0 90 0 0 0.7071068 0 0.7071068 11.56697 0
3.3145 SecondCar -67.59978 0.025 2.97 0 90 0 0 0.7071068 0 0.7071068 11.54894 0
3.3149 Head 0 1.6 0.78 345.15 327.8999 0 -0.124191 -0.2741586 -0.03572864 0.9529623
3.3149 FirstCar -35.09109 0.025 2.97 0 90 0 0 0.7071068 0 0.7071068 11.56602 0
3.3149 SecondCar -67.59522 0.025 2.97 0 90 0 0 0.7071068 0 0.7071068 11.54799 0
3.3153 Head 0 1.6 0.78 345.15 327.8999 0 -0.124191 -0.2741586 -0.03572864 0.9529623
3.3153 FirstCar -35.08703 0.025 2.97 0 90 0 0 0.7071068 0 0.7071068 11.56517 0
3.3153 SecondCar -67.59116 0.025 2.97 0 90 0 0 0.7071068 0 0.7071068 11.54714 0
3.3157 Head 0 1.6 0.78 345.15 327.8999 0 -0.124191 -0.2741586 -0.03572864 0.9529623
3.3157 FirstCar -35.08237 0.025 2.97 0 90 0 0 0.7071068 0 0.7071068 11.56421 0
3.3157 SecondCar -67.58652 0.025 2.97 0 90 0 0 0.7071068 0 0.7071068 11.54618 0
3.3160 Head 0 1.6 0.78 345.15 327.8999 0 -0.124191 -0.2741586 -0.03572864 0.9529623
3.3160 FirstCar -35.07809 0.025 2.97 0 90 0 0 0.7071068 0 0.7071068 11.56332 0
3.3160 SecondCar -67.58224 0.025 2.97 0 90 0 0 0.7071068 0 0.7071068 11.54529 0
3.3164 Head 0 1.6 0.78 345.15 327.8999 0 -0.124191 -0.2741586 -0.03572864 0.9529623
3.3164 FirstCar -35.07406 0.025 2.97 0 90 0 0 0.7071068 0 0.7071068 11.56248 0
3.3164 SecondCar -67.57822 0.025 2.97 0 90 0 0 0.7071068 0 0.7071068 11.54445 0
3.3168 Head 0 1.6 0.78 345.15 327.8999 0 -0.124191 -0.2741586 -0.03572864 0.9529623
3.3168 FirstCar -35.06928 0.025 2.97 0 90 0 0 0.7071068 0 0.7071068 11.56149 0
3.3168 SecondCar -67.57345 0.025 2.97 0 90 0 0 0.7071068 0 0.7071068 11.54346 0
3.3172 Head 0 1.6 0.78 345.15 327.8999 0 -0.124191 -0.2741586 -0.03572864 0.9529623
3.3172 FirstCar -35.06506 0.025 2.97 0 90 0 0 0.7071068 0 0.7071068 11.56061 0
3.3172 SecondCar -67.56924 0.025 2.97 0 90 0 0 0.7071068 0 0.7071068 11.54258 0
3.3179 Head 0 1.6 0.78 345.15 327.8999 0 -0.124191 -0.2741586 -0.03572864 0.9529623
3.3179 FirstCar -35.05674 0.025 2.97 0 90 0 0 0.7071068 0 0.7071068 11.55889 0
3.3179 SecondCar -67.56093 0.025 2.97 0 90 0 0 0.7071068 0 0.7071068 11.54086 0
3.3183 Head 0 1.6 0.78 345.15 327.8999 0 -0.124191 -0.2741586 -0.03572864 0.9529623
3.3183 FirstCar -35.05185 0.025 2.97 0 90 0 0 0.7071068 0 0.7071068 11.55787 0
3.3183 SecondCar -67.55604 0.025 2.97 0 90 0 0 0.7071068 0 0.7071068 11.53984 0
3.3188 Head 0 1.6 0.78 345.15 327.8999 0 -0.124191 -0.2741586 -0.03572864 0.9529623
3.3188 FirstCar -35.04667 0.025 2.97 0 90 0 0 0.7071068 0 0.7071068 11.5568 0
3.3188 SecondCar -67.55087 0.025 2.97 0 90 0 0 0.7071068 0 0.7071068 11.53876 0
3.3192 Head 0 1.6 0.78 345.15 327.8999 0 -0.124191 -0.2741586 -0.03572864 0.9529623
3.3192 FirstCar -35.04182 0.025 2.97 0 90 0 0 0.7071068 0 0.7071068 11.55579 0
3.3192 SecondCar -67.54602 0.025 2.97 0 90 0 0 0.7071068 0 0.7071068 11.53776 0
3.3195 Head 0 1.6 0.78 345.15 327.8999 0 -0.124191 -0.2741586 -0.03572864 0.9529623
3.3195 FirstCar -35.03753 0.025 2.97 0 90 0 0 0.7071068 0 0.7071068 11.5549 0
3.3195 SecondCar -67.54174 0.025 2.97 0 90 0 0 0.7071068 0 0.7071068 11.53687 0
3.3199 Head 0 1.6 0.78 345.15 327.8999 0 -0.124191 -0.2741586 -0.03572864 0.9529623
3.3199 FirstCar -35.03335 0.025 2.97 0 90 0 0 0.7071068 0 0.7071068 11.55403 0
3.3199 SecondCar -67.53756 0.025 2.97 0 90 0 0 0.7071068 0 0.7071068 11.536 0
3.3203 Head 0 1.6 0.78 345.15 327.8999 0 -0.124191 -0.2741586 -0.03572864 0.9529623
3.3203 FirstCar -35.02903 0.025 2.97 0 90 0 0 0.7071068 0 0.7071068 11.55313 0
3.3203 SecondCar -67.53325 0.025 2.97 0 90 0 0 0.7071068 0 0.7071068 11.5351 0
3.3207 Head 0 1.6 0.78 345.15 327.8999 0 -0.124191 -0.2741586 -0.03572864 0.9529623
3.3207 FirstCar -35.02459 0.025 2.97 0 90 0 0 0.7071068 0 0.7071068 11.55221 0
3.3207 SecondCar -67.52881 0.025 2.97 0 90 0 0 0.7071068 0 0.7071068 11.53418 0
3.3210 Head 0 1.6 0.78 345.15 327.8999 0 -0.124191 -0.2741586 -0.03572864 0.9529623
3.3210 FirstCar -35.02037 0.025 2.97 0 90 0 0 0.7071068 0 0.7071068 11.55133 0
3.3210 SecondCar -67.5246 0.025 2.97 0 90 0 0 0.7071068 0 0.7071068 11.5333 0
3.3214 Head 0 1.6 0.78 345.15 327.8999 0 -0.124191 -0.2741586 -0.03572864 0.9529623
3.3214 FirstCar -35.01589 0.025 2.97 0 90 0 0 0.7071068 0 0.7071068 11.5504 0
3.3214 SecondCar -67.52012 0.025 2.97 0 90 0 0 0.7071068 0 0.7071068 11.53237 0
3.3218 Head 0 1.6 0.78 345.15 327.8999 0 -0.124191 -0.2741586 -0.03572864 0.9529623
3.3218 FirstCar -35.01149 0.025 2.97 0 90 0 0 0.7071068 0 0.7071068 11.54949 0
3.3218 SecondCar -67.51573 0.025 2.97 0 90 0 0 0.7071068 0 0.7071068 11.53146 0
3.3222 Head 0 1.6 0.78 345.15 327.8999 0 -0.124191 -0.2741586 -0.03572864 0.9529623
3.3222 FirstCar -35.00698 0.025 2.97 0 90 0 0 0.7071068 0 0.7071068 11.54855 0
3.3222 SecondCar -67.51123 0.025 2.97 0 90 0 0 0.7071068 0 0.7071068 11.53052 0
3.3225 Head 0 1.6 0.78 345.15 327.8999 0 -0.124191 -0.2741586 -0.03572864 0.9529623
3.3225 FirstCar -35.00295 0.025 2.97 0 90 0 0 0.7071068 0 0.7071068 11.54771 0
3.3225 SecondCar -67.50721 0.025 2.97 0 90 0 0 0.7071068 0 0.7071068 11.52968 0
3.3229 Head 0 1.6 0.78 345.15 327.8999 0 -0.124191 -0.2741586 -0.03572864 0.9529623
3.3229 FirstCar -34.99891 0.025 2.97 0 90 0 0 0.7071068 0 0.7071068 11.54687 0
3.3229 SecondCar -67.50317 0.025 2.97 0 90 0 0 0.7071068 0 0.7071068 11.52884 0
3.3232 Head 0 1.6 0.78 345.15 327.8999 0 -0.124191 -0.2741586 -0.03572864 0.9529623
3.3232 FirstCar -34.99492 0.025 2.97 0 90 0 0 0.7071068 0 0.7071068 11.54604 0
3.3232 SecondCar -67.49918 0.025 2.97 0 90 0 0 0.7071068 0 0.7071068 11.52801 0
3.3236 Head 0 1.6 0.78 345.15 327.8999 0 -0.124191 -0.2741586 -0.03572864 0.9529623
3.3236 FirstCar -34.99073 0.025 2.97 0 90 0 0 0.7071068 0 0.7071068 11.54517 0
3.3236 SecondCar -67.495 0.025 2.97 0 90 0 0 0.7071068 0 0.7071068 11.52714 0
3.3240 Head 0 1.6 0.78 345.15 327.8999 0 -0.124191 -0.2741586 -0.03572864 0.9529623
3.3240 FirstCar -34.98653 0.025 2.97 0 90 0 0 0.7071068 0 0.7071068 11.5443 0
3.3240 SecondCar -67.49081 0.025 2.97 0 90 0 0 0.7071068 0 0.7071068 11.52627 0
3.3243 Head 0 1.6 0.78 345.15 327.8999 0 -0.124191 -0.2741586 -0.03572864 0.9529623
3.3243 FirstCar -34.98225 0.025 2.97 0 90 0 0 0.7071068 0 0.7071068 11.54341 0
3.3243 SecondCar -67.48653 0.025 2.97 0 90 0 0 0.7071068 0 0.7071068 11.52538 0
3.3247 Head 0 1.6 0.78 345.15 327.8999 0 -0.124191 -0.2741586 -0.03572864 0.9529623
3.3247 FirstCar -34.97818 0.025 2.97 0 90 0 0 0.7071068 0 0.7071068 11.54256 0
3.3247 SecondCar -67.48248 0.025 2.97 0 90 0 0 0.7071068 0 0.7071068 11.52453 0
3.3250 Head 0 1.6 0.78 345.15 327.8999 0 -0.124191 -0.2741586 -0.03572864 0.9529623
3.3250 FirstCar -34.97414 0.025 2.97 0 90 0 0 0.7071068 0 0.7071068 11.54172 0
3.3250 SecondCar -67.47844 0.025 2.97 0 90 0 0 0.7071068 0 0.7071068 11.52369 0
3.3255 Head 0 1.6 0.78 345.15 327.8999 0 -0.124191 -0.2741586 -0.03572864 0.9529623
3.3255 FirstCar -34.96857 0.025 2.97 0 90 0 0 0.7071068 0 0.7071068 11.54056 0
3.3255 SecondCar -67.47289 0.025 2.97 0 90 0 0 0.7071068 0 0.7071068 11.52253 0
3.3263 Head 0 1.6 0.78 345.15 327.8999 0 -0.124191 -0.2741586 -0.03572864 0.9529623
3.3263 FirstCar -34.9599 0.025 2.97 0 90 0 0 0.7071068 0 0.7071068 11.53876 0
3.3263 SecondCar -67.46423 0.025 2.97 0 90 0 0 0.7071068 0 0.7071068 11.52073 0
3.3267 Head 0 1.6 0.78 345.15 327.8999 0 -0.124191 -0.2741586 -0.03572864 0.9529623
3.3267 FirstCar -34.95466 0.025 2.97 0 90 0 0 0.7071068 0 0.7071068 11.53767 0
3.3267 SecondCar -67.45899 0.025 2.97 0 90 0 0 0.7071068 0 0.7071068 11.51964 0
3.3271 Head 0 1.6 0.78 345.15 327.8999 0 -0.124191 -0.2741586 -0.03572864 0.9529623
3.3271 FirstCar -34.95004 0.025 2.97 0 90 0 0 0.7071068 0 0.7071068 11.53671 0
3.3271 SecondCar -67.45438 0.025 2.97 0 90 0 0 0.7071068 0 0.7071068 11.51868 0
3.3275 Head 0 1.6 0.78 345.15 327.8999 0 -0.124191 -0.2741586 -0.03572864 0.9529623
3.3275 FirstCar -34.94566 0.025 2.97 0 90 0 0 0.7071068 0 0.7071068 11.5358 0
3.3275 SecondCar -67.45 0.025 2.97 0 90 0 0 0.7071068 0 0.7071068 11.51777 0
3.3280 Head 0 1.6 0.78 345.15 327.8999 0 -0.124191 -0.2741586 -0.03572864 0.9529623
3.3280 FirstCar -34.94025 0.025 2.97 0 90 0 0 0.7071068 0 0.7071068 11.53467 0
3.3280 SecondCar -67.4446 0.025 2.97 0 90 0 0 0.7071068 0 0.7071068 11.51664 0
3.3284 Head 0 1.6 0.78 345.15 327.8999 0 -0.124191 -0.2741586 -0.03572864 0.9529623
3.3284 FirstCar -34.93542 0.025 2.97 0 90 0 0 0.7071068 0 0.7071068 11.53367 0
3.3284 SecondCar -67.43978 0.025 2.97 0 90 0 0 0.7071068 0 0.7071068 11.51564 0
3.3288 Head 0 1.6 0.78 345.15 327.8999 0 -0.124191 -0.2741586 -0.03572864 0.9529623
3.3288 FirstCar -34.9306 0.025 2.97 0 90 0 0 0.7071068 0 0.7071068 11.53266 0
3.3288 SecondCar -67.43497 0.025 2.97 0 90 0 0 0.7071068 0 0.7071068 11.51463 0
3.3292 Head 0 1.6 0.78 345.15 327.8999 0 -0.124191 -0.2741586 -0.03572864 0.9529623
3.3292 FirstCar -34.92609 0.025 2.97 0 90 0 0 0.7071068 0 0.7071068 11.53173 0
3.3292 SecondCar -67.43047 0.025 2.97 0 90 0 0 0.7071068 0 0.7071068 11.5137 0
3.3296 Head 0 1.6 0.78 345.15 327.8999 0 -0.124191 -0.2741586 -0.03572864 0.9529623
3.3296 FirstCar -34.9216 0.025 2.97 0 90 0 0 0.7071068 0 0.7071068 11.53079 0
3.3296 SecondCar -67.42598 0.025 2.97 0 90 0 0 0.7071068 0 0.7071068 11.51276 0
3.3300 Head 0 1.6 0.78 345.15 327.8999 0 -0.124191 -0.2741586 -0.03572864 0.9529623
3.3300 FirstCar -34.91734 0.025 2.97 0 90 0 0 0.7071068 0 0.7071068 11.5299 0
3.3300 SecondCar -67.42172 0.025 2.97 0 90 0 0 0.7071068 0 0.7071068 11.51187 0
3.3303 Head 0 1.6 0.78 345.15 327.8999 0 -0.124191 -0.2741586 -0.03572864 0.9529623
3.3303 FirstCar -34.91295 0.025 2.97 0 90 0 0 0.7071068 0 0.7071068 11.52899 0
3.3303 SecondCar -67.41734 0.025 2.97 0 90 0 0 0.7071068 0 0.7071068 11.51096 0
3.3310 Head 0 1.6 0.78 345.15 327.8999 0 -0.124191 -0.2741586 -0.03572864 0.9529623
3.3310 FirstCar -34.90561 0.025 2.97 0 90 0 0 0.7071068 0 0.7071068 11.52746 0
3.3310 SecondCar -67.41002 0.025 2.97 0 90 0 0 0.7071068 0 0.7071068 11.50943 0
3.3314 Head 0 1.6 0.78 345.15 327.8999 0 -0.124191 -0.2741586 -0.03572864 0.9529623
3.3314 FirstCar -34.90101 0.025 2.97 0 90 0 0 0.7071068 0 0.7071068 11.5265 0
3.3314 SecondCar -67.40543 0.025 2.97 0 90 0 0 0.7071068 0 0.7071068 11.50847 0
3.3317 Head 0 1.6 0.78 345.15 327.8999 0 -0.124191 -0.2741586 -0.03572864 0.9529623
3.3317 FirstCar -34.89674 0.025 2.97 0 90 0 0 0.7071068 0 0.7071068 11.52562 0
3.3317 SecondCar -67.40117 0.025 2.97 0 90 0 0 0.7071068 0 0.7071068 11.50759 0
3.3321 Head 0 1.6 0.78 345.15 327.8999 0 -0.124191 -0.2741586 -0.03572864 0.9529623
3.3321 FirstCar -34.89255 0.025 2.97 0 90 0 0 0.7071068 0 0.7071068 11.52474 0
3.3321 SecondCar -67.39699 0.025 2.97 0 90 0 0 0.7071068 0 0.7071068 11.50671 0
3.3325 Head 0 1.6 0.78 345.15 327.8999 0 -0.124191 -0.2741586 -0.03572864 0.9529623
3.3325 FirstCar -34.88789 0.025 2.97 0 90 0 0 0.7071068 0 0.7071068 11.52377 0
3.3325 SecondCar -67.39233 0.025 2.97 0 90 0 0 0.7071068 0 0.7071068 11.50574 0
3.3329 Head 0 1.6 0.78 345.15 327.8999 0 -0.124191 -0.2741586 -0.03572864 0.9529623
3.3329 FirstCar -34.8834 0.025 2.97 0 90 0 0 0.7071068 0 0.7071068 11.52284 0
3.3329 SecondCar -67.38785 0.025 2.97 0 90 0 0 0.7071068 0 0.7071068 11.50481 0
3.3333 Head 0 1.6 0.78 345.15 327.8999 0 -0.124191 -0.2741586 -0.03572864 0.9529623
3.3333 FirstCar -34.87921 0.025 2.97 0 90 0 0 0.7071068 0 0.7071068 11.52196 0
3.3333 SecondCar -67.38367 0.025 2.97 0 90 0 0 0.7071068 0 0.7071068 11.50393 0
3.3340 Head 0 1.6 0.78 345.15 327.8999 0 -0.124191 -0.2741586 -0.03572864 0.9529623
3.3340 FirstCar -34.87088 0.025 2.97 0 90 0 0 0.7071068 0 0.7071068 11.52023 0
3.3340 SecondCar -67.37535 0.025 2.97 0 90 0 0 0.7071068 0 0.7071068 11.5022 0
3.3344 Head 0 1.6 0.78 345.15 327.8999 0 -0.124191 -0.2741586 -0.03572864 0.9529623
3.3344 FirstCar -34.86573 0.025 2.97 0 90 0 0 0.7071068 0 0.7071068 11.51916 0
3.3344 SecondCar -67.37021 0.025 2.97 0 90 0 0 0.7071068 0 0.7071068 11.50113 0
3.3349 Head 0 1.6 0.78 345.15 327.8999 0 -0.124191 -0.2741586 -0.03572864 0.9529623
3.3349 FirstCar -34.86092 0.025 2.97 0 90 0 0 0.7071068 0 0.7071068 11.51815 0
3.3349 SecondCar -67.3654 0.025 2.97 0 90 0 0 0.7071068 0 0.7071068 11.50012 0
3.3352 Head 0 1.6 0.78 345.15 327.8999 0 -0.124191 -0.2741586 -0.03572864 0.9529623
3.3352 FirstCar -34.85661 0.025 2.97 0 90 0 0 0.7071068 0 0.7071068 11.51726 0
3.3352 SecondCar -67.3611 0.025 2.97 0 90 0 0 0.7071068 0 0.7071068 11.49923 0
3.3356 Head 0 1.6 0.78 345.15 327.8999 0 -0.124191 -0.2741586 -0.03572864 0.9529623
3.3356 FirstCar -34.85198 0.025 2.97 0 90 0 0 0.7071068 0 0.7071068 11.51629 0
3.3356 SecondCar -67.35648 0.025 2.97 0 90 0 0 0.7071068 0 0.7071068 11.49826 0
3.3361 Head 0 1.6 0.78 345.15 327.8999 0 -0.124191 -0.2741586 -0.03572864 0.9529623
3.3361 FirstCar -34.84696 0.025 2.97 0 90 0 0 0.7071068 0 0.7071068 11.51524 0
3.3361 SecondCar -67.35146 0.025 2.97 0 90 0 0 0.7071068 0 0.7071068 11.49721 0
3.3365 Head 0 1.6 0.78 345.15 327.8999 0 -0.124191 -0.2741586 -0.03572864 0.9529623
3.3365 FirstCar -34.84234 0.025 2.97 0 90 0 0 0.7071068 0 0.7071068 11.51428 0
3.3365 SecondCar -67.34685 0.025 2.97 0 90 0 0 0.7071068 0 0.7071068 11.49625 0
3.3369 Head 0 1.6 0.78 345.15 327.8999 0 -0.124191 -0.2741586 -0.03572864 0.9529623
3.3369 FirstCar -34.83689 0.025 2.97 0 90 0 0 0.7071068 0 0.7071068 11.51314 0
3.3369 SecondCar -67.34141 0.025 2.97 0 90 0 0 0.7071068 0 0.7071068 11.49511 0
3.3375 Head 0 1.6 0.78 345.15 327.8999 0 -0.124191 -0.2741586 -0.03572864 0.9529623
3.3375 FirstCar -34.83047 0.025 2.97 0 90 0 0 0.7071068 0 0.7071068 11.5118 0
3.3375 SecondCar -67.335 0.025 2.97 0 90 0 0 0.7071068 0 0.7071068 11.49377 0
3.3381 Head 0 1.6 0.78 345.15 327.8999 0 -0.124191 -0.2741586 -0.03572864 0.9529623
3.3381 FirstCar -34.82407 0.025 2.97 0 90 0 0 0.7071068 0 0.7071068 11.51047 0
3.3381 SecondCar -67.32861 0.025 2.97 0 90 0 0 0.7071068 0 0.7071068 11.49244 0
3.3385 Head 0 1.6 0.78 345.15 327.8999 0 -0.124191 -0.2741586 -0.03572864 0.9529623
3.3385 FirstCar -34.81894 0.025 2.97 0 90 0 0 0.7071068 0 0.7071068 11.5094 0
3.3385 SecondCar -67.32349 0.025 2.97 0 90 0 0 0.7071068 0 0.7071068 11.49137 0
3.3389 Head 0 1.6 0.78 345.15 327.8999 0 -0.124191 -0.2741586 -0.03572864 0.9529623
3.3389 FirstCar -34.81448 0.025 2.97 0 90 0 0 0.7071068 0 0.7071068 11.50847 0
3.3389 SecondCar -67.31903 0.025 2.97 0 90 0 0 0.7071068 0 0.7071068 11.49044 0
3.3393 Head 0 1.6 0.78 345.15 327.8999 0 -0.124191 -0.2741586 -0.03572864 0.9529623
3.3393 FirstCar -34.80967 0.025 2.97 0 90 0 0 0.7071068 0 0.7071068 11.50747 0
3.3393 SecondCar -67.31422 0.025 2.97 0 90 0 0 0.7071068 0 0.7071068 11.48944 0
3.3397 Head 0 1.6 0.78 345.15 327.8999 0 -0.124191 -0.2741586 -0.03572864 0.9529623
3.3397 FirstCar -34.80532 0.025 2.97 0 90 0 0 0.7071068 0 0.7071068 11.50656 0
3.3397 SecondCar -67.30989 0.025 2.97 0 90 0 0 0.7071068 0 0.7071068 11.48853 0
3.3401 Head 0 1.6 0.78 345.15 327.8999 0 -0.124191 -0.2741586 -0.03572864 0.9529623
3.3401 FirstCar -34.80051 0.025 2.97 0 90 0 0 0.7071068 0 0.7071068 11.50556 0
3.3401 SecondCar -67.30508 0.025 2.97 0 90 0 0 0.7071068 0 0.7071068 11.48753 0
3.3405 Head 0 1.6 0.78 345.15 327.8999 0 -0.124191 -0.2741586 -0.03572864 0.9529623
3.3405 FirstCar -34.79571 0.025 2.97 0 90 0 0 0.7071068 0 0.7071068 11.50456 0
3.3405 SecondCar -67.30029 0.025 2.97 0 90 0 0 0.7071068 0 0.7071068 11.48653 0
3.3409 Head 0 1.6 0.78 345.15 327.8999 0 -0.124191 -0.2741586 -0.03572864 0.9529623
3.3409 FirstCar -34.79152 0.025 2.97 0 90 0 0 0.7071068 0 0.7071068 11.50368 0
3.3409 SecondCar -67.2961 0.025 2.97 0 90 0 0 0.7071068 0 0.7071068 11.48565 0
3.3412 Head 0 1.6 0.78 345.15 327.8999 0 -0.124191 -0.2741586 -0.03572864 0.9529623
3.3412 FirstCar -34.78738 0.025 2.97 0 90 0 0 0.7071068 0 0.7071068 11.50282 0
3.3412 SecondCar -67.29196 0.025 2.97 0 90 0 0 0.7071068 0 0.7071068 11.48479 0
3.3420 Head 0 1.6 0.78 345.15 327.8999 0 -0.124191 -0.2741586 -0.03572864 0.9529623
3.3420 FirstCar -34.77901 0.025 2.97 0 90 0 0 0.7071068 0 0.7071068 11.50107 0
3.3420 SecondCar -67.28361 0.025 2.97 0 90 0 0 0.7071068 0 0.7071068 11.48304 0
3.3424 Head 0 1.6 0.78 345.15 327.8999 0 -0.124191 -0.2741586 -0.03572864 0.9529623
3.3424 FirstCar -34.77441 0.025 2.97 0 90 0 0 0.7071068 0 0.7071068 11.50011 0
3.3424 SecondCar -67.27902 0.025 2.97 0 90 0 0 0.7071068 0 0.7071068 11.48208 0
3.3428 Head 0 1.6 0.78 345.15 327.8999 0 -0.124191 -0.2741586 -0.03572864 0.9529623
3.3428 FirstCar -34.77 0.025 2.97 0 90 0 0 0.7071068 0 0.7071068 11.49919 0
3.3428 SecondCar -67.27461 0.025 2.97 0 90 0 0 0.7071068 0 0.7071068 11.48116 0
3.3431 Head 0 1.6 0.78 345.15 327.8999 0 -0.124191 -0.2741586 -0.03572864 0.9529623
3.3431 FirstCar -34.76594 0.025 2.97 0 90 0 0 0.7071068 0 0.7071068 11.49834 0
3.3431 SecondCar -67.27056 0.025 2.97 0 90 0 0 0.7071068 0 0.7071068 11.48031 0
3.3436 Head 0 1.6 0.78 345.15 327.8999 0 -0.124191 -0.2741586 -0.03572864 0.9529623
3.3436 FirstCar -34.76015 0.025 2.97 0 90 0 0 0.7071068 0 0.7071068 11.49714 0
3.3436 SecondCar -67.26479 0.025 2.97 0 90 0 0 0.7071068 0 0.7071068 11.4791 0
3.3441 Head 0 1.6 0.78 345.15 327.8999 0 -0.124191 -0.2741586 -0.03572864 0.9529623
3.3441 FirstCar -34.75498 0.025 2.97 0 90 0 0 0.7071068 0 0.7071068 11.49605 0
3.3441 SecondCar -67.25962 0.025 2.97 0 90 0 0 0.7071068 0 0.7071068 11.47802 0
3.3444 Head 0 1.6 0.78 345.15 327.8999 0 -0.124191 -0.2741586 -0.03572864 0.9529623
3.3444 FirstCar -34.75075 0.025 2.97 0 90 0 0 0.7071068 0 0.7071068 11.49517 0
3.3444 SecondCar -67.25539 0.025 2.97 0 90 0 0 0.7071068 0 0.7071068 11.47714 0
3.3448 Head 0 1.6 0.78 345.15 327.8999 0 -0.124191 -0.2741586 -0.03572864 0.9529623
3.3448 FirstCar -34.74673 0.025 2.97 0 90 0 0 0.7071068 0 0.7071068 11.49433 0
3.3448 SecondCar -67.25138 0.025 2.97 0 90 0 0 0.7071068 0 0.7071068 11.4763 0
3.3451 Head 0 1.6 0.78 345.15 327.8999 0 -0.124191 -0.2741586 -0.03572864 0.9529623
3.3451 FirstCar -34.74287 0.025 2.97 0 90 0 0 0.7071068 0 0.7071068 11.49353 0
3.3451 SecondCar -67.24752 0.025 2.97 0 90 0 0 0.7071068 0 0.7071068 11.4755 0
3.3455 Head 0 1.6 0.78 345.15 327.8999 0 -0.124191 -0.2741586 -0.03572864 0.9529623
3.3455 FirstCar -34.73866 0.025 2.97 0 90 0 0 0.7071068 0 0.7071068 11.49265 0
3.3455 SecondCar -67.24332 0.025 2.97 0 90 0 0 0.7071068 0 0.7071068 11.47462 0
3.3459 Head 0 1.6 0.78 345.15 327.8999 0 -0.124191 -0.2741586 -0.03572864 0.9529623
3.3459 FirstCar -34.73407 0.025 2.97 0 90 0 0 0.7071068 0 0.7071068 11.49169 0
3.3459 SecondCar -67.23874 0.025 2.97 0 90 0 0 0.7071068 0 0.7071068 11.47366 0
3.3462 Head 0 1.6 0.78 345.15 327.8999 0 -0.124191 -0.2741586 -0.03572864 0.9529623
3.3462 FirstCar -34.72991 0.025 2.97 0 90 0 0 0.7071068 0 0.7071068 11.49082 0
3.3462 SecondCar -67.23458 0.025 2.97 0 90 0 0 0.7071068 0 0.7071068 11.47279 0
3.3466 Head 0 1.6 0.78 345.15 327.8999 0 -0.124191 -0.2741586 -0.03572864 0.9529623
3.3466 FirstCar -34.72565 0.025 2.97 0 90 0 0 0.7071068 0 0.7071068 11.48993 0
3.3466 SecondCar -67.23032 0.025 2.97 0 90 0 0 0.7071068 0 0.7071068 11.4719 0
3.3470 Head 0 1.6 0.78 345.15 327.8999 0 -0.124191 -0.2741586 -0.03572864 0.9529623
3.3470 FirstCar -34.72145 0.025 2.97 0 90 0 0 0.7071068 0 0.7071068 11.48905 0
3.3470 SecondCar -67.22613 0.025 2.97 0 90 0 0 0.7071068 0 0.7071068 11.47102 0
3.3474 Head 0 1.6 0.78 345.15 327.8999 0 -0.124191 -0.2741586 -0.03572864 0.9529623
3.3474 FirstCar -34.71688 0.025 2.97 0 90 0 0 0.7071068 0 0.7071068 11.4881 0
3.3474 SecondCar -67.22157 0.025 2.97 0 90 0 0 0.7071068 0 0.7071068 11.47007 0
3.3478 Head 0 1.6 0.78 345.15 327.8999 0 -0.124191 -0.2741586 -0.03572864 0.9529623
3.3478 FirstCar -34.7117 0.025 2.97 0 90 0 0 0.7071068 0 0.7071068 11.48702 0
3.3478 SecondCar -67.21639 0.025 2.97 0 90 0 0 0.7071068 0 0.7071068 11.46899 0
3.3482 Head 0 1.6 0.78 345.15 327.8999 0 -0.124191 -0.2741586 -0.03572864 0.9529623
3.3482 FirstCar -34.70736 0.025 2.97 0 90 0 0 0.7071068 0 0.7071068 11.48611 0
3.3482 SecondCar -67.21205 0.025 2.97 0 90 0 0 0.7071068 0 0.7071068 11.46808 0
3.3486 Head 0 1.6 0.78 345.15 327.8999 0 -0.124191 -0.2741586 -0.03572864 0.9529623
3.3486 FirstCar -34.70315 0.025 2.97 0 90 0 0 0.7071068 0 0.7071068 11.48523 0
3.3486 SecondCar -67.20785 0.025 2.97 0 90 0 0 0.7071068 0 0.7071068 11.4672 0
3.3490 Head 0 1.6 0.78 345.15 327.8999 0 -0.124191 -0.2741586 -0.03572864 0.9529623
3.3490 FirstCar -34.69855 0.025 2.97 0 90 0 0 0.7071068 0 0.7071068 11.48427 0
3.3490 SecondCar -67.20325 0.025 2.97 0 90 0 0 0.7071068 0 0.7071068 11.46624 0
3.3493 Head 0 1.6 0.78 345.15 327.8999 0 -0.124191 -0.2741586 -0.03572864 0.9529623
3.3493 FirstCar -34.69438 0.025 2.97 0 90 0 0 0.7071068 0 0.7071068 11.4834 0
3.3493 SecondCar -67.19909 0.025 2.97 0 90 0 0 0.7071068 0 0.7071068 11.46537 0
3.3501 Head 0 1.6 0.78 345.15 327.8999 0 -0.124191 -0.2741586 -0.03572864 0.9529623
3.3501 FirstCar -34.68602 0.025 2.97 0 90 0 0 0.7071068 0 0.7071068 11.48165 0
3.3501 SecondCar -67.19074 0.025 2.97 0 90 0 0 0.7071068 0 0.7071068 11.46362 0
3.3505 Head 0 1.6 0.78 345.15 327.8999 0 -0.124191 -0.2741586 -0.03572864 0.9529623
3.3505 FirstCar -34.68081 0.025 2.97 0 90 0 0 0.7071068 0 0.7071068 11.48056 0
3.3505 SecondCar -67.18555 0.025 2.97 0 90 0 0 0.7071068 0 0.7071068 11.46253 0
3.3513 Head 0 1.6 0.78 345.15 327.8999 0 -0.124191 -0.2741586 -0.03572864 0.9529623
3.3513 FirstCar -34.67187 0.025 2.97 0 90 0 0 0.7071068 0 0.7071068 11.47869 0
3.3513 SecondCar -67.17662 0.025 2.97 0 90 0 0 0.7071068 0 0.7071068 11.46066 0
3.3517 Head 0 1.6 0.78 345.15 327.8999 0 -0.124191 -0.2741586 -0.03572864 0.9529623
3.3517 FirstCar -34.66713 0.025 2.97 0 90 0 0 0.7071068 0 0.7071068 11.4777 0
3.3517 SecondCar -67.17189 0.025 2.97 0 90 0 0 0.7071068 0 0.7071068 11.45967 0
3.3521 Head 0 1.6 0.78 345.15 327.8999 0 -0.124191 -0.2741586 -0.03572864 0.9529623
3.3521 FirstCar -34.66282 0.025 2.97 0 90 0 0 0.7071068 0 0.7071068 11.4768 0
3.3521 SecondCar -67.16759 0.025 2.97 0 90 0 0 0.7071068 0 0.7071068 11.45877 0
3.3525 Head 0 1.6 0.78 345.15 327.8999 0 -0.124191 -0.2741586 -0.03572864 0.9529623
3.3525 FirstCar -34.6584 0.025 2.97 0 90 0 0 0.7071068 0 0.7071068 11.47587 0
3.3525 SecondCar -67.16318 0.025 2.97 0 90 0 0 0.7071068 0 0.7071068 11.45784 0
3.3529 Head 0 1.6 0.78 345.15 327.8999 0 -0.124191 -0.2741586 -0.03572864 0.9529623
3.3529 FirstCar -34.65318 0.025 2.97 0 90 0 0 0.7071068 0 0.7071068 11.47478 0
3.3529 SecondCar -67.15797 0.025 2.97 0 90 0 0 0.7071068 0 0.7071068 11.45675 0
3.3533 Head 0 1.6 0.78 345.15 327.8999 0 -0.124191 -0.2741586 -0.03572864 0.9529623
3.3533 FirstCar -34.64833 0.025 2.97 0 90 0 0 0.7071068 0 0.7071068 11.47377 0
3.3533 SecondCar -67.15312 0.025 2.97 0 90 0 0 0.7071068 0 0.7071068 11.45574 0
3.3538 Head 0 1.6 0.78 345.15 327.8999 0 -0.124191 -0.2741586 -0.03572864 0.9529623
3.3538 FirstCar -34.64366 0.025 2.97 0 90 0 0 0.7071068 0 0.7071068 11.47279 0
3.3538 SecondCar -67.14846 0.025 2.97 0 90 0 0 0.7071068 0 0.7071068 11.45476 0
3.3541 Head 0 1.6 0.78 345.15 327.8999 0 -0.124191 -0.2741586 -0.03572864 0.9529623
3.3541 FirstCar -34.63938 0.025 2.97 0 90 0 0 0.7071068 0 0.7071068 11.4719 0
3.3541 SecondCar -67.14419 0.025 2.97 0 90 0 0 0.7071068 0 0.7071068 11.45387 0
3.3545 Head 0 1.6 0.78 345.15 327.8999 0 -0.124191 -0.2741586 -0.03572864 0.9529623
3.3545 FirstCar -34.63512 0.025 2.97 0 90 0 0 0.7071068 0 0.7071068 11.471 0
3.3545 SecondCar -67.13994 0.025 2.97 0 90 0 0 0.7071068 0 0.7071068 11.45297 0
3.3549 Head 0 1.6 0.78 345.15 327.8999 0 -0.124191 -0.2741586 -0.03572864 0.9529623
3.3549 FirstCar -34.63107 0.025 2.97 0 90 0 0 0.7071068 0 0.7071068 11.47016 0
3.3549 SecondCar -67.13589 0.025 2.97 0 90 0 0 0.7071068 0 0.7071068 11.45213 0
3.3552 Head 0 1.6 0.78 345.15 327.8999 0 -0.124191 -0.2741586 -0.03572864 0.9529623
3.3552 FirstCar -34.62675 0.025 2.97 0 90 0 0 0.7071068 0 0.7071068 11.46925 0
3.3552 SecondCar -67.13158 0.025 2.97 0 90 0 0 0.7071068 0 0.7071068 11.45122 0
3.3556 Head 0 1.6 0.78 345.15 327.8999 0 -0.124191 -0.2741586 -0.03572864 0.9529623
3.3556 FirstCar -34.62214 0.025 2.97 0 90 0 0 0.7071068 0 0.7071068 11.46829 0
3.3556 SecondCar -67.12698 0.025 2.97 0 90 0 0 0.7071068 0 0.7071068 11.45026 0
3.3560 Head 0 1.6 0.78 345.15 327.8999 0 -0.124191 -0.2741586 -0.03572864 0.9529623
3.3560 FirstCar -34.6181 0.025 2.97 0 90 0 0 0.7071068 0 0.7071068 11.46744 0
3.3560 SecondCar -67.12294 0.025 2.97 0 90 0 0 0.7071068 0 0.7071068 11.44941 0
3.3564 Head 0 1.6 0.78 345.15 327.8999 0 -0.124191 -0.2741586 -0.03572864 0.9529623
3.3564 FirstCar -34.61352 0.025 2.97 0 90 0 0 0.7071068 0 0.7071068 11.46649 0
3.3564 SecondCar -67.11837 0.025 2.97 0 90 0 0 0.7071068 0 0.7071068 11.44845 0
3.3568 Head 0 1.6 0.78 345.15 327.8999 0 -0.124191 -0.2741586 -0.03572864 0.9529623
3.3568 FirstCar -34.60842 0.025 2.97 0 90 0 0 0.7071068 0 0.7071068 11.46542 0
3.3568 SecondCar -67.11327 0.025 2.97 0 90 0 0 0.7071068 0 0.7071068 11.44739 0
3.3572 Head 0 1.6 0.78 345.15 327.8999 0 -0.124191 -0.2741586 -0.03572864 0.9529623
3.3572 FirstCar -34.60417 0.025 2.97 0 90 0 0 0.7071068 0 0.7071068 11.46453 0
3.3572 SecondCar -67.10903 0.025 2.97 0 90 0 0 0.7071068 0 0.7071068 11.4465 0
3.3579 Head 0 1.6 0.78 345.15 327.8999 0 -0.124191 -0.2741586 -0.03572864 0.9529623
3.3579 FirstCar -34.59625 0.025 2.97 0 90 0 0 0.7071068 0 0.7071068 11.46287 0
3.3579 SecondCar -67.10112 0.025 2.97 0 90 0 0 0.7071068 0 0.7071068 11.44484 0
3.3583 Head 0 1.6 0.78 345.15 327.8999 0 -0.124191 -0.2741586 -0.03572864 0.9529623
3.3583 FirstCar -34.59111 0.025 2.97 0 90 0 0 0.7071068 0 0.7071068 11.46179 0
3.3583 SecondCar -67.09599 0.025 2.97 0 90 0 0 0.7071068 0 0.7071068 11.44376 0
3.3588 Head 0 1.6 0.78 345.15 327.8999 0 -0.124191 -0.2741586 -0.03572864 0.9529623
3.3588 FirstCar -34.58623 0.025 2.97 0 90 0 0 0.7071068 0 0.7071068 11.46077 0
3.3588 SecondCar -67.09111 0.025 2.97 0 90 0 0 0.7071068 0 0.7071068 11.44274 0
3.3591 Head 0 1.6 0.78 345.15 327.8999 0 -0.124191 -0.2741586 -0.03572864 0.9529623
3.3591 FirstCar -34.58211 0.025 2.97 0 90 0 0 0.7071068 0 0.7071068 11.45991 0
3.3591 SecondCar -67.087 0.025 2.97 0 90 0 0 0.7071068 0 0.7071068 11.44188 0
3.3595 Head 0 1.6 0.78 345.15 327.8999 0 -0.124191 -0.2741586 -0.03572864 0.9529623
3.3595 FirstCar -34.57755 0.025 2.97 0 90 0 0 0.7071068 0 0.7071068 11.45895 0
3.3595 SecondCar -67.08245 0.025 2.97 0 90 0 0 0.7071068 0 0.7071068 11.44092 0
3.3599 Head 0 1.6 0.78 345.15 327.8999 0 -0.124191 -0.2741586 -0.03572864 0.9529623
3.3599 FirstCar -34.57353 0.025 2.97 0 90 0 0 0.7071068 0 0.7071068 11.45811 0
3.3599 SecondCar -67.07843 0.025 2.97 0 90 0 0 0.7071068 0 0.7071068 11.44008 0
3.3603 Head 0 1.6 0.78 345.15 327.8999 0 -0.124191 -0.2741586 -0.03572864 0.9529623
3.3603 FirstCar -34.56909 0.025 2.97 0 90 0 0 0.7071068 0 0.7071068 11.45718 0
3.3603 SecondCar -67.074 0.025 2.97 0 90 0 0 0.7071068 0 0.7071068 11.43915 0
3.3607 Head 0 1.6 0.78 345.15 327.8999 0 -0.124191 -0.2741586 -0.03572864 0.9529623
3.3607 FirstCar -34.56451 0.025 2.97 0 90 0 0 0.7071068 0 0.7071068 11.45622 0
3.3607 SecondCar -67.06943 0.025 2.97 0 90 0 0 0.7071068 0 0.7071068 11.43819 0
3.3610 Head 0 1.6 0.78 345.15 327.8999 0 -0.124191 -0.2741586 -0.03572864 0.9529623
3.3610 FirstCar -34.56044 0.025 2.97 0 90 0 0 0.7071068 0 0.7071068 11.45537 0
3.3610 SecondCar -67.06537 0.025 2.97 0 90 0 0 0.7071068 0 0.7071068 11.43734 0
3.3614 Head 0 1.6 0.78 345.15 327.8999 0 -0.124191 -0.2741586 -0.03572864 0.9529623
3.3614 FirstCar -34.55639 0.025 2.97 0 90 0 0 0.7071068 0 0.7071068 11.45452 0
3.3614 SecondCar -67.06132 0.025 2.97 0 90 0 0 0.7071068 0 0.7071068 11.43649 0
3.3618 Head 0 1.6 0.78 345.15 327.8999 0 -0.124191 -0.2741586 -0.03572864 0.9529623
3.3618 FirstCar -34.55182 0.025 2.97 0 90 0 0 0.7071068 0 0.7071068 11.45356 0
3.3618 SecondCar -67.05676 0.025 2.97 0 90 0 0 0.7071068 0 0.7071068 11.43553 0
3.3621 Head 0 1.6 0.78 345.15 327.8999 0 -0.124191 -0.2741586 -0.03572864 0.9529623
3.3621 FirstCar -34.54795 0.025 2.97 0 90 0 0 0.7071068 0 0.7071068 11.45275 0
3.3621 SecondCar -67.05289 0.025 2.97 0 90 0 0 0.7071068 0 0.7071068 11.43472 0
3.3625 Head 0 1.6 0.78 345.15 327.8999 0 -0.124191 -0.2741586 -0.03572864 0.9529623
3.3625 FirstCar -34.54352 0.025 2.97 0 90 0 0 0.7071068 0 0.7071068 11.45182 0
3.3625 SecondCar -67.04847 0.025 2.97 0 90 0 0 0.7071068 0 0.7071068 11.43379 0
3.3628 Head 0 1.6 0.78 345.15 327.8999 0 -0.124191 -0.2741586 -0.03572864 0.9529623
3.3628 FirstCar -34.53945 0.025 2.97 0 90 0 0 0.7071068 0 0.7071068 11.45097 0
3.3628 SecondCar -67.04441 0.025 2.97 0 90 0 0 0.7071068 0 0.7071068 11.43294 0
3.3633 Head 0 1.6 0.78 345.15 327.8999 0 -0.124191 -0.2741586 -0.03572864 0.9529623
3.3633 FirstCar -34.53381 0.025 2.97 0 90 0 0 0.7071068 0 0.7071068 11.44979 0
3.3633 SecondCar -67.03878 0.025 2.97 0 90 0 0 0.7071068 0 0.7071068 11.43176 0
3.3637 Head 0 1.6 0.78 345.15 327.8999 0 -0.124191 -0.2741586 -0.03572864 0.9529623
3.3637 FirstCar -34.52942 0.025 2.97 0 90 0 0 0.7071068 0 0.7071068 11.44887 0
3.3637 SecondCar -67.03439 0.025 2.97 0 90 0 0 0.7071068 0 0.7071068 11.43084 0
3.3641 Head 0 1.6 0.78 345.15 327.8999 0 -0.124191 -0.2741586 -0.03572864 0.9529623
3.3641 FirstCar -34.52506 0.025 2.97 0 90 0 0 0.7071068 0 0.7071068 11.44796 0
3.3641 SecondCar -67.03004 0.025 2.97 0 90 0 0 0.7071068 0 0.7071068 11.42992 0
3.3645 Head 0 1.6 0.78 345.15 327.8999 0 -0.124191 -0.2741586 -0.03572864 0.9529623
3.3645 FirstCar -34.52107 0.025 2.97 0 90 0 0 0.7071068 0 0.7071068 11.44712 0
3.3645 SecondCar -67.02605 0.025 2.97 0 90 0 0 0.7071068 0 0.7071068 11.42909 0
3.3648 Head 0 1.6 0.78 345.15 327.8999 0 -0.124191 -0.2741586 -0.03572864 0.9529623
3.3648 FirstCar -34.51694 0.025 2.97 0 90 0 0 0.7071068 0 0.7071068 11.44625 0
3.3648 SecondCar -67.02193 0.025 2.97 0 90 0 0 0.7071068 0 0.7071068 11.42822 0
3.3652 Head 0 1.6 0.78 345.15 327.8999 0 -0.124191 -0.2741586 -0.03572864 0.9529623
3.3652 FirstCar -34.51297 0.025 2.97 0 90 0 0 0.7071068 0 0.7071068 11.44542 0
3.3652 SecondCar -67.01797 0.025 2.97 0 90 0 0 0.7071068 0 0.7071068 11.42739 0
3.3659 Head 0 1.6 0.78 345.15 327.8999 0 -0.124191 -0.2741586 -0.03572864 0.9529623
3.3659 FirstCar -34.50474 0.025 2.97 0 90 0 0 0.7071068 0 0.7071068 11.4437 0
3.3659 SecondCar -67.00975 0.025 2.97 0 90 0 0 0.7071068 0 0.7071068 11.42566 0
3.3663 Head 0 1.6 0.78 345.15 327.8999 0 -0.124191 -0.2741586 -0.03572864 0.9529623
3.3663 FirstCar -34.50006 0.025 2.97 0 90 0 0 0.7071068 0 0.7071068 11.44271 0
3.3663 SecondCar -67.00507 0.025 2.97 0 90 0 0 0.7071068 0 0.7071068 11.42468 0
3.3666 Head 0 1.6 0.78 345.15 327.8999 0 -0.124191 -0.2741586 -0.03572864 0.9529623
3.3666 FirstCar -34.49595 0.025 2.97 0 90 0 0 0.7071068 0 0.7071068 11.44185 0
3.3666 SecondCar -67.00097 0.025 2.97 0 90 0 0 0.7071068 0 0.7071068 11.42382 0
3.3670 Head 0 1.6 0.78 345.15 327.8999 0 -0.124191 -0.2741586 -0.03572864 0.9529623
3.3670 FirstCar -34.4915 0.025 2.97 0 90 0 0 0.7071068 0 0.7071068 11.44092 0
3.3670 SecondCar -66.99653 0.025 2.97 0 90 0 0 0.7071068 0 0.7071068 11.42289 0
3.3674 Head 0 1.6 0.78 345.15 327.8999 0 -0.124191 -0.2741586 -0.03572864 0.9529623
3.3674 FirstCar -34.48758 0.025 2.97 0 90 0 0 0.7071068 0 0.7071068 11.44009 0
3.3674 SecondCar -66.99261 0.025 2.97 0 90 0 0 0.7071068 0 0.7071068 11.42206 0
3.3677 Head 0 1.6 0.78 345.15 327.8999 0 -0.124191 -0.2741586 -0.03572864 0.9529623
3.3677 FirstCar -34.4834 0.025 2.97 0 90 0 0 0.7071068 0 0.7071068 11.43922 0
3.3677 SecondCar -66.98843 0.025 2.97 0 90 0 0 0.7071068 0 0.7071068 11.42119 0
3.3681 Head 0 1.6 0.78 345.15 327.8999 0 -0.124191 -0.2741586 -0.03572864 0.9529623
3.3681 FirstCar -34.47957 0.025 2.97 0 90 0 0 0.7071068 0 0.7071068 11.43841 0
3.3681 SecondCar -66.98461 0.025 2.97 0 90 0 0 0.7071068 0 0.7071068 11.42038 0
3.3684 Head 0 1.6 0.78 345.15 327.8999 0 -0.124191 -0.2741586 -0.03572864 0.9529623
3.3684 FirstCar -34.47557 0.025 2.97 0 90 0 0 0.7071068 0 0.7071068 11.43758 0
3.3684 SecondCar -66.98062 0.025 2.97 0 90 0 0 0.7071068 0 0.7071068 11.41955 0
3.3688 Head 0 1.6 0.78 345.15 327.8999 0 -0.124191 -0.2741586 -0.03572864 0.9529623
3.3688 FirstCar -34.47136 0.025 2.97 0 90 0 0 0.7071068 0 0.7071068 11.43669 0
3.3688 SecondCar -66.97642 0.025 2.97 0 90 0 0 0.7071068 0 0.7071068 11.41866 0
3.3692 Head 0 1.6 0.78 345.15 327.8999 0 -0.124191 -0.2741586 -0.03572864 0.9529623
3.3692 FirstCar -34.46708 0.025 2.97 0 90 0 0 0.7071068 0 0.7071068 11.43579 0
3.3692 SecondCar -66.97215 0.025 2.97 0 90 0 0 0.7071068 0 0.7071068 11.41776 0
3.3696 Head 0 1.6 0.78 345.15 327.8999 0 -0.124191 -0.2741586 -0.03572864 0.9529623
3.3696 FirstCar -34.46258 0.025 2.97 0 90 0 0 0.7071068 0 0.7071068 11.43485 0
3.3696 SecondCar -66.96765 0.025 2.97 0 90 0 0 0.7071068 0 0.7071068 11.41682 0
3.3700 Head 0 1.6 0.78 345.15 327.8999 0 -0.124191 -0.2741586 -0.03572864 0.9529623
3.3700 FirstCar -34.45809 0.025 2.97 0 90 0 0 0.7071068 0 0.7071068 11.43391 0
3.3700 SecondCar -66.96317 0.025 2.97 0 90 0 0 0.7071068 0 0.7071068 11.41588 0
3.3703 Head 0 1.6 0.78 345.15 327.8999 0 -0.124191 -0.2741586 -0.03572864 0.9529623
3.3703 FirstCar -34.45405 0.025 2.97 0 90 0 0 0.7071068 0 0.7071068 11.43306 0
3.3703 SecondCar -66.95914 0.025 2.97 0 90 0 0 0.7071068 0 0.7071068 11.41503 0
3.3709 Head 0 1.6 0.78 345.15 327.8999 0 -0.124191 -0.2741586 -0.03572864 0.9529623
3.3709 FirstCar -34.44691 0.025 2.97 0 90 0 0 0.7071068 0 0.7071068 11.43156 0
3.3709 SecondCar -66.95201 0.025 2.97 0 90 0 0 0.7071068 0 0.7071068 11.41353 0
3.3713 Head 0 1.6 0.78 345.15 327.8999 0 -0.124191 -0.2741586 -0.03572864 0.9529623
3.3713 FirstCar -34.44217 0.025 2.97 0 90 0 0 0.7071068 0 0.7071068 11.43057 0
3.3713 SecondCar -66.94728 0.025 2.97 0 90 0 0 0.7071068 0 0.7071068 11.41254 0
3.3717 Head 0 1.6 0.78 345.15 327.8999 0 -0.124191 -0.2741586 -0.03572864 0.9529623
3.3717 FirstCar -34.43801 0.025 2.97 0 90 0 0 0.7071068 0 0.7071068 11.42969 0
3.3717 SecondCar -66.94312 0.025 2.97 0 90 0 0 0.7071068 0 0.7071068 11.41166 0
3.3721 Head 0 1.6 0.78 345.15 327.8999 0 -0.124191 -0.2741586 -0.03572864 0.9529623
3.3721 FirstCar -34.43333 0.025 2.97 0 90 0 0 0.7071068 0 0.7071068 11.42871 0
3.3721 SecondCar -66.93845 0.025 2.97 0 90 0 0 0.7071068 0 0.7071068 11.41068 0
3.3725 Head 0 1.6 0.78 345.15 327.8999 0 -0.124191 -0.2741586 -0.03572864 0.9529623
3.3725 FirstCar -34.42844 0.025 2.97 0 90 0 0 0.7071068 0 0.7071068 11.42768 0
3.3725 SecondCar -66.93356 0.025 2.97 0 90 0 0 0.7071068 0 0.7071068 11.40965 0
3.3729 Head 0 1.6 0.78 345.15 327.8999 0 -0.124191 -0.2741586 -0.03572864 0.9529623
3.3729 FirstCar -34.42393 0.025 2.97 0 90 0 0 0.7071068 0 0.7071068 11.42673 0
3.3729 SecondCar -66.92906 0.025 2.97 0 90 0 0 0.7071068 0 0.7071068 11.4087 0
3.3734 Head 0 1.6 0.78 345.15 327.8999 0 -0.124191 -0.2741586 -0.03572864 0.9529623
3.3734 FirstCar -34.41923 0.025 2.97 0 90 0 0 0.7071068 0 0.7071068 11.42575 0
3.3734 SecondCar -66.92437 0.025 2.97 0 90 0 0 0.7071068 0 0.7071068 11.40772 0
3.3740 Head 0 1.6 0.78 345.15 327.8999 0 -0.124191 -0.2741586 -0.03572864 0.9529623
3.3740 FirstCar -34.41187 0.025 2.97 0 90 0 0 0.7071068 0 0.7071068 11.4242 0
3.3740 SecondCar -66.91702 0.025 2.97 0 90 0 0 0.7071068 0 0.7071068 11.40617 0
3.3744 Head 0 1.6 0.78 345.15 327.8999 0 -0.124191 -0.2741586 -0.03572864 0.9529623
3.3744 FirstCar -34.40712 0.025 2.97 0 90 0 0 0.7071068 0 0.7071068 11.4232 0
3.3744 SecondCar -66.91228 0.025 2.97 0 90 0 0 0.7071068 0 0.7071068 11.40517 0
3.3748 Head 0 1.6 0.78 345.15 327.8999 0 -0.124191 -0.2741586 -0.03572864 0.9529623
3.3748 FirstCar -34.40308 0.025 2.97 0 90 0 0 0.7071068 0 0.7071068 11.42235 0
3.3748 SecondCar -66.90825 0.025 2.97 0 90 0 0 0.7071068 0 0.7071068 11.40432 0
3.3751 Head 0 1.6 0.78 345.15 327.8999 0 -0.124191 -0.2741586 -0.03572864 0.9529623
3.3751 FirstCar -34.39917 0.025 2.97 0 90 0 0 0.7071068 0 0.7071068 11.42153 0
3.3751 SecondCar -66.90434 0.025 2.97 0 90 0 0 0.7071068 0 0.7071068 11.4035 0
3.3755 Head 0 1.6 0.78 345.15 327.8999 0 -0.124191 -0.2741586 -0.03572864 0.9529623
3.3755 FirstCar -34.39517 0.025 2.97 0 90 0 0 0.7071068 0 0.7071068 11.42069 0
3.3755 SecondCar -66.90034 0.025 2.97 0 90 0 0 0.7071068 0 0.7071068 11.40266 0
3.3759 Head 0 1.6 0.78 345.15 327.8999 0 -0.124191 -0.2741586 -0.03572864 0.9529623
3.3759 FirstCar -34.39056 0.025 2.97 0 90 0 0 0.7071068 0 0.7071068 11.41972 0
3.3759 SecondCar -66.89574 0.025 2.97 0 90 0 0 0.7071068 0 0.7071068 11.40169 0
3.3762 Head 0 1.6 0.78 345.15 327.8999 0 -0.124191 -0.2741586 -0.03572864 0.9529623
3.3762 FirstCar -34.38624 0.025 2.97 0 90 0 0 0.7071068 0 0.7071068 11.41881 0
3.3762 SecondCar -66.89143 0.025 2.97 0 90 0 0 0.7071068 0 0.7071068 11.40078 0
3.3766 Head 0 1.6 0.78 345.15 327.8999 0 -0.124191 -0.2741586 -0.03572864 0.9529623
3.3766 FirstCar -34.38217 0.025 2.97 0 90 0 0 0.7071068 0 0.7071068 11.41796 0
3.3766 SecondCar -66.88737 0.025 2.97 0 90 0 0 0.7071068 0 0.7071068 11.39993 0
3.3770 Head 0 1.6 0.78 345.15 327.8999 0 -0.124191 -0.2741586 -0.03572864 0.9529623
3.3770 FirstCar -34.37793 0.025 2.97 0 90 0 0 0.7071068 0 0.7071068 11.41707 0
3.3770 SecondCar -66.88313 0.025 2.97 0 90 0 0 0.7071068 0 0.7071068 11.39904 0
3.3773 Head 0 1.6 0.78 345.15 327.8999 0 -0.124191 -0.2741586 -0.03572864 0.9529623
3.3773 FirstCar -34.37383 0.025 2.97 0 90 0 0 0.7071068 0 0.7071068 11.4162 0
3.3773 SecondCar -66.87904 0.025 2.97 0 90 0 0 0.7071068 0 0.7071068 11.39817 0
3.3777 Head 0 1.6 0.78 345.15 327.8999 0 -0.124191 -0.2741586 -0.03572864 0.9529623
3.3777 FirstCar -34.36984 0.025 2.97 0 90 0 0 0.7071068 0 0.7071068 11.41537 0
3.3777 SecondCar -66.87506 0.025 2.97 0 90 0 0 0.7071068 0 0.7071068 11.39734 0
3.3780 Head 0 1.6 0.78 345.15 327.8999 0 -0.124191 -0.2741586 -0.03572864 0.9529623
3.3780 FirstCar -34.36581 0.025 2.97 0 90 0 0 0.7071068 0 0.7071068 11.41452 0
3.3780 SecondCar -66.87103 0.025 2.97 0 90 0 0 0.7071068 0 0.7071068 11.39649 0
3.3784 Head 0 1.6 0.78 345.15 327.8999 0 -0.124191 -0.2741586 -0.03572864 0.9529623
3.3784 FirstCar -34.36178 0.025 2.97 0 90 0 0 0.7071068 0 0.7071068 11.41367 0
3.3784 SecondCar -66.867 0.025 2.97 0 90 0 0 0.7071068 0 0.7071068 11.39564 0
3.3787 Head 0 1.6 0.78 345.15 327.8999 0 -0.124191 -0.2741586 -0.03572864 0.9529623
3.3787 FirstCar -34.3579 0.025 2.97 0 90 0 0 0.7071068 0 0.7071068 11.41285 0
3.3787 SecondCar -66.86313 0.025 2.97 0 90 0 0 0.7071068 0 0.7071068 11.39482 0
3.3792 Head 0 1.6 0.78 345.15 327.8999 0 -0.124191 -0.2741586 -0.03572864 0.9529623
3.3792 FirstCar -34.3529 0.025 2.97 0 90 0 0 0.7071068 0 0.7071068 11.4118 0
3.3792 SecondCar -66.85814 0.025 2.97 0 90 0 0 0.7071068 0 0.7071068 11.39377 0
3.3796 Head 0 1.6 0.78 345.15 327.8999 0 -0.124191 -0.2741586 -0.03572864 0.9529623
3.3796 FirstCar -34.34782 0.025 2.97 0 90 0 0 0.7071068 0 0.7071068 11.41073 0
3.3796 SecondCar -66.85307 0.025 2.97 0 90 0 0 0.7071068 0 0.7071068 11.3927 0
3.3801 Head 0 1.6 0.78 345.15 327.8999 0 -0.124191 -0.2741586 -0.03572864 0.9529623
3.3801 FirstCar -34.34278 0.025 2.97 0 90 0 0 0.7071068 0 0.7071068 11.40967 0
3.3801 SecondCar -66.84804 0.025 2.97 0 90 0 0 0.7071068 0 0.7071068 11.39164 0
3.3804 Head 0 1.6 0.78 345.15 327.8999 0 -0.124191 -0.2741586 -0.03572864 0.9529623
3.3804 FirstCar -34.33826 0.025 2.97 0 90 0 0 0.7071068 0 0.7071068 11.40872 0
3.3804 SecondCar -66.84353 0.025 2.97 0 90 0 0 0.7071068 0 0.7071068 11.39069 0
3.3808 Head 0 1.6 0.78 345.15 327.8999 0 -0.124191 -0.2741586 -0.03572864 0.9529623
3.3808 FirstCar -34.33421 0.025 2.97 0 90 0 0 0.7071068 0 0.7071068 11.40787 0
3.3808 SecondCar -66.83949 0.025 2.97 0 90 0 0 0.7071068 0 0.7071068 11.38984 0
3.3812 Head 0 1.6 0.78 345.15 327.8999 0 -0.124191 -0.2741586 -0.03572864 0.9529623
3.3812 FirstCar -34.3302 0.025 2.97 0 90 0 0 0.7071068 0 0.7071068 11.40703 0
3.3812 SecondCar -66.83548 0.025 2.97 0 90 0 0 0.7071068 0 0.7071068 11.389 0
3.3818 Head 0 1.6 0.78 345.15 327.8999 0 -0.124191 -0.2741586 -0.03572864 0.9529623
3.3818 FirstCar -34.32238 0.025 2.97 0 90 0 0 0.7071068 0 0.7071068 11.40538 0
3.3818 SecondCar -66.82767 0.025 2.97 0 90 0 0 0.7071068 0 0.7071068 11.38735 0
3.3823 Head 0 1.6 0.78 345.15 327.8999 0 -0.124191 -0.2741586 -0.03572864 0.9529623
3.3823 FirstCar -34.31718 0.025 2.97 0 90 0 0 0.7071068 0 0.7071068 11.40429 0
3.3823 SecondCar -66.82248 0.025 2.97 0 90 0 0 0.7071068 0 0.7071068 11.38626 0
3.3827 Head 0 1.6 0.78 345.15 327.8999 0 -0.124191 -0.2741586 -0.03572864 0.9529623
3.3827 FirstCar -34.31233 0.025 2.97 0 90 0 0 0.7071068 0 0.7071068 11.40327 0
3.3827 SecondCar -66.81764 0.025 2.97 0 90 0 0 0.7071068 0 0.7071068 11.38524 0
3.3833 Head 0 1.6 0.78 345.15 327.8999 0 -0.124191 -0.2741586 -0.03572864 0.9529623
3.3833 FirstCar -34.30568 0.025 2.97 0 90 0 0 0.7071068 0 0.7071068 11.40187 0
3.3833 SecondCar -66.811 0.025 2.97 0 90 0 0 0.7071068 0 0.7071068 11.38384 0
3.3838 Head 0 1.6 0.78 345.15 327.8999 0 -0.124191 -0.2741586 -0.03572864 0.9529623
3.3838 FirstCar -34.29964 0.025 2.97 0 90 0 0 0.7071068 0 0.7071068 11.40059 0
3.3838 SecondCar -66.80496 0.025 2.97 0 90 0 0 0.7071068 0 0.7071068 11.38256 0
3.3842 Head 0 1.6 0.78 345.15 327.8999 0 -0.124191 -0.2741586 -0.03572864 0.9529623
3.3842 FirstCar -34.29511 0.025 2.97 0 90 0 0 0.7071068 0 0.7071068 11.39964 0
3.3842 SecondCar -66.80045 0.025 2.97 0 90 0 0 0.7071068 0 0.7071068 11.38161 0
3.3846 Head 0 1.6 0.78 345.15 327.8999 0 -0.124191 -0.2741586 -0.03572864 0.9529623
3.3846 FirstCar -34.29086 0.025 2.97 0 90 0 0 0.7071068 0 0.7071068 11.39875 0
3.3846 SecondCar -66.7962 0.025 2.97 0 90 0 0 0.7071068 0 0.7071068 11.38072 0
3.3850 Head 0 1.6 0.78 345.15 327.8999 0 -0.124191 -0.2741586 -0.03572864 0.9529623
3.3850 FirstCar -34.28634 0.025 2.97 0 90 0 0 0.7071068 0 0.7071068 11.3978 0
3.3850 SecondCar -66.79169 0.025 2.97 0 90 0 0 0.7071068 0 0.7071068 11.37977 0
3.3854 Head 0 1.6 0.78 345.15 327.8999 0 -0.124191 -0.2741586 -0.03572864 0.9529623
3.3854 FirstCar -34.2823 0.025 2.97 0 90 0 0 0.7071068 0 0.7071068 11.39694 0
3.3854 SecondCar -66.78766 0.025 2.97 0 90 0 0 0.7071068 0 0.7071068 11.37891 0
3.3857 Head 0 1.6 0.78 345.15 327.8999 0 -0.124191 -0.2741586 -0.03572864 0.9529623
3.3857 FirstCar -34.27826 0.025 2.97 0 90 0 0 0.7071068 0 0.7071068 11.39609 0
3.3857 SecondCar -66.78363 0.025 2.97 0 90 0 0 0.7071068 0 0.7071068 11.37806 0
3.3861 Head 0 1.6 0.78 345.15 327.8999 0 -0.124191 -0.2741586 -0.03572864 0.9529623
3.3861 FirstCar -34.27421 0.025 2.97 0 90 0 0 0.7071068 0 0.7071068 11.39524 0
3.3861 SecondCar -66.77959 0.025 2.97 0 90 0 0 0.7071068 0 0.7071068 11.37721 0
3.3865 Head 0 1.6 0.78 345.15 327.8999 0 -0.124191 -0.2741586 -0.03572864 0.9529623
3.3865 FirstCar -34.26982 0.025 2.97 0 90 0 0 0.7071068 0 0.7071068 11.39432 0
3.3865 SecondCar -66.7752 0.025 2.97 0 90 0 0 0.7071068 0 0.7071068 11.37629 0
3.3868 Head 0 1.6 0.78 345.15 327.8999 0 -0.124191 -0.2741586 -0.03572864 0.9529623
3.3868 FirstCar -34.26564 0.025 2.97 0 90 0 0 0.7071068 0 0.7071068 11.39344 0
3.3868 SecondCar -66.77103 0.025 2.97 0 90 0 0 0.7071068 0 0.7071068 11.37541 0
3.3872 Head 0 1.6 0.78 345.15 327.8999 0 -0.124191 -0.2741586 -0.03572864 0.9529623
3.3872 FirstCar -34.26169 0.025 2.97 0 90 0 0 0.7071068 0 0.7071068 11.39261 0
3.3872 SecondCar -66.76709 0.025 2.97 0 90 0 0 0.7071068 0 0.7071068 11.37458 0
3.3875 Head 0 1.6 0.78 345.15 327.8999 0 -0.124191 -0.2741586 -0.03572864 0.9529623
3.3875 FirstCar -34.25768 0.025 2.97 0 90 0 0 0.7071068 0 0.7071068 11.39176 0
3.3875 SecondCar -66.76308 0.025 2.97 0 90 0 0 0.7071068 0 0.7071068 11.37373 0
3.3879 Head 0 1.6 0.78 345.15 327.8999 0 -0.124191 -0.2741586 -0.03572864 0.9529623
3.3879 FirstCar -34.25369 0.025 2.97 0 90 0 0 0.7071068 0 0.7071068 11.39092 0
3.3879 SecondCar -66.7591 0.025 2.97 0 90 0 0 0.7071068 0 0.7071068 11.37289 0
3.3882 Head 0 1.6 0.78 345.15 327.8999 0 -0.124191 -0.2741586 -0.03572864 0.9529623
3.3882 FirstCar -34.24968 0.025 2.97 0 90 0 0 0.7071068 0 0.7071068 11.39008 0
3.3882 SecondCar -66.7551 0.025 2.97 0 90 0 0 0.7071068 0 0.7071068 11.37205 0
3.3886 Head 0 1.6 0.78 345.15 327.8999 0 -0.124191 -0.2741586 -0.03572864 0.9529623
3.3886 FirstCar -34.24509 0.025 2.97 0 90 0 0 0.7071068 0 0.7071068 11.38911 0
3.3886 SecondCar -66.75052 0.025 2.97 0 90 0 0 0.7071068 0 0.7071068 11.37108 0
3.3890 Head 0 1.6 0.78 345.15 327.8999 0 -0.124191 -0.2741586 -0.03572864 0.9529623
3.3890 FirstCar -34.24087 0.025 2.97 0 90 0 0 0.7071068 0 0.7071068 11.38822 0
3.3890 SecondCar -66.7463 0.025 2.97 0 90 0 0 0.7071068 0 0.7071068 11.37019 0
3.3895 Head 0 1.6 0.78 345.15 327.8999 0 -0.124191 -0.2741586 -0.03572864 0.9529623
3.3895 FirstCar -34.23489 0.025 2.97 0 90 0 0 0.7071068 0 0.7071068 11.38696 0
3.3895 SecondCar -66.74033 0.025 2.97 0 90 0 0 0.7071068 0 0.7071068 11.36893 0
3.3903 Head 0 1.6 0.78 345.15 327.8999 0 -0.124191 -0.2741586 -0.03572864 0.9529623
3.3903 FirstCar -34.2259 0.025 2.97 0 90 0 0 0.7071068 0 0.7071068 11.38506 0
3.3903 SecondCar -66.73135 0.025 2.97 0 90 0 0 0.7071068 0 0.7071068 11.36703 0
3.3910 Head 0 1.6 0.78 345.15 327.8999 0 -0.124191 -0.2741586 -0.03572864 0.9529623
3.3910 FirstCar -34.21746 0.025 2.97 0 90 0 0 0.7071068 0 0.7071068 11.38328 0
3.3910 SecondCar -66.72292 0.025 2.97 0 90 0 0 0.7071068 0 0.7071068 11.36525 0
3.3915 Head 0 1.6 0.78 345.15 327.8999 0 -0.124191 -0.2741586 -0.03572864 0.9529623
3.3915 FirstCar -34.21264 0.025 2.97 0 90 0 0 0.7071068 0 0.7071068 11.38227 0
3.3915 SecondCar -66.71811 0.025 2.97 0 90 0 0 0.7071068 0 0.7071068 11.36424 0
3.3919 Head 0 1.6 0.78 345.15 327.8999 0 -0.124191 -0.2741586 -0.03572864 0.9529623
3.3919 FirstCar -34.20821 0.025 2.97 0 90 0 0 0.7071068 0 0.7071068 11.38133 0
3.3919 SecondCar -66.71368 0.025 2.97 0 90 0 0 0.7071068 0 0.7071068 11.3633 0
3.3922 Head 0 1.6 0.78 345.15 327.8999 0 -0.124191 -0.2741586 -0.03572864 0.9529623
3.3922 FirstCar -34.20401 0.025 2.97 0 90 0 0 0.7071068 0 0.7071068 11.38045 0
3.3922 SecondCar -66.7095 0.025 2.97 0 90 0 0 0.7071068 0 0.7071068 11.36242 0
3.3926 Head 0 1.6 0.78 345.15 327.8999 0 -0.124191 -0.2741586 -0.03572864 0.9529623
3.3926 FirstCar -34.19979 0.025 2.97 0 90 0 0 0.7071068 0 0.7071068 11.37956 0
3.3926 SecondCar -66.70528 0.025 2.97 0 90 0 0 0.7071068 0 0.7071068 11.36153 0
3.3930 Head 0 1.6 0.78 345.15 327.8999 0 -0.124191 -0.2741586 -0.03572864 0.9529623
3.3930 FirstCar -34.19494 0.025 2.97 0 90 0 0 0.7071068 0 0.7071068 11.37854 0
3.3930 SecondCar -66.70044 0.025 2.97 0 90 0 0 0.7071068 0 0.7071068 11.36051 0
3.3934 Head 0 1.6 0.78 345.15 327.8999 0 -0.124191 -0.2741586 -0.03572864 0.9529623
3.3934 FirstCar -34.19037 0.025 2.97 0 90 0 0 0.7071068 0 0.7071068 11.37757 0
3.3934 SecondCar -66.69587 0.025 2.97 0 90 0 0 0.7071068 0 0.7071068 11.35954 0
3.3938 Head 0 1.6 0.78 345.15 327.8999 0 -0.124191 -0.2741586 -0.03572864 0.9529623
3.3938 FirstCar -34.18625 0.025 2.97 0 90 0 0 0.7071068 0 0.7071068 11.3767 0
3.3938 SecondCar -66.69176 0.025 2.97 0 90 0 0 0.7071068 0 0.7071068 11.35867 0
3.3942 Head 0 1.6 0.78 345.15 327.8999 0 -0.124191 -0.2741586 -0.03572864 0.9529623
3.3942 FirstCar -34.18176 0.025 2.97 0 90 0 0 0.7071068 0 0.7071068 11.37575 0
3.3942 SecondCar -66.68727 0.025 2.97 0 90 0 0 0.7071068 0 0.7071068 11.35772 0
3.3946 Head 0 1.6 0.78 345.15 327.8999 0 -0.124191 -0.2741586 -0.03572864 0.9529623
3.3946 FirstCar -34.17751 0.025 2.97 0 90 0 0 0.7071068 0 0.7071068 11.37486 0
3.3946 SecondCar -66.68303 0.025 2.97 0 90 0 0 0.7071068 0 0.7071068 11.35683 0
3.3949 Head 0 1.6 0.78 345.15 327.8999 0 -0.124191 -0.2741586 -0.03572864 0.9529623
3.3949 FirstCar -34.17331 0.025 2.97 0 90 0 0 0.7071068 0 0.7071068 11.37397 0
3.3949 SecondCar -66.67883 0.025 2.97 0 90 0 0 0.7071068 0 0.7071068 11.35594 0
3.3953 Head 0 1.6 0.78 345.15 327.8999 0 -0.124191 -0.2741586 -0.03572864 0.9529623
3.3953 FirstCar -34.16916 0.025 2.97 0 90 0 0 0.7071068 0 0.7071068 11.3731 0
3.3953 SecondCar -66.67469 0.025 2.97 0 90 0 0 0.7071068 0 0.7071068 11.35507 0
3.3956 Head 0 1.6 0.78 345.15 327.8999 0 -0.124191 -0.2741586 -0.03572864 0.9529623
3.3956 FirstCar -34.16511 0.025 2.97 0 90 0 0 0.7071068 0 0.7071068 11.37224 0
3.3956 SecondCar -66.67065 0.025 2.97 0 90 0 0 0.7071068 0 0.7071068 11.35421 0
3.3960 Head 0 1.6 0.78 345.15 327.8999 0 -0.124191 -0.2741586 -0.03572864 0.9529623
3.3960 FirstCar -34.16102 0.025 2.97 0 90 0 0 0.7071068 0 0.7071068 11.37138 0
3.3960 SecondCar -66.66656 0.025 2.97 0 90 0 0 0.7071068 0 0.7071068 11.35335 0
3.3964 Head 0 1.6 0.78 345.15 327.8999 0 -0.124191 -0.2741586 -0.03572864 0.9529623
3.3964 FirstCar -34.15686 0.025 2.97 0 90 0 0 0.7071068 0 0.7071068 11.3705 0
3.3964 SecondCar -66.66241 0.025 2.97 0 90 0 0 0.7071068 0 0.7071068 11.35247 0
3.3968 Head 0 1.6 0.78 345.15 327.8999 0 -0.124191 -0.2741586 -0.03572864 0.9529623
3.3968 FirstCar -34.15196 0.025 2.97 0 90 0 0 0.7071068 0 0.7071068 11.36946 0
3.3968 SecondCar -66.65752 0.025 2.97 0 90 0 0 0.7071068 0 0.7071068 11.35143 0
3.3972 Head 0 1.6 0.78 345.15 327.8999 0 -0.124191 -0.2741586 -0.03572864 0.9529623
3.3972 FirstCar -34.14766 0.025 2.97 0 90 0 0 0.7071068 0 0.7071068 11.36856 0
3.3972 SecondCar -66.65322 0.025 2.97 0 90 0 0 0.7071068 0 0.7071068 11.35053 0
3.3979 Head 0 1.6 0.78 345.15 327.8999 0 -0.124191 -0.2741586 -0.03572864 0.9529623
3.3979 FirstCar -34.1395 0.025 2.97 0 90 0 0 0.7071068 0 0.7071068 11.36683 0
3.3979 SecondCar -66.64508 0.025 2.97 0 90 0 0 0.7071068 0 0.7071068 11.3488 0
3.3983 Head 0 1.6 0.78 345.15 327.8999 0 -0.124191 -0.2741586 -0.03572864 0.9529623
3.3983 FirstCar -34.13469 0.025 2.97 0 90 0 0 0.7071068 0 0.7071068 11.36582 0
3.3983 SecondCar -66.64028 0.025 2.97 0 90 0 0 0.7071068 0 0.7071068 11.34779 0
3.3988 Head 0 1.6 0.78 345.15 327.8999 0 -0.124191 -0.2741586 -0.03572864 0.9529623
3.3988 FirstCar -34.1298 0.025 2.97 0 90 0 0 0.7071068 0 0.7071068 11.36479 0
3.3988 SecondCar -66.6354 0.025 2.97 0 90 0 0 0.7071068 0 0.7071068 11.34676 0
3.3992 Head 0 1.6 0.78 345.15 327.8999 0 -0.124191 -0.2741586 -0.03572864 0.9529623
3.3992 FirstCar -34.12494 0.025 2.97 0 90 0 0 0.7071068 0 0.7071068 11.36376 0
3.3992 SecondCar -66.63055 0.025 2.97 0 90 0 0 0.7071068 0 0.7071068 11.34573 0
3.3996 Head 0 1.6 0.78 345.15 327.8999 0 -0.124191 -0.2741586 -0.03572864 0.9529623
3.3996 FirstCar -34.12043 0.025 2.97 0 90 0 0 0.7071068 0 0.7071068 11.36281 0
3.3996 SecondCar -66.62605 0.025 2.97 0 90 0 0 0.7071068 0 0.7071068 11.34478 0
3.4000 Head 0 1.6 0.78 345.15 327.8999 0 -0.124191 -0.2741586 -0.03572864 0.9529623
3.4000 FirstCar -34.116 0.025 2.97 0 90 0 0 0.7071068 0 0.7071068 11.36187 0
3.4000 SecondCar -66.62163 0.025 2.97 0 90 0 0 0.7071068 0 0.7071068 11.34384 0
3.4003 Head 0 1.6 0.78 345.15 327.8999 0 -0.124191 -0.2741586 -0.03572864 0.9529623
3.4003 FirstCar -34.11169 0.025 2.97 0 90 0 0 0.7071068 0 0.7071068 11.36096 0
3.4003 SecondCar -66.61732 0.025 2.97 0 90 0 0 0.7071068 0 0.7071068 11.34293 0
3.4007 Head 0 1.6 0.78 345.15 327.8999 0 -0.124191 -0.2741586 -0.03572864 0.9529623
3.4007 FirstCar -34.10732 0.025 2.97 0 90 0 0 0.7071068 0 0.7071068 11.36004 0
3.4007 SecondCar -66.61296 0.025 2.97 0 90 0 0 0.7071068 0 0.7071068 11.34201 0
3.4011 Head 0 1.6 0.78 345.15 327.8999 0 -0.124191 -0.2741586 -0.03572864 0.9529623
3.4011 FirstCar -34.1031 0.025 2.97 0 90 0 0 0.7071068 0 0.7071068 11.35915 0
3.4011 SecondCar -66.60875 0.025 2.97 0 90 0 0 0.7071068 0 0.7071068 11.34112 0
3.4015 Head 0 1.6 0.78 345.15 327.8999 0 -0.124191 -0.2741586 -0.03572864 0.9529623
3.4015 FirstCar -34.09821 0.025 2.97 0 90 0 0 0.7071068 0 0.7071068 11.35812 0
3.4015 SecondCar -66.60387 0.025 2.97 0 90 0 0 0.7071068 0 0.7071068 11.34009 0
3.4019 Head 0 1.6 0.78 345.15 327.8999 0 -0.124191 -0.2741586 -0.03572864 0.9529623
3.4019 FirstCar -34.09381 0.025 2.97 0 90 0 0 0.7071068 0 0.7071068 11.35718 0
3.4019 SecondCar -66.59947 0.025 2.97 0 90 0 0 0.7071068 0 0.7071068 11.33915 0
3.4023 Head 0 1.6 0.78 345.15 327.8999 0 -0.124191 -0.2741586 -0.03572864 0.9529623
3.4023 FirstCar -34.08927 0.025 2.97 0 90 0 0 0.7071068 0 0.7071068 11.35623 0
3.4023 SecondCar -66.59494 0.025 2.97 0 90 0 0 0.7071068 0 0.7071068 11.3382 0
3.4027 Head 0 1.6 0.78 345.15 327.8999 0 -0.124191 -0.2741586 -0.03572864 0.9529623
3.4027 FirstCar -34.08494 0.025 2.97 0 90 0 0 0.7071068 0 0.7071068 11.35531 0
3.4027 SecondCar -66.59061 0.025 2.97 0 90 0 0 0.7071068 0 0.7071068 11.33728 0
3.4031 Head 0 1.6 0.78 345.15 327.8999 0 -0.124191 -0.2741586 -0.03572864 0.9529623
3.4031 FirstCar -34.08075 0.025 2.97 0 90 0 0 0.7071068 0 0.7071068 11.35442 0
3.4031 SecondCar -66.58643 0.025 2.97 0 90 0 0 0.7071068 0 0.7071068 11.33639 0
3.4035 Head 0 1.6 0.78 345.15 327.8999 0 -0.124191 -0.2741586 -0.03572864 0.9529623
3.4035 FirstCar -34.07644 0.025 2.97 0 90 0 0 0.7071068 0 0.7071068 11.35351 0
3.4035 SecondCar -66.58213 0.025 2.97 0 90 0 0 0.7071068 0 0.7071068 11.33548 0
3.4038 Head 0 1.6 0.78 345.15 327.8999 0 -0.124191 -0.2741586 -0.03572864 0.9529623
3.4038 FirstCar -34.07228 0.025 2.97 0 90 0 0 0.7071068 0 0.7071068 11.35263 0
3.4038 SecondCar -66.57798 0.025 2.97 0 90 0 0 0.7071068 0 0.7071068 11.3346 0
3.4042 Head 0 1.6 0.78 345.15 327.8999 0 -0.124191 -0.2741586 -0.03572864 0.9529623
3.4042 FirstCar -34.06764 0.025 2.97 0 90 0 0 0.7071068 0 0.7071068 11.35165 0
3.4042 SecondCar -66.57334 0.025 2.97 0 90 0 0 0.7071068 0 0.7071068 11.33362 0
3.4046 Head 0 1.6 0.78 345.15 327.8999 0 -0.124191 -0.2741586 -0.03572864 0.9529623
3.4046 FirstCar -34.06363 0.025 2.97 0 90 0 0 0.7071068 0 0.7071068 11.3508 0
3.4046 SecondCar -66.56934 0.025 2.97 0 90 0 0 0.7071068 0 0.7071068 11.33277 0
3.4049 Head 0 1.6 0.78 345.15 327.8999 0 -0.124191 -0.2741586 -0.03572864 0.9529623
3.4049 FirstCar -34.05966 0.025 2.97 0 90 0 0 0.7071068 0 0.7071068 11.34996 0
3.4049 SecondCar -66.56538 0.025 2.97 0 90 0 0 0.7071068 0 0.7071068 11.33193 0
3.4053 Head 0 1.6 0.78 345.15 327.8999 0 -0.124191 -0.2741586 -0.03572864 0.9529623
3.4053 FirstCar -34.05518 0.025 2.97 0 90 0 0 0.7071068 0 0.7071068 11.34902 0
3.4053 SecondCar -66.56091 0.025 2.97 0 90 0 0 0.7071068 0 0.7071068 11.33099 0
3.4061 Head 0 1.6 0.78 345.15 327.8999 0 -0.124191 -0.2741586 -0.03572864 0.9529623
3.4061 FirstCar -34.04616 0.025 2.97 0 90 0 0 0.7071068 0 0.7071068 11.34711 0
3.4061 SecondCar -66.5519 0.025 2.97 0 90 0 0 0.7071068 0 0.7071068 11.32908 0
3.4065 Head 0 1.6 0.78 345.15 327.8999 0 -0.124191 -0.2741586 -0.03572864 0.9529623
3.4065 FirstCar -34.04162 0.025 2.97 0 90 0 0 0.7071068 0 0.7071068 11.34615 0
3.4065 SecondCar -66.54737 0.025 2.97 0 90 0 0 0.7071068 0 0.7071068 11.32812 0
3.4069 Head 0 1.6 0.78 345.15 327.8999 0 -0.124191 -0.2741586 -0.03572864 0.9529623
3.4069 FirstCar -34.03698 0.025 2.97 0 90 0 0 0.7071068 0 0.7071068 11.34517 0
3.4069 SecondCar -66.54274 0.025 2.97 0 90 0 0 0.7071068 0 0.7071068 11.32714 0
3.4073 Head 0 1.6 0.78 345.15 327.8999 0 -0.124191 -0.2741586 -0.03572864 0.9529623
3.4073 FirstCar -34.03284 0.025 2.97 0 90 0 0 0.7071068 0 0.7071068 11.34429 0
3.4073 SecondCar -66.5386 0.025 2.97 0 90 0 0 0.7071068 0 0.7071068 11.32626 0
3.4077 Head 0 1.6 0.78 345.15 327.8999 0 -0.124191 -0.2741586 -0.03572864 0.9529623
3.4077 FirstCar -34.02846 0.025 2.97 0 90 0 0 0.7071068 0 0.7071068 11.34336 0
3.4077 SecondCar -66.53423 0.025 2.97 0 90 0 0 0.7071068 0 0.7071068 11.32533 0
3.4081 Head 0 1.6 0.78 345.15 327.8999 0 -0.124191 -0.2741586 -0.03572864 0.9529623
3.4081 FirstCar -34.02385 0.025 2.97 0 90 0 0 0.7071068 0 0.7071068 11.34239 0
3.4081 SecondCar -66.52962 0.025 2.97 0 90 0 0 0.7071068 0 0.7071068 11.32436 0
3.4084 Head 0 1.6 0.78 345.15 327.8999 0 -0.124191 -0.2741586 -0.03572864 0.9529623
3.4084 FirstCar -34.01974 0.025 2.97 0 90 0 0 0.7071068 0 0.7071068 11.34152 0
3.4084 SecondCar -66.52552 0.025 2.97 0 90 0 0 0.7071068 0 0.7071068 11.32349 0
3.4088 Head 0 1.6 0.78 345.15 327.8999 0 -0.124191 -0.2741586 -0.03572864 0.9529623
3.4088 FirstCar -34.0155 0.025 2.97 0 90 0 0 0.7071068 0 0.7071068 11.34062 0
3.4088 SecondCar -66.52128 0.025 2.97 0 90 0 0 0.7071068 0 0.7071068 11.32259 0
3.4092 Head 0 1.6 0.78 345.15 327.8999 0 -0.124191 -0.2741586 -0.03572864 0.9529623
3.4092 FirstCar -34.01138 0.025 2.97 0 90 0 0 0.7071068 0 0.7071068 11.33975 0
3.4092 SecondCar -66.51717 0.025 2.97 0 90 0 0 0.7071068 0 0.7071068 11.32172 0
3.4096 Head 0 1.6 0.78 345.15 327.8999 0 -0.124191 -0.2741586 -0.03572864 0.9529623
3.4096 FirstCar -34.0069 0.025 2.97 0 90 0 0 0.7071068 0 0.7071068 11.3388 0
3.4096 SecondCar -66.51269 0.025 2.97 0 90 0 0 0.7071068 0 0.7071068 11.32077 0
3.4100 Head 0 1.6 0.78 345.15 327.8999 0 -0.124191 -0.2741586 -0.03572864 0.9529623
3.4100 FirstCar -34.00266 0.025 2.97 0 90 0 0 0.7071068 0 0.7071068 11.3379 0
3.4100 SecondCar -66.50845 0.025 2.97 0 90 0 0 0.7071068 0 0.7071068 11.31987 0
3.4104 Head 0 1.6 0.78 345.15 327.8999 0 -0.124191 -0.2741586 -0.03572864 0.9529623
3.4104 FirstCar -33.99775 0.025 2.97 0 90 0 0 0.7071068 0 0.7071068 11.33686 0
3.4104 SecondCar -66.50356 0.025 2.97 0 90 0 0 0.7071068 0 0.7071068 11.31883 0
3.4111 Head 0 1.6 0.78 345.15 327.8999 0 -0.124191 -0.2741586 -0.03572864 0.9529623
3.4111 FirstCar -33.98949 0.025 2.97 0 90 0 0 0.7071068 0 0.7071068 11.33512 0
3.4111 SecondCar -66.49532 0.025 2.97 0 90 0 0 0.7071068 0 0.7071068 11.31709 0
3.4115 Head 0 1.6 0.78 345.15 327.8999 0 -0.124191 -0.2741586 -0.03572864 0.9529623
3.4115 FirstCar -33.98493 0.025 2.97 0 90 0 0 0.7071068 0 0.7071068 11.33415 0
3.4115 SecondCar -66.49076 0.025 2.97 0 90 0 0 0.7071068 0 0.7071068 11.31612 0
3.4119 Head 0 1.6 0.78 345.15 327.8999 0 -0.124191 -0.2741586 -0.03572864 0.9529623
3.4119 FirstCar -33.9803 0.025 2.97 0 90 0 0 0.7071068 0 0.7071068 11.33317 0
3.4119 SecondCar -66.48614 0.025 2.97 0 90 0 0 0.7071068 0 0.7071068 11.31514 0
3.4124 Head 0 1.6 0.78 345.15 327.8999 0 -0.124191 -0.2741586 -0.03572864 0.9529623
3.4124 FirstCar -33.97534 0.025 2.97 0 90 0 0 0.7071068 0 0.7071068 11.33212 0
3.4124 SecondCar -66.48118 0.025 2.97 0 90 0 0 0.7071068 0 0.7071068 11.31409 0
3.4128 Head 0 1.6 0.78 345.15 327.8999 0 -0.124191 -0.2741586 -0.03572864 0.9529623
3.4128 FirstCar -33.97094 0.025 2.97 0 90 0 0 0.7071068 0 0.7071068 11.33119 0
3.4128 SecondCar -66.47679 0.025 2.97 0 90 0 0 0.7071068 0 0.7071068 11.31316 0
3.4131 Head 0 1.6 0.78 345.15 327.8999 0 -0.124191 -0.2741586 -0.03572864 0.9529623
3.4131 FirstCar -33.96663 0.025 2.97 0 90 0 0 0.7071068 0 0.7071068 11.33027 0
3.4131 SecondCar -66.47248 0.025 2.97 0 90 0 0 0.7071068 0 0.7071068 11.31224 0
3.4139 Head 0 1.6 0.78 345.15 327.8999 0 -0.124191 -0.2741586 -0.03572864 0.9529623
3.4139 FirstCar -33.95773 0.025 2.97 0 90 0 0 0.7071068 0 0.7071068 11.32839 0
3.4139 SecondCar -66.4636 0.025 2.97 0 90 0 0 0.7071068 0 0.7071068 11.31036 0
3.4144 Head 0 1.6 0.78 345.15 327.8999 0 -0.124191 -0.2741586 -0.03572864 0.9529623
3.4144 FirstCar -33.95249 0.025 2.97 0 90 0 0 0.7071068 0 0.7071068 11.32728 0
3.4144 SecondCar -66.45837 0.025 2.97 0 90 0 0 0.7071068 0 0.7071068 11.30925 0
3.4148 Head 0 1.6 0.78 345.15 327.8999 0 -0.124191 -0.2741586 -0.03572864 0.9529623
3.4148 FirstCar -33.94726 0.025 2.97 0 90 0 0 0.7071068 0 0.7071068 11.32617 0
3.4148 SecondCar -66.45314 0.025 2.97 0 90 0 0 0.7071068 0 0.7071068 11.30814 0
3.4154 Head 0 1.6 0.78 345.15 327.8999 0 -0.124191 -0.2741586 -0.03572864 0.9529623
3.4154 FirstCar -33.94136 0.025 2.97 0 90 0 0 0.7071068 0 0.7071068 11.32492 0
3.4154 SecondCar -66.44725 0.025 2.97 0 90 0 0 0.7071068 0 0.7071068 11.30689 0
3.4158 Head 0 1.6 0.78 345.15 327.8999 0 -0.124191 -0.2741586 -0.03572864 0.9529623
3.4158 FirstCar -33.93623 0.025 2.97 0 90 0 0 0.7071068 0 0.7071068 11.32383 0
3.4158 SecondCar -66.44213 0.025 2.97 0 90 0 0 0.7071068 0 0.7071068 11.3058 0
3.4162 Head 0 1.6 0.78 345.15 327.8999 0 -0.124191 -0.2741586 -0.03572864 0.9529623
3.4162 FirstCar -33.93201 0.025 2.97 0 90 0 0 0.7071068 0 0.7071068 11.32294 0
3.4162 SecondCar -66.43792 0.025 2.97 0 90 0 0 0.7071068 0 0.7071068 11.30491 0
3.4166 Head 0 1.6 0.78 345.15 327.8999 0 -0.124191 -0.2741586 -0.03572864 0.9529623
3.4166 FirstCar -33.92786 0.025 2.97 0 90 0 0 0.7071068 0 0.7071068 11.32206 0
3.4166 SecondCar -66.43378 0.025 2.97 0 90 0 0 0.7071068 0 0.7071068 11.30403 0
3.4169 Head 0 1.6 0.78 345.15 327.8999 0 -0.124191 -0.2741586 -0.03572864 0.9529623
3.4169 FirstCar -33.9238 0.025 2.97 0 90 0 0 0.7071068 0 0.7071068 11.3212 0
3.4169 SecondCar -66.42972 0.025 2.97 0 90 0 0 0.7071068 0 0.7071068 11.30317 0
3.4173 Head 0 1.6 0.78 345.15 327.8999 0 -0.124191 -0.2741586 -0.03572864 0.9529623
3.4173 FirstCar -33.91968 0.025 2.97 0 90 0 0 0.7071068 0 0.7071068 11.32032 0
3.4173 SecondCar -66.42561 0.025 2.97 0 90 0 0 0.7071068 0 0.7071068 11.30229 0
3.4177 Head 0 1.6 0.78 345.15 327.8999 0 -0.124191 -0.2741586 -0.03572864 0.9529623
3.4177 FirstCar -33.91539 0.025 2.97 0 90 0 0 0.7071068 0 0.7071068 11.31941 0
3.4177 SecondCar -66.42133 0.025 2.97 0 90 0 0 0.7071068 0 0.7071068 11.30138 0
3.4180 Head 0 1.6 0.78 345.15 327.8999 0 -0.124191 -0.2741586 -0.03572864 0.9529623
3.4180 FirstCar -33.91143 0.025 2.97 0 90 0 0 0.7071068 0 0.7071068 11.31857 0
3.4180 SecondCar -66.41737 0.025 2.97 0 90 0 0 0.7071068 0 0.7071068 11.30054 0
3.4184 Head 0 1.6 0.78 345.15 327.8999 0 -0.124191 -0.2741586 -0.03572864 0.9529623
3.4184 FirstCar -33.90741 0.025 2.97 0 90 0 0 0.7071068 0 0.7071068 11.31772 0
3.4184 SecondCar -66.41336 0.025 2.97 0 90 0 0 0.7071068 0 0.7071068 11.29969 0
3.4187 Head 0 1.6 0.78 345.15 327.8999 0 -0.124191 -0.2741586 -0.03572864 0.9529623
3.4187 FirstCar -33.90341 0.025 2.97 0 90 0 0 0.7071068 0 0.7071068 11.31687 0
3.4187 SecondCar -66.40937 0.025 2.97 0 90 0 0 0.7071068 0 0.7071068 11.29884 0
3.4192 Head 0 1.6 0.78 345.15 327.8999 0 -0.124191 -0.2741586 -0.03572864 0.9529623
3.4192 FirstCar -33.89783 0.025 2.97 0 90 0 0 0.7071068 0 0.7071068 11.31569 0
3.4192 SecondCar -66.40379 0.025 2.97 0 90 0 0 0.7071068 0 0.7071068 11.29766 0
3.4196 Head 0 1.6 0.78 345.15 327.8999 0 -0.124191 -0.2741586 -0.03572864 0.9529623
3.4196 FirstCar -33.89347 0.025 2.97 0 90 0 0 0.7071068 0 0.7071068 11.31476 0
3.4196 SecondCar -66.39944 0.025 2.97 0 90 0 0 0.7071068 0 0.7071068 11.29673 0
3.4200 Head 0 1.6 0.78 345.15 327.8999 0 -0.124191 -0.2741586 -0.03572864 0.9529623
3.4200 FirstCar -33.88919 0.025 2.97 0 90 0 0 0.7071068 0 0.7071068 11.31386 0
3.4200 SecondCar -66.39517 0.025 2.97 0 90 0 0 0.7071068 0 0.7071068 11.29583 0
3.4204 Head 0 1.6 0.78 345.15 327.8999 0 -0.124191 -0.2741586 -0.03572864 0.9529623
3.4204 FirstCar -33.88431 0.025 2.97 0 90 0 0 0.7071068 0 0.7071068 11.31282 0
3.4204 SecondCar -66.3903 0.025 2.97 0 90 0 0 0.7071068 0 0.7071068 11.29479 0
3.4208 Head 0 1.6 0.78 345.15 327.8999 0 -0.124191 -0.2741586 -0.03572864 0.9529623
3.4208 FirstCar -33.88016 0.025 2.97 0 90 0 0 0.7071068 0 0.7071068 11.31194 0
3.4208 SecondCar -66.38615 0.025 2.97 0 90 0 0 0.7071068 0 0.7071068 11.29391 0
3.4211 Head 0 1.6 0.78 345.15 327.8999 0 -0.124191 -0.2741586 -0.03572864 0.9529623
3.4211 FirstCar -33.87614 0.025 2.97 0 90 0 0 0.7071068 0 0.7071068 11.31109 0
3.4211 SecondCar -66.38214 0.025 2.97 0 90 0 0 0.7071068 0 0.7071068 11.29306 0
3.4219 Head 0 1.6 0.78 345.15 327.8999 0 -0.124191 -0.2741586 -0.03572864 0.9529623
3.4219 FirstCar -33.86781 0.025 2.97 0 90 0 0 0.7071068 0 0.7071068 11.30932 0
3.4219 SecondCar -66.37383 0.025 2.97 0 90 0 0 0.7071068 0 0.7071068 11.29129 0
3.4223 Head 0 1.6 0.78 345.15 327.8999 0 -0.124191 -0.2741586 -0.03572864 0.9529623
3.4223 FirstCar -33.86342 0.025 2.97 0 90 0 0 0.7071068 0 0.7071068 11.30839 0
3.4223 SecondCar -66.36945 0.025 2.97 0 90 0 0 0.7071068 0 0.7071068 11.29036 0
3.4227 Head 0 1.6 0.78 345.15 327.8999 0 -0.124191 -0.2741586 -0.03572864 0.9529623
3.4227 FirstCar -33.85879 0.025 2.97 0 90 0 0 0.7071068 0 0.7071068 11.3074 0
3.4227 SecondCar -66.36481 0.025 2.97 0 90 0 0 0.7071068 0 0.7071068 11.28937 0
3.4231 Head 0 1.6 0.78 345.15 327.8999 0 -0.124191 -0.2741586 -0.03572864 0.9529623
3.4231 FirstCar -33.85442 0.025 2.97 0 90 0 0 0.7071068 0 0.7071068 11.30648 0
3.4231 SecondCar -66.36046 0.025 2.97 0 90 0 0 0.7071068 0 0.7071068 11.28845 0
3.4234 Head 0 1.6 0.78 345.15 327.8999 0 -0.124191 -0.2741586 -0.03572864 0.9529623
3.4234 FirstCar -33.85045 0.025 2.97 0 90 0 0 0.7071068 0 0.7071068 11.30563 0
3.4234 SecondCar -66.35649 0.025 2.97 0 90 0 0 0.7071068 0 0.7071068 11.2876 0
3.4238 Head 0 1.6 0.78 345.15 327.8999 0 -0.124191 -0.2741586 -0.03572864 0.9529623
3.4238 FirstCar -33.84635 0.025 2.97 0 90 0 0 0.7071068 0 0.7071068 11.30476 0
3.4238 SecondCar -66.3524 0.025 2.97 0 90 0 0 0.7071068 0 0.7071068 11.28673 0
3.4241 Head 0 1.6 0.78 345.15 327.8999 0 -0.124191 -0.2741586 -0.03572864 0.9529623
3.4241 FirstCar -33.8423 0.025 2.97 0 90 0 0 0.7071068 0 0.7071068 11.3039 0
3.4241 SecondCar -66.34836 0.025 2.97 0 90 0 0 0.7071068 0 0.7071068 11.28587 0
3.4245 Head 0 1.6 0.78 345.15 327.8999 0 -0.124191 -0.2741586 -0.03572864 0.9529623
3.4245 FirstCar -33.83805 0.025 2.97 0 90 0 0 0.7071068 0 0.7071068 11.303 0
3.4245 SecondCar -66.34412 0.025 2.97 0 90 0 0 0.7071068 0 0.7071068 11.28497 0
3.4248 Head 0 1.6 0.78 345.15 327.8999 0 -0.124191 -0.2741586 -0.03572864 0.9529623
3.4248 FirstCar -33.8341 0.025 2.97 0 90 0 0 0.7071068 0 0.7071068 11.30216 0
3.4248 SecondCar -66.34017 0.025 2.97 0 90 0 0 0.7071068 0 0.7071068 11.28413 0
3.4252 Head 0 1.6 0.78 345.15 327.8999 0 -0.124191 -0.2741586 -0.03572864 0.9529623
3.4252 FirstCar -33.83026 0.025 2.97 0 90 0 0 0.7071068 0 0.7071068 11.30134 0
3.4252 SecondCar -66.33633 0.025 2.97 0 90 0 0 0.7071068 0 0.7071068 11.28331 0
3.4256 Head 0 1.6 0.78 345.15 327.8999 0 -0.124191 -0.2741586 -0.03572864 0.9529623
3.4256 FirstCar -33.82611 0.025 2.97 0 90 0 0 0.7071068 0 0.7071068 11.30046 0
3.4256 SecondCar -66.33219 0.025 2.97 0 90 0 0 0.7071068 0 0.7071068 11.28243 0
3.4259 Head 0 1.6 0.78 345.15 327.8999 0 -0.124191 -0.2741586 -0.03572864 0.9529623
3.4259 FirstCar -33.82179 0.025 2.97 0 90 0 0 0.7071068 0 0.7071068 11.29955 0
3.4259 SecondCar -66.32787 0.025 2.97 0 90 0 0 0.7071068 0 0.7071068 11.28152 0
3.4263 Head 0 1.6 0.78 345.15 327.8999 0 -0.124191 -0.2741586 -0.03572864 0.9529623
3.4263 FirstCar -33.81792 0.025 2.97 0 90 0 0 0.7071068 0 0.7071068 11.29872 0
3.4263 SecondCar -66.32401 0.025 2.97 0 90 0 0 0.7071068 0 0.7071068 11.28069 0
3.4266 Head 0 1.6 0.78 345.15 327.8999 0 -0.124191 -0.2741586 -0.03572864 0.9529623
3.4266 FirstCar -33.81382 0.025 2.97 0 90 0 0 0.7071068 0 0.7071068 11.29785 0
3.4266 SecondCar -66.31992 0.025 2.97 0 90 0 0 0.7071068 0 0.7071068 11.27982 0
3.4270 Head 0 1.6 0.78 345.15 327.8999 0 -0.124191 -0.2741586 -0.03572864 0.9529623
3.4270 FirstCar -33.80994 0.025 2.97 0 90 0 0 0.7071068 0 0.7071068 11.29703 0
3.4270 SecondCar -66.31605 0.025 2.97 0 90 0 0 0.7071068 0 0.7071068 11.279 0
3.4274 Head 0 1.6 0.78 345.15 327.8999 0 -0.124191 -0.2741586 -0.03572864 0.9529623
3.4274 FirstCar -33.80583 0.025 2.97 0 90 0 0 0.7071068 0 0.7071068 11.29615 0
3.4274 SecondCar -66.31194 0.025 2.97 0 90 0 0 0.7071068 0 0.7071068 11.27812 0
3.4277 Head 0 1.6 0.78 345.15 327.8999 0 -0.124191 -0.2741586 -0.03572864 0.9529623
3.4277 FirstCar -33.80185 0.025 2.97 0 90 0 0 0.7071068 0 0.7071068 11.29531 0
3.4277 SecondCar -66.30796 0.025 2.97 0 90 0 0 0.7071068 0 0.7071068 11.27728 0
3.4280 Head 0 1.6 0.78 345.15 327.8999 0 -0.124191 -0.2741586 -0.03572864 0.9529623
3.4280 FirstCar -33.79806 0.025 2.97 0 90 0 0 0.7071068 0 0.7071068 11.2945 0
3.4280 SecondCar -66.30418 0.025 2.97 0 90 0 0 0.7071068 0 0.7071068 11.27647 0
3.4284 Head 0 1.6 0.78 345.15 327.8999 0 -0.124191 -0.2741586 -0.03572864 0.9529623
3.4284 FirstCar -33.79432 0.025 2.97 0 90 0 0 0.7071068 0 0.7071068 11.29371 0
3.4284 SecondCar -66.30045 0.025 2.97 0 90 0 0 0.7071068 0 0.7071068 11.27568 0
3.4287 Head 0 1.6 0.78 345.15 327.8999 0 -0.124191 -0.2741586 -0.03572864 0.9529623
3.4287 FirstCar -33.79047 0.025 2.97 0 90 0 0 0.7071068 0 0.7071068 11.29289 0
3.4287 SecondCar -66.29662 0.025 2.97 0 90 0 0 0.7071068 0 0.7071068 11.27486 0
3.4291 Head 0 1.6 0.78 345.15 327.8999 0 -0.124191 -0.2741586 -0.03572864 0.9529623
3.4291 FirstCar -33.78607 0.025 2.97 0 90 0 0 0.7071068 0 0.7071068 11.29196 0
3.4291 SecondCar -66.29222 0.025 2.97 0 90 0 0 0.7071068 0 0.7071068 11.27393 0
3.4298 Head 0 1.6 0.78 345.15 327.8999 0 -0.124191 -0.2741586 -0.03572864 0.9529623
3.4298 FirstCar -33.77845 0.025 2.97 0 90 0 0 0.7071068 0 0.7071068 11.29034 0
3.4298 SecondCar -66.28461 0.025 2.97 0 90 0 0 0.7071068 0 0.7071068 11.27231 0
3.4302 Head 0 1.6 0.78 345.15 327.8999 0 -0.124191 -0.2741586 -0.03572864 0.9529623
3.4302 FirstCar -33.77347 0.025 2.97 0 90 0 0 0.7071068 0 0.7071068 11.28928 0
3.4302 SecondCar -66.27964 0.025 2.97 0 90 0 0 0.7071068 0 0.7071068 11.27125 0
3.4309 Head 0 1.6 0.78 345.15 327.8999 0 -0.124191 -0.2741586 -0.03572864 0.9529623
3.4309 FirstCar -33.76609 0.025 2.97 0 90 0 0 0.7071068 0 0.7071068 11.28771 0
3.4309 SecondCar -66.27228 0.025 2.97 0 90 0 0 0.7071068 0 0.7071068 11.26968 0
3.4313 Head 0 1.6 0.78 345.15 327.8999 0 -0.124191 -0.2741586 -0.03572864 0.9529623
3.4313 FirstCar -33.76167 0.025 2.97 0 90 0 0 0.7071068 0 0.7071068 11.28677 0
3.4313 SecondCar -66.26786 0.025 2.97 0 90 0 0 0.7071068 0 0.7071068 11.26874 0
3.4316 Head 0 1.6 0.78 345.15 327.8999 0 -0.124191 -0.2741586 -0.03572864 0.9529623
3.4316 FirstCar -33.75733 0.025 2.97 0 90 0 0 0.7071068 0 0.7071068 11.28585 0
3.4316 SecondCar -66.26353 0.025 2.97 0 90 0 0 0.7071068 0 0.7071068 11.26782 0
3.4320 Head 0 1.6 0.78 345.15 327.8999 0 -0.124191 -0.2741586 -0.03572864 0.9529623
3.4320 FirstCar -33.75301 0.025 2.97 0 90 0 0 0.7071068 0 0.7071068 11.28493 0
3.4320 SecondCar -66.25921 0.025 2.97 0 90 0 0 0.7071068 0 0.7071068 11.2669 0
3.4324 Head 0 1.6 0.78 345.15 327.8999 0 -0.124191 -0.2741586 -0.03572864 0.9529623
3.4324 FirstCar -33.7489 0.025 2.97 0 90 0 0 0.7071068 0 0.7071068 11.28405 0
3.4324 SecondCar -66.25511 0.025 2.97 0 90 0 0 0.7071068 0 0.7071068 11.26602 0
3.4327 Head 0 1.6 0.78 345.15 327.8999 0 -0.124191 -0.2741586 -0.03572864 0.9529623
3.4327 FirstCar -33.74492 0.025 2.97 0 90 0 0 0.7071068 0 0.7071068 11.28321 0
3.4327 SecondCar -66.25114 0.025 2.97 0 90 0 0 0.7071068 0 0.7071068 11.26518 0
3.4331 Head 0 1.6 0.78 345.15 327.8999 0 -0.124191 -0.2741586 -0.03572864 0.9529623
3.4331 FirstCar -33.74091 0.025 2.97 0 90 0 0 0.7071068 0 0.7071068 11.28235 0
3.4331 SecondCar -66.24714 0.025 2.97 0 90 0 0 0.7071068 0 0.7071068 11.26432 0
3.4335 Head 0 1.6 0.78 345.15 327.8999 0 -0.124191 -0.2741586 -0.03572864 0.9529623
3.4335 FirstCar -33.73687 0.025 2.97 0 90 0 0 0.7071068 0 0.7071068 11.28149 0
3.4335 SecondCar -66.2431 0.025 2.97 0 90 0 0 0.7071068 0 0.7071068 11.26346 0
3.4338 Head 0 1.6 0.78 345.15 327.8999 0 -0.124191 -0.2741586 -0.03572864 0.9529623
3.4338 FirstCar -33.73278 0.025 2.97 0 90 0 0 0.7071068 0 0.7071068 11.28062 0
3.4338 SecondCar -66.23901 0.025 2.97 0 90 0 0 0.7071068 0 0.7071068 11.26259 0
3.4342 Head 0 1.6 0.78 345.15 327.8999 0 -0.124191 -0.2741586 -0.03572864 0.9529623
3.4342 FirstCar -33.72853 0.025 2.97 0 90 0 0 0.7071068 0 0.7071068 11.27972 0
3.4342 SecondCar -66.23477 0.025 2.97 0 90 0 0 0.7071068 0 0.7071068 11.26169 0
3.4346 Head 0 1.6 0.78 345.15 327.8999 0 -0.124191 -0.2741586 -0.03572864 0.9529623
3.4346 FirstCar -33.72424 0.025 2.97 0 90 0 0 0.7071068 0 0.7071068 11.27881 0
3.4346 SecondCar -66.23049 0.025 2.97 0 90 0 0 0.7071068 0 0.7071068 11.26078 0
3.4350 Head 0 1.6 0.78 345.15 327.8999 0 -0.124191 -0.2741586 -0.03572864 0.9529623
3.4350 FirstCar -33.71919 0.025 2.97 0 90 0 0 0.7071068 0 0.7071068 11.27773 0
3.4350 SecondCar -66.22544 0.025 2.97 0 90 0 0 0.7071068 0 0.7071068 11.2597 0
3.4354 Head 0 1.6 0.78 345.15 327.8999 0 -0.124191 -0.2741586 -0.03572864 0.9529623
3.4354 FirstCar -33.71483 0.025 2.97 0 90 0 0 0.7071068 0 0.7071068 11.2768 0
3.4354 SecondCar -66.22108 0.025 2.97 0 90 0 0 0.7071068 0 0.7071068 11.25877 0
3.4358 Head 0 1.6 0.78 345.15 327.8999 0 -0.124191 -0.2741586 -0.03572864 0.9529623
3.4358 FirstCar -33.7108 0.025 2.97 0 90 0 0 0.7071068 0 0.7071068 11.27595 0
3.4358 SecondCar -66.21706 0.025 2.97 0 90 0 0 0.7071068 0 0.7071068 11.25792 0
3.4361 Head 0 1.6 0.78 345.15 327.8999 0 -0.124191 -0.2741586 -0.03572864 0.9529623
3.4361 FirstCar -33.70666 0.025 2.97 0 90 0 0 0.7071068 0 0.7071068 11.27507 0
3.4361 SecondCar -66.21293 0.025 2.97 0 90 0 0 0.7071068 0 0.7071068 11.25704 0
3.4366 Head 0 1.6 0.78 345.15 327.8999 0 -0.124191 -0.2741586 -0.03572864 0.9529623
3.4366 FirstCar -33.70185 0.025 2.97 0 90 0 0 0.7071068 0 0.7071068 11.27404 0
3.4366 SecondCar -66.20812 0.025 2.97 0 90 0 0 0.7071068 0 0.7071068 11.25601 0
3.4370 Head 0 1.6 0.78 345.15 327.8999 0 -0.124191 -0.2741586 -0.03572864 0.9529623
3.4370 FirstCar -33.6969 0.025 2.97 0 90 0 0 0.7071068 0 0.7071068 11.27299 0
3.4370 SecondCar -66.20319 0.025 2.97 0 90 0 0 0.7071068 0 0.7071068 11.25496 0
3.4375 Head 0 1.6 0.78 345.15 327.8999 0 -0.124191 -0.2741586 -0.03572864 0.9529623
3.4375 FirstCar -33.6913 0.025 2.97 0 90 0 0 0.7071068 0 0.7071068 11.2718 0
3.4375 SecondCar -66.19759 0.025 2.97 0 90 0 0 0.7071068 0 0.7071068 11.25377 0
3.4383 Head 0 1.6 0.78 345.15 327.8999 0 -0.124191 -0.2741586 -0.03572864 0.9529623
3.4383 FirstCar -33.6825 0.025 2.97 0 90 0 0 0.7071068 0 0.7071068 11.26992 0
3.4383 SecondCar -66.1888 0.025 2.97 0 90 0 0 0.7071068 0 0.7071068 11.25189 0
3.4387 Head 0 1.6 0.78 345.15 327.8999 0 -0.124191 -0.2741586 -0.03572864 0.9529623
3.4387 FirstCar -33.67783 0.025 2.97 0 90 0 0 0.7071068 0 0.7071068 11.26893 0
3.4387 SecondCar -66.18414 0.025 2.97 0 90 0 0 0.7071068 0 0.7071068 11.2509 0
3.4391 Head 0 1.6 0.78 345.15 327.8999 0 -0.124191 -0.2741586 -0.03572864 0.9529623
3.4391 FirstCar -33.67368 0.025 2.97 0 90 0 0 0.7071068 0 0.7071068 11.26804 0
3.4391 SecondCar -66.18 0.025 2.97 0 90 0 0 0.7071068 0 0.7071068 11.25001 0
3.4395 Head 0 1.6 0.78 345.15 327.8999 0 -0.124191 -0.2741586 -0.03572864 0.9529623
3.4395 FirstCar -33.66929 0.025 2.97 0 90 0 0 0.7071068 0 0.7071068 11.26711 0
3.4395 SecondCar -66.17561 0.025 2.97 0 90 0 0 0.7071068 0 0.7071068 11.24908 0
3.4398 Head 0 1.6 0.78 345.15 327.8999 0 -0.124191 -0.2741586 -0.03572864 0.9529623
3.4398 FirstCar -33.66531 0.025 2.97 0 90 0 0 0.7071068 0 0.7071068 11.26626 0
3.4398 SecondCar -66.17165 0.025 2.97 0 90 0 0 0.7071068 0 0.7071068 11.24823 0
3.4402 Head 0 1.6 0.78 345.15 327.8999 0 -0.124191 -0.2741586 -0.03572864 0.9529623
3.4402 FirstCar -33.6609 0.025 2.97 0 90 0 0 0.7071068 0 0.7071068 11.26532 0
3.4402 SecondCar -66.16724 0.025 2.97 0 90 0 0 0.7071068 0 0.7071068 11.24729 0
3.4406 Head 0 1.6 0.78 345.15 327.8999 0 -0.124191 -0.2741586 -0.03572864 0.9529623
3.4406 FirstCar -33.65649 0.025 2.97 0 90 0 0 0.7071068 0 0.7071068 11.26438 0
3.4406 SecondCar -66.16283 0.025 2.97 0 90 0 0 0.7071068 0 0.7071068 11.24635 0
3.4410 Head 0 1.6 0.78 345.15 327.8999 0 -0.124191 -0.2741586 -0.03572864 0.9529623
3.4410 FirstCar -33.65244 0.025 2.97 0 90 0 0 0.7071068 0 0.7071068 11.26352 0
3.4410 SecondCar -66.15879 0.025 2.97 0 90 0 0 0.7071068 0 0.7071068 11.24549 0
3.4413 Head 0 1.6 0.78 345.15 327.8999 0 -0.124191 -0.2741586 -0.03572864 0.9529623
3.4413 FirstCar -33.64819 0.025 2.97 0 90 0 0 0.7071068 0 0.7071068 11.26261 0
3.4413 SecondCar -66.15455 0.025 2.97 0 90 0 0 0.7071068 0 0.7071068 11.24458 0
3.4417 Head 0 1.6 0.78 345.15 327.8999 0 -0.124191 -0.2741586 -0.03572864 0.9529623
3.4417 FirstCar -33.64429 0.025 2.97 0 90 0 0 0.7071068 0 0.7071068 11.26178 0
3.4417 SecondCar -66.15066 0.025 2.97 0 90 0 0 0.7071068 0 0.7071068 11.24375 0
3.4420 Head 0 1.6 0.78 345.15 327.8999 0 -0.124191 -0.2741586 -0.03572864 0.9529623
3.4420 FirstCar -33.64019 0.025 2.97 0 90 0 0 0.7071068 0 0.7071068 11.26091 0
3.4420 SecondCar -66.14656 0.025 2.97 0 90 0 0 0.7071068 0 0.7071068 11.24288 0
3.4424 Head 0 1.6 0.78 345.15 327.8999 0 -0.124191 -0.2741586 -0.03572864 0.9529623
3.4424 FirstCar -33.63616 0.025 2.97 0 90 0 0 0.7071068 0 0.7071068 11.26005 0
3.4424 SecondCar -66.14254 0.025 2.97 0 90 0 0 0.7071068 0 0.7071068 11.24202 0
3.4428 Head 0 1.6 0.78 345.15 327.8999 0 -0.124191 -0.2741586 -0.03572864 0.9529623
3.4428 FirstCar -33.6321 0.025 2.97 0 90 0 0 0.7071068 0 0.7071068 11.25918 0
3.4428 SecondCar -66.13849 0.025 2.97 0 90 0 0 0.7071068 0 0.7071068 11.24115 0
3.4431 Head 0 1.6 0.78 345.15 327.8999 0 -0.124191 -0.2741586 -0.03572864 0.9529623
3.4431 FirstCar -33.62814 0.025 2.97 0 90 0 0 0.7071068 0 0.7071068 11.25834 0
3.4431 SecondCar -66.13453 0.025 2.97 0 90 0 0 0.7071068 0 0.7071068 11.24031 0
3.4435 Head 0 1.6 0.78 345.15 327.8999 0 -0.124191 -0.2741586 -0.03572864 0.9529623
3.4435 FirstCar -33.6242 0.025 2.97 0 90 0 0 0.7071068 0 0.7071068 11.2575 0
3.4435 SecondCar -66.1306 0.025 2.97 0 90 0 0 0.7071068 0 0.7071068 11.23947 0
3.4438 Head 0 1.6 0.78 345.15 327.8999 0 -0.124191 -0.2741586 -0.03572864 0.9529623
3.4438 FirstCar -33.62005 0.025 2.97 0 90 0 0 0.7071068 0 0.7071068 11.25661 0
3.4438 SecondCar -66.12646 0.025 2.97 0 90 0 0 0.7071068 0 0.7071068 11.23858 0
3.4442 Head 0 1.6 0.78 345.15 327.8999 0 -0.124191 -0.2741586 -0.03572864 0.9529623
3.4442 FirstCar -33.61594 0.025 2.97 0 90 0 0 0.7071068 0 0.7071068 11.25574 0
3.4442 SecondCar -66.12235 0.025 2.97 0 90 0 0 0.7071068 0 0.7071068 11.23771 0
3.4445 Head 0 1.6 0.78 345.15 327.8999 0 -0.124191 -0.2741586 -0.03572864 0.9529623
3.4445 FirstCar -33.61195 0.025 2.97 0 90 0 0 0.7071068 0 0.7071068 11.25489 0
3.4445 SecondCar -66.11837 0.025 2.97 0 90 0 0 0.7071068 0 0.7071068 11.23686 0
3.4449 Head 0 1.6 0.78 345.15 327.8999 0 -0.124191 -0.2741586 -0.03572864 0.9529623
3.4449 FirstCar -33.60775 0.025 2.97 0 90 0 0 0.7071068 0 0.7071068 11.25399 0
3.4449 SecondCar -66.11417 0.025 2.97 0 90 0 0 0.7071068 0 0.7071068 11.23596 0
3.4453 Head 0 1.6 0.78 345.15 327.8999 0 -0.124191 -0.2741586 -0.03572864 0.9529623
3.4453 FirstCar -33.60356 0.025 2.97 0 90 0 0 0.7071068 0 0.7071068 11.2531 0
3.4453 SecondCar -66.10999 0.025 2.97 0 90 0 0 0.7071068 0 0.7071068 11.23507 0
3.4461 Head 0 1.6 0.78 345.15 327.8999 0 -0.124191 -0.2741586 -0.03572864 0.9529623
3.4461 FirstCar -33.59493 0.025 2.97 0 90 0 0 0.7071068 0 0.7071068 11.25126 0
3.4461 SecondCar -66.10137 0.025 2.97 0 90 0 0 0.7071068 0 0.7071068 11.23323 0
3.4466 Head 0 1.6 0.78 345.15 327.8999 0 -0.124191 -0.2741586 -0.03572864 0.9529623
3.4466 FirstCar -33.58864 0.025 2.97 0 90 0 0 0.7071068 0 0.7071068 11.24991 0
3.4466 SecondCar -66.09509 0.025 2.97 0 90 0 0 0.7071068 0 0.7071068 11.23188 0
3.4471 Head 0 1.6 0.78 345.15 327.8999 0 -0.124191 -0.2741586 -0.03572864 0.9529623
3.4471 FirstCar -33.5834 0.025 2.97 0 90 0 0 0.7071068 0 0.7071068 11.2488 0
3.4471 SecondCar -66.08987 0.025 2.97 0 90 0 0 0.7071068 0 0.7071068 11.23077 0
3.4475 Head 0 1.6 0.78 345.15 327.8999 0 -0.124191 -0.2741586 -0.03572864 0.9529623
3.4475 FirstCar -33.57887 0.025 2.97 0 90 0 0 0.7071068 0 0.7071068 11.24783 0
3.4475 SecondCar -66.08533 0.025 2.97 0 90 0 0 0.7071068 0 0.7071068 11.2298 0
3.4479 Head 0 1.6 0.78 345.15 327.8999 0 -0.124191 -0.2741586 -0.03572864 0.9529623
3.4479 FirstCar -33.57465 0.025 2.97 0 90 0 0 0.7071068 0 0.7071068 11.24693 0
3.4479 SecondCar -66.08113 0.025 2.97 0 90 0 0 0.7071068 0 0.7071068 11.2289 0
3.4483 Head 0 1.6 0.78 345.15 327.8999 0 -0.124191 -0.2741586 -0.03572864 0.9529623
3.4483 FirstCar -33.57026 0.025 2.97 0 90 0 0 0.7071068 0 0.7071068 11.24599 0
3.4483 SecondCar -66.07674 0.025 2.97 0 90 0 0 0.7071068 0 0.7071068 11.22796 0
3.4486 Head 0 1.6 0.78 345.15 327.8999 0 -0.124191 -0.2741586 -0.03572864 0.9529623
3.4486 FirstCar -33.5662 0.025 2.97 0 90 0 0 0.7071068 0 0.7071068 11.24513 0
3.4486 SecondCar -66.07269 0.025 2.97 0 90 0 0 0.7071068 0 0.7071068 11.2271 0
3.4491 Head 0 1.6 0.78 345.15 327.8999 0 -0.124191 -0.2741586 -0.03572864 0.9529623
3.4491 FirstCar -33.56107 0.025 2.97 0 90 0 0 0.7071068 0 0.7071068 11.24403 0
3.4491 SecondCar -66.06757 0.025 2.97 0 90 0 0 0.7071068 0 0.7071068 11.226 0
3.4494 Head 0 1.6 0.78 345.15 327.8999 0 -0.124191 -0.2741586 -0.03572864 0.9529623
3.4494 FirstCar -33.55708 0.025 2.97 0 90 0 0 0.7071068 0 0.7071068 11.24318 0
3.4494 SecondCar -66.06358 0.025 2.97 0 90 0 0 0.7071068 0 0.7071068 11.22515 0
3.4498 Head 0 1.6 0.78 345.15 327.8999 0 -0.124191 -0.2741586 -0.03572864 0.9529623
3.4498 FirstCar -33.55309 0.025 2.97 0 90 0 0 0.7071068 0 0.7071068 11.24233 0
3.4498 SecondCar -66.05959 0.025 2.97 0 90 0 0 0.7071068 0 0.7071068 11.2243 0
3.4501 Head 0 1.6 0.78 345.15 327.8999 0 -0.124191 -0.2741586 -0.03572864 0.9529623
3.4501 FirstCar -33.54905 0.025 2.97 0 90 0 0 0.7071068 0 0.7071068 11.24146 0
3.4501 SecondCar -66.05556 0.025 2.97 0 90 0 0 0.7071068 0 0.7071068 11.22343 0
3.4508 Head 0 1.6 0.78 345.15 327.8999 0 -0.124191 -0.2741586 -0.03572864 0.9529623
3.4508 FirstCar -33.54171 0.025 2.97 0 90 0 0 0.7071068 0 0.7071068 11.2399 0
3.4508 SecondCar -66.04823 0.025 2.97 0 90 0 0 0.7071068 0 0.7071068 11.22187 0
3.4512 Head 0 1.6 0.78 345.15 327.8999 0 -0.124191 -0.2741586 -0.03572864 0.9529623
3.4512 FirstCar -33.53733 0.025 2.97 0 90 0 0 0.7071068 0 0.7071068 11.23896 0
3.4512 SecondCar -66.04386 0.025 2.97 0 90 0 0 0.7071068 0 0.7071068 11.22093 0
3.4516 Head 0 1.6 0.78 345.15 327.8999 0 -0.124191 -0.2741586 -0.03572864 0.9529623
3.4516 FirstCar -33.53316 0.025 2.97 0 90 0 0 0.7071068 0 0.7071068 11.23807 0
3.4516 SecondCar -66.0397 0.025 2.97 0 90 0 0 0.7071068 0 0.7071068 11.22004 0
3.4519 Head 0 1.6 0.78 345.15 327.8999 0 -0.124191 -0.2741586 -0.03572864 0.9529623
3.4519 FirstCar -33.52922 0.025 2.97 0 90 0 0 0.7071068 0 0.7071068 11.23723 0
3.4519 SecondCar -66.03577 0.025 2.97 0 90 0 0 0.7071068 0 0.7071068 11.2192 0
3.4523 Head 0 1.6 0.78 345.15 327.8999 0 -0.124191 -0.2741586 -0.03572864 0.9529623
3.4523 FirstCar -33.52475 0.025 2.97 0 90 0 0 0.7071068 0 0.7071068 11.23628 0
3.4523 SecondCar -66.0313 0.025 2.97 0 90 0 0 0.7071068 0 0.7071068 11.21825 0
3.4527 Head 0 1.6 0.78 345.15 327.8999 0 -0.124191 -0.2741586 -0.03572864 0.9529623
3.4527 FirstCar -33.52004 0.025 2.97 0 90 0 0 0.7071068 0 0.7071068 11.23527 0
3.4527 SecondCar -66.0266 0.025 2.97 0 90 0 0 0.7071068 0 0.7071068 11.21724 0
3.4531 Head 0 1.6 0.78 345.15 327.8999 0 -0.124191 -0.2741586 -0.03572864 0.9529623
3.4531 FirstCar -33.51596 0.025 2.97 0 90 0 0 0.7071068 0 0.7071068 11.2344 0
3.4531 SecondCar -66.02252 0.025 2.97 0 90 0 0 0.7071068 0 0.7071068 11.21637 0
3.4538 Head 0 1.6 0.78 345.15 327.8999 0 -0.124191 -0.2741586 -0.03572864 0.9529623
3.4538 FirstCar -33.50785 0.025 2.97 0 90 0 0 0.7071068 0 0.7071068 11.23267 0
3.4538 SecondCar -66.01443 0.025 2.97 0 90 0 0 0.7071068 0 0.7071068 11.21463 0
3.4542 Head 0 1.6 0.78 345.15 327.8999 0 -0.124191 -0.2741586 -0.03572864 0.9529623
3.4542 FirstCar -33.50358 0.025 2.97 0 90 0 0 0.7071068 0 0.7071068 11.23175 0
3.4542 SecondCar -66.01016 0.025 2.97 0 90 0 0 0.7071068 0 0.7071068 11.21372 0
3.4546 Head 0 1.6 0.78 345.15 327.8999 0 -0.124191 -0.2741586 -0.03572864 0.9529623
3.4546 FirstCar -33.49946 0.025 2.97 0 90 0 0 0.7071068 0 0.7071068 11.23087 0
3.4546 SecondCar -66.00605 0.025 2.97 0 90 0 0 0.7071068 0 0.7071068 11.21284 0
3.4550 Head 0 1.6 0.78 345.15 327.8999 0 -0.124191 -0.2741586 -0.03572864 0.9529623
3.4550 FirstCar -33.49487 0.025 2.97 0 90 0 0 0.7071068 0 0.7071068 11.22989 0
3.4550 SecondCar -66.00146 0.025 2.97 0 90 0 0 0.7071068 0 0.7071068 11.21186 0
3.4553 Head 0 1.6 0.78 345.15 327.8999 0 -0.124191 -0.2741586 -0.03572864 0.9529623
3.4553 FirstCar -33.49066 0.025 2.97 0 90 0 0 0.7071068 0 0.7071068 11.22899 0
3.4553 SecondCar -65.99726 0.025 2.97 0 90 0 0 0.7071068 0 0.7071068 11.21096 0
3.4557 Head 0 1.6 0.78 345.15 327.8999 0 -0.124191 -0.2741586 -0.03572864 0.9529623
3.4557 FirstCar -33.48658 0.025 2.97 0 90 0 0 0.7071068 0 0.7071068 11.22812 0
3.4557 SecondCar -65.99319 0.025 2.97 0 90 0 0 0.7071068 0 0.7071068 11.21009 0
3.4561 Head 0 1.6 0.78 345.15 327.8999 0 -0.124191 -0.2741586 -0.03572864 0.9529623
3.4561 FirstCar -33.48259 0.025 2.97 0 90 0 0 0.7071068 0 0.7071068 11.22727 0
3.4561 SecondCar -65.98921 0.025 2.97 0 90 0 0 0.7071068 0 0.7071068 11.20924 0
3.4565 Head 0 1.6 0.78 345.15 327.8999 0 -0.124191 -0.2741586 -0.03572864 0.9529623
3.4565 FirstCar -33.4781 0.025 2.97 0 90 0 0 0.7071068 0 0.7071068 11.22631 0
3.4565 SecondCar -65.98473 0.025 2.97 0 90 0 0 0.7071068 0 0.7071068 11.20828 0
3.4569 Head 0 1.6 0.78 345.15 327.8999 0 -0.124191 -0.2741586 -0.03572864 0.9529623
3.4569 FirstCar -33.47341 0.025 2.97 0 90 0 0 0.7071068 0 0.7071068 11.2253 0
3.4569 SecondCar -65.98004 0.025 2.97 0 90 0 0 0.7071068 0 0.7071068 11.20727 0
3.4572 Head 0 1.6 0.78 345.15 327.8999 0 -0.124191 -0.2741586 -0.03572864 0.9529623
3.4572 FirstCar -33.46928 0.025 2.97 0 90 0 0 0.7071068 0 0.7071068 11.22442 0
3.4572 SecondCar -65.97592 0.025 2.97 0 90 0 0 0.7071068 0 0.7071068 11.20639 0
3.4576 Head 0 1.6 0.78 345.15 327.8999 0 -0.124191 -0.2741586 -0.03572864 0.9529623
3.4576 FirstCar -33.46502 0.025 2.97 0 90 0 0 0.7071068 0 0.7071068 11.22351 0
3.4576 SecondCar -65.97166 0.025 2.97 0 90 0 0 0.7071068 0 0.7071068 11.20548 0
3.4580 Head 0 1.6 0.78 345.15 327.8999 0 -0.124191 -0.2741586 -0.03572864 0.9529623
3.4580 FirstCar -33.46077 0.025 2.97 0 90 0 0 0.7071068 0 0.7071068 11.2226 0
3.4580 SecondCar -65.96741 0.025 2.97 0 90 0 0 0.7071068 0 0.7071068 11.20457 0
3.4584 Head 0 1.6 0.78 345.15 327.8999 0 -0.124191 -0.2741586 -0.03572864 0.9529623
3.4584 FirstCar -33.4567 0.025 2.97 0 90 0 0 0.7071068 0 0.7071068 11.22173 0
3.4584 SecondCar -65.96336 0.025 2.97 0 90 0 0 0.7071068 0 0.7071068 11.2037 0
3.4587 Head 0 1.6 0.78 345.15 327.8999 0 -0.124191 -0.2741586 -0.03572864 0.9529623
3.4587 FirstCar -33.45246 0.025 2.97 0 90 0 0 0.7071068 0 0.7071068 11.22083 0
3.4587 SecondCar -65.95913 0.025 2.97 0 90 0 0 0.7071068 0 0.7071068 11.2028 0
3.4591 Head 0 1.6 0.78 345.15 327.8999 0 -0.124191 -0.2741586 -0.03572864 0.9529623
3.4591 FirstCar -33.44847 0.025 2.97 0 90 0 0 0.7071068 0 0.7071068 11.21997 0
3.4591 SecondCar -65.95515 0.025 2.97 0 90 0 0 0.7071068 0 0.7071068 11.20194 0
3.4594 Head 0 1.6 0.78 345.15 327.8999 0 -0.124191 -0.2741586 -0.03572864 0.9529623
3.4594 FirstCar -33.44454 0.025 2.97 0 90 0 0 0.7071068 0 0.7071068 11.21913 0
3.4594 SecondCar -65.95122 0.025 2.97 0 90 0 0 0.7071068 0 0.7071068 11.2011 0
3.4598 Head 0 1.6 0.78 345.15 327.8999 0 -0.124191 -0.2741586 -0.03572864 0.9529623
3.4598 FirstCar -33.44059 0.025 2.97 0 90 0 0 0.7071068 0 0.7071068 11.21829 0
3.4598 SecondCar -65.94727 0.025 2.97 0 90 0 0 0.7071068 0 0.7071068 11.20026 0
3.4602 Head 0 1.6 0.78 345.15 327.8999 0 -0.124191 -0.2741586 -0.03572864 0.9529623
3.4602 FirstCar -33.43589 0.025 2.97 0 90 0 0 0.7071068 0 0.7071068 11.21728 0
3.4602 SecondCar -65.94257 0.025 2.97 0 90 0 0 0.7071068 0 0.7071068 11.19925 0
3.4606 Head 0 1.6 0.78 345.15 327.8999 0 -0.124191 -0.2741586 -0.03572864 0.9529623
3.4606 FirstCar -33.43114 0.025 2.97 0 90 0 0 0.7071068 0 0.7071068 11.21626 0
3.4606 SecondCar -65.93783 0.025 2.97 0 90 0 0 0.7071068 0 0.7071068 11.19823 0
3.4610 Head 0 1.6 0.78 345.15 327.8999 0 -0.124191 -0.2741586 -0.03572864 0.9529623
3.4610 FirstCar -33.42699 0.025 2.97 0 90 0 0 0.7071068 0 0.7071068 11.21538 0
3.4610 SecondCar -65.93369 0.025 2.97 0 90 0 0 0.7071068 0 0.7071068 11.19735 0
3.4615 Head 0 1.6 0.78 345.15 327.8999 0 -0.124191 -0.2741586 -0.03572864 0.9529623
3.4615 FirstCar -33.42165 0.025 2.97 0 90 0 0 0.7071068 0 0.7071068 11.21423 0
3.4615 SecondCar -65.92836 0.025 2.97 0 90 0 0 0.7071068 0 0.7071068 11.1962 0
3.4623 Head 0 1.6 0.78 345.15 327.8999 0 -0.124191 -0.2741586 -0.03572864 0.9529623
3.4623 FirstCar -33.41298 0.025 2.97 0 90 0 0 0.7071068 0 0.7071068 11.21238 0
3.4623 SecondCar -65.9197 0.025 2.97 0 90 0 0 0.7071068 0 0.7071068 11.19435 0
3.4627 Head 0 1.6 0.78 345.15 327.8999 0 -0.124191 -0.2741586 -0.03572864 0.9529623
3.4627 FirstCar -33.40836 0.025 2.97 0 90 0 0 0.7071068 0 0.7071068 11.21139 0
3.4627 SecondCar -65.91508 0.025 2.97 0 90 0 0 0.7071068 0 0.7071068 11.19336 0
3.4631 Head 0 1.6 0.78 345.15 327.8999 0 -0.124191 -0.2741586 -0.03572864 0.9529623
3.4631 FirstCar -33.40349 0.025 2.97 0 90 0 0 0.7071068 0 0.7071068 11.21035 0
3.4631 SecondCar -65.91023 0.025 2.97 0 90 0 0 0.7071068 0 0.7071068 11.19232 0
3.4635 Head 0 1.6 0.78 345.15 327.8999 0 -0.124191 -0.2741586 -0.03572864 0.9529623
3.4635 FirstCar -33.39924 0.025 2.97 0 90 0 0 0.7071068 0 0.7071068 11.20944 0
3.4635 SecondCar -65.90599 0.025 2.97 0 90 0 0 0.7071068 0 0.7071068 11.19141 0
3.4639 Head 0 1.6 0.78 345.15 327.8999 0 -0.124191 -0.2741586 -0.03572864 0.9529623
3.4639 FirstCar -33.39457 0.025 2.97 0 90 0 0 0.7071068 0 0.7071068 11.20844 0
3.4639 SecondCar -65.90132 0.025 2.97 0 90 0 0 0.7071068 0 0.7071068 11.19041 0
3.4643 Head 0 1.6 0.78 345.15 327.8999 0 -0.124191 -0.2741586 -0.03572864 0.9529623
3.4643 FirstCar -33.39018 0.025 2.97 0 90 0 0 0.7071068 0 0.7071068 11.2075 0
3.4643 SecondCar -65.89694 0.025 2.97 0 90 0 0 0.7071068 0 0.7071068 11.18947 0
3.4647 Head 0 1.6 0.78 345.15 327.8999 0 -0.124191 -0.2741586 -0.03572864 0.9529623
3.4647 FirstCar -33.38591 0.025 2.97 0 90 0 0 0.7071068 0 0.7071068 11.20658 0
3.4647 SecondCar -65.89268 0.025 2.97 0 90 0 0 0.7071068 0 0.7071068 11.18855 0
3.4651 Head 0 1.6 0.78 345.15 327.8999 0 -0.124191 -0.2741586 -0.03572864 0.9529623
3.4651 FirstCar -33.38069 0.025 2.97 0 90 0 0 0.7071068 0 0.7071068 11.20546 0
3.4651 SecondCar -65.88747 0.025 2.97 0 90 0 0 0.7071068 0 0.7071068 11.18743 0
3.4655 Head 0 1.6 0.78 345.15 327.8999 0 -0.124191 -0.2741586 -0.03572864 0.9529623
3.4655 FirstCar -33.37671 0.025 2.97 0 90 0 0 0.7071068 0 0.7071068 11.20461 0
3.4655 SecondCar -65.8835 0.025 2.97 0 90 0 0 0.7071068 0 0.7071068 11.18658 0
3.4659 Head 0 1.6 0.78 345.15 327.8999 0 -0.124191 -0.2741586 -0.03572864 0.9529623
3.4659 FirstCar -33.37262 0.025 2.97 0 90 0 0 0.7071068 0 0.7071068 11.20374 0
3.4659 SecondCar -65.87941 0.025 2.97 0 90 0 0 0.7071068 0 0.7071068 11.18571 0
3.4662 Head 0 1.6 0.78 345.15 327.8999 0 -0.124191 -0.2741586 -0.03572864 0.9529623
3.4662 FirstCar -33.36858 0.025 2.97 0 90 0 0 0.7071068 0 0.7071068 11.20287 0
3.4662 SecondCar -65.87538 0.025 2.97 0 90 0 0 0.7071068 0 0.7071068 11.18484 0
3.4666 Head 0 1.6 0.78 345.15 327.8999 0 -0.124191 -0.2741586 -0.03572864 0.9529623
3.4666 FirstCar -33.36454 0.025 2.97 0 90 0 0 0.7071068 0 0.7071068 11.20201 0
3.4666 SecondCar -65.87135 0.025 2.97 0 90 0 0 0.7071068 0 0.7071068 11.18398 0
3.4669 Head 0 1.6 0.78 345.15 327.8999 0 -0.124191 -0.2741586 -0.03572864 0.9529623
3.4669 FirstCar -33.36066 0.025 2.97 0 90 0 0 0.7071068 0 0.7071068 11.20117 0
3.4669 SecondCar -65.86747 0.025 2.97 0 90 0 0 0.7071068 0 0.7071068 11.18314 0
3.4673 Head 0 1.6 0.78 345.15 327.8999 0 -0.124191 -0.2741586 -0.03572864 0.9529623
3.4673 FirstCar -33.35676 0.025 2.97 0 90 0 0 0.7071068 0 0.7071068 11.20034 0
3.4673 SecondCar -65.86358 0.025 2.97 0 90 0 0 0.7071068 0 0.7071068 11.18231 0
3.4677 Head 0 1.6 0.78 345.15 327.8999 0 -0.124191 -0.2741586 -0.03572864 0.9529623
3.4677 FirstCar -33.35224 0.025 2.97 0 90 0 0 0.7071068 0 0.7071068 11.19937 0
3.4677 SecondCar -65.85906 0.025 2.97 0 90 0 0 0.7071068 0 0.7071068 11.18134 0
3.4681 Head 0 1.6 0.78 345.15 327.8999 0 -0.124191 -0.2741586 -0.03572864 0.9529623
3.4681 FirstCar -33.34739 0.025 2.97 0 90 0 0 0.7071068 0 0.7071068 11.19833 0
3.4681 SecondCar -65.85421 0.025 2.97 0 90 0 0 0.7071068 0 0.7071068 11.1803 0
3.4685 Head 0 1.6 0.78 345.15 327.8999 0 -0.124191 -0.2741586 -0.03572864 0.9529623
3.4685 FirstCar -33.34298 0.025 2.97 0 90 0 0 0.7071068 0 0.7071068 11.19738 0
3.4685 SecondCar -65.84982 0.025 2.97 0 90 0 0 0.7071068 0 0.7071068 11.17935 0
3.4689 Head 0 1.6 0.78 345.15 327.8999 0 -0.124191 -0.2741586 -0.03572864 0.9529623
3.4689 FirstCar -33.33876 0.025 2.97 0 90 0 0 0.7071068 0 0.7071068 11.19648 0
3.4689 SecondCar -65.8456 0.025 2.97 0 90 0 0 0.7071068 0 0.7071068 11.17845 0
3.4693 Head 0 1.6 0.78 345.15 327.8999 0 -0.124191 -0.2741586 -0.03572864 0.9529623
3.4693 FirstCar -33.33426 0.025 2.97 0 90 0 0 0.7071068 0 0.7071068 11.19552 0
3.4693 SecondCar -65.84111 0.025 2.97 0 90 0 0 0.7071068 0 0.7071068 11.17749 0
3.4700 Head 0 1.6 0.78 345.15 327.8999 0 -0.124191 -0.2741586 -0.03572864 0.9529623
3.4700 FirstCar -33.32615 0.025 2.97 0 90 0 0 0.7071068 0 0.7071068 11.19378 0
3.4700 SecondCar -65.83302 0.025 2.97 0 90 0 0 0.7071068 0 0.7071068 11.17575 0
3.4704 Head 0 1.6 0.78 345.15 327.8999 0 -0.124191 -0.2741586 -0.03572864 0.9529623
3.4704 FirstCar -33.32122 0.025 2.97 0 90 0 0 0.7071068 0 0.7071068 11.19272 0
3.4704 SecondCar -65.82809 0.025 2.97 0 90 0 0 0.7071068 0 0.7071068 11.17469 0
3.4711 Head 0 1.6 0.78 345.15 327.8999 0 -0.124191 -0.2741586 -0.03572864 0.9529623
3.4711 FirstCar -33.31373 0.025 2.97 0 90 0 0 0.7071068 0 0.7071068 11.19111 0
3.4711 SecondCar -65.82062 0.025 2.97 0 90 0 0 0.7071068 0 0.7071068 11.17308 0
3.4715 Head 0 1.6 0.78 345.15 327.8999 0 -0.124191 -0.2741586 -0.03572864 0.9529623
3.4715 FirstCar -33.30932 0.025 2.97 0 90 0 0 0.7071068 0 0.7071068 11.19017 0
3.4715 SecondCar -65.81621 0.025 2.97 0 90 0 0 0.7071068 0 0.7071068 11.17214 0
3.4719 Head 0 1.6 0.78 345.15 327.8999 0 -0.124191 -0.2741586 -0.03572864 0.9529623
3.4719 FirstCar -33.30484 0.025 2.97 0 90 0 0 0.7071068 0 0.7071068 11.18921 0
3.4719 SecondCar -65.81174 0.025 2.97 0 90 0 0 0.7071068 0 0.7071068 11.17118 0
3.4723 Head 0 1.6 0.78 345.15 327.8999 0 -0.124191 -0.2741586 -0.03572864 0.9529623
3.4723 FirstCar -33.30039 0.025 2.97 0 90 0 0 0.7071068 0 0.7071068 11.18825 0
3.4723 SecondCar -65.8073 0.025 2.97 0 90 0 0 0.7071068 0 0.7071068 11.17022 0
3.4728 Head 0 1.6 0.78 345.15 327.8999 0 -0.124191 -0.2741586 -0.03572864 0.9529623
3.4728 FirstCar -33.29501 0.025 2.97 0 90 0 0 0.7071068 0 0.7071068 11.1871 0
3.4728 SecondCar -65.80193 0.025 2.97 0 90 0 0 0.7071068 0 0.7071068 11.16907 0
3.4733 Head 0 1.6 0.78 345.15 327.8999 0 -0.124191 -0.2741586 -0.03572864 0.9529623
3.4733 FirstCar -33.28966 0.025 2.97 0 90 0 0 0.7071068 0 0.7071068 11.18595 0
3.4733 SecondCar -65.79659 0.025 2.97 0 90 0 0 0.7071068 0 0.7071068 11.16792 0
3.4737 Head 0 1.6 0.78 345.15 327.8999 0 -0.124191 -0.2741586 -0.03572864 0.9529623
3.4737 FirstCar -33.28522 0.025 2.97 0 90 0 0 0.7071068 0 0.7071068 11.185 0
3.4737 SecondCar -65.79216 0.025 2.97 0 90 0 0 0.7071068 0 0.7071068 11.16697 0
3.4741 Head 0 1.6 0.78 345.15 327.8999 0 -0.124191 -0.2741586 -0.03572864 0.9529623
3.4741 FirstCar -33.28082 0.025 2.97 0 90 0 0 0.7071068 0 0.7071068 11.18405 0
3.4741 SecondCar -65.78776 0.025 2.97 0 90 0 0 0.7071068 0 0.7071068 11.16602 0
3.4745 Head 0 1.6 0.78 345.15 327.8999 0 -0.124191 -0.2741586 -0.03572864 0.9529623
3.4745 FirstCar -33.27545 0.025 2.97 0 90 0 0 0.7071068 0 0.7071068 11.1829 0
3.4745 SecondCar -65.7824 0.025 2.97 0 90 0 0 0.7071068 0 0.7071068 11.16487 0
3.4749 Head 0 1.6 0.78 345.15 327.8999 0 -0.124191 -0.2741586 -0.03572864 0.9529623
3.4749 FirstCar -33.27092 0.025 2.97 0 90 0 0 0.7071068 0 0.7071068 11.18193 0
3.4749 SecondCar -65.77787 0.025 2.97 0 90 0 0 0.7071068 0 0.7071068 11.1639 0
3.4754 Head 0 1.6 0.78 345.15 327.8999 0 -0.124191 -0.2741586 -0.03572864 0.9529623
3.4754 FirstCar -33.2662 0.025 2.97 0 90 0 0 0.7071068 0 0.7071068 11.18092 0
3.4754 SecondCar -65.77317 0.025 2.97 0 90 0 0 0.7071068 0 0.7071068 11.16289 0
3.4757 Head 0 1.6 0.78 345.15 327.8999 0 -0.124191 -0.2741586 -0.03572864 0.9529623
3.4757 FirstCar -33.26207 0.025 2.97 0 90 0 0 0.7071068 0 0.7071068 11.18003 0
3.4757 SecondCar -65.76904 0.025 2.97 0 90 0 0 0.7071068 0 0.7071068 11.162 0
3.4761 Head 0 1.6 0.78 345.15 327.8999 0 -0.124191 -0.2741586 -0.03572864 0.9529623
3.4761 FirstCar -33.25803 0.025 2.97 0 90 0 0 0.7071068 0 0.7071068 11.17916 0
3.4761 SecondCar -65.76501 0.025 2.97 0 90 0 0 0.7071068 0 0.7071068 11.16113 0
3.4765 Head 0 1.6 0.78 345.15 327.8999 0 -0.124191 -0.2741586 -0.03572864 0.9529623
3.4765 FirstCar -33.254 0.025 2.97 0 90 0 0 0.7071068 0 0.7071068 11.1783 0
3.4765 SecondCar -65.76098 0.025 2.97 0 90 0 0 0.7071068 0 0.7071068 11.16027 0
3.4768 Head 0 1.6 0.78 345.15 327.8999 0 -0.124191 -0.2741586 -0.03572864 0.9529623
3.4768 FirstCar -33.2501 0.025 2.97 0 90 0 0 0.7071068 0 0.7071068 11.17746 0
3.4768 SecondCar -65.75708 0.025 2.97 0 90 0 0 0.7071068 0 0.7071068 11.15943 0
3.4772 Head 0 1.6 0.78 345.15 327.8999 0 -0.124191 -0.2741586 -0.03572864 0.9529623
3.4772 FirstCar -33.24561 0.025 2.97 0 90 0 0 0.7071068 0 0.7071068 11.17649 0
3.4772 SecondCar -65.7526 0.025 2.97 0 90 0 0 0.7071068 0 0.7071068 11.15846 0
3.4780 Head 0 1.6 0.78 345.15 327.8999 0 -0.124191 -0.2741586 -0.03572864 0.9529623
3.4780 FirstCar -33.23701 0.025 2.97 0 90 0 0 0.7071068 0 0.7071068 11.17465 0
3.4780 SecondCar -65.74403 0.025 2.97 0 90 0 0 0.7071068 0 0.7071068 11.15662 0
3.4784 Head 0 1.6 0.78 345.15 327.8999 0 -0.124191 -0.2741586 -0.03572864 0.9529623
3.4784 FirstCar -33.23215 0.025 2.97 0 90 0 0 0.7071068 0 0.7071068 11.1736 0
3.4784 SecondCar -65.73917 0.025 2.97 0 90 0 0 0.7071068 0 0.7071068 11.15557 0
3.4788 Head 0 1.6 0.78 345.15 327.8999 0 -0.124191 -0.2741586 -0.03572864 0.9529623
3.4788 FirstCar -33.22775 0.025 2.97 0 90 0 0 0.7071068 0 0.7071068 11.17266 0
3.4788 SecondCar -65.73477 0.025 2.97 0 90 0 0 0.7071068 0 0.7071068 11.15463 0
3.4792 Head 0 1.6 0.78 345.15 327.8999 0 -0.124191 -0.2741586 -0.03572864 0.9529623
3.4792 FirstCar -33.22365 0.025 2.97 0 90 0 0 0.7071068 0 0.7071068 11.17178 0
3.4792 SecondCar -65.73068 0.025 2.97 0 90 0 0 0.7071068 0 0.7071068 11.15375 0
3.4796 Head 0 1.6 0.78 345.15 327.8999 0 -0.124191 -0.2741586 -0.03572864 0.9529623
3.4796 FirstCar -33.21882 0.025 2.97 0 90 0 0 0.7071068 0 0.7071068 11.17074 0
3.4796 SecondCar -65.72586 0.025 2.97 0 90 0 0 0.7071068 0 0.7071068 11.15271 0
3.4800 Head 0 1.6 0.78 345.15 327.8999 0 -0.124191 -0.2741586 -0.03572864 0.9529623
3.4800 FirstCar -33.2141 0.025 2.97 0 90 0 0 0.7071068 0 0.7071068 11.16973 0
3.4800 SecondCar -65.72115 0.025 2.97 0 90 0 0 0.7071068 0 0.7071068 11.1517 0
3.4804 Head 0 1.6 0.78 345.15 327.8999 0 -0.124191 -0.2741586 -0.03572864 0.9529623
3.4804 FirstCar -33.2098 0.025 2.97 0 90 0 0 0.7071068 0 0.7071068 11.1688 0
3.4804 SecondCar -65.71685 0.025 2.97 0 90 0 0 0.7071068 0 0.7071068 11.15077 0
3.4808 Head 0 1.6 0.78 345.15 327.8999 0 -0.124191 -0.2741586 -0.03572864 0.9529623
3.4808 FirstCar -33.20522 0.025 2.97 0 90 0 0 0.7071068 0 0.7071068 11.16782 0
3.4808 SecondCar -65.71228 0.025 2.97 0 90 0 0 0.7071068 0 0.7071068 11.14979 0
3.4812 Head 0 1.6 0.78 345.15 327.8999 0 -0.124191 -0.2741586 -0.03572864 0.9529623
3.4812 FirstCar -33.20117 0.025 2.97 0 90 0 0 0.7071068 0 0.7071068 11.16695 0
3.4812 SecondCar -65.70824 0.025 2.97 0 90 0 0 0.7071068 0 0.7071068 11.14892 0
3.4816 Head 0 1.6 0.78 345.15 327.8999 0 -0.124191 -0.2741586 -0.03572864 0.9529623
3.4816 FirstCar -33.19695 0.025 2.97 0 90 0 0 0.7071068 0 0.7071068 11.16604 0
3.4816 SecondCar -65.70402 0.025 2.97 0 90 0 0 0.7071068 0 0.7071068 11.14801 0
3.4819 Head 0 1.6 0.78 345.15 327.8999 0 -0.124191 -0.2741586 -0.03572864 0.9529623
3.4819 FirstCar -33.19297 0.025 2.97 0 90 0 0 0.7071068 0 0.7071068 11.16519 0
3.4819 SecondCar -65.70006 0.025 2.97 0 90 0 0 0.7071068 0 0.7071068 11.14716 0
3.4823 Head 0 1.6 0.78 345.15 327.8999 0 -0.124191 -0.2741586 -0.03572864 0.9529623
3.4823 FirstCar -33.1891 0.025 2.97 0 90 0 0 0.7071068 0 0.7071068 11.16435 0
3.4823 SecondCar -65.69619 0.025 2.97 0 90 0 0 0.7071068 0 0.7071068 11.14632 0
3.4826 Head 0 1.6 0.78 345.15 327.8999 0 -0.124191 -0.2741586 -0.03572864 0.9529623
3.4826 FirstCar -33.18511 0.025 2.97 0 90 0 0 0.7071068 0 0.7071068 11.16349 0
3.4826 SecondCar -65.69221 0.025 2.97 0 90 0 0 0.7071068 0 0.7071068 11.14546 0
3.4830 Head 0 1.6 0.78 345.15 327.8999 0 -0.124191 -0.2741586 -0.03572864 0.9529623
3.4830 FirstCar -33.18106 0.025 2.97 0 90 0 0 0.7071068 0 0.7071068 11.16262 0
3.4830 SecondCar -65.68816 0.025 2.97 0 90 0 0 0.7071068 0 0.7071068 11.14459 0
3.4834 Head 0 1.6 0.78 345.15 327.8999 0 -0.124191 -0.2741586 -0.03572864 0.9529623
3.4834 FirstCar -33.17699 0.025 2.97 0 90 0 0 0.7071068 0 0.7071068 11.16175 0
3.4834 SecondCar -65.6841 0.025 2.97 0 90 0 0 0.7071068 0 0.7071068 11.14372 0
3.4837 Head 0 1.6 0.78 345.15 327.8999 0 -0.124191 -0.2741586 -0.03572864 0.9529623
3.4837 FirstCar -33.17313 0.025 2.97 0 90 0 0 0.7071068 0 0.7071068 11.16092 0
3.4837 SecondCar -65.68025 0.025 2.97 0 90 0 0 0.7071068 0 0.7071068 11.14289 0
3.4840 Head 0 1.6 0.78 345.15 327.8999 0 -0.124191 -0.2741586 -0.03572864 0.9529623
3.4840 FirstCar -33.16925 0.025 2.97 0 90 0 0 0.7071068 0 0.7071068 11.16008 0
3.4840 SecondCar -65.67638 0.025 2.97 0 90 0 0 0.7071068 0 0.7071068 11.14205 0
3.4847 Head 0 1.6 0.78 345.15 327.8999 0 -0.124191 -0.2741586 -0.03572864 0.9529623
3.4847 FirstCar -33.16162 0.025 2.97 0 90 0 0 0.7071068 0 0.7071068 11.15844 0
3.4847 SecondCar -65.66876 0.025 2.97 0 90 0 0 0.7071068 0 0.7071068 11.14041 0
3.4851 Head 0 1.6 0.78 345.15 327.8999 0 -0.124191 -0.2741586 -0.03572864 0.9529623
3.4851 FirstCar -33.15749 0.025 2.97 0 90 0 0 0.7071068 0 0.7071068 11.15755 0
3.4851 SecondCar -65.66463 0.025 2.97 0 90 0 0 0.7071068 0 0.7071068 11.13952 0
3.4855 Head 0 1.6 0.78 345.15 327.8999 0 -0.124191 -0.2741586 -0.03572864 0.9529623
3.4855 FirstCar -33.15287 0.025 2.97 0 90 0 0 0.7071068 0 0.7071068 11.15656 0
3.4855 SecondCar -65.66001 0.025 2.97 0 90 0 0 0.7071068 0 0.7071068 11.13853 0
3.4859 Head 0 1.6 0.78 345.15 327.8999 0 -0.124191 -0.2741586 -0.03572864 0.9529623
3.4859 FirstCar -33.14882 0.025 2.97 0 90 0 0 0.7071068 0 0.7071068 11.15569 0
3.4859 SecondCar -65.65598 0.025 2.97 0 90 0 0 0.7071068 0 0.7071068 11.13766 0
3.4863 Head 0 1.6 0.78 345.15 327.8999 0 -0.124191 -0.2741586 -0.03572864 0.9529623
3.4863 FirstCar -33.14465 0.025 2.97 0 90 0 0 0.7071068 0 0.7071068 11.15479 0
3.4863 SecondCar -65.65181 0.025 2.97 0 90 0 0 0.7071068 0 0.7071068 11.13676 0
3.4866 Head 0 1.6 0.78 345.15 327.8999 0 -0.124191 -0.2741586 -0.03572864 0.9529623
3.4866 FirstCar -33.14046 0.025 2.97 0 90 0 0 0.7071068 0 0.7071068 11.15389 0
3.4866 SecondCar -65.64763 0.025 2.97 0 90 0 0 0.7071068 0 0.7071068 11.13586 0
3.4870 Head 0 1.6 0.78 345.15 327.8999 0 -0.124191 -0.2741586 -0.03572864 0.9529623
3.4870 FirstCar -33.13638 0.025 2.97 0 90 0 0 0.7071068 0 0.7071068 11.15301 0
3.4870 SecondCar -65.64355 0.025 2.97 0 90 0 0 0.7071068 0 0.7071068 11.13498 0
3.4874 Head 0 1.6 0.78 345.15 327.8999 0 -0.124191 -0.2741586 -0.03572864 0.9529623
3.4874 FirstCar -33.13235 0.025 2.97 0 90 0 0 0.7071068 0 0.7071068 11.15215 0
3.4874 SecondCar -65.63953 0.025 2.97 0 90 0 0 0.7071068 0 0.7071068 11.13412 0
3.4877 Head 0 1.6 0.78 345.15 327.8999 0 -0.124191 -0.2741586 -0.03572864 0.9529623
3.4877 FirstCar -33.12848 0.025 2.97 0 90 0 0 0.7071068 0 0.7071068 11.15131 0
3.4877 SecondCar -65.63566 0.025 2.97 0 90 0 0 0.7071068 0 0.7071068 11.13328 0
3.4880 Head 0 1.6 0.78 345.15 327.8999 0 -0.124191 -0.2741586 -0.03572864 0.9529623
3.4880 FirstCar -33.12461 0.025 2.97 0 90 0 0 0.7071068 0 0.7071068 11.15048 0
3.4880 SecondCar -65.6318 0.025 2.97 0 90 0 0 0.7071068 0 0.7071068 11.13245 0
3.4884 Head 0 1.6 0.78 345.15 327.8999 0 -0.124191 -0.2741586 -0.03572864 0.9529623
3.4884 FirstCar -33.1208 0.025 2.97 0 90 0 0 0.7071068 0 0.7071068 11.14966 0
3.4884 SecondCar -65.62798 0.025 2.97 0 90 0 0 0.7071068 0 0.7071068 11.13163 0
3.4887 Head 0 1.6 0.78 345.15 327.8999 0 -0.124191 -0.2741586 -0.03572864 0.9529623
3.4887 FirstCar -33.117 0.025 2.97 0 90 0 0 0.7071068 0 0.7071068 11.14884 0
3.4887 SecondCar -65.62419 0.025 2.97 0 90 0 0 0.7071068 0 0.7071068 11.13081 0
3.4891 Head 0 1.6 0.78 345.15 327.8999 0 -0.124191 -0.2741586 -0.03572864 0.9529623
3.4891 FirstCar -33.11308 0.025 2.97 0 90 0 0 0.7071068 0 0.7071068 11.148 0
3.4891 SecondCar -65.62029 0.025 2.97 0 90 0 0 0.7071068 0 0.7071068 11.12997 0
3.4894 Head 0 1.6 0.78 345.15 327.8999 0 -0.124191 -0.2741586 -0.03572864 0.9529623
3.4894 FirstCar -33.1092 0.025 2.97 0 90 0 0 0.7071068 0 0.7071068 11.14716 0
3.4894 SecondCar -65.61641 0.025 2.97 0 90 0 0 0.7071068 0 0.7071068 11.12913 0
3.4898 Head 0 1.6 0.78 345.15 327.8999 0 -0.124191 -0.2741586 -0.03572864 0.9529623
3.4898 FirstCar -33.105 0.025 2.97 0 90 0 0 0.7071068 0 0.7071068 11.14626 0
3.4898 SecondCar -65.61222 0.025 2.97 0 90 0 0 0.7071068 0 0.7071068 11.12823 0
3.4902 Head 0 1.6 0.78 345.15 327.8999 0 -0.124191 -0.2741586 -0.03572864 0.9529623
3.4902 FirstCar -33.10043 0.025 2.97 0 90 0 0 0.7071068 0 0.7071068 11.14528 0
3.4902 SecondCar -65.60766 0.025 2.97 0 90 0 0 0.7071068 0 0.7071068 11.12724 0
3.4909 Head 0 1.6 0.78 345.15 327.8999 0 -0.124191 -0.2741586 -0.03572864 0.9529623
3.4909 FirstCar -33.09335 0.025 2.97 0 90 0 0 0.7071068 0 0.7071068 11.14375 0
3.4909 SecondCar -65.60059 0.025 2.97 0 90 0 0 0.7071068 0 0.7071068 11.12572 0
3.4913 Head 0 1.6 0.78 345.15 327.8999 0 -0.124191 -0.2741586 -0.03572864 0.9529623
3.4913 FirstCar -33.08862 0.025 2.97 0 90 0 0 0.7071068 0 0.7071068 11.14273 0
3.4913 SecondCar -65.59587 0.025 2.97 0 90 0 0 0.7071068 0 0.7071068 11.1247 0
3.4917 Head 0 1.6 0.78 345.15 327.8999 0 -0.124191 -0.2741586 -0.03572864 0.9529623
3.4917 FirstCar -33.08445 0.025 2.97 0 90 0 0 0.7071068 0 0.7071068 11.14183 0
3.4917 SecondCar -65.59171 0.025 2.97 0 90 0 0 0.7071068 0 0.7071068 11.1238 0
3.4920 Head 0 1.6 0.78 345.15 327.8999 0 -0.124191 -0.2741586 -0.03572864 0.9529623
3.4920 FirstCar -33.08004 0.025 2.97 0 90 0 0 0.7071068 0 0.7071068 11.14088 0
3.4920 SecondCar -65.58731 0.025 2.97 0 90 0 0 0.7071068 0 0.7071068 11.12285 0
3.4925 Head 0 1.6 0.78 345.15 327.8999 0 -0.124191 -0.2741586 -0.03572864 0.9529623
3.4925 FirstCar -33.07519 0.025 2.97 0 90 0 0 0.7071068 0 0.7071068 11.13984 0
3.4925 SecondCar -65.58247 0.025 2.97 0 90 0 0 0.7071068 0 0.7071068 11.12181 0
3.4929 Head 0 1.6 0.78 345.15 327.8999 0 -0.124191 -0.2741586 -0.03572864 0.9529623
3.4929 FirstCar -33.07069 0.025 2.97 0 90 0 0 0.7071068 0 0.7071068 11.13887 0
3.4929 SecondCar -65.57797 0.025 2.97 0 90 0 0 0.7071068 0 0.7071068 11.12084 0
3.4933 Head 0 1.6 0.78 345.15 327.8999 0 -0.124191 -0.2741586 -0.03572864 0.9529623
3.4933 FirstCar -33.06635 0.025 2.97 0 90 0 0 0.7071068 0 0.7071068 11.13793 0
3.4933 SecondCar -65.57364 0.025 2.97 0 90 0 0 0.7071068 0 0.7071068 11.1199 0
3.4936 Head 0 1.6 0.78 345.15 327.8999 0 -0.124191 -0.2741586 -0.03572864 0.9529623
3.4936 FirstCar -33.06223 0.025 2.97 0 90 0 0 0.7071068 0 0.7071068 11.13704 0
3.4936 SecondCar -65.56953 0.025 2.97 0 90 0 0 0.7071068 0 0.7071068 11.11901 0
3.4940 Head 0 1.6 0.78 345.15 327.8999 0 -0.124191 -0.2741586 -0.03572864 0.9529623
3.4940 FirstCar -33.05776 0.025 2.97 0 90 0 0 0.7071068 0 0.7071068 11.13608 0
3.4940 SecondCar -65.56507 0.025 2.97 0 90 0 0 0.7071068 0 0.7071068 11.11805 0
3.4944 Head 0 1.6 0.78 345.15 327.8999 0 -0.124191 -0.2741586 -0.03572864 0.9529623
3.4944 FirstCar -33.05344 0.025 2.97 0 90 0 0 0.7071068 0 0.7071068 11.13515 0
3.4944 SecondCar -65.56076 0.025 2.97 0 90 0 0 0.7071068 0 0.7071068 11.11712 0
3.4948 Head 0 1.6 0.78 345.15 327.8999 0 -0.124191 -0.2741586 -0.03572864 0.9529623
3.4948 FirstCar -33.04934 0.025 2.97 0 90 0 0 0.7071068 0 0.7071068 11.13427 0
3.4948 SecondCar -65.55666 0.025 2.97 0 90 0 0 0.7071068 0 0.7071068 11.11624 0
3.4952 Head 0 1.6 0.78 345.15 327.8999 0 -0.124191 -0.2741586 -0.03572864 0.9529623
3.4952 FirstCar -33.04483 0.025 2.97 0 90 0 0 0.7071068 0 0.7071068 11.13329 0
3.4952 SecondCar -65.55215 0.025 2.97 0 90 0 0 0.7071068 0 0.7071068 11.11526 0
3.4956 Head 0 1.6 0.78 345.15 327.8999 0 -0.124191 -0.2741586 -0.03572864 0.9529623
3.4956 FirstCar -33.04076 0.025 2.97 0 90 0 0 0.7071068 0 0.7071068 11.13242 0
3.4956 SecondCar -65.5481 0.025 2.97 0 90 0 0 0.7071068 0 0.7071068 11.11439 0
3.4959 Head 0 1.6 0.78 345.15 327.8999 0 -0.124191 -0.2741586 -0.03572864 0.9529623
3.4959 FirstCar -33.03667 0.025 2.97 0 90 0 0 0.7071068 0 0.7071068 11.13153 0
3.4959 SecondCar -65.54401 0.025 2.97 0 90 0 0 0.7071068 0 0.7071068 11.1135 0
3.4963 Head 0 1.6 0.78 345.15 327.8999 0 -0.124191 -0.2741586 -0.03572864 0.9529623
3.4963 FirstCar -33.03271 0.025 2.97 0 90 0 0 0.7071068 0 0.7071068 11.13068 0
3.4963 SecondCar -65.54005 0.025 2.97 0 90 0 0 0.7071068 0 0.7071068 11.11265 0
3.4967 Head 0 1.6 0.78 345.15 327.8999 0 -0.124191 -0.2741586 -0.03572864 0.9529623
3.4967 FirstCar -33.02861 0.025 2.97 0 90 0 0 0.7071068 0 0.7071068 11.1298 0
3.4967 SecondCar -65.53596 0.025 2.97 0 90 0 0 0.7071068 0 0.7071068 11.11177 0
3.4970 Head 0 1.6 0.78 345.15 327.8999 0 -0.124191 -0.2741586 -0.03572864 0.9529623
3.4970 FirstCar -33.02478 0.025 2.97 0 90 0 0 0.7071068 0 0.7071068 11.12897 0
3.4970 SecondCar -65.53214 0.025 2.97 0 90 0 0 0.7071068 0 0.7071068 11.11094 0
3.4974 Head 0 1.6 0.78 345.15 327.8999 0 -0.124191 -0.2741586 -0.03572864 0.9529623
3.4974 FirstCar -33.02077 0.025 2.97 0 90 0 0 0.7071068 0 0.7071068 11.12811 0
3.4974 SecondCar -65.52813 0.025 2.97 0 90 0 0 0.7071068 0 0.7071068 11.11008 0
3.4977 Head 0 1.6 0.78 345.15 327.8999 0 -0.124191 -0.2741586 -0.03572864 0.9529623
3.4977 FirstCar -33.01659 0.025 2.97 0 90 0 0 0.7071068 0 0.7071068 11.1272 0
3.4977 SecondCar -65.52396 0.025 2.97 0 90 0 0 0.7071068 0 0.7071068 11.10917 0
3.4981 Head 0 1.6 0.78 345.15 327.8999 0 -0.124191 -0.2741586 -0.03572864 0.9529623
3.4981 FirstCar -33.0123 0.025 2.97 0 90 0 0 0.7071068 0 0.7071068 11.12628 0
3.4981 SecondCar -65.51968 0.025 2.97 0 90 0 0 0.7071068 0 0.7071068 11.10825 0
3.4985 Head 0 1.6 0.78 345.15 327.8999 0 -0.124191 -0.2741586 -0.03572864 0.9529623
3.4985 FirstCar -33.00829 0.025 2.97 0 90 0 0 0.7071068 0 0.7071068 11.12541 0
3.4985 SecondCar -65.51567 0.025 2.97 0 90 0 0 0.7071068 0 0.7071068 11.10738 0
3.4989 Head 0 1.6 0.78 345.15 327.8999 0 -0.124191 -0.2741586 -0.03572864 0.9529623
3.4989 FirstCar -33.00423 0.025 2.97 0 90 0 0 0.7071068 0 0.7071068 11.12454 0
3.4989 SecondCar -65.51161 0.025 2.97 0 90 0 0 0.7071068 0 0.7071068 11.10651 0
3.4993 Head 0 1.6 0.78 345.15 327.8999 0 -0.124191 -0.2741586 -0.03572864 0.9529623
3.4993 FirstCar -32.99982 0.025 2.97 0 90 0 0 0.7071068 0 0.7071068 11.12359 0
3.4993 SecondCar -65.50722 0.025 2.97 0 90 0 0 0.7071068 0 0.7071068 11.10556 0
3.4996 Head 0 1.6 0.78 345.15 327.8999 0 -0.124191 -0.2741586 -0.03572864 0.9529623
3.4996 FirstCar -32.99606 0.025 2.97 0 90 0 0 0.7071068 0 0.7071068 11.12278 0
3.4996 SecondCar -65.50346 0.025 2.97 0 90 0 0 0.7071068 0 0.7071068 11.10475 0
3.4999 Head 0 1.6 0.78 345.15 327.8999 0 -0.124191 -0.2741586 -0.03572864 0.9529623
3.4999 FirstCar -32.99211 0.025 2.97 0 90 0 0 0.7071068 0 0.7071068 11.12192 0
3.4999 SecondCar -65.49952 0.025 2.97 0 90 0 0 0.7071068 0 0.7071068 11.10389 0
3.5003 Head 0 1.6 0.78 345.15 327.8999 0 -0.124191 -0.2741586 -0.03572864 0.9529623
3.5003 FirstCar -32.9878 0.025 2.97 0 90 0 0 0.7071068 0 0.7071068 11.12099 0
3.5003 SecondCar -65.49522 0.025 2.97 0 90 0 0 0.7071068 0 0.7071068 11.10296 0
3.5007 Head 0 1.6 0.78 345.15 327.8999 0 -0.124191 -0.2741586 -0.03572864 0.9529623
3.5007 FirstCar -32.98361 0.025 2.97 0 90 0 0 0.7071068 0 0.7071068 11.12009 0
3.5007 SecondCar -65.49104 0.025 2.97 0 90 0 0 0.7071068 0 0.7071068 11.10206 0
3.5011 Head 0 1.6 0.78 345.15 327.8999 0 -0.124191 -0.2741586 -0.03572864 0.9529623
3.5011 FirstCar -32.979 0.025 2.97 0 90 0 0 0.7071068 0 0.7071068 11.11909 0
3.5011 SecondCar -65.48644 0.025 2.97 0 90 0 0 0.7071068 0 0.7071068 11.10106 0
3.5015 Head 0 1.6 0.78 345.15 327.8999 0 -0.124191 -0.2741586 -0.03572864 0.9529623
3.5015 FirstCar -32.97463 0.025 2.97 0 90 0 0 0.7071068 0 0.7071068 11.11815 0
3.5015 SecondCar -65.48207 0.025 2.97 0 90 0 0 0.7071068 0 0.7071068 11.10012 0
3.5019 Head 0 1.6 0.78 345.15 327.8999 0 -0.124191 -0.2741586 -0.03572864 0.9529623
3.5019 FirstCar -32.97071 0.025 2.97 0 90 0 0 0.7071068 0 0.7071068 11.1173 0
3.5019 SecondCar -65.47816 0.025 2.97 0 90 0 0 0.7071068 0 0.7071068 11.09927 0
3.5022 Head 0 1.6 0.78 345.15 327.8999 0 -0.124191 -0.2741586 -0.03572864 0.9529623
3.5022 FirstCar -32.9668 0.025 2.97 0 90 0 0 0.7071068 0 0.7071068 11.11646 0
3.5022 SecondCar -65.47425 0.025 2.97 0 90 0 0 0.7071068 0 0.7071068 11.09843 0
3.5026 Head 0 1.6 0.78 345.15 327.8999 0 -0.124191 -0.2741586 -0.03572864 0.9529623
3.5026 FirstCar -32.96291 0.025 2.97 0 90 0 0 0.7071068 0 0.7071068 11.11562 0
3.5026 SecondCar -65.47037 0.025 2.97 0 90 0 0 0.7071068 0 0.7071068 11.09759 0
3.5029 Head 0 1.6 0.78 345.15 327.8999 0 -0.124191 -0.2741586 -0.03572864 0.9529623
3.5029 FirstCar -32.95901 0.025 2.97 0 90 0 0 0.7071068 0 0.7071068 11.11478 0
3.5029 SecondCar -65.46648 0.025 2.97 0 90 0 0 0.7071068 0 0.7071068 11.09675 0
3.5033 Head 0 1.6 0.78 345.15 327.8999 0 -0.124191 -0.2741586 -0.03572864 0.9529623
3.5033 FirstCar -32.95494 0.025 2.97 0 90 0 0 0.7071068 0 0.7071068 11.1139 0
3.5033 SecondCar -65.46241 0.025 2.97 0 90 0 0 0.7071068 0 0.7071068 11.09587 0
3.5037 Head 0 1.6 0.78 345.15 327.8999 0 -0.124191 -0.2741586 -0.03572864 0.9529623
3.5037 FirstCar -32.95075 0.025 2.97 0 90 0 0 0.7071068 0 0.7071068 11.11299 0
3.5037 SecondCar -65.45823 0.025 2.97 0 90 0 0 0.7071068 0 0.7071068 11.09496 0
3.5040 Head 0 1.6 0.78 345.15 327.8999 0 -0.124191 -0.2741586 -0.03572864 0.9529623
3.5040 FirstCar -32.94677 0.025 2.97 0 90 0 0 0.7071068 0 0.7071068 11.11213 0
3.5040 SecondCar -65.45425 0.025 2.97 0 90 0 0 0.7071068 0 0.7071068 11.0941 0
3.5044 Head 0 1.6 0.78 345.15 327.8999 0 -0.124191 -0.2741586 -0.03572864 0.9529623
3.5044 FirstCar -32.94292 0.025 2.97 0 90 0 0 0.7071068 0 0.7071068 11.1113 0
3.5044 SecondCar -65.45041 0.025 2.97 0 90 0 0 0.7071068 0 0.7071068 11.09327 0
3.5047 Head 0 1.6 0.78 345.15 327.8999 0 -0.124191 -0.2741586 -0.03572864 0.9529623
3.5047 FirstCar -32.93912 0.025 2.97 0 90 0 0 0.7071068 0 0.7071068 11.11048 0
3.5047 SecondCar -65.44662 0.025 2.97 0 90 0 0 0.7071068 0 0.7071068 11.09245 0
3.5051 Head 0 1.6 0.78 345.15 327.8999 0 -0.124191 -0.2741586 -0.03572864 0.9529623
3.5051 FirstCar -32.93519 0.025 2.97 0 90 0 0 0.7071068 0 0.7071068 11.10963 0
3.5051 SecondCar -65.4427 0.025 2.97 0 90 0 0 0.7071068 0 0.7071068 11.0916 0
3.5054 Head 0 1.6 0.78 345.15 327.8999 0 -0.124191 -0.2741586 -0.03572864 0.9529623
3.5054 FirstCar -32.93095 0.025 2.97 0 90 0 0 0.7071068 0 0.7071068 11.10872 0
3.5054 SecondCar -65.43846 0.025 2.97 0 90 0 0 0.7071068 0 0.7071068 11.09069 0
3.5058 Head 0 1.6 0.78 345.15 327.8999 0 -0.124191 -0.2741586 -0.03572864 0.9529623
3.5058 FirstCar -32.92696 0.025 2.97 0 90 0 0 0.7071068 0 0.7071068 11.10785 0
3.5058 SecondCar -65.43448 0.025 2.97 0 90 0 0 0.7071068 0 0.7071068 11.08982 0
3.5062 Head 0 1.6 0.78 345.15 327.8999 0 -0.124191 -0.2741586 -0.03572864 0.9529623
3.5062 FirstCar -32.92311 0.025 2.97 0 90 0 0 0.7071068 0 0.7071068 11.10702 0
3.5062 SecondCar -65.43063 0.025 2.97 0 90 0 0 0.7071068 0 0.7071068 11.08899 0
3.5065 Head 0 1.6 0.78 345.15 327.8999 0 -0.124191 -0.2741586 -0.03572864 0.9529623
3.5065 FirstCar -32.91935 0.025 2.97 0 90 0 0 0.7071068 0 0.7071068 11.10621 0
3.5065 SecondCar -65.42688 0.025 2.97 0 90 0 0 0.7071068 0 0.7071068 11.08818 0
3.5068 Head 0 1.6 0.78 345.15 327.8999 0 -0.124191 -0.2741586 -0.03572864 0.9529623
3.5068 FirstCar -32.91559 0.025 2.97 0 90 0 0 0.7071068 0 0.7071068 11.1054 0
3.5068 SecondCar -65.42313 0.025 2.97 0 90 0 0 0.7071068 0 0.7071068 11.08737 0
3.5072 Head 0 1.6 0.78 345.15 327.8999 0 -0.124191 -0.2741586 -0.03572864 0.9529623
3.5072 FirstCar -32.91189 0.025 2.97 0 90 0 0 0.7071068 0 0.7071068 11.1046 0
3.5072 SecondCar -65.41943 0.025 2.97 0 90 0 0 0.7071068 0 0.7071068 11.08657 0
3.5075 Head 0 1.6 0.78 345.15 327.8999 0 -0.124191 -0.2741586 -0.03572864 0.9529623
3.5075 FirstCar -32.90814 0.025 2.97 0 90 0 0 0.7071068 0 0.7071068 11.10379 0
3.5075 SecondCar -65.4157 0.025 2.97 0 90 0 0 0.7071068 0 0.7071068 11.08576 0
3.5078 Head 0 1.6 0.78 345.15 327.8999 0 -0.124191 -0.2741586 -0.03572864 0.9529623
3.5078 FirstCar -32.90434 0.025 2.97 0 90 0 0 0.7071068 0 0.7071068 11.10297 0
3.5078 SecondCar -65.4119 0.025 2.97 0 90 0 0 0.7071068 0 0.7071068 11.08494 0
3.5082 Head 0 1.6 0.78 345.15 327.8999 0 -0.124191 -0.2741586 -0.03572864 0.9529623
3.5082 FirstCar -32.90022 0.025 2.97 0 90 0 0 0.7071068 0 0.7071068 11.10208 0
3.5082 SecondCar -65.40778 0.025 2.97 0 90 0 0 0.7071068 0 0.7071068 11.08405 0
3.5086 Head 0 1.6 0.78 345.15 327.8999 0 -0.124191 -0.2741586 -0.03572864 0.9529623
3.5086 FirstCar -32.89558 0.025 2.97 0 90 0 0 0.7071068 0 0.7071068 11.10107 0
3.5086 SecondCar -65.40314 0.025 2.97 0 90 0 0 0.7071068 0 0.7071068 11.08304 0
3.5090 Head 0 1.6 0.78 345.15 327.8999 0 -0.124191 -0.2741586 -0.03572864 0.9529623
3.5090 FirstCar -32.89112 0.025 2.97 0 90 0 0 0.7071068 0 0.7071068 11.10011 0
3.5090 SecondCar -65.3987 0.025 2.97 0 90 0 0 0.7071068 0 0.7071068 11.08208 0
3.5094 Head 0 1.6 0.78 345.15 327.8999 0 -0.124191 -0.2741586 -0.03572864 0.9529623
3.5094 FirstCar -32.88722 0.025 2.97 0 90 0 0 0.7071068 0 0.7071068 11.09927 0
3.5094 SecondCar -65.3948 0.025 2.97 0 90 0 0 0.7071068 0 0.7071068 11.08123 0
3.5098 Head 0 1.6 0.78 345.15 327.8999 0 -0.124191 -0.2741586 -0.03572864 0.9529623
3.5098 FirstCar -32.883 0.025 2.97 0 90 0 0 0.7071068 0 0.7071068 11.09835 0
3.5098 SecondCar -65.39058 0.025 2.97 0 90 0 0 0.7071068 0 0.7071068 11.08032 0
3.5102 Head 0 1.6 0.78 345.15 327.8999 0 -0.124191 -0.2741586 -0.03572864 0.9529623
3.5102 FirstCar -32.87826 0.025 2.97 0 90 0 0 0.7071068 0 0.7071068 11.09733 0
3.5102 SecondCar -65.38585 0.025 2.97 0 90 0 0 0.7071068 0 0.7071068 11.0793 0
3.5108 Head 0 1.6 0.78 345.15 327.8999 0 -0.124191 -0.2741586 -0.03572864 0.9529623
3.5108 FirstCar -32.8714 0.025 2.97 0 90 0 0 0.7071068 0 0.7071068 11.09584 0
3.5108 SecondCar -65.37901 0.025 2.97 0 90 0 0 0.7071068 0 0.7071068 11.07781 0
3.5112 Head 0 1.6 0.78 345.15 327.8999 0 -0.124191 -0.2741586 -0.03572864 0.9529623
3.5112 FirstCar -32.86669 0.025 2.97 0 90 0 0 0.7071068 0 0.7071068 11.09483 0
3.5112 SecondCar -65.37431 0.025 2.97 0 90 0 0 0.7071068 0 0.7071068 11.0768 0
3.5117 Head 0 1.6 0.78 345.15 327.8999 0 -0.124191 -0.2741586 -0.03572864 0.9529623
3.5117 FirstCar -32.86206 0.025 2.97 0 90 0 0 0.7071068 0 0.7071068 11.09383 0
3.5117 SecondCar -65.36969 0.025 2.97 0 90 0 0 0.7071068 0 0.7071068 11.0758 0
3.5120 Head 0 1.6 0.78 345.15 327.8999 0 -0.124191 -0.2741586 -0.03572864 0.9529623
3.5120 FirstCar -32.85782 0.025 2.97 0 90 0 0 0.7071068 0 0.7071068 11.09291 0
3.5120 SecondCar -65.36545 0.025 2.97 0 90 0 0 0.7071068 0 0.7071068 11.07488 0
3.5124 Head 0 1.6 0.78 345.15 327.8999 0 -0.124191 -0.2741586 -0.03572864 0.9529623
3.5124 FirstCar -32.85378 0.025 2.97 0 90 0 0 0.7071068 0 0.7071068 11.09203 0
3.5124 SecondCar -65.36142 0.025 2.97 0 90 0 0 0.7071068 0 0.7071068 11.074 0
3.5128 Head 0 1.6 0.78 345.15 327.8999 0 -0.124191 -0.2741586 -0.03572864 0.9529623
3.5128 FirstCar -32.84908 0.025 2.97 0 90 0 0 0.7071068 0 0.7071068 11.09102 0
3.5128 SecondCar -65.35672 0.025 2.97 0 90 0 0 0.7071068 0 0.7071068 11.07299 0
3.5132 Head 0 1.6 0.78 345.15 327.8999 0 -0.124191 -0.2741586 -0.03572864 0.9529623
3.5132 FirstCar -32.84484 0.025 2.97 0 90 0 0 0.7071068 0 0.7071068 11.0901 0
3.5132 SecondCar -65.35249 0.025 2.97 0 90 0 0 0.7071068 0 0.7071068 11.07207 0
3.5136 Head 0 1.6 0.78 345.15 327.8999 0 -0.124191 -0.2741586 -0.03572864 0.9529623
3.5136 FirstCar -32.84081 0.025 2.97 0 90 0 0 0.7071068 0 0.7071068 11.08923 0
3.5136 SecondCar -65.34846 0.025 2.97 0 90 0 0 0.7071068 0 0.7071068 11.0712 0
3.5142 Head 0 1.6 0.78 345.15 327.8999 0 -0.124191 -0.2741586 -0.03572864 0.9529623
3.5142 FirstCar -32.8343 0.025 2.97 0 90 0 0 0.7071068 0 0.7071068 11.08782 0
3.5142 SecondCar -65.34198 0.025 2.97 0 90 0 0 0.7071068 0 0.7071068 11.06979 0
3.5146 Head 0 1.6 0.78 345.15 327.8999 0 -0.124191 -0.2741586 -0.03572864 0.9529623
3.5146 FirstCar -32.82986 0.025 2.97 0 90 0 0 0.7071068 0 0.7071068 11.08686 0
3.5146 SecondCar -65.33754 0.025 2.97 0 90 0 0 0.7071068 0 0.7071068 11.06883 0
3.5149 Head 0 1.6 0.78 345.15 327.8999 0 -0.124191 -0.2741586 -0.03572864 0.9529623
3.5149 FirstCar -32.82558 0.025 2.97 0 90 0 0 0.7071068 0 0.7071068 11.08593 0
3.5149 SecondCar -65.33327 0.025 2.97 0 90 0 0 0.7071068 0 0.7071068 11.0679 0
3.5153 Head 0 1.6 0.78 345.15 327.8999 0 -0.124191 -0.2741586 -0.03572864 0.9529623
3.5153 FirstCar -32.82164 0.025 2.97 0 90 0 0 0.7071068 0 0.7071068 11.08508 0
3.5153 SecondCar -65.32934 0.025 2.97 0 90 0 0 0.7071068 0 0.7071068 11.06705 0
3.5157 Head 0 1.6 0.78 345.15 327.8999 0 -0.124191 -0.2741586 -0.03572864 0.9529623
3.5157 FirstCar -32.8176 0.025 2.97 0 90 0 0 0.7071068 0 0.7071068 11.0842 0
3.5157 SecondCar -65.3253 0.025 2.97 0 90 0 0 0.7071068 0 0.7071068 11.06617 0
3.5160 Head 0 1.6 0.78 345.15 327.8999 0 -0.124191 -0.2741586 -0.03572864 0.9529623
3.5160 FirstCar -32.81333 0.025 2.97 0 90 0 0 0.7071068 0 0.7071068 11.08328 0
3.5160 SecondCar -65.32103 0.025 2.97 0 90 0 0 0.7071068 0 0.7071068 11.06525 0
3.5164 Head 0 1.6 0.78 345.15 327.8999 0 -0.124191 -0.2741586 -0.03572864 0.9529623
3.5164 FirstCar -32.80907 0.025 2.97 0 90 0 0 0.7071068 0 0.7071068 11.08236 0
3.5164 SecondCar -65.31678 0.025 2.97 0 90 0 0 0.7071068 0 0.7071068 11.06433 0
3.5168 Head 0 1.6 0.78 345.15 327.8999 0 -0.124191 -0.2741586 -0.03572864 0.9529623
3.5168 FirstCar -32.80458 0.025 2.97 0 90 0 0 0.7071068 0 0.7071068 11.08138 0
3.5168 SecondCar -65.31229 0.025 2.97 0 90 0 0 0.7071068 0 0.7071068 11.06335 0
3.5172 Head 0 1.6 0.78 345.15 327.8999 0 -0.124191 -0.2741586 -0.03572864 0.9529623
3.5172 FirstCar -32.80055 0.025 2.97 0 90 0 0 0.7071068 0 0.7071068 11.08051 0
3.5172 SecondCar -65.30827 0.025 2.97 0 90 0 0 0.7071068 0 0.7071068 11.06248 0
3.5176 Head 0 1.6 0.78 345.15 327.8999 0 -0.124191 -0.2741586 -0.03572864 0.9529623
3.5176 FirstCar -32.7966 0.025 2.97 0 90 0 0 0.7071068 0 0.7071068 11.07965 0
3.5176 SecondCar -65.30433 0.025 2.97 0 90 0 0 0.7071068 0 0.7071068 11.06162 0
3.5179 Head 0 1.6 0.78 345.15 327.8999 0 -0.124191 -0.2741586 -0.03572864 0.9529623
3.5179 FirstCar -32.79276 0.025 2.97 0 90 0 0 0.7071068 0 0.7071068 11.07882 0
3.5179 SecondCar -65.30049 0.025 2.97 0 90 0 0 0.7071068 0 0.7071068 11.06079 0
3.5183 Head 0 1.6 0.78 345.15 327.8999 0 -0.124191 -0.2741586 -0.03572864 0.9529623
3.5183 FirstCar -32.78858 0.025 2.97 0 90 0 0 0.7071068 0 0.7071068 11.07792 0
3.5183 SecondCar -65.29632 0.025 2.97 0 90 0 0 0.7071068 0 0.7071068 11.05989 0
3.5186 Head 0 1.6 0.78 345.15 327.8999 0 -0.124191 -0.2741586 -0.03572864 0.9529623
3.5186 FirstCar -32.78473 0.025 2.97 0 90 0 0 0.7071068 0 0.7071068 11.07708 0
3.5186 SecondCar -65.29248 0.025 2.97 0 90 0 0 0.7071068 0 0.7071068 11.05905 0
3.5190 Head 0 1.6 0.78 345.15 327.8999 0 -0.124191 -0.2741586 -0.03572864 0.9529623
3.5190 FirstCar -32.78078 0.025 2.97 0 90 0 0 0.7071068 0 0.7071068 11.07623 0
3.5190 SecondCar -65.28854 0.025 2.97 0 90 0 0 0.7071068 0 0.7071068 11.0582 0
3.5194 Head 0 1.6 0.78 345.15 327.8999 0 -0.124191 -0.2741586 -0.03572864 0.9529623
3.5194 FirstCar -32.77676 0.025 2.97 0 90 0 0 0.7071068 0 0.7071068 11.07535 0
3.5194 SecondCar -65.28452 0.025 2.97 0 90 0 0 0.7071068 0 0.7071068 11.05732 0
3.5197 Head 0 1.6 0.78 345.15 327.8999 0 -0.124191 -0.2741586 -0.03572864 0.9529623
3.5197 FirstCar -32.77278 0.025 2.97 0 90 0 0 0.7071068 0 0.7071068 11.07449 0
3.5197 SecondCar -65.28055 0.025 2.97 0 90 0 0 0.7071068 0 0.7071068 11.05646 0
3.5201 Head 0 1.6 0.78 345.15 327.8999 0 -0.124191 -0.2741586 -0.03572864 0.9529623
3.5201 FirstCar -32.76832 0.025 2.97 0 90 0 0 0.7071068 0 0.7071068 11.07353 0
3.5201 SecondCar -65.27609 0.025 2.97 0 90 0 0 0.7071068 0 0.7071068 11.0555 0
3.5205 Head 0 1.6 0.78 345.15 327.8999 0 -0.124191 -0.2741586 -0.03572864 0.9529623
3.5205 FirstCar -32.76398 0.025 2.97 0 90 0 0 0.7071068 0 0.7071068 11.07259 0
3.5205 SecondCar -65.27176 0.025 2.97 0 90 0 0 0.7071068 0 0.7071068 11.05455 0
3.5209 Head 0 1.6 0.78 345.15 327.8999 0 -0.124191 -0.2741586 -0.03572864 0.9529623
3.5209 FirstCar -32.75978 0.025 2.97 0 90 0 0 0.7071068 0 0.7071068 11.07167 0
3.5209 SecondCar -65.26756 0.025 2.97 0 90 0 0 0.7071068 0 0.7071068 11.05364 0
3.5213 Head 0 1.6 0.78 345.15 327.8999 0 -0.124191 -0.2741586 -0.03572864 0.9529623
3.5213 FirstCar -32.75564 0.025 2.97 0 90 0 0 0.7071068 0 0.7071068 11.07078 0
3.5213 SecondCar -65.26343 0.025 2.97 0 90 0 0 0.7071068 0 0.7071068 11.05275 0
3.5216 Head 0 1.6 0.78 345.15 327.8999 0 -0.124191 -0.2741586 -0.03572864 0.9529623
3.5216 FirstCar -32.7518 0.025 2.97 0 90 0 0 0.7071068 0 0.7071068 11.06994 0
3.5216 SecondCar -65.25959 0.025 2.97 0 90 0 0 0.7071068 0 0.7071068 11.05191 0
3.5220 Head 0 1.6 0.78 345.15 327.8999 0 -0.124191 -0.2741586 -0.03572864 0.9529623
3.5220 FirstCar -32.74778 0.025 2.97 0 90 0 0 0.7071068 0 0.7071068 11.06907 0
3.5220 SecondCar -65.25558 0.025 2.97 0 90 0 0 0.7071068 0 0.7071068 11.05104 0
3.5224 Head 0 1.6 0.78 345.15 327.8999 0 -0.124191 -0.2741586 -0.03572864 0.9529623
3.5224 FirstCar -32.74297 0.025 2.97 0 90 0 0 0.7071068 0 0.7071068 11.06803 0
3.5224 SecondCar -65.25078 0.025 2.97 0 90 0 0 0.7071068 0 0.7071068 11.05 0
3.5228 Head 0 1.6 0.78 345.15 327.8999 0 -0.124191 -0.2741586 -0.03572864 0.9529623
3.5228 FirstCar -32.73901 0.025 2.97 0 90 0 0 0.7071068 0 0.7071068 11.06717 0
3.5228 SecondCar -65.24683 0.025 2.97 0 90 0 0 0.7071068 0 0.7071068 11.04914 0
3.5232 Head 0 1.6 0.78 345.15 327.8999 0 -0.124191 -0.2741586 -0.03572864 0.9529623
3.5232 FirstCar -32.73457 0.025 2.97 0 90 0 0 0.7071068 0 0.7071068 11.06621 0
3.5232 SecondCar -65.24239 0.025 2.97 0 90 0 0 0.7071068 0 0.7071068 11.04818 0
3.5237 Head 0 1.6 0.78 345.15 327.8999 0 -0.124191 -0.2741586 -0.03572864 0.9529623
3.5237 FirstCar -32.72872 0.025 2.97 0 90 0 0 0.7071068 0 0.7071068 11.06494 0
3.5237 SecondCar -65.23655 0.025 2.97 0 90 0 0 0.7071068 0 0.7071068 11.04691 0
3.5241 Head 0 1.6 0.78 345.15 327.8999 0 -0.124191 -0.2741586 -0.03572864 0.9529623
3.5241 FirstCar -32.7237 0.025 2.97 0 90 0 0 0.7071068 0 0.7071068 11.06385 0
3.5241 SecondCar -65.23154 0.025 2.97 0 90 0 0 0.7071068 0 0.7071068 11.04582 0
3.5245 Head 0 1.6 0.78 345.15 327.8999 0 -0.124191 -0.2741586 -0.03572864 0.9529623
3.5245 FirstCar -32.7194 0.025 2.97 0 90 0 0 0.7071068 0 0.7071068 11.06292 0
3.5245 SecondCar -65.22725 0.025 2.97 0 90 0 0 0.7071068 0 0.7071068 11.04489 0
3.5249 Head 0 1.6 0.78 345.15 327.8999 0 -0.124191 -0.2741586 -0.03572864 0.9529623
3.5249 FirstCar -32.71501 0.025 2.97 0 90 0 0 0.7071068 0 0.7071068 11.06196 0
3.5249 SecondCar -65.22286 0.025 2.97 0 90 0 0 0.7071068 0 0.7071068 11.04393 0
3.5253 Head 0 1.6 0.78 345.15 327.8999 0 -0.124191 -0.2741586 -0.03572864 0.9529623
3.5253 FirstCar -32.7107 0.025 2.97 0 90 0 0 0.7071068 0 0.7071068 11.06103 0
3.5253 SecondCar -65.21856 0.025 2.97 0 90 0 0 0.7071068 0 0.7071068 11.043 0
3.5257 Head 0 1.6 0.78 345.15 327.8999 0 -0.124191 -0.2741586 -0.03572864 0.9529623
3.5257 FirstCar -32.70603 0.025 2.97 0 90 0 0 0.7071068 0 0.7071068 11.06002 0
3.5257 SecondCar -65.2139 0.025 2.97 0 90 0 0 0.7071068 0 0.7071068 11.04199 0
3.5262 Head 0 1.6 0.78 345.15 327.8999 0 -0.124191 -0.2741586 -0.03572864 0.9529623
3.5262 FirstCar -32.70133 0.025 2.97 0 90 0 0 0.7071068 0 0.7071068 11.059 0
3.5262 SecondCar -65.20921 0.025 2.97 0 90 0 0 0.7071068 0 0.7071068 11.04097 0
3.5265 Head 0 1.6 0.78 345.15 327.8999 0 -0.124191 -0.2741586 -0.03572864 0.9529623
3.5265 FirstCar -32.69719 0.025 2.97 0 90 0 0 0.7071068 0 0.7071068 11.05809 0
3.5265 SecondCar -65.20506 0.025 2.97 0 90 0 0 0.7071068 0 0.7071068 11.04006 0
3.5269 Head 0 1.6 0.78 345.15 327.8999 0 -0.124191 -0.2741586 -0.03572864 0.9529623
3.5269 FirstCar -32.6931 0.025 2.97 0 90 0 0 0.7071068 0 0.7071068 11.05721 0
3.5269 SecondCar -65.20098 0.025 2.97 0 90 0 0 0.7071068 0 0.7071068 11.03918 0
3.5273 Head 0 1.6 0.78 345.15 327.8999 0 -0.124191 -0.2741586 -0.03572864 0.9529623
3.5273 FirstCar -32.68903 0.025 2.97 0 90 0 0 0.7071068 0 0.7071068 11.05632 0
3.5273 SecondCar -65.19692 0.025 2.97 0 90 0 0 0.7071068 0 0.7071068 11.03829 0
3.5276 Head 0 1.6 0.78 345.15 327.8999 0 -0.124191 -0.2741586 -0.03572864 0.9529623
3.5276 FirstCar -32.68523 0.025 2.97 0 90 0 0 0.7071068 0 0.7071068 11.0555 0
3.5276 SecondCar -65.19312 0.025 2.97 0 90 0 0 0.7071068 0 0.7071068 11.03747 0
3.5280 Head 0 1.6 0.78 345.15 327.8999 0 -0.124191 -0.2741586 -0.03572864 0.9529623
3.5280 FirstCar -32.68075 0.025 2.97 0 90 0 0 0.7071068 0 0.7071068 11.05453 0
3.5280 SecondCar -65.18864 0.025 2.97 0 90 0 0 0.7071068 0 0.7071068 11.0365 0
3.5284 Head 0 1.6 0.78 345.15 327.8999 0 -0.124191 -0.2741586 -0.03572864 0.9529623
3.5284 FirstCar -32.67617 0.025 2.97 0 90 0 0 0.7071068 0 0.7071068 11.05353 0
3.5284 SecondCar -65.18408 0.025 2.97 0 90 0 0 0.7071068 0 0.7071068 11.0355 0
3.5289 Head 0 1.6 0.78 345.15 327.8999 0 -0.124191 -0.2741586 -0.03572864 0.9529623
3.5289 FirstCar -32.67142 0.025 2.97 0 90 0 0 0.7071068 0 0.7071068 11.0525 0
3.5289 SecondCar -65.17934 0.025 2.97 0 90 0 0 0.7071068 0 0.7071068 11.03447 0
3.5292 Head 0 1.6 0.78 345.15 327.8999 0 -0.124191 -0.2741586 -0.03572864 0.9529623
3.5292 FirstCar -32.66744 0.025 2.97 0 90 0 0 0.7071068 0 0.7071068 11.05164 0
3.5292 SecondCar -65.17536 0.025 2.97 0 90 0 0 0.7071068 0 0.7071068 11.03361 0
3.5296 Head 0 1.6 0.78 345.15 327.8999 0 -0.124191 -0.2741586 -0.03572864 0.9529623
3.5296 FirstCar -32.66343 0.025 2.97 0 90 0 0 0.7071068 0 0.7071068 11.05077 0
3.5296 SecondCar -65.17136 0.025 2.97 0 90 0 0 0.7071068 0 0.7071068 11.03274 0
3.5300 Head 0 1.6 0.78 345.15 327.8999 0 -0.124191 -0.2741586 -0.03572864 0.9529623
3.5300 FirstCar -32.65929 0.025 2.97 0 90 0 0 0.7071068 0 0.7071068 11.04987 0
3.5300 SecondCar -65.16722 0.025 2.97 0 90 0 0 0.7071068 0 0.7071068 11.03184 0
3.5304 Head 0 1.6 0.78 345.15 327.8999 0 -0.124191 -0.2741586 -0.03572864 0.9529623
3.5304 FirstCar -32.65462 0.025 2.97 0 90 0 0 0.7071068 0 0.7071068 11.04885 0
3.5304 SecondCar -65.16256 0.025 2.97 0 90 0 0 0.7071068 0 0.7071068 11.03082 0
3.5311 Head 0 1.6 0.78 345.15 327.8999 0 -0.124191 -0.2741586 -0.03572864 0.9529623
3.5311 FirstCar -32.64672 0.025 2.97 0 90 0 0 0.7071068 0 0.7071068 11.04714 0
3.5311 SecondCar -65.15468 0.025 2.97 0 90 0 0 0.7071068 0 0.7071068 11.02911 0
3.5315 Head 0 1.6 0.78 345.15 327.8999 0 -0.124191 -0.2741586 -0.03572864 0.9529623
3.5315 FirstCar -32.64221 0.025 2.97 0 90 0 0 0.7071068 0 0.7071068 11.04615 0
3.5315 SecondCar -65.15017 0.025 2.97 0 90 0 0 0.7071068 0 0.7071068 11.02812 0
3.5319 Head 0 1.6 0.78 345.15 327.8999 0 -0.124191 -0.2741586 -0.03572864 0.9529623
3.5319 FirstCar -32.63793 0.025 2.97 0 90 0 0 0.7071068 0 0.7071068 11.04523 0
3.5319 SecondCar -65.1459 0.025 2.97 0 90 0 0 0.7071068 0 0.7071068 11.02719 0
3.5323 Head 0 1.6 0.78 345.15 327.8999 0 -0.124191 -0.2741586 -0.03572864 0.9529623
3.5323 FirstCar -32.63377 0.025 2.97 0 90 0 0 0.7071068 0 0.7071068 11.04432 0
3.5323 SecondCar -65.14175 0.025 2.97 0 90 0 0 0.7071068 0 0.7071068 11.02629 0
3.5327 Head 0 1.6 0.78 345.15 327.8999 0 -0.124191 -0.2741586 -0.03572864 0.9529623
3.5327 FirstCar -32.62888 0.025 2.97 0 90 0 0 0.7071068 0 0.7071068 11.04326 0
3.5327 SecondCar -65.13687 0.025 2.97 0 90 0 0 0.7071068 0 0.7071068 11.02523 0
3.5331 Head 0 1.6 0.78 345.15 327.8999 0 -0.124191 -0.2741586 -0.03572864 0.9529623
3.5331 FirstCar -32.62432 0.025 2.97 0 90 0 0 0.7071068 0 0.7071068 11.04227 0
3.5331 SecondCar -65.13232 0.025 2.97 0 90 0 0 0.7071068 0 0.7071068 11.02424 0
3.5340 Head 0 1.6 0.78 345.15 327.8999 0 -0.124191 -0.2741586 -0.03572864 0.9529623
3.5340 FirstCar -32.61525 0.025 2.97 0 90 0 0 0.7071068 0 0.7071068 11.0403 0
3.5340 SecondCar -65.12327 0.025 2.97 0 90 0 0 0.7071068 0 0.7071068 11.02227 0
3.5344 Head 0 1.6 0.78 345.15 327.8999 0 -0.124191 -0.2741586 -0.03572864 0.9529623
3.5344 FirstCar -32.61047 0.025 2.97 0 90 0 0 0.7071068 0 0.7071068 11.03926 0
3.5344 SecondCar -65.11849 0.025 2.97 0 90 0 0 0.7071068 0 0.7071068 11.02123 0
3.5348 Head 0 1.6 0.78 345.15 327.8999 0 -0.124191 -0.2741586 -0.03572864 0.9529623
3.5348 FirstCar -32.60594 0.025 2.97 0 90 0 0 0.7071068 0 0.7071068 11.03827 0
3.5348 SecondCar -65.11397 0.025 2.97 0 90 0 0 0.7071068 0 0.7071068 11.02024 0
3.5353 Head 0 1.6 0.78 345.15 327.8999 0 -0.124191 -0.2741586 -0.03572864 0.9529623
3.5353 FirstCar -32.60043 0.025 2.97 0 90 0 0 0.7071068 0 0.7071068 11.03707 0
3.5353 SecondCar -65.10846 0.025 2.97 0 90 0 0 0.7071068 0 0.7071068 11.01904 0
3.5357 Head 0 1.6 0.78 345.15 327.8999 0 -0.124191 -0.2741586 -0.03572864 0.9529623
3.5357 FirstCar -32.59621 0.025 2.97 0 90 0 0 0.7071068 0 0.7071068 11.03616 0
3.5357 SecondCar -65.10425 0.025 2.97 0 90 0 0 0.7071068 0 0.7071068 11.01813 0
3.5361 Head 0 1.6 0.78 345.15 327.8999 0 -0.124191 -0.2741586 -0.03572864 0.9529623
3.5361 FirstCar -32.59214 0.025 2.97 0 90 0 0 0.7071068 0 0.7071068 11.03527 0
3.5361 SecondCar -65.1002 0.025 2.97 0 90 0 0 0.7071068 0 0.7071068 11.01724 0
3.5364 Head 0 1.6 0.78 345.15 327.8999 0 -0.124191 -0.2741586 -0.03572864 0.9529623
3.5364 FirstCar -32.58781 0.025 2.97 0 90 0 0 0.7071068 0 0.7071068 11.03433 0
3.5364 SecondCar -65.09587 0.025 2.97 0 90 0 0 0.7071068 0 0.7071068 11.0163 0
3.5368 Head 0 1.6 0.78 345.15 327.8999 0 -0.124191 -0.2741586 -0.03572864 0.9529623
3.5368 FirstCar -32.58377 0.025 2.97 0 90 0 0 0.7071068 0 0.7071068 11.03345 0
3.5368 SecondCar -65.09184 0.025 2.97 0 90 0 0 0.7071068 0 0.7071068 11.01542 0
3.5372 Head 0 1.6 0.78 345.15 327.8999 0 -0.124191 -0.2741586 -0.03572864 0.9529623
3.5372 FirstCar -32.57977 0.025 2.97 0 90 0 0 0.7071068 0 0.7071068 11.03258 0
3.5372 SecondCar -65.08784 0.025 2.97 0 90 0 0 0.7071068 0 0.7071068 11.01455 0
3.5375 Head 0 1.6 0.78 345.15 327.8999 0 -0.124191 -0.2741586 -0.03572864 0.9529623
3.5375 FirstCar -32.5757 0.025 2.97 0 90 0 0 0.7071068 0 0.7071068 11.0317 0
3.5375 SecondCar -65.08378 0.025 2.97 0 90 0 0 0.7071068 0 0.7071068 11.01367 0
3.5379 Head 0 1.6 0.78 345.15 327.8999 0 -0.124191 -0.2741586 -0.03572864 0.9529623
3.5379 FirstCar -32.5714 0.025 2.97 0 90 0 0 0.7071068 0 0.7071068 11.03076 0
3.5379 SecondCar -65.07948 0.025 2.97 0 90 0 0 0.7071068 0 0.7071068 11.01273 0
3.5383 Head 0 1.6 0.78 345.15 327.8999 0 -0.124191 -0.2741586 -0.03572864 0.9529623
3.5383 FirstCar -32.56732 0.025 2.97 0 90 0 0 0.7071068 0 0.7071068 11.02987 0
3.5383 SecondCar -65.07541 0.025 2.97 0 90 0 0 0.7071068 0 0.7071068 11.01184 0
3.5387 Head 0 1.6 0.78 345.15 327.8999 0 -0.124191 -0.2741586 -0.03572864 0.9529623
3.5387 FirstCar -32.56292 0.025 2.97 0 90 0 0 0.7071068 0 0.7071068 11.02891 0
3.5387 SecondCar -65.07101 0.025 2.97 0 90 0 0 0.7071068 0 0.7071068 11.01088 0
3.5392 Head 0 1.6 0.78 345.15 327.8999 0 -0.124191 -0.2741586 -0.03572864 0.9529623
3.5392 FirstCar -32.5578 0.025 2.97 0 90 0 0 0.7071068 0 0.7071068 11.0278 0
3.5392 SecondCar -65.0659 0.025 2.97 0 90 0 0 0.7071068 0 0.7071068 11.00977 0
3.5395 Head 0 1.6 0.78 345.15 327.8999 0 -0.124191 -0.2741586 -0.03572864 0.9529623
3.5395 FirstCar -32.55365 0.025 2.97 0 90 0 0 0.7071068 0 0.7071068 11.0269 0
3.5395 SecondCar -65.06176 0.025 2.97 0 90 0 0 0.7071068 0 0.7071068 11.00887 0
3.5399 Head 0 1.6 0.78 345.15 327.8999 0 -0.124191 -0.2741586 -0.03572864 0.9529623
3.5399 FirstCar -32.54946 0.025 2.97 0 90 0 0 0.7071068 0 0.7071068 11.02598 0
3.5399 SecondCar -65.05758 0.025 2.97 0 90 0 0 0.7071068 0 0.7071068 11.00795 0
3.5404 Head 0 1.6 0.78 345.15 327.8999 0 -0.124191 -0.2741586 -0.03572864 0.9529623
3.5404 FirstCar -32.54448 0.025 2.97 0 90 0 0 0.7071068 0 0.7071068 11.0249 0
3.5404 SecondCar -65.0526 0.025 2.97 0 90 0 0 0.7071068 0 0.7071068 11.00687 0
3.5408 Head 0 1.6 0.78 345.15 327.8999 0 -0.124191 -0.2741586 -0.03572864 0.9529623
3.5408 FirstCar -32.53993 0.025 2.97 0 90 0 0 0.7071068 0 0.7071068 11.02391 0
3.5408 SecondCar -65.04807 0.025 2.97 0 90 0 0 0.7071068 0 0.7071068 11.00588 0
3.5412 Head 0 1.6 0.78 345.15 327.8999 0 -0.124191 -0.2741586 -0.03572864 0.9529623
3.5412 FirstCar -32.53584 0.025 2.97 0 90 0 0 0.7071068 0 0.7071068 11.02302 0
3.5412 SecondCar -65.04398 0.025 2.97 0 90 0 0 0.7071068 0 0.7071068 11.00499 0
3.5419 Head 0 1.6 0.78 345.15 327.8999 0 -0.124191 -0.2741586 -0.03572864 0.9529623
3.5419 FirstCar -32.52775 0.025 2.97 0 90 0 0 0.7071068 0 0.7071068 11.02126 0
3.5419 SecondCar -65.0359 0.025 2.97 0 90 0 0 0.7071068 0 0.7071068 11.00323 0
3.5423 Head 0 1.6 0.78 345.15 327.8999 0 -0.124191 -0.2741586 -0.03572864 0.9529623
3.5423 FirstCar -32.52308 0.025 2.97 0 90 0 0 0.7071068 0 0.7071068 11.02024 0
3.5423 SecondCar -65.03125 0.025 2.97 0 90 0 0 0.7071068 0 0.7071068 11.00221 0
3.5427 Head 0 1.6 0.78 345.15 327.8999 0 -0.124191 -0.2741586 -0.03572864 0.9529623
3.5427 FirstCar -32.51841 0.025 2.97 0 90 0 0 0.7071068 0 0.7071068 11.01923 0
3.5427 SecondCar -65.02659 0.025 2.97 0 90 0 0 0.7071068 0 0.7071068 11.00119 0
3.5431 Head 0 1.6 0.78 345.15 327.8999 0 -0.124191 -0.2741586 -0.03572864 0.9529623
3.5431 FirstCar -32.5142 0.025 2.97 0 90 0 0 0.7071068 0 0.7071068 11.01831 0
3.5431 SecondCar -65.02238 0.025 2.97 0 90 0 0 0.7071068 0 0.7071068 11.00028 0
3.5435 Head 0 1.6 0.78 345.15 327.8999 0 -0.124191 -0.2741586 -0.03572864 0.9529623
3.5435 FirstCar -32.51005 0.025 2.97 0 90 0 0 0.7071068 0 0.7071068 11.0174 0
3.5435 SecondCar -65.01823 0.025 2.97 0 90 0 0 0.7071068 0 0.7071068 10.99937 0
3.5439 Head 0 1.6 0.78 345.15 327.8999 0 -0.124191 -0.2741586 -0.03572864 0.9529623
3.5439 FirstCar -32.50585 0.025 2.97 0 90 0 0 0.7071068 0 0.7071068 11.01649 0
3.5439 SecondCar -65.01405 0.025 2.97 0 90 0 0 0.7071068 0 0.7071068 10.99846 0
3.5443 Head 0 1.6 0.78 345.15 327.8999 0 -0.124191 -0.2741586 -0.03572864 0.9529623
3.5443 FirstCar -32.50161 0.025 2.97 0 90 0 0 0.7071068 0 0.7071068 11.01557 0
3.5443 SecondCar -65.00981 0.025 2.97 0 90 0 0 0.7071068 0 0.7071068 10.99754 0
3.5447 Head 0 1.6 0.78 345.15 327.8999 0 -0.124191 -0.2741586 -0.03572864 0.9529623
3.5447 FirstCar -32.49732 0.025 2.97 0 90 0 0 0.7071068 0 0.7071068 11.01463 0
3.5447 SecondCar -65.00553 0.025 2.97 0 90 0 0 0.7071068 0 0.7071068 10.9966 0
3.5450 Head 0 1.6 0.78 345.15 327.8999 0 -0.124191 -0.2741586 -0.03572864 0.9529623
3.5450 FirstCar -32.49343 0.025 2.97 0 90 0 0 0.7071068 0 0.7071068 11.01378 0
3.5450 SecondCar -65.00165 0.025 2.97 0 90 0 0 0.7071068 0 0.7071068 10.99575 0
3.5454 Head 0 1.6 0.78 345.15 327.8999 0 -0.124191 -0.2741586 -0.03572864 0.9529623
3.5454 FirstCar -32.48907 0.025 2.97 0 90 0 0 0.7071068 0 0.7071068 11.01283 0
3.5454 SecondCar -64.99729 0.025 2.97 0 90 0 0 0.7071068 0 0.7071068 10.9948 0
3.5458 Head 0 1.6 0.78 345.15 327.8999 0 -0.124191 -0.2741586 -0.03572864 0.9529623
3.5458 FirstCar -32.4849 0.025 2.97 0 90 0 0 0.7071068 0 0.7071068 11.01192 0
3.5458 SecondCar -64.99313 0.025 2.97 0 90 0 0 0.7071068 0 0.7071068 10.99389 0
3.5461 Head 0 1.6 0.78 345.15 327.8999 0 -0.124191 -0.2741586 -0.03572864 0.9529623
3.5461 FirstCar -32.48097 0.025 2.97 0 90 0 0 0.7071068 0 0.7071068 11.01107 0
3.5461 SecondCar -64.9892 0.025 2.97 0 90 0 0 0.7071068 0 0.7071068 10.99304 0
3.5465 Head 0 1.6 0.78 345.15 327.8999 0 -0.124191 -0.2741586 -0.03572864 0.9529623
3.5465 FirstCar -32.47671 0.025 2.97 0 90 0 0 0.7071068 0 0.7071068 11.01014 0
3.5465 SecondCar -64.98495 0.025 2.97 0 90 0 0 0.7071068 0 0.7071068 10.99211 0
3.5469 Head 0 1.6 0.78 345.15 327.8999 0 -0.124191 -0.2741586 -0.03572864 0.9529623
3.5469 FirstCar -32.47264 0.025 2.97 0 90 0 0 0.7071068 0 0.7071068 11.00925 0
3.5469 SecondCar -64.98089 0.025 2.97 0 90 0 0 0.7071068 0 0.7071068 10.99122 0
3.5473 Head 0 1.6 0.78 345.15 327.8999 0 -0.124191 -0.2741586 -0.03572864 0.9529623
3.5473 FirstCar -32.46864 0.025 2.97 0 90 0 0 0.7071068 0 0.7071068 11.00838 0
3.5473 SecondCar -64.9769 0.025 2.97 0 90 0 0 0.7071068 0 0.7071068 10.99035 0
3.5476 Head 0 1.6 0.78 345.15 327.8999 0 -0.124191 -0.2741586 -0.03572864 0.9529623
3.5476 FirstCar -32.4646 0.025 2.97 0 90 0 0 0.7071068 0 0.7071068 11.0075 0
3.5476 SecondCar -64.97285 0.025 2.97 0 90 0 0 0.7071068 0 0.7071068 10.98947 0
3.5480 Head 0 1.6 0.78 345.15 327.8999 0 -0.124191 -0.2741586 -0.03572864 0.9529623
3.5480 FirstCar -32.46054 0.025 2.97 0 90 0 0 0.7071068 0 0.7071068 11.00661 0
3.5480 SecondCar -64.96881 0.025 2.97 0 90 0 0 0.7071068 0 0.7071068 10.98858 0
3.5484 Head 0 1.6 0.78 345.15 327.8999 0 -0.124191 -0.2741586 -0.03572864 0.9529623
3.5484 FirstCar -32.45656 0.025 2.97 0 90 0 0 0.7071068 0 0.7071068 11.00575 0
3.5484 SecondCar -64.96484 0.025 2.97 0 90 0 0 0.7071068 0 0.7071068 10.98772 0
3.5488 Head 0 1.6 0.78 345.15 327.8999 0 -0.124191 -0.2741586 -0.03572864 0.9529623
3.5488 FirstCar -32.45218 0.025 2.97 0 90 0 0 0.7071068 0 0.7071068 11.00479 0
3.5488 SecondCar -64.96046 0.025 2.97 0 90 0 0 0.7071068 0 0.7071068 10.98676 0
3.5491 Head 0 1.6 0.78 345.15 327.8999 0 -0.124191 -0.2741586 -0.03572864 0.9529623
3.5491 FirstCar -32.4484 0.025 2.97 0 90 0 0 0.7071068 0 0.7071068 11.00397 0
3.5491 SecondCar -64.9567 0.025 2.97 0 90 0 0 0.7071068 0 0.7071068 10.98594 0
3.5498 Head 0 1.6 0.78 345.15 327.8999 0 -0.124191 -0.2741586 -0.03572864 0.9529623
3.5498 FirstCar -32.44045 0.025 2.97 0 90 0 0 0.7071068 0 0.7071068 11.00223 0
3.5498 SecondCar -64.94875 0.025 2.97 0 90 0 0 0.7071068 0 0.7071068 10.9842 0
3.5503 Head 0 1.6 0.78 345.15 327.8999 0 -0.124191 -0.2741586 -0.03572864 0.9529623
3.5503 FirstCar -32.43505 0.025 2.97 0 90 0 0 0.7071068 0 0.7071068 11.00105 0
3.5503 SecondCar -64.94336 0.025 2.97 0 90 0 0 0.7071068 0 0.7071068 10.98302 0
3.5510 Head 0 1.6 0.78 345.15 327.8999 0 -0.124191 -0.2741586 -0.03572864 0.9529623
3.5510 FirstCar -32.42782 0.025 2.97 0 90 0 0 0.7071068 0 0.7071068 10.99948 0
3.5510 SecondCar -64.93613 0.025 2.97 0 90 0 0 0.7071068 0 0.7071068 10.98145 0
3.5514 Head 0 1.6 0.78 345.15 327.8999 0 -0.124191 -0.2741586 -0.03572864 0.9529623
3.5514 FirstCar -32.4229 0.025 2.97 0 90 0 0 0.7071068 0 0.7071068 10.9984 0
3.5514 SecondCar -64.93122 0.025 2.97 0 90 0 0 0.7071068 0 0.7071068 10.98037 0
3.5518 Head 0 1.6 0.78 345.15 327.8999 0 -0.124191 -0.2741586 -0.03572864 0.9529623
3.5518 FirstCar -32.41864 0.025 2.97 0 90 0 0 0.7071068 0 0.7071068 10.99747 0
3.5518 SecondCar -64.92697 0.025 2.97 0 90 0 0 0.7071068 0 0.7071068 10.97944 0
3.5522 Head 0 1.6 0.78 345.15 327.8999 0 -0.124191 -0.2741586 -0.03572864 0.9529623
3.5522 FirstCar -32.41436 0.025 2.97 0 90 0 0 0.7071068 0 0.7071068 10.99654 0
3.5522 SecondCar -64.92271 0.025 2.97 0 90 0 0 0.7071068 0 0.7071068 10.97851 0
3.5526 Head 0 1.6 0.78 345.15 327.8999 0 -0.124191 -0.2741586 -0.03572864 0.9529623
3.5526 FirstCar -32.40947 0.025 2.97 0 90 0 0 0.7071068 0 0.7071068 10.99547 0
3.5526 SecondCar -64.91782 0.025 2.97 0 90 0 0 0.7071068 0 0.7071068 10.97744 0
3.5531 Head 0 1.6 0.78 345.15 327.8999 0 -0.124191 -0.2741586 -0.03572864 0.9529623
3.5531 FirstCar -32.40465 0.025 2.97 0 90 0 0 0.7071068 0 0.7071068 10.99442 0
3.5531 SecondCar -64.91301 0.025 2.97 0 90 0 0 0.7071068 0 0.7071068 10.97639 0
3.5535 Head 0 1.6 0.78 345.15 327.8999 0 -0.124191 -0.2741586 -0.03572864 0.9529623
3.5535 FirstCar -32.40049 0.025 2.97 0 90 0 0 0.7071068 0 0.7071068 10.99351 0
3.5535 SecondCar -64.90886 0.025 2.97 0 90 0 0 0.7071068 0 0.7071068 10.97548 0
3.5538 Head 0 1.6 0.78 345.15 327.8999 0 -0.124191 -0.2741586 -0.03572864 0.9529623
3.5538 FirstCar -32.39642 0.025 2.97 0 90 0 0 0.7071068 0 0.7071068 10.99262 0
3.5538 SecondCar -64.9048 0.025 2.97 0 90 0 0 0.7071068 0 0.7071068 10.97459 0
3.5542 Head 0 1.6 0.78 345.15 327.8999 0 -0.124191 -0.2741586 -0.03572864 0.9529623
3.5542 FirstCar -32.39219 0.025 2.97 0 90 0 0 0.7071068 0 0.7071068 10.9917 0
3.5542 SecondCar -64.90057 0.025 2.97 0 90 0 0 0.7071068 0 0.7071068 10.97367 0
3.5546 Head 0 1.6 0.78 345.15 327.8999 0 -0.124191 -0.2741586 -0.03572864 0.9529623
3.5546 FirstCar -32.38794 0.025 2.97 0 90 0 0 0.7071068 0 0.7071068 10.99077 0
3.5546 SecondCar -64.89633 0.025 2.97 0 90 0 0 0.7071068 0 0.7071068 10.97274 0
3.5549 Head 0 1.6 0.78 345.15 327.8999 0 -0.124191 -0.2741586 -0.03572864 0.9529623
3.5549 FirstCar -32.38404 0.025 2.97 0 90 0 0 0.7071068 0 0.7071068 10.98992 0
3.5549 SecondCar -64.89244 0.025 2.97 0 90 0 0 0.7071068 0 0.7071068 10.97189 0
3.5553 Head 0 1.6 0.78 345.15 327.8999 0 -0.124191 -0.2741586 -0.03572864 0.9529623
3.5553 FirstCar -32.38006 0.025 2.97 0 90 0 0 0.7071068 0 0.7071068 10.98905 0
3.5553 SecondCar -64.88846 0.025 2.97 0 90 0 0 0.7071068 0 0.7071068 10.97102 0
3.5557 Head 0 1.6 0.78 345.15 327.8999 0 -0.124191 -0.2741586 -0.03572864 0.9529623
3.5557 FirstCar -32.37593 0.025 2.97 0 90 0 0 0.7071068 0 0.7071068 10.98815 0
3.5557 SecondCar -64.88434 0.025 2.97 0 90 0 0 0.7071068 0 0.7071068 10.97012 0
3.5561 Head 0 1.6 0.78 345.15 327.8999 0 -0.124191 -0.2741586 -0.03572864 0.9529623
3.5561 FirstCar -32.37178 0.025 2.97 0 90 0 0 0.7071068 0 0.7071068 10.98724 0
3.5561 SecondCar -64.88019 0.025 2.97 0 90 0 0 0.7071068 0 0.7071068 10.96921 0
3.5564 Head 0 1.6 0.78 345.15 327.8999 0 -0.124191 -0.2741586 -0.03572864 0.9529623
3.5564 FirstCar -32.36782 0.025 2.97 0 90 0 0 0.7071068 0 0.7071068 10.98638 0
3.5564 SecondCar -64.87624 0.025 2.97 0 90 0 0 0.7071068 0 0.7071068 10.96835 0
3.5568 Head 0 1.6 0.78 345.15 327.8999 0 -0.124191 -0.2741586 -0.03572864 0.9529623
3.5568 FirstCar -32.36366 0.025 2.97 0 90 0 0 0.7071068 0 0.7071068 10.98547 0
3.5568 SecondCar -64.87209 0.025 2.97 0 90 0 0 0.7071068 0 0.7071068 10.96744 0
3.5572 Head 0 1.6 0.78 345.15 327.8999 0 -0.124191 -0.2741586 -0.03572864 0.9529623
3.5572 FirstCar -32.35964 0.025 2.97 0 90 0 0 0.7071068 0 0.7071068 10.98459 0
3.5572 SecondCar -64.86807 0.025 2.97 0 90 0 0 0.7071068 0 0.7071068 10.96656 0
3.5579 Head 0 1.6 0.78 345.15 327.8999 0 -0.124191 -0.2741586 -0.03572864 0.9529623
3.5579 FirstCar -32.3516 0.025 2.97 0 90 0 0 0.7071068 0 0.7071068 10.98283 0
3.5579 SecondCar -64.86005 0.025 2.97 0 90 0 0 0.7071068 0 0.7071068 10.9648 0
3.5583 Head 0 1.6 0.78 345.15 327.8999 0 -0.124191 -0.2741586 -0.03572864 0.9529623
3.5583 FirstCar -32.34689 0.025 2.97 0 90 0 0 0.7071068 0 0.7071068 10.98181 0
3.5583 SecondCar -64.85535 0.025 2.97 0 90 0 0 0.7071068 0 0.7071068 10.96378 0
3.5587 Head 0 1.6 0.78 345.15 327.8999 0 -0.124191 -0.2741586 -0.03572864 0.9529623
3.5587 FirstCar -32.34243 0.025 2.97 0 90 0 0 0.7071068 0 0.7071068 10.98083 0
3.5587 SecondCar -64.85089 0.025 2.97 0 90 0 0 0.7071068 0 0.7071068 10.9628 0
3.5591 Head 0 1.6 0.78 345.15 327.8999 0 -0.124191 -0.2741586 -0.03572864 0.9529623
3.5591 FirstCar -32.33828 0.025 2.97 0 90 0 0 0.7071068 0 0.7071068 10.97992 0
3.5591 SecondCar -64.84676 0.025 2.97 0 90 0 0 0.7071068 0 0.7071068 10.96189 0
3.5595 Head 0 1.6 0.78 345.15 327.8999 0 -0.124191 -0.2741586 -0.03572864 0.9529623
3.5595 FirstCar -32.33424 0.025 2.97 0 90 0 0 0.7071068 0 0.7071068 10.97904 0
3.5595 SecondCar -64.84272 0.025 2.97 0 90 0 0 0.7071068 0 0.7071068 10.96101 0
3.5600 Head 0 1.6 0.78 345.15 327.8999 0 -0.124191 -0.2741586 -0.03572864 0.9529623
3.5600 FirstCar -32.32901 0.025 2.97 0 90 0 0 0.7071068 0 0.7071068 10.9779 0
3.5600 SecondCar -64.83749 0.025 2.97 0 90 0 0 0.7071068 0 0.7071068 10.95987 0
3.5604 Head 0 1.6 0.78 345.15 327.8999 0 -0.124191 -0.2741586 -0.03572864 0.9529623
3.5604 FirstCar -32.32455 0.025 2.97 0 90 0 0 0.7071068 0 0.7071068 10.97692 0
3.5604 SecondCar -64.83304 0.025 2.97 0 90 0 0 0.7071068 0 0.7071068 10.95889 0
3.5607 Head 0 1.6 0.78 345.15 327.8999 0 -0.124191 -0.2741586 -0.03572864 0.9529623
3.5607 FirstCar -32.32048 0.025 2.97 0 90 0 0 0.7071068 0 0.7071068 10.97603 0
3.5607 SecondCar -64.82898 0.025 2.97 0 90 0 0 0.7071068 0 0.7071068 10.958 0
3.5611 Head 0 1.6 0.78 345.15 327.8999 0 -0.124191 -0.2741586 -0.03572864 0.9529623
3.5611 FirstCar -32.31621 0.025 2.97 0 90 0 0 0.7071068 0 0.7071068 10.9751 0
3.5611 SecondCar -64.82472 0.025 2.97 0 90 0 0 0.7071068 0 0.7071068 10.95707 0
3.5615 Head 0 1.6 0.78 345.15 327.8999 0 -0.124191 -0.2741586 -0.03572864 0.9529623
3.5615 FirstCar -32.31215 0.025 2.97 0 90 0 0 0.7071068 0 0.7071068 10.97421 0
3.5615 SecondCar -64.82067 0.025 2.97 0 90 0 0 0.7071068 0 0.7071068 10.95618 0
3.5618 Head 0 1.6 0.78 345.15 327.8999 0 -0.124191 -0.2741586 -0.03572864 0.9529623
3.5618 FirstCar -32.30828 0.025 2.97 0 90 0 0 0.7071068 0 0.7071068 10.97337 0
3.5618 SecondCar -64.81681 0.025 2.97 0 90 0 0 0.7071068 0 0.7071068 10.95534 0
3.5622 Head 0 1.6 0.78 345.15 327.8999 0 -0.124191 -0.2741586 -0.03572864 0.9529623
3.5622 FirstCar -32.30444 0.025 2.97 0 90 0 0 0.7071068 0 0.7071068 10.97252 0
3.5622 SecondCar -64.81297 0.025 2.97 0 90 0 0 0.7071068 0 0.7071068 10.95449 0
3.5625 Head 0 1.6 0.78 345.15 327.8999 0 -0.124191 -0.2741586 -0.03572864 0.9529623
3.5625 FirstCar -32.30062 0.025 2.97 0 90 0 0 0.7071068 0 0.7071068 10.97169 0
3.5625 SecondCar -64.80917 0.025 2.97 0 90 0 0 0.7071068 0 0.7071068 10.95366 0
3.5630 Head 0 1.6 0.78 345.15 327.8999 0 -0.124191 -0.2741586 -0.03572864 0.9529623
3.5630 FirstCar -32.29577 0.025 2.97 0 90 0 0 0.7071068 0 0.7071068 10.97063 0
3.5630 SecondCar -64.80432 0.025 2.97 0 90 0 0 0.7071068 0 0.7071068 10.9526 0
3.5634 Head 0 1.6 0.78 345.15 327.8999 0 -0.124191 -0.2741586 -0.03572864 0.9529623
3.5634 FirstCar -32.29117 0.025 2.97 0 90 0 0 0.7071068 0 0.7071068 10.96962 0
3.5634 SecondCar -64.79973 0.025 2.97 0 90 0 0 0.7071068 0 0.7071068 10.95159 0
3.5638 Head 0 1.6 0.78 345.15 327.8999 0 -0.124191 -0.2741586 -0.03572864 0.9529623
3.5638 FirstCar -32.28711 0.025 2.97 0 90 0 0 0.7071068 0 0.7071068 10.96873 0
3.5638 SecondCar -64.79568 0.025 2.97 0 90 0 0 0.7071068 0 0.7071068 10.9507 0
3.5641 Head 0 1.6 0.78 345.15 327.8999 0 -0.124191 -0.2741586 -0.03572864 0.9529623
3.5641 FirstCar -32.28323 0.025 2.97 0 90 0 0 0.7071068 0 0.7071068 10.96788 0
3.5641 SecondCar -64.79179 0.025 2.97 0 90 0 0 0.7071068 0 0.7071068 10.94985 0
3.5645 Head 0 1.6 0.78 345.15 327.8999 0 -0.124191 -0.2741586 -0.03572864 0.9529623
3.5645 FirstCar -32.2792 0.025 2.97 0 90 0 0 0.7071068 0 0.7071068 10.967 0
3.5645 SecondCar -64.78777 0.025 2.97 0 90 0 0 0.7071068 0 0.7071068 10.94897 0
3.5649 Head 0 1.6 0.78 345.15 327.8999 0 -0.124191 -0.2741586 -0.03572864 0.9529623
3.5649 FirstCar -32.27532 0.025 2.97 0 90 0 0 0.7071068 0 0.7071068 10.96615 0
3.5649 SecondCar -64.78391 0.025 2.97 0 90 0 0 0.7071068 0 0.7071068 10.94812 0
3.5652 Head 0 1.6 0.78 345.15 327.8999 0 -0.124191 -0.2741586 -0.03572864 0.9529623
3.5652 FirstCar -32.27102 0.025 2.97 0 90 0 0 0.7071068 0 0.7071068 10.96521 0
3.5652 SecondCar -64.77962 0.025 2.97 0 90 0 0 0.7071068 0 0.7071068 10.94718 0
3.5660 Head 0 1.6 0.78 345.15 327.8999 0 -0.124191 -0.2741586 -0.03572864 0.9529623
3.5660 FirstCar -32.26291 0.025 2.97 0 90 0 0 0.7071068 0 0.7071068 10.96344 0
3.5660 SecondCar -64.77152 0.025 2.97 0 90 0 0 0.7071068 0 0.7071068 10.94541 0
3.5664 Head 0 1.6 0.78 345.15 327.8999 0 -0.124191 -0.2741586 -0.03572864 0.9529623
3.5664 FirstCar -32.25872 0.025 2.97 0 90 0 0 0.7071068 0 0.7071068 10.96252 0
3.5664 SecondCar -64.76733 0.025 2.97 0 90 0 0 0.7071068 0 0.7071068 10.94449 0
3.5668 Head 0 1.6 0.78 345.15 327.8999 0 -0.124191 -0.2741586 -0.03572864 0.9529623
3.5668 FirstCar -32.2543 0.025 2.97 0 90 0 0 0.7071068 0 0.7071068 10.96155 0
3.5668 SecondCar -64.76292 0.025 2.97 0 90 0 0 0.7071068 0 0.7071068 10.94352 0
3.5672 Head 0 1.6 0.78 345.15 327.8999 0 -0.124191 -0.2741586 -0.03572864 0.9529623
3.5672 FirstCar -32.24941 0.025 2.97 0 90 0 0 0.7071068 0 0.7071068 10.96048 0
3.5672 SecondCar -64.75804 0.025 2.97 0 90 0 0 0.7071068 0 0.7071068 10.94245 0
3.5676 Head 0 1.6 0.78 345.15 327.8999 0 -0.124191 -0.2741586 -0.03572864 0.9529623
3.5676 FirstCar -32.2448 0.025 2.97 0 90 0 0 0.7071068 0 0.7071068 10.95947 0
3.5676 SecondCar -64.75345 0.025 2.97 0 90 0 0 0.7071068 0 0.7071068 10.94144 0
3.5680 Head 0 1.6 0.78 345.15 327.8999 0 -0.124191 -0.2741586 -0.03572864 0.9529623
3.5680 FirstCar -32.24081 0.025 2.97 0 90 0 0 0.7071068 0 0.7071068 10.9586 0
3.5680 SecondCar -64.74947 0.025 2.97 0 90 0 0 0.7071068 0 0.7071068 10.94057 0
3.5684 Head 0 1.6 0.78 345.15 327.8999 0 -0.124191 -0.2741586 -0.03572864 0.9529623
3.5684 FirstCar -32.23689 0.025 2.97 0 90 0 0 0.7071068 0 0.7071068 10.95774 0
3.5684 SecondCar -64.74554 0.025 2.97 0 90 0 0 0.7071068 0 0.7071068 10.93971 0
3.5687 Head 0 1.6 0.78 345.15 327.8999 0 -0.124191 -0.2741586 -0.03572864 0.9529623
3.5687 FirstCar -32.23281 0.025 2.97 0 90 0 0 0.7071068 0 0.7071068 10.95685 0
3.5687 SecondCar -64.74148 0.025 2.97 0 90 0 0 0.7071068 0 0.7071068 10.93882 0
3.5691 Head 0 1.6 0.78 345.15 327.8999 0 -0.124191 -0.2741586 -0.03572864 0.9529623
3.5691 FirstCar -32.22902 0.025 2.97 0 90 0 0 0.7071068 0 0.7071068 10.95601 0
3.5691 SecondCar -64.73769 0.025 2.97 0 90 0 0 0.7071068 0 0.7071068 10.93798 0
3.5694 Head 0 1.6 0.78 345.15 327.8999 0 -0.124191 -0.2741586 -0.03572864 0.9529623
3.5694 FirstCar -32.22514 0.025 2.97 0 90 0 0 0.7071068 0 0.7071068 10.95516 0
3.5694 SecondCar -64.73382 0.025 2.97 0 90 0 0 0.7071068 0 0.7071068 10.93713 0
3.5698 Head 0 1.6 0.78 345.15 327.8999 0 -0.124191 -0.2741586 -0.03572864 0.9529623
3.5698 FirstCar -32.22129 0.025 2.97 0 90 0 0 0.7071068 0 0.7071068 10.95432 0
3.5698 SecondCar -64.72997 0.025 2.97 0 90 0 0 0.7071068 0 0.7071068 10.93629 0
3.5701 Head 0 1.6 0.78 345.15 327.8999 0 -0.124191 -0.2741586 -0.03572864 0.9529623
3.5701 FirstCar -32.21755 0.025 2.97 0 90 0 0 0.7071068 0 0.7071068 10.9535 0
3.5701 SecondCar -64.72623 0.025 2.97 0 90 0 0 0.7071068 0 0.7071068 10.93547 0
3.5710 Head 0 1.6 0.78 345.15 327.8999 0 -0.124191 -0.2741586 -0.03572864 0.9529623
3.5710 FirstCar -32.20792 0.025 2.97 0 90 0 0 0.7071068 0 0.7071068 10.95139 0
3.5710 SecondCar -64.71661 0.025 2.97 0 90 0 0 0.7071068 0 0.7071068 10.93336 0
3.5715 Head 0 1.6 0.78 345.15 327.8999 0 -0.124191 -0.2741586 -0.03572864 0.9529623
3.5715 FirstCar -32.20216 0.025 2.97 0 90 0 0 0.7071068 0 0.7071068 10.95013 0
3.5715 SecondCar -64.71086 0.025 2.97 0 90 0 0 0.7071068 0 0.7071068 10.9321 0
3.5720 Head 0 1.6 0.78 345.15 327.8999 0 -0.124191 -0.2741586 -0.03572864 0.9529623
3.5720 FirstCar -32.19751 0.025 2.97 0 90 0 0 0.7071068 0 0.7071068 10.94911 0
3.5720 SecondCar -64.70621 0.025 2.97 0 90 0 0 0.7071068 0 0.7071068 10.93108 0
3.5724 Head 0 1.6 0.78 345.15 327.8999 0 -0.124191 -0.2741586 -0.03572864 0.9529623
3.5724 FirstCar -32.19298 0.025 2.97 0 90 0 0 0.7071068 0 0.7071068 10.94812 0
3.5724 SecondCar -64.7017 0.025 2.97 0 90 0 0 0.7071068 0 0.7071068 10.93009 0
3.5727 Head 0 1.6 0.78 345.15 327.8999 0 -0.124191 -0.2741586 -0.03572864 0.9529623
3.5727 FirstCar -32.18906 0.025 2.97 0 90 0 0 0.7071068 0 0.7071068 10.94726 0
3.5727 SecondCar -64.69779 0.025 2.97 0 90 0 0 0.7071068 0 0.7071068 10.92923 0
3.5731 Head 0 1.6 0.78 345.15 327.8999 0 -0.124191 -0.2741586 -0.03572864 0.9529623
3.5731 FirstCar -32.18513 0.025 2.97 0 90 0 0 0.7071068 0 0.7071068 10.94639 0
3.5731 SecondCar -64.69386 0.025 2.97 0 90 0 0 0.7071068 0 0.7071068 10.92836 0
3.5738 Head 0 1.6 0.78 345.15 327.8999 0 -0.124191 -0.2741586 -0.03572864 0.9529623
3.5738 FirstCar -32.17768 0.025 2.97 0 90 0 0 0.7071068 0 0.7071068 10.94476 0
3.5738 SecondCar -64.68642 0.025 2.97 0 90 0 0 0.7071068 0 0.7071068 10.92673 0
3.5742 Head 0 1.6 0.78 345.15 327.8999 0 -0.124191 -0.2741586 -0.03572864 0.9529623
3.5742 FirstCar -32.17312 0.025 2.97 0 90 0 0 0.7071068 0 0.7071068 10.94376 0
3.5742 SecondCar -64.68188 0.025 2.97 0 90 0 0 0.7071068 0 0.7071068 10.92573 0
3.5746 Head 0 1.6 0.78 345.15 327.8999 0 -0.124191 -0.2741586 -0.03572864 0.9529623
3.5746 FirstCar -32.16892 0.025 2.97 0 90 0 0 0.7071068 0 0.7071068 10.94284 0
3.5746 SecondCar -64.67769 0.025 2.97 0 90 0 0 0.7071068 0 0.7071068 10.92481 0
3.5749 Head 0 1.6 0.78 345.15 327.8999 0 -0.124191 -0.2741586 -0.03572864 0.9529623
3.5749 FirstCar -32.16496 0.025 2.97 0 90 0 0 0.7071068 0 0.7071068 10.94197 0
3.5749 SecondCar -64.67373 0.025 2.97 0 90 0 0 0.7071068 0 0.7071068 10.92394 0
3.5753 Head 0 1.6 0.78 345.15 327.8999 0 -0.124191 -0.2741586 -0.03572864 0.9529623
3.5753 FirstCar -32.16094 0.025 2.97 0 90 0 0 0.7071068 0 0.7071068 10.94109 0
3.5753 SecondCar -64.66972 0.025 2.97 0 90 0 0 0.7071068 0 0.7071068 10.92306 0
3.5757 Head 0 1.6 0.78 345.15 327.8999 0 -0.124191 -0.2741586 -0.03572864 0.9529623
3.5757 FirstCar -32.15699 0.025 2.97 0 90 0 0 0.7071068 0 0.7071068 10.94022 0
3.5757 SecondCar -64.66578 0.025 2.97 0 90 0 0 0.7071068 0 0.7071068 10.92219 0
3.5760 Head 0 1.6 0.78 345.15 327.8999 0 -0.124191 -0.2741586 -0.03572864 0.9529623
3.5760 FirstCar -32.15329 0.025 2.97 0 90 0 0 0.7071068 0 0.7071068 10.93941 0
3.5760 SecondCar -64.66209 0.025 2.97 0 90 0 0 0.7071068 0 0.7071068 10.92138 0
3.5763 Head 0 1.6 0.78 345.15 327.8999 0 -0.124191 -0.2741586 -0.03572864 0.9529623
3.5763 FirstCar -32.14951 0.025 2.97 0 90 0 0 0.7071068 0 0.7071068 10.93858 0
3.5763 SecondCar -64.65831 0.025 2.97 0 90 0 0 0.7071068 0 0.7071068 10.92055 0
3.5767 Head 0 1.6 0.78 345.15 327.8999 0 -0.124191 -0.2741586 -0.03572864 0.9529623
3.5767 FirstCar -32.14579 0.025 2.97 0 90 0 0 0.7071068 0 0.7071068 10.93777 0
3.5767 SecondCar -64.65459 0.025 2.97 0 90 0 0 0.7071068 0 0.7071068 10.91974 0
3.5770 Head 0 1.6 0.78 345.15 327.8999 0 -0.124191 -0.2741586 -0.03572864 0.9529623
3.5770 FirstCar -32.14199 0.025 2.97 0 90 0 0 0.7071068 0 0.7071068 10.93693 0
3.5770 SecondCar -64.6508 0.025 2.97 0 90 0 0 0.7071068 0 0.7071068 10.9189 0
3.5774 Head 0 1.6 0.78 345.15 327.8999 0 -0.124191 -0.2741586 -0.03572864 0.9529623
3.5774 FirstCar -32.13784 0.025 2.97 0 90 0 0 0.7071068 0 0.7071068 10.93602 0
3.5774 SecondCar -64.64666 0.025 2.97 0 90 0 0 0.7071068 0 0.7071068 10.91799 0
3.5778 Head 0 1.6 0.78 345.15 327.8999 0 -0.124191 -0.2741586 -0.03572864 0.9529623
3.5778 FirstCar -32.13383 0.025 2.97 0 90 0 0 0.7071068 0 0.7071068 10.93514 0
3.5778 SecondCar -64.64265 0.025 2.97 0 90 0 0 0.7071068 0 0.7071068 10.91711 0
3.5781 Head 0 1.6 0.78 345.15 327.8999 0 -0.124191 -0.2741586 -0.03572864 0.9529623
3.5781 FirstCar -32.13003 0.025 2.97 0 90 0 0 0.7071068 0 0.7071068 10.93431 0
3.5781 SecondCar -64.63886 0.025 2.97 0 90 0 0 0.7071068 0 0.7071068 10.91628 0
3.5785 Head 0 1.6 0.78 345.15 327.8999 0 -0.124191 -0.2741586 -0.03572864 0.9529623
3.5785 FirstCar -32.12631 0.025 2.97 0 90 0 0 0.7071068 0 0.7071068 10.93349 0
3.5785 SecondCar -64.63515 0.025 2.97 0 90 0 0 0.7071068 0 0.7071068 10.91546 0
3.5788 Head 0 1.6 0.78 345.15 327.8999 0 -0.124191 -0.2741586 -0.03572864 0.9529623
3.5788 FirstCar -32.12252 0.025 2.97 0 90 0 0 0.7071068 0 0.7071068 10.93266 0
3.5788 SecondCar -64.63137 0.025 2.97 0 90 0 0 0.7071068 0 0.7071068 10.91463 0
3.5792 Head 0 1.6 0.78 345.15 327.8999 0 -0.124191 -0.2741586 -0.03572864 0.9529623
3.5792 FirstCar -32.1184 0.025 2.97 0 90 0 0 0.7071068 0 0.7071068 10.93176 0
3.5792 SecondCar -64.62727 0.025 2.97 0 90 0 0 0.7071068 0 0.7071068 10.91372 0
3.5795 Head 0 1.6 0.78 345.15 327.8999 0 -0.124191 -0.2741586 -0.03572864 0.9529623
3.5795 FirstCar -32.1145 0.025 2.97 0 90 0 0 0.7071068 0 0.7071068 10.9309 0
3.5795 SecondCar -64.62337 0.025 2.97 0 90 0 0 0.7071068 0 0.7071068 10.91287 0
3.5799 Head 0 1.6 0.78 345.15 327.8999 0 -0.124191 -0.2741586 -0.03572864 0.9529623
3.5799 FirstCar -32.11012 0.025 2.97 0 90 0 0 0.7071068 0 0.7071068 10.92994 0
3.5799 SecondCar -64.619 0.025 2.97 0 90 0 0 0.7071068 0 0.7071068 10.91191 0
3.5803 Head 0 1.6 0.78 345.15 327.8999 0 -0.124191 -0.2741586 -0.03572864 0.9529623
3.5803 FirstCar -32.10593 0.025 2.97 0 90 0 0 0.7071068 0 0.7071068 10.92901 0
3.5803 SecondCar -64.61481 0.025 2.97 0 90 0 0 0.7071068 0 0.7071068 10.91098 0
3.5807 Head 0 1.6 0.78 345.15 327.8999 0 -0.124191 -0.2741586 -0.03572864 0.9529623
3.5807 FirstCar -32.10186 0.025 2.97 0 90 0 0 0.7071068 0 0.7071068 10.92812 0
3.5807 SecondCar -64.61076 0.025 2.97 0 90 0 0 0.7071068 0 0.7071068 10.91009 0
3.5811 Head 0 1.6 0.78 345.15 327.8999 0 -0.124191 -0.2741586 -0.03572864 0.9529623
3.5811 FirstCar -32.09743 0.025 2.97 0 90 0 0 0.7071068 0 0.7071068 10.92715 0
3.5811 SecondCar -64.60633 0.025 2.97 0 90 0 0 0.7071068 0 0.7071068 10.90912 0
3.5818 Head 0 1.6 0.78 345.15 327.8999 0 -0.124191 -0.2741586 -0.03572864 0.9529623
3.5818 FirstCar -32.08956 0.025 2.97 0 90 0 0 0.7071068 0 0.7071068 10.92542 0
3.5818 SecondCar -64.59847 0.025 2.97 0 90 0 0 0.7071068 0 0.7071068 10.90739 0
3.5822 Head 0 1.6 0.78 345.15 327.8999 0 -0.124191 -0.2741586 -0.03572864 0.9529623
3.5822 FirstCar -32.08528 0.025 2.97 0 90 0 0 0.7071068 0 0.7071068 10.92448 0
3.5822 SecondCar -64.59419 0.025 2.97 0 90 0 0 0.7071068 0 0.7071068 10.90645 0
3.5826 Head 0 1.6 0.78 345.15 327.8999 0 -0.124191 -0.2741586 -0.03572864 0.9529623
3.5826 FirstCar -32.08118 0.025 2.97 0 90 0 0 0.7071068 0 0.7071068 10.92358 0
3.5826 SecondCar -64.5901 0.025 2.97 0 90 0 0 0.7071068 0 0.7071068 10.90555 0
3.5830 Head 0 1.6 0.78 345.15 327.8999 0 -0.124191 -0.2741586 -0.03572864 0.9529623
3.5830 FirstCar -32.07723 0.025 2.97 0 90 0 0 0.7071068 0 0.7071068 10.92271 0
3.5830 SecondCar -64.58617 0.025 2.97 0 90 0 0 0.7071068 0 0.7071068 10.90468 0
3.5833 Head 0 1.6 0.78 345.15 327.8999 0 -0.124191 -0.2741586 -0.03572864 0.9529623
3.5833 FirstCar -32.07341 0.025 2.97 0 90 0 0 0.7071068 0 0.7071068 10.92187 0
3.5833 SecondCar -64.58234 0.025 2.97 0 90 0 0 0.7071068 0 0.7071068 10.90384 0
3.5837 Head 0 1.6 0.78 345.15 327.8999 0 -0.124191 -0.2741586 -0.03572864 0.9529623
3.5837 FirstCar -32.06918 0.025 2.97 0 90 0 0 0.7071068 0 0.7071068 10.92094 0
3.5837 SecondCar -64.57813 0.025 2.97 0 90 0 0 0.7071068 0 0.7071068 10.90291 0
3.5841 Head 0 1.6 0.78 345.15 327.8999 0 -0.124191 -0.2741586 -0.03572864 0.9529623
3.5841 FirstCar -32.06476 0.025 2.97 0 90 0 0 0.7071068 0 0.7071068 10.91997 0
3.5841 SecondCar -64.57371 0.025 2.97 0 90 0 0 0.7071068 0 0.7071068 10.90194 0
3.5845 Head 0 1.6 0.78 345.15 327.8999 0 -0.124191 -0.2741586 -0.03572864 0.9529623
3.5845 FirstCar -32.06066 0.025 2.97 0 90 0 0 0.7071068 0 0.7071068 10.91907 0
3.5845 SecondCar -64.56962 0.025 2.97 0 90 0 0 0.7071068 0 0.7071068 10.90104 0
3.5848 Head 0 1.6 0.78 345.15 327.8999 0 -0.124191 -0.2741586 -0.03572864 0.9529623
3.5848 FirstCar -32.05684 0.025 2.97 0 90 0 0 0.7071068 0 0.7071068 10.91823 0
3.5848 SecondCar -64.5658 0.025 2.97 0 90 0 0 0.7071068 0 0.7071068 10.9002 0
3.5852 Head 0 1.6 0.78 345.15 327.8999 0 -0.124191 -0.2741586 -0.03572864 0.9529623
3.5852 FirstCar -32.05276 0.025 2.97 0 90 0 0 0.7071068 0 0.7071068 10.91733 0
3.5852 SecondCar -64.56173 0.025 2.97 0 90 0 0 0.7071068 0 0.7071068 10.8993 0
3.5856 Head 0 1.6 0.78 345.15 327.8999 0 -0.124191 -0.2741586 -0.03572864 0.9529623
3.5856 FirstCar -32.04885 0.025 2.97 0 90 0 0 0.7071068 0 0.7071068 10.91647 0
3.5856 SecondCar -64.55782 0.025 2.97 0 90 0 0 0.7071068 0 0.7071068 10.89844 0
3.5859 Head 0 1.6 0.78 345.15 327.8999 0 -0.124191 -0.2741586 -0.03572864 0.9529623
3.5859 FirstCar -32.04486 0.025 2.97 0 90 0 0 0.7071068 0 0.7071068 10.91559 0
3.5859 SecondCar -64.55384 0.025 2.97 0 90 0 0 0.7071068 0 0.7071068 10.89756 0
3.5863 Head 0 1.6 0.78 345.15 327.8999 0 -0.124191 -0.2741586 -0.03572864 0.9529623
3.5863 FirstCar -32.04096 0.025 2.97 0 90 0 0 0.7071068 0 0.7071068 10.91474 0
3.5863 SecondCar -64.54995 0.025 2.97 0 90 0 0 0.7071068 0 0.7071068 10.89671 0
3.5866 Head 0 1.6 0.78 345.15 327.8999 0 -0.124191 -0.2741586 -0.03572864 0.9529623
3.5866 FirstCar -32.0369 0.025 2.97 0 90 0 0 0.7071068 0 0.7071068 10.91384 0
3.5866 SecondCar -64.54589 0.025 2.97 0 90 0 0 0.7071068 0 0.7071068 10.89581 0
3.5870 Head 0 1.6 0.78 345.15 327.8999 0 -0.124191 -0.2741586 -0.03572864 0.9529623
3.5870 FirstCar -32.03259 0.025 2.97 0 90 0 0 0.7071068 0 0.7071068 10.9129 0
3.5870 SecondCar -64.5416 0.025 2.97 0 90 0 0 0.7071068 0 0.7071068 10.89487 0
3.5874 Head 0 1.6 0.78 345.15 327.8999 0 -0.124191 -0.2741586 -0.03572864 0.9529623
3.5874 FirstCar -32.02838 0.025 2.97 0 90 0 0 0.7071068 0 0.7071068 10.91197 0
3.5874 SecondCar -64.53739 0.025 2.97 0 90 0 0 0.7071068 0 0.7071068 10.89394 0
3.5878 Head 0 1.6 0.78 345.15 327.8999 0 -0.124191 -0.2741586 -0.03572864 0.9529623
3.5878 FirstCar -32.0243 0.025 2.97 0 90 0 0 0.7071068 0 0.7071068 10.91107 0
3.5878 SecondCar -64.53332 0.025 2.97 0 90 0 0 0.7071068 0 0.7071068 10.89304 0
3.5881 Head 0 1.6 0.78 345.15 327.8999 0 -0.124191 -0.2741586 -0.03572864 0.9529623
3.5881 FirstCar -32.02057 0.025 2.97 0 90 0 0 0.7071068 0 0.7071068 10.91025 0
3.5881 SecondCar -64.52959 0.025 2.97 0 90 0 0 0.7071068 0 0.7071068 10.89222 0
3.5885 Head 0 1.6 0.78 345.15 327.8999 0 -0.124191 -0.2741586 -0.03572864 0.9529623
3.5885 FirstCar -32.0168 0.025 2.97 0 90 0 0 0.7071068 0 0.7071068 10.90942 0
3.5885 SecondCar -64.52583 0.025 2.97 0 90 0 0 0.7071068 0 0.7071068 10.89139 0
3.5888 Head 0 1.6 0.78 345.15 327.8999 0 -0.124191 -0.2741586 -0.03572864 0.9529623
3.5888 FirstCar -32.01296 0.025 2.97 0 90 0 0 0.7071068 0 0.7071068 10.90858 0
3.5888 SecondCar -64.522 0.025 2.97 0 90 0 0 0.7071068 0 0.7071068 10.89055 0
3.5892 Head 0 1.6 0.78 345.15 327.8999 0 -0.124191 -0.2741586 -0.03572864 0.9529623
3.5892 FirstCar -32.00901 0.025 2.97 0 90 0 0 0.7071068 0 0.7071068 10.90771 0
3.5892 SecondCar -64.51806 0.025 2.97 0 90 0 0 0.7071068 0 0.7071068 10.88968 0
3.5899 Head 0 1.6 0.78 345.15 327.8999 0 -0.124191 -0.2741586 -0.03572864 0.9529623
3.5899 FirstCar -32.00162 0.025 2.97 0 90 0 0 0.7071068 0 0.7071068 10.90608 0
3.5899 SecondCar -64.51067 0.025 2.97 0 90 0 0 0.7071068 0 0.7071068 10.88805 0
3.5903 Head 0 1.6 0.78 345.15 327.8999 0 -0.124191 -0.2741586 -0.03572864 0.9529623
3.5903 FirstCar -31.99666 0.025 2.97 0 90 0 0 0.7071068 0 0.7071068 10.90499 0
3.5903 SecondCar -64.50572 0.025 2.97 0 90 0 0 0.7071068 0 0.7071068 10.88696 0
3.5911 Head 0 1.6 0.78 345.15 327.8999 0 -0.124191 -0.2741586 -0.03572864 0.9529623
3.5911 FirstCar -31.9888 0.025 2.97 0 90 0 0 0.7071068 0 0.7071068 10.90326 0
3.5911 SecondCar -64.49787 0.025 2.97 0 90 0 0 0.7071068 0 0.7071068 10.88523 0
3.5915 Head 0 1.6 0.78 345.15 327.8999 0 -0.124191 -0.2741586 -0.03572864 0.9529623
3.5915 FirstCar -31.98424 0.025 2.97 0 90 0 0 0.7071068 0 0.7071068 10.90226 0
3.5915 SecondCar -64.49332 0.025 2.97 0 90 0 0 0.7071068 0 0.7071068 10.88423 0
3.5919 Head 0 1.6 0.78 345.15 327.8999 0 -0.124191 -0.2741586 -0.03572864 0.9529623
3.5919 FirstCar -31.97995 0.025 2.97 0 90 0 0 0.7071068 0 0.7071068 10.90131 0
3.5919 SecondCar -64.48904 0.025 2.97 0 90 0 0 0.7071068 0 0.7071068 10.88328 0
3.5922 Head 0 1.6 0.78 345.15 327.8999 0 -0.124191 -0.2741586 -0.03572864 0.9529623
3.5922 FirstCar -31.97591 0.025 2.97 0 90 0 0 0.7071068 0 0.7071068 10.90042 0
3.5922 SecondCar -64.48501 0.025 2.97 0 90 0 0 0.7071068 0 0.7071068 10.88239 0
3.5927 Head 0 1.6 0.78 345.15 327.8999 0 -0.124191 -0.2741586 -0.03572864 0.9529623
3.5927 FirstCar -31.97124 0.025 2.97 0 90 0 0 0.7071068 0 0.7071068 10.89939 0
3.5927 SecondCar -64.48034 0.025 2.97 0 90 0 0 0.7071068 0 0.7071068 10.88136 0
3.5931 Head 0 1.6 0.78 345.15 327.8999 0 -0.124191 -0.2741586 -0.03572864 0.9529623
3.5931 FirstCar -31.96689 0.025 2.97 0 90 0 0 0.7071068 0 0.7071068 10.89844 0
3.5931 SecondCar -64.47601 0.025 2.97 0 90 0 0 0.7071068 0 0.7071068 10.88041 0
3.5934 Head 0 1.6 0.78 345.15 327.8999 0 -0.124191 -0.2741586 -0.03572864 0.9529623
3.5934 FirstCar -31.96295 0.025 2.97 0 90 0 0 0.7071068 0 0.7071068 10.89757 0
3.5934 SecondCar -64.47207 0.025 2.97 0 90 0 0 0.7071068 0 0.7071068 10.87954 0
3.5938 Head 0 1.6 0.78 345.15 327.8999 0 -0.124191 -0.2741586 -0.03572864 0.9529623
3.5938 FirstCar -31.95848 0.025 2.97 0 90 0 0 0.7071068 0 0.7071068 10.89658 0
3.5938 SecondCar -64.46761 0.025 2.97 0 90 0 0 0.7071068 0 0.7071068 10.87855 0
3.5942 Head 0 1.6 0.78 345.15 327.8999 0 -0.124191 -0.2741586 -0.03572864 0.9529623
3.5942 FirstCar -31.95443 0.025 2.97 0 90 0 0 0.7071068 0 0.7071068 10.89569 0
3.5942 SecondCar -64.46356 0.025 2.97 0 90 0 0 0.7071068 0 0.7071068 10.87766 0
3.5946 Head 0 1.6 0.78 345.15 327.8999 0 -0.124191 -0.2741586 -0.03572864 0.9529623
3.5946 FirstCar -31.9505 0.025 2.97 0 90 0 0 0.7071068 0 0.7071068 10.89483 0
3.5946 SecondCar -64.45963 0.025 2.97 0 90 0 0 0.7071068 0 0.7071068 10.8768 0
3.5949 Head 0 1.6 0.78 345.15 327.8999 0 -0.124191 -0.2741586 -0.03572864 0.9529623
3.5949 FirstCar -31.94665 0.025 2.97 0 90 0 0 0.7071068 0 0.7071068 10.89398 0
3.5949 SecondCar -64.4558 0.025 2.97 0 90 0 0 0.7071068 0 0.7071068 10.87595 0
3.5953 Head 0 1.6 0.78 345.15 327.8999 0 -0.124191 -0.2741586 -0.03572864 0.9529623
3.5953 FirstCar -31.94279 0.025 2.97 0 90 0 0 0.7071068 0 0.7071068 10.89313 0
3.5953 SecondCar -64.45193 0.025 2.97 0 90 0 0 0.7071068 0 0.7071068 10.8751 0
3.5957 Head 0 1.6 0.78 345.15 327.8999 0 -0.124191 -0.2741586 -0.03572864 0.9529623
3.5957 FirstCar -31.93848 0.025 2.97 0 90 0 0 0.7071068 0 0.7071068 10.89218 0
3.5957 SecondCar -64.44764 0.025 2.97 0 90 0 0 0.7071068 0 0.7071068 10.87415 0
3.5961 Head 0 1.6 0.78 345.15 327.8999 0 -0.124191 -0.2741586 -0.03572864 0.9529623
3.5961 FirstCar -31.93423 0.025 2.97 0 90 0 0 0.7071068 0 0.7071068 10.89124 0
3.5961 SecondCar -64.44339 0.025 2.97 0 90 0 0 0.7071068 0 0.7071068 10.87321 0
3.5964 Head 0 1.6 0.78 345.15 327.8999 0 -0.124191 -0.2741586 -0.03572864 0.9529623
3.5964 FirstCar -31.93002 0.025 2.97 0 90 0 0 0.7071068 0 0.7071068 10.89032 0
3.5964 SecondCar -64.43919 0.025 2.97 0 90 0 0 0.7071068 0 0.7071068 10.87229 0
3.5968 Head 0 1.6 0.78 345.15 327.8999 0 -0.124191 -0.2741586 -0.03572864 0.9529623
3.5968 FirstCar -31.92602 0.025 2.97 0 90 0 0 0.7071068 0 0.7071068 10.88943 0
3.5968 SecondCar -64.4352 0.025 2.97 0 90 0 0 0.7071068 0 0.7071068 10.8714 0
3.5972 Head 0 1.6 0.78 345.15 327.8999 0 -0.124191 -0.2741586 -0.03572864 0.9529623
3.5972 FirstCar -31.922 0.025 2.97 0 90 0 0 0.7071068 0 0.7071068 10.88855 0
3.5972 SecondCar -64.43119 0.025 2.97 0 90 0 0 0.7071068 0 0.7071068 10.87052 0
3.5980 Head 0 1.6 0.78 345.15 327.8999 0 -0.124191 -0.2741586 -0.03572864 0.9529623
3.5980 FirstCar -31.91367 0.025 2.97 0 90 0 0 0.7071068 0 0.7071068 10.88671 0
3.5980 SecondCar -64.42287 0.025 2.97 0 90 0 0 0.7071068 0 0.7071068 10.86868 0
3.5984 Head 0 1.6 0.78 345.15 327.8999 0 -0.124191 -0.2741586 -0.03572864 0.9529623
3.5984 FirstCar -31.90867 0.025 2.97 0 90 0 0 0.7071068 0 0.7071068 10.88561 0
3.5984 SecondCar -64.41788 0.025 2.97 0 90 0 0 0.7071068 0 0.7071068 10.86758 0
3.5988 Head 0 1.6 0.78 345.15 327.8999 0 -0.124191 -0.2741586 -0.03572864 0.9529623
3.5988 FirstCar -31.90444 0.025 2.97 0 90 0 0 0.7071068 0 0.7071068 10.88468 0
3.5988 SecondCar -64.41366 0.025 2.97 0 90 0 0 0.7071068 0 0.7071068 10.86665 0
3.5992 Head 0 1.6 0.78 345.15 327.8999 0 -0.124191 -0.2741586 -0.03572864 0.9529623
3.5992 FirstCar -31.90032 0.025 2.97 0 90 0 0 0.7071068 0 0.7071068 10.88377 0
3.5992 SecondCar -64.40954 0.025 2.97 0 90 0 0 0.7071068 0 0.7071068 10.86574 0
3.5995 Head 0 1.6 0.78 345.15 327.8999 0 -0.124191 -0.2741586 -0.03572864 0.9529623
3.5995 FirstCar -31.89631 0.025 2.97 0 90 0 0 0.7071068 0 0.7071068 10.88289 0
3.5995 SecondCar -64.40554 0.025 2.97 0 90 0 0 0.7071068 0 0.7071068 10.86486 0
3.5999 Head 0 1.6 0.78 345.15 327.8999 0 -0.124191 -0.2741586 -0.03572864 0.9529623
3.5999 FirstCar -31.89227 0.025 2.97 0 90 0 0 0.7071068 0 0.7071068 10.88199 0
3.5999 SecondCar -64.4015 0.025 2.97 0 90 0 0 0.7071068 0 0.7071068 10.86396 0
3.6003 Head 0 1.6 0.78 345.15 327.8999 0 -0.124191 -0.2741586 -0.03572864 0.9529623
3.6003 FirstCar -31.88813 0.025 2.97 0 90 0 0 0.7071068 0 0.7071068 10.88108 0
3.6003 SecondCar -64.39737 0.025 2.97 0 90 0 0 0.7071068 0 0.7071068 10.86305 0
3.6007 Head 0 1.6 0.78 345.15 327.8999 0 -0.124191 -0.2741586 -0.03572864 0.9529623
3.6007 FirstCar -31.88416 0.025 2.97 0 90 0 0 0.7071068 0 0.7071068 10.88021 0
3.6007 SecondCar -64.39342 0.025 2.97 0 90 0 0 0.7071068 0 0.7071068 10.86218 0
3.6011 Head 0 1.6 0.78 345.15 327.8999 0 -0.124191 -0.2741586 -0.03572864 0.9529623
3.6011 FirstCar -31.8799 0.025 2.97 0 90 0 0 0.7071068 0 0.7071068 10.87927 0
3.6011 SecondCar -64.38916 0.025 2.97 0 90 0 0 0.7071068 0 0.7071068 10.86124 0
3.6014 Head 0 1.6 0.78 345.15 327.8999 0 -0.124191 -0.2741586 -0.03572864 0.9529623
3.6014 FirstCar -31.87599 0.025 2.97 0 90 0 0 0.7071068 0 0.7071068 10.8784 0
3.6014 SecondCar -64.38525 0.025 2.97 0 90 0 0 0.7071068 0 0.7071068 10.86037 0
3.6018 Head 0 1.6 0.78 345.15 327.8999 0 -0.124191 -0.2741586 -0.03572864 0.9529623
3.6018 FirstCar -31.87194 0.025 2.97 0 90 0 0 0.7071068 0 0.7071068 10.87751 0
3.6018 SecondCar -64.38121 0.025 2.97 0 90 0 0 0.7071068 0 0.7071068 10.85948 0
3.6022 Head 0 1.6 0.78 345.15 327.8999 0 -0.124191 -0.2741586 -0.03572864 0.9529623
3.6022 FirstCar -31.86792 0.025 2.97 0 90 0 0 0.7071068 0 0.7071068 10.87662 0
3.6022 SecondCar -64.37719 0.025 2.97 0 90 0 0 0.7071068 0 0.7071068 10.85859 0
3.6025 Head 0 1.6 0.78 345.15 327.8999 0 -0.124191 -0.2741586 -0.03572864 0.9529623
3.6025 FirstCar -31.86403 0.025 2.97 0 90 0 0 0.7071068 0 0.7071068 10.87576 0
3.6025 SecondCar -64.37331 0.025 2.97 0 90 0 0 0.7071068 0 0.7071068 10.85773 0
3.6029 Head 0 1.6 0.78 345.15 327.8999 0 -0.124191 -0.2741586 -0.03572864 0.9529623
3.6029 FirstCar -31.86019 0.025 2.97 0 90 0 0 0.7071068 0 0.7071068 10.87492 0
3.6029 SecondCar -64.36948 0.025 2.97 0 90 0 0 0.7071068 0 0.7071068 10.85689 0
3.6033 Head 0 1.6 0.78 345.15 327.8999 0 -0.124191 -0.2741586 -0.03572864 0.9529623
3.6033 FirstCar -31.85601 0.025 2.97 0 90 0 0 0.7071068 0 0.7071068 10.87399 0
3.6033 SecondCar -64.36531 0.025 2.97 0 90 0 0 0.7071068 0 0.7071068 10.85596 0
3.6036 Head 0 1.6 0.78 345.15 327.8999 0 -0.124191 -0.2741586 -0.03572864 0.9529623
3.6036 FirstCar -31.85213 0.025 2.97 0 90 0 0 0.7071068 0 0.7071068 10.87314 0
3.6036 SecondCar -64.36143 0.025 2.97 0 90 0 0 0.7071068 0 0.7071068 10.85511 0
3.6041 Head 0 1.6 0.78 345.15 327.8999 0 -0.124191 -0.2741586 -0.03572864 0.9529623
3.6041 FirstCar -31.84691 0.025 2.97 0 90 0 0 0.7071068 0 0.7071068 10.87198 0
3.6041 SecondCar -64.35622 0.025 2.97 0 90 0 0 0.7071068 0 0.7071068 10.85395 0
3.6046 Head 0 1.6 0.78 345.15 327.8999 0 -0.124191 -0.2741586 -0.03572864 0.9529623
3.6046 FirstCar -31.84111 0.025 2.97 0 90 0 0 0.7071068 0 0.7071068 10.8707 0
3.6046 SecondCar -64.35043 0.025 2.97 0 90 0 0 0.7071068 0 0.7071068 10.85267 0
3.6050 Head 0 1.6 0.78 345.15 327.8999 0 -0.124191 -0.2741586 -0.03572864 0.9529623
3.6050 FirstCar -31.83654 0.025 2.97 0 90 0 0 0.7071068 0 0.7071068 10.8697 0
3.6050 SecondCar -64.34587 0.025 2.97 0 90 0 0 0.7071068 0 0.7071068 10.85167 0
3.6058 Head 0 1.6 0.78 345.15 327.8999 0 -0.124191 -0.2741586 -0.03572864 0.9529623
3.6058 FirstCar -31.82813 0.025 2.97 0 90 0 0 0.7071068 0 0.7071068 10.86784 0
3.6058 SecondCar -64.33747 0.025 2.97 0 90 0 0 0.7071068 0 0.7071068 10.84981 0
3.6062 Head 0 1.6 0.78 345.15 327.8999 0 -0.124191 -0.2741586 -0.03572864 0.9529623
3.6062 FirstCar -31.82356 0.025 2.97 0 90 0 0 0.7071068 0 0.7071068 10.86683 0
3.6062 SecondCar -64.33291 0.025 2.97 0 90 0 0 0.7071068 0 0.7071068 10.8488 0
3.6067 Head 0 1.6 0.78 345.15 327.8999 0 -0.124191 -0.2741586 -0.03572864 0.9529623
3.6067 FirstCar -31.81899 0.025 2.97 0 90 0 0 0.7071068 0 0.7071068 10.86582 0
3.6067 SecondCar -64.32835 0.025 2.97 0 90 0 0 0.7071068 0 0.7071068 10.84779 0
3.6071 Head 0 1.6 0.78 345.15 327.8999 0 -0.124191 -0.2741586 -0.03572864 0.9529623
3.6071 FirstCar -31.81437 0.025 2.97 0 90 0 0 0.7071068 0 0.7071068 10.8648 0
3.6071 SecondCar -64.32374 0.025 2.97 0 90 0 0 0.7071068 0 0.7071068 10.84677 0
3.6075 Head 0 1.6 0.78 345.15 327.8999 0 -0.124191 -0.2741586 -0.03572864 0.9529623
3.6075 FirstCar -31.8099 0.025 2.97 0 90 0 0 0.7071068 0 0.7071068 10.86381 0
3.6075 SecondCar -64.31928 0.025 2.97 0 90 0 0 0.7071068 0 0.7071068 10.84578 0
3.6079 Head 0 1.6 0.78 345.15 327.8999 0 -0.124191 -0.2741586 -0.03572864 0.9529623
3.6079 FirstCar -31.80585 0.025 2.97 0 90 0 0 0.7071068 0 0.7071068 10.86292 0
3.6079 SecondCar -64.31523 0.025 2.97 0 90 0 0 0.7071068 0 0.7071068 10.84489 0
3.6083 Head 0 1.6 0.78 345.15 327.8999 0 -0.124191 -0.2741586 -0.03572864 0.9529623
3.6083 FirstCar -31.80162 0.025 2.97 0 90 0 0 0.7071068 0 0.7071068 10.86198 0
3.6083 SecondCar -64.31101 0.025 2.97 0 90 0 0 0.7071068 0 0.7071068 10.84395 0
3.6086 Head 0 1.6 0.78 345.15 327.8999 0 -0.124191 -0.2741586 -0.03572864 0.9529623
3.6086 FirstCar -31.79753 0.025 2.97 0 90 0 0 0.7071068 0 0.7071068 10.86108 0
3.6086 SecondCar -64.30693 0.025 2.97 0 90 0 0 0.7071068 0 0.7071068 10.84305 0
3.6090 Head 0 1.6 0.78 345.15 327.8999 0 -0.124191 -0.2741586 -0.03572864 0.9529623
3.6090 FirstCar -31.79316 0.025 2.97 0 90 0 0 0.7071068 0 0.7071068 10.86011 0
3.6090 SecondCar -64.30257 0.025 2.97 0 90 0 0 0.7071068 0 0.7071068 10.84208 0
3.6094 Head 0 1.6 0.78 345.15 327.8999 0 -0.124191 -0.2741586 -0.03572864 0.9529623
3.6094 FirstCar -31.78913 0.025 2.97 0 90 0 0 0.7071068 0 0.7071068 10.85922 0
3.6094 SecondCar -64.29855 0.025 2.97 0 90 0 0 0.7071068 0 0.7071068 10.84119 0
3.6098 Head 0 1.6 0.78 345.15 327.8999 0 -0.124191 -0.2741586 -0.03572864 0.9529623
3.6098 FirstCar -31.78485 0.025 2.97 0 90 0 0 0.7071068 0 0.7071068 10.85828 0
3.6098 SecondCar -64.29427 0.025 2.97 0 90 0 0 0.7071068 0 0.7071068 10.84025 0
3.6102 Head 0 1.6 0.78 345.15 327.8999 0 -0.124191 -0.2741586 -0.03572864 0.9529623
3.6102 FirstCar -31.78098 0.025 2.97 0 90 0 0 0.7071068 0 0.7071068 10.85742 0
3.6102 SecondCar -64.29041 0.025 2.97 0 90 0 0 0.7071068 0 0.7071068 10.83939 0
3.6108 Head 0 1.6 0.78 345.15 327.8999 0 -0.124191 -0.2741586 -0.03572864 0.9529623
3.6108 FirstCar -31.77394 0.025 2.97 0 90 0 0 0.7071068 0 0.7071068 10.85587 0
3.6108 SecondCar -64.28338 0.025 2.97 0 90 0 0 0.7071068 0 0.7071068 10.83784 0
3.6112 Head 0 1.6 0.78 345.15 327.8999 0 -0.124191 -0.2741586 -0.03572864 0.9529623
3.6112 FirstCar -31.76955 0.025 2.97 0 90 0 0 0.7071068 0 0.7071068 10.85489 0
3.6112 SecondCar -64.27899 0.025 2.97 0 90 0 0 0.7071068 0 0.7071068 10.83686 0
3.6116 Head 0 1.6 0.78 345.15 327.8999 0 -0.124191 -0.2741586 -0.03572864 0.9529623
3.6116 FirstCar -31.76543 0.025 2.97 0 90 0 0 0.7071068 0 0.7071068 10.85398 0
3.6116 SecondCar -64.27488 0.025 2.97 0 90 0 0 0.7071068 0 0.7071068 10.83595 0
3.6120 Head 0 1.6 0.78 345.15 327.8999 0 -0.124191 -0.2741586 -0.03572864 0.9529623
3.6120 FirstCar -31.76114 0.025 2.97 0 90 0 0 0.7071068 0 0.7071068 10.85303 0
3.6120 SecondCar -64.2706 0.025 2.97 0 90 0 0 0.7071068 0 0.7071068 10.835 0
3.6124 Head 0 1.6 0.78 345.15 327.8999 0 -0.124191 -0.2741586 -0.03572864 0.9529623
3.6124 FirstCar -31.75669 0.025 2.97 0 90 0 0 0.7071068 0 0.7071068 10.85205 0
3.6124 SecondCar -64.26615 0.025 2.97 0 90 0 0 0.7071068 0 0.7071068 10.83402 0
3.6128 Head 0 1.6 0.78 345.15 327.8999 0 -0.124191 -0.2741586 -0.03572864 0.9529623
3.6128 FirstCar -31.75234 0.025 2.97 0 90 0 0 0.7071068 0 0.7071068 10.85109 0
3.6128 SecondCar -64.26181 0.025 2.97 0 90 0 0 0.7071068 0 0.7071068 10.83306 0
3.6132 Head 0 1.6 0.78 345.15 327.8999 0 -0.124191 -0.2741586 -0.03572864 0.9529623
3.6132 FirstCar -31.74834 0.025 2.97 0 90 0 0 0.7071068 0 0.7071068 10.8502 0
3.6132 SecondCar -64.25782 0.025 2.97 0 90 0 0 0.7071068 0 0.7071068 10.83217 0
3.6139 Head 0 1.6 0.78 345.15 327.8999 0 -0.124191 -0.2741586 -0.03572864 0.9529623
3.6139 FirstCar -31.74024 0.025 2.97 0 90 0 0 0.7071068 0 0.7071068 10.84841 0
3.6139 SecondCar -64.24973 0.025 2.97 0 90 0 0 0.7071068 0 0.7071068 10.83038 0
3.6143 Head 0 1.6 0.78 345.15 327.8999 0 -0.124191 -0.2741586 -0.03572864 0.9529623
3.6143 FirstCar -31.73569 0.025 2.97 0 90 0 0 0.7071068 0 0.7071068 10.8474 0
3.6143 SecondCar -64.24519 0.025 2.97 0 90 0 0 0.7071068 0 0.7071068 10.82937 0
3.6147 Head 0 1.6 0.78 345.15 327.8999 0 -0.124191 -0.2741586 -0.03572864 0.9529623
3.6147 FirstCar -31.73167 0.025 2.97 0 90 0 0 0.7071068 0 0.7071068 10.84652 0
3.6147 SecondCar -64.24118 0.025 2.97 0 90 0 0 0.7071068 0 0.7071068 10.82849 0
3.6151 Head 0 1.6 0.78 345.15 327.8999 0 -0.124191 -0.2741586 -0.03572864 0.9529623
3.6151 FirstCar -31.7276 0.025 2.97 0 90 0 0 0.7071068 0 0.7071068 10.84561 0
3.6151 SecondCar -64.23711 0.025 2.97 0 90 0 0 0.7071068 0 0.7071068 10.82758 0
3.6155 Head 0 1.6 0.78 345.15 327.8999 0 -0.124191 -0.2741586 -0.03572864 0.9529623
3.6155 FirstCar -31.72292 0.025 2.97 0 90 0 0 0.7071068 0 0.7071068 10.84458 0
3.6155 SecondCar -64.23244 0.025 2.97 0 90 0 0 0.7071068 0 0.7071068 10.82655 0
3.6159 Head 0 1.6 0.78 345.15 327.8999 0 -0.124191 -0.2741586 -0.03572864 0.9529623
3.6159 FirstCar -31.71882 0.025 2.97 0 90 0 0 0.7071068 0 0.7071068 10.84367 0
3.6159 SecondCar -64.22835 0.025 2.97 0 90 0 0 0.7071068 0 0.7071068 10.82564 0
3.6162 Head 0 1.6 0.78 345.15 327.8999 0 -0.124191 -0.2741586 -0.03572864 0.9529623
3.6162 FirstCar -31.71491 0.025 2.97 0 90 0 0 0.7071068 0 0.7071068 10.8428 0
3.6162 SecondCar -64.22443 0.025 2.97 0 90 0 0 0.7071068 0 0.7071068 10.82477 0
3.6166 Head 0 1.6 0.78 345.15 327.8999 0 -0.124191 -0.2741586 -0.03572864 0.9529623
3.6166 FirstCar -31.71076 0.025 2.97 0 90 0 0 0.7071068 0 0.7071068 10.84189 0
3.6166 SecondCar -64.2203 0.025 2.97 0 90 0 0 0.7071068 0 0.7071068 10.82386 0
3.6170 Head 0 1.6 0.78 345.15 327.8999 0 -0.124191 -0.2741586 -0.03572864 0.9529623
3.6170 FirstCar -31.70679 0.025 2.97 0 90 0 0 0.7071068 0 0.7071068 10.84101 0
3.6170 SecondCar -64.21633 0.025 2.97 0 90 0 0 0.7071068 0 0.7071068 10.82298 0
3.6173 Head 0 1.6 0.78 345.15 327.8999 0 -0.124191 -0.2741586 -0.03572864 0.9529623
3.6173 FirstCar -31.70305 0.025 2.97 0 90 0 0 0.7071068 0 0.7071068 10.84018 0
3.6173 SecondCar -64.2126 0.025 2.97 0 90 0 0 0.7071068 0 0.7071068 10.82215 0
3.6177 Head 0 1.6 0.78 345.15 327.8999 0 -0.124191 -0.2741586 -0.03572864 0.9529623
3.6177 FirstCar -31.69916 0.025 2.97 0 90 0 0 0.7071068 0 0.7071068 10.83932 0
3.6177 SecondCar -64.20871 0.025 2.97 0 90 0 0 0.7071068 0 0.7071068 10.82129 0
3.6181 Head 0 1.6 0.78 345.15 327.8999 0 -0.124191 -0.2741586 -0.03572864 0.9529623
3.6181 FirstCar -31.69522 0.025 2.97 0 90 0 0 0.7071068 0 0.7071068 10.83845 0
3.6181 SecondCar -64.20478 0.025 2.97 0 90 0 0 0.7071068 0 0.7071068 10.82042 0
3.6184 Head 0 1.6 0.78 345.15 327.8999 0 -0.124191 -0.2741586 -0.03572864 0.9529623
3.6184 FirstCar -31.69125 0.025 2.97 0 90 0 0 0.7071068 0 0.7071068 10.83757 0
3.6184 SecondCar -64.20081 0.025 2.97 0 90 0 0 0.7071068 0 0.7071068 10.81954 0
3.6188 Head 0 1.6 0.78 345.15 327.8999 0 -0.124191 -0.2741586 -0.03572864 0.9529623
3.6188 FirstCar -31.68711 0.025 2.97 0 90 0 0 0.7071068 0 0.7071068 10.83665 0
3.6188 SecondCar -64.19668 0.025 2.97 0 90 0 0 0.7071068 0 0.7071068 10.81862 0
3.6192 Head 0 1.6 0.78 345.15 327.8999 0 -0.124191 -0.2741586 -0.03572864 0.9529623
3.6192 FirstCar -31.6833 0.025 2.97 0 90 0 0 0.7071068 0 0.7071068 10.83581 0
3.6192 SecondCar -64.19287 0.025 2.97 0 90 0 0 0.7071068 0 0.7071068 10.81778 0
3.6196 Head 0 1.6 0.78 345.15 327.8999 0 -0.124191 -0.2741586 -0.03572864 0.9529623
3.6196 FirstCar -31.67871 0.025 2.97 0 90 0 0 0.7071068 0 0.7071068 10.83479 0
3.6196 SecondCar -64.18829 0.025 2.97 0 90 0 0 0.7071068 0 0.7071068 10.81676 0
3.6200 Head 0 1.6 0.78 345.15 327.8999 0 -0.124191 -0.2741586 -0.03572864 0.9529623
3.6200 FirstCar -31.67382 0.025 2.97 0 90 0 0 0.7071068 0 0.7071068 10.83371 0
3.6200 SecondCar -64.18341 0.025 2.97 0 90 0 0 0.7071068 0 0.7071068 10.81568 0
3.6205 Head 0 1.6 0.78 345.15 327.8999 0 -0.124191 -0.2741586 -0.03572864 0.9529623
3.6205 FirstCar -31.66879 0.025 2.97 0 90 0 0 0.7071068 0 0.7071068 10.83259 0
3.6205 SecondCar -64.17839 0.025 2.97 0 90 0 0 0.7071068 0 0.7071068 10.81456 0
3.6209 Head 0 1.6 0.78 345.15 327.8999 0 -0.124191 -0.2741586 -0.03572864 0.9529623
3.6209 FirstCar -31.66455 0.025 2.97 0 90 0 0 0.7071068 0 0.7071068 10.83165 0
3.6209 SecondCar -64.17416 0.025 2.97 0 90 0 0 0.7071068 0 0.7071068 10.81362 0
3.6213 Head 0 1.6 0.78 345.15 327.8999 0 -0.124191 -0.2741586 -0.03572864 0.9529623
3.6213 FirstCar -31.66019 0.025 2.97 0 90 0 0 0.7071068 0 0.7071068 10.83069 0
3.6213 SecondCar -64.16981 0.025 2.97 0 90 0 0 0.7071068 0 0.7071068 10.81266 0
3.6221 Head 0 1.6 0.78 345.15 327.8999 0 -0.124191 -0.2741586 -0.03572864 0.9529623
3.6221 FirstCar -31.65124 0.025 2.97 0 90 0 0 0.7071068 0 0.7071068 10.8287 0
3.6221 SecondCar -64.16087 0.025 2.97 0 90 0 0 0.7071068 0 0.7071068 10.81067 0
3.6226 Head 0 1.6 0.78 345.15 327.8999 0 -0.124191 -0.2741586 -0.03572864 0.9529623
3.6226 FirstCar -31.64635 0.025 2.97 0 90 0 0 0.7071068 0 0.7071068 10.82762 0
3.6226 SecondCar -64.15599 0.025 2.97 0 90 0 0 0.7071068 0 0.7071068 10.80959 0
3.6230 Head 0 1.6 0.78 345.15 327.8999 0 -0.124191 -0.2741586 -0.03572864 0.9529623
3.6230 FirstCar -31.64178 0.025 2.97 0 90 0 0 0.7071068 0 0.7071068 10.82661 0
3.6230 SecondCar -64.15142 0.025 2.97 0 90 0 0 0.7071068 0 0.7071068 10.80858 0
3.6234 Head 0 1.6 0.78 345.15 327.8999 0 -0.124191 -0.2741586 -0.03572864 0.9529623
3.6234 FirstCar -31.63766 0.025 2.97 0 90 0 0 0.7071068 0 0.7071068 10.82569 0
3.6234 SecondCar -64.14731 0.025 2.97 0 90 0 0 0.7071068 0 0.7071068 10.80766 0
3.6238 Head 0 1.6 0.78 345.15 327.8999 0 -0.124191 -0.2741586 -0.03572864 0.9529623
3.6238 FirstCar -31.63253 0.025 2.97 0 90 0 0 0.7071068 0 0.7071068 10.82456 0
3.6238 SecondCar -64.14219 0.025 2.97 0 90 0 0 0.7071068 0 0.7071068 10.80653 0
3.6243 Head 0 1.6 0.78 345.15 327.8999 0 -0.124191 -0.2741586 -0.03572864 0.9529623
3.6243 FirstCar -31.62805 0.025 2.97 0 90 0 0 0.7071068 0 0.7071068 10.82356 0
3.6243 SecondCar -64.13772 0.025 2.97 0 90 0 0 0.7071068 0 0.7071068 10.80553 0
3.6247 Head 0 1.6 0.78 345.15 327.8999 0 -0.124191 -0.2741586 -0.03572864 0.9529623
3.6247 FirstCar -31.6238 0.025 2.97 0 90 0 0 0.7071068 0 0.7071068 10.82262 0
3.6247 SecondCar -64.13347 0.025 2.97 0 90 0 0 0.7071068 0 0.7071068 10.80459 0
3.6250 Head 0 1.6 0.78 345.15 327.8999 0 -0.124191 -0.2741586 -0.03572864 0.9529623
3.6250 FirstCar -31.61978 0.025 2.97 0 90 0 0 0.7071068 0 0.7071068 10.82173 0
3.6250 SecondCar -64.12946 0.025 2.97 0 90 0 0 0.7071068 0 0.7071068 10.8037 0
3.6254 Head 0 1.6 0.78 345.15 327.8999 0 -0.124191 -0.2741586 -0.03572864 0.9529623
3.6254 FirstCar -31.61582 0.025 2.97 0 90 0 0 0.7071068 0 0.7071068 10.82085 0
3.6254 SecondCar -64.1255 0.025 2.97 0 90 0 0 0.7071068 0 0.7071068 10.80282 0
3.6258 Head 0 1.6 0.78 345.15 327.8999 0 -0.124191 -0.2741586 -0.03572864 0.9529623
3.6258 FirstCar -31.61148 0.025 2.97 0 90 0 0 0.7071068 0 0.7071068 10.81989 0
3.6258 SecondCar -64.12117 0.025 2.97 0 90 0 0 0.7071068 0 0.7071068 10.80186 0
3.6261 Head 0 1.6 0.78 345.15 327.8999 0 -0.124191 -0.2741586 -0.03572864 0.9529623
3.6261 FirstCar -31.6077 0.025 2.97 0 90 0 0 0.7071068 0 0.7071068 10.81905 0
3.6261 SecondCar -64.11739 0.025 2.97 0 90 0 0 0.7071068 0 0.7071068 10.80102 0
3.6265 Head 0 1.6 0.78 345.15 327.8999 0 -0.124191 -0.2741586 -0.03572864 0.9529623
3.6265 FirstCar -31.60376 0.025 2.97 0 90 0 0 0.7071068 0 0.7071068 10.81818 0
3.6265 SecondCar -64.11346 0.025 2.97 0 90 0 0 0.7071068 0 0.7071068 10.80015 0
3.6269 Head 0 1.6 0.78 345.15 327.8999 0 -0.124191 -0.2741586 -0.03572864 0.9529623
3.6269 FirstCar -31.59997 0.025 2.97 0 90 0 0 0.7071068 0 0.7071068 10.81734 0
3.6269 SecondCar -64.10968 0.025 2.97 0 90 0 0 0.7071068 0 0.7071068 10.7993 0
3.6272 Head 0 1.6 0.78 345.15 327.8999 0 -0.124191 -0.2741586 -0.03572864 0.9529623
3.6272 FirstCar -31.5962 0.025 2.97 0 90 0 0 0.7071068 0 0.7071068 10.8165 0
3.6272 SecondCar -64.10591 0.025 2.97 0 90 0 0 0.7071068 0 0.7071068 10.79847 0
3.6276 Head 0 1.6 0.78 345.15 327.8999 0 -0.124191 -0.2741586 -0.03572864 0.9529623
3.6276 FirstCar -31.59227 0.025 2.97 0 90 0 0 0.7071068 0 0.7071068 10.81563 0
3.6276 SecondCar -64.10199 0.025 2.97 0 90 0 0 0.7071068 0 0.7071068 10.7976 0
3.6279 Head 0 1.6 0.78 345.15 327.8999 0 -0.124191 -0.2741586 -0.03572864 0.9529623
3.6279 FirstCar -31.58832 0.025 2.97 0 90 0 0 0.7071068 0 0.7071068 10.81475 0
3.6279 SecondCar -64.09805 0.025 2.97 0 90 0 0 0.7071068 0 0.7071068 10.79672 0
3.6283 Head 0 1.6 0.78 345.15 327.8999 0 -0.124191 -0.2741586 -0.03572864 0.9529623
3.6283 FirstCar -31.58428 0.025 2.97 0 90 0 0 0.7071068 0 0.7071068 10.81385 0
3.6283 SecondCar -64.09401 0.025 2.97 0 90 0 0 0.7071068 0 0.7071068 10.79582 0
3.6287 Head 0 1.6 0.78 345.15 327.8999 0 -0.124191 -0.2741586 -0.03572864 0.9529623
3.6287 FirstCar -31.58021 0.025 2.97 0 90 0 0 0.7071068 0 0.7071068 10.81295 0
3.6287 SecondCar -64.08994 0.025 2.97 0 90 0 0 0.7071068 0 0.7071068 10.79492 0
3.6291 Head 0 1.6 0.78 345.15 327.8999 0 -0.124191 -0.2741586 -0.03572864 0.9529623
3.6291 FirstCar -31.57626 0.025 2.97 0 90 0 0 0.7071068 0 0.7071068 10.81207 0
3.6291 SecondCar -64.08601 0.025 2.97 0 90 0 0 0.7071068 0 0.7071068 10.79404 0
3.6299 Head 0 1.6 0.78 345.15 327.8999 0 -0.124191 -0.2741586 -0.03572864 0.9529623
3.6299 FirstCar -31.56735 0.025 2.97 0 90 0 0 0.7071068 0 0.7071068 10.81009 0
3.6299 SecondCar -64.07711 0.025 2.97 0 90 0 0 0.7071068 0 0.7071068 10.79206 0
3.6304 Head 0 1.6 0.78 345.15 327.8999 0 -0.124191 -0.2741586 -0.03572864 0.9529623
3.6304 FirstCar -31.56207 0.025 2.97 0 90 0 0 0.7071068 0 0.7071068 10.80892 0
3.6304 SecondCar -64.07184 0.025 2.97 0 90 0 0 0.7071068 0 0.7071068 10.79089 0
3.6310 Head 0 1.6 0.78 345.15 327.8999 0 -0.124191 -0.2741586 -0.03572864 0.9529623
3.6310 FirstCar -31.55508 0.025 2.97 0 90 0 0 0.7071068 0 0.7071068 10.80737 0
3.6310 SecondCar -64.06487 0.025 2.97 0 90 0 0 0.7071068 0 0.7071068 10.78934 0
3.6314 Head 0 1.6 0.78 345.15 327.8999 0 -0.124191 -0.2741586 -0.03572864 0.9529623
3.6314 FirstCar -31.55077 0.025 2.97 0 90 0 0 0.7071068 0 0.7071068 10.80641 0
3.6314 SecondCar -64.06056 0.025 2.97 0 90 0 0 0.7071068 0 0.7071068 10.78838 0
3.6318 Head 0 1.6 0.78 345.15 327.8999 0 -0.124191 -0.2741586 -0.03572864 0.9529623
3.6318 FirstCar -31.54658 0.025 2.97 0 90 0 0 0.7071068 0 0.7071068 10.80548 0
3.6318 SecondCar -64.05637 0.025 2.97 0 90 0 0 0.7071068 0 0.7071068 10.78745 0
3.6322 Head 0 1.6 0.78 345.15 327.8999 0 -0.124191 -0.2741586 -0.03572864 0.9529623
3.6322 FirstCar -31.54271 0.025 2.97 0 90 0 0 0.7071068 0 0.7071068 10.80462 0
3.6322 SecondCar -64.05251 0.025 2.97 0 90 0 0 0.7071068 0 0.7071068 10.78659 0
3.6325 Head 0 1.6 0.78 345.15 327.8999 0 -0.124191 -0.2741586 -0.03572864 0.9529623
3.6325 FirstCar -31.53888 0.025 2.97 0 90 0 0 0.7071068 0 0.7071068 10.80377 0
3.6325 SecondCar -64.04869 0.025 2.97 0 90 0 0 0.7071068 0 0.7071068 10.78574 0
3.6329 Head 0 1.6 0.78 345.15 327.8999 0 -0.124191 -0.2741586 -0.03572864 0.9529623
3.6329 FirstCar -31.53459 0.025 2.97 0 90 0 0 0.7071068 0 0.7071068 10.80282 0
3.6329 SecondCar -64.04441 0.025 2.97 0 90 0 0 0.7071068 0 0.7071068 10.78479 0
3.6333 Head 0 1.6 0.78 345.15 327.8999 0 -0.124191 -0.2741586 -0.03572864 0.9529623
3.6333 FirstCar -31.53063 0.025 2.97 0 90 0 0 0.7071068 0 0.7071068 10.80194 0
3.6333 SecondCar -64.04046 0.025 2.97 0 90 0 0 0.7071068 0 0.7071068 10.78391 0
3.6337 Head 0 1.6 0.78 345.15 327.8999 0 -0.124191 -0.2741586 -0.03572864 0.9529623
3.6337 FirstCar -31.52655 0.025 2.97 0 90 0 0 0.7071068 0 0.7071068 10.80103 0
3.6337 SecondCar -64.03639 0.025 2.97 0 90 0 0 0.7071068 0 0.7071068 10.783 0
3.6340 Head 0 1.6 0.78 345.15 327.8999 0 -0.124191 -0.2741586 -0.03572864 0.9529623
3.6340 FirstCar -31.5228 0.025 2.97 0 90 0 0 0.7071068 0 0.7071068 10.8002 0
3.6340 SecondCar -64.03265 0.025 2.97 0 90 0 0 0.7071068 0 0.7071068 10.78217 0
3.6344 Head 0 1.6 0.78 345.15 327.8999 0 -0.124191 -0.2741586 -0.03572864 0.9529623
3.6344 FirstCar -31.51882 0.025 2.97 0 90 0 0 0.7071068 0 0.7071068 10.79932 0
3.6344 SecondCar -64.02868 0.025 2.97 0 90 0 0 0.7071068 0 0.7071068 10.78129 0
3.6347 Head 0 1.6 0.78 345.15 327.8999 0 -0.124191 -0.2741586 -0.03572864 0.9529623
3.6347 FirstCar -31.51511 0.025 2.97 0 90 0 0 0.7071068 0 0.7071068 10.79849 0
3.6347 SecondCar -64.02496 0.025 2.97 0 90 0 0 0.7071068 0 0.7071068 10.78046 0
3.6351 Head 0 1.6 0.78 345.15 327.8999 0 -0.124191 -0.2741586 -0.03572864 0.9529623
3.6351 FirstCar -31.51136 0.025 2.97 0 90 0 0 0.7071068 0 0.7071068 10.79766 0
3.6351 SecondCar -64.02122 0.025 2.97 0 90 0 0 0.7071068 0 0.7071068 10.77963 0
3.6354 Head 0 1.6 0.78 345.15 327.8999 0 -0.124191 -0.2741586 -0.03572864 0.9529623
3.6354 FirstCar -31.50771 0.025 2.97 0 90 0 0 0.7071068 0 0.7071068 10.79685 0
3.6354 SecondCar -64.01758 0.025 2.97 0 90 0 0 0.7071068 0 0.7071068 10.77882 0
3.6357 Head 0 1.6 0.78 345.15 327.8999 0 -0.124191 -0.2741586 -0.03572864 0.9529623
3.6357 FirstCar -31.50392 0.025 2.97 0 90 0 0 0.7071068 0 0.7071068 10.796 0
3.6357 SecondCar -64.01379 0.025 2.97 0 90 0 0 0.7071068 0 0.7071068 10.77797 0
3.6361 Head 0 1.6 0.78 345.15 327.8999 0 -0.124191 -0.2741586 -0.03572864 0.9529623
3.6361 FirstCar -31.50025 0.025 2.97 0 90 0 0 0.7071068 0 0.7071068 10.79519 0
3.6361 SecondCar -64.01013 0.025 2.97 0 90 0 0 0.7071068 0 0.7071068 10.77716 0
3.6364 Head 0 1.6 0.78 345.15 327.8999 0 -0.124191 -0.2741586 -0.03572864 0.9529623
3.6364 FirstCar -31.49645 0.025 2.97 0 90 0 0 0.7071068 0 0.7071068 10.79434 0
3.6364 SecondCar -64.00635 0.025 2.97 0 90 0 0 0.7071068 0 0.7071068 10.77631 0
3.6368 Head 0 1.6 0.78 345.15 327.8999 0 -0.124191 -0.2741586 -0.03572864 0.9529623
3.6368 FirstCar -31.49273 0.025 2.97 0 90 0 0 0.7071068 0 0.7071068 10.79352 0
3.6368 SecondCar -64.00263 0.025 2.97 0 90 0 0 0.7071068 0 0.7071068 10.77549 0
3.6371 Head 0 1.6 0.78 345.15 327.8999 0 -0.124191 -0.2741586 -0.03572864 0.9529623
3.6371 FirstCar -31.48912 0.025 2.97 0 90 0 0 0.7071068 0 0.7071068 10.79272 0
3.6371 SecondCar -63.99903 0.025 2.97 0 90 0 0 0.7071068 0 0.7071068 10.77468 0
3.6375 Head 0 1.6 0.78 345.15 327.8999 0 -0.124191 -0.2741586 -0.03572864 0.9529623
3.6375 FirstCar -31.48495 0.025 2.97 0 90 0 0 0.7071068 0 0.7071068 10.79179 0
3.6375 SecondCar -63.99487 0.025 2.97 0 90 0 0 0.7071068 0 0.7071068 10.77376 0
3.6379 Head 0 1.6 0.78 345.15 327.8999 0 -0.124191 -0.2741586 -0.03572864 0.9529623
3.6379 FirstCar -31.48087 0.025 2.97 0 90 0 0 0.7071068 0 0.7071068 10.79088 0
3.6379 SecondCar -63.99079 0.025 2.97 0 90 0 0 0.7071068 0 0.7071068 10.77285 0
3.6382 Head 0 1.6 0.78 345.15 327.8999 0 -0.124191 -0.2741586 -0.03572864 0.9529623
3.6382 FirstCar -31.47707 0.025 2.97 0 90 0 0 0.7071068 0 0.7071068 10.79003 0
3.6382 SecondCar -63.987 0.025 2.97 0 90 0 0 0.7071068 0 0.7071068 10.772 0
3.6386 Head 0 1.6 0.78 345.15 327.8999 0 -0.124191 -0.2741586 -0.03572864 0.9529623
3.6386 FirstCar -31.47298 0.025 2.97 0 90 0 0 0.7071068 0 0.7071068 10.78913 0
3.6386 SecondCar -63.98292 0.025 2.97 0 90 0 0 0.7071068 0 0.7071068 10.7711 0
3.6390 Head 0 1.6 0.78 345.15 327.8999 0 -0.124191 -0.2741586 -0.03572864 0.9529623
3.6390 FirstCar -31.46895 0.025 2.97 0 90 0 0 0.7071068 0 0.7071068 10.78823 0
3.6390 SecondCar -63.97889 0.025 2.97 0 90 0 0 0.7071068 0 0.7071068 10.7702 0
3.6393 Head 0 1.6 0.78 345.15 327.8999 0 -0.124191 -0.2741586 -0.03572864 0.9529623
3.6393 FirstCar -31.46521 0.025 2.97 0 90 0 0 0.7071068 0 0.7071068 10.7874 0
3.6393 SecondCar -63.97515 0.025 2.97 0 90 0 0 0.7071068 0 0.7071068 10.76937 0
3.6397 Head 0 1.6 0.78 345.15 327.8999 0 -0.124191 -0.2741586 -0.03572864 0.9529623
3.6397 FirstCar -31.46124 0.025 2.97 0 90 0 0 0.7071068 0 0.7071068 10.78651 0
3.6397 SecondCar -63.97119 0.025 2.97 0 90 0 0 0.7071068 0 0.7071068 10.76848 0
3.6401 Head 0 1.6 0.78 345.15 327.8999 0 -0.124191 -0.2741586 -0.03572864 0.9529623
3.6401 FirstCar -31.45731 0.025 2.97 0 90 0 0 0.7071068 0 0.7071068 10.78564 0
3.6401 SecondCar -63.96727 0.025 2.97 0 90 0 0 0.7071068 0 0.7071068 10.76761 0
3.6405 Head 0 1.6 0.78 345.15 327.8999 0 -0.124191 -0.2741586 -0.03572864 0.9529623
3.6405 FirstCar -31.45317 0.025 2.97 0 90 0 0 0.7071068 0 0.7071068 10.78472 0
3.6405 SecondCar -63.96315 0.025 2.97 0 90 0 0 0.7071068 0 0.7071068 10.76669 0
3.6408 Head 0 1.6 0.78 345.15 327.8999 0 -0.124191 -0.2741586 -0.03572864 0.9529623
3.6408 FirstCar -31.44924 0.025 2.97 0 90 0 0 0.7071068 0 0.7071068 10.78384 0
3.6408 SecondCar -63.95922 0.025 2.97 0 90 0 0 0.7071068 0 0.7071068 10.76581 0
3.6412 Head 0 1.6 0.78 345.15 327.8999 0 -0.124191 -0.2741586 -0.03572864 0.9529623
3.6412 FirstCar -31.44543 0.025 2.97 0 90 0 0 0.7071068 0 0.7071068 10.78299 0
3.6412 SecondCar -63.95541 0.025 2.97 0 90 0 0 0.7071068 0 0.7071068 10.76496 0
3.6415 Head 0 1.6 0.78 345.15 327.8999 0 -0.124191 -0.2741586 -0.03572864 0.9529623
3.6415 FirstCar -31.44164 0.025 2.97 0 90 0 0 0.7071068 0 0.7071068 10.78215 0
3.6415 SecondCar -63.95163 0.025 2.97 0 90 0 0 0.7071068 0 0.7071068 10.76412 0
3.6419 Head 0 1.6 0.78 345.15 327.8999 0 -0.124191 -0.2741586 -0.03572864 0.9529623
3.6419 FirstCar -31.43789 0.025 2.97 0 90 0 0 0.7071068 0 0.7071068 10.78132 0
3.6419 SecondCar -63.9479 0.025 2.97 0 90 0 0 0.7071068 0 0.7071068 10.76329 0
3.6422 Head 0 1.6 0.78 345.15 327.8999 0 -0.124191 -0.2741586 -0.03572864 0.9529623
3.6422 FirstCar -31.43402 0.025 2.97 0 90 0 0 0.7071068 0 0.7071068 10.78045 0
3.6422 SecondCar -63.94403 0.025 2.97 0 90 0 0 0.7071068 0 0.7071068 10.76242 0
3.6426 Head 0 1.6 0.78 345.15 327.8999 0 -0.124191 -0.2741586 -0.03572864 0.9529623
3.6426 FirstCar -31.42974 0.025 2.97 0 90 0 0 0.7071068 0 0.7071068 10.7795 0
3.6426 SecondCar -63.93975 0.025 2.97 0 90 0 0 0.7071068 0 0.7071068 10.76147 0
3.6430 Head 0 1.6 0.78 345.15 327.8999 0 -0.124191 -0.2741586 -0.03572864 0.9529623
3.6430 FirstCar -31.42582 0.025 2.97 0 90 0 0 0.7071068 0 0.7071068 10.77863 0
3.6430 SecondCar -63.93584 0.025 2.97 0 90 0 0 0.7071068 0 0.7071068 10.7606 0
3.6434 Head 0 1.6 0.78 345.15 327.8999 0 -0.124191 -0.2741586 -0.03572864 0.9529623
3.6434 FirstCar -31.42166 0.025 2.97 0 90 0 0 0.7071068 0 0.7071068 10.7777 0
3.6434 SecondCar -63.93169 0.025 2.97 0 90 0 0 0.7071068 0 0.7071068 10.75967 0
3.6438 Head 0 1.6 0.78 345.15 327.8999 0 -0.124191 -0.2741586 -0.03572864 0.9529623
3.6438 FirstCar -31.41748 0.025 2.97 0 90 0 0 0.7071068 0 0.7071068 10.77677 0
3.6438 SecondCar -63.92752 0.025 2.97 0 90 0 0 0.7071068 0 0.7071068 10.75874 0
3.6441 Head 0 1.6 0.78 345.15 327.8999 0 -0.124191 -0.2741586 -0.03572864 0.9529623
3.6441 FirstCar -31.41367 0.025 2.97 0 90 0 0 0.7071068 0 0.7071068 10.77592 0
3.6441 SecondCar -63.92372 0.025 2.97 0 90 0 0 0.7071068 0 0.7071068 10.75789 0
3.6445 Head 0 1.6 0.78 345.15 327.8999 0 -0.124191 -0.2741586 -0.03572864 0.9529623
3.6445 FirstCar -31.41 0.025 2.97 0 90 0 0 0.7071068 0 0.7071068 10.7751 0
3.6445 SecondCar -63.92006 0.025 2.97 0 90 0 0 0.7071068 0 0.7071068 10.75707 0
3.6448 Head 0 1.6 0.78 345.15 327.8999 0 -0.124191 -0.2741586 -0.03572864 0.9529623
3.6448 FirstCar -31.40629 0.025 2.97 0 90 0 0 0.7071068 0 0.7071068 10.77428 0
3.6448 SecondCar -63.91634 0.025 2.97 0 90 0 0 0.7071068 0 0.7071068 10.75625 0
3.6451 Head 0 1.6 0.78 345.15 327.8999 0 -0.124191 -0.2741586 -0.03572864 0.9529623
3.6451 FirstCar -31.40265 0.025 2.97 0 90 0 0 0.7071068 0 0.7071068 10.77347 0
3.6451 SecondCar -63.9127 0.025 2.97 0 90 0 0 0.7071068 0 0.7071068 10.75543 0
3.6455 Head 0 1.6 0.78 345.15 327.8999 0 -0.124191 -0.2741586 -0.03572864 0.9529623
3.6455 FirstCar -31.39855 0.025 2.97 0 90 0 0 0.7071068 0 0.7071068 10.77255 0
3.6455 SecondCar -63.90862 0.025 2.97 0 90 0 0 0.7071068 0 0.7071068 10.75452 0
3.6459 Head 0 1.6 0.78 345.15 327.8999 0 -0.124191 -0.2741586 -0.03572864 0.9529623
3.6459 FirstCar -31.3944 0.025 2.97 0 90 0 0 0.7071068 0 0.7071068 10.77163 0
3.6459 SecondCar -63.90448 0.025 2.97 0 90 0 0 0.7071068 0 0.7071068 10.7536 0
3.6463 Head 0 1.6 0.78 345.15 327.8999 0 -0.124191 -0.2741586 -0.03572864 0.9529623
3.6463 FirstCar -31.39046 0.025 2.97 0 90 0 0 0.7071068 0 0.7071068 10.77075 0
3.6463 SecondCar -63.90054 0.025 2.97 0 90 0 0 0.7071068 0 0.7071068 10.75272 0
3.6467 Head 0 1.6 0.78 345.15 327.8999 0 -0.124191 -0.2741586 -0.03572864 0.9529623
3.6467 FirstCar -31.38604 0.025 2.97 0 90 0 0 0.7071068 0 0.7071068 10.76977 0
3.6467 SecondCar -63.89613 0.025 2.97 0 90 0 0 0.7071068 0 0.7071068 10.75174 0
3.6471 Head 0 1.6 0.78 345.15 327.8999 0 -0.124191 -0.2741586 -0.03572864 0.9529623
3.6471 FirstCar -31.38206 0.025 2.97 0 90 0 0 0.7071068 0 0.7071068 10.76888 0
3.6471 SecondCar -63.89216 0.025 2.97 0 90 0 0 0.7071068 0 0.7071068 10.75085 0
3.6474 Head 0 1.6 0.78 345.15 327.8999 0 -0.124191 -0.2741586 -0.03572864 0.9529623
3.6474 FirstCar -31.37788 0.025 2.97 0 90 0 0 0.7071068 0 0.7071068 10.76795 0
3.6474 SecondCar -63.88799 0.025 2.97 0 90 0 0 0.7071068 0 0.7071068 10.74992 0
3.6478 Head 0 1.6 0.78 345.15 327.8999 0 -0.124191 -0.2741586 -0.03572864 0.9529623
3.6478 FirstCar -31.37363 0.025 2.97 0 90 0 0 0.7071068 0 0.7071068 10.767 0
3.6478 SecondCar -63.88374 0.025 2.97 0 90 0 0 0.7071068 0 0.7071068 10.74897 0
3.6482 Head 0 1.6 0.78 345.15 327.8999 0 -0.124191 -0.2741586 -0.03572864 0.9529623
3.6482 FirstCar -31.36985 0.025 2.97 0 90 0 0 0.7071068 0 0.7071068 10.76616 0
3.6482 SecondCar -63.87997 0.025 2.97 0 90 0 0 0.7071068 0 0.7071068 10.74813 0
3.6485 Head 0 1.6 0.78 345.15 327.8999 0 -0.124191 -0.2741586 -0.03572864 0.9529623
3.6485 FirstCar -31.36611 0.025 2.97 0 90 0 0 0.7071068 0 0.7071068 10.76532 0
3.6485 SecondCar -63.87623 0.025 2.97 0 90 0 0 0.7071068 0 0.7071068 10.74729 0
3.6489 Head 0 1.6 0.78 345.15 327.8999 0 -0.124191 -0.2741586 -0.03572864 0.9529623
3.6489 FirstCar -31.36198 0.025 2.97 0 90 0 0 0.7071068 0 0.7071068 10.7644 0
3.6489 SecondCar -63.87211 0.025 2.97 0 90 0 0 0.7071068 0 0.7071068 10.74637 0
3.6493 Head 0 1.6 0.78 345.15 327.8999 0 -0.124191 -0.2741586 -0.03572864 0.9529623
3.6493 FirstCar -31.35813 0.025 2.97 0 90 0 0 0.7071068 0 0.7071068 10.76354 0
3.6493 SecondCar -63.86826 0.025 2.97 0 90 0 0 0.7071068 0 0.7071068 10.74551 0
3.6496 Head 0 1.6 0.78 345.15 327.8999 0 -0.124191 -0.2741586 -0.03572864 0.9529623
3.6496 FirstCar -31.35429 0.025 2.97 0 90 0 0 0.7071068 0 0.7071068 10.76269 0
3.6496 SecondCar -63.86443 0.025 2.97 0 90 0 0 0.7071068 0 0.7071068 10.74466 0
3.6500 Head 0 1.6 0.78 345.15 327.8999 0 -0.124191 -0.2741586 -0.03572864 0.9529623
3.6500 FirstCar -31.35059 0.025 2.97 0 90 0 0 0.7071068 0 0.7071068 10.76186 0
3.6500 SecondCar -63.86073 0.025 2.97 0 90 0 0 0.7071068 0 0.7071068 10.74383 0
3.6503 Head 0 1.6 0.78 345.15 327.8999 0 -0.124191 -0.2741586 -0.03572864 0.9529623
3.6503 FirstCar -31.34676 0.025 2.97 0 90 0 0 0.7071068 0 0.7071068 10.76101 0
3.6503 SecondCar -63.85691 0.025 2.97 0 90 0 0 0.7071068 0 0.7071068 10.74298 0
3.6509 Head 0 1.6 0.78 345.15 327.8999 0 -0.124191 -0.2741586 -0.03572864 0.9529623
3.6509 FirstCar -31.3402 0.025 2.97 0 90 0 0 0.7071068 0 0.7071068 10.75954 0
3.6509 SecondCar -63.85036 0.025 2.97 0 90 0 0 0.7071068 0 0.7071068 10.74151 0
3.6513 Head 0 1.6 0.78 345.15 327.8999 0 -0.124191 -0.2741586 -0.03572864 0.9529623
3.6513 FirstCar -31.33596 0.025 2.97 0 90 0 0 0.7071068 0 0.7071068 10.7586 0
3.6513 SecondCar -63.84613 0.025 2.97 0 90 0 0 0.7071068 0 0.7071068 10.74057 0
3.6517 Head 0 1.6 0.78 345.15 327.8999 0 -0.124191 -0.2741586 -0.03572864 0.9529623
3.6517 FirstCar -31.33156 0.025 2.97 0 90 0 0 0.7071068 0 0.7071068 10.75762 0
3.6517 SecondCar -63.84173 0.025 2.97 0 90 0 0 0.7071068 0 0.7071068 10.73959 0
3.6522 Head 0 1.6 0.78 345.15 327.8999 0 -0.124191 -0.2741586 -0.03572864 0.9529623
3.6522 FirstCar -31.32683 0.025 2.97 0 90 0 0 0.7071068 0 0.7071068 10.75656 0
3.6522 SecondCar -63.83701 0.025 2.97 0 90 0 0 0.7071068 0 0.7071068 10.73853 0
3.6526 Head 0 1.6 0.78 345.15 327.8999 0 -0.124191 -0.2741586 -0.03572864 0.9529623
3.6526 FirstCar -31.32191 0.025 2.97 0 90 0 0 0.7071068 0 0.7071068 10.75546 0
3.6526 SecondCar -63.8321 0.025 2.97 0 90 0 0 0.7071068 0 0.7071068 10.73743 0
3.6531 Head 0 1.6 0.78 345.15 327.8999 0 -0.124191 -0.2741586 -0.03572864 0.9529623
3.6531 FirstCar -31.31742 0.025 2.97 0 90 0 0 0.7071068 0 0.7071068 10.75446 0
3.6531 SecondCar -63.82761 0.025 2.97 0 90 0 0 0.7071068 0 0.7071068 10.73643 0
3.6535 Head 0 1.6 0.78 345.15 327.8999 0 -0.124191 -0.2741586 -0.03572864 0.9529623
3.6535 FirstCar -31.31257 0.025 2.97 0 90 0 0 0.7071068 0 0.7071068 10.75338 0
3.6535 SecondCar -63.82277 0.025 2.97 0 90 0 0 0.7071068 0 0.7071068 10.73535 0
3.6539 Head 0 1.6 0.78 345.15 327.8999 0 -0.124191 -0.2741586 -0.03572864 0.9529623
3.6539 FirstCar -31.30831 0.025 2.97 0 90 0 0 0.7071068 0 0.7071068 10.75243 0
3.6539 SecondCar -63.81852 0.025 2.97 0 90 0 0 0.7071068 0 0.7071068 10.7344 0
3.6543 Head 0 1.6 0.78 345.15 327.8999 0 -0.124191 -0.2741586 -0.03572864 0.9529623
3.6543 FirstCar -31.30439 0.025 2.97 0 90 0 0 0.7071068 0 0.7071068 10.75155 0
3.6543 SecondCar -63.8146 0.025 2.97 0 90 0 0 0.7071068 0 0.7071068 10.73352 0
3.6546 Head 0 1.6 0.78 345.15 327.8999 0 -0.124191 -0.2741586 -0.03572864 0.9529623
3.6546 FirstCar -31.3005 0.025 2.97 0 90 0 0 0.7071068 0 0.7071068 10.75069 0
3.6546 SecondCar -63.81073 0.025 2.97 0 90 0 0 0.7071068 0 0.7071068 10.73266 0
3.6550 Head 0 1.6 0.78 345.15 327.8999 0 -0.124191 -0.2741586 -0.03572864 0.9529623
3.6550 FirstCar -31.29648 0.025 2.97 0 90 0 0 0.7071068 0 0.7071068 10.74979 0
3.6550 SecondCar -63.80671 0.025 2.97 0 90 0 0 0.7071068 0 0.7071068 10.73176 0
3.6554 Head 0 1.6 0.78 345.15 327.8999 0 -0.124191 -0.2741586 -0.03572864 0.9529623
3.6554 FirstCar -31.29253 0.025 2.97 0 90 0 0 0.7071068 0 0.7071068 10.74891 0
3.6554 SecondCar -63.80276 0.025 2.97 0 90 0 0 0.7071068 0 0.7071068 10.73088 0
3.6557 Head 0 1.6 0.78 345.15 327.8999 0 -0.124191 -0.2741586 -0.03572864 0.9529623
3.6557 FirstCar -31.28864 0.025 2.97 0 90 0 0 0.7071068 0 0.7071068 10.74804 0
3.6557 SecondCar -63.79889 0.025 2.97 0 90 0 0 0.7071068 0 0.7071068 10.73001 0
3.6561 Head 0 1.6 0.78 345.15 327.8999 0 -0.124191 -0.2741586 -0.03572864 0.9529623
3.6561 FirstCar -31.28482 0.025 2.97 0 90 0 0 0.7071068 0 0.7071068 10.74718 0
3.6561 SecondCar -63.79507 0.025 2.97 0 90 0 0 0.7071068 0 0.7071068 10.72915 0
3.6565 Head 0 1.6 0.78 345.15 327.8999 0 -0.124191 -0.2741586 -0.03572864 0.9529623
3.6565 FirstCar -31.28084 0.025 2.97 0 90 0 0 0.7071068 0 0.7071068 10.7463 0
3.6565 SecondCar -63.7911 0.025 2.97 0 90 0 0 0.7071068 0 0.7071068 10.72827 0
3.6568 Head 0 1.6 0.78 345.15 327.8999 0 -0.124191 -0.2741586 -0.03572864 0.9529623
3.6568 FirstCar -31.27705 0.025 2.97 0 90 0 0 0.7071068 0 0.7071068 10.74545 0
3.6568 SecondCar -63.78731 0.025 2.97 0 90 0 0 0.7071068 0 0.7071068 10.72742 0
3.6572 Head 0 1.6 0.78 345.15 327.8999 0 -0.124191 -0.2741586 -0.03572864 0.9529623
3.6572 FirstCar -31.27328 0.025 2.97 0 90 0 0 0.7071068 0 0.7071068 10.74461 0
3.6572 SecondCar -63.78355 0.025 2.97 0 90 0 0 0.7071068 0 0.7071068 10.72658 0
3.6575 Head 0 1.6 0.78 345.15 327.8999 0 -0.124191 -0.2741586 -0.03572864 0.9529623
3.6575 FirstCar -31.26959 0.025 2.97 0 90 0 0 0.7071068 0 0.7071068 10.74378 0
3.6575 SecondCar -63.77987 0.025 2.97 0 90 0 0 0.7071068 0 0.7071068 10.72575 0
3.6578 Head 0 1.6 0.78 345.15 327.8999 0 -0.124191 -0.2741586 -0.03572864 0.9529623
3.6578 FirstCar -31.26592 0.025 2.97 0 90 0 0 0.7071068 0 0.7071068 10.74296 0
3.6578 SecondCar -63.7762 0.025 2.97 0 90 0 0 0.7071068 0 0.7071068 10.72493 0
3.6582 Head 0 1.6 0.78 345.15 327.8999 0 -0.124191 -0.2741586 -0.03572864 0.9529623
3.6582 FirstCar -31.26206 0.025 2.97 0 90 0 0 0.7071068 0 0.7071068 10.7421 0
3.6582 SecondCar -63.77235 0.025 2.97 0 90 0 0 0.7071068 0 0.7071068 10.72407 0
3.6585 Head 0 1.6 0.78 345.15 327.8999 0 -0.124191 -0.2741586 -0.03572864 0.9529623
3.6585 FirstCar -31.25841 0.025 2.97 0 90 0 0 0.7071068 0 0.7071068 10.74129 0
3.6585 SecondCar -63.76871 0.025 2.97 0 90 0 0 0.7071068 0 0.7071068 10.72326 0
3.6589 Head 0 1.6 0.78 345.15 327.8999 0 -0.124191 -0.2741586 -0.03572864 0.9529623
3.6589 FirstCar -31.25461 0.025 2.97 0 90 0 0 0.7071068 0 0.7071068 10.74044 0
3.6589 SecondCar -63.76491 0.025 2.97 0 90 0 0 0.7071068 0 0.7071068 10.72241 0
3.6593 Head 0 1.6 0.78 345.15 327.8999 0 -0.124191 -0.2741586 -0.03572864 0.9529623
3.6593 FirstCar -31.25044 0.025 2.97 0 90 0 0 0.7071068 0 0.7071068 10.7395 0
3.6593 SecondCar -63.76075 0.025 2.97 0 90 0 0 0.7071068 0 0.7071068 10.72147 0
3.6596 Head 0 1.6 0.78 345.15 327.8999 0 -0.124191 -0.2741586 -0.03572864 0.9529623
3.6596 FirstCar -31.24674 0.025 2.97 0 90 0 0 0.7071068 0 0.7071068 10.73868 0
3.6596 SecondCar -63.75705 0.025 2.97 0 90 0 0 0.7071068 0 0.7071068 10.72065 0
3.6600 Head 0 1.6 0.78 345.15 327.8999 0 -0.124191 -0.2741586 -0.03572864 0.9529623
3.6600 FirstCar -31.24291 0.025 2.97 0 90 0 0 0.7071068 0 0.7071068 10.73782 0
3.6600 SecondCar -63.75322 0.025 2.97 0 90 0 0 0.7071068 0 0.7071068 10.71979 0
3.6604 Head 0 1.6 0.78 345.15 327.8999 0 -0.124191 -0.2741586 -0.03572864 0.9529623
3.6604 FirstCar -31.239 0.025 2.97 0 90 0 0 0.7071068 0 0.7071068 10.73695 0
3.6604 SecondCar -63.74932 0.025 2.97 0 90 0 0 0.7071068 0 0.7071068 10.71892 0
3.6607 Head 0 1.6 0.78 345.15 327.8999 0 -0.124191 -0.2741586 -0.03572864 0.9529623
3.6607 FirstCar -31.23508 0.025 2.97 0 90 0 0 0.7071068 0 0.7071068 10.73607 0
3.6607 SecondCar -63.74541 0.025 2.97 0 90 0 0 0.7071068 0 0.7071068 10.71804 0
3.6611 Head 0 1.6 0.78 345.15 327.8999 0 -0.124191 -0.2741586 -0.03572864 0.9529623
3.6611 FirstCar -31.23145 0.025 2.97 0 90 0 0 0.7071068 0 0.7071068 10.73526 0
3.6611 SecondCar -63.74179 0.025 2.97 0 90 0 0 0.7071068 0 0.7071068 10.71723 0
3.6615 Head 0 1.6 0.78 345.15 327.8999 0 -0.124191 -0.2741586 -0.03572864 0.9529623
3.6615 FirstCar -31.22655 0.025 2.97 0 90 0 0 0.7071068 0 0.7071068 10.73416 0
3.6615 SecondCar -63.73689 0.025 2.97 0 90 0 0 0.7071068 0 0.7071068 10.71613 0
3.6623 Head 0 1.6 0.78 345.15 327.8999 0 -0.124191 -0.2741586 -0.03572864 0.9529623
3.6623 FirstCar -31.21811 0.025 2.97 0 90 0 0 0.7071068 0 0.7071068 10.73228 0
3.6623 SecondCar -63.72847 0.025 2.97 0 90 0 0 0.7071068 0 0.7071068 10.71425 0
3.6627 Head 0 1.6 0.78 345.15 327.8999 0 -0.124191 -0.2741586 -0.03572864 0.9529623
3.6627 FirstCar -31.21358 0.025 2.97 0 90 0 0 0.7071068 0 0.7071068 10.73126 0
3.6627 SecondCar -63.72395 0.025 2.97 0 90 0 0 0.7071068 0 0.7071068 10.71323 0
3.6631 Head 0 1.6 0.78 345.15 327.8999 0 -0.124191 -0.2741586 -0.03572864 0.9529623
3.6631 FirstCar -31.20924 0.025 2.97 0 90 0 0 0.7071068 0 0.7071068 10.73029 0
3.6631 SecondCar -63.71962 0.025 2.97 0 90 0 0 0.7071068 0 0.7071068 10.71226 0
3.6635 Head 0 1.6 0.78 345.15 327.8999 0 -0.124191 -0.2741586 -0.03572864 0.9529623
3.6635 FirstCar -31.20503 0.025 2.97 0 90 0 0 0.7071068 0 0.7071068 10.72935 0
3.6635 SecondCar -63.71541 0.025 2.97 0 90 0 0 0.7071068 0 0.7071068 10.71132 0
3.6639 Head 0 1.6 0.78 345.15 327.8999 0 -0.124191 -0.2741586 -0.03572864 0.9529623
3.6639 FirstCar -31.20099 0.025 2.97 0 90 0 0 0.7071068 0 0.7071068 10.72845 0
3.6639 SecondCar -63.71138 0.025 2.97 0 90 0 0 0.7071068 0 0.7071068 10.71042 0
3.6643 Head 0 1.6 0.78 345.15 327.8999 0 -0.124191 -0.2741586 -0.03572864 0.9529623
3.6643 FirstCar -31.19703 0.025 2.97 0 90 0 0 0.7071068 0 0.7071068 10.72756 0
3.6643 SecondCar -63.70742 0.025 2.97 0 90 0 0 0.7071068 0 0.7071068 10.70953 0
3.6646 Head 0 1.6 0.78 345.15 327.8999 0 -0.124191 -0.2741586 -0.03572864 0.9529623
3.6646 FirstCar -31.19313 0.025 2.97 0 90 0 0 0.7071068 0 0.7071068 10.72669 0
3.6646 SecondCar -63.70353 0.025 2.97 0 90 0 0 0.7071068 0 0.7071068 10.70866 0
3.6650 Head 0 1.6 0.78 345.15 327.8999 0 -0.124191 -0.2741586 -0.03572864 0.9529623
3.6650 FirstCar -31.18937 0.025 2.97 0 90 0 0 0.7071068 0 0.7071068 10.72585 0
3.6650 SecondCar -63.69978 0.025 2.97 0 90 0 0 0.7071068 0 0.7071068 10.70782 0
3.6654 Head 0 1.6 0.78 345.15 327.8999 0 -0.124191 -0.2741586 -0.03572864 0.9529623
3.6654 FirstCar -31.18537 0.025 2.97 0 90 0 0 0.7071068 0 0.7071068 10.72495 0
3.6654 SecondCar -63.69579 0.025 2.97 0 90 0 0 0.7071068 0 0.7071068 10.70692 0
3.6657 Head 0 1.6 0.78 345.15 327.8999 0 -0.124191 -0.2741586 -0.03572864 0.9529623
3.6657 FirstCar -31.18139 0.025 2.97 0 90 0 0 0.7071068 0 0.7071068 10.72406 0
3.6657 SecondCar -63.69181 0.025 2.97 0 90 0 0 0.7071068 0 0.7071068 10.70603 0
3.6661 Head 0 1.6 0.78 345.15 327.8999 0 -0.124191 -0.2741586 -0.03572864 0.9529623
3.6661 FirstCar -31.17706 0.025 2.97 0 90 0 0 0.7071068 0 0.7071068 10.72309 0
3.6661 SecondCar -63.68748 0.025 2.97 0 90 0 0 0.7071068 0 0.7071068 10.70506 0
3.6665 Head 0 1.6 0.78 345.15 327.8999 0 -0.124191 -0.2741586 -0.03572864 0.9529623
3.6665 FirstCar -31.17314 0.025 2.97 0 90 0 0 0.7071068 0 0.7071068 10.72221 0
3.6665 SecondCar -63.68358 0.025 2.97 0 90 0 0 0.7071068 0 0.7071068 10.70418 0
3.6669 Head 0 1.6 0.78 345.15 327.8999 0 -0.124191 -0.2741586 -0.03572864 0.9529623
3.6669 FirstCar -31.16922 0.025 2.97 0 90 0 0 0.7071068 0 0.7071068 10.72134 0
3.6669 SecondCar -63.67966 0.025 2.97 0 90 0 0 0.7071068 0 0.7071068 10.70331 0
3.6673 Head 0 1.6 0.78 345.15 327.8999 0 -0.124191 -0.2741586 -0.03572864 0.9529623
3.6673 FirstCar -31.16481 0.025 2.97 0 90 0 0 0.7071068 0 0.7071068 10.72035 0
3.6673 SecondCar -63.67526 0.025 2.97 0 90 0 0 0.7071068 0 0.7071068 10.70232 0
3.6677 Head 0 1.6 0.78 345.15 327.8999 0 -0.124191 -0.2741586 -0.03572864 0.9529623
3.6677 FirstCar -31.16029 0.025 2.97 0 90 0 0 0.7071068 0 0.7071068 10.71934 0
3.6677 SecondCar -63.67075 0.025 2.97 0 90 0 0 0.7071068 0 0.7071068 10.70131 0
3.6681 Head 0 1.6 0.78 345.15 327.8999 0 -0.124191 -0.2741586 -0.03572864 0.9529623
3.6681 FirstCar -31.15614 0.025 2.97 0 90 0 0 0.7071068 0 0.7071068 10.71841 0
3.6681 SecondCar -63.66661 0.025 2.97 0 90 0 0 0.7071068 0 0.7071068 10.70038 0
3.6685 Head 0 1.6 0.78 345.15 327.8999 0 -0.124191 -0.2741586 -0.03572864 0.9529623
3.6685 FirstCar -31.15215 0.025 2.97 0 90 0 0 0.7071068 0 0.7071068 10.71751 0
3.6685 SecondCar -63.66263 0.025 2.97 0 90 0 0 0.7071068 0 0.7071068 10.69948 0
3.6688 Head 0 1.6 0.78 345.15 327.8999 0 -0.124191 -0.2741586 -0.03572864 0.9529623
3.6688 FirstCar -31.14828 0.025 2.97 0 90 0 0 0.7071068 0 0.7071068 10.71665 0
3.6688 SecondCar -63.65876 0.025 2.97 0 90 0 0 0.7071068 0 0.7071068 10.69862 0
3.6693 Head 0 1.6 0.78 345.15 327.8999 0 -0.124191 -0.2741586 -0.03572864 0.9529623
3.6693 FirstCar -31.14324 0.025 2.97 0 90 0 0 0.7071068 0 0.7071068 10.71552 0
3.6693 SecondCar -63.65372 0.025 2.97 0 90 0 0 0.7071068 0 0.7071068 10.69749 0
3.6698 Head 0 1.6 0.78 345.15 327.8999 0 -0.124191 -0.2741586 -0.03572864 0.9529623
3.6698 FirstCar -31.13771 0.025 2.97 0 90 0 0 0.7071068 0 0.7071068 10.71428 0
3.6698 SecondCar -63.64821 0.025 2.97 0 90 0 0 0.7071068 0 0.7071068 10.69625 0
3.6703 Head 0 1.6 0.78 345.15 327.8999 0 -0.124191 -0.2741586 -0.03572864 0.9529623
3.6703 FirstCar -31.13275 0.025 2.97 0 90 0 0 0.7071068 0 0.7071068 10.71317 0
3.6703 SecondCar -63.64325 0.025 2.97 0 90 0 0 0.7071068 0 0.7071068 10.69514 0
3.6709 Head 0 1.6 0.78 345.15 327.8999 0 -0.124191 -0.2741586 -0.03572864 0.9529623
3.6709 FirstCar -31.12571 0.025 2.97 0 90 0 0 0.7071068 0 0.7071068 10.71159 0
3.6709 SecondCar -63.63623 0.025 2.97 0 90 0 0 0.7071068 0 0.7071068 10.69356 0
3.6713 Head 0 1.6 0.78 345.15 327.8999 0 -0.124191 -0.2741586 -0.03572864 0.9529623
3.6713 FirstCar -31.12119 0.025 2.97 0 90 0 0 0.7071068 0 0.7071068 10.71058 0
3.6713 SecondCar -63.63171 0.025 2.97 0 90 0 0 0.7071068 0 0.7071068 10.69255 0
3.6718 Head 0 1.6 0.78 345.15 327.8999 0 -0.124191 -0.2741586 -0.03572864 0.9529623
3.6718 FirstCar -31.11669 0.025 2.97 0 90 0 0 0.7071068 0 0.7071068 10.70957 0
3.6718 SecondCar -63.62722 0.025 2.97 0 90 0 0 0.7071068 0 0.7071068 10.69154 0
3.6721 Head 0 1.6 0.78 345.15 327.8999 0 -0.124191 -0.2741586 -0.03572864 0.9529623
3.6721 FirstCar -31.11256 0.025 2.97 0 90 0 0 0.7071068 0 0.7071068 10.70865 0
3.6721 SecondCar -63.6231 0.025 2.97 0 90 0 0 0.7071068 0 0.7071068 10.69062 0
3.6727 Head 0 1.6 0.78 345.15 327.8999 0 -0.124191 -0.2741586 -0.03572864 0.9529623
3.6727 FirstCar -31.1069 0.025 2.97 0 90 0 0 0.7071068 0 0.7071068 10.70738 0
3.6727 SecondCar -63.61745 0.025 2.97 0 90 0 0 0.7071068 0 0.7071068 10.68935 0
3.6731 Head 0 1.6 0.78 345.15 327.8999 0 -0.124191 -0.2741586 -0.03572864 0.9529623
3.6731 FirstCar -31.10224 0.025 2.97 0 90 0 0 0.7071068 0 0.7071068 10.70633 0
3.6731 SecondCar -63.61279 0.025 2.97 0 90 0 0 0.7071068 0 0.7071068 10.6883 0
3.6735 Head 0 1.6 0.78 345.15 327.8999 0 -0.124191 -0.2741586 -0.03572864 0.9529623
3.6735 FirstCar -31.09817 0.025 2.97 0 90 0 0 0.7071068 0 0.7071068 10.70542 0
3.6735 SecondCar -63.60873 0.025 2.97 0 90 0 0 0.7071068 0 0.7071068 10.68739 0
3.6739 Head 0 1.6 0.78 345.15 327.8999 0 -0.124191 -0.2741586 -0.03572864 0.9529623
3.6739 FirstCar -31.09419 0.025 2.97 0 90 0 0 0.7071068 0 0.7071068 10.70453 0
3.6739 SecondCar -63.60476 0.025 2.97 0 90 0 0 0.7071068 0 0.7071068 10.6865 0
3.6743 Head 0 1.6 0.78 345.15 327.8999 0 -0.124191 -0.2741586 -0.03572864 0.9529623
3.6743 FirstCar -31.08986 0.025 2.97 0 90 0 0 0.7071068 0 0.7071068 10.70356 0
3.6743 SecondCar -63.60043 0.025 2.97 0 90 0 0 0.7071068 0 0.7071068 10.68552 0
3.6746 Head 0 1.6 0.78 345.15 327.8999 0 -0.124191 -0.2741586 -0.03572864 0.9529623
3.6746 FirstCar -31.08585 0.025 2.97 0 90 0 0 0.7071068 0 0.7071068 10.70265 0
3.6746 SecondCar -63.59643 0.025 2.97 0 90 0 0 0.7071068 0 0.7071068 10.68462 0
3.6750 Head 0 1.6 0.78 345.15 327.8999 0 -0.124191 -0.2741586 -0.03572864 0.9529623
3.6750 FirstCar -31.08171 0.025 2.97 0 90 0 0 0.7071068 0 0.7071068 10.70173 0
3.6750 SecondCar -63.5923 0.025 2.97 0 90 0 0 0.7071068 0 0.7071068 10.6837 0
3.6754 Head 0 1.6 0.78 345.15 327.8999 0 -0.124191 -0.2741586 -0.03572864 0.9529623
3.6754 FirstCar -31.07783 0.025 2.97 0 90 0 0 0.7071068 0 0.7071068 10.70086 0
3.6754 SecondCar -63.58842 0.025 2.97 0 90 0 0 0.7071068 0 0.7071068 10.68283 0
3.6758 Head 0 1.6 0.78 345.15 327.8999 0 -0.124191 -0.2741586 -0.03572864 0.9529623
3.6758 FirstCar -31.07393 0.025 2.97 0 90 0 0 0.7071068 0 0.7071068 10.69998 0
3.6758 SecondCar -63.58453 0.025 2.97 0 90 0 0 0.7071068 0 0.7071068 10.68195 0
3.6761 Head 0 1.6 0.78 345.15 327.8999 0 -0.124191 -0.2741586 -0.03572864 0.9529623
3.6761 FirstCar -31.06998 0.025 2.97 0 90 0 0 0.7071068 0 0.7071068 10.6991 0
3.6761 SecondCar -63.58059 0.025 2.97 0 90 0 0 0.7071068 0 0.7071068 10.68107 0
3.6765 Head 0 1.6 0.78 345.15 327.8999 0 -0.124191 -0.2741586 -0.03572864 0.9529623
3.6765 FirstCar -31.06603 0.025 2.97 0 90 0 0 0.7071068 0 0.7071068 10.69821 0
3.6765 SecondCar -63.57664 0.025 2.97 0 90 0 0 0.7071068 0 0.7071068 10.68018 0
3.6769 Head 0 1.6 0.78 345.15 327.8999 0 -0.124191 -0.2741586 -0.03572864 0.9529623
3.6769 FirstCar -31.06211 0.025 2.97 0 90 0 0 0.7071068 0 0.7071068 10.69733 0
3.6769 SecondCar -63.57273 0.025 2.97 0 90 0 0 0.7071068 0 0.7071068 10.6793 0
3.6772 Head 0 1.6 0.78 345.15 327.8999 0 -0.124191 -0.2741586 -0.03572864 0.9529623
3.6772 FirstCar -31.0582 0.025 2.97 0 90 0 0 0.7071068 0 0.7071068 10.69645 0
3.6772 SecondCar -63.56882 0.025 2.97 0 90 0 0 0.7071068 0 0.7071068 10.67842 0
3.6776 Head 0 1.6 0.78 345.15 327.8999 0 -0.124191 -0.2741586 -0.03572864 0.9529623
3.6776 FirstCar -31.05417 0.025 2.97 0 90 0 0 0.7071068 0 0.7071068 10.69555 0
3.6776 SecondCar -63.5648 0.025 2.97 0 90 0 0 0.7071068 0 0.7071068 10.67752 0
3.6780 Head 0 1.6 0.78 345.15 327.8999 0 -0.124191 -0.2741586 -0.03572864 0.9529623
3.6780 FirstCar -31.05029 0.025 2.97 0 90 0 0 0.7071068 0 0.7071068 10.69468 0
3.6780 SecondCar -63.56093 0.025 2.97 0 90 0 0 0.7071068 0 0.7071068 10.67665 0
3.6783 Head 0 1.6 0.78 345.15 327.8999 0 -0.124191 -0.2741586 -0.03572864 0.9529623
3.6783 FirstCar -31.04641 0.025 2.97 0 90 0 0 0.7071068 0 0.7071068 10.69381 0
3.6783 SecondCar -63.55705 0.025 2.97 0 90 0 0 0.7071068 0 0.7071068 10.67578 0
3.6787 Head 0 1.6 0.78 345.15 327.8999 0 -0.124191 -0.2741586 -0.03572864 0.9529623
3.6787 FirstCar -31.04237 0.025 2.97 0 90 0 0 0.7071068 0 0.7071068 10.6929 0
3.6787 SecondCar -63.55302 0.025 2.97 0 90 0 0 0.7071068 0 0.7071068 10.67487 0
3.6791 Head 0 1.6 0.78 345.15 327.8999 0 -0.124191 -0.2741586 -0.03572864 0.9529623
3.6791 FirstCar -31.03842 0.025 2.97 0 90 0 0 0.7071068 0 0.7071068 10.69202 0
3.6791 SecondCar -63.54908 0.025 2.97 0 90 0 0 0.7071068 0 0.7071068 10.67399 0
3.6794 Head 0 1.6 0.78 345.15 327.8999 0 -0.124191 -0.2741586 -0.03572864 0.9529623
3.6794 FirstCar -31.03451 0.025 2.97 0 90 0 0 0.7071068 0 0.7071068 10.69114 0
3.6794 SecondCar -63.54517 0.025 2.97 0 90 0 0 0.7071068 0 0.7071068 10.67311 0
3.6798 Head 0 1.6 0.78 345.15 327.8999 0 -0.124191 -0.2741586 -0.03572864 0.9529623
3.6798 FirstCar -31.03047 0.025 2.97 0 90 0 0 0.7071068 0 0.7071068 10.69023 0
3.6798 SecondCar -63.54115 0.025 2.97 0 90 0 0 0.7071068 0 0.7071068 10.6722 0
3.6802 Head 0 1.6 0.78 345.15 327.8999 0 -0.124191 -0.2741586 -0.03572864 0.9529623
3.6802 FirstCar -31.0265 0.025 2.97 0 90 0 0 0.7071068 0 0.7071068 10.68934 0
3.6802 SecondCar -63.53718 0.025 2.97 0 90 0 0 0.7071068 0 0.7071068 10.67131 0
3.6806 Head 0 1.6 0.78 345.15 327.8999 0 -0.124191 -0.2741586 -0.03572864 0.9529623
3.6806 FirstCar -31.02262 0.025 2.97 0 90 0 0 0.7071068 0 0.7071068 10.68847 0
3.6806 SecondCar -63.5333 0.025 2.97 0 90 0 0 0.7071068 0 0.7071068 10.67044 0
3.6809 Head 0 1.6 0.78 345.15 327.8999 0 -0.124191 -0.2741586 -0.03572864 0.9529623
3.6809 FirstCar -31.01852 0.025 2.97 0 90 0 0 0.7071068 0 0.7071068 10.68755 0
3.6809 SecondCar -63.52921 0.025 2.97 0 90 0 0 0.7071068 0 0.7071068 10.66952 0
3.6813 Head 0 1.6 0.78 345.15 327.8999 0 -0.124191 -0.2741586 -0.03572864 0.9529623
3.6813 FirstCar -31.01474 0.025 2.97 0 90 0 0 0.7071068 0 0.7071068 10.6867 0
3.6813 SecondCar -63.52544 0.025 2.97 0 90 0 0 0.7071068 0 0.7071068 10.66867 0
3.6816 Head 0 1.6 0.78 345.15 327.8999 0 -0.124191 -0.2741586 -0.03572864 0.9529623
3.6816 FirstCar -31.01103 0.025 2.97 0 90 0 0 0.7071068 0 0.7071068 10.68586 0
3.6816 SecondCar -63.52173 0.025 2.97 0 90 0 0 0.7071068 0 0.7071068 10.66783 0
3.6820 Head 0 1.6 0.78 345.15 327.8999 0 -0.124191 -0.2741586 -0.03572864 0.9529623
3.6820 FirstCar -31.00722 0.025 2.97 0 90 0 0 0.7071068 0 0.7071068 10.68501 0
3.6820 SecondCar -63.51793 0.025 2.97 0 90 0 0 0.7071068 0 0.7071068 10.66698 0
3.6824 Head 0 1.6 0.78 345.15 327.8999 0 -0.124191 -0.2741586 -0.03572864 0.9529623
3.6824 FirstCar -31.00344 0.025 2.97 0 90 0 0 0.7071068 0 0.7071068 10.68416 0
3.6824 SecondCar -63.51416 0.025 2.97 0 90 0 0 0.7071068 0 0.7071068 10.66613 0
3.6827 Head 0 1.6 0.78 345.15 327.8999 0 -0.124191 -0.2741586 -0.03572864 0.9529623
3.6827 FirstCar -30.9996 0.025 2.97 0 90 0 0 0.7071068 0 0.7071068 10.6833 0
3.6827 SecondCar -63.51032 0.025 2.97 0 90 0 0 0.7071068 0 0.7071068 10.66527 0
3.6831 Head 0 1.6 0.78 345.15 327.8999 0 -0.124191 -0.2741586 -0.03572864 0.9529623
3.6831 FirstCar -30.99574 0.025 2.97 0 90 0 0 0.7071068 0 0.7071068 10.68243 0
3.6831 SecondCar -63.50647 0.025 2.97 0 90 0 0 0.7071068 0 0.7071068 10.6644 0
3.6835 Head 0 1.6 0.78 345.15 327.8999 0 -0.124191 -0.2741586 -0.03572864 0.9529623
3.6835 FirstCar -30.99164 0.025 2.97 0 90 0 0 0.7071068 0 0.7071068 10.68151 0
3.6835 SecondCar -63.50238 0.025 2.97 0 90 0 0 0.7071068 0 0.7071068 10.66348 0
3.6838 Head 0 1.6 0.78 345.15 327.8999 0 -0.124191 -0.2741586 -0.03572864 0.9529623
3.6838 FirstCar -30.98747 0.025 2.97 0 90 0 0 0.7071068 0 0.7071068 10.68057 0
3.6838 SecondCar -63.49821 0.025 2.97 0 90 0 0 0.7071068 0 0.7071068 10.66254 0
3.6843 Head 0 1.6 0.78 345.15 327.8999 0 -0.124191 -0.2741586 -0.03572864 0.9529623
3.6843 FirstCar -30.98267 0.025 2.97 0 90 0 0 0.7071068 0 0.7071068 10.67949 0
3.6843 SecondCar -63.49342 0.025 2.97 0 90 0 0 0.7071068 0 0.7071068 10.66146 0
3.6847 Head 0 1.6 0.78 345.15 327.8999 0 -0.124191 -0.2741586 -0.03572864 0.9529623
3.6847 FirstCar -30.97824 0.025 2.97 0 90 0 0 0.7071068 0 0.7071068 10.6785 0
3.6847 SecondCar -63.489 0.025 2.97 0 90 0 0 0.7071068 0 0.7071068 10.66047 0
3.6851 Head 0 1.6 0.78 345.15 327.8999 0 -0.124191 -0.2741586 -0.03572864 0.9529623
3.6851 FirstCar -30.97421 0.025 2.97 0 90 0 0 0.7071068 0 0.7071068 10.67759 0
3.6851 SecondCar -63.48497 0.025 2.97 0 90 0 0 0.7071068 0 0.7071068 10.65956 0
3.6859 Head 0 1.6 0.78 345.15 327.8999 0 -0.124191 -0.2741586 -0.03572864 0.9529623
3.6859 FirstCar -30.9656 0.025 2.97 0 90 0 0 0.7071068 0 0.7071068 10.67566 0
3.6859 SecondCar -63.47638 0.025 2.97 0 90 0 0 0.7071068 0 0.7071068 10.65763 0
3.6864 Head 0 1.6 0.78 345.15 327.8999 0 -0.124191 -0.2741586 -0.03572864 0.9529623
3.6864 FirstCar -30.96047 0.025 2.97 0 90 0 0 0.7071068 0 0.7071068 10.6745 0
3.6864 SecondCar -63.47126 0.025 2.97 0 90 0 0 0.7071068 0 0.7071068 10.65647 0
3.6868 Head 0 1.6 0.78 345.15 327.8999 0 -0.124191 -0.2741586 -0.03572864 0.9529623
3.6868 FirstCar -30.95617 0.025 2.97 0 90 0 0 0.7071068 0 0.7071068 10.67354 0
3.6868 SecondCar -63.46697 0.025 2.97 0 90 0 0 0.7071068 0 0.7071068 10.65551 0
3.6872 Head 0 1.6 0.78 345.15 327.8999 0 -0.124191 -0.2741586 -0.03572864 0.9529623
3.6872 FirstCar -30.95199 0.025 2.97 0 90 0 0 0.7071068 0 0.7071068 10.6726 0
3.6872 SecondCar -63.46279 0.025 2.97 0 90 0 0 0.7071068 0 0.7071068 10.65457 0
3.6876 Head 0 1.6 0.78 345.15 327.8999 0 -0.124191 -0.2741586 -0.03572864 0.9529623
3.6876 FirstCar -30.947 0.025 2.97 0 90 0 0 0.7071068 0 0.7071068 10.67147 0
3.6876 SecondCar -63.45781 0.025 2.97 0 90 0 0 0.7071068 0 0.7071068 10.65344 0
3.6881 Head 0 1.6 0.78 345.15 327.8999 0 -0.124191 -0.2741586 -0.03572864 0.9529623
3.6881 FirstCar -30.94246 0.025 2.97 0 90 0 0 0.7071068 0 0.7071068 10.67045 0
3.6881 SecondCar -63.45328 0.025 2.97 0 90 0 0 0.7071068 0 0.7071068 10.65242 0
3.6885 Head 0 1.6 0.78 345.15 327.8999 0 -0.124191 -0.2741586 -0.03572864 0.9529623
3.6885 FirstCar -30.9381 0.025 2.97 0 90 0 0 0.7071068 0 0.7071068 10.66947 0
3.6885 SecondCar -63.44893 0.025 2.97 0 90 0 0 0.7071068 0 0.7071068 10.65144 0
3.6888 Head 0 1.6 0.78 345.15 327.8999 0 -0.124191 -0.2741586 -0.03572864 0.9529623
3.6888 FirstCar -30.93414 0.025 2.97 0 90 0 0 0.7071068 0 0.7071068 10.66858 0
3.6888 SecondCar -63.44497 0.025 2.97 0 90 0 0 0.7071068 0 0.7071068 10.65055 0
3.6892 Head 0 1.6 0.78 345.15 327.8999 0 -0.124191 -0.2741586 -0.03572864 0.9529623
3.6892 FirstCar -30.93014 0.025 2.97 0 90 0 0 0.7071068 0 0.7071068 10.66768 0
3.6892 SecondCar -63.44098 0.025 2.97 0 90 0 0 0.7071068 0 0.7071068 10.64965 0
3.6896 Head 0 1.6 0.78 345.15 327.8999 0 -0.124191 -0.2741586 -0.03572864 0.9529623
3.6896 FirstCar -30.92558 0.025 2.97 0 90 0 0 0.7071068 0 0.7071068 10.66665 0
3.6896 SecondCar -63.43642 0.025 2.97 0 90 0 0 0.7071068 0 0.7071068 10.64862 0
3.6900 Head 0 1.6 0.78 345.15 327.8999 0 -0.124191 -0.2741586 -0.03572864 0.9529623
3.6900 FirstCar -30.92142 0.025 2.97 0 90 0 0 0.7071068 0 0.7071068 10.66572 0
3.6900 SecondCar -63.43227 0.025 2.97 0 90 0 0 0.7071068 0 0.7071068 10.64769 0
3.6904 Head 0 1.6 0.78 345.15 327.8999 0 -0.124191 -0.2741586 -0.03572864 0.9529623
3.6904 FirstCar -30.91732 0.025 2.97 0 90 0 0 0.7071068 0 0.7071068 10.6648 0
3.6904 SecondCar -63.42818 0.025 2.97 0 90 0 0 0.7071068 0 0.7071068 10.64677 0
3.6910 Head 0 1.6 0.78 345.15 327.8999 0 -0.124191 -0.2741586 -0.03572864 0.9529623
3.6910 FirstCar -30.91067 0.025 2.97 0 90 0 0 0.7071068 0 0.7071068 10.6633 0
3.6910 SecondCar -63.42154 0.025 2.97 0 90 0 0 0.7071068 0 0.7071068 10.64527 0
3.6914 Head 0 1.6 0.78 345.15 327.8999 0 -0.124191 -0.2741586 -0.03572864 0.9529623
3.6914 FirstCar -30.90635 0.025 2.97 0 90 0 0 0.7071068 0 0.7071068 10.66233 0
3.6914 SecondCar -63.41723 0.025 2.97 0 90 0 0 0.7071068 0 0.7071068 10.6443 0
3.6919 Head 0 1.6 0.78 345.15 327.8999 0 -0.124191 -0.2741586 -0.03572864 0.9529623
3.6919 FirstCar -30.90169 0.025 2.97 0 90 0 0 0.7071068 0 0.7071068 10.66128 0
3.6919 SecondCar -63.41258 0.025 2.97 0 90 0 0 0.7071068 0 0.7071068 10.64325 0
3.6923 Head 0 1.6 0.78 345.15 327.8999 0 -0.124191 -0.2741586 -0.03572864 0.9529623
3.6923 FirstCar -30.8976 0.025 2.97 0 90 0 0 0.7071068 0 0.7071068 10.66036 0
3.6923 SecondCar -63.4085 0.025 2.97 0 90 0 0 0.7071068 0 0.7071068 10.64233 0
3.6927 Head 0 1.6 0.78 345.15 327.8999 0 -0.124191 -0.2741586 -0.03572864 0.9529623
3.6927 FirstCar -30.89252 0.025 2.97 0 90 0 0 0.7071068 0 0.7071068 10.65921 0
3.6927 SecondCar -63.40343 0.025 2.97 0 90 0 0 0.7071068 0 0.7071068 10.64118 0
3.6931 Head 0 1.6 0.78 345.15 327.8999 0 -0.124191 -0.2741586 -0.03572864 0.9529623
3.6931 FirstCar -30.88827 0.025 2.97 0 90 0 0 0.7071068 0 0.7071068 10.65826 0
3.6931 SecondCar -63.39918 0.025 2.97 0 90 0 0 0.7071068 0 0.7071068 10.64023 0
3.6938 Head 0 1.6 0.78 345.15 327.8999 0 -0.124191 -0.2741586 -0.03572864 0.9529623
3.6938 FirstCar -30.88078 0.025 2.97 0 90 0 0 0.7071068 0 0.7071068 10.65657 0
3.6938 SecondCar -63.39171 0.025 2.97 0 90 0 0 0.7071068 0 0.7071068 10.63854 0
3.6943 Head 0 1.6 0.78 345.15 327.8999 0 -0.124191 -0.2741586 -0.03572864 0.9529623
3.6943 FirstCar -30.87643 0.025 2.97 0 90 0 0 0.7071068 0 0.7071068 10.65559 0
3.6943 SecondCar -63.38736 0.025 2.97 0 90 0 0 0.7071068 0 0.7071068 10.63756 0
3.6946 Head 0 1.6 0.78 345.15 327.8999 0 -0.124191 -0.2741586 -0.03572864 0.9529623
3.6946 FirstCar -30.87235 0.025 2.97 0 90 0 0 0.7071068 0 0.7071068 10.65467 0
3.6946 SecondCar -63.38329 0.025 2.97 0 90 0 0 0.7071068 0 0.7071068 10.63664 0
3.6950 Head 0 1.6 0.78 345.15 327.8999 0 -0.124191 -0.2741586 -0.03572864 0.9529623
3.6950 FirstCar -30.86836 0.025 2.97 0 90 0 0 0.7071068 0 0.7071068 10.65377 0
3.6950 SecondCar -63.37931 0.025 2.97 0 90 0 0 0.7071068 0 0.7071068 10.63574 0
3.6954 Head 0 1.6 0.78 345.15 327.8999 0 -0.124191 -0.2741586 -0.03572864 0.9529623
3.6954 FirstCar -30.86456 0.025 2.97 0 90 0 0 0.7071068 0 0.7071068 10.65292 0
3.6954 SecondCar -63.37551 0.025 2.97 0 90 0 0 0.7071068 0 0.7071068 10.63488 0
3.6958 Head 0 1.6 0.78 345.15 327.8999 0 -0.124191 -0.2741586 -0.03572864 0.9529623
3.6958 FirstCar -30.85992 0.025 2.97 0 90 0 0 0.7071068 0 0.7071068 10.65187 0
3.6958 SecondCar -63.37088 0.025 2.97 0 90 0 0 0.7071068 0 0.7071068 10.63384 0
3.6963 Head 0 1.6 0.78 345.15 327.8999 0 -0.124191 -0.2741586 -0.03572864 0.9529623
3.6963 FirstCar -30.85473 0.025 2.97 0 90 0 0 0.7071068 0 0.7071068 10.6507 0
3.6963 SecondCar -63.3657 0.025 2.97 0 90 0 0 0.7071068 0 0.7071068 10.63267 0
3.6968 Head 0 1.6 0.78 345.15 327.8999 0 -0.124191 -0.2741586 -0.03572864 0.9529623
3.6968 FirstCar -30.84907 0.025 2.97 0 90 0 0 0.7071068 0 0.7071068 10.64942 0
3.6968 SecondCar -63.36004 0.025 2.97 0 90 0 0 0.7071068 0 0.7071068 10.63139 0
3.6972 Head 0 1.6 0.78 345.15 327.8999 0 -0.124191 -0.2741586 -0.03572864 0.9529623
3.6972 FirstCar -30.84472 0.025 2.97 0 90 0 0 0.7071068 0 0.7071068 10.64845 0
3.6972 SecondCar -63.35571 0.025 2.97 0 90 0 0 0.7071068 0 0.7071068 10.63041 0
3.6976 Head 0 1.6 0.78 345.15 327.8999 0 -0.124191 -0.2741586 -0.03572864 0.9529623
3.6976 FirstCar -30.8409 0.025 2.97 0 90 0 0 0.7071068 0 0.7071068 10.64758 0
3.6976 SecondCar -63.35189 0.025 2.97 0 90 0 0 0.7071068 0 0.7071068 10.62955 0
3.6979 Head 0 1.6 0.78 345.15 327.8999 0 -0.124191 -0.2741586 -0.03572864 0.9529623
3.6979 FirstCar -30.83718 0.025 2.97 0 90 0 0 0.7071068 0 0.7071068 10.64674 0
3.6979 SecondCar -63.34818 0.025 2.97 0 90 0 0 0.7071068 0 0.7071068 10.62871 0
3.6983 Head 0 1.6 0.78 345.15 327.8999 0 -0.124191 -0.2741586 -0.03572864 0.9529623
3.6983 FirstCar -30.83348 0.025 2.97 0 90 0 0 0.7071068 0 0.7071068 10.64591 0
3.6983 SecondCar -63.34448 0.025 2.97 0 90 0 0 0.7071068 0 0.7071068 10.62788 0
3.6987 Head 0 1.6 0.78 345.15 327.8999 0 -0.124191 -0.2741586 -0.03572864 0.9529623
3.6987 FirstCar -30.82962 0.025 2.97 0 90 0 0 0.7071068 0 0.7071068 10.64504 0
3.6987 SecondCar -63.34063 0.025 2.97 0 90 0 0 0.7071068 0 0.7071068 10.62701 0
3.6990 Head 0 1.6 0.78 345.15 327.8999 0 -0.124191 -0.2741586 -0.03572864 0.9529623
3.6990 FirstCar -30.82555 0.025 2.97 0 90 0 0 0.7071068 0 0.7071068 10.64412 0
3.6990 SecondCar -63.33656 0.025 2.97 0 90 0 0 0.7071068 0 0.7071068 10.62609 0
3.6994 Head 0 1.6 0.78 345.15 327.8999 0 -0.124191 -0.2741586 -0.03572864 0.9529623
3.6994 FirstCar -30.82189 0.025 2.97 0 90 0 0 0.7071068 0 0.7071068 10.6433 0
3.6994 SecondCar -63.33292 0.025 2.97 0 90 0 0 0.7071068 0 0.7071068 10.62527 0
3.6998 Head 0 1.6 0.78 345.15 327.8999 0 -0.124191 -0.2741586 -0.03572864 0.9529623
3.6998 FirstCar -30.81779 0.025 2.97 0 90 0 0 0.7071068 0 0.7071068 10.64237 0
3.6998 SecondCar -63.32882 0.025 2.97 0 90 0 0 0.7071068 0 0.7071068 10.62434 0
3.7002 Head 0 1.6 0.78 345.15 327.8999 0 -0.124191 -0.2741586 -0.03572864 0.9529623
3.7002 FirstCar -30.81346 0.025 2.97 0 90 0 0 0.7071068 0 0.7071068 10.6414 0
3.7002 SecondCar -63.3245 0.025 2.97 0 90 0 0 0.7071068 0 0.7071068 10.62337 0
3.7005 Head 0 1.6 0.78 345.15 327.8999 0 -0.124191 -0.2741586 -0.03572864 0.9529623
3.7005 FirstCar -30.80949 0.025 2.97 0 90 0 0 0.7071068 0 0.7071068 10.6405 0
3.7005 SecondCar -63.32053 0.025 2.97 0 90 0 0 0.7071068 0 0.7071068 10.62247 0
3.7009 Head 0 1.6 0.78 345.15 327.8999 0 -0.124191 -0.2741586 -0.03572864 0.9529623
3.7009 FirstCar -30.8056 0.025 2.97 0 90 0 0 0.7071068 0 0.7071068 10.63962 0
3.7009 SecondCar -63.31665 0.025 2.97 0 90 0 0 0.7071068 0 0.7071068 10.62159 0
3.7013 Head 0 1.6 0.78 345.15 327.8999 0 -0.124191 -0.2741586 -0.03572864 0.9529623
3.7013 FirstCar -30.80162 0.025 2.97 0 90 0 0 0.7071068 0 0.7071068 10.63873 0
3.7013 SecondCar -63.31269 0.025 2.97 0 90 0 0 0.7071068 0 0.7071068 10.6207 0
3.7019 Head 0 1.6 0.78 345.15 327.8999 0 -0.124191 -0.2741586 -0.03572864 0.9529623
3.7019 FirstCar -30.79453 0.025 2.97 0 90 0 0 0.7071068 0 0.7071068 10.63713 0
3.7019 SecondCar -63.30561 0.025 2.97 0 90 0 0 0.7071068 0 0.7071068 10.6191 0
3.7024 Head 0 1.6 0.78 345.15 327.8999 0 -0.124191 -0.2741586 -0.03572864 0.9529623
3.7024 FirstCar -30.78989 0.025 2.97 0 90 0 0 0.7071068 0 0.7071068 10.63608 0
3.7024 SecondCar -63.30097 0.025 2.97 0 90 0 0 0.7071068 0 0.7071068 10.61805 0
3.7028 Head 0 1.6 0.78 345.15 327.8999 0 -0.124191 -0.2741586 -0.03572864 0.9529623
3.7028 FirstCar -30.78551 0.025 2.97 0 90 0 0 0.7071068 0 0.7071068 10.63509 0
3.7028 SecondCar -63.2966 0.025 2.97 0 90 0 0 0.7071068 0 0.7071068 10.61706 0
3.7032 Head 0 1.6 0.78 345.15 327.8999 0 -0.124191 -0.2741586 -0.03572864 0.9529623
3.7032 FirstCar -30.78131 0.025 2.97 0 90 0 0 0.7071068 0 0.7071068 10.63415 0
3.7032 SecondCar -63.29241 0.025 2.97 0 90 0 0 0.7071068 0 0.7071068 10.61612 0
3.7036 Head 0 1.6 0.78 345.15 327.8999 0 -0.124191 -0.2741586 -0.03572864 0.9529623
3.7036 FirstCar -30.77715 0.025 2.97 0 90 0 0 0.7071068 0 0.7071068 10.63321 0
3.7036 SecondCar -63.28825 0.025 2.97 0 90 0 0 0.7071068 0 0.7071068 10.61518 0
3.7039 Head 0 1.6 0.78 345.15 327.8999 0 -0.124191 -0.2741586 -0.03572864 0.9529623
3.7039 FirstCar -30.7733 0.025 2.97 0 90 0 0 0.7071068 0 0.7071068 10.63234 0
3.7039 SecondCar -63.28441 0.025 2.97 0 90 0 0 0.7071068 0 0.7071068 10.61431 0
3.7043 Head 0 1.6 0.78 345.15 327.8999 0 -0.124191 -0.2741586 -0.03572864 0.9529623
3.7043 FirstCar -30.76956 0.025 2.97 0 90 0 0 0.7071068 0 0.7071068 10.63149 0
3.7043 SecondCar -63.28068 0.025 2.97 0 90 0 0 0.7071068 0 0.7071068 10.61346 0
3.7046 Head 0 1.6 0.78 345.15 327.8999 0 -0.124191 -0.2741586 -0.03572864 0.9529623
3.7046 FirstCar -30.7659 0.025 2.97 0 90 0 0 0.7071068 0 0.7071068 10.63067 0
3.7046 SecondCar -63.27703 0.025 2.97 0 90 0 0 0.7071068 0 0.7071068 10.61264 0
3.7050 Head 0 1.6 0.78 345.15 327.8999 0 -0.124191 -0.2741586 -0.03572864 0.9529623
3.7050 FirstCar -30.76214 0.025 2.97 0 90 0 0 0.7071068 0 0.7071068 10.62982 0
3.7050 SecondCar -63.27327 0.025 2.97 0 90 0 0 0.7071068 0 0.7071068 10.61179 0
3.7054 Head 0 1.6 0.78 345.15 327.8999 0 -0.124191 -0.2741586 -0.03572864 0.9529623
3.7054 FirstCar -30.75818 0.025 2.97 0 90 0 0 0.7071068 0 0.7071068 10.62892 0
3.7054 SecondCar -63.26932 0.025 2.97 0 90 0 0 0.7071068 0 0.7071068 10.61089 0
3.7057 Head 0 1.6 0.78 345.15 327.8999 0 -0.124191 -0.2741586 -0.03572864 0.9529623
3.7057 FirstCar -30.75425 0.025 2.97 0 90 0 0 0.7071068 0 0.7071068 10.62804 0
3.7057 SecondCar -63.2654 0.025 2.97 0 90 0 0 0.7071068 0 0.7071068 10.61001 0
3.7061 Head 0 1.6 0.78 345.15 327.8999 0 -0.124191 -0.2741586 -0.03572864 0.9529623
3.7061 FirstCar -30.75027 0.025 2.97 0 90 0 0 0.7071068 0 0.7071068 10.62714 0
3.7061 SecondCar -63.26142 0.025 2.97 0 90 0 0 0.7071068 0 0.7071068 10.60911 0
3.7065 Head 0 1.6 0.78 345.15 327.8999 0 -0.124191 -0.2741586 -0.03572864 0.9529623
3.7065 FirstCar -30.74655 0.025 2.97 0 90 0 0 0.7071068 0 0.7071068 10.6263 0
3.7065 SecondCar -63.25771 0.025 2.97 0 90 0 0 0.7071068 0 0.7071068 10.60827 0
3.7068 Head 0 1.6 0.78 345.15 327.8999 0 -0.124191 -0.2741586 -0.03572864 0.9529623
3.7068 FirstCar -30.74259 0.025 2.97 0 90 0 0 0.7071068 0 0.7071068 10.6254 0
3.7068 SecondCar -63.25375 0.025 2.97 0 90 0 0 0.7071068 0 0.7071068 10.60737 0
3.7072 Head 0 1.6 0.78 345.15 327.8999 0 -0.124191 -0.2741586 -0.03572864 0.9529623
3.7072 FirstCar -30.73885 0.025 2.97 0 90 0 0 0.7071068 0 0.7071068 10.62456 0
3.7072 SecondCar -63.25002 0.025 2.97 0 90 0 0 0.7071068 0 0.7071068 10.60653 0
3.7076 Head 0 1.6 0.78 345.15 327.8999 0 -0.124191 -0.2741586 -0.03572864 0.9529623
3.7076 FirstCar -30.7346 0.025 2.97 0 90 0 0 0.7071068 0 0.7071068 10.6236 0
3.7076 SecondCar -63.24578 0.025 2.97 0 90 0 0 0.7071068 0 0.7071068 10.60557 0
3.7079 Head 0 1.6 0.78 345.15 327.8999 0 -0.124191 -0.2741586 -0.03572864 0.9529623
3.7079 FirstCar -30.73101 0.025 2.97 0 90 0 0 0.7071068 0 0.7071068 10.62279 0
3.7079 SecondCar -63.2422 0.025 2.97 0 90 0 0 0.7071068 0 0.7071068 10.60476 0
3.7083 Head 0 1.6 0.78 345.15 327.8999 0 -0.124191 -0.2741586 -0.03572864 0.9529623
3.7083 FirstCar -30.72738 0.025 2.97 0 90 0 0 0.7071068 0 0.7071068 10.62197 0
3.7083 SecondCar -63.23856 0.025 2.97 0 90 0 0 0.7071068 0 0.7071068 10.60394 0
3.7086 Head 0 1.6 0.78 345.15 327.8999 0 -0.124191 -0.2741586 -0.03572864 0.9529623
3.7086 FirstCar -30.72339 0.025 2.97 0 90 0 0 0.7071068 0 0.7071068 10.62107 0
3.7086 SecondCar -63.23459 0.025 2.97 0 90 0 0 0.7071068 0 0.7071068 10.60304 0
3.7090 Head 0 1.6 0.78 345.15 327.8999 0 -0.124191 -0.2741586 -0.03572864 0.9529623
3.7090 FirstCar -30.71931 0.025 2.97 0 90 0 0 0.7071068 0 0.7071068 10.62014 0
3.7090 SecondCar -63.23052 0.025 2.97 0 90 0 0 0.7071068 0 0.7071068 10.60211 0
3.7097 Head 0 1.6 0.78 345.15 327.8999 0 -0.124191 -0.2741586 -0.03572864 0.9529623
3.7097 FirstCar -30.71214 0.025 2.97 0 90 0 0 0.7071068 0 0.7071068 10.61852 0
3.7097 SecondCar -63.22336 0.025 2.97 0 90 0 0 0.7071068 0 0.7071068 10.60049 0
3.7101 Head 0 1.6 0.78 345.15 327.8999 0 -0.124191 -0.2741586 -0.03572864 0.9529623
3.7101 FirstCar -30.70773 0.025 2.97 0 90 0 0 0.7071068 0 0.7071068 10.61753 0
3.7101 SecondCar -63.21896 0.025 2.97 0 90 0 0 0.7071068 0 0.7071068 10.5995 0
3.7107 Head 0 1.6 0.78 345.15 327.8999 0 -0.124191 -0.2741586 -0.03572864 0.9529623
3.7107 FirstCar -30.70137 0.025 2.97 0 90 0 0 0.7071068 0 0.7071068 10.61609 0
3.7107 SecondCar -63.21261 0.025 2.97 0 90 0 0 0.7071068 0 0.7071068 10.59806 0
3.7111 Head 0 1.6 0.78 345.15 327.8999 0 -0.124191 -0.2741586 -0.03572864 0.9529623
3.7111 FirstCar -30.69728 0.025 2.97 0 90 0 0 0.7071068 0 0.7071068 10.61516 0
3.7111 SecondCar -63.20852 0.025 2.97 0 90 0 0 0.7071068 0 0.7071068 10.59713 0
3.7115 Head 0 1.6 0.78 345.15 327.8999 0 -0.124191 -0.2741586 -0.03572864 0.9529623
3.7115 FirstCar -30.69338 0.025 2.97 0 90 0 0 0.7071068 0 0.7071068 10.61428 0
3.7115 SecondCar -63.20463 0.025 2.97 0 90 0 0 0.7071068 0 0.7071068 10.59625 0
3.7118 Head 0 1.6 0.78 345.15 327.8999 0 -0.124191 -0.2741586 -0.03572864 0.9529623
3.7118 FirstCar -30.68959 0.025 2.97 0 90 0 0 0.7071068 0 0.7071068 10.61343 0
3.7118 SecondCar -63.20084 0.025 2.97 0 90 0 0 0.7071068 0 0.7071068 10.5954 0
3.7122 Head 0 1.6 0.78 345.15 327.8999 0 -0.124191 -0.2741586 -0.03572864 0.9529623
3.7122 FirstCar -30.68571 0.025 2.97 0 90 0 0 0.7071068 0 0.7071068 10.61255 0
3.7122 SecondCar -63.19697 0.025 2.97 0 90 0 0 0.7071068 0 0.7071068 10.59452 0
3.7126 Head 0 1.6 0.78 345.15 327.8999 0 -0.124191 -0.2741586 -0.03572864 0.9529623
3.7126 FirstCar -30.68184 0.025 2.97 0 90 0 0 0.7071068 0 0.7071068 10.61167 0
3.7126 SecondCar -63.19311 0.025 2.97 0 90 0 0 0.7071068 0 0.7071068 10.59364 0
3.7129 Head 0 1.6 0.78 345.15 327.8999 0 -0.124191 -0.2741586 -0.03572864 0.9529623
3.7129 FirstCar -30.67768 0.025 2.97 0 90 0 0 0.7071068 0 0.7071068 10.61073 0
3.7129 SecondCar -63.18895 0.025 2.97 0 90 0 0 0.7071068 0 0.7071068 10.5927 0
3.7134 Head 0 1.6 0.78 345.15 327.8999 0 -0.124191 -0.2741586 -0.03572864 0.9529623
3.7134 FirstCar -30.67312 0.025 2.97 0 90 0 0 0.7071068 0 0.7071068 10.6097 0
3.7134 SecondCar -63.1844 0.025 2.97 0 90 0 0 0.7071068 0 0.7071068 10.59167 0
3.7138 Head 0 1.6 0.78 345.15 327.8999 0 -0.124191 -0.2741586 -0.03572864 0.9529623
3.7138 FirstCar -30.66877 0.025 2.97 0 90 0 0 0.7071068 0 0.7071068 10.60872 0
3.7138 SecondCar -63.18006 0.025 2.97 0 90 0 0 0.7071068 0 0.7071068 10.59069 0
3.7142 Head 0 1.6 0.78 345.15 327.8999 0 -0.124191 -0.2741586 -0.03572864 0.9529623
3.7142 FirstCar -30.66444 0.025 2.97 0 90 0 0 0.7071068 0 0.7071068 10.60774 0
3.7142 SecondCar -63.17574 0.025 2.97 0 90 0 0 0.7071068 0 0.7071068 10.58971 0
3.7146 Head 0 1.6 0.78 345.15 327.8999 0 -0.124191 -0.2741586 -0.03572864 0.9529623
3.7146 FirstCar -30.66067 0.025 2.97 0 90 0 0 0.7071068 0 0.7071068 10.60688 0
3.7146 SecondCar -63.17197 0.025 2.97 0 90 0 0 0.7071068 0 0.7071068 10.58885 0
3.7149 Head 0 1.6 0.78 345.15 327.8999 0 -0.124191 -0.2741586 -0.03572864 0.9529623
3.7149 FirstCar -30.65686 0.025 2.97 0 90 0 0 0.7071068 0 0.7071068 10.60602 0
3.7149 SecondCar -63.16816 0.025 2.97 0 90 0 0 0.7071068 0 0.7071068 10.58799 0
3.7153 Head 0 1.6 0.78 345.15 327.8999 0 -0.124191 -0.2741586 -0.03572864 0.9529623
3.7153 FirstCar -30.65287 0.025 2.97 0 90 0 0 0.7071068 0 0.7071068 10.60512 0
3.7153 SecondCar -63.16419 0.025 2.97 0 90 0 0 0.7071068 0 0.7071068 10.58709 0
3.7157 Head 0 1.6 0.78 345.15 327.8999 0 -0.124191 -0.2741586 -0.03572864 0.9529623
3.7157 FirstCar -30.64857 0.025 2.97 0 90 0 0 0.7071068 0 0.7071068 10.60414 0
3.7157 SecondCar -63.15989 0.025 2.97 0 90 0 0 0.7071068 0 0.7071068 10.58611 0
3.7161 Head 0 1.6 0.78 345.15 327.8999 0 -0.124191 -0.2741586 -0.03572864 0.9529623
3.7161 FirstCar -30.64456 0.025 2.97 0 90 0 0 0.7071068 0 0.7071068 10.60324 0
3.7161 SecondCar -63.15589 0.025 2.97 0 90 0 0 0.7071068 0 0.7071068 10.58521 0
3.7164 Head 0 1.6 0.78 345.15 327.8999 0 -0.124191 -0.2741586 -0.03572864 0.9529623
3.7164 FirstCar -30.64091 0.025 2.97 0 90 0 0 0.7071068 0 0.7071068 10.60241 0
3.7164 SecondCar -63.15225 0.025 2.97 0 90 0 0 0.7071068 0 0.7071068 10.58438 0
3.7168 Head 0 1.6 0.78 345.15 327.8999 0 -0.124191 -0.2741586 -0.03572864 0.9529623
3.7168 FirstCar -30.63675 0.025 2.97 0 90 0 0 0.7071068 0 0.7071068 10.60147 0
3.7168 SecondCar -63.14809 0.025 2.97 0 90 0 0 0.7071068 0 0.7071068 10.58344 0
3.7172 Head 0 1.6 0.78 345.15 327.8999 0 -0.124191 -0.2741586 -0.03572864 0.9529623
3.7172 FirstCar -30.63264 0.025 2.97 0 90 0 0 0.7071068 0 0.7071068 10.60054 0
3.7172 SecondCar -63.14399 0.025 2.97 0 90 0 0 0.7071068 0 0.7071068 10.58251 0
3.7179 Head 0 1.6 0.78 345.15 327.8999 0 -0.124191 -0.2741586 -0.03572864 0.9529623
3.7179 FirstCar -30.62464 0.025 2.97 0 90 0 0 0.7071068 0 0.7071068 10.59873 0
3.7179 SecondCar -63.13601 0.025 2.97 0 90 0 0 0.7071068 0 0.7071068 10.5807 0
3.7184 Head 0 1.6 0.78 345.15 327.8999 0 -0.124191 -0.2741586 -0.03572864 0.9529623
3.7184 FirstCar -30.62025 0.025 2.97 0 90 0 0 0.7071068 0 0.7071068 10.59773 0
3.7184 SecondCar -63.13161 0.025 2.97 0 90 0 0 0.7071068 0 0.7071068 10.5797 0
3.7188 Head 0 1.6 0.78 345.15 327.8999 0 -0.124191 -0.2741586 -0.03572864 0.9529623
3.7188 FirstCar -30.61583 0.025 2.97 0 90 0 0 0.7071068 0 0.7071068 10.59673 0
3.7188 SecondCar -63.1272 0.025 2.97 0 90 0 0 0.7071068 0 0.7071068 10.5787 0
3.7192 Head 0 1.6 0.78 345.15 327.8999 0 -0.124191 -0.2741586 -0.03572864 0.9529623
3.7192 FirstCar -30.61176 0.025 2.97 0 90 0 0 0.7071068 0 0.7071068 10.59581 0
3.7192 SecondCar -63.12314 0.025 2.97 0 90 0 0 0.7071068 0 0.7071068 10.57778 0
3.7196 Head 0 1.6 0.78 345.15 327.8999 0 -0.124191 -0.2741586 -0.03572864 0.9529623
3.7196 FirstCar -30.60733 0.025 2.97 0 90 0 0 0.7071068 0 0.7071068 10.59481 0
3.7196 SecondCar -63.11872 0.025 2.97 0 90 0 0 0.7071068 0 0.7071068 10.57678 0
3.7200 Head 0 1.6 0.78 345.15 327.8999 0 -0.124191 -0.2741586 -0.03572864 0.9529623
3.7200 FirstCar -30.60295 0.025 2.97 0 90 0 0 0.7071068 0 0.7071068 10.59381 0
3.7200 SecondCar -63.11434 0.025 2.97 0 90 0 0 0.7071068 0 0.7071068 10.57578 0
3.7204 Head 0 1.6 0.78 345.15 327.8999 0 -0.124191 -0.2741586 -0.03572864 0.9529623
3.7204 FirstCar -30.59908 0.025 2.97 0 90 0 0 0.7071068 0 0.7071068 10.59294 0
3.7204 SecondCar -63.11048 0.025 2.97 0 90 0 0 0.7071068 0 0.7071068 10.57491 0
3.7208 Head 0 1.6 0.78 345.15 327.8999 0 -0.124191 -0.2741586 -0.03572864 0.9529623
3.7208 FirstCar -30.59478 0.025 2.97 0 90 0 0 0.7071068 0 0.7071068 10.59196 0
3.7208 SecondCar -63.10619 0.025 2.97 0 90 0 0 0.7071068 0 0.7071068 10.57393 0
3.7211 Head 0 1.6 0.78 345.15 327.8999 0 -0.124191 -0.2741586 -0.03572864 0.9529623
3.7211 FirstCar -30.59078 0.025 2.97 0 90 0 0 0.7071068 0 0.7071068 10.59106 0
3.7211 SecondCar -63.1022 0.025 2.97 0 90 0 0 0.7071068 0 0.7071068 10.57303 0
3.7215 Head 0 1.6 0.78 345.15 327.8999 0 -0.124191 -0.2741586 -0.03572864 0.9529623
3.7215 FirstCar -30.58659 0.025 2.97 0 90 0 0 0.7071068 0 0.7071068 10.59011 0
3.7215 SecondCar -63.09801 0.025 2.97 0 90 0 0 0.7071068 0 0.7071068 10.57208 0
3.7219 Head 0 1.6 0.78 345.15 327.8999 0 -0.124191 -0.2741586 -0.03572864 0.9529623
3.7219 FirstCar -30.58256 0.025 2.97 0 90 0 0 0.7071068 0 0.7071068 10.58919 0
3.7219 SecondCar -63.09399 0.025 2.97 0 90 0 0 0.7071068 0 0.7071068 10.57116 0
3.7223 Head 0 1.6 0.78 345.15 327.8999 0 -0.124191 -0.2741586 -0.03572864 0.9529623
3.7223 FirstCar -30.57895 0.025 2.97 0 90 0 0 0.7071068 0 0.7071068 10.58837 0
3.7223 SecondCar -63.09039 0.025 2.97 0 90 0 0 0.7071068 0 0.7071068 10.57034 0
3.7226 Head 0 1.6 0.78 345.15 327.8999 0 -0.124191 -0.2741586 -0.03572864 0.9529623
3.7226 FirstCar -30.57527 0.025 2.97 0 90 0 0 0.7071068 0 0.7071068 10.58754 0
3.7226 SecondCar -63.08671 0.025 2.97 0 90 0 0 0.7071068 0 0.7071068 10.56951 0
3.7230 Head 0 1.6 0.78 345.15 327.8999 0 -0.124191 -0.2741586 -0.03572864 0.9529623
3.7230 FirstCar -30.5709 0.025 2.97 0 90 0 0 0.7071068 0 0.7071068 10.58655 0
3.7230 SecondCar -63.08235 0.025 2.97 0 90 0 0 0.7071068 0 0.7071068 10.56852 0
3.7234 Head 0 1.6 0.78 345.15 327.8999 0 -0.124191 -0.2741586 -0.03572864 0.9529623
3.7234 FirstCar -30.56661 0.025 2.97 0 90 0 0 0.7071068 0 0.7071068 10.58558 0
3.7234 SecondCar -63.07807 0.025 2.97 0 90 0 0 0.7071068 0 0.7071068 10.56755 0
3.7238 Head 0 1.6 0.78 345.15 327.8999 0 -0.124191 -0.2741586 -0.03572864 0.9529623
3.7238 FirstCar -30.56229 0.025 2.97 0 90 0 0 0.7071068 0 0.7071068 10.5846 0
3.7238 SecondCar -63.07375 0.025 2.97 0 90 0 0 0.7071068 0 0.7071068 10.56657 0
3.7242 Head 0 1.6 0.78 345.15 327.8999 0 -0.124191 -0.2741586 -0.03572864 0.9529623
3.7242 FirstCar -30.55854 0.025 2.97 0 90 0 0 0.7071068 0 0.7071068 10.58375 0
3.7242 SecondCar -63.07001 0.025 2.97 0 90 0 0 0.7071068 0 0.7071068 10.56572 0
3.7245 Head 0 1.6 0.78 345.15 327.8999 0 -0.124191 -0.2741586 -0.03572864 0.9529623
3.7245 FirstCar -30.55478 0.025 2.97 0 90 0 0 0.7071068 0 0.7071068 10.58289 0
3.7245 SecondCar -63.06626 0.025 2.97 0 90 0 0 0.7071068 0 0.7071068 10.56486 0
3.7249 Head 0 1.6 0.78 345.15 327.8999 0 -0.124191 -0.2741586 -0.03572864 0.9529623
3.7249 FirstCar -30.55096 0.025 2.97 0 90 0 0 0.7071068 0 0.7071068 10.58203 0
3.7249 SecondCar -63.06244 0.025 2.97 0 90 0 0 0.7071068 0 0.7071068 10.564 0
3.7253 Head 0 1.6 0.78 345.15 327.8999 0 -0.124191 -0.2741586 -0.03572864 0.9529623
3.7253 FirstCar -30.5472 0.025 2.97 0 90 0 0 0.7071068 0 0.7071068 10.58117 0
3.7253 SecondCar -63.05869 0.025 2.97 0 90 0 0 0.7071068 0 0.7071068 10.56314 0
3.7259 Head 0 1.6 0.78 345.15 327.8999 0 -0.124191 -0.2741586 -0.03572864 0.9529623
3.7259 FirstCar -30.53999 0.025 2.97 0 90 0 0 0.7071068 0 0.7071068 10.57954 0
3.7259 SecondCar -63.05149 0.025 2.97 0 90 0 0 0.7071068 0 0.7071068 10.56151 0
3.7263 Head 0 1.6 0.78 345.15 327.8999 0 -0.124191 -0.2741586 -0.03572864 0.9529623
3.7263 FirstCar -30.53589 0.025 2.97 0 90 0 0 0.7071068 0 0.7071068 10.57861 0
3.7263 SecondCar -63.04739 0.025 2.97 0 90 0 0 0.7071068 0 0.7071068 10.56058 0
3.7267 Head 0 1.6 0.78 345.15 327.8999 0 -0.124191 -0.2741586 -0.03572864 0.9529623
3.7267 FirstCar -30.53161 0.025 2.97 0 90 0 0 0.7071068 0 0.7071068 10.57764 0
3.7267 SecondCar -63.04313 0.025 2.97 0 90 0 0 0.7071068 0 0.7071068 10.55961 0
3.7271 Head 0 1.6 0.78 345.15 327.8999 0 -0.124191 -0.2741586 -0.03572864 0.9529623
3.7271 FirstCar -30.52762 0.025 2.97 0 90 0 0 0.7071068 0 0.7071068 10.57673 0
3.7271 SecondCar -63.03914 0.025 2.97 0 90 0 0 0.7071068 0 0.7071068 10.5587 0
3.7275 Head 0 1.6 0.78 345.15 327.8999 0 -0.124191 -0.2741586 -0.03572864 0.9529623
3.7275 FirstCar -30.52383 0.025 2.97 0 90 0 0 0.7071068 0 0.7071068 10.57587 0
3.7275 SecondCar -63.03535 0.025 2.97 0 90 0 0 0.7071068 0 0.7071068 10.55784 0
3.7279 Head 0 1.6 0.78 345.15 327.8999 0 -0.124191 -0.2741586 -0.03572864 0.9529623
3.7279 FirstCar -30.51971 0.025 2.97 0 90 0 0 0.7071068 0 0.7071068 10.57494 0
3.7279 SecondCar -63.03124 0.025 2.97 0 90 0 0 0.7071068 0 0.7071068 10.55691 0
3.7282 Head 0 1.6 0.78 345.15 327.8999 0 -0.124191 -0.2741586 -0.03572864 0.9529623
3.7282 FirstCar -30.51578 0.025 2.97 0 90 0 0 0.7071068 0 0.7071068 10.57405 0
3.7282 SecondCar -63.02732 0.025 2.97 0 90 0 0 0.7071068 0 0.7071068 10.55602 0
3.7286 Head 0 1.6 0.78 345.15 327.8999 0 -0.124191 -0.2741586 -0.03572864 0.9529623
3.7286 FirstCar -30.5122 0.025 2.97 0 90 0 0 0.7071068 0 0.7071068 10.57323 0
3.7286 SecondCar -63.02374 0.025 2.97 0 90 0 0 0.7071068 0 0.7071068 10.5552 0
3.7289 Head 0 1.6 0.78 345.15 327.8999 0 -0.124191 -0.2741586 -0.03572864 0.9529623
3.7289 FirstCar -30.50856 0.025 2.97 0 90 0 0 0.7071068 0 0.7071068 10.5724 0
3.7289 SecondCar -63.02011 0.025 2.97 0 90 0 0 0.7071068 0 0.7071068 10.55437 0
3.7293 Head 0 1.6 0.78 345.15 327.8999 0 -0.124191 -0.2741586 -0.03572864 0.9529623
3.7293 FirstCar -30.50471 0.025 2.97 0 90 0 0 0.7071068 0 0.7071068 10.57153 0
3.7293 SecondCar -63.01627 0.025 2.97 0 90 0 0 0.7071068 0 0.7071068 10.5535 0
3.7297 Head 0 1.6 0.78 345.15 327.8999 0 -0.124191 -0.2741586 -0.03572864 0.9529623
3.7297 FirstCar -30.50039 0.025 2.97 0 90 0 0 0.7071068 0 0.7071068 10.57055 0
3.7297 SecondCar -63.01196 0.025 2.97 0 90 0 0 0.7071068 0 0.7071068 10.55252 0
3.7300 Head 0 1.6 0.78 345.15 327.8999 0 -0.124191 -0.2741586 -0.03572864 0.9529623
3.7300 FirstCar -30.49658 0.025 2.97 0 90 0 0 0.7071068 0 0.7071068 10.56969 0
3.7300 SecondCar -63.00815 0.025 2.97 0 90 0 0 0.7071068 0 0.7071068 10.55166 0
3.7304 Head 0 1.6 0.78 345.15 327.8999 0 -0.124191 -0.2741586 -0.03572864 0.9529623
3.7304 FirstCar -30.49273 0.025 2.97 0 90 0 0 0.7071068 0 0.7071068 10.56881 0
3.7304 SecondCar -63.00431 0.025 2.97 0 90 0 0 0.7071068 0 0.7071068 10.55078 0
3.7316 Head 0 1.6 0.78 345.15 327.8999 0 -0.124191 -0.2741586 -0.03572864 0.9529623
3.7316 FirstCar -30.48054 0.025 2.97 0 90 0 0 0.7071068 0 0.7071068 10.56604 0
3.7316 SecondCar -62.99213 0.025 2.97 0 90 0 0 0.7071068 0 0.7071068 10.54801 0
3.7327 Head 0 1.6 0.78 345.15 327.8999 0 -0.124191 -0.2741586 -0.03572864 0.9529623
3.7327 FirstCar -30.46806 0.025 2.97 0 90 0 0 0.7071068 0 0.7071068 10.56321 0
3.7327 SecondCar -62.97968 0.025 2.97 0 90 0 0 0.7071068 0 0.7071068 10.54518 0
3.7333 Head 0 1.6 0.78 345.15 327.8999 0 -0.124191 -0.2741586 -0.03572864 0.9529623
3.7333 FirstCar -30.46242 0.025 2.97 0 90 0 0 0.7071068 0 0.7071068 10.56192 0
3.7333 SecondCar -62.97405 0.025 2.97 0 90 0 0 0.7071068 0 0.7071068 10.54389 0
3.7342 Head 0 1.6 0.78 345.15 327.8999 0 -0.124191 -0.2741586 -0.03572864 0.9529623
3.7342 FirstCar -30.45269 0.025 2.97 0 90 0 0 0.7071068 0 0.7071068 10.55971 0
3.7342 SecondCar -62.96434 0.025 2.97 0 90 0 0 0.7071068 0 0.7071068 10.54168 0
3.7346 Head 0 1.6 0.78 345.15 327.8999 0 -0.124191 -0.2741586 -0.03572864 0.9529623
3.7346 FirstCar -30.4482 0.025 2.97 0 90 0 0 0.7071068 0 0.7071068 10.55869 0
3.7346 SecondCar -62.95986 0.025 2.97 0 90 0 0 0.7071068 0 0.7071068 10.54066 0
3.7350 Head 0 1.6 0.78 345.15 327.8999 0 -0.124191 -0.2741586 -0.03572864 0.9529623
3.7350 FirstCar -30.44396 0.025 2.97 0 90 0 0 0.7071068 0 0.7071068 10.55773 0
3.7350 SecondCar -62.95563 0.025 2.97 0 90 0 0 0.7071068 0 0.7071068 10.5397 0
3.7354 Head 0 1.6 0.78 345.15 327.8999 0 -0.124191 -0.2741586 -0.03572864 0.9529623
3.7354 FirstCar -30.43974 0.025 2.97 0 90 0 0 0.7071068 0 0.7071068 10.55677 0
3.7354 SecondCar -62.95141 0.025 2.97 0 90 0 0 0.7071068 0 0.7071068 10.53874 0
3.7359 Head 0 1.6 0.78 345.15 327.8999 0 -0.124191 -0.2741586 -0.03572864 0.9529623
3.7359 FirstCar -30.43465 0.025 2.97 0 90 0 0 0.7071068 0 0.7071068 10.55561 0
3.7359 SecondCar -62.94633 0.025 2.97 0 90 0 0 0.7071068 0 0.7071068 10.53758 0
3.7363 Head 0 1.6 0.78 345.15 327.8999 0 -0.124191 -0.2741586 -0.03572864 0.9529623
3.7363 FirstCar -30.43038 0.025 2.97 0 90 0 0 0.7071068 0 0.7071068 10.55464 0
3.7363 SecondCar -62.94207 0.025 2.97 0 90 0 0 0.7071068 0 0.7071068 10.53661 0
3.7367 Head 0 1.6 0.78 345.15 327.8999 0 -0.124191 -0.2741586 -0.03572864 0.9529623
3.7367 FirstCar -30.42667 0.025 2.97 0 90 0 0 0.7071068 0 0.7071068 10.5538 0
3.7367 SecondCar -62.93837 0.025 2.97 0 90 0 0 0.7071068 0 0.7071068 10.53577 0
3.7370 Head 0 1.6 0.78 345.15 327.8999 0 -0.124191 -0.2741586 -0.03572864 0.9529623
3.7370 FirstCar -30.42299 0.025 2.97 0 90 0 0 0.7071068 0 0.7071068 10.55296 0
3.7370 SecondCar -62.93469 0.025 2.97 0 90 0 0 0.7071068 0 0.7071068 10.53493 0
3.7374 Head 0 1.6 0.78 345.15 327.8999 0 -0.124191 -0.2741586 -0.03572864 0.9529623
3.7374 FirstCar -30.41887 0.025 2.97 0 90 0 0 0.7071068 0 0.7071068 10.55202 0
3.7374 SecondCar -62.93058 0.025 2.97 0 90 0 0 0.7071068 0 0.7071068 10.53399 0
3.7378 Head 0 1.6 0.78 345.15 327.8999 0 -0.124191 -0.2741586 -0.03572864 0.9529623
3.7378 FirstCar -30.41457 0.025 2.97 0 90 0 0 0.7071068 0 0.7071068 10.55105 0
3.7378 SecondCar -62.92628 0.025 2.97 0 90 0 0 0.7071068 0 0.7071068 10.53302 0
3.7382 Head 0 1.6 0.78 345.15 327.8999 0 -0.124191 -0.2741586 -0.03572864 0.9529623
3.7382 FirstCar -30.41063 0.025 2.97 0 90 0 0 0.7071068 0 0.7071068 10.55015 0
3.7382 SecondCar -62.92235 0.025 2.97 0 90 0 0 0.7071068 0 0.7071068 10.53212 0
3.7386 Head 0 1.6 0.78 345.15 327.8999 0 -0.124191 -0.2741586 -0.03572864 0.9529623
3.7386 FirstCar -30.40667 0.025 2.97 0 90 0 0 0.7071068 0 0.7071068 10.54925 0
3.7386 SecondCar -62.9184 0.025 2.97 0 90 0 0 0.7071068 0 0.7071068 10.53122 0
3.7389 Head 0 1.6 0.78 345.15 327.8999 0 -0.124191 -0.2741586 -0.03572864 0.9529623
3.7389 FirstCar -30.40297 0.025 2.97 0 90 0 0 0.7071068 0 0.7071068 10.54841 0
3.7389 SecondCar -62.9147 0.025 2.97 0 90 0 0 0.7071068 0 0.7071068 10.53038 0
3.7393 Head 0 1.6 0.78 345.15 327.8999 0 -0.124191 -0.2741586 -0.03572864 0.9529623
3.7393 FirstCar -30.39931 0.025 2.97 0 90 0 0 0.7071068 0 0.7071068 10.54757 0
3.7393 SecondCar -62.91105 0.025 2.97 0 90 0 0 0.7071068 0 0.7071068 10.52954 0
3.7396 Head 0 1.6 0.78 345.15 327.8999 0 -0.124191 -0.2741586 -0.03572864 0.9529623
3.7396 FirstCar -30.3957 0.025 2.97 0 90 0 0 0.7071068 0 0.7071068 10.54675 0
3.7396 SecondCar -62.90745 0.025 2.97 0 90 0 0 0.7071068 0 0.7071068 10.52872 0
3.7400 Head 0 1.6 0.78 345.15 327.8999 0 -0.124191 -0.2741586 -0.03572864 0.9529623
3.7400 FirstCar -30.39198 0.025 2.97 0 90 0 0 0.7071068 0 0.7071068 10.54591 0
3.7400 SecondCar -62.90374 0.025 2.97 0 90 0 0 0.7071068 0 0.7071068 10.52788 0
3.7403 Head 0 1.6 0.78 345.15 327.8999 0 -0.124191 -0.2741586 -0.03572864 0.9529623
3.7403 FirstCar -30.38818 0.025 2.97 0 90 0 0 0.7071068 0 0.7071068 10.54504 0
3.7403 SecondCar -62.89994 0.025 2.97 0 90 0 0 0.7071068 0 0.7071068 10.52701 0
3.7407 Head 0 1.6 0.78 345.15 327.8999 0 -0.124191 -0.2741586 -0.03572864 0.9529623
3.7407 FirstCar -30.3844 0.025 2.97 0 90 0 0 0.7071068 0 0.7071068 10.54418 0
3.7407 SecondCar -62.89616 0.025 2.97 0 90 0 0 0.7071068 0 0.7071068 10.52615 0
3.7410 Head 0 1.6 0.78 345.15 327.8999 0 -0.124191 -0.2741586 -0.03572864 0.9529623
3.7410 FirstCar -30.38067 0.025 2.97 0 90 0 0 0.7071068 0 0.7071068 10.54333 0
3.7410 SecondCar -62.89244 0.025 2.97 0 90 0 0 0.7071068 0 0.7071068 10.5253 0
3.7418 Head 0 1.6 0.78 345.15 327.8999 0 -0.124191 -0.2741586 -0.03572864 0.9529623
3.7418 FirstCar -30.37263 0.025 2.97 0 90 0 0 0.7071068 0 0.7071068 10.5415 0
3.7418 SecondCar -62.88442 0.025 2.97 0 90 0 0 0.7071068 0 0.7071068 10.52347 0
3.7422 Head 0 1.6 0.78 345.15 327.8999 0 -0.124191 -0.2741586 -0.03572864 0.9529623
3.7422 FirstCar -30.36843 0.025 2.97 0 90 0 0 0.7071068 0 0.7071068 10.54055 0
3.7422 SecondCar -62.88022 0.025 2.97 0 90 0 0 0.7071068 0 0.7071068 10.52252 0
3.7426 Head 0 1.6 0.78 345.15 327.8999 0 -0.124191 -0.2741586 -0.03572864 0.9529623
3.7426 FirstCar -30.36438 0.025 2.97 0 90 0 0 0.7071068 0 0.7071068 10.53962 0
3.7426 SecondCar -62.87618 0.025 2.97 0 90 0 0 0.7071068 0 0.7071068 10.52159 0
3.7429 Head 0 1.6 0.78 345.15 327.8999 0 -0.124191 -0.2741586 -0.03572864 0.9529623
3.7429 FirstCar -30.36053 0.025 2.97 0 90 0 0 0.7071068 0 0.7071068 10.53875 0
3.7429 SecondCar -62.87234 0.025 2.97 0 90 0 0 0.7071068 0 0.7071068 10.52072 0
3.7433 Head 0 1.6 0.78 345.15 327.8999 0 -0.124191 -0.2741586 -0.03572864 0.9529623
3.7433 FirstCar -30.35639 0.025 2.97 0 90 0 0 0.7071068 0 0.7071068 10.5378 0
3.7433 SecondCar -62.8682 0.025 2.97 0 90 0 0 0.7071068 0 0.7071068 10.51977 0
3.7437 Head 0 1.6 0.78 345.15 327.8999 0 -0.124191 -0.2741586 -0.03572864 0.9529623
3.7437 FirstCar -30.35266 0.025 2.97 0 90 0 0 0.7071068 0 0.7071068 10.53695 0
3.7437 SecondCar -62.86448 0.025 2.97 0 90 0 0 0.7071068 0 0.7071068 10.51892 0
3.7440 Head 0 1.6 0.78 345.15 327.8999 0 -0.124191 -0.2741586 -0.03572864 0.9529623
3.7440 FirstCar -30.3489 0.025 2.97 0 90 0 0 0.7071068 0 0.7071068 10.5361 0
3.7440 SecondCar -62.86073 0.025 2.97 0 90 0 0 0.7071068 0 0.7071068 10.51807 0
3.7444 Head 0 1.6 0.78 345.15 327.8999 0 -0.124191 -0.2741586 -0.03572864 0.9529623
3.7444 FirstCar -30.34518 0.025 2.97 0 90 0 0 0.7071068 0 0.7071068 10.53525 0
3.7444 SecondCar -62.85701 0.025 2.97 0 90 0 0 0.7071068 0 0.7071068 10.51722 0
3.7447 Head 0 1.6 0.78 345.15 327.8999 0 -0.124191 -0.2741586 -0.03572864 0.9529623
3.7447 FirstCar -30.34146 0.025 2.97 0 90 0 0 0.7071068 0 0.7071068 10.5344 0
3.7447 SecondCar -62.8533 0.025 2.97 0 90 0 0 0.7071068 0 0.7071068 10.51637 0
3.7451 Head 0 1.6 0.78 345.15 327.8999 0 -0.124191 -0.2741586 -0.03572864 0.9529623
3.7451 FirstCar -30.33779 0.025 2.97 0 90 0 0 0.7071068 0 0.7071068 10.53357 0
3.7451 SecondCar -62.84963 0.025 2.97 0 90 0 0 0.7071068 0 0.7071068 10.51554 0
3.7455 Head 0 1.6 0.78 345.15 327.8999 0 -0.124191 -0.2741586 -0.03572864 0.9529623
3.7455 FirstCar -30.33353 0.025 2.97 0 90 0 0 0.7071068 0 0.7071068 10.5326 0
3.7455 SecondCar -62.84539 0.025 2.97 0 90 0 0 0.7071068 0 0.7071068 10.51457 0
3.7459 Head 0 1.6 0.78 345.15 327.8999 0 -0.124191 -0.2741586 -0.03572864 0.9529623
3.7459 FirstCar -30.32961 0.025 2.97 0 90 0 0 0.7071068 0 0.7071068 10.5317 0
3.7459 SecondCar -62.84146 0.025 2.97 0 90 0 0 0.7071068 0 0.7071068 10.51367 0
3.7463 Head 0 1.6 0.78 345.15 327.8999 0 -0.124191 -0.2741586 -0.03572864 0.9529623
3.7463 FirstCar -30.32562 0.025 2.97 0 90 0 0 0.7071068 0 0.7071068 10.5308 0
3.7463 SecondCar -62.83749 0.025 2.97 0 90 0 0 0.7071068 0 0.7071068 10.51276 0
3.7466 Head 0 1.6 0.78 345.15 327.8999 0 -0.124191 -0.2741586 -0.03572864 0.9529623
3.7466 FirstCar -30.32148 0.025 2.97 0 90 0 0 0.7071068 0 0.7071068 10.52985 0
3.7466 SecondCar -62.83335 0.025 2.97 0 90 0 0 0.7071068 0 0.7071068 10.51182 0
3.7471 Head 0 1.6 0.78 345.15 327.8999 0 -0.124191 -0.2741586 -0.03572864 0.9529623
3.7471 FirstCar -30.31684 0.025 2.97 0 90 0 0 0.7071068 0 0.7071068 10.52879 0
3.7471 SecondCar -62.82872 0.025 2.97 0 90 0 0 0.7071068 0 0.7071068 10.51076 0
3.7476 Head 0 1.6 0.78 345.15 327.8999 0 -0.124191 -0.2741586 -0.03572864 0.9529623
3.7476 FirstCar -30.31188 0.025 2.97 0 90 0 0 0.7071068 0 0.7071068 10.52766 0
3.7476 SecondCar -62.82377 0.025 2.97 0 90 0 0 0.7071068 0 0.7071068 10.50963 0
3.7480 Head 0 1.6 0.78 345.15 327.8999 0 -0.124191 -0.2741586 -0.03572864 0.9529623
3.7480 FirstCar -30.3068 0.025 2.97 0 90 0 0 0.7071068 0 0.7071068 10.5265 0
3.7480 SecondCar -62.81869 0.025 2.97 0 90 0 0 0.7071068 0 0.7071068 10.50847 0
3.7485 Head 0 1.6 0.78 345.15 327.8999 0 -0.124191 -0.2741586 -0.03572864 0.9529623
3.7485 FirstCar -30.30224 0.025 2.97 0 90 0 0 0.7071068 0 0.7071068 10.52547 0
3.7485 SecondCar -62.81415 0.025 2.97 0 90 0 0 0.7071068 0 0.7071068 10.50743 0
3.7489 Head 0 1.6 0.78 345.15 327.8999 0 -0.124191 -0.2741586 -0.03572864 0.9529623
3.7489 FirstCar -30.29791 0.025 2.97 0 90 0 0 0.7071068 0 0.7071068 10.52448 0
3.7489 SecondCar -62.80982 0.025 2.97 0 90 0 0 0.7071068 0 0.7071068 10.50645 0
3.7493 Head 0 1.6 0.78 345.15 327.8999 0 -0.124191 -0.2741586 -0.03572864 0.9529623
3.7493 FirstCar -30.29381 0.025 2.97 0 90 0 0 0.7071068 0 0.7071068 10.52354 0
3.7493 SecondCar -62.80573 0.025 2.97 0 90 0 0 0.7071068 0 0.7071068 10.50551 0
3.7500 Head 0 1.6 0.78 345.15 327.8999 0 -0.124191 -0.2741586 -0.03572864 0.9529623
3.7500 FirstCar -30.28609 0.025 2.97 0 90 0 0 0.7071068 0 0.7071068 10.52178 0
3.7500 SecondCar -62.79802 0.025 2.97 0 90 0 0 0.7071068 0 0.7071068 10.50375 0
3.7504 Head 0 1.6 0.78 345.15 327.8999 0 -0.124191 -0.2741586 -0.03572864 0.9529623
3.7504 FirstCar -30.28162 0.025 2.97 0 90 0 0 0.7071068 0 0.7071068 10.52076 0
3.7504 SecondCar -62.79356 0.025 2.97 0 90 0 0 0.7071068 0 0.7071068 10.50273 0
3.7511 Head 0 1.6 0.78 345.15 327.8999 0 -0.124191 -0.2741586 -0.03572864 0.9529623
3.7511 FirstCar -30.27435 0.025 2.97 0 90 0 0 0.7071068 0 0.7071068 10.5191 0
3.7511 SecondCar -62.7863 0.025 2.97 0 90 0 0 0.7071068 0 0.7071068 10.50107 0
3.7515 Head 0 1.6 0.78 345.15 327.8999 0 -0.124191 -0.2741586 -0.03572864 0.9529623
3.7515 FirstCar -30.27008 0.025 2.97 0 90 0 0 0.7071068 0 0.7071068 10.51813 0
3.7515 SecondCar -62.78204 0.025 2.97 0 90 0 0 0.7071068 0 0.7071068 10.5001 0
3.7520 Head 0 1.6 0.78 345.15 327.8999 0 -0.124191 -0.2741586 -0.03572864 0.9529623
3.7520 FirstCar -30.26508 0.025 2.97 0 90 0 0 0.7071068 0 0.7071068 10.51699 0
3.7520 SecondCar -62.77705 0.025 2.97 0 90 0 0 0.7071068 0 0.7071068 10.49896 0
3.7525 Head 0 1.6 0.78 345.15 327.8999 0 -0.124191 -0.2741586 -0.03572864 0.9529623
3.7525 FirstCar -30.26022 0.025 2.97 0 90 0 0 0.7071068 0 0.7071068 10.51588 0
3.7525 SecondCar -62.7722 0.025 2.97 0 90 0 0 0.7071068 0 0.7071068 10.49785 0
3.7529 Head 0 1.6 0.78 345.15 327.8999 0 -0.124191 -0.2741586 -0.03572864 0.9529623
3.7529 FirstCar -30.25568 0.025 2.97 0 90 0 0 0.7071068 0 0.7071068 10.51484 0
3.7529 SecondCar -62.76766 0.025 2.97 0 90 0 0 0.7071068 0 0.7071068 10.49681 0
3.7533 Head 0 1.6 0.78 345.15 327.8999 0 -0.124191 -0.2741586 -0.03572864 0.9529623
3.7533 FirstCar -30.25108 0.025 2.97 0 90 0 0 0.7071068 0 0.7071068 10.51379 0
3.7533 SecondCar -62.76307 0.025 2.97 0 90 0 0 0.7071068 0 0.7071068 10.49576 0
3.7537 Head 0 1.6 0.78 345.15 327.8999 0 -0.124191 -0.2741586 -0.03572864 0.9529623
3.7537 FirstCar -30.24719 0.025 2.97 0 90 0 0 0.7071068 0 0.7071068 10.51291 0
3.7537 SecondCar -62.75919 0.025 2.97 0 90 0 0 0.7071068 0 0.7071068 10.49487 0
3.7541 Head 0 1.6 0.78 345.15 327.8999 0 -0.124191 -0.2741586 -0.03572864 0.9529623
3.7541 FirstCar -30.24335 0.025 2.97 0 90 0 0 0.7071068 0 0.7071068 10.51203 0
3.7541 SecondCar -62.75536 0.025 2.97 0 90 0 0 0.7071068 0 0.7071068 10.494 0
3.7545 Head 0 1.6 0.78 345.15 327.8999 0 -0.124191 -0.2741586 -0.03572864 0.9529623
3.7545 FirstCar -30.23939 0.025 2.97 0 90 0 0 0.7071068 0 0.7071068 10.51112 0
3.7545 SecondCar -62.75139 0.025 2.97 0 90 0 0 0.7071068 0 0.7071068 10.49309 0
3.7548 Head 0 1.6 0.78 345.15 327.8999 0 -0.124191 -0.2741586 -0.03572864 0.9529623
3.7548 FirstCar -30.23521 0.025 2.97 0 90 0 0 0.7071068 0 0.7071068 10.51017 0
3.7548 SecondCar -62.74723 0.025 2.97 0 90 0 0 0.7071068 0 0.7071068 10.49214 0
3.7552 Head 0 1.6 0.78 345.15 327.8999 0 -0.124191 -0.2741586 -0.03572864 0.9529623
3.7552 FirstCar -30.23119 0.025 2.97 0 90 0 0 0.7071068 0 0.7071068 10.50925 0
3.7552 SecondCar -62.74321 0.025 2.97 0 90 0 0 0.7071068 0 0.7071068 10.49122 0
3.7556 Head 0 1.6 0.78 345.15 327.8999 0 -0.124191 -0.2741586 -0.03572864 0.9529623
3.7556 FirstCar -30.22722 0.025 2.97 0 90 0 0 0.7071068 0 0.7071068 10.50834 0
3.7556 SecondCar -62.73925 0.025 2.97 0 90 0 0 0.7071068 0 0.7071068 10.49031 0
3.7560 Head 0 1.6 0.78 345.15 327.8999 0 -0.124191 -0.2741586 -0.03572864 0.9529623
3.7560 FirstCar -30.2234 0.025 2.97 0 90 0 0 0.7071068 0 0.7071068 10.50747 0
3.7560 SecondCar -62.73543 0.025 2.97 0 90 0 0 0.7071068 0 0.7071068 10.48944 0
3.7563 Head 0 1.6 0.78 345.15 327.8999 0 -0.124191 -0.2741586 -0.03572864 0.9529623
3.7563 FirstCar -30.21944 0.025 2.97 0 90 0 0 0.7071068 0 0.7071068 10.50657 0
3.7563 SecondCar -62.73148 0.025 2.97 0 90 0 0 0.7071068 0 0.7071068 10.48853 0
3.7567 Head 0 1.6 0.78 345.15 327.8999 0 -0.124191 -0.2741586 -0.03572864 0.9529623
3.7567 FirstCar -30.21543 0.025 2.97 0 90 0 0 0.7071068 0 0.7071068 10.50565 0
3.7567 SecondCar -62.72748 0.025 2.97 0 90 0 0 0.7071068 0 0.7071068 10.48762 0
3.7571 Head 0 1.6 0.78 345.15 327.8999 0 -0.124191 -0.2741586 -0.03572864 0.9529623
3.7571 FirstCar -30.2117 0.025 2.97 0 90 0 0 0.7071068 0 0.7071068 10.5048 0
3.7571 SecondCar -62.72375 0.025 2.97 0 90 0 0 0.7071068 0 0.7071068 10.48677 0
3.7578 Head 0 1.6 0.78 345.15 327.8999 0 -0.124191 -0.2741586 -0.03572864 0.9529623
3.7578 FirstCar -30.20426 0.025 2.97 0 90 0 0 0.7071068 0 0.7071068 10.5031 0
3.7578 SecondCar -62.71633 0.025 2.97 0 90 0 0 0.7071068 0 0.7071068 10.48507 0
3.7582 Head 0 1.6 0.78 345.15 327.8999 0 -0.124191 -0.2741586 -0.03572864 0.9529623
3.7582 FirstCar -30.1999 0.025 2.97 0 90 0 0 0.7071068 0 0.7071068 10.5021 0
3.7582 SecondCar -62.71198 0.025 2.97 0 90 0 0 0.7071068 0 0.7071068 10.48407 0
3.7586 Head 0 1.6 0.78 345.15 327.8999 0 -0.124191 -0.2741586 -0.03572864 0.9529623
3.7586 FirstCar -30.1958 0.025 2.97 0 90 0 0 0.7071068 0 0.7071068 10.50117 0
3.7586 SecondCar -62.70789 0.025 2.97 0 90 0 0 0.7071068 0 0.7071068 10.48314 0
3.7590 Head 0 1.6 0.78 345.15 327.8999 0 -0.124191 -0.2741586 -0.03572864 0.9529623
3.7590 FirstCar -30.19152 0.025 2.97 0 90 0 0 0.7071068 0 0.7071068 10.50019 0
3.7590 SecondCar -62.70361 0.025 2.97 0 90 0 0 0.7071068 0 0.7071068 10.48216 0
3.7594 Head 0 1.6 0.78 345.15 327.8999 0 -0.124191 -0.2741586 -0.03572864 0.9529623
3.7594 FirstCar -30.18747 0.025 2.97 0 90 0 0 0.7071068 0 0.7071068 10.49926 0
3.7594 SecondCar -62.69957 0.025 2.97 0 90 0 0 0.7071068 0 0.7071068 10.48123 0
3.7598 Head 0 1.6 0.78 345.15 327.8999 0 -0.124191 -0.2741586 -0.03572864 0.9529623
3.7598 FirstCar -30.18355 0.025 2.97 0 90 0 0 0.7071068 0 0.7071068 10.49836 0
3.7598 SecondCar -62.69566 0.025 2.97 0 90 0 0 0.7071068 0 0.7071068 10.48033 0
3.7602 Head 0 1.6 0.78 345.15 327.8999 0 -0.124191 -0.2741586 -0.03572864 0.9529623
3.7602 FirstCar -30.17917 0.025 2.97 0 90 0 0 0.7071068 0 0.7071068 10.49736 0
3.7602 SecondCar -62.69128 0.025 2.97 0 90 0 0 0.7071068 0 0.7071068 10.47933 0
3.7606 Head 0 1.6 0.78 345.15 327.8999 0 -0.124191 -0.2741586 -0.03572864 0.9529623
3.7606 FirstCar -30.17518 0.025 2.97 0 90 0 0 0.7071068 0 0.7071068 10.49645 0
3.7606 SecondCar -62.6873 0.025 2.97 0 90 0 0 0.7071068 0 0.7071068 10.47842 0
3.7609 Head 0 1.6 0.78 345.15 327.8999 0 -0.124191 -0.2741586 -0.03572864 0.9529623
3.7609 FirstCar -30.17148 0.025 2.97 0 90 0 0 0.7071068 0 0.7071068 10.4956 0
3.7609 SecondCar -62.6836 0.025 2.97 0 90 0 0 0.7071068 0 0.7071068 10.47757 0
3.7613 Head 0 1.6 0.78 345.15 327.8999 0 -0.124191 -0.2741586 -0.03572864 0.9529623
3.7613 FirstCar -30.16775 0.025 2.97 0 90 0 0 0.7071068 0 0.7071068 10.49475 0
3.7613 SecondCar -62.67988 0.025 2.97 0 90 0 0 0.7071068 0 0.7071068 10.47672 0
3.7616 Head 0 1.6 0.78 345.15 327.8999 0 -0.124191 -0.2741586 -0.03572864 0.9529623
3.7616 FirstCar -30.16389 0.025 2.97 0 90 0 0 0.7071068 0 0.7071068 10.49387 0
3.7616 SecondCar -62.67602 0.025 2.97 0 90 0 0 0.7071068 0 0.7071068 10.47584 0
3.7620 Head 0 1.6 0.78 345.15 327.8999 0 -0.124191 -0.2741586 -0.03572864 0.9529623
3.7620 FirstCar -30.15971 0.025 2.97 0 90 0 0 0.7071068 0 0.7071068 10.49291 0
3.7620 SecondCar -62.67185 0.025 2.97 0 90 0 0 0.7071068 0 0.7071068 10.47488 0
3.7624 Head 0 1.6 0.78 345.15 327.8999 0 -0.124191 -0.2741586 -0.03572864 0.9529623
3.7624 FirstCar -30.15593 0.025 2.97 0 90 0 0 0.7071068 0 0.7071068 10.49205 0
3.7624 SecondCar -62.66808 0.025 2.97 0 90 0 0 0.7071068 0 0.7071068 10.47402 0
3.7628 Head 0 1.6 0.78 345.15 327.8999 0 -0.124191 -0.2741586 -0.03572864 0.9529623
3.7628 FirstCar -30.15202 0.025 2.97 0 90 0 0 0.7071068 0 0.7071068 10.49115 0
3.7628 SecondCar -62.66418 0.025 2.97 0 90 0 0 0.7071068 0 0.7071068 10.47312 0
3.7631 Head 0 1.6 0.78 345.15 327.8999 0 -0.124191 -0.2741586 -0.03572864 0.9529623
3.7631 FirstCar -30.14826 0.025 2.97 0 90 0 0 0.7071068 0 0.7071068 10.49029 0
3.7631 SecondCar -62.66043 0.025 2.97 0 90 0 0 0.7071068 0 0.7071068 10.47226 0
3.7635 Head 0 1.6 0.78 345.15 327.8999 0 -0.124191 -0.2741586 -0.03572864 0.9529623
3.7635 FirstCar -30.14418 0.025 2.97 0 90 0 0 0.7071068 0 0.7071068 10.48936 0
3.7635 SecondCar -62.65635 0.025 2.97 0 90 0 0 0.7071068 0 0.7071068 10.47133 0
3.7639 Head 0 1.6 0.78 345.15 327.8999 0 -0.124191 -0.2741586 -0.03572864 0.9529623
3.7639 FirstCar -30.14044 0.025 2.97 0 90 0 0 0.7071068 0 0.7071068 10.4885 0
3.7639 SecondCar -62.65262 0.025 2.97 0 90 0 0 0.7071068 0 0.7071068 10.47047 0
3.7642 Head 0 1.6 0.78 345.15 327.8999 0 -0.124191 -0.2741586 -0.03572864 0.9529623
3.7642 FirstCar -30.13667 0.025 2.97 0 90 0 0 0.7071068 0 0.7071068 10.48764 0
3.7642 SecondCar -62.64885 0.025 2.97 0 90 0 0 0.7071068 0 0.7071068 10.46961 0
3.7646 Head 0 1.6 0.78 345.15 327.8999 0 -0.124191 -0.2741586 -0.03572864 0.9529623
3.7646 FirstCar -30.1327 0.025 2.97 0 90 0 0 0.7071068 0 0.7071068 10.48673 0
3.7646 SecondCar -62.64489 0.025 2.97 0 90 0 0 0.7071068 0 0.7071068 10.4687 0
3.7650 Head 0 1.6 0.78 345.15 327.8999 0 -0.124191 -0.2741586 -0.03572864 0.9529623
3.7650 FirstCar -30.12895 0.025 2.97 0 90 0 0 0.7071068 0 0.7071068 10.48587 0
3.7650 SecondCar -62.64114 0.025 2.97 0 90 0 0 0.7071068 0 0.7071068 10.46784 0
3.7653 Head 0 1.6 0.78 345.15 327.8999 0 -0.124191 -0.2741586 -0.03572864 0.9529623
3.7653 FirstCar -30.12509 0.025 2.97 0 90 0 0 0.7071068 0 0.7071068 10.48499 0
3.7653 SecondCar -62.63729 0.025 2.97 0 90 0 0 0.7071068 0 0.7071068 10.46696 0
3.7660 Head 0 1.6 0.78 345.15 327.8999 0 -0.124191 -0.2741586 -0.03572864 0.9529623
3.7660 FirstCar -30.11785 0.025 2.97 0 90 0 0 0.7071068 0 0.7071068 10.48333 0
3.7660 SecondCar -62.63006 0.025 2.97 0 90 0 0 0.7071068 0 0.7071068 10.4653 0
3.7665 Head 0 1.6 0.78 345.15 327.8999 0 -0.124191 -0.2741586 -0.03572864 0.9529623
3.7665 FirstCar -30.11338 0.025 2.97 0 90 0 0 0.7071068 0 0.7071068 10.48231 0
3.7665 SecondCar -62.6256 0.025 2.97 0 90 0 0 0.7071068 0 0.7071068 10.46428 0
3.7668 Head 0 1.6 0.78 345.15 327.8999 0 -0.124191 -0.2741586 -0.03572864 0.9529623
3.7668 FirstCar -30.10931 0.025 2.97 0 90 0 0 0.7071068 0 0.7071068 10.48138 0
3.7668 SecondCar -62.62154 0.025 2.97 0 90 0 0 0.7071068 0 0.7071068 10.46335 0
3.7672 Head 0 1.6 0.78 345.15 327.8999 0 -0.124191 -0.2741586 -0.03572864 0.9529623
3.7672 FirstCar -30.10542 0.025 2.97 0 90 0 0 0.7071068 0 0.7071068 10.48049 0
3.7672 SecondCar -62.61766 0.025 2.97 0 90 0 0 0.7071068 0 0.7071068 10.46246 0
3.7676 Head 0 1.6 0.78 345.15 327.8999 0 -0.124191 -0.2741586 -0.03572864 0.9529623
3.7676 FirstCar -30.10153 0.025 2.97 0 90 0 0 0.7071068 0 0.7071068 10.4796 0
3.7676 SecondCar -62.61378 0.025 2.97 0 90 0 0 0.7071068 0 0.7071068 10.46157 0
3.7680 Head 0 1.6 0.78 345.15 327.8999 0 -0.124191 -0.2741586 -0.03572864 0.9529623
3.7680 FirstCar -30.09733 0.025 2.97 0 90 0 0 0.7071068 0 0.7071068 10.47863 0
3.7680 SecondCar -62.60959 0.025 2.97 0 90 0 0 0.7071068 0 0.7071068 10.4606 0
3.7684 Head 0 1.6 0.78 345.15 327.8999 0 -0.124191 -0.2741586 -0.03572864 0.9529623
3.7684 FirstCar -30.09332 0.025 2.97 0 90 0 0 0.7071068 0 0.7071068 10.47772 0
3.7684 SecondCar -62.60559 0.025 2.97 0 90 0 0 0.7071068 0 0.7071068 10.45969 0
3.7688 Head 0 1.6 0.78 345.15 327.8999 0 -0.124191 -0.2741586 -0.03572864 0.9529623
3.7688 FirstCar -30.08919 0.025 2.97 0 90 0 0 0.7071068 0 0.7071068 10.47677 0
3.7688 SecondCar -62.60146 0.025 2.97 0 90 0 0 0.7071068 0 0.7071068 10.45874 0
3.7691 Head 0 1.6 0.78 345.15 327.8999 0 -0.124191 -0.2741586 -0.03572864 0.9529623
3.7691 FirstCar -30.08541 0.025 2.97 0 90 0 0 0.7071068 0 0.7071068 10.4759 0
3.7691 SecondCar -62.59769 0.025 2.97 0 90 0 0 0.7071068 0 0.7071068 10.45787 0
3.7695 Head 0 1.6 0.78 345.15 327.8999 0 -0.124191 -0.2741586 -0.03572864 0.9529623
3.7695 FirstCar -30.08183 0.025 2.97 0 90 0 0 0.7071068 0 0.7071068 10.47508 0
3.7695 SecondCar -62.59412 0.025 2.97 0 90 0 0 0.7071068 0 0.7071068 10.45705 0
3.7698 Head 0 1.6 0.78 345.15 327.8999 0 -0.124191 -0.2741586 -0.03572864 0.9529623
3.7698 FirstCar -30.07817 0.025 2.97 0 90 0 0 0.7071068 0 0.7071068 10.47425 0
3.7698 SecondCar -62.59046 0.025 2.97 0 90 0 0 0.7071068 0 0.7071068 10.45622 0
3.7702 Head 0 1.6 0.78 345.15 327.8999 0 -0.124191 -0.2741586 -0.03572864 0.9529623
3.7702 FirstCar -30.07376 0.025 2.97 0 90 0 0 0.7071068 0 0.7071068 10.47324 0
3.7702 SecondCar -62.58606 0.025 2.97 0 90 0 0 0.7071068 0 0.7071068 10.45521 0
3.7709 Head 0 1.6 0.78 345.15 327.8999 0 -0.124191 -0.2741586 -0.03572864 0.9529623
3.7709 FirstCar -30.06715 0.025 2.97 0 90 0 0 0.7071068 0 0.7071068 10.47172 0
3.7709 SecondCar -62.57946 0.025 2.97 0 90 0 0 0.7071068 0 0.7071068 10.45369 0
3.7712 Head 0 1.6 0.78 345.15 327.8999 0 -0.124191 -0.2741586 -0.03572864 0.9529623
3.7712 FirstCar -30.06316 0.025 2.97 0 90 0 0 0.7071068 0 0.7071068 10.47081 0
3.7712 SecondCar -62.57547 0.025 2.97 0 90 0 0 0.7071068 0 0.7071068 10.45278 0
3.7716 Head 0 1.6 0.78 345.15 327.8999 0 -0.124191 -0.2741586 -0.03572864 0.9529623
3.7716 FirstCar -30.05902 0.025 2.97 0 90 0 0 0.7071068 0 0.7071068 10.46986 0
3.7716 SecondCar -62.57135 0.025 2.97 0 90 0 0 0.7071068 0 0.7071068 10.45183 0
3.7720 Head 0 1.6 0.78 345.15 327.8999 0 -0.124191 -0.2741586 -0.03572864 0.9529623
3.7720 FirstCar -30.05538 0.025 2.97 0 90 0 0 0.7071068 0 0.7071068 10.46902 0
3.7720 SecondCar -62.56771 0.025 2.97 0 90 0 0 0.7071068 0 0.7071068 10.45099 0
3.7724 Head 0 1.6 0.78 345.15 327.8999 0 -0.124191 -0.2741586 -0.03572864 0.9529623
3.7724 FirstCar -30.05063 0.025 2.97 0 90 0 0 0.7071068 0 0.7071068 10.46793 0
3.7724 SecondCar -62.56297 0.025 2.97 0 90 0 0 0.7071068 0 0.7071068 10.4499 0
3.7728 Head 0 1.6 0.78 345.15 327.8999 0 -0.124191 -0.2741586 -0.03572864 0.9529623
3.7728 FirstCar -30.04683 0.025 2.97 0 90 0 0 0.7071068 0 0.7071068 10.46706 0
3.7728 SecondCar -62.55917 0.025 2.97 0 90 0 0 0.7071068 0 0.7071068 10.44903 0
3.7732 Head 0 1.6 0.78 345.15 327.8999 0 -0.124191 -0.2741586 -0.03572864 0.9529623
3.7732 FirstCar -30.04298 0.025 2.97 0 90 0 0 0.7071068 0 0.7071068 10.46618 0
3.7732 SecondCar -62.55533 0.025 2.97 0 90 0 0 0.7071068 0 0.7071068 10.44815 0
3.7739 Head 0 1.6 0.78 345.15 327.8999 0 -0.124191 -0.2741586 -0.03572864 0.9529623
3.7739 FirstCar -30.03586 0.025 2.97 0 90 0 0 0.7071068 0 0.7071068 10.46455 0
3.7739 SecondCar -62.54823 0.025 2.97 0 90 0 0 0.7071068 0 0.7071068 10.44652 0
3.7743 Head 0 1.6 0.78 345.15 327.8999 0 -0.124191 -0.2741586 -0.03572864 0.9529623
3.7743 FirstCar -30.03118 0.025 2.97 0 90 0 0 0.7071068 0 0.7071068 10.46347 0
3.7743 SecondCar -62.54355 0.025 2.97 0 90 0 0 0.7071068 0 0.7071068 10.44544 0
3.7747 Head 0 1.6 0.78 345.15 327.8999 0 -0.124191 -0.2741586 -0.03572864 0.9529623
3.7747 FirstCar -30.02727 0.025 2.97 0 90 0 0 0.7071068 0 0.7071068 10.46258 0
3.7747 SecondCar -62.53965 0.025 2.97 0 90 0 0 0.7071068 0 0.7071068 10.44455 0
3.7751 Head 0 1.6 0.78 345.15 327.8999 0 -0.124191 -0.2741586 -0.03572864 0.9529623
3.7751 FirstCar -30.02298 0.025 2.97 0 90 0 0 0.7071068 0 0.7071068 10.46159 0
3.7751 SecondCar -62.53537 0.025 2.97 0 90 0 0 0.7071068 0 0.7071068 10.44356 0
3.7755 Head 0 1.6 0.78 345.15 327.8999 0 -0.124191 -0.2741586 -0.03572864 0.9529623
3.7755 FirstCar -30.01883 0.025 2.97 0 90 0 0 0.7071068 0 0.7071068 10.46064 0
3.7755 SecondCar -62.53122 0.025 2.97 0 90 0 0 0.7071068 0 0.7071068 10.44261 0
3.7759 Head 0 1.6 0.78 345.15 327.8999 0 -0.124191 -0.2741586 -0.03572864 0.9529623
3.7759 FirstCar -30.01474 0.025 2.97 0 90 0 0 0.7071068 0 0.7071068 10.4597 0
3.7759 SecondCar -62.52714 0.025 2.97 0 90 0 0 0.7071068 0 0.7071068 10.44167 0
3.7762 Head 0 1.6 0.78 345.15 327.8999 0 -0.124191 -0.2741586 -0.03572864 0.9529623
3.7762 FirstCar -30.0109 0.025 2.97 0 90 0 0 0.7071068 0 0.7071068 10.45882 0
3.7762 SecondCar -62.52331 0.025 2.97 0 90 0 0 0.7071068 0 0.7071068 10.44079 0
3.7766 Head 0 1.6 0.78 345.15 327.8999 0 -0.124191 -0.2741586 -0.03572864 0.9529623
3.7766 FirstCar -30.00691 0.025 2.97 0 90 0 0 0.7071068 0 0.7071068 10.4579 0
3.7766 SecondCar -62.51932 0.025 2.97 0 90 0 0 0.7071068 0 0.7071068 10.43987 0
3.7770 Head 0 1.6 0.78 345.15 327.8999 0 -0.124191 -0.2741586 -0.03572864 0.9529623
3.7770 FirstCar -30.00296 0.025 2.97 0 90 0 0 0.7071068 0 0.7071068 10.457 0
3.7770 SecondCar -62.51538 0.025 2.97 0 90 0 0 0.7071068 0 0.7071068 10.43897 0
3.7773 Head 0 1.6 0.78 345.15 327.8999 0 -0.124191 -0.2741586 -0.03572864 0.9529623
3.7773 FirstCar -29.99938 0.025 2.97 0 90 0 0 0.7071068 0 0.7071068 10.45618 0
3.7773 SecondCar -62.51181 0.025 2.97 0 90 0 0 0.7071068 0 0.7071068 10.43815 0
3.7777 Head 0 1.6 0.78 345.15 327.8999 0 -0.124191 -0.2741586 -0.03572864 0.9529623
3.7777 FirstCar -29.99541 0.025 2.97 0 90 0 0 0.7071068 0 0.7071068 10.45527 0
3.7777 SecondCar -62.50785 0.025 2.97 0 90 0 0 0.7071068 0 0.7071068 10.43724 0
3.7781 Head 0 1.6 0.78 345.15 327.8999 0 -0.124191 -0.2741586 -0.03572864 0.9529623
3.7781 FirstCar -29.99154 0.025 2.97 0 90 0 0 0.7071068 0 0.7071068 10.45438 0
3.7781 SecondCar -62.50399 0.025 2.97 0 90 0 0 0.7071068 0 0.7071068 10.43635 0
3.7785 Head 0 1.6 0.78 345.15 327.8999 0 -0.124191 -0.2741586 -0.03572864 0.9529623
3.7785 FirstCar -29.98738 0.025 2.97 0 90 0 0 0.7071068 0 0.7071068 10.45342 0
3.7785 SecondCar -62.49983 0.025 2.97 0 90 0 0 0.7071068 0 0.7071068 10.43539 0
3.7789 Head 0 1.6 0.78 345.15 327.8999 0 -0.124191 -0.2741586 -0.03572864 0.9529623
3.7789 FirstCar -29.98341 0.025 2.97 0 90 0 0 0.7071068 0 0.7071068 10.45251 0
3.7789 SecondCar -62.49586 0.025 2.97 0 90 0 0 0.7071068 0 0.7071068 10.43448 0
3.7792 Head 0 1.6 0.78 345.15 327.8999 0 -0.124191 -0.2741586 -0.03572864 0.9529623
3.7792 FirstCar -29.97963 0.025 2.97 0 90 0 0 0.7071068 0 0.7071068 10.45164 0
3.7792 SecondCar -62.49209 0.025 2.97 0 90 0 0 0.7071068 0 0.7071068 10.43361 0
3.7796 Head 0 1.6 0.78 345.15 327.8999 0 -0.124191 -0.2741586 -0.03572864 0.9529623
3.7796 FirstCar -29.97582 0.025 2.97 0 90 0 0 0.7071068 0 0.7071068 10.45077 0
3.7796 SecondCar -62.48829 0.025 2.97 0 90 0 0 0.7071068 0 0.7071068 10.43274 0
3.7800 Head 0 1.6 0.78 345.15 327.8999 0 -0.124191 -0.2741586 -0.03572864 0.9529623
3.7800 FirstCar -29.97197 0.025 2.97 0 90 0 0 0.7071068 0 0.7071068 10.44988 0
3.7800 SecondCar -62.48445 0.025 2.97 0 90 0 0 0.7071068 0 0.7071068 10.43185 0
3.7804 Head 0 1.6 0.78 345.15 327.8999 0 -0.124191 -0.2741586 -0.03572864 0.9529623
3.7804 FirstCar -29.96783 0.025 2.97 0 90 0 0 0.7071068 0 0.7071068 10.44893 0
3.7804 SecondCar -62.48032 0.025 2.97 0 90 0 0 0.7071068 0 0.7071068 10.4309 0
3.7807 Head 0 1.6 0.78 345.15 327.8999 0 -0.124191 -0.2741586 -0.03572864 0.9529623
3.7807 FirstCar -29.96416 0.025 2.97 0 90 0 0 0.7071068 0 0.7071068 10.44809 0
3.7807 SecondCar -62.47665 0.025 2.97 0 90 0 0 0.7071068 0 0.7071068 10.43006 0
3.7811 Head 0 1.6 0.78 345.15 327.8999 0 -0.124191 -0.2741586 -0.03572864 0.9529623
3.7811 FirstCar -29.96056 0.025 2.97 0 90 0 0 0.7071068 0 0.7071068 10.44726 0
3.7811 SecondCar -62.47306 0.025 2.97 0 90 0 0 0.7071068 0 0.7071068 10.42923 0
3.7818 Head 0 1.6 0.78 345.15 327.8999 0 -0.124191 -0.2741586 -0.03572864 0.9529623
3.7818 FirstCar -29.95263 0.025 2.97 0 90 0 0 0.7071068 0 0.7071068 10.44544 0
3.7818 SecondCar -62.46514 0.025 2.97 0 90 0 0 0.7071068 0 0.7071068 10.42741 0
3.7823 Head 0 1.6 0.78 345.15 327.8999 0 -0.124191 -0.2741586 -0.03572864 0.9529623
3.7823 FirstCar -29.9478 0.025 2.97 0 90 0 0 0.7071068 0 0.7071068 10.44433 0
3.7823 SecondCar -62.46031 0.025 2.97 0 90 0 0 0.7071068 0 0.7071068 10.4263 0
3.7827 Head 0 1.6 0.78 345.15 327.8999 0 -0.124191 -0.2741586 -0.03572864 0.9529623
3.7827 FirstCar -29.94299 0.025 2.97 0 90 0 0 0.7071068 0 0.7071068 10.44323 0
3.7827 SecondCar -62.45552 0.025 2.97 0 90 0 0 0.7071068 0 0.7071068 10.4252 0
3.7832 Head 0 1.6 0.78 345.15 327.8999 0 -0.124191 -0.2741586 -0.03572864 0.9529623
3.7832 FirstCar -29.93867 0.025 2.97 0 90 0 0 0.7071068 0 0.7071068 10.44223 0
3.7832 SecondCar -62.45121 0.025 2.97 0 90 0 0 0.7071068 0 0.7071068 10.4242 0
3.7836 Head 0 1.6 0.78 345.15 327.8999 0 -0.124191 -0.2741586 -0.03572864 0.9529623
3.7836 FirstCar -29.93428 0.025 2.97 0 90 0 0 0.7071068 0 0.7071068 10.44122 0
3.7836 SecondCar -62.44682 0.025 2.97 0 90 0 0 0.7071068 0 0.7071068 10.42319 0
3.7840 Head 0 1.6 0.78 345.15 327.8999 0 -0.124191 -0.2741586 -0.03572864 0.9529623
3.7840 FirstCar -29.93029 0.025 2.97 0 90 0 0 0.7071068 0 0.7071068 10.44031 0
3.7840 SecondCar -62.44284 0.025 2.97 0 90 0 0 0.7071068 0 0.7071068 10.42228 0
3.7843 Head 0 1.6 0.78 345.15 327.8999 0 -0.124191 -0.2741586 -0.03572864 0.9529623
3.7843 FirstCar -29.92635 0.025 2.97 0 90 0 0 0.7071068 0 0.7071068 10.4394 0
3.7843 SecondCar -62.43891 0.025 2.97 0 90 0 0 0.7071068 0 0.7071068 10.42137 0
3.7847 Head 0 1.6 0.78 345.15 327.8999 0 -0.124191 -0.2741586 -0.03572864 0.9529623
3.7847 FirstCar -29.92238 0.025 2.97 0 90 0 0 0.7071068 0 0.7071068 10.43849 0
3.7847 SecondCar -62.43494 0.025 2.97 0 90 0 0 0.7071068 0 0.7071068 10.42046 0
3.7851 Head 0 1.6 0.78 345.15 327.8999 0 -0.124191 -0.2741586 -0.03572864 0.9529623
3.7851 FirstCar -29.91873 0.025 2.97 0 90 0 0 0.7071068 0 0.7071068 10.43765 0
3.7851 SecondCar -62.4313 0.025 2.97 0 90 0 0 0.7071068 0 0.7071068 10.41962 0
3.7854 Head 0 1.6 0.78 345.15 327.8999 0 -0.124191 -0.2741586 -0.03572864 0.9529623
3.7854 FirstCar -29.91495 0.025 2.97 0 90 0 0 0.7071068 0 0.7071068 10.43678 0
3.7854 SecondCar -62.42753 0.025 2.97 0 90 0 0 0.7071068 0 0.7071068 10.41875 0
3.7858 Head 0 1.6 0.78 345.15 327.8999 0 -0.124191 -0.2741586 -0.03572864 0.9529623
3.7858 FirstCar -29.91084 0.025 2.97 0 90 0 0 0.7071068 0 0.7071068 10.43583 0
3.7858 SecondCar -62.42342 0.025 2.97 0 90 0 0 0.7071068 0 0.7071068 10.4178 0
3.7862 Head 0 1.6 0.78 345.15 327.8999 0 -0.124191 -0.2741586 -0.03572864 0.9529623
3.7862 FirstCar -29.90687 0.025 2.97 0 90 0 0 0.7071068 0 0.7071068 10.43492 0
3.7862 SecondCar -62.41946 0.025 2.97 0 90 0 0 0.7071068 0 0.7071068 10.41689 0
3.7866 Head 0 1.6 0.78 345.15 327.8999 0 -0.124191 -0.2741586 -0.03572864 0.9529623
3.7866 FirstCar -29.90319 0.025 2.97 0 90 0 0 0.7071068 0 0.7071068 10.43407 0
3.7866 SecondCar -62.41578 0.025 2.97 0 90 0 0 0.7071068 0 0.7071068 10.41604 0
3.7869 Head 0 1.6 0.78 345.15 327.8999 0 -0.124191 -0.2741586 -0.03572864 0.9529623
3.7869 FirstCar -29.89945 0.025 2.97 0 90 0 0 0.7071068 0 0.7071068 10.43321 0
3.7869 SecondCar -62.41205 0.025 2.97 0 90 0 0 0.7071068 0 0.7071068 10.41518 0
3.7873 Head 0 1.6 0.78 345.15 327.8999 0 -0.124191 -0.2741586 -0.03572864 0.9529623
3.7873 FirstCar -29.89559 0.025 2.97 0 90 0 0 0.7071068 0 0.7071068 10.43233 0
3.7873 SecondCar -62.4082 0.025 2.97 0 90 0 0 0.7071068 0 0.7071068 10.4143 0
3.7877 Head 0 1.6 0.78 345.15 327.8999 0 -0.124191 -0.2741586 -0.03572864 0.9529623
3.7877 FirstCar -29.89095 0.025 2.97 0 90 0 0 0.7071068 0 0.7071068 10.43126 0
3.7877 SecondCar -62.40356 0.025 2.97 0 90 0 0 0.7071068 0 0.7071068 10.41323 0
3.7881 Head 0 1.6 0.78 345.15 327.8999 0 -0.124191 -0.2741586 -0.03572864 0.9529623
3.7881 FirstCar -29.88674 0.025 2.97 0 90 0 0 0.7071068 0 0.7071068 10.43029 0
3.7881 SecondCar -62.39936 0.025 2.97 0 90 0 0 0.7071068 0 0.7071068 10.41226 0
3.7885 Head 0 1.6 0.78 345.15 327.8999 0 -0.124191 -0.2741586 -0.03572864 0.9529623
3.7885 FirstCar -29.88285 0.025 2.97 0 90 0 0 0.7071068 0 0.7071068 10.42939 0
3.7885 SecondCar -62.39547 0.025 2.97 0 90 0 0 0.7071068 0 0.7071068 10.41136 0
3.7889 Head 0 1.6 0.78 345.15 327.8999 0 -0.124191 -0.2741586 -0.03572864 0.9529623
3.7889 FirstCar -29.87918 0.025 2.97 0 90 0 0 0.7071068 0 0.7071068 10.42855 0
3.7889 SecondCar -62.39181 0.025 2.97 0 90 0 0 0.7071068 0 0.7071068 10.41052 0
3.7892 Head 0 1.6 0.78 345.15 327.8999 0 -0.124191 -0.2741586 -0.03572864 0.9529623
3.7892 FirstCar -29.87541 0.025 2.97 0 90 0 0 0.7071068 0 0.7071068 10.42768 0
3.7892 SecondCar -62.38804 0.025 2.97 0 90 0 0 0.7071068 0 0.7071068 10.40965 0
3.7899 Head 0 1.6 0.78 345.15 327.8999 0 -0.124191 -0.2741586 -0.03572864 0.9529623
3.7899 FirstCar -29.86799 0.025 2.97 0 90 0 0 0.7071068 0 0.7071068 10.42597 0
3.7899 SecondCar -62.38064 0.025 2.97 0 90 0 0 0.7071068 0 0.7071068 10.40794 0
3.7904 Head 0 1.6 0.78 345.15 327.8999 0 -0.124191 -0.2741586 -0.03572864 0.9529623
3.7904 FirstCar -29.86355 0.025 2.97 0 90 0 0 0.7071068 0 0.7071068 10.42495 0
3.7904 SecondCar -62.3762 0.025 2.97 0 90 0 0 0.7071068 0 0.7071068 10.40692 0
3.7910 Head 0 1.6 0.78 345.15 327.8999 0 -0.124191 -0.2741586 -0.03572864 0.9529623
3.7910 FirstCar -29.85641 0.025 2.97 0 90 0 0 0.7071068 0 0.7071068 10.42331 0
3.7910 SecondCar -62.36907 0.025 2.97 0 90 0 0 0.7071068 0 0.7071068 10.40528 0
3.7915 Head 0 1.6 0.78 345.15 327.8999 0 -0.124191 -0.2741586 -0.03572864 0.9529623
3.7915 FirstCar -29.85206 0.025 2.97 0 90 0 0 0.7071068 0 0.7071068 10.42231 0
3.7915 SecondCar -62.36473 0.025 2.97 0 90 0 0 0.7071068 0 0.7071068 10.40427 0
3.7919 Head 0 1.6 0.78 345.15 327.8999 0 -0.124191 -0.2741586 -0.03572864 0.9529623
3.7919 FirstCar -29.84768 0.025 2.97 0 90 0 0 0.7071068 0 0.7071068 10.4213 0
3.7919 SecondCar -62.36036 0.025 2.97 0 90 0 0 0.7071068 0 0.7071068 10.40327 0
3.7923 Head 0 1.6 0.78 345.15 327.8999 0 -0.124191 -0.2741586 -0.03572864 0.9529623
3.7923 FirstCar -29.84354 0.025 2.97 0 90 0 0 0.7071068 0 0.7071068 10.42034 0
3.7923 SecondCar -62.35622 0.025 2.97 0 90 0 0 0.7071068 0 0.7071068 10.40231 0
3.7927 Head 0 1.6 0.78 345.15 327.8999 0 -0.124191 -0.2741586 -0.03572864 0.9529623
3.7927 FirstCar -29.83905 0.025 2.97 0 90 0 0 0.7071068 0 0.7071068 10.41931 0
3.7927 SecondCar -62.35174 0.025 2.97 0 90 0 0 0.7071068 0 0.7071068 10.40128 0
3.7932 Head 0 1.6 0.78 345.15 327.8999 0 -0.124191 -0.2741586 -0.03572864 0.9529623
3.7932 FirstCar -29.83412 0.025 2.97 0 90 0 0 0.7071068 0 0.7071068 10.41817 0
3.7932 SecondCar -62.34682 0.025 2.97 0 90 0 0 0.7071068 0 0.7071068 10.40014 0
3.7936 Head 0 1.6 0.78 345.15 327.8999 0 -0.124191 -0.2741586 -0.03572864 0.9529623
3.7936 FirstCar -29.83026 0.025 2.97 0 90 0 0 0.7071068 0 0.7071068 10.41728 0
3.7936 SecondCar -62.34296 0.025 2.97 0 90 0 0 0.7071068 0 0.7071068 10.39925 0
3.7939 Head 0 1.6 0.78 345.15 327.8999 0 -0.124191 -0.2741586 -0.03572864 0.9529623
3.7939 FirstCar -29.82649 0.025 2.97 0 90 0 0 0.7071068 0 0.7071068 10.41642 0
3.7939 SecondCar -62.3392 0.025 2.97 0 90 0 0 0.7071068 0 0.7071068 10.39839 0
3.7943 Head 0 1.6 0.78 345.15 327.8999 0 -0.124191 -0.2741586 -0.03572864 0.9529623
3.7943 FirstCar -29.82259 0.025 2.97 0 90 0 0 0.7071068 0 0.7071068 10.41552 0
3.7943 SecondCar -62.33531 0.025 2.97 0 90 0 0 0.7071068 0 0.7071068 10.39749 0
3.7946 Head 0 1.6 0.78 345.15 327.8999 0 -0.124191 -0.2741586 -0.03572864 0.9529623
3.7946 FirstCar -29.81893 0.025 2.97 0 90 0 0 0.7071068 0 0.7071068 10.41467 0
3.7946 SecondCar -62.33165 0.025 2.97 0 90 0 0 0.7071068 0 0.7071068 10.39664 0
3.7950 Head 0 1.6 0.78 345.15 327.8999 0 -0.124191 -0.2741586 -0.03572864 0.9529623
3.7950 FirstCar -29.81534 0.025 2.97 0 90 0 0 0.7071068 0 0.7071068 10.41385 0
3.7950 SecondCar -62.32807 0.025 2.97 0 90 0 0 0.7071068 0 0.7071068 10.39582 0
3.7953 Head 0 1.6 0.78 345.15 327.8999 0 -0.124191 -0.2741586 -0.03572864 0.9529623
3.7953 FirstCar -29.81155 0.025 2.97 0 90 0 0 0.7071068 0 0.7071068 10.41297 0
3.7953 SecondCar -62.32429 0.025 2.97 0 90 0 0 0.7071068 0 0.7071068 10.39494 0
3.7957 Head 0 1.6 0.78 345.15 327.8999 0 -0.124191 -0.2741586 -0.03572864 0.9529623
3.7957 FirstCar -29.80803 0.025 2.97 0 90 0 0 0.7071068 0 0.7071068 10.41216 0
3.7957 SecondCar -62.32077 0.025 2.97 0 90 0 0 0.7071068 0 0.7071068 10.39413 0
3.7960 Head 0 1.6 0.78 345.15 327.8999 0 -0.124191 -0.2741586 -0.03572864 0.9529623
3.7960 FirstCar -29.80438 0.025 2.97 0 90 0 0 0.7071068 0 0.7071068 10.41132 0
3.7960 SecondCar -62.31713 0.025 2.97 0 90 0 0 0.7071068 0 0.7071068 10.39329 0
3.7964 Head 0 1.6 0.78 345.15 327.8999 0 -0.124191 -0.2741586 -0.03572864 0.9529623
3.7964 FirstCar -29.80063 0.025 2.97 0 90 0 0 0.7071068 0 0.7071068 10.41046 0
3.7964 SecondCar -62.31338 0.025 2.97 0 90 0 0 0.7071068 0 0.7071068 10.39243 0
3.7968 Head 0 1.6 0.78 345.15 327.8999 0 -0.124191 -0.2741586 -0.03572864 0.9529623
3.7968 FirstCar -29.79614 0.025 2.97 0 90 0 0 0.7071068 0 0.7071068 10.40942 0
3.7968 SecondCar -62.3089 0.025 2.97 0 90 0 0 0.7071068 0 0.7071068 10.39139 0
3.7972 Head 0 1.6 0.78 345.15 327.8999 0 -0.124191 -0.2741586 -0.03572864 0.9529623
3.7972 FirstCar -29.79243 0.025 2.97 0 90 0 0 0.7071068 0 0.7071068 10.40856 0
3.7972 SecondCar -62.30519 0.025 2.97 0 90 0 0 0.7071068 0 0.7071068 10.39053 0
3.7979 Head 0 1.6 0.78 345.15 327.8999 0 -0.124191 -0.2741586 -0.03572864 0.9529623
3.7979 FirstCar -29.785 0.025 2.97 0 90 0 0 0.7071068 0 0.7071068 10.40685 0
3.7979 SecondCar -62.29778 0.025 2.97 0 90 0 0 0.7071068 0 0.7071068 10.38882 0
3.7983 Head 0 1.6 0.78 345.15 327.8999 0 -0.124191 -0.2741586 -0.03572864 0.9529623
3.7983 FirstCar -29.7808 0.025 2.97 0 90 0 0 0.7071068 0 0.7071068 10.40588 0
3.7983 SecondCar -62.29359 0.025 2.97 0 90 0 0 0.7071068 0 0.7071068 10.38785 0
3.7987 Head 0 1.6 0.78 345.15 327.8999 0 -0.124191 -0.2741586 -0.03572864 0.9529623
3.7987 FirstCar -29.77654 0.025 2.97 0 90 0 0 0.7071068 0 0.7071068 10.4049 0
3.7987 SecondCar -62.28934 0.025 2.97 0 90 0 0 0.7071068 0 0.7071068 10.38687 0
3.7991 Head 0 1.6 0.78 345.15 327.8999 0 -0.124191 -0.2741586 -0.03572864 0.9529623
3.7991 FirstCar -29.7727 0.025 2.97 0 90 0 0 0.7071068 0 0.7071068 10.40402 0
3.7991 SecondCar -62.28551 0.025 2.97 0 90 0 0 0.7071068 0 0.7071068 10.38599 0
3.7995 Head 0 1.6 0.78 345.15 327.8999 0 -0.124191 -0.2741586 -0.03572864 0.9529623
3.7995 FirstCar -29.76858 0.025 2.97 0 90 0 0 0.7071068 0 0.7071068 10.40306 0
3.7995 SecondCar -62.28139 0.025 2.97 0 90 0 0 0.7071068 0 0.7071068 10.38503 0
3.7999 Head 0 1.6 0.78 345.15 327.8999 0 -0.124191 -0.2741586 -0.03572864 0.9529623
3.7999 FirstCar -29.76455 0.025 2.97 0 90 0 0 0.7071068 0 0.7071068 10.40213 0
3.7999 SecondCar -62.27737 0.025 2.97 0 90 0 0 0.7071068 0 0.7071068 10.3841 0
3.8002 Head 0 1.6 0.78 345.15 327.8999 0 -0.124191 -0.2741586 -0.03572864 0.9529623
3.8002 FirstCar -29.76076 0.025 2.97 0 90 0 0 0.7071068 0 0.7071068 10.40126 0
3.8002 SecondCar -62.27358 0.025 2.97 0 90 0 0 0.7071068 0 0.7071068 10.38323 0
3.8006 Head 0 1.6 0.78 345.15 327.8999 0 -0.124191 -0.2741586 -0.03572864 0.9529623
3.8006 FirstCar -29.75667 0.025 2.97 0 90 0 0 0.7071068 0 0.7071068 10.40032 0
3.8006 SecondCar -62.2695 0.025 2.97 0 90 0 0 0.7071068 0 0.7071068 10.38229 0
3.8010 Head 0 1.6 0.78 345.15 327.8999 0 -0.124191 -0.2741586 -0.03572864 0.9529623
3.8010 FirstCar -29.75293 0.025 2.97 0 90 0 0 0.7071068 0 0.7071068 10.39946 0
3.8010 SecondCar -62.26577 0.025 2.97 0 90 0 0 0.7071068 0 0.7071068 10.38142 0
3.8013 Head 0 1.6 0.78 345.15 327.8999 0 -0.124191 -0.2741586 -0.03572864 0.9529623
3.8013 FirstCar -29.74925 0.025 2.97 0 90 0 0 0.7071068 0 0.7071068 10.3986 0
3.8013 SecondCar -62.26209 0.025 2.97 0 90 0 0 0.7071068 0 0.7071068 10.38057 0
3.8017 Head 0 1.6 0.78 345.15 327.8999 0 -0.124191 -0.2741586 -0.03572864 0.9529623
3.8017 FirstCar -29.74515 0.025 2.97 0 90 0 0 0.7071068 0 0.7071068 10.39766 0
3.8017 SecondCar -62.258 0.025 2.97 0 90 0 0 0.7071068 0 0.7071068 10.37963 0
3.8021 Head 0 1.6 0.78 345.15 327.8999 0 -0.124191 -0.2741586 -0.03572864 0.9529623
3.8021 FirstCar -29.74146 0.025 2.97 0 90 0 0 0.7071068 0 0.7071068 10.39681 0
3.8021 SecondCar -62.25431 0.025 2.97 0 90 0 0 0.7071068 0 0.7071068 10.37878 0
3.8024 Head 0 1.6 0.78 345.15 327.8999 0 -0.124191 -0.2741586 -0.03572864 0.9529623
3.8024 FirstCar -29.73795 0.025 2.97 0 90 0 0 0.7071068 0 0.7071068 10.396 0
3.8024 SecondCar -62.25081 0.025 2.97 0 90 0 0 0.7071068 0 0.7071068 10.37796 0
3.8028 Head 0 1.6 0.78 345.15 327.8999 0 -0.124191 -0.2741586 -0.03572864 0.9529623
3.8028 FirstCar -29.73431 0.025 2.97 0 90 0 0 0.7071068 0 0.7071068 10.39515 0
3.8028 SecondCar -62.24718 0.025 2.97 0 90 0 0 0.7071068 0 0.7071068 10.37712 0
3.8031 Head 0 1.6 0.78 345.15 327.8999 0 -0.124191 -0.2741586 -0.03572864 0.9529623
3.8031 FirstCar -29.73063 0.025 2.97 0 90 0 0 0.7071068 0 0.7071068 10.39431 0
3.8031 SecondCar -62.2435 0.025 2.97 0 90 0 0 0.7071068 0 0.7071068 10.37628 0
3.8035 Head 0 1.6 0.78 345.15 327.8999 0 -0.124191 -0.2741586 -0.03572864 0.9529623
3.8035 FirstCar -29.72669 0.025 2.97 0 90 0 0 0.7071068 0 0.7071068 10.3934 0
3.8035 SecondCar -62.23958 0.025 2.97 0 90 0 0 0.7071068 0 0.7071068 10.37537 0
3.8039 Head 0 1.6 0.78 345.15 327.8999 0 -0.124191 -0.2741586 -0.03572864 0.9529623
3.8039 FirstCar -29.723 0.025 2.97 0 90 0 0 0.7071068 0 0.7071068 10.39254 0
3.8039 SecondCar -62.23589 0.025 2.97 0 90 0 0 0.7071068 0 0.7071068 10.37451 0
3.8042 Head 0 1.6 0.78 345.15 327.8999 0 -0.124191 -0.2741586 -0.03572864 0.9529623
3.8042 FirstCar -29.71937 0.025 2.97 0 90 0 0 0.7071068 0 0.7071068 10.39171 0
3.8042 SecondCar -62.23227 0.025 2.97 0 90 0 0 0.7071068 0 0.7071068 10.37368 0
3.8046 Head 0 1.6 0.78 345.15 327.8999 0 -0.124191 -0.2741586 -0.03572864 0.9529623
3.8046 FirstCar -29.71571 0.025 2.97 0 90 0 0 0.7071068 0 0.7071068 10.39086 0
3.8046 SecondCar -62.22861 0.025 2.97 0 90 0 0 0.7071068 0 0.7071068 10.37283 0
3.8050 Head 0 1.6 0.78 345.15 327.8999 0 -0.124191 -0.2741586 -0.03572864 0.9529623
3.8050 FirstCar -29.71163 0.025 2.97 0 90 0 0 0.7071068 0 0.7071068 10.38992 0
3.8050 SecondCar -62.22454 0.025 2.97 0 90 0 0 0.7071068 0 0.7071068 10.37189 0
3.8053 Head 0 1.6 0.78 345.15 327.8999 0 -0.124191 -0.2741586 -0.03572864 0.9529623
3.8053 FirstCar -29.70797 0.025 2.97 0 90 0 0 0.7071068 0 0.7071068 10.38907 0
3.8053 SecondCar -62.22089 0.025 2.97 0 90 0 0 0.7071068 0 0.7071068 10.37104 0
3.8060 Head 0 1.6 0.78 345.15 327.8999 0 -0.124191 -0.2741586 -0.03572864 0.9529623
3.8060 FirstCar -29.70055 0.025 2.97 0 90 0 0 0.7071068 0 0.7071068 10.38736 0
3.8060 SecondCar -62.21348 0.025 2.97 0 90 0 0 0.7071068 0 0.7071068 10.36933 0
3.8065 Head 0 1.6 0.78 345.15 327.8999 0 -0.124191 -0.2741586 -0.03572864 0.9529623
3.8065 FirstCar -29.69585 0.025 2.97 0 90 0 0 0.7071068 0 0.7071068 10.38627 0
3.8065 SecondCar -62.20879 0.025 2.97 0 90 0 0 0.7071068 0 0.7071068 10.36824 0
3.8069 Head 0 1.6 0.78 345.15 327.8999 0 -0.124191 -0.2741586 -0.03572864 0.9529623
3.8069 FirstCar -29.69179 0.025 2.97 0 90 0 0 0.7071068 0 0.7071068 10.38533 0
3.8069 SecondCar -62.20474 0.025 2.97 0 90 0 0 0.7071068 0 0.7071068 10.3673 0
3.8073 Head 0 1.6 0.78 345.15 327.8999 0 -0.124191 -0.2741586 -0.03572864 0.9529623
3.8073 FirstCar -29.68774 0.025 2.97 0 90 0 0 0.7071068 0 0.7071068 10.3844 0
3.8073 SecondCar -62.20069 0.025 2.97 0 90 0 0 0.7071068 0 0.7071068 10.36637 0
3.8076 Head 0 1.6 0.78 345.15 327.8999 0 -0.124191 -0.2741586 -0.03572864 0.9529623
3.8076 FirstCar -29.6837 0.025 2.97 0 90 0 0 0.7071068 0 0.7071068 10.38346 0
3.8076 SecondCar -62.19666 0.025 2.97 0 90 0 0 0.7071068 0 0.7071068 10.36543 0
3.8080 Head 0 1.6 0.78 345.15 327.8999 0 -0.124191 -0.2741586 -0.03572864 0.9529623
3.8080 FirstCar -29.67948 0.025 2.97 0 90 0 0 0.7071068 0 0.7071068 10.38249 0
3.8080 SecondCar -62.19245 0.025 2.97 0 90 0 0 0.7071068 0 0.7071068 10.36446 0
3.8084 Head 0 1.6 0.78 345.15 327.8999 0 -0.124191 -0.2741586 -0.03572864 0.9529623
3.8084 FirstCar -29.6757 0.025 2.97 0 90 0 0 0.7071068 0 0.7071068 10.38161 0
3.8084 SecondCar -62.18867 0.025 2.97 0 90 0 0 0.7071068 0 0.7071068 10.36358 0
3.8088 Head 0 1.6 0.78 345.15 327.8999 0 -0.124191 -0.2741586 -0.03572864 0.9529623
3.8088 FirstCar -29.67172 0.025 2.97 0 90 0 0 0.7071068 0 0.7071068 10.38069 0
3.8088 SecondCar -62.1847 0.025 2.97 0 90 0 0 0.7071068 0 0.7071068 10.36266 0
3.8092 Head 0 1.6 0.78 345.15 327.8999 0 -0.124191 -0.2741586 -0.03572864 0.9529623
3.8092 FirstCar -29.66773 0.025 2.97 0 90 0 0 0.7071068 0 0.7071068 10.37977 0
3.8092 SecondCar -62.18072 0.025 2.97 0 90 0 0 0.7071068 0 0.7071068 10.36174 0
3.8095 Head 0 1.6 0.78 345.15 327.8999 0 -0.124191 -0.2741586 -0.03572864 0.9529623
3.8095 FirstCar -29.66407 0.025 2.97 0 90 0 0 0.7071068 0 0.7071068 10.37892 0
3.8095 SecondCar -62.17706 0.025 2.97 0 90 0 0 0.7071068 0 0.7071068 10.36089 0
3.8099 Head 0 1.6 0.78 345.15 327.8999 0 -0.124191 -0.2741586 -0.03572864 0.9529623
3.8099 FirstCar -29.66021 0.025 2.97 0 90 0 0 0.7071068 0 0.7071068 10.37803 0
3.8099 SecondCar -62.17321 0.025 2.97 0 90 0 0 0.7071068 0 0.7071068 10.36 0
3.8103 Head 0 1.6 0.78 345.15 327.8999 0 -0.124191 -0.2741586 -0.03572864 0.9529623
3.8103 FirstCar -29.65584 0.025 2.97 0 90 0 0 0.7071068 0 0.7071068 10.37702 0
3.8103 SecondCar -62.16885 0.025 2.97 0 90 0 0 0.7071068 0 0.7071068 10.35899 0
3.8110 Head 0 1.6 0.78 345.15 327.8999 0 -0.124191 -0.2741586 -0.03572864 0.9529623
3.8110 FirstCar -29.64883 0.025 2.97 0 90 0 0 0.7071068 0 0.7071068 10.3754 0
3.8110 SecondCar -62.16185 0.025 2.97 0 90 0 0 0.7071068 0 0.7071068 10.35737 0
3.8115 Head 0 1.6 0.78 345.15 327.8999 0 -0.124191 -0.2741586 -0.03572864 0.9529623
3.8115 FirstCar -29.64413 0.025 2.97 0 90 0 0 0.7071068 0 0.7071068 10.37431 0
3.8115 SecondCar -62.15717 0.025 2.97 0 90 0 0 0.7071068 0 0.7071068 10.35628 0
3.8119 Head 0 1.6 0.78 345.15 327.8999 0 -0.124191 -0.2741586 -0.03572864 0.9529623
3.8119 FirstCar -29.63917 0.025 2.97 0 90 0 0 0.7071068 0 0.7071068 10.37317 0
3.8119 SecondCar -62.15222 0.025 2.97 0 90 0 0 0.7071068 0 0.7071068 10.35514 0
3.8124 Head 0 1.6 0.78 345.15 327.8999 0 -0.124191 -0.2741586 -0.03572864 0.9529623
3.8124 FirstCar -29.63405 0.025 2.97 0 90 0 0 0.7071068 0 0.7071068 10.37198 0
3.8124 SecondCar -62.14711 0.025 2.97 0 90 0 0 0.7071068 0 0.7071068 10.35395 0
3.8128 Head 0 1.6 0.78 345.15 327.8999 0 -0.124191 -0.2741586 -0.03572864 0.9529623
3.8128 FirstCar -29.62991 0.025 2.97 0 90 0 0 0.7071068 0 0.7071068 10.37102 0
3.8128 SecondCar -62.14297 0.025 2.97 0 90 0 0 0.7071068 0 0.7071068 10.35299 0
3.8132 Head 0 1.6 0.78 345.15 327.8999 0 -0.124191 -0.2741586 -0.03572864 0.9529623
3.8132 FirstCar -29.62587 0.025 2.97 0 90 0 0 0.7071068 0 0.7071068 10.37009 0
3.8132 SecondCar -62.13894 0.025 2.97 0 90 0 0 0.7071068 0 0.7071068 10.35206 0
3.8141 Head 0 1.6 0.78 345.15 327.8999 0 -0.124191 -0.2741586 -0.03572864 0.9529623
3.8141 FirstCar -29.61662 0.025 2.97 0 90 0 0 0.7071068 0 0.7071068 10.36795 0
3.8141 SecondCar -62.12971 0.025 2.97 0 90 0 0 0.7071068 0 0.7071068 10.34992 0
3.8146 Head 0 1.6 0.78 345.15 327.8999 0 -0.124191 -0.2741586 -0.03572864 0.9529623
3.8146 FirstCar -29.61175 0.025 2.97 0 90 0 0 0.7071068 0 0.7071068 10.36682 0
3.8146 SecondCar -62.12484 0.025 2.97 0 90 0 0 0.7071068 0 0.7071068 10.34879 0
3.8150 Head 0 1.6 0.78 345.15 327.8999 0 -0.124191 -0.2741586 -0.03572864 0.9529623
3.8150 FirstCar -29.60695 0.025 2.97 0 90 0 0 0.7071068 0 0.7071068 10.36571 0
3.8150 SecondCar -62.12005 0.025 2.97 0 90 0 0 0.7071068 0 0.7071068 10.34768 0
3.8156 Head 0 1.6 0.78 345.15 327.8999 0 -0.124191 -0.2741586 -0.03572864 0.9529623
3.8156 FirstCar -29.6014 0.025 2.97 0 90 0 0 0.7071068 0 0.7071068 10.36442 0
3.8156 SecondCar -62.11451 0.025 2.97 0 90 0 0 0.7071068 0 0.7071068 10.34639 0
3.8160 Head 0 1.6 0.78 345.15 327.8999 0 -0.124191 -0.2741586 -0.03572864 0.9529623
3.8160 FirstCar -29.59655 0.025 2.97 0 90 0 0 0.7071068 0 0.7071068 10.3633 0
3.8160 SecondCar -62.10967 0.025 2.97 0 90 0 0 0.7071068 0 0.7071068 10.34527 0
3.8165 Head 0 1.6 0.78 345.15 327.8999 0 -0.124191 -0.2741586 -0.03572864 0.9529623
3.8165 FirstCar -29.5923 0.025 2.97 0 90 0 0 0.7071068 0 0.7071068 10.36231 0
3.8165 SecondCar -62.10543 0.025 2.97 0 90 0 0 0.7071068 0 0.7071068 10.34428 0
3.8169 Head 0 1.6 0.78 345.15 327.8999 0 -0.124191 -0.2741586 -0.03572864 0.9529623
3.8169 FirstCar -29.58792 0.025 2.97 0 90 0 0 0.7071068 0 0.7071068 10.3613 0
3.8169 SecondCar -62.10106 0.025 2.97 0 90 0 0 0.7071068 0 0.7071068 10.34327 0
3.8173 Head 0 1.6 0.78 345.15 327.8999 0 -0.124191 -0.2741586 -0.03572864 0.9529623
3.8173 FirstCar -29.58382 0.025 2.97 0 90 0 0 0.7071068 0 0.7071068 10.36035 0
3.8173 SecondCar -62.09696 0.025 2.97 0 90 0 0 0.7071068 0 0.7071068 10.34232 0
3.8177 Head 0 1.6 0.78 345.15 327.8999 0 -0.124191 -0.2741586 -0.03572864 0.9529623
3.8177 FirstCar -29.57955 0.025 2.97 0 90 0 0 0.7071068 0 0.7071068 10.35936 0
3.8177 SecondCar -62.0927 0.025 2.97 0 90 0 0 0.7071068 0 0.7071068 10.34133 0
3.8180 Head 0 1.6 0.78 345.15 327.8999 0 -0.124191 -0.2741586 -0.03572864 0.9529623
3.8180 FirstCar -29.57583 0.025 2.97 0 90 0 0 0.7071068 0 0.7071068 10.3585 0
3.8180 SecondCar -62.08899 0.025 2.97 0 90 0 0 0.7071068 0 0.7071068 10.34047 0
3.8184 Head 0 1.6 0.78 345.15 327.8999 0 -0.124191 -0.2741586 -0.03572864 0.9529623
3.8184 FirstCar -29.57182 0.025 2.97 0 90 0 0 0.7071068 0 0.7071068 10.35757 0
3.8184 SecondCar -62.08498 0.025 2.97 0 90 0 0 0.7071068 0 0.7071068 10.33954 0
3.8188 Head 0 1.6 0.78 345.15 327.8999 0 -0.124191 -0.2741586 -0.03572864 0.9529623
3.8188 FirstCar -29.56802 0.025 2.97 0 90 0 0 0.7071068 0 0.7071068 10.35669 0
3.8188 SecondCar -62.0812 0.025 2.97 0 90 0 0 0.7071068 0 0.7071068 10.33866 0
3.8192 Head 0 1.6 0.78 345.15 327.8999 0 -0.124191 -0.2741586 -0.03572864 0.9529623
3.8192 FirstCar -29.5641 0.025 2.97 0 90 0 0 0.7071068 0 0.7071068 10.35578 0
3.8192 SecondCar -62.07728 0.025 2.97 0 90 0 0 0.7071068 0 0.7071068 10.33775 0
3.8195 Head 0 1.6 0.78 345.15 327.8999 0 -0.124191 -0.2741586 -0.03572864 0.9529623
3.8195 FirstCar -29.56035 0.025 2.97 0 90 0 0 0.7071068 0 0.7071068 10.35491 0
3.8195 SecondCar -62.07354 0.025 2.97 0 90 0 0 0.7071068 0 0.7071068 10.33688 0
3.8199 Head 0 1.6 0.78 345.15 327.8999 0 -0.124191 -0.2741586 -0.03572864 0.9529623
3.8199 FirstCar -29.55658 0.025 2.97 0 90 0 0 0.7071068 0 0.7071068 10.35404 0
3.8199 SecondCar -62.06977 0.025 2.97 0 90 0 0 0.7071068 0 0.7071068 10.33601 0
3.8204 Head 0 1.6 0.78 345.15 327.8999 0 -0.124191 -0.2741586 -0.03572864 0.9529623
3.8204 FirstCar -29.55194 0.025 2.97 0 90 0 0 0.7071068 0 0.7071068 10.35296 0
3.8204 SecondCar -62.06514 0.025 2.97 0 90 0 0 0.7071068 0 0.7071068 10.33493 0
3.8207 Head 0 1.6 0.78 345.15 327.8999 0 -0.124191 -0.2741586 -0.03572864 0.9529623
3.8207 FirstCar -29.54784 0.025 2.97 0 90 0 0 0.7071068 0 0.7071068 10.35201 0
3.8207 SecondCar -62.06104 0.025 2.97 0 90 0 0 0.7071068 0 0.7071068 10.33398 0
3.8211 Head 0 1.6 0.78 345.15 327.8999 0 -0.124191 -0.2741586 -0.03572864 0.9529623
3.8211 FirstCar -29.54379 0.025 2.97 0 90 0 0 0.7071068 0 0.7071068 10.35107 0
3.8211 SecondCar -62.057 0.025 2.97 0 90 0 0 0.7071068 0 0.7071068 10.33304 0
3.8219 Head 0 1.6 0.78 345.15 327.8999 0 -0.124191 -0.2741586 -0.03572864 0.9529623
3.8219 FirstCar -29.53627 0.025 2.97 0 90 0 0 0.7071068 0 0.7071068 10.34933 0
3.8219 SecondCar -62.0495 0.025 2.97 0 90 0 0 0.7071068 0 0.7071068 10.3313 0
3.8223 Head 0 1.6 0.78 345.15 327.8999 0 -0.124191 -0.2741586 -0.03572864 0.9529623
3.8223 FirstCar -29.53181 0.025 2.97 0 90 0 0 0.7071068 0 0.7071068 10.3483 0
3.8223 SecondCar -62.04505 0.025 2.97 0 90 0 0 0.7071068 0 0.7071068 10.33027 0
3.8228 Head 0 1.6 0.78 345.15 327.8999 0 -0.124191 -0.2741586 -0.03572864 0.9529623
3.8228 FirstCar -29.52698 0.025 2.97 0 90 0 0 0.7071068 0 0.7071068 10.34717 0
3.8228 SecondCar -62.04022 0.025 2.97 0 90 0 0 0.7071068 0 0.7071068 10.32914 0
3.8232 Head 0 1.6 0.78 345.15 327.8999 0 -0.124191 -0.2741586 -0.03572864 0.9529623
3.8232 FirstCar -29.52275 0.025 2.97 0 90 0 0 0.7071068 0 0.7071068 10.34619 0
3.8232 SecondCar -62.036 0.025 2.97 0 90 0 0 0.7071068 0 0.7071068 10.32816 0
3.8236 Head 0 1.6 0.78 345.15 327.8999 0 -0.124191 -0.2741586 -0.03572864 0.9529623
3.8236 FirstCar -29.51872 0.025 2.97 0 90 0 0 0.7071068 0 0.7071068 10.34526 0
3.8236 SecondCar -62.03197 0.025 2.97 0 90 0 0 0.7071068 0 0.7071068 10.32723 0
3.8239 Head 0 1.6 0.78 345.15 327.8999 0 -0.124191 -0.2741586 -0.03572864 0.9529623
3.8239 FirstCar -29.51493 0.025 2.97 0 90 0 0 0.7071068 0 0.7071068 10.34438 0
3.8239 SecondCar -62.02819 0.025 2.97 0 90 0 0 0.7071068 0 0.7071068 10.32635 0
3.8243 Head 0 1.6 0.78 345.15 327.8999 0 -0.124191 -0.2741586 -0.03572864 0.9529623
3.8243 FirstCar -29.51087 0.025 2.97 0 90 0 0 0.7071068 0 0.7071068 10.34344 0
3.8243 SecondCar -62.02414 0.025 2.97 0 90 0 0 0.7071068 0 0.7071068 10.32541 0
3.8247 Head 0 1.6 0.78 345.15 327.8999 0 -0.124191 -0.2741586 -0.03572864 0.9529623
3.8247 FirstCar -29.50659 0.025 2.97 0 90 0 0 0.7071068 0 0.7071068 10.34244 0
3.8247 SecondCar -62.01986 0.025 2.97 0 90 0 0 0.7071068 0 0.7071068 10.32441 0
3.8252 Head 0 1.6 0.78 345.15 327.8999 0 -0.124191 -0.2741586 -0.03572864 0.9529623
3.8252 FirstCar -29.50212 0.025 2.97 0 90 0 0 0.7071068 0 0.7071068 10.3414 0
3.8252 SecondCar -62.0154 0.025 2.97 0 90 0 0 0.7071068 0 0.7071068 10.32337 0
3.8256 Head 0 1.6 0.78 345.15 327.8999 0 -0.124191 -0.2741586 -0.03572864 0.9529623
3.8256 FirstCar -29.49778 0.025 2.97 0 90 0 0 0.7071068 0 0.7071068 10.3404 0
3.8256 SecondCar -62.01107 0.025 2.97 0 90 0 0 0.7071068 0 0.7071068 10.32237 0
3.8259 Head 0 1.6 0.78 345.15 327.8999 0 -0.124191 -0.2741586 -0.03572864 0.9529623
3.8259 FirstCar -29.49404 0.025 2.97 0 90 0 0 0.7071068 0 0.7071068 10.33953 0
3.8259 SecondCar -62.00734 0.025 2.97 0 90 0 0 0.7071068 0 0.7071068 10.3215 0
3.8263 Head 0 1.6 0.78 345.15 327.8999 0 -0.124191 -0.2741586 -0.03572864 0.9529623
3.8263 FirstCar -29.4902 0.025 2.97 0 90 0 0 0.7071068 0 0.7071068 10.33864 0
3.8263 SecondCar -62.00351 0.025 2.97 0 90 0 0 0.7071068 0 0.7071068 10.32061 0
3.8267 Head 0 1.6 0.78 345.15 327.8999 0 -0.124191 -0.2741586 -0.03572864 0.9529623
3.8267 FirstCar -29.4864 0.025 2.97 0 90 0 0 0.7071068 0 0.7071068 10.33776 0
3.8267 SecondCar -61.99972 0.025 2.97 0 90 0 0 0.7071068 0 0.7071068 10.31973 0
3.8271 Head 0 1.6 0.78 345.15 327.8999 0 -0.124191 -0.2741586 -0.03572864 0.9529623
3.8271 FirstCar -29.48222 0.025 2.97 0 90 0 0 0.7071068 0 0.7071068 10.33679 0
3.8271 SecondCar -61.99554 0.025 2.97 0 90 0 0 0.7071068 0 0.7071068 10.31876 0
3.8274 Head 0 1.6 0.78 345.15 327.8999 0 -0.124191 -0.2741586 -0.03572864 0.9529623
3.8274 FirstCar -29.47854 0.025 2.97 0 90 0 0 0.7071068 0 0.7071068 10.33593 0
3.8274 SecondCar -61.99187 0.025 2.97 0 90 0 0 0.7071068 0 0.7071068 10.3179 0
3.8278 Head 0 1.6 0.78 345.15 327.8999 0 -0.124191 -0.2741586 -0.03572864 0.9529623
3.8278 FirstCar -29.47492 0.025 2.97 0 90 0 0 0.7071068 0 0.7071068 10.33509 0
3.8278 SecondCar -61.98825 0.025 2.97 0 90 0 0 0.7071068 0 0.7071068 10.31706 0
3.8282 Head 0 1.6 0.78 345.15 327.8999 0 -0.124191 -0.2741586 -0.03572864 0.9529623
3.8282 FirstCar -29.47095 0.025 2.97 0 90 0 0 0.7071068 0 0.7071068 10.33417 0
3.8282 SecondCar -61.98429 0.025 2.97 0 90 0 0 0.7071068 0 0.7071068 10.31614 0
3.8286 Head 0 1.6 0.78 345.15 327.8999 0 -0.124191 -0.2741586 -0.03572864 0.9529623
3.8286 FirstCar -29.46701 0.025 2.97 0 90 0 0 0.7071068 0 0.7071068 10.33325 0
3.8286 SecondCar -61.98037 0.025 2.97 0 90 0 0 0.7071068 0 0.7071068 10.31522 0
3.8289 Head 0 1.6 0.78 345.15 327.8999 0 -0.124191 -0.2741586 -0.03572864 0.9529623
3.8289 FirstCar -29.4632 0.025 2.97 0 90 0 0 0.7071068 0 0.7071068 10.33237 0
3.8289 SecondCar -61.97656 0.025 2.97 0 90 0 0 0.7071068 0 0.7071068 10.31434 0
3.8293 Head 0 1.6 0.78 345.15 327.8999 0 -0.124191 -0.2741586 -0.03572864 0.9529623
3.8293 FirstCar -29.4593 0.025 2.97 0 90 0 0 0.7071068 0 0.7071068 10.33146 0
3.8293 SecondCar -61.97267 0.025 2.97 0 90 0 0 0.7071068 0 0.7071068 10.31343 0
3.8300 Head 0 1.6 0.78 345.15 327.8999 0 -0.124191 -0.2741586 -0.03572864 0.9529623
3.8300 FirstCar -29.4519 0.025 2.97 0 90 0 0 0.7071068 0 0.7071068 10.32974 0
3.8300 SecondCar -61.96528 0.025 2.97 0 90 0 0 0.7071068 0 0.7071068 10.31171 0
3.8305 Head 0 1.6 0.78 345.15 327.8999 0 -0.124191 -0.2741586 -0.03572864 0.9529623
3.8305 FirstCar -29.44673 0.025 2.97 0 90 0 0 0.7071068 0 0.7071068 10.32854 0
3.8305 SecondCar -61.96012 0.025 2.97 0 90 0 0 0.7071068 0 0.7071068 10.31051 0
3.8312 Head 0 1.6 0.78 345.15 327.8999 0 -0.124191 -0.2741586 -0.03572864 0.9529623
3.8312 FirstCar -29.43978 0.025 2.97 0 90 0 0 0.7071068 0 0.7071068 10.32693 0
3.8312 SecondCar -61.95317 0.025 2.97 0 90 0 0 0.7071068 0 0.7071068 10.3089 0
3.8316 Head 0 1.6 0.78 345.15 327.8999 0 -0.124191 -0.2741586 -0.03572864 0.9529623
3.8316 FirstCar -29.43575 0.025 2.97 0 90 0 0 0.7071068 0 0.7071068 10.32599 0
3.8316 SecondCar -61.94915 0.025 2.97 0 90 0 0 0.7071068 0 0.7071068 10.30796 0
3.8320 Head 0 1.6 0.78 345.15 327.8999 0 -0.124191 -0.2741586 -0.03572864 0.9529623
3.8320 FirstCar -29.43172 0.025 2.97 0 90 0 0 0.7071068 0 0.7071068 10.32505 0
3.8320 SecondCar -61.94514 0.025 2.97 0 90 0 0 0.7071068 0 0.7071068 10.30702 0
3.8323 Head 0 1.6 0.78 345.15 327.8999 0 -0.124191 -0.2741586 -0.03572864 0.9529623
3.8323 FirstCar -29.42793 0.025 2.97 0 90 0 0 0.7071068 0 0.7071068 10.32417 0
3.8323 SecondCar -61.94135 0.025 2.97 0 90 0 0 0.7071068 0 0.7071068 10.30614 0
3.8327 Head 0 1.6 0.78 345.15 327.8999 0 -0.124191 -0.2741586 -0.03572864 0.9529623
3.8327 FirstCar -29.42382 0.025 2.97 0 90 0 0 0.7071068 0 0.7071068 10.32322 0
3.8327 SecondCar -61.93725 0.025 2.97 0 90 0 0 0.7071068 0 0.7071068 10.30519 0
3.8331 Head 0 1.6 0.78 345.15 327.8999 0 -0.124191 -0.2741586 -0.03572864 0.9529623
3.8331 FirstCar -29.41999 0.025 2.97 0 90 0 0 0.7071068 0 0.7071068 10.32233 0
3.8331 SecondCar -61.93342 0.025 2.97 0 90 0 0 0.7071068 0 0.7071068 10.3043 0
3.8335 Head 0 1.6 0.78 345.15 327.8999 0 -0.124191 -0.2741586 -0.03572864 0.9529623
3.8335 FirstCar -29.416 0.025 2.97 0 90 0 0 0.7071068 0 0.7071068 10.3214 0
3.8335 SecondCar -61.92944 0.025 2.97 0 90 0 0 0.7071068 0 0.7071068 10.30337 0
3.8339 Head 0 1.6 0.78 345.15 327.8999 0 -0.124191 -0.2741586 -0.03572864 0.9529623
3.8339 FirstCar -29.41226 0.025 2.97 0 90 0 0 0.7071068 0 0.7071068 10.32053 0
3.8339 SecondCar -61.9257 0.025 2.97 0 90 0 0 0.7071068 0 0.7071068 10.3025 0
3.8342 Head 0 1.6 0.78 345.15 327.8999 0 -0.124191 -0.2741586 -0.03572864 0.9529623
3.8342 FirstCar -29.40861 0.025 2.97 0 90 0 0 0.7071068 0 0.7071068 10.31968 0
3.8342 SecondCar -61.92206 0.025 2.97 0 90 0 0 0.7071068 0 0.7071068 10.30165 0
3.8346 Head 0 1.6 0.78 345.15 327.8999 0 -0.124191 -0.2741586 -0.03572864 0.9529623
3.8346 FirstCar -29.40465 0.025 2.97 0 90 0 0 0.7071068 0 0.7071068 10.31876 0
3.8346 SecondCar -61.91811 0.025 2.97 0 90 0 0 0.7071068 0 0.7071068 10.30073 0
3.8350 Head 0 1.6 0.78 345.15 327.8999 0 -0.124191 -0.2741586 -0.03572864 0.9529623
3.8350 FirstCar -29.40098 0.025 2.97 0 90 0 0 0.7071068 0 0.7071068 10.31791 0
3.8350 SecondCar -61.91445 0.025 2.97 0 90 0 0 0.7071068 0 0.7071068 10.29988 0
3.8353 Head 0 1.6 0.78 345.15 327.8999 0 -0.124191 -0.2741586 -0.03572864 0.9529623
3.8353 FirstCar -29.39699 0.025 2.97 0 90 0 0 0.7071068 0 0.7071068 10.31698 0
3.8353 SecondCar -61.91047 0.025 2.97 0 90 0 0 0.7071068 0 0.7071068 10.29895 0
3.8357 Head 0 1.6 0.78 345.15 327.8999 0 -0.124191 -0.2741586 -0.03572864 0.9529623
3.8357 FirstCar -29.39336 0.025 2.97 0 90 0 0 0.7071068 0 0.7071068 10.31613 0
3.8357 SecondCar -61.90684 0.025 2.97 0 90 0 0 0.7071068 0 0.7071068 10.2981 0
3.8361 Head 0 1.6 0.78 345.15 327.8999 0 -0.124191 -0.2741586 -0.03572864 0.9529623
3.8361 FirstCar -29.38937 0.025 2.97 0 90 0 0 0.7071068 0 0.7071068 10.3152 0
3.8361 SecondCar -61.90286 0.025 2.97 0 90 0 0 0.7071068 0 0.7071068 10.29717 0
3.8364 Head 0 1.6 0.78 345.15 327.8999 0 -0.124191 -0.2741586 -0.03572864 0.9529623
3.8364 FirstCar -29.38587 0.025 2.97 0 90 0 0 0.7071068 0 0.7071068 10.31439 0
3.8364 SecondCar -61.89936 0.025 2.97 0 90 0 0 0.7071068 0 0.7071068 10.29636 0
3.8368 Head 0 1.6 0.78 345.15 327.8999 0 -0.124191 -0.2741586 -0.03572864 0.9529623
3.8368 FirstCar -29.38234 0.025 2.97 0 90 0 0 0.7071068 0 0.7071068 10.31357 0
3.8368 SecondCar -61.89583 0.025 2.97 0 90 0 0 0.7071068 0 0.7071068 10.29554 0
3.8371 Head 0 1.6 0.78 345.15 327.8999 0 -0.124191 -0.2741586 -0.03572864 0.9529623
3.8371 FirstCar -29.37858 0.025 2.97 0 90 0 0 0.7071068 0 0.7071068 10.31269 0
3.8371 SecondCar -61.89208 0.025 2.97 0 90 0 0 0.7071068 0 0.7071068 10.29466 0
3.8378 Head 0 1.6 0.78 345.15 327.8999 0 -0.124191 -0.2741586 -0.03572864 0.9529623
3.8378 FirstCar -29.37143 0.025 2.97 0 90 0 0 0.7071068 0 0.7071068 10.31103 0
3.8378 SecondCar -61.88495 0.025 2.97 0 90 0 0 0.7071068 0 0.7071068 10.293 0
3.8383 Head 0 1.6 0.78 345.15 327.8999 0 -0.124191 -0.2741586 -0.03572864 0.9529623
3.8383 FirstCar -29.36691 0.025 2.97 0 90 0 0 0.7071068 0 0.7071068 10.30998 0
3.8383 SecondCar -61.88043 0.025 2.97 0 90 0 0 0.7071068 0 0.7071068 10.29195 0
3.8386 Head 0 1.6 0.78 345.15 327.8999 0 -0.124191 -0.2741586 -0.03572864 0.9529623
3.8386 FirstCar -29.36301 0.025 2.97 0 90 0 0 0.7071068 0 0.7071068 10.30907 0
3.8386 SecondCar -61.87654 0.025 2.97 0 90 0 0 0.7071068 0 0.7071068 10.29104 0
3.8390 Head 0 1.6 0.78 345.15 327.8999 0 -0.124191 -0.2741586 -0.03572864 0.9529623
3.8390 FirstCar -29.35898 0.025 2.97 0 90 0 0 0.7071068 0 0.7071068 10.30813 0
3.8390 SecondCar -61.87252 0.025 2.97 0 90 0 0 0.7071068 0 0.7071068 10.2901 0
3.8394 Head 0 1.6 0.78 345.15 327.8999 0 -0.124191 -0.2741586 -0.03572864 0.9529623
3.8394 FirstCar -29.35532 0.025 2.97 0 90 0 0 0.7071068 0 0.7071068 10.30728 0
3.8394 SecondCar -61.86887 0.025 2.97 0 90 0 0 0.7071068 0 0.7071068 10.28925 0
3.8398 Head 0 1.6 0.78 345.15 327.8999 0 -0.124191 -0.2741586 -0.03572864 0.9529623
3.8398 FirstCar -29.35124 0.025 2.97 0 90 0 0 0.7071068 0 0.7071068 10.30633 0
3.8398 SecondCar -61.8648 0.025 2.97 0 90 0 0 0.7071068 0 0.7071068 10.2883 0
3.8402 Head 0 1.6 0.78 345.15 327.8999 0 -0.124191 -0.2741586 -0.03572864 0.9529623
3.8402 FirstCar -29.34729 0.025 2.97 0 90 0 0 0.7071068 0 0.7071068 10.30541 0
3.8402 SecondCar -61.86085 0.025 2.97 0 90 0 0 0.7071068 0 0.7071068 10.28738 0
3.8406 Head 0 1.6 0.78 345.15 327.8999 0 -0.124191 -0.2741586 -0.03572864 0.9529623
3.8406 FirstCar -29.34281 0.025 2.97 0 90 0 0 0.7071068 0 0.7071068 10.30437 0
3.8406 SecondCar -61.85639 0.025 2.97 0 90 0 0 0.7071068 0 0.7071068 10.28634 0
3.8410 Head 0 1.6 0.78 345.15 327.8999 0 -0.124191 -0.2741586 -0.03572864 0.9529623
3.8410 FirstCar -29.3389 0.025 2.97 0 90 0 0 0.7071068 0 0.7071068 10.30346 0
3.8410 SecondCar -61.85249 0.025 2.97 0 90 0 0 0.7071068 0 0.7071068 10.28543 0
3.8413 Head 0 1.6 0.78 345.15 327.8999 0 -0.124191 -0.2741586 -0.03572864 0.9529623
3.8413 FirstCar -29.33524 0.025 2.97 0 90 0 0 0.7071068 0 0.7071068 10.3026 0
3.8413 SecondCar -61.84883 0.025 2.97 0 90 0 0 0.7071068 0 0.7071068 10.28457 0
3.8417 Head 0 1.6 0.78 345.15 327.8999 0 -0.124191 -0.2741586 -0.03572864 0.9529623
3.8417 FirstCar -29.33163 0.025 2.97 0 90 0 0 0.7071068 0 0.7071068 10.30176 0
3.8417 SecondCar -61.84523 0.025 2.97 0 90 0 0 0.7071068 0 0.7071068 10.28373 0
3.8420 Head 0 1.6 0.78 345.15 327.8999 0 -0.124191 -0.2741586 -0.03572864 0.9529623
3.8420 FirstCar -29.32789 0.025 2.97 0 90 0 0 0.7071068 0 0.7071068 10.30089 0
3.8420 SecondCar -61.84149 0.025 2.97 0 90 0 0 0.7071068 0 0.7071068 10.28286 0
3.8424 Head 0 1.6 0.78 345.15 327.8999 0 -0.124191 -0.2741586 -0.03572864 0.9529623
3.8424 FirstCar -29.32414 0.025 2.97 0 90 0 0 0.7071068 0 0.7071068 10.30002 0
3.8424 SecondCar -61.83775 0.025 2.97 0 90 0 0 0.7071068 0 0.7071068 10.28199 0
3.8428 Head 0 1.6 0.78 345.15 327.8999 0 -0.124191 -0.2741586 -0.03572864 0.9529623
3.8428 FirstCar -29.32057 0.025 2.97 0 90 0 0 0.7071068 0 0.7071068 10.29918 0
3.8428 SecondCar -61.83419 0.025 2.97 0 90 0 0 0.7071068 0 0.7071068 10.28115 0
3.8431 Head 0 1.6 0.78 345.15 327.8999 0 -0.124191 -0.2741586 -0.03572864 0.9529623
3.8431 FirstCar -29.31668 0.025 2.97 0 90 0 0 0.7071068 0 0.7071068 10.29828 0
3.8431 SecondCar -61.8303 0.025 2.97 0 90 0 0 0.7071068 0 0.7071068 10.28025 0
3.8435 Head 0 1.6 0.78 345.15 327.8999 0 -0.124191 -0.2741586 -0.03572864 0.9529623
3.8435 FirstCar -29.31252 0.025 2.97 0 90 0 0 0.7071068 0 0.7071068 10.29731 0
3.8435 SecondCar -61.82615 0.025 2.97 0 90 0 0 0.7071068 0 0.7071068 10.27928 0
3.8439 Head 0 1.6 0.78 345.15 327.8999 0 -0.124191 -0.2741586 -0.03572864 0.9529623
3.8439 FirstCar -29.30846 0.025 2.97 0 90 0 0 0.7071068 0 0.7071068 10.29636 0
3.8439 SecondCar -61.8221 0.025 2.97 0 90 0 0 0.7071068 0 0.7071068 10.27833 0
3.8443 Head 0 1.6 0.78 345.15 327.8999 0 -0.124191 -0.2741586 -0.03572864 0.9529623
3.8443 FirstCar -29.30476 0.025 2.97 0 90 0 0 0.7071068 0 0.7071068 10.2955 0
3.8443 SecondCar -61.81841 0.025 2.97 0 90 0 0 0.7071068 0 0.7071068 10.27747 0
3.8447 Head 0 1.6 0.78 345.15 327.8999 0 -0.124191 -0.2741586 -0.03572864 0.9529623
3.8447 FirstCar -29.30089 0.025 2.97 0 90 0 0 0.7071068 0 0.7071068 10.2946 0
3.8447 SecondCar -61.81454 0.025 2.97 0 90 0 0 0.7071068 0 0.7071068 10.27657 0
3.8450 Head 0 1.6 0.78 345.15 327.8999 0 -0.124191 -0.2741586 -0.03572864 0.9529623
3.8450 FirstCar -29.29702 0.025 2.97 0 90 0 0 0.7071068 0 0.7071068 10.2937 0
3.8450 SecondCar -61.81068 0.025 2.97 0 90 0 0 0.7071068 0 0.7071068 10.27567 0
3.8458 Head 0 1.6 0.78 345.15 327.8999 0 -0.124191 -0.2741586 -0.03572864 0.9529623
3.8458 FirstCar -29.28968 0.025 2.97 0 90 0 0 0.7071068 0 0.7071068 10.29198 0
3.8458 SecondCar -61.80335 0.025 2.97 0 90 0 0 0.7071068 0 0.7071068 10.27395 0
3.8462 Head 0 1.6 0.78 345.15 327.8999 0 -0.124191 -0.2741586 -0.03572864 0.9529623
3.8462 FirstCar -29.28554 0.025 2.97 0 90 0 0 0.7071068 0 0.7071068 10.29102 0
3.8462 SecondCar -61.79922 0.025 2.97 0 90 0 0 0.7071068 0 0.7071068 10.27299 0
3.8466 Head 0 1.6 0.78 345.15 327.8999 0 -0.124191 -0.2741586 -0.03572864 0.9529623
3.8466 FirstCar -29.28137 0.025 2.97 0 90 0 0 0.7071068 0 0.7071068 10.29004 0
3.8466 SecondCar -61.79505 0.025 2.97 0 90 0 0 0.7071068 0 0.7071068 10.27201 0
3.8470 Head 0 1.6 0.78 345.15 327.8999 0 -0.124191 -0.2741586 -0.03572864 0.9529623
3.8470 FirstCar -29.27708 0.025 2.97 0 90 0 0 0.7071068 0 0.7071068 10.28905 0
3.8470 SecondCar -61.79078 0.025 2.97 0 90 0 0 0.7071068 0 0.7071068 10.27102 0
3.8473 Head 0 1.6 0.78 345.15 327.8999 0 -0.124191 -0.2741586 -0.03572864 0.9529623
3.8473 FirstCar -29.27345 0.025 2.97 0 90 0 0 0.7071068 0 0.7071068 10.2882 0
3.8473 SecondCar -61.78714 0.025 2.97 0 90 0 0 0.7071068 0 0.7071068 10.27017 0
3.8477 Head 0 1.6 0.78 345.15 327.8999 0 -0.124191 -0.2741586 -0.03572864 0.9529623
3.8477 FirstCar -29.26972 0.025 2.97 0 90 0 0 0.7071068 0 0.7071068 10.28733 0
3.8477 SecondCar -61.78342 0.025 2.97 0 90 0 0 0.7071068 0 0.7071068 10.2693 0
3.8481 Head 0 1.6 0.78 345.15 327.8999 0 -0.124191 -0.2741586 -0.03572864 0.9529623
3.8481 FirstCar -29.26609 0.025 2.97 0 90 0 0 0.7071068 0 0.7071068 10.28648 0
3.8481 SecondCar -61.7798 0.025 2.97 0 90 0 0 0.7071068 0 0.7071068 10.26845 0
3.8484 Head 0 1.6 0.78 345.15 327.8999 0 -0.124191 -0.2741586 -0.03572864 0.9529623
3.8484 FirstCar -29.26236 0.025 2.97 0 90 0 0 0.7071068 0 0.7071068 10.28561 0
3.8484 SecondCar -61.77607 0.025 2.97 0 90 0 0 0.7071068 0 0.7071068 10.26758 0
3.8488 Head 0 1.6 0.78 345.15 327.8999 0 -0.124191 -0.2741586 -0.03572864 0.9529623
3.8488 FirstCar -29.25878 0.025 2.97 0 90 0 0 0.7071068 0 0.7071068 10.28477 0
3.8488 SecondCar -61.7725 0.025 2.97 0 90 0 0 0.7071068 0 0.7071068 10.26674 0
3.8491 Head 0 1.6 0.78 345.15 327.8999 0 -0.124191 -0.2741586 -0.03572864 0.9529623
3.8491 FirstCar -29.25517 0.025 2.97 0 90 0 0 0.7071068 0 0.7071068 10.28393 0
3.8491 SecondCar -61.7689 0.025 2.97 0 90 0 0 0.7071068 0 0.7071068 10.2659 0
3.8495 Head 0 1.6 0.78 345.15 327.8999 0 -0.124191 -0.2741586 -0.03572864 0.9529623
3.8495 FirstCar -29.2515 0.025 2.97 0 90 0 0 0.7071068 0 0.7071068 10.28308 0
3.8495 SecondCar -61.76524 0.025 2.97 0 90 0 0 0.7071068 0 0.7071068 10.26505 0
3.8498 Head 0 1.6 0.78 345.15 327.8999 0 -0.124191 -0.2741586 -0.03572864 0.9529623
3.8498 FirstCar -29.24777 0.025 2.97 0 90 0 0 0.7071068 0 0.7071068 10.28221 0
3.8498 SecondCar -61.76151 0.025 2.97 0 90 0 0 0.7071068 0 0.7071068 10.26418 0
3.8502 Head 0 1.6 0.78 345.15 327.8999 0 -0.124191 -0.2741586 -0.03572864 0.9529623
3.8502 FirstCar -29.24376 0.025 2.97 0 90 0 0 0.7071068 0 0.7071068 10.28127 0
3.8502 SecondCar -61.75751 0.025 2.97 0 90 0 0 0.7071068 0 0.7071068 10.26324 0
3.8508 Head 0 1.6 0.78 345.15 327.8999 0 -0.124191 -0.2741586 -0.03572864 0.9529623
3.8508 FirstCar -29.23743 0.025 2.97 0 90 0 0 0.7071068 0 0.7071068 10.27979 0
3.8508 SecondCar -61.75119 0.025 2.97 0 90 0 0 0.7071068 0 0.7071068 10.26176 0
3.8512 Head 0 1.6 0.78 345.15 327.8999 0 -0.124191 -0.2741586 -0.03572864 0.9529623
3.8512 FirstCar -29.23327 0.025 2.97 0 90 0 0 0.7071068 0 0.7071068 10.27882 0
3.8512 SecondCar -61.74704 0.025 2.97 0 90 0 0 0.7071068 0 0.7071068 10.26079 0
3.8517 Head 0 1.6 0.78 345.15 327.8999 0 -0.124191 -0.2741586 -0.03572864 0.9529623
3.8517 FirstCar -29.22906 0.025 2.97 0 90 0 0 0.7071068 0 0.7071068 10.27784 0
3.8517 SecondCar -61.74284 0.025 2.97 0 90 0 0 0.7071068 0 0.7071068 10.25981 0
3.8520 Head 0 1.6 0.78 345.15 327.8999 0 -0.124191 -0.2741586 -0.03572864 0.9529623
3.8520 FirstCar -29.22535 0.025 2.97 0 90 0 0 0.7071068 0 0.7071068 10.27697 0
3.8520 SecondCar -61.73913 0.025 2.97 0 90 0 0 0.7071068 0 0.7071068 10.25894 0
3.8525 Head 0 1.6 0.78 345.15 327.8999 0 -0.124191 -0.2741586 -0.03572864 0.9529623
3.8525 FirstCar -29.22057 0.025 2.97 0 90 0 0 0.7071068 0 0.7071068 10.27586 0
3.8525 SecondCar -61.73436 0.025 2.97 0 90 0 0 0.7071068 0 0.7071068 10.25783 0
3.8529 Head 0 1.6 0.78 345.15 327.8999 0 -0.124191 -0.2741586 -0.03572864 0.9529623
3.8529 FirstCar -29.21619 0.025 2.97 0 90 0 0 0.7071068 0 0.7071068 10.27483 0
3.8529 SecondCar -61.72999 0.025 2.97 0 90 0 0 0.7071068 0 0.7071068 10.2568 0
3.8533 Head 0 1.6 0.78 345.15 327.8999 0 -0.124191 -0.2741586 -0.03572864 0.9529623
3.8533 FirstCar -29.21241 0.025 2.97 0 90 0 0 0.7071068 0 0.7071068 10.27395 0
3.8533 SecondCar -61.72622 0.025 2.97 0 90 0 0 0.7071068 0 0.7071068 10.25592 0
3.8540 Head 0 1.6 0.78 345.15 327.8999 0 -0.124191 -0.2741586 -0.03572864 0.9529623
3.8540 FirstCar -29.20539 0.025 2.97 0 90 0 0 0.7071068 0 0.7071068 10.27231 0
3.8540 SecondCar -61.71921 0.025 2.97 0 90 0 0 0.7071068 0 0.7071068 10.25428 0
3.8544 Head 0 1.6 0.78 345.15 327.8999 0 -0.124191 -0.2741586 -0.03572864 0.9529623
3.8544 FirstCar -29.20084 0.025 2.97 0 90 0 0 0.7071068 0 0.7071068 10.27125 0
3.8544 SecondCar -61.71466 0.025 2.97 0 90 0 0 0.7071068 0 0.7071068 10.25321 0
3.8548 Head 0 1.6 0.78 345.15 327.8999 0 -0.124191 -0.2741586 -0.03572864 0.9529623
3.8548 FirstCar -29.19674 0.025 2.97 0 90 0 0 0.7071068 0 0.7071068 10.27029 0
3.8548 SecondCar -61.71058 0.025 2.97 0 90 0 0 0.7071068 0 0.7071068 10.25226 0
3.8552 Head 0 1.6 0.78 345.15 327.8999 0 -0.124191 -0.2741586 -0.03572864 0.9529623
3.8552 FirstCar -29.19299 0.025 2.97 0 90 0 0 0.7071068 0 0.7071068 10.26941 0
3.8552 SecondCar -61.70683 0.025 2.97 0 90 0 0 0.7071068 0 0.7071068 10.25138 0
3.8556 Head 0 1.6 0.78 345.15 327.8999 0 -0.124191 -0.2741586 -0.03572864 0.9529623
3.8556 FirstCar -29.189 0.025 2.97 0 90 0 0 0.7071068 0 0.7071068 10.26848 0
3.8556 SecondCar -61.70285 0.025 2.97 0 90 0 0 0.7071068 0 0.7071068 10.25045 0
3.8559 Head 0 1.6 0.78 345.15 327.8999 0 -0.124191 -0.2741586 -0.03572864 0.9529623
3.8559 FirstCar -29.18539 0.025 2.97 0 90 0 0 0.7071068 0 0.7071068 10.26764 0
3.8559 SecondCar -61.69925 0.025 2.97 0 90 0 0 0.7071068 0 0.7071068 10.24961 0
3.8562 Head 0 1.6 0.78 345.15 327.8999 0 -0.124191 -0.2741586 -0.03572864 0.9529623
3.8562 FirstCar -29.1819 0.025 2.97 0 90 0 0 0.7071068 0 0.7071068 10.26682 0
3.8562 SecondCar -61.69577 0.025 2.97 0 90 0 0 0.7071068 0 0.7071068 10.24879 0
3.8566 Head 0 1.6 0.78 345.15 327.8999 0 -0.124191 -0.2741586 -0.03572864 0.9529623
3.8566 FirstCar -29.17838 0.025 2.97 0 90 0 0 0.7071068 0 0.7071068 10.266 0
3.8566 SecondCar -61.69225 0.025 2.97 0 90 0 0 0.7071068 0 0.7071068 10.24797 0
3.8569 Head 0 1.6 0.78 345.15 327.8999 0 -0.124191 -0.2741586 -0.03572864 0.9529623
3.8569 FirstCar -29.17489 0.025 2.97 0 90 0 0 0.7071068 0 0.7071068 10.26518 0
3.8569 SecondCar -61.68877 0.025 2.97 0 90 0 0 0.7071068 0 0.7071068 10.24715 0
3.8573 Head 0 1.6 0.78 345.15 327.8999 0 -0.124191 -0.2741586 -0.03572864 0.9529623
3.8573 FirstCar -29.17111 0.025 2.97 0 90 0 0 0.7071068 0 0.7071068 10.2643 0
3.8573 SecondCar -61.68499 0.025 2.97 0 90 0 0 0.7071068 0 0.7071068 10.24627 0
3.8577 Head 0 1.6 0.78 345.15 327.8999 0 -0.124191 -0.2741586 -0.03572864 0.9529623
3.8577 FirstCar -29.16745 0.025 2.97 0 90 0 0 0.7071068 0 0.7071068 10.26344 0
3.8577 SecondCar -61.68134 0.025 2.97 0 90 0 0 0.7071068 0 0.7071068 10.24541 0
3.8580 Head 0 1.6 0.78 345.15 327.8999 0 -0.124191 -0.2741586 -0.03572864 0.9529623
3.8580 FirstCar -29.16389 0.025 2.97 0 90 0 0 0.7071068 0 0.7071068 10.26261 0
3.8580 SecondCar -61.67778 0.025 2.97 0 90 0 0 0.7071068 0 0.7071068 10.24458 0
3.8584 Head 0 1.6 0.78 345.15 327.8999 0 -0.124191 -0.2741586 -0.03572864 0.9529623
3.8584 FirstCar -29.16014 0.025 2.97 0 90 0 0 0.7071068 0 0.7071068 10.26173 0
3.8584 SecondCar -61.67404 0.025 2.97 0 90 0 0 0.7071068 0 0.7071068 10.2437 0
3.8588 Head 0 1.6 0.78 345.15 327.8999 0 -0.124191 -0.2741586 -0.03572864 0.9529623
3.8588 FirstCar -29.15583 0.025 2.97 0 90 0 0 0.7071068 0 0.7071068 10.26072 0
3.8588 SecondCar -61.66975 0.025 2.97 0 90 0 0 0.7071068 0 0.7071068 10.24269 0
3.8591 Head 0 1.6 0.78 345.15 327.8999 0 -0.124191 -0.2741586 -0.03572864 0.9529623
3.8591 FirstCar -29.15223 0.025 2.97 0 90 0 0 0.7071068 0 0.7071068 10.25988 0
3.8591 SecondCar -61.66615 0.025 2.97 0 90 0 0 0.7071068 0 0.7071068 10.24185 0
3.8595 Head 0 1.6 0.78 345.15 327.8999 0 -0.124191 -0.2741586 -0.03572864 0.9529623
3.8595 FirstCar -29.1486 0.025 2.97 0 90 0 0 0.7071068 0 0.7071068 10.25903 0
3.8595 SecondCar -61.66253 0.025 2.97 0 90 0 0 0.7071068 0 0.7071068 10.241 0
3.8599 Head 0 1.6 0.78 345.15 327.8999 0 -0.124191 -0.2741586 -0.03572864 0.9529623
3.8599 FirstCar -29.14476 0.025 2.97 0 90 0 0 0.7071068 0 0.7071068 10.25813 0
3.8599 SecondCar -61.6587 0.025 2.97 0 90 0 0 0.7071068 0 0.7071068 10.2401 0
3.8603 Head 0 1.6 0.78 345.15 327.8999 0 -0.124191 -0.2741586 -0.03572864 0.9529623
3.8603 FirstCar -29.14033 0.025 2.97 0 90 0 0 0.7071068 0 0.7071068 10.25709 0
3.8603 SecondCar -61.65427 0.025 2.97 0 90 0 0 0.7071068 0 0.7071068 10.23906 0
3.8607 Head 0 1.6 0.78 345.15 327.8999 0 -0.124191 -0.2741586 -0.03572864 0.9529623
3.8607 FirstCar -29.13624 0.025 2.97 0 90 0 0 0.7071068 0 0.7071068 10.25614 0
3.8607 SecondCar -61.6502 0.025 2.97 0 90 0 0 0.7071068 0 0.7071068 10.23811 0
3.8611 Head 0 1.6 0.78 345.15 327.8999 0 -0.124191 -0.2741586 -0.03572864 0.9529623
3.8611 FirstCar -29.13243 0.025 2.97 0 90 0 0 0.7071068 0 0.7071068 10.25525 0
3.8611 SecondCar -61.64639 0.025 2.97 0 90 0 0 0.7071068 0 0.7071068 10.23722 0
3.8618 Head 0 1.6 0.78 345.15 327.8999 0 -0.124191 -0.2741586 -0.03572864 0.9529623
3.8618 FirstCar -29.12493 0.025 2.97 0 90 0 0 0.7071068 0 0.7071068 10.25349 0
3.8618 SecondCar -61.6389 0.025 2.97 0 90 0 0 0.7071068 0 0.7071068 10.23546 0
3.8622 Head 0 1.6 0.78 345.15 327.8999 0 -0.124191 -0.2741586 -0.03572864 0.9529623
3.8622 FirstCar -29.12039 0.025 2.97 0 90 0 0 0.7071068 0 0.7071068 10.25243 0
3.8622 SecondCar -61.63437 0.025 2.97 0 90 0 0 0.7071068 0 0.7071068 10.2344 0
3.8626 Head 0 1.6 0.78 345.15 327.8999 0 -0.124191 -0.2741586 -0.03572864 0.9529623
3.8626 FirstCar -29.11627 0.025 2.97 0 90 0 0 0.7071068 0 0.7071068 10.25146 0
3.8626 SecondCar -61.63026 0.025 2.97 0 90 0 0 0.7071068 0 0.7071068 10.23343 0
3.8630 Head 0 1.6 0.78 345.15 327.8999 0 -0.124191 -0.2741586 -0.03572864 0.9529623
3.8630 FirstCar -29.11213 0.025 2.97 0 90 0 0 0.7071068 0 0.7071068 10.25049 0
3.8630 SecondCar -61.62613 0.025 2.97 0 90 0 0 0.7071068 0 0.7071068 10.23246 0
3.8635 Head 0 1.6 0.78 345.15 327.8999 0 -0.124191 -0.2741586 -0.03572864 0.9529623
3.8635 FirstCar -29.10759 0.025 2.97 0 90 0 0 0.7071068 0 0.7071068 10.24943 0
3.8635 SecondCar -61.6216 0.025 2.97 0 90 0 0 0.7071068 0 0.7071068 10.2314 0
3.8639 Head 0 1.6 0.78 345.15 327.8999 0 -0.124191 -0.2741586 -0.03572864 0.9529623
3.8639 FirstCar -29.1033 0.025 2.97 0 90 0 0 0.7071068 0 0.7071068 10.24843 0
3.8639 SecondCar -61.61731 0.025 2.97 0 90 0 0 0.7071068 0 0.7071068 10.2304 0
3.8643 Head 0 1.6 0.78 345.15 327.8999 0 -0.124191 -0.2741586 -0.03572864 0.9529623
3.8643 FirstCar -29.09952 0.025 2.97 0 90 0 0 0.7071068 0 0.7071068 10.24754 0
3.8643 SecondCar -61.61354 0.025 2.97 0 90 0 0 0.7071068 0 0.7071068 10.22951 0
3.8647 Head 0 1.6 0.78 345.15 327.8999 0 -0.124191 -0.2741586 -0.03572864 0.9529623
3.8647 FirstCar -29.09554 0.025 2.97 0 90 0 0 0.7071068 0 0.7071068 10.24661 0
3.8647 SecondCar -61.60957 0.025 2.97 0 90 0 0 0.7071068 0 0.7071068 10.22858 0
3.8650 Head 0 1.6 0.78 345.15 327.8999 0 -0.124191 -0.2741586 -0.03572864 0.9529623
3.8650 FirstCar -29.09165 0.025 2.97 0 90 0 0 0.7071068 0 0.7071068 10.2457 0
3.8650 SecondCar -61.60568 0.025 2.97 0 90 0 0 0.7071068 0 0.7071068 10.22767 0
3.8654 Head 0 1.6 0.78 345.15 327.8999 0 -0.124191 -0.2741586 -0.03572864 0.9529623
3.8654 FirstCar -29.08794 0.025 2.97 0 90 0 0 0.7071068 0 0.7071068 10.24483 0
3.8654 SecondCar -61.60198 0.025 2.97 0 90 0 0 0.7071068 0 0.7071068 10.2268 0
3.8658 Head 0 1.6 0.78 345.15 327.8999 0 -0.124191 -0.2741586 -0.03572864 0.9529623
3.8658 FirstCar -29.08401 0.025 2.97 0 90 0 0 0.7071068 0 0.7071068 10.24391 0
3.8658 SecondCar -61.59805 0.025 2.97 0 90 0 0 0.7071068 0 0.7071068 10.22588 0
3.8662 Head 0 1.6 0.78 345.15 327.8999 0 -0.124191 -0.2741586 -0.03572864 0.9529623
3.8662 FirstCar -29.08014 0.025 2.97 0 90 0 0 0.7071068 0 0.7071068 10.243 0
3.8662 SecondCar -61.59419 0.025 2.97 0 90 0 0 0.7071068 0 0.7071068 10.22497 0
3.8665 Head 0 1.6 0.78 345.15 327.8999 0 -0.124191 -0.2741586 -0.03572864 0.9529623
3.8665 FirstCar -29.07629 0.025 2.97 0 90 0 0 0.7071068 0 0.7071068 10.2421 0
3.8665 SecondCar -61.59035 0.025 2.97 0 90 0 0 0.7071068 0 0.7071068 10.22407 0
3.8669 Head 0 1.6 0.78 345.15 327.8999 0 -0.124191 -0.2741586 -0.03572864 0.9529623
3.8669 FirstCar -29.07219 0.025 2.97 0 90 0 0 0.7071068 0 0.7071068 10.24114 0
3.8669 SecondCar -61.58626 0.025 2.97 0 90 0 0 0.7071068 0 0.7071068 10.22311 0
3.8673 Head 0 1.6 0.78 345.15 327.8999 0 -0.124191 -0.2741586 -0.03572864 0.9529623
3.8673 FirstCar -29.06858 0.025 2.97 0 90 0 0 0.7071068 0 0.7071068 10.24029 0
3.8673 SecondCar -61.58265 0.025 2.97 0 90 0 0 0.7071068 0 0.7071068 10.22226 0
3.8677 Head 0 1.6 0.78 345.15 327.8999 0 -0.124191 -0.2741586 -0.03572864 0.9529623
3.8677 FirstCar -29.06441 0.025 2.97 0 90 0 0 0.7071068 0 0.7071068 10.23932 0
3.8677 SecondCar -61.5785 0.025 2.97 0 90 0 0 0.7071068 0 0.7071068 10.22128 0
3.8681 Head 0 1.6 0.78 345.15 327.8999 0 -0.124191 -0.2741586 -0.03572864 0.9529623
3.8681 FirstCar -29.06061 0.025 2.97 0 90 0 0 0.7071068 0 0.7071068 10.23842 0
3.8681 SecondCar -61.5747 0.025 2.97 0 90 0 0 0.7071068 0 0.7071068 10.22039 0
3.8684 Head 0 1.6 0.78 345.15 327.8999 0 -0.124191 -0.2741586 -0.03572864 0.9529623
3.8684 FirstCar -29.05691 0.025 2.97 0 90 0 0 0.7071068 0 0.7071068 10.23756 0
3.8684 SecondCar -61.57101 0.025 2.97 0 90 0 0 0.7071068 0 0.7071068 10.21953 0
3.8688 Head 0 1.6 0.78 345.15 327.8999 0 -0.124191 -0.2741586 -0.03572864 0.9529623
3.8688 FirstCar -29.05338 0.025 2.97 0 90 0 0 0.7071068 0 0.7071068 10.23673 0
3.8688 SecondCar -61.56749 0.025 2.97 0 90 0 0 0.7071068 0 0.7071068 10.2187 0
3.8691 Head 0 1.6 0.78 345.15 327.8999 0 -0.124191 -0.2741586 -0.03572864 0.9529623
3.8691 FirstCar -29.04963 0.025 2.97 0 90 0 0 0.7071068 0 0.7071068 10.23585 0
3.8691 SecondCar -61.56375 0.025 2.97 0 90 0 0 0.7071068 0 0.7071068 10.21782 0
3.8699 Head 0 1.6 0.78 345.15 327.8999 0 -0.124191 -0.2741586 -0.03572864 0.9529623
3.8699 FirstCar -29.04206 0.025 2.97 0 90 0 0 0.7071068 0 0.7071068 10.23407 0
3.8699 SecondCar -61.55618 0.025 2.97 0 90 0 0 0.7071068 0 0.7071068 10.21604 0
3.8704 Head 0 1.6 0.78 345.15 327.8999 0 -0.124191 -0.2741586 -0.03572864 0.9529623
3.8704 FirstCar -29.03678 0.025 2.97 0 90 0 0 0.7071068 0 0.7071068 10.23283 0
3.8704 SecondCar -61.55092 0.025 2.97 0 90 0 0 0.7071068 0 0.7071068 10.2148 0
3.8713 Head 0 1.6 0.78 345.15 327.8999 0 -0.124191 -0.2741586 -0.03572864 0.9529623
3.8713 FirstCar -29.02754 0.025 2.97 0 90 0 0 0.7071068 0 0.7071068 10.23067 0
3.8713 SecondCar -61.54169 0.025 2.97 0 90 0 0 0.7071068 0 0.7071068 10.21264 0
3.8719 Head 0 1.6 0.78 345.15 327.8999 0 -0.124191 -0.2741586 -0.03572864 0.9529623
3.8719 FirstCar -29.0211 0.025 2.97 0 90 0 0 0.7071068 0 0.7071068 10.22916 0
3.8719 SecondCar -61.53526 0.025 2.97 0 90 0 0 0.7071068 0 0.7071068 10.21113 0
3.8725 Head 0 1.6 0.78 345.15 327.8999 0 -0.124191 -0.2741586 -0.03572864 0.9529623
3.8725 FirstCar -29.01494 0.025 2.97 0 90 0 0 0.7071068 0 0.7071068 10.22771 0
3.8725 SecondCar -61.52912 0.025 2.97 0 90 0 0 0.7071068 0 0.7071068 10.20968 0
3.8730 Head 0 1.6 0.78 345.15 327.8999 0 -0.124191 -0.2741586 -0.03572864 0.9529623
3.8730 FirstCar -29.01044 0.025 2.97 0 90 0 0 0.7071068 0 0.7071068 10.22665 0
3.8730 SecondCar -61.52462 0.025 2.97 0 90 0 0 0.7071068 0 0.7071068 10.20862 0
3.8734 Head 0 1.6 0.78 345.15 327.8999 0 -0.124191 -0.2741586 -0.03572864 0.9529623
3.8734 FirstCar -29.00639 0.025 2.97 0 90 0 0 0.7071068 0 0.7071068 10.2257 0
3.8734 SecondCar -61.52058 0.025 2.97 0 90 0 0 0.7071068 0 0.7071068 10.20767 0
3.8738 Head 0 1.6 0.78 345.15 327.8999 0 -0.124191 -0.2741586 -0.03572864 0.9529623
3.8738 FirstCar -29.00212 0.025 2.97 0 90 0 0 0.7071068 0 0.7071068 10.2247 0
3.8738 SecondCar -61.51632 0.025 2.97 0 90 0 0 0.7071068 0 0.7071068 10.20667 0
3.8742 Head 0 1.6 0.78 345.15 327.8999 0 -0.124191 -0.2741586 -0.03572864 0.9529623
3.8742 FirstCar -28.99782 0.025 2.97 0 90 0 0 0.7071068 0 0.7071068 10.22369 0
3.8742 SecondCar -61.51203 0.025 2.97 0 90 0 0 0.7071068 0 0.7071068 10.20566 0
3.8746 Head 0 1.6 0.78 345.15 327.8999 0 -0.124191 -0.2741586 -0.03572864 0.9529623
3.8746 FirstCar -28.99394 0.025 2.97 0 90 0 0 0.7071068 0 0.7071068 10.22278 0
3.8746 SecondCar -61.50815 0.025 2.97 0 90 0 0 0.7071068 0 0.7071068 10.20475 0
3.8750 Head 0 1.6 0.78 345.15 327.8999 0 -0.124191 -0.2741586 -0.03572864 0.9529623
3.8750 FirstCar -28.99023 0.025 2.97 0 90 0 0 0.7071068 0 0.7071068 10.22191 0
3.8750 SecondCar -61.50445 0.025 2.97 0 90 0 0 0.7071068 0 0.7071068 10.20388 0
3.8754 Head 0 1.6 0.78 345.15 327.8999 0 -0.124191 -0.2741586 -0.03572864 0.9529623
3.8754 FirstCar -28.98556 0.025 2.97 0 90 0 0 0.7071068 0 0.7071068 10.22081 0
3.8754 SecondCar -61.49978 0.025 2.97 0 90 0 0 0.7071068 0 0.7071068 10.20278 0
3.8758 Head 0 1.6 0.78 345.15 327.8999 0 -0.124191 -0.2741586 -0.03572864 0.9529623
3.8758 FirstCar -28.98163 0.025 2.97 0 90 0 0 0.7071068 0 0.7071068 10.21989 0
3.8758 SecondCar -61.49586 0.025 2.97 0 90 0 0 0.7071068 0 0.7071068 10.20186 0
3.8762 Head 0 1.6 0.78 345.15 327.8999 0 -0.124191 -0.2741586 -0.03572864 0.9529623
3.8762 FirstCar -28.97737 0.025 2.97 0 90 0 0 0.7071068 0 0.7071068 10.21889 0
3.8762 SecondCar -61.49161 0.025 2.97 0 90 0 0 0.7071068 0 0.7071068 10.20086 0
3.8766 Head 0 1.6 0.78 345.15 327.8999 0 -0.124191 -0.2741586 -0.03572864 0.9529623
3.8766 FirstCar -28.97321 0.025 2.97 0 90 0 0 0.7071068 0 0.7071068 10.21791 0
3.8766 SecondCar -61.48746 0.025 2.97 0 90 0 0 0.7071068 0 0.7071068 10.19988 0
3.8770 Head 0 1.6 0.78 345.15 327.8999 0 -0.124191 -0.2741586 -0.03572864 0.9529623
3.8770 FirstCar -28.96939 0.025 2.97 0 90 0 0 0.7071068 0 0.7071068 10.21702 0
3.8770 SecondCar -61.48365 0.025 2.97 0 90 0 0 0.7071068 0 0.7071068 10.19899 0
3.8775 Head 0 1.6 0.78 345.15 327.8999 0 -0.124191 -0.2741586 -0.03572864 0.9529623
3.8775 FirstCar -28.96404 0.025 2.97 0 90 0 0 0.7071068 0 0.7071068 10.21576 0
3.8775 SecondCar -61.47831 0.025 2.97 0 90 0 0 0.7071068 0 0.7071068 10.19773 0
3.8783 Head 0 1.6 0.78 345.15 327.8999 0 -0.124191 -0.2741586 -0.03572864 0.9529623
3.8783 FirstCar -28.95638 0.025 2.97 0 90 0 0 0.7071068 0 0.7071068 10.21396 0
3.8783 SecondCar -61.47066 0.025 2.97 0 90 0 0 0.7071068 0 0.7071068 10.19593 0
3.8787 Head 0 1.6 0.78 345.15 327.8999 0 -0.124191 -0.2741586 -0.03572864 0.9529623
3.8787 FirstCar -28.95182 0.025 2.97 0 90 0 0 0.7071068 0 0.7071068 10.21289 0
3.8787 SecondCar -61.46611 0.025 2.97 0 90 0 0 0.7071068 0 0.7071068 10.19486 0
3.8791 Head 0 1.6 0.78 345.15 327.8999 0 -0.124191 -0.2741586 -0.03572864 0.9529623
3.8791 FirstCar -28.94784 0.025 2.97 0 90 0 0 0.7071068 0 0.7071068 10.21195 0
3.8791 SecondCar -61.46214 0.025 2.97 0 90 0 0 0.7071068 0 0.7071068 10.19392 0
3.8795 Head 0 1.6 0.78 345.15 327.8999 0 -0.124191 -0.2741586 -0.03572864 0.9529623
3.8795 FirstCar -28.94401 0.025 2.97 0 90 0 0 0.7071068 0 0.7071068 10.21105 0
3.8795 SecondCar -61.45831 0.025 2.97 0 90 0 0 0.7071068 0 0.7071068 10.19302 0
3.8799 Head 0 1.6 0.78 345.15 327.8999 0 -0.124191 -0.2741586 -0.03572864 0.9529623
3.8799 FirstCar -28.94017 0.025 2.97 0 90 0 0 0.7071068 0 0.7071068 10.21015 0
3.8799 SecondCar -61.45447 0.025 2.97 0 90 0 0 0.7071068 0 0.7071068 10.19212 0
3.8802 Head 0 1.6 0.78 345.15 327.8999 0 -0.124191 -0.2741586 -0.03572864 0.9529623
3.8802 FirstCar -28.9362 0.025 2.97 0 90 0 0 0.7071068 0 0.7071068 10.20922 0
3.8802 SecondCar -61.45051 0.025 2.97 0 90 0 0 0.7071068 0 0.7071068 10.19119 0
3.8806 Head 0 1.6 0.78 345.15 327.8999 0 -0.124191 -0.2741586 -0.03572864 0.9529623
3.8806 FirstCar -28.93226 0.025 2.97 0 90 0 0 0.7071068 0 0.7071068 10.20829 0
3.8806 SecondCar -61.44658 0.025 2.97 0 90 0 0 0.7071068 0 0.7071068 10.19026 0
3.8810 Head 0 1.6 0.78 345.15 327.8999 0 -0.124191 -0.2741586 -0.03572864 0.9529623
3.8810 FirstCar -28.92854 0.025 2.97 0 90 0 0 0.7071068 0 0.7071068 10.20742 0
3.8810 SecondCar -61.44287 0.025 2.97 0 90 0 0 0.7071068 0 0.7071068 10.18939 0
3.8814 Head 0 1.6 0.78 345.15 327.8999 0 -0.124191 -0.2741586 -0.03572864 0.9529623
3.8814 FirstCar -28.92436 0.025 2.97 0 90 0 0 0.7071068 0 0.7071068 10.20643 0
3.8814 SecondCar -61.43869 0.025 2.97 0 90 0 0 0.7071068 0 0.7071068 10.1884 0
3.8818 Head 0 1.6 0.78 345.15 327.8999 0 -0.124191 -0.2741586 -0.03572864 0.9529623
3.8818 FirstCar -28.92056 0.025 2.97 0 90 0 0 0.7071068 0 0.7071068 10.20554 0
3.8818 SecondCar -61.4349 0.025 2.97 0 90 0 0 0.7071068 0 0.7071068 10.18751 0
3.8822 Head 0 1.6 0.78 345.15 327.8999 0 -0.124191 -0.2741586 -0.03572864 0.9529623
3.8822 FirstCar -28.91665 0.025 2.97 0 90 0 0 0.7071068 0 0.7071068 10.20462 0
3.8822 SecondCar -61.431 0.025 2.97 0 90 0 0 0.7071068 0 0.7071068 10.18659 0
3.8825 Head 0 1.6 0.78 345.15 327.8999 0 -0.124191 -0.2741586 -0.03572864 0.9529623
3.8825 FirstCar -28.91291 0.025 2.97 0 90 0 0 0.7071068 0 0.7071068 10.20374 0
3.8825 SecondCar -61.42726 0.025 2.97 0 90 0 0 0.7071068 0 0.7071068 10.18571 0
3.8829 Head 0 1.6 0.78 345.15 327.8999 0 -0.124191 -0.2741586 -0.03572864 0.9529623
3.8829 FirstCar -28.90925 0.025 2.97 0 90 0 0 0.7071068 0 0.7071068 10.20288 0
3.8829 SecondCar -61.42361 0.025 2.97 0 90 0 0 0.7071068 0 0.7071068 10.18485 0
3.8833 Head 0 1.6 0.78 345.15 327.8999 0 -0.124191 -0.2741586 -0.03572864 0.9529623
3.8833 FirstCar -28.90533 0.025 2.97 0 90 0 0 0.7071068 0 0.7071068 10.20196 0
3.8833 SecondCar -61.4197 0.025 2.97 0 90 0 0 0.7071068 0 0.7071068 10.18393 0
3.8836 Head 0 1.6 0.78 345.15 327.8999 0 -0.124191 -0.2741586 -0.03572864 0.9529623
3.8836 FirstCar -28.9017 0.025 2.97 0 90 0 0 0.7071068 0 0.7071068 10.2011 0
3.8836 SecondCar -61.41608 0.025 2.97 0 90 0 0 0.7071068 0 0.7071068 10.18307 0
3.8840 Head 0 1.6 0.78 345.15 327.8999 0 -0.124191 -0.2741586 -0.03572864 0.9529623
3.8840 FirstCar -28.89793 0.025 2.97 0 90 0 0 0.7071068 0 0.7071068 10.20021 0
3.8840 SecondCar -61.41231 0.025 2.97 0 90 0 0 0.7071068 0 0.7071068 10.18218 0
3.8844 Head 0 1.6 0.78 345.15 327.8999 0 -0.124191 -0.2741586 -0.03572864 0.9529623
3.8844 FirstCar -28.894 0.025 2.97 0 90 0 0 0.7071068 0 0.7071068 10.19929 0
3.8844 SecondCar -61.40839 0.025 2.97 0 90 0 0 0.7071068 0 0.7071068 10.18126 0
3.8847 Head 0 1.6 0.78 345.15 327.8999 0 -0.124191 -0.2741586 -0.03572864 0.9529623
3.8847 FirstCar -28.89042 0.025 2.97 0 90 0 0 0.7071068 0 0.7071068 10.19845 0
3.8847 SecondCar -61.40481 0.025 2.97 0 90 0 0 0.7071068 0 0.7071068 10.18042 0
3.8851 Head 0 1.6 0.78 345.15 327.8999 0 -0.124191 -0.2741586 -0.03572864 0.9529623
3.8851 FirstCar -28.88691 0.025 2.97 0 90 0 0 0.7071068 0 0.7071068 10.19762 0
3.8851 SecondCar -61.40131 0.025 2.97 0 90 0 0 0.7071068 0 0.7071068 10.17959 0
3.8858 Head 0 1.6 0.78 345.15 327.8999 0 -0.124191 -0.2741586 -0.03572864 0.9529623
3.8858 FirstCar -28.8794 0.025 2.97 0 90 0 0 0.7071068 0 0.7071068 10.19585 0
3.8858 SecondCar -61.39382 0.025 2.97 0 90 0 0 0.7071068 0 0.7071068 10.17782 0
3.8862 Head 0 1.6 0.78 345.15 327.8999 0 -0.124191 -0.2741586 -0.03572864 0.9529623
3.8862 FirstCar -28.87517 0.025 2.97 0 90 0 0 0.7071068 0 0.7071068 10.19486 0
3.8862 SecondCar -61.3896 0.025 2.97 0 90 0 0 0.7071068 0 0.7071068 10.17683 0
3.8867 Head 0 1.6 0.78 345.15 327.8999 0 -0.124191 -0.2741586 -0.03572864 0.9529623
3.8867 FirstCar -28.87082 0.025 2.97 0 90 0 0 0.7071068 0 0.7071068 10.19383 0
3.8867 SecondCar -61.38525 0.025 2.97 0 90 0 0 0.7071068 0 0.7071068 10.1758 0
3.8870 Head 0 1.6 0.78 345.15 327.8999 0 -0.124191 -0.2741586 -0.03572864 0.9529623
3.8870 FirstCar -28.86683 0.025 2.97 0 90 0 0 0.7071068 0 0.7071068 10.19289 0
3.8870 SecondCar -61.38127 0.025 2.97 0 90 0 0 0.7071068 0 0.7071068 10.17486 0
3.8875 Head 0 1.6 0.78 345.15 327.8999 0 -0.124191 -0.2741586 -0.03572864 0.9529623
3.8875 FirstCar -28.86245 0.025 2.97 0 90 0 0 0.7071068 0 0.7071068 10.19186 0
3.8875 SecondCar -61.37689 0.025 2.97 0 90 0 0 0.7071068 0 0.7071068 10.17383 0
3.8879 Head 0 1.6 0.78 345.15 327.8999 0 -0.124191 -0.2741586 -0.03572864 0.9529623
3.8879 FirstCar -28.85824 0.025 2.97 0 90 0 0 0.7071068 0 0.7071068 10.19087 0
3.8879 SecondCar -61.37269 0.025 2.97 0 90 0 0 0.7071068 0 0.7071068 10.17284 0
3.8882 Head 0 1.6 0.78 345.15 327.8999 0 -0.124191 -0.2741586 -0.03572864 0.9529623
3.8882 FirstCar -28.85463 0.025 2.97 0 90 0 0 0.7071068 0 0.7071068 10.19002 0
3.8882 SecondCar -61.36909 0.025 2.97 0 90 0 0 0.7071068 0 0.7071068 10.17199 0
3.8886 Head 0 1.6 0.78 345.15 327.8999 0 -0.124191 -0.2741586 -0.03572864 0.9529623
3.8886 FirstCar -28.85081 0.025 2.97 0 90 0 0 0.7071068 0 0.7071068 10.18912 0
3.8886 SecondCar -61.36528 0.025 2.97 0 90 0 0 0.7071068 0 0.7071068 10.17109 0
3.8890 Head 0 1.6 0.78 345.15 327.8999 0 -0.124191 -0.2741586 -0.03572864 0.9529623
3.8890 FirstCar -28.84707 0.025 2.97 0 90 0 0 0.7071068 0 0.7071068 10.18824 0
3.8890 SecondCar -61.36154 0.025 2.97 0 90 0 0 0.7071068 0 0.7071068 10.17021 0
3.8893 Head 0 1.6 0.78 345.15 327.8999 0 -0.124191 -0.2741586 -0.03572864 0.9529623
3.8893 FirstCar -28.84351 0.025 2.97 0 90 0 0 0.7071068 0 0.7071068 10.1874 0
3.8893 SecondCar -61.35799 0.025 2.97 0 90 0 0 0.7071068 0 0.7071068 10.16937 0
3.8897 Head 0 1.6 0.78 345.15 327.8999 0 -0.124191 -0.2741586 -0.03572864 0.9529623
3.8897 FirstCar -28.83966 0.025 2.97 0 90 0 0 0.7071068 0 0.7071068 10.1865 0
3.8897 SecondCar -61.35415 0.025 2.97 0 90 0 0 0.7071068 0 0.7071068 10.16847 0
3.8901 Head 0 1.6 0.78 345.15 327.8999 0 -0.124191 -0.2741586 -0.03572864 0.9529623
3.8901 FirstCar -28.83576 0.025 2.97 0 90 0 0 0.7071068 0 0.7071068 10.18558 0
3.8901 SecondCar -61.35026 0.025 2.97 0 90 0 0 0.7071068 0 0.7071068 10.16755 0
3.8905 Head 0 1.6 0.78 345.15 327.8999 0 -0.124191 -0.2741586 -0.03572864 0.9529623
3.8905 FirstCar -28.83194 0.025 2.97 0 90 0 0 0.7071068 0 0.7071068 10.18468 0
3.8905 SecondCar -61.34644 0.025 2.97 0 90 0 0 0.7071068 0 0.7071068 10.16665 0
3.8911 Head 0 1.6 0.78 345.15 327.8999 0 -0.124191 -0.2741586 -0.03572864 0.9529623
3.8911 FirstCar -28.82551 0.025 2.97 0 90 0 0 0.7071068 0 0.7071068 10.18316 0
3.8911 SecondCar -61.34002 0.025 2.97 0 90 0 0 0.7071068 0 0.7071068 10.16513 0
3.8915 Head 0 1.6 0.78 345.15 327.8999 0 -0.124191 -0.2741586 -0.03572864 0.9529623
3.8915 FirstCar -28.82159 0.025 2.97 0 90 0 0 0.7071068 0 0.7071068 10.18224 0
3.8915 SecondCar -61.33611 0.025 2.97 0 90 0 0 0.7071068 0 0.7071068 10.16421 0
3.8919 Head 0 1.6 0.78 345.15 327.8999 0 -0.124191 -0.2741586 -0.03572864 0.9529623
3.8919 FirstCar -28.81765 0.025 2.97 0 90 0 0 0.7071068 0 0.7071068 10.18131 0
3.8919 SecondCar -61.33218 0.025 2.97 0 90 0 0 0.7071068 0 0.7071068 10.16328 0
3.8922 Head 0 1.6 0.78 345.15 327.8999 0 -0.124191 -0.2741586 -0.03572864 0.9529623
3.8922 FirstCar -28.81385 0.025 2.97 0 90 0 0 0.7071068 0 0.7071068 10.18041 0
3.8922 SecondCar -61.32839 0.025 2.97 0 90 0 0 0.7071068 0 0.7071068 10.16238 0
3.8927 Head 0 1.6 0.78 345.15 327.8999 0 -0.124191 -0.2741586 -0.03572864 0.9529623
3.8927 FirstCar -28.80948 0.025 2.97 0 90 0 0 0.7071068 0 0.7071068 10.17938 0
3.8927 SecondCar -61.32402 0.025 2.97 0 90 0 0 0.7071068 0 0.7071068 10.16135 0
3.8931 Head 0 1.6 0.78 345.15 327.8999 0 -0.124191 -0.2741586 -0.03572864 0.9529623
3.8931 FirstCar -28.80544 0.025 2.97 0 90 0 0 0.7071068 0 0.7071068 10.17843 0
3.8931 SecondCar -61.31998 0.025 2.97 0 90 0 0 0.7071068 0 0.7071068 10.1604 0
3.8938 Head 0 1.6 0.78 345.15 327.8999 0 -0.124191 -0.2741586 -0.03572864 0.9529623
3.8938 FirstCar -28.79795 0.025 2.97 0 90 0 0 0.7071068 0 0.7071068 10.17666 0
3.8938 SecondCar -61.31251 0.025 2.97 0 90 0 0 0.7071068 0 0.7071068 10.15863 0
3.8942 Head 0 1.6 0.78 345.15 327.8999 0 -0.124191 -0.2741586 -0.03572864 0.9529623
3.8942 FirstCar -28.7937 0.025 2.97 0 90 0 0 0.7071068 0 0.7071068 10.17566 0
3.8942 SecondCar -61.30827 0.025 2.97 0 90 0 0 0.7071068 0 0.7071068 10.15763 0
3.8946 Head 0 1.6 0.78 345.15 327.8999 0 -0.124191 -0.2741586 -0.03572864 0.9529623
3.8946 FirstCar -28.78963 0.025 2.97 0 90 0 0 0.7071068 0 0.7071068 10.1747 0
3.8946 SecondCar -61.3042 0.025 2.97 0 90 0 0 0.7071068 0 0.7071068 10.15667 0
3.8950 Head 0 1.6 0.78 345.15 327.8999 0 -0.124191 -0.2741586 -0.03572864 0.9529623
3.8950 FirstCar -28.78556 0.025 2.97 0 90 0 0 0.7071068 0 0.7071068 10.17374 0
3.8950 SecondCar -61.30014 0.025 2.97 0 90 0 0 0.7071068 0 0.7071068 10.15571 0
3.8954 Head 0 1.6 0.78 345.15 327.8999 0 -0.124191 -0.2741586 -0.03572864 0.9529623
3.8954 FirstCar -28.78148 0.025 2.97 0 90 0 0 0.7071068 0 0.7071068 10.17278 0
3.8954 SecondCar -61.29606 0.025 2.97 0 90 0 0 0.7071068 0 0.7071068 10.15475 0
3.8958 Head 0 1.6 0.78 345.15 327.8999 0 -0.124191 -0.2741586 -0.03572864 0.9529623
3.8958 FirstCar -28.77757 0.025 2.97 0 90 0 0 0.7071068 0 0.7071068 10.17185 0
3.8958 SecondCar -61.29216 0.025 2.97 0 90 0 0 0.7071068 0 0.7071068 10.15382 0
3.8962 Head 0 1.6 0.78 345.15 327.8999 0 -0.124191 -0.2741586 -0.03572864 0.9529623
3.8962 FirstCar -28.77336 0.025 2.97 0 90 0 0 0.7071068 0 0.7071068 10.17086 0
3.8962 SecondCar -61.28796 0.025 2.97 0 90 0 0 0.7071068 0 0.7071068 10.15283 0
3.8966 Head 0 1.6 0.78 345.15 327.8999 0 -0.124191 -0.2741586 -0.03572864 0.9529623
3.8966 FirstCar -28.76912 0.025 2.97 0 90 0 0 0.7071068 0 0.7071068 10.16986 0
3.8966 SecondCar -61.28373 0.025 2.97 0 90 0 0 0.7071068 0 0.7071068 10.15183 0
3.8970 Head 0 1.6 0.78 345.15 327.8999 0 -0.124191 -0.2741586 -0.03572864 0.9529623
3.8970 FirstCar -28.76547 0.025 2.97 0 90 0 0 0.7071068 0 0.7071068 10.169 0
3.8970 SecondCar -61.28009 0.025 2.97 0 90 0 0 0.7071068 0 0.7071068 10.15097 0
3.8973 Head 0 1.6 0.78 345.15 327.8999 0 -0.124191 -0.2741586 -0.03572864 0.9529623
3.8973 FirstCar -28.76196 0.025 2.97 0 90 0 0 0.7071068 0 0.7071068 10.16817 0
3.8973 SecondCar -61.27658 0.025 2.97 0 90 0 0 0.7071068 0 0.7071068 10.15014 0
3.8977 Head 0 1.6 0.78 345.15 327.8999 0 -0.124191 -0.2741586 -0.03572864 0.9529623
3.8977 FirstCar -28.75844 0.025 2.97 0 90 0 0 0.7071068 0 0.7071068 10.16734 0
3.8977 SecondCar -61.27307 0.025 2.97 0 90 0 0 0.7071068 0 0.7071068 10.14931 0
3.8980 Head 0 1.6 0.78 345.15 327.8999 0 -0.124191 -0.2741586 -0.03572864 0.9529623
3.8980 FirstCar -28.75493 0.025 2.97 0 90 0 0 0.7071068 0 0.7071068 10.16651 0
3.8980 SecondCar -61.26957 0.025 2.97 0 90 0 0 0.7071068 0 0.7071068 10.14848 0
3.8984 Head 0 1.6 0.78 345.15 327.8999 0 -0.124191 -0.2741586 -0.03572864 0.9529623
3.8984 FirstCar -28.75131 0.025 2.97 0 90 0 0 0.7071068 0 0.7071068 10.16566 0
3.8984 SecondCar -61.26595 0.025 2.97 0 90 0 0 0.7071068 0 0.7071068 10.14763 0
3.8988 Head 0 1.6 0.78 345.15 327.8999 0 -0.124191 -0.2741586 -0.03572864 0.9529623
3.8988 FirstCar -28.74739 0.025 2.97 0 90 0 0 0.7071068 0 0.7071068 10.16473 0
3.8988 SecondCar -61.26204 0.025 2.97 0 90 0 0 0.7071068 0 0.7071068 10.1467 0
3.8991 Head 0 1.6 0.78 345.15 327.8999 0 -0.124191 -0.2741586 -0.03572864 0.9529623
3.8991 FirstCar -28.74376 0.025 2.97 0 90 0 0 0.7071068 0 0.7071068 10.16387 0
3.8991 SecondCar -61.25842 0.025 2.97 0 90 0 0 0.7071068 0 0.7071068 10.14584 0
3.8995 Head 0 1.6 0.78 345.15 327.8999 0 -0.124191 -0.2741586 -0.03572864 0.9529623
3.8995 FirstCar -28.74026 0.025 2.97 0 90 0 0 0.7071068 0 0.7071068 10.16305 0
3.8995 SecondCar -61.25492 0.025 2.97 0 90 0 0 0.7071068 0 0.7071068 10.14502 0
3.8998 Head 0 1.6 0.78 345.15 327.8999 0 -0.124191 -0.2741586 -0.03572864 0.9529623
3.8998 FirstCar -28.73661 0.025 2.97 0 90 0 0 0.7071068 0 0.7071068 10.16219 0
3.8998 SecondCar -61.25128 0.025 2.97 0 90 0 0 0.7071068 0 0.7071068 10.14416 0
3.9002 Head 0 1.6 0.78 345.15 327.8999 0 -0.124191 -0.2741586 -0.03572864 0.9529623
3.9002 FirstCar -28.73263 0.025 2.97 0 90 0 0 0.7071068 0 0.7071068 10.16125 0
3.9002 SecondCar -61.24731 0.025 2.97 0 90 0 0 0.7071068 0 0.7071068 10.14322 0
3.9006 Head 0 1.6 0.78 345.15 327.8999 0 -0.124191 -0.2741586 -0.03572864 0.9529623
3.9006 FirstCar -28.72858 0.025 2.97 0 90 0 0 0.7071068 0 0.7071068 10.16029 0
3.9006 SecondCar -61.24326 0.025 2.97 0 90 0 0 0.7071068 0 0.7071068 10.14226 0
3.9010 Head 0 1.6 0.78 345.15 327.8999 0 -0.124191 -0.2741586 -0.03572864 0.9529623
3.9010 FirstCar -28.72505 0.025 2.97 0 90 0 0 0.7071068 0 0.7071068 10.15945 0
3.9010 SecondCar -61.23973 0.025 2.97 0 90 0 0 0.7071068 0 0.7071068 10.14142 0
3.9013 Head 0 1.6 0.78 345.15 327.8999 0 -0.124191 -0.2741586 -0.03572864 0.9529623
3.9013 FirstCar -28.72152 0.025 2.97 0 90 0 0 0.7071068 0 0.7071068 10.15862 0
3.9013 SecondCar -61.23621 0.025 2.97 0 90 0 0 0.7071068 0 0.7071068 10.14059 0
3.9020 Head 0 1.6 0.78 345.15 327.8999 0 -0.124191 -0.2741586 -0.03572864 0.9529623
3.9020 FirstCar -28.71457 0.025 2.97 0 90 0 0 0.7071068 0 0.7071068 10.15698 0
3.9020 SecondCar -61.22927 0.025 2.97 0 90 0 0 0.7071068 0 0.7071068 10.13895 0
3.9024 Head 0 1.6 0.78 345.15 327.8999 0 -0.124191 -0.2741586 -0.03572864 0.9529623
3.9024 FirstCar -28.71049 0.025 2.97 0 90 0 0 0.7071068 0 0.7071068 10.15601 0
3.9024 SecondCar -61.22519 0.025 2.97 0 90 0 0 0.7071068 0 0.7071068 10.13798 0
3.9028 Head 0 1.6 0.78 345.15 327.8999 0 -0.124191 -0.2741586 -0.03572864 0.9529623
3.9028 FirstCar -28.70654 0.025 2.97 0 90 0 0 0.7071068 0 0.7071068 10.15508 0
3.9028 SecondCar -61.22125 0.025 2.97 0 90 0 0 0.7071068 0 0.7071068 10.13705 0
3.9032 Head 0 1.6 0.78 345.15 327.8999 0 -0.124191 -0.2741586 -0.03572864 0.9529623
3.9032 FirstCar -28.70279 0.025 2.97 0 90 0 0 0.7071068 0 0.7071068 10.15419 0
3.9032 SecondCar -61.21751 0.025 2.97 0 90 0 0 0.7071068 0 0.7071068 10.13616 0
3.9035 Head 0 1.6 0.78 345.15 327.8999 0 -0.124191 -0.2741586 -0.03572864 0.9529623
3.9035 FirstCar -28.69912 0.025 2.97 0 90 0 0 0.7071068 0 0.7071068 10.15333 0
3.9035 SecondCar -61.21385 0.025 2.97 0 90 0 0 0.7071068 0 0.7071068 10.1353 0
3.9039 Head 0 1.6 0.78 345.15 327.8999 0 -0.124191 -0.2741586 -0.03572864 0.9529623
3.9039 FirstCar -28.69538 0.025 2.97 0 90 0 0 0.7071068 0 0.7071068 10.15244 0
3.9039 SecondCar -61.21012 0.025 2.97 0 90 0 0 0.7071068 0 0.7071068 10.13441 0
3.9042 Head 0 1.6 0.78 345.15 327.8999 0 -0.124191 -0.2741586 -0.03572864 0.9529623
3.9042 FirstCar -28.69188 0.025 2.97 0 90 0 0 0.7071068 0 0.7071068 10.15162 0
3.9042 SecondCar -61.20662 0.025 2.97 0 90 0 0 0.7071068 0 0.7071068 10.13359 0
3.9046 Head 0 1.6 0.78 345.15 327.8999 0 -0.124191 -0.2741586 -0.03572864 0.9529623
3.9046 FirstCar -28.68826 0.025 2.97 0 90 0 0 0.7071068 0 0.7071068 10.15076 0
3.9046 SecondCar -61.20301 0.025 2.97 0 90 0 0 0.7071068 0 0.7071068 10.13273 0
3.9049 Head 0 1.6 0.78 345.15 327.8999 0 -0.124191 -0.2741586 -0.03572864 0.9529623
3.9049 FirstCar -28.68476 0.025 2.97 0 90 0 0 0.7071068 0 0.7071068 10.14993 0
3.9049 SecondCar -61.19951 0.025 2.97 0 90 0 0 0.7071068 0 0.7071068 10.1319 0
3.9053 Head 0 1.6 0.78 345.15 327.8999 0 -0.124191 -0.2741586 -0.03572864 0.9529623
3.9053 FirstCar -28.68125 0.025 2.97 0 90 0 0 0.7071068 0 0.7071068 10.1491 0
3.9053 SecondCar -61.19601 0.025 2.97 0 90 0 0 0.7071068 0 0.7071068 10.13107 0
3.9056 Head 0 1.6 0.78 345.15 327.8999 0 -0.124191 -0.2741586 -0.03572864 0.9529623
3.9056 FirstCar -28.67772 0.025 2.97 0 90 0 0 0.7071068 0 0.7071068 10.14827 0
3.9056 SecondCar -61.19249 0.025 2.97 0 90 0 0 0.7071068 0 0.7071068 10.13024 0
3.9060 Head 0 1.6 0.78 345.15 327.8999 0 -0.124191 -0.2741586 -0.03572864 0.9529623
3.9060 FirstCar -28.67403 0.025 2.97 0 90 0 0 0.7071068 0 0.7071068 10.1474 0
3.9060 SecondCar -61.1888 0.025 2.97 0 90 0 0 0.7071068 0 0.7071068 10.12936 0
3.9064 Head 0 1.6 0.78 345.15 327.8999 0 -0.124191 -0.2741586 -0.03572864 0.9529623
3.9064 FirstCar -28.67036 0.025 2.97 0 90 0 0 0.7071068 0 0.7071068 10.14653 0
3.9064 SecondCar -61.18514 0.025 2.97 0 90 0 0 0.7071068 0 0.7071068 10.1285 0
3.9068 Head 0 1.6 0.78 345.15 327.8999 0 -0.124191 -0.2741586 -0.03572864 0.9529623
3.9068 FirstCar -28.66641 0.025 2.97 0 90 0 0 0.7071068 0 0.7071068 10.14559 0
3.9068 SecondCar -61.1812 0.025 2.97 0 90 0 0 0.7071068 0 0.7071068 10.12756 0
3.9071 Head 0 1.6 0.78 345.15 327.8999 0 -0.124191 -0.2741586 -0.03572864 0.9529623
3.9071 FirstCar -28.6629 0.025 2.97 0 90 0 0 0.7071068 0 0.7071068 10.14476 0
3.9071 SecondCar -61.17769 0.025 2.97 0 90 0 0 0.7071068 0 0.7071068 10.12673 0
3.9075 Head 0 1.6 0.78 345.15 327.8999 0 -0.124191 -0.2741586 -0.03572864 0.9529623
3.9075 FirstCar -28.65928 0.025 2.97 0 90 0 0 0.7071068 0 0.7071068 10.14391 0
3.9075 SecondCar -61.17408 0.025 2.97 0 90 0 0 0.7071068 0 0.7071068 10.12588 0
3.9078 Head 0 1.6 0.78 345.15 327.8999 0 -0.124191 -0.2741586 -0.03572864 0.9529623
3.9078 FirstCar -28.65586 0.025 2.97 0 90 0 0 0.7071068 0 0.7071068 10.1431 0
3.9078 SecondCar -61.17067 0.025 2.97 0 90 0 0 0.7071068 0 0.7071068 10.12507 0
3.9081 Head 0 1.6 0.78 345.15 327.8999 0 -0.124191 -0.2741586 -0.03572864 0.9529623
3.9081 FirstCar -28.65246 0.025 2.97 0 90 0 0 0.7071068 0 0.7071068 10.14229 0
3.9081 SecondCar -61.16728 0.025 2.97 0 90 0 0 0.7071068 0 0.7071068 10.12426 0
3.9085 Head 0 1.6 0.78 345.15 327.8999 0 -0.124191 -0.2741586 -0.03572864 0.9529623
3.9085 FirstCar -28.6488 0.025 2.97 0 90 0 0 0.7071068 0 0.7071068 10.14143 0
3.9085 SecondCar -61.16362 0.025 2.97 0 90 0 0 0.7071068 0 0.7071068 10.1234 0
3.9088 Head 0 1.6 0.78 345.15 327.8999 0 -0.124191 -0.2741586 -0.03572864 0.9529623
3.9088 FirstCar -28.64522 0.025 2.97 0 90 0 0 0.7071068 0 0.7071068 10.14058 0
3.9088 SecondCar -61.16005 0.025 2.97 0 90 0 0 0.7071068 0 0.7071068 10.12255 0
3.9092 Head 0 1.6 0.78 345.15 327.8999 0 -0.124191 -0.2741586 -0.03572864 0.9529623
3.9092 FirstCar -28.64141 0.025 2.97 0 90 0 0 0.7071068 0 0.7071068 10.13968 0
3.9092 SecondCar -61.15625 0.025 2.97 0 90 0 0 0.7071068 0 0.7071068 10.12165 0
3.9099 Head 0 1.6 0.78 345.15 327.8999 0 -0.124191 -0.2741586 -0.03572864 0.9529623
3.9099 FirstCar -28.63434 0.025 2.97 0 90 0 0 0.7071068 0 0.7071068 10.138 0
3.9099 SecondCar -61.14919 0.025 2.97 0 90 0 0 0.7071068 0 0.7071068 10.11997 0
3.9103 Head 0 1.6 0.78 345.15 327.8999 0 -0.124191 -0.2741586 -0.03572864 0.9529623
3.9103 FirstCar -28.63017 0.025 2.97 0 90 0 0 0.7071068 0 0.7071068 10.13702 0
3.9103 SecondCar -61.14502 0.025 2.97 0 90 0 0 0.7071068 0 0.7071068 10.11899 0
3.9110 Head 0 1.6 0.78 345.15 327.8999 0 -0.124191 -0.2741586 -0.03572864 0.9529623
3.9110 FirstCar -28.62331 0.025 2.97 0 90 0 0 0.7071068 0 0.7071068 10.13539 0
3.9110 SecondCar -61.13817 0.025 2.97 0 90 0 0 0.7071068 0 0.7071068 10.11736 0
3.9114 Head 0 1.6 0.78 345.15 327.8999 0 -0.124191 -0.2741586 -0.03572864 0.9529623
3.9114 FirstCar -28.61936 0.025 2.97 0 90 0 0 0.7071068 0 0.7071068 10.13446 0
3.9114 SecondCar -61.13423 0.025 2.97 0 90 0 0 0.7071068 0 0.7071068 10.11643 0
3.9118 Head 0 1.6 0.78 345.15 327.8999 0 -0.124191 -0.2741586 -0.03572864 0.9529623
3.9118 FirstCar -28.61562 0.025 2.97 0 90 0 0 0.7071068 0 0.7071068 10.13357 0
3.9118 SecondCar -61.13049 0.025 2.97 0 90 0 0 0.7071068 0 0.7071068 10.11554 0
3.9122 Head 0 1.6 0.78 345.15 327.8999 0 -0.124191 -0.2741586 -0.03572864 0.9529623
3.9122 FirstCar -28.61151 0.025 2.97 0 90 0 0 0.7071068 0 0.7071068 10.1326 0
3.9122 SecondCar -61.12639 0.025 2.97 0 90 0 0 0.7071068 0 0.7071068 10.11457 0
3.9128 Head 0 1.6 0.78 345.15 327.8999 0 -0.124191 -0.2741586 -0.03572864 0.9529623
3.9128 FirstCar -28.60555 0.025 2.97 0 90 0 0 0.7071068 0 0.7071068 10.13118 0
3.9128 SecondCar -61.12044 0.025 2.97 0 90 0 0 0.7071068 0 0.7071068 10.11315 0
3.9132 Head 0 1.6 0.78 345.15 327.8999 0 -0.124191 -0.2741586 -0.03572864 0.9529623
3.9132 FirstCar -28.6014 0.025 2.97 0 90 0 0 0.7071068 0 0.7071068 10.1302 0
3.9132 SecondCar -61.1163 0.025 2.97 0 90 0 0 0.7071068 0 0.7071068 10.11217 0
3.9136 Head 0 1.6 0.78 345.15 327.8999 0 -0.124191 -0.2741586 -0.03572864 0.9529623
3.9136 FirstCar -28.59743 0.025 2.97 0 90 0 0 0.7071068 0 0.7071068 10.12926 0
3.9136 SecondCar -61.11234 0.025 2.97 0 90 0 0 0.7071068 0 0.7071068 10.11123 0
3.9139 Head 0 1.6 0.78 345.15 327.8999 0 -0.124191 -0.2741586 -0.03572864 0.9529623
3.9139 FirstCar -28.59378 0.025 2.97 0 90 0 0 0.7071068 0 0.7071068 10.1284 0
3.9139 SecondCar -61.10869 0.025 2.97 0 90 0 0 0.7071068 0 0.7071068 10.11037 0
3.9143 Head 0 1.6 0.78 345.15 327.8999 0 -0.124191 -0.2741586 -0.03572864 0.9529623
3.9143 FirstCar -28.59009 0.025 2.97 0 90 0 0 0.7071068 0 0.7071068 10.12752 0
3.9143 SecondCar -61.10501 0.025 2.97 0 90 0 0 0.7071068 0 0.7071068 10.10949 0
3.9146 Head 0 1.6 0.78 345.15 327.8999 0 -0.124191 -0.2741586 -0.03572864 0.9529623
3.9146 FirstCar -28.58645 0.025 2.97 0 90 0 0 0.7071068 0 0.7071068 10.12666 0
3.9146 SecondCar -61.10138 0.025 2.97 0 90 0 0 0.7071068 0 0.7071068 10.10863 0
3.9150 Head 0 1.6 0.78 345.15 327.8999 0 -0.124191 -0.2741586 -0.03572864 0.9529623
3.9150 FirstCar -28.58293 0.025 2.97 0 90 0 0 0.7071068 0 0.7071068 10.12583 0
3.9150 SecondCar -61.09785 0.025 2.97 0 90 0 0 0.7071068 0 0.7071068 10.1078 0
3.9154 Head 0 1.6 0.78 345.15 327.8999 0 -0.124191 -0.2741586 -0.03572864 0.9529623
3.9154 FirstCar -28.5791 0.025 2.97 0 90 0 0 0.7071068 0 0.7071068 10.12492 0
3.9154 SecondCar -61.09404 0.025 2.97 0 90 0 0 0.7071068 0 0.7071068 10.10689 0
3.9158 Head 0 1.6 0.78 345.15 327.8999 0 -0.124191 -0.2741586 -0.03572864 0.9529623
3.9158 FirstCar -28.57512 0.025 2.97 0 90 0 0 0.7071068 0 0.7071068 10.12398 0
3.9158 SecondCar -61.09007 0.025 2.97 0 90 0 0 0.7071068 0 0.7071068 10.10595 0
3.9161 Head 0 1.6 0.78 345.15 327.8999 0 -0.124191 -0.2741586 -0.03572864 0.9529623
3.9161 FirstCar -28.57129 0.025 2.97 0 90 0 0 0.7071068 0 0.7071068 10.12307 0
3.9161 SecondCar -61.08624 0.025 2.97 0 90 0 0 0.7071068 0 0.7071068 10.10504 0
3.9165 Head 0 1.6 0.78 345.15 327.8999 0 -0.124191 -0.2741586 -0.03572864 0.9529623
3.9165 FirstCar -28.56771 0.025 2.97 0 90 0 0 0.7071068 0 0.7071068 10.12222 0
3.9165 SecondCar -61.08266 0.025 2.97 0 90 0 0 0.7071068 0 0.7071068 10.10419 0
3.9169 Head 0 1.6 0.78 345.15 327.8999 0 -0.124191 -0.2741586 -0.03572864 0.9529623
3.9169 FirstCar -28.56371 0.025 2.97 0 90 0 0 0.7071068 0 0.7071068 10.12127 0
3.9169 SecondCar -61.07867 0.025 2.97 0 90 0 0 0.7071068 0 0.7071068 10.10324 0
3.9173 Head 0 1.6 0.78 345.15 327.8999 0 -0.124191 -0.2741586 -0.03572864 0.9529623
3.9173 FirstCar -28.55992 0.025 2.97 0 90 0 0 0.7071068 0 0.7071068 10.12037 0
3.9173 SecondCar -61.07489 0.025 2.97 0 90 0 0 0.7071068 0 0.7071068 10.10234 0
3.9179 Head 0 1.6 0.78 345.15 327.8999 0 -0.124191 -0.2741586 -0.03572864 0.9529623
3.9179 FirstCar -28.55308 0.025 2.97 0 90 0 0 0.7071068 0 0.7071068 10.11875 0
3.9179 SecondCar -61.06806 0.025 2.97 0 90 0 0 0.7071068 0 0.7071068 10.10072 0
3.9184 Head 0 1.6 0.78 345.15 327.8999 0 -0.124191 -0.2741586 -0.03572864 0.9529623
3.9184 FirstCar -28.54835 0.025 2.97 0 90 0 0 0.7071068 0 0.7071068 10.11763 0
3.9184 SecondCar -61.06335 0.025 2.97 0 90 0 0 0.7071068 0 0.7071068 10.0996 0
3.9188 Head 0 1.6 0.78 345.15 327.8999 0 -0.124191 -0.2741586 -0.03572864 0.9529623
3.9188 FirstCar -28.54466 0.025 2.97 0 90 0 0 0.7071068 0 0.7071068 10.11675 0
3.9188 SecondCar -61.05966 0.025 2.97 0 90 0 0 0.7071068 0 0.7071068 10.09872 0
3.9191 Head 0 1.6 0.78 345.15 327.8999 0 -0.124191 -0.2741586 -0.03572864 0.9529623
3.9191 FirstCar -28.54102 0.025 2.97 0 90 0 0 0.7071068 0 0.7071068 10.11589 0
3.9191 SecondCar -61.05602 0.025 2.97 0 90 0 0 0.7071068 0 0.7071068 10.09786 0
3.9195 Head 0 1.6 0.78 345.15 327.8999 0 -0.124191 -0.2741586 -0.03572864 0.9529623
3.9195 FirstCar -28.53751 0.025 2.97 0 90 0 0 0.7071068 0 0.7071068 10.11505 0
3.9195 SecondCar -61.05252 0.025 2.97 0 90 0 0 0.7071068 0 0.7071068 10.09702 0
3.9199 Head 0 1.6 0.78 345.15 327.8999 0 -0.124191 -0.2741586 -0.03572864 0.9529623
3.9199 FirstCar -28.53357 0.025 2.97 0 90 0 0 0.7071068 0 0.7071068 10.11412 0
3.9199 SecondCar -61.04859 0.025 2.97 0 90 0 0 0.7071068 0 0.7071068 10.09609 0
3.9202 Head 0 1.6 0.78 345.15 327.8999 0 -0.124191 -0.2741586 -0.03572864 0.9529623
3.9202 FirstCar -28.52984 0.025 2.97 0 90 0 0 0.7071068 0 0.7071068 10.11323 0
3.9202 SecondCar -61.04486 0.025 2.97 0 90 0 0 0.7071068 0 0.7071068 10.0952 0
3.9206 Head 0 1.6 0.78 345.15 327.8999 0 -0.124191 -0.2741586 -0.03572864 0.9529623
3.9206 FirstCar -28.52635 0.025 2.97 0 90 0 0 0.7071068 0 0.7071068 10.11241 0
3.9206 SecondCar -61.04139 0.025 2.97 0 90 0 0 0.7071068 0 0.7071068 10.09438 0
3.9209 Head 0 1.6 0.78 345.15 327.8999 0 -0.124191 -0.2741586 -0.03572864 0.9529623
3.9209 FirstCar -28.52293 0.025 2.97 0 90 0 0 0.7071068 0 0.7071068 10.11159 0
3.9209 SecondCar -61.03797 0.025 2.97 0 90 0 0 0.7071068 0 0.7071068 10.09356 0
3.9213 Head 0 1.6 0.78 345.15 327.8999 0 -0.124191 -0.2741586 -0.03572864 0.9529623
3.9213 FirstCar -28.51889 0.025 2.97 0 90 0 0 0.7071068 0 0.7071068 10.11063 0
3.9213 SecondCar -61.03394 0.025 2.97 0 90 0 0 0.7071068 0 0.7071068 10.0926 0
3.9217 Head 0 1.6 0.78 345.15 327.8999 0 -0.124191 -0.2741586 -0.03572864 0.9529623
3.9217 FirstCar -28.5153 0.025 2.97 0 90 0 0 0.7071068 0 0.7071068 10.10978 0
3.9217 SecondCar -61.03036 0.025 2.97 0 90 0 0 0.7071068 0 0.7071068 10.09175 0
3.9221 Head 0 1.6 0.78 345.15 327.8999 0 -0.124191 -0.2741586 -0.03572864 0.9529623
3.9221 FirstCar -28.5115 0.025 2.97 0 90 0 0 0.7071068 0 0.7071068 10.10888 0
3.9221 SecondCar -61.02656 0.025 2.97 0 90 0 0 0.7071068 0 0.7071068 10.09085 0
3.9224 Head 0 1.6 0.78 345.15 327.8999 0 -0.124191 -0.2741586 -0.03572864 0.9529623
3.9224 FirstCar -28.50812 0.025 2.97 0 90 0 0 0.7071068 0 0.7071068 10.10808 0
3.9224 SecondCar -61.02319 0.025 2.97 0 90 0 0 0.7071068 0 0.7071068 10.09005 0
3.9227 Head 0 1.6 0.78 345.15 327.8999 0 -0.124191 -0.2741586 -0.03572864 0.9529623
3.9227 FirstCar -28.50468 0.025 2.97 0 90 0 0 0.7071068 0 0.7071068 10.10726 0
3.9227 SecondCar -61.01975 0.025 2.97 0 90 0 0 0.7071068 0 0.7071068 10.08923 0
3.9231 Head 0 1.6 0.78 345.15 327.8999 0 -0.124191 -0.2741586 -0.03572864 0.9529623
3.9231 FirstCar -28.50072 0.025 2.97 0 90 0 0 0.7071068 0 0.7071068 10.10632 0
3.9231 SecondCar -61.0158 0.025 2.97 0 90 0 0 0.7071068 0 0.7071068 10.08829 0
3.9235 Head 0 1.6 0.78 345.15 327.8999 0 -0.124191 -0.2741586 -0.03572864 0.9529623
3.9235 FirstCar -28.49696 0.025 2.97 0 90 0 0 0.7071068 0 0.7071068 10.10543 0
3.9235 SecondCar -61.01205 0.025 2.97 0 90 0 0 0.7071068 0 0.7071068 10.0874 0
3.9239 Head 0 1.6 0.78 345.15 327.8999 0 -0.124191 -0.2741586 -0.03572864 0.9529623
3.9239 FirstCar -28.49284 0.025 2.97 0 90 0 0 0.7071068 0 0.7071068 10.10445 0
3.9239 SecondCar -61.00793 0.025 2.97 0 90 0 0 0.7071068 0 0.7071068 10.08642 0
3.9243 Head 0 1.6 0.78 345.15 327.8999 0 -0.124191 -0.2741586 -0.03572864 0.9529623
3.9243 FirstCar -28.48894 0.025 2.97 0 90 0 0 0.7071068 0 0.7071068 10.10352 0
3.9243 SecondCar -61.00404 0.025 2.97 0 90 0 0 0.7071068 0 0.7071068 10.08549 0
3.9246 Head 0 1.6 0.78 345.15 327.8999 0 -0.124191 -0.2741586 -0.03572864 0.9529623
3.9246 FirstCar -28.48528 0.025 2.97 0 90 0 0 0.7071068 0 0.7071068 10.10265 0
3.9246 SecondCar -61.00039 0.025 2.97 0 90 0 0 0.7071068 0 0.7071068 10.08462 0
3.9250 Head 0 1.6 0.78 345.15 327.8999 0 -0.124191 -0.2741586 -0.03572864 0.9529623
3.9250 FirstCar -28.48164 0.025 2.97 0 90 0 0 0.7071068 0 0.7071068 10.10179 0
3.9250 SecondCar -60.99676 0.025 2.97 0 90 0 0 0.7071068 0 0.7071068 10.08376 0
3.9258 Head 0 1.6 0.78 345.15 327.8999 0 -0.124191 -0.2741586 -0.03572864 0.9529623
3.9258 FirstCar -28.47335 0.025 2.97 0 90 0 0 0.7071068 0 0.7071068 10.09982 0
3.9258 SecondCar -60.98848 0.025 2.97 0 90 0 0 0.7071068 0 0.7071068 10.08179 0
3.9263 Head 0 1.6 0.78 345.15 327.8999 0 -0.124191 -0.2741586 -0.03572864 0.9529623
3.9263 FirstCar -28.46833 0.025 2.97 0 90 0 0 0.7071068 0 0.7071068 10.09863 0
3.9263 SecondCar -60.98347 0.025 2.97 0 90 0 0 0.7071068 0 0.7071068 10.0806 0
3.9268 Head 0 1.6 0.78 345.15 327.8999 0 -0.124191 -0.2741586 -0.03572864 0.9529623
3.9268 FirstCar -28.46398 0.025 2.97 0 90 0 0 0.7071068 0 0.7071068 10.09759 0
3.9268 SecondCar -60.97912 0.025 2.97 0 90 0 0 0.7071068 0 0.7071068 10.07956 0
3.9272 Head 0 1.6 0.78 345.15 327.8999 0 -0.124191 -0.2741586 -0.03572864 0.9529623
3.9272 FirstCar -28.45956 0.025 2.97 0 90 0 0 0.7071068 0 0.7071068 10.09654 0
3.9272 SecondCar -60.9747 0.025 2.97 0 90 0 0 0.7071068 0 0.7071068 10.07851 0
3.9277 Head 0 1.6 0.78 345.15 327.8999 0 -0.124191 -0.2741586 -0.03572864 0.9529623
3.9277 FirstCar -28.45474 0.025 2.97 0 90 0 0 0.7071068 0 0.7071068 10.0954 0
3.9277 SecondCar -60.96989 0.025 2.97 0 90 0 0 0.7071068 0 0.7071068 10.07737 0
3.9281 Head 0 1.6 0.78 345.15 327.8999 0 -0.124191 -0.2741586 -0.03572864 0.9529623
3.9281 FirstCar -28.45062 0.025 2.97 0 90 0 0 0.7071068 0 0.7071068 10.09442 0
3.9281 SecondCar -60.96579 0.025 2.97 0 90 0 0 0.7071068 0 0.7071068 10.07639 0
3.9285 Head 0 1.6 0.78 345.15 327.8999 0 -0.124191 -0.2741586 -0.03572864 0.9529623
3.9285 FirstCar -28.44672 0.025 2.97 0 90 0 0 0.7071068 0 0.7071068 10.09349 0
3.9285 SecondCar -60.96189 0.025 2.97 0 90 0 0 0.7071068 0 0.7071068 10.07546 0
3.9289 Head 0 1.6 0.78 345.15 327.8999 0 -0.124191 -0.2741586 -0.03572864 0.9529623
3.9289 FirstCar -28.44284 0.025 2.97 0 90 0 0 0.7071068 0 0.7071068 10.09257 0
3.9289 SecondCar -60.95802 0.025 2.97 0 90 0 0 0.7071068 0 0.7071068 10.07454 0
3.9294 Head 0 1.6 0.78 345.15 327.8999 0 -0.124191 -0.2741586 -0.03572864 0.9529623
3.9294 FirstCar -28.43729 0.025 2.97 0 90 0 0 0.7071068 0 0.7071068 10.09125 0
3.9294 SecondCar -60.95248 0.025 2.97 0 90 0 0 0.7071068 0 0.7071068 10.07322 0
3.9299 Head 0 1.6 0.78 345.15 327.8999 0 -0.124191 -0.2741586 -0.03572864 0.9529623
3.9299 FirstCar -28.43218 0.025 2.97 0 90 0 0 0.7071068 0 0.7071068 10.09003 0
3.9299 SecondCar -60.94738 0.025 2.97 0 90 0 0 0.7071068 0 0.7071068 10.072 0
3.9304 Head 0 1.6 0.78 345.15 327.8999 0 -0.124191 -0.2741586 -0.03572864 0.9529623
3.9304 FirstCar -28.42727 0.025 2.97 0 90 0 0 0.7071068 0 0.7071068 10.08886 0
3.9304 SecondCar -60.94248 0.025 2.97 0 90 0 0 0.7071068 0 0.7071068 10.07083 0
3.9311 Head 0 1.6 0.78 345.15 327.8999 0 -0.124191 -0.2741586 -0.03572864 0.9529623
3.9311 FirstCar -28.42041 0.025 2.97 0 90 0 0 0.7071068 0 0.7071068 10.08723 0
3.9311 SecondCar -60.93563 0.025 2.97 0 90 0 0 0.7071068 0 0.7071068 10.0692 0
3.9315 Head 0 1.6 0.78 345.15 327.8999 0 -0.124191 -0.2741586 -0.03572864 0.9529623
3.9315 FirstCar -28.4164 0.025 2.97 0 90 0 0 0.7071068 0 0.7071068 10.08628 0
3.9315 SecondCar -60.93163 0.025 2.97 0 90 0 0 0.7071068 0 0.7071068 10.06824 0
3.9319 Head 0 1.6 0.78 345.15 327.8999 0 -0.124191 -0.2741586 -0.03572864 0.9529623
3.9319 FirstCar -28.41254 0.025 2.97 0 90 0 0 0.7071068 0 0.7071068 10.08536 0
3.9319 SecondCar -60.92777 0.025 2.97 0 90 0 0 0.7071068 0 0.7071068 10.06733 0
3.9322 Head 0 1.6 0.78 345.15 327.8999 0 -0.124191 -0.2741586 -0.03572864 0.9529623
3.9322 FirstCar -28.40886 0.025 2.97 0 90 0 0 0.7071068 0 0.7071068 10.08448 0
3.9322 SecondCar -60.92411 0.025 2.97 0 90 0 0 0.7071068 0 0.7071068 10.06645 0
3.9326 Head 0 1.6 0.78 345.15 327.8999 0 -0.124191 -0.2741586 -0.03572864 0.9529623
3.9326 FirstCar -28.40519 0.025 2.97 0 90 0 0 0.7071068 0 0.7071068 10.08361 0
3.9326 SecondCar -60.92044 0.025 2.97 0 90 0 0 0.7071068 0 0.7071068 10.06558 0
3.9330 Head 0 1.6 0.78 345.15 327.8999 0 -0.124191 -0.2741586 -0.03572864 0.9529623
3.9330 FirstCar -28.40134 0.025 2.97 0 90 0 0 0.7071068 0 0.7071068 10.08269 0
3.9330 SecondCar -60.9166 0.025 2.97 0 90 0 0 0.7071068 0 0.7071068 10.06466 0
3.9334 Head 0 1.6 0.78 345.15 327.8999 0 -0.124191 -0.2741586 -0.03572864 0.9529623
3.9334 FirstCar -28.3973 0.025 2.97 0 90 0 0 0.7071068 0 0.7071068 10.08173 0
3.9334 SecondCar -60.91257 0.025 2.97 0 90 0 0 0.7071068 0 0.7071068 10.0637 0
3.9341 Head 0 1.6 0.78 345.15 327.8999 0 -0.124191 -0.2741586 -0.03572864 0.9529623
3.9341 FirstCar -28.38994 0.025 2.97 0 90 0 0 0.7071068 0 0.7071068 10.07998 0
3.9341 SecondCar -60.90522 0.025 2.97 0 90 0 0 0.7071068 0 0.7071068 10.06194 0
3.9345 Head 0 1.6 0.78 345.15 327.8999 0 -0.124191 -0.2741586 -0.03572864 0.9529623
3.9345 FirstCar -28.38558 0.025 2.97 0 90 0 0 0.7071068 0 0.7071068 10.07894 0
3.9345 SecondCar -60.90087 0.025 2.97 0 90 0 0 0.7071068 0 0.7071068 10.06091 0
3.9349 Head 0 1.6 0.78 345.15 327.8999 0 -0.124191 -0.2741586 -0.03572864 0.9529623
3.9349 FirstCar -28.38135 0.025 2.97 0 90 0 0 0.7071068 0 0.7071068 10.07793 0
3.9349 SecondCar -60.89664 0.025 2.97 0 90 0 0 0.7071068 0 0.7071068 10.0599 0
3.9353 Head 0 1.6 0.78 345.15 327.8999 0 -0.124191 -0.2741586 -0.03572864 0.9529623
3.9353 FirstCar -28.37746 0.025 2.97 0 90 0 0 0.7071068 0 0.7071068 10.077 0
3.9353 SecondCar -60.89276 0.025 2.97 0 90 0 0 0.7071068 0 0.7071068 10.05897 0
3.9357 Head 0 1.6 0.78 345.15 327.8999 0 -0.124191 -0.2741586 -0.03572864 0.9529623
3.9357 FirstCar -28.37329 0.025 2.97 0 90 0 0 0.7071068 0 0.7071068 10.07601 0
3.9357 SecondCar -60.8886 0.025 2.97 0 90 0 0 0.7071068 0 0.7071068 10.05798 0
3.9361 Head 0 1.6 0.78 345.15 327.8999 0 -0.124191 -0.2741586 -0.03572864 0.9529623
3.9361 FirstCar -28.36932 0.025 2.97 0 90 0 0 0.7071068 0 0.7071068 10.07507 0
3.9361 SecondCar -60.88464 0.025 2.97 0 90 0 0 0.7071068 0 0.7071068 10.05704 0
3.9365 Head 0 1.6 0.78 345.15 327.8999 0 -0.124191 -0.2741586 -0.03572864 0.9529623
3.9365 FirstCar -28.36548 0.025 2.97 0 90 0 0 0.7071068 0 0.7071068 10.07415 0
3.9365 SecondCar -60.88081 0.025 2.97 0 90 0 0 0.7071068 0 0.7071068 10.05612 0
3.9369 Head 0 1.6 0.78 345.15 327.8999 0 -0.124191 -0.2741586 -0.03572864 0.9529623
3.9369 FirstCar -28.362 0.025 2.97 0 90 0 0 0.7071068 0 0.7071068 10.07332 0
3.9369 SecondCar -60.87732 0.025 2.97 0 90 0 0 0.7071068 0 0.7071068 10.05529 0
3.9372 Head 0 1.6 0.78 345.15 327.8999 0 -0.124191 -0.2741586 -0.03572864 0.9529623
3.9372 FirstCar -28.35848 0.025 2.97 0 90 0 0 0.7071068 0 0.7071068 10.07248 0
3.9372 SecondCar -60.87382 0.025 2.97 0 90 0 0 0.7071068 0 0.7071068 10.05445 0
3.9376 Head 0 1.6 0.78 345.15 327.8999 0 -0.124191 -0.2741586 -0.03572864 0.9529623
3.9376 FirstCar -28.35479 0.025 2.97 0 90 0 0 0.7071068 0 0.7071068 10.0716 0
3.9376 SecondCar -60.87012 0.025 2.97 0 90 0 0 0.7071068 0 0.7071068 10.05357 0
3.9379 Head 0 1.6 0.78 345.15 327.8999 0 -0.124191 -0.2741586 -0.03572864 0.9529623
3.9379 FirstCar -28.35115 0.025 2.97 0 90 0 0 0.7071068 0 0.7071068 10.07074 0
3.9379 SecondCar -60.86649 0.025 2.97 0 90 0 0 0.7071068 0 0.7071068 10.05271 0
3.9383 Head 0 1.6 0.78 345.15 327.8999 0 -0.124191 -0.2741586 -0.03572864 0.9529623
3.9383 FirstCar -28.34721 0.025 2.97 0 90 0 0 0.7071068 0 0.7071068 10.0698 0
3.9383 SecondCar -60.86256 0.025 2.97 0 90 0 0 0.7071068 0 0.7071068 10.05177 0
3.9387 Head 0 1.6 0.78 345.15 327.8999 0 -0.124191 -0.2741586 -0.03572864 0.9529623
3.9387 FirstCar -28.34314 0.025 2.97 0 90 0 0 0.7071068 0 0.7071068 10.06883 0
3.9387 SecondCar -60.8585 0.025 2.97 0 90 0 0 0.7071068 0 0.7071068 10.0508 0
3.9391 Head 0 1.6 0.78 345.15 327.8999 0 -0.124191 -0.2741586 -0.03572864 0.9529623
3.9391 FirstCar -28.33921 0.025 2.97 0 90 0 0 0.7071068 0 0.7071068 10.06789 0
3.9391 SecondCar -60.85458 0.025 2.97 0 90 0 0 0.7071068 0 0.7071068 10.04986 0
3.9395 Head 0 1.6 0.78 345.15 327.8999 0 -0.124191 -0.2741586 -0.03572864 0.9529623
3.9395 FirstCar -28.33573 0.025 2.97 0 90 0 0 0.7071068 0 0.7071068 10.06706 0
3.9395 SecondCar -60.8511 0.025 2.97 0 90 0 0 0.7071068 0 0.7071068 10.04903 0
3.9398 Head 0 1.6 0.78 345.15 327.8999 0 -0.124191 -0.2741586 -0.03572864 0.9529623
3.9398 FirstCar -28.33217 0.025 2.97 0 90 0 0 0.7071068 0 0.7071068 10.06621 0
3.9398 SecondCar -60.84755 0.025 2.97 0 90 0 0 0.7071068 0 0.7071068 10.04818 0
3.9402 Head 0 1.6 0.78 345.15 327.8999 0 -0.124191 -0.2741586 -0.03572864 0.9529623
3.9402 FirstCar -28.32862 0.025 2.97 0 90 0 0 0.7071068 0 0.7071068 10.06537 0
3.9402 SecondCar -60.84401 0.025 2.97 0 90 0 0 0.7071068 0 0.7071068 10.04734 0
3.9406 Head 0 1.6 0.78 345.15 327.8999 0 -0.124191 -0.2741586 -0.03572864 0.9529623
3.9406 FirstCar -28.32449 0.025 2.97 0 90 0 0 0.7071068 0 0.7071068 10.06438 0
3.9406 SecondCar -60.83988 0.025 2.97 0 90 0 0 0.7071068 0 0.7071068 10.04635 0
3.9410 Head 0 1.6 0.78 345.15 327.8999 0 -0.124191 -0.2741586 -0.03572864 0.9529623
3.9410 FirstCar -28.32083 0.025 2.97 0 90 0 0 0.7071068 0 0.7071068 10.06351 0
3.9410 SecondCar -60.83624 0.025 2.97 0 90 0 0 0.7071068 0 0.7071068 10.04548 0
3.9413 Head 0 1.6 0.78 345.15 327.8999 0 -0.124191 -0.2741586 -0.03572864 0.9529623
3.9413 FirstCar -28.31708 0.025 2.97 0 90 0 0 0.7071068 0 0.7071068 10.06262 0
3.9413 SecondCar -60.83249 0.025 2.97 0 90 0 0 0.7071068 0 0.7071068 10.04459 0
3.9420 Head 0 1.6 0.78 345.15 327.8999 0 -0.124191 -0.2741586 -0.03572864 0.9529623
3.9420 FirstCar -28.30987 0.025 2.97 0 90 0 0 0.7071068 0 0.7071068 10.06089 0
3.9420 SecondCar -60.82529 0.025 2.97 0 90 0 0 0.7071068 0 0.7071068 10.04286 0
3.9424 Head 0 1.6 0.78 345.15 327.8999 0 -0.124191 -0.2741586 -0.03572864 0.9529623
3.9424 FirstCar -28.30582 0.025 2.97 0 90 0 0 0.7071068 0 0.7071068 10.05993 0
3.9424 SecondCar -60.82125 0.025 2.97 0 90 0 0 0.7071068 0 0.7071068 10.0419 0
3.9429 Head 0 1.6 0.78 345.15 327.8999 0 -0.124191 -0.2741586 -0.03572864 0.9529623
3.9429 FirstCar -28.30161 0.025 2.97 0 90 0 0 0.7071068 0 0.7071068 10.05892 0
3.9429 SecondCar -60.81704 0.025 2.97 0 90 0 0 0.7071068 0 0.7071068 10.04089 0
3.9433 Head 0 1.6 0.78 345.15 327.8999 0 -0.124191 -0.2741586 -0.03572864 0.9529623
3.9433 FirstCar -28.29732 0.025 2.97 0 90 0 0 0.7071068 0 0.7071068 10.0579 0
3.9433 SecondCar -60.81277 0.025 2.97 0 90 0 0 0.7071068 0 0.7071068 10.03987 0
3.9437 Head 0 1.6 0.78 345.15 327.8999 0 -0.124191 -0.2741586 -0.03572864 0.9529623
3.9437 FirstCar -28.29358 0.025 2.97 0 90 0 0 0.7071068 0 0.7071068 10.05701 0
3.9437 SecondCar -60.80903 0.025 2.97 0 90 0 0 0.7071068 0 0.7071068 10.03898 0
3.9441 Head 0 1.6 0.78 345.15 327.8999 0 -0.124191 -0.2741586 -0.03572864 0.9529623
3.9441 FirstCar -28.28955 0.025 2.97 0 90 0 0 0.7071068 0 0.7071068 10.05605 0
3.9441 SecondCar -60.80501 0.025 2.97 0 90 0 0 0.7071068 0 0.7071068 10.03802 0
3.9444 Head 0 1.6 0.78 345.15 327.8999 0 -0.124191 -0.2741586 -0.03572864 0.9529623
3.9444 FirstCar -28.286 0.025 2.97 0 90 0 0 0.7071068 0 0.7071068 10.0552 0
3.9444 SecondCar -60.80146 0.025 2.97 0 90 0 0 0.7071068 0 0.7071068 10.03717 0
3.9448 Head 0 1.6 0.78 345.15 327.8999 0 -0.124191 -0.2741586 -0.03572864 0.9529623
3.9448 FirstCar -28.28181 0.025 2.97 0 90 0 0 0.7071068 0 0.7071068 10.0542 0
3.9448 SecondCar -60.79728 0.025 2.97 0 90 0 0 0.7071068 0 0.7071068 10.03617 0
3.9452 Head 0 1.6 0.78 345.15 327.8999 0 -0.124191 -0.2741586 -0.03572864 0.9529623
3.9452 FirstCar -28.27815 0.025 2.97 0 90 0 0 0.7071068 0 0.7071068 10.05332 0
3.9452 SecondCar -60.79362 0.025 2.97 0 90 0 0 0.7071068 0 0.7071068 10.03529 0
3.9456 Head 0 1.6 0.78 345.15 327.8999 0 -0.124191 -0.2741586 -0.03572864 0.9529623
3.9456 FirstCar -28.27456 0.025 2.97 0 90 0 0 0.7071068 0 0.7071068 10.05247 0
3.9456 SecondCar -60.79004 0.025 2.97 0 90 0 0 0.7071068 0 0.7071068 10.03444 0
3.9460 Head 0 1.6 0.78 345.15 327.8999 0 -0.124191 -0.2741586 -0.03572864 0.9529623
3.9460 FirstCar -28.27039 0.025 2.97 0 90 0 0 0.7071068 0 0.7071068 10.05147 0
3.9460 SecondCar -60.78588 0.025 2.97 0 90 0 0 0.7071068 0 0.7071068 10.03344 0
3.9463 Head 0 1.6 0.78 345.15 327.8999 0 -0.124191 -0.2741586 -0.03572864 0.9529623
3.9463 FirstCar -28.26666 0.025 2.97 0 90 0 0 0.7071068 0 0.7071068 10.05058 0
3.9463 SecondCar -60.78216 0.025 2.97 0 90 0 0 0.7071068 0 0.7071068 10.03255 0
3.9468 Head 0 1.6 0.78 345.15 327.8999 0 -0.124191 -0.2741586 -0.03572864 0.9529623
3.9468 FirstCar -28.26239 0.025 2.97 0 90 0 0 0.7071068 0 0.7071068 10.04956 0
3.9468 SecondCar -60.77789 0.025 2.97 0 90 0 0 0.7071068 0 0.7071068 10.03153 0
3.9472 Head 0 1.6 0.78 345.15 327.8999 0 -0.124191 -0.2741586 -0.03572864 0.9529623
3.9472 FirstCar -28.25831 0.025 2.97 0 90 0 0 0.7071068 0 0.7071068 10.04859 0
3.9472 SecondCar -60.77382 0.025 2.97 0 90 0 0 0.7071068 0 0.7071068 10.03056 0
3.9475 Head 0 1.6 0.78 345.15 327.8999 0 -0.124191 -0.2741586 -0.03572864 0.9529623
3.9475 FirstCar -28.25457 0.025 2.97 0 90 0 0 0.7071068 0 0.7071068 10.04769 0
3.9475 SecondCar -60.77009 0.025 2.97 0 90 0 0 0.7071068 0 0.7071068 10.02966 0
3.9479 Head 0 1.6 0.78 345.15 327.8999 0 -0.124191 -0.2741586 -0.03572864 0.9529623
3.9479 FirstCar -28.25088 0.025 2.97 0 90 0 0 0.7071068 0 0.7071068 10.04681 0
3.9479 SecondCar -60.7664 0.025 2.97 0 90 0 0 0.7071068 0 0.7071068 10.02878 0
3.9483 Head 0 1.6 0.78 345.15 327.8999 0 -0.124191 -0.2741586 -0.03572864 0.9529623
3.9483 FirstCar -28.24697 0.025 2.97 0 90 0 0 0.7071068 0 0.7071068 10.04588 0
3.9483 SecondCar -60.7625 0.025 2.97 0 90 0 0 0.7071068 0 0.7071068 10.02785 0
3.9487 Head 0 1.6 0.78 345.15 327.8999 0 -0.124191 -0.2741586 -0.03572864 0.9529623
3.9487 FirstCar -28.24257 0.025 2.97 0 90 0 0 0.7071068 0 0.7071068 10.04483 0
3.9487 SecondCar -60.75811 0.025 2.97 0 90 0 0 0.7071068 0 0.7071068 10.0268 0
3.9491 Head 0 1.6 0.78 345.15 327.8999 0 -0.124191 -0.2741586 -0.03572864 0.9529623
3.9491 FirstCar -28.23878 0.025 2.97 0 90 0 0 0.7071068 0 0.7071068 10.04392 0
3.9491 SecondCar -60.75432 0.025 2.97 0 90 0 0 0.7071068 0 0.7071068 10.02589 0
3.9499 Head 0 1.6 0.78 345.15 327.8999 0 -0.124191 -0.2741586 -0.03572864 0.9529623
3.9499 FirstCar -28.23101 0.025 2.97 0 90 0 0 0.7071068 0 0.7071068 10.04207 0
3.9499 SecondCar -60.74657 0.025 2.97 0 90 0 0 0.7071068 0 0.7071068 10.02404 0
3.9504 Head 0 1.6 0.78 345.15 327.8999 0 -0.124191 -0.2741586 -0.03572864 0.9529623
3.9504 FirstCar -28.22625 0.025 2.97 0 90 0 0 0.7071068 0 0.7071068 10.04093 0
3.9504 SecondCar -60.74182 0.025 2.97 0 90 0 0 0.7071068 0 0.7071068 10.0229 0
3.9510 Head 0 1.6 0.78 345.15 327.8999 0 -0.124191 -0.2741586 -0.03572864 0.9529623
3.9510 FirstCar -28.21954 0.025 2.97 0 90 0 0 0.7071068 0 0.7071068 10.03932 0
3.9510 SecondCar -60.73512 0.025 2.97 0 90 0 0 0.7071068 0 0.7071068 10.02129 0
3.9514 Head 0 1.6 0.78 345.15 327.8999 0 -0.124191 -0.2741586 -0.03572864 0.9529623
3.9514 FirstCar -28.21545 0.025 2.97 0 90 0 0 0.7071068 0 0.7071068 10.03835 0
3.9514 SecondCar -60.73104 0.025 2.97 0 90 0 0 0.7071068 0 0.7071068 10.02032 0
3.9518 Head 0 1.6 0.78 345.15 327.8999 0 -0.124191 -0.2741586 -0.03572864 0.9529623
3.9518 FirstCar -28.21161 0.025 2.97 0 90 0 0 0.7071068 0 0.7071068 10.03743 0
3.9518 SecondCar -60.72721 0.025 2.97 0 90 0 0 0.7071068 0 0.7071068 10.0194 0
3.9522 Head 0 1.6 0.78 345.15 327.8999 0 -0.124191 -0.2741586 -0.03572864 0.9529623
3.9522 FirstCar -28.20801 0.025 2.97 0 90 0 0 0.7071068 0 0.7071068 10.03657 0
3.9522 SecondCar -60.72361 0.025 2.97 0 90 0 0 0.7071068 0 0.7071068 10.01854 0
3.9526 Head 0 1.6 0.78 345.15 327.8999 0 -0.124191 -0.2741586 -0.03572864 0.9529623
3.9526 FirstCar -28.20402 0.025 2.97 0 90 0 0 0.7071068 0 0.7071068 10.03561 0
3.9526 SecondCar -60.71963 0.025 2.97 0 90 0 0 0.7071068 0 0.7071068 10.01758 0
3.9530 Head 0 1.6 0.78 345.15 327.8999 0 -0.124191 -0.2741586 -0.03572864 0.9529623
3.9530 FirstCar -28.19957 0.025 2.97 0 90 0 0 0.7071068 0 0.7071068 10.03455 0
3.9530 SecondCar -60.71518 0.025 2.97 0 90 0 0 0.7071068 0 0.7071068 10.01652 0
3.9534 Head 0 1.6 0.78 345.15 327.8999 0 -0.124191 -0.2741586 -0.03572864 0.9529623
3.9534 FirstCar -28.19557 0.025 2.97 0 90 0 0 0.7071068 0 0.7071068 10.03359 0
3.9534 SecondCar -60.71119 0.025 2.97 0 90 0 0 0.7071068 0 0.7071068 10.01556 0
3.9538 Head 0 1.6 0.78 345.15 327.8999 0 -0.124191 -0.2741586 -0.03572864 0.9529623
3.9538 FirstCar -28.19186 0.025 2.97 0 90 0 0 0.7071068 0 0.7071068 10.0327 0
3.9538 SecondCar -60.70749 0.025 2.97 0 90 0 0 0.7071068 0 0.7071068 10.01467 0
3.9542 Head 0 1.6 0.78 345.15 327.8999 0 -0.124191 -0.2741586 -0.03572864 0.9529623
3.9542 FirstCar -28.18781 0.025 2.97 0 90 0 0 0.7071068 0 0.7071068 10.03174 0
3.9542 SecondCar -60.70345 0.025 2.97 0 90 0 0 0.7071068 0 0.7071068 10.01371 0
3.9546 Head 0 1.6 0.78 345.15 327.8999 0 -0.124191 -0.2741586 -0.03572864 0.9529623
3.9546 FirstCar -28.18427 0.025 2.97 0 90 0 0 0.7071068 0 0.7071068 10.03089 0
3.9546 SecondCar -60.69991 0.025 2.97 0 90 0 0 0.7071068 0 0.7071068 10.01286 0
3.9549 Head 0 1.6 0.78 345.15 327.8999 0 -0.124191 -0.2741586 -0.03572864 0.9529623
3.9549 FirstCar -28.18067 0.025 2.97 0 90 0 0 0.7071068 0 0.7071068 10.03003 0
3.9549 SecondCar -60.69632 0.025 2.97 0 90 0 0 0.7071068 0 0.7071068 10.012 0
3.9553 Head 0 1.6 0.78 345.15 327.8999 0 -0.124191 -0.2741586 -0.03572864 0.9529623
3.9553 FirstCar -28.17711 0.025 2.97 0 90 0 0 0.7071068 0 0.7071068 10.02918 0
3.9553 SecondCar -60.69277 0.025 2.97 0 90 0 0 0.7071068 0 0.7071068 10.01115 0
3.9557 Head 0 1.6 0.78 345.15 327.8999 0 -0.124191 -0.2741586 -0.03572864 0.9529623
3.9557 FirstCar -28.17246 0.025 2.97 0 90 0 0 0.7071068 0 0.7071068 10.02806 0
3.9557 SecondCar -60.68812 0.025 2.97 0 90 0 0 0.7071068 0 0.7071068 10.01003 0
3.9562 Head 0 1.6 0.78 345.15 327.8999 0 -0.124191 -0.2741586 -0.03572864 0.9529623
3.9562 FirstCar -28.16813 0.025 2.97 0 90 0 0 0.7071068 0 0.7071068 10.02703 0
3.9562 SecondCar -60.68381 0.025 2.97 0 90 0 0 0.7071068 0 0.7071068 10.009 0
3.9565 Head 0 1.6 0.78 345.15 327.8999 0 -0.124191 -0.2741586 -0.03572864 0.9529623
3.9565 FirstCar -28.16449 0.025 2.97 0 90 0 0 0.7071068 0 0.7071068 10.02616 0
3.9565 SecondCar -60.68017 0.025 2.97 0 90 0 0 0.7071068 0 0.7071068 10.00813 0
3.9569 Head 0 1.6 0.78 345.15 327.8999 0 -0.124191 -0.2741586 -0.03572864 0.9529623
3.9569 FirstCar -28.16057 0.025 2.97 0 90 0 0 0.7071068 0 0.7071068 10.02522 0
3.9569 SecondCar -60.67625 0.025 2.97 0 90 0 0 0.7071068 0 0.7071068 10.00719 0
3.9573 Head 0 1.6 0.78 345.15 327.8999 0 -0.124191 -0.2741586 -0.03572864 0.9529623
3.9573 FirstCar -28.15683 0.025 2.97 0 90 0 0 0.7071068 0 0.7071068 10.02432 0
3.9573 SecondCar -60.67252 0.025 2.97 0 90 0 0 0.7071068 0 0.7071068 10.00629 0
3.9580 Head 0 1.6 0.78 345.15 327.8999 0 -0.124191 -0.2741586 -0.03572864 0.9529623
3.9580 FirstCar -28.14971 0.025 2.97 0 90 0 0 0.7071068 0 0.7071068 10.02262 0
3.9580 SecondCar -60.66541 0.025 2.97 0 90 0 0 0.7071068 0 0.7071068 10.00459 0
3.9584 Head 0 1.6 0.78 345.15 327.8999 0 -0.124191 -0.2741586 -0.03572864 0.9529623
3.9584 FirstCar -28.14567 0.025 2.97 0 90 0 0 0.7071068 0 0.7071068 10.02165 0
3.9584 SecondCar -60.66138 0.025 2.97 0 90 0 0 0.7071068 0 0.7071068 10.00362 0
3.9588 Head 0 1.6 0.78 345.15 327.8999 0 -0.124191 -0.2741586 -0.03572864 0.9529623
3.9588 FirstCar -28.14188 0.025 2.97 0 90 0 0 0.7071068 0 0.7071068 10.02074 0
3.9588 SecondCar -60.65759 0.025 2.97 0 90 0 0 0.7071068 0 0.7071068 10.00271 0
3.9592 Head 0 1.6 0.78 345.15 327.8999 0 -0.124191 -0.2741586 -0.03572864 0.9529623
3.9592 FirstCar -28.13809 0.025 2.97 0 90 0 0 0.7071068 0 0.7071068 10.01983 0
3.9592 SecondCar -60.65381 0.025 2.97 0 90 0 0 0.7071068 0 0.7071068 10.0018 0
3.9595 Head 0 1.6 0.78 345.15 327.8999 0 -0.124191 -0.2741586 -0.03572864 0.9529623
3.9595 FirstCar -28.13417 0.025 2.97 0 90 0 0 0.7071068 0 0.7071068 10.01889 0
3.9595 SecondCar -60.6499 0.025 2.97 0 90 0 0 0.7071068 0 0.7071068 10.00086 0
3.9599 Head 0 1.6 0.78 345.15 327.8999 0 -0.124191 -0.2741586 -0.03572864 0.9529623
3.9599 FirstCar -28.13047 0.025 2.97 0 90 0 0 0.7071068 0 0.7071068 10.01801 0
3.9599 SecondCar -60.64621 0.025 2.97 0 90 0 0 0.7071068 0 0.7071068 9.999976 0
3.9604 Head 0 1.6 0.78 345.15 327.8999 0 -0.124191 -0.2741586 -0.03572864 0.9529623
3.9604 FirstCar -28.12609 0.025 2.97 0 90 0 0 0.7071068 0 0.7071068 10.01696 0
3.9604 SecondCar -60.64184 0.025 2.97 0 90 0 0 0.7071068 0 0.7071068 9.998927 0
3.9608 Head 0 1.6 0.78 345.15 327.8999 0 -0.124191 -0.2741586 -0.03572864 0.9529623
3.9608 FirstCar -28.12211 0.025 2.97 0 90 0 0 0.7071068 0 0.7071068 10.016 0
3.9608 SecondCar -60.63786 0.025 2.97 0 90 0 0 0.7071068 0 0.7071068 9.997972 0
3.9612 Head 0 1.6 0.78 345.15 327.8999 0 -0.124191 -0.2741586 -0.03572864 0.9529623
3.9612 FirstCar -28.11767 0.025 2.97 0 90 0 0 0.7071068 0 0.7071068 10.01494 0
3.9612 SecondCar -60.63343 0.025 2.97 0 90 0 0 0.7071068 0 0.7071068 9.996908 0
3.9616 Head 0 1.6 0.78 345.15 327.8999 0 -0.124191 -0.2741586 -0.03572864 0.9529623
3.9616 FirstCar -28.11362 0.025 2.97 0 90 0 0 0.7071068 0 0.7071068 10.01397 0
3.9616 SecondCar -60.62939 0.025 2.97 0 90 0 0 0.7071068 0 0.7071068 9.995937 0
3.9620 Head 0 1.6 0.78 345.15 327.8999 0 -0.124191 -0.2741586 -0.03572864 0.9529623
3.9620 FirstCar -28.11009 0.025 2.97 0 90 0 0 0.7071068 0 0.7071068 10.01312 0
3.9620 SecondCar -60.62587 0.025 2.97 0 90 0 0 0.7071068 0 0.7071068 9.995092 0
3.9623 Head 0 1.6 0.78 345.15 327.8999 0 -0.124191 -0.2741586 -0.03572864 0.9529623
3.9623 FirstCar -28.10657 0.025 2.97 0 90 0 0 0.7071068 0 0.7071068 10.01228 0
3.9623 SecondCar -60.62235 0.025 2.97 0 90 0 0 0.7071068 0 0.7071068 9.994247 0
3.9627 Head 0 1.6 0.78 345.15 327.8999 0 -0.124191 -0.2741586 -0.03572864 0.9529623
3.9627 FirstCar -28.10279 0.025 2.97 0 90 0 0 0.7071068 0 0.7071068 10.01137 0
3.9627 SecondCar -60.61858 0.025 2.97 0 90 0 0 0.7071068 0 0.7071068 9.993342 0
3.9631 Head 0 1.6 0.78 345.15 327.8999 0 -0.124191 -0.2741586 -0.03572864 0.9529623
3.9631 FirstCar -28.09877 0.025 2.97 0 90 0 0 0.7071068 0 0.7071068 10.01041 0
3.9631 SecondCar -60.61457 0.025 2.97 0 90 0 0 0.7071068 0 0.7071068 9.992377 0
3.9634 Head 0 1.6 0.78 345.15 327.8999 0 -0.124191 -0.2741586 -0.03572864 0.9529623
3.9634 FirstCar -28.09515 0.025 2.97 0 90 0 0 0.7071068 0 0.7071068 10.00954 0
3.9634 SecondCar -60.61095 0.025 2.97 0 90 0 0 0.7071068 0 0.7071068 9.991508 0
3.9638 Head 0 1.6 0.78 345.15 327.8999 0 -0.124191 -0.2741586 -0.03572864 0.9529623
3.9638 FirstCar -28.09166 0.025 2.97 0 90 0 0 0.7071068 0 0.7071068 10.0087 0
3.9638 SecondCar -60.60747 0.025 2.97 0 90 0 0 0.7071068 0 0.7071068 9.990671 0
3.9642 Head 0 1.6 0.78 345.15 327.8999 0 -0.124191 -0.2741586 -0.03572864 0.9529623
3.9642 FirstCar -28.08807 0.025 2.97 0 90 0 0 0.7071068 0 0.7071068 10.00784 0
3.9642 SecondCar -60.60389 0.025 2.97 0 90 0 0 0.7071068 0 0.7071068 9.98981 0
3.9645 Head 0 1.6 0.78 345.15 327.8999 0 -0.124191 -0.2741586 -0.03572864 0.9529623
3.9645 FirstCar -28.08448 0.025 2.97 0 90 0 0 0.7071068 0 0.7071068 10.00698 0
3.9645 SecondCar -60.6003 0.025 2.97 0 90 0 0 0.7071068 0 0.7071068 9.988949 0
3.9649 Head 0 1.6 0.78 345.15 327.8999 0 -0.124191 -0.2741586 -0.03572864 0.9529623
3.9649 FirstCar -28.08097 0.025 2.97 0 90 0 0 0.7071068 0 0.7071068 10.00614 0
3.9649 SecondCar -60.59679 0.025 2.97 0 90 0 0 0.7071068 0 0.7071068 9.988107 0
3.9652 Head 0 1.6 0.78 345.15 327.8999 0 -0.124191 -0.2741586 -0.03572864 0.9529623
3.9652 FirstCar -28.0775 0.025 2.97 0 90 0 0 0.7071068 0 0.7071068 10.00531 0
3.9652 SecondCar -60.59334 0.025 2.97 0 90 0 0 0.7071068 0 0.7071068 9.987276 0
3.9659 Head 0 1.6 0.78 345.15 327.8999 0 -0.124191 -0.2741586 -0.03572864 0.9529623
3.9659 FirstCar -28.07053 0.025 2.97 0 90 0 0 0.7071068 0 0.7071068 10.00363 0
3.9659 SecondCar -60.58638 0.025 2.97 0 90 0 0 0.7071068 0 0.7071068 9.985603 0
3.9663 Head 0 1.6 0.78 345.15 327.8999 0 -0.124191 -0.2741586 -0.03572864 0.9529623
3.9663 FirstCar -28.06623 0.025 2.97 0 90 0 0 0.7071068 0 0.7071068 10.0026 0
3.9663 SecondCar -60.58208 0.025 2.97 0 90 0 0 0.7071068 0 0.7071068 9.984572 0
3.9668 Head 0 1.6 0.78 345.15 327.8999 0 -0.124191 -0.2741586 -0.03572864 0.9529623
3.9668 FirstCar -28.06186 0.025 2.97 0 90 0 0 0.7071068 0 0.7071068 10.00155 0
3.9668 SecondCar -60.57772 0.025 2.97 0 90 0 0 0.7071068 0 0.7071068 9.983524 0
3.9672 Head 0 1.6 0.78 345.15 327.8999 0 -0.124191 -0.2741586 -0.03572864 0.9529623
3.9672 FirstCar -28.05741 0.025 2.97 0 90 0 0 0.7071068 0 0.7071068 10.00048 0
3.9672 SecondCar -60.57328 0.025 2.97 0 90 0 0 0.7071068 0 0.7071068 9.982454 0
3.9677 Head 0 1.6 0.78 345.15 327.8999 0 -0.124191 -0.2741586 -0.03572864 0.9529623
3.9677 FirstCar -28.05308 0.025 2.97 0 90 0 0 0.7071068 0 0.7071068 9.999445 0
3.9677 SecondCar -60.56895 0.025 2.97 0 90 0 0 0.7071068 0 0.7071068 9.981415 0
3.9680 Head 0 1.6 0.78 345.15 327.8999 0 -0.124191 -0.2741586 -0.03572864 0.9529623
3.9680 FirstCar -28.04935 0.025 2.97 0 90 0 0 0.7071068 0 0.7071068 9.998549 0
3.9680 SecondCar -60.56523 0.025 2.97 0 90 0 0 0.7071068 0 0.7071068 9.980519 0
3.9684 Head 0 1.6 0.78 345.15 327.8999 0 -0.124191 -0.2741586 -0.03572864 0.9529623
3.9684 FirstCar -28.04535 0.025 2.97 0 90 0 0 0.7071068 0 0.7071068 9.997591 0
3.9684 SecondCar -60.56124 0.025 2.97 0 90 0 0 0.7071068 0 0.7071068 9.979561 0
3.9688 Head 0 1.6 0.78 345.15 327.8999 0 -0.124191 -0.2741586 -0.03572864 0.9529623
3.9688 FirstCar -28.04147 0.025 2.97 0 90 0 0 0.7071068 0 0.7071068 9.996659 0
3.9688 SecondCar -60.55737 0.025 2.97 0 90 0 0 0.7071068 0 0.7071068 9.978629 0
3.9692 Head 0 1.6 0.78 345.15 327.8999 0 -0.124191 -0.2741586 -0.03572864 0.9529623
3.9692 FirstCar -28.03779 0.025 2.97 0 90 0 0 0.7071068 0 0.7071068 9.995776 0
3.9692 SecondCar -60.5537 0.025 2.97 0 90 0 0 0.7071068 0 0.7071068 9.977746 0
3.9695 Head 0 1.6 0.78 345.15 327.8999 0 -0.124191 -0.2741586 -0.03572864 0.9529623
3.9695 FirstCar -28.03419 0.025 2.97 0 90 0 0 0.7071068 0 0.7071068 9.99491 0
3.9695 SecondCar -60.5501 0.025 2.97 0 90 0 0 0.7071068 0 0.7071068 9.97688 0
3.9699 Head 0 1.6 0.78 345.15 327.8999 0 -0.124191 -0.2741586 -0.03572864 0.9529623
3.9699 FirstCar -28.03061 0.025 2.97 0 90 0 0 0.7071068 0 0.7071068 9.99405 0
3.9699 SecondCar -60.54653 0.025 2.97 0 90 0 0 0.7071068 0 0.7071068 9.97602 0
3.9703 Head 0 1.6 0.78 345.15 327.8999 0 -0.124191 -0.2741586 -0.03572864 0.9529623
3.9703 FirstCar -28.02684 0.025 2.97 0 90 0 0 0.7071068 0 0.7071068 9.993144 0
3.9703 SecondCar -60.54276 0.025 2.97 0 90 0 0 0.7071068 0 0.7071068 9.975114 0
3.9709 Head 0 1.6 0.78 345.15 327.8999 0 -0.124191 -0.2741586 -0.03572864 0.9529623
3.9709 FirstCar -28.02066 0.025 2.97 0 90 0 0 0.7071068 0 0.7071068 9.991659 0
3.9709 SecondCar -60.53659 0.025 2.97 0 90 0 0 0.7071068 0 0.7071068 9.973629 0
3.9713 Head 0 1.6 0.78 345.15 327.8999 0 -0.124191 -0.2741586 -0.03572864 0.9529623
3.9713 FirstCar -28.01632 0.025 2.97 0 90 0 0 0.7071068 0 0.7071068 9.990617 0
3.9713 SecondCar -60.53226 0.025 2.97 0 90 0 0 0.7071068 0 0.7071068 9.972587 0
3.9717 Head 0 1.6 0.78 345.15 327.8999 0 -0.124191 -0.2741586 -0.03572864 0.9529623
3.9717 FirstCar -28.01258 0.025 2.97 0 90 0 0 0.7071068 0 0.7071068 9.989718 0
3.9717 SecondCar -60.52853 0.025 2.97 0 90 0 0 0.7071068 0 0.7071068 9.971688 0
3.9721 Head 0 1.6 0.78 345.15 327.8999 0 -0.124191 -0.2741586 -0.03572864 0.9529623
3.9721 FirstCar -28.00886 0.025 2.97 0 90 0 0 0.7071068 0 0.7071068 9.988824 0
3.9721 SecondCar -60.52481 0.025 2.97 0 90 0 0 0.7071068 0 0.7071068 9.970794 0
3.9725 Head 0 1.6 0.78 345.15 327.8999 0 -0.124191 -0.2741586 -0.03572864 0.9529623
3.9725 FirstCar -28.00509 0.025 2.97 0 90 0 0 0.7071068 0 0.7071068 9.98792 0
3.9725 SecondCar -60.52106 0.025 2.97 0 90 0 0 0.7071068 0 0.7071068 9.96989 0
3.9729 Head 0 1.6 0.78 345.15 327.8999 0 -0.124191 -0.2741586 -0.03572864 0.9529623
3.9729 FirstCar -28.00073 0.025 2.97 0 90 0 0 0.7071068 0 0.7071068 9.98687 0
3.9729 SecondCar -60.5167 0.025 2.97 0 90 0 0 0.7071068 0 0.7071068 9.96884 0
3.9732 Head 0 1.6 0.78 345.15 327.8999 0 -0.124191 -0.2741586 -0.03572864 0.9529623
3.9732 FirstCar -27.99714 0.025 2.97 0 90 0 0 0.7071068 0 0.7071068 9.986009 0
3.9732 SecondCar -60.51312 0.025 2.97 0 90 0 0 0.7071068 0 0.7071068 9.967978 0
3.9740 Head 0 1.6 0.78 345.15 327.8999 0 -0.124191 -0.2741586 -0.03572864 0.9529623
3.9740 FirstCar -27.99006 0.025 2.97 0 90 0 0 0.7071068 0 0.7071068 9.984306 0
3.9740 SecondCar -60.50605 0.025 2.97 0 90 0 0 0.7071068 0 0.7071068 9.966276 0
3.9744 Head 0 1.6 0.78 345.15 327.8999 0 -0.124191 -0.2741586 -0.03572864 0.9529623
3.9744 FirstCar -27.986 0.025 2.97 0 90 0 0 0.7071068 0 0.7071068 9.983331 0
3.9744 SecondCar -60.502 0.025 2.97 0 90 0 0 0.7071068 0 0.7071068 9.965301 0
3.9747 Head 0 1.6 0.78 345.15 327.8999 0 -0.124191 -0.2741586 -0.03572864 0.9529623
3.9747 FirstCar -27.98219 0.025 2.97 0 90 0 0 0.7071068 0 0.7071068 9.982414 0
3.9747 SecondCar -60.4982 0.025 2.97 0 90 0 0 0.7071068 0 0.7071068 9.964384 0
3.9751 Head 0 1.6 0.78 345.15 327.8999 0 -0.124191 -0.2741586 -0.03572864 0.9529623
3.9751 FirstCar -27.97848 0.025 2.97 0 90 0 0 0.7071068 0 0.7071068 9.981522 0
3.9751 SecondCar -60.49449 0.025 2.97 0 90 0 0 0.7071068 0 0.7071068 9.963491 0
3.9755 Head 0 1.6 0.78 345.15 327.8999 0 -0.124191 -0.2741586 -0.03572864 0.9529623
3.9755 FirstCar -27.97461 0.025 2.97 0 90 0 0 0.7071068 0 0.7071068 9.980591 0
3.9755 SecondCar -60.49063 0.025 2.97 0 90 0 0 0.7071068 0 0.7071068 9.962561 0
3.9759 Head 0 1.6 0.78 345.15 327.8999 0 -0.124191 -0.2741586 -0.03572864 0.9529623
3.9759 FirstCar -27.97092 0.025 2.97 0 90 0 0 0.7071068 0 0.7071068 9.979704 0
3.9759 SecondCar -60.48695 0.025 2.97 0 90 0 0 0.7071068 0 0.7071068 9.961674 0
3.9763 Head 0 1.6 0.78 345.15 327.8999 0 -0.124191 -0.2741586 -0.03572864 0.9529623
3.9763 FirstCar -27.9669 0.025 2.97 0 90 0 0 0.7071068 0 0.7071068 9.978738 0
3.9763 SecondCar -60.48293 0.025 2.97 0 90 0 0 0.7071068 0 0.7071068 9.960708 0
3.9767 Head 0 1.6 0.78 345.15 327.8999 0 -0.124191 -0.2741586 -0.03572864 0.9529623
3.9767 FirstCar -27.9628 0.025 2.97 0 90 0 0 0.7071068 0 0.7071068 9.977753 0
3.9767 SecondCar -60.47884 0.025 2.97 0 90 0 0 0.7071068 0 0.7071068 9.959723 0
3.9771 Head 0 1.6 0.78 345.15 327.8999 0 -0.124191 -0.2741586 -0.03572864 0.9529623
3.9771 FirstCar -27.95913 0.025 2.97 0 90 0 0 0.7071068 0 0.7071068 9.976869 0
3.9771 SecondCar -60.47517 0.025 2.97 0 90 0 0 0.7071068 0 0.7071068 9.958838 0
3.9775 Head 0 1.6 0.78 345.15 327.8999 0 -0.124191 -0.2741586 -0.03572864 0.9529623
3.9775 FirstCar -27.95474 0.025 2.97 0 90 0 0 0.7071068 0 0.7071068 9.975814 0
3.9775 SecondCar -60.47079 0.025 2.97 0 90 0 0 0.7071068 0 0.7071068 9.957784 0
3.9779 Head 0 1.6 0.78 345.15 327.8999 0 -0.124191 -0.2741586 -0.03572864 0.9529623
3.9779 FirstCar -27.95069 0.025 2.97 0 90 0 0 0.7071068 0 0.7071068 9.974838 0
3.9779 SecondCar -60.46674 0.025 2.97 0 90 0 0 0.7071068 0 0.7071068 9.956808 0
3.9783 Head 0 1.6 0.78 345.15 327.8999 0 -0.124191 -0.2741586 -0.03572864 0.9529623
3.9783 FirstCar -27.94673 0.025 2.97 0 90 0 0 0.7071068 0 0.7071068 9.973886 0
3.9783 SecondCar -60.46279 0.025 2.97 0 90 0 0 0.7071068 0 0.7071068 9.955855 0
3.9786 Head 0 1.6 0.78 345.15 327.8999 0 -0.124191 -0.2741586 -0.03572864 0.9529623
3.9786 FirstCar -27.94329 0.025 2.97 0 90 0 0 0.7071068 0 0.7071068 9.973059 0
3.9786 SecondCar -60.45936 0.025 2.97 0 90 0 0 0.7071068 0 0.7071068 9.955029 0
3.9790 Head 0 1.6 0.78 345.15 327.8999 0 -0.124191 -0.2741586 -0.03572864 0.9529623
3.9790 FirstCar -27.93977 0.025 2.97 0 90 0 0 0.7071068 0 0.7071068 9.97221 0
3.9790 SecondCar -60.45584 0.025 2.97 0 90 0 0 0.7071068 0 0.7071068 9.95418 0
3.9794 Head 0 1.6 0.78 345.15 327.8999 0 -0.124191 -0.2741586 -0.03572864 0.9529623
3.9794 FirstCar -27.93622 0.025 2.97 0 90 0 0 0.7071068 0 0.7071068 9.971357 0
3.9794 SecondCar -60.4523 0.025 2.97 0 90 0 0 0.7071068 0 0.7071068 9.953327 0
3.9797 Head 0 1.6 0.78 345.15 327.8999 0 -0.124191 -0.2741586 -0.03572864 0.9529623
3.9797 FirstCar -27.93275 0.025 2.97 0 90 0 0 0.7071068 0 0.7071068 9.970521 0
3.9797 SecondCar -60.44884 0.025 2.97 0 90 0 0 0.7071068 0 0.7071068 9.952491 0
3.9800 Head 0 1.6 0.78 345.15 327.8999 0 -0.124191 -0.2741586 -0.03572864 0.9529623
3.9800 FirstCar -27.92934 0.025 2.97 0 90 0 0 0.7071068 0 0.7071068 9.9697 0
3.9800 SecondCar -60.44543 0.025 2.97 0 90 0 0 0.7071068 0 0.7071068 9.95167 0
3.9804 Head 0 1.6 0.78 345.15 327.8999 0 -0.124191 -0.2741586 -0.03572864 0.9529623
3.9804 FirstCar -27.92592 0.025 2.97 0 90 0 0 0.7071068 0 0.7071068 9.968877 0
3.9804 SecondCar -60.44202 0.025 2.97 0 90 0 0 0.7071068 0 0.7071068 9.950847 0
3.9807 Head 0 1.6 0.78 345.15 327.8999 0 -0.124191 -0.2741586 -0.03572864 0.9529623
3.9807 FirstCar -27.92237 0.025 2.97 0 90 0 0 0.7071068 0 0.7071068 9.968023 0
3.9807 SecondCar -60.43848 0.025 2.97 0 90 0 0 0.7071068 0 0.7071068 9.949993 0
3.9811 Head 0 1.6 0.78 345.15 327.8999 0 -0.124191 -0.2741586 -0.03572864 0.9529623
3.9811 FirstCar -27.91883 0.025 2.97 0 90 0 0 0.7071068 0 0.7071068 9.967172 0
3.9811 SecondCar -60.43494 0.025 2.97 0 90 0 0 0.7071068 0 0.7071068 9.949142 0
3.9815 Head 0 1.6 0.78 345.15 327.8999 0 -0.124191 -0.2741586 -0.03572864 0.9529623
3.9815 FirstCar -27.91494 0.025 2.97 0 90 0 0 0.7071068 0 0.7071068 9.966233 0
3.9815 SecondCar -60.43106 0.025 2.97 0 90 0 0 0.7071068 0 0.7071068 9.948203 0
3.9819 Head 0 1.6 0.78 345.15 327.8999 0 -0.124191 -0.2741586 -0.03572864 0.9529623
3.9819 FirstCar -27.911 0.025 2.97 0 90 0 0 0.7071068 0 0.7071068 9.965285 0
3.9819 SecondCar -60.42713 0.025 2.97 0 90 0 0 0.7071068 0 0.7071068 9.947255 0
3.9822 Head 0 1.6 0.78 345.15 327.8999 0 -0.124191 -0.2741586 -0.03572864 0.9529623
3.9822 FirstCar -27.90746 0.025 2.97 0 90 0 0 0.7071068 0 0.7071068 9.964434 0
3.9822 SecondCar -60.4236 0.025 2.97 0 90 0 0 0.7071068 0 0.7071068 9.946404 0
3.9826 Head 0 1.6 0.78 345.15 327.8999 0 -0.124191 -0.2741586 -0.03572864 0.9529623
3.9826 FirstCar -27.90404 0.025 2.97 0 90 0 0 0.7071068 0 0.7071068 9.963608 0
3.9826 SecondCar -60.42018 0.025 2.97 0 90 0 0 0.7071068 0 0.7071068 9.945578 0
3.9829 Head 0 1.6 0.78 345.15 327.8999 0 -0.124191 -0.2741586 -0.03572864 0.9529623
3.9829 FirstCar -27.9004 0.025 2.97 0 90 0 0 0.7071068 0 0.7071068 9.962732 0
3.9829 SecondCar -60.41655 0.025 2.97 0 90 0 0 0.7071068 0 0.7071068 9.944702 0
3.9833 Head 0 1.6 0.78 345.15 327.8999 0 -0.124191 -0.2741586 -0.03572864 0.9529623
3.9833 FirstCar -27.89702 0.025 2.97 0 90 0 0 0.7071068 0 0.7071068 9.961919 0
3.9833 SecondCar -60.41318 0.025 2.97 0 90 0 0 0.7071068 0 0.7071068 9.943889 0
3.9836 Head 0 1.6 0.78 345.15 327.8999 0 -0.124191 -0.2741586 -0.03572864 0.9529623
3.9836 FirstCar -27.8935 0.025 2.97 0 90 0 0 0.7071068 0 0.7071068 9.96107 0
3.9836 SecondCar -60.40966 0.025 2.97 0 90 0 0 0.7071068 0 0.7071068 9.94304 0
3.9840 Head 0 1.6 0.78 345.15 327.8999 0 -0.124191 -0.2741586 -0.03572864 0.9529623
3.9840 FirstCar -27.89007 0.025 2.97 0 90 0 0 0.7071068 0 0.7071068 9.960242 0
3.9840 SecondCar -60.40623 0.025 2.97 0 90 0 0 0.7071068 0 0.7071068 9.942212 0
3.9843 Head 0 1.6 0.78 345.15 327.8999 0 -0.124191 -0.2741586 -0.03572864 0.9529623
3.9843 FirstCar -27.88651 0.025 2.97 0 90 0 0 0.7071068 0 0.7071068 9.959384 0
3.9843 SecondCar -60.40268 0.025 2.97 0 90 0 0 0.7071068 0 0.7071068 9.941354 0
3.9847 Head 0 1.6 0.78 345.15 327.8999 0 -0.124191 -0.2741586 -0.03572864 0.9529623
3.9847 FirstCar -27.88306 0.025 2.97 0 90 0 0 0.7071068 0 0.7071068 9.958554 0
3.9847 SecondCar -60.39924 0.025 2.97 0 90 0 0 0.7071068 0 0.7071068 9.940524 0
3.9850 Head 0 1.6 0.78 345.15 327.8999 0 -0.124191 -0.2741586 -0.03572864 0.9529623
3.9850 FirstCar -27.87955 0.025 2.97 0 90 0 0 0.7071068 0 0.7071068 9.957707 0
3.9850 SecondCar -60.39574 0.025 2.97 0 90 0 0 0.7071068 0 0.7071068 9.939677 0
3.9854 Head 0 1.6 0.78 345.15 327.8999 0 -0.124191 -0.2741586 -0.03572864 0.9529623
3.9854 FirstCar -27.87604 0.025 2.97 0 90 0 0 0.7071068 0 0.7071068 9.956862 0
3.9854 SecondCar -60.39224 0.025 2.97 0 90 0 0 0.7071068 0 0.7071068 9.938832 0
3.9857 Head 0 1.6 0.78 345.15 327.8999 0 -0.124191 -0.2741586 -0.03572864 0.9529623
3.9857 FirstCar -27.87265 0.025 2.97 0 90 0 0 0.7071068 0 0.7071068 9.956045 0
3.9857 SecondCar -60.38885 0.025 2.97 0 90 0 0 0.7071068 0 0.7071068 9.938015 0
3.9861 Head 0 1.6 0.78 345.15 327.8999 0 -0.124191 -0.2741586 -0.03572864 0.9529623
3.9861 FirstCar -27.86918 0.025 2.97 0 90 0 0 0.7071068 0 0.7071068 9.955208 0
3.9861 SecondCar -60.38539 0.025 2.97 0 90 0 0 0.7071068 0 0.7071068 9.937178 0
3.9864 Head 0 1.6 0.78 345.15 327.8999 0 -0.124191 -0.2741586 -0.03572864 0.9529623
3.9864 FirstCar -27.86587 0.025 2.97 0 90 0 0 0.7071068 0 0.7071068 9.954409 0
3.9864 SecondCar -60.38208 0.025 2.97 0 90 0 0 0.7071068 0 0.7071068 9.936378 0
3.9868 Head 0 1.6 0.78 345.15 327.8999 0 -0.124191 -0.2741586 -0.03572864 0.9529623
3.9868 FirstCar -27.86225 0.025 2.97 0 90 0 0 0.7071068 0 0.7071068 9.953536 0
3.9868 SecondCar -60.37847 0.025 2.97 0 90 0 0 0.7071068 0 0.7071068 9.935506 0
3.9872 Head 0 1.6 0.78 345.15 327.8999 0 -0.124191 -0.2741586 -0.03572864 0.9529623
3.9872 FirstCar -27.85851 0.025 2.97 0 90 0 0 0.7071068 0 0.7071068 9.952635 0
3.9872 SecondCar -60.37474 0.025 2.97 0 90 0 0 0.7071068 0 0.7071068 9.934605 0
3.9875 Head 0 1.6 0.78 345.15 327.8999 0 -0.124191 -0.2741586 -0.03572864 0.9529623
3.9875 FirstCar -27.8548 0.025 2.97 0 90 0 0 0.7071068 0 0.7071068 9.951738 0
3.9875 SecondCar -60.37103 0.025 2.97 0 90 0 0 0.7071068 0 0.7071068 9.933708 0
3.9879 Head 0 1.6 0.78 345.15 327.8999 0 -0.124191 -0.2741586 -0.03572864 0.9529623
3.9879 FirstCar -27.85109 0.025 2.97 0 90 0 0 0.7071068 0 0.7071068 9.950843 0
3.9879 SecondCar -60.36732 0.025 2.97 0 90 0 0 0.7071068 0 0.7071068 9.932813 0
3.9883 Head 0 1.6 0.78 345.15 327.8999 0 -0.124191 -0.2741586 -0.03572864 0.9529623
3.9883 FirstCar -27.84715 0.025 2.97 0 90 0 0 0.7071068 0 0.7071068 9.949893 0
3.9883 SecondCar -60.3634 0.025 2.97 0 90 0 0 0.7071068 0 0.7071068 9.931863 0
3.9887 Head 0 1.6 0.78 345.15 327.8999 0 -0.124191 -0.2741586 -0.03572864 0.9529623
3.9887 FirstCar -27.84354 0.025 2.97 0 90 0 0 0.7071068 0 0.7071068 9.949023 0
3.9887 SecondCar -60.35979 0.025 2.97 0 90 0 0 0.7071068 0 0.7071068 9.930993 0
3.9890 Head 0 1.6 0.78 345.15 327.8999 0 -0.124191 -0.2741586 -0.03572864 0.9529623
3.9890 FirstCar -27.83966 0.025 2.97 0 90 0 0 0.7071068 0 0.7071068 9.948089 0
3.9890 SecondCar -60.35593 0.025 2.97 0 90 0 0 0.7071068 0 0.7071068 9.930058 0
3.9898 Head 0 1.6 0.78 345.15 327.8999 0 -0.124191 -0.2741586 -0.03572864 0.9529623
3.9898 FirstCar -27.83224 0.025 2.97 0 90 0 0 0.7071068 0 0.7071068 9.946298 0
3.9898 SecondCar -60.34852 0.025 2.97 0 90 0 0 0.7071068 0 0.7071068 9.928267 0
3.9903 Head 0 1.6 0.78 345.15 327.8999 0 -0.124191 -0.2741586 -0.03572864 0.9529623
3.9903 FirstCar -27.82756 0.025 2.97 0 90 0 0 0.7071068 0 0.7071068 9.945167 0
3.9903 SecondCar -60.34384 0.025 2.97 0 90 0 0 0.7071068 0 0.7071068 9.927136 0
3.9910 Head 0 1.6 0.78 345.15 327.8999 0 -0.124191 -0.2741586 -0.03572864 0.9529623
3.9910 FirstCar -27.82036 0.025 2.97 0 90 0 0 0.7071068 0 0.7071068 9.94343 0
3.9910 SecondCar -60.33666 0.025 2.97 0 90 0 0 0.7071068 0 0.7071068 9.9254 0
3.9914 Head 0 1.6 0.78 345.15 327.8999 0 -0.124191 -0.2741586 -0.03572864 0.9529623
3.9914 FirstCar -27.81626 0.025 2.97 0 90 0 0 0.7071068 0 0.7071068 9.94244 0
3.9914 SecondCar -60.33257 0.025 2.97 0 90 0 0 0.7071068 0 0.7071068 9.92441 0
3.9918 Head 0 1.6 0.78 345.15 327.8999 0 -0.124191 -0.2741586 -0.03572864 0.9529623
3.9918 FirstCar -27.8123 0.025 2.97 0 90 0 0 0.7071068 0 0.7071068 9.941484 0
3.9918 SecondCar -60.32862 0.025 2.97 0 90 0 0 0.7071068 0 0.7071068 9.923454 0
3.9922 Head 0 1.6 0.78 345.15 327.8999 0 -0.124191 -0.2741586 -0.03572864 0.9529623
3.9922 FirstCar -27.80866 0.025 2.97 0 90 0 0 0.7071068 0 0.7071068 9.940604 0
3.9922 SecondCar -60.32498 0.025 2.97 0 90 0 0 0.7071068 0 0.7071068 9.922574 0
3.9926 Head 0 1.6 0.78 345.15 327.8999 0 -0.124191 -0.2741586 -0.03572864 0.9529623
3.9926 FirstCar -27.80397 0.025 2.97 0 90 0 0 0.7071068 0 0.7071068 9.939473 0
3.9926 SecondCar -60.3203 0.025 2.97 0 90 0 0 0.7071068 0 0.7071068 9.921443 0
3.9930 Head 0 1.6 0.78 345.15 327.8999 0 -0.124191 -0.2741586 -0.03572864 0.9529623
3.9930 FirstCar -27.80005 0.025 2.97 0 90 0 0 0.7071068 0 0.7071068 9.938525 0
3.9930 SecondCar -60.31639 0.025 2.97 0 90 0 0 0.7071068 0 0.7071068 9.920495 0
3.9934 Head 0 1.6 0.78 345.15 327.8999 0 -0.124191 -0.2741586 -0.03572864 0.9529623
3.9934 FirstCar -27.79592 0.025 2.97 0 90 0 0 0.7071068 0 0.7071068 9.937529 0
3.9934 SecondCar -60.31227 0.025 2.97 0 90 0 0 0.7071068 0 0.7071068 9.919498 0
3.9938 Head 0 1.6 0.78 345.15 327.8999 0 -0.124191 -0.2741586 -0.03572864 0.9529623
3.9938 FirstCar -27.79199 0.025 2.97 0 90 0 0 0.7071068 0 0.7071068 9.936579 0
3.9938 SecondCar -60.30834 0.025 2.97 0 90 0 0 0.7071068 0 0.7071068 9.918549 0
3.9943 Head 0 1.6 0.78 345.15 327.8999 0 -0.124191 -0.2741586 -0.03572864 0.9529623
3.9943 FirstCar -27.78785 0.025 2.97 0 90 0 0 0.7071068 0 0.7071068 9.935579 0
3.9943 SecondCar -60.30421 0.025 2.97 0 90 0 0 0.7071068 0 0.7071068 9.917549 0
3.9947 Head 0 1.6 0.78 345.15 327.8999 0 -0.124191 -0.2741586 -0.03572864 0.9529623
3.9947 FirstCar -27.78369 0.025 2.97 0 90 0 0 0.7071068 0 0.7071068 9.934573 0
3.9947 SecondCar -60.30005 0.025 2.97 0 90 0 0 0.7071068 0 0.7071068 9.916543 0
3.9951 Head 0 1.6 0.78 345.15 327.8999 0 -0.124191 -0.2741586 -0.03572864 0.9529623
3.9951 FirstCar -27.77992 0.025 2.97 0 90 0 0 0.7071068 0 0.7071068 9.933662 0
3.9951 SecondCar -60.29629 0.025 2.97 0 90 0 0 0.7071068 0 0.7071068 9.915632 0
3.9954 Head 0 1.6 0.78 345.15 327.8999 0 -0.124191 -0.2741586 -0.03572864 0.9529623
3.9954 FirstCar -27.77624 0.025 2.97 0 90 0 0 0.7071068 0 0.7071068 9.932774 0
3.9954 SecondCar -60.29262 0.025 2.97 0 90 0 0 0.7071068 0 0.7071068 9.914743 0
3.9958 Head 0 1.6 0.78 345.15 327.8999 0 -0.124191 -0.2741586 -0.03572864 0.9529623
3.9958 FirstCar -27.77282 0.025 2.97 0 90 0 0 0.7071068 0 0.7071068 9.931948 0
3.9958 SecondCar -60.28921 0.025 2.97 0 90 0 0 0.7071068 0 0.7071068 9.913918 0
3.9961 Head 0 1.6 0.78 345.15 327.8999 0 -0.124191 -0.2741586 -0.03572864 0.9529623
3.9961 FirstCar -27.76916 0.025 2.97 0 90 0 0 0.7071068 0 0.7071068 9.931062 0
3.9961 SecondCar -60.28555 0.025 2.97 0 90 0 0 0.7071068 0 0.7071068 9.913032 0
3.9965 Head 0 1.6 0.78 345.15 327.8999 0 -0.124191 -0.2741586 -0.03572864 0.9529623
3.9965 FirstCar -27.76547 0.025 2.97 0 90 0 0 0.7071068 0 0.7071068 9.930171 0
3.9965 SecondCar -60.28187 0.025 2.97 0 90 0 0 0.7071068 0 0.7071068 9.912141 0
3.9969 Head 0 1.6 0.78 345.15 327.8999 0 -0.124191 -0.2741586 -0.03572864 0.9529623
3.9969 FirstCar -27.76133 0.025 2.97 0 90 0 0 0.7071068 0 0.7071068 9.929172 0
3.9969 SecondCar -60.27774 0.025 2.97 0 90 0 0 0.7071068 0 0.7071068 9.911141 0
3.9973 Head 0 1.6 0.78 345.15 327.8999 0 -0.124191 -0.2741586 -0.03572864 0.9529623
3.9973 FirstCar -27.75779 0.025 2.97 0 90 0 0 0.7071068 0 0.7071068 9.928316 0
3.9973 SecondCar -60.27421 0.025 2.97 0 90 0 0 0.7071068 0 0.7071068 9.910286 0
3.9977 Head 0 1.6 0.78 345.15 327.8999 0 -0.124191 -0.2741586 -0.03572864 0.9529623
3.9977 FirstCar -27.75398 0.025 2.97 0 90 0 0 0.7071068 0 0.7071068 9.927395 0
3.9977 SecondCar -60.2704 0.025 2.97 0 90 0 0 0.7071068 0 0.7071068 9.909365 0
3.9981 Head 0 1.6 0.78 345.15 327.8999 0 -0.124191 -0.2741586 -0.03572864 0.9529623
3.9981 FirstCar -27.75021 0.025 2.97 0 90 0 0 0.7071068 0 0.7071068 9.926482 0
3.9981 SecondCar -60.26664 0.025 2.97 0 90 0 0 0.7071068 0 0.7071068 9.908452 0
3.9985 Head 0 1.6 0.78 345.15 327.8999 0 -0.124191 -0.2741586 -0.03572864 0.9529623
3.9985 FirstCar -27.74615 0.025 2.97 0 90 0 0 0.7071068 0 0.7071068 9.925503 0
3.9985 SecondCar -60.26259 0.025 2.97 0 90 0 0 0.7071068 0 0.7071068 9.907473 0
3.9989 Head 0 1.6 0.78 345.15 327.8999 0 -0.124191 -0.2741586 -0.03572864 0.9529623
3.9989 FirstCar -27.74209 0.025 2.97 0 90 0 0 0.7071068 0 0.7071068 9.92452 0
3.9989 SecondCar -60.25853 0.025 2.97 0 90 0 0 0.7071068 0 0.7071068 9.906489 0
3.9992 Head 0 1.6 0.78 345.15 327.8999 0 -0.124191 -0.2741586 -0.03572864 0.9529623
3.9992 FirstCar -27.73854 0.025 2.97 0 90 0 0 0.7071068 0 0.7071068 9.923661 0
3.9992 SecondCar -60.25499 0.025 2.97 0 90 0 0 0.7071068 0 0.7071068 9.905631 0
3.9996 Head 0 1.6 0.78 345.15 327.8999 0 -0.124191 -0.2741586 -0.03572864 0.9529623
3.9996 FirstCar -27.73514 0.025 2.97 0 90 0 0 0.7071068 0 0.7071068 9.922839 0
3.9996 SecondCar -60.25159 0.025 2.97 0 90 0 0 0.7071068 0 0.7071068 9.904809 0
3.9999 Head 0 1.6 0.78 345.15 327.8999 0 -0.124191 -0.2741586 -0.03572864 0.9529623
3.9999 FirstCar -27.7316 0.025 2.97 0 90 0 0 0.7071068 0 0.7071068 9.921984 0
3.9999 SecondCar -60.24806 0.025 2.97 0 90 0 0 0.7071068 0 0.7071068 9.903954 0
4.0003 Head 0 1.6 0.78 345.15 327.8999 0 -0.124191 -0.2741586 -0.03572864 0.9529623
4.0003 FirstCar -27.72782 0.025 2.97 0 90 0 0 0.7071068 0 0.7071068 9.921068 0
4.0003 SecondCar -60.24428 0.025 2.97 0 90 0 0 0.7071068 0 0.7071068 9.903038 0
4.0007 Head 0 1.6 0.78 345.15 327.8999 0 -0.124191 -0.2741586 -0.03572864 0.9529623
4.0007 FirstCar -27.72418 0.025 2.97 0 90 0 0 0.7071068 0 0.7071068 9.920189 0
4.0007 SecondCar -60.24065 0.025 2.97 0 90 0 0 0.7071068 0 0.7071068 9.902159 0
4.0011 Head 0 1.6 0.78 345.15 327.8999 0 -0.124191 -0.2741586 -0.03572864 0.9529623
4.0011 FirstCar -27.71993 0.025 2.97 0 90 0 0 0.7071068 0 0.7071068 9.919161 0
4.0011 SecondCar -60.23641 0.025 2.97 0 90 0 0 0.7071068 0 0.7071068 9.901131 0
4.0015 Head 0 1.6 0.78 345.15 327.8999 0 -0.124191 -0.2741586 -0.03572864 0.9529623
4.0015 FirstCar -27.71613 0.025 2.97 0 90 0 0 0.7071068 0 0.7071068 9.91824 0
4.0015 SecondCar -60.23261 0.025 2.97 0 90 0 0 0.7071068 0 0.7071068 9.900209 0
4.0018 Head 0 1.6 0.78 345.15 327.8999 0 -0.124191 -0.2741586 -0.03572864 0.9529623
4.0018 FirstCar -27.71259 0.025 2.97 0 90 0 0 0.7071068 0 0.7071068 9.917384 0
4.0018 SecondCar -60.22908 0.025 2.97 0 90 0 0 0.7071068 0 0.7071068 9.899354 0
4.0022 Head 0 1.6 0.78 345.15 327.8999 0 -0.124191 -0.2741586 -0.03572864 0.9529623
4.0022 FirstCar -27.70902 0.025 2.97 0 90 0 0 0.7071068 0 0.7071068 9.916519 0
4.0022 SecondCar -60.22552 0.025 2.97 0 90 0 0 0.7071068 0 0.7071068 9.898489 0
4.0026 Head 0 1.6 0.78 345.15 327.8999 0 -0.124191 -0.2741586 -0.03572864 0.9529623
4.0026 FirstCar -27.70546 0.025 2.97 0 90 0 0 0.7071068 0 0.7071068 9.915657 0
4.0026 SecondCar -60.22196 0.025 2.97 0 90 0 0 0.7071068 0 0.7071068 9.897627 0
4.0029 Head 0 1.6 0.78 345.15 327.8999 0 -0.124191 -0.2741586 -0.03572864 0.9529623
4.0029 FirstCar -27.70185 0.025 2.97 0 90 0 0 0.7071068 0 0.7071068 9.914784 0
4.0029 SecondCar -60.21836 0.025 2.97 0 90 0 0 0.7071068 0 0.7071068 9.896754 0
4.0033 Head 0 1.6 0.78 345.15 327.8999 0 -0.124191 -0.2741586 -0.03572864 0.9529623
4.0033 FirstCar -27.69781 0.025 2.97 0 90 0 0 0.7071068 0 0.7071068 9.913806 0
4.0033 SecondCar -60.21433 0.025 2.97 0 90 0 0 0.7071068 0 0.7071068 9.895776 0
4.0037 Head 0 1.6 0.78 345.15 327.8999 0 -0.124191 -0.2741586 -0.03572864 0.9529623
4.0037 FirstCar -27.6943 0.025 2.97 0 90 0 0 0.7071068 0 0.7071068 9.912955 0
4.0037 SecondCar -60.21082 0.025 2.97 0 90 0 0 0.7071068 0 0.7071068 9.894925 0
4.0041 Head 0 1.6 0.78 345.15 327.8999 0 -0.124191 -0.2741586 -0.03572864 0.9529623
4.0041 FirstCar -27.6906 0.025 2.97 0 90 0 0 0.7071068 0 0.7071068 9.912059 0
4.0041 SecondCar -60.20713 0.025 2.97 0 90 0 0 0.7071068 0 0.7071068 9.894029 0
4.0044 Head 0 1.6 0.78 345.15 327.8999 0 -0.124191 -0.2741586 -0.03572864 0.9529623
4.0044 FirstCar -27.68695 0.025 2.97 0 90 0 0 0.7071068 0 0.7071068 9.911177 0
4.0044 SecondCar -60.20349 0.025 2.97 0 90 0 0 0.7071068 0 0.7071068 9.893147 0
4.0048 Head 0 1.6 0.78 345.15 327.8999 0 -0.124191 -0.2741586 -0.03572864 0.9529623
4.0048 FirstCar -27.68337 0.025 2.97 0 90 0 0 0.7071068 0 0.7071068 9.910309 0
4.0048 SecondCar -60.19992 0.025 2.97 0 90 0 0 0.7071068 0 0.7071068 9.892279 0
4.0052 Head 0 1.6 0.78 345.15 327.8999 0 -0.124191 -0.2741586 -0.03572864 0.9529623
4.0052 FirstCar -27.67931 0.025 2.97 0 90 0 0 0.7071068 0 0.7071068 9.909325 0
4.0052 SecondCar -60.19586 0.025 2.97 0 90 0 0 0.7071068 0 0.7071068 9.891294 0
4.0056 Head 0 1.6 0.78 345.15 327.8999 0 -0.124191 -0.2741586 -0.03572864 0.9529623
4.0056 FirstCar -27.67543 0.025 2.97 0 90 0 0 0.7071068 0 0.7071068 9.908385 0
4.0056 SecondCar -60.19199 0.025 2.97 0 90 0 0 0.7071068 0 0.7071068 9.890355 0
4.0059 Head 0 1.6 0.78 345.15 327.8999 0 -0.124191 -0.2741586 -0.03572864 0.9529623
4.0059 FirstCar -27.6719 0.025 2.97 0 90 0 0 0.7071068 0 0.7071068 9.907532 0
4.0059 SecondCar -60.18847 0.025 2.97 0 90 0 0 0.7071068 0 0.7071068 9.889502 0
4.0063 Head 0 1.6 0.78 345.15 327.8999 0 -0.124191 -0.2741586 -0.03572864 0.9529623
4.0063 FirstCar -27.66839 0.025 2.97 0 90 0 0 0.7071068 0 0.7071068 9.906681 0
4.0063 SecondCar -60.18497 0.025 2.97 0 90 0 0 0.7071068 0 0.7071068 9.888651 0
4.0067 Head 0 1.6 0.78 345.15 327.8999 0 -0.124191 -0.2741586 -0.03572864 0.9529623
4.0067 FirstCar -27.66445 0.025 2.97 0 90 0 0 0.7071068 0 0.7071068 9.905726 0
4.0067 SecondCar -60.18104 0.025 2.97 0 90 0 0 0.7071068 0 0.7071068 9.887696 0
4.0070 Head 0 1.6 0.78 345.15 327.8999 0 -0.124191 -0.2741586 -0.03572864 0.9529623
4.0070 FirstCar -27.66111 0.025 2.97 0 90 0 0 0.7071068 0 0.7071068 9.904918 0
4.0070 SecondCar -60.17771 0.025 2.97 0 90 0 0 0.7071068 0 0.7071068 9.886888 0
4.0074 Head 0 1.6 0.78 345.15 327.8999 0 -0.124191 -0.2741586 -0.03572864 0.9529623
4.0074 FirstCar -27.65771 0.025 2.97 0 90 0 0 0.7071068 0 0.7071068 9.904093 0
4.0074 SecondCar -60.17431 0.025 2.97 0 90 0 0 0.7071068 0 0.7071068 9.886063 0
4.0078 Head 0 1.6 0.78 345.15 327.8999 0 -0.124191 -0.2741586 -0.03572864 0.9529623
4.0078 FirstCar -27.65404 0.025 2.97 0 90 0 0 0.7071068 0 0.7071068 9.903203 0
4.0078 SecondCar -60.17064 0.025 2.97 0 90 0 0 0.7071068 0 0.7071068 9.885173 0
4.0081 Head 0 1.6 0.78 345.15 327.8999 0 -0.124191 -0.2741586 -0.03572864 0.9529623
4.0081 FirstCar -27.6504 0.025 2.97 0 90 0 0 0.7071068 0 0.7071068 9.902321 0
4.0081 SecondCar -60.16701 0.025 2.97 0 90 0 0 0.7071068 0 0.7071068 9.884291 0
4.0085 Head 0 1.6 0.78 345.15 327.8999 0 -0.124191 -0.2741586 -0.03572864 0.9529623
4.0085 FirstCar -27.64662 0.025 2.97 0 90 0 0 0.7071068 0 0.7071068 9.901404 0
4.0085 SecondCar -60.16324 0.025 2.97 0 90 0 0 0.7071068 0 0.7071068 9.883374 0
4.0089 Head 0 1.6 0.78 345.15 327.8999 0 -0.124191 -0.2741586 -0.03572864 0.9529623
4.0089 FirstCar -27.64304 0.025 2.97 0 90 0 0 0.7071068 0 0.7071068 9.900537 0
4.0089 SecondCar -60.15967 0.025 2.97 0 90 0 0 0.7071068 0 0.7071068 9.882507 0
4.0092 Head 0 1.6 0.78 345.15 327.8999 0 -0.124191 -0.2741586 -0.03572864 0.9529623
4.0092 FirstCar -27.6395 0.025 2.97 0 90 0 0 0.7071068 0 0.7071068 9.899678 0
4.0092 SecondCar -60.15613 0.025 2.97 0 90 0 0 0.7071068 0 0.7071068 9.881648 0
4.0096 Head 0 1.6 0.78 345.15 327.8999 0 -0.124191 -0.2741586 -0.03572864 0.9529623
4.0096 FirstCar -27.63612 0.025 2.97 0 90 0 0 0.7071068 0 0.7071068 9.89886 0
4.0096 SecondCar -60.15276 0.025 2.97 0 90 0 0 0.7071068 0 0.7071068 9.88083 0
4.0099 Head 0 1.6 0.78 345.15 327.8999 0 -0.124191 -0.2741586 -0.03572864 0.9529623
4.0099 FirstCar -27.63272 0.025 2.97 0 90 0 0 0.7071068 0 0.7071068 9.898035 0
4.0099 SecondCar -60.14936 0.025 2.97 0 90 0 0 0.7071068 0 0.7071068 9.880005 0
4.0103 Head 0 1.6 0.78 345.15 327.8999 0 -0.124191 -0.2741586 -0.03572864 0.9529623
4.0103 FirstCar -27.6292 0.025 2.97 0 90 0 0 0.7071068 0 0.7071068 9.897182 0
4.0103 SecondCar -60.14585 0.025 2.97 0 90 0 0 0.7071068 0 0.7071068 9.879152 0
4.0109 Head 0 1.6 0.78 345.15 327.8999 0 -0.124191 -0.2741586 -0.03572864 0.9529623
4.0109 FirstCar -27.62272 0.025 2.97 0 90 0 0 0.7071068 0 0.7071068 9.895611 0
4.0109 SecondCar -60.13939 0.025 2.97 0 90 0 0 0.7071068 0 0.7071068 9.877581 0
4.0113 Head 0 1.6 0.78 345.15 327.8999 0 -0.124191 -0.2741586 -0.03572864 0.9529623
4.0113 FirstCar -27.61879 0.025 2.97 0 90 0 0 0.7071068 0 0.7071068 9.894657 0
4.0113 SecondCar -60.13546 0.025 2.97 0 90 0 0 0.7071068 0 0.7071068 9.876627 0
4.0117 Head 0 1.6 0.78 345.15 327.8999 0 -0.124191 -0.2741586 -0.03572864 0.9529623
4.0117 FirstCar -27.61516 0.025 2.97 0 90 0 0 0.7071068 0 0.7071068 9.893776 0
4.0117 SecondCar -60.13184 0.025 2.97 0 90 0 0 0.7071068 0 0.7071068 9.875746 0
4.0121 Head 0 1.6 0.78 345.15 327.8999 0 -0.124191 -0.2741586 -0.03572864 0.9529623
4.0121 FirstCar -27.61127 0.025 2.97 0 90 0 0 0.7071068 0 0.7071068 9.892833 0
4.0121 SecondCar -60.12796 0.025 2.97 0 90 0 0 0.7071068 0 0.7071068 9.874803 0
4.0124 Head 0 1.6 0.78 345.15 327.8999 0 -0.124191 -0.2741586 -0.03572864 0.9529623
4.0124 FirstCar -27.60773 0.025 2.97 0 90 0 0 0.7071068 0 0.7071068 9.891973 0
4.0124 SecondCar -60.12442 0.025 2.97 0 90 0 0 0.7071068 0 0.7071068 9.873942 0
4.0128 Head 0 1.6 0.78 345.15 327.8999 0 -0.124191 -0.2741586 -0.03572864 0.9529623
4.0128 FirstCar -27.60423 0.025 2.97 0 90 0 0 0.7071068 0 0.7071068 9.891124 0
4.0128 SecondCar -60.12093 0.025 2.97 0 90 0 0 0.7071068 0 0.7071068 9.873094 0
4.0131 Head 0 1.6 0.78 345.15 327.8999 0 -0.124191 -0.2741586 -0.03572864 0.9529623
4.0131 FirstCar -27.60066 0.025 2.97 0 90 0 0 0.7071068 0 0.7071068 9.890257 0
4.0131 SecondCar -60.11737 0.025 2.97 0 90 0 0 0.7071068 0 0.7071068 9.872227 0
4.0135 Head 0 1.6 0.78 345.15 327.8999 0 -0.124191 -0.2741586 -0.03572864 0.9529623
4.0135 FirstCar -27.5969 0.025 2.97 0 90 0 0 0.7071068 0 0.7071068 9.889345 0
4.0135 SecondCar -60.11362 0.025 2.97 0 90 0 0 0.7071068 0 0.7071068 9.871315 0
4.0139 Head 0 1.6 0.78 345.15 327.8999 0 -0.124191 -0.2741586 -0.03572864 0.9529623
4.0139 FirstCar -27.5928 0.025 2.97 0 90 0 0 0.7071068 0 0.7071068 9.88835 0
4.0139 SecondCar -60.10952 0.025 2.97 0 90 0 0 0.7071068 0 0.7071068 9.870319 0
4.0144 Head 0 1.6 0.78 345.15 327.8999 0 -0.124191 -0.2741586 -0.03572864 0.9529623
4.0144 FirstCar -27.58853 0.025 2.97 0 90 0 0 0.7071068 0 0.7071068 9.887312 0
4.0144 SecondCar -60.10526 0.025 2.97 0 90 0 0 0.7071068 0 0.7071068 9.869282 0
4.0148 Head 0 1.6 0.78 345.15 327.8999 0 -0.124191 -0.2741586 -0.03572864 0.9529623
4.0148 FirstCar -27.58449 0.025 2.97 0 90 0 0 0.7071068 0 0.7071068 9.886331 0
4.0148 SecondCar -60.10122 0.025 2.97 0 90 0 0 0.7071068 0 0.7071068 9.8683 0
4.0152 Head 0 1.6 0.78 345.15 327.8999 0 -0.124191 -0.2741586 -0.03572864 0.9529623
4.0152 FirstCar -27.58055 0.025 2.97 0 90 0 0 0.7071068 0 0.7071068 9.885375 0
4.0152 SecondCar -60.09729 0.025 2.97 0 90 0 0 0.7071068 0 0.7071068 9.867345 0
4.0156 Head 0 1.6 0.78 345.15 327.8999 0 -0.124191 -0.2741586 -0.03572864 0.9529623
4.0156 FirstCar -27.57682 0.025 2.97 0 90 0 0 0.7071068 0 0.7071068 9.88447 0
4.0156 SecondCar -60.09357 0.025 2.97 0 90 0 0 0.7071068 0 0.7071068 9.86644 0
4.0160 Head 0 1.6 0.78 345.15 327.8999 0 -0.124191 -0.2741586 -0.03572864 0.9529623
4.0160 FirstCar -27.57249 0.025 2.97 0 90 0 0 0.7071068 0 0.7071068 9.883418 0
4.0160 SecondCar -60.08925 0.025 2.97 0 90 0 0 0.7071068 0 0.7071068 9.865388 0
4.0164 Head 0 1.6 0.78 345.15 327.8999 0 -0.124191 -0.2741586 -0.03572864 0.9529623
4.0164 FirstCar -27.56855 0.025 2.97 0 90 0 0 0.7071068 0 0.7071068 9.882462 0
4.0164 SecondCar -60.08532 0.025 2.97 0 90 0 0 0.7071068 0 0.7071068 9.864431 0
4.0168 Head 0 1.6 0.78 345.15 327.8999 0 -0.124191 -0.2741586 -0.03572864 0.9529623
4.0168 FirstCar -27.56472 0.025 2.97 0 90 0 0 0.7071068 0 0.7071068 9.88153 0
4.0168 SecondCar -60.08149 0.025 2.97 0 90 0 0 0.7071068 0 0.7071068 9.8635 0
4.0172 Head 0 1.6 0.78 345.15 327.8999 0 -0.124191 -0.2741586 -0.03572864 0.9529623
4.0172 FirstCar -27.561 0.025 2.97 0 90 0 0 0.7071068 0 0.7071068 9.880627 0
4.0172 SecondCar -60.07778 0.025 2.97 0 90 0 0 0.7071068 0 0.7071068 9.862597 0
4.0175 Head 0 1.6 0.78 345.15 327.8999 0 -0.124191 -0.2741586 -0.03572864 0.9529623
4.0175 FirstCar -27.55733 0.025 2.97 0 90 0 0 0.7071068 0 0.7071068 9.879736 0
4.0175 SecondCar -60.07412 0.025 2.97 0 90 0 0 0.7071068 0 0.7071068 9.861706 0
4.0179 Head 0 1.6 0.78 345.15 327.8999 0 -0.124191 -0.2741586 -0.03572864 0.9529623
4.0179 FirstCar -27.55355 0.025 2.97 0 90 0 0 0.7071068 0 0.7071068 9.878817 0
4.0179 SecondCar -60.07035 0.025 2.97 0 90 0 0 0.7071068 0 0.7071068 9.860786 0
4.0183 Head 0 1.6 0.78 345.15 327.8999 0 -0.124191 -0.2741586 -0.03572864 0.9529623
4.0183 FirstCar -27.54981 0.025 2.97 0 90 0 0 0.7071068 0 0.7071068 9.877907 0
4.0183 SecondCar -60.06661 0.025 2.97 0 90 0 0 0.7071068 0 0.7071068 9.859877 0
4.0187 Head 0 1.6 0.78 345.15 327.8999 0 -0.124191 -0.2741586 -0.03572864 0.9529623
4.0187 FirstCar -27.54593 0.025 2.97 0 90 0 0 0.7071068 0 0.7071068 9.876965 0
4.0187 SecondCar -60.06274 0.025 2.97 0 90 0 0 0.7071068 0 0.7071068 9.858934 0
4.0191 Head 0 1.6 0.78 345.15 327.8999 0 -0.124191 -0.2741586 -0.03572864 0.9529623
4.0191 FirstCar -27.54193 0.025 2.97 0 90 0 0 0.7071068 0 0.7071068 9.875992 0
4.0191 SecondCar -60.05874 0.025 2.97 0 90 0 0 0.7071068 0 0.7071068 9.857962 0
4.0195 Head 0 1.6 0.78 345.15 327.8999 0 -0.124191 -0.2741586 -0.03572864 0.9529623
4.0195 FirstCar -27.53803 0.025 2.97 0 90 0 0 0.7071068 0 0.7071068 9.875046 0
4.0195 SecondCar -60.05486 0.025 2.97 0 90 0 0 0.7071068 0 0.7071068 9.857016 0
4.0199 Head 0 1.6 0.78 345.15 327.8999 0 -0.124191 -0.2741586 -0.03572864 0.9529623
4.0199 FirstCar -27.53437 0.025 2.97 0 90 0 0 0.7071068 0 0.7071068 9.874156 0
4.0199 SecondCar -60.0512 0.025 2.97 0 90 0 0 0.7071068 0 0.7071068 9.856126 0
4.0203 Head 0 1.6 0.78 345.15 327.8999 0 -0.124191 -0.2741586 -0.03572864 0.9529623
4.0203 FirstCar -27.53035 0.025 2.97 0 90 0 0 0.7071068 0 0.7071068 9.873177 0
4.0203 SecondCar -60.04718 0.025 2.97 0 90 0 0 0.7071068 0 0.7071068 9.855146 0
4.0206 Head 0 1.6 0.78 345.15 327.8999 0 -0.124191 -0.2741586 -0.03572864 0.9529623
4.0206 FirstCar -27.52654 0.025 2.97 0 90 0 0 0.7071068 0 0.7071068 9.872251 0
4.0206 SecondCar -60.04338 0.025 2.97 0 90 0 0 0.7071068 0 0.7071068 9.85422 0
4.0210 Head 0 1.6 0.78 345.15 327.8999 0 -0.124191 -0.2741586 -0.03572864 0.9529623
4.0210 FirstCar -27.523 0.025 2.97 0 90 0 0 0.7071068 0 0.7071068 9.87139 0
4.0210 SecondCar -60.03985 0.025 2.97 0 90 0 0 0.7071068 0 0.7071068 9.85336 0
4.0214 Head 0 1.6 0.78 345.15 327.8999 0 -0.124191 -0.2741586 -0.03572864 0.9529623
4.0214 FirstCar -27.51943 0.025 2.97 0 90 0 0 0.7071068 0 0.7071068 9.870521 0
4.0214 SecondCar -60.03629 0.025 2.97 0 90 0 0 0.7071068 0 0.7071068 9.85249 0
4.0217 Head 0 1.6 0.78 345.15 327.8999 0 -0.124191 -0.2741586 -0.03572864 0.9529623
4.0217 FirstCar -27.51598 0.025 2.97 0 90 0 0 0.7071068 0 0.7071068 9.869682 0
4.0217 SecondCar -60.03284 0.025 2.97 0 90 0 0 0.7071068 0 0.7071068 9.851652 0
4.0221 Head 0 1.6 0.78 345.15 327.8999 0 -0.124191 -0.2741586 -0.03572864 0.9529623
4.0221 FirstCar -27.5125 0.025 2.97 0 90 0 0 0.7071068 0 0.7071068 9.868834 0
4.0221 SecondCar -60.02937 0.025 2.97 0 90 0 0 0.7071068 0 0.7071068 9.850804 0
4.0224 Head 0 1.6 0.78 345.15 327.8999 0 -0.124191 -0.2741586 -0.03572864 0.9529623
4.0224 FirstCar -27.509 0.025 2.97 0 90 0 0 0.7071068 0 0.7071068 9.867984 0
4.0224 SecondCar -60.02588 0.025 2.97 0 90 0 0 0.7071068 0 0.7071068 9.849954 0
4.0228 Head 0 1.6 0.78 345.15 327.8999 0 -0.124191 -0.2741586 -0.03572864 0.9529623
4.0228 FirstCar -27.50524 0.025 2.97 0 90 0 0 0.7071068 0 0.7071068 9.867069 0
4.0228 SecondCar -60.02212 0.025 2.97 0 90 0 0 0.7071068 0 0.7071068 9.849039 0
4.0232 Head 0 1.6 0.78 345.15 327.8999 0 -0.124191 -0.2741586 -0.03572864 0.9529623
4.0232 FirstCar -27.50162 0.025 2.97 0 90 0 0 0.7071068 0 0.7071068 9.866187 0
4.0232 SecondCar -60.01851 0.025 2.97 0 90 0 0 0.7071068 0 0.7071068 9.848157 0
4.0235 Head 0 1.6 0.78 345.15 327.8999 0 -0.124191 -0.2741586 -0.03572864 0.9529623
4.0235 FirstCar -27.49798 0.025 2.97 0 90 0 0 0.7071068 0 0.7071068 9.865302 0
4.0235 SecondCar -60.01487 0.025 2.97 0 90 0 0 0.7071068 0 0.7071068 9.847272 0
4.0239 Head 0 1.6 0.78 345.15 327.8999 0 -0.124191 -0.2741586 -0.03572864 0.9529623
4.0239 FirstCar -27.49445 0.025 2.97 0 90 0 0 0.7071068 0 0.7071068 9.864444 0
4.0239 SecondCar -60.01135 0.025 2.97 0 90 0 0 0.7071068 0 0.7071068 9.846414 0
4.0242 Head 0 1.6 0.78 345.15 327.8999 0 -0.124191 -0.2741586 -0.03572864 0.9529623
4.0242 FirstCar -27.49102 0.025 2.97 0 90 0 0 0.7071068 0 0.7071068 9.863609 0
4.0242 SecondCar -60.00793 0.025 2.97 0 90 0 0 0.7071068 0 0.7071068 9.845579 0
4.0246 Head 0 1.6 0.78 345.15 327.8999 0 -0.124191 -0.2741586 -0.03572864 0.9529623
4.0246 FirstCar -27.48723 0.025 2.97 0 90 0 0 0.7071068 0 0.7071068 9.862686 0
4.0246 SecondCar -60.00415 0.025 2.97 0 90 0 0 0.7071068 0 0.7071068 9.844656 0
4.0250 Head 0 1.6 0.78 345.15 327.8999 0 -0.124191 -0.2741586 -0.03572864 0.9529623
4.0250 FirstCar -27.48314 0.025 2.97 0 90 0 0 0.7071068 0 0.7071068 9.861691 0
4.0250 SecondCar -60.00006 0.025 2.97 0 90 0 0 0.7071068 0 0.7071068 9.84366 0
4.0254 Head 0 1.6 0.78 345.15 327.8999 0 -0.124191 -0.2741586 -0.03572864 0.9529623
4.0254 FirstCar -27.47957 0.025 2.97 0 90 0 0 0.7071068 0 0.7071068 9.860823 0
4.0254 SecondCar -59.9965 0.025 2.97 0 90 0 0 0.7071068 0 0.7071068 9.842793 0
4.0258 Head 0 1.6 0.78 345.15 327.8999 0 -0.124191 -0.2741586 -0.03572864 0.9529623
4.0258 FirstCar -27.47615 0.025 2.97 0 90 0 0 0.7071068 0 0.7071068 9.859989 0
4.0258 SecondCar -59.99308 0.025 2.97 0 90 0 0 0.7071068 0 0.7071068 9.841959 0
4.0261 Head 0 1.6 0.78 345.15 327.8999 0 -0.124191 -0.2741586 -0.03572864 0.9529623
4.0261 FirstCar -27.47277 0.025 2.97 0 90 0 0 0.7071068 0 0.7071068 9.859168 0
4.0261 SecondCar -59.98972 0.025 2.97 0 90 0 0 0.7071068 0 0.7071068 9.841138 0
4.0264 Head 0 1.6 0.78 345.15 327.8999 0 -0.124191 -0.2741586 -0.03572864 0.9529623
4.0264 FirstCar -27.46932 0.025 2.97 0 90 0 0 0.7071068 0 0.7071068 9.858326 0
4.0264 SecondCar -59.98626 0.025 2.97 0 90 0 0 0.7071068 0 0.7071068 9.840296 0
4.0268 Head 0 1.6 0.78 345.15 327.8999 0 -0.124191 -0.2741586 -0.03572864 0.9529623
4.0268 FirstCar -27.46595 0.025 2.97 0 90 0 0 0.7071068 0 0.7071068 9.857507 0
4.0268 SecondCar -59.98291 0.025 2.97 0 90 0 0 0.7071068 0 0.7071068 9.839477 0
4.0271 Head 0 1.6 0.78 345.15 327.8999 0 -0.124191 -0.2741586 -0.03572864 0.9529623
4.0271 FirstCar -27.46263 0.025 2.97 0 90 0 0 0.7071068 0 0.7071068 9.856697 0
4.0271 SecondCar -59.97959 0.025 2.97 0 90 0 0 0.7071068 0 0.7071068 9.838667 0
4.0275 Head 0 1.6 0.78 345.15 327.8999 0 -0.124191 -0.2741586 -0.03572864 0.9529623
4.0275 FirstCar -27.45891 0.025 2.97 0 90 0 0 0.7071068 0 0.7071068 9.855793 0
4.0275 SecondCar -59.97588 0.025 2.97 0 90 0 0 0.7071068 0 0.7071068 9.837763 0
4.0279 Head 0 1.6 0.78 345.15 327.8999 0 -0.124191 -0.2741586 -0.03572864 0.9529623
4.0279 FirstCar -27.45517 0.025 2.97 0 90 0 0 0.7071068 0 0.7071068 9.854882 0
4.0279 SecondCar -59.97215 0.025 2.97 0 90 0 0 0.7071068 0 0.7071068 9.836852 0
4.0283 Head 0 1.6 0.78 345.15 327.8999 0 -0.124191 -0.2741586 -0.03572864 0.9529623
4.0283 FirstCar -27.45124 0.025 2.97 0 90 0 0 0.7071068 0 0.7071068 9.853925 0
4.0283 SecondCar -59.96822 0.025 2.97 0 90 0 0 0.7071068 0 0.7071068 9.835895 0
4.0286 Head 0 1.6 0.78 345.15 327.8999 0 -0.124191 -0.2741586 -0.03572864 0.9529623
4.0286 FirstCar -27.44765 0.025 2.97 0 90 0 0 0.7071068 0 0.7071068 9.853049 0
4.0286 SecondCar -59.96463 0.025 2.97 0 90 0 0 0.7071068 0 0.7071068 9.835019 0
4.0290 Head 0 1.6 0.78 345.15 327.8999 0 -0.124191 -0.2741586 -0.03572864 0.9529623
4.0290 FirstCar -27.44391 0.025 2.97 0 90 0 0 0.7071068 0 0.7071068 9.852139 0
4.0290 SecondCar -59.9609 0.025 2.97 0 90 0 0 0.7071068 0 0.7071068 9.834109 0
4.0294 Head 0 1.6 0.78 345.15 327.8999 0 -0.124191 -0.2741586 -0.03572864 0.9529623
4.0294 FirstCar -27.44029 0.025 2.97 0 90 0 0 0.7071068 0 0.7071068 9.851257 0
4.0294 SecondCar -59.95728 0.025 2.97 0 90 0 0 0.7071068 0 0.7071068 9.833227 0
4.0298 Head 0 1.6 0.78 345.15 327.8999 0 -0.124191 -0.2741586 -0.03572864 0.9529623
4.0298 FirstCar -27.43664 0.025 2.97 0 90 0 0 0.7071068 0 0.7071068 9.850368 0
4.0298 SecondCar -59.95364 0.025 2.97 0 90 0 0 0.7071068 0 0.7071068 9.832337 0
4.0301 Head 0 1.6 0.78 345.15 327.8999 0 -0.124191 -0.2741586 -0.03572864 0.9529623
4.0301 FirstCar -27.43302 0.025 2.97 0 90 0 0 0.7071068 0 0.7071068 9.849485 0
4.0301 SecondCar -59.95002 0.025 2.97 0 90 0 0 0.7071068 0 0.7071068 9.831455 0
4.0308 Head 0 1.6 0.78 345.15 327.8999 0 -0.124191 -0.2741586 -0.03572864 0.9529623
4.0308 FirstCar -27.42645 0.025 2.97 0 90 0 0 0.7071068 0 0.7071068 9.847884 0
4.0308 SecondCar -59.94347 0.025 2.97 0 90 0 0 0.7071068 0 0.7071068 9.829854 0
4.0312 Head 0 1.6 0.78 345.15 327.8999 0 -0.124191 -0.2741586 -0.03572864 0.9529623
4.0312 FirstCar -27.42218 0.025 2.97 0 90 0 0 0.7071068 0 0.7071068 9.846843 0
4.0312 SecondCar -59.9392 0.025 2.97 0 90 0 0 0.7071068 0 0.7071068 9.828813 0
4.0316 Head 0 1.6 0.78 345.15 327.8999 0 -0.124191 -0.2741586 -0.03572864 0.9529623
4.0316 FirstCar -27.41834 0.025 2.97 0 90 0 0 0.7071068 0 0.7071068 9.845908 0
4.0316 SecondCar -59.93538 0.025 2.97 0 90 0 0 0.7071068 0 0.7071068 9.827878 0
4.0320 Head 0 1.6 0.78 345.15 327.8999 0 -0.124191 -0.2741586 -0.03572864 0.9529623
4.0320 FirstCar -27.41433 0.025 2.97 0 90 0 0 0.7071068 0 0.7071068 9.84493 0
4.0320 SecondCar -59.93137 0.025 2.97 0 90 0 0 0.7071068 0 0.7071068 9.8269 0
4.0325 Head 0 1.6 0.78 345.15 327.8999 0 -0.124191 -0.2741586 -0.03572864 0.9529623
4.0325 FirstCar -27.40983 0.025 2.97 0 90 0 0 0.7071068 0 0.7071068 9.843831 0
4.0325 SecondCar -59.92687 0.025 2.97 0 90 0 0 0.7071068 0 0.7071068 9.825801 0
4.0329 Head 0 1.6 0.78 345.15 327.8999 0 -0.124191 -0.2741586 -0.03572864 0.9529623
4.0329 FirstCar -27.40586 0.025 2.97 0 90 0 0 0.7071068 0 0.7071068 9.842864 0
4.0329 SecondCar -59.92291 0.025 2.97 0 90 0 0 0.7071068 0 0.7071068 9.824834 0
4.0333 Head 0 1.6 0.78 345.15 327.8999 0 -0.124191 -0.2741586 -0.03572864 0.9529623
4.0333 FirstCar -27.40176 0.025 2.97 0 90 0 0 0.7071068 0 0.7071068 9.841864 0
4.0333 SecondCar -59.91882 0.025 2.97 0 90 0 0 0.7071068 0 0.7071068 9.823833 0
4.0337 Head 0 1.6 0.78 345.15 327.8999 0 -0.124191 -0.2741586 -0.03572864 0.9529623
4.0337 FirstCar -27.39822 0.025 2.97 0 90 0 0 0.7071068 0 0.7071068 9.841 0
4.0337 SecondCar -59.91528 0.025 2.97 0 90 0 0 0.7071068 0 0.7071068 9.822969 0
4.0341 Head 0 1.6 0.78 345.15 327.8999 0 -0.124191 -0.2741586 -0.03572864 0.9529623
4.0341 FirstCar -27.39442 0.025 2.97 0 90 0 0 0.7071068 0 0.7071068 9.840075 0
4.0341 SecondCar -59.9115 0.025 2.97 0 90 0 0 0.7071068 0 0.7071068 9.822044 0
4.0344 Head 0 1.6 0.78 345.15 327.8999 0 -0.124191 -0.2741586 -0.03572864 0.9529623
4.0344 FirstCar -27.39095 0.025 2.97 0 90 0 0 0.7071068 0 0.7071068 9.839227 0
4.0344 SecondCar -59.90803 0.025 2.97 0 90 0 0 0.7071068 0 0.7071068 9.821197 0
4.0348 Head 0 1.6 0.78 345.15 327.8999 0 -0.124191 -0.2741586 -0.03572864 0.9529623
4.0348 FirstCar -27.38737 0.025 2.97 0 90 0 0 0.7071068 0 0.7071068 9.838355 0
4.0348 SecondCar -59.90446 0.025 2.97 0 90 0 0 0.7071068 0 0.7071068 9.820325 0
4.0351 Head 0 1.6 0.78 345.15 327.8999 0 -0.124191 -0.2741586 -0.03572864 0.9529623
4.0351 FirstCar -27.38377 0.025 2.97 0 90 0 0 0.7071068 0 0.7071068 9.837476 0
4.0351 SecondCar -59.90086 0.025 2.97 0 90 0 0 0.7071068 0 0.7071068 9.819446 0
4.0355 Head 0 1.6 0.78 345.15 327.8999 0 -0.124191 -0.2741586 -0.03572864 0.9529623
4.0355 FirstCar -27.38028 0.025 2.97 0 90 0 0 0.7071068 0 0.7071068 9.836624 0
4.0355 SecondCar -59.89738 0.025 2.97 0 90 0 0 0.7071068 0 0.7071068 9.818594 0
4.0359 Head 0 1.6 0.78 345.15 327.8999 0 -0.124191 -0.2741586 -0.03572864 0.9529623
4.0359 FirstCar -27.37666 0.025 2.97 0 90 0 0 0.7071068 0 0.7071068 9.83574 0
4.0359 SecondCar -59.89376 0.025 2.97 0 90 0 0 0.7071068 0 0.7071068 9.81771 0
4.0362 Head 0 1.6 0.78 345.15 327.8999 0 -0.124191 -0.2741586 -0.03572864 0.9529623
4.0362 FirstCar -27.3729 0.025 2.97 0 90 0 0 0.7071068 0 0.7071068 9.834823 0
4.0362 SecondCar -59.89001 0.025 2.97 0 90 0 0 0.7071068 0 0.7071068 9.816792 0
4.0366 Head 0 1.6 0.78 345.15 327.8999 0 -0.124191 -0.2741586 -0.03572864 0.9529623
4.0366 FirstCar -27.3689 0.025 2.97 0 90 0 0 0.7071068 0 0.7071068 9.833847 0
4.0366 SecondCar -59.88602 0.025 2.97 0 90 0 0 0.7071068 0 0.7071068 9.815817 0
4.0370 Head 0 1.6 0.78 345.15 327.8999 0 -0.124191 -0.2741586 -0.03572864 0.9529623
4.0370 FirstCar -27.36529 0.025 2.97 0 90 0 0 0.7071068 0 0.7071068 9.832966 0
4.0370 SecondCar -59.88242 0.025 2.97 0 90 0 0 0.7071068 0 0.7071068 9.814936 0
4.0374 Head 0 1.6 0.78 345.15 327.8999 0 -0.124191 -0.2741586 -0.03572864 0.9529623
4.0374 FirstCar -27.36181 0.025 2.97 0 90 0 0 0.7071068 0 0.7071068 9.832117 0
4.0374 SecondCar -59.87894 0.025 2.97 0 90 0 0 0.7071068 0 0.7071068 9.814087 0
4.0377 Head 0 1.6 0.78 345.15 327.8999 0 -0.124191 -0.2741586 -0.03572864 0.9529623
4.0377 FirstCar -27.35843 0.025 2.97 0 90 0 0 0.7071068 0 0.7071068 9.831292 0
4.0377 SecondCar -59.87557 0.025 2.97 0 90 0 0 0.7071068 0 0.7071068 9.813262 0
4.0381 Head 0 1.6 0.78 345.15 327.8999 0 -0.124191 -0.2741586 -0.03572864 0.9529623
4.0381 FirstCar -27.35498 0.025 2.97 0 90 0 0 0.7071068 0 0.7071068 9.830448 0
4.0381 SecondCar -59.87212 0.025 2.97 0 90 0 0 0.7071068 0 0.7071068 9.812418 0
4.0385 Head 0 1.6 0.78 345.15 327.8999 0 -0.124191 -0.2741586 -0.03572864 0.9529623
4.0385 FirstCar -27.35095 0.025 2.97 0 90 0 0 0.7071068 0 0.7071068 9.829464 0
4.0385 SecondCar -59.8681 0.025 2.97 0 90 0 0 0.7071068 0 0.7071068 9.811434 0
4.0389 Head 0 1.6 0.78 345.15 327.8999 0 -0.124191 -0.2741586 -0.03572864 0.9529623
4.0389 FirstCar -27.34714 0.025 2.97 0 90 0 0 0.7071068 0 0.7071068 9.828534 0
4.0389 SecondCar -59.8643 0.025 2.97 0 90 0 0 0.7071068 0 0.7071068 9.810504 0
4.0393 Head 0 1.6 0.78 345.15 327.8999 0 -0.124191 -0.2741586 -0.03572864 0.9529623
4.0393 FirstCar -27.34324 0.025 2.97 0 90 0 0 0.7071068 0 0.7071068 9.82758 0
4.0393 SecondCar -59.8604 0.025 2.97 0 90 0 0 0.7071068 0 0.7071068 9.80955 0
4.0396 Head 0 1.6 0.78 345.15 327.8999 0 -0.124191 -0.2741586 -0.03572864 0.9529623
4.0396 FirstCar -27.33986 0.025 2.97 0 90 0 0 0.7071068 0 0.7071068 9.826756 0
4.0396 SecondCar -59.85704 0.025 2.97 0 90 0 0 0.7071068 0 0.7071068 9.808725 0
4.0400 Head 0 1.6 0.78 345.15 327.8999 0 -0.124191 -0.2741586 -0.03572864 0.9529623
4.0400 FirstCar -27.33641 0.025 2.97 0 90 0 0 0.7071068 0 0.7071068 9.825912 0
4.0400 SecondCar -59.85359 0.025 2.97 0 90 0 0 0.7071068 0 0.7071068 9.807882 0
4.0404 Head 0 1.6 0.78 345.15 327.8999 0 -0.124191 -0.2741586 -0.03572864 0.9529623
4.0404 FirstCar -27.33222 0.025 2.97 0 90 0 0 0.7071068 0 0.7071068 9.824889 0
4.0404 SecondCar -59.84941 0.025 2.97 0 90 0 0 0.7071068 0 0.7071068 9.806859 0
4.0408 Head 0 1.6 0.78 345.15 327.8999 0 -0.124191 -0.2741586 -0.03572864 0.9529623
4.0408 FirstCar -27.32822 0.025 2.97 0 90 0 0 0.7071068 0 0.7071068 9.823913 0
4.0408 SecondCar -59.84542 0.025 2.97 0 90 0 0 0.7071068 0 0.7071068 9.805882 0
4.0411 Head 0 1.6 0.78 345.15 327.8999 0 -0.124191 -0.2741586 -0.03572864 0.9529623
4.0411 FirstCar -27.32478 0.025 2.97 0 90 0 0 0.7071068 0 0.7071068 9.823073 0
4.0411 SecondCar -59.84199 0.025 2.97 0 90 0 0 0.7071068 0 0.7071068 9.805043 0
4.0415 Head 0 1.6 0.78 345.15 327.8999 0 -0.124191 -0.2741586 -0.03572864 0.9529623
4.0415 FirstCar -27.32125 0.025 2.97 0 90 0 0 0.7071068 0 0.7071068 9.822211 0
4.0415 SecondCar -59.83847 0.025 2.97 0 90 0 0 0.7071068 0 0.7071068 9.804181 0
4.0419 Head 0 1.6 0.78 345.15 327.8999 0 -0.124191 -0.2741586 -0.03572864 0.9529623
4.0419 FirstCar -27.31773 0.025 2.97 0 90 0 0 0.7071068 0 0.7071068 9.82135 0
4.0419 SecondCar -59.83495 0.025 2.97 0 90 0 0 0.7071068 0 0.7071068 9.80332 0
4.0422 Head 0 1.6 0.78 345.15 327.8999 0 -0.124191 -0.2741586 -0.03572864 0.9529623
4.0422 FirstCar -27.31411 0.025 2.97 0 90 0 0 0.7071068 0 0.7071068 9.820466 0
4.0422 SecondCar -59.83134 0.025 2.97 0 90 0 0 0.7071068 0 0.7071068 9.802436 0
4.0426 Head 0 1.6 0.78 345.15 327.8999 0 -0.124191 -0.2741586 -0.03572864 0.9529623
4.0426 FirstCar -27.31072 0.025 2.97 0 90 0 0 0.7071068 0 0.7071068 9.819638 0
4.0426 SecondCar -59.82795 0.025 2.97 0 90 0 0 0.7071068 0 0.7071068 9.801608 0
4.0430 Head 0 1.6 0.78 345.15 327.8999 0 -0.124191 -0.2741586 -0.03572864 0.9529623
4.0430 FirstCar -27.30695 0.025 2.97 0 90 0 0 0.7071068 0 0.7071068 9.818717 0
4.0430 SecondCar -59.82419 0.025 2.97 0 90 0 0 0.7071068 0 0.7071068 9.800687 0
4.0433 Head 0 1.6 0.78 345.15 327.8999 0 -0.124191 -0.2741586 -0.03572864 0.9529623
4.0433 FirstCar -27.30354 0.025 2.97 0 90 0 0 0.7071068 0 0.7071068 9.817883 0
4.0433 SecondCar -59.82078 0.025 2.97 0 90 0 0 0.7071068 0 0.7071068 9.799852 0
4.0436 Head 0 1.6 0.78 345.15 327.8999 0 -0.124191 -0.2741586 -0.03572864 0.9529623
4.0436 FirstCar -27.30013 0.025 2.97 0 90 0 0 0.7071068 0 0.7071068 9.81705 0
4.0436 SecondCar -59.81738 0.025 2.97 0 90 0 0 0.7071068 0 0.7071068 9.79902 0
4.0440 Head 0 1.6 0.78 345.15 327.8999 0 -0.124191 -0.2741586 -0.03572864 0.9529623
4.0440 FirstCar -27.2966 0.025 2.97 0 90 0 0 0.7071068 0 0.7071068 9.816188 0
4.0440 SecondCar -59.81386 0.025 2.97 0 90 0 0 0.7071068 0 0.7071068 9.798158 0
4.0444 Head 0 1.6 0.78 345.15 327.8999 0 -0.124191 -0.2741586 -0.03572864 0.9529623
4.0444 FirstCar -27.29265 0.025 2.97 0 90 0 0 0.7071068 0 0.7071068 9.815222 0
4.0444 SecondCar -59.80992 0.025 2.97 0 90 0 0 0.7071068 0 0.7071068 9.797192 0
4.0447 Head 0 1.6 0.78 345.15 327.8999 0 -0.124191 -0.2741586 -0.03572864 0.9529623
4.0447 FirstCar -27.28934 0.025 2.97 0 90 0 0 0.7071068 0 0.7071068 9.814413 0
4.0447 SecondCar -59.80662 0.025 2.97 0 90 0 0 0.7071068 0 0.7071068 9.796383 0
4.0451 Head 0 1.6 0.78 345.15 327.8999 0 -0.124191 -0.2741586 -0.03572864 0.9529623
4.0451 FirstCar -27.28576 0.025 2.97 0 90 0 0 0.7071068 0 0.7071068 9.813535 0
4.0451 SecondCar -59.80304 0.025 2.97 0 90 0 0 0.7071068 0 0.7071068 9.795505 0
4.0455 Head 0 1.6 0.78 345.15 327.8999 0 -0.124191 -0.2741586 -0.03572864 0.9529623
4.0455 FirstCar -27.28243 0.025 2.97 0 90 0 0 0.7071068 0 0.7071068 9.81272 0
4.0455 SecondCar -59.79972 0.025 2.97 0 90 0 0 0.7071068 0 0.7071068 9.79469 0
4.0458 Head 0 1.6 0.78 345.15 327.8999 0 -0.124191 -0.2741586 -0.03572864 0.9529623
4.0458 FirstCar -27.27883 0.025 2.97 0 90 0 0 0.7071068 0 0.7071068 9.811841 0
4.0458 SecondCar -59.79613 0.025 2.97 0 90 0 0 0.7071068 0 0.7071068 9.793811 0
4.0462 Head 0 1.6 0.78 345.15 327.8999 0 -0.124191 -0.2741586 -0.03572864 0.9529623
4.0462 FirstCar -27.2753 0.025 2.97 0 90 0 0 0.7071068 0 0.7071068 9.810976 0
4.0462 SecondCar -59.7926 0.025 2.97 0 90 0 0 0.7071068 0 0.7071068 9.792946 0
4.0465 Head 0 1.6 0.78 345.15 327.8999 0 -0.124191 -0.2741586 -0.03572864 0.9529623
4.0465 FirstCar -27.27172 0.025 2.97 0 90 0 0 0.7071068 0 0.7071068 9.810101 0
4.0465 SecondCar -59.78902 0.025 2.97 0 90 0 0 0.7071068 0 0.7071068 9.79207 0
4.0469 Head 0 1.6 0.78 345.15 327.8999 0 -0.124191 -0.2741586 -0.03572864 0.9529623
4.0469 FirstCar -27.26834 0.025 2.97 0 90 0 0 0.7071068 0 0.7071068 9.809275 0
4.0469 SecondCar -59.78566 0.025 2.97 0 90 0 0 0.7071068 0 0.7071068 9.791245 0
4.0472 Head 0 1.6 0.78 345.15 327.8999 0 -0.124191 -0.2741586 -0.03572864 0.9529623
4.0472 FirstCar -27.26504 0.025 2.97 0 90 0 0 0.7071068 0 0.7071068 9.808467 0
4.0472 SecondCar -59.78236 0.025 2.97 0 90 0 0 0.7071068 0 0.7071068 9.790437 0
4.0476 Head 0 1.6 0.78 345.15 327.8999 0 -0.124191 -0.2741586 -0.03572864 0.9529623
4.0476 FirstCar -27.26151 0.025 2.97 0 90 0 0 0.7071068 0 0.7071068 9.807603 0
4.0476 SecondCar -59.77884 0.025 2.97 0 90 0 0 0.7071068 0 0.7071068 9.789573 0
4.0479 Head 0 1.6 0.78 345.15 327.8999 0 -0.124191 -0.2741586 -0.03572864 0.9529623
4.0479 FirstCar -27.25792 0.025 2.97 0 90 0 0 0.7071068 0 0.7071068 9.806724 0
4.0479 SecondCar -59.77525 0.025 2.97 0 90 0 0 0.7071068 0 0.7071068 9.788693 0
4.0483 Head 0 1.6 0.78 345.15 327.8999 0 -0.124191 -0.2741586 -0.03572864 0.9529623
4.0483 FirstCar -27.25452 0.025 2.97 0 90 0 0 0.7071068 0 0.7071068 9.805892 0
4.0483 SecondCar -59.77186 0.025 2.97 0 90 0 0 0.7071068 0 0.7071068 9.787862 0
4.0487 Head 0 1.6 0.78 345.15 327.8999 0 -0.124191 -0.2741586 -0.03572864 0.9529623
4.0487 FirstCar -27.25093 0.025 2.97 0 90 0 0 0.7071068 0 0.7071068 9.805013 0
4.0487 SecondCar -59.76827 0.025 2.97 0 90 0 0 0.7071068 0 0.7071068 9.786983 0
4.0490 Head 0 1.6 0.78 345.15 327.8999 0 -0.124191 -0.2741586 -0.03572864 0.9529623
4.0490 FirstCar -27.24753 0.025 2.97 0 90 0 0 0.7071068 0 0.7071068 9.804183 0
4.0490 SecondCar -59.76489 0.025 2.97 0 90 0 0 0.7071068 0 0.7071068 9.786153 0
4.0494 Head 0 1.6 0.78 345.15 327.8999 0 -0.124191 -0.2741586 -0.03572864 0.9529623
4.0494 FirstCar -27.24368 0.025 2.97 0 90 0 0 0.7071068 0 0.7071068 9.80324 0
4.0494 SecondCar -59.76104 0.025 2.97 0 90 0 0 0.7071068 0 0.7071068 9.78521 0
4.0498 Head 0 1.6 0.78 345.15 327.8999 0 -0.124191 -0.2741586 -0.03572864 0.9529623
4.0498 FirstCar -27.23984 0.025 2.97 0 90 0 0 0.7071068 0 0.7071068 9.802299 0
4.0498 SecondCar -59.75721 0.025 2.97 0 90 0 0 0.7071068 0 0.7071068 9.784269 0
4.0502 Head 0 1.6 0.78 345.15 327.8999 0 -0.124191 -0.2741586 -0.03572864 0.9529623
4.0502 FirstCar -27.23578 0.025 2.97 0 90 0 0 0.7071068 0 0.7071068 9.801305 0
4.0502 SecondCar -59.75315 0.025 2.97 0 90 0 0 0.7071068 0 0.7071068 9.783275 0
4.0508 Head 0 1.6 0.78 345.15 327.8999 0 -0.124191 -0.2741586 -0.03572864 0.9529623
4.0508 FirstCar -27.2296 0.025 2.97 0 90 0 0 0.7071068 0 0.7071068 9.799789 0
4.0508 SecondCar -59.74698 0.025 2.97 0 90 0 0 0.7071068 0 0.7071068 9.781759 0
4.0512 Head 0 1.6 0.78 345.15 327.8999 0 -0.124191 -0.2741586 -0.03572864 0.9529623
4.0512 FirstCar -27.22601 0.025 2.97 0 90 0 0 0.7071068 0 0.7071068 9.798911 0
4.0512 SecondCar -59.7434 0.025 2.97 0 90 0 0 0.7071068 0 0.7071068 9.780881 0
4.0516 Head 0 1.6 0.78 345.15 327.8999 0 -0.124191 -0.2741586 -0.03572864 0.9529623
4.0516 FirstCar -27.22239 0.025 2.97 0 90 0 0 0.7071068 0 0.7071068 9.798024 0
4.0516 SecondCar -59.73978 0.025 2.97 0 90 0 0 0.7071068 0 0.7071068 9.779994 0
4.0520 Head 0 1.6 0.78 345.15 327.8999 0 -0.124191 -0.2741586 -0.03572864 0.9529623
4.0520 FirstCar -27.21866 0.025 2.97 0 90 0 0 0.7071068 0 0.7071068 9.797111 0
4.0520 SecondCar -59.73606 0.025 2.97 0 90 0 0 0.7071068 0 0.7071068 9.77908 0
4.0523 Head 0 1.6 0.78 345.15 327.8999 0 -0.124191 -0.2741586 -0.03572864 0.9529623
4.0523 FirstCar -27.21496 0.025 2.97 0 90 0 0 0.7071068 0 0.7071068 9.796204 0
4.0523 SecondCar -59.73237 0.025 2.97 0 90 0 0 0.7071068 0 0.7071068 9.778173 0
4.0527 Head 0 1.6 0.78 345.15 327.8999 0 -0.124191 -0.2741586 -0.03572864 0.9529623
4.0527 FirstCar -27.21127 0.025 2.97 0 90 0 0 0.7071068 0 0.7071068 9.7953 0
4.0527 SecondCar -59.72868 0.025 2.97 0 90 0 0 0.7071068 0 0.7071068 9.777269 0
4.0531 Head 0 1.6 0.78 345.15 327.8999 0 -0.124191 -0.2741586 -0.03572864 0.9529623
4.0531 FirstCar -27.20765 0.025 2.97 0 90 0 0 0.7071068 0 0.7071068 9.794414 0
4.0531 SecondCar -59.72507 0.025 2.97 0 90 0 0 0.7071068 0 0.7071068 9.776383 0
4.0534 Head 0 1.6 0.78 345.15 327.8999 0 -0.124191 -0.2741586 -0.03572864 0.9529623
4.0534 FirstCar -27.2042 0.025 2.97 0 90 0 0 0.7071068 0 0.7071068 9.79357 0
4.0534 SecondCar -59.72163 0.025 2.97 0 90 0 0 0.7071068 0 0.7071068 9.775539 0
4.0538 Head 0 1.6 0.78 345.15 327.8999 0 -0.124191 -0.2741586 -0.03572864 0.9529623
4.0538 FirstCar -27.20064 0.025 2.97 0 90 0 0 0.7071068 0 0.7071068 9.792697 0
4.0538 SecondCar -59.71808 0.025 2.97 0 90 0 0 0.7071068 0 0.7071068 9.774667 0
4.0541 Head 0 1.6 0.78 345.15 327.8999 0 -0.124191 -0.2741586 -0.03572864 0.9529623
4.0541 FirstCar -27.19728 0.025 2.97 0 90 0 0 0.7071068 0 0.7071068 9.791871 0
4.0541 SecondCar -59.71472 0.025 2.97 0 90 0 0 0.7071068 0 0.7071068 9.773841 0
4.0545 Head 0 1.6 0.78 345.15 327.8999 0 -0.124191 -0.2741586 -0.03572864 0.9529623
4.0545 FirstCar -27.19379 0.025 2.97 0 90 0 0 0.7071068 0 0.7071068 9.791018 0
4.0545 SecondCar -59.71124 0.025 2.97 0 90 0 0 0.7071068 0 0.7071068 9.772987 0
4.0549 Head 0 1.6 0.78 345.15 327.8999 0 -0.124191 -0.2741586 -0.03572864 0.9529623
4.0549 FirstCar -27.19021 0.025 2.97 0 90 0 0 0.7071068 0 0.7071068 9.790138 0
4.0549 SecondCar -59.70766 0.025 2.97 0 90 0 0 0.7071068 0 0.7071068 9.772108 0
4.0552 Head 0 1.6 0.78 345.15 327.8999 0 -0.124191 -0.2741586 -0.03572864 0.9529623
4.0552 FirstCar -27.18665 0.025 2.97 0 90 0 0 0.7071068 0 0.7071068 9.789267 0
4.0552 SecondCar -59.70412 0.025 2.97 0 90 0 0 0.7071068 0 0.7071068 9.771236 0
4.0556 Head 0 1.6 0.78 345.15 327.8999 0 -0.124191 -0.2741586 -0.03572864 0.9529623
4.0556 FirstCar -27.18311 0.025 2.97 0 90 0 0 0.7071068 0 0.7071068 9.788397 0
4.0556 SecondCar -59.70058 0.025 2.97 0 90 0 0 0.7071068 0 0.7071068 9.770367 0
4.0559 Head 0 1.6 0.78 345.15 327.8999 0 -0.124191 -0.2741586 -0.03572864 0.9529623
4.0559 FirstCar -27.17974 0.025 2.97 0 90 0 0 0.7071068 0 0.7071068 9.787573 0
4.0559 SecondCar -59.69722 0.025 2.97 0 90 0 0 0.7071068 0 0.7071068 9.769543 0
4.0563 Head 0 1.6 0.78 345.15 327.8999 0 -0.124191 -0.2741586 -0.03572864 0.9529623
4.0563 FirstCar -27.1762 0.025 2.97 0 90 0 0 0.7071068 0 0.7071068 9.786702 0
4.0563 SecondCar -59.69368 0.025 2.97 0 90 0 0 0.7071068 0 0.7071068 9.768672 0
4.0567 Head 0 1.6 0.78 345.15 327.8999 0 -0.124191 -0.2741586 -0.03572864 0.9529623
4.0567 FirstCar -27.17262 0.025 2.97 0 90 0 0 0.7071068 0 0.7071068 9.785825 0
4.0567 SecondCar -59.69011 0.025 2.97 0 90 0 0 0.7071068 0 0.7071068 9.767795 0
4.0570 Head 0 1.6 0.78 345.15 327.8999 0 -0.124191 -0.2741586 -0.03572864 0.9529623
4.0570 FirstCar -27.16924 0.025 2.97 0 90 0 0 0.7071068 0 0.7071068 9.784997 0
4.0570 SecondCar -59.68674 0.025 2.97 0 90 0 0 0.7071068 0 0.7071068 9.766967 0
4.0573 Head 0 1.6 0.78 345.15 327.8999 0 -0.124191 -0.2741586 -0.03572864 0.9529623
4.0573 FirstCar -27.16587 0.025 2.97 0 90 0 0 0.7071068 0 0.7071068 9.784171 0
4.0573 SecondCar -59.68338 0.025 2.97 0 90 0 0 0.7071068 0 0.7071068 9.766141 0
4.0577 Head 0 1.6 0.78 345.15 327.8999 0 -0.124191 -0.2741586 -0.03572864 0.9529623
4.0577 FirstCar -27.16243 0.025 2.97 0 90 0 0 0.7071068 0 0.7071068 9.783326 0
4.0577 SecondCar -59.67994 0.025 2.97 0 90 0 0 0.7071068 0 0.7071068 9.765296 0
4.0580 Head 0 1.6 0.78 345.15 327.8999 0 -0.124191 -0.2741586 -0.03572864 0.9529623
4.0580 FirstCar -27.15918 0.025 2.97 0 90 0 0 0.7071068 0 0.7071068 9.782528 0
4.0580 SecondCar -59.67669 0.025 2.97 0 90 0 0 0.7071068 0 0.7071068 9.764498 0
4.0584 Head 0 1.6 0.78 345.15 327.8999 0 -0.124191 -0.2741586 -0.03572864 0.9529623
4.0584 FirstCar -27.15581 0.025 2.97 0 90 0 0 0.7071068 0 0.7071068 9.781702 0
4.0584 SecondCar -59.67334 0.025 2.97 0 90 0 0 0.7071068 0 0.7071068 9.763672 0
4.0588 Head 0 1.6 0.78 345.15 327.8999 0 -0.124191 -0.2741586 -0.03572864 0.9529623
4.0588 FirstCar -27.15209 0.025 2.97 0 90 0 0 0.7071068 0 0.7071068 9.780789 0
4.0588 SecondCar -59.66962 0.025 2.97 0 90 0 0 0.7071068 0 0.7071068 9.762759 0
4.0592 Head 0 1.6 0.78 345.15 327.8999 0 -0.124191 -0.2741586 -0.03572864 0.9529623
4.0592 FirstCar -27.14763 0.025 2.97 0 90 0 0 0.7071068 0 0.7071068 9.779696 0
4.0592 SecondCar -59.66517 0.025 2.97 0 90 0 0 0.7071068 0 0.7071068 9.761665 0
4.0596 Head 0 1.6 0.78 345.15 327.8999 0 -0.124191 -0.2741586 -0.03572864 0.9529623
4.0596 FirstCar -27.14414 0.025 2.97 0 90 0 0 0.7071068 0 0.7071068 9.778837 0
4.0596 SecondCar -59.66168 0.025 2.97 0 90 0 0 0.7071068 0 0.7071068 9.760807 0
4.0599 Head 0 1.6 0.78 345.15 327.8999 0 -0.124191 -0.2741586 -0.03572864 0.9529623
4.0599 FirstCar -27.14063 0.025 2.97 0 90 0 0 0.7071068 0 0.7071068 9.777976 0
4.0599 SecondCar -59.65818 0.025 2.97 0 90 0 0 0.7071068 0 0.7071068 9.759946 0
4.0603 Head 0 1.6 0.78 345.15 327.8999 0 -0.124191 -0.2741586 -0.03572864 0.9529623
4.0603 FirstCar -27.13649 0.025 2.97 0 90 0 0 0.7071068 0 0.7071068 9.77696 0
4.0603 SecondCar -59.65405 0.025 2.97 0 90 0 0 0.7071068 0 0.7071068 9.75893 0
4.0608 Head 0 1.6 0.78 345.15 327.8999 0 -0.124191 -0.2741586 -0.03572864 0.9529623
4.0608 FirstCar -27.13233 0.025 2.97 0 90 0 0 0.7071068 0 0.7071068 9.775937 0
4.0608 SecondCar -59.64989 0.025 2.97 0 90 0 0 0.7071068 0 0.7071068 9.757907 0
4.0611 Head 0 1.6 0.78 345.15 327.8999 0 -0.124191 -0.2741586 -0.03572864 0.9529623
4.0611 FirstCar -27.12873 0.025 2.97 0 90 0 0 0.7071068 0 0.7071068 9.775053 0
4.0611 SecondCar -59.6463 0.025 2.97 0 90 0 0 0.7071068 0 0.7071068 9.757023 0
4.0615 Head 0 1.6 0.78 345.15 327.8999 0 -0.124191 -0.2741586 -0.03572864 0.9529623
4.0615 FirstCar -27.1254 0.025 2.97 0 90 0 0 0.7071068 0 0.7071068 9.774237 0
4.0615 SecondCar -59.64298 0.025 2.97 0 90 0 0 0.7071068 0 0.7071068 9.756207 0
4.0618 Head 0 1.6 0.78 345.15 327.8999 0 -0.124191 -0.2741586 -0.03572864 0.9529623
4.0618 FirstCar -27.12188 0.025 2.97 0 90 0 0 0.7071068 0 0.7071068 9.773372 0
4.0618 SecondCar -59.63947 0.025 2.97 0 90 0 0 0.7071068 0 0.7071068 9.755342 0
4.0622 Head 0 1.6 0.78 345.15 327.8999 0 -0.124191 -0.2741586 -0.03572864 0.9529623
4.0622 FirstCar -27.11829 0.025 2.97 0 90 0 0 0.7071068 0 0.7071068 9.77249 0
4.0622 SecondCar -59.63588 0.025 2.97 0 90 0 0 0.7071068 0 0.7071068 9.754459 0
4.0626 Head 0 1.6 0.78 345.15 327.8999 0 -0.124191 -0.2741586 -0.03572864 0.9529623
4.0626 FirstCar -27.11493 0.025 2.97 0 90 0 0 0.7071068 0 0.7071068 9.771665 0
4.0626 SecondCar -59.63253 0.025 2.97 0 90 0 0 0.7071068 0 0.7071068 9.753634 0
4.0629 Head 0 1.6 0.78 345.15 327.8999 0 -0.124191 -0.2741586 -0.03572864 0.9529623
4.0629 FirstCar -27.11117 0.025 2.97 0 90 0 0 0.7071068 0 0.7071068 9.770742 0
4.0629 SecondCar -59.62878 0.025 2.97 0 90 0 0 0.7071068 0 0.7071068 9.752712 0
4.0633 Head 0 1.6 0.78 345.15 327.8999 0 -0.124191 -0.2741586 -0.03572864 0.9529623
4.0633 FirstCar -27.10776 0.025 2.97 0 90 0 0 0.7071068 0 0.7071068 9.769905 0
4.0633 SecondCar -59.62538 0.025 2.97 0 90 0 0 0.7071068 0 0.7071068 9.751875 0
4.0636 Head 0 1.6 0.78 345.15 327.8999 0 -0.124191 -0.2741586 -0.03572864 0.9529623
4.0636 FirstCar -27.10444 0.025 2.97 0 90 0 0 0.7071068 0 0.7071068 9.769089 0
4.0636 SecondCar -59.62206 0.025 2.97 0 90 0 0 0.7071068 0 0.7071068 9.751059 0
4.0640 Head 0 1.6 0.78 345.15 327.8999 0 -0.124191 -0.2741586 -0.03572864 0.9529623
4.0640 FirstCar -27.10086 0.025 2.97 0 90 0 0 0.7071068 0 0.7071068 9.768209 0
4.0640 SecondCar -59.61848 0.025 2.97 0 90 0 0 0.7071068 0 0.7071068 9.750179 0
4.0644 Head 0 1.6 0.78 345.15 327.8999 0 -0.124191 -0.2741586 -0.03572864 0.9529623
4.0644 FirstCar -27.09722 0.025 2.97 0 90 0 0 0.7071068 0 0.7071068 9.767316 0
4.0644 SecondCar -59.61485 0.025 2.97 0 90 0 0 0.7071068 0 0.7071068 9.749286 0
4.0647 Head 0 1.6 0.78 345.15 327.8999 0 -0.124191 -0.2741586 -0.03572864 0.9529623
4.0647 FirstCar -27.09389 0.025 2.97 0 90 0 0 0.7071068 0 0.7071068 9.766497 0
4.0647 SecondCar -59.61153 0.025 2.97 0 90 0 0 0.7071068 0 0.7071068 9.748466 0
4.0651 Head 0 1.6 0.78 345.15 327.8999 0 -0.124191 -0.2741586 -0.03572864 0.9529623
4.0651 FirstCar -27.09053 0.025 2.97 0 90 0 0 0.7071068 0 0.7071068 9.765672 0
4.0651 SecondCar -59.60817 0.025 2.97 0 90 0 0 0.7071068 0 0.7071068 9.747642 0
4.0654 Head 0 1.6 0.78 345.15 327.8999 0 -0.124191 -0.2741586 -0.03572864 0.9529623
4.0654 FirstCar -27.08715 0.025 2.97 0 90 0 0 0.7071068 0 0.7071068 9.764841 0
4.0654 SecondCar -59.6048 0.025 2.97 0 90 0 0 0.7071068 0 0.7071068 9.746811 0
4.0657 Head 0 1.6 0.78 345.15 327.8999 0 -0.124191 -0.2741586 -0.03572864 0.9529623
4.0657 FirstCar -27.08374 0.025 2.97 0 90 0 0 0.7071068 0 0.7071068 9.764002 0
4.0657 SecondCar -59.60139 0.025 2.97 0 90 0 0 0.7071068 0 0.7071068 9.745972 0
4.0661 Head 0 1.6 0.78 345.15 327.8999 0 -0.124191 -0.2741586 -0.03572864 0.9529623
4.0661 FirstCar -27.08038 0.025 2.97 0 90 0 0 0.7071068 0 0.7071068 9.763175 0
4.0661 SecondCar -59.59804 0.025 2.97 0 90 0 0 0.7071068 0 0.7071068 9.745145 0
4.0664 Head 0 1.6 0.78 345.15 327.8999 0 -0.124191 -0.2741586 -0.03572864 0.9529623
4.0664 FirstCar -27.0769 0.025 2.97 0 90 0 0 0.7071068 0 0.7071068 9.76232 0
4.0664 SecondCar -59.59457 0.025 2.97 0 90 0 0 0.7071068 0 0.7071068 9.744289 0
4.0668 Head 0 1.6 0.78 345.15 327.8999 0 -0.124191 -0.2741586 -0.03572864 0.9529623
4.0668 FirstCar -27.07337 0.025 2.97 0 90 0 0 0.7071068 0 0.7071068 9.761452 0
4.0668 SecondCar -59.59105 0.025 2.97 0 90 0 0 0.7071068 0 0.7071068 9.743422 0
4.0671 Head 0 1.6 0.78 345.15 327.8999 0 -0.124191 -0.2741586 -0.03572864 0.9529623
4.0671 FirstCar -27.0701 0.025 2.97 0 90 0 0 0.7071068 0 0.7071068 9.760649 0
4.0671 SecondCar -59.58778 0.025 2.97 0 90 0 0 0.7071068 0 0.7071068 9.742619 0
4.0675 Head 0 1.6 0.78 345.15 327.8999 0 -0.124191 -0.2741586 -0.03572864 0.9529623
4.0675 FirstCar -27.06679 0.025 2.97 0 90 0 0 0.7071068 0 0.7071068 9.759834 0
4.0675 SecondCar -59.58448 0.025 2.97 0 90 0 0 0.7071068 0 0.7071068 9.741804 0
4.0678 Head 0 1.6 0.78 345.15 327.8999 0 -0.124191 -0.2741586 -0.03572864 0.9529623
4.0678 FirstCar -27.0634 0.025 2.97 0 90 0 0 0.7071068 0 0.7071068 9.759001 0
4.0678 SecondCar -59.58109 0.025 2.97 0 90 0 0 0.7071068 0 0.7071068 9.740971 0
4.0682 Head 0 1.6 0.78 345.15 327.8999 0 -0.124191 -0.2741586 -0.03572864 0.9529623
4.0682 FirstCar -27.0596 0.025 2.97 0 90 0 0 0.7071068 0 0.7071068 9.758065 0
4.0682 SecondCar -59.57729 0.025 2.97 0 90 0 0 0.7071068 0 0.7071068 9.740035 0
4.0686 Head 0 1.6 0.78 345.15 327.8999 0 -0.124191 -0.2741586 -0.03572864 0.9529623
4.0686 FirstCar -27.05595 0.025 2.97 0 90 0 0 0.7071068 0 0.7071068 9.757168 0
4.0686 SecondCar -59.57365 0.025 2.97 0 90 0 0 0.7071068 0 0.7071068 9.739138 0
4.0690 Head 0 1.6 0.78 345.15 327.8999 0 -0.124191 -0.2741586 -0.03572864 0.9529623
4.0690 FirstCar -27.05207 0.025 2.97 0 90 0 0 0.7071068 0 0.7071068 9.756213 0
4.0690 SecondCar -59.56978 0.025 2.97 0 90 0 0 0.7071068 0 0.7071068 9.738183 0
4.0694 Head 0 1.6 0.78 345.15 327.8999 0 -0.124191 -0.2741586 -0.03572864 0.9529623
4.0694 FirstCar -27.04841 0.025 2.97 0 90 0 0 0.7071068 0 0.7071068 9.755313 0
4.0694 SecondCar -59.56613 0.025 2.97 0 90 0 0 0.7071068 0 0.7071068 9.737283 0
4.0699 Head 0 1.6 0.78 345.15 327.8999 0 -0.124191 -0.2741586 -0.03572864 0.9529623
4.0699 FirstCar -27.04344 0.025 2.97 0 90 0 0 0.7071068 0 0.7071068 9.754088 0
4.0699 SecondCar -59.56116 0.025 2.97 0 90 0 0 0.7071068 0 0.7071068 9.736058 0
4.0703 Head 0 1.6 0.78 345.15 327.8999 0 -0.124191 -0.2741586 -0.03572864 0.9529623
4.0703 FirstCar -27.03952 0.025 2.97 0 90 0 0 0.7071068 0 0.7071068 9.753125 0
4.0703 SecondCar -59.55726 0.025 2.97 0 90 0 0 0.7071068 0 0.7071068 9.735095 0
4.0710 Head 0 1.6 0.78 345.15 327.8999 0 -0.124191 -0.2741586 -0.03572864 0.9529623
4.0710 FirstCar -27.03263 0.025 2.97 0 90 0 0 0.7071068 0 0.7071068 9.751429 0
4.0710 SecondCar -59.55038 0.025 2.97 0 90 0 0 0.7071068 0 0.7071068 9.733398 0
4.0714 Head 0 1.6 0.78 345.15 327.8999 0 -0.124191 -0.2741586 -0.03572864 0.9529623
4.0714 FirstCar -27.02862 0.025 2.97 0 90 0 0 0.7071068 0 0.7071068 9.750441 0
4.0714 SecondCar -59.54638 0.025 2.97 0 90 0 0 0.7071068 0 0.7071068 9.73241 0
4.0718 Head 0 1.6 0.78 345.15 327.8999 0 -0.124191 -0.2741586 -0.03572864 0.9529623
4.0718 FirstCar -27.02489 0.025 2.97 0 90 0 0 0.7071068 0 0.7071068 9.749522 0
4.0718 SecondCar -59.54265 0.025 2.97 0 90 0 0 0.7071068 0 0.7071068 9.731492 0
4.0722 Head 0 1.6 0.78 345.15 327.8999 0 -0.124191 -0.2741586 -0.03572864 0.9529623
4.0722 FirstCar -27.02122 0.025 2.97 0 90 0 0 0.7071068 0 0.7071068 9.748619 0
4.0722 SecondCar -59.53899 0.025 2.97 0 90 0 0 0.7071068 0 0.7071068 9.730589 0
4.0725 Head 0 1.6 0.78 345.15 327.8999 0 -0.124191 -0.2741586 -0.03572864 0.9529623
4.0725 FirstCar -27.0176 0.025 2.97 0 90 0 0 0.7071068 0 0.7071068 9.747728 0
4.0725 SecondCar -59.53538 0.025 2.97 0 90 0 0 0.7071068 0 0.7071068 9.729698 0
4.0729 Head 0 1.6 0.78 345.15 327.8999 0 -0.124191 -0.2741586 -0.03572864 0.9529623
4.0729 FirstCar -27.01408 0.025 2.97 0 90 0 0 0.7071068 0 0.7071068 9.746862 0
4.0729 SecondCar -59.53187 0.025 2.97 0 90 0 0 0.7071068 0 0.7071068 9.728832 0
4.0732 Head 0 1.6 0.78 345.15 327.8999 0 -0.124191 -0.2741586 -0.03572864 0.9529623
4.0732 FirstCar -27.01068 0.025 2.97 0 90 0 0 0.7071068 0 0.7071068 9.746023 0
4.0732 SecondCar -59.52847 0.025 2.97 0 90 0 0 0.7071068 0 0.7071068 9.727993 0
4.0736 Head 0 1.6 0.78 345.15 327.8999 0 -0.124191 -0.2741586 -0.03572864 0.9529623
4.0736 FirstCar -27.0073 0.025 2.97 0 90 0 0 0.7071068 0 0.7071068 9.745193 0
4.0736 SecondCar -59.5251 0.025 2.97 0 90 0 0 0.7071068 0 0.7071068 9.727162 0
4.0740 Head 0 1.6 0.78 345.15 327.8999 0 -0.124191 -0.2741586 -0.03572864 0.9529623
4.0740 FirstCar -27.00355 0.025 2.97 0 90 0 0 0.7071068 0 0.7071068 9.744267 0
4.0740 SecondCar -59.52135 0.025 2.97 0 90 0 0 0.7071068 0 0.7071068 9.726237 0
4.0744 Head 0 1.6 0.78 345.15 327.8999 0 -0.124191 -0.2741586 -0.03572864 0.9529623
4.0744 FirstCar -26.9997 0.025 2.97 0 90 0 0 0.7071068 0 0.7071068 9.74332 0
4.0744 SecondCar -59.51751 0.025 2.97 0 90 0 0 0.7071068 0 0.7071068 9.725289 0
4.0747 Head 0 1.6 0.78 345.15 327.8999 0 -0.124191 -0.2741586 -0.03572864 0.9529623
4.0747 FirstCar -26.99615 0.025 2.97 0 90 0 0 0.7071068 0 0.7071068 9.742445 0
4.0747 SecondCar -59.51396 0.025 2.97 0 90 0 0 0.7071068 0 0.7071068 9.724415 0
4.0751 Head 0 1.6 0.78 345.15 327.8999 0 -0.124191 -0.2741586 -0.03572864 0.9529623
4.0751 FirstCar -26.99267 0.025 2.97 0 90 0 0 0.7071068 0 0.7071068 9.74159 0
4.0751 SecondCar -59.51049 0.025 2.97 0 90 0 0 0.7071068 0 0.7071068 9.723559 0
4.0755 Head 0 1.6 0.78 345.15 327.8999 0 -0.124191 -0.2741586 -0.03572864 0.9529623
4.0755 FirstCar -26.989 0.025 2.97 0 90 0 0 0.7071068 0 0.7071068 9.740684 0
4.0755 SecondCar -59.50682 0.025 2.97 0 90 0 0 0.7071068 0 0.7071068 9.722653 0
4.0758 Head 0 1.6 0.78 345.15 327.8999 0 -0.124191 -0.2741586 -0.03572864 0.9529623
4.0758 FirstCar -26.98548 0.025 2.97 0 90 0 0 0.7071068 0 0.7071068 9.739817 0
4.0758 SecondCar -59.50331 0.025 2.97 0 90 0 0 0.7071068 0 0.7071068 9.721786 0
4.0762 Head 0 1.6 0.78 345.15 327.8999 0 -0.124191 -0.2741586 -0.03572864 0.9529623
4.0762 FirstCar -26.98174 0.025 2.97 0 90 0 0 0.7071068 0 0.7071068 9.738896 0
4.0762 SecondCar -59.49958 0.025 2.97 0 90 0 0 0.7071068 0 0.7071068 9.720866 0
4.0766 Head 0 1.6 0.78 345.15 327.8999 0 -0.124191 -0.2741586 -0.03572864 0.9529623
4.0766 FirstCar -26.97788 0.025 2.97 0 90 0 0 0.7071068 0 0.7071068 9.737945 0
4.0766 SecondCar -59.49573 0.025 2.97 0 90 0 0 0.7071068 0 0.7071068 9.719914 0
4.0770 Head 0 1.6 0.78 345.15 327.8999 0 -0.124191 -0.2741586 -0.03572864 0.9529623
4.0770 FirstCar -26.97447 0.025 2.97 0 90 0 0 0.7071068 0 0.7071068 9.737103 0
4.0770 SecondCar -59.49232 0.025 2.97 0 90 0 0 0.7071068 0 0.7071068 9.719072 0
4.0773 Head 0 1.6 0.78 345.15 327.8999 0 -0.124191 -0.2741586 -0.03572864 0.9529623
4.0773 FirstCar -26.97066 0.025 2.97 0 90 0 0 0.7071068 0 0.7071068 9.736164 0
4.0773 SecondCar -59.48852 0.025 2.97 0 90 0 0 0.7071068 0 0.7071068 9.718134 0
4.0777 Head 0 1.6 0.78 345.15 327.8999 0 -0.124191 -0.2741586 -0.03572864 0.9529623
4.0777 FirstCar -26.96715 0.025 2.97 0 90 0 0 0.7071068 0 0.7071068 9.735297 0
4.0777 SecondCar -59.48501 0.025 2.97 0 90 0 0 0.7071068 0 0.7071068 9.717267 0
4.0781 Head 0 1.6 0.78 345.15 327.8999 0 -0.124191 -0.2741586 -0.03572864 0.9529623
4.0781 FirstCar -26.96298 0.025 2.97 0 90 0 0 0.7071068 0 0.7071068 9.734269 0
4.0781 SecondCar -59.48085 0.025 2.97 0 90 0 0 0.7071068 0 0.7071068 9.716239 0
4.0785 Head 0 1.6 0.78 345.15 327.8999 0 -0.124191 -0.2741586 -0.03572864 0.9529623
4.0785 FirstCar -26.9594 0.025 2.97 0 90 0 0 0.7071068 0 0.7071068 9.733386 0
4.0785 SecondCar -59.47728 0.025 2.97 0 90 0 0 0.7071068 0 0.7071068 9.715356 0
4.0789 Head 0 1.6 0.78 345.15 327.8999 0 -0.124191 -0.2741586 -0.03572864 0.9529623
4.0789 FirstCar -26.95575 0.025 2.97 0 90 0 0 0.7071068 0 0.7071068 9.732488 0
4.0789 SecondCar -59.47364 0.025 2.97 0 90 0 0 0.7071068 0 0.7071068 9.714458 0
4.0793 Head 0 1.6 0.78 345.15 327.8999 0 -0.124191 -0.2741586 -0.03572864 0.9529623
4.0793 FirstCar -26.95126 0.025 2.97 0 90 0 0 0.7071068 0 0.7071068 9.73138 0
4.0793 SecondCar -59.46915 0.025 2.97 0 90 0 0 0.7071068 0 0.7071068 9.713349 0
4.0797 Head 0 1.6 0.78 345.15 327.8999 0 -0.124191 -0.2741586 -0.03572864 0.9529623
4.0797 FirstCar -26.94765 0.025 2.97 0 90 0 0 0.7071068 0 0.7071068 9.730488 0
4.0797 SecondCar -59.46555 0.025 2.97 0 90 0 0 0.7071068 0 0.7071068 9.712458 0
4.0801 Head 0 1.6 0.78 345.15 327.8999 0 -0.124191 -0.2741586 -0.03572864 0.9529623
4.0801 FirstCar -26.94424 0.025 2.97 0 90 0 0 0.7071068 0 0.7071068 9.729649 0
4.0801 SecondCar -59.46215 0.025 2.97 0 90 0 0 0.7071068 0 0.7071068 9.711618 0
4.0804 Head 0 1.6 0.78 345.15 327.8999 0 -0.124191 -0.2741586 -0.03572864 0.9529623
4.0804 FirstCar -26.94059 0.025 2.97 0 90 0 0 0.7071068 0 0.7071068 9.728747 0
4.0804 SecondCar -59.4585 0.025 2.97 0 90 0 0 0.7071068 0 0.7071068 9.710717 0
4.0808 Head 0 1.6 0.78 345.15 327.8999 0 -0.124191 -0.2741586 -0.03572864 0.9529623
4.0808 FirstCar -26.93718 0.025 2.97 0 90 0 0 0.7071068 0 0.7071068 9.727907 0
4.0808 SecondCar -59.4551 0.025 2.97 0 90 0 0 0.7071068 0 0.7071068 9.709877 0
4.0812 Head 0 1.6 0.78 345.15 327.8999 0 -0.124191 -0.2741586 -0.03572864 0.9529623
4.0812 FirstCar -26.9332 0.025 2.97 0 90 0 0 0.7071068 0 0.7071068 9.726925 0
4.0812 SecondCar -59.45113 0.025 2.97 0 90 0 0 0.7071068 0 0.7071068 9.708895 0
4.0816 Head 0 1.6 0.78 345.15 327.8999 0 -0.124191 -0.2741586 -0.03572864 0.9529623
4.0816 FirstCar -26.92937 0.025 2.97 0 90 0 0 0.7071068 0 0.7071068 9.725981 0
4.0816 SecondCar -59.44731 0.025 2.97 0 90 0 0 0.7071068 0 0.7071068 9.707951 0
4.0820 Head 0 1.6 0.78 345.15 327.8999 0 -0.124191 -0.2741586 -0.03572864 0.9529623
4.0820 FirstCar -26.92576 0.025 2.97 0 90 0 0 0.7071068 0 0.7071068 9.72509 0
4.0820 SecondCar -59.44371 0.025 2.97 0 90 0 0 0.7071068 0 0.7071068 9.70706 0
4.0823 Head 0 1.6 0.78 345.15 327.8999 0 -0.124191 -0.2741586 -0.03572864 0.9529623
4.0823 FirstCar -26.92225 0.025 2.97 0 90 0 0 0.7071068 0 0.7071068 9.724222 0
4.0823 SecondCar -59.44019 0.025 2.97 0 90 0 0 0.7071068 0 0.7071068 9.706192 0
4.0827 Head 0 1.6 0.78 345.15 327.8999 0 -0.124191 -0.2741586 -0.03572864 0.9529623
4.0827 FirstCar -26.91869 0.025 2.97 0 90 0 0 0.7071068 0 0.7071068 9.723346 0
4.0827 SecondCar -59.43665 0.025 2.97 0 90 0 0 0.7071068 0 0.7071068 9.705316 0
4.0831 Head 0 1.6 0.78 345.15 327.8999 0 -0.124191 -0.2741586 -0.03572864 0.9529623
4.0831 FirstCar -26.91517 0.025 2.97 0 90 0 0 0.7071068 0 0.7071068 9.722476 0
4.0831 SecondCar -59.43314 0.025 2.97 0 90 0 0 0.7071068 0 0.7071068 9.704446 0
4.0835 Head 0 1.6 0.78 345.15 327.8999 0 -0.124191 -0.2741586 -0.03572864 0.9529623
4.0835 FirstCar -26.91118 0.025 2.97 0 90 0 0 0.7071068 0 0.7071068 9.72149 0
4.0835 SecondCar -59.42915 0.025 2.97 0 90 0 0 0.7071068 0 0.7071068 9.70346 0
4.0839 Head 0 1.6 0.78 345.15 327.8999 0 -0.124191 -0.2741586 -0.03572864 0.9529623
4.0839 FirstCar -26.90737 0.025 2.97 0 90 0 0 0.7071068 0 0.7071068 9.720548 0
4.0839 SecondCar -59.42534 0.025 2.97 0 90 0 0 0.7071068 0 0.7071068 9.702518 0
4.0842 Head 0 1.6 0.78 345.15 327.8999 0 -0.124191 -0.2741586 -0.03572864 0.9529623
4.0842 FirstCar -26.90353 0.025 2.97 0 90 0 0 0.7071068 0 0.7071068 9.7196 0
4.0842 SecondCar -59.42151 0.025 2.97 0 90 0 0 0.7071068 0 0.7071068 9.70157 0
4.0846 Head 0 1.6 0.78 345.15 327.8999 0 -0.124191 -0.2741586 -0.03572864 0.9529623
4.0846 FirstCar -26.89999 0.025 2.97 0 90 0 0 0.7071068 0 0.7071068 9.718725 0
4.0846 SecondCar -59.41798 0.025 2.97 0 90 0 0 0.7071068 0 0.7071068 9.700695 0
4.0850 Head 0 1.6 0.78 345.15 327.8999 0 -0.124191 -0.2741586 -0.03572864 0.9529623
4.0850 FirstCar -26.89644 0.025 2.97 0 90 0 0 0.7071068 0 0.7071068 9.717851 0
4.0850 SecondCar -59.41444 0.025 2.97 0 90 0 0 0.7071068 0 0.7071068 9.699821 0
4.0853 Head 0 1.6 0.78 345.15 327.8999 0 -0.124191 -0.2741586 -0.03572864 0.9529623
4.0853 FirstCar -26.89306 0.025 2.97 0 90 0 0 0.7071068 0 0.7071068 9.717015 0
4.0853 SecondCar -59.41106 0.025 2.97 0 90 0 0 0.7071068 0 0.7071068 9.698985 0
4.0857 Head 0 1.6 0.78 345.15 327.8999 0 -0.124191 -0.2741586 -0.03572864 0.9529623
4.0857 FirstCar -26.88968 0.025 2.97 0 90 0 0 0.7071068 0 0.7071068 9.716181 0
4.0857 SecondCar -59.4077 0.025 2.97 0 90 0 0 0.7071068 0 0.7071068 9.698151 0
4.0861 Head 0 1.6 0.78 345.15 327.8999 0 -0.124191 -0.2741586 -0.03572864 0.9529623
4.0861 FirstCar -26.88591 0.025 2.97 0 90 0 0 0.7071068 0 0.7071068 9.715249 0
4.0861 SecondCar -59.40393 0.025 2.97 0 90 0 0 0.7071068 0 0.7071068 9.697219 0
4.0865 Head 0 1.6 0.78 345.15 327.8999 0 -0.124191 -0.2741586 -0.03572864 0.9529623
4.0865 FirstCar -26.882 0.025 2.97 0 90 0 0 0.7071068 0 0.7071068 9.714283 0
4.0865 SecondCar -59.40003 0.025 2.97 0 90 0 0 0.7071068 0 0.7071068 9.696253 0
4.0868 Head 0 1.6 0.78 345.15 327.8999 0 -0.124191 -0.2741586 -0.03572864 0.9529623
4.0868 FirstCar -26.87833 0.025 2.97 0 90 0 0 0.7071068 0 0.7071068 9.713375 0
4.0868 SecondCar -59.39636 0.025 2.97 0 90 0 0 0.7071068 0 0.7071068 9.695345 0
4.0872 Head 0 1.6 0.78 345.15 327.8999 0 -0.124191 -0.2741586 -0.03572864 0.9529623
4.0872 FirstCar -26.87475 0.025 2.97 0 90 0 0 0.7071068 0 0.7071068 9.71249 0
4.0872 SecondCar -59.39279 0.025 2.97 0 90 0 0 0.7071068 0 0.7071068 9.69446 0
4.0876 Head 0 1.6 0.78 345.15 327.8999 0 -0.124191 -0.2741586 -0.03572864 0.9529623
4.0876 FirstCar -26.87122 0.025 2.97 0 90 0 0 0.7071068 0 0.7071068 9.711619 0
4.0876 SecondCar -59.38927 0.025 2.97 0 90 0 0 0.7071068 0 0.7071068 9.693589 0
4.0880 Head 0 1.6 0.78 345.15 327.8999 0 -0.124191 -0.2741586 -0.03572864 0.9529623
4.0880 FirstCar -26.86737 0.025 2.97 0 90 0 0 0.7071068 0 0.7071068 9.710667 0
4.0880 SecondCar -59.38542 0.025 2.97 0 90 0 0 0.7071068 0 0.7071068 9.692636 0
4.0884 Head 0 1.6 0.78 345.15 327.8999 0 -0.124191 -0.2741586 -0.03572864 0.9529623
4.0884 FirstCar -26.8635 0.025 2.97 0 90 0 0 0.7071068 0 0.7071068 9.70971 0
4.0884 SecondCar -59.38156 0.025 2.97 0 90 0 0 0.7071068 0 0.7071068 9.69168 0
4.0887 Head 0 1.6 0.78 345.15 327.8999 0 -0.124191 -0.2741586 -0.03572864 0.9529623
4.0887 FirstCar -26.8601 0.025 2.97 0 90 0 0 0.7071068 0 0.7071068 9.708869 0
4.0887 SecondCar -59.37817 0.025 2.97 0 90 0 0 0.7071068 0 0.7071068 9.690839 0
4.0891 Head 0 1.6 0.78 345.15 327.8999 0 -0.124191 -0.2741586 -0.03572864 0.9529623
4.0891 FirstCar -26.8565 0.025 2.97 0 90 0 0 0.7071068 0 0.7071068 9.707978 0
4.0891 SecondCar -59.37457 0.025 2.97 0 90 0 0 0.7071068 0 0.7071068 9.689948 0
4.0895 Head 0 1.6 0.78 345.15 327.8999 0 -0.124191 -0.2741586 -0.03572864 0.9529623
4.0895 FirstCar -26.85258 0.025 2.97 0 90 0 0 0.7071068 0 0.7071068 9.707009 0
4.0895 SecondCar -59.37066 0.025 2.97 0 90 0 0 0.7071068 0 0.7071068 9.688979 0
4.0898 Head 0 1.6 0.78 345.15 327.8999 0 -0.124191 -0.2741586 -0.03572864 0.9529623
4.0898 FirstCar -26.84916 0.025 2.97 0 90 0 0 0.7071068 0 0.7071068 9.706164 0
4.0898 SecondCar -59.36725 0.025 2.97 0 90 0 0 0.7071068 0 0.7071068 9.688134 0
4.0903 Head 0 1.6 0.78 345.15 327.8999 0 -0.124191 -0.2741586 -0.03572864 0.9529623
4.0903 FirstCar -26.84494 0.025 2.97 0 90 0 0 0.7071068 0 0.7071068 9.70512 0
4.0903 SecondCar -59.36304 0.025 2.97 0 90 0 0 0.7071068 0 0.7071068 9.68709 0
4.0909 Head 0 1.6 0.78 345.15 327.8999 0 -0.124191 -0.2741586 -0.03572864 0.9529623
4.0909 FirstCar -26.83861 0.025 2.97 0 90 0 0 0.7071068 0 0.7071068 9.703554 0
4.0909 SecondCar -59.35672 0.025 2.97 0 90 0 0 0.7071068 0 0.7071068 9.685524 0
4.0913 Head 0 1.6 0.78 345.15 327.8999 0 -0.124191 -0.2741586 -0.03572864 0.9529623
4.0913 FirstCar -26.83473 0.025 2.97 0 90 0 0 0.7071068 0 0.7071068 9.702596 0
4.0913 SecondCar -59.35285 0.025 2.97 0 90 0 0 0.7071068 0 0.7071068 9.684566 0
4.0918 Head 0 1.6 0.78 345.15 327.8999 0 -0.124191 -0.2741586 -0.03572864 0.9529623
4.0918 FirstCar -26.83059 0.025 2.97 0 90 0 0 0.7071068 0 0.7071068 9.701571 0
4.0918 SecondCar -59.34871 0.025 2.97 0 90 0 0 0.7071068 0 0.7071068 9.68354 0
4.0921 Head 0 1.6 0.78 345.15 327.8999 0 -0.124191 -0.2741586 -0.03572864 0.9529623
4.0921 FirstCar -26.82684 0.025 2.97 0 90 0 0 0.7071068 0 0.7071068 9.700644 0
4.0921 SecondCar -59.34497 0.025 2.97 0 90 0 0 0.7071068 0 0.7071068 9.682614 0
4.0926 Head 0 1.6 0.78 345.15 327.8999 0 -0.124191 -0.2741586 -0.03572864 0.9529623
4.0926 FirstCar -26.82255 0.025 2.97 0 90 0 0 0.7071068 0 0.7071068 9.699582 0
4.0926 SecondCar -59.34069 0.025 2.97 0 90 0 0 0.7071068 0 0.7071068 9.681552 0
4.0930 Head 0 1.6 0.78 345.15 327.8999 0 -0.124191 -0.2741586 -0.03572864 0.9529623
4.0930 FirstCar -26.81874 0.025 2.97 0 90 0 0 0.7071068 0 0.7071068 9.69864 0
4.0930 SecondCar -59.33689 0.025 2.97 0 90 0 0 0.7071068 0 0.7071068 9.68061 0
4.0934 Head 0 1.6 0.78 345.15 327.8999 0 -0.124191 -0.2741586 -0.03572864 0.9529623
4.0934 FirstCar -26.81498 0.025 2.97 0 90 0 0 0.7071068 0 0.7071068 9.697708 0
4.0934 SecondCar -59.33313 0.025 2.97 0 90 0 0 0.7071068 0 0.7071068 9.679678 0
4.0938 Head 0 1.6 0.78 345.15 327.8999 0 -0.124191 -0.2741586 -0.03572864 0.9529623
4.0938 FirstCar -26.81118 0.025 2.97 0 90 0 0 0.7071068 0 0.7071068 9.69677 0
4.0938 SecondCar -59.32935 0.025 2.97 0 90 0 0 0.7071068 0 0.7071068 9.67874 0
4.0941 Head 0 1.6 0.78 345.15 327.8999 0 -0.124191 -0.2741586 -0.03572864 0.9529623
4.0941 FirstCar -26.80756 0.025 2.97 0 90 0 0 0.7071068 0 0.7071068 9.695872 0
4.0941 SecondCar -59.32573 0.025 2.97 0 90 0 0 0.7071068 0 0.7071068 9.677842 0
4.0945 Head 0 1.6 0.78 345.15 327.8999 0 -0.124191 -0.2741586 -0.03572864 0.9529623
4.0945 FirstCar -26.80389 0.025 2.97 0 90 0 0 0.7071068 0 0.7071068 9.694963 0
4.0945 SecondCar -59.32206 0.025 2.97 0 90 0 0 0.7071068 0 0.7071068 9.676933 0
4.0949 Head 0 1.6 0.78 345.15 327.8999 0 -0.124191 -0.2741586 -0.03572864 0.9529623
4.0949 FirstCar -26.80024 0.025 2.97 0 90 0 0 0.7071068 0 0.7071068 9.69406 0
4.0949 SecondCar -59.31842 0.025 2.97 0 90 0 0 0.7071068 0 0.7071068 9.67603 0
4.0952 Head 0 1.6 0.78 345.15 327.8999 0 -0.124191 -0.2741586 -0.03572864 0.9529623
4.0952 FirstCar -26.79687 0.025 2.97 0 90 0 0 0.7071068 0 0.7071068 9.693227 0
4.0952 SecondCar -59.31506 0.025 2.97 0 90 0 0 0.7071068 0 0.7071068 9.675197 0
4.0956 Head 0 1.6 0.78 345.15 327.8999 0 -0.124191 -0.2741586 -0.03572864 0.9529623
4.0956 FirstCar -26.79324 0.025 2.97 0 90 0 0 0.7071068 0 0.7071068 9.692327 0
4.0956 SecondCar -59.31144 0.025 2.97 0 90 0 0 0.7071068 0 0.7071068 9.674296 0
4.0960 Head 0 1.6 0.78 345.15 327.8999 0 -0.124191 -0.2741586 -0.03572864 0.9529623
4.0960 FirstCar -26.78976 0.025 2.97 0 90 0 0 0.7071068 0 0.7071068 9.691465 0
4.0960 SecondCar -59.30796 0.025 2.97 0 90 0 0 0.7071068 0 0.7071068 9.673435 0
4.0963 Head 0 1.6 0.78 345.15 327.8999 0 -0.124191 -0.2741586 -0.03572864 0.9529623
4.0963 FirstCar -26.78619 0.025 2.97 0 90 0 0 0.7071068 0 0.7071068 9.69058 0
4.0963 SecondCar -59.3044 0.025 2.97 0 90 0 0 0.7071068 0 0.7071068 9.67255 0
4.0967 Head 0 1.6 0.78 345.15 327.8999 0 -0.124191 -0.2741586 -0.03572864 0.9529623
4.0967 FirstCar -26.78247 0.025 2.97 0 90 0 0 0.7071068 0 0.7071068 9.68966 0
4.0967 SecondCar -59.30069 0.025 2.97 0 90 0 0 0.7071068 0 0.7071068 9.67163 0
4.0971 Head 0 1.6 0.78 345.15 327.8999 0 -0.124191 -0.2741586 -0.03572864 0.9529623
4.0971 FirstCar -26.77913 0.025 2.97 0 90 0 0 0.7071068 0 0.7071068 9.688832 0
4.0971 SecondCar -59.29735 0.025 2.97 0 90 0 0 0.7071068 0 0.7071068 9.670802 0
4.0974 Head 0 1.6 0.78 345.15 327.8999 0 -0.124191 -0.2741586 -0.03572864 0.9529623
4.0974 FirstCar -26.77581 0.025 2.97 0 90 0 0 0.7071068 0 0.7071068 9.688012 0
4.0974 SecondCar -59.29404 0.025 2.97 0 90 0 0 0.7071068 0 0.7071068 9.669982 0
4.0977 Head 0 1.6 0.78 345.15 327.8999 0 -0.124191 -0.2741586 -0.03572864 0.9529623
4.0977 FirstCar -26.77252 0.025 2.97 0 90 0 0 0.7071068 0 0.7071068 9.687197 0
4.0977 SecondCar -59.29076 0.025 2.97 0 90 0 0 0.7071068 0 0.7071068 9.669167 0
4.0981 Head 0 1.6 0.78 345.15 327.8999 0 -0.124191 -0.2741586 -0.03572864 0.9529623
4.0981 FirstCar -26.76919 0.025 2.97 0 90 0 0 0.7071068 0 0.7071068 9.686372 0
4.0981 SecondCar -59.28744 0.025 2.97 0 90 0 0 0.7071068 0 0.7071068 9.668342 0
4.0985 Head 0 1.6 0.78 345.15 327.8999 0 -0.124191 -0.2741586 -0.03572864 0.9529623
4.0985 FirstCar -26.76565 0.025 2.97 0 90 0 0 0.7071068 0 0.7071068 9.685493 0
4.0985 SecondCar -59.2839 0.025 2.97 0 90 0 0 0.7071068 0 0.7071068 9.667463 0
4.0988 Head 0 1.6 0.78 345.15 327.8999 0 -0.124191 -0.2741586 -0.03572864 0.9529623
4.0988 FirstCar -26.76211 0.025 2.97 0 90 0 0 0.7071068 0 0.7071068 9.684616 0
4.0988 SecondCar -59.28036 0.025 2.97 0 90 0 0 0.7071068 0 0.7071068 9.666586 0
4.0992 Head 0 1.6 0.78 345.15 327.8999 0 -0.124191 -0.2741586 -0.03572864 0.9529623
4.0992 FirstCar -26.75888 0.025 2.97 0 90 0 0 0.7071068 0 0.7071068 9.683815 0
4.0992 SecondCar -59.27714 0.025 2.97 0 90 0 0 0.7071068 0 0.7071068 9.665785 0
4.0995 Head 0 1.6 0.78 345.15 327.8999 0 -0.124191 -0.2741586 -0.03572864 0.9529623
4.0995 FirstCar -26.75547 0.025 2.97 0 90 0 0 0.7071068 0 0.7071068 9.68297 0
4.0995 SecondCar -59.27374 0.025 2.97 0 90 0 0 0.7071068 0 0.7071068 9.66494 0
4.0999 Head 0 1.6 0.78 345.15 327.8999 0 -0.124191 -0.2741586 -0.03572864 0.9529623
4.0999 FirstCar -26.75174 0.025 2.97 0 90 0 0 0.7071068 0 0.7071068 9.682046 0
4.0999 SecondCar -59.27002 0.025 2.97 0 90 0 0 0.7071068 0 0.7071068 9.664016 0
4.1003 Head 0 1.6 0.78 345.15 327.8999 0 -0.124191 -0.2741586 -0.03572864 0.9529623
4.1003 FirstCar -26.74791 0.025 2.97 0 90 0 0 0.7071068 0 0.7071068 9.681097 0
4.1003 SecondCar -59.26619 0.025 2.97 0 90 0 0 0.7071068 0 0.7071068 9.663067 0
4.1006 Head 0 1.6 0.78 345.15 327.8999 0 -0.124191 -0.2741586 -0.03572864 0.9529623
4.1006 FirstCar -26.74445 0.025 2.97 0 90 0 0 0.7071068 0 0.7071068 9.680239 0
4.1006 SecondCar -59.26274 0.025 2.97 0 90 0 0 0.7071068 0 0.7071068 9.662209 0
4.1010 Head 0 1.6 0.78 345.15 327.8999 0 -0.124191 -0.2741586 -0.03572864 0.9529623
4.1010 FirstCar -26.74097 0.025 2.97 0 90 0 0 0.7071068 0 0.7071068 9.679377 0
4.1010 SecondCar -59.25927 0.025 2.97 0 90 0 0 0.7071068 0 0.7071068 9.661346 0
4.1013 Head 0 1.6 0.78 345.15 327.8999 0 -0.124191 -0.2741586 -0.03572864 0.9529623
4.1013 FirstCar -26.73779 0.025 2.97 0 90 0 0 0.7071068 0 0.7071068 9.678586 0
4.1013 SecondCar -59.25608 0.025 2.97 0 90 0 0 0.7071068 0 0.7071068 9.660556 0
4.1020 Head 0 1.6 0.78 345.15 327.8999 0 -0.124191 -0.2741586 -0.03572864 0.9529623
4.1020 FirstCar -26.7309 0.025 2.97 0 90 0 0 0.7071068 0 0.7071068 9.676878 0
4.1020 SecondCar -59.24921 0.025 2.97 0 90 0 0 0.7071068 0 0.7071068 9.658848 0
4.1025 Head 0 1.6 0.78 345.15 327.8999 0 -0.124191 -0.2741586 -0.03572864 0.9529623
4.1025 FirstCar -26.72647 0.025 2.97 0 90 0 0 0.7071068 0 0.7071068 9.675778 0
4.1025 SecondCar -59.24479 0.025 2.97 0 90 0 0 0.7071068 0 0.7071068 9.657748 0
4.1029 Head 0 1.6 0.78 345.15 327.8999 0 -0.124191 -0.2741586 -0.03572864 0.9529623
4.1029 FirstCar -26.72279 0.025 2.97 0 90 0 0 0.7071068 0 0.7071068 9.674867 0
4.1029 SecondCar -59.24112 0.025 2.97 0 90 0 0 0.7071068 0 0.7071068 9.656837 0
4.1032 Head 0 1.6 0.78 345.15 327.8999 0 -0.124191 -0.2741586 -0.03572864 0.9529623
4.1032 FirstCar -26.71929 0.025 2.97 0 90 0 0 0.7071068 0 0.7071068 9.673999 0
4.1032 SecondCar -59.23762 0.025 2.97 0 90 0 0 0.7071068 0 0.7071068 9.655969 0
4.1036 Head 0 1.6 0.78 345.15 327.8999 0 -0.124191 -0.2741586 -0.03572864 0.9529623
4.1036 FirstCar -26.71568 0.025 2.97 0 90 0 0 0.7071068 0 0.7071068 9.673103 0
4.1036 SecondCar -59.23402 0.025 2.97 0 90 0 0 0.7071068 0 0.7071068 9.655073 0
4.1040 Head 0 1.6 0.78 345.15 327.8999 0 -0.124191 -0.2741586 -0.03572864 0.9529623
4.1040 FirstCar -26.71237 0.025 2.97 0 90 0 0 0.7071068 0 0.7071068 9.67228 0
4.1040 SecondCar -59.23071 0.025 2.97 0 90 0 0 0.7071068 0 0.7071068 9.65425 0
4.1043 Head 0 1.6 0.78 345.15 327.8999 0 -0.124191 -0.2741586 -0.03572864 0.9529623
4.1043 FirstCar -26.70891 0.025 2.97 0 90 0 0 0.7071068 0 0.7071068 9.671423 0
4.1043 SecondCar -59.22726 0.025 2.97 0 90 0 0 0.7071068 0 0.7071068 9.653393 0
4.1047 Head 0 1.6 0.78 345.15 327.8999 0 -0.124191 -0.2741586 -0.03572864 0.9529623
4.1047 FirstCar -26.70555 0.025 2.97 0 90 0 0 0.7071068 0 0.7071068 9.670588 0
4.1047 SecondCar -59.2239 0.025 2.97 0 90 0 0 0.7071068 0 0.7071068 9.652558 0
4.1050 Head 0 1.6 0.78 345.15 327.8999 0 -0.124191 -0.2741586 -0.03572864 0.9529623
4.1050 FirstCar -26.70206 0.025 2.97 0 90 0 0 0.7071068 0 0.7071068 9.669724 0
4.1050 SecondCar -59.22042 0.025 2.97 0 90 0 0 0.7071068 0 0.7071068 9.651693 0
4.1054 Head 0 1.6 0.78 345.15 327.8999 0 -0.124191 -0.2741586 -0.03572864 0.9529623
4.1054 FirstCar -26.69876 0.025 2.97 0 90 0 0 0.7071068 0 0.7071068 9.668903 0
4.1054 SecondCar -59.21712 0.025 2.97 0 90 0 0 0.7071068 0 0.7071068 9.650873 0
4.1057 Head 0 1.6 0.78 345.15 327.8999 0 -0.124191 -0.2741586 -0.03572864 0.9529623
4.1057 FirstCar -26.69512 0.025 2.97 0 90 0 0 0.7071068 0 0.7071068 9.668001 0
4.1057 SecondCar -59.21349 0.025 2.97 0 90 0 0 0.7071068 0 0.7071068 9.649971 0
4.1061 Head 0 1.6 0.78 345.15 327.8999 0 -0.124191 -0.2741586 -0.03572864 0.9529623
4.1061 FirstCar -26.69149 0.025 2.97 0 90 0 0 0.7071068 0 0.7071068 9.667099 0
4.1061 SecondCar -59.20987 0.025 2.97 0 90 0 0 0.7071068 0 0.7071068 9.649069 0
4.1065 Head 0 1.6 0.78 345.15 327.8999 0 -0.124191 -0.2741586 -0.03572864 0.9529623
4.1065 FirstCar -26.68762 0.025 2.97 0 90 0 0 0.7071068 0 0.7071068 9.66614 0
4.1065 SecondCar -59.20601 0.025 2.97 0 90 0 0 0.7071068 0 0.7071068 9.648109 0
4.1069 Head 0 1.6 0.78 345.15 327.8999 0 -0.124191 -0.2741586 -0.03572864 0.9529623
4.1069 FirstCar -26.68429 0.025 2.97 0 90 0 0 0.7071068 0 0.7071068 9.665312 0
4.1069 SecondCar -59.20268 0.025 2.97 0 90 0 0 0.7071068 0 0.7071068 9.647282 0
4.1072 Head 0 1.6 0.78 345.15 327.8999 0 -0.124191 -0.2741586 -0.03572864 0.9529623
4.1072 FirstCar -26.68107 0.025 2.97 0 90 0 0 0.7071068 0 0.7071068 9.664512 0
4.1072 SecondCar -59.19946 0.025 2.97 0 90 0 0 0.7071068 0 0.7071068 9.646482 0
4.1076 Head 0 1.6 0.78 345.15 327.8999 0 -0.124191 -0.2741586 -0.03572864 0.9529623
4.1076 FirstCar -26.6775 0.025 2.97 0 90 0 0 0.7071068 0 0.7071068 9.663627 0
4.1076 SecondCar -59.1959 0.025 2.97 0 90 0 0 0.7071068 0 0.7071068 9.645597 0
4.1079 Head 0 1.6 0.78 345.15 327.8999 0 -0.124191 -0.2741586 -0.03572864 0.9529623
4.1079 FirstCar -26.67393 0.025 2.97 0 90 0 0 0.7071068 0 0.7071068 9.662739 0
4.1079 SecondCar -59.19234 0.025 2.97 0 90 0 0 0.7071068 0 0.7071068 9.644709 0
4.1083 Head 0 1.6 0.78 345.15 327.8999 0 -0.124191 -0.2741586 -0.03572864 0.9529623
4.1083 FirstCar -26.67059 0.025 2.97 0 90 0 0 0.7071068 0 0.7071068 9.66191 0
4.1083 SecondCar -59.18901 0.025 2.97 0 90 0 0 0.7071068 0 0.7071068 9.64388 0
4.1086 Head 0 1.6 0.78 345.15 327.8999 0 -0.124191 -0.2741586 -0.03572864 0.9529623
4.1086 FirstCar -26.66728 0.025 2.97 0 90 0 0 0.7071068 0 0.7071068 9.661086 0
4.1086 SecondCar -59.1857 0.025 2.97 0 90 0 0 0.7071068 0 0.7071068 9.643056 0
4.1090 Head 0 1.6 0.78 345.15 327.8999 0 -0.124191 -0.2741586 -0.03572864 0.9529623
4.1090 FirstCar -26.66397 0.025 2.97 0 90 0 0 0.7071068 0 0.7071068 9.660263 0
4.1090 SecondCar -59.18239 0.025 2.97 0 90 0 0 0.7071068 0 0.7071068 9.642233 0
4.1093 Head 0 1.6 0.78 345.15 327.8999 0 -0.124191 -0.2741586 -0.03572864 0.9529623
4.1093 FirstCar -26.66051 0.025 2.97 0 90 0 0 0.7071068 0 0.7071068 9.659404 0
4.1093 SecondCar -59.17894 0.025 2.97 0 90 0 0 0.7071068 0 0.7071068 9.641374 0
4.1100 Head 0 1.6 0.78 345.15 327.8999 0 -0.124191 -0.2741586 -0.03572864 0.9529623
4.1100 FirstCar -26.65384 0.025 2.97 0 90 0 0 0.7071068 0 0.7071068 9.657748 0
4.1100 SecondCar -59.17229 0.025 2.97 0 90 0 0 0.7071068 0 0.7071068 9.639718 0
4.1105 Head 0 1.6 0.78 345.15 327.8999 0 -0.124191 -0.2741586 -0.03572864 0.9529623
4.1105 FirstCar -26.6495 0.025 2.97 0 90 0 0 0.7071068 0 0.7071068 9.65667 0
4.1105 SecondCar -59.16795 0.025 2.97 0 90 0 0 0.7071068 0 0.7071068 9.638639 0
4.1111 Head 0 1.6 0.78 345.15 327.8999 0 -0.124191 -0.2741586 -0.03572864 0.9529623
4.1111 FirstCar -26.64361 0.025 2.97 0 90 0 0 0.7071068 0 0.7071068 9.655204 0
4.1111 SecondCar -59.16207 0.025 2.97 0 90 0 0 0.7071068 0 0.7071068 9.637174 0
4.1115 Head 0 1.6 0.78 345.15 327.8999 0 -0.124191 -0.2741586 -0.03572864 0.9529623
4.1115 FirstCar -26.63965 0.025 2.97 0 90 0 0 0.7071068 0 0.7071068 9.654221 0
4.1115 SecondCar -59.15812 0.025 2.97 0 90 0 0 0.7071068 0 0.7071068 9.63619 0
4.1118 Head 0 1.6 0.78 345.15 327.8999 0 -0.124191 -0.2741586 -0.03572864 0.9529623
4.1118 FirstCar -26.63621 0.025 2.97 0 90 0 0 0.7071068 0 0.7071068 9.653364 0
4.1118 SecondCar -59.15468 0.025 2.97 0 90 0 0 0.7071068 0 0.7071068 9.635334 0
4.1122 Head 0 1.6 0.78 345.15 327.8999 0 -0.124191 -0.2741586 -0.03572864 0.9529623
4.1122 FirstCar -26.63273 0.025 2.97 0 90 0 0 0.7071068 0 0.7071068 9.652499 0
4.1122 SecondCar -59.15121 0.025 2.97 0 90 0 0 0.7071068 0 0.7071068 9.634469 0
4.1126 Head 0 1.6 0.78 345.15 327.8999 0 -0.124191 -0.2741586 -0.03572864 0.9529623
4.1126 FirstCar -26.62849 0.025 2.97 0 90 0 0 0.7071068 0 0.7071068 9.651445 0
4.1126 SecondCar -59.14698 0.025 2.97 0 90 0 0 0.7071068 0 0.7071068 9.633415 0
4.1130 Head 0 1.6 0.78 345.15 327.8999 0 -0.124191 -0.2741586 -0.03572864 0.9529623
4.1130 FirstCar -26.62503 0.025 2.97 0 90 0 0 0.7071068 0 0.7071068 9.650583 0
4.1130 SecondCar -59.14352 0.025 2.97 0 90 0 0 0.7071068 0 0.7071068 9.632553 0
4.1134 Head 0 1.6 0.78 345.15 327.8999 0 -0.124191 -0.2741586 -0.03572864 0.9529623
4.1134 FirstCar -26.6214 0.025 2.97 0 90 0 0 0.7071068 0 0.7071068 9.649682 0
4.1134 SecondCar -59.1399 0.025 2.97 0 90 0 0 0.7071068 0 0.7071068 9.631652 0
4.1138 Head 0 1.6 0.78 345.15 327.8999 0 -0.124191 -0.2741586 -0.03572864 0.9529623
4.1138 FirstCar -26.61786 0.025 2.97 0 90 0 0 0.7071068 0 0.7071068 9.6488 0
4.1138 SecondCar -59.13636 0.025 2.97 0 90 0 0 0.7071068 0 0.7071068 9.63077 0
4.1141 Head 0 1.6 0.78 345.15 327.8999 0 -0.124191 -0.2741586 -0.03572864 0.9529623
4.1141 FirstCar -26.61453 0.025 2.97 0 90 0 0 0.7071068 0 0.7071068 9.647972 0
4.1141 SecondCar -59.13304 0.025 2.97 0 90 0 0 0.7071068 0 0.7071068 9.629942 0
4.1144 Head 0 1.6 0.78 345.15 327.8999 0 -0.124191 -0.2741586 -0.03572864 0.9529623
4.1144 FirstCar -26.61114 0.025 2.97 0 90 0 0 0.7071068 0 0.7071068 9.64713 0
4.1144 SecondCar -59.12966 0.025 2.97 0 90 0 0 0.7071068 0 0.7071068 9.6291 0
4.1148 Head 0 1.6 0.78 345.15 327.8999 0 -0.124191 -0.2741586 -0.03572864 0.9529623
4.1148 FirstCar -26.60752 0.025 2.97 0 90 0 0 0.7071068 0 0.7071068 9.64623 0
4.1148 SecondCar -59.12605 0.025 2.97 0 90 0 0 0.7071068 0 0.7071068 9.6282 0
4.1152 Head 0 1.6 0.78 345.15 327.8999 0 -0.124191 -0.2741586 -0.03572864 0.9529623
4.1152 FirstCar -26.60406 0.025 2.97 0 90 0 0 0.7071068 0 0.7071068 9.645369 0
4.1152 SecondCar -59.12259 0.025 2.97 0 90 0 0 0.7071068 0 0.7071068 9.627338 0
4.1155 Head 0 1.6 0.78 345.15 327.8999 0 -0.124191 -0.2741586 -0.03572864 0.9529623
4.1155 FirstCar -26.60062 0.025 2.97 0 90 0 0 0.7071068 0 0.7071068 9.644514 0
4.1155 SecondCar -59.11916 0.025 2.97 0 90 0 0 0.7071068 0 0.7071068 9.626484 0
4.1159 Head 0 1.6 0.78 345.15 327.8999 0 -0.124191 -0.2741586 -0.03572864 0.9529623
4.1159 FirstCar -26.59677 0.025 2.97 0 90 0 0 0.7071068 0 0.7071068 9.643556 0
4.1159 SecondCar -59.11532 0.025 2.97 0 90 0 0 0.7071068 0 0.7071068 9.625525 0
4.1163 Head 0 1.6 0.78 345.15 327.8999 0 -0.124191 -0.2741586 -0.03572864 0.9529623
4.1163 FirstCar -26.59315 0.025 2.97 0 90 0 0 0.7071068 0 0.7071068 9.642655 0
4.1163 SecondCar -59.11171 0.025 2.97 0 90 0 0 0.7071068 0 0.7071068 9.624625 0
4.1167 Head 0 1.6 0.78 345.15 327.8999 0 -0.124191 -0.2741586 -0.03572864 0.9529623
4.1167 FirstCar -26.58966 0.025 2.97 0 90 0 0 0.7071068 0 0.7071068 9.641786 0
4.1167 SecondCar -59.10822 0.025 2.97 0 90 0 0 0.7071068 0 0.7071068 9.623755 0
4.1170 Head 0 1.6 0.78 345.15 327.8999 0 -0.124191 -0.2741586 -0.03572864 0.9529623
4.1170 FirstCar -26.58626 0.025 2.97 0 90 0 0 0.7071068 0 0.7071068 9.640939 0
4.1170 SecondCar -59.10482 0.025 2.97 0 90 0 0 0.7071068 0 0.7071068 9.622909 0
4.1178 Head 0 1.6 0.78 345.15 327.8999 0 -0.124191 -0.2741586 -0.03572864 0.9529623
4.1178 FirstCar -26.57865 0.025 2.97 0 90 0 0 0.7071068 0 0.7071068 9.639045 0
4.1178 SecondCar -59.09723 0.025 2.97 0 90 0 0 0.7071068 0 0.7071068 9.621015 0
4.1183 Head 0 1.6 0.78 345.15 327.8999 0 -0.124191 -0.2741586 -0.03572864 0.9529623
4.1183 FirstCar -26.57415 0.025 2.97 0 90 0 0 0.7071068 0 0.7071068 9.637923 0
4.1183 SecondCar -59.09274 0.025 2.97 0 90 0 0 0.7071068 0 0.7071068 9.619893 0
4.1187 Head 0 1.6 0.78 345.15 327.8999 0 -0.124191 -0.2741586 -0.03572864 0.9529623
4.1187 FirstCar -26.5698 0.025 2.97 0 90 0 0 0.7071068 0 0.7071068 9.636841 0
4.1187 SecondCar -59.0884 0.025 2.97 0 90 0 0 0.7071068 0 0.7071068 9.618811 0
4.1191 Head 0 1.6 0.78 345.15 327.8999 0 -0.124191 -0.2741586 -0.03572864 0.9529623
4.1191 FirstCar -26.566 0.025 2.97 0 90 0 0 0.7071068 0 0.7071068 9.635893 0
4.1191 SecondCar -59.0846 0.025 2.97 0 90 0 0 0.7071068 0 0.7071068 9.617863 0
4.1195 Head 0 1.6 0.78 345.15 327.8999 0 -0.124191 -0.2741586 -0.03572864 0.9529623
4.1195 FirstCar -26.56236 0.025 2.97 0 90 0 0 0.7071068 0 0.7071068 9.634989 0
4.1195 SecondCar -59.08098 0.025 2.97 0 90 0 0 0.7071068 0 0.7071068 9.616959 0
4.1199 Head 0 1.6 0.78 345.15 327.8999 0 -0.124191 -0.2741586 -0.03572864 0.9529623
4.1199 FirstCar -26.55894 0.025 2.97 0 90 0 0 0.7071068 0 0.7071068 9.634135 0
4.1199 SecondCar -59.07756 0.025 2.97 0 90 0 0 0.7071068 0 0.7071068 9.616105 0
4.1203 Head 0 1.6 0.78 345.15 327.8999 0 -0.124191 -0.2741586 -0.03572864 0.9529623
4.1203 FirstCar -26.55512 0.025 2.97 0 90 0 0 0.7071068 0 0.7071068 9.633184 0
4.1203 SecondCar -59.07375 0.025 2.97 0 90 0 0 0.7071068 0 0.7071068 9.615154 0
4.1206 Head 0 1.6 0.78 345.15 327.8999 0 -0.124191 -0.2741586 -0.03572864 0.9529623
4.1206 FirstCar -26.55174 0.025 2.97 0 90 0 0 0.7071068 0 0.7071068 9.63234 0
4.1206 SecondCar -59.07037 0.025 2.97 0 90 0 0 0.7071068 0 0.7071068 9.61431 0
4.1210 Head 0 1.6 0.78 345.15 327.8999 0 -0.124191 -0.2741586 -0.03572864 0.9529623
4.1210 FirstCar -26.54836 0.025 2.97 0 90 0 0 0.7071068 0 0.7071068 9.6315 0
4.1210 SecondCar -59.06701 0.025 2.97 0 90 0 0 0.7071068 0 0.7071068 9.61347 0
4.1213 Head 0 1.6 0.78 345.15 327.8999 0 -0.124191 -0.2741586 -0.03572864 0.9529623
4.1213 FirstCar -26.5451 0.025 2.97 0 90 0 0 0.7071068 0 0.7071068 9.630687 0
4.1213 SecondCar -59.06375 0.025 2.97 0 90 0 0 0.7071068 0 0.7071068 9.612657 0
4.1217 Head 0 1.6 0.78 345.15 327.8999 0 -0.124191 -0.2741586 -0.03572864 0.9529623
4.1217 FirstCar -26.54162 0.025 2.97 0 90 0 0 0.7071068 0 0.7071068 9.62982 0
4.1217 SecondCar -59.06028 0.025 2.97 0 90 0 0 0.7071068 0 0.7071068 9.61179 0
4.1220 Head 0 1.6 0.78 345.15 327.8999 0 -0.124191 -0.2741586 -0.03572864 0.9529623
4.1220 FirstCar -26.53814 0.025 2.97 0 90 0 0 0.7071068 0 0.7071068 9.628951 0
4.1220 SecondCar -59.0568 0.025 2.97 0 90 0 0 0.7071068 0 0.7071068 9.610921 0
4.1224 Head 0 1.6 0.78 345.15 327.8999 0 -0.124191 -0.2741586 -0.03572864 0.9529623
4.1224 FirstCar -26.53475 0.025 2.97 0 90 0 0 0.7071068 0 0.7071068 9.628107 0
4.1224 SecondCar -59.05342 0.025 2.97 0 90 0 0 0.7071068 0 0.7071068 9.610077 0
4.1227 Head 0 1.6 0.78 345.15 327.8999 0 -0.124191 -0.2741586 -0.03572864 0.9529623
4.1227 FirstCar -26.53144 0.025 2.97 0 90 0 0 0.7071068 0 0.7071068 9.62728 0
4.1227 SecondCar -59.05011 0.025 2.97 0 90 0 0 0.7071068 0 0.7071068 9.60925 0
4.1232 Head 0 1.6 0.78 345.15 327.8999 0 -0.124191 -0.2741586 -0.03572864 0.9529623
4.1232 FirstCar -26.52723 0.025 2.97 0 90 0 0 0.7071068 0 0.7071068 9.62623 0
4.1232 SecondCar -59.04591 0.025 2.97 0 90 0 0 0.7071068 0 0.7071068 9.6082 0
4.1235 Head 0 1.6 0.78 345.15 327.8999 0 -0.124191 -0.2741586 -0.03572864 0.9529623
4.1235 FirstCar -26.52368 0.025 2.97 0 90 0 0 0.7071068 0 0.7071068 9.625347 0
4.1235 SecondCar -59.04237 0.025 2.97 0 90 0 0 0.7071068 0 0.7071068 9.607317 0
4.1239 Head 0 1.6 0.78 345.15 327.8999 0 -0.124191 -0.2741586 -0.03572864 0.9529623
4.1239 FirstCar -26.52003 0.025 2.97 0 90 0 0 0.7071068 0 0.7071068 9.624437 0
4.1239 SecondCar -59.03873 0.025 2.97 0 90 0 0 0.7071068 0 0.7071068 9.606407 0
4.1243 Head 0 1.6 0.78 345.15 327.8999 0 -0.124191 -0.2741586 -0.03572864 0.9529623
4.1243 FirstCar -26.51656 0.025 2.97 0 90 0 0 0.7071068 0 0.7071068 9.623571 0
4.1243 SecondCar -59.03526 0.025 2.97 0 90 0 0 0.7071068 0 0.7071068 9.605541 0
4.1246 Head 0 1.6 0.78 345.15 327.8999 0 -0.124191 -0.2741586 -0.03572864 0.9529623
4.1246 FirstCar -26.51288 0.025 2.97 0 90 0 0 0.7071068 0 0.7071068 9.622654 0
4.1246 SecondCar -59.03159 0.025 2.97 0 90 0 0 0.7071068 0 0.7071068 9.604624 0
4.1250 Head 0 1.6 0.78 345.15 327.8999 0 -0.124191 -0.2741586 -0.03572864 0.9529623
4.1250 FirstCar -26.50915 0.025 2.97 0 90 0 0 0.7071068 0 0.7071068 9.621722 0
4.1250 SecondCar -59.02787 0.025 2.97 0 90 0 0 0.7071068 0 0.7071068 9.603692 0
4.1258 Head 0 1.6 0.78 345.15 327.8999 0 -0.124191 -0.2741586 -0.03572864 0.9529623
4.1258 FirstCar -26.50194 0.025 2.97 0 90 0 0 0.7071068 0 0.7071068 9.619923 0
4.1258 SecondCar -59.02067 0.025 2.97 0 90 0 0 0.7071068 0 0.7071068 9.601892 0
4.1262 Head 0 1.6 0.78 345.15 327.8999 0 -0.124191 -0.2741586 -0.03572864 0.9529623
4.1262 FirstCar -26.49783 0.025 2.97 0 90 0 0 0.7071068 0 0.7071068 9.618897 0
4.1262 SecondCar -59.01657 0.025 2.97 0 90 0 0 0.7071068 0 0.7071068 9.600867 0
4.1266 Head 0 1.6 0.78 345.15 327.8999 0 -0.124191 -0.2741586 -0.03572864 0.9529623
4.1266 FirstCar -26.49407 0.025 2.97 0 90 0 0 0.7071068 0 0.7071068 9.61796 0
4.1266 SecondCar -59.01282 0.025 2.97 0 90 0 0 0.7071068 0 0.7071068 9.59993 0
4.1270 Head 0 1.6 0.78 345.15 327.8999 0 -0.124191 -0.2741586 -0.03572864 0.9529623
4.1270 FirstCar -26.4905 0.025 2.97 0 90 0 0 0.7071068 0 0.7071068 9.617068 0
4.1270 SecondCar -59.00925 0.025 2.97 0 90 0 0 0.7071068 0 0.7071068 9.599038 0
4.1273 Head 0 1.6 0.78 345.15 327.8999 0 -0.124191 -0.2741586 -0.03572864 0.9529623
4.1273 FirstCar -26.48708 0.025 2.97 0 90 0 0 0.7071068 0 0.7071068 9.616216 0
4.1273 SecondCar -59.00584 0.025 2.97 0 90 0 0 0.7071068 0 0.7071068 9.598186 0
4.1277 Head 0 1.6 0.78 345.15 327.8999 0 -0.124191 -0.2741586 -0.03572864 0.9529623
4.1277 FirstCar -26.48352 0.025 2.97 0 90 0 0 0.7071068 0 0.7071068 9.615328 0
4.1277 SecondCar -59.00229 0.025 2.97 0 90 0 0 0.7071068 0 0.7071068 9.597298 0
4.1281 Head 0 1.6 0.78 345.15 327.8999 0 -0.124191 -0.2741586 -0.03572864 0.9529623
4.1281 FirstCar -26.48008 0.025 2.97 0 90 0 0 0.7071068 0 0.7071068 9.614469 0
4.1281 SecondCar -58.99886 0.025 2.97 0 90 0 0 0.7071068 0 0.7071068 9.596438 0
4.1284 Head 0 1.6 0.78 345.15 327.8999 0 -0.124191 -0.2741586 -0.03572864 0.9529623
4.1284 FirstCar -26.47671 0.025 2.97 0 90 0 0 0.7071068 0 0.7071068 9.613627 0
4.1284 SecondCar -58.99549 0.025 2.97 0 90 0 0 0.7071068 0 0.7071068 9.595597 0
4.1288 Head 0 1.6 0.78 345.15 327.8999 0 -0.124191 -0.2741586 -0.03572864 0.9529623
4.1288 FirstCar -26.47304 0.025 2.97 0 90 0 0 0.7071068 0 0.7071068 9.612711 0
4.1288 SecondCar -58.99183 0.025 2.97 0 90 0 0 0.7071068 0 0.7071068 9.594681 0
4.1292 Head 0 1.6 0.78 345.15 327.8999 0 -0.124191 -0.2741586 -0.03572864 0.9529623
4.1292 FirstCar -26.46924 0.025 2.97 0 90 0 0 0.7071068 0 0.7071068 9.61176 0
4.1292 SecondCar -58.98803 0.025 2.97 0 90 0 0 0.7071068 0 0.7071068 9.59373 0
4.1295 Head 0 1.6 0.78 345.15 327.8999 0 -0.124191 -0.2741586 -0.03572864 0.9529623
4.1295 FirstCar -26.46593 0.025 2.97 0 90 0 0 0.7071068 0 0.7071068 9.610935 0
4.1295 SecondCar -58.98474 0.025 2.97 0 90 0 0 0.7071068 0 0.7071068 9.592905 0
4.1299 Head 0 1.6 0.78 345.15 327.8999 0 -0.124191 -0.2741586 -0.03572864 0.9529623
4.1299 FirstCar -26.46253 0.025 2.97 0 90 0 0 0.7071068 0 0.7071068 9.610086 0
4.1299 SecondCar -58.98135 0.025 2.97 0 90 0 0 0.7071068 0 0.7071068 9.592056 0
4.1303 Head 0 1.6 0.78 345.15 327.8999 0 -0.124191 -0.2741586 -0.03572864 0.9529623
4.1303 FirstCar -26.45879 0.025 2.97 0 90 0 0 0.7071068 0 0.7071068 9.609151 0
4.1303 SecondCar -58.9776 0.025 2.97 0 90 0 0 0.7071068 0 0.7071068 9.591121 0
4.1309 Head 0 1.6 0.78 345.15 327.8999 0 -0.124191 -0.2741586 -0.03572864 0.9529623
4.1309 FirstCar -26.4525 0.025 2.97 0 90 0 0 0.7071068 0 0.7071068 9.60758 0
4.1309 SecondCar -58.97133 0.025 2.97 0 90 0 0 0.7071068 0 0.7071068 9.58955 0
4.1314 Head 0 1.6 0.78 345.15 327.8999 0 -0.124191 -0.2741586 -0.03572864 0.9529623
4.1314 FirstCar -26.44821 0.025 2.97 0 90 0 0 0.7071068 0 0.7071068 9.606508 0
4.1314 SecondCar -58.96704 0.025 2.97 0 90 0 0 0.7071068 0 0.7071068 9.588478 0
4.1318 Head 0 1.6 0.78 345.15 327.8999 0 -0.124191 -0.2741586 -0.03572864 0.9529623
4.1318 FirstCar -26.44453 0.025 2.97 0 90 0 0 0.7071068 0 0.7071068 9.605589 0
4.1318 SecondCar -58.96337 0.025 2.97 0 90 0 0 0.7071068 0 0.7071068 9.587559 0
4.1321 Head 0 1.6 0.78 345.15 327.8999 0 -0.124191 -0.2741586 -0.03572864 0.9529623
4.1321 FirstCar -26.44096 0.025 2.97 0 90 0 0 0.7071068 0 0.7071068 9.604696 0
4.1321 SecondCar -58.9598 0.025 2.97 0 90 0 0 0.7071068 0 0.7071068 9.586666 0
4.1325 Head 0 1.6 0.78 345.15 327.8999 0 -0.124191 -0.2741586 -0.03572864 0.9529623
4.1325 FirstCar -26.43746 0.025 2.97 0 90 0 0 0.7071068 0 0.7071068 9.603823 0
4.1325 SecondCar -58.95632 0.025 2.97 0 90 0 0 0.7071068 0 0.7071068 9.585793 0
4.1329 Head 0 1.6 0.78 345.15 327.8999 0 -0.124191 -0.2741586 -0.03572864 0.9529623
4.1329 FirstCar -26.43393 0.025 2.97 0 90 0 0 0.7071068 0 0.7071068 9.60294 0
4.1329 SecondCar -58.95279 0.025 2.97 0 90 0 0 0.7071068 0 0.7071068 9.584909 0
4.1332 Head 0 1.6 0.78 345.15 327.8999 0 -0.124191 -0.2741586 -0.03572864 0.9529623
4.1332 FirstCar -26.43049 0.025 2.97 0 90 0 0 0.7071068 0 0.7071068 9.60208 0
4.1332 SecondCar -58.94936 0.025 2.97 0 90 0 0 0.7071068 0 0.7071068 9.58405 0
4.1340 Head 0 1.6 0.78 345.15 327.8999 0 -0.124191 -0.2741586 -0.03572864 0.9529623
4.1340 FirstCar -26.42336 0.025 2.97 0 90 0 0 0.7071068 0 0.7071068 9.600299 0
4.1340 SecondCar -58.94225 0.025 2.97 0 90 0 0 0.7071068 0 0.7071068 9.582269 0
4.1345 Head 0 1.6 0.78 345.15 327.8999 0 -0.124191 -0.2741586 -0.03572864 0.9529623
4.1345 FirstCar -26.41863 0.025 2.97 0 90 0 0 0.7071068 0 0.7071068 9.599116 0
4.1345 SecondCar -58.93753 0.025 2.97 0 90 0 0 0.7071068 0 0.7071068 9.581086 0
4.1348 Head 0 1.6 0.78 345.15 327.8999 0 -0.124191 -0.2741586 -0.03572864 0.9529623
4.1348 FirstCar -26.41495 0.025 2.97 0 90 0 0 0.7071068 0 0.7071068 9.598196 0
4.1348 SecondCar -58.93385 0.025 2.97 0 90 0 0 0.7071068 0 0.7071068 9.580166 0
4.1352 Head 0 1.6 0.78 345.15 327.8999 0 -0.124191 -0.2741586 -0.03572864 0.9529623
4.1352 FirstCar -26.41135 0.025 2.97 0 90 0 0 0.7071068 0 0.7071068 9.597296 0
4.1352 SecondCar -58.93026 0.025 2.97 0 90 0 0 0.7071068 0 0.7071068 9.579266 0
4.1356 Head 0 1.6 0.78 345.15 327.8999 0 -0.124191 -0.2741586 -0.03572864 0.9529623
4.1356 FirstCar -26.40764 0.025 2.97 0 90 0 0 0.7071068 0 0.7071068 9.596368 0
4.1356 SecondCar -58.92656 0.025 2.97 0 90 0 0 0.7071068 0 0.7071068 9.578338 0
4.1360 Head 0 1.6 0.78 345.15 327.8999 0 -0.124191 -0.2741586 -0.03572864 0.9529623
4.1360 FirstCar -26.40403 0.025 2.97 0 90 0 0 0.7071068 0 0.7071068 9.595466 0
4.1360 SecondCar -58.92295 0.025 2.97 0 90 0 0 0.7071068 0 0.7071068 9.577435 0
4.1363 Head 0 1.6 0.78 345.15 327.8999 0 -0.124191 -0.2741586 -0.03572864 0.9529623
4.1363 FirstCar -26.40051 0.025 2.97 0 90 0 0 0.7071068 0 0.7071068 9.594584 0
4.1363 SecondCar -58.91944 0.025 2.97 0 90 0 0 0.7071068 0 0.7071068 9.576554 0
4.1367 Head 0 1.6 0.78 345.15 327.8999 0 -0.124191 -0.2741586 -0.03572864 0.9529623
4.1367 FirstCar -26.39701 0.025 2.97 0 90 0 0 0.7071068 0 0.7071068 9.59371 0
4.1367 SecondCar -58.91595 0.025 2.97 0 90 0 0 0.7071068 0 0.7071068 9.57568 0
4.1371 Head 0 1.6 0.78 345.15 327.8999 0 -0.124191 -0.2741586 -0.03572864 0.9529623
4.1371 FirstCar -26.39353 0.025 2.97 0 90 0 0 0.7071068 0 0.7071068 9.592838 0
4.1371 SecondCar -58.91247 0.025 2.97 0 90 0 0 0.7071068 0 0.7071068 9.574808 0
4.1374 Head 0 1.6 0.78 345.15 327.8999 0 -0.124191 -0.2741586 -0.03572864 0.9529623
4.1374 FirstCar -26.39015 0.025 2.97 0 90 0 0 0.7071068 0 0.7071068 9.591992 0
4.1374 SecondCar -58.9091 0.025 2.97 0 90 0 0 0.7071068 0 0.7071068 9.573962 0
4.1378 Head 0 1.6 0.78 345.15 327.8999 0 -0.124191 -0.2741586 -0.03572864 0.9529623
4.1378 FirstCar -26.3866 0.025 2.97 0 90 0 0 0.7071068 0 0.7071068 9.591105 0
4.1378 SecondCar -58.90556 0.025 2.97 0 90 0 0 0.7071068 0 0.7071068 9.573074 0
4.1381 Head 0 1.6 0.78 345.15 327.8999 0 -0.124191 -0.2741586 -0.03572864 0.9529623
4.1381 FirstCar -26.38322 0.025 2.97 0 90 0 0 0.7071068 0 0.7071068 9.590259 0
4.1381 SecondCar -58.90218 0.025 2.97 0 90 0 0 0.7071068 0 0.7071068 9.572228 0
4.1385 Head 0 1.6 0.78 345.15 327.8999 0 -0.124191 -0.2741586 -0.03572864 0.9529623
4.1385 FirstCar -26.37966 0.025 2.97 0 90 0 0 0.7071068 0 0.7071068 9.589366 0
4.1385 SecondCar -58.89862 0.025 2.97 0 90 0 0 0.7071068 0 0.7071068 9.571336 0
4.1389 Head 0 1.6 0.78 345.15 327.8999 0 -0.124191 -0.2741586 -0.03572864 0.9529623
4.1389 FirstCar -26.37557 0.025 2.97 0 90 0 0 0.7071068 0 0.7071068 9.588343 0
4.1389 SecondCar -58.89454 0.025 2.97 0 90 0 0 0.7071068 0 0.7071068 9.570313 0
4.1394 Head 0 1.6 0.78 345.15 327.8999 0 -0.124191 -0.2741586 -0.03572864 0.9529623
4.1394 FirstCar -26.37124 0.025 2.97 0 90 0 0 0.7071068 0 0.7071068 9.587258 0
4.1394 SecondCar -58.89022 0.025 2.97 0 90 0 0 0.7071068 0 0.7071068 9.569228 0
4.1397 Head 0 1.6 0.78 345.15 327.8999 0 -0.124191 -0.2741586 -0.03572864 0.9529623
4.1397 FirstCar -26.36788 0.025 2.97 0 90 0 0 0.7071068 0 0.7071068 9.586418 0
4.1397 SecondCar -58.88687 0.025 2.97 0 90 0 0 0.7071068 0 0.7071068 9.568388 0
4.1402 Head 0 1.6 0.78 345.15 327.8999 0 -0.124191 -0.2741586 -0.03572864 0.9529623
4.1402 FirstCar -26.36345 0.025 2.97 0 90 0 0 0.7071068 0 0.7071068 9.585308 0
4.1402 SecondCar -58.88245 0.025 2.97 0 90 0 0 0.7071068 0 0.7071068 9.567278 0
4.1407 Head 0 1.6 0.78 345.15 327.8999 0 -0.124191 -0.2741586 -0.03572864 0.9529623
4.1407 FirstCar -26.35862 0.025 2.97 0 90 0 0 0.7071068 0 0.7071068 9.584098 0
4.1407 SecondCar -58.87762 0.025 2.97 0 90 0 0 0.7071068 0 0.7071068 9.566068 0
4.1412 Head 0 1.6 0.78 345.15 327.8999 0 -0.124191 -0.2741586 -0.03572864 0.9529623
4.1412 FirstCar -26.35428 0.025 2.97 0 90 0 0 0.7071068 0 0.7071068 9.583013 0
4.1412 SecondCar -58.87329 0.025 2.97 0 90 0 0 0.7071068 0 0.7071068 9.564982 0
4.1418 Head 0 1.6 0.78 345.15 327.8999 0 -0.124191 -0.2741586 -0.03572864 0.9529623
4.1418 FirstCar -26.34773 0.025 2.97 0 90 0 0 0.7071068 0 0.7071068 9.581372 0
4.1418 SecondCar -58.86676 0.025 2.97 0 90 0 0 0.7071068 0 0.7071068 9.563342 0
4.1422 Head 0 1.6 0.78 345.15 327.8999 0 -0.124191 -0.2741586 -0.03572864 0.9529623
4.1422 FirstCar -26.34395 0.025 2.97 0 90 0 0 0.7071068 0 0.7071068 9.580424 0
4.1422 SecondCar -58.86298 0.025 2.97 0 90 0 0 0.7071068 0 0.7071068 9.562394 0
4.1426 Head 0 1.6 0.78 345.15 327.8999 0 -0.124191 -0.2741586 -0.03572864 0.9529623
4.1426 FirstCar -26.34048 0.025 2.97 0 90 0 0 0.7071068 0 0.7071068 9.579556 0
4.1426 SecondCar -58.85952 0.025 2.97 0 90 0 0 0.7071068 0 0.7071068 9.561525 0
4.1430 Head 0 1.6 0.78 345.15 327.8999 0 -0.124191 -0.2741586 -0.03572864 0.9529623
4.1430 FirstCar -26.337 0.025 2.97 0 90 0 0 0.7071068 0 0.7071068 9.578683 0
4.1430 SecondCar -58.85604 0.025 2.97 0 90 0 0 0.7071068 0 0.7071068 9.560653 0
4.1433 Head 0 1.6 0.78 345.15 327.8999 0 -0.124191 -0.2741586 -0.03572864 0.9529623
4.1433 FirstCar -26.33363 0.025 2.97 0 90 0 0 0.7071068 0 0.7071068 9.577839 0
4.1433 SecondCar -58.85268 0.025 2.97 0 90 0 0 0.7071068 0 0.7071068 9.559809 0
4.1437 Head 0 1.6 0.78 345.15 327.8999 0 -0.124191 -0.2741586 -0.03572864 0.9529623
4.1437 FirstCar -26.32997 0.025 2.97 0 90 0 0 0.7071068 0 0.7071068 9.576923 0
4.1437 SecondCar -58.84903 0.025 2.97 0 90 0 0 0.7071068 0 0.7071068 9.558893 0
4.1441 Head 0 1.6 0.78 345.15 327.8999 0 -0.124191 -0.2741586 -0.03572864 0.9529623
4.1441 FirstCar -26.32631 0.025 2.97 0 90 0 0 0.7071068 0 0.7071068 9.576005 0
4.1441 SecondCar -58.84538 0.025 2.97 0 90 0 0 0.7071068 0 0.7071068 9.557975 0
4.1444 Head 0 1.6 0.78 345.15 327.8999 0 -0.124191 -0.2741586 -0.03572864 0.9529623
4.1444 FirstCar -26.32287 0.025 2.97 0 90 0 0 0.7071068 0 0.7071068 9.575142 0
4.1444 SecondCar -58.84194 0.025 2.97 0 90 0 0 0.7071068 0 0.7071068 9.557112 0
4.1448 Head 0 1.6 0.78 345.15 327.8999 0 -0.124191 -0.2741586 -0.03572864 0.9529623
4.1448 FirstCar -26.31903 0.025 2.97 0 90 0 0 0.7071068 0 0.7071068 9.57418 0
4.1448 SecondCar -58.83811 0.025 2.97 0 90 0 0 0.7071068 0 0.7071068 9.556149 0
4.1452 Head 0 1.6 0.78 345.15 327.8999 0 -0.124191 -0.2741586 -0.03572864 0.9529623
4.1452 FirstCar -26.3155 0.025 2.97 0 90 0 0 0.7071068 0 0.7071068 9.573295 0
4.1452 SecondCar -58.83458 0.025 2.97 0 90 0 0 0.7071068 0 0.7071068 9.555264 0
4.1456 Head 0 1.6 0.78 345.15 327.8999 0 -0.124191 -0.2741586 -0.03572864 0.9529623
4.1456 FirstCar -26.31165 0.025 2.97 0 90 0 0 0.7071068 0 0.7071068 9.57233 0
4.1456 SecondCar -58.83074 0.025 2.97 0 90 0 0 0.7071068 0 0.7071068 9.554299 0
4.1460 Head 0 1.6 0.78 345.15 327.8999 0 -0.124191 -0.2741586 -0.03572864 0.9529623
4.1460 FirstCar -26.30788 0.025 2.97 0 90 0 0 0.7071068 0 0.7071068 9.571385 0
4.1460 SecondCar -58.82698 0.025 2.97 0 90 0 0 0.7071068 0 0.7071068 9.553355 0
4.1464 Head 0 1.6 0.78 345.15 327.8999 0 -0.124191 -0.2741586 -0.03572864 0.9529623
4.1464 FirstCar -26.3041 0.025 2.97 0 90 0 0 0.7071068 0 0.7071068 9.570436 0
4.1464 SecondCar -58.82321 0.025 2.97 0 90 0 0 0.7071068 0 0.7071068 9.552406 0
4.1468 Head 0 1.6 0.78 345.15 327.8999 0 -0.124191 -0.2741586 -0.03572864 0.9529623
4.1468 FirstCar -26.30056 0.025 2.97 0 90 0 0 0.7071068 0 0.7071068 9.569549 0
4.1468 SecondCar -58.81968 0.025 2.97 0 90 0 0 0.7071068 0 0.7071068 9.551518 0
4.1471 Head 0 1.6 0.78 345.15 327.8999 0 -0.124191 -0.2741586 -0.03572864 0.9529623
4.1471 FirstCar -26.29717 0.025 2.97 0 90 0 0 0.7071068 0 0.7071068 9.568698 0
4.1471 SecondCar -58.81629 0.025 2.97 0 90 0 0 0.7071068 0 0.7071068 9.550668 0
4.1475 Head 0 1.6 0.78 345.15 327.8999 0 -0.124191 -0.2741586 -0.03572864 0.9529623
4.1475 FirstCar -26.2935 0.025 2.97 0 90 0 0 0.7071068 0 0.7071068 9.567777 0
4.1475 SecondCar -58.81263 0.025 2.97 0 90 0 0 0.7071068 0 0.7071068 9.549747 0
4.1479 Head 0 1.6 0.78 345.15 327.8999 0 -0.124191 -0.2741586 -0.03572864 0.9529623
4.1479 FirstCar -26.28981 0.025 2.97 0 90 0 0 0.7071068 0 0.7071068 9.566851 0
4.1479 SecondCar -58.80894 0.025 2.97 0 90 0 0 0.7071068 0 0.7071068 9.54882 0
4.1483 Head 0 1.6 0.78 345.15 327.8999 0 -0.124191 -0.2741586 -0.03572864 0.9529623
4.1483 FirstCar -26.28624 0.025 2.97 0 90 0 0 0.7071068 0 0.7071068 9.565957 0
4.1483 SecondCar -58.80539 0.025 2.97 0 90 0 0 0.7071068 0 0.7071068 9.547927 0
4.1486 Head 0 1.6 0.78 345.15 327.8999 0 -0.124191 -0.2741586 -0.03572864 0.9529623
4.1486 FirstCar -26.28278 0.025 2.97 0 90 0 0 0.7071068 0 0.7071068 9.565086 0
4.1486 SecondCar -58.80193 0.025 2.97 0 90 0 0 0.7071068 0 0.7071068 9.547056 0
4.1490 Head 0 1.6 0.78 345.15 327.8999 0 -0.124191 -0.2741586 -0.03572864 0.9529623
4.1490 FirstCar -26.27907 0.025 2.97 0 90 0 0 0.7071068 0 0.7071068 9.564156 0
4.1490 SecondCar -58.79822 0.025 2.97 0 90 0 0 0.7071068 0 0.7071068 9.546125 0
4.1498 Head 0 1.6 0.78 345.15 327.8999 0 -0.124191 -0.2741586 -0.03572864 0.9529623
4.1498 FirstCar -26.2712 0.025 2.97 0 90 0 0 0.7071068 0 0.7071068 9.562181 0
4.1498 SecondCar -58.79037 0.025 2.97 0 90 0 0 0.7071068 0 0.7071068 9.54415 0
4.1504 Head 0 1.6 0.78 345.15 327.8999 0 -0.124191 -0.2741586 -0.03572864 0.9529623
4.1504 FirstCar -26.2661 0.025 2.97 0 90 0 0 0.7071068 0 0.7071068 9.560902 0
4.1504 SecondCar -58.78528 0.025 2.97 0 90 0 0 0.7071068 0 0.7071068 9.542871 0
4.1511 Head 0 1.6 0.78 345.15 327.8999 0 -0.124191 -0.2741586 -0.03572864 0.9529623
4.1511 FirstCar -26.25925 0.025 2.97 0 90 0 0 0.7071068 0 0.7071068 9.559182 0
4.1511 SecondCar -58.77845 0.025 2.97 0 90 0 0 0.7071068 0 0.7071068 9.541152 0
4.1515 Head 0 1.6 0.78 345.15 327.8999 0 -0.124191 -0.2741586 -0.03572864 0.9529623
4.1515 FirstCar -26.25541 0.025 2.97 0 90 0 0 0.7071068 0 0.7071068 9.558216 0
4.1515 SecondCar -58.77461 0.025 2.97 0 90 0 0 0.7071068 0 0.7071068 9.540186 0
4.1519 Head 0 1.6 0.78 345.15 327.8999 0 -0.124191 -0.2741586 -0.03572864 0.9529623
4.1519 FirstCar -26.25135 0.025 2.97 0 90 0 0 0.7071068 0 0.7071068 9.557199 0
4.1519 SecondCar -58.77056 0.025 2.97 0 90 0 0 0.7071068 0 0.7071068 9.539168 0
4.1523 Head 0 1.6 0.78 345.15 327.8999 0 -0.124191 -0.2741586 -0.03572864 0.9529623
4.1523 FirstCar -26.24759 0.025 2.97 0 90 0 0 0.7071068 0 0.7071068 9.556252 0
4.1523 SecondCar -58.7668 0.025 2.97 0 90 0 0 0.7071068 0 0.7071068 9.538222 0
4.1527 Head 0 1.6 0.78 345.15 327.8999 0 -0.124191 -0.2741586 -0.03572864 0.9529623
4.1527 FirstCar -26.24372 0.025 2.97 0 90 0 0 0.7071068 0 0.7071068 9.555282 0
4.1527 SecondCar -58.76294 0.025 2.97 0 90 0 0 0.7071068 0 0.7071068 9.537251 0
4.1531 Head 0 1.6 0.78 345.15 327.8999 0 -0.124191 -0.2741586 -0.03572864 0.9529623
4.1531 FirstCar -26.24015 0.025 2.97 0 90 0 0 0.7071068 0 0.7071068 9.554385 0
4.1531 SecondCar -58.75938 0.025 2.97 0 90 0 0 0.7071068 0 0.7071068 9.536355 0
4.1535 Head 0 1.6 0.78 345.15 327.8999 0 -0.124191 -0.2741586 -0.03572864 0.9529623
4.1535 FirstCar -26.23642 0.025 2.97 0 90 0 0 0.7071068 0 0.7071068 9.553449 0
4.1535 SecondCar -58.75565 0.025 2.97 0 90 0 0 0.7071068 0 0.7071068 9.535419 0
4.1538 Head 0 1.6 0.78 345.15 327.8999 0 -0.124191 -0.2741586 -0.03572864 0.9529623
4.1538 FirstCar -26.23297 0.025 2.97 0 90 0 0 0.7071068 0 0.7071068 9.552581 0
4.1538 SecondCar -58.7522 0.025 2.97 0 90 0 0 0.7071068 0 0.7071068 9.534551 0
4.1542 Head 0 1.6 0.78 345.15 327.8999 0 -0.124191 -0.2741586 -0.03572864 0.9529623
4.1542 FirstCar -26.22954 0.025 2.97 0 90 0 0 0.7071068 0 0.7071068 9.551719 0
4.1542 SecondCar -58.74878 0.025 2.97 0 90 0 0 0.7071068 0 0.7071068 9.533689 0
4.1546 Head 0 1.6 0.78 345.15 327.8999 0 -0.124191 -0.2741586 -0.03572864 0.9529623
4.1546 FirstCar -26.22613 0.025 2.97 0 90 0 0 0.7071068 0 0.7071068 9.550863 0
4.1546 SecondCar -58.74538 0.025 2.97 0 90 0 0 0.7071068 0 0.7071068 9.532833 0
4.1549 Head 0 1.6 0.78 345.15 327.8999 0 -0.124191 -0.2741586 -0.03572864 0.9529623
4.1549 FirstCar -26.22256 0.025 2.97 0 90 0 0 0.7071068 0 0.7071068 9.549965 0
4.1549 SecondCar -58.74181 0.025 2.97 0 90 0 0 0.7071068 0 0.7071068 9.531935 0
4.1553 Head 0 1.6 0.78 345.15 327.8999 0 -0.124191 -0.2741586 -0.03572864 0.9529623
4.1553 FirstCar -26.21879 0.025 2.97 0 90 0 0 0.7071068 0 0.7071068 9.549019 0
4.1553 SecondCar -58.73806 0.025 2.97 0 90 0 0 0.7071068 0 0.7071068 9.530989 0
4.1557 Head 0 1.6 0.78 345.15 327.8999 0 -0.124191 -0.2741586 -0.03572864 0.9529623
4.1557 FirstCar -26.21539 0.025 2.97 0 90 0 0 0.7071068 0 0.7071068 9.548163 0
4.1557 SecondCar -58.73466 0.025 2.97 0 90 0 0 0.7071068 0 0.7071068 9.530133 0
4.1560 Head 0 1.6 0.78 345.15 327.8999 0 -0.124191 -0.2741586 -0.03572864 0.9529623
4.1560 FirstCar -26.21201 0.025 2.97 0 90 0 0 0.7071068 0 0.7071068 9.547313 0
4.1560 SecondCar -58.73129 0.025 2.97 0 90 0 0 0.7071068 0 0.7071068 9.529283 0
4.1564 Head 0 1.6 0.78 345.15 327.8999 0 -0.124191 -0.2741586 -0.03572864 0.9529623
4.1564 FirstCar -26.20849 0.025 2.97 0 90 0 0 0.7071068 0 0.7071068 9.54643 0
4.1564 SecondCar -58.72778 0.025 2.97 0 90 0 0 0.7071068 0 0.7071068 9.528399 0
4.1568 Head 0 1.6 0.78 345.15 327.8999 0 -0.124191 -0.2741586 -0.03572864 0.9529623
4.1568 FirstCar -26.20498 0.025 2.97 0 90 0 0 0.7071068 0 0.7071068 9.545546 0
4.1568 SecondCar -58.72427 0.025 2.97 0 90 0 0 0.7071068 0 0.7071068 9.527515 0
4.1571 Head 0 1.6 0.78 345.15 327.8999 0 -0.124191 -0.2741586 -0.03572864 0.9529623
4.1571 FirstCar -26.20163 0.025 2.97 0 90 0 0 0.7071068 0 0.7071068 9.544705 0
4.1571 SecondCar -58.72093 0.025 2.97 0 90 0 0 0.7071068 0 0.7071068 9.526675 0
4.1578 Head 0 1.6 0.78 345.15 327.8999 0 -0.124191 -0.2741586 -0.03572864 0.9529623
4.1578 FirstCar -26.19485 0.025 2.97 0 90 0 0 0.7071068 0 0.7071068 9.543 0
4.1578 SecondCar -58.71416 0.025 2.97 0 90 0 0 0.7071068 0 0.7071068 9.52497 0
4.1582 Head 0 1.6 0.78 345.15 327.8999 0 -0.124191 -0.2741586 -0.03572864 0.9529623
4.1582 FirstCar -26.19096 0.025 2.97 0 90 0 0 0.7071068 0 0.7071068 9.542022 0
4.1582 SecondCar -58.71028 0.025 2.97 0 90 0 0 0.7071068 0 0.7071068 9.523992 0
4.1586 Head 0 1.6 0.78 345.15 327.8999 0 -0.124191 -0.2741586 -0.03572864 0.9529623
4.1586 FirstCar -26.18715 0.025 2.97 0 90 0 0 0.7071068 0 0.7071068 9.541063 0
4.1586 SecondCar -58.70648 0.025 2.97 0 90 0 0 0.7071068 0 0.7071068 9.523033 0
4.1591 Head 0 1.6 0.78 345.15 327.8999 0 -0.124191 -0.2741586 -0.03572864 0.9529623
4.1591 FirstCar -26.18325 0.025 2.97 0 90 0 0 0.7071068 0 0.7071068 9.54008 0
4.1591 SecondCar -58.70258 0.025 2.97 0 90 0 0 0.7071068 0 0.7071068 9.52205 0
4.1594 Head 0 1.6 0.78 345.15 327.8999 0 -0.124191 -0.2741586 -0.03572864 0.9529623
4.1594 FirstCar -26.17972 0.025 2.97 0 90 0 0 0.7071068 0 0.7071068 9.539192 0
4.1594 SecondCar -58.69905 0.025 2.97 0 90 0 0 0.7071068 0 0.7071068 9.521162 0
4.1598 Head 0 1.6 0.78 345.15 327.8999 0 -0.124191 -0.2741586 -0.03572864 0.9529623
4.1598 FirstCar -26.17628 0.025 2.97 0 90 0 0 0.7071068 0 0.7071068 9.538327 0
4.1598 SecondCar -58.69563 0.025 2.97 0 90 0 0 0.7071068 0 0.7071068 9.520297 0
4.1601 Head 0 1.6 0.78 345.15 327.8999 0 -0.124191 -0.2741586 -0.03572864 0.9529623
4.1601 FirstCar -26.17281 0.025 2.97 0 90 0 0 0.7071068 0 0.7071068 9.537455 0
4.1601 SecondCar -58.69217 0.025 2.97 0 90 0 0 0.7071068 0 0.7071068 9.519424 0
4.1605 Head 0 1.6 0.78 345.15 327.8999 0 -0.124191 -0.2741586 -0.03572864 0.9529623
4.1605 FirstCar -26.16918 0.025 2.97 0 90 0 0 0.7071068 0 0.7071068 9.53654 0
4.1605 SecondCar -58.68854 0.025 2.97 0 90 0 0 0.7071068 0 0.7071068 9.51851 0
4.1609 Head 0 1.6 0.78 345.15 327.8999 0 -0.124191 -0.2741586 -0.03572864 0.9529623
4.1609 FirstCar -26.16557 0.025 2.97 0 90 0 0 0.7071068 0 0.7071068 9.535631 0
4.1609 SecondCar -58.68494 0.025 2.97 0 90 0 0 0.7071068 0 0.7071068 9.517601 0
4.1613 Head 0 1.6 0.78 345.15 327.8999 0 -0.124191 -0.2741586 -0.03572864 0.9529623
4.1613 FirstCar -26.16191 0.025 2.97 0 90 0 0 0.7071068 0 0.7071068 9.53471 0
4.1613 SecondCar -58.68128 0.025 2.97 0 90 0 0 0.7071068 0 0.7071068 9.51668 0
4.1617 Head 0 1.6 0.78 345.15 327.8999 0 -0.124191 -0.2741586 -0.03572864 0.9529623
4.1617 FirstCar -26.15845 0.025 2.97 0 90 0 0 0.7071068 0 0.7071068 9.533839 0
4.1617 SecondCar -58.67783 0.025 2.97 0 90 0 0 0.7071068 0 0.7071068 9.515809 0
4.1620 Head 0 1.6 0.78 345.15 327.8999 0 -0.124191 -0.2741586 -0.03572864 0.9529623
4.1620 FirstCar -26.15488 0.025 2.97 0 90 0 0 0.7071068 0 0.7071068 9.53294 0
4.1620 SecondCar -58.67427 0.025 2.97 0 90 0 0 0.7071068 0 0.7071068 9.51491 0
4.1624 Head 0 1.6 0.78 345.15 327.8999 0 -0.124191 -0.2741586 -0.03572864 0.9529623
4.1624 FirstCar -26.15109 0.025 2.97 0 90 0 0 0.7071068 0 0.7071068 9.531987 0
4.1624 SecondCar -58.67049 0.025 2.97 0 90 0 0 0.7071068 0 0.7071068 9.513957 0
4.1628 Head 0 1.6 0.78 345.15 327.8999 0 -0.124191 -0.2741586 -0.03572864 0.9529623
4.1628 FirstCar -26.14731 0.025 2.97 0 90 0 0 0.7071068 0 0.7071068 9.531035 0
4.1628 SecondCar -58.66672 0.025 2.97 0 90 0 0 0.7071068 0 0.7071068 9.513005 0
4.1632 Head 0 1.6 0.78 345.15 327.8999 0 -0.124191 -0.2741586 -0.03572864 0.9529623
4.1632 FirstCar -26.14398 0.025 2.97 0 90 0 0 0.7071068 0 0.7071068 9.530195 0
4.1632 SecondCar -58.66339 0.025 2.97 0 90 0 0 0.7071068 0 0.7071068 9.512165 0
4.1635 Head 0 1.6 0.78 345.15 327.8999 0 -0.124191 -0.2741586 -0.03572864 0.9529623
4.1635 FirstCar -26.14047 0.025 2.97 0 90 0 0 0.7071068 0 0.7071068 9.529312 0
4.1635 SecondCar -58.65989 0.025 2.97 0 90 0 0 0.7071068 0 0.7071068 9.511282 0
4.1639 Head 0 1.6 0.78 345.15 327.8999 0 -0.124191 -0.2741586 -0.03572864 0.9529623
4.1639 FirstCar -26.13688 0.025 2.97 0 90 0 0 0.7071068 0 0.7071068 9.528406 0
4.1639 SecondCar -58.6563 0.025 2.97 0 90 0 0 0.7071068 0 0.7071068 9.510376 0
4.1643 Head 0 1.6 0.78 345.15 327.8999 0 -0.124191 -0.2741586 -0.03572864 0.9529623
4.1643 FirstCar -26.13326 0.025 2.97 0 90 0 0 0.7071068 0 0.7071068 9.527496 0
4.1643 SecondCar -58.65269 0.025 2.97 0 90 0 0 0.7071068 0 0.7071068 9.509466 0
4.1647 Head 0 1.6 0.78 345.15 327.8999 0 -0.124191 -0.2741586 -0.03572864 0.9529623
4.1647 FirstCar -26.12985 0.025 2.97 0 90 0 0 0.7071068 0 0.7071068 9.526636 0
4.1647 SecondCar -58.64928 0.025 2.97 0 90 0 0 0.7071068 0 0.7071068 9.508606 0
4.1650 Head 0 1.6 0.78 345.15 327.8999 0 -0.124191 -0.2741586 -0.03572864 0.9529623
4.1650 FirstCar -26.12646 0.025 2.97 0 90 0 0 0.7071068 0 0.7071068 9.525782 0
4.1650 SecondCar -58.6459 0.025 2.97 0 90 0 0 0.7071068 0 0.7071068 9.507751 0
4.1658 Head 0 1.6 0.78 345.15 327.8999 0 -0.124191 -0.2741586 -0.03572864 0.9529623
4.1658 FirstCar -26.11935 0.025 2.97 0 90 0 0 0.7071068 0 0.7071068 9.523991 0
4.1658 SecondCar -58.63881 0.025 2.97 0 90 0 0 0.7071068 0 0.7071068 9.50596 0
4.1662 Head 0 1.6 0.78 345.15 327.8999 0 -0.124191 -0.2741586 -0.03572864 0.9529623
4.1662 FirstCar -26.11528 0.025 2.97 0 90 0 0 0.7071068 0 0.7071068 9.522964 0
4.1662 SecondCar -58.63474 0.025 2.97 0 90 0 0 0.7071068 0 0.7071068 9.504934 0
4.1666 Head 0 1.6 0.78 345.15 327.8999 0 -0.124191 -0.2741586 -0.03572864 0.9529623
4.1666 FirstCar -26.11146 0.025 2.97 0 90 0 0 0.7071068 0 0.7071068 9.522001 0
4.1666 SecondCar -58.63092 0.025 2.97 0 90 0 0 0.7071068 0 0.7071068 9.503971 0
4.1670 Head 0 1.6 0.78 345.15 327.8999 0 -0.124191 -0.2741586 -0.03572864 0.9529623
4.1670 FirstCar -26.10765 0.025 2.97 0 90 0 0 0.7071068 0 0.7071068 9.521042 0
4.1670 SecondCar -58.62712 0.025 2.97 0 90 0 0 0.7071068 0 0.7071068 9.503012 0
4.1674 Head 0 1.6 0.78 345.15 327.8999 0 -0.124191 -0.2741586 -0.03572864 0.9529623
4.1674 FirstCar -26.10414 0.025 2.97 0 90 0 0 0.7071068 0 0.7071068 9.520155 0
4.1674 SecondCar -58.62362 0.025 2.97 0 90 0 0 0.7071068 0 0.7071068 9.502125 0
4.1677 Head 0 1.6 0.78 345.15 327.8999 0 -0.124191 -0.2741586 -0.03572864 0.9529623
4.1677 FirstCar -26.10041 0.025 2.97 0 90 0 0 0.7071068 0 0.7071068 9.519216 0
4.1677 SecondCar -58.6199 0.025 2.97 0 90 0 0 0.7071068 0 0.7071068 9.501185 0
4.1681 Head 0 1.6 0.78 345.15 327.8999 0 -0.124191 -0.2741586 -0.03572864 0.9529623
4.1681 FirstCar -26.09707 0.025 2.97 0 90 0 0 0.7071068 0 0.7071068 9.518373 0
4.1681 SecondCar -58.61656 0.025 2.97 0 90 0 0 0.7071068 0 0.7071068 9.500342 0
4.1685 Head 0 1.6 0.78 345.15 327.8999 0 -0.124191 -0.2741586 -0.03572864 0.9529623
4.1685 FirstCar -26.09355 0.025 2.97 0 90 0 0 0.7071068 0 0.7071068 9.517485 0
4.1685 SecondCar -58.61304 0.025 2.97 0 90 0 0 0.7071068 0 0.7071068 9.499454 0
4.1688 Head 0 1.6 0.78 345.15 327.8999 0 -0.124191 -0.2741586 -0.03572864 0.9529623
4.1688 FirstCar -26.09007 0.025 2.97 0 90 0 0 0.7071068 0 0.7071068 9.516608 0
4.1688 SecondCar -58.60958 0.025 2.97 0 90 0 0 0.7071068 0 0.7071068 9.498578 0
4.1692 Head 0 1.6 0.78 345.15 327.8999 0 -0.124191 -0.2741586 -0.03572864 0.9529623
4.1692 FirstCar -26.08661 0.025 2.97 0 90 0 0 0.7071068 0 0.7071068 9.515736 0
4.1692 SecondCar -58.60612 0.025 2.97 0 90 0 0 0.7071068 0 0.7071068 9.497705 0
4.1696 Head 0 1.6 0.78 345.15 327.8999 0 -0.124191 -0.2741586 -0.03572864 0.9529623
4.1696 FirstCar -26.08261 0.025 2.97 0 90 0 0 0.7071068 0 0.7071068 9.514728 0
4.1696 SecondCar -58.60213 0.025 2.97 0 90 0 0 0.7071068 0 0.7071068 9.496697 0
4.1700 Head 0 1.6 0.78 345.15 327.8999 0 -0.124191 -0.2741586 -0.03572864 0.9529623
4.1700 FirstCar -26.0789 0.025 2.97 0 90 0 0 0.7071068 0 0.7071068 9.513791 0
4.1700 SecondCar -58.59843 0.025 2.97 0 90 0 0 0.7071068 0 0.7071068 9.495761 0
4.1704 Head 0 1.6 0.78 345.15 327.8999 0 -0.124191 -0.2741586 -0.03572864 0.9529623
4.1704 FirstCar -26.07517 0.025 2.97 0 90 0 0 0.7071068 0 0.7071068 9.51285 0
4.1704 SecondCar -58.5947 0.025 2.97 0 90 0 0 0.7071068 0 0.7071068 9.49482 0
4.1710 Head 0 1.6 0.78 345.15 327.8999 0 -0.124191 -0.2741586 -0.03572864 0.9529623
4.1710 FirstCar -26.06906 0.025 2.97 0 90 0 0 0.7071068 0 0.7071068 9.511308 0
4.1710 SecondCar -58.5886 0.025 2.97 0 90 0 0 0.7071068 0 0.7071068 9.493278 0
4.1715 Head 0 1.6 0.78 345.15 327.8999 0 -0.124191 -0.2741586 -0.03572864 0.9529623
4.1715 FirstCar -26.06497 0.025 2.97 0 90 0 0 0.7071068 0 0.7071068 9.510276 0
4.1715 SecondCar -58.58452 0.025 2.97 0 90 0 0 0.7071068 0 0.7071068 9.492246 0
4.1718 Head 0 1.6 0.78 345.15 327.8999 0 -0.124191 -0.2741586 -0.03572864 0.9529623
4.1718 FirstCar -26.06143 0.025 2.97 0 90 0 0 0.7071068 0 0.7071068 9.509383 0
4.1718 SecondCar -58.58099 0.025 2.97 0 90 0 0 0.7071068 0 0.7071068 9.491353 0
4.1722 Head 0 1.6 0.78 345.15 327.8999 0 -0.124191 -0.2741586 -0.03572864 0.9529623
4.1722 FirstCar -26.058 0.025 2.97 0 90 0 0 0.7071068 0 0.7071068 9.508517 0
4.1722 SecondCar -58.57756 0.025 2.97 0 90 0 0 0.7071068 0 0.7071068 9.490487 0
4.1727 Head 0 1.6 0.78 345.15 327.8999 0 -0.124191 -0.2741586 -0.03572864 0.9529623
4.1727 FirstCar -26.05372 0.025 2.97 0 90 0 0 0.7071068 0 0.7071068 9.507437 0
4.1727 SecondCar -58.57329 0.025 2.97 0 90 0 0 0.7071068 0 0.7071068 9.489407 0
4.1730 Head 0 1.6 0.78 345.15 327.8999 0 -0.124191 -0.2741586 -0.03572864 0.9529623
4.1730 FirstCar -26.04999 0.025 2.97 0 90 0 0 0.7071068 0 0.7071068 9.506495 0
4.1730 SecondCar -58.56957 0.025 2.97 0 90 0 0 0.7071068 0 0.7071068 9.488465 0
4.1737 Head 0 1.6 0.78 345.15 327.8999 0 -0.124191 -0.2741586 -0.03572864 0.9529623
4.1737 FirstCar -26.04336 0.025 2.97 0 90 0 0 0.7071068 0 0.7071068 9.504822 0
4.1737 SecondCar -58.56295 0.025 2.97 0 90 0 0 0.7071068 0 0.7071068 9.486792 0
4.1741 Head 0 1.6 0.78 345.15 327.8999 0 -0.124191 -0.2741586 -0.03572864 0.9529623
4.1741 FirstCar -26.03951 0.025 2.97 0 90 0 0 0.7071068 0 0.7071068 9.503848 0
4.1741 SecondCar -58.5591 0.025 2.97 0 90 0 0 0.7071068 0 0.7071068 9.485818 0
4.1745 Head 0 1.6 0.78 345.15 327.8999 0 -0.124191 -0.2741586 -0.03572864 0.9529623
4.1745 FirstCar -26.03584 0.025 2.97 0 90 0 0 0.7071068 0 0.7071068 9.502923 0
4.1745 SecondCar -58.55545 0.025 2.97 0 90 0 0 0.7071068 0 0.7071068 9.484893 0
4.1749 Head 0 1.6 0.78 345.15 327.8999 0 -0.124191 -0.2741586 -0.03572864 0.9529623
4.1749 FirstCar -26.03216 0.025 2.97 0 90 0 0 0.7071068 0 0.7071068 9.501992 0
4.1749 SecondCar -58.55177 0.025 2.97 0 90 0 0 0.7071068 0 0.7071068 9.483962 0
4.1753 Head 0 1.6 0.78 345.15 327.8999 0 -0.124191 -0.2741586 -0.03572864 0.9529623
4.1753 FirstCar -26.02874 0.025 2.97 0 90 0 0 0.7071068 0 0.7071068 9.501128 0
4.1753 SecondCar -58.54836 0.025 2.97 0 90 0 0 0.7071068 0 0.7071068 9.483098 0
4.1756 Head 0 1.6 0.78 345.15 327.8999 0 -0.124191 -0.2741586 -0.03572864 0.9529623
4.1756 FirstCar -26.02535 0.025 2.97 0 90 0 0 0.7071068 0 0.7071068 9.500272 0
4.1756 SecondCar -58.54497 0.025 2.97 0 90 0 0 0.7071068 0 0.7071068 9.482242 0
4.1760 Head 0 1.6 0.78 345.15 327.8999 0 -0.124191 -0.2741586 -0.03572864 0.9529623
4.1760 FirstCar -26.02185 0.025 2.97 0 90 0 0 0.7071068 0 0.7071068 9.499389 0
4.1760 SecondCar -58.54148 0.025 2.97 0 90 0 0 0.7071068 0 0.7071068 9.481359 0
4.1764 Head 0 1.6 0.78 345.15 327.8999 0 -0.124191 -0.2741586 -0.03572864 0.9529623
4.1764 FirstCar -26.01831 0.025 2.97 0 90 0 0 0.7071068 0 0.7071068 9.498495 0
4.1764 SecondCar -58.53795 0.025 2.97 0 90 0 0 0.7071068 0 0.7071068 9.480465 0
4.1767 Head 0 1.6 0.78 345.15 327.8999 0 -0.124191 -0.2741586 -0.03572864 0.9529623
4.1767 FirstCar -26.01508 0.025 2.97 0 90 0 0 0.7071068 0 0.7071068 9.497677 0
4.1767 SecondCar -58.53472 0.025 2.97 0 90 0 0 0.7071068 0 0.7071068 9.479647 0
4.1771 Head 0 1.6 0.78 345.15 327.8999 0 -0.124191 -0.2741586 -0.03572864 0.9529623
4.1771 FirstCar -26.01177 0.025 2.97 0 90 0 0 0.7071068 0 0.7071068 9.49684 0
4.1771 SecondCar -58.53142 0.025 2.97 0 90 0 0 0.7071068 0 0.7071068 9.47881 0
4.1774 Head 0 1.6 0.78 345.15 327.8999 0 -0.124191 -0.2741586 -0.03572864 0.9529623
4.1774 FirstCar -26.00827 0.025 2.97 0 90 0 0 0.7071068 0 0.7071068 9.495956 0
4.1774 SecondCar -58.52792 0.025 2.97 0 90 0 0 0.7071068 0 0.7071068 9.477926 0
4.1778 Head 0 1.6 0.78 345.15 327.8999 0 -0.124191 -0.2741586 -0.03572864 0.9529623
4.1778 FirstCar -26.00486 0.025 2.97 0 90 0 0 0.7071068 0 0.7071068 9.495095 0
4.1778 SecondCar -58.52452 0.025 2.97 0 90 0 0 0.7071068 0 0.7071068 9.477065 0
